id,rownum,text,leaf,expanded,measureName,y122020,122020,y122021,122021,y122019,122019,y122024,122024,y122023,122023,y122022,122022,depth,parent_text,oblast,region,flatDic
741885,35648,Всего,false,false,,2445658000,883.0,3743185000,920.0,3307171000,846.0,5596699000,1031.0,2355496000,994.0,4691915000,957.0,0,,ОБЛАСТЬ АБАЙ,КУРЧАТОВ Г.А.,
447173,4725564,"Сельское, лесное и рыбное хозяйство",false,False,,,,,,,,,,,,x,957.0,1,Всего,ОБЛАСТЬ АБАЙ,КУРЧАТОВ Г.А.,0
447268,4725423,Рыболовство и рыбоводство,false,False,,,,,,,,,,,,x,957.0,2,"Сельское, лесное и рыбное хозяйство",ОБЛАСТЬ АБАЙ,КУРЧАТОВ Г.А.,0
447269,4724582,Рыболовство,false,False,,,,,,,,,,,,x,957.0,3,Рыболовство и рыбоводство,ОБЛАСТЬ АБАЙ,КУРЧАТОВ Г.А.,0
447272,4724632,Пресноводное рыболовство,false,False,,,,,,,,,,,,x,957.0,4,Рыболовство,ОБЛАСТЬ АБАЙ,КУРЧАТОВ Г.А.,0
447273,4725004,Пресноводное рыболовство,true,False,,,,,,,,,,,,x,957.0,5,Пресноводное рыболовство,ОБЛАСТЬ АБАЙ,КУРЧАТОВ Г.А.,0
448148,2807706,Строительство,false,False,,x,883.0,,,,,1550000,1031.0,,,456000000,957.0,1,Всего,ОБЛАСТЬ АБАЙ,КУРЧАТОВ Г.А.,0
448157,3877411,Гражданское строительство,false,False,,,,,,,,,,,,250000000,957.0,2,Строительство,ОБЛАСТЬ АБАЙ,КУРЧАТОВ Г.А.,0
448165,3886006,Строительство распределительных инженерных сооружений,false,False,,,,,,,,,,,,250000000,957.0,3,Гражданское строительство,ОБЛАСТЬ АБАЙ,КУРЧАТОВ Г.А.,0
448166,3878025,Строительство трубопроводов,false,False,,,,,,,,,,,,250000000,957.0,4,Строительство распределительных инженерных сооружений,ОБЛАСТЬ АБАЙ,КУРЧАТОВ Г.А.,0
448168,4912923,Строительство трубопроводов для систем водоснабжения и канализации,true,False,,,,,,,,,,,,250000000,957.0,5,Строительство трубопроводов,ОБЛАСТЬ АБАЙ,КУРЧАТОВ Г.А.,0
448177,2807703,Специализированные строительные работы,false,False,,x,883.0,,,,,,,,,x,957.0,2,Строительство,ОБЛАСТЬ АБАЙ,КУРЧАТОВ Г.А.,0
448187,2807700,"Монтаж и установка электрического, водопроводного и прочего оборудования",false,False,,x,883.0,,,,,,,,,,,3,Специализированные строительные работы,ОБЛАСТЬ АБАЙ,КУРЧАТОВ Г.А.,0
448188,2807698,Электромонтажные работы,false,False,,x,883.0,,,,,,,,,,,4,"Монтаж и установка электрического, водопроводного и прочего оборудования",ОБЛАСТЬ АБАЙ,КУРЧАТОВ Г.А.,0
18951435,2807696,Прочие электромонтажные работы,true,False,,x,883.0,,,,,,,,,,,5,Электромонтажные работы,ОБЛАСТЬ АБАЙ,КУРЧАТОВ Г.А.,0
448196,4911538,Отделочные работы,false,False,,,,,,,,,,,,x,957.0,3,Специализированные строительные работы,ОБЛАСТЬ АБАЙ,КУРЧАТОВ Г.А.,0
448205,4914614,Прочие отделочные работы,false,False,,,,,,,,,,,,x,957.0,4,Отделочные работы,ОБЛАСТЬ АБАЙ,КУРЧАТОВ Г.А.,0
448206,4906887,Прочие отделочные работы,true,False,,,,,,,,,,,,x,957.0,5,Прочие отделочные работы,ОБЛАСТЬ АБАЙ,КУРЧАТОВ Г.А.,0
18710963,5194078,Строительство зданий,false,False,,,,,,,,1550000,1031.0,,,,,2,Строительство,ОБЛАСТЬ АБАЙ,КУРЧАТОВ Г.А.,0
18710967,5190444,Строительство жилых и нежилых зданий,false,False,,,,,,,,1550000,1031.0,,,,,3,Строительство зданий,ОБЛАСТЬ АБАЙ,КУРЧАТОВ Г.А.,0
18710968,5219743,Строительство жилых и нежилых зданий,false,False,,,,,,,,1550000,1031.0,,,,,4,Строительство жилых и нежилых зданий,ОБЛАСТЬ АБАЙ,КУРЧАТОВ Г.А.,0
18801543,5872516,"Строительство нежилых зданий, за исключением стационарных торговых объектов категорий 1, 2",true,False,,,,,,,,1550000,1031.0,,,,,5,Строительство жилых и нежилых зданий,ОБЛАСТЬ АБАЙ,КУРЧАТОВ Г.А.,0
448215,651740,Оптовая и розничная торговля; ремонт автомобилей и мотоциклов,false,False,,,,214714000,920.0,x,846.0,548506000,1031.0,,,417261000,957.0,1,Всего,ОБЛАСТЬ АБАЙ,КУРЧАТОВ Г.А.,0
448237,2840805,"Оптовая торговля, за исключением торговли автомобилями и мотоциклами",false,False,,,,x,920.0,,,548506000,1031.0,,,,,2,Оптовая и розничная торговля; ремонт автомобилей и мотоциклов,ОБЛАСТЬ АБАЙ,КУРЧАТОВ Г.А.,0
448371,2840804,Неспециализированная оптовая торговля,false,False,,,,x,920.0,,,548506000,1031.0,,,,,3,"Оптовая торговля, за исключением торговли автомобилями и мотоциклами",ОБЛАСТЬ АБАЙ,КУРЧАТОВ Г.А.,0
448372,2840803,Неспециализированная оптовая торговля,false,False,,,,x,920.0,,,548506000,1031.0,,,,,4,Неспециализированная оптовая торговля,ОБЛАСТЬ АБАЙ,КУРЧАТОВ Г.А.,0
448376,2840802,Оптовая торговля широким ассортиментом товаров без какой-либо конкретизации,true,False,,,,x,920.0,,,548506000,1031.0,,,,,5,Неспециализированная оптовая торговля,ОБЛАСТЬ АБАЙ,КУРЧАТОВ Г.А.,0
448377,641550,"Розничная торговля, кроме торговли автомобилями и мотоциклами",false,False,,,,109922000,920.0,x,846.0,,,,,417261000,957.0,2,Оптовая и розничная торговля; ремонт автомобилей и мотоциклов,ОБЛАСТЬ АБАЙ,КУРЧАТОВ Г.А.,0
448383,3339744,"Розничная торговля продуктами питания, напитками и табачными изделиями в специализированных магазинах",false,False,,,,9430000,920.0,,,,,,,,,3,"Розничная торговля, кроме торговли автомобилями и мотоциклами",ОБЛАСТЬ АБАЙ,КУРЧАТОВ Г.А.,0
448397,3349720,Прочая розничная торговля продуктами питания в специализированных магазинах,false,False,,,,9430000,920.0,,,,,,,,,4,"Розничная торговля продуктами питания, напитками и табачными изделиями в специализированных магазинах",ОБЛАСТЬ АБАЙ,КУРЧАТОВ Г.А.,0
3647950,3347984,"Прочая розничная торговля продуктами питания в специализированных магазинах, являющихся торговыми объектами, с торговой площадью менее 2000 кв.м",true,False,,,,9430000,920.0,,,,,,,,,5,Прочая розничная торговля продуктами питания в специализированных магазинах,ОБЛАСТЬ АБАЙ,КУРЧАТОВ Г.А.,0
448399,4021138,Розничная торговля топливом в специализированных магазинах,false,False,,,,50492000,920.0,,,,,,,200000000,957.0,3,"Розничная торговля, кроме торговли автомобилями и мотоциклами",ОБЛАСТЬ АБАЙ,КУРЧАТОВ Г.А.,0
448400,4022324,Розничная торговля топливом в специализированных магазинах,false,False,,,,50492000,920.0,,,,,,,200000000,957.0,4,Розничная торговля топливом в специализированных магазинах,ОБЛАСТЬ АБАЙ,КУРЧАТОВ Г.А.,0
20576124,4039955,"Розничная торговля моторным топливом в специализированных магазинах, за исключением находящихся на придорожной полосе",true,False,,,,50492000,920.0,,,,,,,200000000,957.0,5,Розничная торговля топливом в специализированных магазинах,ОБЛАСТЬ АБАЙ,КУРЧАТОВ Г.А.,0
448409,4400163,Розничная торговля прочими бытовыми товарами в специализированных магазинах ,false,False,,,,,,,,,,,,x,957.0,3,"Розничная торговля, кроме торговли автомобилями и мотоциклами",ОБЛАСТЬ АБАЙ,КУРЧАТОВ Г.А.,0
448416,4398361,Розничная торговля электрическими бытовыми приборами в специализированных магазинах,false,False,,,,,,,,,,,,x,957.0,4,Розничная торговля прочими бытовыми товарами в специализированных магазинах ,ОБЛАСТЬ АБАЙ,КУРЧАТОВ Г.А.,0
3647962,4400620,"Розничная торговля электрическими бытовыми приборами в специализированных магазинах, являющихся торговыми объектами, с торговой площадью менее 2000 кв.м",true,False,,,,,,,,,,,,x,957.0,5,Розничная торговля электрическими бытовыми приборами в специализированных магазинах,ОБЛАСТЬ АБАЙ,КУРЧАТОВ Г.А.,0
448433,1338160,Розничная торговля прочими товарами в специализированных магазинах,false,False,,,,50000000,920.0,x,846.0,,,,,x,957.0,3,"Розничная торговля, кроме торговли автомобилями и мотоциклами",ОБЛАСТЬ АБАЙ,КУРЧАТОВ Г.А.,0
448440,1311296,Розничная торговля фармацевтическими товарами в специализированных магазинах,false,False,,,,50000000,920.0,x,846.0,,,,,x,957.0,4,Розничная торговля прочими товарами в специализированных магазинах,ОБЛАСТЬ АБАЙ,КУРЧАТОВ Г.А.,0
3647981,1363346,"Розничная торговля фармацевтическими товарами в специализированных магазинах, являющихся торговыми объектами, с торговой площадью менее 2000 кв.м",true,False,,,,50000000,920.0,x,846.0,,,,,x,957.0,5,Розничная торговля фармацевтическими товарами в специализированных магазинах,ОБЛАСТЬ АБАЙ,КУРЧАТОВ Г.А.,0
448475,204770,Транспорт и складирование,false,False,,178162000,883.0,1089726000,920.0,328768000,846.0,2213217000,1031.0,508889000,994.0,507927000,957.0,1,Всего,ОБЛАСТЬ АБАЙ,КУРЧАТОВ Г.А.,0
448527,204767,Складирование грузов и вспомогательная транспортная деятельность,false,False,,178162000,883.0,1089726000,920.0,328768000,846.0,2213217000,1031.0,508889000,994.0,507927000,957.0,2,Транспорт и складирование,ОБЛАСТЬ АБАЙ,КУРЧАТОВ Г.А.,0
448533,204764,Вспомогательная транспортная деятельность,false,False,,178162000,883.0,1089726000,920.0,328768000,846.0,2213217000,1031.0,508889000,994.0,507927000,957.0,3,Складирование грузов и вспомогательная транспортная деятельность,ОБЛАСТЬ АБАЙ,КУРЧАТОВ Г.А.,0
448534,204761,Вспомогательная деятельность сухопутного транспорта,false,False,,178162000,883.0,1089726000,920.0,328768000,846.0,2213217000,1031.0,508889000,994.0,507927000,957.0,4,Вспомогательная транспортная деятельность,ОБЛАСТЬ АБАЙ,КУРЧАТОВ Г.А.,0
448535,204758,Эксплуатация железных дорог,true,False,,175662000,883.0,1089226000,920.0,319268000,846.0,1648617000,1031.0,508889000,994.0,507927000,957.0,5,Вспомогательная деятельность сухопутного транспорта,ОБЛАСТЬ АБАЙ,КУРЧАТОВ Г.А.,0
448536,6007604,Эксплуатация автомобильных дорог,true,False,,,,,,,,536950000,1031.0,,,,,5,Вспомогательная деятельность сухопутного транспорта,ОБЛАСТЬ АБАЙ,КУРЧАТОВ Г.А.,0
448538,377886,Деятельность автомобильных стоянок,true,False,,2500000,883.0,500000,920.0,9500000,846.0,27650000,1031.0,,,,,5,Вспомогательная деятельность сухопутного транспорта,ОБЛАСТЬ АБАЙ,КУРЧАТОВ Г.А.,0
448558,631985,Предоставление услуг по проживанию и питанию,false,False,,,,,,x,846.0,,,30000000,994.0,,,1,Всего,ОБЛАСТЬ АБАЙ,КУРЧАТОВ Г.А.,0
3783427,678904,Предоставление услуг по временному проживанию,false,False,,,,,,x,846.0,,,30000000,994.0,,,2,Предоставление услуг по проживанию и питанию,ОБЛАСТЬ АБАЙ,КУРЧАТОВ Г.А.,0
3783428,1384121,Предоставление услуг гостиницами и аналогичными местами для проживания,false,False,,,,,,x,846.0,,,30000000,994.0,,,3,Предоставление услуг по временному проживанию,ОБЛАСТЬ АБАЙ,КУРЧАТОВ Г.А.,0
3783429,1330704,Предоставление услуг гостиницами и аналогичными местами для проживания,false,False,,,,,,x,846.0,,,30000000,994.0,,,4,Предоставление услуг гостиницами и аналогичными местами для проживания,ОБЛАСТЬ АБАЙ,КУРЧАТОВ Г.А.,0
3783430,1387551,"Предоставление услуг гостиницами с ресторанами, за исключением гостиниц, находящихся на придорожной полосе",true,False,,,,,,x,846.0,,,,,,,5,Предоставление услуг гостиницами и аналогичными местами для проживания,ОБЛАСТЬ АБАЙ,КУРЧАТОВ Г.А.,0
3783431,5232611,"Предоставление услуг гостиницами без ресторанов, за исключением гостиниц, находящихся на придорожной полосе",true,False,,,,,,,,,,30000000,994.0,,,5,Предоставление услуг гостиницами и аналогичными местами для проживания,ОБЛАСТЬ АБАЙ,КУРЧАТОВ Г.А.,0
448585,4755403,Информация и связь,false,False,,,,,,,,,,,,112116000,957.0,1,Всего,ОБЛАСТЬ АБАЙ,КУРЧАТОВ Г.А.,0
448623,4755021,Телекоммуникации,false,False,,,,,,,,,,,,112116000,957.0,2,Информация и связь,ОБЛАСТЬ АБАЙ,КУРЧАТОВ Г.А.,0
448627,4756900,Беспроводная телекоммуникационная связь,false,False,,,,,,,,,,,,112116000,957.0,3,Телекоммуникации,ОБЛАСТЬ АБАЙ,КУРЧАТОВ Г.А.,0
448628,4756573,Беспроводная телекоммуникационная связь,false,False,,,,,,,,,,,,112116000,957.0,4,Беспроводная телекоммуникационная связь,ОБЛАСТЬ АБАЙ,КУРЧАТОВ Г.А.,0
18946148,5097365,"Организация вещания теле-, радиопрограмм посредством сети национального оператора телерадиовещания",true,False,,,,,,,,,,,,57969000,957.0,5,Беспроводная телекоммуникационная связь,ОБЛАСТЬ АБАЙ,КУРЧАТОВ Г.А.,0
18946149,4753591,Прочая беспроводная телекоммуникационная связь,true,False,,,,,,,,,,,,54147000,957.0,5,Беспроводная телекоммуникационная связь,ОБЛАСТЬ АБАЙ,КУРЧАТОВ Г.А.,0
448658,4425212,Финансовая и страховая деятельность,false,False,,,,,,,,,,,,90000000,957.0,1,Всего,ОБЛАСТЬ АБАЙ,КУРЧАТОВ Г.А.,0
448659,4423155,"Финансовое посредничество, кроме страхования и пенсионного обеспечения",false,False,,,,,,,,,,,,90000000,957.0,2,Финансовая и страховая деятельность,ОБЛАСТЬ АБАЙ,КУРЧАТОВ Г.А.,0
448673,4423241,"Прочее финансовое посредничество, кроме страхования и пенсионного обеспечения",false,False,,,,,,,,,,,,90000000,957.0,3,"Финансовое посредничество, кроме страхования и пенсионного обеспечения",ОБЛАСТЬ АБАЙ,КУРЧАТОВ Г.А.,0
448676,4425491,Прочие виды кредитования,false,False,,,,,,,,,,,,90000000,957.0,4,"Прочее финансовое посредничество, кроме страхования и пенсионного обеспечения",ОБЛАСТЬ АБАЙ,КУРЧАТОВ Г.А.,0
448678,4423477,"Прочие виды кредитования, не включенные в другие группировки",true,False,,,,,,,,,,,,90000000,957.0,5,Прочие виды кредитования,ОБЛАСТЬ АБАЙ,КУРЧАТОВ Г.А.,0
448714,620457,Операции с недвижимым имуществом,false,False,,501887000,883.0,641198000,920.0,x,846.0,357969000,1031.0,,,233514000,957.0,1,Всего,ОБЛАСТЬ АБАЙ,КУРЧАТОВ Г.А.,0
448715,654957,Операции с недвижимым имуществом,false,False,,501887000,883.0,641198000,920.0,x,846.0,357969000,1031.0,,,233514000,957.0,2,Операции с недвижимым имуществом,ОБЛАСТЬ АБАЙ,КУРЧАТОВ Г.А.,0
448716,2807690,Покупка и продажа собственного недвижимого имущества ,false,False,,11887000,883.0,41198000,920.0,,,353444000,1031.0,,,233514000,957.0,3,Операции с недвижимым имуществом,ОБЛАСТЬ АБАЙ,КУРЧАТОВ Г.А.,0
448717,2807687,Покупка и продажа собственного недвижимого имущества ,false,False,,11887000,883.0,41198000,920.0,,,353444000,1031.0,,,233514000,957.0,4,Покупка и продажа собственного недвижимого имущества ,ОБЛАСТЬ АБАЙ,КУРЧАТОВ Г.А.,0
543091,2807668,Покупка и продажа многоквартирных и жилых домов (особняков),true,False,,11887000,883.0,41198000,920.0,,,353444000,1031.0,,,233514000,957.0,5,Покупка и продажа собственного недвижимого имущества ,ОБЛАСТЬ АБАЙ,КУРЧАТОВ Г.А.,0
448719,1267869,Аренда и управление собственной или арендуемой недвижимостью,false,False,,x,883.0,600000000,920.0,x,846.0,x,1031.0,,,,,3,Операции с недвижимым имуществом,ОБЛАСТЬ АБАЙ,КУРЧАТОВ Г.А.,0
448720,1398010,Аренда и управление собственной или арендуемой недвижимостью,false,False,,x,883.0,600000000,920.0,x,846.0,x,1031.0,,,,,4,Аренда и управление собственной или арендуемой недвижимостью,ОБЛАСТЬ АБАЙ,КУРЧАТОВ Г.А.,0
18951451,1399854,Аренда (субаренда) и эксплуатация арендуемой недвижимости,true,False,,x,883.0,600000000,920.0,x,846.0,,,,,,,5,Аренда и управление собственной или арендуемой недвижимостью,ОБЛАСТЬ АБАЙ,КУРЧАТОВ Г.А.,0
77264172,5817733,"Аренда (субаренда) и управление собственными или арендованными бизнес-центром, офисными помещениями, административным зданием",true,False,,,,,,,,x,1031.0,,,,,5,Аренда и управление собственной или арендуемой недвижимостью,ОБЛАСТЬ АБАЙ,КУРЧАТОВ Г.А.,0
448728,35636,"Профессиональная, научная и техническая деятельность",false,False,,734155000,883.0,1285367000,920.0,575062000,846.0,1290656000,1031.0,739822000,994.0,793231000,957.0,1,Всего,ОБЛАСТЬ АБАЙ,КУРЧАТОВ Г.А.,0
448747,3350067,"Деятельность в области архитектуры, инженерных изысканий, технических испытаний и анализа",false,False,,,,400000000,920.0,,,,,,,x,957.0,2,"Профессиональная, научная и техническая деятельность",ОБЛАСТЬ АБАЙ,КУРЧАТОВ Г.А.,0
448748,3352559,"Деятельность в области архитектуры, инженерных изысканий и предоставление технических консультаций в этих областях",false,False,,,,400000000,920.0,,,,,,,x,957.0,3,"Деятельность в области архитектуры, инженерных изысканий, технических испытаний и анализа",ОБЛАСТЬ АБАЙ,КУРЧАТОВ Г.А.,0
448749,4817413,Деятельность в области архитектуры,false,False,,,,,,,,,,,,x,957.0,4,"Деятельность в области архитектуры, инженерных изысканий и предоставление технических консультаций в этих областях",ОБЛАСТЬ АБАЙ,КУРЧАТОВ Г.А.,0
18951462,4819271,"Деятельность в области архитектуры, за исключением объектов атомной промышленности и атомной энергетики  ",true,False,,,,,,,,,,,,x,957.0,5,Деятельность в области архитектуры,ОБЛАСТЬ АБАЙ,КУРЧАТОВ Г.А.,0
448751,3348272,Деятельность в области инженерных изысканий и предоставление технических консультаций в этой области,false,False,,,,400000000,920.0,,,,,,,,,4,"Деятельность в области архитектуры, инженерных изысканий и предоставление технических консультаций в этих областях",ОБЛАСТЬ АБАЙ,КУРЧАТОВ Г.А.,0
448753,3344967,Деятельность по проведению геологической разведки и изысканий (без научных исследований и разработок),true,False,,,,400000000,920.0,,,,,,,,,5,Деятельность в области инженерных изысканий и предоставление технических консультаций в этой области,ОБЛАСТЬ АБАЙ,КУРЧАТОВ Г.А.,0
448761,35634,Научные исследования и разработки,false,False,,734155000,883.0,885367000,920.0,575062000,846.0,1290656000,1031.0,739822000,994.0,593231000,957.0,2,"Профессиональная, научная и техническая деятельность",ОБЛАСТЬ АБАЙ,КУРЧАТОВ Г.А.,0
448762,120611,Научные исследования и экспериментальные разработки в области естественных и технических наук ,false,False,,734155000,883.0,885367000,920.0,575062000,846.0,1290656000,1031.0,739822000,994.0,593231000,957.0,3,Научные исследования и разработки,ОБЛАСТЬ АБАЙ,КУРЧАТОВ Г.А.,0
448765,120609,Прочие научные исследования и экспериментальные разработки в области естественных и технических наук ,false,False,,734155000,883.0,885367000,920.0,575062000,846.0,1290656000,1031.0,739822000,994.0,593231000,957.0,4,Научные исследования и экспериментальные разработки в области естественных и технических наук ,ОБЛАСТЬ АБАЙ,КУРЧАТОВ Г.А.,0
18946185,4916723,Исследования и экспериментальные разработки в области мирного использования атомной энергии,true,False,,,,,,,,,,,,x,957.0,5,Прочие научные исследования и экспериментальные разработки в области естественных и технических наук ,ОБЛАСТЬ АБАЙ,КУРЧАТОВ Г.А.,0
18946187,120607,Прочие исследования и разработки в области естественных и технических наук,true,False,,734155000,883.0,885367000,920.0,575062000,846.0,1290656000,1031.0,739822000,994.0,580972000,957.0,5,Прочие научные исследования и экспериментальные разработки в области естественных и технических наук ,ОБЛАСТЬ АБАЙ,КУРЧАТОВ Г.А.,0
448797,5884002,Деятельность в области административного и вспомогательного обслуживания,false,False,,,,,,,,278340000,1031.0,,,,,1,Всего,ОБЛАСТЬ АБАЙ,КУРЧАТОВ Г.А.,0
448798,5885021,"Аренда, прокат и лизинг",false,False,,,,,,,,278340000,1031.0,,,,,2,Деятельность в области административного и вспомогательного обслуживания,ОБЛАСТЬ АБАЙ,КУРЧАТОВ Г.А.,0
448811,5883703,"Аренда и лизинг прочих машин, оборудования и материальных активов",false,False,,,,,,,,278340000,1031.0,,,,,3,"Аренда, прокат и лизинг",ОБЛАСТЬ АБАЙ,КУРЧАТОВ Г.А.,0
448814,5885181,Аренда и лизинг строительных машин и оборудования ,false,False,,,,,,,,278340000,1031.0,,,,,4,"Аренда и лизинг прочих машин, оборудования и материальных активов",ОБЛАСТЬ АБАЙ,КУРЧАТОВ Г.А.,0
543081,5885531,Аренда строительных машин и оборудования ,true,False,,,,,,,,278340000,1031.0,,,,,5,Аренда и лизинг строительных машин и оборудования ,ОБЛАСТЬ АБАЙ,КУРЧАТОВ Г.А.,0
448889,5194117,Государственное управление и оборона; обязательное  социальное обеспечение,false,False,,,,,,,,100000,1031.0,x,994.0,,,1,Всего,ОБЛАСТЬ АБАЙ,КУРЧАТОВ Г.А.,0
448890,5193775,Государственное управление и оборона; обязательное социальное обеспечение,false,False,,,,,,,,100000,1031.0,x,994.0,,,2,Государственное управление и оборона; обязательное  социальное обеспечение,ОБЛАСТЬ АБАЙ,КУРЧАТОВ Г.А.,0
448891,5946894,Государственное управление общего характера и управление социально-экономическое политикой общества,false,False,,,,,,,,100000,1031.0,,,,,3,Государственное управление и оборона; обязательное социальное обеспечение,ОБЛАСТЬ АБАЙ,КУРЧАТОВ Г.А.,0
448892,5947434,Государственное управление общего характера,false,False,,,,,,,,100000,1031.0,,,,,4,Государственное управление общего характера и управление социально-экономическое политикой общества,ОБЛАСТЬ АБАЙ,КУРЧАТОВ Г.А.,0
448895,5948830,Деятельность местных органов управления,true,False,,,,,,,,100000,1031.0,,,,,5,Государственное управление общего характера,ОБЛАСТЬ АБАЙ,КУРЧАТОВ Г.А.,0
448904,5190919,Предоставление государством услуг обществу в целом,false,False,,,,,,,,,,x,994.0,,,3,Государственное управление и оборона; обязательное социальное обеспечение,ОБЛАСТЬ АБАЙ,КУРЧАТОВ Г.А.,0
448907,5222286,Оборонная деятельность,false,False,,,,,,,,,,x,994.0,,,4,Предоставление государством услуг обществу в целом,ОБЛАСТЬ АБАЙ,КУРЧАТОВ Г.А.,0
448908,5216363,Оборонная деятельность,true,False,,,,,,,,,,x,994.0,,,5,Оборонная деятельность,ОБЛАСТЬ АБАЙ,КУРЧАТОВ Г.А.,0
448918,204750,Образование,false,False,,x,883.0,x,920.0,x,846.0,29444000,1031.0,23440000,994.0,150176000,957.0,1,Всего,ОБЛАСТЬ АБАЙ,КУРЧАТОВ Г.А.,0
448919,204748,Образование,false,False,,x,883.0,x,920.0,x,846.0,29444000,1031.0,23440000,994.0,150176000,957.0,2,Образование,ОБЛАСТЬ АБАЙ,КУРЧАТОВ Г.А.,0
448920,5188821,Дошкольное образование,false,False,,,,,,,,,,,,x,957.0,3,Образование,ОБЛАСТЬ АБАЙ,КУРЧАТОВ Г.А.,0
448921,5188799,Дошкольное образование,false,False,,,,,,,,,,,,x,957.0,4,Дошкольное образование,ОБЛАСТЬ АБАЙ,КУРЧАТОВ Г.А.,0
448922,5188804,Дошкольное образование,true,False,,,,,,,,,,,,x,957.0,5,Дошкольное образование,ОБЛАСТЬ АБАЙ,КУРЧАТОВ Г.А.,0
448926,5391123,Среднее образование (2-й и 3-й уровни),false,False,,,,,,,,29444000,1031.0,23440000,994.0,,,3,Образование,ОБЛАСТЬ АБАЙ,КУРЧАТОВ Г.А.,0
448927,5420735,Основное и общее среднее образование,false,False,,,,,,,,29444000,1031.0,23440000,994.0,,,4,Среднее образование (2-й и 3-й уровни),ОБЛАСТЬ АБАЙ,КУРЧАТОВ Г.А.,0
448928,5416450,Основное и общее среднее образование,true,False,,,,,,,,29444000,1031.0,23440000,994.0,,,5,Основное и общее среднее образование,ОБЛАСТЬ АБАЙ,КУРЧАТОВ Г.А.,0
448937,204746,Прочие виды образования,false,False,,x,883.0,x,920.0,x,846.0,,,,,x,957.0,3,Образование,ОБЛАСТЬ АБАЙ,КУРЧАТОВ Г.А.,0
448940,204744,Образование в области культуры,false,False,,x,883.0,x,920.0,x,846.0,,,,,x,957.0,4,Прочие виды образования,ОБЛАСТЬ АБАЙ,КУРЧАТОВ Г.А.,0
448941,204742,Образование в области культуры,true,False,,x,883.0,x,920.0,x,846.0,,,,,x,957.0,5,Образование в области культуры,ОБЛАСТЬ АБАЙ,КУРЧАТОВ Г.А.,0
448950,309803,Здравоохранение и социальное обслуживание населения,false,False,,17000000,883.0,14039000,920.0,25000000,846.0,121604000,1031.0,,,,,1,Всего,ОБЛАСТЬ АБАЙ,КУРЧАТОВ Г.А.,0
448951,3252092,Деятельность в области здравоохранения,false,False,,,,14039000,920.0,,,121604000,1031.0,,,,,2,Здравоохранение и социальное обслуживание населения,ОБЛАСТЬ АБАЙ,КУРЧАТОВ Г.А.,0
448952,3251811,Деятельность больничных организаций,false,False,,,,14039000,920.0,,,121604000,1031.0,,,,,3,Деятельность в области здравоохранения,ОБЛАСТЬ АБАЙ,КУРЧАТОВ Г.А.,0
448953,3251694,Деятельность больничных организаций,false,False,,,,14039000,920.0,,,121604000,1031.0,,,,,4,Деятельность больничных организаций,ОБЛАСТЬ АБАЙ,КУРЧАТОВ Г.А.,0
448954,3250565,Деятельность больниц широкого профиля и специализированных больниц,true,False,,,,14039000,920.0,,,121604000,1031.0,,,,,5,Деятельность больничных организаций,ОБЛАСТЬ АБАЙ,КУРЧАТОВ Г.А.,0
448982,309800,Деятельность в области социального обслуживания населения без обеспечения проживания ,false,False,,17000000,883.0,,,25000000,846.0,,,,,,,2,Здравоохранение и социальное обслуживание населения,ОБЛАСТЬ АБАЙ,КУРЧАТОВ Г.А.,0
448986,309798,Предоставление прочих социальных услуг без обеспечения проживания,false,False,,17000000,883.0,,,25000000,846.0,,,,,,,3,Деятельность в области социального обслуживания населения без обеспечения проживания ,ОБЛАСТЬ АБАЙ,КУРЧАТОВ Г.А.,0
448987,309796,Дневной уход за детьми,false,False,,17000000,883.0,,,25000000,846.0,,,,,,,4,Предоставление прочих социальных услуг без обеспечения проживания,ОБЛАСТЬ АБАЙ,КУРЧАТОВ Г.А.,0
448988,309794,Дневной уход за детьми,true,False,,17000000,883.0,,,25000000,846.0,,,,,,,5,Дневной уход за детьми,ОБЛАСТЬ АБАЙ,КУРЧАТОВ Г.А.,0
448991,4101700,"Искусство, развлечения и отдых",false,False,,,,,,,,49999000,1031.0,,,,,1,Всего,ОБЛАСТЬ АБАЙ,КУРЧАТОВ Г.А.,0
449022,4101782,"Деятельность в области спорта, организации отдыха и развлечений",false,False,,,,,,,,49999000,1031.0,,,,,2,"Искусство, развлечения и отдых",ОБЛАСТЬ АБАЙ,КУРЧАТОВ Г.А.,0
449023,4101376,Деятельность в области спорта,false,False,,,,,,,,49999000,1031.0,,,,,3,"Деятельность в области спорта, организации отдыха и развлечений",ОБЛАСТЬ АБАЙ,КУРЧАТОВ Г.А.,0
449024,4101059,Эксплуатация спортивных сооружений,false,False,,,,,,,,49999000,1031.0,,,,,4,Деятельность в области спорта,ОБЛАСТЬ АБАЙ,КУРЧАТОВ Г.А.,0
449025,4107631,Эксплуатация спортивных сооружений,true,False,,,,,,,,49999000,1031.0,,,,,5,Эксплуатация спортивных сооружений,ОБЛАСТЬ АБАЙ,КУРЧАТОВ Г.А.,0
449040,4725394,Предоставление прочих видов услуг,false,False,,,,,,,,1500000,1031.0,,,x,957.0,1,Всего,ОБЛАСТЬ АБАЙ,КУРЧАТОВ Г.А.,0
449041,4724695,Деятельность общественных объединений (организаций),false,False,,,,,,,,,,,,x,957.0,2,Предоставление прочих видов услуг,ОБЛАСТЬ АБАЙ,КУРЧАТОВ Г.А.,0
449050,4723322,Деятельность прочих общественных  объединений,false,False,,,,,,,,,,,,x,957.0,3,Деятельность общественных объединений (организаций),ОБЛАСТЬ АБАЙ,КУРЧАТОВ Г.А.,0
449051,4725538,Деятельность религиозных организаций,false,False,,,,,,,,,,,,x,957.0,4,Деятельность прочих общественных  объединений,ОБЛАСТЬ АБАЙ,КУРЧАТОВ Г.А.,0
449052,4725615,Деятельность религиозных организаций,true,False,,,,,,,,,,,,x,957.0,5,Деятельность религиозных организаций,ОБЛАСТЬ АБАЙ,КУРЧАТОВ Г.А.,0
449084,5819497,Предоставление прочих индивидуальных услуг,false,False,,,,,,,,1500000,1031.0,,,,,2,Предоставление прочих видов услуг,ОБЛАСТЬ АБАЙ,КУРЧАТОВ Г.А.,0
449085,5817330,Предоставление прочих индивидуальных услуг,false,False,,,,,,,,1500000,1031.0,,,,,3,Предоставление прочих индивидуальных услуг,ОБЛАСТЬ АБАЙ,КУРЧАТОВ Г.А.,0
449089,5818825,Предоставление услуг парикмахерскими и салонами красоты,false,False,,,,,,,,1500000,1031.0,,,,,4,Предоставление прочих индивидуальных услуг,ОБЛАСТЬ АБАЙ,КУРЧАТОВ Г.А.,0
449090,5819022,Предоставление услуг парикмахерскими и салонами красоты,true,False,,,,,,,,1500000,1031.0,,,,,5,Предоставление услуг парикмахерскими и салонами красоты,ОБЛАСТЬ АБАЙ,КУРЧАТОВ Г.А.,0
741340,35645,Промышленность,false,False,,852384000,883.0,497019000,920.0,1799560000,846.0,703814000,1031.0,634809000,994.0,1476690000,957.0,1,Всего,ОБЛАСТЬ АБАЙ,КУРЧАТОВ Г.А.,0
447279,120756,Горнодобывающая промышленность и разработка карьеров,false,False,,x,883.0,x,920.0,60871000,846.0,132431000,1031.0,x,994.0,x,957.0,2,Промышленность,ОБЛАСТЬ АБАЙ,КУРЧАТОВ Г.А.,0
447298,1359562,Добыча металлических руд,false,False,,,,,,x,846.0,x,1031.0,,,,,3,Горнодобывающая промышленность и разработка карьеров,ОБЛАСТЬ АБАЙ,КУРЧАТОВ Г.А.,0
447303,1365882,"Добыча руд, кроме железных ",false,False,,,,,,x,846.0,x,1031.0,,,,,4,Добыча металлических руд,ОБЛАСТЬ АБАЙ,КУРЧАТОВ Г.А.,0
447306,1333158,Добыча прочих металлических руд,false,False,,,,,,x,846.0,x,1031.0,,,,,5,"Добыча руд, кроме железных ",ОБЛАСТЬ АБАЙ,КУРЧАТОВ Г.А.,0
447314,1351801,Добыча драгоценных металлов и руд редких металлов,true,False,,,,,,x,846.0,x,1031.0,,,,,6,Добыча прочих металлических руд,ОБЛАСТЬ АБАЙ,КУРЧАТОВ Г.А.,0
447316,120753,Добыча прочих полезных ископаемых,false,False,,x,883.0,x,920.0,x,846.0,x,1031.0,x,994.0,x,957.0,3,Горнодобывающая промышленность и разработка карьеров,ОБЛАСТЬ АБАЙ,КУРЧАТОВ Г.А.,0
447325,120750,"Добыча полезных ископаемых, не включенных в другие группировки",false,False,,x,883.0,x,920.0,x,846.0,x,1031.0,x,994.0,x,957.0,4,Добыча прочих полезных ископаемых,ОБЛАСТЬ АБАЙ,КУРЧАТОВ Г.А.,0
447326,120618,Добыча минерального сырья для химической промышленности и производства удобрений,false,False,,x,883.0,x,920.0,x,846.0,x,1031.0,x,994.0,x,957.0,5,"Добыча полезных ископаемых, не включенных в другие группировки",ОБЛАСТЬ АБАЙ,КУРЧАТОВ Г.А.,0
447327,120614,Добыча минерального сырья для химической промышленности и производства удобрений,true,False,,x,883.0,x,920.0,x,846.0,x,1031.0,x,994.0,x,957.0,6,Добыча минерального сырья для химической промышленности и производства удобрений,ОБЛАСТЬ АБАЙ,КУРЧАТОВ Г.А.,0
447346,646766,Обрабатывающая промышленность,false,False,,95565000,883.0,228577000,920.0,15000000,846.0,x,1031.0,537990000,994.0,612922000,957.0,2,Промышленность,ОБЛАСТЬ АБАЙ,КУРЧАТОВ Г.А.,0
447572,3981664,Производство продуктов химической промышленности,false,False,,,,13372000,920.0,,,,,,,,,3,Обрабатывающая промышленность,ОБЛАСТЬ АБАЙ,КУРЧАТОВ Г.А.,0
447573,3980927,"Производство основных химических веществ, удобрений и азотных соединений, пластмасс и синтетического каучука в первичных формах",false,False,,,,13372000,920.0,,,,,,,,,4,Производство продуктов химической промышленности,ОБЛАСТЬ АБАЙ,КУРЧАТОВ Г.А.,0
447574,3980408,Производство промышленных газов,false,False,,,,13372000,920.0,,,,,,,,,5,"Производство основных химических веществ, удобрений и азотных соединений, пластмасс и синтетического каучука в первичных формах",ОБЛАСТЬ АБАЙ,КУРЧАТОВ Г.А.,0
447575,3983391,Производство промышленных газов,true,False,,,,13372000,920.0,,,,,,,,,6,Производство промышленных газов,ОБЛАСТЬ АБАЙ,КУРЧАТОВ Г.А.,0
447717,4399335,Металлургическое производство,false,False,,,,,,,,x,1031.0,x,994.0,x,957.0,3,Обрабатывающая промышленность,ОБЛАСТЬ АБАЙ,КУРЧАТОВ Г.А.,0
447733,4398844,Производство основных благородных и цветных металлов,false,False,,,,,,,,x,1031.0,x,994.0,x,957.0,4,Металлургическое производство,ОБЛАСТЬ АБАЙ,КУРЧАТОВ Г.А.,0
447734,4415673,Производство благородных (драгоценных) металлов,false,False,,,,,,,,x,1031.0,x,994.0,x,957.0,5,Производство основных благородных и цветных металлов,ОБЛАСТЬ АБАЙ,КУРЧАТОВ Г.А.,0
447735,4399835,Производство благородных (драгоценных) металлов,true,False,,,,,,,,x,1031.0,x,994.0,x,957.0,6,Производство благородных (драгоценных) металлов,ОБЛАСТЬ АБАЙ,КУРЧАТОВ Г.А.,0
447760,1326307,"Производство готовых металлических изделий, кроме машин и оборудования",false,False,,95000000,883.0,200000000,920.0,15000000,846.0,,,,,,,3,Обрабатывающая промышленность,ОБЛАСТЬ АБАЙ,КУРЧАТОВ Г.А.,0
447769,4156139,"Производство металлических цистерн, резервуаров и контейнеров",false,False,,,,200000000,920.0,,,,,,,,,4,"Производство готовых металлических изделий, кроме машин и оборудования",ОБЛАСТЬ АБАЙ,КУРЧАТОВ Г.А.,0
447770,4154931,Производство радиаторов и котлов центрального отопления,false,False,,,,200000000,920.0,,,,,,,,,5,"Производство металлических цистерн, резервуаров и контейнеров",ОБЛАСТЬ АБАЙ,КУРЧАТОВ Г.А.,0
447771,4154148,Производство радиаторов и котлов центрального отопления,true,False,,,,200000000,920.0,,,,,,,,,6,Производство радиаторов и котлов центрального отопления,ОБЛАСТЬ АБАЙ,КУРЧАТОВ Г.А.,0
447797,1354734,Производство прочих готовых металлических изделий,false,False,,95000000,883.0,,,15000000,846.0,,,,,,,4,"Производство готовых металлических изделий, кроме машин и оборудования",ОБЛАСТЬ АБАЙ,КУРЧАТОВ Г.А.,0
447798,1359601,Производство металлических бочек и аналогичных емкостей,false,False,,95000000,883.0,,,15000000,846.0,,,,,,,5,Производство прочих готовых металлических изделий,ОБЛАСТЬ АБАЙ,КУРЧАТОВ Г.А.,0
447799,1384545,Производство металлических бочек и аналогичных емкостей,true,False,,95000000,883.0,,,15000000,846.0,,,,,,,6,Производство металлических бочек и аналогичных емкостей,ОБЛАСТЬ АБАЙ,КУРЧАТОВ Г.А.,0
447849,4906469,Производство электрического оборудования,false,False,,,,,,,,,,254664000,994.0,52261000,957.0,3,Обрабатывающая промышленность,ОБЛАСТЬ АБАЙ,КУРЧАТОВ Г.А.,0
447858,4909055,Производство электропроводки и электромонтажных устройств,false,False,,,,,,,,,,254664000,994.0,52261000,957.0,4,Производство электрического оборудования,ОБЛАСТЬ АБАЙ,КУРЧАТОВ Г.А.,0
447861,4908878,Производство прочих электрических проводов и кабелей,false,False,,,,,,,,,,254664000,994.0,52261000,957.0,5,Производство электропроводки и электромонтажных устройств,ОБЛАСТЬ АБАЙ,КУРЧАТОВ Г.А.,0
447862,4915674,Производство прочих электрических проводов и кабелей,true,False,,,,,,,,,,254664000,994.0,52261000,957.0,6,Производство прочих электрических проводов и кабелей,ОБЛАСТЬ АБАЙ,КУРЧАТОВ Г.А.,0
447881,2886535,"Производство машин и оборудования, не включенных в другие группировки ",false,False,,565000,883.0,15205000,920.0,,,,,,,,,3,Обрабатывающая промышленность,ОБЛАСТЬ АБАЙ,КУРЧАТОВ Г.А.,0
447896,2886533,Производство прочих машин и оборудования общего назначения ,false,False,,565000,883.0,15205000,920.0,,,,,,,,,4,"Производство машин и оборудования, не включенных в другие группировки ",ОБЛАСТЬ АБАЙ,КУРЧАТОВ Г.А.,0
447914,2886531,"Производство прочих машин и оборудования общего назначения, не включенных в другие группировки ",false,False,,565000,883.0,15205000,920.0,,,,,,,,,5,Производство прочих машин и оборудования общего назначения ,ОБЛАСТЬ АБАЙ,КУРЧАТОВ Г.А.,0
447915,2886529,Производство весоизмерительного оборудования (кроме высокоточного лабораторного оборудования),true,False,,565000,883.0,15205000,920.0,,,,,,,,,6,"Производство прочих машин и оборудования общего назначения, не включенных в другие группировки ",ОБЛАСТЬ АБАЙ,КУРЧАТОВ Г.А.,0
448090,620927,"Снабжение электроэнергией, газом, паром, горячей водой и кондиционированным воздухом",false,False,,395109000,883.0,190346000,920.0,78648000,846.0,161786000,1031.0,68646000,994.0,426655000,957.0,2,Промышленность,ОБЛАСТЬ АБАЙ,КУРЧАТОВ Г.А.,0
448091,1400024,"Снабжение электроэнергией, газом, паром, горячей водой и кондиционированным воздухом",false,False,,395109000,883.0,190346000,920.0,78648000,846.0,161786000,1031.0,68646000,994.0,426655000,957.0,3,"Снабжение электроэнергией, газом, паром, горячей водой и кондиционированным воздухом",ОБЛАСТЬ АБАЙ,КУРЧАТОВ Г.А.,0
448092,1320089,"Производство, передача и распределение электроэнергии",false,False,,395109000,883.0,190346000,920.0,78648000,846.0,161786000,1031.0,68646000,994.0,58655000,957.0,4,"Снабжение электроэнергией, газом, паром, горячей водой и кондиционированным воздухом",ОБЛАСТЬ АБАЙ,КУРЧАТОВ Г.А.,0
448100,1255209,Распределение электроэнергии,false,False,,395109000,883.0,190346000,920.0,78648000,846.0,161786000,1031.0,68646000,994.0,58655000,957.0,5,"Производство, передача и распределение электроэнергии",ОБЛАСТЬ АБАЙ,КУРЧАТОВ Г.А.,0
448101,1361755,Распределение электроэнергии,true,False,,395109000,883.0,190346000,920.0,78648000,846.0,161786000,1031.0,68646000,994.0,58655000,957.0,6,Распределение электроэнергии,ОБЛАСТЬ АБАЙ,КУРЧАТОВ Г.А.,0
448111,4815864,"Снабжение паром, горячей водой и кондиционированным воздухом",false,False,,,,,,,,,,,,368000000,957.0,4,"Снабжение электроэнергией, газом, паром, горячей водой и кондиционированным воздухом",ОБЛАСТЬ АБАЙ,КУРЧАТОВ Г.А.,0
448112,4816909,"Снабжение паром, горячей водой и кондиционированным воздухом",false,False,,,,,,,,,,,,368000000,957.0,5,"Снабжение паром, горячей водой и кондиционированным воздухом",ОБЛАСТЬ АБАЙ,КУРЧАТОВ Г.А.,0
448114,4816981,Производство тепловой энергии самостоятельными котельными,true,False,,,,,,,,,,,,368000000,957.0,6,"Снабжение паром, горячей водой и кондиционированным воздухом",ОБЛАСТЬ АБАЙ,КУРЧАТОВ Г.А.,0
448117,278619,"Водоснабжение; водоотведение; сбор, обработка и удаление отходов, деятельность по ликвидации загрязнений",false,False,,264507000,883.0,1572000,920.0,1645041000,846.0,134583000,1031.0,12808000,994.0,304438000,957.0,2,Промышленность,ОБЛАСТЬ АБАЙ,КУРЧАТОВ Г.А.,0
448118,278615,"Забор, обработка и распределение воды",false,False,,264507000,883.0,1572000,920.0,1645041000,846.0,105968000,1031.0,12808000,994.0,304438000,957.0,3,"Водоснабжение; водоотведение; сбор, обработка и удаление отходов, деятельность по ликвидации загрязнений",ОБЛАСТЬ АБАЙ,КУРЧАТОВ Г.А.,0
448119,278613,"Забор, обработка и распределение воды",false,False,,264507000,883.0,1572000,920.0,1645041000,846.0,105968000,1031.0,12808000,994.0,304438000,957.0,4,"Забор, обработка и распределение воды",ОБЛАСТЬ АБАЙ,КУРЧАТОВ Г.А.,0
448120,278610,"Забор, обработка и распределение воды",false,False,,264507000,883.0,1572000,920.0,1645041000,846.0,105968000,1031.0,12808000,994.0,304438000,957.0,5,"Забор, обработка и распределение воды",ОБЛАСТЬ АБАЙ,КУРЧАТОВ Г.А.,0
448121,278606,"Забор, обработка и распределение воды",true,False,,264507000,883.0,1572000,920.0,1645041000,846.0,105968000,1031.0,12808000,994.0,304438000,957.0,6,"Забор, обработка и распределение воды",ОБЛАСТЬ АБАЙ,КУРЧАТОВ Г.А.,0
448126,5884358,"Сбор, обработка и удаление отходов; утилизация (восстановление) материалов",false,False,,,,,,,,28615000,1031.0,,,,,3,"Водоснабжение; водоотведение; сбор, обработка и удаление отходов, деятельность по ликвидации загрязнений",ОБЛАСТЬ АБАЙ,КУРЧАТОВ Г.А.,0
448132,5885121,Обработка и удаление отходов,false,False,,,,,,,,28615000,1031.0,,,,,4,"Сбор, обработка и удаление отходов; утилизация (восстановление) материалов",ОБЛАСТЬ АБАЙ,КУРЧАТОВ Г.А.,0
448135,5883817,Обработка и удаление опасных отходов,false,False,,,,,,,,28615000,1031.0,,,,,5,Обработка и удаление отходов,ОБЛАСТЬ АБАЙ,КУРЧАТОВ Г.А.,0
448136,5884448,Обработка и удаление опасных отходов,true,False,,,,,,,,28615000,1031.0,,,,,6,Обработка и удаление опасных отходов,ОБЛАСТЬ АБАЙ,КУРЧАТОВ Г.А.,0
741885,35618,Всего,false,false,,102889308000,883.0,111785784000,920.0,79155094000,846.0,165417738000,1031.0,203279063000,994.0,158468251000,957.0,0,,ОБЛАСТЬ АБАЙ,СЕМЕЙ Г.А.,
447173,35595,"Сельское, лесное и рыбное хозяйство",false,False,,366771000,883.0,1488423000,920.0,434877000,846.0,522554000,1031.0,723928000,994.0,490915000,957.0,1,Всего,ОБЛАСТЬ АБАЙ,СЕМЕЙ Г.А.,0
447174,121859,"Растениеводство и животноводство, охота и предоставление услуг в этих областях",false,False,,366771000,883.0,1488423000,920.0,434877000,846.0,522554000,1031.0,723928000,994.0,490915000,957.0,2,"Сельское, лесное и рыбное хозяйство",ОБЛАСТЬ АБАЙ,СЕМЕЙ Г.А.,0
447175,2778577,Выращивание одно- или двухлетних культур,false,False,,3100000,883.0,90398000,920.0,,,,,181543000,994.0,72783000,957.0,3,"Растениеводство и животноводство, охота и предоставление услуг в этих областях",ОБЛАСТЬ АБАЙ,СЕМЕЙ Г.А.,0
447181,4243727,"Выращивание овощей, бахчевых, корнеплодов и клубнеплодов",false,False,,,,49280000,920.0,,,,,181543000,994.0,72783000,957.0,4,Выращивание одно- или двухлетних культур,ОБЛАСТЬ АБАЙ,СЕМЕЙ Г.А.,0
447182,4615493,Выращивание картофеля и посадочного материала,true,False,,,,,,,,,,58458000,994.0,8500000,957.0,5,"Выращивание овощей, бахчевых, корнеплодов и клубнеплодов",ОБЛАСТЬ АБАЙ,СЕМЕЙ Г.А.,0
447183,4242796,"Выращивание овощей, их семян и рассады",true,False,,,,49280000,920.0,,,,,123085000,994.0,64283000,957.0,5,"Выращивание овощей, бахчевых, корнеплодов и клубнеплодов",ОБЛАСТЬ АБАЙ,СЕМЕЙ Г.А.,0
447192,2778575,Выращивание прочих одно- или двухлетних культур,false,False,,3100000,883.0,41118000,920.0,,,,,,,,,4,Выращивание одно- или двухлетних культур,ОБЛАСТЬ АБАЙ,СЕМЕЙ Г.А.,0
447193,2778573,Выращивание кормовых культур и их семян,true,False,,3100000,883.0,41118000,920.0,,,,,,,,,5,Выращивание прочих одно- или двухлетних культур,ОБЛАСТЬ АБАЙ,СЕМЕЙ Г.А.,0
447218,35591,Животноводство,false,False,,333816000,883.0,1340472000,920.0,394537000,846.0,162692000,1031.0,494365000,994.0,381612000,957.0,3,"Растениеводство и животноводство, охота и предоставление услуг в этих областях",ОБЛАСТЬ АБАЙ,СЕМЕЙ Г.А.,0
447219,2778571,Разведение крупного рогатого скота молочного направления,false,False,,13400000,883.0,18846000,920.0,,,17730000,1031.0,x,994.0,18175000,957.0,4,Животноводство,ОБЛАСТЬ АБАЙ,СЕМЕЙ Г.А.,0
447220,2778569,Разведение крупного рогатого скота молочного направления,true,False,,13400000,883.0,18846000,920.0,,,17730000,1031.0,x,994.0,18175000,957.0,5,Разведение крупного рогатого скота молочного направления,ОБЛАСТЬ АБАЙ,СЕМЕЙ Г.А.,0
447221,279383,Разведение прочего крупного рогатого скота и буйволов,false,False,,199113000,883.0,621751000,920.0,124820000,846.0,72740000,1031.0,284828000,994.0,156139000,957.0,4,Животноводство,ОБЛАСТЬ АБАЙ,СЕМЕЙ Г.А.,0
447222,279381,Разведение прочего крупного рогатого скота и буйволов,true,False,,199113000,883.0,621751000,920.0,124820000,846.0,72740000,1031.0,284828000,994.0,156139000,957.0,5,Разведение прочего крупного рогатого скота и буйволов,ОБЛАСТЬ АБАЙ,СЕМЕЙ Г.А.,0
447223,2826238,Разведение лошадей и прочих животных семейства лошадиных,false,False,,28869000,883.0,40255000,920.0,,,29782000,1031.0,66846000,994.0,19600000,957.0,4,Животноводство,ОБЛАСТЬ АБАЙ,СЕМЕЙ Г.А.,0
447224,2826236,Разведение лошадей,true,False,,28869000,883.0,40255000,920.0,,,29782000,1031.0,66846000,994.0,19600000,957.0,5,Разведение лошадей и прочих животных семейства лошадиных,ОБЛАСТЬ АБАЙ,СЕМЕЙ Г.А.,0
447228,1375758,Разведение овец и коз,false,False,,,,34733000,920.0,840000,846.0,,,28930000,994.0,56160000,957.0,4,Животноводство,ОБЛАСТЬ АБАЙ,СЕМЕЙ Г.А.,0
447229,1305112,Разведение овец и коз,true,False,,,,34733000,920.0,840000,846.0,,,28930000,994.0,56160000,957.0,5,Разведение овец и коз,ОБЛАСТЬ АБАЙ,СЕМЕЙ Г.А.,0
447232,121855,Разведение сельскохозяйственной птицы ,false,False,,76784000,883.0,624887000,920.0,268877000,846.0,42440000,1031.0,95761000,994.0,129005000,957.0,4,Животноводство,ОБЛАСТЬ АБАЙ,СЕМЕЙ Г.А.,0
447233,121850,"Разведение птицы на мясо, племенной птицы и молодняка",true,False,,68443000,883.0,616563000,920.0,268877000,846.0,42440000,1031.0,89072000,994.0,129005000,957.0,5,Разведение сельскохозяйственной птицы ,ОБЛАСТЬ АБАЙ,СЕМЕЙ Г.А.,0
447234,2857438,Производство яиц,true,False,,x,883.0,x,920.0,,,,,x,994.0,,,5,Разведение сельскохозяйственной птицы ,ОБЛАСТЬ АБАЙ,СЕМЕЙ Г.А.,0
447237,2886788,Разведение прочих видов животных,false,False,,x,883.0,,,,,,,,,2533000,957.0,4,Животноводство,ОБЛАСТЬ АБАЙ,СЕМЕЙ Г.А.,0
447238,2886786,Разведение прочих видов животных,true,False,,x,883.0,,,,,,,,,2533000,957.0,5,Разведение прочих видов животных,ОБЛАСТЬ АБАЙ,СЕМЕЙ Г.А.,0
447239,1280168,Смешанное сельское хозяйство,false,False,,29855000,883.0,57553000,920.0,30740000,846.0,,,48020000,994.0,36520000,957.0,3,"Растениеводство и животноводство, охота и предоставление услуг в этих областях",ОБЛАСТЬ АБАЙ,СЕМЕЙ Г.А.,0
447240,1295364,Смешанное сельское хозяйство,false,False,,29855000,883.0,57553000,920.0,30740000,846.0,,,48020000,994.0,36520000,957.0,4,Смешанное сельское хозяйство,ОБЛАСТЬ АБАЙ,СЕМЕЙ Г.А.,0
447241,1361675,Смешанное сельское хозяйство,true,False,,29855000,883.0,57553000,920.0,30740000,846.0,,,48020000,994.0,36520000,957.0,5,Смешанное сельское хозяйство,ОБЛАСТЬ АБАЙ,СЕМЕЙ Г.А.,0
18683346,1378719,"Деятельность, способствующая выращиванию сельскохозяйственных культур и разведению животных и деятельность по обработке урожая",false,False,,,,,,x,846.0,359862000,1031.0,,,,,3,"Растениеводство и животноводство, охота и предоставление услуг в этих областях",ОБЛАСТЬ АБАЙ,СЕМЕЙ Г.А.,0
18683350,1338024,"Деятельность, способствующая животноводству",false,False,,,,,,x,846.0,,,,,,,4,"Деятельность, способствующая выращиванию сельскохозяйственных культур и разведению животных и деятельность по обработке урожая",ОБЛАСТЬ АБАЙ,СЕМЕЙ Г.А.,0
18683351,1394661,"Деятельность, способствующая животноводству",true,False,,,,,,x,846.0,,,,,,,5,"Деятельность, способствующая животноводству",ОБЛАСТЬ АБАЙ,СЕМЕЙ Г.А.,0
18683352,5872589,Деятельность по обработке урожая,false,False,,,,,,,,359862000,1031.0,,,,,4,"Деятельность, способствующая выращиванию сельскохозяйственных культур и разведению животных и деятельность по обработке урожая",ОБЛАСТЬ АБАЙ,СЕМЕЙ Г.А.,0
18683353,5870055,Деятельность по обработке урожая,true,False,,,,,,,,359862000,1031.0,,,,,5,Деятельность по обработке урожая,ОБЛАСТЬ АБАЙ,СЕМЕЙ Г.А.,0
448148,35512,Строительство,false,False,,1050446000,883.0,1480266000,920.0,1834788000,846.0,1337211000,1031.0,846325000,994.0,2266625000,957.0,1,Всего,ОБЛАСТЬ АБАЙ,СЕМЕЙ Г.А.,0
448157,279315,Гражданское строительство,false,False,,30543000,883.0,1293653000,920.0,502324000,846.0,1103337000,1031.0,330922000,994.0,55511000,957.0,2,Строительство,ОБЛАСТЬ АБАЙ,СЕМЕЙ Г.А.,0
448158,1326495,Строительство автомобильных и железных дорог,false,False,,27235000,883.0,1813000,920.0,502123000,846.0,1031601000,1031.0,307200000,994.0,33897000,957.0,3,Гражданское строительство,ОБЛАСТЬ АБАЙ,СЕМЕЙ Г.А.,0
448163,1306904,Строительство мостов и туннелей,false,False,,,,,,x,846.0,,,,,,,4,Строительство автомобильных и железных дорог,ОБЛАСТЬ АБАЙ,СЕМЕЙ Г.А.,0
448164,1345199,Строительство мостов и туннелей,true,False,,,,,,x,846.0,,,,,,,5,Строительство мостов и туннелей,ОБЛАСТЬ АБАЙ,СЕМЕЙ Г.А.,0
18696143,1265369,Строительство автомобильных дорог,false,False,,27235000,883.0,1813000,920.0,x,846.0,1031601000,1031.0,307200000,994.0,33897000,957.0,4,Строительство автомобильных и железных дорог,ОБЛАСТЬ АБАЙ,СЕМЕЙ Г.А.,0
18946136,1367907,Строительство дорог и автомагистралей,true,False,,27235000,883.0,1813000,920.0,x,846.0,1031601000,1031.0,307200000,994.0,33897000,957.0,5,Строительство автомобильных дорог,ОБЛАСТЬ АБАЙ,СЕМЕЙ Г.А.,0
448165,2778677,Строительство распределительных инженерных сооружений,false,False,,2033000,883.0,1291840000,920.0,,,x,1031.0,23722000,994.0,18553000,957.0,3,Гражданское строительство,ОБЛАСТЬ АБАЙ,СЕМЕЙ Г.А.,0
448166,2778675,Строительство трубопроводов,false,False,,2033000,883.0,1291840000,920.0,,,,,13669000,994.0,18553000,957.0,4,Строительство распределительных инженерных сооружений,ОБЛАСТЬ АБАЙ,СЕМЕЙ Г.А.,0
448168,2778673,Строительство трубопроводов для систем водоснабжения и канализации,true,False,,2033000,883.0,1291840000,920.0,,,,,13669000,994.0,18553000,957.0,5,Строительство трубопроводов,ОБЛАСТЬ АБАЙ,СЕМЕЙ Г.А.,0
448170,5599125,Строительство линий электропередач и телекоммуникаций ,false,False,,,,,,,,x,1031.0,x,994.0,,,4,Строительство распределительных инженерных сооружений,ОБЛАСТЬ АБАЙ,СЕМЕЙ Г.А.,0
448171,5603531,Строительство линий электропередач и телекоммуникаций ,true,False,,,,,,,,x,1031.0,x,994.0,,,5,Строительство линий электропередач и телекоммуникаций ,ОБЛАСТЬ АБАЙ,СЕМЕЙ Г.А.,0
18696516,279312,Строительство прочих инженерных сооружений,false,False,,1275000,883.0,,,201000,846.0,x,1031.0,,,3061000,957.0,3,Гражданское строительство,ОБЛАСТЬ АБАЙ,СЕМЕЙ Г.А.,0
18696517,2807833,"Строительство прочих инженерных сооружений, не включенных в другие группировки",false,False,,163000,883.0,,,,,x,1031.0,,,,,4,Строительство прочих инженерных сооружений,ОБЛАСТЬ АБАЙ,СЕМЕЙ Г.А.,0
18696518,2807830,"Строительство прочих инженерных сооружений, не включенных в другие группировки",true,False,,163000,883.0,,,,,x,1031.0,,,,,5,"Строительство прочих инженерных сооружений, не включенных в другие группировки",ОБЛАСТЬ АБАЙ,СЕМЕЙ Г.А.,0
18696519,279309,Строительство водных сооружений,false,False,,1112000,883.0,,,201000,846.0,,,,,3061000,957.0,4,Строительство прочих инженерных сооружений,ОБЛАСТЬ АБАЙ,СЕМЕЙ Г.А.,0
18696520,279306,Строительство водных сооружений,true,False,,1112000,883.0,,,201000,846.0,,,,,3061000,957.0,5,Строительство водных сооружений,ОБЛАСТЬ АБАЙ,СЕМЕЙ Г.А.,0
448177,205039,Специализированные строительные работы,false,False,,953809000,883.0,121252000,920.0,740086000,846.0,160275000,1031.0,148230000,994.0,2016251000,957.0,2,Строительство,ОБЛАСТЬ АБАЙ,СЕМЕЙ Г.А.,0
448178,1404224,"Снос  зданий и сооружений, подготовка строительного участка",false,False,,x,883.0,x,920.0,x,846.0,,,x,994.0,x,957.0,3,Специализированные строительные работы,ОБЛАСТЬ АБАЙ,СЕМЕЙ Г.А.,0
448181,1364419,Подготовка строительного участка,false,False,,x,883.0,x,920.0,x,846.0,,,x,994.0,x,957.0,4,"Снос  зданий и сооружений, подготовка строительного участка",ОБЛАСТЬ АБАЙ,СЕМЕЙ Г.А.,0
448182,1339879,Земляные работы,true,False,,x,883.0,x,920.0,x,846.0,,,x,994.0,x,957.0,5,Подготовка строительного участка,ОБЛАСТЬ АБАЙ,СЕМЕЙ Г.А.,0
448187,205036,"Монтаж и установка электрического, водопроводного и прочего оборудования",false,False,,18221000,883.0,102607000,920.0,28646000,846.0,160275000,1031.0,62725000,994.0,79214000,957.0,3,Специализированные строительные работы,ОБЛАСТЬ АБАЙ,СЕМЕЙ Г.А.,0
448188,205033,Электромонтажные работы,false,False,,2137000,883.0,60022000,920.0,838000,846.0,4043000,1031.0,54408000,994.0,32775000,957.0,4,"Монтаж и установка электрического, водопроводного и прочего оборудования",ОБЛАСТЬ АБАЙ,СЕМЕЙ Г.А.,0
18951434,5419340,"Электромонтажные работы по прокладке телекоммуникационных, компьютерных и телевизионных сетей",true,False,,,,,,,,,,405000,994.0,,,5,Электромонтажные работы,ОБЛАСТЬ АБАЙ,СЕМЕЙ Г.А.,0
18951435,205030,Прочие электромонтажные работы,true,False,,2137000,883.0,60022000,920.0,838000,846.0,4043000,1031.0,54003000,994.0,32775000,957.0,5,Электромонтажные работы,ОБЛАСТЬ АБАЙ,СЕМЕЙ Г.А.,0
448190,2778669,"Монтаж систем водоснабжения, отопления и кондиционирования воздуха",false,False,,7476000,883.0,37107000,920.0,,,155622000,1031.0,,,45182000,957.0,4,"Монтаж и установка электрического, водопроводного и прочего оборудования",ОБЛАСТЬ АБАЙ,СЕМЕЙ Г.А.,0
448191,2778667,"Монтаж систем водоснабжения, отопления и кондиционирования воздуха",true,False,,7476000,883.0,37107000,920.0,,,155622000,1031.0,,,45182000,957.0,5,"Монтаж систем водоснабжения, отопления и кондиционирования воздуха",ОБЛАСТЬ АБАЙ,СЕМЕЙ Г.А.,0
448192,1361409,Прочие строительно-монтажные работы,false,False,,8608000,883.0,5478000,920.0,27808000,846.0,610000,1031.0,8317000,994.0,1257000,957.0,4,"Монтаж и установка электрического, водопроводного и прочего оборудования",ОБЛАСТЬ АБАЙ,СЕМЕЙ Г.А.,0
448193,1315431,Изоляционные работы,true,False,,,,,,x,846.0,,,,,,,5,Прочие строительно-монтажные работы,ОБЛАСТЬ АБАЙ,СЕМЕЙ Г.А.,0
448194,1261508,"Прочие строительно-монтажные работы, не включенные в другие группировки",true,False,,8608000,883.0,5478000,920.0,27717000,846.0,610000,1031.0,8317000,994.0,1257000,957.0,5,Прочие строительно-монтажные работы,ОБЛАСТЬ АБАЙ,СЕМЕЙ Г.А.,0
448196,3910638,Отделочные работы,false,False,,,,x,920.0,,,,,,,x,957.0,3,Специализированные строительные работы,ОБЛАСТЬ АБАЙ,СЕМЕЙ Г.А.,0
448205,3912533,Прочие отделочные работы,false,False,,,,x,920.0,,,,,,,x,957.0,4,Отделочные работы,ОБЛАСТЬ АБАЙ,СЕМЕЙ Г.А.,0
448206,3911140,Прочие отделочные работы,true,False,,,,x,920.0,,,,,,,x,957.0,5,Прочие отделочные работы,ОБЛАСТЬ АБАЙ,СЕМЕЙ Г.А.,0
448207,1315224,Прочие специализированные строительные работы,false,False,,,,,,646454000,846.0,,,1884000,994.0,,,3,Специализированные строительные работы,ОБЛАСТЬ АБАЙ,СЕМЕЙ Г.А.,0
448210,1295463,"Прочие специализированные строительные работы, не включенные в другие группировки",false,False,,,,,,646454000,846.0,,,1884000,994.0,,,4,Прочие специализированные строительные работы,ОБЛАСТЬ АБАЙ,СЕМЕЙ Г.А.,0
448214,1298880,"Прочие строительные работы, требующие специальной квалификации",true,False,,,,,,646454000,846.0,,,1884000,994.0,,,5,"Прочие специализированные строительные работы, не включенные в другие группировки",ОБЛАСТЬ АБАЙ,СЕМЕЙ Г.А.,0
18710963,35509,Строительство зданий,false,False,,66094000,883.0,65361000,920.0,592378000,846.0,73599000,1031.0,367173000,994.0,194863000,957.0,2,Строительство,ОБЛАСТЬ АБАЙ,СЕМЕЙ Г.А.,0
18710964,5489171,Разработка строительных проектов,false,False,,,,,,,,x,1031.0,x,994.0,,,3,Строительство зданий,ОБЛАСТЬ АБАЙ,СЕМЕЙ Г.А.,0
18710965,5495347,Разработка строительных проектов,false,False,,,,,,,,x,1031.0,x,994.0,,,4,Разработка строительных проектов,ОБЛАСТЬ АБАЙ,СЕМЕЙ Г.А.,0
18710966,5494815,Разработка строительных проектов,true,False,,,,,,,,x,1031.0,x,994.0,,,5,Разработка строительных проектов,ОБЛАСТЬ АБАЙ,СЕМЕЙ Г.А.,0
18710967,121729,Строительство жилых и нежилых зданий,false,False,,66094000,883.0,65361000,920.0,592378000,846.0,73516000,1031.0,366855000,994.0,194863000,957.0,3,Строительство зданий,ОБЛАСТЬ АБАЙ,СЕМЕЙ Г.А.,0
18710968,121726,Строительство жилых и нежилых зданий,false,False,,66094000,883.0,65361000,920.0,592378000,846.0,73516000,1031.0,366855000,994.0,194863000,957.0,4,Строительство жилых и нежилых зданий,ОБЛАСТЬ АБАЙ,СЕМЕЙ Г.А.,0
18710969,1303454,Строительство жилых зданий,true,False,,441000,883.0,29650000,920.0,73369000,846.0,19905000,1031.0,302117000,994.0,160510000,957.0,5,Строительство жилых и нежилых зданий,ОБЛАСТЬ АБАЙ,СЕМЕЙ Г.А.,0
18801543,121681,"Строительство нежилых зданий, за исключением стационарных торговых объектов категорий 1, 2",true,False,,65653000,883.0,35711000,920.0,519009000,846.0,53611000,1031.0,64738000,994.0,34353000,957.0,5,Строительство жилых и нежилых зданий,ОБЛАСТЬ АБАЙ,СЕМЕЙ Г.А.,0
448215,121677,Оптовая и розничная торговля; ремонт автомобилей и мотоциклов,false,False,,1284092000,883.0,2233211000,920.0,2146401000,846.0,4126398000,1031.0,8074419000,994.0,3455979000,957.0,1,Всего,ОБЛАСТЬ АБАЙ,СЕМЕЙ Г.А.,0
448216,35506,Оптовая и розничная торговля автомобилями и мотоциклами и их ремонт,false,False,,569216000,883.0,593828000,920.0,925283000,846.0,2600385000,1031.0,1678178000,994.0,667847000,957.0,2,Оптовая и розничная торговля; ремонт автомобилей и мотоциклов,ОБЛАСТЬ АБАЙ,СЕМЕЙ Г.А.,0
448217,205027,Торговля автомобилями,false,False,,11773000,883.0,x,920.0,491000,846.0,1894307000,1031.0,224900000,994.0,x,957.0,3,Оптовая и розничная торговля автомобилями и мотоциклами и их ремонт,ОБЛАСТЬ АБАЙ,СЕМЕЙ Г.А.,0
448218,205024,Торговля автомобилями и легкими автотранспортными средствами,false,False,,11773000,883.0,x,920.0,491000,846.0,1894307000,1031.0,224900000,994.0,x,957.0,4,Торговля автомобилями,ОБЛАСТЬ АБАЙ,СЕМЕЙ Г.А.,0
448220,205021,Розничная торговля автомобилями и легкими автотранспортными средствами  в торговых объектах с торговой площадью менее 2000 кв.м,true,False,,11773000,883.0,x,920.0,491000,846.0,1894307000,1031.0,224900000,994.0,x,957.0,5,Торговля автомобилями и легкими автотранспортными средствами,ОБЛАСТЬ АБАЙ,СЕМЕЙ Г.А.,0
448224,121667,Техническое обслуживание и ремонт автомобилей,false,False,,113690000,883.0,18529000,920.0,456117000,846.0,x,1031.0,857782000,994.0,50745000,957.0,3,Оптовая и розничная торговля автомобилями и мотоциклами и их ремонт,ОБЛАСТЬ АБАЙ,СЕМЕЙ Г.А.,0
448225,121664,Техническое обслуживание и ремонт автомобилей,false,False,,113690000,883.0,18529000,920.0,456117000,846.0,x,1031.0,857782000,994.0,50745000,957.0,4,Техническое обслуживание и ремонт автомобилей,ОБЛАСТЬ АБАЙ,СЕМЕЙ Г.А.,0
448226,1338763,Техобслуживание и ремонт автотранспортных средств,true,False,,,,,,456117000,846.0,,,,,,,5,Техническое обслуживание и ремонт автомобилей,ОБЛАСТЬ АБАЙ,СЕМЕЙ Г.А.,0
20575904,35501,"Техническое обслуживание и ремонт автомобилей, за исключением произведенных станциями технического обслуживания, находящимися на придорожной полосе",true,False,,113690000,883.0,18529000,920.0,,,x,1031.0,449479000,994.0,50745000,957.0,5,Техническое обслуживание и ремонт автомобилей,ОБЛАСТЬ АБАЙ,СЕМЕЙ Г.А.,0
20575905,5221356,"Техническое обслуживание и ремонт автомобилей станциями технического обслуживания, находящимися на придорожной полосе ",true,False,,,,,,,,,,408303000,994.0,,,5,Техническое обслуживание и ремонт автомобилей,ОБЛАСТЬ АБАЙ,СЕМЕЙ Г.А.,0
448227,121710,"Торговля автомобильными деталями, узлами и принадлежностями",false,False,,443753000,883.0,560869000,920.0,468675000,846.0,705351000,1031.0,595496000,994.0,599160000,957.0,3,Оптовая и розничная торговля автомобилями и мотоциклами и их ремонт,ОБЛАСТЬ АБАЙ,СЕМЕЙ Г.А.,0
448228,121706,"Оптовая торговля автомобильными деталями, узлами и принадлежностями",false,False,,438837000,883.0,559027000,920.0,463928000,846.0,679149000,1031.0,571342000,994.0,494855000,957.0,4,"Торговля автомобильными деталями, узлами и принадлежностями",ОБЛАСТЬ АБАЙ,СЕМЕЙ Г.А.,0
448229,121701,"Оптовая торговля автомобильными деталями, узлами и принадлежностями",true,False,,438837000,883.0,559027000,920.0,463928000,846.0,679149000,1031.0,571342000,994.0,494855000,957.0,5,"Оптовая торговля автомобильными деталями, узлами и принадлежностями",ОБЛАСТЬ АБАЙ,СЕМЕЙ Г.А.,0
448230,121697,"Розничная торговля автомобильными деталями, узлами и принадлежностями",false,False,,4916000,883.0,1842000,920.0,4747000,846.0,26202000,1031.0,24154000,994.0,104305000,957.0,4,"Торговля автомобильными деталями, узлами и принадлежностями",ОБЛАСТЬ АБАЙ,СЕМЕЙ Г.А.,0
18951438,121695,"Розничная торговля автомобильными деталями, узлами и принадлежностями в торговых объектах с торговой площадью менее 2000 кв.м",true,False,,4916000,883.0,1842000,920.0,4747000,846.0,26202000,1031.0,24154000,994.0,104305000,957.0,5,"Розничная торговля автомобильными деталями, узлами и принадлежностями",ОБЛАСТЬ АБАЙ,СЕМЕЙ Г.А.,0
448237,121693,"Оптовая торговля, за исключением торговли автомобилями и мотоциклами",false,False,,136118000,883.0,461747000,920.0,391655000,846.0,594905000,1031.0,622490000,994.0,400573000,957.0,2,Оптовая и розничная торговля; ремонт автомобилей и мотоциклов,ОБЛАСТЬ АБАЙ,СЕМЕЙ Г.А.,0
448238,1395767,Оптовая торговля за вознаграждение или на договорной основе,false,False,,,,,,260000,846.0,,,362000,994.0,1100000,957.0,3,"Оптовая торговля, за исключением торговли автомобилями и мотоциклами",ОБЛАСТЬ АБАЙ,СЕМЕЙ Г.А.,0
448255,1356486,Деятельность агентов по оптовой торговле товарами широкого ассортимента,false,False,,,,,,260000,846.0,,,362000,994.0,1100000,957.0,4,Оптовая торговля за вознаграждение или на договорной основе,ОБЛАСТЬ АБАЙ,СЕМЕЙ Г.А.,0
448256,1297634,Деятельность агентов по оптовой торговле товарами широкого ассортимента,true,False,,,,,,260000,846.0,,,362000,994.0,1100000,957.0,5,Деятельность агентов по оптовой торговле товарами широкого ассортимента,ОБЛАСТЬ АБАЙ,СЕМЕЙ Г.А.,0
448257,2750399,Оптовая торговля сельскохозяйственным сырьем и живыми животными,false,False,,x,883.0,,,,,391452000,1031.0,,,x,957.0,3,"Оптовая торговля, за исключением торговли автомобилями и мотоциклами",ОБЛАСТЬ АБАЙ,СЕМЕЙ Г.А.,0
448258,2750397,"Оптовая торговля зерном, необработанным табаком, семенами и кормами для животных",false,False,,x,883.0,,,,,391452000,1031.0,,,x,957.0,4,Оптовая торговля сельскохозяйственным сырьем и живыми животными,ОБЛАСТЬ АБАЙ,СЕМЕЙ Г.А.,0
20575950,5100010,"Оптовая торговля зерном, семенами и кормами для животных",true,False,,,,,,,,,,,,x,957.0,5,"Оптовая торговля зерном, необработанным табаком, семенами и кормами для животных",ОБЛАСТЬ АБАЙ,СЕМЕЙ Г.А.,0
20575952,2750395,Оптовая торговля масличными культурами,true,False,,x,883.0,,,,,391452000,1031.0,,,,,5,"Оптовая торговля зерном, необработанным табаком, семенами и кормами для животных",ОБЛАСТЬ АБАЙ,СЕМЕЙ Г.А.,0
448267,35493,"Оптовая торговля продуктами питания, напитками и табачными изделиями",false,False,,12959000,883.0,110475000,920.0,54247000,846.0,31521000,1031.0,491160000,994.0,57144000,957.0,3,"Оптовая торговля, за исключением торговли автомобилями и мотоциклами",ОБЛАСТЬ АБАЙ,СЕМЕЙ Г.А.,0
448272,121690,"Оптовая торговля молочными продуктами, яйцами и пищевыми маслами и жирами",false,False,,1338000,883.0,7167000,920.0,3822000,846.0,,,,,,,4,"Оптовая торговля продуктами питания, напитками и табачными изделиями",ОБЛАСТЬ АБАЙ,СЕМЕЙ Г.А.,0
448273,121687,"Оптовая торговля молочными продуктами, яйцами и пищевыми маслами и жирами",true,False,,1338000,883.0,7167000,920.0,3822000,846.0,,,,,,,5,"Оптовая торговля молочными продуктами, яйцами и пищевыми маслами и жирами",ОБЛАСТЬ АБАЙ,СЕМЕЙ Г.А.,0
448274,205013,Оптовая торговля напитками,false,False,,6411000,883.0,17427000,920.0,36835000,846.0,522000,1031.0,405523000,994.0,779000,957.0,4,"Оптовая торговля продуктами питания, напитками и табачными изделиями",ОБЛАСТЬ АБАЙ,СЕМЕЙ Г.А.,0
3647932,205010,"Оптовая торговля напитками в магазинах, являющихся торговыми объектами, с торговой площадью менее 2000 кв.м",true,False,,6411000,883.0,17427000,920.0,36835000,846.0,522000,1031.0,405523000,994.0,779000,957.0,5,Оптовая торговля напитками,ОБЛАСТЬ АБАЙ,СЕМЕЙ Г.А.,0
448276,2750393,Оптовая торговля табачными изделиями,false,False,,x,883.0,,,,,,,,,,,4,"Оптовая торговля продуктами питания, напитками и табачными изделиями",ОБЛАСТЬ АБАЙ,СЕМЕЙ Г.А.,0
448277,2750391,Оптовая торговля табачными изделиями,true,False,,x,883.0,,,,,,,,,,,5,Оптовая торговля табачными изделиями,ОБЛАСТЬ АБАЙ,СЕМЕЙ Г.А.,0
448278,1317609,"Оптовая торговля сахаром, шоколадом и сахаристыми кондитерскими изделиями",false,False,,x,883.0,x,920.0,308000,846.0,x,1031.0,x,994.0,x,957.0,4,"Оптовая торговля продуктами питания, напитками и табачными изделиями",ОБЛАСТЬ АБАЙ,СЕМЕЙ Г.А.,0
448279,1291372,"Оптовая торговля сахаром, шоколадом и сахаристыми кондитерскими изделиями",true,False,,x,883.0,x,920.0,308000,846.0,x,1031.0,x,994.0,x,957.0,5,"Оптовая торговля сахаром, шоколадом и сахаристыми кондитерскими изделиями",ОБЛАСТЬ АБАЙ,СЕМЕЙ Г.А.,0
448280,3530912,"Оптовая торговля кофе, чаем, какао и специями",false,False,,x,883.0,,,,,,,,,,,4,"Оптовая торговля продуктами питания, напитками и табачными изделиями",ОБЛАСТЬ АБАЙ,СЕМЕЙ Г.А.,0
448281,3524220,"Оптовая торговля кофе, чаем, какао и специями",true,False,,x,883.0,,,,,,,,,,,5,"Оптовая торговля кофе, чаем, какао и специями",ОБЛАСТЬ АБАЙ,СЕМЕЙ Г.А.,0
448282,1409528,"Оптовая торговля прочими продуктами питания, включая рыбу, ракообразных и моллюсков",false,False,,2582000,883.0,16280000,920.0,13282000,846.0,26415000,1031.0,76283000,994.0,19450000,957.0,4,"Оптовая торговля продуктами питания, напитками и табачными изделиями",ОБЛАСТЬ АБАЙ,СЕМЕЙ Г.А.,0
448284,1312285,Оптовая торговля прочими продуктами питания,true,False,,2582000,883.0,16280000,920.0,13282000,846.0,26415000,1031.0,76283000,994.0,19450000,957.0,5,"Оптовая торговля прочими продуктами питания, включая рыбу, ракообразных и моллюсков",ОБЛАСТЬ АБАЙ,СЕМЕЙ Г.А.,0
448285,3910212,"Неспециализированная оптовая торговля продуктами питания, напитками и табачными изделиями",false,False,,,,x,920.0,,,,,2674000,994.0,x,957.0,4,"Оптовая торговля продуктами питания, напитками и табачными изделиями",ОБЛАСТЬ АБАЙ,СЕМЕЙ Г.А.,0
448286,3910107,"Неспециализированная оптовая торговля продуктами питания, напитками и табачными изделиями",true,False,,,,x,920.0,,,,,2674000,994.0,x,957.0,5,"Неспециализированная оптовая торговля продуктами питания, напитками и табачными изделиями",ОБЛАСТЬ АБАЙ,СЕМЕЙ Г.А.,0
448287,121668,Оптовая торговля непродовольственными товарами потребительского назначения,false,False,,16728000,883.0,x,920.0,171440000,846.0,x,1031.0,323000,994.0,180055000,957.0,3,"Оптовая торговля, за исключением торговли автомобилями и мотоциклами",ОБЛАСТЬ АБАЙ,СЕМЕЙ Г.А.,0
448297,1340657,"Оптовая торговля изделиями из керамики и стекла, чистящими средствами",false,False,,,,,,169000000,846.0,,,,,144773000,957.0,4,Оптовая торговля непродовольственными товарами потребительского назначения,ОБЛАСТЬ АБАЙ,СЕМЕЙ Г.А.,0
448298,1368601,"Оптовая торговля изделиями из керамики и стекла, чистящими средствами",true,False,,,,,,169000000,846.0,,,,,144773000,957.0,5,"Оптовая торговля изделиями из керамики и стекла, чистящими средствами",ОБЛАСТЬ АБАЙ,СЕМЕЙ Г.А.,0
448301,121657,Оптовая торговля фармацевтическими товарами,false,False,,16402000,883.0,x,920.0,2157000,846.0,x,1031.0,x,994.0,x,957.0,4,Оптовая торговля непродовольственными товарами потребительского назначения,ОБЛАСТЬ АБАЙ,СЕМЕЙ Г.А.,0
18946138,121652,"Оптовая торговля фармацевтическими товарами, кроме торговли медицинской техникой и ортопедическими  изделиями",true,False,,1543000,883.0,,,706000,846.0,,,,,,,5,Оптовая торговля фармацевтическими товарами,ОБЛАСТЬ АБАЙ,СЕМЕЙ Г.А.,0
18951440,1338905,Оптовая торговля медицинской техникой и ортопедическими  изделиями,true,False,,14859000,883.0,x,920.0,1451000,846.0,x,1031.0,x,994.0,x,957.0,5,Оптовая торговля фармацевтическими товарами,ОБЛАСТЬ АБАЙ,СЕМЕЙ Г.А.,0
448303,2778655,"Оптовая торговля мебелью, коврами и осветительным оборудованием",false,False,,x,883.0,,,,,,,,,,,4,Оптовая торговля непродовольственными товарами потребительского назначения,ОБЛАСТЬ АБАЙ,СЕМЕЙ Г.А.,0
448304,2778652,"Оптовая торговля мебелью, коврами и осветительным оборудованием",true,False,,x,883.0,,,,,,,,,,,5,"Оптовая торговля мебелью, коврами и осветительным оборудованием",ОБЛАСТЬ АБАЙ,СЕМЕЙ Г.А.,0
448307,1277999,Оптовая торговля прочими непродовольственными товарами потребительского назначения,false,False,,,,,,x,846.0,,,219000,994.0,,,4,Оптовая торговля непродовольственными товарами потребительского назначения,ОБЛАСТЬ АБАЙ,СЕМЕЙ Г.А.,0
448308,1325608,Оптовая торговля канцелярскими принадлежностями,true,False,,,,,,x,846.0,,,219000,994.0,,,5,Оптовая торговля прочими непродовольственными товарами потребительского назначения,ОБЛАСТЬ АБАЙ,СЕМЕЙ Г.А.,0
448311,1326587,Оптовая торговля компьютерами и коммуникационным оборудованием,false,False,,x,883.0,x,920.0,x,846.0,x,1031.0,,,x,957.0,3,"Оптовая торговля, за исключением торговли автомобилями и мотоциклами",ОБЛАСТЬ АБАЙ,СЕМЕЙ Г.А.,0
448312,1262788,"Оптовая торговля компьютерами, периферийным компьютерным оборудованием и программным обеспечением",false,False,,x,883.0,x,920.0,x,846.0,x,1031.0,,,x,957.0,4,Оптовая торговля компьютерами и коммуникационным оборудованием,ОБЛАСТЬ АБАЙ,СЕМЕЙ Г.А.,0
448313,1311242,"Оптовая торговля компьютерами, периферийным компьютерным оборудованием и программным обеспечением",true,False,,x,883.0,x,920.0,x,846.0,x,1031.0,,,x,957.0,5,"Оптовая торговля компьютерами, периферийным компьютерным оборудованием и программным обеспечением",ОБЛАСТЬ АБАЙ,СЕМЕЙ Г.А.,0
448316,205007,"Оптовая торговля прочими машинами, оборудованием и деталями и принадлежностями к ним",false,False,,x,883.0,,,1268000,846.0,,,583000,994.0,319000,957.0,3,"Оптовая торговля, за исключением торговли автомобилями и мотоциклами",ОБЛАСТЬ АБАЙ,СЕМЕЙ Г.А.,0
448317,205005,"Оптовая торговля сельскохозяйственной техникой, оборудованием,  деталями и принадлежностями к ним",false,False,,x,883.0,,,x,846.0,,,583000,994.0,x,957.0,4,"Оптовая торговля прочими машинами, оборудованием и деталями и принадлежностями к ним",ОБЛАСТЬ АБАЙ,СЕМЕЙ Г.А.,0
448318,205003,"Оптовая торговля сельскохозяйственной техникой, оборудованием,  деталями и принадлежностями к ним",true,False,,x,883.0,,,x,846.0,,,583000,994.0,x,957.0,5,"Оптовая торговля сельскохозяйственной техникой, оборудованием,  деталями и принадлежностями к ним",ОБЛАСТЬ АБАЙ,СЕМЕЙ Г.А.,0
448329,1297622,Оптовая торговля прочими машинами и оборудованием,false,False,,,,,,x,846.0,,,,,x,957.0,4,"Оптовая торговля прочими машинами, оборудованием и деталями и принадлежностями к ним",ОБЛАСТЬ АБАЙ,СЕМЕЙ Г.А.,0
448330,1403410,Оптовая торговля прочими машинами и оборудованием,true,False,,,,,,x,846.0,,,,,x,957.0,5,Оптовая торговля прочими машинами и оборудованием,ОБЛАСТЬ АБАЙ,СЕМЕЙ Г.А.,0
448331,121645,Прочая специализированная оптовая торговля ,false,False,,55382000,883.0,255371000,920.0,65048000,846.0,57990000,1031.0,98554000,994.0,84042000,957.0,3,"Оптовая торговля, за исключением торговли автомобилями и мотоциклами",ОБЛАСТЬ АБАЙ,СЕМЕЙ Г.А.,0
448332,121639,"Оптовая торговля твердым, жидким и газообразным топливом и подобными продуктами",false,False,,27330000,883.0,90479000,920.0,32416000,846.0,56495000,1031.0,48454000,994.0,74496000,957.0,4,Прочая специализированная оптовая торговля ,ОБЛАСТЬ АБАЙ,СЕМЕЙ Г.А.,0
448335,35491,Оптовая торговля каменным углем,true,False,,19673000,883.0,90479000,920.0,6486000,846.0,56370000,1031.0,48230000,994.0,32264000,957.0,5,"Оптовая торговля твердым, жидким и газообразным топливом и подобными продуктами",ОБЛАСТЬ АБАЙ,СЕМЕЙ Г.А.,0
448338,279268,Оптовая торговля автомобильным бензином,true,False,,7247000,883.0,,,25930000,846.0,,,,,,,5,"Оптовая торговля твердым, жидким и газообразным топливом и подобными продуктами",ОБЛАСТЬ АБАЙ,СЕМЕЙ Г.А.,0
448339,4426868,Оптовая торговля дизельным топливом,true,False,,,,,,,,,,,,42232000,957.0,5,"Оптовая торговля твердым, жидким и газообразным топливом и подобными продуктами",ОБЛАСТЬ АБАЙ,СЕМЕЙ Г.А.,0
448341,2857420,Оптовая торговля прочим топливом,true,False,,x,883.0,,,,,x,1031.0,x,994.0,,,5,"Оптовая торговля твердым, жидким и газообразным топливом и подобными продуктами",ОБЛАСТЬ АБАЙ,СЕМЕЙ Г.А.,0
448342,1321369,Оптовая торговля металлами и металлическими рудами,false,False,,27568000,883.0,,,31750000,846.0,,,,,,,4,Прочая специализированная оптовая торговля ,ОБЛАСТЬ АБАЙ,СЕМЕЙ Г.А.,0
448343,1305673,Оптовая торговля рудами черных и цветных металлов,true,False,,27568000,883.0,,,31750000,846.0,,,,,,,5,Оптовая торговля металлами и металлическими рудами,ОБЛАСТЬ АБАЙ,СЕМЕЙ Г.А.,0
448347,1386866,"Оптовая торговля лесоматериалами, строительными материалами и санитарно-техническим оборудованием",false,False,,,,159336000,920.0,74000,846.0,,,,,x,957.0,4,Прочая специализированная оптовая торговля ,ОБЛАСТЬ АБАЙ,СЕМЕЙ Г.А.,0
448350,3909414,"Оптовая торговля изделиями из бетона, цемента, гипса и аналогичных материалов",true,False,,,,x,920.0,,,,,,,,,5,"Оптовая торговля лесоматериалами, строительными материалами и санитарно-техническим оборудованием",ОБЛАСТЬ АБАЙ,СЕМЕЙ Г.А.,0
448351,1276573,"Оптовая торговля лакокрасочной продукцией, обоями и напольными покрытиями",true,False,,,,,,74000,846.0,,,,,,,5,"Оптовая торговля лесоматериалами, строительными материалами и санитарно-техническим оборудованием",ОБЛАСТЬ АБАЙ,СЕМЕЙ Г.А.,0
448352,3253816,Оптовая торговля древесиной и продукцией обработки древесины,true,False,,,,x,920.0,,,,,,,x,957.0,5,"Оптовая торговля лесоматериалами, строительными материалами и санитарно-техническим оборудованием",ОБЛАСТЬ АБАЙ,СЕМЕЙ Г.А.,0
448363,121633,Оптовая торговля прочими промежуточными продуктами,false,False,,x,883.0,x,920.0,x,846.0,,,,,x,957.0,4,Прочая специализированная оптовая торговля ,ОБЛАСТЬ АБАЙ,СЕМЕЙ Г.А.,0
448365,35488,Оптовая торговля прочими промежуточными продуктами,true,False,,x,883.0,x,920.0,x,846.0,,,,,x,957.0,5,Оптовая торговля прочими промежуточными продуктами,ОБЛАСТЬ АБАЙ,СЕМЕЙ Г.А.,0
448367,4368056,Оптовая торговля отходами и ломом,false,False,,,,,,,,x,1031.0,x,994.0,x,957.0,4,Прочая специализированная оптовая торговля ,ОБЛАСТЬ АБАЙ,СЕМЕЙ Г.А.,0
448368,4368041,Оптовая торговля ломом и отходами черных и цветных металлов,true,False,,,,,,,,x,1031.0,x,994.0,x,957.0,5,Оптовая торговля отходами и ломом,ОБЛАСТЬ АБАЙ,СЕМЕЙ Г.А.,0
448371,121627,Неспециализированная оптовая торговля,false,False,,48958000,883.0,75354000,920.0,98642000,846.0,113577000,1031.0,31508000,994.0,61259000,957.0,3,"Оптовая торговля, за исключением торговли автомобилями и мотоциклами",ОБЛАСТЬ АБАЙ,СЕМЕЙ Г.А.,0
448372,121621,Неспециализированная оптовая торговля,false,False,,48958000,883.0,75354000,920.0,98642000,846.0,113577000,1031.0,31508000,994.0,61259000,957.0,4,Неспециализированная оптовая торговля,ОБЛАСТЬ АБАЙ,СЕМЕЙ Г.А.,0
448376,35486,Оптовая торговля широким ассортиментом товаров без какой-либо конкретизации,true,False,,48958000,883.0,75354000,920.0,98642000,846.0,113577000,1031.0,31508000,994.0,61259000,957.0,5,Неспециализированная оптовая торговля,ОБЛАСТЬ АБАЙ,СЕМЕЙ Г.А.,0
448377,121618,"Розничная торговля, кроме торговли автомобилями и мотоциклами",false,False,,578758000,883.0,1177636000,920.0,829463000,846.0,931108000,1031.0,5773751000,994.0,2387559000,957.0,2,Оптовая и розничная торговля; ремонт автомобилей и мотоциклов,ОБЛАСТЬ АБАЙ,СЕМЕЙ Г.А.,0
448378,279259,Розничная торговля в неспециализированных магазинах,false,False,,24952000,883.0,234425000,920.0,132671000,846.0,400391000,1031.0,5282893000,994.0,1545804000,957.0,3,"Розничная торговля, кроме торговли автомобилями и мотоциклами",ОБЛАСТЬ АБАЙ,СЕМЕЙ Г.А.,0
448379,380709,"Розничная торговля в неспециализированных магазинах преимущественно продуктами питания, напитками и табачными изделиями",false,False,,,,193891000,920.0,100000000,846.0,x,1031.0,5268613000,994.0,x,957.0,4,Розничная торговля в неспециализированных магазинах,ОБЛАСТЬ АБАЙ,СЕМЕЙ Г.А.,0
3647934,420987,"Розничная торговля преимущественно продуктами питания, напитками и табачными изделиями в неспециализированных магазинах, являющихся торговыми объектами, с торговой площадью менее 2000 кв.м ",true,False,,,,193891000,920.0,100000000,846.0,x,1031.0,3814613000,994.0,,,5,"Розничная торговля в неспециализированных магазинах преимущественно продуктами питания, напитками и табачными изделиями",ОБЛАСТЬ АБАЙ,СЕМЕЙ Г.А.,0
3647935,4870403,"Розничная торговля преимущественно продуктами питания, напитками и табачными изделиями, в неспециализированных магазинах, являющихся торговыми объектами, с торговой площадью более 2000 кв.м (2000 кв.м и выше)",true,False,,,,,,,,,,1454000000,994.0,x,957.0,5,"Розничная торговля в неспециализированных магазинах преимущественно продуктами питания, напитками и табачными изделиями",ОБЛАСТЬ АБАЙ,СЕМЕЙ Г.А.,0
448381,279255,Прочая розничная торговля в неспециализированных магазинах,false,False,,24952000,883.0,40534000,920.0,32671000,846.0,400300000,1031.0,14280000,994.0,14652000,957.0,4,Розничная торговля в неспециализированных магазинах,ОБЛАСТЬ АБАЙ,СЕМЕЙ Г.А.,0
3647936,391227,"Прочая розничная торговля в неспециализированных магазинах, являющихся торговыми объектами, с торговой площадью менее 2000 кв.м ",true,False,,x,883.0,40534000,920.0,30013000,846.0,400300000,1031.0,x,994.0,14652000,957.0,5,Прочая розничная торговля в неспециализированных магазинах,ОБЛАСТЬ АБАЙ,СЕМЕЙ Г.А.,0
3647937,279253,"Прочая розничная торговля в неспециализированных магазинах, являющихся торговыми объектами, с торговой площадью более 2000 кв.м (2000 кв.м и выше)",true,False,,709000,883.0,,,2658000,846.0,,,x,994.0,,,5,Прочая розничная торговля в неспециализированных магазинах,ОБЛАСТЬ АБАЙ,СЕМЕЙ Г.А.,0
448383,279251,"Розничная торговля продуктами питания, напитками и табачными изделиями в специализированных магазинах",false,False,,6618000,883.0,6594000,920.0,1264000,846.0,6647000,1031.0,3379000,994.0,5047000,957.0,3,"Розничная торговля, кроме торговли автомобилями и мотоциклами",ОБЛАСТЬ АБАЙ,СЕМЕЙ Г.А.,0
448386,2840837,Розничная торговля мясом и мясными продуктами в специализированных магазинах,false,False,,x,883.0,,,,,,,,,,,4,"Розничная торговля продуктами питания, напитками и табачными изделиями в специализированных магазинах",ОБЛАСТЬ АБАЙ,СЕМЕЙ Г.А.,0
448388,2840835,"Прочая розничная торговля мясом и мясными продуктами в специализированных магазинах, являющихся торговыми объектами, с торговой площадью менее 2000 кв.м",true,False,,x,883.0,,,,,,,,,,,5,Розничная торговля мясом и мясными продуктами в специализированных магазинах,ОБЛАСТЬ АБАЙ,СЕМЕЙ Г.А.,0
448393,279245,Розничная торговля напитками в специализированных магазинах,false,False,,5186000,883.0,6594000,920.0,1264000,846.0,6647000,1031.0,3379000,994.0,5047000,957.0,4,"Розничная торговля продуктами питания, напитками и табачными изделиями в специализированных магазинах",ОБЛАСТЬ АБАЙ,СЕМЕЙ Г.А.,0
3647946,279242,"Розничная торговля напитками в специализированных магазинах, являющихся торговыми объектами, с торговой площадью менее 2000 кв.м",true,False,,5186000,883.0,6594000,920.0,1264000,846.0,6647000,1031.0,3379000,994.0,5047000,957.0,5,Розничная торговля напитками в специализированных магазинах,ОБЛАСТЬ АБАЙ,СЕМЕЙ Г.А.,0
448399,121611,Розничная торговля топливом в специализированных магазинах,false,False,,12473000,883.0,349719000,920.0,73885000,846.0,446473000,1031.0,174853000,994.0,478214000,957.0,3,"Розничная торговля, кроме торговли автомобилями и мотоциклами",ОБЛАСТЬ АБАЙ,СЕМЕЙ Г.А.,0
448400,121605,Розничная торговля топливом в специализированных магазинах,false,False,,12473000,883.0,349719000,920.0,73885000,846.0,446473000,1031.0,174853000,994.0,478214000,957.0,4,Розничная торговля топливом в специализированных магазинах,ОБЛАСТЬ АБАЙ,СЕМЕЙ Г.А.,0
18951442,1384817,Розничная торговля моторным топливом в специализированных магазинах,true,False,,,,,,73885000,846.0,,,,,,,5,Розничная торговля топливом в специализированных магазинах,ОБЛАСТЬ АБАЙ,СЕМЕЙ Г.А.,0
20576124,35483,"Розничная торговля моторным топливом в специализированных магазинах, за исключением находящихся на придорожной полосе",true,False,,12473000,883.0,349719000,920.0,,,446473000,1031.0,174853000,994.0,478214000,957.0,5,Розничная торговля топливом в специализированных магазинах,ОБЛАСТЬ АБАЙ,СЕМЕЙ Г.А.,0
448402,1376367,Розничная торговля компьютерами и коммуникационным оборудованием в специализированных магазинах,false,False,,x,883.0,1032000,920.0,250000,846.0,x,1031.0,x,994.0,x,957.0,3,"Розничная торговля, кроме торговли автомобилями и мотоциклами",ОБЛАСТЬ АБАЙ,СЕМЕЙ Г.А.,0
448403,1355623,"Розничная торговля компьютерами, периферийным оборудованием и программным обеспечением в специализированных магазинах",false,False,,x,883.0,1032000,920.0,250000,846.0,x,1031.0,x,994.0,x,957.0,4,Розничная торговля компьютерами и коммуникационным оборудованием в специализированных магазинах,ОБЛАСТЬ АБАЙ,СЕМЕЙ Г.А.,0
3647952,1373111,"Розничная торговля компьютерами, периферийным оборудованием и программным обеспечением в специализированных магазинах, являющихся торговыми объектами, с торговой площадью менее 2000 кв.м",true,False,,x,883.0,1032000,920.0,250000,846.0,x,1031.0,x,994.0,x,957.0,5,"Розничная торговля компьютерами, периферийным оборудованием и программным обеспечением в специализированных магазинах",ОБЛАСТЬ АБАЙ,СЕМЕЙ Г.А.,0
448409,121598,Розничная торговля прочими бытовыми товарами в специализированных магазинах ,false,False,,29340000,883.0,35287000,920.0,11416000,846.0,16457000,1031.0,41407000,994.0,27947000,957.0,3,"Розничная торговля, кроме торговли автомобилями и мотоциклами",ОБЛАСТЬ АБАЙ,СЕМЕЙ Г.А.,0
448412,121591,"Розничная торговля скобяными изделиями, лакокрасочными материалами и стеклом в специализированных магазинах",false,False,,x,883.0,x,920.0,1814000,846.0,x,1031.0,x,994.0,x,957.0,4,Розничная торговля прочими бытовыми товарами в специализированных магазинах ,ОБЛАСТЬ АБАЙ,СЕМЕЙ Г.А.,0
18946140,1290454,"Розничная торговля скобяными изделиями, лакокрасочными материалами и стеклом в специализированных магазинах, являющихся торговыми объектами, с торговой площадью менее 2000 кв.м",true,False,,,,,,x,846.0,,,,,,,5,"Розничная торговля скобяными изделиями, лакокрасочными материалами и стеклом в специализированных магазинах",ОБЛАСТЬ АБАЙ,СЕМЕЙ Г.А.,0
18946141,121587,"Розничная торговля скобяными изделиями, лакокрасочными материалами и стеклом в специализированных магазинах, являющихся  торговыми объектами, с торговой площадью более 2000 кв.м (2000 кв.м и выше)",true,False,,x,883.0,x,920.0,x,846.0,x,1031.0,x,994.0,x,957.0,5,"Розничная торговля скобяными изделиями, лакокрасочными материалами и стеклом в специализированных магазинах",ОБЛАСТЬ АБАЙ,СЕМЕЙ Г.А.,0
448416,205000,Розничная торговля электрическими бытовыми приборами в специализированных магазинах,false,False,,2612000,883.0,4650000,920.0,8844000,846.0,79000,1031.0,1508000,994.0,2733000,957.0,4,Розничная торговля прочими бытовыми товарами в специализированных магазинах ,ОБЛАСТЬ АБАЙ,СЕМЕЙ Г.А.,0
3647962,204997,"Розничная торговля электрическими бытовыми приборами в специализированных магазинах, являющихся торговыми объектами, с торговой площадью менее 2000 кв.м",true,False,,2612000,883.0,4650000,920.0,8844000,846.0,79000,1031.0,1508000,994.0,2733000,957.0,5,Розничная торговля электрическими бытовыми приборами в специализированных магазинах,ОБЛАСТЬ АБАЙ,СЕМЕЙ Г.А.,0
448418,1404291,"Розничная торговля мебелью, осветительным оборудованием и прочими бытовыми товарами в специализированных магазинах",false,False,,x,883.0,,,x,846.0,,,,,,,4,Розничная торговля прочими бытовыми товарами в специализированных магазинах ,ОБЛАСТЬ АБАЙ,СЕМЕЙ Г.А.,0
448419,2791968,"Розничная торговля мебелью в специализированных магазинах, являющихся торговыми объектами, с торговой площадью менее 2000 кв.м",true,False,,x,883.0,,,,,,,,,,,5,"Розничная торговля мебелью, осветительным оборудованием и прочими бытовыми товарами в специализированных магазинах",ОБЛАСТЬ АБАЙ,СЕМЕЙ Г.А.,0
448421,1340258,"Розничная торговля осветительными приборами и бытовыми товарами, не включенными в другие группировки, в специализированных магазинах, являющихся торговыми объектами, с торговой площадью менее 2000 кв.м",true,False,,,,,,x,846.0,,,,,,,5,"Розничная торговля мебелью, осветительным оборудованием и прочими бытовыми товарами в специализированных магазинах",ОБЛАСТЬ АБАЙ,СЕМЕЙ Г.А.,0
448433,121559,Розничная торговля прочими товарами в специализированных магазинах,false,False,,137119000,883.0,46711000,920.0,26996000,846.0,39027000,1031.0,158994000,994.0,37657000,957.0,3,"Розничная торговля, кроме торговли автомобилями и мотоциклами",ОБЛАСТЬ АБАЙ,СЕМЕЙ Г.А.,0
448434,3533150,Розничная торговля одеждой в специализированных магазинах,false,False,,x,883.0,,,,,,,,,,,4,Розничная торговля прочими товарами в специализированных магазинах,ОБЛАСТЬ АБАЙ,СЕМЕЙ Г.А.,0
448436,3529404,"Розничная торговля одеждой, кроме трикотажных и чулочно-носочных изделий, в специализированных магазинах, являющихся торговыми объектами, с торговой площадью менее 2000 кв.м",true,False,,x,883.0,,,,,,,,,,,5,Розничная торговля одеждой в специализированных магазинах,ОБЛАСТЬ АБАЙ,СЕМЕЙ Г.А.,0
448437,4185272,Розничная торговля обувью и кожаными изделиями в специализированных магазинах,false,False,,,,x,920.0,,,947000,1031.0,x,994.0,x,957.0,4,Розничная торговля прочими товарами в специализированных магазинах,ОБЛАСТЬ АБАЙ,СЕМЕЙ Г.А.,0
448438,4185284,"Розничная торговля обувью в специализированных магазинах, являющихся торговыми объектами, с торговой площадью менее 2000 кв.м",true,False,,,,x,920.0,,,947000,1031.0,x,994.0,x,957.0,5,Розничная торговля обувью и кожаными изделиями в специализированных магазинах,ОБЛАСТЬ АБАЙ,СЕМЕЙ Г.А.,0
448440,204994,Розничная торговля фармацевтическими товарами в специализированных магазинах,false,False,,3496000,883.0,95000,920.0,2413000,846.0,12257000,1031.0,85582000,994.0,430000,957.0,4,Розничная торговля прочими товарами в специализированных магазинах,ОБЛАСТЬ АБАЙ,СЕМЕЙ Г.А.,0
3647981,204991,"Розничная торговля фармацевтическими товарами в специализированных магазинах, являющихся торговыми объектами, с торговой площадью менее 2000 кв.м",true,False,,3496000,883.0,95000,920.0,2413000,846.0,12257000,1031.0,85582000,994.0,430000,957.0,5,Розничная торговля фармацевтическими товарами в специализированных магазинах,ОБЛАСТЬ АБАЙ,СЕМЕЙ Г.А.,0
448452,121552,Прочая розничная торговля новыми товарами в специализированных магазинах,false,False,,133268000,883.0,42207000,920.0,24583000,846.0,25823000,1031.0,71820000,994.0,35469000,957.0,4,Розничная торговля прочими товарами в специализированных магазинах,ОБЛАСТЬ АБАЙ,СЕМЕЙ Г.А.,0
448455,121547,"Прочая розничная торговля в специализированных магазинах, являющихся торговыми объектами, с торговой площадью менее 2000 кв.м",true,False,,133268000,883.0,42207000,920.0,24583000,846.0,25823000,1031.0,71820000,994.0,35469000,957.0,5,Прочая розничная торговля новыми товарами в специализированных магазинах,ОБЛАСТЬ АБАЙ,СЕМЕЙ Г.А.,0
448458,121544,"Розничная торговля в палатках, киосках и на рынках",false,False,,368145000,883.0,503868000,920.0,582981000,846.0,x,1031.0,111703000,994.0,292765000,957.0,3,"Розничная торговля, кроме торговли автомобилями и мотоциклами",ОБЛАСТЬ АБАЙ,СЕМЕЙ Г.А.,0
448465,121540,"Розничная торговля прочими товарами в палатках, киосках и на рынках",false,False,,368145000,883.0,503868000,920.0,582981000,846.0,x,1031.0,111703000,994.0,292765000,957.0,4,"Розничная торговля в палатках, киосках и на рынках",ОБЛАСТЬ АБАЙ,СЕМЕЙ Г.А.,0
448467,121536,Розничная торговля прочими товарами на рынках,true,False,,368145000,883.0,503868000,920.0,582981000,846.0,x,1031.0,111703000,994.0,292765000,957.0,5,"Розничная торговля прочими товарами в палатках, киосках и на рынках",ОБЛАСТЬ АБАЙ,СЕМЕЙ Г.А.,0
448475,121531,Транспорт и складирование,false,False,,15625343000,883.0,15857543000,920.0,15229682000,846.0,28164399000,1031.0,18775683000,994.0,27081372000,957.0,1,Всего,ОБЛАСТЬ АБАЙ,СЕМЕЙ Г.А.,0
448476,121529,Деятельность сухопутного и трубопроводного транспорта ,false,False,,1532941000,883.0,1786917000,920.0,6760344000,846.0,6908321000,1031.0,6419532000,994.0,5283169000,957.0,2,Транспорт и складирование,ОБЛАСТЬ АБАЙ,СЕМЕЙ Г.А.,0
448480,1384102,Деятельность грузового железнодорожного транспорта,false,False,,58656000,883.0,201333000,920.0,x,846.0,824506000,1031.0,375413000,994.0,1168000,957.0,3,Деятельность сухопутного и трубопроводного транспорта ,ОБЛАСТЬ АБАЙ,СЕМЕЙ Г.А.,0
448481,1353669,Деятельность грузового железнодорожного транспорта,false,False,,58656000,883.0,201333000,920.0,x,846.0,824506000,1031.0,375413000,994.0,1168000,957.0,4,Деятельность грузового железнодорожного транспорта,ОБЛАСТЬ АБАЙ,СЕМЕЙ Г.А.,0
448482,1361986,Деятельность грузового железнодорожного транспорта,true,False,,58656000,883.0,201333000,920.0,x,846.0,824506000,1031.0,375413000,994.0,1168000,957.0,5,Деятельность грузового железнодорожного транспорта,ОБЛАСТЬ АБАЙ,СЕМЕЙ Г.А.,0
448483,204976,Деятельность прочего пассажирского сухопутного транспорта,false,False,,x,883.0,205842000,920.0,589215000,846.0,4015457000,1031.0,2573049000,994.0,1122450000,957.0,3,Деятельность сухопутного и трубопроводного транспорта ,ОБЛАСТЬ АБАЙ,СЕМЕЙ Г.А.,0
448484,204972,Деятельность сухопутного транспорта по городским и пригородным пассажирским перевозкам,false,False,,x,883.0,205842000,920.0,x,846.0,4015457000,1031.0,2573049000,994.0,1122450000,957.0,4,Деятельность прочего пассажирского сухопутного транспорта,ОБЛАСТЬ АБАЙ,СЕМЕЙ Г.А.,0
448485,204967,Перевозки автобусами,true,False,,x,883.0,205842000,920.0,x,846.0,4015457000,1031.0,2573049000,994.0,1122450000,957.0,5,Деятельность сухопутного транспорта по городским и пригородным пассажирским перевозкам,ОБЛАСТЬ АБАЙ,СЕМЕЙ Г.А.,0
448490,1316949,Деятельность такси,false,False,,,,,,505000000,846.0,,,,,,,4,Деятельность прочего пассажирского сухопутного транспорта,ОБЛАСТЬ АБАЙ,СЕМЕЙ Г.А.,0
448491,1365179,Деятельность такси,true,False,,,,,,505000000,846.0,,,,,,,5,Деятельность такси,ОБЛАСТЬ АБАЙ,СЕМЕЙ Г.А.,0
448494,121521,Деятельность грузового автомобильного транспорта и предоставление услуг по переезду ,false,False,,1399285000,883.0,1379742000,920.0,6161092000,846.0,2068358000,1031.0,3471070000,994.0,4159551000,957.0,3,Деятельность сухопутного и трубопроводного транспорта ,ОБЛАСТЬ АБАЙ,СЕМЕЙ Г.А.,0
448495,121518,Деятельность грузового автомобильного транспорта,false,False,,1399285000,883.0,1379742000,920.0,2027663000,846.0,2068358000,1031.0,3471070000,994.0,4159551000,957.0,4,Деятельность грузового автомобильного транспорта и предоставление услуг по переезду ,ОБЛАСТЬ АБАЙ,СЕМЕЙ Г.А.,0
448496,121516,Деятельность грузового автомобильного транспорта,true,False,,1399285000,883.0,1379742000,920.0,2027663000,846.0,2068358000,1031.0,3471070000,994.0,4159551000,957.0,5,Деятельность грузового автомобильного транспорта,ОБЛАСТЬ АБАЙ,СЕМЕЙ Г.А.,0
448497,1301999,Предоставление услуг по переезду,false,False,,,,,,x,846.0,,,,,,,4,Деятельность грузового автомобильного транспорта и предоставление услуг по переезду ,ОБЛАСТЬ АБАЙ,СЕМЕЙ Г.А.,0
448498,1265099,Предоставление услуг по переезду,true,False,,,,,,x,846.0,,,,,,,5,Предоставление услуг по переезду,ОБЛАСТЬ АБАЙ,СЕМЕЙ Г.А.,0
448502,6099740,Деятельность водного транспорта,false,False,,,,,,,,20280000,1031.0,,,,,2,Транспорт и складирование,ОБЛАСТЬ АБАЙ,СЕМЕЙ Г.А.,0
448512,6054257,Деятельность речного грузового транспорта,false,False,,,,,,,,20280000,1031.0,,,,,3,Деятельность водного транспорта,ОБЛАСТЬ АБАЙ,СЕМЕЙ Г.А.,0
448513,6051884,Деятельность речного грузового транспорта,false,False,,,,,,,,20280000,1031.0,,,,,4,Деятельность речного грузового транспорта,ОБЛАСТЬ АБАЙ,СЕМЕЙ Г.А.,0
448514,6055926,"Деятельность речного грузового транспорта, кроме лесосплава",true,False,,,,,,,,20280000,1031.0,,,,,5,Деятельность речного грузового транспорта,ОБЛАСТЬ АБАЙ,СЕМЕЙ Г.А.,0
448527,204957,Складирование грузов и вспомогательная транспортная деятельность,false,False,,14092402000,883.0,14070626000,920.0,8469338000,846.0,21235798000,1031.0,12351837000,994.0,21798203000,957.0,2,Транспорт и складирование,ОБЛАСТЬ АБАЙ,СЕМЕЙ Г.А.,0
448528,436983,Складирование и хранение грузов,false,False,,,,2451000,920.0,13934000,846.0,,,1002250000,994.0,x,957.0,3,Складирование грузов и вспомогательная транспортная деятельность,ОБЛАСТЬ АБАЙ,СЕМЕЙ Г.А.,0
448529,426042,Складирование и хранение грузов,false,False,,,,2451000,920.0,13934000,846.0,,,1002250000,994.0,x,957.0,4,Складирование и хранение грузов,ОБЛАСТЬ АБАЙ,СЕМЕЙ Г.А.,0
448531,391367,"Складирование и хранение непродовольственных товаров, кроме зерна и нефти",true,False,,,,x,920.0,12687000,846.0,,,1002250000,994.0,x,957.0,5,Складирование и хранение грузов,ОБЛАСТЬ АБАЙ,СЕМЕЙ Г.А.,0
448532,1294847,Складирование и хранение продовольственных товаров,true,False,,,,,,1247000,846.0,,,,,,,5,Складирование и хранение грузов,ОБЛАСТЬ АБАЙ,СЕМЕЙ Г.А.,0
20576307,4107571,"Складирование и хранение продовольственных товаров, кроме овощей и фруктов",true,False,,,,x,920.0,,,,,,,,,5,Складирование и хранение грузов,ОБЛАСТЬ АБАЙ,СЕМЕЙ Г.А.,0
448533,204949,Вспомогательная транспортная деятельность,false,False,,14092402000,883.0,14068175000,920.0,8455404000,846.0,21235798000,1031.0,11349587000,994.0,21793031000,957.0,3,Складирование грузов и вспомогательная транспортная деятельность,ОБЛАСТЬ АБАЙ,СЕМЕЙ Г.А.,0
448534,204944,Вспомогательная деятельность сухопутного транспорта,false,False,,13375954000,883.0,13854018000,920.0,6946009000,846.0,21215996000,1031.0,10545975000,994.0,21756397000,957.0,4,Вспомогательная транспортная деятельность,ОБЛАСТЬ АБАЙ,СЕМЕЙ Г.А.,0
448535,204933,Эксплуатация железных дорог,true,False,,3742484000,883.0,4001821000,920.0,3914624000,846.0,1979145000,1031.0,1998620000,994.0,952481000,957.0,5,Вспомогательная деятельность сухопутного транспорта,ОБЛАСТЬ АБАЙ,СЕМЕЙ Г.А.,0
448536,204929,Эксплуатация автомобильных дорог,true,False,,9617570000,883.0,9852197000,920.0,x,846.0,19236851000,1031.0,8547355000,994.0,20803916000,957.0,5,Вспомогательная деятельность сухопутного транспорта,ОБЛАСТЬ АБАЙ,СЕМЕЙ Г.А.,0
448537,1349338,Деятельность терминалов,true,False,,15900000,883.0,,,x,846.0,,,,,,,5,Вспомогательная деятельность сухопутного транспорта,ОБЛАСТЬ АБАЙ,СЕМЕЙ Г.А.,0
448540,204918,Вспомогательная деятельность водного транспорта,false,False,,678764000,883.0,179574000,920.0,1483071000,846.0,,,755998000,994.0,23811000,957.0,4,Вспомогательная транспортная деятельность,ОБЛАСТЬ АБАЙ,СЕМЕЙ Г.А.,0
448541,204915,Вспомогательная деятельность водного транспорта,true,False,,678764000,883.0,179574000,920.0,1483071000,846.0,,,755998000,994.0,23811000,957.0,5,Вспомогательная деятельность водного транспорта,ОБЛАСТЬ АБАЙ,СЕМЕЙ Г.А.,0
448542,204913,Вспомогательная деятельность воздушного транспорта,false,False,,37684000,883.0,32876000,920.0,26324000,846.0,12758000,1031.0,23171000,994.0,12405000,957.0,4,Вспомогательная транспортная деятельность,ОБЛАСТЬ АБАЙ,СЕМЕЙ Г.А.,0
19197186,204906,Деятельность аэропортов,true,False,,37684000,883.0,32876000,920.0,26324000,846.0,12758000,1031.0,23171000,994.0,12405000,957.0,5,Вспомогательная деятельность воздушного транспорта,ОБЛАСТЬ АБАЙ,СЕМЕЙ Г.А.,0
448547,2921132,Прочая вспомогательная транспортная деятельность,false,False,,,,x,920.0,,,7044000,1031.0,24443000,994.0,x,957.0,4,Вспомогательная транспортная деятельность,ОБЛАСТЬ АБАЙ,СЕМЕЙ Г.А.,0
448548,2921308,Транспортно-экспедиционные  услуги,true,False,,,,x,920.0,,,7044000,1031.0,24443000,994.0,x,957.0,5,Прочая вспомогательная транспортная деятельность,ОБЛАСТЬ АБАЙ,СЕМЕЙ Г.А.,0
448551,5650456,Почтовая и курьерская деятельность,false,False,,,,,,,,,,4314000,994.0,,,2,Транспорт и складирование,ОБЛАСТЬ АБАЙ,СЕМЕЙ Г.А.,0
448552,5593904,Почтовая деятельность в рамках предоставления услуг общего пользования,false,False,,,,,,,,,,4314000,994.0,,,3,Почтовая и курьерская деятельность,ОБЛАСТЬ АБАЙ,СЕМЕЙ Г.А.,0
448553,5600872,Почтовая деятельность в рамках предоставления услуг общего пользования,false,False,,,,,,,,,,4314000,994.0,,,4,Почтовая деятельность в рамках предоставления услуг общего пользования,ОБЛАСТЬ АБАЙ,СЕМЕЙ Г.А.,0
448554,5599809,Почтовая деятельность в рамках предоставления услуг общего пользования,true,False,,,,,,,,,,4314000,994.0,,,5,Почтовая деятельность в рамках предоставления услуг общего пользования,ОБЛАСТЬ АБАЙ,СЕМЕЙ Г.А.,0
448558,362554,Предоставление услуг по проживанию и питанию,false,False,,1695047000,883.0,1581765000,920.0,17924000,846.0,x,1031.0,895443000,994.0,1099959000,957.0,1,Всего,ОБЛАСТЬ АБАЙ,СЕМЕЙ Г.А.,0
448573,385042,Предоставление услуг по обеспечению питанием и напитками,false,False,,x,883.0,269515000,920.0,14800000,846.0,,,805284000,994.0,x,957.0,2,Предоставление услуг по проживанию и питанию,ОБЛАСТЬ АБАЙ,СЕМЕЙ Г.А.,0
448574,425708,Деятельность ресторанов и предоставление услуг по доставке продуктов питания,false,False,,x,883.0,269515000,920.0,14800000,846.0,,,171000000,994.0,x,957.0,3,Предоставление услуг по обеспечению питанием и напитками,ОБЛАСТЬ АБАЙ,СЕМЕЙ Г.А.,0
448575,380621,Деятельность ресторанов и предоставление услуг по доставке продуктов питания,false,False,,x,883.0,269515000,920.0,14800000,846.0,,,171000000,994.0,x,957.0,4,Деятельность ресторанов и предоставление услуг по доставке продуктов питания,ОБЛАСТЬ АБАЙ,СЕМЕЙ Г.А.,0
448576,381302,Рестораны и услуги по доставке продуктов питания,true,False,,,,,,14800000,846.0,,,,,,,5,Деятельность ресторанов и предоставление услуг по доставке продуктов питания,ОБЛАСТЬ АБАЙ,СЕМЕЙ Г.А.,0
20576362,3097934,"Деятельность ресторанов и предоставление услуг по доставке продуктов питания, за исключением деятельности объектов, находящихся на придорожной полосе",true,False,,x,883.0,269515000,920.0,,,,,171000000,994.0,x,957.0,5,Деятельность ресторанов и предоставление услуг по доставке продуктов питания,ОБЛАСТЬ АБАЙ,СЕМЕЙ Г.А.,0
448577,5021093,Доставка готовой пищи на заказ и прочая деятельность по обеспечению питанием,false,False,,,,,,,,,,634284000,994.0,,,3,Предоставление услуг по обеспечению питанием и напитками,ОБЛАСТЬ АБАЙ,СЕМЕЙ Г.А.,0
448580,5006522,Прочая деятельность по обеспечению питанием,false,False,,,,,,,,,,634284000,994.0,,,4,Доставка готовой пищи на заказ и прочая деятельность по обеспечению питанием,ОБЛАСТЬ АБАЙ,СЕМЕЙ Г.А.,0
18951446,5013588,"Прочая деятельность по обеспечению питанием, не включенная в другие группировки",true,False,,,,,,,,,,634284000,994.0,,,5,Прочая деятельность по обеспечению питанием,ОБЛАСТЬ АБАЙ,СЕМЕЙ Г.А.,0
3783427,618306,Предоставление услуг по временному проживанию,false,False,,1694963000,883.0,1312250000,920.0,3124000,846.0,x,1031.0,90159000,994.0,1099772000,957.0,2,Предоставление услуг по проживанию и питанию,ОБЛАСТЬ АБАЙ,СЕМЕЙ Г.А.,0
3783428,1300313,Предоставление услуг гостиницами и аналогичными местами для проживания,false,False,,,,,,2124000,846.0,x,1031.0,,,,,3,Предоставление услуг по временному проживанию,ОБЛАСТЬ АБАЙ,СЕМЕЙ Г.А.,0
3783429,1345816,Предоставление услуг гостиницами и аналогичными местами для проживания,false,False,,,,,,2124000,846.0,x,1031.0,,,,,4,Предоставление услуг гостиницами и аналогичными местами для проживания,ОБЛАСТЬ АБАЙ,СЕМЕЙ Г.А.,0
3783430,1339584,"Предоставление услуг гостиницами с ресторанами, за исключением гостиниц, находящихся на придорожной полосе",true,False,,,,,,2124000,846.0,x,1031.0,,,,,5,Предоставление услуг гостиницами и аналогичными местами для проживания,ОБЛАСТЬ АБАЙ,СЕМЕЙ Г.А.,0
3783432,5189650,Предоставление жилья на выходные дни и прочие периоды краткосрочного проживания,false,False,,,,,,,,,,x,994.0,,,3,Предоставление услуг по временному проживанию,ОБЛАСТЬ АБАЙ,СЕМЕЙ Г.А.,0
3783433,5221334,Предоставление жилья на выходные дни и прочие периоды краткосрочного проживания,false,False,,,,,,,,,,x,994.0,,,4,Предоставление жилья на выходные дни и прочие периоды краткосрочного проживания,ОБЛАСТЬ АБАЙ,СЕМЕЙ Г.А.,0
3783434,5220990,Предоставление жилья на выходные дни и прочие периоды краткосрочного проживания,true,False,,,,,,,,,,x,994.0,,,5,Предоставление жилья на выходные дни и прочие периоды краткосрочного проживания,ОБЛАСТЬ АБАЙ,СЕМЕЙ Г.А.,0
3783441,1395924,Предоставление услуг прочими местами для проживания,false,False,,1694963000,883.0,1312250000,920.0,1000000,846.0,,,x,994.0,1099772000,957.0,3,Предоставление услуг по временному проживанию,ОБЛАСТЬ АБАЙ,СЕМЕЙ Г.А.,0
3783442,1326567,Предоставление услуг прочими местами для проживания,false,False,,1694963000,883.0,1312250000,920.0,1000000,846.0,,,x,994.0,1099772000,957.0,4,Предоставление услуг прочими местами для проживания,ОБЛАСТЬ АБАЙ,СЕМЕЙ Г.А.,0
3783443,1276140,Услуги в других видах жилья,true,False,,,,,,1000000,846.0,,,,,,,5,Предоставление услуг прочими местами для проживания,ОБЛАСТЬ АБАЙ,СЕМЕЙ Г.А.,0
20576356,2750372,Предоставление услуг студенческими общежитиями ,true,False,,1694963000,883.0,614447000,920.0,,,,,,,1031406000,957.0,5,Предоставление услуг прочими местами для проживания,ОБЛАСТЬ АБАЙ,СЕМЕЙ Г.А.,0
20576357,2886713,"Предоставление услуг прочими местами для проживания, не включенными в другие категории",true,False,,,,x,920.0,,,,,x,994.0,x,957.0,5,Предоставление услуг прочими местами для проживания,ОБЛАСТЬ АБАЙ,СЕМЕЙ Г.А.,0
448585,35435,Информация и связь,false,False,,6333852000,883.0,650447000,920.0,355902000,846.0,1611333000,1031.0,898212000,994.0,2409852000,957.0,1,Всего,ОБЛАСТЬ АБАЙ,СЕМЕЙ Г.А.,0
448616,618424,Деятельность по созданию программ и телерадиовещание,false,False,,13990000,883.0,15621000,920.0,50089000,846.0,33810000,1031.0,20604000,994.0,22239000,957.0,2,Информация и связь,ОБЛАСТЬ АБАЙ,СЕМЕЙ Г.А.,0
448617,1391304,Радиовещание,false,False,,x,883.0,435000,920.0,x,846.0,x,1031.0,x,994.0,,,3,Деятельность по созданию программ и телерадиовещание,ОБЛАСТЬ АБАЙ,СЕМЕЙ Г.А.,0
448618,1329505,Радиовещание,false,False,,x,883.0,435000,920.0,x,846.0,x,1031.0,x,994.0,,,4,Радиовещание,ОБЛАСТЬ АБАЙ,СЕМЕЙ Г.А.,0
448619,1360979,Радиовещание,true,False,,x,883.0,435000,920.0,x,846.0,x,1031.0,x,994.0,,,5,Радиовещание,ОБЛАСТЬ АБАЙ,СЕМЕЙ Г.А.,0
448620,1299088,Деятельность по созданию и трансляции телевизионных программ,false,False,,12490000,883.0,15186000,920.0,x,846.0,32310000,1031.0,17154000,994.0,22239000,957.0,3,Деятельность по созданию программ и телерадиовещание,ОБЛАСТЬ АБАЙ,СЕМЕЙ Г.А.,0
448621,1322818,Деятельность по созданию и трансляции телевизионных программ,false,False,,12490000,883.0,15186000,920.0,x,846.0,32310000,1031.0,17154000,994.0,22239000,957.0,4,Деятельность по созданию и трансляции телевизионных программ,ОБЛАСТЬ АБАЙ,СЕМЕЙ Г.А.,0
448622,1348671,Деятельность по созданию и трансляции телевизионных программ,true,False,,12490000,883.0,15186000,920.0,x,846.0,32310000,1031.0,17154000,994.0,22239000,957.0,5,Деятельность по созданию и трансляции телевизионных программ,ОБЛАСТЬ АБАЙ,СЕМЕЙ Г.А.,0
448623,121510,Телекоммуникации,false,False,,6243154000,883.0,519609000,920.0,295477000,846.0,1431832000,1031.0,788202000,994.0,381024000,957.0,2,Информация и связь,ОБЛАСТЬ АБАЙ,СЕМЕЙ Г.А.,0
448627,35433,Беспроводная телекоммуникационная связь,false,False,,670213000,883.0,51243000,920.0,92651000,846.0,1310408000,1031.0,723698000,994.0,108955000,957.0,3,Телекоммуникации,ОБЛАСТЬ АБАЙ,СЕМЕЙ Г.А.,0
448628,35431,Беспроводная телекоммуникационная связь,false,False,,670213000,883.0,51243000,920.0,92651000,846.0,1310408000,1031.0,723698000,994.0,108955000,957.0,4,Беспроводная телекоммуникационная связь,ОБЛАСТЬ АБАЙ,СЕМЕЙ Г.А.,0
18946147,35429,Беспроводная телекоммуникационная связь посредством единой транспортной среды,true,False,,,,x,920.0,,,x,1031.0,98003000,994.0,75451000,957.0,5,Беспроводная телекоммуникационная связь,ОБЛАСТЬ АБАЙ,СЕМЕЙ Г.А.,0
18946148,2840824,"Организация вещания теле-, радиопрограмм посредством сети национального оператора телерадиовещания",true,False,,94582000,883.0,,,,,,,,,9368000,957.0,5,Беспроводная телекоммуникационная связь,ОБЛАСТЬ АБАЙ,СЕМЕЙ Г.А.,0
18946149,279152,Прочая беспроводная телекоммуникационная связь,true,False,,575631000,883.0,531000,920.0,92651000,846.0,1158690000,1031.0,625695000,994.0,24136000,957.0,5,Беспроводная телекоммуникационная связь,ОБЛАСТЬ АБАЙ,СЕМЕЙ Г.А.,0
448633,3518390,Прочая деятельность в области телекоммуникаций,false,False,,x,883.0,,,,,38435000,1031.0,x,994.0,,,3,Телекоммуникации,ОБЛАСТЬ АБАЙ,СЕМЕЙ Г.А.,0
448634,3524750,Прочая деятельность в области телекоммуникаций,false,False,,x,883.0,,,,,38435000,1031.0,x,994.0,,,4,Прочая деятельность в области телекоммуникаций,ОБЛАСТЬ АБАЙ,СЕМЕЙ Г.А.,0
18946154,3528470,"Прочая деятельность в области телекоммуникаций, не включенная в другие группировки",true,False,,x,883.0,,,,,38435000,1031.0,x,994.0,,,5,Прочая деятельность в области телекоммуникаций,ОБЛАСТЬ АБАЙ,СЕМЕЙ Г.А.,0
18696628,204810,Проводная телекоммуникационная связь,false,False,,637384000,883.0,468366000,920.0,202826000,846.0,82989000,1031.0,62807000,994.0,272069000,957.0,3,Телекоммуникации,ОБЛАСТЬ АБАЙ,СЕМЕЙ Г.А.,0
18696629,204804,Проводная телекоммуникационная связь,false,False,,637384000,883.0,468366000,920.0,202826000,846.0,82989000,1031.0,62807000,994.0,272069000,957.0,4,Проводная телекоммуникационная связь,ОБЛАСТЬ АБАЙ,СЕМЕЙ Г.А.,0
18946146,204798,Прочая проводная телекоммуникационная связь,true,False,,637384000,883.0,468366000,920.0,202826000,846.0,82989000,1031.0,62807000,994.0,272069000,957.0,5,Проводная телекоммуникационная связь,ОБЛАСТЬ АБАЙ,СЕМЕЙ Г.А.,0
448636,311453,"Компьютерное программирование, консультационные и другие сопутствующие услуги",false,False,,x,883.0,12571000,920.0,,,813000,1031.0,,,2004951000,957.0,2,Информация и связь,ОБЛАСТЬ АБАЙ,СЕМЕЙ Г.А.,0
448637,311451,"Компьютерное программирование, консультационные и другие сопутствующие услуги",false,False,,x,883.0,12571000,920.0,,,813000,1031.0,,,2004951000,957.0,3,"Компьютерное программирование, консультационные и другие сопутствующие услуги",ОБЛАСТЬ АБАЙ,СЕМЕЙ Г.А.,0
448638,3924477,Деятельность в области компьютерного программирования,false,False,,,,12468000,920.0,,,813000,1031.0,,,4951000,957.0,4,"Компьютерное программирование, консультационные и другие сопутствующие услуги",ОБЛАСТЬ АБАЙ,СЕМЕЙ Г.А.,0
448639,3908383,Деятельность в области разработки и тестирования программного кода,true,False,,,,12468000,920.0,,,813000,1031.0,,,4951000,957.0,5,Деятельность в области компьютерного программирования,ОБЛАСТЬ АБАЙ,СЕМЕЙ Г.А.,0
448643,3886462,Деятельность по управлению компьютерным оборудованием,false,False,,,,103000,920.0,,,,,,,,,4,"Компьютерное программирование, консультационные и другие сопутствующие услуги",ОБЛАСТЬ АБАЙ,СЕМЕЙ Г.А.,0
18946158,3886179,Деятельность по управлению информационно-коммуникационным оборудованием,true,False,,,,103000,920.0,,,,,,,,,5,Деятельность по управлению компьютерным оборудованием,ОБЛАСТЬ АБАЙ,СЕМЕЙ Г.А.,0
448645,311449,Другие виды деятельности в области информационных технологий и информационных систем,false,False,,x,883.0,,,,,,,,,x,957.0,4,"Компьютерное программирование, консультационные и другие сопутствующие услуги",ОБЛАСТЬ АБАЙ,СЕМЕЙ Г.А.,0
18946159,311447,"Другие виды деятельности в области информационных технологий и информационных систем в рамках автоматизации функций государственных органов, учреждений и организаций",true,False,,x,883.0,,,,,,,,,x,957.0,5,Другие виды деятельности в области информационных технологий и информационных систем,ОБЛАСТЬ АБАЙ,СЕМЕЙ Г.А.,0
448647,656893,Деятельность в области информационного обслуживания,false,False,,x,883.0,x,920.0,x,846.0,144878000,1031.0,89406000,994.0,x,957.0,2,Информация и связь,ОБЛАСТЬ АБАЙ,СЕМЕЙ Г.А.,0
448648,1315227,"Обработка данных, размещение приложений (прикладных программ) и связанная с этим деятельность; деятельность веб-порталов",false,False,,x,883.0,x,920.0,x,846.0,144201000,1031.0,73318000,994.0,x,957.0,3,Деятельность в области информационного обслуживания,ОБЛАСТЬ АБАЙ,СЕМЕЙ Г.А.,0
448649,1365888,"Обработка данных, размещение приложений (прикладных программ) и связанная с этим деятельность ",false,False,,x,883.0,x,920.0,x,846.0,144201000,1031.0,73318000,994.0,x,957.0,4,"Обработка данных, размещение приложений (прикладных программ) и связанная с этим деятельность; деятельность веб-порталов",ОБЛАСТЬ АБАЙ,СЕМЕЙ Г.А.,0
18946161,1313115,Размещение приложений (прикладных программ) и связанная с этим деятельность,true,False,,x,883.0,x,920.0,x,846.0,,,73318000,994.0,x,957.0,5,"Обработка данных, размещение приложений (прикладных программ) и связанная с этим деятельность ",ОБЛАСТЬ АБАЙ,СЕМЕЙ Г.А.,0
77264168,5585246,Деятельность по предоставлению в пользование серверных помещений (центров обработки данных),true,False,,,,,,,,144201000,1031.0,,,,,5,"Обработка данных, размещение приложений (прикладных программ) и связанная с этим деятельность ",ОБЛАСТЬ АБАЙ,СЕМЕЙ Г.А.,0
448653,5232952,Прочая деятельность в области информационного обслуживания,false,False,,,,,,,,677000,1031.0,16088000,994.0,,,3,Деятельность в области информационного обслуживания,ОБЛАСТЬ АБАЙ,СЕМЕЙ Г.А.,0
448654,5233003,Деятельность информационных агентств,false,False,,,,,,,,677000,1031.0,16088000,994.0,,,4,Прочая деятельность в области информационного обслуживания,ОБЛАСТЬ АБАЙ,СЕМЕЙ Г.А.,0
448655,5232869,Деятельность информационных агентств,true,False,,,,,,,,677000,1031.0,16088000,994.0,,,5,Деятельность информационных агентств,ОБЛАСТЬ АБАЙ,СЕМЕЙ Г.А.,0
448658,35427,Финансовая и страховая деятельность,false,False,,645033000,883.0,340836000,920.0,645602000,846.0,1157499000,1031.0,3837399000,994.0,461446000,957.0,1,Всего,ОБЛАСТЬ АБАЙ,СЕМЕЙ Г.А.,0
448659,121495,"Финансовое посредничество, кроме страхования и пенсионного обеспечения",false,False,,643294000,883.0,337940000,920.0,630747000,846.0,1064705000,1031.0,3760960000,994.0,452593000,957.0,2,Финансовая и страховая деятельность,ОБЛАСТЬ АБАЙ,СЕМЕЙ Г.А.,0
448660,121488,Денежное посредничество,false,False,,633803000,883.0,325799000,920.0,615568000,846.0,1004697000,1031.0,731097000,994.0,419218000,957.0,3,"Финансовое посредничество, кроме страхования и пенсионного обеспечения",ОБЛАСТЬ АБАЙ,СЕМЕЙ Г.А.,0
448661,5002050,Деятельность национального банка ,false,False,,,,,,,,x,1031.0,14486000,994.0,,,4,Денежное посредничество,ОБЛАСТЬ АБАЙ,СЕМЕЙ Г.А.,0
448662,5012058,Деятельность национального банка ,true,False,,,,,,,,x,1031.0,14486000,994.0,,,5,Деятельность национального банка ,ОБЛАСТЬ АБАЙ,СЕМЕЙ Г.А.,0
448663,121468,Прочее денежное посредничество,false,False,,633803000,883.0,325799000,920.0,615568000,846.0,1004643000,1031.0,716611000,994.0,419218000,957.0,4,Денежное посредничество,ОБЛАСТЬ АБАЙ,СЕМЕЙ Г.А.,0
448665,35421,Деятельность сберегательных банков,true,False,,314223000,883.0,240173000,920.0,174087000,846.0,717935000,1031.0,393471000,994.0,249865000,957.0,5,Прочее денежное посредничество,ОБЛАСТЬ АБАЙ,СЕМЕЙ Г.А.,0
448666,1401512,Денежное посредничество прочих финансовых учреждений,true,False,,,,,,x,846.0,,,,,,,5,Прочее денежное посредничество,ОБЛАСТЬ АБАЙ,СЕМЕЙ Г.А.,0
18946163,35424,"Деятельность банков, за исключением, банка, являющегося национальным институтом развития, и его дочерней организации-лизингодателя",true,False,,319580000,883.0,85626000,920.0,441193000,846.0,286708000,1031.0,323140000,994.0,169353000,957.0,5,Прочее денежное посредничество,ОБЛАСТЬ АБАЙ,СЕМЕЙ Г.А.,0
448667,5189713,Деятельность холдинговых компаний,false,False,,,,,,,,20049000,1031.0,x,994.0,,,3,"Финансовое посредничество, кроме страхования и пенсионного обеспечения",ОБЛАСТЬ АБАЙ,СЕМЕЙ Г.А.,0
448668,5219391,Деятельность холдинговых компаний,false,False,,,,,,,,20049000,1031.0,x,994.0,,,4,Деятельность холдинговых компаний,ОБЛАСТЬ АБАЙ,СЕМЕЙ Г.А.,0
448669,5220696,Деятельность холдинговых компаний,true,False,,,,,,,,20049000,1031.0,x,994.0,,,5,Деятельность холдинговых компаний,ОБЛАСТЬ АБАЙ,СЕМЕЙ Г.А.,0
448673,121491,"Прочее финансовое посредничество, кроме страхования и пенсионного обеспечения",false,False,,9491000,883.0,12141000,920.0,15179000,846.0,39959000,1031.0,29863000,994.0,33375000,957.0,3,"Финансовое посредничество, кроме страхования и пенсионного обеспечения",ОБЛАСТЬ АБАЙ,СЕМЕЙ Г.А.,0
448676,121487,Прочие виды кредитования,false,False,,9491000,883.0,10978000,920.0,15179000,846.0,39959000,1031.0,29863000,994.0,33375000,957.0,4,"Прочее финансовое посредничество, кроме страхования и пенсионного обеспечения",ОБЛАСТЬ АБАЙ,СЕМЕЙ Г.А.,0
448677,1317200,Деятельность ломбардов,true,False,,x,883.0,x,920.0,6409000,846.0,x,1031.0,x,994.0,x,957.0,5,Прочие виды кредитования,ОБЛАСТЬ АБАЙ,СЕМЕЙ Г.А.,0
448678,121484,"Прочие виды кредитования, не включенные в другие группировки",true,False,,5283000,883.0,4703000,920.0,8770000,846.0,26845000,1031.0,26010000,994.0,31251000,957.0,5,Прочие виды кредитования,ОБЛАСТЬ АБАЙ,СЕМЕЙ Г.А.,0
448679,2778663,"Прочее финансовое посредничество, кроме страхования и пенсионного обеспечения, не включенное в другие группировки",false,False,,,,x,920.0,,,,,,,,,4,"Прочее финансовое посредничество, кроме страхования и пенсионного обеспечения",ОБЛАСТЬ АБАЙ,СЕМЕЙ Г.А.,0
18946169,2778661,"Другие финансовые услуги, финансирование в различных отраслях экономики, инвестиционная деятельность",true,False,,,,x,920.0,,,,,,,,,5,"Прочее финансовое посредничество, кроме страхования и пенсионного обеспечения, не включенное в другие группировки",ОБЛАСТЬ АБАЙ,СЕМЕЙ Г.А.,0
448681,204714,"Страхование, перестрахование и пенсионной обеспечение, кроме обязательного социального обеспечения",false,False,,1739000,883.0,2896000,920.0,14357000,846.0,92794000,1031.0,76439000,994.0,8853000,957.0,2,Финансовая и страховая деятельность,ОБЛАСТЬ АБАЙ,СЕМЕЙ Г.А.,0
448682,204712,Страхование,false,False,,1739000,883.0,869000,920.0,2204000,846.0,78560000,1031.0,62393000,994.0,4282000,957.0,3,"Страхование, перестрахование и пенсионной обеспечение, кроме обязательного социального обеспечения",ОБЛАСТЬ АБАЙ,СЕМЕЙ Г.А.,0
448683,4106847,Страхование жизни,false,False,,,,x,920.0,,,x,1031.0,1301000,994.0,150000,957.0,4,Страхование,ОБЛАСТЬ АБАЙ,СЕМЕЙ Г.А.,0
448685,4106594,Негосударственное страхование жизни,true,False,,,,x,920.0,,,x,1031.0,1301000,994.0,150000,957.0,5,Страхование жизни,ОБЛАСТЬ АБАЙ,СЕМЕЙ Г.А.,0
448686,204710,Страхование ущерба,false,False,,1739000,883.0,694000,920.0,2204000,846.0,78267000,1031.0,61092000,994.0,4132000,957.0,4,Страхование,ОБЛАСТЬ АБАЙ,СЕМЕЙ Г.А.,0
448688,204708,Негосударственное страхование ущерба,true,False,,1739000,883.0,694000,920.0,2204000,846.0,78267000,1031.0,61092000,994.0,4132000,957.0,5,Страхование ущерба,ОБЛАСТЬ АБАЙ,СЕМЕЙ Г.А.,0
448692,1328768,Пенсионное обеспечение,false,False,,,,x,920.0,x,846.0,14234000,1031.0,x,994.0,x,957.0,3,"Страхование, перестрахование и пенсионной обеспечение, кроме обязательного социального обеспечения",ОБЛАСТЬ АБАЙ,СЕМЕЙ Г.А.,0
448693,1255020,Пенсионное обеспечение,false,False,,,,x,920.0,x,846.0,14234000,1031.0,x,994.0,x,957.0,4,Пенсионное обеспечение,ОБЛАСТЬ АБАЙ,СЕМЕЙ Г.А.,0
448694,1357594,Государственное пенсионное обеспечение,true,False,,,,x,920.0,x,846.0,14234000,1031.0,x,994.0,x,957.0,5,Пенсионное обеспечение,ОБЛАСТЬ АБАЙ,СЕМЕЙ Г.А.,0
448696,617608,Вспомогательная деятельность в сфере финансовых услуг и страхования,false,False,,,,,,x,846.0,,,,,,,2,Финансовая и страховая деятельность,ОБЛАСТЬ АБАЙ,СЕМЕЙ Г.А.,0
448697,1328560,"Вспомогательная деятельность в сфере финансовых услуг, кроме страхования и пенсионного обеспечения ",false,False,,,,,,x,846.0,,,,,,,3,Вспомогательная деятельность в сфере финансовых услуг и страхования,ОБЛАСТЬ АБАЙ,СЕМЕЙ Г.А.,0
448700,1382342,Брокерская деятельность по сделкам с ценными бумагами и товарами,false,False,,,,,,x,846.0,,,,,,,4,"Вспомогательная деятельность в сфере финансовых услуг, кроме страхования и пенсионного обеспечения ",ОБЛАСТЬ АБАЙ,СЕМЕЙ Г.А.,0
448701,1281204,Брокерские услуги по контрактам на ценные бумаги и товары,true,False,,,,,,x,846.0,,,,,,,5,Брокерская деятельность по сделкам с ценными бумагами и товарами,ОБЛАСТЬ АБАЙ,СЕМЕЙ Г.А.,0
448714,121482,Операции с недвижимым имуществом,false,False,,28755877000,883.0,34301689000,920.0,15443286000,846.0,59377614000,1031.0,57548426000,994.0,51651199000,957.0,1,Всего,ОБЛАСТЬ АБАЙ,СЕМЕЙ Г.А.,0
448715,121478,Операции с недвижимым имуществом,false,False,,28755877000,883.0,34301689000,920.0,15443286000,846.0,59377614000,1031.0,57548426000,994.0,51651199000,957.0,2,Операции с недвижимым имуществом,ОБЛАСТЬ АБАЙ,СЕМЕЙ Г.А.,0
448716,121473,Покупка и продажа собственного недвижимого имущества ,false,False,,28555829000,883.0,33794947000,920.0,15228389000,846.0,58532587000,1031.0,55849664000,994.0,50747724000,957.0,3,Операции с недвижимым имуществом,ОБЛАСТЬ АБАЙ,СЕМЕЙ Г.А.,0
448717,121465,Покупка и продажа собственного недвижимого имущества ,false,False,,28555829000,883.0,33794947000,920.0,15228389000,846.0,58532587000,1031.0,55849664000,994.0,50747724000,957.0,4,Покупка и продажа собственного недвижимого имущества ,ОБЛАСТЬ АБАЙ,СЕМЕЙ Г.А.,0
543091,121463,Покупка и продажа многоквартирных и жилых домов (особняков),true,False,,28555829000,883.0,33794947000,920.0,15123306000,846.0,58532587000,1031.0,55674981000,994.0,50747724000,957.0,5,Покупка и продажа собственного недвижимого имущества ,ОБЛАСТЬ АБАЙ,СЕМЕЙ Г.А.,0
543092,1344969,Покупка и продажа прочей недвижимости,true,False,,,,,,105083000,846.0,,,x,994.0,,,5,Покупка и продажа собственного недвижимого имущества ,ОБЛАСТЬ АБАЙ,СЕМЕЙ Г.А.,0
448719,121461,Аренда и управление собственной или арендуемой недвижимостью,false,False,,200048000,883.0,506742000,920.0,214897000,846.0,845027000,1031.0,1698762000,994.0,903475000,957.0,3,Операции с недвижимым имуществом,ОБЛАСТЬ АБАЙ,СЕМЕЙ Г.А.,0
448720,121456,Аренда и управление собственной или арендуемой недвижимостью,false,False,,200048000,883.0,506742000,920.0,214897000,846.0,845027000,1031.0,1698762000,994.0,903475000,957.0,4,Аренда и управление собственной или арендуемой недвижимостью,ОБЛАСТЬ АБАЙ,СЕМЕЙ Г.А.,0
18946171,121448,Аренда и управление собственной недвижимостью,true,False,,116075000,883.0,201745000,920.0,89615000,846.0,,,1118797000,994.0,873417000,957.0,5,Аренда и управление собственной или арендуемой недвижимостью,ОБЛАСТЬ АБАЙ,СЕМЕЙ Г.А.,0
18951451,1320643,Аренда (субаренда) и эксплуатация арендуемой недвижимости,true,False,,,,,,x,846.0,,,x,994.0,,,5,Аренда и управление собственной или арендуемой недвижимостью,ОБЛАСТЬ АБАЙ,СЕМЕЙ Г.А.,0
18951452,204658,Аренда (субаренда) и управление собственным или арендованным торговым рынком,true,False,,83973000,883.0,304997000,920.0,123231000,846.0,x,1031.0,579248000,994.0,30058000,957.0,5,Аренда и управление собственной или арендуемой недвижимостью,ОБЛАСТЬ АБАЙ,СЕМЕЙ Г.А.,0
77264171,5567503,Аренда (субаренда) и управление собственной или арендованной жилой недвижимостью,true,False,,,,,,,,175337000,1031.0,,,,,5,Аренда и управление собственной или арендуемой недвижимостью,ОБЛАСТЬ АБАЙ,СЕМЕЙ Г.А.,0
77264172,5870060,"Аренда (субаренда) и управление собственными или арендованными бизнес-центром, офисными помещениями, административным зданием",true,False,,,,,,,,660000000,1031.0,,,,,5,Аренда и управление собственной или арендуемой недвижимостью,ОБЛАСТЬ АБАЙ,СЕМЕЙ Г.А.,0
77264182,5950849,"Аренда (субаренда) и управление собственной или арендованной прочей недвижимостью, не включенной в другие группировки",true,False,,,,,,,,x,1031.0,,,,,5,Аренда и управление собственной или арендуемой недвижимостью,ОБЛАСТЬ АБАЙ,СЕМЕЙ Г.А.,0
448728,204654,"Профессиональная, научная и техническая деятельность",false,False,,658911000,883.0,241900000,920.0,1112730000,846.0,227341000,1031.0,217128000,994.0,326280000,957.0,1,Всего,ОБЛАСТЬ АБАЙ,СЕМЕЙ Г.А.,0
448729,656802,Деятельность в области права и бухгалтерского учета,false,False,,,,,,448000,846.0,55000,1031.0,975000,994.0,68717000,957.0,2,"Профессиональная, научная и техническая деятельность",ОБЛАСТЬ АБАЙ,СЕМЕЙ Г.А.,0
448730,1314793,Деятельность в области права,false,False,,,,,,x,846.0,,,,,x,957.0,3,Деятельность в области права и бухгалтерского учета,ОБЛАСТЬ АБАЙ,СЕМЕЙ Г.А.,0
448731,1389846,Деятельность в области права,false,False,,,,,,x,846.0,,,,,x,957.0,4,Деятельность в области права,ОБЛАСТЬ АБАЙ,СЕМЕЙ Г.А.,0
448734,1305539,Прочая деятельность в области права,true,False,,,,,,x,846.0,,,,,x,957.0,5,Деятельность в области права,ОБЛАСТЬ АБАЙ,СЕМЕЙ Г.А.,0
448735,1372910,Деятельность в области бухгалтерского учета и аудита; консультирование по налогообложению,false,False,,,,,,378000,846.0,55000,1031.0,975000,994.0,327000,957.0,3,Деятельность в области права и бухгалтерского учета,ОБЛАСТЬ АБАЙ,СЕМЕЙ Г.А.,0
448736,1250163,Деятельность в области бухгалтерского учета и аудита; консультирование по налогообложению,false,False,,,,,,378000,846.0,55000,1031.0,975000,994.0,327000,957.0,4,Деятельность в области бухгалтерского учета и аудита; консультирование по налогообложению,ОБЛАСТЬ АБАЙ,СЕМЕЙ Г.А.,0
19197019,5472794,Деятельность в области составления счетов и бухгалтерского учета,true,False,,,,,,,,55000,1031.0,975000,994.0,,,5,Деятельность в области бухгалтерского учета и аудита; консультирование по налогообложению,ОБЛАСТЬ АБАЙ,СЕМЕЙ Г.А.,0
19197022,1296607,Консультирование в области налогообложения,true,False,,,,,,378000,846.0,,,,,327000,957.0,5,Деятельность в области бухгалтерского учета и аудита; консультирование по налогообложению,ОБЛАСТЬ АБАЙ,СЕМЕЙ Г.А.,0
448738,4034830,Деятельность головных компаний; консультирование по вопросам управления ,false,False,,,,1881000,920.0,,,,,,,1472000,957.0,2,"Профессиональная, научная и техническая деятельность",ОБЛАСТЬ АБАЙ,СЕМЕЙ Г.А.,0
448742,4020213,Деятельность по консультированию по вопросам управления,false,False,,,,1881000,920.0,,,,,,,1472000,957.0,3,Деятельность головных компаний; консультирование по вопросам управления ,ОБЛАСТЬ АБАЙ,СЕМЕЙ Г.А.,0
448745,4039676,Консультирование по вопросам коммерческой деятельности и прочее консультирование по вопросам управления,false,False,,,,1881000,920.0,,,,,,,1472000,957.0,4,Деятельность по консультированию по вопросам управления,ОБЛАСТЬ АБАЙ,СЕМЕЙ Г.А.,0
18946177,4020198,Консультирование по вопросам коммерческой деятельности и управления,true,False,,,,1881000,920.0,,,,,,,1472000,957.0,5,Консультирование по вопросам коммерческой деятельности и прочее консультирование по вопросам управления,ОБЛАСТЬ АБАЙ,СЕМЕЙ Г.А.,0
448747,204650,"Деятельность в области архитектуры, инженерных изысканий, технических испытаний и анализа",false,False,,658015000,883.0,229329000,920.0,1099711000,846.0,200856000,1031.0,184974000,994.0,247383000,957.0,2,"Профессиональная, научная и техническая деятельность",ОБЛАСТЬ АБАЙ,СЕМЕЙ Г.А.,0
448748,204646,"Деятельность в области архитектуры, инженерных изысканий и предоставление технических консультаций в этих областях",false,False,,648803000,883.0,227494000,920.0,1091097000,846.0,64459000,1031.0,139427000,994.0,226942000,957.0,3,"Деятельность в области архитектуры, инженерных изысканий, технических испытаний и анализа",ОБЛАСТЬ АБАЙ,СЕМЕЙ Г.А.,0
448749,204642,Деятельность в области архитектуры,false,False,,62245000,883.0,16595000,920.0,75715000,846.0,18671000,1031.0,96138000,994.0,8697000,957.0,4,"Деятельность в области архитектуры, инженерных изысканий и предоставление технических консультаций в этих областях",ОБЛАСТЬ АБАЙ,СЕМЕЙ Г.А.,0
18951462,204639,"Деятельность в области архитектуры, за исключением объектов атомной промышленности и атомной энергетики  ",true,False,,62245000,883.0,16595000,920.0,75715000,846.0,18671000,1031.0,96138000,994.0,8697000,957.0,5,Деятельность в области архитектуры,ОБЛАСТЬ АБАЙ,СЕМЕЙ Г.А.,0
448751,204636,Деятельность в области инженерных изысканий и предоставление технических консультаций в этой области,false,False,,586558000,883.0,210899000,920.0,1015382000,846.0,45788000,1031.0,43289000,994.0,218245000,957.0,4,"Деятельность в области архитектуры, инженерных изысканий и предоставление технических консультаций в этих областях",ОБЛАСТЬ АБАЙ,СЕМЕЙ Г.А.,0
448753,279090,Деятельность по проведению геологической разведки и изысканий (без научных исследований и разработок),true,False,,577489000,883.0,156030000,920.0,984846000,846.0,,,27777000,994.0,206243000,957.0,5,Деятельность в области инженерных изысканий и предоставление технических консультаций в этой области,ОБЛАСТЬ АБАЙ,СЕМЕЙ Г.А.,0
448754,1324142,Геодезическая деятельность,true,False,,x,883.0,3680000,920.0,29982000,846.0,x,1031.0,,,,,5,Деятельность в области инженерных изысканий и предоставление технических консультаций в этой области,ОБЛАСТЬ АБАЙ,СЕМЕЙ Г.А.,0
448755,1341841,Землеустройство,true,False,,,,,,x,846.0,,,,,,,5,Деятельность в области инженерных изысканий и предоставление технических консультаций в этой области,ОБЛАСТЬ АБАЙ,СЕМЕЙ Г.А.,0
18946179,4275060,Деятельность в области картографии,true,False,,,,x,920.0,,,2388000,1031.0,14812000,994.0,x,957.0,5,Деятельность в области инженерных изысканий и предоставление технических консультаций в этой области,ОБЛАСТЬ АБАЙ,СЕМЕЙ Г.А.,0
18951463,204633,"Деятельность в области инженерно-технического проектирования, за исключением объектов атомной промышленности и атомной энергетики",true,False,,x,883.0,x,920.0,x,846.0,x,1031.0,x,994.0,x,957.0,5,Деятельность в области инженерных изысканий и предоставление технических консультаций в этой области,ОБЛАСТЬ АБАЙ,СЕМЕЙ Г.А.,0
448756,279087,Технические испытания и анализы,false,False,,x,883.0,1835000,920.0,8614000,846.0,136397000,1031.0,x,994.0,x,957.0,3,"Деятельность в области архитектуры, инженерных изысканий, технических испытаний и анализа",ОБЛАСТЬ АБАЙ,СЕМЕЙ Г.А.,0
448757,279085,Технические испытания и анализы,false,False,,x,883.0,1835000,920.0,8614000,846.0,136397000,1031.0,x,994.0,x,957.0,4,Технические испытания и анализы,ОБЛАСТЬ АБАЙ,СЕМЕЙ Г.А.,0
448758,1311937,Деятельность санитарно-эпидемиологических организаций,true,False,,,,,,x,846.0,,,,,,,5,Технические испытания и анализы,ОБЛАСТЬ АБАЙ,СЕМЕЙ Г.А.,0
448760,279083,"Деятельность прочих учреждений, осуществляющих технические испытания и анализы",true,False,,x,883.0,1835000,920.0,x,846.0,136397000,1031.0,x,994.0,x,957.0,5,Технические испытания и анализы,ОБЛАСТЬ АБАЙ,СЕМЕЙ Г.А.,0
448770,623721,Рекламная деятельность и исследование конъюнктуры рынка,false,False,,896000,883.0,10690000,920.0,12571000,846.0,26430000,1031.0,31179000,994.0,8708000,957.0,2,"Профессиональная, научная и техническая деятельность",ОБЛАСТЬ АБАЙ,СЕМЕЙ Г.А.,0
448771,1315117,Рекламная деятельность,false,False,,896000,883.0,10690000,920.0,12571000,846.0,26430000,1031.0,31179000,994.0,8708000,957.0,3,Рекламная деятельность и исследование конъюнктуры рынка,ОБЛАСТЬ АБАЙ,СЕМЕЙ Г.А.,0
448772,1250041,Деятельность рекламных агентств,false,False,,896000,883.0,10690000,920.0,12571000,846.0,26430000,1031.0,31179000,994.0,8708000,957.0,4,Рекламная деятельность,ОБЛАСТЬ АБАЙ,СЕМЕЙ Г.А.,0
448773,1293862,Деятельность рекламных агентств,true,False,,896000,883.0,10690000,920.0,12571000,846.0,26430000,1031.0,31179000,994.0,8708000,957.0,5,Деятельность рекламных агентств,ОБЛАСТЬ АБАЙ,СЕМЕЙ Г.А.,0
448797,35418,Деятельность в области административного и вспомогательного обслуживания,false,False,,2889948000,883.0,7343279000,920.0,1861450000,846.0,154054000,1031.0,2179228000,994.0,4809940000,957.0,1,Всего,ОБЛАСТЬ АБАЙ,СЕМЕЙ Г.А.,0
448798,670148,"Аренда, прокат и лизинг",false,False,,x,883.0,785295000,920.0,x,846.0,,,x,994.0,x,957.0,2,Деятельность в области административного и вспомогательного обслуживания,ОБЛАСТЬ АБАЙ,СЕМЕЙ Г.А.,0
448799,2857416,Аренда и лизинг автомобилей ,false,False,,x,883.0,x,920.0,,,,,x,994.0,x,957.0,3,"Аренда, прокат и лизинг",ОБЛАСТЬ АБАЙ,СЕМЕЙ Г.А.,0
448802,2857413,Аренда и лизинг грузовых автомобилей,false,False,,x,883.0,x,920.0,,,,,x,994.0,x,957.0,4,Аренда и лизинг автомобилей ,ОБЛАСТЬ АБАЙ,СЕМЕЙ Г.А.,0
543077,2857410,Аренда грузовых автомобилей,true,False,,x,883.0,x,920.0,,,,,x,994.0,x,957.0,5,Аренда и лизинг грузовых автомобилей,ОБЛАСТЬ АБАЙ,СЕМЕЙ Г.А.,0
448811,1401962,"Аренда и лизинг прочих машин, оборудования и материальных активов",false,False,,,,784037000,920.0,x,846.0,,,,,,,3,"Аренда, прокат и лизинг",ОБЛАСТЬ АБАЙ,СЕМЕЙ Г.А.,0
448822,1394142,"Аренда и лизинг прочих машин, оборудования и материальных активов, не включенных в другие группировки",false,False,,,,784037000,920.0,x,846.0,,,,,,,4,"Аренда и лизинг прочих машин, оборудования и материальных активов",ОБЛАСТЬ АБАЙ,СЕМЕЙ Г.А.,0
543089,1306100,"Аренда прочих машин, оборудования и материальных активов, не включенных в другие группировки",true,False,,,,784037000,920.0,x,846.0,,,,,,,5,"Аренда и лизинг прочих машин, оборудования и материальных активов, не включенных в другие группировки",ОБЛАСТЬ АБАЙ,СЕМЕЙ Г.А.,0
448837,623570,"Деятельность туристских агентств и операторов, бронирование и сопутствующая деятельность",false,False,,,,,,439000,846.0,,,,,,,2,Деятельность в области административного и вспомогательного обслуживания,ОБЛАСТЬ АБАЙ,СЕМЕЙ Г.А.,0
448838,1388765,Деятельность туристских агентств и операторов,false,False,,,,,,439000,846.0,,,,,,,3,"Деятельность туристских агентств и операторов, бронирование и сопутствующая деятельность",ОБЛАСТЬ АБАЙ,СЕМЕЙ Г.А.,0
448839,1415234,Деятельность туристских агентств,false,False,,,,,,439000,846.0,,,,,,,4,Деятельность туристских агентств и операторов,ОБЛАСТЬ АБАЙ,СЕМЕЙ Г.А.,0
448840,1316537,Деятельность туристских агентств,true,False,,,,,,439000,846.0,,,,,,,5,Деятельность туристских агентств,ОБЛАСТЬ АБАЙ,СЕМЕЙ Г.А.,0
448846,121435,Деятельность по обеспечению безопасности и проведению расследований,false,False,,2059000,883.0,16712000,920.0,14186000,846.0,154054000,1031.0,24824000,994.0,29770000,957.0,2,Деятельность в области административного и вспомогательного обслуживания,ОБЛАСТЬ АБАЙ,СЕМЕЙ Г.А.,0
448847,121433,Деятельность по обеспечению безопасности частных лиц и имущества,false,False,,2059000,883.0,16712000,920.0,14186000,846.0,154054000,1031.0,24824000,994.0,29770000,957.0,3,Деятельность по обеспечению безопасности и проведению расследований,ОБЛАСТЬ АБАЙ,СЕМЕЙ Г.А.,0
448848,121430,Деятельность по обеспечению безопасности частных лиц и имущества,false,False,,2059000,883.0,16712000,920.0,14186000,846.0,154054000,1031.0,24824000,994.0,29770000,957.0,4,Деятельность по обеспечению безопасности частных лиц и имущества,ОБЛАСТЬ АБАЙ,СЕМЕЙ Г.А.,0
18946195,121428,Деятельность частных охранных служб,true,False,,1846000,883.0,16571000,920.0,14186000,846.0,151299000,1031.0,824000,994.0,29770000,957.0,5,Деятельность по обеспечению безопасности частных лиц и имущества,ОБЛАСТЬ АБАЙ,СЕМЕЙ Г.А.,0
18946196,2886836,"Деятельность охранных организаций, учрежденных национальными компаниями",true,False,,x,883.0,x,920.0,,,2755000,1031.0,x,994.0,,,5,Деятельность по обеспечению безопасности частных лиц и имущества,ОБЛАСТЬ АБАЙ,СЕМЕЙ Г.А.,0
448856,311391,Деятельность по обслуживанию зданий и благоустройству территорий,false,False,,2859291000,883.0,6541272000,920.0,1226060000,846.0,,,2100000000,994.0,4750420000,957.0,2,Деятельность в области административного и вспомогательного обслуживания,ОБЛАСТЬ АБАЙ,СЕМЕЙ Г.А.,0
448857,5099550,Комплексное обслуживание объектов,false,False,,,,,,,,,,,,x,957.0,3,Деятельность по обслуживанию зданий и благоустройству территорий,ОБЛАСТЬ АБАЙ,СЕМЕЙ Г.А.,0
448858,5098863,Комплексное обслуживание объектов,false,False,,,,,,,,,,,,x,957.0,4,Комплексное обслуживание объектов,ОБЛАСТЬ АБАЙ,СЕМЕЙ Г.А.,0
448859,5098606,Комплексное обслуживание объектов,true,False,,,,,,,,,,,,x,957.0,5,Комплексное обслуживание объектов,ОБЛАСТЬ АБАЙ,СЕМЕЙ Г.А.,0
448860,5183918,Деятельность по уборке,false,False,,,,,,,,,,x,994.0,,,3,Деятельность по обслуживанию зданий и благоустройству территорий,ОБЛАСТЬ АБАЙ,СЕМЕЙ Г.А.,0
448865,5160077,Прочая деятельность по уборке,false,False,,,,,,,,,,x,994.0,,,4,Деятельность по уборке,ОБЛАСТЬ АБАЙ,СЕМЕЙ Г.А.,0
448866,5161412,Прочая деятельность по уборке,true,False,,,,,,,,,,x,994.0,,,5,Прочая деятельность по уборке,ОБЛАСТЬ АБАЙ,СЕМЕЙ Г.А.,0
448867,311386,Деятельность по благоустройству территорий,false,False,,2859291000,883.0,6541272000,920.0,1226060000,846.0,,,2000000000,994.0,4714107000,957.0,3,Деятельность по обслуживанию зданий и благоустройству территорий,ОБЛАСТЬ АБАЙ,СЕМЕЙ Г.А.,0
448868,311381,Деятельность по благоустройству территорий,false,False,,2859291000,883.0,6541272000,920.0,1226060000,846.0,,,2000000000,994.0,4714107000,957.0,4,Деятельность по благоустройству территорий,ОБЛАСТЬ АБАЙ,СЕМЕЙ Г.А.,0
448869,311376,Деятельность по благоустройству территорий,true,False,,2859291000,883.0,6541272000,920.0,1226060000,846.0,,,2000000000,994.0,4714107000,957.0,5,Деятельность по благоустройству территорий,ОБЛАСТЬ АБАЙ,СЕМЕЙ Г.А.,0
448870,684590,"Деятельность в области офисного административного и вспомогательного обслуживания, направленная на поддержание коммерческой деятельности",false,False,,,,,,x,846.0,,,,,,,2,Деятельность в области административного и вспомогательного обслуживания,ОБЛАСТЬ АБАЙ,СЕМЕЙ Г.А.,0
448876,1310548,Деятельность телефонных справочно-информационных служб,false,False,,,,,,x,846.0,,,,,,,3,"Деятельность в области офисного административного и вспомогательного обслуживания, направленная на поддержание коммерческой деятельности",ОБЛАСТЬ АБАЙ,СЕМЕЙ Г.А.,0
448877,1306562,Деятельность телефонных справочно-информационных служб,false,False,,,,,,x,846.0,,,,,,,4,Деятельность телефонных справочно-информационных служб,ОБЛАСТЬ АБАЙ,СЕМЕЙ Г.А.,0
448878,1310239,Деятельность телефонных справочно-информационных служб,true,False,,,,,,x,846.0,,,,,,,5,Деятельность телефонных справочно-информационных служб,ОБЛАСТЬ АБАЙ,СЕМЕЙ Г.А.,0
448889,311371,Государственное управление и оборона; обязательное  социальное обеспечение,false,False,,384708000,883.0,117440000,920.0,145543000,846.0,11629256000,1031.0,16125860000,994.0,52731000,957.0,1,Всего,ОБЛАСТЬ АБАЙ,СЕМЕЙ Г.А.,0
448890,311368,Государственное управление и оборона; обязательное социальное обеспечение,false,False,,384708000,883.0,117440000,920.0,145543000,846.0,11629256000,1031.0,16125860000,994.0,52731000,957.0,2,Государственное управление и оборона; обязательное  социальное обеспечение,ОБЛАСТЬ АБАЙ,СЕМЕЙ Г.А.,0
448891,1282069,Государственное управление общего характера и управление социально-экономическое политикой общества,false,False,,120411000,883.0,x,920.0,21990000,846.0,9455213000,1031.0,13656173000,994.0,38274000,957.0,3,Государственное управление и оборона; обязательное социальное обеспечение,ОБЛАСТЬ АБАЙ,СЕМЕЙ Г.А.,0
448892,1329609,Государственное управление общего характера,false,False,,x,883.0,,,x,846.0,5152479000,1031.0,7717499000,994.0,,,4,Государственное управление общего характера и управление социально-экономическое политикой общества,ОБЛАСТЬ АБАЙ,СЕМЕЙ Г.А.,0
448894,5221185,Деятельность региональных органов управления,true,False,,,,,,,,602739000,1031.0,3557378000,994.0,,,5,Государственное управление общего характера,ОБЛАСТЬ АБАЙ,СЕМЕЙ Г.А.,0
448895,2778657,Деятельность местных органов управления,true,False,,x,883.0,,,,,4540220000,1031.0,4151726000,994.0,,,5,Государственное управление общего характера,ОБЛАСТЬ АБАЙ,СЕМЕЙ Г.А.,0
448896,1377568,Деятельность сельских и поселковых органов управления,true,False,,,,,,x,846.0,,,,,,,5,Государственное управление общего характера,ОБЛАСТЬ АБАЙ,СЕМЕЙ Г.А.,0
448897,5328171,"Деятельность, связанная с налогообложением",true,False,,,,,,,,9520000,1031.0,8395000,994.0,,,5,Государственное управление общего характера,ОБЛАСТЬ АБАЙ,СЕМЕЙ Г.А.,0
448900,1251430,"Регулирование деятельности учреждений здравоохранения, образования, культуры и других социальных услуг, кроме социального обеспечения ",false,False,,x,883.0,x,920.0,x,846.0,4096992000,1031.0,4967370000,994.0,38274000,957.0,4,Государственное управление общего характера и управление социально-экономическое политикой общества,ОБЛАСТЬ АБАЙ,СЕМЕЙ Г.А.,0
448901,1384020,"Регулирование деятельности учреждений здравоохранения, образования, культуры и других социальных услуг, кроме социального обеспечения ",true,False,,x,883.0,x,920.0,x,846.0,4096992000,1031.0,4967370000,994.0,38274000,957.0,5,"Регулирование деятельности учреждений здравоохранения, образования, культуры и других социальных услуг, кроме социального обеспечения ",ОБЛАСТЬ АБАЙ,СЕМЕЙ Г.А.,0
448902,5330626,Регулирование и содействие эффективному ведению экономической деятельности,false,False,,,,,,,,205742000,1031.0,971304000,994.0,,,4,Государственное управление общего характера и управление социально-экономическое политикой общества,ОБЛАСТЬ АБАЙ,СЕМЕЙ Г.А.,0
448903,5330119,Регулирование и содействие эффективному ведению экономической деятельности,true,False,,,,,,,,205742000,1031.0,971304000,994.0,,,5,Регулирование и содействие эффективному ведению экономической деятельности,ОБЛАСТЬ АБАЙ,СЕМЕЙ Г.А.,0
448904,311365,Предоставление государством услуг обществу в целом,false,False,,264297000,883.0,x,920.0,x,846.0,2174043000,1031.0,2469687000,994.0,x,957.0,3,Государственное управление и оборона; обязательное социальное обеспечение,ОБЛАСТЬ АБАЙ,СЕМЕЙ Г.А.,0
448907,311362,Оборонная деятельность,false,False,,x,883.0,x,920.0,x,846.0,,,,,,,4,Предоставление государством услуг обществу в целом,ОБЛАСТЬ АБАЙ,СЕМЕЙ Г.А.,0
448908,311360,Оборонная деятельность,true,False,,x,883.0,x,920.0,x,846.0,,,,,,,5,Оборонная деятельность,ОБЛАСТЬ АБАЙ,СЕМЕЙ Г.А.,0
448909,2886834,Деятельность в области юстиции и правосудия,false,False,,x,883.0,,,,,,,273000,994.0,x,957.0,4,Предоставление государством услуг обществу в целом,ОБЛАСТЬ АБАЙ,СЕМЕЙ Г.А.,0
448910,2886832,Деятельность в области юстиции и правосудия,true,False,,x,883.0,,,,,,,273000,994.0,x,957.0,5,Деятельность в области юстиции и правосудия,ОБЛАСТЬ АБАЙ,СЕМЕЙ Г.А.,0
448911,5588461,Деятельность по обеспечению общественного порядка и безопасности,false,False,,,,,,,,855278000,1031.0,745036000,994.0,,,4,Предоставление государством услуг обществу в целом,ОБЛАСТЬ АБАЙ,СЕМЕЙ Г.А.,0
448912,5599251,Деятельность по обеспечению общественного порядка и безопасности,true,False,,,,,,,,855278000,1031.0,745036000,994.0,,,5,Деятельность по обеспечению общественного порядка и безопасности,ОБЛАСТЬ АБАЙ,СЕМЕЙ Г.А.,0
448913,5220889,Деятельность по обеспечению безопасности в чрезвычайных ситуациях,false,False,,,,,,,,1318765000,1031.0,1724378000,994.0,,,4,Предоставление государством услуг обществу в целом,ОБЛАСТЬ АБАЙ,СЕМЕЙ Г.А.,0
448914,5216208,Деятельность по обеспечению безопасности в чрезвычайных ситуациях,true,False,,,,,,,,1318765000,1031.0,1724378000,994.0,,,5,Деятельность по обеспечению безопасности в чрезвычайных ситуациях,ОБЛАСТЬ АБАЙ,СЕМЕЙ Г.А.,0
448918,35416,Образование,false,False,,2427576000,883.0,3536641000,920.0,288244000,846.0,10580717000,1031.0,7072675000,994.0,146950000,957.0,1,Всего,ОБЛАСТЬ АБАЙ,СЕМЕЙ Г.А.,0
448919,35412,Образование,false,False,,2427576000,883.0,3536641000,920.0,288244000,846.0,10580717000,1031.0,7072675000,994.0,146950000,957.0,2,Образование,ОБЛАСТЬ АБАЙ,СЕМЕЙ Г.А.,0
448920,1364587,Дошкольное образование,false,False,,100000,883.0,,,x,846.0,,,43103000,994.0,,,3,Образование,ОБЛАСТЬ АБАЙ,СЕМЕЙ Г.А.,0
448921,1353754,Дошкольное образование,false,False,,100000,883.0,,,x,846.0,,,43103000,994.0,,,4,Дошкольное образование,ОБЛАСТЬ АБАЙ,СЕМЕЙ Г.А.,0
448922,1319226,Дошкольное образование,true,False,,100000,883.0,,,x,846.0,,,43103000,994.0,,,5,Дошкольное образование,ОБЛАСТЬ АБАЙ,СЕМЕЙ Г.А.,0
448926,121384,Среднее образование (2-й и 3-й уровни),false,False,,1657174000,883.0,3311434000,920.0,116778000,846.0,9973914000,1031.0,6595430000,994.0,132215000,957.0,3,Образование,ОБЛАСТЬ АБАЙ,СЕМЕЙ Г.А.,0
448927,35362,Основное и общее среднее образование,false,False,,1586514000,883.0,3268372000,920.0,8233000,846.0,8099551000,1031.0,6496819000,994.0,104987000,957.0,4,Среднее образование (2-й и 3-й уровни),ОБЛАСТЬ АБАЙ,СЕМЕЙ Г.А.,0
448928,35358,Основное и общее среднее образование,true,False,,1586514000,883.0,3268372000,920.0,8233000,846.0,8099551000,1031.0,6496819000,994.0,104987000,957.0,5,Основное и общее среднее образование,ОБЛАСТЬ АБАЙ,СЕМЕЙ Г.А.,0
448929,279076,Техническое и профессиональное среднее образование,false,False,,70660000,883.0,43062000,920.0,108545000,846.0,1874363000,1031.0,98611000,994.0,27228000,957.0,4,Среднее образование (2-й и 3-й уровни),ОБЛАСТЬ АБАЙ,СЕМЕЙ Г.А.,0
448930,1373955,Профессионально-техническое образование,true,False,,58113000,883.0,3000000,920.0,100616000,846.0,7334000,1031.0,,,,,5,Техническое и профессиональное среднее образование,ОБЛАСТЬ АБАЙ,СЕМЕЙ Г.А.,0
448931,279073,Среднее специальное образование,true,False,,12547000,883.0,40062000,920.0,7929000,846.0,1867029000,1031.0,98611000,994.0,27228000,957.0,5,Техническое и профессиональное среднее образование,ОБЛАСТЬ АБАЙ,СЕМЕЙ Г.А.,0
448932,121382,"Высшее образование (5-й, 6-й, 7-й, 8-й уровни)",false,False,,536410000,883.0,222909000,920.0,152020000,846.0,583911000,1031.0,416696000,994.0,,,3,Образование,ОБЛАСТЬ АБАЙ,СЕМЕЙ Г.А.,0
448935,121380,Высшее и послевузовское образование,false,False,,536410000,883.0,222909000,920.0,152020000,846.0,583911000,1031.0,416696000,994.0,,,4,"Высшее образование (5-й, 6-й, 7-й, 8-й уровни)",ОБЛАСТЬ АБАЙ,СЕМЕЙ Г.А.,0
448936,121378,Высшее образование,true,False,,536410000,883.0,222909000,920.0,152020000,846.0,583911000,1031.0,416696000,994.0,,,5,Высшее и послевузовское образование,ОБЛАСТЬ АБАЙ,СЕМЕЙ Г.А.,0
448937,35354,Прочие виды образования,false,False,,233892000,883.0,2298000,920.0,6946000,846.0,22892000,1031.0,17446000,994.0,14735000,957.0,3,Образование,ОБЛАСТЬ АБАЙ,СЕМЕЙ Г.А.,0
448938,311353,Образование в области спорта и отдыха,false,False,,x,883.0,x,920.0,x,846.0,3776000,1031.0,16306000,994.0,x,957.0,4,Прочие виды образования,ОБЛАСТЬ АБАЙ,СЕМЕЙ Г.А.,0
448939,312261,Образование в области спорта и отдыха,true,False,,x,883.0,x,920.0,x,846.0,3776000,1031.0,16306000,994.0,x,957.0,5,Образование в области спорта и отдыха,ОБЛАСТЬ АБАЙ,СЕМЕЙ Г.А.,0
448940,204630,Образование в области культуры,false,False,,232536000,883.0,x,920.0,x,846.0,x,1031.0,x,994.0,x,957.0,4,Прочие виды образования,ОБЛАСТЬ АБАЙ,СЕМЕЙ Г.А.,0
448941,204628,Образование в области культуры,true,False,,232536000,883.0,x,920.0,x,846.0,x,1031.0,x,994.0,x,957.0,5,Образование в области культуры,ОБЛАСТЬ АБАЙ,СЕМЕЙ Г.А.,0
448944,121376,"Прочие виды образования, не включенные в другие группировки",false,False,,x,883.0,,,3472000,846.0,18246000,1031.0,148000,994.0,12231000,957.0,4,Прочие виды образования,ОБЛАСТЬ АБАЙ,СЕМЕЙ Г.А.,0
448946,121374,"Прочая деятельность в области образования, не включенная в другие группировки",true,False,,x,883.0,,,3472000,846.0,18246000,1031.0,148000,994.0,12231000,957.0,5,"Прочие виды образования, не включенные в другие группировки",ОБЛАСТЬ АБАЙ,СЕМЕЙ Г.А.,0
448950,121372,Здравоохранение и социальное обслуживание населения,false,False,,7607862000,883.0,1470901000,920.0,118214000,846.0,4380172000,1031.0,8758928000,994.0,8037363000,957.0,1,Всего,ОБЛАСТЬ АБАЙ,СЕМЕЙ Г.А.,0
448951,35350,Деятельность в области здравоохранения,false,False,,7572824000,883.0,658627000,920.0,118214000,846.0,4174869000,1031.0,8691685000,994.0,1621572000,957.0,2,Здравоохранение и социальное обслуживание населения,ОБЛАСТЬ АБАЙ,СЕМЕЙ Г.А.,0
448952,35347,Деятельность больничных организаций,false,False,,7418979000,883.0,237122000,920.0,7398000,846.0,2239950000,1031.0,3771672000,994.0,979367000,957.0,3,Деятельность в области здравоохранения,ОБЛАСТЬ АБАЙ,СЕМЕЙ Г.А.,0
448953,35345,Деятельность больничных организаций,false,False,,7418979000,883.0,237122000,920.0,7398000,846.0,2239950000,1031.0,3771672000,994.0,979367000,957.0,4,Деятельность больничных организаций,ОБЛАСТЬ АБАЙ,СЕМЕЙ Г.А.,0
448954,35343,Деятельность больниц широкого профиля и специализированных больниц,true,False,,6343948000,883.0,53633000,920.0,7398000,846.0,533963000,1031.0,3200151000,994.0,979367000,957.0,5,Деятельность больничных организаций,ОБЛАСТЬ АБАЙ,СЕМЕЙ Г.А.,0
448955,2778638,Деятельность родильных домов,true,False,,x,883.0,183489000,920.0,,,1705987000,1031.0,549721000,994.0,,,5,Деятельность больничных организаций,ОБЛАСТЬ АБАЙ,СЕМЕЙ Г.А.,0
448958,5221947,"Деятельность других лечебных учреждений, имеющих стационары",true,False,,,,,,,,,,21800000,994.0,,,5,Деятельность больничных организаций,ОБЛАСТЬ АБАЙ,СЕМЕЙ Г.А.,0
448959,121368,Деятельность в области врачебной практики и стоматологии,false,False,,64621000,883.0,77262000,920.0,45018000,846.0,1412016000,1031.0,4283602000,994.0,151859000,957.0,3,Деятельность в области здравоохранения,ОБЛАСТЬ АБАЙ,СЕМЕЙ Г.А.,0
448960,35337,Общая врачебная практика,false,False,,55706000,883.0,x,920.0,29045000,846.0,853648000,1031.0,1342093000,994.0,98344000,957.0,4,Деятельность в области врачебной практики и стоматологии,ОБЛАСТЬ АБАЙ,СЕМЕЙ Г.А.,0
448961,35335,Общая врачебная практика,true,False,,55706000,883.0,x,920.0,29045000,846.0,853648000,1031.0,1342093000,994.0,98344000,957.0,5,Общая врачебная практика,ОБЛАСТЬ АБАЙ,СЕМЕЙ Г.А.,0
448962,1332397,Специальная врачебная практика,false,False,,x,883.0,57569000,920.0,x,846.0,544568000,1031.0,650609000,994.0,53515000,957.0,4,Деятельность в области врачебной практики и стоматологии,ОБЛАСТЬ АБАЙ,СЕМЕЙ Г.А.,0
448963,1332906,Специальная врачебная практика,true,False,,x,883.0,57569000,920.0,x,846.0,544568000,1031.0,650609000,994.0,53515000,957.0,5,Специальная врачебная практика,ОБЛАСТЬ АБАЙ,СЕМЕЙ Г.А.,0
448964,5219629,Стоматологическая деятельность,false,False,,,,,,,,13800000,1031.0,2290900000,994.0,,,4,Деятельность в области врачебной практики и стоматологии,ОБЛАСТЬ АБАЙ,СЕМЕЙ Г.А.,0
448965,5221132,Стоматологическая деятельность,true,False,,,,,,,,13800000,1031.0,2290900000,994.0,,,5,Стоматологическая деятельность,ОБЛАСТЬ АБАЙ,СЕМЕЙ Г.А.,0
448966,121366,Прочая деятельность в области здравоохранения ,false,False,,89224000,883.0,344243000,920.0,65798000,846.0,522903000,1031.0,636411000,994.0,490346000,957.0,3,Деятельность в области здравоохранения,ОБЛАСТЬ АБАЙ,СЕМЕЙ Г.А.,0
448967,121363,Прочая деятельность в области здравоохранения ,false,False,,89224000,883.0,344243000,920.0,65798000,846.0,522903000,1031.0,636411000,994.0,490346000,957.0,4,Прочая деятельность в области здравоохранения ,ОБЛАСТЬ АБАЙ,СЕМЕЙ Г.А.,0
448968,121359,Прочая деятельность в области здравоохранения ,true,False,,89224000,883.0,344243000,920.0,65798000,846.0,,,636411000,994.0,490346000,957.0,5,Прочая деятельность в области здравоохранения ,ОБЛАСТЬ АБАЙ,СЕМЕЙ Г.А.,0
77264187,5584087,"Прочая деятельность в области здравоохранения, не включенная в другие группировки",true,False,,,,,,,,522070000,1031.0,,,,,5,Прочая деятельность в области здравоохранения ,ОБЛАСТЬ АБАЙ,СЕМЕЙ Г.А.,0
77264188,6042487,Деятельность по производству судебно-медицинских экспертиз и исследований,true,False,,,,,,,,833000,1031.0,,,,,5,Прочая деятельность в области здравоохранения ,ОБЛАСТЬ АБАЙ,СЕМЕЙ Г.А.,0
448969,2857402,Деятельность в области социального обслуживания населения с обеспечением проживания ,false,False,,34900000,883.0,812274000,920.0,,,165165000,1031.0,20507000,994.0,6415791000,957.0,2,Здравоохранение и социальное обслуживание населения,ОБЛАСТЬ АБАЙ,СЕМЕЙ Г.А.,0
448973,3980873,"Предоставление специальных социальных услуг с обеспечением проживания лицам, страдающим психическими расстройствами (заболеваниями), задержкой умственного развития и физическими недостатками, алкогольной или наркотической зависимостью",false,False,,,,9690000,920.0,,,2321000,1031.0,10735000,994.0,,,3,Деятельность в области социального обслуживания населения с обеспечением проживания ,ОБЛАСТЬ АБАЙ,СЕМЕЙ Г.А.,0
448974,3980412,"Предоставление специальных социальных услуг с обеспечением проживания лицам, страдающим психическими расстройствами (заболеваниями), задержкой умственного развития и физическими недостатками, алкогольной или наркотической зависимостью",false,False,,,,9690000,920.0,,,2321000,1031.0,10735000,994.0,,,4,"Предоставление специальных социальных услуг с обеспечением проживания лицам, страдающим психическими расстройствами (заболеваниями), задержкой умственного развития и физическими недостатками, алкогольной или наркотической зависимостью",ОБЛАСТЬ АБАЙ,СЕМЕЙ Г.А.,0
448975,3981898,"Предоставление специальных социальных услуг с обеспечением проживания лицам, страдающим психическими расстройствами (заболеваниями), задержкой умственного развития и физическими недостатками, алкогольной или наркотической зависимостью",true,False,,,,9690000,920.0,,,2321000,1031.0,10735000,994.0,,,5,"Предоставление специальных социальных услуг с обеспечением проживания лицам, страдающим психическими расстройствами (заболеваниями), задержкой умственного развития и физическими недостатками, алкогольной или наркотической зависимостью",ОБЛАСТЬ АБАЙ,СЕМЕЙ Г.А.,0
448976,2886803,Предоставление специальных социальных услуг с обеспечением проживания пожилым гражданам и лицам с инвалидностью,false,False,,34900000,883.0,802584000,920.0,,,18550000,1031.0,9772000,994.0,4596791000,957.0,3,Деятельность в области социального обслуживания населения с обеспечением проживания ,ОБЛАСТЬ АБАЙ,СЕМЕЙ Г.А.,0
448977,2886799,Предоставление специальных социальных услуг с обеспечением проживания пожилым гражданам и лицам с инвалидностью,false,False,,34900000,883.0,802584000,920.0,,,18550000,1031.0,9772000,994.0,4596791000,957.0,4,Предоставление специальных социальных услуг с обеспечением проживания пожилым гражданам и лицам с инвалидностью,ОБЛАСТЬ АБАЙ,СЕМЕЙ Г.А.,0
448978,2886795,Предоставление специальных социальных услуг с обеспечением проживания пожилым гражданам и лицам с инвалидностью,true,False,,34900000,883.0,802584000,920.0,,,18550000,1031.0,9772000,994.0,4596791000,957.0,5,Предоставление специальных социальных услуг с обеспечением проживания пожилым гражданам и лицам с инвалидностью,ОБЛАСТЬ АБАЙ,СЕМЕЙ Г.А.,0
18703671,4754113,Предоставление прочих социальных услуг  с обеспечением проживания,false,False,,,,,,,,144294000,1031.0,,,1819000000,957.0,3,Деятельность в области социального обслуживания населения с обеспечением проживания ,ОБЛАСТЬ АБАЙ,СЕМЕЙ Г.А.,0
18703672,4755449,Предоставление прочих социальных услуг  с обеспечением проживания,false,False,,,,,,,,144294000,1031.0,,,1819000000,957.0,4,Предоставление прочих социальных услуг  с обеспечением проживания,ОБЛАСТЬ АБАЙ,СЕМЕЙ Г.А.,0
18703673,4754980,Предоставление прочих социальных услуг  с обеспечением проживания,true,False,,,,,,,,144294000,1031.0,,,1819000000,957.0,5,Предоставление прочих социальных услуг  с обеспечением проживания,ОБЛАСТЬ АБАЙ,СЕМЕЙ Г.А.,0
448982,312259,Деятельность в области социального обслуживания населения без обеспечения проживания ,false,False,,x,883.0,,,,,40138000,1031.0,46736000,994.0,,,2,Здравоохранение и социальное обслуживание населения,ОБЛАСТЬ АБАЙ,СЕМЕЙ Г.А.,0
448986,312256,Предоставление прочих социальных услуг без обеспечения проживания,false,False,,x,883.0,,,,,40138000,1031.0,46736000,994.0,,,3,Деятельность в области социального обслуживания населения без обеспечения проживания ,ОБЛАСТЬ АБАЙ,СЕМЕЙ Г.А.,0
448989,312253,"Предоставление прочих социальных услуг без обеспечения проживания, не включенные в другие группировки",false,False,,x,883.0,,,,,40138000,1031.0,46736000,994.0,,,4,Предоставление прочих социальных услуг без обеспечения проживания,ОБЛАСТЬ АБАЙ,СЕМЕЙ Г.А.,0
448990,312250,"Предоставление прочих социальных услуг без обеспечения проживания, не включенные в другие группировки",true,False,,x,883.0,,,,,40138000,1031.0,46736000,994.0,,,5,"Предоставление прочих социальных услуг без обеспечения проживания, не включенные в другие группировки",ОБЛАСТЬ АБАЙ,СЕМЕЙ Г.А.,0
448991,204574,"Искусство, развлечения и отдых",false,False,,1309749000,883.0,46356000,920.0,18062561000,846.0,3125589000,1031.0,1411169000,994.0,1633417000,957.0,1,Всего,ОБЛАСТЬ АБАЙ,СЕМЕЙ Г.А.,0
448992,643811,"Деятельность в области творчества, искусства и развлечений",false,False,,537684000,883.0,,,482000,846.0,201534000,1031.0,102312000,994.0,1418000,957.0,2,"Искусство, развлечения и отдых",ОБЛАСТЬ АБАЙ,СЕМЕЙ Г.А.,0
448993,1343527,"Деятельность в области творчества, искусства и развлечений",false,False,,537684000,883.0,,,482000,846.0,201534000,1031.0,102312000,994.0,1418000,957.0,3,"Деятельность в области творчества, искусства и развлечений",ОБЛАСТЬ АБАЙ,СЕМЕЙ Г.А.,0
448994,1353354,Артистическая деятельность,false,False,,537684000,883.0,,,482000,846.0,194591000,1031.0,98443000,994.0,1418000,957.0,4,"Деятельность в области творчества, искусства и развлечений",ОБЛАСТЬ АБАЙ,СЕМЕЙ Г.А.,0
448995,1382966,Театральная деятельность,true,False,,537684000,883.0,,,482000,846.0,194591000,1031.0,46973000,994.0,1418000,957.0,5,Артистическая деятельность,ОБЛАСТЬ АБАЙ,СЕМЕЙ Г.А.,0
448996,5329772,Концертная деятельность,true,False,,,,,,,,,,51470000,994.0,,,5,Артистическая деятельность,ОБЛАСТЬ АБАЙ,СЕМЕЙ Г.А.,0
448998,5418856,"Деятельность, способствующая проведению культурно-зрелищных мероприятий",false,False,,,,,,,,6943000,1031.0,3869000,994.0,,,4,"Деятельность в области творчества, искусства и развлечений",ОБЛАСТЬ АБАЙ,СЕМЕЙ Г.А.,0
448999,5418879,"Деятельность, способствующая проведению культурно-зрелищных мероприятий",true,False,,,,,,,,6943000,1031.0,3869000,994.0,,,5,"Деятельность, способствующая проведению культурно-зрелищных мероприятий",ОБЛАСТЬ АБАЙ,СЕМЕЙ Г.А.,0
449004,624134,"Деятельность библиотек, архивов, музеев и прочая деятельность в области культуры",false,False,,,,45356000,920.0,x,846.0,93870000,1031.0,68315000,994.0,4070000,957.0,2,"Искусство, развлечения и отдых",ОБЛАСТЬ АБАЙ,СЕМЕЙ Г.А.,0
449005,1383021,"Деятельность библиотек, архивов, музеев и прочая деятельность в области культуры",false,False,,,,45356000,920.0,x,846.0,93870000,1031.0,68315000,994.0,4070000,957.0,3,"Деятельность библиотек, архивов, музеев и прочая деятельность в области культуры",ОБЛАСТЬ АБАЙ,СЕМЕЙ Г.А.,0
449006,4153913,Деятельность библиотек и архивов,false,False,,,,41197000,920.0,,,93800000,1031.0,61798000,994.0,4070000,957.0,4,"Деятельность библиотек, архивов, музеев и прочая деятельность в области культуры",ОБЛАСТЬ АБАЙ,СЕМЕЙ Г.А.,0
449008,4155863,"Библиотечная деятельность, включая деятельность читальных залов, лекториев, демонстрационных залов",true,False,,,,41197000,920.0,,,93800000,1031.0,58307000,994.0,4070000,957.0,5,Деятельность библиотек и архивов,ОБЛАСТЬ АБАЙ,СЕМЕЙ Г.А.,0
449009,5328725,Деятельность архивов,true,False,,,,,,,,,,x,994.0,,,5,Деятельность библиотек и архивов,ОБЛАСТЬ АБАЙ,СЕМЕЙ Г.А.,0
449011,1329553,Деятельность музеев,false,False,,,,4159000,920.0,x,846.0,70000,1031.0,6517000,994.0,,,4,"Деятельность библиотек, архивов, музеев и прочая деятельность в области культуры",ОБЛАСТЬ АБАЙ,СЕМЕЙ Г.А.,0
449012,1249948,Деятельность музеев,true,False,,,,4159000,920.0,x,846.0,70000,1031.0,6517000,994.0,,,5,Деятельность музеев,ОБЛАСТЬ АБАЙ,СЕМЕЙ Г.А.,0
449022,204568,"Деятельность в области спорта, организации отдыха и развлечений",false,False,,772065000,883.0,1000000,920.0,18062038000,846.0,2830185000,1031.0,1240542000,994.0,1627929000,957.0,2,"Искусство, развлечения и отдых",ОБЛАСТЬ АБАЙ,СЕМЕЙ Г.А.,0
449023,204562,Деятельность в области спорта,false,False,,772065000,883.0,1000000,920.0,18062038000,846.0,24932000,1031.0,575719000,994.0,677929000,957.0,3,"Деятельность в области спорта, организации отдыха и развлечений",ОБЛАСТЬ АБАЙ,СЕМЕЙ Г.А.,0
449024,204556,Эксплуатация спортивных сооружений,false,False,,772065000,883.0,1000000,920.0,18062038000,846.0,23839000,1031.0,575719000,994.0,677929000,957.0,4,Деятельность в области спорта,ОБЛАСТЬ АБАЙ,СЕМЕЙ Г.А.,0
449025,204466,Эксплуатация спортивных сооружений,true,False,,772065000,883.0,1000000,920.0,18062038000,846.0,23839000,1031.0,575719000,994.0,677929000,957.0,5,Эксплуатация спортивных сооружений,ОБЛАСТЬ АБАЙ,СЕМЕЙ Г.А.,0
449030,5748130,Прочая деятельность в области спорта,false,False,,,,,,,,x,1031.0,,,,,4,Деятельность в области спорта,ОБЛАСТЬ АБАЙ,СЕМЕЙ Г.А.,0
449031,5746731,Прочая деятельность в области спорта,true,False,,,,,,,,x,1031.0,,,,,5,Прочая деятельность в области спорта,ОБЛАСТЬ АБАЙ,СЕМЕЙ Г.А.,0
449032,3911873,Деятельность по организации отдыха и развлечений,false,False,,,,,,,,2805253000,1031.0,664823000,994.0,950000000,957.0,3,"Деятельность в области спорта, организации отдыха и развлечений",ОБЛАСТЬ АБАЙ,СЕМЕЙ Г.А.,0
449035,3912329,Прочая деятельность по организации отдыха и развлечений,false,False,,,,,,,,2805253000,1031.0,664823000,994.0,950000000,957.0,4,Деятельность по организации отдыха и развлечений,ОБЛАСТЬ АБАЙ,СЕМЕЙ Г.А.,0
449039,3908522,Прочие виды деятельности по организации отдыха и развлечений,true,False,,,,,,,,2805253000,1031.0,664823000,994.0,950000000,957.0,5,Прочая деятельность по организации отдыха и развлечений,ОБЛАСТЬ АБАЙ,СЕМЕЙ Г.А.,0
449040,121356,Предоставление прочих видов услуг,false,False,,17872000,883.0,119030000,920.0,3251000,846.0,224421000,1031.0,1044000,994.0,x,957.0,1,Всего,ОБЛАСТЬ АБАЙ,СЕМЕЙ Г.А.,0
449057,657303,"Ремонт компьютеров, предметов личного потребления и бытовых товаров",false,False,,x,883.0,3294000,920.0,407000,846.0,x,1031.0,1044000,994.0,x,957.0,2,Предоставление прочих видов услуг,ОБЛАСТЬ АБАЙ,СЕМЕЙ Г.А.,0
449058,1289956,Ремонт компьютеров и коммуникационного оборудования,false,False,,x,883.0,3294000,920.0,407000,846.0,x,1031.0,1044000,994.0,x,957.0,3,"Ремонт компьютеров, предметов личного потребления и бытовых товаров",ОБЛАСТЬ АБАЙ,СЕМЕЙ Г.А.,0
449059,1301468,Ремонт компьютеров и периферийного оборудования,false,False,,x,883.0,3294000,920.0,407000,846.0,x,1031.0,1044000,994.0,x,957.0,4,Ремонт компьютеров и коммуникационного оборудования,ОБЛАСТЬ АБАЙ,СЕМЕЙ Г.А.,0
449060,1403805,Ремонт компьютеров и периферийного оборудования,true,False,,x,883.0,3294000,920.0,407000,846.0,x,1031.0,1044000,994.0,x,957.0,5,Ремонт компьютеров и периферийного оборудования,ОБЛАСТЬ АБАЙ,СЕМЕЙ Г.А.,0
449084,121354,Предоставление прочих индивидуальных услуг,false,False,,17800000,883.0,115736000,920.0,2844000,846.0,220497000,1031.0,,,,,2,Предоставление прочих видов услуг,ОБЛАСТЬ АБАЙ,СЕМЕЙ Г.А.,0
449085,121352,Предоставление прочих индивидуальных услуг,false,False,,17800000,883.0,115736000,920.0,2844000,846.0,220497000,1031.0,,,,,3,Предоставление прочих индивидуальных услуг,ОБЛАСТЬ АБАЙ,СЕМЕЙ Г.А.,0
449089,380628,Предоставление услуг парикмахерскими и салонами красоты,false,False,,,,,,2844000,846.0,,,,,,,4,Предоставление прочих индивидуальных услуг,ОБЛАСТЬ АБАЙ,СЕМЕЙ Г.А.,0
449090,421079,Предоставление услуг парикмахерскими и салонами красоты,true,False,,,,,,2844000,846.0,,,,,,,5,Предоставление услуг парикмахерскими и салонами красоты,ОБЛАСТЬ АБАЙ,СЕМЕЙ Г.А.,0
449093,121350,Деятельность по обеспечению физического комфорта,false,False,,17800000,883.0,105875000,920.0,,,212000000,1031.0,,,,,4,Предоставление прочих индивидуальных услуг,ОБЛАСТЬ АБАЙ,СЕМЕЙ Г.А.,0
449094,121348,Деятельность по обеспечению физического комфорта,true,False,,17800000,883.0,105875000,920.0,,,212000000,1031.0,,,,,5,Деятельность по обеспечению физического комфорта,ОБЛАСТЬ АБАЙ,СЕМЕЙ Г.А.,0
449095,4274629,"Предоставление прочих индивидуальных услуг, не включенных в другие группировки",false,False,,,,x,920.0,,,8497000,1031.0,,,,,4,Предоставление прочих индивидуальных услуг,ОБЛАСТЬ АБАЙ,СЕМЕЙ Г.А.,0
449096,4239201,"Предоставление прочих индивидуальных услуг, не включенных в другие группировки",true,False,,,,x,920.0,,,8497000,1031.0,,,,,5,"Предоставление прочих индивидуальных услуг, не включенных в другие группировки",ОБЛАСТЬ АБАЙ,СЕМЕЙ Г.А.,0
741340,35588,Промышленность,false,False,,31836221000,883.0,40976057000,920.0,21454639000,846.0,38792732000,1031.0,75913196000,994.0,54542912000,957.0,1,Всего,ОБЛАСТЬ АБАЙ,СЕМЕЙ Г.А.,0
447279,121847,Горнодобывающая промышленность и разработка карьеров,false,False,,1633913000,883.0,3171790000,920.0,1017817000,846.0,3162004000,1031.0,3073220000,994.0,2799466000,957.0,2,Промышленность,ОБЛАСТЬ АБАЙ,СЕМЕЙ Г.А.,0
447280,121843,Добыча угля ,false,False,,847873000,883.0,2603293000,920.0,942149000,846.0,2658606000,1031.0,3005108000,994.0,2339214000,957.0,3,Горнодобывающая промышленность и разработка карьеров,ОБЛАСТЬ АБАЙ,СЕМЕЙ Г.А.,0
447281,35583,Добыча каменного угля,false,False,,847873000,883.0,2603293000,920.0,942149000,846.0,2658606000,1031.0,3005108000,994.0,2339214000,957.0,4,Добыча угля ,ОБЛАСТЬ АБАЙ,СЕМЕЙ Г.А.,0
447282,35579,Добыча каменного угля,false,False,,847873000,883.0,2603293000,920.0,942149000,846.0,2658606000,1031.0,3005108000,994.0,2339214000,957.0,5,Добыча каменного угля,ОБЛАСТЬ АБАЙ,СЕМЕЙ Г.А.,0
447283,35575,Добыча каменного угля открытым способом,true,False,,x,883.0,1101445000,920.0,x,846.0,x,1031.0,2082741000,994.0,2207633000,957.0,6,Добыча каменного угля,ОБЛАСТЬ АБАЙ,СЕМЕЙ Г.А.,0
447285,35571,Обогащение каменного угля,true,False,,187467000,883.0,1501848000,920.0,506101000,846.0,1370327000,1031.0,922367000,994.0,131581000,957.0,6,Добыча каменного угля,ОБЛАСТЬ АБАЙ,СЕМЕЙ Г.А.,0
447298,279377,Добыча металлических руд,false,False,,735721000,883.0,567777000,920.0,17516000,846.0,181495000,1031.0,x,994.0,297463000,957.0,3,Горнодобывающая промышленность и разработка карьеров,ОБЛАСТЬ АБАЙ,СЕМЕЙ Г.А.,0
447299,1308122,Добыча железных руд,false,False,,,,,,14454000,846.0,,,,,,,4,Добыча металлических руд,ОБЛАСТЬ АБАЙ,СЕМЕЙ Г.А.,0
447300,1402339,Добыча железных руд,false,False,,,,,,14454000,846.0,,,,,,,5,Добыча железных руд,ОБЛАСТЬ АБАЙ,СЕМЕЙ Г.А.,0
447302,1325717,Добыча железных руд открытым способом,true,False,,,,,,14454000,846.0,,,,,,,6,Добыча железных руд,ОБЛАСТЬ АБАЙ,СЕМЕЙ Г.А.,0
447303,279375,"Добыча руд, кроме железных ",false,False,,735721000,883.0,567777000,920.0,3062000,846.0,181495000,1031.0,x,994.0,297463000,957.0,4,Добыча металлических руд,ОБЛАСТЬ АБАЙ,СЕМЕЙ Г.А.,0
447306,279373,Добыча прочих металлических руд,false,False,,735721000,883.0,567777000,920.0,3062000,846.0,181495000,1031.0,x,994.0,297463000,957.0,5,"Добыча руд, кроме железных ",ОБЛАСТЬ АБАЙ,СЕМЕЙ Г.А.,0
447308,2807864,Добыча и обогащение медной руды,true,False,,730627000,883.0,x,920.0,,,x,1031.0,,,x,957.0,6,Добыча прочих металлических руд,ОБЛАСТЬ АБАЙ,СЕМЕЙ Г.А.,0
447309,4525724,Добыча и обогащение свинцово-цинковой руды,true,False,,,,,,,,,,,,x,957.0,6,Добыча прочих металлических руд,ОБЛАСТЬ АБАЙ,СЕМЕЙ Г.А.,0
447314,279371,Добыча драгоценных металлов и руд редких металлов,true,False,,5094000,883.0,65523000,920.0,3062000,846.0,147059000,1031.0,x,994.0,x,957.0,6,Добыча прочих металлических руд,ОБЛАСТЬ АБАЙ,СЕМЕЙ Г.А.,0
447316,204730,Добыча прочих полезных ископаемых,false,False,,50319000,883.0,x,920.0,x,846.0,126318000,1031.0,26643000,994.0,153745000,957.0,3,Горнодобывающая промышленность и разработка карьеров,ОБЛАСТЬ АБАЙ,СЕМЕЙ Г.А.,0
447317,2826207,"Добыча камня, песка и глины",false,False,,x,883.0,,,,,102916000,1031.0,26643000,994.0,x,957.0,4,Добыча прочих полезных ископаемых,ОБЛАСТЬ АБАЙ,СЕМЕЙ Г.А.,0
447318,2826203,"Добыча отделочного и строительного камня, известняка, гипса, мела и сланцев",false,False,,,,,,,,x,1031.0,1932000,994.0,x,957.0,5,"Добыча камня, песка и глины",ОБЛАСТЬ АБАЙ,СЕМЕЙ Г.А.,0
447319,2826202,Добыча отделочного и строительного камня,true,False,,,,,,,,x,1031.0,1932000,994.0,x,957.0,6,"Добыча отделочного и строительного камня, известняка, гипса, мела и сланцев",ОБЛАСТЬ АБАЙ,СЕМЕЙ Г.А.,0
447322,3533835,"Разработка гравийных и песчаных карьеров, добыча глины и каолина",false,False,,x,883.0,,,,,80740000,1031.0,24711000,994.0,,,5,"Добыча камня, песка и глины",ОБЛАСТЬ АБАЙ,СЕМЕЙ Г.А.,0
447323,3519350,Разработка гравийных и песчаных карьеров,true,False,,x,883.0,,,,,80740000,1031.0,24711000,994.0,,,6,"Разработка гравийных и песчаных карьеров, добыча глины и каолина",ОБЛАСТЬ АБАЙ,СЕМЕЙ Г.А.,0
447325,204727,"Добыча полезных ископаемых, не включенных в другие группировки",false,False,,x,883.0,x,920.0,x,846.0,23402000,1031.0,,,x,957.0,4,Добыча прочих полезных ископаемых,ОБЛАСТЬ АБАЙ,СЕМЕЙ Г.А.,0
447326,1423032,Добыча минерального сырья для химической промышленности и производства удобрений,false,False,,,,,,x,846.0,,,,,,,5,"Добыча полезных ископаемых, не включенных в другие группировки",ОБЛАСТЬ АБАЙ,СЕМЕЙ Г.А.,0
447327,1361362,Добыча минерального сырья для химической промышленности и производства удобрений,true,False,,,,,,x,846.0,,,,,,,6,Добыча минерального сырья для химической промышленности и производства удобрений,ОБЛАСТЬ АБАЙ,СЕМЕЙ Г.А.,0
447330,204724,Добыча соли,false,False,,x,883.0,x,920.0,,,23402000,1031.0,,,x,957.0,5,"Добыча полезных ископаемых, не включенных в другие группировки",ОБЛАСТЬ АБАЙ,СЕМЕЙ Г.А.,0
447331,204721,Добыча соли,true,False,,x,883.0,x,920.0,,,23402000,1031.0,,,x,957.0,6,Добыча соли,ОБЛАСТЬ АБАЙ,СЕМЕЙ Г.А.,0
447339,4102088,Предоставление услуг в горнодобывающей промышленности,false,False,,,,315000,920.0,,,x,1031.0,,,x,957.0,3,Горнодобывающая промышленность и разработка карьеров,ОБЛАСТЬ АБАЙ,СЕМЕЙ Г.А.,0
447343,4101663,"Предоставление услуг, способствующих добыче других полезных ископаемых",false,False,,,,315000,920.0,,,x,1031.0,,,x,957.0,4,Предоставление услуг в горнодобывающей промышленности,ОБЛАСТЬ АБАЙ,СЕМЕЙ Г.А.,0
447344,4107298,"Предоставление услуг, способствующих добыче других полезных ископаемых",false,False,,,,315000,920.0,,,x,1031.0,,,x,957.0,5,"Предоставление услуг, способствующих добыче других полезных ископаемых",ОБЛАСТЬ АБАЙ,СЕМЕЙ Г.А.,0
447345,4100661,"Предоставление услуг, способствующих добыче других полезных ископаемых",true,False,,,,315000,920.0,,,x,1031.0,,,x,957.0,6,"Предоставление услуг, способствующих добыче других полезных ископаемых",ОБЛАСТЬ АБАЙ,СЕМЕЙ Г.А.,0
447346,35569,Обрабатывающая промышленность,false,False,,18047190000,883.0,23903695000,920.0,9632060000,846.0,14547566000,1031.0,35174136000,994.0,26708523000,957.0,2,Промышленность,ОБЛАСТЬ АБАЙ,СЕМЕЙ Г.А.,0
447347,35564,Производство продуктов питания,false,False,,6240669000,883.0,2706573000,920.0,454476000,846.0,2219081000,1031.0,3034825000,994.0,3387669000,957.0,3,Обрабатывающая промышленность,ОБЛАСТЬ АБАЙ,СЕМЕЙ Г.А.,0
447348,3529107,Переработка и консервирование мяса и производство мясной продукции,false,False,,73682000,883.0,24605000,920.0,,,1196299000,1031.0,78912000,994.0,195474000,957.0,4,Производство продуктов питания,ОБЛАСТЬ АБАЙ,СЕМЕЙ Г.А.,0
447349,5014769,Переработка и консервирование мяса,false,False,,,,,,,,1009679000,1031.0,126000,994.0,,,5,Переработка и консервирование мяса и производство мясной продукции,ОБЛАСТЬ АБАЙ,СЕМЕЙ Г.А.,0
447350,5008901,Переработка и консервирование мяса,true,False,,,,,,,,1009679000,1031.0,126000,994.0,,,6,Переработка и консервирование мяса,ОБЛАСТЬ АБАЙ,СЕМЕЙ Г.А.,0
447353,3533799,Производство продуктов из мяса и мяса сельскохозяйственной птицы ,false,False,,73682000,883.0,24605000,920.0,,,186620000,1031.0,78786000,994.0,195474000,957.0,5,Переработка и консервирование мяса и производство мясной продукции,ОБЛАСТЬ АБАЙ,СЕМЕЙ Г.А.,0
447354,3519517,Производство продуктов из мяса и мяса сельскохозяйственной птицы ,true,False,,73682000,883.0,24605000,920.0,,,186620000,1031.0,78786000,994.0,195474000,957.0,6,Производство продуктов из мяса и мяса сельскохозяйственной птицы ,ОБЛАСТЬ АБАЙ,СЕМЕЙ Г.А.,0
447365,279368,Производство растительных и животных масел и жиров,false,False,,5979764000,883.0,x,920.0,x,846.0,786441000,1031.0,1788036000,994.0,2038546000,957.0,4,Производство продуктов питания,ОБЛАСТЬ АБАЙ,СЕМЕЙ Г.А.,0
447366,279366,Производство масел и жиров,false,False,,5979764000,883.0,x,920.0,x,846.0,786441000,1031.0,1788036000,994.0,2038546000,957.0,5,Производство растительных и животных масел и жиров,ОБЛАСТЬ АБАЙ,СЕМЕЙ Г.А.,0
447367,279364,Производство неочищенных масел и жиров,true,False,,24700000,883.0,,,,,152875000,1031.0,x,994.0,x,957.0,6,Производство масел и жиров,ОБЛАСТЬ АБАЙ,СЕМЕЙ Г.А.,0
447368,279362,Производство рафинированных масел и жиров,true,False,,x,883.0,x,920.0,x,846.0,633566000,1031.0,1590984000,994.0,1796546000,957.0,6,Производство масел и жиров,ОБЛАСТЬ АБАЙ,СЕМЕЙ Г.А.,0
447371,204672,Производство молочных продуктов,false,False,,x,883.0,24139000,920.0,10274000,846.0,x,1031.0,26605000,994.0,,,4,Производство продуктов питания,ОБЛАСТЬ АБАЙ,СЕМЕЙ Г.А.,0
447372,204670,Переработка молока и производство сыров,false,False,,x,883.0,24139000,920.0,x,846.0,,,,,,,5,Производство молочных продуктов,ОБЛАСТЬ АБАЙ,СЕМЕЙ Г.А.,0
447373,204668,"Переработка молока, кроме консервирования, и производство сыров",true,False,,x,883.0,24139000,920.0,x,846.0,,,,,,,6,Переработка молока и производство сыров,ОБЛАСТЬ АБАЙ,СЕМЕЙ Г.А.,0
447375,1324249,Производство мороженого,false,False,,,,,,x,846.0,x,1031.0,26605000,994.0,,,5,Производство молочных продуктов,ОБЛАСТЬ АБАЙ,СЕМЕЙ Г.А.,0
447376,1361725,Производство мороженого,true,False,,,,,,x,846.0,x,1031.0,26605000,994.0,,,6,Производство мороженого,ОБЛАСТЬ АБАЙ,СЕМЕЙ Г.А.,0
447377,121831,"Производство мукомольно-крупяных продуктов, крахмалов и крахмальных продуктов",false,False,,156232000,883.0,116300000,920.0,166887000,846.0,213868000,1031.0,119878000,994.0,118626000,957.0,4,Производство продуктов питания,ОБЛАСТЬ АБАЙ,СЕМЕЙ Г.А.,0
447378,121837,Производство мукомольно-крупяных продуктов,false,False,,156232000,883.0,116300000,920.0,166887000,846.0,213868000,1031.0,119878000,994.0,118626000,957.0,5,"Производство мукомольно-крупяных продуктов, крахмалов и крахмальных продуктов",ОБЛАСТЬ АБАЙ,СЕМЕЙ Г.А.,0
447379,35561,Производство муки,true,False,,156232000,883.0,116300000,920.0,166887000,846.0,213868000,1031.0,119878000,994.0,118626000,957.0,6,Производство мукомольно-крупяных продуктов,ОБЛАСТЬ АБАЙ,СЕМЕЙ Г.А.,0
447384,1306072,"Производство  хлебобулочных, макаронных и мучных кондитерских изделий",false,False,,x,883.0,46231000,920.0,41581000,846.0,,,1021394000,994.0,1035023000,957.0,4,Производство продуктов питания,ОБЛАСТЬ АБАЙ,СЕМЕЙ Г.А.,0
447385,1310883,Производство хлебобулочных и мучных кондитерских изделий недлительного хранения,false,False,,x,883.0,x,920.0,41241000,846.0,,,x,994.0,35023000,957.0,5,"Производство  хлебобулочных, макаронных и мучных кондитерских изделий",ОБЛАСТЬ АБАЙ,СЕМЕЙ Г.А.,0
447386,1330396,Производство хлебобулочных и мучных кондитерских изделий недлительного хранения,true,False,,x,883.0,x,920.0,41241000,846.0,,,x,994.0,35023000,957.0,6,Производство хлебобулочных и мучных кондитерских изделий недлительного хранения,ОБЛАСТЬ АБАЙ,СЕМЕЙ Г.А.,0
447387,1368506,"Производство сухарей и печенья, мучных кондитерских изделий длительного хранения",false,False,,,,,,340000,846.0,,,825000000,994.0,500000000,957.0,5,"Производство  хлебобулочных, макаронных и мучных кондитерских изделий",ОБЛАСТЬ АБАЙ,СЕМЕЙ Г.А.,0
447388,1266640,"Производство сухарей и печенья, мучных кондитерских изделий длительного хранения",true,False,,,,,,340000,846.0,,,825000000,994.0,500000000,957.0,6,"Производство сухарей и печенья, мучных кондитерских изделий длительного хранения",ОБЛАСТЬ АБАЙ,СЕМЕЙ Г.А.,0
447389,3348063,Производство макаронных изделий,false,False,,,,x,920.0,,,,,x,994.0,x,957.0,5,"Производство  хлебобулочных, макаронных и мучных кондитерских изделий",ОБЛАСТЬ АБАЙ,СЕМЕЙ Г.А.,0
447390,3348294,Производство макаронных изделий,true,False,,,,x,920.0,,,,,x,994.0,x,957.0,6,Производство макаронных изделий,ОБЛАСТЬ АБАЙ,СЕМЕЙ Г.А.,0
447408,204666,Производство готовых кормов для животных,false,False,,10729000,883.0,,,11300000,846.0,x,1031.0,,,,,4,Производство продуктов питания,ОБЛАСТЬ АБАЙ,СЕМЕЙ Г.А.,0
447411,204664,Производство готовых кормов для домашних животных,false,False,,10729000,883.0,,,11300000,846.0,x,1031.0,,,,,5,Производство готовых кормов для животных,ОБЛАСТЬ АБАЙ,СЕМЕЙ Г.А.,0
447412,204662,Производство готовых кормов для домашних животных,true,False,,10729000,883.0,,,11300000,846.0,x,1031.0,,,,,6,Производство готовых кормов для домашних животных,ОБЛАСТЬ АБАЙ,СЕМЕЙ Г.А.,0
447413,1342610,Производство напитков,false,False,,,,,,x,846.0,,,,,x,957.0,3,Обрабатывающая промышленность,ОБЛАСТЬ АБАЙ,СЕМЕЙ Г.А.,0
447414,1413176,Производство напитков,false,False,,,,,,x,846.0,,,,,x,957.0,4,Производство напитков,ОБЛАСТЬ АБАЙ,СЕМЕЙ Г.А.,0
447423,1339311,Производство пива,false,False,,,,,,x,846.0,,,,,x,957.0,5,Производство напитков,ОБЛАСТЬ АБАЙ,СЕМЕЙ Г.А.,0
447424,1312418,Производство пива,true,False,,,,,,x,846.0,,,,,x,957.0,6,Производство пива,ОБЛАСТЬ АБАЙ,СЕМЕЙ Г.А.,0
447434,4754101,Производство текстильных изделий,false,False,,,,,,,,4895000,1031.0,,,1100000,957.0,3,Обрабатывающая промышленность,ОБЛАСТЬ АБАЙ,СЕМЕЙ Г.А.,0
447456,4754489,Производство прочих текстильных изделий,false,False,,,,,,,,4895000,1031.0,,,1100000,957.0,4,Производство текстильных изделий,ОБЛАСТЬ АБАЙ,СЕМЕЙ Г.А.,0
447460,4756969,"Производство готовых текстильных изделий, кроме одежды",false,False,,,,,,,,4895000,1031.0,,,1100000,957.0,5,Производство прочих текстильных изделий,ОБЛАСТЬ АБАЙ,СЕМЕЙ Г.А.,0
447461,4754574,"Производство готовых текстильных изделий, кроме одежды",true,False,,,,,,,,4895000,1031.0,,,1100000,957.0,6,"Производство готовых текстильных изделий, кроме одежды",ОБЛАСТЬ АБАЙ,СЕМЕЙ Г.А.,0
447475,1296178,Производство одежды,false,False,,5520000,883.0,30120000,920.0,38426000,846.0,230118000,1031.0,90638000,994.0,11172000,957.0,3,Обрабатывающая промышленность,ОБЛАСТЬ АБАЙ,СЕМЕЙ Г.А.,0
447476,1250709,"Производство одежды, кроме одежды из меха",false,False,,3377000,883.0,6650000,920.0,36659000,846.0,198118000,1031.0,85038000,994.0,x,957.0,4,Производство одежды,ОБЛАСТЬ АБАЙ,СЕМЕЙ Г.А.,0
447479,1372539,Производство спецодежды,false,False,,3377000,883.0,6650000,920.0,18299000,846.0,198118000,1031.0,85038000,994.0,x,957.0,5,"Производство одежды, кроме одежды из меха",ОБЛАСТЬ АБАЙ,СЕМЕЙ Г.А.,0
447480,1369634,Производство спецодежды,true,False,,3377000,883.0,6650000,920.0,18299000,846.0,198118000,1031.0,85038000,994.0,x,957.0,6,Производство спецодежды,ОБЛАСТЬ АБАЙ,СЕМЕЙ Г.А.,0
447485,1376645,Производство прочих видов одежды и аксессуаров,false,False,,,,,,x,846.0,,,,,,,5,"Производство одежды, кроме одежды из меха",ОБЛАСТЬ АБАЙ,СЕМЕЙ Г.А.,0
447487,1286537,"Производство прочих видов одежды и аксессуаров, не включенных в другие группировки",true,False,,,,,,x,846.0,,,,,,,6,Производство прочих видов одежды и аксессуаров,ОБЛАСТЬ АБАЙ,СЕМЕЙ Г.А.,0
447491,1356636,Производство вязаной и трикотажной одежды,false,False,,x,883.0,x,920.0,x,846.0,32000000,1031.0,5600000,994.0,x,957.0,4,Производство одежды,ОБЛАСТЬ АБАЙ,СЕМЕЙ Г.А.,0
447492,1345065,Производство вязаных и трикотажных чулочно-носочных изделий,false,False,,x,883.0,x,920.0,x,846.0,2000000,1031.0,5600000,994.0,x,957.0,5,Производство вязаной и трикотажной одежды,ОБЛАСТЬ АБАЙ,СЕМЕЙ Г.А.,0
447493,1358457,Производство вязаных и трикотажных чулочно-носочных изделий,true,False,,x,883.0,x,920.0,x,846.0,2000000,1031.0,5600000,994.0,x,957.0,6,Производство вязаных и трикотажных чулочно-носочных изделий,ОБЛАСТЬ АБАЙ,СЕМЕЙ Г.А.,0
447494,5697783,Производство прочей вязаной и трикотажной одежды,false,False,,,,,,,,x,1031.0,,,,,5,Производство вязаной и трикотажной одежды,ОБЛАСТЬ АБАЙ,СЕМЕЙ Г.А.,0
447495,5694735,Производство прочей вязаной и трикотажной одежды,true,False,,,,,,,,x,1031.0,,,,,6,Производство прочей вязаной и трикотажной одежды,ОБЛАСТЬ АБАЙ,СЕМЕЙ Г.А.,0
447496,1386387,Производство кожаной и относящейся к ней продукции,false,False,,9928000,883.0,3611000,920.0,x,846.0,,,,,,,3,Обрабатывающая промышленность,ОБЛАСТЬ АБАЙ,СЕМЕЙ Г.А.,0
447497,2826152,"Дубление и выделка кожи; производство дорожных принадлежностей, шорно-седельных изделий; выделка и крашение меха",false,False,,x,883.0,x,920.0,,,,,,,,,4,Производство кожаной и относящейся к ней продукции,ОБЛАСТЬ АБАЙ,СЕМЕЙ Г.А.,0
447498,2826150,Дубление и выделка кожи; выделка и крашение меха,false,False,,x,883.0,x,920.0,,,,,,,,,5,"Дубление и выделка кожи; производство дорожных принадлежностей, шорно-седельных изделий; выделка и крашение меха",ОБЛАСТЬ АБАЙ,СЕМЕЙ Г.А.,0
447499,2826148,Дубление и выделка кожи,true,False,,x,883.0,x,920.0,,,,,,,,,6,Дубление и выделка кожи; выделка и крашение меха,ОБЛАСТЬ АБАЙ,СЕМЕЙ Г.А.,0
447505,1322842,Производство обуви,false,False,,x,883.0,x,920.0,x,846.0,,,,,,,4,Производство кожаной и относящейся к ней продукции,ОБЛАСТЬ АБАЙ,СЕМЕЙ Г.А.,0
447506,1339906,Производство обуви,false,False,,x,883.0,x,920.0,x,846.0,,,,,,,5,Производство обуви,ОБЛАСТЬ АБАЙ,СЕМЕЙ Г.А.,0
447507,1274651,Производство обуви,true,False,,x,883.0,x,920.0,x,846.0,,,,,,,6,Производство обуви,ОБЛАСТЬ АБАЙ,СЕМЕЙ Г.А.,0
447508,4040640,"Производство деревянных и пробковых изделий, кроме мебели; производство изделий из соломки и материалов для плетения",false,False,,,,x,920.0,,,132117000,1031.0,1184335000,994.0,773050000,957.0,3,Обрабатывающая промышленность,ОБЛАСТЬ АБАЙ,СЕМЕЙ Г.А.,0
447509,4040560,Лесопильное и строгальное производство,false,False,,,,x,920.0,,,132117000,1031.0,1184335000,994.0,773050000,957.0,4,"Производство деревянных и пробковых изделий, кроме мебели; производство изделий из соломки и материалов для плетения",ОБЛАСТЬ АБАЙ,СЕМЕЙ Г.А.,0
447510,4038808,Лесопильное и строгальное производство,false,False,,,,x,920.0,,,132117000,1031.0,1184335000,994.0,773050000,957.0,5,Лесопильное и строгальное производство,ОБЛАСТЬ АБАЙ,СЕМЕЙ Г.А.,0
447511,4039647,Распиловка и строгание древесины,true,False,,,,x,920.0,,,132117000,1031.0,1184335000,994.0,773050000,957.0,6,Лесопильное и строгальное производство,ОБЛАСТЬ АБАЙ,СЕМЕЙ Г.А.,0
447529,121834,Производство бумаги и бумажной продукции,false,False,,x,883.0,3109557000,920.0,1563817000,846.0,5154769000,1031.0,1071172000,994.0,735577000,957.0,3,Обрабатывающая промышленность,ОБЛАСТЬ АБАЙ,СЕМЕЙ Г.А.,0
447535,121830,Производство изделий из бумаги и картона,false,False,,x,883.0,3109557000,920.0,1563817000,846.0,5154769000,1031.0,1071172000,994.0,735577000,957.0,4,Производство бумаги и бумажной продукции,ОБЛАСТЬ АБАЙ,СЕМЕЙ Г.А.,0
447536,121827,"Производство гофрированной бумаги и картона, бумажной и картонной тары",false,False,,x,883.0,x,920.0,x,846.0,5151522000,1031.0,x,994.0,x,957.0,5,Производство изделий из бумаги и картона,ОБЛАСТЬ АБАЙ,СЕМЕЙ Г.А.,0
447538,121824,Производство бумажной и картонной тары,true,False,,x,883.0,x,920.0,x,846.0,5151522000,1031.0,x,994.0,x,957.0,6,"Производство гофрированной бумаги и картона, бумажной и картонной тары",ОБЛАСТЬ АБАЙ,СЕМЕЙ Г.А.,0
447541,1326637,Производство писчебумажных изделий,false,False,,,,x,920.0,20094000,846.0,x,1031.0,x,994.0,x,957.0,5,Производство изделий из бумаги и картона,ОБЛАСТЬ АБАЙ,СЕМЕЙ Г.А.,0
447542,1340206,Производство писчебумажных изделий,true,False,,,,x,920.0,20094000,846.0,x,1031.0,x,994.0,x,957.0,6,Производство писчебумажных изделий,ОБЛАСТЬ АБАЙ,СЕМЕЙ Г.А.,0
447547,4426563,Полиграфическая деятельность и воспроизведение записанных носителей информации,false,False,,,,,,,,,,,,x,957.0,3,Обрабатывающая промышленность,ОБЛАСТЬ АБАЙ,СЕМЕЙ Г.А.,0
447548,4424903,Полиграфическая деятельность и предоставление услуг в этой области,false,False,,,,,,,,,,,,x,957.0,4,Полиграфическая деятельность и воспроизведение записанных носителей информации,ОБЛАСТЬ АБАЙ,СЕМЕЙ Г.А.,0
447551,4426631,Прочие виды печатного производства,false,False,,,,,,,,,,,,x,957.0,5,Полиграфическая деятельность и предоставление услуг в этой области,ОБЛАСТЬ АБАЙ,СЕМЕЙ Г.А.,0
447552,4423323,Прочие виды печатного производства,true,False,,,,,,,,,,,,x,957.0,6,Прочие виды печатного производства,ОБЛАСТЬ АБАЙ,СЕМЕЙ Г.А.,0
447562,279356,Производство кокса и продуктов нефтепереработки,false,False,,10481000,883.0,10385000,920.0,1637000,846.0,,,,,,,3,Обрабатывающая промышленность,ОБЛАСТЬ АБАЙ,СЕМЕЙ Г.А.,0
447566,279354,"Производство продуктов нефтепереработки, брикетов из торфа и угля",false,False,,10481000,883.0,10385000,920.0,1637000,846.0,,,,,,,4,Производство кокса и продуктов нефтепереработки,ОБЛАСТЬ АБАЙ,СЕМЕЙ Г.А.,0
447567,279352,"Производство продуктов нефтепереработки, брикетов из торфа и угля",false,False,,10481000,883.0,10385000,920.0,1637000,846.0,,,,,,,5,"Производство продуктов нефтепереработки, брикетов из торфа и угля",ОБЛАСТЬ АБАЙ,СЕМЕЙ Г.А.,0
447568,279350,Производство продуктов нефтепереработки,true,False,,10481000,883.0,10385000,920.0,1637000,846.0,,,,,,,6,"Производство продуктов нефтепереработки, брикетов из торфа и угля",ОБЛАСТЬ АБАЙ,СЕМЕЙ Г.А.,0
447572,4754096,Производство продуктов химической промышленности,false,False,,,,,,,,,,,,x,957.0,3,Обрабатывающая промышленность,ОБЛАСТЬ АБАЙ,СЕМЕЙ Г.А.,0
447573,5099412,"Производство основных химических веществ, удобрений и азотных соединений, пластмасс и синтетического каучука в первичных формах",false,False,,,,,,,,,,,,x,957.0,4,Производство продуктов химической промышленности,ОБЛАСТЬ АБАЙ,СЕМЕЙ Г.А.,0
447574,5100358,Производство промышленных газов,false,False,,,,,,,,,,,,x,957.0,5,"Производство основных химических веществ, удобрений и азотных соединений, пластмасс и синтетического каучука в первичных формах",ОБЛАСТЬ АБАЙ,СЕМЕЙ Г.А.,0
447575,5099508,Производство промышленных газов,true,False,,,,,,,,,,,,x,957.0,6,Производство промышленных газов,ОБЛАСТЬ АБАЙ,СЕМЕЙ Г.А.,0
447628,121821,Производство резиновых и пластмассовых изделий,false,False,,139662000,883.0,151638000,920.0,190581000,846.0,113773000,1031.0,143077000,994.0,218413000,957.0,3,Обрабатывающая промышленность,ОБЛАСТЬ АБАЙ,СЕМЕЙ Г.А.,0
447636,35558,Производство пластмассовых изделий,false,False,,139662000,883.0,151638000,920.0,190581000,846.0,113773000,1031.0,143077000,994.0,218413000,957.0,4,Производство резиновых и пластмассовых изделий,ОБЛАСТЬ АБАЙ,СЕМЕЙ Г.А.,0
447637,204495,"Производство пластмассовых плит, листов, труб и профилей",false,False,,34565000,883.0,x,920.0,74125000,846.0,,,22579000,994.0,x,957.0,5,Производство пластмассовых изделий,ОБЛАСТЬ АБАЙ,СЕМЕЙ Г.А.,0
447638,204493,"Производство пластмассовых плит, листов, труб и профилей",true,False,,34565000,883.0,x,920.0,74125000,846.0,,,22579000,994.0,x,957.0,6,"Производство пластмассовых плит, листов, труб и профилей",ОБЛАСТЬ АБАЙ,СЕМЕЙ Г.А.,0
447641,121819,Производство строительных пластмассовых изделий,false,False,,105097000,883.0,103527000,920.0,116456000,846.0,113773000,1031.0,120498000,994.0,215953000,957.0,5,Производство пластмассовых изделий,ОБЛАСТЬ АБАЙ,СЕМЕЙ Г.А.,0
447642,121817,"Производство пластмассовых изделий, используемых в строительстве",true,False,,105097000,883.0,103527000,920.0,116456000,846.0,113773000,1031.0,120498000,994.0,215953000,957.0,6,Производство строительных пластмассовых изделий,ОБЛАСТЬ АБАЙ,СЕМЕЙ Г.А.,0
447646,121815,Производство прочей не металлической минеральной продукции,false,False,,4247097000,883.0,6984002000,920.0,2208195000,846.0,4324936000,1031.0,7561081000,994.0,9360171000,957.0,3,Обрабатывающая промышленность,ОБЛАСТЬ АБАЙ,СЕМЕЙ Г.А.,0
447664,5519078,Производство строительных материалов из глины,false,False,,,,,,,,200000000,1031.0,,,,,4,Производство прочей не металлической минеральной продукции,ОБЛАСТЬ АБАЙ,СЕМЕЙ Г.А.,0
447667,5516851,"Производство кирпича, черепицы и прочих строительных изделий из обожженной глины",false,False,,,,,,,,200000000,1031.0,,,,,5,Производство строительных материалов из глины,ОБЛАСТЬ АБАЙ,СЕМЕЙ Г.А.,0
447668,5519066,"Производство кирпича, черепицы и прочих строительных изделий из обожженной глины",true,False,,,,,,,,200000000,1031.0,,,,,6,"Производство кирпича, черепицы и прочих строительных изделий из обожженной глины",ОБЛАСТЬ АБАЙ,СЕМЕЙ Г.А.,0
447681,204491,"Производство цемента, извести и строительного гипса",false,False,,3982128000,883.0,x,920.0,1311368000,846.0,2835030000,1031.0,4746348000,994.0,8136261000,957.0,4,Производство прочей не металлической минеральной продукции,ОБЛАСТЬ АБАЙ,СЕМЕЙ Г.А.,0
447682,204488,Производство цемента,false,False,,x,883.0,x,920.0,x,846.0,2768899000,1031.0,x,994.0,x,957.0,5,"Производство цемента, извести и строительного гипса",ОБЛАСТЬ АБАЙ,СЕМЕЙ Г.А.,0
447683,204485,Производство цемента,true,False,,x,883.0,x,920.0,x,846.0,2768899000,1031.0,x,994.0,x,957.0,6,Производство цемента,ОБЛАСТЬ АБАЙ,СЕМЕЙ Г.А.,0
447684,1333170,Производство извести и строительного гипса,false,False,,60733000,883.0,,,61119000,846.0,66131000,1031.0,76627000,994.0,17990000,957.0,5,"Производство цемента, извести и строительного гипса",ОБЛАСТЬ АБАЙ,СЕМЕЙ Г.А.,0
447685,1308350,Производство извести,true,False,,60733000,883.0,,,61119000,846.0,66131000,1031.0,76627000,994.0,17990000,957.0,6,Производство извести и строительного гипса,ОБЛАСТЬ АБАЙ,СЕМЕЙ Г.А.,0
447688,121812,"Производство изделий из бетона, цемента и строительного гипса ",false,False,,257815000,883.0,738121000,920.0,896758000,846.0,1289796000,1031.0,2814733000,994.0,1223910000,957.0,4,Производство прочей не металлической минеральной продукции,ОБЛАСТЬ АБАЙ,СЕМЕЙ Г.А.,0
447689,204482,Производство строительных изделий из бетона,false,False,,151626000,883.0,229602000,920.0,245559000,846.0,254450000,1031.0,689766000,994.0,1018958000,957.0,5,"Производство изделий из бетона, цемента и строительного гипса ",ОБЛАСТЬ АБАЙ,СЕМЕЙ Г.А.,0
447690,204479,Производство сборных железобетонных и бетонных конструкций и изделий,true,False,,45727000,883.0,144917000,920.0,114813000,846.0,219690000,1031.0,57868000,994.0,189310000,957.0,6,Производство строительных изделий из бетона,ОБЛАСТЬ АБАЙ,СЕМЕЙ Г.А.,0
447692,204477,Производство силикатного кирпича,true,False,,x,883.0,x,920.0,x,846.0,x,1031.0,x,994.0,x,957.0,6,Производство строительных изделий из бетона,ОБЛАСТЬ АБАЙ,СЕМЕЙ Г.А.,0
447695,1356673,Производство товарного бетона ,false,False,,,,,,x,846.0,,,,,,,5,"Производство изделий из бетона, цемента и строительного гипса ",ОБЛАСТЬ АБАЙ,СЕМЕЙ Г.А.,0
447697,1351016,Производство асфальтобетона,true,False,,,,,,x,846.0,,,,,,,6,Производство товарного бетона ,ОБЛАСТЬ АБАЙ,СЕМЕЙ Г.А.,0
447698,121809,Производство строительных растворов,false,False,,34435000,883.0,121281000,920.0,16669000,846.0,162052000,1031.0,106368000,994.0,46401000,957.0,5,"Производство изделий из бетона, цемента и строительного гипса ",ОБЛАСТЬ АБАЙ,СЕМЕЙ Г.А.,0
447699,121806,Производство строительных растворов,true,False,,34435000,883.0,121281000,920.0,16669000,846.0,162052000,1031.0,106368000,994.0,46401000,957.0,6,Производство строительных растворов,ОБЛАСТЬ АБАЙ,СЕМЕЙ Г.А.,0
447700,204474,Производство изделий из асбестоцемента и волокнистого цемента,false,False,,71754000,883.0,387238000,920.0,69902000,846.0,873294000,1031.0,2018599000,994.0,158551000,957.0,5,"Производство изделий из бетона, цемента и строительного гипса ",ОБЛАСТЬ АБАЙ,СЕМЕЙ Г.А.,0
447701,204472,Производство изделий из асбестоцемента и волокнистого цемента,true,False,,71754000,883.0,387238000,920.0,69902000,846.0,873294000,1031.0,2018599000,994.0,158551000,957.0,6,Производство изделий из асбестоцемента и волокнистого цемента,ОБЛАСТЬ АБАЙ,СЕМЕЙ Г.А.,0
447707,1320633,Производство абразивных изделий и прочей неметаллической минеральной продукции,false,False,,7154000,883.0,,,69000,846.0,110000,1031.0,,,,,4,Производство прочей не металлической минеральной продукции,ОБЛАСТЬ АБАЙ,СЕМЕЙ Г.А.,0
447710,1346567,"Производство прочей неметаллической минеральной продукции, не включенной в другие группировки",false,False,,7154000,883.0,,,69000,846.0,110000,1031.0,,,,,5,Производство абразивных изделий и прочей неметаллической минеральной продукции,ОБЛАСТЬ АБАЙ,СЕМЕЙ Г.А.,0
447715,1378328,Производство изделий из битума и аналогичных материалов,true,False,,7154000,883.0,,,69000,846.0,,,,,,,6,"Производство прочей неметаллической минеральной продукции, не включенной в другие группировки",ОБЛАСТЬ АБАЙ,СЕМЕЙ Г.А.,0
447716,5749502,Производство изделий из неметаллических руд,true,False,,,,,,,,110000,1031.0,,,,,6,"Производство прочей неметаллической минеральной продукции, не включенной в другие группировки",ОБЛАСТЬ АБАЙ,СЕМЕЙ Г.А.,0
447717,121803,Металлургическое производство,false,False,,5727337000,883.0,10180712000,920.0,4799461000,846.0,x,1031.0,20950507000,994.0,10116508000,957.0,3,Обрабатывающая промышленность,ОБЛАСТЬ АБАЙ,СЕМЕЙ Г.А.,0
447733,121800,Производство основных благородных и цветных металлов,false,False,,5727337000,883.0,10180712000,920.0,4799461000,846.0,x,1031.0,20950507000,994.0,10116508000,957.0,4,Металлургическое производство,ОБЛАСТЬ АБАЙ,СЕМЕЙ Г.А.,0
447734,121797,Производство благородных (драгоценных) металлов,false,False,,5727337000,883.0,8639386000,920.0,4799461000,846.0,x,1031.0,6882998000,994.0,9638621000,957.0,5,Производство основных благородных и цветных металлов,ОБЛАСТЬ АБАЙ,СЕМЕЙ Г.А.,0
447735,121794,Производство благородных (драгоценных) металлов,true,False,,5727337000,883.0,8639386000,920.0,4799461000,846.0,x,1031.0,6882998000,994.0,9638621000,957.0,6,Производство благородных (драгоценных) металлов,ОБЛАСТЬ АБАЙ,СЕМЕЙ Г.А.,0
447740,2921250,Производство меди,false,False,,,,x,920.0,,,,,14067509000,994.0,x,957.0,5,Производство основных благородных и цветных металлов,ОБЛАСТЬ АБАЙ,СЕМЕЙ Г.А.,0
447741,2919162,Производство меди,true,False,,,,x,920.0,,,,,14067509000,994.0,x,957.0,6,Производство меди,ОБЛАСТЬ АБАЙ,СЕМЕЙ Г.А.,0
447760,121791,"Производство готовых металлических изделий, кроме машин и оборудования",false,False,,32719000,883.0,25518000,920.0,71846000,846.0,107121000,1031.0,105625000,994.0,11519000,957.0,3,Обрабатывающая промышленность,ОБЛАСТЬ АБАЙ,СЕМЕЙ Г.А.,0
447761,121788,Производство строительных металлических конструкций и изделий,false,False,,26201000,883.0,25518000,920.0,57981000,846.0,15434000,1031.0,68513000,994.0,11215000,957.0,4,"Производство готовых металлических изделий, кроме машин и оборудования",ОБЛАСТЬ АБАЙ,СЕМЕЙ Г.А.,0
447762,121785,Производство строительных металлических конструкций и их частей,false,False,,26201000,883.0,25518000,920.0,57981000,846.0,6711000,1031.0,68513000,994.0,11215000,957.0,5,Производство строительных металлических конструкций и изделий,ОБЛАСТЬ АБАЙ,СЕМЕЙ Г.А.,0
447763,121782,Производство строительных стальных конструкций,true,False,,26201000,883.0,25518000,920.0,57909000,846.0,6711000,1031.0,68513000,994.0,11215000,957.0,6,Производство строительных металлических конструкций и их частей,ОБЛАСТЬ АБАЙ,СЕМЕЙ Г.А.,0
447764,1335201,Производство легких металлических конструкций,true,False,,,,,,72000,846.0,,,,,,,6,Производство строительных металлических конструкций и их частей,ОБЛАСТЬ АБАЙ,СЕМЕЙ Г.А.,0
447767,5950135,Производство металлических дверей и окон,false,False,,,,,,,,8723000,1031.0,,,,,5,Производство строительных металлических конструкций и изделий,ОБЛАСТЬ АБАЙ,СЕМЕЙ Г.А.,0
447768,5951245,Производство металлических дверей и окон,true,False,,,,,,,,8723000,1031.0,,,,,6,Производство металлических дверей и окон,ОБЛАСТЬ АБАЙ,СЕМЕЙ Г.А.,0
447784,4816920,Обработка металлов и нанесение покрытий на металлы; основные технологические процессы машиностроения,false,False,,,,,,,,20500000,1031.0,19854000,994.0,x,957.0,4,"Производство готовых металлических изделий, кроме машин и оборудования",ОБЛАСТЬ АБАЙ,СЕМЕЙ Г.А.,0
447787,4817520,Основные технологические процессы машиностроения,false,False,,,,,,,,20500000,1031.0,19854000,994.0,x,957.0,5,Обработка металлов и нанесение покрытий на металлы; основные технологические процессы машиностроения,ОБЛАСТЬ АБАЙ,СЕМЕЙ Г.А.,0
447788,4816723,Основные технологические процессы машиностроения,true,False,,,,,,,,20500000,1031.0,19854000,994.0,x,957.0,6,Основные технологические процессы машиностроения,ОБЛАСТЬ АБАЙ,СЕМЕЙ Г.А.,0
447797,1320081,Производство прочих готовых металлических изделий,false,False,,x,883.0,,,x,846.0,71187000,1031.0,17258000,994.0,,,4,"Производство готовых металлических изделий, кроме машин и оборудования",ОБЛАСТЬ АБАЙ,СЕМЕЙ Г.А.,0
447807,1400898,"Производство прочих готовых металлических изделий, не включенных в другие группировки",false,False,,x,883.0,,,x,846.0,71187000,1031.0,17258000,994.0,,,5,Производство прочих готовых металлических изделий,ОБЛАСТЬ АБАЙ,СЕМЕЙ Г.А.,0
18951433,1398363,Производство прочих готовых металлических изделий,true,False,,x,883.0,,,x,846.0,71187000,1031.0,17258000,994.0,,,6,"Производство прочих готовых металлических изделий, не включенных в другие группировки",ОБЛАСТЬ АБАЙ,СЕМЕЙ Г.А.,0
447849,204228,Производство электрического оборудования,false,False,,70058000,883.0,218195000,920.0,166610000,846.0,1111223000,1031.0,439126000,994.0,117955000,957.0,3,Обрабатывающая промышленность,ОБЛАСТЬ АБАЙ,СЕМЕЙ Г.А.,0
447858,204224,Производство электропроводки и электромонтажных устройств,false,False,,70058000,883.0,218195000,920.0,166610000,846.0,1111223000,1031.0,439126000,994.0,117955000,957.0,4,Производство электрического оборудования,ОБЛАСТЬ АБАЙ,СЕМЕЙ Г.А.,0
447861,204220,Производство прочих электрических проводов и кабелей,false,False,,70058000,883.0,218195000,920.0,166610000,846.0,1111223000,1031.0,439126000,994.0,117955000,957.0,5,Производство электропроводки и электромонтажных устройств,ОБЛАСТЬ АБАЙ,СЕМЕЙ Г.А.,0
447862,204216,Производство прочих электрических проводов и кабелей,true,False,,70058000,883.0,218195000,920.0,166610000,846.0,1111223000,1031.0,439126000,994.0,117955000,957.0,6,Производство прочих электрических проводов и кабелей,ОБЛАСТЬ АБАЙ,СЕМЕЙ Г.А.,0
447881,204212,"Производство машин и оборудования, не включенных в другие группировки ",false,False,,50724000,883.0,134741000,920.0,60734000,846.0,565564000,1031.0,338366000,994.0,59467000,957.0,3,Обрабатывающая промышленность,ОБЛАСТЬ АБАЙ,СЕМЕЙ Г.А.,0
447922,204209,Производство сельскохозяйственной и лесохозяйственной техники,false,False,,49930000,883.0,131334000,920.0,x,846.0,549923000,1031.0,331523000,994.0,x,957.0,4,"Производство машин и оборудования, не включенных в другие группировки ",ОБЛАСТЬ АБАЙ,СЕМЕЙ Г.А.,0
447923,204206,Производство сельскохозяйственной и лесохозяйственной техники,false,False,,49930000,883.0,131334000,920.0,x,846.0,549923000,1031.0,331523000,994.0,x,957.0,5,Производство сельскохозяйственной и лесохозяйственной техники,ОБЛАСТЬ АБАЙ,СЕМЕЙ Г.А.,0
447924,204203,Производство сельскохозяйственных и лесохозяйственных тракторов ,true,False,,x,883.0,x,920.0,x,846.0,549923000,1031.0,331523000,994.0,x,957.0,6,Производство сельскохозяйственной и лесохозяйственной техники,ОБЛАСТЬ АБАЙ,СЕМЕЙ Г.А.,0
447925,2778662,Производство сельскохозяйственных машин,true,False,,x,883.0,x,920.0,,,,,,,,,6,Производство сельскохозяйственной и лесохозяйственной техники,ОБЛАСТЬ АБАЙ,СЕМЕЙ Г.А.,0
447938,1378364,Производство прочих машин и оборудования специального назначения ,false,False,,x,883.0,x,920.0,x,846.0,x,1031.0,x,994.0,x,957.0,4,"Производство машин и оборудования, не включенных в другие группировки ",ОБЛАСТЬ АБАЙ,СЕМЕЙ Г.А.,0
447941,1323515,"Производство машин и оборудования для горнодобывающей промышленности, подземной разработки и строительства",false,False,,x,883.0,x,920.0,x,846.0,x,1031.0,x,994.0,x,957.0,5,Производство прочих машин и оборудования специального назначения ,ОБЛАСТЬ АБАЙ,СЕМЕЙ Г.А.,0
447942,1415367,Производство горношахтного и горнорудного оборудования,true,False,,x,883.0,x,920.0,x,846.0,x,1031.0,x,994.0,x,957.0,6,"Производство машин и оборудования для горнодобывающей промышленности, подземной разработки и строительства",ОБЛАСТЬ АБАЙ,СЕМЕЙ Г.А.,0
447968,121779,"Производство автомобилей, прицепов и полуприцепов",false,False,,93863000,883.0,23935000,920.0,46940000,846.0,138960000,1031.0,48213000,994.0,18988000,957.0,3,Обрабатывающая промышленность,ОБЛАСТЬ АБАЙ,СЕМЕЙ Г.А.,0
447969,121776,Производство автомобилей,false,False,,x,883.0,x,920.0,x,846.0,x,1031.0,x,994.0,x,957.0,4,"Производство автомобилей, прицепов и полуприцепов",ОБЛАСТЬ АБАЙ,СЕМЕЙ Г.А.,0
447970,121773,Производство автомобилей,false,False,,x,883.0,x,920.0,x,846.0,x,1031.0,x,994.0,x,957.0,5,Производство автомобилей,ОБЛАСТЬ АБАЙ,СЕМЕЙ Г.А.,0
447971,121770,"Производство автомобилей, кроме двигателей для автомобилей",true,False,,x,883.0,x,920.0,x,846.0,x,1031.0,x,994.0,x,957.0,6,Производство автомобилей,ОБЛАСТЬ АБАЙ,СЕМЕЙ Г.А.,0
447973,204200,Производство кузовов для автомобилей; производство прицепов и полуприцепов,false,False,,9451000,883.0,x,920.0,42117000,846.0,33108000,1031.0,12766000,994.0,14501000,957.0,4,"Производство автомобилей, прицепов и полуприцепов",ОБЛАСТЬ АБАЙ,СЕМЕЙ Г.А.,0
447974,204197,Производство кузовов для автомобилей; производство прицепов и полуприцепов,false,False,,9451000,883.0,x,920.0,42117000,846.0,33108000,1031.0,12766000,994.0,14501000,957.0,5,Производство кузовов для автомобилей; производство прицепов и полуприцепов,ОБЛАСТЬ АБАЙ,СЕМЕЙ Г.А.,0
447975,204194,Производство кузовов для автомобилей,true,False,,9451000,883.0,x,920.0,42117000,846.0,33108000,1031.0,12766000,994.0,14501000,957.0,6,Производство кузовов для автомобилей; производство прицепов и полуприцепов,ОБЛАСТЬ АБАЙ,СЕМЕЙ Г.А.,0
447983,121767,Производство прочих транспортных средств,false,False,,x,883.0,x,920.0,x,846.0,297024000,1031.0,x,994.0,x,957.0,3,Обрабатывающая промышленность,ОБЛАСТЬ АБАЙ,СЕМЕЙ Г.А.,0
447989,5749959,Производство железнодорожных локомотивов и подвижного состава,false,False,,,,,,,,x,1031.0,,,,,4,Производство прочих транспортных средств,ОБЛАСТЬ АБАЙ,СЕМЕЙ Г.А.,0
447990,5752978,Производство железнодорожных локомотивов и подвижного состава,false,False,,,,,,,,x,1031.0,,,,,5,Производство железнодорожных локомотивов и подвижного состава,ОБЛАСТЬ АБАЙ,СЕМЕЙ Г.А.,0
447991,5751579,Производство железнодорожных локомотивов и подвижного состава ,true,False,,,,,,,,x,1031.0,,,,,6,Производство железнодорожных локомотивов и подвижного состава,ОБЛАСТЬ АБАЙ,СЕМЕЙ Г.А.,0
447996,121761,Производство военных боевых транспортных средств,false,False,,x,883.0,x,920.0,x,846.0,104777000,1031.0,x,994.0,x,957.0,4,Производство прочих транспортных средств,ОБЛАСТЬ АБАЙ,СЕМЕЙ Г.А.,0
447997,121759,Производство военных боевых транспортных средств,false,False,,x,883.0,x,920.0,x,846.0,104777000,1031.0,x,994.0,x,957.0,5,Производство военных боевых транспортных средств,ОБЛАСТЬ АБАЙ,СЕМЕЙ Г.А.,0
447998,121757,Производство военных боевых транспортных средств,true,False,,x,883.0,x,920.0,x,846.0,104777000,1031.0,x,994.0,x,957.0,6,Производство военных боевых транспортных средств,ОБЛАСТЬ АБАЙ,СЕМЕЙ Г.А.,0
448008,204191,Производство мебели,false,False,,109285000,883.0,300000,920.0,x,846.0,,,2100000,994.0,x,957.0,3,Обрабатывающая промышленность,ОБЛАСТЬ АБАЙ,СЕМЕЙ Г.А.,0
448009,204189,Производство мебели,false,False,,109285000,883.0,300000,920.0,x,846.0,,,2100000,994.0,x,957.0,4,Производство мебели,ОБЛАСТЬ АБАЙ,СЕМЕЙ Г.А.,0
448010,1279606,Производство мебели для офисов и предприятий торговли,false,False,,,,,,x,846.0,,,2100000,994.0,,,5,Производство мебели,ОБЛАСТЬ АБАЙ,СЕМЕЙ Г.А.,0
448012,1365887,"Производство мебели для офисов и предприятий торговли, кроме стульев и другой мебели для сидения",true,False,,,,,,x,846.0,,,2100000,994.0,,,6,Производство мебели для офисов и предприятий торговли,ОБЛАСТЬ АБАЙ,СЕМЕЙ Г.А.,0
448017,204187,Производство прочей мебели,false,False,,109285000,883.0,300000,920.0,,,,,,,x,957.0,5,Производство мебели,ОБЛАСТЬ АБАЙ,СЕМЕЙ Г.А.,0
448018,204185,Производство прочей мебели,true,False,,109285000,883.0,300000,920.0,,,,,,,x,957.0,6,Производство прочей мебели,ОБЛАСТЬ АБАЙ,СЕМЕЙ Г.А.,0
448019,204183,Производство прочих готовых изделий,false,False,,x,883.0,x,920.0,x,846.0,1794000,1031.0,18720000,994.0,33650000,957.0,3,Обрабатывающая промышленность,ОБЛАСТЬ АБАЙ,СЕМЕЙ Г.А.,0
448036,204181,Производство медицинских и стоматологических инструментов и принадлежностей,false,False,,x,883.0,x,920.0,x,846.0,1794000,1031.0,18720000,994.0,33650000,957.0,4,Производство прочих готовых изделий,ОБЛАСТЬ АБАЙ,СЕМЕЙ Г.А.,0
448037,204179,Производство медицинских и стоматологических инструментов и принадлежностей,false,False,,x,883.0,x,920.0,x,846.0,1794000,1031.0,18720000,994.0,33650000,957.0,5,Производство медицинских и стоматологических инструментов и принадлежностей,ОБЛАСТЬ АБАЙ,СЕМЕЙ Г.А.,0
448040,204177,Производство хирургических и ортопедических приспособлений,true,False,,x,883.0,x,920.0,x,846.0,1794000,1031.0,18720000,994.0,,,6,Производство медицинских и стоматологических инструментов и принадлежностей,ОБЛАСТЬ АБАЙ,СЕМЕЙ Г.А.,0
448041,4859089,"Производство медицинской, хирургической, стоматологической и ветеринарной мебели",true,False,,,,,,,,,,,,33650000,957.0,6,Производство медицинских и стоматологических инструментов и принадлежностей,ОБЛАСТЬ АБАЙ,СЕМЕЙ Г.А.,0
448050,311631,Ремонт и установка машин и оборудования,false,False,,x,883.0,x,920.0,1009000,846.0,,,11497000,994.0,x,957.0,3,Обрабатывающая промышленность,ОБЛАСТЬ АБАЙ,СЕМЕЙ Г.А.,0
448051,311629,"Ремонт готовых металлических изделий, машин и оборудования",false,False,,x,883.0,x,920.0,1009000,846.0,,,11497000,994.0,x,957.0,4,Ремонт и установка машин и оборудования,ОБЛАСТЬ АБАЙ,СЕМЕЙ Г.А.,0
448059,1380222,Ремонт машин и оборудования,false,False,,,,,,459000,846.0,,,,,,,5,"Ремонт готовых металлических изделий, машин и оборудования",ОБЛАСТЬ АБАЙ,СЕМЕЙ Г.А.,0
448061,1374760,Ремонт и техническое обслуживание прочего оборудования общего назначения,true,False,,,,,,459000,846.0,,,,,,,6,Ремонт машин и оборудования,ОБЛАСТЬ АБАЙ,СЕМЕЙ Г.А.,0
448071,1311245,Ремонт электрического оборудования,false,False,,,,,,x,846.0,,,,,,,5,"Ремонт готовых металлических изделий, машин и оборудования",ОБЛАСТЬ АБАЙ,СЕМЕЙ Г.А.,0
448074,1333068,Ремонт и техническое обслуживание электроосветительного оборудования,true,False,,,,,,x,846.0,,,,,,,6,Ремонт электрического оборудования,ОБЛАСТЬ АБАЙ,СЕМЕЙ Г.А.,0
448081,311627,Ремонт и техническое обслуживание прочих транспортных средств и оборудования,false,False,,x,883.0,x,920.0,x,846.0,,,11497000,994.0,x,957.0,5,"Ремонт готовых металлических изделий, машин и оборудования",ОБЛАСТЬ АБАЙ,СЕМЕЙ Г.А.,0
448082,311625,Ремонт подвижного состава железных дорог,true,False,,x,883.0,x,920.0,x,846.0,,,11497000,994.0,x,957.0,6,Ремонт и техническое обслуживание прочих транспортных средств и оборудования,ОБЛАСТЬ АБАЙ,СЕМЕЙ Г.А.,0
448090,121755,"Снабжение электроэнергией, газом, паром, горячей водой и кондиционированным воздухом",false,False,,5792989000,883.0,10133204000,920.0,5747734000,846.0,15332027000,1031.0,24840384000,994.0,13241740000,957.0,2,Промышленность,ОБЛАСТЬ АБАЙ,СЕМЕЙ Г.А.,0
448091,121751,"Снабжение электроэнергией, газом, паром, горячей водой и кондиционированным воздухом",false,False,,5792989000,883.0,10133204000,920.0,5747734000,846.0,15332027000,1031.0,24840384000,994.0,13241740000,957.0,3,"Снабжение электроэнергией, газом, паром, горячей водой и кондиционированным воздухом",ОБЛАСТЬ АБАЙ,СЕМЕЙ Г.А.,0
448092,121747,"Производство, передача и распределение электроэнергии",false,False,,3409209000,883.0,5142444000,920.0,4028639000,846.0,6868151000,1031.0,6166473000,994.0,8443083000,957.0,4,"Снабжение электроэнергией, газом, паром, горячей водой и кондиционированным воздухом",ОБЛАСТЬ АБАЙ,СЕМЕЙ Г.А.,0
448093,35516,Производство электроэнергии,false,False,,286241000,883.0,2117691000,920.0,x,846.0,364422000,1031.0,2210536000,994.0,2774962000,957.0,5,"Производство, передача и распределение электроэнергии",ОБЛАСТЬ АБАЙ,СЕМЕЙ Г.А.,0
448095,121743,Производство электроэнергии гидроэлектростанциями,true,False,,286241000,883.0,2117691000,920.0,x,846.0,364422000,1031.0,2210536000,994.0,2774962000,957.0,6,Производство электроэнергии,ОБЛАСТЬ АБАЙ,СЕМЕЙ Г.А.,0
448098,1355626,Передача электроэнергии,false,False,,x,883.0,36162000,920.0,x,846.0,82138000,1031.0,141541000,994.0,14416000,957.0,5,"Производство, передача и распределение электроэнергии",ОБЛАСТЬ АБАЙ,СЕМЕЙ Г.А.,0
18951389,1363188,Передача электроэнергии,true,False,,x,883.0,36162000,920.0,x,846.0,82138000,1031.0,141541000,994.0,14416000,957.0,6,Передача электроэнергии,ОБЛАСТЬ АБАЙ,СЕМЕЙ Г.А.,0
448100,204166,Распределение электроэнергии,false,False,,3117079000,883.0,2988162000,920.0,2576694000,846.0,6421591000,1031.0,3814396000,994.0,5653513000,957.0,5,"Производство, передача и распределение электроэнергии",ОБЛАСТЬ АБАЙ,СЕМЕЙ Г.А.,0
448101,204162,Распределение электроэнергии,true,False,,3117079000,883.0,2988162000,920.0,2576694000,846.0,6421591000,1031.0,3814396000,994.0,5653513000,957.0,6,Распределение электроэнергии,ОБЛАСТЬ АБАЙ,СЕМЕЙ Г.А.,0
448102,3249270,Продажа электроэнергии ,false,False,,x,883.0,x,920.0,,,,,,,x,957.0,5,"Производство, передача и распределение электроэнергии",ОБЛАСТЬ АБАЙ,СЕМЕЙ Г.А.,0
448103,3250998,Продажа электроэнергии ,true,False,,x,883.0,x,920.0,,,,,,,x,957.0,6,Продажа электроэнергии ,ОБЛАСТЬ АБАЙ,СЕМЕЙ Г.А.,0
448111,204158,"Снабжение паром, горячей водой и кондиционированным воздухом",false,False,,2383780000,883.0,4990760000,920.0,1719095000,846.0,8463876000,1031.0,18673911000,994.0,4798657000,957.0,4,"Снабжение электроэнергией, газом, паром, горячей водой и кондиционированным воздухом",ОБЛАСТЬ АБАЙ,СЕМЕЙ Г.А.,0
448112,205063,"Снабжение паром, горячей водой и кондиционированным воздухом",false,False,,2383780000,883.0,4990760000,920.0,1719095000,846.0,8463876000,1031.0,18673911000,994.0,4798657000,957.0,5,"Снабжение паром, горячей водой и кондиционированным воздухом",ОБЛАСТЬ АБАЙ,СЕМЕЙ Г.А.,0
448113,1285287,Производство тепловой энергии тепловыми сетями,true,False,,259375000,883.0,2350131000,920.0,63708000,846.0,,,16485318000,994.0,3161219000,957.0,6,"Снабжение паром, горячей водой и кондиционированным воздухом",ОБЛАСТЬ АБАЙ,СЕМЕЙ Г.А.,0
448114,279331,Производство тепловой энергии самостоятельными котельными,true,False,,1410413000,883.0,1067920000,920.0,1008511000,846.0,84171000,1031.0,495473000,994.0,338327000,957.0,6,"Снабжение паром, горячей водой и кондиционированным воздухом",ОБЛАСТЬ АБАЙ,СЕМЕЙ Г.А.,0
448115,1374723,Теплоснабжение,true,False,,,,,,646876000,846.0,,,,,,,6,"Снабжение паром, горячей водой и кондиционированным воздухом",ОБЛАСТЬ АБАЙ,СЕМЕЙ Г.А.,0
20575798,205058,Передача тепловой энергии,true,False,,713992000,883.0,1572709000,920.0,,,,,1232778000,994.0,1299111000,957.0,6,"Снабжение паром, горячей водой и кондиционированным воздухом",ОБЛАСТЬ АБАЙ,СЕМЕЙ Г.А.,0
20575801,5333628,Распределение тепловой энергии,true,False,,,,,,,,,,460342000,994.0,,,6,"Снабжение паром, горячей водой и кондиционированным воздухом",ОБЛАСТЬ АБАЙ,СЕМЕЙ Г.А.,0
77247478,5519944,Передача и распределение тепловой энергии,true,False,,,,,,,,8379705000,1031.0,,,,,6,"Снабжение паром, горячей водой и кондиционированным воздухом",ОБЛАСТЬ АБАЙ,СЕМЕЙ Г.А.,0
448117,121739,"Водоснабжение; водоотведение; сбор, обработка и удаление отходов, деятельность по ликвидации загрязнений",false,False,,6362129000,883.0,3767368000,920.0,5057028000,846.0,5751135000,1031.0,12825456000,994.0,11793183000,957.0,2,Промышленность,ОБЛАСТЬ АБАЙ,СЕМЕЙ Г.А.,0
448118,121737,"Забор, обработка и распределение воды",false,False,,5456910000,883.0,3657068000,920.0,4364564000,846.0,1992017000,1031.0,6884566000,994.0,8620445000,957.0,3,"Водоснабжение; водоотведение; сбор, обработка и удаление отходов, деятельность по ликвидации загрязнений",ОБЛАСТЬ АБАЙ,СЕМЕЙ Г.А.,0
448119,121735,"Забор, обработка и распределение воды",false,False,,5456910000,883.0,3657068000,920.0,4364564000,846.0,1992017000,1031.0,6884566000,994.0,8620445000,957.0,4,"Забор, обработка и распределение воды",ОБЛАСТЬ АБАЙ,СЕМЕЙ Г.А.,0
448120,121733,"Забор, обработка и распределение воды",false,False,,5456910000,883.0,3657068000,920.0,4364564000,846.0,1992017000,1031.0,6884566000,994.0,8620445000,957.0,5,"Забор, обработка и распределение воды",ОБЛАСТЬ АБАЙ,СЕМЕЙ Г.А.,0
448121,121731,"Забор, обработка и распределение воды",true,False,,5456910000,883.0,3657068000,920.0,4364564000,846.0,1992017000,1031.0,6884566000,994.0,8620445000,957.0,6,"Забор, обработка и распределение воды",ОБЛАСТЬ АБАЙ,СЕМЕЙ Г.А.,0
448122,205049,Сбор и обработка сточных вод,false,False,,845854000,883.0,,,685835000,846.0,3412000,1031.0,23930000,994.0,31462000,957.0,3,"Водоснабжение; водоотведение; сбор, обработка и удаление отходов, деятельность по ликвидации загрязнений",ОБЛАСТЬ АБАЙ,СЕМЕЙ Г.А.,0
448123,205047,Сбор и обработка сточных вод,false,False,,845854000,883.0,,,685835000,846.0,3412000,1031.0,23930000,994.0,31462000,957.0,4,Сбор и обработка сточных вод,ОБЛАСТЬ АБАЙ,СЕМЕЙ Г.А.,0
448124,205045,Сбор и обработка сточных вод,false,False,,845854000,883.0,,,685835000,846.0,3412000,1031.0,23930000,994.0,31462000,957.0,5,Сбор и обработка сточных вод,ОБЛАСТЬ АБАЙ,СЕМЕЙ Г.А.,0
448125,205043,Сбор и обработка сточных вод,true,False,,845854000,883.0,,,685835000,846.0,,,23930000,994.0,31462000,957.0,6,Сбор и обработка сточных вод,ОБЛАСТЬ АБАЙ,СЕМЕЙ Г.А.,0
77255697,5948332,Эксплуатация сетей и сооружений систем водоотведения (канализации),true,False,,,,,,,,3412000,1031.0,,,,,6,Сбор и обработка сточных вод,ОБЛАСТЬ АБАЙ,СЕМЕЙ Г.А.,0
448126,1268348,"Сбор, обработка и удаление отходов; утилизация (восстановление) материалов",false,False,,59365000,883.0,110056000,920.0,6629000,846.0,3755706000,1031.0,5916960000,994.0,3141276000,957.0,3,"Водоснабжение; водоотведение; сбор, обработка и удаление отходов, деятельность по ликвидации загрязнений",ОБЛАСТЬ АБАЙ,СЕМЕЙ Г.А.,0
448127,2807845,Сбор отходов,false,False,,57477000,883.0,109058000,920.0,,,x,1031.0,2351693000,994.0,2000000000,957.0,4,"Сбор, обработка и удаление отходов; утилизация (восстановление) материалов",ОБЛАСТЬ АБАЙ,СЕМЕЙ Г.А.,0
448128,2807843,Сбор неопасных отходов,false,False,,57477000,883.0,109058000,920.0,,,x,1031.0,2351693000,994.0,2000000000,957.0,5,Сбор отходов,ОБЛАСТЬ АБАЙ,СЕМЕЙ Г.А.,0
448129,2807841,Сбор неопасных отходов,true,False,,57477000,883.0,109058000,920.0,,,x,1031.0,2351693000,994.0,2000000000,957.0,6,Сбор неопасных отходов,ОБЛАСТЬ АБАЙ,СЕМЕЙ Г.А.,0
448132,1336192,Обработка и удаление отходов,false,False,,1888000,883.0,998000,920.0,6629000,846.0,500000000,1031.0,3564977000,994.0,1141276000,957.0,4,"Сбор, обработка и удаление отходов; утилизация (восстановление) материалов",ОБЛАСТЬ АБАЙ,СЕМЕЙ Г.А.,0
448133,3533054,Обработка и удаление неопасных отходов,false,False,,x,883.0,,,,,500000000,1031.0,3564977000,994.0,1000000000,957.0,5,Обработка и удаление отходов,ОБЛАСТЬ АБАЙ,СЕМЕЙ Г.А.,0
448134,3523714,Обработка и удаление неопасных отходов,true,False,,x,883.0,,,,,500000000,1031.0,3564977000,994.0,1000000000,957.0,6,Обработка и удаление неопасных отходов,ОБЛАСТЬ АБАЙ,СЕМЕЙ Г.А.,0
448135,1354252,Обработка и удаление опасных отходов,false,False,,1294000,883.0,998000,920.0,6629000,846.0,,,,,141276000,957.0,5,Обработка и удаление отходов,ОБЛАСТЬ АБАЙ,СЕМЕЙ Г.А.,0
448136,1328100,Обработка и удаление опасных отходов,true,False,,1294000,883.0,998000,920.0,6629000,846.0,,,,,141276000,957.0,6,Обработка и удаление опасных отходов,ОБЛАСТЬ АБАЙ,СЕМЕЙ Г.А.,0
448137,5360840,Утилизация (восстановление) материалов ,false,False,,,,,,,,x,1031.0,x,994.0,,,4,"Сбор, обработка и удаление отходов; утилизация (восстановление) материалов",ОБЛАСТЬ АБАЙ,СЕМЕЙ Г.А.,0
448140,5361960,Переработка отсортированных материалов,false,False,,,,,,,,x,1031.0,x,994.0,,,5,Утилизация (восстановление) материалов ,ОБЛАСТЬ АБАЙ,СЕМЕЙ Г.А.,0
448143,5361677,Переработка неметаллических отходов,true,False,,,,,,,,x,1031.0,x,994.0,,,6,Переработка отсортированных материалов,ОБЛАСТЬ АБАЙ,СЕМЕЙ Г.А.,0
448144,3084739,Деятельность по ликвидации загрязнений и прочие услуги в области удаления отходов,false,False,,,,x,920.0,,,,,,,,,3,"Водоснабжение; водоотведение; сбор, обработка и удаление отходов, деятельность по ликвидации загрязнений",ОБЛАСТЬ АБАЙ,СЕМЕЙ Г.А.,0
448145,3098840,Деятельность по ликвидации загрязнений и прочие услуги в области удаления отходов,false,False,,,,x,920.0,,,,,,,,,4,Деятельность по ликвидации загрязнений и прочие услуги в области удаления отходов,ОБЛАСТЬ АБАЙ,СЕМЕЙ Г.А.,0
448146,3095563,Деятельность по ликвидации загрязнений и прочие услуги в области удаления отходов,false,False,,,,x,920.0,,,,,,,,,5,Деятельность по ликвидации загрязнений и прочие услуги в области удаления отходов,ОБЛАСТЬ АБАЙ,СЕМЕЙ Г.А.,0
448147,3094152,Деятельность по ликвидации загрязнений и прочие услуги в области удаления отходов,true,False,,,,x,920.0,,,,,,,,,6,Деятельность по ликвидации загрязнений и прочие услуги в области удаления отходов,ОБЛАСТЬ АБАЙ,СЕМЕЙ Г.А.,0
741885,35325,Всего,false,false,,7030795000,883.0,3606366000,920.0,2888758000,846.0,10293972000,1031.0,10043457000,994.0,6463100000,957.0,0,,ОБЛАСТЬ АБАЙ,АБАЙСКИЙ РАЙОН,
447173,278916,"Сельское, лесное и рыбное хозяйство",false,False,,107805000,883.0,362612000,920.0,544373000,846.0,1131980000,1031.0,3126360000,994.0,726170000,957.0,1,Всего,ОБЛАСТЬ АБАЙ,АБАЙСКИЙ РАЙОН,0
447174,278914,"Растениеводство и животноводство, охота и предоставление услуг в этих областях",false,False,,107805000,883.0,362612000,920.0,544373000,846.0,1131980000,1031.0,3126360000,994.0,726170000,957.0,2,"Сельское, лесное и рыбное хозяйство",ОБЛАСТЬ АБАЙ,АБАЙСКИЙ РАЙОН,0
447218,278840,Животноводство,false,False,,9270000,883.0,29750000,920.0,544373000,846.0,1016746000,1031.0,2979300000,994.0,628755000,957.0,3,"Растениеводство и животноводство, охота и предоставление услуг в этих областях",ОБЛАСТЬ АБАЙ,АБАЙСКИЙ РАЙОН,0
447221,1349717,Разведение прочего крупного рогатого скота и буйволов,false,False,,,,26580000,920.0,544373000,846.0,886150000,1031.0,2932600000,994.0,566515000,957.0,4,Животноводство,ОБЛАСТЬ АБАЙ,АБАЙСКИЙ РАЙОН,0
447222,1301264,Разведение прочего крупного рогатого скота и буйволов,true,False,,,,26580000,920.0,544373000,846.0,886150000,1031.0,2932600000,994.0,566515000,957.0,5,Разведение прочего крупного рогатого скота и буйволов,ОБЛАСТЬ АБАЙ,АБАЙСКИЙ РАЙОН,0
447223,4907589,Разведение лошадей и прочих животных семейства лошадиных,false,False,,,,,,,,32275000,1031.0,,,22660000,957.0,4,Животноводство,ОБЛАСТЬ АБАЙ,АБАЙСКИЙ РАЙОН,0
447224,4915992,Разведение лошадей,true,False,,,,,,,,32275000,1031.0,,,22660000,957.0,5,Разведение лошадей и прочих животных семейства лошадиных,ОБЛАСТЬ АБАЙ,АБАЙСКИЙ РАЙОН,0
447228,278836,Разведение овец и коз,false,False,,9270000,883.0,3170000,920.0,,,98321000,1031.0,46700000,994.0,39580000,957.0,4,Животноводство,ОБЛАСТЬ АБАЙ,АБАЙСКИЙ РАЙОН,0
447229,278832,Разведение овец и коз,true,False,,9270000,883.0,3170000,920.0,,,98321000,1031.0,46700000,994.0,39580000,957.0,5,Разведение овец и коз,ОБЛАСТЬ АБАЙ,АБАЙСКИЙ РАЙОН,0
447239,2826174,Смешанное сельское хозяйство,false,False,,98535000,883.0,332862000,920.0,,,113545000,1031.0,147060000,994.0,97415000,957.0,3,"Растениеводство и животноводство, охота и предоставление услуг в этих областях",ОБЛАСТЬ АБАЙ,АБАЙСКИЙ РАЙОН,0
447240,2826184,Смешанное сельское хозяйство,false,False,,98535000,883.0,332862000,920.0,,,113545000,1031.0,147060000,994.0,97415000,957.0,4,Смешанное сельское хозяйство,ОБЛАСТЬ АБАЙ,АБАЙСКИЙ РАЙОН,0
447241,2826182,Смешанное сельское хозяйство,true,False,,98535000,883.0,332862000,920.0,,,113545000,1031.0,147060000,994.0,97415000,957.0,5,Смешанное сельское хозяйство,ОБЛАСТЬ АБАЙ,АБАЙСКИЙ РАЙОН,0
18683346,5745955,"Деятельность, способствующая выращиванию сельскохозяйственных культур и разведению животных и деятельность по обработке урожая",false,False,,,,,,,,x,1031.0,,,,,3,"Растениеводство и животноводство, охота и предоставление услуг в этих областях",ОБЛАСТЬ АБАЙ,АБАЙСКИЙ РАЙОН,0
18683350,5753605,"Деятельность, способствующая животноводству",false,False,,,,,,,,x,1031.0,,,,,4,"Деятельность, способствующая выращиванию сельскохозяйственных культур и разведению животных и деятельность по обработке урожая",ОБЛАСТЬ АБАЙ,АБАЙСКИЙ РАЙОН,0
18683351,5749707,"Деятельность, способствующая животноводству",true,False,,,,,,,,x,1031.0,,,,,5,"Деятельность, способствующая животноводству",ОБЛАСТЬ АБАЙ,АБАЙСКИЙ РАЙОН,0
448148,4907609,Строительство,false,False,,,,,,,,210387000,1031.0,290394000,994.0,35000000,957.0,1,Всего,ОБЛАСТЬ АБАЙ,АБАЙСКИЙ РАЙОН,0
448157,5193831,Гражданское строительство,false,False,,,,,,,,210387000,1031.0,250394000,994.0,,,2,Строительство,ОБЛАСТЬ АБАЙ,АБАЙСКИЙ РАЙОН,0
448158,5190432,Строительство автомобильных и железных дорог,false,False,,,,,,,,210387000,1031.0,250394000,994.0,,,3,Гражданское строительство,ОБЛАСТЬ АБАЙ,АБАЙСКИЙ РАЙОН,0
18696143,5219836,Строительство автомобильных дорог,false,False,,,,,,,,210387000,1031.0,250394000,994.0,,,4,Строительство автомобильных и железных дорог,ОБЛАСТЬ АБАЙ,АБАЙСКИЙ РАЙОН,0
18946136,5219928,Строительство дорог и автомагистралей,true,False,,,,,,,,210387000,1031.0,250394000,994.0,,,5,Строительство автомобильных дорог,ОБЛАСТЬ АБАЙ,АБАЙСКИЙ РАЙОН,0
18710963,4917826,Строительство зданий,false,False,,,,,,,,,,40000000,994.0,35000000,957.0,2,Строительство,ОБЛАСТЬ АБАЙ,АБАЙСКИЙ РАЙОН,0
18710967,4908873,Строительство жилых и нежилых зданий,false,False,,,,,,,,,,40000000,994.0,35000000,957.0,3,Строительство зданий,ОБЛАСТЬ АБАЙ,АБАЙСКИЙ РАЙОН,0
18710968,4906696,Строительство жилых и нежилых зданий,false,False,,,,,,,,,,40000000,994.0,35000000,957.0,4,Строительство жилых и нежилых зданий,ОБЛАСТЬ АБАЙ,АБАЙСКИЙ РАЙОН,0
18801543,4917196,"Строительство нежилых зданий, за исключением стационарных торговых объектов категорий 1, 2",true,False,,,,,,,,,,40000000,994.0,35000000,957.0,5,Строительство жилых и нежилых зданий,ОБЛАСТЬ АБАЙ,АБАЙСКИЙ РАЙОН,0
448475,278774,Транспорт и складирование,false,False,,603101000,883.0,57328000,920.0,x,846.0,3441446000,1031.0,2774330000,994.0,,,1,Всего,ОБЛАСТЬ АБАЙ,АБАЙСКИЙ РАЙОН,0
448527,278770,Складирование грузов и вспомогательная транспортная деятельность,false,False,,603101000,883.0,57328000,920.0,x,846.0,3441446000,1031.0,2774330000,994.0,,,2,Транспорт и складирование,ОБЛАСТЬ АБАЙ,АБАЙСКИЙ РАЙОН,0
448533,278767,Вспомогательная транспортная деятельность,false,False,,603101000,883.0,57328000,920.0,x,846.0,3441446000,1031.0,2774330000,994.0,,,3,Складирование грузов и вспомогательная транспортная деятельность,ОБЛАСТЬ АБАЙ,АБАЙСКИЙ РАЙОН,0
448534,278761,Вспомогательная деятельность сухопутного транспорта,false,False,,603101000,883.0,57328000,920.0,x,846.0,3441446000,1031.0,2774330000,994.0,,,4,Вспомогательная транспортная деятельность,ОБЛАСТЬ АБАЙ,АБАЙСКИЙ РАЙОН,0
448536,278755,Эксплуатация автомобильных дорог,true,False,,603101000,883.0,57328000,920.0,x,846.0,3441446000,1031.0,2774330000,994.0,,,5,Вспомогательная деятельность сухопутного транспорта,ОБЛАСТЬ АБАЙ,АБАЙСКИЙ РАЙОН,0
448558,4107222,Предоставление услуг по проживанию и питанию,false,False,,,,60000000,920.0,,,,,232235000,994.0,,,1,Всего,ОБЛАСТЬ АБАЙ,АБАЙСКИЙ РАЙОН,0
448573,5364372,Предоставление услуг по обеспечению питанием и напитками,false,False,,,,,,,,,,x,994.0,,,2,Предоставление услуг по проживанию и питанию,ОБЛАСТЬ АБАЙ,АБАЙСКИЙ РАЙОН,0
448574,5364409,Деятельность ресторанов и предоставление услуг по доставке продуктов питания,false,False,,,,,,,,,,x,994.0,,,3,Предоставление услуг по обеспечению питанием и напитками,ОБЛАСТЬ АБАЙ,АБАЙСКИЙ РАЙОН,0
448575,5365871,Деятельность ресторанов и предоставление услуг по доставке продуктов питания,false,False,,,,,,,,,,x,994.0,,,4,Деятельность ресторанов и предоставление услуг по доставке продуктов питания,ОБЛАСТЬ АБАЙ,АБАЙСКИЙ РАЙОН,0
20576362,5359231,"Деятельность ресторанов и предоставление услуг по доставке продуктов питания, за исключением деятельности объектов, находящихся на придорожной полосе",true,False,,,,,,,,,,x,994.0,,,5,Деятельность ресторанов и предоставление услуг по доставке продуктов питания,ОБЛАСТЬ АБАЙ,АБАЙСКИЙ РАЙОН,0
3783427,4102850,Предоставление услуг по временному проживанию,false,False,,,,60000000,920.0,,,,,x,994.0,,,2,Предоставление услуг по проживанию и питанию,ОБЛАСТЬ АБАЙ,АБАЙСКИЙ РАЙОН,0
3783428,4102417,Предоставление услуг гостиницами и аналогичными местами для проживания,false,False,,,,60000000,920.0,,,,,,,,,3,Предоставление услуг по временному проживанию,ОБЛАСТЬ АБАЙ,АБАЙСКИЙ РАЙОН,0
3783429,4102227,Предоставление услуг гостиницами и аналогичными местами для проживания,false,False,,,,60000000,920.0,,,,,,,,,4,Предоставление услуг гостиницами и аналогичными местами для проживания,ОБЛАСТЬ АБАЙ,АБАЙСКИЙ РАЙОН,0
3783430,4108154,"Предоставление услуг гостиницами с ресторанами, за исключением гостиниц, находящихся на придорожной полосе",true,False,,,,60000000,920.0,,,,,,,,,5,Предоставление услуг гостиницами и аналогичными местами для проживания,ОБЛАСТЬ АБАЙ,АБАЙСКИЙ РАЙОН,0
3783441,5364306,Предоставление услуг прочими местами для проживания,false,False,,,,,,,,,,x,994.0,,,3,Предоставление услуг по временному проживанию,ОБЛАСТЬ АБАЙ,АБАЙСКИЙ РАЙОН,0
3783442,5363593,Предоставление услуг прочими местами для проживания,false,False,,,,,,,,,,x,994.0,,,4,Предоставление услуг прочими местами для проживания,ОБЛАСТЬ АБАЙ,АБАЙСКИЙ РАЙОН,0
20576357,5364156,"Предоставление услуг прочими местами для проживания, не включенными в другие категории",true,False,,,,,,,,,,x,994.0,,,5,Предоставление услуг прочими местами для проживания,ОБЛАСТЬ АБАЙ,АБАЙСКИЙ РАЙОН,0
448585,311340,Информация и связь,false,False,,66466000,883.0,3286000,920.0,135845000,846.0,,,185644000,994.0,125603000,957.0,1,Всего,ОБЛАСТЬ АБАЙ,АБАЙСКИЙ РАЙОН,0
448623,311338,Телекоммуникации,false,False,,66466000,883.0,3286000,920.0,135845000,846.0,,,185644000,994.0,125603000,957.0,2,Информация и связь,ОБЛАСТЬ АБАЙ,АБАЙСКИЙ РАЙОН,0
448627,1281310,Беспроводная телекоммуникационная связь,false,False,,63414000,883.0,,,133493000,846.0,,,43552000,994.0,125603000,957.0,3,Телекоммуникации,ОБЛАСТЬ АБАЙ,АБАЙСКИЙ РАЙОН,0
448628,1389920,Беспроводная телекоммуникационная связь,false,False,,63414000,883.0,,,133493000,846.0,,,43552000,994.0,125603000,957.0,4,Беспроводная телекоммуникационная связь,ОБЛАСТЬ АБАЙ,АБАЙСКИЙ РАЙОН,0
18946147,4983005,Беспроводная телекоммуникационная связь посредством единой транспортной среды,true,False,,,,,,,,,,43552000,994.0,,,5,Беспроводная телекоммуникационная связь,ОБЛАСТЬ АБАЙ,АБАЙСКИЙ РАЙОН,0
18946148,2840814,"Организация вещания теле-, радиопрограмм посредством сети национального оператора телерадиовещания",true,False,,54925000,883.0,,,,,,,,,125603000,957.0,5,Беспроводная телекоммуникационная связь,ОБЛАСТЬ АБАЙ,АБАЙСКИЙ РАЙОН,0
18946149,1335871,Прочая беспроводная телекоммуникационная связь,true,False,,8489000,883.0,,,133493000,846.0,,,,,,,5,Беспроводная телекоммуникационная связь,ОБЛАСТЬ АБАЙ,АБАЙСКИЙ РАЙОН,0
448633,5233672,Прочая деятельность в области телекоммуникаций,false,False,,,,,,,,,,142092000,994.0,,,3,Телекоммуникации,ОБЛАСТЬ АБАЙ,АБАЙСКИЙ РАЙОН,0
448634,5232668,Прочая деятельность в области телекоммуникаций,false,False,,,,,,,,,,142092000,994.0,,,4,Прочая деятельность в области телекоммуникаций,ОБЛАСТЬ АБАЙ,АБАЙСКИЙ РАЙОН,0
18946153,5236928,Деятельность по распространению телерадиопрограмм  посредством  сети Интернет,true,False,,,,,,,,,,142092000,994.0,,,5,Прочая деятельность в области телекоммуникаций,ОБЛАСТЬ АБАЙ,АБАЙСКИЙ РАЙОН,0
18696628,311336,Проводная телекоммуникационная связь,false,False,,3052000,883.0,3286000,920.0,x,846.0,,,,,,,3,Телекоммуникации,ОБЛАСТЬ АБАЙ,АБАЙСКИЙ РАЙОН,0
18696629,311334,Проводная телекоммуникационная связь,false,False,,3052000,883.0,3286000,920.0,x,846.0,,,,,,,4,Проводная телекоммуникационная связь,ОБЛАСТЬ АБАЙ,АБАЙСКИЙ РАЙОН,0
18946146,311332,Прочая проводная телекоммуникационная связь,true,False,,3052000,883.0,3286000,920.0,x,846.0,,,,,,,5,Проводная телекоммуникационная связь,ОБЛАСТЬ АБАЙ,АБАЙСКИЙ РАЙОН,0
448714,120908,Операции с недвижимым имуществом,false,False,,708120000,883.0,834800000,920.0,355320000,846.0,1533280000,1031.0,925640000,994.0,914720000,957.0,1,Всего,ОБЛАСТЬ АБАЙ,АБАЙСКИЙ РАЙОН,0
448715,120905,Операции с недвижимым имуществом,false,False,,708120000,883.0,834800000,920.0,355320000,846.0,1533280000,1031.0,925640000,994.0,914720000,957.0,2,Операции с недвижимым имуществом,ОБЛАСТЬ АБАЙ,АБАЙСКИЙ РАЙОН,0
448716,120891,Покупка и продажа собственного недвижимого имущества ,false,False,,708120000,883.0,834800000,920.0,355320000,846.0,1533280000,1031.0,925640000,994.0,914720000,957.0,3,Операции с недвижимым имуществом,ОБЛАСТЬ АБАЙ,АБАЙСКИЙ РАЙОН,0
448717,120888,Покупка и продажа собственного недвижимого имущества ,false,False,,708120000,883.0,834800000,920.0,355320000,846.0,1533280000,1031.0,925640000,994.0,914720000,957.0,4,Покупка и продажа собственного недвижимого имущества ,ОБЛАСТЬ АБАЙ,АБАЙСКИЙ РАЙОН,0
543091,120885,Покупка и продажа многоквартирных и жилых домов (особняков),true,False,,708120000,883.0,834800000,920.0,355320000,846.0,1533280000,1031.0,925640000,994.0,914720000,957.0,5,Покупка и продажа собственного недвижимого имущества ,ОБЛАСТЬ АБАЙ,АБАЙСКИЙ РАЙОН,0
448728,5651042,"Профессиональная, научная и техническая деятельность",false,False,,,,,,,,x,1031.0,x,994.0,,,1,Всего,ОБЛАСТЬ АБАЙ,АБАЙСКИЙ РАЙОН,0
448747,5651428,"Деятельность в области архитектуры, инженерных изысканий, технических испытаний и анализа",false,False,,,,,,,,x,1031.0,x,994.0,,,2,"Профессиональная, научная и техническая деятельность",ОБЛАСТЬ АБАЙ,АБАЙСКИЙ РАЙОН,0
448748,5597098,"Деятельность в области архитектуры, инженерных изысканий и предоставление технических консультаций в этих областях",false,False,,,,,,,,x,1031.0,x,994.0,,,3,"Деятельность в области архитектуры, инженерных изысканий, технических испытаний и анализа",ОБЛАСТЬ АБАЙ,АБАЙСКИЙ РАЙОН,0
448751,5594871,Деятельность в области инженерных изысканий и предоставление технических консультаций в этой области,false,False,,,,,,,,x,1031.0,x,994.0,,,4,"Деятельность в области архитектуры, инженерных изысканий и предоставление технических консультаций в этих областях",ОБЛАСТЬ АБАЙ,АБАЙСКИЙ РАЙОН,0
448753,5596863,Деятельность по проведению геологической разведки и изысканий (без научных исследований и разработок),true,False,,,,,,,,x,1031.0,x,994.0,,,5,Деятельность в области инженерных изысканий и предоставление технических консультаций в этой области,ОБЛАСТЬ АБАЙ,АБАЙСКИЙ РАЙОН,0
448797,5750769,Деятельность в области административного и вспомогательного обслуживания,false,False,,,,,,,,x,1031.0,,,,,1,Всего,ОБЛАСТЬ АБАЙ,АБАЙСКИЙ РАЙОН,0
448846,5752056,Деятельность по обеспечению безопасности и проведению расследований,false,False,,,,,,,,x,1031.0,,,,,2,Деятельность в области административного и вспомогательного обслуживания,ОБЛАСТЬ АБАЙ,АБАЙСКИЙ РАЙОН,0
448850,5748128,Деятельность в области систем обеспечения безопасности,false,False,,,,,,,,x,1031.0,,,,,3,Деятельность по обеспечению безопасности и проведению расследований,ОБЛАСТЬ АБАЙ,АБАЙСКИЙ РАЙОН,0
448851,5747938,Деятельность в области систем обеспечения безопасности,false,False,,,,,,,,x,1031.0,,,,,4,Деятельность в области систем обеспечения безопасности,ОБЛАСТЬ АБАЙ,АБАЙСКИЙ РАЙОН,0
448852,5750048,Деятельность в области систем обеспечения безопасности,true,False,,,,,,,,x,1031.0,,,,,5,Деятельность в области систем обеспечения безопасности,ОБЛАСТЬ АБАЙ,АБАЙСКИЙ РАЙОН,0
448889,5883661,Государственное управление и оборона; обязательное  социальное обеспечение,false,False,,,,,,,,16857000,1031.0,,,,,1,Всего,ОБЛАСТЬ АБАЙ,АБАЙСКИЙ РАЙОН,0
448890,5885022,Государственное управление и оборона; обязательное социальное обеспечение,false,False,,,,,,,,16857000,1031.0,,,,,2,Государственное управление и оборона; обязательное  социальное обеспечение,ОБЛАСТЬ АБАЙ,АБАЙСКИЙ РАЙОН,0
448891,5883054,Государственное управление общего характера и управление социально-экономическое политикой общества,false,False,,,,,,,,16857000,1031.0,,,,,3,Государственное управление и оборона; обязательное социальное обеспечение,ОБЛАСТЬ АБАЙ,АБАЙСКИЙ РАЙОН,0
448900,5884442,"Регулирование деятельности учреждений здравоохранения, образования, культуры и других социальных услуг, кроме социального обеспечения ",false,False,,,,,,,,8657000,1031.0,,,,,4,Государственное управление общего характера и управление социально-экономическое политикой общества,ОБЛАСТЬ АБАЙ,АБАЙСКИЙ РАЙОН,0
448901,5883690,"Регулирование деятельности учреждений здравоохранения, образования, культуры и других социальных услуг, кроме социального обеспечения ",true,False,,,,,,,,8657000,1031.0,,,,,5,"Регулирование деятельности учреждений здравоохранения, образования, культуры и других социальных услуг, кроме социального обеспечения ",ОБЛАСТЬ АБАЙ,АБАЙСКИЙ РАЙОН,0
448902,5884418,Регулирование и содействие эффективному ведению экономической деятельности,false,False,,,,,,,,8200000,1031.0,,,,,4,Государственное управление общего характера и управление социально-экономическое политикой общества,ОБЛАСТЬ АБАЙ,АБАЙСКИЙ РАЙОН,0
448903,5884113,Регулирование и содействие эффективному ведению экономической деятельности,true,False,,,,,,,,8200000,1031.0,,,,,5,Регулирование и содействие эффективному ведению экономической деятельности,ОБЛАСТЬ АБАЙ,АБАЙСКИЙ РАЙОН,0
448918,278745,Образование,false,False,,1297686000,883.0,89770000,920.0,95800000,846.0,,,,,,,1,Всего,ОБЛАСТЬ АБАЙ,АБАЙСКИЙ РАЙОН,0
448919,278742,Образование,false,False,,1297686000,883.0,89770000,920.0,95800000,846.0,,,,,,,2,Образование,ОБЛАСТЬ АБАЙ,АБАЙСКИЙ РАЙОН,0
448920,3910404,Дошкольное образование,false,False,,,,74770000,920.0,,,,,,,,,3,Образование,ОБЛАСТЬ АБАЙ,АБАЙСКИЙ РАЙОН,0
448921,3909523,Дошкольное образование,false,False,,,,74770000,920.0,,,,,,,,,4,Дошкольное образование,ОБЛАСТЬ АБАЙ,АБАЙСКИЙ РАЙОН,0
448922,3912323,Дошкольное образование,true,False,,,,74770000,920.0,,,,,,,,,5,Дошкольное образование,ОБЛАСТЬ АБАЙ,АБАЙСКИЙ РАЙОН,0
448926,278738,Среднее образование (2-й и 3-й уровни),false,False,,1297686000,883.0,x,920.0,95800000,846.0,,,,,,,3,Образование,ОБЛАСТЬ АБАЙ,АБАЙСКИЙ РАЙОН,0
448927,278726,Основное и общее среднее образование,false,False,,1297686000,883.0,x,920.0,95800000,846.0,,,,,,,4,Среднее образование (2-й и 3-й уровни),ОБЛАСТЬ АБАЙ,АБАЙСКИЙ РАЙОН,0
448928,278724,Основное и общее среднее образование,true,False,,1297686000,883.0,x,920.0,95800000,846.0,,,,,,,5,Основное и общее среднее образование,ОБЛАСТЬ АБАЙ,АБАЙСКИЙ РАЙОН,0
448950,3253385,Здравоохранение и социальное обслуживание населения,false,False,,,,14039000,920.0,,,862083000,1031.0,151279000,994.0,34234000,957.0,1,Всего,ОБЛАСТЬ АБАЙ,АБАЙСКИЙ РАЙОН,0
448951,3252475,Деятельность в области здравоохранения,false,False,,,,14039000,920.0,,,832529000,1031.0,151279000,994.0,34234000,957.0,2,Здравоохранение и социальное обслуживание населения,ОБЛАСТЬ АБАЙ,АБАЙСКИЙ РАЙОН,0
448952,3250491,Деятельность больничных организаций,false,False,,,,14039000,920.0,,,153551000,1031.0,150021000,994.0,34234000,957.0,3,Деятельность в области здравоохранения,ОБЛАСТЬ АБАЙ,АБАЙСКИЙ РАЙОН,0
448953,3252856,Деятельность больничных организаций,false,False,,,,14039000,920.0,,,153551000,1031.0,150021000,994.0,34234000,957.0,4,Деятельность больничных организаций,ОБЛАСТЬ АБАЙ,АБАЙСКИЙ РАЙОН,0
448954,3254653,Деятельность больниц широкого профиля и специализированных больниц,true,False,,,,14039000,920.0,,,153551000,1031.0,150021000,994.0,34234000,957.0,5,Деятельность больничных организаций,ОБЛАСТЬ АБАЙ,АБАЙСКИЙ РАЙОН,0
448959,5363678,Деятельность в области врачебной практики и стоматологии,false,False,,,,,,,,678978000,1031.0,1258000,994.0,,,3,Деятельность в области здравоохранения,ОБЛАСТЬ АБАЙ,АБАЙСКИЙ РАЙОН,0
448960,5363068,Общая врачебная практика,false,False,,,,,,,,678978000,1031.0,1258000,994.0,,,4,Деятельность в области врачебной практики и стоматологии,ОБЛАСТЬ АБАЙ,АБАЙСКИЙ РАЙОН,0
448961,5365583,Общая врачебная практика,true,False,,,,,,,,678978000,1031.0,1258000,994.0,,,5,Общая врачебная практика,ОБЛАСТЬ АБАЙ,АБАЙСКИЙ РАЙОН,0
448982,5971335,Деятельность в области социального обслуживания населения без обеспечения проживания ,false,False,,,,,,,,29554000,1031.0,,,,,2,Здравоохранение и социальное обслуживание населения,ОБЛАСТЬ АБАЙ,АБАЙСКИЙ РАЙОН,0
448983,5970209,Предоставление специальных социальных услуг без обеспечения проживания пожилым гражданам и лицам с инвалидностью,false,False,,,,,,,,29554000,1031.0,,,,,3,Деятельность в области социального обслуживания населения без обеспечения проживания ,ОБЛАСТЬ АБАЙ,АБАЙСКИЙ РАЙОН,0
448984,6007581,Предоставление специальных социальных услуг без обеспечения проживания пожилым гражданам и лицам с инвалидностью,false,False,,,,,,,,29554000,1031.0,,,,,4,Предоставление специальных социальных услуг без обеспечения проживания пожилым гражданам и лицам с инвалидностью,ОБЛАСТЬ АБАЙ,АБАЙСКИЙ РАЙОН,0
448985,6009224,Предоставление специальных социальных услуг без обеспечения проживания пожилым гражданам и лицам с инвалидностью,true,False,,,,,,,,29554000,1031.0,,,,,5,Предоставление специальных социальных услуг без обеспечения проживания пожилым гражданам и лицам с инвалидностью,ОБЛАСТЬ АБАЙ,АБАЙСКИЙ РАЙОН,0
448991,311330,"Искусство, развлечения и отдых",false,False,,2591568000,883.0,,,228528000,846.0,316220000,1031.0,481285000,994.0,260000000,957.0,1,Всего,ОБЛАСТЬ АБАЙ,АБАЙСКИЙ РАЙОН,0
449004,2750471,"Деятельность библиотек, архивов, музеев и прочая деятельность в области культуры",false,False,,265135000,883.0,,,,,,,,,260000000,957.0,2,"Искусство, развлечения и отдых",ОБЛАСТЬ АБАЙ,АБАЙСКИЙ РАЙОН,0
449005,2750469,"Деятельность библиотек, архивов, музеев и прочая деятельность в области культуры",false,False,,265135000,883.0,,,,,,,,,260000000,957.0,3,"Деятельность библиотек, архивов, музеев и прочая деятельность в области культуры",ОБЛАСТЬ АБАЙ,АБАЙСКИЙ РАЙОН,0
449011,2750467,Деятельность музеев,false,False,,265135000,883.0,,,,,,,,,,,4,"Деятельность библиотек, архивов, музеев и прочая деятельность в области культуры",ОБЛАСТЬ АБАЙ,АБАЙСКИЙ РАЙОН,0
449012,2750466,Деятельность музеев,true,False,,265135000,883.0,,,,,,,,,,,5,Деятельность музеев,ОБЛАСТЬ АБАЙ,АБАЙСКИЙ РАЙОН,0
449013,4842466,Деятельность исторических мест и зданий и аналогичных туристических достопримечательностей,false,False,,,,,,,,,,,,260000000,957.0,4,"Деятельность библиотек, архивов, музеев и прочая деятельность в области культуры",ОБЛАСТЬ АБАЙ,АБАЙСКИЙ РАЙОН,0
449014,4832669,Деятельность исторических мест и зданий и аналогичных туристических достопримечательностей,true,False,,,,,,,,,,,,260000000,957.0,5,Деятельность исторических мест и зданий и аналогичных туристических достопримечательностей,ОБЛАСТЬ АБАЙ,АБАЙСКИЙ РАЙОН,0
449022,311328,"Деятельность в области спорта, организации отдыха и развлечений",false,False,,2326433000,883.0,,,228528000,846.0,316220000,1031.0,481285000,994.0,,,2,"Искусство, развлечения и отдых",ОБЛАСТЬ АБАЙ,АБАЙСКИЙ РАЙОН,0
449023,5232525,Деятельность в области спорта,false,False,,,,,,,,127268000,1031.0,421285000,994.0,,,3,"Деятельность в области спорта, организации отдыха и развлечений",ОБЛАСТЬ АБАЙ,АБАЙСКИЙ РАЙОН,0
449024,5236854,Эксплуатация спортивных сооружений,false,False,,,,,,,,127268000,1031.0,421285000,994.0,,,4,Деятельность в области спорта,ОБЛАСТЬ АБАЙ,АБАЙСКИЙ РАЙОН,0
449025,5238918,Эксплуатация спортивных сооружений,true,False,,,,,,,,127268000,1031.0,421285000,994.0,,,5,Эксплуатация спортивных сооружений,ОБЛАСТЬ АБАЙ,АБАЙСКИЙ РАЙОН,0
449032,311326,Деятельность по организации отдыха и развлечений,false,False,,2326433000,883.0,,,228528000,846.0,188952000,1031.0,60000000,994.0,,,3,"Деятельность в области спорта, организации отдыха и развлечений",ОБЛАСТЬ АБАЙ,АБАЙСКИЙ РАЙОН,0
449033,311442,Деятельность развлекательных и тематических парков,false,False,,2326433000,883.0,,,,,,,,,,,4,Деятельность по организации отдыха и развлечений,ОБЛАСТЬ АБАЙ,АБАЙСКИЙ РАЙОН,0
449034,311441,Деятельность развлекательных и тематических парков,true,False,,2326433000,883.0,,,,,,,,,,,5,Деятельность развлекательных и тематических парков,ОБЛАСТЬ АБАЙ,АБАЙСКИЙ РАЙОН,0
449035,1379331,Прочая деятельность по организации отдыха и развлечений,false,False,,,,,,228528000,846.0,188952000,1031.0,60000000,994.0,,,4,Деятельность по организации отдыха и развлечений,ОБЛАСТЬ АБАЙ,АБАЙСКИЙ РАЙОН,0
449039,1296845,Прочие виды деятельности по организации отдыха и развлечений,true,False,,,,,,228528000,846.0,188952000,1031.0,60000000,994.0,,,5,Прочая деятельность по организации отдыха и развлечений,ОБЛАСТЬ АБАЙ,АБАЙСКИЙ РАЙОН,0
449040,4832174,Предоставление прочих видов услуг,false,False,,,,,,,,,,,,430000000,957.0,1,Всего,ОБЛАСТЬ АБАЙ,АБАЙСКИЙ РАЙОН,0
449041,4829298,Деятельность общественных объединений (организаций),false,False,,,,,,,,,,,,430000000,957.0,2,Предоставление прочих видов услуг,ОБЛАСТЬ АБАЙ,АБАЙСКИЙ РАЙОН,0
449050,4851650,Деятельность прочих общественных  объединений,false,False,,,,,,,,,,,,430000000,957.0,3,Деятельность общественных объединений (организаций),ОБЛАСТЬ АБАЙ,АБАЙСКИЙ РАЙОН,0
449051,4843733,Деятельность религиозных организаций,false,False,,,,,,,,,,,,430000000,957.0,4,Деятельность прочих общественных  объединений,ОБЛАСТЬ АБАЙ,АБАЙСКИЙ РАЙОН,0
449052,4840829,Деятельность религиозных организаций,true,False,,,,,,,,,,,,430000000,957.0,5,Деятельность религиозных организаций,ОБЛАСТЬ АБАЙ,АБАЙСКИЙ РАЙОН,0
741340,278828,Промышленность,false,False,,1656049000,883.0,2184531000,920.0,1384346000,846.0,2697522000,1031.0,1816002000,994.0,3937373000,957.0,1,Всего,ОБЛАСТЬ АБАЙ,АБАЙСКИЙ РАЙОН,0
447279,278821,Горнодобывающая промышленность и разработка карьеров,false,False,,48871000,883.0,922150000,920.0,1251734000,846.0,2210392000,1031.0,898785000,994.0,3877173000,957.0,2,Промышленность,ОБЛАСТЬ АБАЙ,АБАЙСКИЙ РАЙОН,0
447298,278810,Добыча металлических руд,false,False,,48871000,883.0,922150000,920.0,1251734000,846.0,2210392000,1031.0,898785000,994.0,3877173000,957.0,3,Горнодобывающая промышленность и разработка карьеров,ОБЛАСТЬ АБАЙ,АБАЙСКИЙ РАЙОН,0
447303,278804,"Добыча руд, кроме железных ",false,False,,48871000,883.0,922150000,920.0,1251734000,846.0,2210392000,1031.0,898785000,994.0,3877173000,957.0,4,Добыча металлических руд,ОБЛАСТЬ АБАЙ,АБАЙСКИЙ РАЙОН,0
447306,278802,Добыча прочих металлических руд,false,False,,48871000,883.0,922150000,920.0,1251734000,846.0,2210392000,1031.0,898785000,994.0,3877173000,957.0,5,"Добыча руд, кроме железных ",ОБЛАСТЬ АБАЙ,АБАЙСКИЙ РАЙОН,0
447308,278795,Добыча и обогащение медной руды,true,False,,48871000,883.0,922150000,920.0,1251734000,846.0,379278000,1031.0,395411000,994.0,2968962000,957.0,6,Добыча прочих металлических руд,ОБЛАСТЬ АБАЙ,АБАЙСКИЙ РАЙОН,0
447314,4918314,Добыча драгоценных металлов и руд редких металлов,true,False,,,,,,,,x,1031.0,503374000,994.0,x,957.0,6,Добыча прочих металлических руд,ОБЛАСТЬ АБАЙ,АБАЙСКИЙ РАЙОН,0
448090,311350,"Снабжение электроэнергией, газом, паром, горячей водой и кондиционированным воздухом",false,False,,202990000,883.0,1000142000,920.0,132612000,846.0,156342000,1031.0,492978000,994.0,60200000,957.0,2,Промышленность,ОБЛАСТЬ АБАЙ,АБАЙСКИЙ РАЙОН,0
448091,311348,"Снабжение электроэнергией, газом, паром, горячей водой и кондиционированным воздухом",false,False,,202990000,883.0,1000142000,920.0,132612000,846.0,156342000,1031.0,492978000,994.0,60200000,957.0,3,"Снабжение электроэнергией, газом, паром, горячей водой и кондиционированным воздухом",ОБЛАСТЬ АБАЙ,АБАЙСКИЙ РАЙОН,0
448092,311346,"Производство, передача и распределение электроэнергии",false,False,,78180000,883.0,1000142000,920.0,132612000,846.0,113942000,1031.0,269582000,994.0,60200000,957.0,4,"Снабжение электроэнергией, газом, паром, горячей водой и кондиционированным воздухом",ОБЛАСТЬ АБАЙ,АБАЙСКИЙ РАЙОН,0
448098,1310355,Передача электроэнергии,false,False,,,,,,x,846.0,,,216893000,994.0,,,5,"Производство, передача и распределение электроэнергии",ОБЛАСТЬ АБАЙ,АБАЙСКИЙ РАЙОН,0
18951389,1309447,Передача электроэнергии,true,False,,,,,,x,846.0,,,216893000,994.0,,,6,Передача электроэнергии,ОБЛАСТЬ АБАЙ,АБАЙСКИЙ РАЙОН,0
448100,311344,Распределение электроэнергии,false,False,,78180000,883.0,1000142000,920.0,118823000,846.0,113942000,1031.0,52689000,994.0,60200000,957.0,5,"Производство, передача и распределение электроэнергии",ОБЛАСТЬ АБАЙ,АБАЙСКИЙ РАЙОН,0
448101,311342,Распределение электроэнергии,true,False,,78180000,883.0,1000142000,920.0,118823000,846.0,113942000,1031.0,52689000,994.0,60200000,957.0,6,Распределение электроэнергии,ОБЛАСТЬ АБАЙ,АБАЙСКИЙ РАЙОН,0
448111,2807771,"Снабжение паром, горячей водой и кондиционированным воздухом",false,False,,124810000,883.0,,,,,42400000,1031.0,223396000,994.0,,,4,"Снабжение электроэнергией, газом, паром, горячей водой и кондиционированным воздухом",ОБЛАСТЬ АБАЙ,АБАЙСКИЙ РАЙОН,0
448112,2807769,"Снабжение паром, горячей водой и кондиционированным воздухом",false,False,,124810000,883.0,,,,,42400000,1031.0,223396000,994.0,,,5,"Снабжение паром, горячей водой и кондиционированным воздухом",ОБЛАСТЬ АБАЙ,АБАЙСКИЙ РАЙОН,0
448114,2807767,Производство тепловой энергии самостоятельными котельными,true,False,,124810000,883.0,,,,,,,x,994.0,,,6,"Снабжение паром, горячей водой и кондиционированным воздухом",ОБЛАСТЬ АБАЙ,АБАЙСКИЙ РАЙОН,0
20575798,5419345,Передача тепловой энергии,true,False,,,,,,,,,,205390000,994.0,,,6,"Снабжение паром, горячей водой и кондиционированным воздухом",ОБЛАСТЬ АБАЙ,АБАЙСКИЙ РАЙОН,0
77247478,5747279,Передача и распределение тепловой энергии,true,False,,,,,,,,42400000,1031.0,,,,,6,"Снабжение паром, горячей водой и кондиционированным воздухом",ОБЛАСТЬ АБАЙ,АБАЙСКИЙ РАЙОН,0
448117,278793,"Водоснабжение; водоотведение; сбор, обработка и удаление отходов, деятельность по ликвидации загрязнений",false,False,,1404188000,883.0,262239000,920.0,,,330788000,1031.0,424239000,994.0,,,2,Промышленность,ОБЛАСТЬ АБАЙ,АБАЙСКИЙ РАЙОН,0
448118,278789,"Забор, обработка и распределение воды",false,False,,1404188000,883.0,262239000,920.0,,,330788000,1031.0,424239000,994.0,,,3,"Водоснабжение; водоотведение; сбор, обработка и удаление отходов, деятельность по ликвидации загрязнений",ОБЛАСТЬ АБАЙ,АБАЙСКИЙ РАЙОН,0
448119,278785,"Забор, обработка и распределение воды",false,False,,1404188000,883.0,262239000,920.0,,,330788000,1031.0,424239000,994.0,,,4,"Забор, обработка и распределение воды",ОБЛАСТЬ АБАЙ,АБАЙСКИЙ РАЙОН,0
448120,278779,"Забор, обработка и распределение воды",false,False,,1404188000,883.0,262239000,920.0,,,330788000,1031.0,424239000,994.0,,,5,"Забор, обработка и распределение воды",ОБЛАСТЬ АБАЙ,АБАЙСКИЙ РАЙОН,0
448121,278777,"Забор, обработка и распределение воды",true,False,,1404188000,883.0,262239000,920.0,,,330788000,1031.0,424239000,994.0,,,6,"Забор, обработка и распределение воды",ОБЛАСТЬ АБАЙ,АБАЙСКИЙ РАЙОН,0
741885,35671,Всего,false,false,,179995344000,883.0,154630393000,920.0,196511057000,846.0,132203060000,1031.0,114374953000,994.0,104988295000,957.0,0,,ОБЛАСТЬ АБАЙ,АЯГОЗСКИЙ РАЙОН,
447173,278964,"Сельское, лесное и рыбное хозяйство",false,False,,813667000,883.0,928433000,920.0,882875000,846.0,758474000,1031.0,1512000000,994.0,959230000,957.0,1,Всего,ОБЛАСТЬ АБАЙ,АЯГОЗСКИЙ РАЙОН,0
447174,278960,"Растениеводство и животноводство, охота и предоставление услуг в этих областях",false,False,,813667000,883.0,928433000,920.0,882875000,846.0,758474000,1031.0,1512000000,994.0,959230000,957.0,2,"Сельское, лесное и рыбное хозяйство",ОБЛАСТЬ АБАЙ,АЯГОЗСКИЙ РАЙОН,0
447218,278956,Животноводство,false,False,,433220000,883.0,330915000,920.0,603899000,846.0,732014000,1031.0,1512000000,994.0,959230000,957.0,3,"Растениеводство и животноводство, охота и предоставление услуг в этих областях",ОБЛАСТЬ АБАЙ,АЯГОЗСКИЙ РАЙОН,0
447219,5949251,Разведение крупного рогатого скота молочного направления,false,False,,,,,,,,16620000,1031.0,,,,,4,Животноводство,ОБЛАСТЬ АБАЙ,АЯГОЗСКИЙ РАЙОН,0
447220,5949830,Разведение крупного рогатого скота молочного направления,true,False,,,,,,,,16620000,1031.0,,,,,5,Разведение крупного рогатого скота молочного направления,ОБЛАСТЬ АБАЙ,АЯГОЗСКИЙ РАЙОН,0
447221,278953,Разведение прочего крупного рогатого скота и буйволов,false,False,,377520000,883.0,290900000,920.0,568874000,846.0,573648000,1031.0,911450000,994.0,812230000,957.0,4,Животноводство,ОБЛАСТЬ АБАЙ,АЯГОЗСКИЙ РАЙОН,0
447222,278950,Разведение прочего крупного рогатого скота и буйволов,true,False,,377520000,883.0,290900000,920.0,568874000,846.0,573648000,1031.0,911450000,994.0,812230000,957.0,5,Разведение прочего крупного рогатого скота и буйволов,ОБЛАСТЬ АБАЙ,АЯГОЗСКИЙ РАЙОН,0
447223,278943,Разведение лошадей и прочих животных семейства лошадиных,false,False,,41700000,883.0,1300000,920.0,,,65535000,1031.0,,,,,4,Животноводство,ОБЛАСТЬ АБАЙ,АЯГОЗСКИЙ РАЙОН,0
447224,278939,Разведение лошадей,true,False,,41700000,883.0,1300000,920.0,,,65535000,1031.0,,,,,5,Разведение лошадей и прочих животных семейства лошадиных,ОБЛАСТЬ АБАЙ,АЯГОЗСКИЙ РАЙОН,0
447228,278936,Разведение овец и коз,false,False,,14000000,883.0,,,35025000,846.0,,,177900000,994.0,x,957.0,4,Животноводство,ОБЛАСТЬ АБАЙ,АЯГОЗСКИЙ РАЙОН,0
447229,278934,Разведение овец и коз,true,False,,14000000,883.0,,,35025000,846.0,,,177900000,994.0,x,957.0,5,Разведение овец и коз,ОБЛАСТЬ АБАЙ,АЯГОЗСКИЙ РАЙОН,0
447237,4154582,Разведение прочих видов животных,false,False,,,,x,920.0,,,76211000,1031.0,422650000,994.0,37000000,957.0,4,Животноводство,ОБЛАСТЬ АБАЙ,АЯГОЗСКИЙ РАЙОН,0
447238,4152657,Разведение прочих видов животных,true,False,,,,x,920.0,,,76211000,1031.0,422650000,994.0,37000000,957.0,5,Разведение прочих видов животных,ОБЛАСТЬ АБАЙ,АЯГОЗСКИЙ РАЙОН,0
447239,278932,Смешанное сельское хозяйство,false,False,,380447000,883.0,597518000,920.0,267411000,846.0,26460000,1031.0,,,,,3,"Растениеводство и животноводство, охота и предоставление услуг в этих областях",ОБЛАСТЬ АБАЙ,АЯГОЗСКИЙ РАЙОН,0
447240,278929,Смешанное сельское хозяйство,false,False,,380447000,883.0,597518000,920.0,267411000,846.0,26460000,1031.0,,,,,4,Смешанное сельское хозяйство,ОБЛАСТЬ АБАЙ,АЯГОЗСКИЙ РАЙОН,0
447241,278924,Смешанное сельское хозяйство,true,False,,380447000,883.0,597518000,920.0,267411000,846.0,26460000,1031.0,,,,,5,Смешанное сельское хозяйство,ОБЛАСТЬ АБАЙ,АЯГОЗСКИЙ РАЙОН,0
18683346,1387911,"Деятельность, способствующая выращиванию сельскохозяйственных культур и разведению животных и деятельность по обработке урожая",false,False,,,,,,x,846.0,,,,,,,3,"Растениеводство и животноводство, охота и предоставление услуг в этих областях",ОБЛАСТЬ АБАЙ,АЯГОЗСКИЙ РАЙОН,0
18683350,1413266,"Деятельность, способствующая животноводству",false,False,,,,,,x,846.0,,,,,,,4,"Деятельность, способствующая выращиванию сельскохозяйственных культур и разведению животных и деятельность по обработке урожая",ОБЛАСТЬ АБАЙ,АЯГОЗСКИЙ РАЙОН,0
18683351,1282819,"Деятельность, способствующая животноводству",true,False,,,,,,x,846.0,,,,,,,5,"Деятельность, способствующая животноводству",ОБЛАСТЬ АБАЙ,АЯГОЗСКИЙ РАЙОН,0
448148,278842,Строительство,false,False,,x,883.0,39193000,920.0,x,846.0,1722138000,1031.0,1513720000,994.0,,,1,Всего,ОБЛАСТЬ АБАЙ,АЯГОЗСКИЙ РАЙОН,0
448157,278834,Гражданское строительство,false,False,,x,883.0,39193000,920.0,x,846.0,1633565000,1031.0,1221908000,994.0,,,2,Строительство,ОБЛАСТЬ АБАЙ,АЯГОЗСКИЙ РАЙОН,0
448158,278829,Строительство автомобильных и железных дорог,false,False,,x,883.0,39193000,920.0,x,846.0,1633565000,1031.0,1221908000,994.0,,,3,Гражданское строительство,ОБЛАСТЬ АБАЙ,АЯГОЗСКИЙ РАЙОН,0
18696143,278823,Строительство автомобильных дорог,false,False,,x,883.0,39193000,920.0,x,846.0,1633565000,1031.0,1221908000,994.0,,,4,Строительство автомобильных и железных дорог,ОБЛАСТЬ АБАЙ,АЯГОЗСКИЙ РАЙОН,0
18946136,278817,Строительство дорог и автомагистралей,true,False,,x,883.0,39193000,920.0,x,846.0,1633565000,1031.0,1221908000,994.0,,,5,Строительство автомобильных дорог,ОБЛАСТЬ АБАЙ,АЯГОЗСКИЙ РАЙОН,0
448177,5332657,Специализированные строительные работы,false,False,,,,,,,,x,1031.0,x,994.0,,,2,Строительство,ОБЛАСТЬ АБАЙ,АЯГОЗСКИЙ РАЙОН,0
448207,5332333,Прочие специализированные строительные работы,false,False,,,,,,,,x,1031.0,x,994.0,,,3,Специализированные строительные работы,ОБЛАСТЬ АБАЙ,АЯГОЗСКИЙ РАЙОН,0
448210,5330144,"Прочие специализированные строительные работы, не включенные в другие группировки",false,False,,,,,,,,x,1031.0,x,994.0,,,4,Прочие специализированные строительные работы,ОБЛАСТЬ АБАЙ,АЯГОЗСКИЙ РАЙОН,0
448214,5331727,"Прочие строительные работы, требующие специальной квалификации",true,False,,,,,,,,x,1031.0,x,994.0,,,5,"Прочие специализированные строительные работы, не включенные в другие группировки",ОБЛАСТЬ АБАЙ,АЯГОЗСКИЙ РАЙОН,0
18710963,5187419,Строительство зданий,false,False,,,,,,,,,,280950000,994.0,,,2,Строительство,ОБЛАСТЬ АБАЙ,АЯГОЗСКИЙ РАЙОН,0
18710967,5185194,Строительство жилых и нежилых зданий,false,False,,,,,,,,,,280950000,994.0,,,3,Строительство зданий,ОБЛАСТЬ АБАЙ,АЯГОЗСКИЙ РАЙОН,0
18710968,5186621,Строительство жилых и нежилых зданий,false,False,,,,,,,,,,280950000,994.0,,,4,Строительство жилых и нежилых зданий,ОБЛАСТЬ АБАЙ,АЯГОЗСКИЙ РАЙОН,0
18801543,5181950,"Строительство нежилых зданий, за исключением стационарных торговых объектов категорий 1, 2",true,False,,,,,,,,,,280950000,994.0,,,5,Строительство жилых и нежилых зданий,ОБЛАСТЬ АБАЙ,АЯГОЗСКИЙ РАЙОН,0
448215,628505,Оптовая и розничная торговля; ремонт автомобилей и мотоциклов,false,False,,13790000,883.0,181255000,920.0,21691000,846.0,x,1031.0,1718855000,994.0,73833000,957.0,1,Всего,ОБЛАСТЬ АБАЙ,АЯГОЗСКИЙ РАЙОН,0
448237,658273,"Оптовая торговля, за исключением торговли автомобилями и мотоциклами",false,False,,13790000,883.0,5697000,920.0,x,846.0,,,,,6349000,957.0,2,Оптовая и розничная торговля; ремонт автомобилей и мотоциклов,ОБЛАСТЬ АБАЙ,АЯГОЗСКИЙ РАЙОН,0
448267,3532427,"Оптовая торговля продуктами питания, напитками и табачными изделиями",false,False,,x,883.0,,,,,,,,,,,3,"Оптовая торговля, за исключением торговли автомобилями и мотоциклами",ОБЛАСТЬ АБАЙ,АЯГОЗСКИЙ РАЙОН,0
448274,3533598,Оптовая торговля напитками,false,False,,x,883.0,,,,,,,,,,,4,"Оптовая торговля продуктами питания, напитками и табачными изделиями",ОБЛАСТЬ АБАЙ,АЯГОЗСКИЙ РАЙОН,0
3647932,3512795,"Оптовая торговля напитками в магазинах, являющихся торговыми объектами, с торговой площадью менее 2000 кв.м",true,False,,x,883.0,,,,,,,,,,,5,Оптовая торговля напитками,ОБЛАСТЬ АБАЙ,АЯГОЗСКИЙ РАЙОН,0
448316,1319126,"Оптовая торговля прочими машинами, оборудованием и деталями и принадлежностями к ним",false,False,,x,883.0,5697000,920.0,x,846.0,,,,,6349000,957.0,3,"Оптовая торговля, за исключением торговли автомобилями и мотоциклами",ОБЛАСТЬ АБАЙ,АЯГОЗСКИЙ РАЙОН,0
448321,1385093,Оптовая торговля машинами и оборудованием для горнодобывающей промышленности и строительства ,false,False,,x,883.0,5697000,920.0,x,846.0,,,,,6349000,957.0,4,"Оптовая торговля прочими машинами, оборудованием и деталями и принадлежностями к ним",ОБЛАСТЬ АБАЙ,АЯГОЗСКИЙ РАЙОН,0
448322,1277973,Оптовая торговля машинами и оборудованием для горнодобывающей промышленности и строительства ,true,False,,x,883.0,5697000,920.0,x,846.0,,,,,6349000,957.0,5,Оптовая торговля машинами и оборудованием для горнодобывающей промышленности и строительства ,ОБЛАСТЬ АБАЙ,АЯГОЗСКИЙ РАЙОН,0
448377,622720,"Розничная торговля, кроме торговли автомобилями и мотоциклами",false,False,,,,175558000,920.0,x,846.0,x,1031.0,1718855000,994.0,67484000,957.0,2,Оптовая и розничная торговля; ремонт автомобилей и мотоциклов,ОБЛАСТЬ АБАЙ,АЯГОЗСКИЙ РАЙОН,0
448378,5164527,Розничная торговля в неспециализированных магазинах,false,False,,,,,,,,,,1425979000,994.0,,,3,"Розничная торговля, кроме торговли автомобилями и мотоциклами",ОБЛАСТЬ АБАЙ,АЯГОЗСКИЙ РАЙОН,0
448379,5168615,"Розничная торговля в неспециализированных магазинах преимущественно продуктами питания, напитками и табачными изделиями",false,False,,,,,,,,,,1425979000,994.0,,,4,Розничная торговля в неспециализированных магазинах,ОБЛАСТЬ АБАЙ,АЯГОЗСКИЙ РАЙОН,0
3647934,5170401,"Розничная торговля преимущественно продуктами питания, напитками и табачными изделиями в неспециализированных магазинах, являющихся торговыми объектами, с торговой площадью менее 2000 кв.м ",true,False,,,,,,,,,,1425979000,994.0,,,5,"Розничная торговля в неспециализированных магазинах преимущественно продуктами питания, напитками и табачными изделиями",ОБЛАСТЬ АБАЙ,АЯГОЗСКИЙ РАЙОН,0
448399,1292518,Розничная торговля топливом в специализированных магазинах,false,False,,,,x,920.0,x,846.0,,,111926000,994.0,x,957.0,3,"Розничная торговля, кроме торговли автомобилями и мотоциклами",ОБЛАСТЬ АБАЙ,АЯГОЗСКИЙ РАЙОН,0
448400,1399738,Розничная торговля топливом в специализированных магазинах,false,False,,,,x,920.0,x,846.0,,,111926000,994.0,x,957.0,4,Розничная торговля топливом в специализированных магазинах,ОБЛАСТЬ АБАЙ,АЯГОЗСКИЙ РАЙОН,0
18951442,1344106,Розничная торговля моторным топливом в специализированных магазинах,true,False,,,,,,x,846.0,,,,,,,5,Розничная торговля топливом в специализированных магазинах,ОБЛАСТЬ АБАЙ,АЯГОЗСКИЙ РАЙОН,0
20576124,3095013,"Розничная торговля моторным топливом в специализированных магазинах, за исключением находящихся на придорожной полосе",true,False,,,,x,920.0,,,,,111926000,994.0,x,957.0,5,Розничная торговля топливом в специализированных магазинах,ОБЛАСТЬ АБАЙ,АЯГОЗСКИЙ РАЙОН,0
448409,3250602,Розничная торговля прочими бытовыми товарами в специализированных магазинах ,false,False,,,,x,920.0,,,,,,,,,3,"Розничная торговля, кроме торговли автомобилями и мотоциклами",ОБЛАСТЬ АБАЙ,АЯГОЗСКИЙ РАЙОН,0
448416,3252680,Розничная торговля электрическими бытовыми приборами в специализированных магазинах,false,False,,,,x,920.0,,,,,,,,,4,Розничная торговля прочими бытовыми товарами в специализированных магазинах ,ОБЛАСТЬ АБАЙ,АЯГОЗСКИЙ РАЙОН,0
3647962,3250642,"Розничная торговля электрическими бытовыми приборами в специализированных магазинах, являющихся торговыми объектами, с торговой площадью менее 2000 кв.м",true,False,,,,x,920.0,,,,,,,,,5,Розничная торговля электрическими бытовыми приборами в специализированных магазинах,ОБЛАСТЬ АБАЙ,АЯГОЗСКИЙ РАЙОН,0
448433,4241058,Розничная торговля прочими товарами в специализированных магазинах,false,False,,,,x,920.0,,,x,1031.0,180950000,994.0,x,957.0,3,"Розничная торговля, кроме торговли автомобилями и мотоциклами",ОБЛАСТЬ АБАЙ,АЯГОЗСКИЙ РАЙОН,0
448440,5175121,Розничная торговля фармацевтическими товарами в специализированных магазинах,false,False,,,,,,,,,,180950000,994.0,,,4,Розничная торговля прочими товарами в специализированных магазинах,ОБЛАСТЬ АБАЙ,АЯГОЗСКИЙ РАЙОН,0
3647981,5171258,"Розничная торговля фармацевтическими товарами в специализированных магазинах, являющихся торговыми объектами, с торговой площадью менее 2000 кв.м",true,False,,,,,,,,,,180950000,994.0,,,5,Розничная торговля фармацевтическими товарами в специализированных магазинах,ОБЛАСТЬ АБАЙ,АЯГОЗСКИЙ РАЙОН,0
448452,4273788,Прочая розничная торговля новыми товарами в специализированных магазинах,false,False,,,,x,920.0,,,x,1031.0,,,x,957.0,4,Розничная торговля прочими товарами в специализированных магазинах,ОБЛАСТЬ АБАЙ,АЯГОЗСКИЙ РАЙОН,0
448455,4243320,"Прочая розничная торговля в специализированных магазинах, являющихся торговыми объектами, с торговой площадью менее 2000 кв.м",true,False,,,,x,920.0,,,x,1031.0,,,x,957.0,5,Прочая розничная торговля новыми товарами в специализированных магазинах,ОБЛАСТЬ АБАЙ,АЯГОЗСКИЙ РАЙОН,0
448475,121410,Транспорт и складирование,false,False,,20047927000,883.0,12851137000,920.0,11034607000,846.0,42746824000,1031.0,22060838000,994.0,7800498000,957.0,1,Всего,ОБЛАСТЬ АБАЙ,АЯГОЗСКИЙ РАЙОН,0
448476,642509,Деятельность сухопутного и трубопроводного транспорта ,false,False,,7834063000,883.0,4080927000,920.0,5820400000,846.0,313413000,1031.0,8761504000,994.0,4467279000,957.0,2,Транспорт и складирование,ОБЛАСТЬ АБАЙ,АЯГОЗСКИЙ РАЙОН,0
448477,1354260,Деятельность пассажирского железнодорожного транспорта в междугородном сообщении,false,False,,x,883.0,x,920.0,x,846.0,,,4402544000,994.0,x,957.0,3,Деятельность сухопутного и трубопроводного транспорта ,ОБЛАСТЬ АБАЙ,АЯГОЗСКИЙ РАЙОН,0
448478,1324884,Деятельность пассажирского железнодорожного транспорта в междугородном сообщении,false,False,,x,883.0,x,920.0,x,846.0,,,4402544000,994.0,x,957.0,4,Деятельность пассажирского железнодорожного транспорта в междугородном сообщении,ОБЛАСТЬ АБАЙ,АЯГОЗСКИЙ РАЙОН,0
448479,1298158,Деятельность пассажирского железнодорожного транспорта в междугородном сообщении,true,False,,x,883.0,x,920.0,x,846.0,,,4402544000,994.0,x,957.0,5,Деятельность пассажирского железнодорожного транспорта в междугородном сообщении,ОБЛАСТЬ АБАЙ,АЯГОЗСКИЙ РАЙОН,0
448494,5969009,Деятельность грузового автомобильного транспорта и предоставление услуг по переезду ,false,False,,,,,,,,30699000,1031.0,,,,,3,Деятельность сухопутного и трубопроводного транспорта ,ОБЛАСТЬ АБАЙ,АЯГОЗСКИЙ РАЙОН,0
448495,6007536,Деятельность грузового автомобильного транспорта,false,False,,,,,,,,30699000,1031.0,,,,,4,Деятельность грузового автомобильного транспорта и предоставление услуг по переезду ,ОБЛАСТЬ АБАЙ,АЯГОЗСКИЙ РАЙОН,0
448496,6008754,Деятельность грузового автомобильного транспорта,true,False,,,,,,,,30699000,1031.0,,,,,5,Деятельность грузового автомобильного транспорта,ОБЛАСТЬ АБАЙ,АЯГОЗСКИЙ РАЙОН,0
448499,1395788,Деятельность трубопроводного транспорта,false,False,,x,883.0,x,920.0,x,846.0,282714000,1031.0,4358960000,994.0,x,957.0,3,Деятельность сухопутного и трубопроводного транспорта ,ОБЛАСТЬ АБАЙ,АЯГОЗСКИЙ РАЙОН,0
448500,1401632,Деятельность трубопроводного транспорта,false,False,,x,883.0,x,920.0,x,846.0,282714000,1031.0,4358960000,994.0,x,957.0,4,Деятельность трубопроводного транспорта,ОБЛАСТЬ АБАЙ,АЯГОЗСКИЙ РАЙОН,0
448501,1350053,Деятельность трубопроводного транспорта,true,False,,x,883.0,x,920.0,x,846.0,282714000,1031.0,4358960000,994.0,x,957.0,5,Деятельность трубопроводного транспорта,ОБЛАСТЬ АБАЙ,АЯГОЗСКИЙ РАЙОН,0
448527,121407,Складирование грузов и вспомогательная транспортная деятельность,false,False,,12213864000,883.0,8770210000,920.0,5214207000,846.0,42433411000,1031.0,13299334000,994.0,3333219000,957.0,2,Транспорт и складирование,ОБЛАСТЬ АБАЙ,АЯГОЗСКИЙ РАЙОН,0
448533,121404,Вспомогательная транспортная деятельность,false,False,,12213864000,883.0,8770210000,920.0,5214207000,846.0,42433411000,1031.0,13299334000,994.0,3333219000,957.0,3,Складирование грузов и вспомогательная транспортная деятельность,ОБЛАСТЬ АБАЙ,АЯГОЗСКИЙ РАЙОН,0
448534,121401,Вспомогательная деятельность сухопутного транспорта,false,False,,12213864000,883.0,8770210000,920.0,5214207000,846.0,42433411000,1031.0,13299334000,994.0,3333219000,957.0,4,Вспомогательная транспортная деятельность,ОБЛАСТЬ АБАЙ,АЯГОЗСКИЙ РАЙОН,0
448535,1330135,Эксплуатация железных дорог,true,False,,1484802000,883.0,4147618000,920.0,x,846.0,23069457000,1031.0,654669000,994.0,x,957.0,5,Вспомогательная деятельность сухопутного транспорта,ОБЛАСТЬ АБАЙ,АЯГОЗСКИЙ РАЙОН,0
448536,121398,Эксплуатация автомобильных дорог,true,False,,x,883.0,4622592000,920.0,3090242000,846.0,19363954000,1031.0,12644665000,994.0,2715185000,957.0,5,Вспомогательная деятельность сухопутного транспорта,ОБЛАСТЬ АБАЙ,АЯГОЗСКИЙ РАЙОН,0
448558,2778694,Предоставление услуг по проживанию и питанию,false,False,,670210000,883.0,642209000,920.0,,,,,1707800000,994.0,,,1,Всего,ОБЛАСТЬ АБАЙ,АЯГОЗСКИЙ РАЙОН,0
448573,5187778,Предоставление услуг по обеспечению питанием и напитками,false,False,,,,,,,,,,1707800000,994.0,,,2,Предоставление услуг по проживанию и питанию,ОБЛАСТЬ АБАЙ,АЯГОЗСКИЙ РАЙОН,0
448574,5179258,Деятельность ресторанов и предоставление услуг по доставке продуктов питания,false,False,,,,,,,,,,1707800000,994.0,,,3,Предоставление услуг по обеспечению питанием и напитками,ОБЛАСТЬ АБАЙ,АЯГОЗСКИЙ РАЙОН,0
448575,5181279,Деятельность ресторанов и предоставление услуг по доставке продуктов питания,false,False,,,,,,,,,,1707800000,994.0,,,4,Деятельность ресторанов и предоставление услуг по доставке продуктов питания,ОБЛАСТЬ АБАЙ,АЯГОЗСКИЙ РАЙОН,0
20576362,5161105,"Деятельность ресторанов и предоставление услуг по доставке продуктов питания, за исключением деятельности объектов, находящихся на придорожной полосе",true,False,,,,,,,,,,1707800000,994.0,,,5,Деятельность ресторанов и предоставление услуг по доставке продуктов питания,ОБЛАСТЬ АБАЙ,АЯГОЗСКИЙ РАЙОН,0
3783427,2778691,Предоставление услуг по временному проживанию,false,False,,670210000,883.0,642209000,920.0,,,,,,,,,2,Предоставление услуг по проживанию и питанию,ОБЛАСТЬ АБАЙ,АЯГОЗСКИЙ РАЙОН,0
3783441,2778687,Предоставление услуг прочими местами для проживания,false,False,,670210000,883.0,642209000,920.0,,,,,,,,,3,Предоставление услуг по временному проживанию,ОБЛАСТЬ АБАЙ,АЯГОЗСКИЙ РАЙОН,0
3783442,2778685,Предоставление услуг прочими местами для проживания,false,False,,670210000,883.0,642209000,920.0,,,,,,,,,4,Предоставление услуг прочими местами для проживания,ОБЛАСТЬ АБАЙ,АЯГОЗСКИЙ РАЙОН,0
20576356,2778683,Предоставление услуг студенческими общежитиями ,true,False,,670210000,883.0,642209000,920.0,,,,,,,,,5,Предоставление услуг прочими местами для проживания,ОБЛАСТЬ АБАЙ,АЯГОЗСКИЙ РАЙОН,0
448585,278798,Информация и связь,false,False,,887445000,883.0,31502000,920.0,351537000,846.0,192128000,1031.0,371685000,994.0,164187000,957.0,1,Всего,ОБЛАСТЬ АБАЙ,АЯГОЗСКИЙ РАЙОН,0
448623,278787,Телекоммуникации,false,False,,887445000,883.0,31502000,920.0,351537000,846.0,192128000,1031.0,371685000,994.0,164187000,957.0,2,Информация и связь,ОБЛАСТЬ АБАЙ,АЯГОЗСКИЙ РАЙОН,0
448627,278735,Беспроводная телекоммуникационная связь,false,False,,770263000,883.0,4000,920.0,310715000,846.0,192128000,1031.0,368078000,994.0,150986000,957.0,3,Телекоммуникации,ОБЛАСТЬ АБАЙ,АЯГОЗСКИЙ РАЙОН,0
448628,278730,Беспроводная телекоммуникационная связь,false,False,,770263000,883.0,4000,920.0,310715000,846.0,192128000,1031.0,368078000,994.0,150986000,957.0,4,Беспроводная телекоммуникационная связь,ОБЛАСТЬ АБАЙ,АЯГОЗСКИЙ РАЙОН,0
18946147,4755361,Беспроводная телекоммуникационная связь посредством единой транспортной среды,true,False,,,,,,,,192128000,1031.0,117145000,994.0,x,957.0,5,Беспроводная телекоммуникационная связь,ОБЛАСТЬ АБАЙ,АЯГОЗСКИЙ РАЙОН,0
18946148,2840831,"Организация вещания теле-, радиопрограмм посредством сети национального оператора телерадиовещания",true,False,,153618000,883.0,,,,,,,248677000,994.0,139101000,957.0,5,Беспроводная телекоммуникационная связь,ОБЛАСТЬ АБАЙ,АЯГОЗСКИЙ РАЙОН,0
18946149,278728,Прочая беспроводная телекоммуникационная связь,true,False,,616645000,883.0,4000,920.0,310715000,846.0,,,2256000,994.0,687000,957.0,5,Беспроводная телекоммуникационная связь,ОБЛАСТЬ АБАЙ,АЯГОЗСКИЙ РАЙОН,0
448633,5022272,Прочая деятельность в области телекоммуникаций,false,False,,,,,,,,,,3607000,994.0,13201000,957.0,3,Телекоммуникации,ОБЛАСТЬ АБАЙ,АЯГОЗСКИЙ РАЙОН,0
448634,5022023,Прочая деятельность в области телекоммуникаций,false,False,,,,,,,,,,3607000,994.0,13201000,957.0,4,Прочая деятельность в области телекоммуникаций,ОБЛАСТЬ АБАЙ,АЯГОЗСКИЙ РАЙОН,0
18946154,5013632,"Прочая деятельность в области телекоммуникаций, не включенная в другие группировки",true,False,,,,,,,,,,3607000,994.0,13201000,957.0,5,Прочая деятельность в области телекоммуникаций,ОБЛАСТЬ АБАЙ,АЯГОЗСКИЙ РАЙОН,0
18696628,278773,Проводная телекоммуникационная связь,false,False,,117182000,883.0,31498000,920.0,40822000,846.0,,,,,,,3,Телекоммуникации,ОБЛАСТЬ АБАЙ,АЯГОЗСКИЙ РАЙОН,0
18696629,278754,Проводная телекоммуникационная связь,false,False,,117182000,883.0,31498000,920.0,40822000,846.0,,,,,,,4,Проводная телекоммуникационная связь,ОБЛАСТЬ АБАЙ,АЯГОЗСКИЙ РАЙОН,0
18946146,278747,Прочая проводная телекоммуникационная связь,true,False,,117182000,883.0,31498000,920.0,40822000,846.0,,,,,,,5,Проводная телекоммуникационная связь,ОБЛАСТЬ АБАЙ,АЯГОЗСКИЙ РАЙОН,0
448714,121396,Операции с недвижимым имуществом,false,False,,1722750000,883.0,3065497000,920.0,4051574000,846.0,4999965000,1031.0,3806838000,994.0,3499020000,957.0,1,Всего,ОБЛАСТЬ АБАЙ,АЯГОЗСКИЙ РАЙОН,0
448715,121393,Операции с недвижимым имуществом,false,False,,1722750000,883.0,3065497000,920.0,4051574000,846.0,4999965000,1031.0,3806838000,994.0,3499020000,957.0,2,Операции с недвижимым имуществом,ОБЛАСТЬ АБАЙ,АЯГОЗСКИЙ РАЙОН,0
448716,121390,Покупка и продажа собственного недвижимого имущества ,false,False,,1720076000,883.0,3058852000,920.0,4043975000,846.0,4999965000,1031.0,3806644000,994.0,3492104000,957.0,3,Операции с недвижимым имуществом,ОБЛАСТЬ АБАЙ,АЯГОЗСКИЙ РАЙОН,0
448717,121388,Покупка и продажа собственного недвижимого имущества ,false,False,,1720076000,883.0,3058852000,920.0,4043975000,846.0,4999965000,1031.0,3806644000,994.0,3492104000,957.0,4,Покупка и продажа собственного недвижимого имущества ,ОБЛАСТЬ АБАЙ,АЯГОЗСКИЙ РАЙОН,0
543091,121386,Покупка и продажа многоквартирных и жилых домов (особняков),true,False,,1720076000,883.0,3058852000,920.0,4043975000,846.0,4999965000,1031.0,3806644000,994.0,3492104000,957.0,5,Покупка и продажа собственного недвижимого имущества ,ОБЛАСТЬ АБАЙ,АЯГОЗСКИЙ РАЙОН,0
448719,1275083,Аренда и управление собственной или арендуемой недвижимостью,false,False,,x,883.0,x,920.0,x,846.0,,,x,994.0,x,957.0,3,Операции с недвижимым имуществом,ОБЛАСТЬ АБАЙ,АЯГОЗСКИЙ РАЙОН,0
448720,1309922,Аренда и управление собственной или арендуемой недвижимостью,false,False,,x,883.0,x,920.0,x,846.0,,,x,994.0,x,957.0,4,Аренда и управление собственной или арендуемой недвижимостью,ОБЛАСТЬ АБАЙ,АЯГОЗСКИЙ РАЙОН,0
18946171,1317537,Аренда и управление собственной недвижимостью,true,False,,x,883.0,x,920.0,x,846.0,,,x,994.0,x,957.0,5,Аренда и управление собственной или арендуемой недвижимостью,ОБЛАСТЬ АБАЙ,АЯГОЗСКИЙ РАЙОН,0
448728,3877798,"Профессиональная, научная и техническая деятельность",false,False,,,,1012800000,920.0,,,441640000,1031.0,2334000,994.0,12457000,957.0,1,Всего,ОБЛАСТЬ АБАЙ,АЯГОЗСКИЙ РАЙОН,0
448747,3886206,"Деятельность в области архитектуры, инженерных изысканий, технических испытаний и анализа",false,False,,,,1012800000,920.0,,,441640000,1031.0,2334000,994.0,12457000,957.0,2,"Профессиональная, научная и техническая деятельность",ОБЛАСТЬ АБАЙ,АЯГОЗСКИЙ РАЙОН,0
448748,3887430,"Деятельность в области архитектуры, инженерных изысканий и предоставление технических консультаций в этих областях",false,False,,,,1012800000,920.0,,,441640000,1031.0,2334000,994.0,12457000,957.0,3,"Деятельность в области архитектуры, инженерных изысканий, технических испытаний и анализа",ОБЛАСТЬ АБАЙ,АЯГОЗСКИЙ РАЙОН,0
448749,4243742,Деятельность в области архитектуры,false,False,,,,12800000,920.0,,,,,,,x,957.0,4,"Деятельность в области архитектуры, инженерных изысканий и предоставление технических консультаций в этих областях",ОБЛАСТЬ АБАЙ,АЯГОЗСКИЙ РАЙОН,0
18951462,4272792,"Деятельность в области архитектуры, за исключением объектов атомной промышленности и атомной энергетики  ",true,False,,,,12800000,920.0,,,,,,,x,957.0,5,Деятельность в области архитектуры,ОБЛАСТЬ АБАЙ,АЯГОЗСКИЙ РАЙОН,0
448751,3887009,Деятельность в области инженерных изысканий и предоставление технических консультаций в этой области,false,False,,,,1000000000,920.0,,,441640000,1031.0,2334000,994.0,8795000,957.0,4,"Деятельность в области архитектуры, инженерных изысканий и предоставление технических консультаций в этих областях",ОБЛАСТЬ АБАЙ,АЯГОЗСКИЙ РАЙОН,0
448753,3877319,Деятельность по проведению геологической разведки и изысканий (без научных исследований и разработок),true,False,,,,1000000000,920.0,,,441640000,1031.0,2334000,994.0,8795000,957.0,5,Деятельность в области инженерных изысканий и предоставление технических консультаций в этой области,ОБЛАСТЬ АБАЙ,АЯГОЗСКИЙ РАЙОН,0
448797,204460,Деятельность в области административного и вспомогательного обслуживания,false,False,,102801000,883.0,,,x,846.0,456155000,1031.0,2825219000,994.0,25886000,957.0,1,Всего,ОБЛАСТЬ АБАЙ,АЯГОЗСКИЙ РАЙОН,0
448798,204458,"Аренда, прокат и лизинг",false,False,,102801000,883.0,,,x,846.0,440744000,1031.0,1343197000,994.0,,,2,Деятельность в области административного и вспомогательного обслуживания,ОБЛАСТЬ АБАЙ,АЯГОЗСКИЙ РАЙОН,0
448811,204456,"Аренда и лизинг прочих машин, оборудования и материальных активов",false,False,,102801000,883.0,,,x,846.0,440744000,1031.0,1343197000,994.0,,,3,"Аренда, прокат и лизинг",ОБЛАСТЬ АБАЙ,АЯГОЗСКИЙ РАЙОН,0
448814,204454,Аренда и лизинг строительных машин и оборудования ,false,False,,102801000,883.0,,,x,846.0,440744000,1031.0,1343197000,994.0,,,4,"Аренда и лизинг прочих машин, оборудования и материальных активов",ОБЛАСТЬ АБАЙ,АЯГОЗСКИЙ РАЙОН,0
543081,204452,Аренда строительных машин и оборудования ,true,False,,102801000,883.0,,,x,846.0,440744000,1031.0,1343197000,994.0,,,5,Аренда и лизинг строительных машин и оборудования ,ОБЛАСТЬ АБАЙ,АЯГОЗСКИЙ РАЙОН,0
448856,4910112,Деятельность по обслуживанию зданий и благоустройству территорий,false,False,,,,,,,,15411000,1031.0,1482022000,994.0,25886000,957.0,2,Деятельность в области административного и вспомогательного обслуживания,ОБЛАСТЬ АБАЙ,АЯГОЗСКИЙ РАЙОН,0
448867,4908369,Деятельность по благоустройству территорий,false,False,,,,,,,,15411000,1031.0,1482022000,994.0,25886000,957.0,3,Деятельность по обслуживанию зданий и благоустройству территорий,ОБЛАСТЬ АБАЙ,АЯГОЗСКИЙ РАЙОН,0
448868,4913437,Деятельность по благоустройству территорий,false,False,,,,,,,,15411000,1031.0,1482022000,994.0,25886000,957.0,4,Деятельность по благоустройству территорий,ОБЛАСТЬ АБАЙ,АЯГОЗСКИЙ РАЙОН,0
448869,4916127,Деятельность по благоустройству территорий,true,False,,,,,,,,15411000,1031.0,1482022000,994.0,25886000,957.0,5,Деятельность по благоустройству территорий,ОБЛАСТЬ АБАЙ,АЯГОЗСКИЙ РАЙОН,0
448889,3395391,Государственное управление и оборона; обязательное  социальное обеспечение,false,False,,x,883.0,,,,,168751000,1031.0,421679000,994.0,,,1,Всего,ОБЛАСТЬ АБАЙ,АЯГОЗСКИЙ РАЙОН,0
448890,3400882,Государственное управление и оборона; обязательное социальное обеспечение,false,False,,x,883.0,,,,,168751000,1031.0,421679000,994.0,,,2,Государственное управление и оборона; обязательное  социальное обеспечение,ОБЛАСТЬ АБАЙ,АЯГОЗСКИЙ РАЙОН,0
448891,5330583,Государственное управление общего характера и управление социально-экономическое политикой общества,false,False,,,,,,,,165217000,1031.0,421679000,994.0,,,3,Государственное управление и оборона; обязательное социальное обеспечение,ОБЛАСТЬ АБАЙ,АЯГОЗСКИЙ РАЙОН,0
448892,5330886,Государственное управление общего характера,false,False,,,,,,,,165217000,1031.0,421679000,994.0,,,4,Государственное управление общего характера и управление социально-экономическое политикой общества,ОБЛАСТЬ АБАЙ,АЯГОЗСКИЙ РАЙОН,0
448895,5331156,Деятельность местных органов управления,true,False,,,,,,,,163961000,1031.0,421679000,994.0,,,5,Государственное управление общего характера,ОБЛАСТЬ АБАЙ,АЯГОЗСКИЙ РАЙОН,0
448896,5749789,Деятельность сельских и поселковых органов управления,true,False,,,,,,,,1256000,1031.0,,,,,5,Государственное управление общего характера,ОБЛАСТЬ АБАЙ,АЯГОЗСКИЙ РАЙОН,0
448904,3533549,Предоставление государством услуг обществу в целом,false,False,,x,883.0,,,,,3534000,1031.0,,,,,3,Государственное управление и оборона; обязательное социальное обеспечение,ОБЛАСТЬ АБАЙ,АЯГОЗСКИЙ РАЙОН,0
448907,3532536,Оборонная деятельность,false,False,,x,883.0,,,,,,,,,,,4,Предоставление государством услуг обществу в целом,ОБЛАСТЬ АБАЙ,АЯГОЗСКИЙ РАЙОН,0
448908,3517087,Оборонная деятельность,true,False,,x,883.0,,,,,,,,,,,5,Оборонная деятельность,ОБЛАСТЬ АБАЙ,АЯГОЗСКИЙ РАЙОН,0
448913,5695104,Деятельность по обеспечению безопасности в чрезвычайных ситуациях,false,False,,,,,,,,3534000,1031.0,,,,,4,Предоставление государством услуг обществу в целом,ОБЛАСТЬ АБАЙ,АЯГОЗСКИЙ РАЙОН,0
448914,5696225,Деятельность по обеспечению безопасности в чрезвычайных ситуациях,true,False,,,,,,,,3534000,1031.0,,,,,5,Деятельность по обеспечению безопасности в чрезвычайных ситуациях,ОБЛАСТЬ АБАЙ,АЯГОЗСКИЙ РАЙОН,0
448918,2750672,Образование,false,False,,561441000,883.0,,,,,1142711000,1031.0,2415313000,994.0,,,1,Всего,ОБЛАСТЬ АБАЙ,АЯГОЗСКИЙ РАЙОН,0
448919,2750670,Образование,false,False,,561441000,883.0,,,,,1142711000,1031.0,2415313000,994.0,,,2,Образование,ОБЛАСТЬ АБАЙ,АЯГОЗСКИЙ РАЙОН,0
448920,5160348,Дошкольное образование,false,False,,,,,,,,1000000,1031.0,937180000,994.0,,,3,Образование,ОБЛАСТЬ АБАЙ,АЯГОЗСКИЙ РАЙОН,0
448921,5165322,Дошкольное образование,false,False,,,,,,,,1000000,1031.0,937180000,994.0,,,4,Дошкольное образование,ОБЛАСТЬ АБАЙ,АЯГОЗСКИЙ РАЙОН,0
448922,5180345,Дошкольное образование,true,False,,,,,,,,1000000,1031.0,937180000,994.0,,,5,Дошкольное образование,ОБЛАСТЬ АБАЙ,АЯГОЗСКИЙ РАЙОН,0
448926,2750668,Среднее образование (2-й и 3-й уровни),false,False,,561441000,883.0,,,,,1141711000,1031.0,1478133000,994.0,,,3,Образование,ОБЛАСТЬ АБАЙ,АЯГОЗСКИЙ РАЙОН,0
448927,2750666,Основное и общее среднее образование,false,False,,561441000,883.0,,,,,1141711000,1031.0,1478133000,994.0,,,4,Среднее образование (2-й и 3-й уровни),ОБЛАСТЬ АБАЙ,АЯГОЗСКИЙ РАЙОН,0
448928,2750664,Основное и общее среднее образование,true,False,,561441000,883.0,,,,,1141711000,1031.0,1478133000,994.0,,,5,Основное и общее среднее образование,ОБЛАСТЬ АБАЙ,АЯГОЗСКИЙ РАЙОН,0
448950,2750662,Здравоохранение и социальное обслуживание населения,false,False,,1165187000,883.0,167299000,920.0,,,3595768000,1031.0,934632000,994.0,225073000,957.0,1,Всего,ОБЛАСТЬ АБАЙ,АЯГОЗСКИЙ РАЙОН,0
448951,2750660,Деятельность в области здравоохранения,false,False,,1118787000,883.0,27117000,920.0,,,3570065000,1031.0,905844000,994.0,194876000,957.0,2,Здравоохранение и социальное обслуживание населения,ОБЛАСТЬ АБАЙ,АЯГОЗСКИЙ РАЙОН,0
448952,2750658,Деятельность больничных организаций,false,False,,1118787000,883.0,27117000,920.0,,,310304000,1031.0,900000000,994.0,194876000,957.0,3,Деятельность в области здравоохранения,ОБЛАСТЬ АБАЙ,АЯГОЗСКИЙ РАЙОН,0
448953,2750656,Деятельность больничных организаций,false,False,,1118787000,883.0,27117000,920.0,,,310304000,1031.0,900000000,994.0,194876000,957.0,4,Деятельность больничных организаций,ОБЛАСТЬ АБАЙ,АЯГОЗСКИЙ РАЙОН,0
448954,2750654,Деятельность больниц широкого профиля и специализированных больниц,true,False,,1118787000,883.0,27117000,920.0,,,310304000,1031.0,900000000,994.0,194876000,957.0,5,Деятельность больничных организаций,ОБЛАСТЬ АБАЙ,АЯГОЗСКИЙ РАЙОН,0
448959,5363330,Деятельность в области врачебной практики и стоматологии,false,False,,,,,,,,3259761000,1031.0,5844000,994.0,,,3,Деятельность в области здравоохранения,ОБЛАСТЬ АБАЙ,АЯГОЗСКИЙ РАЙОН,0
448960,5365330,Общая врачебная практика,false,False,,,,,,,,3259761000,1031.0,5844000,994.0,,,4,Деятельность в области врачебной практики и стоматологии,ОБЛАСТЬ АБАЙ,АЯГОЗСКИЙ РАЙОН,0
448961,5362459,Общая врачебная практика,true,False,,,,,,,,3259761000,1031.0,5844000,994.0,,,5,Общая врачебная практика,ОБЛАСТЬ АБАЙ,АЯГОЗСКИЙ РАЙОН,0
448969,2886820,Деятельность в области социального обслуживания населения с обеспечением проживания ,false,False,,46400000,883.0,140182000,920.0,,,25703000,1031.0,28788000,994.0,30197000,957.0,2,Здравоохранение и социальное обслуживание населения,ОБЛАСТЬ АБАЙ,АЯГОЗСКИЙ РАЙОН,0
448973,2886818,"Предоставление специальных социальных услуг с обеспечением проживания лицам, страдающим психическими расстройствами (заболеваниями), задержкой умственного развития и физическими недостатками, алкогольной или наркотической зависимостью",false,False,,46400000,883.0,,,,,25703000,1031.0,28788000,994.0,,,3,Деятельность в области социального обслуживания населения с обеспечением проживания ,ОБЛАСТЬ АБАЙ,АЯГОЗСКИЙ РАЙОН,0
448974,2886816,"Предоставление специальных социальных услуг с обеспечением проживания лицам, страдающим психическими расстройствами (заболеваниями), задержкой умственного развития и физическими недостатками, алкогольной или наркотической зависимостью",false,False,,46400000,883.0,,,,,25703000,1031.0,28788000,994.0,,,4,"Предоставление специальных социальных услуг с обеспечением проживания лицам, страдающим психическими расстройствами (заболеваниями), задержкой умственного развития и физическими недостатками, алкогольной или наркотической зависимостью",ОБЛАСТЬ АБАЙ,АЯГОЗСКИЙ РАЙОН,0
448975,2886814,"Предоставление специальных социальных услуг с обеспечением проживания лицам, страдающим психическими расстройствами (заболеваниями), задержкой умственного развития и физическими недостатками, алкогольной или наркотической зависимостью",true,False,,46400000,883.0,,,,,25703000,1031.0,28788000,994.0,,,5,"Предоставление специальных социальных услуг с обеспечением проживания лицам, страдающим психическими расстройствами (заболеваниями), задержкой умственного развития и физическими недостатками, алкогольной или наркотической зависимостью",ОБЛАСТЬ АБАЙ,АЯГОЗСКИЙ РАЙОН,0
448976,4423705,Предоставление специальных социальных услуг с обеспечением проживания пожилым гражданам и лицам с инвалидностью,false,False,,,,140182000,920.0,,,,,,,30197000,957.0,3,Деятельность в области социального обслуживания населения с обеспечением проживания ,ОБЛАСТЬ АБАЙ,АЯГОЗСКИЙ РАЙОН,0
448977,4423649,Предоставление специальных социальных услуг с обеспечением проживания пожилым гражданам и лицам с инвалидностью,false,False,,,,140182000,920.0,,,,,,,30197000,957.0,4,Предоставление специальных социальных услуг с обеспечением проживания пожилым гражданам и лицам с инвалидностью,ОБЛАСТЬ АБАЙ,АЯГОЗСКИЙ РАЙОН,0
448978,4427031,Предоставление специальных социальных услуг с обеспечением проживания пожилым гражданам и лицам с инвалидностью,true,False,,,,140182000,920.0,,,,,,,30197000,957.0,5,Предоставление специальных социальных услуг с обеспечением проживания пожилым гражданам и лицам с инвалидностью,ОБЛАСТЬ АБАЙ,АЯГОЗСКИЙ РАЙОН,0
448991,637696,"Искусство, развлечения и отдых",false,False,,184265000,883.0,69334000,920.0,97312000,846.0,38413000,1031.0,,,200000,957.0,1,Всего,ОБЛАСТЬ АБАЙ,АЯГОЗСКИЙ РАЙОН,0
449022,656057,"Деятельность в области спорта, организации отдыха и развлечений",false,False,,184265000,883.0,69334000,920.0,97312000,846.0,38413000,1031.0,,,200000,957.0,2,"Искусство, развлечения и отдых",ОБЛАСТЬ АБАЙ,АЯГОЗСКИЙ РАЙОН,0
449023,1348705,Деятельность в области спорта,false,False,,184265000,883.0,69334000,920.0,97312000,846.0,38413000,1031.0,,,200000,957.0,3,"Деятельность в области спорта, организации отдыха и развлечений",ОБЛАСТЬ АБАЙ,АЯГОЗСКИЙ РАЙОН,0
449024,1391043,Эксплуатация спортивных сооружений,false,False,,184265000,883.0,69334000,920.0,97312000,846.0,38413000,1031.0,,,200000,957.0,4,Деятельность в области спорта,ОБЛАСТЬ АБАЙ,АЯГОЗСКИЙ РАЙОН,0
449025,1257603,Эксплуатация спортивных сооружений,true,False,,184265000,883.0,69334000,920.0,97312000,846.0,38413000,1031.0,,,200000,957.0,5,Эксплуатация спортивных сооружений,ОБЛАСТЬ АБАЙ,АЯГОЗСКИЙ РАЙОН,0
741340,35663,Промышленность,false,False,,153585082000,883.0,135641734000,920.0,179437543000,846.0,75940016000,1031.0,75084040000,994.0,92227911000,957.0,1,Всего,ОБЛАСТЬ АБАЙ,АЯГОЗСКИЙ РАЙОН,0
447279,121454,Горнодобывающая промышленность и разработка карьеров,false,False,,146608953000,883.0,113376841000,920.0,170288275000,846.0,61276826000,1031.0,66985084000,994.0,54244961000,957.0,2,Промышленность,ОБЛАСТЬ АБАЙ,АЯГОЗСКИЙ РАЙОН,0
447298,35657,Добыча металлических руд,false,False,,146581470000,883.0,113322083000,920.0,170276693000,846.0,61234235000,1031.0,66912607000,994.0,54195067000,957.0,3,Горнодобывающая промышленность и разработка карьеров,ОБЛАСТЬ АБАЙ,АЯГОЗСКИЙ РАЙОН,0
447299,6055362,Добыча железных руд,false,False,,,,,,,,x,1031.0,,,,,4,Добыча металлических руд,ОБЛАСТЬ АБАЙ,АЯГОЗСКИЙ РАЙОН,0
447300,6056816,Добыча железных руд,false,False,,,,,,,,x,1031.0,,,,,5,Добыча железных руд,ОБЛАСТЬ АБАЙ,АЯГОЗСКИЙ РАЙОН,0
447302,6055550,Добыча железных руд открытым способом,true,False,,,,,,,,x,1031.0,,,,,6,Добыча железных руд,ОБЛАСТЬ АБАЙ,АЯГОЗСКИЙ РАЙОН,0
447303,121446,"Добыча руд, кроме железных ",false,False,,146581470000,883.0,113322083000,920.0,170276693000,846.0,61219860000,1031.0,66912607000,994.0,54195067000,957.0,4,Добыча металлических руд,ОБЛАСТЬ АБАЙ,АЯГОЗСКИЙ РАЙОН,0
447306,121440,Добыча прочих металлических руд,false,False,,146581470000,883.0,113322083000,920.0,170276693000,846.0,61219860000,1031.0,66912607000,994.0,54195067000,957.0,5,"Добыча руд, кроме железных ",ОБЛАСТЬ АБАЙ,АЯГОЗСКИЙ РАЙОН,0
447308,35652,Добыча и обогащение медной руды,true,False,,146461374000,883.0,112867513000,920.0,x,846.0,61192085000,1031.0,66872991000,994.0,54195067000,957.0,6,Добыча прочих металлических руд,ОБЛАСТЬ АБАЙ,АЯГОЗСКИЙ РАЙОН,0
447314,1389232,Добыча драгоценных металлов и руд редких металлов,true,False,,,,156660000,920.0,400000000,846.0,27775000,1031.0,9164000,994.0,,,6,Добыча прочих металлических руд,ОБЛАСТЬ АБАЙ,АЯГОЗСКИЙ РАЙОН,0
447315,121431,"Добыча и обогащение прочих металлических руд, не включенных в другие группировки",true,False,,x,883.0,x,920.0,x,846.0,,,x,994.0,,,6,Добыча прочих металлических руд,ОБЛАСТЬ АБАЙ,АЯГОЗСКИЙ РАЙОН,0
447316,1330909,Добыча прочих полезных ископаемых,false,False,,x,883.0,x,920.0,x,846.0,,,x,994.0,x,957.0,3,Горнодобывающая промышленность и разработка карьеров,ОБЛАСТЬ АБАЙ,АЯГОЗСКИЙ РАЙОН,0
447317,1292390,"Добыча камня, песка и глины",false,False,,x,883.0,x,920.0,x,846.0,,,x,994.0,x,957.0,4,Добыча прочих полезных ископаемых,ОБЛАСТЬ АБАЙ,АЯГОЗСКИЙ РАЙОН,0
447318,1403345,"Добыча отделочного и строительного камня, известняка, гипса, мела и сланцев",false,False,,x,883.0,x,920.0,x,846.0,,,x,994.0,x,957.0,5,"Добыча камня, песка и глины",ОБЛАСТЬ АБАЙ,АЯГОЗСКИЙ РАЙОН,0
447319,1388602,Добыча отделочного и строительного камня,true,False,,x,883.0,x,920.0,x,846.0,,,,,,,6,"Добыча отделочного и строительного камня, известняка, гипса, мела и сланцев",ОБЛАСТЬ АБАЙ,АЯГОЗСКИЙ РАЙОН,0
447320,4379138,"Добыча известняка, гипса и мела",true,False,,,,,,,,,,x,994.0,x,957.0,6,"Добыча отделочного и строительного камня, известняка, гипса, мела и сланцев",ОБЛАСТЬ АБАЙ,АЯГОЗСКИЙ РАЙОН,0
447339,311272,Предоставление услуг в горнодобывающей промышленности,false,False,,x,883.0,,,,,42591000,1031.0,x,994.0,49409000,957.0,3,Горнодобывающая промышленность и разработка карьеров,ОБЛАСТЬ АБАЙ,АЯГОЗСКИЙ РАЙОН,0
447343,311270,"Предоставление услуг, способствующих добыче других полезных ископаемых",false,False,,x,883.0,,,,,42591000,1031.0,x,994.0,49409000,957.0,4,Предоставление услуг в горнодобывающей промышленности,ОБЛАСТЬ АБАЙ,АЯГОЗСКИЙ РАЙОН,0
447344,311268,"Предоставление услуг, способствующих добыче других полезных ископаемых",false,False,,x,883.0,,,,,42591000,1031.0,x,994.0,49409000,957.0,5,"Предоставление услуг, способствующих добыче других полезных ископаемых",ОБЛАСТЬ АБАЙ,АЯГОЗСКИЙ РАЙОН,0
447345,311266,"Предоставление услуг, способствующих добыче других полезных ископаемых",true,False,,x,883.0,,,,,42591000,1031.0,x,994.0,49409000,957.0,6,"Предоставление услуг, способствующих добыче других полезных ископаемых",ОБЛАСТЬ АБАЙ,АЯГОЗСКИЙ РАЙОН,0
447346,278880,Обрабатывающая промышленность,false,False,,1770708000,883.0,4845777000,920.0,533217000,846.0,8336422000,1031.0,3825786000,994.0,4341312000,957.0,2,Промышленность,ОБЛАСТЬ АБАЙ,АЯГОЗСКИЙ РАЙОН,0
447572,278877,Производство продуктов химической промышленности,false,False,,84608000,883.0,71432000,920.0,75972000,846.0,2099615000,1031.0,46432000,994.0,633000,957.0,3,Обрабатывающая промышленность,ОБЛАСТЬ АБАЙ,АЯГОЗСКИЙ РАЙОН,0
447603,278874,Производство прочих химических продуктов,false,False,,84608000,883.0,71432000,920.0,75972000,846.0,2099615000,1031.0,46432000,994.0,633000,957.0,4,Производство продуктов химической промышленности,ОБЛАСТЬ АБАЙ,АЯГОЗСКИЙ РАЙОН,0
447604,278871,Производство взрывчатых веществ,false,False,,84608000,883.0,71432000,920.0,75972000,846.0,2099615000,1031.0,46432000,994.0,633000,957.0,5,Производство прочих химических продуктов,ОБЛАСТЬ АБАЙ,АЯГОЗСКИЙ РАЙОН,0
447605,278868,Производство взрывчатых веществ и прочих пиротехнических изделий,true,False,,84608000,883.0,71432000,920.0,75972000,846.0,2099615000,1031.0,46432000,994.0,633000,957.0,6,Производство взрывчатых веществ,ОБЛАСТЬ АБАЙ,АЯГОЗСКИЙ РАЙОН,0
447646,278865,Производство прочей не металлической минеральной продукции,false,False,,x,883.0,x,920.0,x,846.0,,,216073000,994.0,26802000,957.0,3,Обрабатывающая промышленность,ОБЛАСТЬ АБАЙ,АЯГОЗСКИЙ РАЙОН,0
447681,278863,"Производство цемента, извести и строительного гипса",false,False,,x,883.0,x,920.0,x,846.0,,,3228000,994.0,26802000,957.0,4,Производство прочей не металлической минеральной продукции,ОБЛАСТЬ АБАЙ,АЯГОЗСКИЙ РАЙОН,0
447684,278861,Производство извести и строительного гипса,false,False,,x,883.0,x,920.0,x,846.0,,,3228000,994.0,26802000,957.0,5,"Производство цемента, извести и строительного гипса",ОБЛАСТЬ АБАЙ,АЯГОЗСКИЙ РАЙОН,0
447686,278859,Производство известняковой и доломитовой муки,true,False,,x,883.0,x,920.0,x,846.0,,,3228000,994.0,26802000,957.0,6,Производство извести и строительного гипса,ОБЛАСТЬ АБАЙ,АЯГОЗСКИЙ РАЙОН,0
447688,5222028,"Производство изделий из бетона, цемента и строительного гипса ",false,False,,,,,,,,,,212845000,994.0,,,4,Производство прочей не металлической минеральной продукции,ОБЛАСТЬ АБАЙ,АЯГОЗСКИЙ РАЙОН,0
447695,5219708,Производство товарного бетона ,false,False,,,,,,,,,,212845000,994.0,,,5,"Производство изделий из бетона, цемента и строительного гипса ",ОБЛАСТЬ АБАЙ,АЯГОЗСКИЙ РАЙОН,0
20575343,5221717,Производство товарного бетона ,true,False,,,,,,,,,,212845000,994.0,,,6,Производство товарного бетона ,ОБЛАСТЬ АБАЙ,АЯГОЗСКИЙ РАЙОН,0
447717,311263,Металлургическое производство,false,False,,x,883.0,4766433000,920.0,x,846.0,6016486000,1031.0,3241881000,994.0,4242807000,957.0,3,Обрабатывающая промышленность,ОБЛАСТЬ АБАЙ,АЯГОЗСКИЙ РАЙОН,0
447733,311260,Производство основных благородных и цветных металлов,false,False,,x,883.0,4766433000,920.0,x,846.0,6016486000,1031.0,3241881000,994.0,4242807000,957.0,4,Металлургическое производство,ОБЛАСТЬ АБАЙ,АЯГОЗСКИЙ РАЙОН,0
447734,4842170,Производство благородных (драгоценных) металлов,false,False,,,,,,,,119248000,1031.0,91925000,994.0,494571000,957.0,5,Производство основных благородных и цветных металлов,ОБЛАСТЬ АБАЙ,АЯГОЗСКИЙ РАЙОН,0
447735,4846888,Производство благородных (драгоценных) металлов,true,False,,,,,,,,119248000,1031.0,91925000,994.0,494571000,957.0,6,Производство благородных (драгоценных) металлов,ОБЛАСТЬ АБАЙ,АЯГОЗСКИЙ РАЙОН,0
447740,311257,Производство меди,false,False,,x,883.0,4766433000,920.0,x,846.0,5897238000,1031.0,3149956000,994.0,x,957.0,5,Производство основных благородных и цветных металлов,ОБЛАСТЬ АБАЙ,АЯГОЗСКИЙ РАЙОН,0
447741,312247,Производство меди,true,False,,x,883.0,4766433000,920.0,x,846.0,5897238000,1031.0,3149956000,994.0,x,957.0,6,Производство меди,ОБЛАСТЬ АБАЙ,АЯГОЗСКИЙ РАЙОН,0
448050,1337494,Ремонт и установка машин и оборудования,false,False,,38404000,883.0,3156000,920.0,31194000,846.0,220321000,1031.0,321400000,994.0,71070000,957.0,3,Обрабатывающая промышленность,ОБЛАСТЬ АБАЙ,АЯГОЗСКИЙ РАЙОН,0
448051,1327585,"Ремонт готовых металлических изделий, машин и оборудования",false,False,,38404000,883.0,3156000,920.0,31194000,846.0,220321000,1031.0,321400000,994.0,71070000,957.0,4,Ремонт и установка машин и оборудования,ОБЛАСТЬ АБАЙ,АЯГОЗСКИЙ РАЙОН,0
448081,1307700,Ремонт и техническое обслуживание прочих транспортных средств и оборудования,false,False,,38404000,883.0,3156000,920.0,31194000,846.0,220321000,1031.0,321400000,994.0,71070000,957.0,5,"Ремонт готовых металлических изделий, машин и оборудования",ОБЛАСТЬ АБАЙ,АЯГОЗСКИЙ РАЙОН,0
448082,1344062,Ремонт подвижного состава железных дорог,true,False,,38404000,883.0,3156000,920.0,31194000,846.0,220321000,1031.0,321400000,994.0,71070000,957.0,6,Ремонт и техническое обслуживание прочих транспортных средств и оборудования,ОБЛАСТЬ АБАЙ,АЯГОЗСКИЙ РАЙОН,0
448090,278857,"Снабжение электроэнергией, газом, паром, горячей водой и кондиционированным воздухом",false,False,,2396338000,883.0,16947945000,920.0,738089000,846.0,3824785000,1031.0,949753000,994.0,33016142000,957.0,2,Промышленность,ОБЛАСТЬ АБАЙ,АЯГОЗСКИЙ РАЙОН,0
448091,278854,"Снабжение электроэнергией, газом, паром, горячей водой и кондиционированным воздухом",false,False,,2396338000,883.0,16947945000,920.0,738089000,846.0,3824785000,1031.0,949753000,994.0,33016142000,957.0,3,"Снабжение электроэнергией, газом, паром, горячей водой и кондиционированным воздухом",ОБЛАСТЬ АБАЙ,АЯГОЗСКИЙ РАЙОН,0
448092,278851,"Производство, передача и распределение электроэнергии",false,False,,2396338000,883.0,16947945000,920.0,735974000,846.0,3824585000,1031.0,949753000,994.0,32968515000,957.0,4,"Снабжение электроэнергией, газом, паром, горячей водой и кондиционированным воздухом",ОБЛАСТЬ АБАЙ,АЯГОЗСКИЙ РАЙОН,0
448093,312241,Производство электроэнергии,false,False,,2283826000,883.0,16867014000,920.0,x,846.0,,,7143000,994.0,32476103000,957.0,5,"Производство, передача и распределение электроэнергии",ОБЛАСТЬ АБАЙ,АЯГОЗСКИЙ РАЙОН,0
448097,1279473,Производство электроэнергии прочими электростанциями,true,False,,,,,,x,846.0,,,,,,,6,Производство электроэнергии,ОБЛАСТЬ АБАЙ,АЯГОЗСКИЙ РАЙОН,0
20575774,5171370,Производство электроэнергии ветровыми электростанциями,true,False,,,,,,,,,,7143000,994.0,,,6,Производство электроэнергии,ОБЛАСТЬ АБАЙ,АЯГОЗСКИЙ РАЙОН,0
20575777,312238,Производство электроэнергии прочими электростанциями,true,False,,2283826000,883.0,16867014000,920.0,,,,,,,32476103000,957.0,6,Производство электроэнергии,ОБЛАСТЬ АБАЙ,АЯГОЗСКИЙ РАЙОН,0
448098,278848,Передача электроэнергии,false,False,,x,883.0,,,x,846.0,,,,,,,5,"Производство, передача и распределение электроэнергии",ОБЛАСТЬ АБАЙ,АЯГОЗСКИЙ РАЙОН,0
18951389,278845,Передача электроэнергии,true,False,,x,883.0,,,x,846.0,,,,,,,6,Передача электроэнергии,ОБЛАСТЬ АБАЙ,АЯГОЗСКИЙ РАЙОН,0
448100,1396558,Распределение электроэнергии,false,False,,110186000,883.0,80931000,920.0,354174000,846.0,3824585000,1031.0,942610000,994.0,492412000,957.0,5,"Производство, передача и распределение электроэнергии",ОБЛАСТЬ АБАЙ,АЯГОЗСКИЙ РАЙОН,0
448101,1382779,Распределение электроэнергии,true,False,,110186000,883.0,80931000,920.0,354174000,846.0,3824585000,1031.0,942610000,994.0,492412000,957.0,6,Распределение электроэнергии,ОБЛАСТЬ АБАЙ,АЯГОЗСКИЙ РАЙОН,0
448111,1415943,"Снабжение паром, горячей водой и кондиционированным воздухом",false,False,,,,,,2115000,846.0,200000,1031.0,,,47627000,957.0,4,"Снабжение электроэнергией, газом, паром, горячей водой и кондиционированным воздухом",ОБЛАСТЬ АБАЙ,АЯГОЗСКИЙ РАЙОН,0
448112,1345167,"Снабжение паром, горячей водой и кондиционированным воздухом",false,False,,,,,,2115000,846.0,200000,1031.0,,,47627000,957.0,5,"Снабжение паром, горячей водой и кондиционированным воздухом",ОБЛАСТЬ АБАЙ,АЯГОЗСКИЙ РАЙОН,0
448114,1305860,Производство тепловой энергии самостоятельными котельными,true,False,,,,,,2115000,846.0,200000,1031.0,,,47627000,957.0,6,"Снабжение паром, горячей водой и кондиционированным воздухом",ОБЛАСТЬ АБАЙ,АЯГОЗСКИЙ РАЙОН,0
448117,121426,"Водоснабжение; водоотведение; сбор, обработка и удаление отходов, деятельность по ликвидации загрязнений",false,False,,2809083000,883.0,471171000,920.0,7877962000,846.0,2501983000,1031.0,3323417000,994.0,625496000,957.0,2,Промышленность,ОБЛАСТЬ АБАЙ,АЯГОЗСКИЙ РАЙОН,0
448118,121422,"Забор, обработка и распределение воды",false,False,,2805723000,883.0,471171000,920.0,7877962000,846.0,2501983000,1031.0,3323417000,994.0,625496000,957.0,3,"Водоснабжение; водоотведение; сбор, обработка и удаление отходов, деятельность по ликвидации загрязнений",ОБЛАСТЬ АБАЙ,АЯГОЗСКИЙ РАЙОН,0
448119,121419,"Забор, обработка и распределение воды",false,False,,2805723000,883.0,471171000,920.0,7877962000,846.0,2501983000,1031.0,3323417000,994.0,625496000,957.0,4,"Забор, обработка и распределение воды",ОБЛАСТЬ АБАЙ,АЯГОЗСКИЙ РАЙОН,0
448120,121416,"Забор, обработка и распределение воды",false,False,,2805723000,883.0,471171000,920.0,7877962000,846.0,2501983000,1031.0,3323417000,994.0,625496000,957.0,5,"Забор, обработка и распределение воды",ОБЛАСТЬ АБАЙ,АЯГОЗСКИЙ РАЙОН,0
448121,121413,"Забор, обработка и распределение воды",true,False,,2805723000,883.0,471171000,920.0,7877962000,846.0,2501983000,1031.0,3323417000,994.0,625496000,957.0,6,"Забор, обработка и распределение воды",ОБЛАСТЬ АБАЙ,АЯГОЗСКИЙ РАЙОН,0
448126,2750689,"Сбор, обработка и удаление отходов; утилизация (восстановление) материалов",false,False,,3360000,883.0,,,,,,,,,,,3,"Водоснабжение; водоотведение; сбор, обработка и удаление отходов, деятельность по ликвидации загрязнений",ОБЛАСТЬ АБАЙ,АЯГОЗСКИЙ РАЙОН,0
448127,2750687,Сбор отходов,false,False,,3360000,883.0,,,,,,,,,,,4,"Сбор, обработка и удаление отходов; утилизация (восстановление) материалов",ОБЛАСТЬ АБАЙ,АЯГОЗСКИЙ РАЙОН,0
448128,2750685,Сбор неопасных отходов,false,False,,3360000,883.0,,,,,,,,,,,5,Сбор отходов,ОБЛАСТЬ АБАЙ,АЯГОЗСКИЙ РАЙОН,0
448129,2750683,Сбор неопасных отходов,true,False,,3360000,883.0,,,,,,,,,,,6,Сбор неопасных отходов,ОБЛАСТЬ АБАЙ,АЯГОЗСКИЙ РАЙОН,0
741885,35498,Всего,false,false,,3290351000,883.0,3321024000,920.0,2780111000,846.0,15078929000,1031.0,14560438000,994.0,9739053000,957.0,0,,ОБЛАСТЬ АБАЙ,БЕСКАРАГАЙСКИЙ РАЙОН,
447173,278560,"Сельское, лесное и рыбное хозяйство",false,False,,884716000,883.0,1104927000,920.0,1126739000,846.0,4510694000,1031.0,5870604000,994.0,5530665000,957.0,1,Всего,ОБЛАСТЬ АБАЙ,БЕСКАРАГАЙСКИЙ РАЙОН,0
447174,278554,"Растениеводство и животноводство, охота и предоставление услуг в этих областях",false,False,,884716000,883.0,1104927000,920.0,1126739000,846.0,4510694000,1031.0,5870604000,994.0,5516665000,957.0,2,"Сельское, лесное и рыбное хозяйство",ОБЛАСТЬ АБАЙ,БЕСКАРАГАЙСКИЙ РАЙОН,0
447175,1325538,Выращивание одно- или двухлетних культур,false,False,,302488000,883.0,387144000,920.0,114179000,846.0,574271000,1031.0,3214953000,994.0,3247879000,957.0,3,"Растениеводство и животноводство, охота и предоставление услуг в этих областях",ОБЛАСТЬ АБАЙ,БЕСКАРАГАЙСКИЙ РАЙОН,0
447176,1323316,"Выращивание зерновых (кроме риса), бобовых и масличных культур",false,False,,285837000,883.0,203426000,920.0,66385000,846.0,570335000,1031.0,2963492000,994.0,3063255000,957.0,4,Выращивание одно- или двухлетних культур,ОБЛАСТЬ АБАЙ,БЕСКАРАГАЙСКИЙ РАЙОН,0
447178,1262087,Выращивание масличных культур и их семян,true,False,,,,,,x,846.0,257430000,1031.0,119793000,994.0,27780000,957.0,5,"Выращивание зерновых (кроме риса), бобовых и масличных культур",ОБЛАСТЬ АБАЙ,БЕСКАРАГАЙСКИЙ РАЙОН,0
3783380,1319992,"Выращивание зерновых и зернобобовых культур, включая семеноводство",true,False,,285837000,883.0,203426000,920.0,57690000,846.0,312905000,1031.0,2843699000,994.0,3035475000,957.0,5,"Выращивание зерновых (кроме риса), бобовых и масличных культур",ОБЛАСТЬ АБАЙ,БЕСКАРАГАЙСКИЙ РАЙОН,0
447181,1364843,"Выращивание овощей, бахчевых, корнеплодов и клубнеплодов",false,False,,,,119483000,920.0,47000000,846.0,,,160900000,994.0,93074000,957.0,4,Выращивание одно- или двухлетних культур,ОБЛАСТЬ АБАЙ,БЕСКАРАГАЙСКИЙ РАЙОН,0
447183,1417004,"Выращивание овощей, их семян и рассады",true,False,,,,119483000,920.0,47000000,846.0,,,160900000,994.0,93074000,957.0,5,"Выращивание овощей, бахчевых, корнеплодов и клубнеплодов",ОБЛАСТЬ АБАЙ,БЕСКАРАГАЙСКИЙ РАЙОН,0
447192,1363363,Выращивание прочих одно- или двухлетних культур,false,False,,16651000,883.0,64235000,920.0,794000,846.0,3936000,1031.0,90561000,994.0,91550000,957.0,4,Выращивание одно- или двухлетних культур,ОБЛАСТЬ АБАЙ,БЕСКАРАГАЙСКИЙ РАЙОН,0
447193,1371440,Выращивание кормовых культур и их семян,true,False,,16651000,883.0,41445000,920.0,794000,846.0,3936000,1031.0,74461000,994.0,68000000,957.0,5,Выращивание прочих одно- или двухлетних культур,ОБЛАСТЬ АБАЙ,БЕСКАРАГАЙСКИЙ РАЙОН,0
447195,3255830,"Выращивание прочих одно- или двухлетних культур, не включенных в другие группировки",true,False,,,,22790000,920.0,,,,,16100000,994.0,23550000,957.0,5,Выращивание прочих одно- или двухлетних культур,ОБЛАСТЬ АБАЙ,БЕСКАРАГАЙСКИЙ РАЙОН,0
447196,5020972,Выращивание многолетних культур,false,False,,,,,,,,,,11600000,994.0,,,3,"Растениеводство и животноводство, охота и предоставление услуг в этих областях",ОБЛАСТЬ АБАЙ,БЕСКАРАГАЙСКИЙ РАЙОН,0
447203,5007636,Выращивание семечковых и косточковых плодов,false,False,,,,,,,,,,11600000,994.0,,,4,Выращивание многолетних культур,ОБЛАСТЬ АБАЙ,БЕСКАРАГАЙСКИЙ РАЙОН,0
447204,5020595,Выращивание семечковых и косточковых плодов,true,False,,,,,,,,,,11600000,994.0,,,5,Выращивание семечковых и косточковых плодов,ОБЛАСТЬ АБАЙ,БЕСКАРАГАЙСКИЙ РАЙОН,0
447218,278548,Животноводство,false,False,,552386000,883.0,629054000,920.0,573748000,846.0,2902540000,1031.0,984978000,994.0,2062436000,957.0,3,"Растениеводство и животноводство, охота и предоставление услуг в этих областях",ОБЛАСТЬ АБАЙ,БЕСКАРАГАЙСКИЙ РАЙОН,0
447219,278542,Разведение крупного рогатого скота молочного направления,false,False,,400735000,883.0,268499000,920.0,,,1026200000,1031.0,200573000,994.0,30975000,957.0,4,Животноводство,ОБЛАСТЬ АБАЙ,БЕСКАРАГАЙСКИЙ РАЙОН,0
447220,278540,Разведение крупного рогатого скота молочного направления,true,False,,400735000,883.0,268499000,920.0,,,1026200000,1031.0,200573000,994.0,30975000,957.0,5,Разведение крупного рогатого скота молочного направления,ОБЛАСТЬ АБАЙ,БЕСКАРАГАЙСКИЙ РАЙОН,0
447221,278538,Разведение прочего крупного рогатого скота и буйволов,false,False,,151651000,883.0,349075000,920.0,556508000,846.0,840880000,1031.0,652540000,994.0,2029961000,957.0,4,Животноводство,ОБЛАСТЬ АБАЙ,БЕСКАРАГАЙСКИЙ РАЙОН,0
447222,278534,Разведение прочего крупного рогатого скота и буйволов,true,False,,151651000,883.0,349075000,920.0,556508000,846.0,840880000,1031.0,652540000,994.0,2029961000,957.0,5,Разведение прочего крупного рогатого скота и буйволов,ОБЛАСТЬ АБАЙ,БЕСКАРАГАЙСКИЙ РАЙОН,0
447223,4209306,Разведение лошадей и прочих животных семейства лошадиных,false,False,,,,x,920.0,,,1009700000,1031.0,131865000,994.0,,,4,Животноводство,ОБЛАСТЬ АБАЙ,БЕСКАРАГАЙСКИЙ РАЙОН,0
447224,4203937,Разведение лошадей,true,False,,,,x,920.0,,,1009700000,1031.0,131865000,994.0,,,5,Разведение лошадей и прочих животных семейства лошадиных,ОБЛАСТЬ АБАЙ,БЕСКАРАГАЙСКИЙ РАЙОН,0
447228,1307858,Разведение овец и коз,false,False,,,,1080000,920.0,17240000,846.0,14800000,1031.0,,,1500000,957.0,4,Животноводство,ОБЛАСТЬ АБАЙ,БЕСКАРАГАЙСКИЙ РАЙОН,0
447229,1309980,Разведение овец и коз,true,False,,,,1080000,920.0,17240000,846.0,14800000,1031.0,,,1500000,957.0,5,Разведение овец и коз,ОБЛАСТЬ АБАЙ,БЕСКАРАГАЙСКИЙ РАЙОН,0
447237,6008658,Разведение прочих видов животных,false,False,,,,,,,,10960000,1031.0,,,,,4,Животноводство,ОБЛАСТЬ АБАЙ,БЕСКАРАГАЙСКИЙ РАЙОН,0
447238,6008187,Разведение прочих видов животных,true,False,,,,,,,,10960000,1031.0,,,,,5,Разведение прочих видов животных,ОБЛАСТЬ АБАЙ,БЕСКАРАГАЙСКИЙ РАЙОН,0
447239,1321957,Смешанное сельское хозяйство,false,False,,29842000,883.0,88729000,920.0,438812000,846.0,1031383000,1031.0,1659073000,994.0,206350000,957.0,3,"Растениеводство и животноводство, охота и предоставление услуг в этих областях",ОБЛАСТЬ АБАЙ,БЕСКАРАГАЙСКИЙ РАЙОН,0
447240,1332609,Смешанное сельское хозяйство,false,False,,29842000,883.0,88729000,920.0,438812000,846.0,1031383000,1031.0,1659073000,994.0,206350000,957.0,4,Смешанное сельское хозяйство,ОБЛАСТЬ АБАЙ,БЕСКАРАГАЙСКИЙ РАЙОН,0
447241,1298831,Смешанное сельское хозяйство,true,False,,29842000,883.0,88729000,920.0,438812000,846.0,1031383000,1031.0,1659073000,994.0,206350000,957.0,5,Смешанное сельское хозяйство,ОБЛАСТЬ АБАЙ,БЕСКАРАГАЙСКИЙ РАЙОН,0
18683346,5747935,"Деятельность, способствующая выращиванию сельскохозяйственных культур и разведению животных и деятельность по обработке урожая",false,False,,,,,,,,x,1031.0,,,,,3,"Растениеводство и животноводство, охота и предоставление услуг в этих областях",ОБЛАСТЬ АБАЙ,БЕСКАРАГАЙСКИЙ РАЙОН,0
18683350,5752781,"Деятельность, способствующая животноводству",false,False,,,,,,,,x,1031.0,,,,,4,"Деятельность, способствующая выращиванию сельскохозяйственных культур и разведению животных и деятельность по обработке урожая",ОБЛАСТЬ АБАЙ,БЕСКАРАГАЙСКИЙ РАЙОН,0
18683351,5749277,"Деятельность, способствующая животноводству",true,False,,,,,,,,x,1031.0,,,,,5,"Деятельность, способствующая животноводству",ОБЛАСТЬ АБАЙ,БЕСКАРАГАЙСКИЙ РАЙОН,0
447255,4650777,Лесоводство и лесозаготовки,false,False,,,,,,,,,,,,14000000,957.0,2,"Сельское, лесное и рыбное хозяйство",ОБЛАСТЬ АБАЙ,БЕСКАРАГАЙСКИЙ РАЙОН,0
447259,4617118,Лесозаготовки,false,False,,,,,,,,,,,,14000000,957.0,3,Лесоводство и лесозаготовки,ОБЛАСТЬ АБАЙ,БЕСКАРАГАЙСКИЙ РАЙОН,0
447260,4617049,Лесозаготовки,false,False,,,,,,,,,,,,14000000,957.0,4,Лесозаготовки,ОБЛАСТЬ АБАЙ,БЕСКАРАГАЙСКИЙ РАЙОН,0
447261,4617589,Лесозаготовки,true,False,,,,,,,,,,,,14000000,957.0,5,Лесозаготовки,ОБЛАСТЬ АБАЙ,БЕСКАРАГАЙСКИЙ РАЙОН,0
448148,5392496,Строительство,false,False,,,,,,,,,,x,994.0,,,1,Всего,ОБЛАСТЬ АБАЙ,БЕСКАРАГАЙСКИЙ РАЙОН,0
448177,5391562,Специализированные строительные работы,false,False,,,,,,,,,,x,994.0,,,2,Строительство,ОБЛАСТЬ АБАЙ,БЕСКАРАГАЙСКИЙ РАЙОН,0
448187,5391241,"Монтаж и установка электрического, водопроводного и прочего оборудования",false,False,,,,,,,,,,x,994.0,,,3,Специализированные строительные работы,ОБЛАСТЬ АБАЙ,БЕСКАРАГАЙСКИЙ РАЙОН,0
448188,5419929,Электромонтажные работы,false,False,,,,,,,,,,x,994.0,,,4,"Монтаж и установка электрического, водопроводного и прочего оборудования",ОБЛАСТЬ АБАЙ,БЕСКАРАГАЙСКИЙ РАЙОН,0
18951435,5419567,Прочие электромонтажные работы,true,False,,,,,,,,,,x,994.0,,,5,Электромонтажные работы,ОБЛАСТЬ АБАЙ,БЕСКАРАГАЙСКИЙ РАЙОН,0
448215,4385928,Оптовая и розничная торговля; ремонт автомобилей и мотоциклов,false,False,,,,x,920.0,,,2100000,1031.0,4833000,994.0,x,957.0,1,Всего,ОБЛАСТЬ АБАЙ,БЕСКАРАГАЙСКИЙ РАЙОН,0
448377,4380951,"Розничная торговля, кроме торговли автомобилями и мотоциклами",false,False,,,,x,920.0,,,2100000,1031.0,4833000,994.0,x,957.0,2,Оптовая и розничная торговля; ремонт автомобилей и мотоциклов,ОБЛАСТЬ АБАЙ,БЕСКАРАГАЙСКИЙ РАЙОН,0
448399,4379264,Розничная торговля топливом в специализированных магазинах,false,False,,,,x,920.0,,,2100000,1031.0,4833000,994.0,x,957.0,3,"Розничная торговля, кроме торговли автомобилями и мотоциклами",ОБЛАСТЬ АБАЙ,БЕСКАРАГАЙСКИЙ РАЙОН,0
448400,4379288,Розничная торговля топливом в специализированных магазинах,false,False,,,,x,920.0,,,2100000,1031.0,4833000,994.0,x,957.0,4,Розничная торговля топливом в специализированных магазинах,ОБЛАСТЬ АБАЙ,БЕСКАРАГАЙСКИЙ РАЙОН,0
20576124,4379731,"Розничная торговля моторным топливом в специализированных магазинах, за исключением находящихся на придорожной полосе",true,False,,,,x,920.0,,,2100000,1031.0,4833000,994.0,x,957.0,5,Розничная торговля топливом в специализированных магазинах,ОБЛАСТЬ АБАЙ,БЕСКАРАГАЙСКИЙ РАЙОН,0
448475,614257,Транспорт и складирование,false,False,,457862000,883.0,128594000,920.0,x,846.0,267269000,1031.0,1230169000,994.0,1836136000,957.0,1,Всего,ОБЛАСТЬ АБАЙ,БЕСКАРАГАЙСКИЙ РАЙОН,0
448527,690490,Складирование грузов и вспомогательная транспортная деятельность,false,False,,457862000,883.0,128594000,920.0,x,846.0,267269000,1031.0,1230169000,994.0,1836136000,957.0,2,Транспорт и складирование,ОБЛАСТЬ АБАЙ,БЕСКАРАГАЙСКИЙ РАЙОН,0
448528,4912810,Складирование и хранение грузов,false,False,,,,,,,,,,,,x,957.0,3,Складирование грузов и вспомогательная транспортная деятельность,ОБЛАСТЬ АБАЙ,БЕСКАРАГАЙСКИЙ РАЙОН,0
448529,4915264,Складирование и хранение грузов,false,False,,,,,,,,,,,,x,957.0,4,Складирование и хранение грузов,ОБЛАСТЬ АБАЙ,БЕСКАРАГАЙСКИЙ РАЙОН,0
20576309,4897312,Складирование и хранение овощей и фруктов,true,False,,,,,,,,,,,,x,957.0,5,Складирование и хранение грузов,ОБЛАСТЬ АБАЙ,БЕСКАРАГАЙСКИЙ РАЙОН,0
448533,1287273,Вспомогательная транспортная деятельность,false,False,,457862000,883.0,128594000,920.0,x,846.0,267269000,1031.0,1230169000,994.0,819446000,957.0,3,Складирование грузов и вспомогательная транспортная деятельность,ОБЛАСТЬ АБАЙ,БЕСКАРАГАЙСКИЙ РАЙОН,0
448534,1341744,Вспомогательная деятельность сухопутного транспорта,false,False,,457862000,883.0,128594000,920.0,x,846.0,267269000,1031.0,1230169000,994.0,819446000,957.0,4,Вспомогательная транспортная деятельность,ОБЛАСТЬ АБАЙ,БЕСКАРАГАЙСКИЙ РАЙОН,0
448535,4469805,Эксплуатация железных дорог,true,False,,,,12626000,920.0,,,,,,,,,5,Вспомогательная деятельность сухопутного транспорта,ОБЛАСТЬ АБАЙ,БЕСКАРАГАЙСКИЙ РАЙОН,0
448536,1313492,Эксплуатация автомобильных дорог,true,False,,457862000,883.0,115968000,920.0,x,846.0,267269000,1031.0,1230169000,994.0,819446000,957.0,5,Вспомогательная деятельность сухопутного транспорта,ОБЛАСТЬ АБАЙ,БЕСКАРАГАЙСКИЙ РАЙОН,0
448585,278530,Информация и связь,false,False,,134750000,883.0,8771000,920.0,10243000,846.0,,,17512000,994.0,23455000,957.0,1,Всего,ОБЛАСТЬ АБАЙ,БЕСКАРАГАЙСКИЙ РАЙОН,0
448623,278528,Телекоммуникации,false,False,,134750000,883.0,8771000,920.0,10243000,846.0,,,17512000,994.0,23455000,957.0,2,Информация и связь,ОБЛАСТЬ АБАЙ,БЕСКАРАГАЙСКИЙ РАЙОН,0
448627,278526,Беспроводная телекоммуникационная связь,false,False,,126002000,883.0,,,,,,,17512000,994.0,23455000,957.0,3,Телекоммуникации,ОБЛАСТЬ АБАЙ,БЕСКАРАГАЙСКИЙ РАЙОН,0
448628,278521,Беспроводная телекоммуникационная связь,false,False,,126002000,883.0,,,,,,,17512000,994.0,23455000,957.0,4,Беспроводная телекоммуникационная связь,ОБЛАСТЬ АБАЙ,БЕСКАРАГАЙСКИЙ РАЙОН,0
18946147,4907216,Беспроводная телекоммуникационная связь посредством единой транспортной среды,true,False,,,,,,,,,,17512000,994.0,x,957.0,5,Беспроводная телекоммуникационная связь,ОБЛАСТЬ АБАЙ,БЕСКАРАГАЙСКИЙ РАЙОН,0
18946148,2840929,"Организация вещания теле-, радиопрограмм посредством сети национального оператора телерадиовещания",true,False,,39008000,883.0,,,,,,,,,11558000,957.0,5,Беспроводная телекоммуникационная связь,ОБЛАСТЬ АБАЙ,БЕСКАРАГАЙСКИЙ РАЙОН,0
18946149,278519,Прочая беспроводная телекоммуникационная связь,true,False,,86994000,883.0,,,,,,,,,,,5,Беспроводная телекоммуникационная связь,ОБЛАСТЬ АБАЙ,БЕСКАРАГАЙСКИЙ РАЙОН,0
448633,1300375,Прочая деятельность в области телекоммуникаций,false,False,,,,,,x,846.0,,,,,,,3,Телекоммуникации,ОБЛАСТЬ АБАЙ,БЕСКАРАГАЙСКИЙ РАЙОН,0
448634,1407585,Прочая деятельность в области телекоммуникаций,false,False,,,,,,x,846.0,,,,,,,4,Прочая деятельность в области телекоммуникаций,ОБЛАСТЬ АБАЙ,БЕСКАРАГАЙСКИЙ РАЙОН,0
18946154,1359534,"Прочая деятельность в области телекоммуникаций, не включенная в другие группировки",true,False,,,,,,x,846.0,,,,,,,5,Прочая деятельность в области телекоммуникаций,ОБЛАСТЬ АБАЙ,БЕСКАРАГАЙСКИЙ РАЙОН,0
18696628,1331468,Проводная телекоммуникационная связь,false,False,,8748000,883.0,8771000,920.0,x,846.0,,,,,,,3,Телекоммуникации,ОБЛАСТЬ АБАЙ,БЕСКАРАГАЙСКИЙ РАЙОН,0
18696629,1376282,Проводная телекоммуникационная связь,false,False,,8748000,883.0,8771000,920.0,x,846.0,,,,,,,4,Проводная телекоммуникационная связь,ОБЛАСТЬ АБАЙ,БЕСКАРАГАЙСКИЙ РАЙОН,0
18946146,1284323,Прочая проводная телекоммуникационная связь,true,False,,8748000,883.0,8771000,920.0,x,846.0,,,,,,,5,Проводная телекоммуникационная связь,ОБЛАСТЬ АБАЙ,БЕСКАРАГАЙСКИЙ РАЙОН,0
448714,121724,Операции с недвижимым имуществом,false,False,,742548000,883.0,643171000,920.0,235680000,846.0,2063731000,1031.0,663104000,994.0,504680000,957.0,1,Всего,ОБЛАСТЬ АБАЙ,БЕСКАРАГАЙСКИЙ РАЙОН,0
448715,121721,Операции с недвижимым имуществом,false,False,,742548000,883.0,643171000,920.0,235680000,846.0,2063731000,1031.0,663104000,994.0,504680000,957.0,2,Операции с недвижимым имуществом,ОБЛАСТЬ АБАЙ,БЕСКАРАГАЙСКИЙ РАЙОН,0
448716,121718,Покупка и продажа собственного недвижимого имущества ,false,False,,742548000,883.0,643171000,920.0,235680000,846.0,2063731000,1031.0,663104000,994.0,504680000,957.0,3,Операции с недвижимым имуществом,ОБЛАСТЬ АБАЙ,БЕСКАРАГАЙСКИЙ РАЙОН,0
448717,121716,Покупка и продажа собственного недвижимого имущества ,false,False,,742548000,883.0,643171000,920.0,235680000,846.0,2063731000,1031.0,663104000,994.0,504680000,957.0,4,Покупка и продажа собственного недвижимого имущества ,ОБЛАСТЬ АБАЙ,БЕСКАРАГАЙСКИЙ РАЙОН,0
543091,121711,Покупка и продажа многоквартирных и жилых домов (особняков),true,False,,742548000,883.0,643171000,920.0,235680000,846.0,1153560000,1031.0,663104000,994.0,504680000,957.0,5,Покупка и продажа собственного недвижимого имущества ,ОБЛАСТЬ АБАЙ,БЕСКАРАГАЙСКИЙ РАЙОН,0
543092,5550950,Покупка и продажа прочей недвижимости,true,False,,,,,,,,910171000,1031.0,,,,,5,Покупка и продажа собственного недвижимого имущества ,ОБЛАСТЬ АБАЙ,БЕСКАРАГАЙСКИЙ РАЙОН,0
448728,4156501,"Профессиональная, научная и техническая деятельность",false,False,,,,x,920.0,,,x,1031.0,x,994.0,x,957.0,1,Всего,ОБЛАСТЬ АБАЙ,БЕСКАРАГАЙСКИЙ РАЙОН,0
448747,4154071,"Деятельность в области архитектуры, инженерных изысканий, технических испытаний и анализа",false,False,,,,x,920.0,,,x,1031.0,x,994.0,x,957.0,2,"Профессиональная, научная и техническая деятельность",ОБЛАСТЬ АБАЙ,БЕСКАРАГАЙСКИЙ РАЙОН,0
448748,4153894,"Деятельность в области архитектуры, инженерных изысканий и предоставление технических консультаций в этих областях",false,False,,,,x,920.0,,,x,1031.0,x,994.0,x,957.0,3,"Деятельность в области архитектуры, инженерных изысканий, технических испытаний и анализа",ОБЛАСТЬ АБАЙ,БЕСКАРАГАЙСКИЙ РАЙОН,0
448751,4154176,Деятельность в области инженерных изысканий и предоставление технических консультаций в этой области,false,False,,,,x,920.0,,,x,1031.0,x,994.0,x,957.0,4,"Деятельность в области архитектуры, инженерных изысканий и предоставление технических консультаций в этих областях",ОБЛАСТЬ АБАЙ,БЕСКАРАГАЙСКИЙ РАЙОН,0
448753,4154008,Деятельность по проведению геологической разведки и изысканий (без научных исследований и разработок),true,False,,,,x,920.0,,,x,1031.0,x,994.0,x,957.0,5,Деятельность в области инженерных изысканий и предоставление технических консультаций в этой области,ОБЛАСТЬ АБАЙ,БЕСКАРАГАЙСКИЙ РАЙОН,0
448797,4240014,Деятельность в области административного и вспомогательного обслуживания,false,False,,,,53559000,920.0,,,112581000,1031.0,153780000,994.0,15702000,957.0,1,Всего,ОБЛАСТЬ АБАЙ,БЕСКАРАГАЙСКИЙ РАЙОН,0
448856,4238901,Деятельность по обслуживанию зданий и благоустройству территорий,false,False,,,,53559000,920.0,,,112581000,1031.0,153780000,994.0,15702000,957.0,2,Деятельность в области административного и вспомогательного обслуживания,ОБЛАСТЬ АБАЙ,БЕСКАРАГАЙСКИЙ РАЙОН,0
448867,4276445,Деятельность по благоустройству территорий,false,False,,,,53559000,920.0,,,112581000,1031.0,153780000,994.0,15702000,957.0,3,Деятельность по обслуживанию зданий и благоустройству территорий,ОБЛАСТЬ АБАЙ,БЕСКАРАГАЙСКИЙ РАЙОН,0
448868,4274117,Деятельность по благоустройству территорий,false,False,,,,53559000,920.0,,,112581000,1031.0,153780000,994.0,15702000,957.0,4,Деятельность по благоустройству территорий,ОБЛАСТЬ АБАЙ,БЕСКАРАГАЙСКИЙ РАЙОН,0
448869,4276931,Деятельность по благоустройству территорий,true,False,,,,53559000,920.0,,,112581000,1031.0,153780000,994.0,15702000,957.0,5,Деятельность по благоустройству территорий,ОБЛАСТЬ АБАЙ,БЕСКАРАГАЙСКИЙ РАЙОН,0
448889,5078932,Государственное управление и оборона; обязательное  социальное обеспечение,false,False,,,,,,,,24852000,1031.0,97978000,994.0,,,1,Всего,ОБЛАСТЬ АБАЙ,БЕСКАРАГАЙСКИЙ РАЙОН,0
448890,5079635,Государственное управление и оборона; обязательное социальное обеспечение,false,False,,,,,,,,24852000,1031.0,97978000,994.0,,,2,Государственное управление и оборона; обязательное  социальное обеспечение,ОБЛАСТЬ АБАЙ,БЕСКАРАГАЙСКИЙ РАЙОН,0
448891,5100805,Государственное управление общего характера и управление социально-экономическое политикой общества,false,False,,,,,,,,24852000,1031.0,97978000,994.0,,,3,Государственное управление и оборона; обязательное социальное обеспечение,ОБЛАСТЬ АБАЙ,БЕСКАРАГАЙСКИЙ РАЙОН,0
448892,5096526,Государственное управление общего характера,false,False,,,,,,,,24852000,1031.0,x,994.0,,,4,Государственное управление общего характера и управление социально-экономическое политикой общества,ОБЛАСТЬ АБАЙ,БЕСКАРАГАЙСКИЙ РАЙОН,0
448895,5471569,Деятельность местных органов управления,true,False,,,,,,,,x,1031.0,x,994.0,,,5,Государственное управление общего характера,ОБЛАСТЬ АБАЙ,БЕСКАРАГАЙСКИЙ РАЙОН,0
448896,5100075,Деятельность сельских и поселковых органов управления,true,False,,,,,,,,2744000,1031.0,,,,,5,Государственное управление общего характера,ОБЛАСТЬ АБАЙ,БЕСКАРАГАЙСКИЙ РАЙОН,0
448900,5361554,"Регулирование деятельности учреждений здравоохранения, образования, культуры и других социальных услуг, кроме социального обеспечения ",false,False,,,,,,,,,,58274000,994.0,,,4,Государственное управление общего характера и управление социально-экономическое политикой общества,ОБЛАСТЬ АБАЙ,БЕСКАРАГАЙСКИЙ РАЙОН,0
448901,5361102,"Регулирование деятельности учреждений здравоохранения, образования, культуры и других социальных услуг, кроме социального обеспечения ",true,False,,,,,,,,,,58274000,994.0,,,5,"Регулирование деятельности учреждений здравоохранения, образования, культуры и других социальных услуг, кроме социального обеспечения ",ОБЛАСТЬ АБАЙ,БЕСКАРАГАЙСКИЙ РАЙОН,0
448918,4818654,Образование,false,False,,,,,,,,2109234000,1031.0,591890000,994.0,x,957.0,1,Всего,ОБЛАСТЬ АБАЙ,БЕСКАРАГАЙСКИЙ РАЙОН,0
448919,4818190,Образование,false,False,,,,,,,,2109234000,1031.0,591890000,994.0,x,957.0,2,Образование,ОБЛАСТЬ АБАЙ,БЕСКАРАГАЙСКИЙ РАЙОН,0
448920,5390485,Дошкольное образование,false,False,,,,,,,,,,x,994.0,,,3,Образование,ОБЛАСТЬ АБАЙ,БЕСКАРАГАЙСКИЙ РАЙОН,0
448921,5417963,Дошкольное образование,false,False,,,,,,,,,,x,994.0,,,4,Дошкольное образование,ОБЛАСТЬ АБАЙ,БЕСКАРАГАЙСКИЙ РАЙОН,0
448922,5421292,Дошкольное образование,true,False,,,,,,,,,,x,994.0,,,5,Дошкольное образование,ОБЛАСТЬ АБАЙ,БЕСКАРАГАЙСКИЙ РАЙОН,0
448926,4815920,Среднее образование (2-й и 3-й уровни),false,False,,,,,,,,2109234000,1031.0,561890000,994.0,x,957.0,3,Образование,ОБЛАСТЬ АБАЙ,БЕСКАРАГАЙСКИЙ РАЙОН,0
448927,4816831,Основное и общее среднее образование,false,False,,,,,,,,2109234000,1031.0,561890000,994.0,x,957.0,4,Среднее образование (2-й и 3-й уровни),ОБЛАСТЬ АБАЙ,БЕСКАРАГАЙСКИЙ РАЙОН,0
448928,4818921,Основное и общее среднее образование,true,False,,,,,,,,2109234000,1031.0,561890000,994.0,x,957.0,5,Основное и общее среднее образование,ОБЛАСТЬ АБАЙ,БЕСКАРАГАЙСКИЙ РАЙОН,0
448950,5365833,Здравоохранение и социальное обслуживание населения,false,False,,,,,,,,2926063000,1031.0,67881000,994.0,,,1,Всего,ОБЛАСТЬ АБАЙ,БЕСКАРАГАЙСКИЙ РАЙОН,0
448951,5365128,Деятельность в области здравоохранения,false,False,,,,,,,,2902563000,1031.0,67881000,994.0,,,2,Здравоохранение и социальное обслуживание населения,ОБЛАСТЬ АБАЙ,БЕСКАРАГАЙСКИЙ РАЙОН,0
448952,5389378,Деятельность больничных организаций,false,False,,,,,,,,52479000,1031.0,57132000,994.0,,,3,Деятельность в области здравоохранения,ОБЛАСТЬ АБАЙ,БЕСКАРАГАЙСКИЙ РАЙОН,0
448953,5421446,Деятельность больничных организаций,false,False,,,,,,,,52479000,1031.0,57132000,994.0,,,4,Деятельность больничных организаций,ОБЛАСТЬ АБАЙ,БЕСКАРАГАЙСКИЙ РАЙОН,0
448954,5414929,Деятельность больниц широкого профиля и специализированных больниц,true,False,,,,,,,,52479000,1031.0,57132000,994.0,,,5,Деятельность больничных организаций,ОБЛАСТЬ АБАЙ,БЕСКАРАГАЙСКИЙ РАЙОН,0
448959,5364060,Деятельность в области врачебной практики и стоматологии,false,False,,,,,,,,2850084000,1031.0,10749000,994.0,,,3,Деятельность в области здравоохранения,ОБЛАСТЬ АБАЙ,БЕСКАРАГАЙСКИЙ РАЙОН,0
448960,5364651,Общая врачебная практика,false,False,,,,,,,,2850084000,1031.0,10749000,994.0,,,4,Деятельность в области врачебной практики и стоматологии,ОБЛАСТЬ АБАЙ,БЕСКАРАГАЙСКИЙ РАЙОН,0
448961,5361679,Общая врачебная практика,true,False,,,,,,,,2850084000,1031.0,10749000,994.0,,,5,Общая врачебная практика,ОБЛАСТЬ АБАЙ,БЕСКАРАГАЙСКИЙ РАЙОН,0
448982,5883993,Деятельность в области социального обслуживания населения без обеспечения проживания ,false,False,,,,,,,,23500000,1031.0,,,,,2,Здравоохранение и социальное обслуживание населения,ОБЛАСТЬ АБАЙ,БЕСКАРАГАЙСКИЙ РАЙОН,0
448986,5884132,Предоставление прочих социальных услуг без обеспечения проживания,false,False,,,,,,,,23500000,1031.0,,,,,3,Деятельность в области социального обслуживания населения без обеспечения проживания ,ОБЛАСТЬ АБАЙ,БЕСКАРАГАЙСКИЙ РАЙОН,0
448989,5882966,"Предоставление прочих социальных услуг без обеспечения проживания, не включенные в другие группировки",false,False,,,,,,,,23500000,1031.0,,,,,4,Предоставление прочих социальных услуг без обеспечения проживания,ОБЛАСТЬ АБАЙ,БЕСКАРАГАЙСКИЙ РАЙОН,0
448990,5884893,"Предоставление прочих социальных услуг без обеспечения проживания, не включенные в другие группировки",true,False,,,,,,,,23500000,1031.0,,,,,5,"Предоставление прочих социальных услуг без обеспечения проживания, не включенные в другие группировки",ОБЛАСТЬ АБАЙ,БЕСКАРАГАЙСКИЙ РАЙОН,0
448991,2807825,"Искусство, развлечения и отдых",false,False,,24080000,883.0,,,,,213285000,1031.0,,,x,957.0,1,Всего,ОБЛАСТЬ АБАЙ,БЕСКАРАГАЙСКИЙ РАЙОН,0
449022,2807823,"Деятельность в области спорта, организации отдыха и развлечений",false,False,,24080000,883.0,,,,,213285000,1031.0,,,x,957.0,2,"Искусство, развлечения и отдых",ОБЛАСТЬ АБАЙ,БЕСКАРАГАЙСКИЙ РАЙОН,0
449023,2807821,Деятельность в области спорта,false,False,,24080000,883.0,,,,,213285000,1031.0,,,x,957.0,3,"Деятельность в области спорта, организации отдыха и развлечений",ОБЛАСТЬ АБАЙ,БЕСКАРАГАЙСКИЙ РАЙОН,0
449024,2807819,Эксплуатация спортивных сооружений,false,False,,24080000,883.0,,,,,213285000,1031.0,,,x,957.0,4,Деятельность в области спорта,ОБЛАСТЬ АБАЙ,БЕСКАРАГАЙСКИЙ РАЙОН,0
449025,2807817,Эксплуатация спортивных сооружений,true,False,,24080000,883.0,,,,,213285000,1031.0,,,x,957.0,5,Эксплуатация спортивных сооружений,ОБЛАСТЬ АБАЙ,БЕСКАРАГАЙСКИЙ РАЙОН,0
449040,5392336,Предоставление прочих видов услуг,false,False,,,,,,,,,,3000000000,994.0,,,1,Всего,ОБЛАСТЬ АБАЙ,БЕСКАРАГАЙСКИЙ РАЙОН,0
449084,5391850,Предоставление прочих индивидуальных услуг,false,False,,,,,,,,,,3000000000,994.0,,,2,Предоставление прочих видов услуг,ОБЛАСТЬ АБАЙ,БЕСКАРАГАЙСКИЙ РАЙОН,0
449085,5392204,Предоставление прочих индивидуальных услуг,false,False,,,,,,,,,,3000000000,994.0,,,3,Предоставление прочих индивидуальных услуг,ОБЛАСТЬ АБАЙ,БЕСКАРАГАЙСКИЙ РАЙОН,0
449095,5418288,"Предоставление прочих индивидуальных услуг, не включенных в другие группировки",false,False,,,,,,,,,,3000000000,994.0,,,4,Предоставление прочих индивидуальных услуг,ОБЛАСТЬ АБАЙ,БЕСКАРАГАЙСКИЙ РАЙОН,0
449096,5417466,"Предоставление прочих индивидуальных услуг, не включенных в другие группировки",true,False,,,,,,,,,,3000000000,994.0,,,5,"Предоставление прочих индивидуальных услуг, не включенных в другие группировки",ОБЛАСТЬ АБАЙ,БЕСКАРАГАЙСКИЙ РАЙОН,0
741340,311324,Промышленность,false,False,,1046395000,883.0,576839000,920.0,392186000,846.0,2842903000,1031.0,2749054000,994.0,1117723000,957.0,1,Всего,ОБЛАСТЬ АБАЙ,БЕСКАРАГАЙСКИЙ РАЙОН,0
447279,311322,Горнодобывающая промышленность и разработка карьеров,false,False,,x,883.0,x,920.0,x,846.0,x,1031.0,,,,,2,Промышленность,ОБЛАСТЬ АБАЙ,БЕСКАРАГАЙСКИЙ РАЙОН,0
447316,311320,Добыча прочих полезных ископаемых,false,False,,x,883.0,x,920.0,x,846.0,x,1031.0,,,,,3,Горнодобывающая промышленность и разработка карьеров,ОБЛАСТЬ АБАЙ,БЕСКАРАГАЙСКИЙ РАЙОН,0
447317,311318,"Добыча камня, песка и глины",false,False,,x,883.0,x,920.0,x,846.0,x,1031.0,,,,,4,Добыча прочих полезных ископаемых,ОБЛАСТЬ АБАЙ,БЕСКАРАГАЙСКИЙ РАЙОН,0
447318,311316,"Добыча отделочного и строительного камня, известняка, гипса, мела и сланцев",false,False,,x,883.0,x,920.0,x,846.0,x,1031.0,,,,,5,"Добыча камня, песка и глины",ОБЛАСТЬ АБАЙ,БЕСКАРАГАЙСКИЙ РАЙОН,0
447320,311314,"Добыча известняка, гипса и мела",true,False,,x,883.0,x,920.0,x,846.0,x,1031.0,,,,,6,"Добыча отделочного и строительного камня, известняка, гипса, мела и сланцев",ОБЛАСТЬ АБАЙ,БЕСКАРАГАЙСКИЙ РАЙОН,0
448090,617586,"Снабжение электроэнергией, газом, паром, горячей водой и кондиционированным воздухом",false,False,,112600000,883.0,75817000,920.0,177031000,846.0,218262000,1031.0,51294000,994.0,427204000,957.0,2,Промышленность,ОБЛАСТЬ АБАЙ,БЕСКАРАГАЙСКИЙ РАЙОН,0
448091,1386117,"Снабжение электроэнергией, газом, паром, горячей водой и кондиционированным воздухом",false,False,,112600000,883.0,75817000,920.0,177031000,846.0,218262000,1031.0,51294000,994.0,427204000,957.0,3,"Снабжение электроэнергией, газом, паром, горячей водой и кондиционированным воздухом",ОБЛАСТЬ АБАЙ,БЕСКАРАГАЙСКИЙ РАЙОН,0
448092,1293660,"Производство, передача и распределение электроэнергии",false,False,,112600000,883.0,75817000,920.0,177031000,846.0,218262000,1031.0,51294000,994.0,427204000,957.0,4,"Снабжение электроэнергией, газом, паром, горячей водой и кондиционированным воздухом",ОБЛАСТЬ АБАЙ,БЕСКАРАГАЙСКИЙ РАЙОН,0
448100,1329508,Распределение электроэнергии,false,False,,112600000,883.0,75817000,920.0,177031000,846.0,218262000,1031.0,51294000,994.0,427204000,957.0,5,"Производство, передача и распределение электроэнергии",ОБЛАСТЬ АБАЙ,БЕСКАРАГАЙСКИЙ РАЙОН,0
448101,1390104,Распределение электроэнергии,true,False,,112600000,883.0,75817000,920.0,177031000,846.0,218262000,1031.0,51294000,994.0,427204000,957.0,6,Распределение электроэнергии,ОБЛАСТЬ АБАЙ,БЕСКАРАГАЙСКИЙ РАЙОН,0
448117,651506,"Водоснабжение; водоотведение; сбор, обработка и удаление отходов, деятельность по ликвидации загрязнений",false,False,,928570000,883.0,468657000,920.0,212000000,846.0,2540136000,1031.0,2697760000,994.0,690519000,957.0,2,Промышленность,ОБЛАСТЬ АБАЙ,БЕСКАРАГАЙСКИЙ РАЙОН,0
448118,1387618,"Забор, обработка и распределение воды",false,False,,928570000,883.0,468657000,920.0,212000000,846.0,2540136000,1031.0,2697760000,994.0,690519000,957.0,3,"Водоснабжение; водоотведение; сбор, обработка и удаление отходов, деятельность по ликвидации загрязнений",ОБЛАСТЬ АБАЙ,БЕСКАРАГАЙСКИЙ РАЙОН,0
448119,1362933,"Забор, обработка и распределение воды",false,False,,928570000,883.0,468657000,920.0,212000000,846.0,2540136000,1031.0,2697760000,994.0,690519000,957.0,4,"Забор, обработка и распределение воды",ОБЛАСТЬ АБАЙ,БЕСКАРАГАЙСКИЙ РАЙОН,0
448120,1356410,"Забор, обработка и распределение воды",false,False,,928570000,883.0,468657000,920.0,212000000,846.0,2540136000,1031.0,2697760000,994.0,690519000,957.0,5,"Забор, обработка и распределение воды",ОБЛАСТЬ АБАЙ,БЕСКАРАГАЙСКИЙ РАЙОН,0
448121,1342444,"Забор, обработка и распределение воды",true,False,,928570000,883.0,468657000,920.0,212000000,846.0,2540136000,1031.0,2697760000,994.0,690519000,957.0,6,"Забор, обработка и распределение воды",ОБЛАСТЬ АБАЙ,БЕСКАРАГАЙСКИЙ РАЙОН,0
741885,35240,Всего,false,false,,12670761000,883.0,18839286000,920.0,11357309000,846.0,41675692000,1031.0,35083297000,994.0,27862606000,957.0,0,,ОБЛАСТЬ АБАЙ,БОРОДУЛИХИНСКИЙ РАЙОН,
447173,35232,"Сельское, лесное и рыбное хозяйство",false,False,,6222119000,883.0,11261364000,920.0,3004097000,846.0,11832934000,1031.0,14608712000,994.0,15636407000,957.0,1,Всего,ОБЛАСТЬ АБАЙ,БОРОДУЛИХИНСКИЙ РАЙОН,0
447174,120874,"Растениеводство и животноводство, охота и предоставление услуг в этих областях",false,False,,6222119000,883.0,11261364000,920.0,3004097000,846.0,11794363000,1031.0,14506512000,994.0,15476003000,957.0,2,"Сельское, лесное и рыбное хозяйство",ОБЛАСТЬ АБАЙ,БОРОДУЛИХИНСКИЙ РАЙОН,0
447175,120872,Выращивание одно- или двухлетних культур,false,False,,6043748000,883.0,11189913000,920.0,2650656000,846.0,11244201000,1031.0,13653097000,994.0,15313787000,957.0,3,"Растениеводство и животноводство, охота и предоставление услуг в этих областях",ОБЛАСТЬ АБАЙ,БОРОДУЛИХИНСКИЙ РАЙОН,0
447176,120870,"Выращивание зерновых (кроме риса), бобовых и масличных культур",false,False,,6040148000,883.0,11173063000,920.0,2650656000,846.0,11244001000,1031.0,13653097000,994.0,15313619000,957.0,4,Выращивание одно- или двухлетних культур,ОБЛАСТЬ АБАЙ,БОРОДУЛИХИНСКИЙ РАЙОН,0
447178,120866,Выращивание масличных культур и их семян,true,False,,959264000,883.0,895945000,920.0,54510000,846.0,984629000,1031.0,474616000,994.0,1187464000,957.0,5,"Выращивание зерновых (кроме риса), бобовых и масличных культур",ОБЛАСТЬ АБАЙ,БОРОДУЛИХИНСКИЙ РАЙОН,0
3783380,120868,"Выращивание зерновых и зернобобовых культур, включая семеноводство",true,False,,5080884000,883.0,10277118000,920.0,2596146000,846.0,10259372000,1031.0,13178481000,994.0,14126155000,957.0,5,"Выращивание зерновых (кроме риса), бобовых и масличных культур",ОБЛАСТЬ АБАЙ,БОРОДУЛИХИНСКИЙ РАЙОН,0
447181,2779025,"Выращивание овощей, бахчевых, корнеплодов и клубнеплодов",false,False,,750000,883.0,3310000,920.0,,,,,,,,,4,Выращивание одно- или двухлетних культур,ОБЛАСТЬ АБАЙ,БОРОДУЛИХИНСКИЙ РАЙОН,0
447183,2779022,"Выращивание овощей, их семян и рассады",true,False,,750000,883.0,3310000,920.0,,,,,,,,,5,"Выращивание овощей, бахчевых, корнеплодов и клубнеплодов",ОБЛАСТЬ АБАЙ,БОРОДУЛИХИНСКИЙ РАЙОН,0
447192,279322,Выращивание прочих одно- или двухлетних культур,false,False,,2850000,883.0,13540000,920.0,,,200000,1031.0,,,168000,957.0,4,Выращивание одно- или двухлетних культур,ОБЛАСТЬ АБАЙ,БОРОДУЛИХИНСКИЙ РАЙОН,0
447193,279320,Выращивание кормовых культур и их семян,true,False,,2850000,883.0,,,,,,,,,,,5,Выращивание прочих одно- или двухлетних культур,ОБЛАСТЬ АБАЙ,БОРОДУЛИХИНСКИЙ РАЙОН,0
447195,3252920,"Выращивание прочих одно- или двухлетних культур, не включенных в другие группировки",true,False,,,,13540000,920.0,,,200000,1031.0,,,168000,957.0,5,Выращивание прочих одно- или двухлетних культур,ОБЛАСТЬ АБАЙ,БОРОДУЛИХИНСКИЙ РАЙОН,0
447218,1360561,Животноводство,false,False,,153043000,883.0,12013000,920.0,328696000,846.0,131050000,1031.0,,,9000000,957.0,3,"Растениеводство и животноводство, охота и предоставление услуг в этих областях",ОБЛАСТЬ АБАЙ,БОРОДУЛИХИНСКИЙ РАЙОН,0
447219,2779016,Разведение крупного рогатого скота молочного направления,false,False,,123940000,883.0,11430000,920.0,,,78250000,1031.0,,,,,4,Животноводство,ОБЛАСТЬ АБАЙ,БОРОДУЛИХИНСКИЙ РАЙОН,0
447220,2779014,Разведение крупного рогатого скота молочного направления,true,False,,123940000,883.0,11430000,920.0,,,78250000,1031.0,,,,,5,Разведение крупного рогатого скота молочного направления,ОБЛАСТЬ АБАЙ,БОРОДУЛИХИНСКИЙ РАЙОН,0
447221,1308963,Разведение прочего крупного рогатого скота и буйволов,false,False,,29103000,883.0,583000,920.0,328696000,846.0,52800000,1031.0,,,9000000,957.0,4,Животноводство,ОБЛАСТЬ АБАЙ,БОРОДУЛИХИНСКИЙ РАЙОН,0
447222,1284510,Разведение прочего крупного рогатого скота и буйволов,true,False,,29103000,883.0,583000,920.0,328696000,846.0,52800000,1031.0,,,9000000,957.0,5,Разведение прочего крупного рогатого скота и буйволов,ОБЛАСТЬ АБАЙ,БОРОДУЛИХИНСКИЙ РАЙОН,0
447239,1374377,Смешанное сельское хозяйство,false,False,,25328000,883.0,59438000,920.0,24745000,846.0,376177000,1031.0,853415000,994.0,153216000,957.0,3,"Растениеводство и животноводство, охота и предоставление услуг в этих областях",ОБЛАСТЬ АБАЙ,БОРОДУЛИХИНСКИЙ РАЙОН,0
447240,1400566,Смешанное сельское хозяйство,false,False,,25328000,883.0,59438000,920.0,24745000,846.0,376177000,1031.0,853415000,994.0,153216000,957.0,4,Смешанное сельское хозяйство,ОБЛАСТЬ АБАЙ,БОРОДУЛИХИНСКИЙ РАЙОН,0
447241,1366585,Смешанное сельское хозяйство,true,False,,25328000,883.0,59438000,920.0,24745000,846.0,376177000,1031.0,853415000,994.0,153216000,957.0,5,Смешанное сельское хозяйство,ОБЛАСТЬ АБАЙ,БОРОДУЛИХИНСКИЙ РАЙОН,0
18683346,5968234,"Деятельность, способствующая выращиванию сельскохозяйственных культур и разведению животных и деятельность по обработке урожая",false,False,,,,,,,,42935000,1031.0,,,,,3,"Растениеводство и животноводство, охота и предоставление услуг в этих областях",ОБЛАСТЬ АБАЙ,БОРОДУЛИХИНСКИЙ РАЙОН,0
18683347,6009341,"Деятельность, способствующая растениеводству",false,False,,,,,,,,34630000,1031.0,,,,,4,"Деятельность, способствующая выращиванию сельскохозяйственных культур и разведению животных и деятельность по обработке урожая",ОБЛАСТЬ АБАЙ,БОРОДУЛИХИНСКИЙ РАЙОН,0
18683348,6010980,"Деятельность, способствующая растениеводству, кроме эксплуатации оросительных систем",true,False,,,,,,,,34630000,1031.0,,,,,5,"Деятельность, способствующая растениеводству",ОБЛАСТЬ АБАЙ,БОРОДУЛИХИНСКИЙ РАЙОН,0
18683350,6006015,"Деятельность, способствующая животноводству",false,False,,,,,,,,8305000,1031.0,,,,,4,"Деятельность, способствующая выращиванию сельскохозяйственных культур и разведению животных и деятельность по обработке урожая",ОБЛАСТЬ АБАЙ,БОРОДУЛИХИНСКИЙ РАЙОН,0
18683351,6008099,"Деятельность, способствующая животноводству",true,False,,,,,,,,8305000,1031.0,,,,,5,"Деятельность, способствующая животноводству",ОБЛАСТЬ АБАЙ,БОРОДУЛИХИНСКИЙ РАЙОН,0
447255,4185580,Лесоводство и лесозаготовки,false,False,,,,,,,,x,1031.0,x,994.0,x,957.0,2,"Сельское, лесное и рыбное хозяйство",ОБЛАСТЬ АБАЙ,БОРОДУЛИХИНСКИЙ РАЙОН,0
447259,4235327,Лесозаготовки,false,False,,,,,,,,x,1031.0,x,994.0,x,957.0,3,Лесоводство и лесозаготовки,ОБЛАСТЬ АБАЙ,БОРОДУЛИХИНСКИЙ РАЙОН,0
447260,4207862,Лесозаготовки,false,False,,,,,,,,x,1031.0,x,994.0,x,957.0,4,Лесозаготовки,ОБЛАСТЬ АБАЙ,БОРОДУЛИХИНСКИЙ РАЙОН,0
447261,4204055,Лесозаготовки,true,False,,,,,,,,x,1031.0,x,994.0,x,957.0,5,Лесозаготовки,ОБЛАСТЬ АБАЙ,БОРОДУЛИХИНСКИЙ РАЙОН,0
448148,311988,Строительство,false,False,,x,883.0,,,4104000,846.0,x,1031.0,,,,,1,Всего,ОБЛАСТЬ АБАЙ,БОРОДУЛИХИНСКИЙ РАЙОН,0
448157,695252,Гражданское строительство,false,False,,,,,,4104000,846.0,,,,,,,2,Строительство,ОБЛАСТЬ АБАЙ,БОРОДУЛИХИНСКИЙ РАЙОН,0
448158,1401259,Строительство автомобильных и железных дорог,false,False,,,,,,4104000,846.0,,,,,,,3,Гражданское строительство,ОБЛАСТЬ АБАЙ,БОРОДУЛИХИНСКИЙ РАЙОН,0
18696143,1368744,Строительство автомобильных дорог,false,False,,,,,,4104000,846.0,,,,,,,4,Строительство автомобильных и железных дорог,ОБЛАСТЬ АБАЙ,БОРОДУЛИХИНСКИЙ РАЙОН,0
18946136,1374268,Строительство дорог и автомагистралей,true,False,,,,,,4104000,846.0,,,,,,,5,Строительство автомобильных дорог,ОБЛАСТЬ АБАЙ,БОРОДУЛИХИНСКИЙ РАЙОН,0
448177,311986,Специализированные строительные работы,false,False,,x,883.0,,,,,x,1031.0,,,,,2,Строительство,ОБЛАСТЬ АБАЙ,БОРОДУЛИХИНСКИЙ РАЙОН,0
448187,311984,"Монтаж и установка электрического, водопроводного и прочего оборудования",false,False,,x,883.0,,,,,x,1031.0,,,,,3,Специализированные строительные работы,ОБЛАСТЬ АБАЙ,БОРОДУЛИХИНСКИЙ РАЙОН,0
448190,311982,"Монтаж систем водоснабжения, отопления и кондиционирования воздуха",false,False,,x,883.0,,,,,x,1031.0,,,,,4,"Монтаж и установка электрического, водопроводного и прочего оборудования",ОБЛАСТЬ АБАЙ,БОРОДУЛИХИНСКИЙ РАЙОН,0
448191,311980,"Монтаж систем водоснабжения, отопления и кондиционирования воздуха",true,False,,x,883.0,,,,,x,1031.0,,,,,5,"Монтаж систем водоснабжения, отопления и кондиционирования воздуха",ОБЛАСТЬ АБАЙ,БОРОДУЛИХИНСКИЙ РАЙОН,0
448215,650806,Оптовая и розничная торговля; ремонт автомобилей и мотоциклов,false,False,,352504000,883.0,253522000,920.0,403100000,846.0,2100000,1031.0,82000000,994.0,7207000,957.0,1,Всего,ОБЛАСТЬ АБАЙ,БОРОДУЛИХИНСКИЙ РАЙОН,0
448237,4615871,"Оптовая торговля, за исключением торговли автомобилями и мотоциклами",false,False,,,,,,,,,,,,3800000,957.0,2,Оптовая и розничная торговля; ремонт автомобилей и мотоциклов,ОБЛАСТЬ АБАЙ,БОРОДУЛИХИНСКИЙ РАЙОН,0
448267,4652747,"Оптовая торговля продуктами питания, напитками и табачными изделиями",false,False,,,,,,,,,,,,3800000,957.0,3,"Оптовая торговля, за исключением торговли автомобилями и мотоциклами",ОБЛАСТЬ АБАЙ,БОРОДУЛИХИНСКИЙ РАЙОН,0
448272,4616666,"Оптовая торговля молочными продуктами, яйцами и пищевыми маслами и жирами",false,False,,,,,,,,,,,,3800000,957.0,4,"Оптовая торговля продуктами питания, напитками и табачными изделиями",ОБЛАСТЬ АБАЙ,БОРОДУЛИХИНСКИЙ РАЙОН,0
448273,4617671,"Оптовая торговля молочными продуктами, яйцами и пищевыми маслами и жирами",true,False,,,,,,,,,,,,3800000,957.0,5,"Оптовая торговля молочными продуктами, яйцами и пищевыми маслами и жирами",ОБЛАСТЬ АБАЙ,БОРОДУЛИХИНСКИЙ РАЙОН,0
448377,652688,"Розничная торговля, кроме торговли автомобилями и мотоциклами",false,False,,352504000,883.0,253522000,920.0,403100000,846.0,2100000,1031.0,82000000,994.0,x,957.0,2,Оптовая и розничная торговля; ремонт автомобилей и мотоциклов,ОБЛАСТЬ АБАЙ,БОРОДУЛИХИНСКИЙ РАЙОН,0
448378,2778908,Розничная торговля в неспециализированных магазинах,false,False,,x,883.0,,,,,,,,,,,3,"Розничная торговля, кроме торговли автомобилями и мотоциклами",ОБЛАСТЬ АБАЙ,БОРОДУЛИХИНСКИЙ РАЙОН,0
448381,2778906,Прочая розничная торговля в неспециализированных магазинах,false,False,,x,883.0,,,,,,,,,,,4,Розничная торговля в неспециализированных магазинах,ОБЛАСТЬ АБАЙ,БОРОДУЛИХИНСКИЙ РАЙОН,0
3647936,2778904,"Прочая розничная торговля в неспециализированных магазинах, являющихся торговыми объектами, с торговой площадью менее 2000 кв.м ",true,False,,x,883.0,,,,,,,,,,,5,Прочая розничная торговля в неспециализированных магазинах,ОБЛАСТЬ АБАЙ,БОРОДУЛИХИНСКИЙ РАЙОН,0
448399,1320452,Розничная торговля топливом в специализированных магазинах,false,False,,2504000,883.0,253522000,920.0,403100000,846.0,2100000,1031.0,82000000,994.0,x,957.0,3,"Розничная торговля, кроме торговли автомобилями и мотоциклами",ОБЛАСТЬ АБАЙ,БОРОДУЛИХИНСКИЙ РАЙОН,0
448400,1347259,Розничная торговля топливом в специализированных магазинах,false,False,,2504000,883.0,253522000,920.0,403100000,846.0,2100000,1031.0,82000000,994.0,x,957.0,4,Розничная торговля топливом в специализированных магазинах,ОБЛАСТЬ АБАЙ,БОРОДУЛИХИНСКИЙ РАЙОН,0
18951442,1334560,Розничная торговля моторным топливом в специализированных магазинах,true,False,,,,,,403100000,846.0,,,,,,,5,Розничная торговля топливом в специализированных магазинах,ОБЛАСТЬ АБАЙ,БОРОДУЛИХИНСКИЙ РАЙОН,0
20576124,2778902,"Розничная торговля моторным топливом в специализированных магазинах, за исключением находящихся на придорожной полосе",true,False,,2504000,883.0,253522000,920.0,,,2100000,1031.0,82000000,994.0,x,957.0,5,Розничная торговля топливом в специализированных магазинах,ОБЛАСТЬ АБАЙ,БОРОДУЛИХИНСКИЙ РАЙОН,0
448475,3910293,Транспорт и складирование,false,False,,,,271468000,920.0,,,2011452000,1031.0,1420210000,994.0,84365000,957.0,1,Всего,ОБЛАСТЬ АБАЙ,БОРОДУЛИХИНСКИЙ РАЙОН,0
448527,3910166,Складирование грузов и вспомогательная транспортная деятельность,false,False,,,,271468000,920.0,,,2011452000,1031.0,1420210000,994.0,84365000,957.0,2,Транспорт и складирование,ОБЛАСТЬ АБАЙ,БОРОДУЛИХИНСКИЙ РАЙОН,0
448533,3908747,Вспомогательная транспортная деятельность,false,False,,,,271468000,920.0,,,2011452000,1031.0,1420210000,994.0,84365000,957.0,3,Складирование грузов и вспомогательная транспортная деятельность,ОБЛАСТЬ АБАЙ,БОРОДУЛИХИНСКИЙ РАЙОН,0
448534,3909769,Вспомогательная деятельность сухопутного транспорта,false,False,,,,271468000,920.0,,,2011452000,1031.0,1420210000,994.0,84365000,957.0,4,Вспомогательная транспортная деятельность,ОБЛАСТЬ АБАЙ,БОРОДУЛИХИНСКИЙ РАЙОН,0
448535,5467100,Эксплуатация железных дорог,true,False,,,,,,,,,,584095000,994.0,,,5,Вспомогательная деятельность сухопутного транспорта,ОБЛАСТЬ АБАЙ,БОРОДУЛИХИНСКИЙ РАЙОН,0
448536,3911691,Эксплуатация автомобильных дорог,true,False,,,,271468000,920.0,,,2011452000,1031.0,836115000,994.0,84365000,957.0,5,Вспомогательная деятельность сухопутного транспорта,ОБЛАСТЬ АБАЙ,БОРОДУЛИХИНСКИЙ РАЙОН,0
448558,5584709,Предоставление услуг по проживанию и питанию,false,False,,,,,,,,293029000,1031.0,,,,,1,Всего,ОБЛАСТЬ АБАЙ,БОРОДУЛИХИНСКИЙ РАЙОН,0
448573,5566568,Предоставление услуг по обеспечению питанием и напитками,false,False,,,,,,,,x,1031.0,,,,,2,Предоставление услуг по проживанию и питанию,ОБЛАСТЬ АБАЙ,БОРОДУЛИХИНСКИЙ РАЙОН,0
448577,5567298,Доставка готовой пищи на заказ и прочая деятельность по обеспечению питанием,false,False,,,,,,,,x,1031.0,,,,,3,Предоставление услуг по обеспечению питанием и напитками,ОБЛАСТЬ АБАЙ,БОРОДУЛИХИНСКИЙ РАЙОН,0
448580,5567368,Прочая деятельность по обеспечению питанием,false,False,,,,,,,,x,1031.0,,,,,4,Доставка готовой пищи на заказ и прочая деятельность по обеспечению питанием,ОБЛАСТЬ АБАЙ,БОРОДУЛИХИНСКИЙ РАЙОН,0
18951446,5583955,"Прочая деятельность по обеспечению питанием, не включенная в другие группировки",true,False,,,,,,,,x,1031.0,,,,,5,Прочая деятельность по обеспечению питанием,ОБЛАСТЬ АБАЙ,БОРОДУЛИХИНСКИЙ РАЙОН,0
3783427,6103668,Предоставление услуг по временному проживанию,false,False,,,,,,,,285838000,1031.0,,,,,2,Предоставление услуг по проживанию и питанию,ОБЛАСТЬ АБАЙ,БОРОДУЛИХИНСКИЙ РАЙОН,0
3783432,6052154,Предоставление жилья на выходные дни и прочие периоды краткосрочного проживания,false,False,,,,,,,,285838000,1031.0,,,,,3,Предоставление услуг по временному проживанию,ОБЛАСТЬ АБАЙ,БОРОДУЛИХИНСКИЙ РАЙОН,0
3783433,6054008,Предоставление жилья на выходные дни и прочие периоды краткосрочного проживания,false,False,,,,,,,,285838000,1031.0,,,,,4,Предоставление жилья на выходные дни и прочие периоды краткосрочного проживания,ОБЛАСТЬ АБАЙ,БОРОДУЛИХИНСКИЙ РАЙОН,0
3783434,6048638,Предоставление жилья на выходные дни и прочие периоды краткосрочного проживания,true,False,,,,,,,,285838000,1031.0,,,,,5,Предоставление жилья на выходные дни и прочие периоды краткосрочного проживания,ОБЛАСТЬ АБАЙ,БОРОДУЛИХИНСКИЙ РАЙОН,0
448585,311978,Информация и связь,false,False,,144453000,883.0,35655000,920.0,23133000,846.0,77836000,1031.0,21961000,994.0,36290000,957.0,1,Всего,ОБЛАСТЬ АБАЙ,БОРОДУЛИХИНСКИЙ РАЙОН,0
448623,311976,Телекоммуникации,false,False,,144453000,883.0,35655000,920.0,23133000,846.0,77836000,1031.0,21961000,994.0,36290000,957.0,2,Информация и связь,ОБЛАСТЬ АБАЙ,БОРОДУЛИХИНСКИЙ РАЙОН,0
448627,2886784,Беспроводная телекоммуникационная связь,false,False,,125420000,883.0,1599000,920.0,,,77836000,1031.0,21961000,994.0,36290000,957.0,3,Телекоммуникации,ОБЛАСТЬ АБАЙ,БОРОДУЛИХИНСКИЙ РАЙОН,0
448628,2886782,Беспроводная телекоммуникационная связь,false,False,,125420000,883.0,1599000,920.0,,,77836000,1031.0,21961000,994.0,36290000,957.0,4,Беспроводная телекоммуникационная связь,ОБЛАСТЬ АБАЙ,БОРОДУЛИХИНСКИЙ РАЙОН,0
18946147,4907918,Беспроводная телекоммуникационная связь посредством единой транспортной среды,true,False,,,,,,,,x,1031.0,21961000,994.0,x,957.0,5,Беспроводная телекоммуникационная связь,ОБЛАСТЬ АБАЙ,БОРОДУЛИХИНСКИЙ РАЙОН,0
18946148,4367943,"Организация вещания теле-, радиопрограмм посредством сети национального оператора телерадиовещания",true,False,,,,,,,,67677000,1031.0,,,26132000,957.0,5,Беспроводная телекоммуникационная связь,ОБЛАСТЬ АБАЙ,БОРОДУЛИХИНСКИЙ РАЙОН,0
18946149,2886780,Прочая беспроводная телекоммуникационная связь,true,False,,125420000,883.0,1599000,920.0,,,,,,,,,5,Беспроводная телекоммуникационная связь,ОБЛАСТЬ АБАЙ,БОРОДУЛИХИНСКИЙ РАЙОН,0
18696628,311974,Проводная телекоммуникационная связь,false,False,,19033000,883.0,34056000,920.0,23133000,846.0,,,,,,,3,Телекоммуникации,ОБЛАСТЬ АБАЙ,БОРОДУЛИХИНСКИЙ РАЙОН,0
18696629,311972,Проводная телекоммуникационная связь,false,False,,19033000,883.0,34056000,920.0,23133000,846.0,,,,,,,4,Проводная телекоммуникационная связь,ОБЛАСТЬ АБАЙ,БОРОДУЛИХИНСКИЙ РАЙОН,0
18946146,311970,Прочая проводная телекоммуникационная связь,true,False,,19033000,883.0,34056000,920.0,23133000,846.0,,,,,,,5,Проводная телекоммуникационная связь,ОБЛАСТЬ АБАЙ,БОРОДУЛИХИНСКИЙ РАЙОН,0
448714,120682,Операции с недвижимым имуществом,false,False,,583781000,883.0,681736000,920.0,386077000,846.0,602700000,1031.0,413675000,994.0,244939000,957.0,1,Всего,ОБЛАСТЬ АБАЙ,БОРОДУЛИХИНСКИЙ РАЙОН,0
448715,120679,Операции с недвижимым имуществом,false,False,,583781000,883.0,681736000,920.0,386077000,846.0,602700000,1031.0,413675000,994.0,244939000,957.0,2,Операции с недвижимым имуществом,ОБЛАСТЬ АБАЙ,БОРОДУЛИХИНСКИЙ РАЙОН,0
448716,120675,Покупка и продажа собственного недвижимого имущества ,false,False,,583781000,883.0,681736000,920.0,386077000,846.0,602700000,1031.0,413675000,994.0,244939000,957.0,3,Операции с недвижимым имуществом,ОБЛАСТЬ АБАЙ,БОРОДУЛИХИНСКИЙ РАЙОН,0
448717,120670,Покупка и продажа собственного недвижимого имущества ,false,False,,583781000,883.0,681736000,920.0,386077000,846.0,602700000,1031.0,413675000,994.0,244939000,957.0,4,Покупка и продажа собственного недвижимого имущества ,ОБЛАСТЬ АБАЙ,БОРОДУЛИХИНСКИЙ РАЙОН,0
543091,120661,Покупка и продажа многоквартирных и жилых домов (особняков),true,False,,583781000,883.0,681736000,920.0,386077000,846.0,602700000,1031.0,413675000,994.0,244939000,957.0,5,Покупка и продажа собственного недвижимого имущества ,ОБЛАСТЬ АБАЙ,БОРОДУЛИХИНСКИЙ РАЙОН,0
448728,620570,"Профессиональная, научная и техническая деятельность",false,False,,4000000,883.0,85782000,920.0,7296000,846.0,65153000,1031.0,54394000,994.0,63170000,957.0,1,Всего,ОБЛАСТЬ АБАЙ,БОРОДУЛИХИНСКИЙ РАЙОН,0
448747,632577,"Деятельность в области архитектуры, инженерных изысканий, технических испытаний и анализа",false,False,,4000000,883.0,85782000,920.0,7296000,846.0,65153000,1031.0,54394000,994.0,63170000,957.0,2,"Профессиональная, научная и техническая деятельность",ОБЛАСТЬ АБАЙ,БОРОДУЛИХИНСКИЙ РАЙОН,0
448748,1362146,"Деятельность в области архитектуры, инженерных изысканий и предоставление технических консультаций в этих областях",false,False,,4000000,883.0,85782000,920.0,7296000,846.0,65153000,1031.0,54394000,994.0,63170000,957.0,3,"Деятельность в области архитектуры, инженерных изысканий, технических испытаний и анализа",ОБЛАСТЬ АБАЙ,БОРОДУЛИХИНСКИЙ РАЙОН,0
448751,1360451,Деятельность в области инженерных изысканий и предоставление технических консультаций в этой области,false,False,,4000000,883.0,85782000,920.0,7296000,846.0,65153000,1031.0,54394000,994.0,63170000,957.0,4,"Деятельность в области архитектуры, инженерных изысканий и предоставление технических консультаций в этих областях",ОБЛАСТЬ АБАЙ,БОРОДУЛИХИНСКИЙ РАЙОН,0
448753,1327124,Деятельность по проведению геологической разведки и изысканий (без научных исследований и разработок),true,False,,4000000,883.0,85782000,920.0,7296000,846.0,65153000,1031.0,54394000,994.0,63170000,957.0,5,Деятельность в области инженерных изысканий и предоставление технических консультаций в этой области,ОБЛАСТЬ АБАЙ,БОРОДУЛИХИНСКИЙ РАЙОН,0
448797,622316,Деятельность в области административного и вспомогательного обслуживания,false,False,,,,x,920.0,x,846.0,2250000,1031.0,111033000,994.0,56920000,957.0,1,Всего,ОБЛАСТЬ АБАЙ,БОРОДУЛИХИНСКИЙ РАЙОН,0
448856,691623,Деятельность по обслуживанию зданий и благоустройству территорий,false,False,,,,x,920.0,x,846.0,2250000,1031.0,110703000,994.0,56920000,957.0,2,Деятельность в области административного и вспомогательного обслуживания,ОБЛАСТЬ АБАЙ,БОРОДУЛИХИНСКИЙ РАЙОН,0
448867,1353045,Деятельность по благоустройству территорий,false,False,,,,x,920.0,x,846.0,2250000,1031.0,110703000,994.0,56920000,957.0,3,Деятельность по обслуживанию зданий и благоустройству территорий,ОБЛАСТЬ АБАЙ,БОРОДУЛИХИНСКИЙ РАЙОН,0
448868,1353328,Деятельность по благоустройству территорий,false,False,,,,x,920.0,x,846.0,2250000,1031.0,110703000,994.0,56920000,957.0,4,Деятельность по благоустройству территорий,ОБЛАСТЬ АБАЙ,БОРОДУЛИХИНСКИЙ РАЙОН,0
448869,1329038,Деятельность по благоустройству территорий,true,False,,,,x,920.0,x,846.0,2250000,1031.0,110703000,994.0,56920000,957.0,5,Деятельность по благоустройству территорий,ОБЛАСТЬ АБАЙ,БОРОДУЛИХИНСКИЙ РАЙОН,0
448870,5364488,"Деятельность в области офисного административного и вспомогательного обслуживания, направленная на поддержание коммерческой деятельности",false,False,,,,,,,,,,330000,994.0,,,2,Деятельность в области административного и вспомогательного обслуживания,ОБЛАСТЬ АБАЙ,БОРОДУЛИХИНСКИЙ РАЙОН,0
448882,5362077,"Деятельность по предоставлению вспомогательных коммерческих услуг, не включенная в другие группировки",false,False,,,,,,,,,,330000,994.0,,,3,"Деятельность в области офисного административного и вспомогательного обслуживания, направленная на поддержание коммерческой деятельности",ОБЛАСТЬ АБАЙ,БОРОДУЛИХИНСКИЙ РАЙОН,0
448887,5360865,"Прочая деятельность по предоставлению вспомогательных коммерческих услуг, не включенная в другие группировки",false,False,,,,,,,,,,330000,994.0,,,4,"Деятельность по предоставлению вспомогательных коммерческих услуг, не включенная в другие группировки",ОБЛАСТЬ АБАЙ,БОРОДУЛИХИНСКИЙ РАЙОН,0
448888,5361054,"Прочая деятельность по предоставлению вспомогательных коммерческих услуг, не включенная в другие группировки",true,False,,,,,,,,,,330000,994.0,,,5,"Прочая деятельность по предоставлению вспомогательных коммерческих услуг, не включенная в другие группировки",ОБЛАСТЬ АБАЙ,БОРОДУЛИХИНСКИЙ РАЙОН,0
448889,5078836,Государственное управление и оборона; обязательное  социальное обеспечение,false,False,,,,,,,,141780000,1031.0,2708000,994.0,,,1,Всего,ОБЛАСТЬ АБАЙ,БОРОДУЛИХИНСКИЙ РАЙОН,0
448890,5078771,Государственное управление и оборона; обязательное социальное обеспечение,false,False,,,,,,,,141780000,1031.0,2708000,994.0,,,2,Государственное управление и оборона; обязательное  социальное обеспечение,ОБЛАСТЬ АБАЙ,БОРОДУЛИХИНСКИЙ РАЙОН,0
448891,5100141,Государственное управление общего характера и управление социально-экономическое политикой общества,false,False,,,,,,,,141780000,1031.0,2708000,994.0,,,3,Государственное управление и оборона; обязательное социальное обеспечение,ОБЛАСТЬ АБАЙ,БОРОДУЛИХИНСКИЙ РАЙОН,0
448892,5098927,Государственное управление общего характера,false,False,,,,,,,,140361000,1031.0,843000,994.0,,,4,Государственное управление общего характера и управление социально-экономическое политикой общества,ОБЛАСТЬ АБАЙ,БОРОДУЛИХИНСКИЙ РАЙОН,0
448895,5365821,Деятельность местных органов управления,true,False,,,,,,,,123689000,1031.0,x,994.0,,,5,Государственное управление общего характера,ОБЛАСТЬ АБАЙ,БОРОДУЛИХИНСКИЙ РАЙОН,0
448896,5099305,Деятельность сельских и поселковых органов управления,true,False,,,,,,,,16672000,1031.0,577000,994.0,,,5,Государственное управление общего характера,ОБЛАСТЬ АБАЙ,БОРОДУЛИХИНСКИЙ РАЙОН,0
448900,5867251,"Регулирование деятельности учреждений здравоохранения, образования, культуры и других социальных услуг, кроме социального обеспечения ",false,False,,,,,,,,x,1031.0,,,,,4,Государственное управление общего характера и управление социально-экономическое политикой общества,ОБЛАСТЬ АБАЙ,БОРОДУЛИХИНСКИЙ РАЙОН,0
448901,5874169,"Регулирование деятельности учреждений здравоохранения, образования, культуры и других социальных услуг, кроме социального обеспечения ",true,False,,,,,,,,x,1031.0,,,,,5,"Регулирование деятельности учреждений здравоохранения, образования, культуры и других социальных услуг, кроме социального обеспечения ",ОБЛАСТЬ АБАЙ,БОРОДУЛИХИНСКИЙ РАЙОН,0
448902,5465269,Регулирование и содействие эффективному ведению экономической деятельности,false,False,,,,,,,,1000000,1031.0,x,994.0,,,4,Государственное управление общего характера и управление социально-экономическое политикой общества,ОБЛАСТЬ АБАЙ,БОРОДУЛИХИНСКИЙ РАЙОН,0
448903,5467228,Регулирование и содействие эффективному ведению экономической деятельности,true,False,,,,,,,,1000000,1031.0,x,994.0,,,5,Регулирование и содействие эффективному ведению экономической деятельности,ОБЛАСТЬ АБАЙ,БОРОДУЛИХИНСКИЙ РАЙОН,0
448918,279292,Образование,false,False,,x,883.0,,,x,846.0,54185000,1031.0,67220000,994.0,,,1,Всего,ОБЛАСТЬ АБАЙ,БОРОДУЛИХИНСКИЙ РАЙОН,0
448919,279290,Образование,false,False,,x,883.0,,,x,846.0,54185000,1031.0,67220000,994.0,,,2,Образование,ОБЛАСТЬ АБАЙ,БОРОДУЛИХИНСКИЙ РАЙОН,0
448923,5360894,Начальное образование (1-й уровень),false,False,,,,,,,,,,1849000,994.0,,,3,Образование,ОБЛАСТЬ АБАЙ,БОРОДУЛИХИНСКИЙ РАЙОН,0
448924,5364939,Начальное образование (1-й уровень),false,False,,,,,,,,,,1849000,994.0,,,4,Начальное образование (1-й уровень),ОБЛАСТЬ АБАЙ,БОРОДУЛИХИНСКИЙ РАЙОН,0
448925,5361479,Начальное образование (1-й уровень),true,False,,,,,,,,,,1849000,994.0,,,5,Начальное образование (1-й уровень),ОБЛАСТЬ АБАЙ,БОРОДУЛИХИНСКИЙ РАЙОН,0
448926,5235586,Среднее образование (2-й и 3-й уровни),false,False,,,,,,,,54185000,1031.0,65371000,994.0,,,3,Образование,ОБЛАСТЬ АБАЙ,БОРОДУЛИХИНСКИЙ РАЙОН,0
448927,5232990,Основное и общее среднее образование,false,False,,,,,,,,54185000,1031.0,65371000,994.0,,,4,Среднее образование (2-й и 3-й уровни),ОБЛАСТЬ АБАЙ,БОРОДУЛИХИНСКИЙ РАЙОН,0
448928,5235944,Основное и общее среднее образование,true,False,,,,,,,,54185000,1031.0,65371000,994.0,,,5,Основное и общее среднее образование,ОБЛАСТЬ АБАЙ,БОРОДУЛИХИНСКИЙ РАЙОН,0
448937,279288,Прочие виды образования,false,False,,x,883.0,,,x,846.0,,,,,,,3,Образование,ОБЛАСТЬ АБАЙ,БОРОДУЛИХИНСКИЙ РАЙОН,0
448940,279286,Образование в области культуры,false,False,,x,883.0,,,x,846.0,,,,,,,4,Прочие виды образования,ОБЛАСТЬ АБАЙ,БОРОДУЛИХИНСКИЙ РАЙОН,0
448941,279284,Образование в области культуры,true,False,,x,883.0,,,x,846.0,,,,,,,5,Образование в области культуры,ОБЛАСТЬ АБАЙ,БОРОДУЛИХИНСКИЙ РАЙОН,0
448950,641823,Здравоохранение и социальное обслуживание населения,false,False,,,,3754000,920.0,42082000,846.0,849312000,1031.0,73391000,994.0,4749000,957.0,1,Всего,ОБЛАСТЬ АБАЙ,БОРОДУЛИХИНСКИЙ РАЙОН,0
448951,666524,Деятельность в области здравоохранения,false,False,,,,,,42082000,846.0,841068000,1031.0,56080000,994.0,4749000,957.0,2,Здравоохранение и социальное обслуживание населения,ОБЛАСТЬ АБАЙ,БОРОДУЛИХИНСКИЙ РАЙОН,0
448952,1357790,Деятельность больничных организаций,false,False,,,,,,42082000,846.0,120744000,1031.0,51837000,994.0,4749000,957.0,3,Деятельность в области здравоохранения,ОБЛАСТЬ АБАЙ,БОРОДУЛИХИНСКИЙ РАЙОН,0
448953,1297289,Деятельность больничных организаций,false,False,,,,,,42082000,846.0,120744000,1031.0,51837000,994.0,4749000,957.0,4,Деятельность больничных организаций,ОБЛАСТЬ АБАЙ,БОРОДУЛИХИНСКИЙ РАЙОН,0
448954,1294794,Деятельность больниц широкого профиля и специализированных больниц,true,False,,,,,,42082000,846.0,120744000,1031.0,51837000,994.0,4749000,957.0,5,Деятельность больничных организаций,ОБЛАСТЬ АБАЙ,БОРОДУЛИХИНСКИЙ РАЙОН,0
448959,5389344,Деятельность в области врачебной практики и стоматологии,false,False,,,,,,,,720324000,1031.0,4243000,994.0,,,3,Деятельность в области здравоохранения,ОБЛАСТЬ АБАЙ,БОРОДУЛИХИНСКИЙ РАЙОН,0
448960,5421025,Общая врачебная практика,false,False,,,,,,,,720324000,1031.0,4243000,994.0,,,4,Деятельность в области врачебной практики и стоматологии,ОБЛАСТЬ АБАЙ,БОРОДУЛИХИНСКИЙ РАЙОН,0
448961,5419609,Общая врачебная практика,true,False,,,,,,,,720324000,1031.0,4243000,994.0,,,5,Общая врачебная практика,ОБЛАСТЬ АБАЙ,БОРОДУЛИХИНСКИЙ РАЙОН,0
448969,4446556,Деятельность в области социального обслуживания населения с обеспечением проживания ,false,False,,,,3754000,920.0,,,8244000,1031.0,17311000,994.0,,,2,Здравоохранение и социальное обслуживание населения,ОБЛАСТЬ АБАЙ,БОРОДУЛИХИНСКИЙ РАЙОН,0
448970,5970072,Предоставление специальных социальных услуг с обеспечением проживания и ухода за пациентами средним медицинским персоналом,false,False,,,,,,,,x,1031.0,,,,,3,Деятельность в области социального обслуживания населения с обеспечением проживания ,ОБЛАСТЬ АБАЙ,БОРОДУЛИХИНСКИЙ РАЙОН,0
448971,6004703,Предоставление специальных социальных услуг с обеспечением проживания и ухода за пациентами средним медицинским персоналом,false,False,,,,,,,,x,1031.0,,,,,4,Предоставление специальных социальных услуг с обеспечением проживания и ухода за пациентами средним медицинским персоналом,ОБЛАСТЬ АБАЙ,БОРОДУЛИХИНСКИЙ РАЙОН,0
448972,6004930,Предоставление специальных социальных услуг с обеспечением проживания и ухода за пациентами средним медицинским персоналом,true,False,,,,,,,,x,1031.0,,,,,5,Предоставление специальных социальных услуг с обеспечением проживания и ухода за пациентами средним медицинским персоналом,ОБЛАСТЬ АБАЙ,БОРОДУЛИХИНСКИЙ РАЙОН,0
448976,4465320,Предоставление специальных социальных услуг с обеспечением проживания пожилым гражданам и лицам с инвалидностью,false,False,,,,3754000,920.0,,,7169000,1031.0,17311000,994.0,,,3,Деятельность в области социального обслуживания населения с обеспечением проживания ,ОБЛАСТЬ АБАЙ,БОРОДУЛИХИНСКИЙ РАЙОН,0
448977,4468722,Предоставление специальных социальных услуг с обеспечением проживания пожилым гражданам и лицам с инвалидностью,false,False,,,,3754000,920.0,,,7169000,1031.0,17311000,994.0,,,4,Предоставление специальных социальных услуг с обеспечением проживания пожилым гражданам и лицам с инвалидностью,ОБЛАСТЬ АБАЙ,БОРОДУЛИХИНСКИЙ РАЙОН,0
448978,4469094,Предоставление специальных социальных услуг с обеспечением проживания пожилым гражданам и лицам с инвалидностью,true,False,,,,3754000,920.0,,,7169000,1031.0,17311000,994.0,,,5,Предоставление специальных социальных услуг с обеспечением проживания пожилым гражданам и лицам с инвалидностью,ОБЛАСТЬ АБАЙ,БОРОДУЛИХИНСКИЙ РАЙОН,0
448991,626799,"Искусство, развлечения и отдых",false,False,,10657000,883.0,537619000,920.0,x,846.0,532174000,1031.0,407769000,994.0,327146000,957.0,1,Всего,ОБЛАСТЬ АБАЙ,БОРОДУЛИХИНСКИЙ РАЙОН,0
449022,691889,"Деятельность в области спорта, организации отдыха и развлечений",false,False,,10657000,883.0,537619000,920.0,x,846.0,532174000,1031.0,407769000,994.0,327146000,957.0,2,"Искусство, развлечения и отдых",ОБЛАСТЬ АБАЙ,БОРОДУЛИХИНСКИЙ РАЙОН,0
449023,2840867,Деятельность в области спорта,false,False,,10657000,883.0,537619000,920.0,,,322002000,1031.0,407769000,994.0,327146000,957.0,3,"Деятельность в области спорта, организации отдыха и развлечений",ОБЛАСТЬ АБАЙ,БОРОДУЛИХИНСКИЙ РАЙОН,0
449024,2840863,Эксплуатация спортивных сооружений,false,False,,10657000,883.0,537619000,920.0,,,322002000,1031.0,407769000,994.0,327146000,957.0,4,Деятельность в области спорта,ОБЛАСТЬ АБАЙ,БОРОДУЛИХИНСКИЙ РАЙОН,0
449025,2840859,Эксплуатация спортивных сооружений,true,False,,10657000,883.0,537619000,920.0,,,322002000,1031.0,407769000,994.0,327146000,957.0,5,Эксплуатация спортивных сооружений,ОБЛАСТЬ АБАЙ,БОРОДУЛИХИНСКИЙ РАЙОН,0
449032,1407759,Деятельность по организации отдыха и развлечений,false,False,,,,,,x,846.0,210172000,1031.0,,,,,3,"Деятельность в области спорта, организации отдыха и развлечений",ОБЛАСТЬ АБАЙ,БОРОДУЛИХИНСКИЙ РАЙОН,0
449033,1370321,Деятельность развлекательных и тематических парков,false,False,,,,,,x,846.0,,,,,,,4,Деятельность по организации отдыха и развлечений,ОБЛАСТЬ АБАЙ,БОРОДУЛИХИНСКИЙ РАЙОН,0
449034,1293180,Деятельность развлекательных и тематических парков,true,False,,,,,,x,846.0,,,,,,,5,Деятельность развлекательных и тематических парков,ОБЛАСТЬ АБАЙ,БОРОДУЛИХИНСКИЙ РАЙОН,0
449035,5569281,Прочая деятельность по организации отдыха и развлечений,false,False,,,,,,,,210172000,1031.0,,,,,4,Деятельность по организации отдыха и развлечений,ОБЛАСТЬ АБАЙ,БОРОДУЛИХИНСКИЙ РАЙОН,0
449039,5583567,Прочие виды деятельности по организации отдыха и развлечений,true,False,,,,,,,,210172000,1031.0,,,,,5,Прочая деятельность по организации отдыха и развлечений,ОБЛАСТЬ АБАЙ,БОРОДУЛИХИНСКИЙ РАЙОН,0
741340,35226,Промышленность,false,False,,5352907000,883.0,5674516000,920.0,7470513000,846.0,25204983000,1031.0,17820224000,994.0,11401413000,957.0,1,Всего,ОБЛАСТЬ АБАЙ,БОРОДУЛИХИНСКИЙ РАЙОН,0
447279,120864,Горнодобывающая промышленность и разработка карьеров,false,False,,x,883.0,x,920.0,x,846.0,x,1031.0,16653540000,994.0,10306491000,957.0,2,Промышленность,ОБЛАСТЬ АБАЙ,БОРОДУЛИХИНСКИЙ РАЙОН,0
447298,35213,Добыча металлических руд,false,False,,x,883.0,x,920.0,x,846.0,x,1031.0,x,994.0,x,957.0,3,Горнодобывающая промышленность и разработка карьеров,ОБЛАСТЬ АБАЙ,БОРОДУЛИХИНСКИЙ РАЙОН,0
447303,120859,"Добыча руд, кроме железных ",false,False,,x,883.0,x,920.0,x,846.0,x,1031.0,x,994.0,x,957.0,4,Добыча металлических руд,ОБЛАСТЬ АБАЙ,БОРОДУЛИХИНСКИЙ РАЙОН,0
447306,120855,Добыча прочих металлических руд,false,False,,x,883.0,x,920.0,x,846.0,x,1031.0,x,994.0,x,957.0,5,"Добыча руд, кроме железных ",ОБЛАСТЬ АБАЙ,БОРОДУЛИХИНСКИЙ РАЙОН,0
447308,35203,Добыча и обогащение медной руды,true,False,,x,883.0,x,920.0,x,846.0,x,1031.0,x,994.0,x,957.0,6,Добыча прочих металлических руд,ОБЛАСТЬ АБАЙ,БОРОДУЛИХИНСКИЙ РАЙОН,0
447339,4817605,Предоставление услуг в горнодобывающей промышленности,false,False,,,,,,,,,,52025000,994.0,658920000,957.0,3,Горнодобывающая промышленность и разработка карьеров,ОБЛАСТЬ АБАЙ,БОРОДУЛИХИНСКИЙ РАЙОН,0
447343,4816903,"Предоставление услуг, способствующих добыче других полезных ископаемых",false,False,,,,,,,,,,52025000,994.0,658920000,957.0,4,Предоставление услуг в горнодобывающей промышленности,ОБЛАСТЬ АБАЙ,БОРОДУЛИХИНСКИЙ РАЙОН,0
447344,4817435,"Предоставление услуг, способствующих добыче других полезных ископаемых",false,False,,,,,,,,,,52025000,994.0,658920000,957.0,5,"Предоставление услуг, способствующих добыче других полезных ископаемых",ОБЛАСТЬ АБАЙ,БОРОДУЛИХИНСКИЙ РАЙОН,0
447345,4818531,"Предоставление услуг, способствующих добыче других полезных ископаемых",true,False,,,,,,,,,,52025000,994.0,658920000,957.0,6,"Предоставление услуг, способствующих добыче других полезных ископаемых",ОБЛАСТЬ АБАЙ,БОРОДУЛИХИНСКИЙ РАЙОН,0
447346,2778920,Обрабатывающая промышленность,false,False,,2000000,883.0,,,,,9276116000,1031.0,98132000,994.0,,,2,Промышленность,ОБЛАСТЬ АБАЙ,БОРОДУЛИХИНСКИЙ РАЙОН,0
447347,2778918,Производство продуктов питания,false,False,,2000000,883.0,,,,,5853258000,1031.0,98132000,994.0,,,3,Обрабатывающая промышленность,ОБЛАСТЬ АБАЙ,БОРОДУЛИХИНСКИЙ РАЙОН,0
447348,2778916,Переработка и консервирование мяса и производство мясной продукции,false,False,,2000000,883.0,,,,,,,,,,,4,Производство продуктов питания,ОБЛАСТЬ АБАЙ,БОРОДУЛИХИНСКИЙ РАЙОН,0
447349,2778914,Переработка и консервирование мяса,false,False,,2000000,883.0,,,,,,,,,,,5,Переработка и консервирование мяса и производство мясной продукции,ОБЛАСТЬ АБАЙ,БОРОДУЛИХИНСКИЙ РАЙОН,0
447350,2778912,Переработка и консервирование мяса,true,False,,2000000,883.0,,,,,,,,,,,6,Переработка и консервирование мяса,ОБЛАСТЬ АБАЙ,БОРОДУЛИХИНСКИЙ РАЙОН,0
447365,5362650,Производство растительных и животных масел и жиров,false,False,,,,,,,,x,1031.0,97582000,994.0,,,4,Производство продуктов питания,ОБЛАСТЬ АБАЙ,БОРОДУЛИХИНСКИЙ РАЙОН,0
447366,5360862,Производство масел и жиров,false,False,,,,,,,,x,1031.0,97582000,994.0,,,5,Производство растительных и животных масел и жиров,ОБЛАСТЬ АБАЙ,БОРОДУЛИХИНСКИЙ РАЙОН,0
447367,5363224,Производство неочищенных масел и жиров,true,False,,,,,,,,x,1031.0,97582000,994.0,,,6,Производство масел и жиров,ОБЛАСТЬ АБАЙ,БОРОДУЛИХИНСКИЙ РАЙОН,0
447377,3094348,"Производство мукомольно-крупяных продуктов, крахмалов и крахмальных продуктов",false,False,,,,,,,,,,x,994.0,,,4,Производство продуктов питания,ОБЛАСТЬ АБАЙ,БОРОДУЛИХИНСКИЙ РАЙОН,0
447378,3094395,Производство мукомольно-крупяных продуктов,false,False,,,,,,,,,,x,994.0,,,5,"Производство мукомольно-крупяных продуктов, крахмалов и крахмальных продуктов",ОБЛАСТЬ АБАЙ,БОРОДУЛИХИНСКИЙ РАЙОН,0
447379,3099554,Производство муки,true,False,,,,,,,,,,x,994.0,,,6,Производство мукомольно-крупяных продуктов,ОБЛАСТЬ АБАЙ,БОРОДУЛИХИНСКИЙ РАЙОН,0
447384,5884687,"Производство  хлебобулочных, макаронных и мучных кондитерских изделий",false,False,,,,,,,,5849675000,1031.0,,,,,4,Производство продуктов питания,ОБЛАСТЬ АБАЙ,БОРОДУЛИХИНСКИЙ РАЙОН,0
447385,5884763,Производство хлебобулочных и мучных кондитерских изделий недлительного хранения,false,False,,,,,,,,5849675000,1031.0,,,,,5,"Производство  хлебобулочных, макаронных и мучных кондитерских изделий",ОБЛАСТЬ АБАЙ,БОРОДУЛИХИНСКИЙ РАЙОН,0
447386,5884920,Производство хлебобулочных и мучных кондитерских изделий недлительного хранения,true,False,,,,,,,,5849675000,1031.0,,,,,6,Производство хлебобулочных и мучных кондитерских изделий недлительного хранения,ОБЛАСТЬ АБАЙ,БОРОДУЛИХИНСКИЙ РАЙОН,0
447646,5871364,Производство прочей не металлической минеральной продукции,false,False,,,,,,,,3422858000,1031.0,,,,,3,Обрабатывающая промышленность,ОБЛАСТЬ АБАЙ,БОРОДУЛИХИНСКИЙ РАЙОН,0
447664,5870155,Производство строительных материалов из глины,false,False,,,,,,,,422858000,1031.0,,,,,4,Производство прочей не металлической минеральной продукции,ОБЛАСТЬ АБАЙ,БОРОДУЛИХИНСКИЙ РАЙОН,0
447667,5867150,"Производство кирпича, черепицы и прочих строительных изделий из обожженной глины",false,False,,,,,,,,422858000,1031.0,,,,,5,Производство строительных материалов из глины,ОБЛАСТЬ АБАЙ,БОРОДУЛИХИНСКИЙ РАЙОН,0
447668,5870167,"Производство кирпича, черепицы и прочих строительных изделий из обожженной глины",true,False,,,,,,,,422858000,1031.0,,,,,6,"Производство кирпича, черепицы и прочих строительных изделий из обожженной глины",ОБЛАСТЬ АБАЙ,БОРОДУЛИХИНСКИЙ РАЙОН,0
447707,6004854,Производство абразивных изделий и прочей неметаллической минеральной продукции,false,False,,,,,,,,3000000000,1031.0,,,,,4,Производство прочей не металлической минеральной продукции,ОБЛАСТЬ АБАЙ,БОРОДУЛИХИНСКИЙ РАЙОН,0
447710,6005411,"Производство прочей неметаллической минеральной продукции, не включенной в другие группировки",false,False,,,,,,,,3000000000,1031.0,,,,,5,Производство абразивных изделий и прочей неметаллической минеральной продукции,ОБЛАСТЬ АБАЙ,БОРОДУЛИХИНСКИЙ РАЙОН,0
447715,6009352,Производство изделий из битума и аналогичных материалов,true,False,,,,,,,,3000000000,1031.0,,,,,6,"Производство прочей неметаллической минеральной продукции, не включенной в другие группировки",ОБЛАСТЬ АБАЙ,БОРОДУЛИХИНСКИЙ РАЙОН,0
448090,120841,"Снабжение электроэнергией, газом, паром, горячей водой и кондиционированным воздухом",false,False,,236555000,883.0,615391000,920.0,179854000,846.0,1870307000,1031.0,637950000,994.0,495618000,957.0,2,Промышленность,ОБЛАСТЬ АБАЙ,БОРОДУЛИХИНСКИЙ РАЙОН,0
448091,120731,"Снабжение электроэнергией, газом, паром, горячей водой и кондиционированным воздухом",false,False,,236555000,883.0,615391000,920.0,179854000,846.0,1870307000,1031.0,637950000,994.0,495618000,957.0,3,"Снабжение электроэнергией, газом, паром, горячей водой и кондиционированным воздухом",ОБЛАСТЬ АБАЙ,БОРОДУЛИХИНСКИЙ РАЙОН,0
448092,120716,"Производство, передача и распределение электроэнергии",false,False,,75946000,883.0,291560000,920.0,125715000,846.0,230982000,1031.0,451044000,994.0,149453000,957.0,4,"Снабжение электроэнергией, газом, паром, горячей водой и кондиционированным воздухом",ОБЛАСТЬ АБАЙ,БОРОДУЛИХИНСКИЙ РАЙОН,0
448098,120714,Передача электроэнергии,false,False,,x,883.0,x,920.0,x,846.0,x,1031.0,x,994.0,x,957.0,5,"Производство, передача и распределение электроэнергии",ОБЛАСТЬ АБАЙ,БОРОДУЛИХИНСКИЙ РАЙОН,0
18951389,120712,Передача электроэнергии,true,False,,x,883.0,x,920.0,x,846.0,x,1031.0,x,994.0,x,957.0,6,Передача электроэнергии,ОБЛАСТЬ АБАЙ,БОРОДУЛИХИНСКИЙ РАЙОН,0
448100,1397317,Распределение электроэнергии,false,False,,73690000,883.0,164341000,920.0,15854000,846.0,216860000,1031.0,247091000,994.0,65875000,957.0,5,"Производство, передача и распределение электроэнергии",ОБЛАСТЬ АБАЙ,БОРОДУЛИХИНСКИЙ РАЙОН,0
448101,1255660,Распределение электроэнергии,true,False,,73690000,883.0,164341000,920.0,15854000,846.0,216860000,1031.0,247091000,994.0,65875000,957.0,6,Распределение электроэнергии,ОБЛАСТЬ АБАЙ,БОРОДУЛИХИНСКИЙ РАЙОН,0
448111,120709,"Снабжение паром, горячей водой и кондиционированным воздухом",false,False,,x,883.0,x,920.0,x,846.0,1639325000,1031.0,186906000,994.0,346165000,957.0,4,"Снабжение электроэнергией, газом, паром, горячей водой и кондиционированным воздухом",ОБЛАСТЬ АБАЙ,БОРОДУЛИХИНСКИЙ РАЙОН,0
448112,120703,"Снабжение паром, горячей водой и кондиционированным воздухом",false,False,,x,883.0,x,920.0,x,846.0,1639325000,1031.0,186906000,994.0,346165000,957.0,5,"Снабжение паром, горячей водой и кондиционированным воздухом",ОБЛАСТЬ АБАЙ,БОРОДУЛИХИНСКИЙ РАЙОН,0
448114,120696,Производство тепловой энергии самостоятельными котельными,true,False,,x,883.0,x,920.0,x,846.0,x,1031.0,x,994.0,346165000,957.0,6,"Снабжение паром, горячей водой и кондиционированным воздухом",ОБЛАСТЬ АБАЙ,БОРОДУЛИХИНСКИЙ РАЙОН,0
20575798,4983102,Передача тепловой энергии,true,False,,,,,,,,,,16312000,994.0,,,6,"Снабжение паром, горячей водой и кондиционированным воздухом",ОБЛАСТЬ АБАЙ,БОРОДУЛИХИНСКИЙ РАЙОН,0
77247478,5743823,Передача и распределение тепловой энергии,true,False,,,,,,,,1096464000,1031.0,,,,,6,"Снабжение паром, горячей водой и кондиционированным воздухом",ОБЛАСТЬ АБАЙ,БОРОДУЛИХИНСКИЙ РАЙОН,0
448117,120692,"Водоснабжение; водоотведение; сбор, обработка и удаление отходов, деятельность по ликвидации загрязнений",false,False,,231199000,883.0,579927000,920.0,341869000,846.0,1568466000,1031.0,430602000,994.0,599304000,957.0,2,Промышленность,ОБЛАСТЬ АБАЙ,БОРОДУЛИХИНСКИЙ РАЙОН,0
448118,120690,"Забор, обработка и распределение воды",false,False,,224913000,883.0,566513000,920.0,331908000,846.0,920076000,1031.0,376710000,994.0,576850000,957.0,3,"Водоснабжение; водоотведение; сбор, обработка и удаление отходов, деятельность по ликвидации загрязнений",ОБЛАСТЬ АБАЙ,БОРОДУЛИХИНСКИЙ РАЙОН,0
448119,120688,"Забор, обработка и распределение воды",false,False,,224913000,883.0,566513000,920.0,331908000,846.0,920076000,1031.0,376710000,994.0,576850000,957.0,4,"Забор, обработка и распределение воды",ОБЛАСТЬ АБАЙ,БОРОДУЛИХИНСКИЙ РАЙОН,0
448120,120686,"Забор, обработка и распределение воды",false,False,,224913000,883.0,566513000,920.0,331908000,846.0,920076000,1031.0,376710000,994.0,576850000,957.0,5,"Забор, обработка и распределение воды",ОБЛАСТЬ АБАЙ,БОРОДУЛИХИНСКИЙ РАЙОН,0
448121,120684,"Забор, обработка и распределение воды",true,False,,224913000,883.0,566513000,920.0,331908000,846.0,920076000,1031.0,376710000,994.0,576850000,957.0,6,"Забор, обработка и распределение воды",ОБЛАСТЬ АБАЙ,БОРОДУЛИХИНСКИЙ РАЙОН,0
448122,1364754,Сбор и обработка сточных вод,false,False,,x,883.0,x,920.0,x,846.0,x,1031.0,53892000,994.0,x,957.0,3,"Водоснабжение; водоотведение; сбор, обработка и удаление отходов, деятельность по ликвидации загрязнений",ОБЛАСТЬ АБАЙ,БОРОДУЛИХИНСКИЙ РАЙОН,0
448123,1307993,Сбор и обработка сточных вод,false,False,,x,883.0,x,920.0,x,846.0,x,1031.0,53892000,994.0,x,957.0,4,Сбор и обработка сточных вод,ОБЛАСТЬ АБАЙ,БОРОДУЛИХИНСКИЙ РАЙОН,0
448124,1394810,Сбор и обработка сточных вод,false,False,,x,883.0,x,920.0,x,846.0,x,1031.0,53892000,994.0,x,957.0,5,Сбор и обработка сточных вод,ОБЛАСТЬ АБАЙ,БОРОДУЛИХИНСКИЙ РАЙОН,0
448125,1378421,Сбор и обработка сточных вод,true,False,,x,883.0,x,920.0,x,846.0,,,53892000,994.0,x,957.0,6,Сбор и обработка сточных вод,ОБЛАСТЬ АБАЙ,БОРОДУЛИХИНСКИЙ РАЙОН,0
77255697,5494598,Эксплуатация сетей и сооружений систем водоотведения (канализации),true,False,,,,,,,,x,1031.0,,,,,6,Сбор и обработка сточных вод,ОБЛАСТЬ АБАЙ,БОРОДУЛИХИНСКИЙ РАЙОН,0
741885,37154,Всего,false,false,,43205840000,883.0,28307177000,920.0,28936859000,846.0,68793990000,1031.0,74981609000,994.0,53128219000,957.0,0,,ОБЛАСТЬ АБАЙ,ЖАРМИНСКИЙ РАЙОН,
447173,279623,"Сельское, лесное и рыбное хозяйство",false,False,,935602000,883.0,1106107000,920.0,576476000,846.0,859234000,1031.0,31034228000,994.0,4207973000,957.0,1,Всего,ОБЛАСТЬ АБАЙ,ЖАРМИНСКИЙ РАЙОН,0
447174,279616,"Растениеводство и животноводство, охота и предоставление услуг в этих областях",false,False,,935602000,883.0,1106107000,920.0,576476000,846.0,859234000,1031.0,31034228000,994.0,4207973000,957.0,2,"Сельское, лесное и рыбное хозяйство",ОБЛАСТЬ АБАЙ,ЖАРМИНСКИЙ РАЙОН,0
447175,2779069,Выращивание одно- или двухлетних культур,false,False,,61804000,883.0,119150000,920.0,,,13086000,1031.0,25344656000,994.0,150535000,957.0,3,"Растениеводство и животноводство, охота и предоставление услуг в этих областях",ОБЛАСТЬ АБАЙ,ЖАРМИНСКИЙ РАЙОН,0
447176,2779064,"Выращивание зерновых (кроме риса), бобовых и масличных культур",false,False,,56704000,883.0,7350000,920.0,,,10436000,1031.0,25344656000,994.0,10591000,957.0,4,Выращивание одно- или двухлетних культур,ОБЛАСТЬ АБАЙ,ЖАРМИНСКИЙ РАЙОН,0
447178,6006984,Выращивание масличных культур и их семян,true,False,,,,,,,,4546000,1031.0,,,,,5,"Выращивание зерновых (кроме риса), бобовых и масличных культур",ОБЛАСТЬ АБАЙ,ЖАРМИНСКИЙ РАЙОН,0
3783380,2779061,"Выращивание зерновых и зернобобовых культур, включая семеноводство",true,False,,56704000,883.0,7350000,920.0,,,5890000,1031.0,25344656000,994.0,10591000,957.0,5,"Выращивание зерновых (кроме риса), бобовых и масличных культур",ОБЛАСТЬ АБАЙ,ЖАРМИНСКИЙ РАЙОН,0
447181,4106055,"Выращивание овощей, бахчевых, корнеплодов и клубнеплодов",false,False,,,,60000000,920.0,,,,,,,61000000,957.0,4,Выращивание одно- или двухлетних культур,ОБЛАСТЬ АБАЙ,ЖАРМИНСКИЙ РАЙОН,0
447182,4756773,Выращивание картофеля и посадочного материала,true,False,,,,,,,,,,,,3000000,957.0,5,"Выращивание овощей, бахчевых, корнеплодов и клубнеплодов",ОБЛАСТЬ АБАЙ,ЖАРМИНСКИЙ РАЙОН,0
447183,4103550,"Выращивание овощей, их семян и рассады",true,False,,,,60000000,920.0,,,,,,,58000000,957.0,5,"Выращивание овощей, бахчевых, корнеплодов и клубнеплодов",ОБЛАСТЬ АБАЙ,ЖАРМИНСКИЙ РАЙОН,0
447192,2779056,Выращивание прочих одно- или двухлетних культур,false,False,,5100000,883.0,x,920.0,,,2650000,1031.0,,,x,957.0,4,Выращивание одно- или двухлетних культур,ОБЛАСТЬ АБАЙ,ЖАРМИНСКИЙ РАЙОН,0
447193,4155250,Выращивание кормовых культур и их семян,true,False,,,,x,920.0,,,2650000,1031.0,,,x,957.0,5,Выращивание прочих одно- или двухлетних культур,ОБЛАСТЬ АБАЙ,ЖАРМИНСКИЙ РАЙОН,0
447195,2779053,"Выращивание прочих одно- или двухлетних культур, не включенных в другие группировки",true,False,,5100000,883.0,,,,,,,,,,,5,Выращивание прочих одно- или двухлетних культур,ОБЛАСТЬ АБАЙ,ЖАРМИНСКИЙ РАЙОН,0
447218,279609,Животноводство,false,False,,832698000,883.0,894838000,920.0,322854000,846.0,811257000,1031.0,5679842000,994.0,3877663000,957.0,3,"Растениеводство и животноводство, охота и предоставление услуг в этих областях",ОБЛАСТЬ АБАЙ,ЖАРМИНСКИЙ РАЙОН,0
447219,2779046,Разведение крупного рогатого скота молочного направления,false,False,,2340000,883.0,1340000,920.0,,,16600000,1031.0,,,11350000,957.0,4,Животноводство,ОБЛАСТЬ АБАЙ,ЖАРМИНСКИЙ РАЙОН,0
447220,2779041,Разведение крупного рогатого скота молочного направления,true,False,,2340000,883.0,1340000,920.0,,,16600000,1031.0,,,11350000,957.0,5,Разведение крупного рогатого скота молочного направления,ОБЛАСТЬ АБАЙ,ЖАРМИНСКИЙ РАЙОН,0
447221,279602,Разведение прочего крупного рогатого скота и буйволов,false,False,,697363000,883.0,417974000,920.0,287904000,846.0,770907000,1031.0,5642022000,994.0,3825833000,957.0,4,Животноводство,ОБЛАСТЬ АБАЙ,ЖАРМИНСКИЙ РАЙОН,0
447222,279595,Разведение прочего крупного рогатого скота и буйволов,true,False,,697363000,883.0,417974000,920.0,287904000,846.0,770907000,1031.0,5642022000,994.0,3825833000,957.0,5,Разведение прочего крупного рогатого скота и буйволов,ОБЛАСТЬ АБАЙ,ЖАРМИНСКИЙ РАЙОН,0
447223,279588,Разведение лошадей и прочих животных семейства лошадиных,false,False,,30680000,883.0,120614000,920.0,,,,,16250000,994.0,,,4,Животноводство,ОБЛАСТЬ АБАЙ,ЖАРМИНСКИЙ РАЙОН,0
447224,279584,Разведение лошадей,true,False,,30680000,883.0,120614000,920.0,,,,,16250000,994.0,,,5,Разведение лошадей и прочих животных семейства лошадиных,ОБЛАСТЬ АБАЙ,ЖАРМИНСКИЙ РАЙОН,0
447228,279581,Разведение овец и коз,false,False,,102315000,883.0,354910000,920.0,34950000,846.0,,,12220000,994.0,40480000,957.0,4,Животноводство,ОБЛАСТЬ АБАЙ,ЖАРМИНСКИЙ РАЙОН,0
447229,279579,Разведение овец и коз,true,False,,102315000,883.0,354910000,920.0,34950000,846.0,,,12220000,994.0,40480000,957.0,5,Разведение овец и коз,ОБЛАСТЬ АБАЙ,ЖАРМИНСКИЙ РАЙОН,0
447237,5023437,Разведение прочих видов животных,false,False,,,,,,,,23750000,1031.0,9350000,994.0,,,4,Животноводство,ОБЛАСТЬ АБАЙ,ЖАРМИНСКИЙ РАЙОН,0
447238,5011189,Разведение прочих видов животных,true,False,,,,,,,,23750000,1031.0,9350000,994.0,,,5,Разведение прочих видов животных,ОБЛАСТЬ АБАЙ,ЖАРМИНСКИЙ РАЙОН,0
447239,1383225,Смешанное сельское хозяйство,false,False,,41100000,883.0,68426000,920.0,176925000,846.0,34891000,1031.0,9730000,994.0,9900000,957.0,3,"Растениеводство и животноводство, охота и предоставление услуг в этих областях",ОБЛАСТЬ АБАЙ,ЖАРМИНСКИЙ РАЙОН,0
447240,1380015,Смешанное сельское хозяйство,false,False,,41100000,883.0,68426000,920.0,176925000,846.0,34891000,1031.0,9730000,994.0,9900000,957.0,4,Смешанное сельское хозяйство,ОБЛАСТЬ АБАЙ,ЖАРМИНСКИЙ РАЙОН,0
447241,1324628,Смешанное сельское хозяйство,true,False,,41100000,883.0,68426000,920.0,176925000,846.0,34891000,1031.0,9730000,994.0,9900000,957.0,5,Смешанное сельское хозяйство,ОБЛАСТЬ АБАЙ,ЖАРМИНСКИЙ РАЙОН,0
18683346,1315145,"Деятельность, способствующая выращиванию сельскохозяйственных культур и разведению животных и деятельность по обработке урожая",false,False,,,,x,920.0,x,846.0,,,,,x,957.0,3,"Растениеводство и животноводство, охота и предоставление услуг в этих областях",ОБЛАСТЬ АБАЙ,ЖАРМИНСКИЙ РАЙОН,0
18683347,1369724,"Деятельность, способствующая растениеводству",false,False,,,,x,920.0,x,846.0,,,,,x,957.0,4,"Деятельность, способствующая выращиванию сельскохозяйственных культур и разведению животных и деятельность по обработке урожая",ОБЛАСТЬ АБАЙ,ЖАРМИНСКИЙ РАЙОН,0
18683348,1364583,"Деятельность, способствующая растениеводству, кроме эксплуатации оросительных систем",true,False,,,,x,920.0,x,846.0,,,,,x,957.0,5,"Деятельность, способствующая растениеводству",ОБЛАСТЬ АБАЙ,ЖАРМИНСКИЙ РАЙОН,0
448148,614853,Строительство,false,False,,135468000,883.0,x,920.0,255793000,846.0,x,1031.0,2953361000,994.0,x,957.0,1,Всего,ОБЛАСТЬ АБАЙ,ЖАРМИНСКИЙ РАЙОН,0
448157,634029,Гражданское строительство,false,False,,x,883.0,,,x,846.0,x,1031.0,2034000000,994.0,,,2,Строительство,ОБЛАСТЬ АБАЙ,ЖАРМИНСКИЙ РАЙОН,0
448158,1297288,Строительство автомобильных и железных дорог,false,False,,x,883.0,,,x,846.0,x,1031.0,2034000000,994.0,,,3,Гражданское строительство,ОБЛАСТЬ АБАЙ,ЖАРМИНСКИЙ РАЙОН,0
18696143,1333716,Строительство автомобильных дорог,false,False,,x,883.0,,,x,846.0,x,1031.0,2034000000,994.0,,,4,Строительство автомобильных и железных дорог,ОБЛАСТЬ АБАЙ,ЖАРМИНСКИЙ РАЙОН,0
18946136,1323253,Строительство дорог и автомагистралей,true,False,,x,883.0,,,x,846.0,x,1031.0,2034000000,994.0,,,5,Строительство автомобильных дорог,ОБЛАСТЬ АБАЙ,ЖАРМИНСКИЙ РАЙОН,0
448177,5391746,Специализированные строительные работы,false,False,,,,,,,,,,x,994.0,,,2,Строительство,ОБЛАСТЬ АБАЙ,ЖАРМИНСКИЙ РАЙОН,0
448207,5391029,Прочие специализированные строительные работы,false,False,,,,,,,,,,x,994.0,,,3,Специализированные строительные работы,ОБЛАСТЬ АБАЙ,ЖАРМИНСКИЙ РАЙОН,0
448210,5419478,"Прочие специализированные строительные работы, не включенные в другие группировки",false,False,,,,,,,,,,x,994.0,,,4,Прочие специализированные строительные работы,ОБЛАСТЬ АБАЙ,ЖАРМИНСКИЙ РАЙОН,0
448214,5420741,"Прочие строительные работы, требующие специальной квалификации",true,False,,,,,,,,,,x,994.0,,,5,"Прочие специализированные строительные работы, не включенные в другие группировки",ОБЛАСТЬ АБАЙ,ЖАРМИНСКИЙ РАЙОН,0
18710963,651645,Строительство зданий,false,False,,x,883.0,x,920.0,187097000,846.0,,,x,994.0,x,957.0,2,Строительство,ОБЛАСТЬ АБАЙ,ЖАРМИНСКИЙ РАЙОН,0
18710967,1388932,Строительство жилых и нежилых зданий,false,False,,x,883.0,x,920.0,187097000,846.0,,,x,994.0,x,957.0,3,Строительство зданий,ОБЛАСТЬ АБАЙ,ЖАРМИНСКИЙ РАЙОН,0
18710968,1332300,Строительство жилых и нежилых зданий,false,False,,x,883.0,x,920.0,187097000,846.0,,,x,994.0,x,957.0,4,Строительство жилых и нежилых зданий,ОБЛАСТЬ АБАЙ,ЖАРМИНСКИЙ РАЙОН,0
18801543,1293416,"Строительство нежилых зданий, за исключением стационарных торговых объектов категорий 1, 2",true,False,,x,883.0,x,920.0,187097000,846.0,,,x,994.0,x,957.0,5,Строительство жилых и нежилых зданий,ОБЛАСТЬ АБАЙ,ЖАРМИНСКИЙ РАЙОН,0
448215,311926,Оптовая и розничная торговля; ремонт автомобилей и мотоциклов,false,False,,663000,883.0,177764000,920.0,84000,846.0,4200000,1031.0,317000,994.0,179901000,957.0,1,Всего,ОБЛАСТЬ АБАЙ,ЖАРМИНСКИЙ РАЙОН,0
448216,4415503,Оптовая и розничная торговля автомобилями и мотоциклами и их ремонт,false,False,,,,,,,,,,,,11000000,957.0,2,Оптовая и розничная торговля; ремонт автомобилей и мотоциклов,ОБЛАСТЬ АБАЙ,ЖАРМИНСКИЙ РАЙОН,0
448224,4399323,Техническое обслуживание и ремонт автомобилей,false,False,,,,,,,,,,,,11000000,957.0,3,Оптовая и розничная торговля автомобилями и мотоциклами и их ремонт,ОБЛАСТЬ АБАЙ,ЖАРМИНСКИЙ РАЙОН,0
448225,4398809,Техническое обслуживание и ремонт автомобилей,false,False,,,,,,,,,,,,11000000,957.0,4,Техническое обслуживание и ремонт автомобилей,ОБЛАСТЬ АБАЙ,ЖАРМИНСКИЙ РАЙОН,0
20575904,4399852,"Техническое обслуживание и ремонт автомобилей, за исключением произведенных станциями технического обслуживания, находящимися на придорожной полосе",true,False,,,,,,,,,,,,11000000,957.0,5,Техническое обслуживание и ремонт автомобилей,ОБЛАСТЬ АБАЙ,ЖАРМИНСКИЙ РАЙОН,0
448237,311924,"Оптовая торговля, за исключением торговли автомобилями и мотоциклами",false,False,,663000,883.0,15446000,920.0,84000,846.0,,,317000,994.0,812000,957.0,2,Оптовая и розничная торговля; ремонт автомобилей и мотоциклов,ОБЛАСТЬ АБАЙ,ЖАРМИНСКИЙ РАЙОН,0
448316,2887461,"Оптовая торговля прочими машинами, оборудованием и деталями и принадлежностями к ним",false,False,,x,883.0,15306000,920.0,,,,,317000,994.0,724000,957.0,3,"Оптовая торговля, за исключением торговли автомобилями и мотоциклами",ОБЛАСТЬ АБАЙ,ЖАРМИНСКИЙ РАЙОН,0
448321,2887459,Оптовая торговля машинами и оборудованием для горнодобывающей промышленности и строительства ,false,False,,x,883.0,15306000,920.0,,,,,317000,994.0,724000,957.0,4,"Оптовая торговля прочими машинами, оборудованием и деталями и принадлежностями к ним",ОБЛАСТЬ АБАЙ,ЖАРМИНСКИЙ РАЙОН,0
448322,2887457,Оптовая торговля машинами и оборудованием для горнодобывающей промышленности и строительства ,true,False,,x,883.0,15306000,920.0,,,,,317000,994.0,724000,957.0,5,Оптовая торговля машинами и оборудованием для горнодобывающей промышленности и строительства ,ОБЛАСТЬ АБАЙ,ЖАРМИНСКИЙ РАЙОН,0
448331,311922,Прочая специализированная оптовая торговля ,false,False,,471000,883.0,140000,920.0,84000,846.0,,,,,x,957.0,3,"Оптовая торговля, за исключением торговли автомобилями и мотоциклами",ОБЛАСТЬ АБАЙ,ЖАРМИНСКИЙ РАЙОН,0
448332,311920,"Оптовая торговля твердым, жидким и газообразным топливом и подобными продуктами",false,False,,471000,883.0,140000,920.0,84000,846.0,,,,,x,957.0,4,Прочая специализированная оптовая торговля ,ОБЛАСТЬ АБАЙ,ЖАРМИНСКИЙ РАЙОН,0
448338,311918,Оптовая торговля автомобильным бензином,true,False,,471000,883.0,140000,920.0,84000,846.0,,,,,x,957.0,5,"Оптовая торговля твердым, жидким и газообразным топливом и подобными продуктами",ОБЛАСТЬ АБАЙ,ЖАРМИНСКИЙ РАЙОН,0
448377,3083510,"Розничная торговля, кроме торговли автомобилями и мотоциклами",false,False,,,,162318000,920.0,,,4200000,1031.0,,,x,957.0,2,Оптовая и розничная торговля; ремонт автомобилей и мотоциклов,ОБЛАСТЬ АБАЙ,ЖАРМИНСКИЙ РАЙОН,0
448399,3082972,Розничная торговля топливом в специализированных магазинах,false,False,,,,161684000,920.0,,,4200000,1031.0,,,x,957.0,3,"Розничная торговля, кроме торговли автомобилями и мотоциклами",ОБЛАСТЬ АБАЙ,ЖАРМИНСКИЙ РАЙОН,0
448400,3099715,Розничная торговля топливом в специализированных магазинах,false,False,,,,161684000,920.0,,,4200000,1031.0,,,x,957.0,4,Розничная торговля топливом в специализированных магазинах,ОБЛАСТЬ АБАЙ,ЖАРМИНСКИЙ РАЙОН,0
20576124,3098757,"Розничная торговля моторным топливом в специализированных магазинах, за исключением находящихся на придорожной полосе",true,False,,,,161684000,920.0,,,4200000,1031.0,,,x,957.0,5,Розничная торговля топливом в специализированных магазинах,ОБЛАСТЬ АБАЙ,ЖАРМИНСКИЙ РАЙОН,0
448409,4273430,Розничная торговля прочими бытовыми товарами в специализированных магазинах ,false,False,,,,x,920.0,,,,,,,,,3,"Розничная торговля, кроме торговли автомобилями и мотоциклами",ОБЛАСТЬ АБАЙ,ЖАРМИНСКИЙ РАЙОН,0
448416,4277898,Розничная торговля электрическими бытовыми приборами в специализированных магазинах,false,False,,,,x,920.0,,,,,,,,,4,Розничная торговля прочими бытовыми товарами в специализированных магазинах ,ОБЛАСТЬ АБАЙ,ЖАРМИНСКИЙ РАЙОН,0
3647962,4274341,"Розничная торговля электрическими бытовыми приборами в специализированных магазинах, являющихся торговыми объектами, с торговой площадью менее 2000 кв.м",true,False,,,,x,920.0,,,,,,,,,5,Розничная торговля электрическими бытовыми приборами в специализированных магазинах,ОБЛАСТЬ АБАЙ,ЖАРМИНСКИЙ РАЙОН,0
448475,123975,Транспорт и складирование,false,False,,17530916000,883.0,5432080000,920.0,14668647000,846.0,44153680000,1031.0,21187622000,994.0,x,957.0,1,Всего,ОБЛАСТЬ АБАЙ,ЖАРМИНСКИЙ РАЙОН,0
448527,123971,Складирование грузов и вспомогательная транспортная деятельность,false,False,,17530916000,883.0,5432080000,920.0,14668647000,846.0,44153680000,1031.0,21187622000,994.0,x,957.0,2,Транспорт и складирование,ОБЛАСТЬ АБАЙ,ЖАРМИНСКИЙ РАЙОН,0
448528,1387226,Складирование и хранение грузов,false,False,,x,883.0,x,920.0,x,846.0,,,,,,,3,Складирование грузов и вспомогательная транспортная деятельность,ОБЛАСТЬ АБАЙ,ЖАРМИНСКИЙ РАЙОН,0
448529,1367803,Складирование и хранение грузов,false,False,,x,883.0,x,920.0,x,846.0,,,,,,,4,Складирование и хранение грузов,ОБЛАСТЬ АБАЙ,ЖАРМИНСКИЙ РАЙОН,0
448531,1306528,"Складирование и хранение непродовольственных товаров, кроме зерна и нефти",true,False,,x,883.0,x,920.0,x,846.0,,,,,,,5,Складирование и хранение грузов,ОБЛАСТЬ АБАЙ,ЖАРМИНСКИЙ РАЙОН,0
448533,123968,Вспомогательная транспортная деятельность,false,False,,17530722000,883.0,5431506000,920.0,14668386000,846.0,44153680000,1031.0,21187622000,994.0,x,957.0,3,Складирование грузов и вспомогательная транспортная деятельность,ОБЛАСТЬ АБАЙ,ЖАРМИНСКИЙ РАЙОН,0
448534,123961,Вспомогательная деятельность сухопутного транспорта,false,False,,17530722000,883.0,5431506000,920.0,14668386000,846.0,44153680000,1031.0,21187622000,994.0,x,957.0,4,Вспомогательная транспортная деятельность,ОБЛАСТЬ АБАЙ,ЖАРМИНСКИЙ РАЙОН,0
448535,1348162,Эксплуатация железных дорог,true,False,,26753000,883.0,16157000,920.0,844106000,846.0,7146337000,1031.0,15737482000,994.0,,,5,Вспомогательная деятельность сухопутного транспорта,ОБЛАСТЬ АБАЙ,ЖАРМИНСКИЙ РАЙОН,0
448536,123958,Эксплуатация автомобильных дорог,true,False,,x,883.0,5415349000,920.0,x,846.0,37007343000,1031.0,5450140000,994.0,x,957.0,5,Вспомогательная деятельность сухопутного транспорта,ОБЛАСТЬ АБАЙ,ЖАРМИНСКИЙ РАЙОН,0
448539,1377979,Прочая вспомогательная деятельность сухопутного транспорта ,true,False,,,,,,26380000,846.0,,,,,,,5,Вспомогательная деятельность сухопутного транспорта,ОБЛАСТЬ АБАЙ,ЖАРМИНСКИЙ РАЙОН,0
448558,629060,Предоставление услуг по проживанию и питанию,false,False,,187274000,883.0,139820000,920.0,67287000,846.0,,,,,,,1,Всего,ОБЛАСТЬ АБАЙ,ЖАРМИНСКИЙ РАЙОН,0
3783427,690676,Предоставление услуг по временному проживанию,false,False,,187274000,883.0,139820000,920.0,67287000,846.0,,,,,,,2,Предоставление услуг по проживанию и питанию,ОБЛАСТЬ АБАЙ,ЖАРМИНСКИЙ РАЙОН,0
3783441,1319002,Предоставление услуг прочими местами для проживания,false,False,,187274000,883.0,139820000,920.0,67287000,846.0,,,,,,,3,Предоставление услуг по временному проживанию,ОБЛАСТЬ АБАЙ,ЖАРМИНСКИЙ РАЙОН,0
3783442,1404398,Предоставление услуг прочими местами для проживания,false,False,,187274000,883.0,139820000,920.0,67287000,846.0,,,,,,,4,Предоставление услуг прочими местами для проживания,ОБЛАСТЬ АБАЙ,ЖАРМИНСКИЙ РАЙОН,0
3783443,1348261,Услуги в других видах жилья,true,False,,,,,,67287000,846.0,,,,,,,5,Предоставление услуг прочими местами для проживания,ОБЛАСТЬ АБАЙ,ЖАРМИНСКИЙ РАЙОН,0
20576357,2791877,"Предоставление услуг прочими местами для проживания, не включенными в другие категории",true,False,,187274000,883.0,139820000,920.0,,,,,,,,,5,Предоставление услуг прочими местами для проживания,ОБЛАСТЬ АБАЙ,ЖАРМИНСКИЙ РАЙОН,0
448585,279453,Информация и связь,false,False,,25968000,883.0,5536000,920.0,2749000,846.0,,,10121000,994.0,10132215000,957.0,1,Всего,ОБЛАСТЬ АБАЙ,ЖАРМИНСКИЙ РАЙОН,0
448623,279449,Телекоммуникации,false,False,,25968000,883.0,5536000,920.0,2749000,846.0,,,10121000,994.0,132215000,957.0,2,Информация и связь,ОБЛАСТЬ АБАЙ,ЖАРМИНСКИЙ РАЙОН,0
448627,279440,Беспроводная телекоммуникационная связь,false,False,,7078000,883.0,,,,,,,10121000,994.0,132215000,957.0,3,Телекоммуникации,ОБЛАСТЬ АБАЙ,ЖАРМИНСКИЙ РАЙОН,0
448628,279438,Беспроводная телекоммуникационная связь,false,False,,7078000,883.0,,,,,,,10121000,994.0,132215000,957.0,4,Беспроводная телекоммуникационная связь,ОБЛАСТЬ АБАЙ,ЖАРМИНСКИЙ РАЙОН,0
18946147,4755047,Беспроводная телекоммуникационная связь посредством единой транспортной среды,true,False,,,,,,,,,,10121000,994.0,21356000,957.0,5,Беспроводная телекоммуникационная связь,ОБЛАСТЬ АБАЙ,ЖАРМИНСКИЙ РАЙОН,0
18946148,4368066,"Организация вещания теле-, радиопрограмм посредством сети национального оператора телерадиовещания",true,False,,,,,,,,,,,,102825000,957.0,5,Беспроводная телекоммуникационная связь,ОБЛАСТЬ АБАЙ,ЖАРМИНСКИЙ РАЙОН,0
18946149,279436,Прочая беспроводная телекоммуникационная связь,true,False,,7078000,883.0,,,,,,,,,8034000,957.0,5,Беспроводная телекоммуникационная связь,ОБЛАСТЬ АБАЙ,ЖАРМИНСКИЙ РАЙОН,0
18696628,279446,Проводная телекоммуникационная связь,false,False,,18890000,883.0,5536000,920.0,2749000,846.0,,,,,,,3,Телекоммуникации,ОБЛАСТЬ АБАЙ,ЖАРМИНСКИЙ РАЙОН,0
18696629,279444,Проводная телекоммуникационная связь,false,False,,18890000,883.0,5536000,920.0,2749000,846.0,,,,,,,4,Проводная телекоммуникационная связь,ОБЛАСТЬ АБАЙ,ЖАРМИНСКИЙ РАЙОН,0
18946146,279442,Прочая проводная телекоммуникационная связь,true,False,,18890000,883.0,5536000,920.0,2749000,846.0,,,,,,,5,Проводная телекоммуникационная связь,ОБЛАСТЬ АБАЙ,ЖАРМИНСКИЙ РАЙОН,0
448636,4909670,"Компьютерное программирование, консультационные и другие сопутствующие услуги",false,False,,,,,,,,,,,,x,957.0,2,Информация и связь,ОБЛАСТЬ АБАЙ,ЖАРМИНСКИЙ РАЙОН,0
448637,4913415,"Компьютерное программирование, консультационные и другие сопутствующие услуги",false,False,,,,,,,,,,,,x,957.0,3,"Компьютерное программирование, консультационные и другие сопутствующие услуги",ОБЛАСТЬ АБАЙ,ЖАРМИНСКИЙ РАЙОН,0
448645,4896612,Другие виды деятельности в области информационных технологий и информационных систем,false,False,,,,,,,,,,,,x,957.0,4,"Компьютерное программирование, консультационные и другие сопутствующие услуги",ОБЛАСТЬ АБАЙ,ЖАРМИНСКИЙ РАЙОН,0
20576432,4917463,Другие виды деятельности в области информационных технологий ,true,False,,,,,,,,,,,,x,957.0,5,Другие виды деятельности в области информационных технологий и информационных систем,ОБЛАСТЬ АБАЙ,ЖАРМИНСКИЙ РАЙОН,0
448714,123954,Операции с недвижимым имуществом,false,False,,1131220000,883.0,1064392000,920.0,559504000,846.0,2778130000,1031.0,1871262000,994.0,1251600000,957.0,1,Всего,ОБЛАСТЬ АБАЙ,ЖАРМИНСКИЙ РАЙОН,0
448715,123946,Операции с недвижимым имуществом,false,False,,1131220000,883.0,1064392000,920.0,559504000,846.0,2778130000,1031.0,1871262000,994.0,1251600000,957.0,2,Операции с недвижимым имуществом,ОБЛАСТЬ АБАЙ,ЖАРМИНСКИЙ РАЙОН,0
448716,123940,Покупка и продажа собственного недвижимого имущества ,false,False,,1131220000,883.0,1064392000,920.0,559504000,846.0,2778130000,1031.0,1871262000,994.0,1251600000,957.0,3,Операции с недвижимым имуществом,ОБЛАСТЬ АБАЙ,ЖАРМИНСКИЙ РАЙОН,0
448717,123937,Покупка и продажа собственного недвижимого имущества ,false,False,,1131220000,883.0,1064392000,920.0,559504000,846.0,2778130000,1031.0,1871262000,994.0,1251600000,957.0,4,Покупка и продажа собственного недвижимого имущества ,ОБЛАСТЬ АБАЙ,ЖАРМИНСКИЙ РАЙОН,0
543091,123932,Покупка и продажа многоквартирных и жилых домов (особняков),true,False,,1131220000,883.0,1064392000,920.0,559504000,846.0,2778130000,1031.0,1871262000,994.0,1251600000,957.0,5,Покупка и продажа собственного недвижимого имущества ,ОБЛАСТЬ АБАЙ,ЖАРМИНСКИЙ РАЙОН,0
448728,2807783,"Профессиональная, научная и техническая деятельность",false,False,,x,883.0,,,,,144827000,1031.0,x,994.0,x,957.0,1,Всего,ОБЛАСТЬ АБАЙ,ЖАРМИНСКИЙ РАЙОН,0
448747,2807781,"Деятельность в области архитектуры, инженерных изысканий, технических испытаний и анализа",false,False,,x,883.0,,,,,144827000,1031.0,x,994.0,x,957.0,2,"Профессиональная, научная и техническая деятельность",ОБЛАСТЬ АБАЙ,ЖАРМИНСКИЙ РАЙОН,0
448748,2807779,"Деятельность в области архитектуры, инженерных изысканий и предоставление технических консультаций в этих областях",false,False,,x,883.0,,,,,144827000,1031.0,x,994.0,x,957.0,3,"Деятельность в области архитектуры, инженерных изысканий, технических испытаний и анализа",ОБЛАСТЬ АБАЙ,ЖАРМИНСКИЙ РАЙОН,0
448751,2807777,Деятельность в области инженерных изысканий и предоставление технических консультаций в этой области,false,False,,x,883.0,,,,,144827000,1031.0,x,994.0,x,957.0,4,"Деятельность в области архитектуры, инженерных изысканий и предоставление технических консультаций в этих областях",ОБЛАСТЬ АБАЙ,ЖАРМИНСКИЙ РАЙОН,0
448753,2807775,Деятельность по проведению геологической разведки и изысканий (без научных исследований и разработок),true,False,,x,883.0,,,,,144827000,1031.0,x,994.0,x,957.0,5,Деятельность в области инженерных изысканий и предоставление технических консультаций в этой области,ОБЛАСТЬ АБАЙ,ЖАРМИНСКИЙ РАЙОН,0
448797,2826463,Деятельность в области административного и вспомогательного обслуживания,false,False,,62819000,883.0,,,,,,,4480000,994.0,,,1,Всего,ОБЛАСТЬ АБАЙ,ЖАРМИНСКИЙ РАЙОН,0
448856,2826461,Деятельность по обслуживанию зданий и благоустройству территорий,false,False,,62819000,883.0,,,,,,,4480000,994.0,,,2,Деятельность в области административного и вспомогательного обслуживания,ОБЛАСТЬ АБАЙ,ЖАРМИНСКИЙ РАЙОН,0
448867,2826459,Деятельность по благоустройству территорий,false,False,,62819000,883.0,,,,,,,4480000,994.0,,,3,Деятельность по обслуживанию зданий и благоустройству территорий,ОБЛАСТЬ АБАЙ,ЖАРМИНСКИЙ РАЙОН,0
448868,2826457,Деятельность по благоустройству территорий,false,False,,62819000,883.0,,,,,,,4480000,994.0,,,4,Деятельность по благоустройству территорий,ОБЛАСТЬ АБАЙ,ЖАРМИНСКИЙ РАЙОН,0
448869,2826455,Деятельность по благоустройству территорий,true,False,,62819000,883.0,,,,,,,4480000,994.0,,,5,Деятельность по благоустройству территорий,ОБЛАСТЬ АБАЙ,ЖАРМИНСКИЙ РАЙОН,0
448889,6102714,Государственное управление и оборона; обязательное  социальное обеспечение,false,False,,,,,,,,x,1031.0,,,,,1,Всего,ОБЛАСТЬ АБАЙ,ЖАРМИНСКИЙ РАЙОН,0
448890,6106077,Государственное управление и оборона; обязательное социальное обеспечение,false,False,,,,,,,,x,1031.0,,,,,2,Государственное управление и оборона; обязательное  социальное обеспечение,ОБЛАСТЬ АБАЙ,ЖАРМИНСКИЙ РАЙОН,0
448891,6051483,Государственное управление общего характера и управление социально-экономическое политикой общества,false,False,,,,,,,,x,1031.0,,,,,3,Государственное управление и оборона; обязательное социальное обеспечение,ОБЛАСТЬ АБАЙ,ЖАРМИНСКИЙ РАЙОН,0
448900,6051120,"Регулирование деятельности учреждений здравоохранения, образования, культуры и других социальных услуг, кроме социального обеспечения ",false,False,,,,,,,,x,1031.0,,,,,4,Государственное управление общего характера и управление социально-экономическое политикой общества,ОБЛАСТЬ АБАЙ,ЖАРМИНСКИЙ РАЙОН,0
448901,6052395,"Регулирование деятельности учреждений здравоохранения, образования, культуры и других социальных услуг, кроме социального обеспечения ",true,False,,,,,,,,x,1031.0,,,,,5,"Регулирование деятельности учреждений здравоохранения, образования, культуры и других социальных услуг, кроме социального обеспечения ",ОБЛАСТЬ АБАЙ,ЖАРМИНСКИЙ РАЙОН,0
448918,5194372,Образование,false,False,,,,,,,,71148000,1031.0,510074000,994.0,,,1,Всего,ОБЛАСТЬ АБАЙ,ЖАРМИНСКИЙ РАЙОН,0
448919,5194290,Образование,false,False,,,,,,,,71148000,1031.0,510074000,994.0,,,2,Образование,ОБЛАСТЬ АБАЙ,ЖАРМИНСКИЙ РАЙОН,0
448920,5189541,Дошкольное образование,false,False,,,,,,,,,,30000000,994.0,,,3,Образование,ОБЛАСТЬ АБАЙ,ЖАРМИНСКИЙ РАЙОН,0
448921,5220814,Дошкольное образование,false,False,,,,,,,,,,30000000,994.0,,,4,Дошкольное образование,ОБЛАСТЬ АБАЙ,ЖАРМИНСКИЙ РАЙОН,0
448922,5222024,Дошкольное образование,true,False,,,,,,,,,,30000000,994.0,,,5,Дошкольное образование,ОБЛАСТЬ АБАЙ,ЖАРМИНСКИЙ РАЙОН,0
448926,5190361,Среднее образование (2-й и 3-й уровни),false,False,,,,,,,,71148000,1031.0,480074000,994.0,,,3,Образование,ОБЛАСТЬ АБАЙ,ЖАРМИНСКИЙ РАЙОН,0
448927,5221021,Основное и общее среднее образование,false,False,,,,,,,,71148000,1031.0,480074000,994.0,,,4,Среднее образование (2-й и 3-й уровни),ОБЛАСТЬ АБАЙ,ЖАРМИНСКИЙ РАЙОН,0
448928,5221446,Основное и общее среднее образование,true,False,,,,,,,,71148000,1031.0,480074000,994.0,,,5,Основное и общее среднее образование,ОБЛАСТЬ АБАЙ,ЖАРМИНСКИЙ РАЙОН,0
448950,2751560,Здравоохранение и социальное обслуживание населения,false,False,,282577000,883.0,31678000,920.0,,,2470131000,1031.0,227763000,994.0,626337000,957.0,1,Всего,ОБЛАСТЬ АБАЙ,ЖАРМИНСКИЙ РАЙОН,0
448951,2751558,Деятельность в области здравоохранения,false,False,,282577000,883.0,31678000,920.0,,,2470131000,1031.0,227763000,994.0,626337000,957.0,2,Здравоохранение и социальное обслуживание населения,ОБЛАСТЬ АБАЙ,ЖАРМИНСКИЙ РАЙОН,0
448952,2751556,Деятельность больничных организаций,false,False,,282577000,883.0,31678000,920.0,,,433564000,1031.0,222663000,994.0,626337000,957.0,3,Деятельность в области здравоохранения,ОБЛАСТЬ АБАЙ,ЖАРМИНСКИЙ РАЙОН,0
448953,2751554,Деятельность больничных организаций,false,False,,282577000,883.0,31678000,920.0,,,433564000,1031.0,222663000,994.0,626337000,957.0,4,Деятельность больничных организаций,ОБЛАСТЬ АБАЙ,ЖАРМИНСКИЙ РАЙОН,0
448954,2751552,Деятельность больниц широкого профиля и специализированных больниц,true,False,,282577000,883.0,31678000,920.0,,,433564000,1031.0,222663000,994.0,626337000,957.0,5,Деятельность больничных организаций,ОБЛАСТЬ АБАЙ,ЖАРМИНСКИЙ РАЙОН,0
448959,5361900,Деятельность в области врачебной практики и стоматологии,false,False,,,,,,,,2036567000,1031.0,5100000,994.0,,,3,Деятельность в области здравоохранения,ОБЛАСТЬ АБАЙ,ЖАРМИНСКИЙ РАЙОН,0
448960,5360793,Общая врачебная практика,false,False,,,,,,,,2036567000,1031.0,5100000,994.0,,,4,Деятельность в области врачебной практики и стоматологии,ОБЛАСТЬ АБАЙ,ЖАРМИНСКИЙ РАЙОН,0
448961,5361462,Общая врачебная практика,true,False,,,,,,,,2036567000,1031.0,5100000,994.0,,,5,Общая врачебная практика,ОБЛАСТЬ АБАЙ,ЖАРМИНСКИЙ РАЙОН,0
448991,630370,"Искусство, развлечения и отдых",false,False,,744764000,883.0,130331000,920.0,112888000,846.0,108281000,1031.0,,,,,1,Всего,ОБЛАСТЬ АБАЙ,ЖАРМИНСКИЙ РАЙОН,0
449022,632573,"Деятельность в области спорта, организации отдыха и развлечений",false,False,,744764000,883.0,130331000,920.0,112888000,846.0,108281000,1031.0,,,,,2,"Искусство, развлечения и отдых",ОБЛАСТЬ АБАЙ,ЖАРМИНСКИЙ РАЙОН,0
449023,1386809,Деятельность в области спорта,false,False,,186566000,883.0,,,112888000,846.0,108281000,1031.0,,,,,3,"Деятельность в области спорта, организации отдыха и развлечений",ОБЛАСТЬ АБАЙ,ЖАРМИНСКИЙ РАЙОН,0
449024,1342257,Эксплуатация спортивных сооружений,false,False,,186566000,883.0,,,112888000,846.0,108281000,1031.0,,,,,4,Деятельность в области спорта,ОБЛАСТЬ АБАЙ,ЖАРМИНСКИЙ РАЙОН,0
449025,1383733,Эксплуатация спортивных сооружений,true,False,,186566000,883.0,,,112888000,846.0,108281000,1031.0,,,,,5,Эксплуатация спортивных сооружений,ОБЛАСТЬ АБАЙ,ЖАРМИНСКИЙ РАЙОН,0
449032,2791865,Деятельность по организации отдыха и развлечений,false,False,,558198000,883.0,130331000,920.0,,,,,,,,,3,"Деятельность в области спорта, организации отдыха и развлечений",ОБЛАСТЬ АБАЙ,ЖАРМИНСКИЙ РАЙОН,0
449035,2791863,Прочая деятельность по организации отдыха и развлечений,false,False,,558198000,883.0,130331000,920.0,,,,,,,,,4,Деятельность по организации отдыха и развлечений,ОБЛАСТЬ АБАЙ,ЖАРМИНСКИЙ РАЙОН,0
449039,2791861,Прочие виды деятельности по организации отдыха и развлечений,true,False,,558198000,883.0,130331000,920.0,,,,,,,,,5,Прочая деятельность по организации отдыха и развлечений,ОБЛАСТЬ АБАЙ,ЖАРМИНСКИЙ РАЙОН,0
741340,37147,Промышленность,false,False,,22158669000,883.0,20186715000,920.0,12693431000,846.0,17981694000,1031.0,16827872000,994.0,36687846000,957.0,1,Всего,ОБЛАСТЬ АБАЙ,ЖАРМИНСКИЙ РАЙОН,0
447279,124015,Горнодобывающая промышленность и разработка карьеров,false,False,,11807032000,883.0,13105493000,920.0,8604740000,846.0,16845637000,1031.0,13009926000,994.0,13150815000,957.0,2,Промышленность,ОБЛАСТЬ АБАЙ,ЖАРМИНСКИЙ РАЙОН,0
447298,37142,Добыча металлических руд,false,False,,11524066000,883.0,13067167000,920.0,8558479000,846.0,15484545000,1031.0,12797474000,994.0,13147916000,957.0,3,Горнодобывающая промышленность и разработка карьеров,ОБЛАСТЬ АБАЙ,ЖАРМИНСКИЙ РАЙОН,0
447303,124005,"Добыча руд, кроме железных ",false,False,,11524066000,883.0,13067167000,920.0,8558479000,846.0,15484545000,1031.0,12797474000,994.0,13147916000,957.0,4,Добыча металлических руд,ОБЛАСТЬ АБАЙ,ЖАРМИНСКИЙ РАЙОН,0
447306,124001,Добыча прочих металлических руд,false,False,,11524066000,883.0,13067167000,920.0,8558479000,846.0,15484545000,1031.0,12797474000,994.0,13147916000,957.0,5,"Добыча руд, кроме железных ",ОБЛАСТЬ АБАЙ,ЖАРМИНСКИЙ РАЙОН,0
447309,3982721,Добыча и обогащение свинцово-цинковой руды,true,False,,,,x,920.0,,,,,,,x,957.0,6,Добыча прочих металлических руд,ОБЛАСТЬ АБАЙ,ЖАРМИНСКИЙ РАЙОН,0
447314,37136,Добыча драгоценных металлов и руд редких металлов,true,False,,11507387000,883.0,12403949000,920.0,8540492000,846.0,15474289000,1031.0,12718990000,994.0,12629185000,957.0,6,Добыча прочих металлических руд,ОБЛАСТЬ АБАЙ,ЖАРМИНСКИЙ РАЙОН,0
447315,123992,"Добыча и обогащение прочих металлических руд, не включенных в другие группировки",true,False,,x,883.0,x,920.0,x,846.0,x,1031.0,x,994.0,x,957.0,6,Добыча прочих металлических руд,ОБЛАСТЬ АБАЙ,ЖАРМИНСКИЙ РАЙОН,0
447316,1387926,Добыча прочих полезных ископаемых,false,False,,x,883.0,38326000,920.0,x,846.0,1326515000,1031.0,x,994.0,2899000,957.0,3,Горнодобывающая промышленность и разработка карьеров,ОБЛАСТЬ АБАЙ,ЖАРМИНСКИЙ РАЙОН,0
447317,1305567,"Добыча камня, песка и глины",false,False,,x,883.0,38326000,920.0,x,846.0,1326515000,1031.0,x,994.0,2899000,957.0,4,Добыча прочих полезных ископаемых,ОБЛАСТЬ АБАЙ,ЖАРМИНСКИЙ РАЙОН,0
447322,1368395,"Разработка гравийных и песчаных карьеров, добыча глины и каолина",false,False,,x,883.0,38326000,920.0,x,846.0,1326515000,1031.0,x,994.0,2899000,957.0,5,"Добыча камня, песка и глины",ОБЛАСТЬ АБАЙ,ЖАРМИНСКИЙ РАЙОН,0
447323,1350342,Разработка гравийных и песчаных карьеров,true,False,,x,883.0,x,920.0,x,846.0,x,1031.0,x,994.0,,,6,"Разработка гравийных и песчаных карьеров, добыча глины и каолина",ОБЛАСТЬ АБАЙ,ЖАРМИНСКИЙ РАЙОН,0
447324,4105642,Добыча глины и каолина,true,False,,,,38112000,920.0,,,12775000,1031.0,,,2899000,957.0,6,"Разработка гравийных и песчаных карьеров, добыча глины и каолина",ОБЛАСТЬ АБАЙ,ЖАРМИНСКИЙ РАЙОН,0
447339,3083889,Предоставление услуг в горнодобывающей промышленности,false,False,,,,,,,,34577000,1031.0,161306000,994.0,,,3,Горнодобывающая промышленность и разработка карьеров,ОБЛАСТЬ АБАЙ,ЖАРМИНСКИЙ РАЙОН,0
447343,3096492,"Предоставление услуг, способствующих добыче других полезных ископаемых",false,False,,,,,,,,34577000,1031.0,161306000,994.0,,,4,Предоставление услуг в горнодобывающей промышленности,ОБЛАСТЬ АБАЙ,ЖАРМИНСКИЙ РАЙОН,0
447344,3092141,"Предоставление услуг, способствующих добыче других полезных ископаемых",false,False,,,,,,,,34577000,1031.0,161306000,994.0,,,5,"Предоставление услуг, способствующих добыче других полезных ископаемых",ОБЛАСТЬ АБАЙ,ЖАРМИНСКИЙ РАЙОН,0
447345,3099207,"Предоставление услуг, способствующих добыче других полезных ископаемых",true,False,,,,,,,,34577000,1031.0,161306000,994.0,,,6,"Предоставление услуг, способствующих добыче других полезных ископаемых",ОБЛАСТЬ АБАЙ,ЖАРМИНСКИЙ РАЙОН,0
447346,311962,Обрабатывающая промышленность,false,False,,537769000,883.0,670664000,920.0,493254000,846.0,381383000,1031.0,2388928000,994.0,19171530000,957.0,2,Промышленность,ОБЛАСТЬ АБАЙ,ЖАРМИНСКИЙ РАЙОН,0
447347,2887039,Производство продуктов питания,false,False,,x,883.0,,,,,,,x,994.0,,,3,Обрабатывающая промышленность,ОБЛАСТЬ АБАЙ,ЖАРМИНСКИЙ РАЙОН,0
447391,2887036,Производство прочих продуктов питания,false,False,,x,883.0,,,,,,,x,994.0,,,4,Производство продуктов питания,ОБЛАСТЬ АБАЙ,ЖАРМИНСКИЙ РАЙОН,0
447400,2887033,Производство готовых пищевых продуктов,false,False,,x,883.0,,,,,,,x,994.0,,,5,Производство прочих продуктов питания,ОБЛАСТЬ АБАЙ,ЖАРМИНСКИЙ РАЙОН,0
447401,2887030,Производство готовых пищевых продуктов,true,False,,x,883.0,,,,,,,x,994.0,,,6,Производство готовых пищевых продуктов,ОБЛАСТЬ АБАЙ,ЖАРМИНСКИЙ РАЙОН,0
447646,1306863,Производство прочей не металлической минеральной продукции,false,False,,x,883.0,x,920.0,254444000,846.0,,,1758661000,994.0,19029751000,957.0,3,Обрабатывающая промышленность,ОБЛАСТЬ АБАЙ,ЖАРМИНСКИЙ РАЙОН,0
447681,1348665,"Производство цемента, извести и строительного гипса",false,False,,x,883.0,x,920.0,254444000,846.0,,,1758661000,994.0,19029751000,957.0,4,Производство прочей не металлической минеральной продукции,ОБЛАСТЬ АБАЙ,ЖАРМИНСКИЙ РАЙОН,0
447682,1305538,Производство цемента,false,False,,,,x,920.0,x,846.0,,,1758661000,994.0,x,957.0,5,"Производство цемента, извести и строительного гипса",ОБЛАСТЬ АБАЙ,ЖАРМИНСКИЙ РАЙОН,0
447683,1397841,Производство цемента,true,False,,,,x,920.0,x,846.0,,,1758661000,994.0,x,957.0,6,Производство цемента,ОБЛАСТЬ АБАЙ,ЖАРМИНСКИЙ РАЙОН,0
447684,1398811,Производство извести и строительного гипса,false,False,,x,883.0,,,x,846.0,,,,,x,957.0,5,"Производство цемента, извести и строительного гипса",ОБЛАСТЬ АБАЙ,ЖАРМИНСКИЙ РАЙОН,0
447686,1369321,Производство известняковой и доломитовой муки,true,False,,x,883.0,,,x,846.0,,,,,x,957.0,6,Производство извести и строительного гипса,ОБЛАСТЬ АБАЙ,ЖАРМИНСКИЙ РАЙОН,0
447717,311958,Металлургическое производство,false,False,,333697000,883.0,100160000,920.0,207666000,846.0,154939000,1031.0,171000000,994.0,141458000,957.0,3,Обрабатывающая промышленность,ОБЛАСТЬ АБАЙ,ЖАРМИНСКИЙ РАЙОН,0
447733,311954,Производство основных благородных и цветных металлов,false,False,,333697000,883.0,100160000,920.0,207666000,846.0,154939000,1031.0,171000000,994.0,141458000,957.0,4,Металлургическое производство,ОБЛАСТЬ АБАЙ,ЖАРМИНСКИЙ РАЙОН,0
447734,311950,Производство благородных (драгоценных) металлов,false,False,,333697000,883.0,100160000,920.0,207666000,846.0,154939000,1031.0,171000000,994.0,141458000,957.0,5,Производство основных благородных и цветных металлов,ОБЛАСТЬ АБАЙ,ЖАРМИНСКИЙ РАЙОН,0
447735,311946,Производство благородных (драгоценных) металлов,true,False,,333697000,883.0,100160000,920.0,207666000,846.0,154939000,1031.0,171000000,994.0,141458000,957.0,6,Производство благородных (драгоценных) металлов,ОБЛАСТЬ АБАЙ,ЖАРМИНСКИЙ РАЙОН,0
447881,1388581,"Производство машин и оборудования, не включенных в другие группировки ",false,False,,29178000,883.0,16924000,920.0,x,846.0,226444000,1031.0,5753000,994.0,321000,957.0,3,Обрабатывающая промышленность,ОБЛАСТЬ АБАЙ,ЖАРМИНСКИЙ РАЙОН,0
447882,2778996,Производство оборудования общего назначения,false,False,,29178000,883.0,12874000,920.0,,,226444000,1031.0,5753000,994.0,321000,957.0,4,"Производство машин и оборудования, не включенных в другие группировки ",ОБЛАСТЬ АБАЙ,ЖАРМИНСКИЙ РАЙОН,0
447888,2778994,Производство прочих насосов и компрессоров,false,False,,29178000,883.0,12874000,920.0,,,226444000,1031.0,5753000,994.0,321000,957.0,5,Производство оборудования общего назначения,ОБЛАСТЬ АБАЙ,ЖАРМИНСКИЙ РАЙОН,0
447889,2778992,Производство вакуумных и воздушных насосов,true,False,,29178000,883.0,12874000,920.0,,,226444000,1031.0,5753000,994.0,321000,957.0,6,Производство прочих насосов и компрессоров,ОБЛАСТЬ АБАЙ,ЖАРМИНСКИЙ РАЙОН,0
447922,1295131,Производство сельскохозяйственной и лесохозяйственной техники,false,False,,,,x,920.0,x,846.0,,,,,,,4,"Производство машин и оборудования, не включенных в другие группировки ",ОБЛАСТЬ АБАЙ,ЖАРМИНСКИЙ РАЙОН,0
447923,1384744,Производство сельскохозяйственной и лесохозяйственной техники,false,False,,,,x,920.0,x,846.0,,,,,,,5,Производство сельскохозяйственной и лесохозяйственной техники,ОБЛАСТЬ АБАЙ,ЖАРМИНСКИЙ РАЙОН,0
447924,1367367,Производство сельскохозяйственных и лесохозяйственных тракторов ,true,False,,,,x,920.0,x,846.0,,,,,,,6,Производство сельскохозяйственной и лесохозяйственной техники,ОБЛАСТЬ АБАЙ,ЖАРМИНСКИЙ РАЙОН,0
447983,1331792,Производство прочих транспортных средств,false,False,,28191000,883.0,,,28494000,846.0,,,,,,,3,Обрабатывающая промышленность,ОБЛАСТЬ АБАЙ,ЖАРМИНСКИЙ РАЙОН,0
447989,1402497,Производство железнодорожных локомотивов и подвижного состава,false,False,,28191000,883.0,,,28494000,846.0,,,,,,,4,Производство прочих транспортных средств,ОБЛАСТЬ АБАЙ,ЖАРМИНСКИЙ РАЙОН,0
447990,1372216,Производство железнодорожных локомотивов и подвижного состава,false,False,,28191000,883.0,,,28494000,846.0,,,,,,,5,Производство железнодорожных локомотивов и подвижного состава,ОБЛАСТЬ АБАЙ,ЖАРМИНСКИЙ РАЙОН,0
447991,1374348,Производство железнодорожных локомотивов и подвижного состава ,true,False,,28191000,883.0,,,28494000,846.0,,,,,,,6,Производство железнодорожных локомотивов и подвижного состава,ОБЛАСТЬ АБАЙ,ЖАРМИНСКИЙ РАЙОН,0
448090,279522,"Снабжение электроэнергией, газом, паром, горячей водой и кондиционированным воздухом",false,False,,8910146000,883.0,6168134000,920.0,3374279000,846.0,754674000,1031.0,1418372000,994.0,4329866000,957.0,2,Промышленность,ОБЛАСТЬ АБАЙ,ЖАРМИНСКИЙ РАЙОН,0
448091,279520,"Снабжение электроэнергией, газом, паром, горячей водой и кондиционированным воздухом",false,False,,8910146000,883.0,6168134000,920.0,3374279000,846.0,754674000,1031.0,1418372000,994.0,4329866000,957.0,3,"Снабжение электроэнергией, газом, паром, горячей водой и кондиционированным воздухом",ОБЛАСТЬ АБАЙ,ЖАРМИНСКИЙ РАЙОН,0
448092,279518,"Производство, передача и распределение электроэнергии",false,False,,8910146000,883.0,6168134000,920.0,3174035000,846.0,754674000,1031.0,1418372000,994.0,4329866000,957.0,4,"Снабжение электроэнергией, газом, паром, горячей водой и кондиционированным воздухом",ОБЛАСТЬ АБАЙ,ЖАРМИНСКИЙ РАЙОН,0
448093,279516,Производство электроэнергии,false,False,,8154554000,883.0,5816120000,920.0,2691131000,846.0,,,x,994.0,3935965000,957.0,5,"Производство, передача и распределение электроэнергии",ОБЛАСТЬ АБАЙ,ЖАРМИНСКИЙ РАЙОН,0
448097,2755480,Производство электроэнергии прочими электростанциями,true,False,,,,,,2691131000,846.0,,,,,,,6,Производство электроэнергии,ОБЛАСТЬ АБАЙ,ЖАРМИНСКИЙ РАЙОН,0
20575774,2826502,Производство электроэнергии ветровыми электростанциями,true,False,,374385000,883.0,5816120000,920.0,,,,,x,994.0,3935965000,957.0,6,Производство электроэнергии,ОБЛАСТЬ АБАЙ,ЖАРМИНСКИЙ РАЙОН,0
20575776,279513,Производство электроэнергии солнечными электростанциями,true,False,,7780169000,883.0,,,,,,,,,,,6,Производство электроэнергии,ОБЛАСТЬ АБАЙ,ЖАРМИНСКИЙ РАЙОН,0
448098,1363540,Передача электроэнергии,false,False,,,,,,x,846.0,,,,,,,5,"Производство, передача и распределение электроэнергии",ОБЛАСТЬ АБАЙ,ЖАРМИНСКИЙ РАЙОН,0
18951389,1385715,Передача электроэнергии,true,False,,,,,,x,846.0,,,,,,,6,Передача электроэнергии,ОБЛАСТЬ АБАЙ,ЖАРМИНСКИЙ РАЙОН,0
448100,1401578,Распределение электроэнергии,false,False,,755592000,883.0,352014000,920.0,482543000,846.0,754674000,1031.0,542537000,994.0,393901000,957.0,5,"Производство, передача и распределение электроэнергии",ОБЛАСТЬ АБАЙ,ЖАРМИНСКИЙ РАЙОН,0
448101,1306118,Распределение электроэнергии,true,False,,755592000,883.0,352014000,920.0,482543000,846.0,754674000,1031.0,542537000,994.0,393901000,957.0,6,Распределение электроэнергии,ОБЛАСТЬ АБАЙ,ЖАРМИНСКИЙ РАЙОН,0
448111,1267099,"Снабжение паром, горячей водой и кондиционированным воздухом",false,False,,,,,,200244000,846.0,,,,,,,4,"Снабжение электроэнергией, газом, паром, горячей водой и кондиционированным воздухом",ОБЛАСТЬ АБАЙ,ЖАРМИНСКИЙ РАЙОН,0
448112,1419892,"Снабжение паром, горячей водой и кондиционированным воздухом",false,False,,,,,,200244000,846.0,,,,,,,5,"Снабжение паром, горячей водой и кондиционированным воздухом",ОБЛАСТЬ АБАЙ,ЖАРМИНСКИЙ РАЙОН,0
448114,1264355,Производство тепловой энергии самостоятельными котельными,true,False,,,,,,200244000,846.0,,,,,,,6,"Снабжение паром, горячей водой и кондиционированным воздухом",ОБЛАСТЬ АБАЙ,ЖАРМИНСКИЙ РАЙОН,0
448117,123990,"Водоснабжение; водоотведение; сбор, обработка и удаление отходов, деятельность по ликвидации загрязнений",false,False,,903722000,883.0,242424000,920.0,221158000,846.0,,,10646000,994.0,35635000,957.0,2,Промышленность,ОБЛАСТЬ АБАЙ,ЖАРМИНСКИЙ РАЙОН,0
448118,123988,"Забор, обработка и распределение воды",false,False,,903722000,883.0,242424000,920.0,214140000,846.0,,,10646000,994.0,35635000,957.0,3,"Водоснабжение; водоотведение; сбор, обработка и удаление отходов, деятельность по ликвидации загрязнений",ОБЛАСТЬ АБАЙ,ЖАРМИНСКИЙ РАЙОН,0
448119,123986,"Забор, обработка и распределение воды",false,False,,903722000,883.0,242424000,920.0,214140000,846.0,,,10646000,994.0,35635000,957.0,4,"Забор, обработка и распределение воды",ОБЛАСТЬ АБАЙ,ЖАРМИНСКИЙ РАЙОН,0
448120,123982,"Забор, обработка и распределение воды",false,False,,903722000,883.0,242424000,920.0,214140000,846.0,,,10646000,994.0,35635000,957.0,5,"Забор, обработка и распределение воды",ОБЛАСТЬ АБАЙ,ЖАРМИНСКИЙ РАЙОН,0
448121,123977,"Забор, обработка и распределение воды",true,False,,903722000,883.0,242424000,920.0,214140000,846.0,,,10646000,994.0,35635000,957.0,6,"Забор, обработка и распределение воды",ОБЛАСТЬ АБАЙ,ЖАРМИНСКИЙ РАЙОН,0
448126,1297940,"Сбор, обработка и удаление отходов; утилизация (восстановление) материалов",false,False,,,,,,7018000,846.0,,,,,,,3,"Водоснабжение; водоотведение; сбор, обработка и удаление отходов, деятельность по ликвидации загрязнений",ОБЛАСТЬ АБАЙ,ЖАРМИНСКИЙ РАЙОН,0
448132,1420785,Обработка и удаление отходов,false,False,,,,,,7018000,846.0,,,,,,,4,"Сбор, обработка и удаление отходов; утилизация (восстановление) материалов",ОБЛАСТЬ АБАЙ,ЖАРМИНСКИЙ РАЙОН,0
448135,1379830,Обработка и удаление опасных отходов,false,False,,,,,,7018000,846.0,,,,,,,5,Обработка и удаление отходов,ОБЛАСТЬ АБАЙ,ЖАРМИНСКИЙ РАЙОН,0
448136,1303528,Обработка и удаление опасных отходов,true,False,,,,,,7018000,846.0,,,,,,,6,Обработка и удаление опасных отходов,ОБЛАСТЬ АБАЙ,ЖАРМИНСКИЙ РАЙОН,0
741885,36319,Всего,false,false,,12526547000,883.0,21671311000,920.0,7806320000,846.0,27673997000,1031.0,12172340000,994.0,13712229000,957.0,0,,ОБЛАСТЬ АБАЙ,КОКПЕКТИНСКИЙ РАЙОН,
447173,279741,"Сельское, лесное и рыбное хозяйство",false,False,,3249525000,883.0,5314954000,920.0,2915426000,846.0,3556335000,1031.0,1246151000,994.0,1966714000,957.0,1,Всего,ОБЛАСТЬ АБАЙ,КОКПЕКТИНСКИЙ РАЙОН,0
447174,279738,"Растениеводство и животноводство, охота и предоставление услуг в этих областях",false,False,,3249525000,883.0,5314954000,920.0,2915426000,846.0,3556335000,1031.0,1246151000,994.0,1966714000,957.0,2,"Сельское, лесное и рыбное хозяйство",ОБЛАСТЬ АБАЙ,КОКПЕКТИНСКИЙ РАЙОН,0
447175,279731,Выращивание одно- или двухлетних культур,false,False,,1723964000,883.0,3456582000,920.0,1737306000,846.0,2240290000,1031.0,739566000,994.0,1225244000,957.0,3,"Растениеводство и животноводство, охота и предоставление услуг в этих областях",ОБЛАСТЬ АБАЙ,КОКПЕКТИНСКИЙ РАЙОН,0
447176,279727,"Выращивание зерновых (кроме риса), бобовых и масличных культур",false,False,,1686099000,883.0,3316796000,920.0,1737306000,846.0,2201293000,1031.0,721211000,994.0,1210276000,957.0,4,Выращивание одно- или двухлетних культур,ОБЛАСТЬ АБАЙ,КОКПЕКТИНСКИЙ РАЙОН,0
447178,279717,Выращивание масличных культур и их семян,true,False,,141960000,883.0,214411000,920.0,,,12321000,1031.0,5582000,994.0,178049000,957.0,5,"Выращивание зерновых (кроме риса), бобовых и масличных культур",ОБЛАСТЬ АБАЙ,КОКПЕКТИНСКИЙ РАЙОН,0
3783380,279721,"Выращивание зерновых и зернобобовых культур, включая семеноводство",true,False,,1544139000,883.0,3102385000,920.0,1737306000,846.0,2188972000,1031.0,715629000,994.0,1032227000,957.0,5,"Выращивание зерновых (кроме риса), бобовых и масличных культур",ОБЛАСТЬ АБАЙ,КОКПЕКТИНСКИЙ РАЙОН,0
447192,279714,Выращивание прочих одно- или двухлетних культур,false,False,,37865000,883.0,139786000,920.0,,,38997000,1031.0,18355000,994.0,14968000,957.0,4,Выращивание одно- или двухлетних культур,ОБЛАСТЬ АБАЙ,КОКПЕКТИНСКИЙ РАЙОН,0
447193,5469166,Выращивание кормовых культур и их семян,true,False,,,,,,,,,,18355000,994.0,,,5,Выращивание прочих одно- или двухлетних культур,ОБЛАСТЬ АБАЙ,КОКПЕКТИНСКИЙ РАЙОН,0
447195,279712,"Выращивание прочих одно- или двухлетних культур, не включенных в другие группировки",true,False,,37865000,883.0,139786000,920.0,,,38997000,1031.0,,,14968000,957.0,5,Выращивание прочих одно- или двухлетних культур,ОБЛАСТЬ АБАЙ,КОКПЕКТИНСКИЙ РАЙОН,0
447218,279710,Животноводство,false,False,,1414865000,883.0,1348451000,920.0,1177520000,846.0,745840000,1031.0,267241000,994.0,61779000,957.0,3,"Растениеводство и животноводство, охота и предоставление услуг в этих областях",ОБЛАСТЬ АБАЙ,КОКПЕКТИНСКИЙ РАЙОН,0
447219,2841059,Разведение крупного рогатого скота молочного направления,false,False,,267435000,883.0,,,,,3150000,1031.0,41168000,994.0,,,4,Животноводство,ОБЛАСТЬ АБАЙ,КОКПЕКТИНСКИЙ РАЙОН,0
447220,2841053,Разведение крупного рогатого скота молочного направления,true,False,,267435000,883.0,,,,,3150000,1031.0,41168000,994.0,,,5,Разведение крупного рогатого скота молочного направления,ОБЛАСТЬ АБАЙ,КОКПЕКТИНСКИЙ РАЙОН,0
447221,279708,Разведение прочего крупного рогатого скота и буйволов,false,False,,1147430000,883.0,1320863000,920.0,1177520000,846.0,707110000,1031.0,193774000,994.0,61779000,957.0,4,Животноводство,ОБЛАСТЬ АБАЙ,КОКПЕКТИНСКИЙ РАЙОН,0
447222,279706,Разведение прочего крупного рогатого скота и буйволов,true,False,,1147430000,883.0,1320863000,920.0,1177520000,846.0,707110000,1031.0,193774000,994.0,61779000,957.0,5,Разведение прочего крупного рогатого скота и буйволов,ОБЛАСТЬ АБАЙ,КОКПЕКТИНСКИЙ РАЙОН,0
447223,3352228,Разведение лошадей и прочих животных семейства лошадиных,false,False,,,,x,920.0,,,,,,,,,4,Животноводство,ОБЛАСТЬ АБАЙ,КОКПЕКТИНСКИЙ РАЙОН,0
447224,3351246,Разведение лошадей,true,False,,,,x,920.0,,,,,,,,,5,Разведение лошадей и прочих животных семейства лошадиных,ОБЛАСТЬ АБАЙ,КОКПЕКТИНСКИЙ РАЙОН,0
447228,5471795,Разведение овец и коз,false,False,,,,,,,,9780000,1031.0,18799000,994.0,,,4,Животноводство,ОБЛАСТЬ АБАЙ,КОКПЕКТИНСКИЙ РАЙОН,0
447229,5471502,Разведение овец и коз,true,False,,,,,,,,9780000,1031.0,18799000,994.0,,,5,Разведение овец и коз,ОБЛАСТЬ АБАЙ,КОКПЕКТИНСКИЙ РАЙОН,0
447232,5221627,Разведение сельскохозяйственной птицы ,false,False,,,,,,,,,,13500000,994.0,,,4,Животноводство,ОБЛАСТЬ АБАЙ,КОКПЕКТИНСКИЙ РАЙОН,0
447236,5220870,Деятельность инкубаторно-птицеводческих станций,true,False,,,,,,,,,,13500000,994.0,,,5,Разведение сельскохозяйственной птицы ,ОБЛАСТЬ АБАЙ,КОКПЕКТИНСКИЙ РАЙОН,0
447237,5870235,Разведение прочих видов животных,false,False,,,,,,,,25800000,1031.0,,,,,4,Животноводство,ОБЛАСТЬ АБАЙ,КОКПЕКТИНСКИЙ РАЙОН,0
447238,5872580,Разведение прочих видов животных,true,False,,,,,,,,25800000,1031.0,,,,,5,Разведение прочих видов животных,ОБЛАСТЬ АБАЙ,КОКПЕКТИНСКИЙ РАЙОН,0
447239,1389227,Смешанное сельское хозяйство,false,False,,110696000,883.0,509921000,920.0,x,846.0,570205000,1031.0,239344000,994.0,679691000,957.0,3,"Растениеводство и животноводство, охота и предоставление услуг в этих областях",ОБЛАСТЬ АБАЙ,КОКПЕКТИНСКИЙ РАЙОН,0
447240,1382682,Смешанное сельское хозяйство,false,False,,110696000,883.0,509921000,920.0,x,846.0,570205000,1031.0,239344000,994.0,679691000,957.0,4,Смешанное сельское хозяйство,ОБЛАСТЬ АБАЙ,КОКПЕКТИНСКИЙ РАЙОН,0
447241,1241900,Смешанное сельское хозяйство,true,False,,110696000,883.0,509921000,920.0,x,846.0,570205000,1031.0,239344000,994.0,679691000,957.0,5,Смешанное сельское хозяйство,ОБЛАСТЬ АБАЙ,КОКПЕКТИНСКИЙ РАЙОН,0
448148,614228,Строительство,false,False,,159358000,883.0,16067000,920.0,x,846.0,3358052000,1031.0,7919813000,994.0,8750000000,957.0,1,Всего,ОБЛАСТЬ АБАЙ,КОКПЕКТИНСКИЙ РАЙОН,0
448157,694119,Гражданское строительство,false,False,,159358000,883.0,16067000,920.0,x,846.0,3358052000,1031.0,4914813000,994.0,8750000000,957.0,2,Строительство,ОБЛАСТЬ АБАЙ,КОКПЕКТИНСКИЙ РАЙОН,0
448158,1370931,Строительство автомобильных и железных дорог,false,False,,159358000,883.0,16067000,920.0,x,846.0,3058052000,1031.0,4914813000,994.0,8750000000,957.0,3,Гражданское строительство,ОБЛАСТЬ АБАЙ,КОКПЕКТИНСКИЙ РАЙОН,0
18696143,1322031,Строительство автомобильных дорог,false,False,,159358000,883.0,16067000,920.0,x,846.0,3058052000,1031.0,4914813000,994.0,8750000000,957.0,4,Строительство автомобильных и железных дорог,ОБЛАСТЬ АБАЙ,КОКПЕКТИНСКИЙ РАЙОН,0
18946136,1344909,Строительство дорог и автомагистралей,true,False,,159358000,883.0,16067000,920.0,x,846.0,3058052000,1031.0,4914813000,994.0,8750000000,957.0,5,Строительство автомобильных дорог,ОБЛАСТЬ АБАЙ,КОКПЕКТИНСКИЙ РАЙОН,0
18696516,5162057,Строительство прочих инженерных сооружений,false,False,,,,,,,,x,1031.0,,,,,3,Гражданское строительство,ОБЛАСТЬ АБАЙ,КОКПЕКТИНСКИЙ РАЙОН,0
18696517,5184224,"Строительство прочих инженерных сооружений, не включенных в другие группировки",false,False,,,,,,,,x,1031.0,,,,,4,Строительство прочих инженерных сооружений,ОБЛАСТЬ АБАЙ,КОКПЕКТИНСКИЙ РАЙОН,0
18696518,5175905,"Строительство прочих инженерных сооружений, не включенных в другие группировки",true,False,,,,,,,,x,1031.0,,,,,5,"Строительство прочих инженерных сооружений, не включенных в другие группировки",ОБЛАСТЬ АБАЙ,КОКПЕКТИНСКИЙ РАЙОН,0
18710963,5015487,Строительство зданий,false,False,,,,,,,,,,3005000000,994.0,,,2,Строительство,ОБЛАСТЬ АБАЙ,КОКПЕКТИНСКИЙ РАЙОН,0
18710967,5017094,Строительство жилых и нежилых зданий,false,False,,,,,,,,,,3005000000,994.0,,,3,Строительство зданий,ОБЛАСТЬ АБАЙ,КОКПЕКТИНСКИЙ РАЙОН,0
18710968,5006914,Строительство жилых и нежилых зданий,false,False,,,,,,,,,,3005000000,994.0,,,4,Строительство жилых и нежилых зданий,ОБЛАСТЬ АБАЙ,КОКПЕКТИНСКИЙ РАЙОН,0
18801543,5022041,"Строительство нежилых зданий, за исключением стационарных торговых объектов категорий 1, 2",true,False,,,,,,,,,,3005000000,994.0,,,5,Строительство жилых и нежилых зданий,ОБЛАСТЬ АБАЙ,КОКПЕКТИНСКИЙ РАЙОН,0
448215,645621,Оптовая и розничная торговля; ремонт автомобилей и мотоциклов,false,False,,x,883.0,,,249000,846.0,,,,,824000,957.0,1,Всего,ОБЛАСТЬ АБАЙ,КОКПЕКТИНСКИЙ РАЙОН,0
448377,663644,"Розничная торговля, кроме торговли автомобилями и мотоциклами",false,False,,x,883.0,,,249000,846.0,,,,,824000,957.0,2,Оптовая и розничная торговля; ремонт автомобилей и мотоциклов,ОБЛАСТЬ АБАЙ,КОКПЕКТИНСКИЙ РАЙОН,0
448383,1397006,"Розничная торговля продуктами питания, напитками и табачными изделиями в специализированных магазинах",false,False,,,,,,x,846.0,,,,,,,3,"Розничная торговля, кроме торговли автомобилями и мотоциклами",ОБЛАСТЬ АБАЙ,КОКПЕКТИНСКИЙ РАЙОН,0
448397,1387720,Прочая розничная торговля продуктами питания в специализированных магазинах,false,False,,,,,,x,846.0,,,,,,,4,"Розничная торговля продуктами питания, напитками и табачными изделиями в специализированных магазинах",ОБЛАСТЬ АБАЙ,КОКПЕКТИНСКИЙ РАЙОН,0
3647950,1280608,"Прочая розничная торговля продуктами питания в специализированных магазинах, являющихся торговыми объектами, с торговой площадью менее 2000 кв.м",true,False,,,,,,x,846.0,,,,,,,5,Прочая розничная торговля продуктами питания в специализированных магазинах,ОБЛАСТЬ АБАЙ,КОКПЕКТИНСКИЙ РАЙОН,0
448399,2887895,Розничная торговля топливом в специализированных магазинах,false,False,,x,883.0,,,,,,,,,x,957.0,3,"Розничная торговля, кроме торговли автомобилями и мотоциклами",ОБЛАСТЬ АБАЙ,КОКПЕКТИНСКИЙ РАЙОН,0
448400,2887892,Розничная торговля топливом в специализированных магазинах,false,False,,x,883.0,,,,,,,,,x,957.0,4,Розничная торговля топливом в специализированных магазинах,ОБЛАСТЬ АБАЙ,КОКПЕКТИНСКИЙ РАЙОН,0
20576124,2887888,"Розничная торговля моторным топливом в специализированных магазинах, за исключением находящихся на придорожной полосе",true,False,,x,883.0,,,,,,,,,x,957.0,5,Розничная торговля топливом в специализированных магазинах,ОБЛАСТЬ АБАЙ,КОКПЕКТИНСКИЙ РАЙОН,0
448409,4364453,Розничная торговля прочими бытовыми товарами в специализированных магазинах ,false,False,,,,,,,,,,,,x,957.0,3,"Розничная торговля, кроме торговли автомобилями и мотоциклами",ОБЛАСТЬ АБАЙ,КОКПЕКТИНСКИЙ РАЙОН,0
448416,4368039,Розничная торговля электрическими бытовыми приборами в специализированных магазинах,false,False,,,,,,,,,,,,x,957.0,4,Розничная торговля прочими бытовыми товарами в специализированных магазинах ,ОБЛАСТЬ АБАЙ,КОКПЕКТИНСКИЙ РАЙОН,0
3647962,4367954,"Розничная торговля электрическими бытовыми приборами в специализированных магазинах, являющихся торговыми объектами, с торговой площадью менее 2000 кв.м",true,False,,,,,,,,,,,,x,957.0,5,Розничная торговля электрическими бытовыми приборами в специализированных магазинах,ОБЛАСТЬ АБАЙ,КОКПЕКТИНСКИЙ РАЙОН,0
448433,1338420,Розничная торговля прочими товарами в специализированных магазинах,false,False,,,,,,x,846.0,,,,,,,3,"Розничная торговля, кроме торговли автомобилями и мотоциклами",ОБЛАСТЬ АБАЙ,КОКПЕКТИНСКИЙ РАЙОН,0
448452,1368444,Прочая розничная торговля новыми товарами в специализированных магазинах,false,False,,,,,,x,846.0,,,,,,,4,Розничная торговля прочими товарами в специализированных магазинах,ОБЛАСТЬ АБАЙ,КОКПЕКТИНСКИЙ РАЙОН,0
448455,1392694,"Прочая розничная торговля в специализированных магазинах, являющихся торговыми объектами, с торговой площадью менее 2000 кв.м",true,False,,,,,,x,846.0,,,,,,,5,Прочая розничная торговля новыми товарами в специализированных магазинах,ОБЛАСТЬ АБАЙ,КОКПЕКТИНСКИЙ РАЙОН,0
448475,279656,Транспорт и складирование,false,False,,x,883.0,78816000,920.0,x,846.0,17749187000,1031.0,876942000,994.0,800102000,957.0,1,Всего,ОБЛАСТЬ АБАЙ,КОКПЕКТИНСКИЙ РАЙОН,0
448476,4912728,Деятельность сухопутного и трубопроводного транспорта ,false,False,,,,,,,,,,,,x,957.0,2,Транспорт и складирование,ОБЛАСТЬ АБАЙ,КОКПЕКТИНСКИЙ РАЙОН,0
448494,4916779,Деятельность грузового автомобильного транспорта и предоставление услуг по переезду ,false,False,,,,,,,,,,,,x,957.0,3,Деятельность сухопутного и трубопроводного транспорта ,ОБЛАСТЬ АБАЙ,КОКПЕКТИНСКИЙ РАЙОН,0
448495,4916381,Деятельность грузового автомобильного транспорта,false,False,,,,,,,,,,,,x,957.0,4,Деятельность грузового автомобильного транспорта и предоставление услуг по переезду ,ОБЛАСТЬ АБАЙ,КОКПЕКТИНСКИЙ РАЙОН,0
448496,4915559,Деятельность грузового автомобильного транспорта,true,False,,,,,,,,,,,,x,957.0,5,Деятельность грузового автомобильного транспорта,ОБЛАСТЬ АБАЙ,КОКПЕКТИНСКИЙ РАЙОН,0
448527,279653,Складирование грузов и вспомогательная транспортная деятельность,false,False,,x,883.0,78816000,920.0,x,846.0,17749187000,1031.0,876942000,994.0,500102000,957.0,2,Транспорт и складирование,ОБЛАСТЬ АБАЙ,КОКПЕКТИНСКИЙ РАЙОН,0
448533,279650,Вспомогательная транспортная деятельность,false,False,,x,883.0,78816000,920.0,x,846.0,17749187000,1031.0,876942000,994.0,500102000,957.0,3,Складирование грузов и вспомогательная транспортная деятельность,ОБЛАСТЬ АБАЙ,КОКПЕКТИНСКИЙ РАЙОН,0
448534,279647,Вспомогательная деятельность сухопутного транспорта,false,False,,x,883.0,78816000,920.0,x,846.0,17749187000,1031.0,876942000,994.0,500102000,957.0,4,Вспомогательная транспортная деятельность,ОБЛАСТЬ АБАЙ,КОКПЕКТИНСКИЙ РАЙОН,0
448536,279644,Эксплуатация автомобильных дорог,true,False,,x,883.0,78816000,920.0,x,846.0,17749187000,1031.0,876942000,994.0,500102000,957.0,5,Вспомогательная деятельность сухопутного транспорта,ОБЛАСТЬ АБАЙ,КОКПЕКТИНСКИЙ РАЙОН,0
448558,624513,Предоставление услуг по проживанию и питанию,false,False,,,,427350000,920.0,5000000,846.0,,,,,,,1,Всего,ОБЛАСТЬ АБАЙ,КОКПЕКТИНСКИЙ РАЙОН,0
3783427,688641,Предоставление услуг по временному проживанию,false,False,,,,427350000,920.0,5000000,846.0,,,,,,,2,Предоставление услуг по проживанию и питанию,ОБЛАСТЬ АБАЙ,КОКПЕКТИНСКИЙ РАЙОН,0
3783432,1379352,Предоставление жилья на выходные дни и прочие периоды краткосрочного проживания,false,False,,,,427350000,920.0,5000000,846.0,,,,,,,3,Предоставление услуг по временному проживанию,ОБЛАСТЬ АБАЙ,КОКПЕКТИНСКИЙ РАЙОН,0
3783433,1410993,Предоставление жилья на выходные дни и прочие периоды краткосрочного проживания,false,False,,,,427350000,920.0,5000000,846.0,,,,,,,4,Предоставление жилья на выходные дни и прочие периоды краткосрочного проживания,ОБЛАСТЬ АБАЙ,КОКПЕКТИНСКИЙ РАЙОН,0
3783434,1331138,Предоставление жилья на выходные дни и прочие периоды краткосрочного проживания,true,False,,,,427350000,920.0,5000000,846.0,,,,,,,5,Предоставление жилья на выходные дни и прочие периоды краткосрочного проживания,ОБЛАСТЬ АБАЙ,КОКПЕКТИНСКИЙ РАЙОН,0
448585,311843,Информация и связь,false,False,,11693000,883.0,13706000,920.0,51193000,846.0,,,8756000,994.0,13531000,957.0,1,Всего,ОБЛАСТЬ АБАЙ,КОКПЕКТИНСКИЙ РАЙОН,0
448623,311840,Телекоммуникации,false,False,,11693000,883.0,13706000,920.0,51193000,846.0,,,8756000,994.0,13531000,957.0,2,Информация и связь,ОБЛАСТЬ АБАЙ,КОКПЕКТИНСКИЙ РАЙОН,0
448627,1416741,Беспроводная телекоммуникационная связь,false,False,,3630000,883.0,,,44927000,846.0,,,8756000,994.0,13531000,957.0,3,Телекоммуникации,ОБЛАСТЬ АБАЙ,КОКПЕКТИНСКИЙ РАЙОН,0
448628,1256963,Беспроводная телекоммуникационная связь,false,False,,3630000,883.0,,,44927000,846.0,,,8756000,994.0,13531000,957.0,4,Беспроводная телекоммуникационная связь,ОБЛАСТЬ АБАЙ,КОКПЕКТИНСКИЙ РАЙОН,0
18946147,4526142,Беспроводная телекоммуникационная связь посредством единой транспортной среды,true,False,,,,,,,,,,8756000,994.0,x,957.0,5,Беспроводная телекоммуникационная связь,ОБЛАСТЬ АБАЙ,КОКПЕКТИНСКИЙ РАЙОН,0
18946148,4369072,"Организация вещания теле-, радиопрограмм посредством сети национального оператора телерадиовещания",true,False,,,,,,,,,,,,5142000,957.0,5,Беспроводная телекоммуникационная связь,ОБЛАСТЬ АБАЙ,КОКПЕКТИНСКИЙ РАЙОН,0
18946149,1312411,Прочая беспроводная телекоммуникационная связь,true,False,,3630000,883.0,,,44927000,846.0,,,,,,,5,Беспроводная телекоммуникационная связь,ОБЛАСТЬ АБАЙ,КОКПЕКТИНСКИЙ РАЙОН,0
18696628,311832,Проводная телекоммуникационная связь,false,False,,8063000,883.0,13706000,920.0,x,846.0,,,,,,,3,Телекоммуникации,ОБЛАСТЬ АБАЙ,КОКПЕКТИНСКИЙ РАЙОН,0
18696629,311826,Проводная телекоммуникационная связь,false,False,,8063000,883.0,13706000,920.0,x,846.0,,,,,,,4,Проводная телекоммуникационная связь,ОБЛАСТЬ АБАЙ,КОКПЕКТИНСКИЙ РАЙОН,0
18946146,311822,Прочая проводная телекоммуникационная связь,true,False,,8063000,883.0,13706000,920.0,x,846.0,,,,,,,5,Проводная телекоммуникационная связь,ОБЛАСТЬ АБАЙ,КОКПЕКТИНСКИЙ РАЙОН,0
448658,643639,Финансовая и страховая деятельность,false,False,,,,,,x,846.0,,,,,x,957.0,1,Всего,ОБЛАСТЬ АБАЙ,КОКПЕКТИНСКИЙ РАЙОН,0
448659,626214,"Финансовое посредничество, кроме страхования и пенсионного обеспечения",false,False,,,,,,x,846.0,,,,,x,957.0,2,Финансовая и страховая деятельность,ОБЛАСТЬ АБАЙ,КОКПЕКТИНСКИЙ РАЙОН,0
448670,1294397,"Деятельность трастовых компаний, инвестиционных фондов и аналогичных финансовых организаций",false,False,,,,,,x,846.0,,,,,,,3,"Финансовое посредничество, кроме страхования и пенсионного обеспечения",ОБЛАСТЬ АБАЙ,КОКПЕКТИНСКИЙ РАЙОН,0
448671,1301743,"Деятельность трастовых компаний, инвестиционных фондов и аналогичных финансовых организаций",false,False,,,,,,x,846.0,,,,,,,4,"Деятельность трастовых компаний, инвестиционных фондов и аналогичных финансовых организаций",ОБЛАСТЬ АБАЙ,КОКПЕКТИНСКИЙ РАЙОН,0
448672,1324481,"Деятельность трастовых компаний, инвестиционных фондов и аналогичных финансовых организаций",true,False,,,,,,x,846.0,,,,,,,5,"Деятельность трастовых компаний, инвестиционных фондов и аналогичных финансовых организаций",ОБЛАСТЬ АБАЙ,КОКПЕКТИНСКИЙ РАЙОН,0
448673,4525782,"Прочее финансовое посредничество, кроме страхования и пенсионного обеспечения",false,False,,,,,,,,,,,,x,957.0,3,"Финансовое посредничество, кроме страхования и пенсионного обеспечения",ОБЛАСТЬ АБАЙ,КОКПЕКТИНСКИЙ РАЙОН,0
448676,4524491,Прочие виды кредитования,false,False,,,,,,,,,,,,x,957.0,4,"Прочее финансовое посредничество, кроме страхования и пенсионного обеспечения",ОБЛАСТЬ АБАЙ,КОКПЕКТИНСКИЙ РАЙОН,0
448678,4524998,"Прочие виды кредитования, не включенные в другие группировки",true,False,,,,,,,,,,,,x,957.0,5,Прочие виды кредитования,ОБЛАСТЬ АБАЙ,КОКПЕКТИНСКИЙ РАЙОН,0
448714,123896,Операции с недвижимым имуществом,false,False,,616100000,883.0,1210380000,920.0,1281738000,846.0,839000000,1031.0,463497000,994.0,328350000,957.0,1,Всего,ОБЛАСТЬ АБАЙ,КОКПЕКТИНСКИЙ РАЙОН,0
448715,123892,Операции с недвижимым имуществом,false,False,,616100000,883.0,1210380000,920.0,1281738000,846.0,839000000,1031.0,463497000,994.0,328350000,957.0,2,Операции с недвижимым имуществом,ОБЛАСТЬ АБАЙ,КОКПЕКТИНСКИЙ РАЙОН,0
448716,123889,Покупка и продажа собственного недвижимого имущества ,false,False,,616100000,883.0,1210380000,920.0,1281738000,846.0,839000000,1031.0,463497000,994.0,328350000,957.0,3,Операции с недвижимым имуществом,ОБЛАСТЬ АБАЙ,КОКПЕКТИНСКИЙ РАЙОН,0
448717,123883,Покупка и продажа собственного недвижимого имущества ,false,False,,616100000,883.0,1210380000,920.0,1281738000,846.0,839000000,1031.0,463497000,994.0,328350000,957.0,4,Покупка и продажа собственного недвижимого имущества ,ОБЛАСТЬ АБАЙ,КОКПЕКТИНСКИЙ РАЙОН,0
543091,123880,Покупка и продажа многоквартирных и жилых домов (особняков),true,False,,616100000,883.0,1210380000,920.0,1281738000,846.0,839000000,1031.0,463497000,994.0,328350000,957.0,5,Покупка и продажа собственного недвижимого имущества ,ОБЛАСТЬ АБАЙ,КОКПЕКТИНСКИЙ РАЙОН,0
448728,279641,"Профессиональная, научная и техническая деятельность",false,False,,x,883.0,,,x,846.0,x,1031.0,x,994.0,,,1,Всего,ОБЛАСТЬ АБАЙ,КОКПЕКТИНСКИЙ РАЙОН,0
448747,5650831,"Деятельность в области архитектуры, инженерных изысканий, технических испытаний и анализа",false,False,,,,,,,,x,1031.0,x,994.0,,,2,"Профессиональная, научная и техническая деятельность",ОБЛАСТЬ АБАЙ,КОКПЕКТИНСКИЙ РАЙОН,0
448748,5596607,"Деятельность в области архитектуры, инженерных изысканий и предоставление технических консультаций в этих областях",false,False,,,,,,,,x,1031.0,x,994.0,,,3,"Деятельность в области архитектуры, инженерных изысканий, технических испытаний и анализа",ОБЛАСТЬ АБАЙ,КОКПЕКТИНСКИЙ РАЙОН,0
448751,5598559,Деятельность в области инженерных изысканий и предоставление технических консультаций в этой области,false,False,,,,,,,,x,1031.0,x,994.0,,,4,"Деятельность в области архитектуры, инженерных изысканий и предоставление технических консультаций в этих областях",ОБЛАСТЬ АБАЙ,КОКПЕКТИНСКИЙ РАЙОН,0
448753,5595470,Деятельность по проведению геологической разведки и изысканий (без научных исследований и разработок),true,False,,,,,,,,x,1031.0,x,994.0,,,5,Деятельность в области инженерных изысканий и предоставление технических консультаций в этой области,ОБЛАСТЬ АБАЙ,КОКПЕКТИНСКИЙ РАЙОН,0
448779,279638,"Прочая профессиональная, научная и техническая деятельность",false,False,,x,883.0,,,x,846.0,,,,,,,2,"Профессиональная, научная и техническая деятельность",ОБЛАСТЬ АБАЙ,КОКПЕКТИНСКИЙ РАЙОН,0
448789,279635,"Прочая профессиональная, научная и техническая деятельность, не включенная в другие группировки",false,False,,x,883.0,,,x,846.0,,,,,,,3,"Прочая профессиональная, научная и техническая деятельность",ОБЛАСТЬ АБАЙ,КОКПЕКТИНСКИЙ РАЙОН,0
448790,279632,"Прочая профессиональная, научная и техническая деятельность, не включенная в другие группировки",false,False,,x,883.0,,,x,846.0,,,,,,,4,"Прочая профессиональная, научная и техническая деятельность, не включенная в другие группировки",ОБЛАСТЬ АБАЙ,КОКПЕКТИНСКИЙ РАЙОН,0
448792,279629,"Иная профессиональная, научная и техническая деятельность, не включенная в другие группировки",true,False,,x,883.0,,,x,846.0,,,,,,,5,"Прочая профессиональная, научная и техническая деятельность, не включенная в другие группировки",ОБЛАСТЬ АБАЙ,КОКПЕКТИНСКИЙ РАЙОН,0
448797,646453,Деятельность в области административного и вспомогательного обслуживания,false,False,,,,,,x,846.0,,,,,,,1,Всего,ОБЛАСТЬ АБАЙ,КОКПЕКТИНСКИЙ РАЙОН,0
448870,688616,"Деятельность в области офисного административного и вспомогательного обслуживания, направленная на поддержание коммерческой деятельности",false,False,,,,,,x,846.0,,,,,,,2,Деятельность в области административного и вспомогательного обслуживания,ОБЛАСТЬ АБАЙ,КОКПЕКТИНСКИЙ РАЙОН,0
448871,1314129,Деятельность в области офисного административного и вспомогательного обслуживания,false,False,,,,,,x,846.0,,,,,,,3,"Деятельность в области офисного административного и вспомогательного обслуживания, направленная на поддержание коммерческой деятельности",ОБЛАСТЬ АБАЙ,КОКПЕКТИНСКИЙ РАЙОН,0
448872,1343164,Деятельность по предоставлению комплексных офисных административных услуг,false,False,,,,,,x,846.0,,,,,,,4,Деятельность в области офисного административного и вспомогательного обслуживания,ОБЛАСТЬ АБАЙ,КОКПЕКТИНСКИЙ РАЙОН,0
448873,1378399,Деятельность по предоставлению комплексных офисных административных услуг,true,False,,,,,,x,846.0,,,,,,,5,Деятельность по предоставлению комплексных офисных административных услуг,ОБЛАСТЬ АБАЙ,КОКПЕКТИНСКИЙ РАЙОН,0
448889,625269,Государственное управление и оборона; обязательное  социальное обеспечение,false,False,,x,883.0,x,920.0,x,846.0,,,,,,,1,Всего,ОБЛАСТЬ АБАЙ,КОКПЕКТИНСКИЙ РАЙОН,0
448890,692719,Государственное управление и оборона; обязательное социальное обеспечение,false,False,,x,883.0,x,920.0,x,846.0,,,,,,,2,Государственное управление и оборона; обязательное  социальное обеспечение,ОБЛАСТЬ АБАЙ,КОКПЕКТИНСКИЙ РАЙОН,0
448891,1313401,Государственное управление общего характера и управление социально-экономическое политикой общества,false,False,,x,883.0,x,920.0,x,846.0,,,,,,,3,Государственное управление и оборона; обязательное социальное обеспечение,ОБЛАСТЬ АБАЙ,КОКПЕКТИНСКИЙ РАЙОН,0
448902,1377120,Регулирование и содействие эффективному ведению экономической деятельности,false,False,,x,883.0,x,920.0,x,846.0,,,,,,,4,Государственное управление общего характера и управление социально-экономическое политикой общества,ОБЛАСТЬ АБАЙ,КОКПЕКТИНСКИЙ РАЙОН,0
448903,1304557,Регулирование и содействие эффективному ведению экономической деятельности,true,False,,x,883.0,x,920.0,x,846.0,,,,,,,5,Регулирование и содействие эффективному ведению экономической деятельности,ОБЛАСТЬ АБАЙ,КОКПЕКТИНСКИЙ РАЙОН,0
448918,5950744,Образование,false,False,,,,,,,,37524000,1031.0,,,,,1,Всего,ОБЛАСТЬ АБАЙ,КОКПЕКТИНСКИЙ РАЙОН,0
448919,5948549,Образование,false,False,,,,,,,,37524000,1031.0,,,,,2,Образование,ОБЛАСТЬ АБАЙ,КОКПЕКТИНСКИЙ РАЙОН,0
448926,5948891,Среднее образование (2-й и 3-й уровни),false,False,,,,,,,,37524000,1031.0,,,,,3,Образование,ОБЛАСТЬ АБАЙ,КОКПЕКТИНСКИЙ РАЙОН,0
448927,5951207,Основное и общее среднее образование,false,False,,,,,,,,37524000,1031.0,,,,,4,Среднее образование (2-й и 3-й уровни),ОБЛАСТЬ АБАЙ,КОКПЕКТИНСКИЙ РАЙОН,0
448928,5950912,Основное и общее среднее образование,true,False,,,,,,,,37524000,1031.0,,,,,5,Основное и общее среднее образование,ОБЛАСТЬ АБАЙ,КОКПЕКТИНСКИЙ РАЙОН,0
448950,2840999,Здравоохранение и социальное обслуживание населения,false,False,,39060000,883.0,28078000,920.0,,,1248415000,1031.0,6734000,994.0,,,1,Всего,ОБЛАСТЬ АБАЙ,КОКПЕКТИНСКИЙ РАЙОН,0
448951,2840996,Деятельность в области здравоохранения,false,False,,39060000,883.0,28078000,920.0,,,1248415000,1031.0,6734000,994.0,,,2,Здравоохранение и социальное обслуживание населения,ОБЛАСТЬ АБАЙ,КОКПЕКТИНСКИЙ РАЙОН,0
448952,2840993,Деятельность больничных организаций,false,False,,39060000,883.0,28078000,920.0,,,x,1031.0,,,,,3,Деятельность в области здравоохранения,ОБЛАСТЬ АБАЙ,КОКПЕКТИНСКИЙ РАЙОН,0
448953,2840990,Деятельность больничных организаций,false,False,,39060000,883.0,28078000,920.0,,,x,1031.0,,,,,4,Деятельность больничных организаций,ОБЛАСТЬ АБАЙ,КОКПЕКТИНСКИЙ РАЙОН,0
448954,2840987,Деятельность больниц широкого профиля и специализированных больниц,true,False,,39060000,883.0,28078000,920.0,,,x,1031.0,,,,,5,Деятельность больничных организаций,ОБЛАСТЬ АБАЙ,КОКПЕКТИНСКИЙ РАЙОН,0
448959,5465474,Деятельность в области врачебной практики и стоматологии,false,False,,,,,,,,1041029000,1031.0,6734000,994.0,,,3,Деятельность в области здравоохранения,ОБЛАСТЬ АБАЙ,КОКПЕКТИНСКИЙ РАЙОН,0
448960,5466713,Общая врачебная практика,false,False,,,,,,,,1041029000,1031.0,6734000,994.0,,,4,Деятельность в области врачебной практики и стоматологии,ОБЛАСТЬ АБАЙ,КОКПЕКТИНСКИЙ РАЙОН,0
448961,5471443,Общая врачебная практика,true,False,,,,,,,,1041029000,1031.0,6734000,994.0,,,5,Общая врачебная практика,ОБЛАСТЬ АБАЙ,КОКПЕКТИНСКИЙ РАЙОН,0
448991,3877226,"Искусство, развлечения и отдых",false,False,,,,227457000,920.0,,,3000000,1031.0,,,1500000000,957.0,1,Всего,ОБЛАСТЬ АБАЙ,КОКПЕКТИНСКИЙ РАЙОН,0
449022,3877256,"Деятельность в области спорта, организации отдыха и развлечений",false,False,,,,227457000,920.0,,,3000000,1031.0,,,1500000000,957.0,2,"Искусство, развлечения и отдых",ОБЛАСТЬ АБАЙ,КОКПЕКТИНСКИЙ РАЙОН,0
449023,3887286,Деятельность в области спорта,false,False,,,,227457000,920.0,,,1000000,1031.0,,,1500000000,957.0,3,"Деятельность в области спорта, организации отдыха и развлечений",ОБЛАСТЬ АБАЙ,КОКПЕКТИНСКИЙ РАЙОН,0
449024,3887271,Эксплуатация спортивных сооружений,false,False,,,,227457000,920.0,,,1000000,1031.0,,,1500000000,957.0,4,Деятельность в области спорта,ОБЛАСТЬ АБАЙ,КОКПЕКТИНСКИЙ РАЙОН,0
449025,3885982,Эксплуатация спортивных сооружений,true,False,,,,227457000,920.0,,,1000000,1031.0,,,1500000000,957.0,5,Эксплуатация спортивных сооружений,ОБЛАСТЬ АБАЙ,КОКПЕКТИНСКИЙ РАЙОН,0
449032,5885709,Деятельность по организации отдыха и развлечений,false,False,,,,,,,,2000000,1031.0,,,,,3,"Деятельность в области спорта, организации отдыха и развлечений",ОБЛАСТЬ АБАЙ,КОКПЕКТИНСКИЙ РАЙОН,0
449035,5883376,Прочая деятельность по организации отдыха и развлечений,false,False,,,,,,,,2000000,1031.0,,,,,4,Деятельность по организации отдыха и развлечений,ОБЛАСТЬ АБАЙ,КОКПЕКТИНСКИЙ РАЙОН,0
449039,5884401,Прочие виды деятельности по организации отдыха и развлечений,true,False,,,,,,,,2000000,1031.0,,,,,5,Прочая деятельность по организации отдыха и развлечений,ОБЛАСТЬ АБАЙ,КОКПЕКТИНСКИЙ РАЙОН,0
741340,36314,Промышленность,false,False,,4680722000,883.0,14354096000,920.0,1865779000,846.0,721150000,1031.0,1579153000,994.0,329738000,957.0,1,Всего,ОБЛАСТЬ АБАЙ,КОКПЕКТИНСКИЙ РАЙОН,0
447279,123906,Горнодобывающая промышленность и разработка карьеров,false,False,,83979000,883.0,6730577000,920.0,323506000,846.0,x,1031.0,,,x,957.0,2,Промышленность,ОБЛАСТЬ АБАЙ,КОКПЕКТИНСКИЙ РАЙОН,0
447298,36312,Добыча металлических руд,false,False,,83979000,883.0,6730577000,920.0,323206000,846.0,x,1031.0,,,x,957.0,3,Горнодобывающая промышленность и разработка карьеров,ОБЛАСТЬ АБАЙ,КОКПЕКТИНСКИЙ РАЙОН,0
447303,123904,"Добыча руд, кроме железных ",false,False,,83979000,883.0,6730577000,920.0,323206000,846.0,x,1031.0,,,x,957.0,4,Добыча металлических руд,ОБЛАСТЬ АБАЙ,КОКПЕКТИНСКИЙ РАЙОН,0
447306,123902,Добыча прочих металлических руд,false,False,,83979000,883.0,6730577000,920.0,323206000,846.0,x,1031.0,,,x,957.0,5,"Добыча руд, кроме железных ",ОБЛАСТЬ АБАЙ,КОКПЕКТИНСКИЙ РАЙОН,0
447311,206375,Добыча и обогащение титановомагниевого сырья (руды),true,False,,x,883.0,x,920.0,x,846.0,,,,,,,6,Добыча прочих металлических руд,ОБЛАСТЬ АБАЙ,КОКПЕКТИНСКИЙ РАЙОН,0
447314,36310,Добыча драгоценных металлов и руд редких металлов,true,False,,79355000,883.0,429440000,920.0,x,846.0,x,1031.0,,,x,957.0,6,Добыча прочих металлических руд,ОБЛАСТЬ АБАЙ,КОКПЕКТИНСКИЙ РАЙОН,0
447339,1311390,Предоставление услуг в горнодобывающей промышленности,false,False,,,,,,300000,846.0,,,,,,,3,Горнодобывающая промышленность и разработка карьеров,ОБЛАСТЬ АБАЙ,КОКПЕКТИНСКИЙ РАЙОН,0
447343,1339504,"Предоставление услуг, способствующих добыче других полезных ископаемых",false,False,,,,,,300000,846.0,,,,,,,4,Предоставление услуг в горнодобывающей промышленности,ОБЛАСТЬ АБАЙ,КОКПЕКТИНСКИЙ РАЙОН,0
447344,1366670,"Предоставление услуг, способствующих добыче других полезных ископаемых",false,False,,,,,,300000,846.0,,,,,,,5,"Предоставление услуг, способствующих добыче других полезных ископаемых",ОБЛАСТЬ АБАЙ,КОКПЕКТИНСКИЙ РАЙОН,0
447345,1333443,"Предоставление услуг, способствующих добыче других полезных ископаемых",true,False,,,,,,300000,846.0,,,,,,,6,"Предоставление услуг, способствующих добыче других полезных ископаемых",ОБЛАСТЬ АБАЙ,КОКПЕКТИНСКИЙ РАЙОН,0
447346,2841046,Обрабатывающая промышленность,false,False,,,,x,920.0,,,,,,,,,2,Промышленность,ОБЛАСТЬ АБАЙ,КОКПЕКТИНСКИЙ РАЙОН,0
447347,2841044,Производство продуктов питания,false,False,,,,x,920.0,,,,,,,,,3,Обрабатывающая промышленность,ОБЛАСТЬ АБАЙ,КОКПЕКТИНСКИЙ РАЙОН,0
447365,4153890,Производство растительных и животных масел и жиров,false,False,,,,x,920.0,,,,,,,,,4,Производство продуктов питания,ОБЛАСТЬ АБАЙ,КОКПЕКТИНСКИЙ РАЙОН,0
447366,4156258,Производство масел и жиров,false,False,,,,x,920.0,,,,,,,,,5,Производство растительных и животных масел и жиров,ОБЛАСТЬ АБАЙ,КОКПЕКТИНСКИЙ РАЙОН,0
447368,4153360,Производство рафинированных масел и жиров,true,False,,,,x,920.0,,,,,,,,,6,Производство масел и жиров,ОБЛАСТЬ АБАЙ,КОКПЕКТИНСКИЙ РАЙОН,0
448090,665436,"Снабжение электроэнергией, газом, паром, горячей водой и кондиционированным воздухом",false,False,,268736000,883.0,180521000,920.0,107064000,846.0,162150000,1031.0,166153000,994.0,33900000,957.0,2,Промышленность,ОБЛАСТЬ АБАЙ,КОКПЕКТИНСКИЙ РАЙОН,0
448091,1393308,"Снабжение электроэнергией, газом, паром, горячей водой и кондиционированным воздухом",false,False,,268736000,883.0,180521000,920.0,107064000,846.0,162150000,1031.0,166153000,994.0,33900000,957.0,3,"Снабжение электроэнергией, газом, паром, горячей водой и кондиционированным воздухом",ОБЛАСТЬ АБАЙ,КОКПЕКТИНСКИЙ РАЙОН,0
448092,1263716,"Производство, передача и распределение электроэнергии",false,False,,268736000,883.0,180521000,920.0,107064000,846.0,162150000,1031.0,166153000,994.0,33900000,957.0,4,"Снабжение электроэнергией, газом, паром, горячей водой и кондиционированным воздухом",ОБЛАСТЬ АБАЙ,КОКПЕКТИНСКИЙ РАЙОН,0
448100,1262706,Распределение электроэнергии,false,False,,268736000,883.0,180521000,920.0,107064000,846.0,162150000,1031.0,166153000,994.0,33900000,957.0,5,"Производство, передача и распределение электроэнергии",ОБЛАСТЬ АБАЙ,КОКПЕКТИНСКИЙ РАЙОН,0
448101,1302494,Распределение электроэнергии,true,False,,268736000,883.0,180521000,920.0,107064000,846.0,162150000,1031.0,166153000,994.0,33900000,957.0,6,Распределение электроэнергии,ОБЛАСТЬ АБАЙ,КОКПЕКТИНСКИЙ РАЙОН,0
448117,665354,"Водоснабжение; водоотведение; сбор, обработка и удаление отходов, деятельность по ликвидации загрязнений",false,False,,4328007000,883.0,7442036000,920.0,1435209000,846.0,,,1413000000,994.0,265000000,957.0,2,Промышленность,ОБЛАСТЬ АБАЙ,КОКПЕКТИНСКИЙ РАЙОН,0
448118,1354712,"Забор, обработка и распределение воды",false,False,,4328007000,883.0,7442036000,920.0,1435209000,846.0,,,1413000000,994.0,265000000,957.0,3,"Водоснабжение; водоотведение; сбор, обработка и удаление отходов, деятельность по ликвидации загрязнений",ОБЛАСТЬ АБАЙ,КОКПЕКТИНСКИЙ РАЙОН,0
448119,1293305,"Забор, обработка и распределение воды",false,False,,4328007000,883.0,7442036000,920.0,1435209000,846.0,,,1413000000,994.0,265000000,957.0,4,"Забор, обработка и распределение воды",ОБЛАСТЬ АБАЙ,КОКПЕКТИНСКИЙ РАЙОН,0
448120,1388165,"Забор, обработка и распределение воды",false,False,,4328007000,883.0,7442036000,920.0,1435209000,846.0,,,1413000000,994.0,265000000,957.0,5,"Забор, обработка и распределение воды",ОБЛАСТЬ АБАЙ,КОКПЕКТИНСКИЙ РАЙОН,0
448121,1269550,"Забор, обработка и распределение воды",true,False,,4328007000,883.0,7442036000,920.0,1435209000,846.0,,,1413000000,994.0,265000000,957.0,6,"Забор, обработка и распределение воды",ОБЛАСТЬ АБАЙ,КОКПЕКТИНСКИЙ РАЙОН,0
741885,36832,Всего,false,false,,23163995000,883.0,25364215000,920.0,10390820000,846.0,38650687000,1031.0,47412097000,994.0,27239741000,957.0,0,,ОБЛАСТЬ АБАЙ,УРДЖАРСКИЙ РАЙОН,
447173,36823,"Сельское, лесное и рыбное хозяйство",false,False,,2750451000,883.0,3465424000,920.0,2020960000,846.0,4682911000,1031.0,5422512000,994.0,6325015000,957.0,1,Всего,ОБЛАСТЬ АБАЙ,УРДЖАРСКИЙ РАЙОН,0
447174,123770,"Растениеводство и животноводство, охота и предоставление услуг в этих областях",false,False,,2750451000,883.0,3465424000,920.0,2020960000,846.0,4682911000,1031.0,5422512000,994.0,6325015000,957.0,2,"Сельское, лесное и рыбное хозяйство",ОБЛАСТЬ АБАЙ,УРДЖАРСКИЙ РАЙОН,0
447175,205373,Выращивание одно- или двухлетних культур,false,False,,566792000,883.0,2696546000,920.0,1507797000,846.0,3154118000,1031.0,4164329000,994.0,1947330000,957.0,3,"Растениеводство и животноводство, охота и предоставление услуг в этих областях",ОБЛАСТЬ АБАЙ,УРДЖАРСКИЙ РАЙОН,0
447176,205371,"Выращивание зерновых (кроме риса), бобовых и масличных культур",false,False,,566792000,883.0,2664181000,920.0,1507797000,846.0,3154118000,1031.0,4118588000,994.0,1915201000,957.0,4,Выращивание одно- или двухлетних культур,ОБЛАСТЬ АБАЙ,УРДЖАРСКИЙ РАЙОН,0
447178,3909593,Выращивание масличных культур и их семян,true,False,,,,14797000,920.0,,,10330000,1031.0,16529000,994.0,167409000,957.0,5,"Выращивание зерновых (кроме риса), бобовых и масличных культур",ОБЛАСТЬ АБАЙ,УРДЖАРСКИЙ РАЙОН,0
3783380,205369,"Выращивание зерновых и зернобобовых культур, включая семеноводство",true,False,,566792000,883.0,2649384000,920.0,1507797000,846.0,3143788000,1031.0,4102059000,994.0,1747792000,957.0,5,"Выращивание зерновых (кроме риса), бобовых и масличных культур",ОБЛАСТЬ АБАЙ,УРДЖАРСКИЙ РАЙОН,0
447192,3254018,Выращивание прочих одно- или двухлетних культур,false,False,,,,32365000,920.0,,,,,45741000,994.0,32129000,957.0,4,Выращивание одно- или двухлетних культур,ОБЛАСТЬ АБАЙ,УРДЖАРСКИЙ РАЙОН,0
447193,3911349,Выращивание кормовых культур и их семян,true,False,,,,17780000,920.0,,,,,26116000,994.0,,,5,Выращивание прочих одно- или двухлетних культур,ОБЛАСТЬ АБАЙ,УРДЖАРСКИЙ РАЙОН,0
447195,3255538,"Выращивание прочих одно- или двухлетних культур, не включенных в другие группировки",true,False,,,,14585000,920.0,,,,,19625000,994.0,32129000,957.0,5,Выращивание прочих одно- или двухлетних культур,ОБЛАСТЬ АБАЙ,УРДЖАРСКИЙ РАЙОН,0
447196,3877285,Выращивание многолетних культур,false,False,,,,x,920.0,,,x,1031.0,46677000,994.0,x,957.0,3,"Растениеводство и животноводство, охота и предоставление услуг в этих областях",ОБЛАСТЬ АБАЙ,УРДЖАРСКИЙ РАЙОН,0
447207,5332347,Выращивание маслосодержащих плодов,false,False,,,,,,,,,,23450000,994.0,,,4,Выращивание многолетних культур,ОБЛАСТЬ АБАЙ,УРДЖАРСКИЙ РАЙОН,0
447208,5329236,Выращивание маслосодержащих плодов,true,False,,,,,,,,,,23450000,994.0,,,5,Выращивание маслосодержащих плодов,ОБЛАСТЬ АБАЙ,УРДЖАРСКИЙ РАЙОН,0
447213,3886479,Выращивание прочих многолетних культур,false,False,,,,x,920.0,,,x,1031.0,x,994.0,x,957.0,4,Выращивание многолетних культур,ОБЛАСТЬ АБАЙ,УРДЖАРСКИЙ РАЙОН,0
447214,3886977,Выращивание прочих многолетних культур,true,False,,,,x,920.0,,,x,1031.0,x,994.0,x,957.0,5,Выращивание прочих многолетних культур,ОБЛАСТЬ АБАЙ,УРДЖАРСКИЙ РАЙОН,0
447218,36819,Животноводство,false,False,,2127068000,883.0,741178000,920.0,513163000,846.0,407369000,1031.0,843944000,994.0,1859300000,957.0,3,"Растениеводство и животноводство, охота и предоставление услуг в этих областях",ОБЛАСТЬ АБАЙ,УРДЖАРСКИЙ РАЙОН,0
447219,3912252,Разведение крупного рогатого скота молочного направления,false,False,,,,3400000,920.0,,,46856000,1031.0,72228000,994.0,11030000,957.0,4,Животноводство,ОБЛАСТЬ АБАЙ,УРДЖАРСКИЙ РАЙОН,0
447220,3910133,Разведение крупного рогатого скота молочного направления,true,False,,,,3400000,920.0,,,46856000,1031.0,72228000,994.0,11030000,957.0,5,Разведение крупного рогатого скота молочного направления,ОБЛАСТЬ АБАЙ,УРДЖАРСКИЙ РАЙОН,0
447221,123760,Разведение прочего крупного рогатого скота и буйволов,false,False,,2127068000,883.0,715805000,920.0,507663000,846.0,320513000,1031.0,626761000,994.0,1786055000,957.0,4,Животноводство,ОБЛАСТЬ АБАЙ,УРДЖАРСКИЙ РАЙОН,0
447222,123757,Разведение прочего крупного рогатого скота и буйволов,true,False,,2127068000,883.0,715805000,920.0,507663000,846.0,320513000,1031.0,626761000,994.0,1786055000,957.0,5,Разведение прочего крупного рогатого скота и буйволов,ОБЛАСТЬ АБАЙ,УРДЖАРСКИЙ РАЙОН,0
447223,3908500,Разведение лошадей и прочих животных семейства лошадиных,false,False,,,,11800000,920.0,,,40000000,1031.0,48000000,994.0,21420000,957.0,4,Животноводство,ОБЛАСТЬ АБАЙ,УРДЖАРСКИЙ РАЙОН,0
447224,3910339,Разведение лошадей,true,False,,,,11800000,920.0,,,40000000,1031.0,48000000,994.0,21420000,957.0,5,Разведение лошадей и прочих животных семейства лошадиных,ОБЛАСТЬ АБАЙ,УРДЖАРСКИЙ РАЙОН,0
447228,1263795,Разведение овец и коз,false,False,,,,4373000,920.0,5500000,846.0,,,73766000,994.0,40795000,957.0,4,Животноводство,ОБЛАСТЬ АБАЙ,УРДЖАРСКИЙ РАЙОН,0
447229,1265847,Разведение овец и коз,true,False,,,,4373000,920.0,5500000,846.0,,,73766000,994.0,40795000,957.0,5,Разведение овец и коз,ОБЛАСТЬ АБАЙ,УРДЖАРСКИЙ РАЙОН,0
447237,3253116,Разведение прочих видов животных,false,False,,,,5800000,920.0,,,,,23189000,994.0,,,4,Животноводство,ОБЛАСТЬ АБАЙ,УРДЖАРСКИЙ РАЙОН,0
447238,3253027,Разведение прочих видов животных,true,False,,,,5800000,920.0,,,,,23189000,994.0,,,5,Разведение прочих видов животных,ОБЛАСТЬ АБАЙ,УРДЖАРСКИЙ РАЙОН,0
447239,2888043,Смешанное сельское хозяйство,false,False,,56591000,883.0,2200000,920.0,,,41461000,1031.0,253113000,994.0,,,3,"Растениеводство и животноводство, охота и предоставление услуг в этих областях",ОБЛАСТЬ АБАЙ,УРДЖАРСКИЙ РАЙОН,0
447240,2888040,Смешанное сельское хозяйство,false,False,,56591000,883.0,2200000,920.0,,,41461000,1031.0,253113000,994.0,,,4,Смешанное сельское хозяйство,ОБЛАСТЬ АБАЙ,УРДЖАРСКИЙ РАЙОН,0
447241,2888038,Смешанное сельское хозяйство,true,False,,56591000,883.0,2200000,920.0,,,41461000,1031.0,253113000,994.0,,,5,Смешанное сельское хозяйство,ОБЛАСТЬ АБАЙ,УРДЖАРСКИЙ РАЙОН,0
18683346,5334244,"Деятельность, способствующая выращиванию сельскохозяйственных культур и разведению животных и деятельность по обработке урожая",false,False,,,,,,,,1019301000,1031.0,114449000,994.0,,,3,"Растениеводство и животноводство, охота и предоставление услуг в этих областях",ОБЛАСТЬ АБАЙ,УРДЖАРСКИЙ РАЙОН,0
18683347,5870674,"Деятельность, способствующая растениеводству",false,False,,,,,,,,1019301000,1031.0,,,,,4,"Деятельность, способствующая выращиванию сельскохозяйственных культур и разведению животных и деятельность по обработке урожая",ОБЛАСТЬ АБАЙ,УРДЖАРСКИЙ РАЙОН,0
18683349,5870380,Эксплуатация оросительных систем,true,False,,,,,,,,1019301000,1031.0,,,,,5,"Деятельность, способствующая растениеводству",ОБЛАСТЬ АБАЙ,УРДЖАРСКИЙ РАЙОН,0
18683350,5333164,"Деятельность, способствующая животноводству",false,False,,,,,,,,,,114449000,994.0,,,4,"Деятельность, способствующая выращиванию сельскохозяйственных культур и разведению животных и деятельность по обработке урожая",ОБЛАСТЬ АБАЙ,УРДЖАРСКИЙ РАЙОН,0
18683351,5327622,"Деятельность, способствующая животноводству",true,False,,,,,,,,,,114449000,994.0,,,5,"Деятельность, способствующая животноводству",ОБЛАСТЬ АБАЙ,УРДЖАРСКИЙ РАЙОН,0
448148,2808094,Строительство,false,False,,,,325745000,920.0,,,x,1031.0,7074975000,994.0,2538488000,957.0,1,Всего,ОБЛАСТЬ АБАЙ,УРДЖАРСКИЙ РАЙОН,0
448157,4870253,Гражданское строительство,false,False,,,,,,,,,,,,2538488000,957.0,2,Строительство,ОБЛАСТЬ АБАЙ,УРДЖАРСКИЙ РАЙОН,0
448158,4826154,Строительство автомобильных и железных дорог,false,False,,,,,,,,,,,,2538488000,957.0,3,Гражданское строительство,ОБЛАСТЬ АБАЙ,УРДЖАРСКИЙ РАЙОН,0
18696143,4855687,Строительство автомобильных дорог,false,False,,,,,,,,,,,,2538488000,957.0,4,Строительство автомобильных и железных дорог,ОБЛАСТЬ АБАЙ,УРДЖАРСКИЙ РАЙОН,0
18946136,4856607,Строительство дорог и автомагистралей,true,False,,,,,,,,,,,,2538488000,957.0,5,Строительство автомобильных дорог,ОБЛАСТЬ АБАЙ,УРДЖАРСКИЙ РАЙОН,0
448177,5233352,Специализированные строительные работы,false,False,,,,,,,,x,1031.0,7074975000,994.0,,,2,Строительство,ОБЛАСТЬ АБАЙ,УРДЖАРСКИЙ РАЙОН,0
448187,5265677,"Монтаж и установка электрического, водопроводного и прочего оборудования",false,False,,,,,,,,,,x,994.0,,,3,Специализированные строительные работы,ОБЛАСТЬ АБАЙ,УРДЖАРСКИЙ РАЙОН,0
448192,5263570,Прочие строительно-монтажные работы,false,False,,,,,,,,,,x,994.0,,,4,"Монтаж и установка электрического, водопроводного и прочего оборудования",ОБЛАСТЬ АБАЙ,УРДЖАРСКИЙ РАЙОН,0
448194,5263008,"Прочие строительно-монтажные работы, не включенные в другие группировки",true,False,,,,,,,,,,x,994.0,,,5,Прочие строительно-монтажные работы,ОБЛАСТЬ АБАЙ,УРДЖАРСКИЙ РАЙОН,0
448207,5235378,Прочие специализированные строительные работы,false,False,,,,,,,,x,1031.0,x,994.0,,,3,Специализированные строительные работы,ОБЛАСТЬ АБАЙ,УРДЖАРСКИЙ РАЙОН,0
448210,5239367,"Прочие специализированные строительные работы, не включенные в другие группировки",false,False,,,,,,,,x,1031.0,x,994.0,,,4,Прочие специализированные строительные работы,ОБЛАСТЬ АБАЙ,УРДЖАРСКИЙ РАЙОН,0
448214,5234935,"Прочие строительные работы, требующие специальной квалификации",true,False,,,,,,,,x,1031.0,x,994.0,,,5,"Прочие специализированные строительные работы, не включенные в другие группировки",ОБЛАСТЬ АБАЙ,УРДЖАРСКИЙ РАЙОН,0
18710963,2808091,Строительство зданий,false,False,,,,325745000,920.0,,,,,,,,,2,Строительство,ОБЛАСТЬ АБАЙ,УРДЖАРСКИЙ РАЙОН,0
18710967,2808089,Строительство жилых и нежилых зданий,false,False,,,,325745000,920.0,,,,,,,,,3,Строительство зданий,ОБЛАСТЬ АБАЙ,УРДЖАРСКИЙ РАЙОН,0
18710968,2808087,Строительство жилых и нежилых зданий,false,False,,,,325745000,920.0,,,,,,,,,4,Строительство жилых и нежилых зданий,ОБЛАСТЬ АБАЙ,УРДЖАРСКИЙ РАЙОН,0
18801543,2808085,"Строительство нежилых зданий, за исключением стационарных торговых объектов категорий 1, 2",true,False,,,,325745000,920.0,,,,,,,,,5,Строительство жилых и нежилых зданий,ОБЛАСТЬ АБАЙ,УРДЖАРСКИЙ РАЙОН,0
448215,359208,Оптовая и розничная торговля; ремонт автомобилей и мотоциклов,false,False,,79056000,883.0,640460000,920.0,163300000,846.0,116530000,1031.0,33188000,994.0,860842000,957.0,1,Всего,ОБЛАСТЬ АБАЙ,УРДЖАРСКИЙ РАЙОН,0
448216,3886770,Оптовая и розничная торговля автомобилями и мотоциклами и их ремонт,false,False,,,,15000000,920.0,,,5000000,1031.0,,,214000000,957.0,2,Оптовая и розничная торговля; ремонт автомобилей и мотоциклов,ОБЛАСТЬ АБАЙ,УРДЖАРСКИЙ РАЙОН,0
448224,3886810,Техническое обслуживание и ремонт автомобилей,false,False,,,,15000000,920.0,,,5000000,1031.0,,,214000000,957.0,3,Оптовая и розничная торговля автомобилями и мотоциклами и их ремонт,ОБЛАСТЬ АБАЙ,УРДЖАРСКИЙ РАЙОН,0
448225,3877735,Техническое обслуживание и ремонт автомобилей,false,False,,,,15000000,920.0,,,5000000,1031.0,,,214000000,957.0,4,Техническое обслуживание и ремонт автомобилей,ОБЛАСТЬ АБАЙ,УРДЖАРСКИЙ РАЙОН,0
20575904,3886610,"Техническое обслуживание и ремонт автомобилей, за исключением произведенных станциями технического обслуживания, находящимися на придорожной полосе",true,False,,,,15000000,920.0,,,5000000,1031.0,,,214000000,957.0,5,Техническое обслуживание и ремонт автомобилей,ОБЛАСТЬ АБАЙ,УРДЖАРСКИЙ РАЙОН,0
448377,386592,"Розничная торговля, кроме торговли автомобилями и мотоциклами",false,False,,79056000,883.0,625460000,920.0,163300000,846.0,111530000,1031.0,33188000,994.0,646842000,957.0,2,Оптовая и розничная торговля; ремонт автомобилей и мотоциклов,ОБЛАСТЬ АБАЙ,УРДЖАРСКИЙ РАЙОН,0
448378,386974,Розничная торговля в неспециализированных магазинах,false,False,,79056000,883.0,547000000,920.0,143800000,846.0,109430000,1031.0,30000000,994.0,632982000,957.0,3,"Розничная торговля, кроме торговли автомобилями и мотоциклами",ОБЛАСТЬ АБАЙ,УРДЖАРСКИЙ РАЙОН,0
448379,421775,"Розничная торговля в неспециализированных магазинах преимущественно продуктами питания, напитками и табачными изделиями",false,False,,79056000,883.0,547000000,920.0,25000000,846.0,68450000,1031.0,30000000,994.0,632982000,957.0,4,Розничная торговля в неспециализированных магазинах,ОБЛАСТЬ АБАЙ,УРДЖАРСКИЙ РАЙОН,0
3647934,452660,"Розничная торговля преимущественно продуктами питания, напитками и табачными изделиями в неспециализированных магазинах, являющихся торговыми объектами, с торговой площадью менее 2000 кв.м ",true,False,,79056000,883.0,547000000,920.0,25000000,846.0,68450000,1031.0,30000000,994.0,632982000,957.0,5,"Розничная торговля в неспециализированных магазинах преимущественно продуктами питания, напитками и табачными изделиями",ОБЛАСТЬ АБАЙ,УРДЖАРСКИЙ РАЙОН,0
448381,427541,Прочая розничная торговля в неспециализированных магазинах,false,False,,,,,,118800000,846.0,40980000,1031.0,,,,,4,Розничная торговля в неспециализированных магазинах,ОБЛАСТЬ АБАЙ,УРДЖАРСКИЙ РАЙОН,0
3647936,387156,"Прочая розничная торговля в неспециализированных магазинах, являющихся торговыми объектами, с торговой площадью менее 2000 кв.м ",true,False,,,,,,118800000,846.0,40980000,1031.0,,,,,5,Прочая розничная торговля в неспециализированных магазинах,ОБЛАСТЬ АБАЙ,УРДЖАРСКИЙ РАЙОН,0
448399,1401474,Розничная торговля топливом в специализированных магазинах,false,False,,,,77862000,920.0,19500000,846.0,2100000,1031.0,3188000,994.0,13512000,957.0,3,"Розничная торговля, кроме торговли автомобилями и мотоциклами",ОБЛАСТЬ АБАЙ,УРДЖАРСКИЙ РАЙОН,0
448400,1331188,Розничная торговля топливом в специализированных магазинах,false,False,,,,77862000,920.0,19500000,846.0,2100000,1031.0,3188000,994.0,13512000,957.0,4,Розничная торговля топливом в специализированных магазинах,ОБЛАСТЬ АБАЙ,УРДЖАРСКИЙ РАЙОН,0
18951442,1360169,Розничная торговля моторным топливом в специализированных магазинах,true,False,,,,,,19500000,846.0,,,,,,,5,Розничная торговля топливом в специализированных магазинах,ОБЛАСТЬ АБАЙ,УРДЖАРСКИЙ РАЙОН,0
20576124,3099822,"Розничная торговля моторным топливом в специализированных магазинах, за исключением находящихся на придорожной полосе",true,False,,,,77862000,920.0,,,2100000,1031.0,3188000,994.0,13512000,957.0,5,Розничная торговля топливом в специализированных магазинах,ОБЛАСТЬ АБАЙ,УРДЖАРСКИЙ РАЙОН,0
448409,4238574,Розничная торговля прочими бытовыми товарами в специализированных магазинах ,false,False,,,,x,920.0,,,,,,,x,957.0,3,"Розничная торговля, кроме торговли автомобилями и мотоциклами",ОБЛАСТЬ АБАЙ,УРДЖАРСКИЙ РАЙОН,0
448416,4272120,Розничная торговля электрическими бытовыми приборами в специализированных магазинах,false,False,,,,x,920.0,,,,,,,x,957.0,4,Розничная торговля прочими бытовыми товарами в специализированных магазинах ,ОБЛАСТЬ АБАЙ,УРДЖАРСКИЙ РАЙОН,0
3647962,4324235,"Розничная торговля электрическими бытовыми приборами в специализированных магазинах, являющихся торговыми объектами, с торговой площадью менее 2000 кв.м",true,False,,,,x,920.0,,,,,,,x,957.0,5,Розничная торговля электрическими бытовыми приборами в специализированных магазинах,ОБЛАСТЬ АБАЙ,УРДЖАРСКИЙ РАЙОН,0
448475,123651,Транспорт и складирование,false,False,,7343428000,883.0,6882631000,920.0,2250882000,846.0,24538733000,1031.0,20618569000,994.0,6259140000,957.0,1,Всего,ОБЛАСТЬ АБАЙ,УРДЖАРСКИЙ РАЙОН,0
448527,123645,Складирование грузов и вспомогательная транспортная деятельность,false,False,,7343428000,883.0,6882631000,920.0,2250882000,846.0,24538733000,1031.0,20618569000,994.0,6259140000,957.0,2,Транспорт и складирование,ОБЛАСТЬ АБАЙ,УРДЖАРСКИЙ РАЙОН,0
448528,5585653,Складирование и хранение грузов,false,False,,,,,,,,x,1031.0,,,,,3,Складирование грузов и вспомогательная транспортная деятельность,ОБЛАСТЬ АБАЙ,УРДЖАРСКИЙ РАЙОН,0
448529,5568222,Складирование и хранение грузов,false,False,,,,,,,,x,1031.0,,,,,4,Складирование и хранение грузов,ОБЛАСТЬ АБАЙ,УРДЖАРСКИЙ РАЙОН,0
77247719,5584877,"Складирование и хранение непродовольственных товаров, кроме зерна, масличных культур и нефти",true,False,,,,,,,,x,1031.0,,,,,5,Складирование и хранение грузов,ОБЛАСТЬ АБАЙ,УРДЖАРСКИЙ РАЙОН,0
448533,123638,Вспомогательная транспортная деятельность,false,False,,7343428000,883.0,6882631000,920.0,2250882000,846.0,24378185000,1031.0,20618569000,994.0,6259140000,957.0,3,Складирование грузов и вспомогательная транспортная деятельность,ОБЛАСТЬ АБАЙ,УРДЖАРСКИЙ РАЙОН,0
448534,123635,Вспомогательная деятельность сухопутного транспорта,false,False,,5428628000,883.0,4162123000,920.0,2057234000,846.0,24118702000,1031.0,20090679000,994.0,4993566000,957.0,4,Вспомогательная транспортная деятельность,ОБЛАСТЬ АБАЙ,УРДЖАРСКИЙ РАЙОН,0
448535,5421338,Эксплуатация железных дорог,true,False,,,,,,,,6701957000,1031.0,5557960000,994.0,,,5,Вспомогательная деятельность сухопутного транспорта,ОБЛАСТЬ АБАЙ,УРДЖАРСКИЙ РАЙОН,0
448536,123633,Эксплуатация автомобильных дорог,true,False,,5428628000,883.0,4162123000,920.0,2057234000,846.0,17416745000,1031.0,14532719000,994.0,4993566000,957.0,5,Вспомогательная деятельность сухопутного транспорта,ОБЛАСТЬ АБАЙ,УРДЖАРСКИЙ РАЙОН,0
448542,2826517,Вспомогательная деятельность воздушного транспорта,false,False,,1914800000,883.0,2720508000,920.0,,,259483000,1031.0,527890000,994.0,1265574000,957.0,4,Вспомогательная транспортная деятельность,ОБЛАСТЬ АБАЙ,УРДЖАРСКИЙ РАЙОН,0
448543,2826512,Регулирование использования воздушного пространства,true,False,,1914800000,883.0,,,,,,,,,,,5,Вспомогательная деятельность воздушного транспорта,ОБЛАСТЬ АБАЙ,УРДЖАРСКИЙ РАЙОН,0
19197186,4101509,Деятельность аэропортов,true,False,,,,2720508000,920.0,,,259483000,1031.0,527890000,994.0,1265574000,957.0,5,Вспомогательная деятельность воздушного транспорта,ОБЛАСТЬ АБАЙ,УРДЖАРСКИЙ РАЙОН,0
448547,1370611,Прочая вспомогательная транспортная деятельность,false,False,,,,,,x,846.0,,,,,,,4,Вспомогательная транспортная деятельность,ОБЛАСТЬ АБАЙ,УРДЖАРСКИЙ РАЙОН,0
448548,1330682,Транспортно-экспедиционные  услуги,true,False,,,,,,x,846.0,,,,,,,5,Прочая вспомогательная транспортная деятельность,ОБЛАСТЬ АБАЙ,УРДЖАРСКИЙ РАЙОН,0
448558,123627,Предоставление услуг по проживанию и питанию,false,False,,1703961000,883.0,3170891000,920.0,1404680000,846.0,399800000,1031.0,1018974000,994.0,2166793000,957.0,1,Всего,ОБЛАСТЬ АБАЙ,УРДЖАРСКИЙ РАЙОН,0
448573,387885,Предоставление услуг по обеспечению питанием и напитками,false,False,,17820000,883.0,466600000,920.0,40000000,846.0,279800000,1031.0,70000000,994.0,,,2,Предоставление услуг по проживанию и питанию,ОБЛАСТЬ АБАЙ,УРДЖАРСКИЙ РАЙОН,0
448574,449643,Деятельность ресторанов и предоставление услуг по доставке продуктов питания,false,False,,,,466600000,920.0,40000000,846.0,279800000,1031.0,70000000,994.0,,,3,Предоставление услуг по обеспечению питанием и напитками,ОБЛАСТЬ АБАЙ,УРДЖАРСКИЙ РАЙОН,0
448575,449927,Деятельность ресторанов и предоставление услуг по доставке продуктов питания,false,False,,,,466600000,920.0,40000000,846.0,279800000,1031.0,70000000,994.0,,,4,Деятельность ресторанов и предоставление услуг по доставке продуктов питания,ОБЛАСТЬ АБАЙ,УРДЖАРСКИЙ РАЙОН,0
448576,449979,Рестораны и услуги по доставке продуктов питания,true,False,,,,,,40000000,846.0,,,,,,,5,Деятельность ресторанов и предоставление услуг по доставке продуктов питания,ОБЛАСТЬ АБАЙ,УРДЖАРСКИЙ РАЙОН,0
20576362,4101561,"Деятельность ресторанов и предоставление услуг по доставке продуктов питания, за исключением деятельности объектов, находящихся на придорожной полосе",true,False,,,,466600000,920.0,,,279800000,1031.0,70000000,994.0,,,5,Деятельность ресторанов и предоставление услуг по доставке продуктов питания,ОБЛАСТЬ АБАЙ,УРДЖАРСКИЙ РАЙОН,0
448577,2751474,Доставка готовой пищи на заказ и прочая деятельность по обеспечению питанием,false,False,,17820000,883.0,,,,,,,,,,,3,Предоставление услуг по обеспечению питанием и напитками,ОБЛАСТЬ АБАЙ,УРДЖАРСКИЙ РАЙОН,0
448580,2751471,Прочая деятельность по обеспечению питанием,false,False,,17820000,883.0,,,,,,,,,,,4,Доставка готовой пищи на заказ и прочая деятельность по обеспечению питанием,ОБЛАСТЬ АБАЙ,УРДЖАРСКИЙ РАЙОН,0
18951444,2751466,Прочие виды организации питания вне населенных пунктов,true,False,,17820000,883.0,,,,,,,,,,,5,Прочая деятельность по обеспечению питанием,ОБЛАСТЬ АБАЙ,УРДЖАРСКИЙ РАЙОН,0
3783427,123373,Предоставление услуг по временному проживанию,false,False,,1686141000,883.0,2704291000,920.0,1364680000,846.0,120000000,1031.0,948974000,994.0,2166793000,957.0,2,Предоставление услуг по проживанию и питанию,ОБЛАСТЬ АБАЙ,УРДЖАРСКИЙ РАЙОН,0
3783428,4906405,Предоставление услуг гостиницами и аналогичными местами для проживания,false,False,,,,,,,,120000000,1031.0,100000000,994.0,x,957.0,3,Предоставление услуг по временному проживанию,ОБЛАСТЬ АБАЙ,УРДЖАРСКИЙ РАЙОН,0
3783429,4916464,Предоставление услуг гостиницами и аналогичными местами для проживания,false,False,,,,,,,,120000000,1031.0,100000000,994.0,x,957.0,4,Предоставление услуг гостиницами и аналогичными местами для проживания,ОБЛАСТЬ АБАЙ,УРДЖАРСКИЙ РАЙОН,0
3783430,4912206,"Предоставление услуг гостиницами с ресторанами, за исключением гостиниц, находящихся на придорожной полосе",true,False,,,,,,,,,,100000000,994.0,x,957.0,5,Предоставление услуг гостиницами и аналогичными местами для проживания,ОБЛАСТЬ АБАЙ,УРДЖАРСКИЙ РАЙОН,0
3783431,5819757,"Предоставление услуг гостиницами без ресторанов, за исключением гостиниц, находящихся на придорожной полосе",true,False,,,,,,,,120000000,1031.0,,,,,5,Предоставление услуг гостиницами и аналогичными местами для проживания,ОБЛАСТЬ АБАЙ,УРДЖАРСКИЙ РАЙОН,0
3783432,123359,Предоставление жилья на выходные дни и прочие периоды краткосрочного проживания,false,False,,1686141000,883.0,2704291000,920.0,1364680000,846.0,,,848974000,994.0,2057893000,957.0,3,Предоставление услуг по временному проживанию,ОБЛАСТЬ АБАЙ,УРДЖАРСКИЙ РАЙОН,0
3783433,123350,Предоставление жилья на выходные дни и прочие периоды краткосрочного проживания,false,False,,1686141000,883.0,2704291000,920.0,1364680000,846.0,,,848974000,994.0,2057893000,957.0,4,Предоставление жилья на выходные дни и прочие периоды краткосрочного проживания,ОБЛАСТЬ АБАЙ,УРДЖАРСКИЙ РАЙОН,0
3783434,123343,Предоставление жилья на выходные дни и прочие периоды краткосрочного проживания,true,False,,1686141000,883.0,2704291000,920.0,1364680000,846.0,,,848974000,994.0,2057893000,957.0,5,Предоставление жилья на выходные дни и прочие периоды краткосрочного проживания,ОБЛАСТЬ АБАЙ,УРДЖАРСКИЙ РАЙОН,0
448585,280038,Информация и связь,false,False,,552660000,883.0,10494000,920.0,195355000,846.0,22573000,1031.0,227569000,994.0,69464000,957.0,1,Всего,ОБЛАСТЬ АБАЙ,УРДЖАРСКИЙ РАЙОН,0
448623,280033,Телекоммуникации,false,False,,552660000,883.0,10494000,920.0,195355000,846.0,22573000,1031.0,227569000,994.0,69464000,957.0,2,Информация и связь,ОБЛАСТЬ АБАЙ,УРДЖАРСКИЙ РАЙОН,0
448627,280018,Беспроводная телекоммуникационная связь,false,False,,515796000,883.0,,,175817000,846.0,22573000,1031.0,227569000,994.0,69464000,957.0,3,Телекоммуникации,ОБЛАСТЬ АБАЙ,УРДЖАРСКИЙ РАЙОН,0
448628,280012,Беспроводная телекоммуникационная связь,false,False,,515796000,883.0,,,175817000,846.0,22573000,1031.0,227569000,994.0,69464000,957.0,4,Беспроводная телекоммуникационная связь,ОБЛАСТЬ АБАЙ,УРДЖАРСКИЙ РАЙОН,0
18946147,4816586,Беспроводная телекоммуникационная связь посредством единой транспортной среды,true,False,,,,,,,,x,1031.0,181071000,994.0,23095000,957.0,5,Беспроводная телекоммуникационная связь,ОБЛАСТЬ АБАЙ,УРДЖАРСКИЙ РАЙОН,0
18946148,4367769,"Организация вещания теле-, радиопрограмм посредством сети национального оператора телерадиовещания",true,False,,,,,,,,,,46498000,994.0,46369000,957.0,5,Беспроводная телекоммуникационная связь,ОБЛАСТЬ АБАЙ,УРДЖАРСКИЙ РАЙОН,0
18946149,280008,Прочая беспроводная телекоммуникационная связь,true,False,,515796000,883.0,,,175817000,846.0,12414000,1031.0,,,,,5,Беспроводная телекоммуникационная связь,ОБЛАСТЬ АБАЙ,УРДЖАРСКИЙ РАЙОН,0
18696628,280028,Проводная телекоммуникационная связь,false,False,,36864000,883.0,10494000,920.0,19538000,846.0,,,,,,,3,Телекоммуникации,ОБЛАСТЬ АБАЙ,УРДЖАРСКИЙ РАЙОН,0
18696629,280026,Проводная телекоммуникационная связь,false,False,,36864000,883.0,10494000,920.0,19538000,846.0,,,,,,,4,Проводная телекоммуникационная связь,ОБЛАСТЬ АБАЙ,УРДЖАРСКИЙ РАЙОН,0
18946146,280020,Прочая проводная телекоммуникационная связь,true,False,,36864000,883.0,10494000,920.0,19538000,846.0,,,,,,,5,Проводная телекоммуникационная связь,ОБЛАСТЬ АБАЙ,УРДЖАРСКИЙ РАЙОН,0
448714,123317,Операции с недвижимым имуществом,false,False,,2039321000,883.0,2214890000,920.0,1718579000,846.0,2177769000,1031.0,2495923000,994.0,2142943000,957.0,1,Всего,ОБЛАСТЬ АБАЙ,УРДЖАРСКИЙ РАЙОН,0
448715,123315,Операции с недвижимым имуществом,false,False,,2039321000,883.0,2214890000,920.0,1718579000,846.0,2177769000,1031.0,2495923000,994.0,2142943000,957.0,2,Операции с недвижимым имуществом,ОБЛАСТЬ АБАЙ,УРДЖАРСКИЙ РАЙОН,0
448716,123309,Покупка и продажа собственного недвижимого имущества ,false,False,,2039321000,883.0,2186900000,920.0,1718579000,846.0,2004857000,1031.0,2445923000,994.0,2142943000,957.0,3,Операции с недвижимым имуществом,ОБЛАСТЬ АБАЙ,УРДЖАРСКИЙ РАЙОН,0
448717,123302,Покупка и продажа собственного недвижимого имущества ,false,False,,2039321000,883.0,2186900000,920.0,1718579000,846.0,2004857000,1031.0,2445923000,994.0,2142943000,957.0,4,Покупка и продажа собственного недвижимого имущества ,ОБЛАСТЬ АБАЙ,УРДЖАРСКИЙ РАЙОН,0
543091,123295,Покупка и продажа многоквартирных и жилых домов (особняков),true,False,,2039321000,883.0,2186900000,920.0,1718579000,846.0,2004857000,1031.0,2445923000,994.0,2142943000,957.0,5,Покупка и продажа собственного недвижимого имущества ,ОБЛАСТЬ АБАЙ,УРДЖАРСКИЙ РАЙОН,0
448719,3910093,Аренда и управление собственной или арендуемой недвижимостью,false,False,,,,27990000,920.0,,,172912000,1031.0,50000000,994.0,,,3,Операции с недвижимым имуществом,ОБЛАСТЬ АБАЙ,УРДЖАРСКИЙ РАЙОН,0
448720,3911224,Аренда и управление собственной или арендуемой недвижимостью,false,False,,,,27990000,920.0,,,172912000,1031.0,50000000,994.0,,,4,Аренда и управление собственной или арендуемой недвижимостью,ОБЛАСТЬ АБАЙ,УРДЖАРСКИЙ РАЙОН,0
18946171,3909958,Аренда и управление собственной недвижимостью,true,False,,,,27990000,920.0,,,,,50000000,994.0,,,5,Аренда и управление собственной или арендуемой недвижимостью,ОБЛАСТЬ АБАЙ,УРДЖАРСКИЙ РАЙОН,0
77264171,5585472,Аренда (субаренда) и управление собственной или арендованной жилой недвижимостью,true,False,,,,,,,,152912000,1031.0,,,,,5,Аренда и управление собственной или арендуемой недвижимостью,ОБЛАСТЬ АБАЙ,УРДЖАРСКИЙ РАЙОН,0
77264174,5948901,Аренда (субаренда) и управление собственными или арендованными складскими помещениями ,true,False,,,,,,,,20000000,1031.0,,,,,5,Аренда и управление собственной или арендуемой недвижимостью,ОБЛАСТЬ АБАЙ,УРДЖАРСКИЙ РАЙОН,0
448797,617977,Деятельность в области административного и вспомогательного обслуживания,false,False,,326540000,883.0,,,30000000,846.0,7000000,1031.0,12961000,994.0,,,1,Всего,ОБЛАСТЬ АБАЙ,УРДЖАРСКИЙ РАЙОН,0
448856,633210,Деятельность по обслуживанию зданий и благоустройству территорий,false,False,,326540000,883.0,,,30000000,846.0,7000000,1031.0,12961000,994.0,,,2,Деятельность в области административного и вспомогательного обслуживания,ОБЛАСТЬ АБАЙ,УРДЖАРСКИЙ РАЙОН,0
448867,1305314,Деятельность по благоустройству территорий,false,False,,326540000,883.0,,,30000000,846.0,7000000,1031.0,12961000,994.0,,,3,Деятельность по обслуживанию зданий и благоустройству территорий,ОБЛАСТЬ АБАЙ,УРДЖАРСКИЙ РАЙОН,0
448868,1312480,Деятельность по благоустройству территорий,false,False,,326540000,883.0,,,30000000,846.0,7000000,1031.0,12961000,994.0,,,4,Деятельность по благоустройству территорий,ОБЛАСТЬ АБАЙ,УРДЖАРСКИЙ РАЙОН,0
448869,1411573,Деятельность по благоустройству территорий,true,False,,326540000,883.0,,,30000000,846.0,7000000,1031.0,12961000,994.0,,,5,Деятельность по благоустройству территорий,ОБЛАСТЬ АБАЙ,УРДЖАРСКИЙ РАЙОН,0
448889,4818394,Государственное управление и оборона; обязательное  социальное обеспечение,false,False,,,,,,,,50083000,1031.0,4284099000,994.0,135156000,957.0,1,Всего,ОБЛАСТЬ АБАЙ,УРДЖАРСКИЙ РАЙОН,0
448890,4818762,Государственное управление и оборона; обязательное социальное обеспечение,false,False,,,,,,,,50083000,1031.0,4284099000,994.0,135156000,957.0,2,Государственное управление и оборона; обязательное  социальное обеспечение,ОБЛАСТЬ АБАЙ,УРДЖАРСКИЙ РАЙОН,0
448891,4818319,Государственное управление общего характера и управление социально-экономическое политикой общества,false,False,,,,,,,,50083000,1031.0,4283225000,994.0,135156000,957.0,3,Государственное управление и оборона; обязательное социальное обеспечение,ОБЛАСТЬ АБАЙ,УРДЖАРСКИЙ РАЙОН,0
448892,4818800,Государственное управление общего характера,false,False,,,,,,,,15262000,1031.0,4182401000,994.0,135156000,957.0,4,Государственное управление общего характера и управление социально-экономическое политикой общества,ОБЛАСТЬ АБАЙ,УРДЖАРСКИЙ РАЙОН,0
448895,5419776,Деятельность местных органов управления,true,False,,,,,,,,15262000,1031.0,13190000,994.0,,,5,Государственное управление общего характера,ОБЛАСТЬ АБАЙ,УРДЖАРСКИЙ РАЙОН,0
448896,5362861,Деятельность сельских и поселковых органов управления,true,False,,,,,,,,,,12925000,994.0,,,5,Государственное управление общего характера,ОБЛАСТЬ АБАЙ,УРДЖАРСКИЙ РАЙОН,0
448898,4816592,Деятельность таможни,true,False,,,,,,,,,,4156286000,994.0,135156000,957.0,5,Государственное управление общего характера,ОБЛАСТЬ АБАЙ,УРДЖАРСКИЙ РАЙОН,0
448900,5219763,"Регулирование деятельности учреждений здравоохранения, образования, культуры и других социальных услуг, кроме социального обеспечения ",false,False,,,,,,,,16901000,1031.0,100824000,994.0,,,4,Государственное управление общего характера и управление социально-экономическое политикой общества,ОБЛАСТЬ АБАЙ,УРДЖАРСКИЙ РАЙОН,0
448901,5221444,"Регулирование деятельности учреждений здравоохранения, образования, культуры и других социальных услуг, кроме социального обеспечения ",true,False,,,,,,,,16901000,1031.0,100824000,994.0,,,5,"Регулирование деятельности учреждений здравоохранения, образования, культуры и других социальных услуг, кроме социального обеспечения ",ОБЛАСТЬ АБАЙ,УРДЖАРСКИЙ РАЙОН,0
448902,5520053,Регулирование и содействие эффективному ведению экономической деятельности,false,False,,,,,,,,17920000,1031.0,,,,,4,Государственное управление общего характера и управление социально-экономическое политикой общества,ОБЛАСТЬ АБАЙ,УРДЖАРСКИЙ РАЙОН,0
448903,5520047,Регулирование и содействие эффективному ведению экономической деятельности,true,False,,,,,,,,17920000,1031.0,,,,,5,Регулирование и содействие эффективному ведению экономической деятельности,ОБЛАСТЬ АБАЙ,УРДЖАРСКИЙ РАЙОН,0
448904,5468456,Предоставление государством услуг обществу в целом,false,False,,,,,,,,,,874000,994.0,,,3,Государственное управление и оборона; обязательное социальное обеспечение,ОБЛАСТЬ АБАЙ,УРДЖАРСКИЙ РАЙОН,0
448913,5471102,Деятельность по обеспечению безопасности в чрезвычайных ситуациях,false,False,,,,,,,,,,874000,994.0,,,4,Предоставление государством услуг обществу в целом,ОБЛАСТЬ АБАЙ,УРДЖАРСКИЙ РАЙОН,0
448914,5473036,Деятельность по обеспечению безопасности в чрезвычайных ситуациях,true,False,,,,,,,,,,874000,994.0,,,5,Деятельность по обеспечению безопасности в чрезвычайных ситуациях,ОБЛАСТЬ АБАЙ,УРДЖАРСКИЙ РАЙОН,0
448918,2826559,Образование,false,False,,766523000,883.0,470693000,920.0,,,86991000,1031.0,981444000,994.0,211225000,957.0,1,Всего,ОБЛАСТЬ АБАЙ,УРДЖАРСКИЙ РАЙОН,0
448919,2826541,Образование,false,False,,766523000,883.0,470693000,920.0,,,86991000,1031.0,981444000,994.0,211225000,957.0,2,Образование,ОБЛАСТЬ АБАЙ,УРДЖАРСКИЙ РАЙОН,0
448920,2841176,Дошкольное образование,false,False,,344840000,883.0,,,,,13821000,1031.0,490146000,994.0,,,3,Образование,ОБЛАСТЬ АБАЙ,УРДЖАРСКИЙ РАЙОН,0
448921,2841174,Дошкольное образование,false,False,,344840000,883.0,,,,,13821000,1031.0,490146000,994.0,,,4,Дошкольное образование,ОБЛАСТЬ АБАЙ,УРДЖАРСКИЙ РАЙОН,0
448922,2841172,Дошкольное образование,true,False,,344840000,883.0,,,,,13821000,1031.0,490146000,994.0,,,5,Дошкольное образование,ОБЛАСТЬ АБАЙ,УРДЖАРСКИЙ РАЙОН,0
448926,2826539,Среднее образование (2-й и 3-й уровни),false,False,,409818000,883.0,470693000,920.0,,,73170000,1031.0,491298000,994.0,211225000,957.0,3,Образование,ОБЛАСТЬ АБАЙ,УРДЖАРСКИЙ РАЙОН,0
448927,2826537,Основное и общее среднее образование,false,False,,409818000,883.0,470693000,920.0,,,73170000,1031.0,491298000,994.0,211225000,957.0,4,Среднее образование (2-й и 3-й уровни),ОБЛАСТЬ АБАЙ,УРДЖАРСКИЙ РАЙОН,0
448928,2826535,Основное и общее среднее образование,true,False,,409818000,883.0,470693000,920.0,,,73170000,1031.0,491298000,994.0,211225000,957.0,5,Основное и общее среднее образование,ОБЛАСТЬ АБАЙ,УРДЖАРСКИЙ РАЙОН,0
448937,3532889,Прочие виды образования,false,False,,11865000,883.0,,,,,,,,,,,3,Образование,ОБЛАСТЬ АБАЙ,УРДЖАРСКИЙ РАЙОН,0
448938,3532981,Образование в области спорта и отдыха,false,False,,11865000,883.0,,,,,,,,,,,4,Прочие виды образования,ОБЛАСТЬ АБАЙ,УРДЖАРСКИЙ РАЙОН,0
448939,3526302,Образование в области спорта и отдыха,true,False,,11865000,883.0,,,,,,,,,,,5,Образование в области спорта и отдыха,ОБЛАСТЬ АБАЙ,УРДЖАРСКИЙ РАЙОН,0
448950,2751458,Здравоохранение и социальное обслуживание населения,false,False,,207820000,883.0,1243282000,920.0,,,2050157000,1031.0,1290589000,994.0,186461000,957.0,1,Всего,ОБЛАСТЬ АБАЙ,УРДЖАРСКИЙ РАЙОН,0
448951,2751455,Деятельность в области здравоохранения,false,False,,207820000,883.0,1243282000,920.0,,,1903404000,1031.0,1148336000,994.0,186461000,957.0,2,Здравоохранение и социальное обслуживание населения,ОБЛАСТЬ АБАЙ,УРДЖАРСКИЙ РАЙОН,0
448952,2808080,Деятельность больничных организаций,false,False,,206056000,883.0,1093763000,920.0,,,180974000,1031.0,838351000,994.0,136461000,957.0,3,Деятельность в области здравоохранения,ОБЛАСТЬ АБАЙ,УРДЖАРСКИЙ РАЙОН,0
448953,2808076,Деятельность больничных организаций,false,False,,206056000,883.0,1093763000,920.0,,,180974000,1031.0,838351000,994.0,136461000,957.0,4,Деятельность больничных организаций,ОБЛАСТЬ АБАЙ,УРДЖАРСКИЙ РАЙОН,0
448954,2808072,Деятельность больниц широкого профиля и специализированных больниц,true,False,,206056000,883.0,1093763000,920.0,,,180974000,1031.0,838351000,994.0,136461000,957.0,5,Деятельность больничных организаций,ОБЛАСТЬ АБАЙ,УРДЖАРСКИЙ РАЙОН,0
448959,2751452,Деятельность в области врачебной практики и стоматологии,false,False,,1764000,883.0,149519000,920.0,,,1722430000,1031.0,309985000,994.0,50000000,957.0,3,Деятельность в области здравоохранения,ОБЛАСТЬ АБАЙ,УРДЖАРСКИЙ РАЙОН,0
448960,2751449,Общая врачебная практика,false,False,,1764000,883.0,149519000,920.0,,,1722430000,1031.0,309985000,994.0,50000000,957.0,4,Деятельность в области врачебной практики и стоматологии,ОБЛАСТЬ АБАЙ,УРДЖАРСКИЙ РАЙОН,0
448961,2751446,Общая врачебная практика,true,False,,1764000,883.0,149519000,920.0,,,1722430000,1031.0,309985000,994.0,50000000,957.0,5,Общая врачебная практика,ОБЛАСТЬ АБАЙ,УРДЖАРСКИЙ РАЙОН,0
448969,5193874,Деятельность в области социального обслуживания населения с обеспечением проживания ,false,False,,,,,,,,5947000,1031.0,11931000,994.0,,,2,Здравоохранение и социальное обслуживание населения,ОБЛАСТЬ АБАЙ,УРДЖАРСКИЙ РАЙОН,0
448973,5190913,"Предоставление специальных социальных услуг с обеспечением проживания лицам, страдающим психическими расстройствами (заболеваниями), задержкой умственного развития и физическими недостатками, алкогольной или наркотической зависимостью",false,False,,,,,,,,5947000,1031.0,11931000,994.0,,,3,Деятельность в области социального обслуживания населения с обеспечением проживания ,ОБЛАСТЬ АБАЙ,УРДЖАРСКИЙ РАЙОН,0
448974,5220475,"Предоставление специальных социальных услуг с обеспечением проживания лицам, страдающим психическими расстройствами (заболеваниями), задержкой умственного развития и физическими недостатками, алкогольной или наркотической зависимостью",false,False,,,,,,,,5947000,1031.0,11931000,994.0,,,4,"Предоставление специальных социальных услуг с обеспечением проживания лицам, страдающим психическими расстройствами (заболеваниями), задержкой умственного развития и физическими недостатками, алкогольной или наркотической зависимостью",ОБЛАСТЬ АБАЙ,УРДЖАРСКИЙ РАЙОН,0
448975,5221250,"Предоставление специальных социальных услуг с обеспечением проживания лицам, страдающим психическими расстройствами (заболеваниями), задержкой умственного развития и физическими недостатками, алкогольной или наркотической зависимостью",true,False,,,,,,,,5947000,1031.0,11931000,994.0,,,5,"Предоставление специальных социальных услуг с обеспечением проживания лицам, страдающим психическими расстройствами (заболеваниями), задержкой умственного развития и физическими недостатками, алкогольной или наркотической зависимостью",ОБЛАСТЬ АБАЙ,УРДЖАРСКИЙ РАЙОН,0
448982,5190865,Деятельность в области социального обслуживания населения без обеспечения проживания ,false,False,,,,,,,,140806000,1031.0,130322000,994.0,,,2,Здравоохранение и социальное обслуживание населения,ОБЛАСТЬ АБАЙ,УРДЖАРСКИЙ РАЙОН,0
448986,5190892,Предоставление прочих социальных услуг без обеспечения проживания,false,False,,,,,,,,140806000,1031.0,130322000,994.0,,,3,Деятельность в области социального обслуживания населения без обеспечения проживания ,ОБЛАСТЬ АБАЙ,УРДЖАРСКИЙ РАЙОН,0
448989,5220532,"Предоставление прочих социальных услуг без обеспечения проживания, не включенные в другие группировки",false,False,,,,,,,,140806000,1031.0,130322000,994.0,,,4,Предоставление прочих социальных услуг без обеспечения проживания,ОБЛАСТЬ АБАЙ,УРДЖАРСКИЙ РАЙОН,0
448990,5219846,"Предоставление прочих социальных услуг без обеспечения проживания, не включенные в другие группировки",true,False,,,,,,,,140806000,1031.0,130322000,994.0,,,5,"Предоставление прочих социальных услуг без обеспечения проживания, не включенные в другие группировки",ОБЛАСТЬ АБАЙ,УРДЖАРСКИЙ РАЙОН,0
448991,627694,"Искусство, развлечения и отдых",false,False,,826983000,883.0,269584000,920.0,242000000,846.0,632161000,1031.0,802949000,994.0,8000000,957.0,1,Всего,ОБЛАСТЬ АБАЙ,УРДЖАРСКИЙ РАЙОН,0
449022,622468,"Деятельность в области спорта, организации отдыха и развлечений",false,False,,826983000,883.0,269584000,920.0,242000000,846.0,632161000,1031.0,802949000,994.0,8000000,957.0,2,"Искусство, развлечения и отдых",ОБЛАСТЬ АБАЙ,УРДЖАРСКИЙ РАЙОН,0
449023,1270649,Деятельность в области спорта,false,False,,826983000,883.0,261584000,920.0,242000000,846.0,561640000,1031.0,528615000,994.0,8000000,957.0,3,"Деятельность в области спорта, организации отдыха и развлечений",ОБЛАСТЬ АБАЙ,УРДЖАРСКИЙ РАЙОН,0
449024,1398150,Эксплуатация спортивных сооружений,false,False,,826983000,883.0,261584000,920.0,242000000,846.0,561640000,1031.0,528615000,994.0,8000000,957.0,4,Деятельность в области спорта,ОБЛАСТЬ АБАЙ,УРДЖАРСКИЙ РАЙОН,0
449025,1325697,Эксплуатация спортивных сооружений,true,False,,826983000,883.0,261584000,920.0,242000000,846.0,561640000,1031.0,528615000,994.0,8000000,957.0,5,Эксплуатация спортивных сооружений,ОБЛАСТЬ АБАЙ,УРДЖАРСКИЙ РАЙОН,0
449032,2858137,Деятельность по организации отдыха и развлечений,false,False,,,,8000000,920.0,,,70521000,1031.0,274334000,994.0,,,3,"Деятельность в области спорта, организации отдыха и развлечений",ОБЛАСТЬ АБАЙ,УРДЖАРСКИЙ РАЙОН,0
449035,2858135,Прочая деятельность по организации отдыха и развлечений,false,False,,,,8000000,920.0,,,70521000,1031.0,274334000,994.0,,,4,Деятельность по организации отдыха и развлечений,ОБЛАСТЬ АБАЙ,УРДЖАРСКИЙ РАЙОН,0
449039,2858133,Прочие виды деятельности по организации отдыха и развлечений,true,False,,,,8000000,920.0,,,70521000,1031.0,274334000,994.0,,,5,Прочая деятельность по организации отдыха и развлечений,ОБЛАСТЬ АБАЙ,УРДЖАРСКИЙ РАЙОН,0
449040,4209212,Предоставление прочих видов услуг,false,False,,,,80000000,920.0,,,,,1767000,994.0,,,1,Всего,ОБЛАСТЬ АБАЙ,УРДЖАРСКИЙ РАЙОН,0
449084,4185506,Предоставление прочих индивидуальных услуг,false,False,,,,80000000,920.0,,,,,1767000,994.0,,,2,Предоставление прочих видов услуг,ОБЛАСТЬ АБАЙ,УРДЖАРСКИЙ РАЙОН,0
449085,4186518,Предоставление прочих индивидуальных услуг,false,False,,,,80000000,920.0,,,,,1767000,994.0,,,3,Предоставление прочих индивидуальных услуг,ОБЛАСТЬ АБАЙ,УРДЖАРСКИЙ РАЙОН,0
449093,4186250,Деятельность по обеспечению физического комфорта,false,False,,,,80000000,920.0,,,,,1767000,994.0,,,4,Предоставление прочих индивидуальных услуг,ОБЛАСТЬ АБАЙ,УРДЖАРСКИЙ РАЙОН,0
449094,4209239,Деятельность по обеспечению физического комфорта,true,False,,,,80000000,920.0,,,,,1767000,994.0,,,5,Деятельность по обеспечению физического комфорта,ОБЛАСТЬ АБАЙ,УРДЖАРСКИЙ РАЙОН,0
741340,36816,Промышленность,false,False,,6567252000,883.0,6590121000,920.0,2365064000,846.0,3877326000,1031.0,3146578000,994.0,6336214000,957.0,1,Всего,ОБЛАСТЬ АБАЙ,УРДЖАРСКИЙ РАЙОН,0
447279,123667,Горнодобывающая промышленность и разработка карьеров,false,False,,x,883.0,x,920.0,x,846.0,841195000,1031.0,160760000,994.0,451992000,957.0,2,Промышленность,ОБЛАСТЬ АБАЙ,УРДЖАРСКИЙ РАЙОН,0
447298,36814,Добыча металлических руд,false,False,,x,883.0,x,920.0,x,846.0,841195000,1031.0,160760000,994.0,451992000,957.0,3,Горнодобывающая промышленность и разработка карьеров,ОБЛАСТЬ АБАЙ,УРДЖАРСКИЙ РАЙОН,0
447303,123662,"Добыча руд, кроме железных ",false,False,,x,883.0,x,920.0,x,846.0,841195000,1031.0,160760000,994.0,451992000,957.0,4,Добыча металлических руд,ОБЛАСТЬ АБАЙ,УРДЖАРСКИЙ РАЙОН,0
447306,123655,Добыча прочих металлических руд,false,False,,x,883.0,x,920.0,x,846.0,841195000,1031.0,160760000,994.0,451992000,957.0,5,"Добыча руд, кроме железных ",ОБЛАСТЬ АБАЙ,УРДЖАРСКИЙ РАЙОН,0
447308,36812,Добыча и обогащение медной руды,true,False,,x,883.0,x,920.0,x,846.0,775779000,1031.0,x,994.0,x,957.0,6,Добыча прочих металлических руд,ОБЛАСТЬ АБАЙ,УРДЖАРСКИЙ РАЙОН,0
447315,4831113,"Добыча и обогащение прочих металлических руд, не включенных в другие группировки",true,False,,,,,,,,x,1031.0,x,994.0,x,957.0,6,Добыча прочих металлических руд,ОБЛАСТЬ АБАЙ,УРДЖАРСКИЙ РАЙОН,0
447346,634542,Обрабатывающая промышленность,false,False,,,,x,920.0,48071000,846.0,,,x,994.0,208228000,957.0,2,Промышленность,ОБЛАСТЬ АБАЙ,УРДЖАРСКИЙ РАЙОН,0
447347,1299811,Производство продуктов питания,false,False,,,,,,x,846.0,,,,,70000000,957.0,3,Обрабатывающая промышленность,ОБЛАСТЬ АБАЙ,УРДЖАРСКИЙ РАЙОН,0
447408,1296733,Производство готовых кормов для животных,false,False,,,,,,x,846.0,,,,,70000000,957.0,4,Производство продуктов питания,ОБЛАСТЬ АБАЙ,УРДЖАРСКИЙ РАЙОН,0
447409,1287961,Производство готовых кормов для сельскохозяйственных животных,false,False,,,,,,x,846.0,,,,,,,5,Производство готовых кормов для животных,ОБЛАСТЬ АБАЙ,УРДЖАРСКИЙ РАЙОН,0
447410,1378219,Производство готовых кормов для сельскохозяйственных животных,true,False,,,,,,x,846.0,,,,,,,6,Производство готовых кормов для сельскохозяйственных животных,ОБЛАСТЬ АБАЙ,УРДЖАРСКИЙ РАЙОН,0
447411,4912938,Производство готовых кормов для домашних животных,false,False,,,,,,,,,,,,70000000,957.0,5,Производство готовых кормов для животных,ОБЛАСТЬ АБАЙ,УРДЖАРСКИЙ РАЙОН,0
447412,4907226,Производство готовых кормов для домашних животных,true,False,,,,,,,,,,,,70000000,957.0,6,Производство готовых кормов для домашних животных,ОБЛАСТЬ АБАЙ,УРДЖАРСКИЙ РАЙОН,0
447717,1400519,Металлургическое производство,false,False,,,,x,920.0,x,846.0,,,x,994.0,x,957.0,3,Обрабатывающая промышленность,ОБЛАСТЬ АБАЙ,УРДЖАРСКИЙ РАЙОН,0
447733,1300512,Производство основных благородных и цветных металлов,false,False,,,,x,920.0,x,846.0,,,x,994.0,x,957.0,4,Металлургическое производство,ОБЛАСТЬ АБАЙ,УРДЖАРСКИЙ РАЙОН,0
447740,1360076,Производство меди,false,False,,,,x,920.0,x,846.0,,,x,994.0,x,957.0,5,Производство основных благородных и цветных металлов,ОБЛАСТЬ АБАЙ,УРДЖАРСКИЙ РАЙОН,0
447741,1354312,Производство меди,true,False,,,,x,920.0,x,846.0,,,x,994.0,x,957.0,6,Производство меди,ОБЛАСТЬ АБАЙ,УРДЖАРСКИЙ РАЙОН,0
448090,628746,"Снабжение электроэнергией, газом, паром, горячей водой и кондиционированным воздухом",false,False,,1671646000,883.0,1618066000,920.0,78199000,846.0,257627000,1031.0,701737000,994.0,225561000,957.0,2,Промышленность,ОБЛАСТЬ АБАЙ,УРДЖАРСКИЙ РАЙОН,0
448091,1308003,"Снабжение электроэнергией, газом, паром, горячей водой и кондиционированным воздухом",false,False,,1671646000,883.0,1618066000,920.0,78199000,846.0,257627000,1031.0,701737000,994.0,225561000,957.0,3,"Снабжение электроэнергией, газом, паром, горячей водой и кондиционированным воздухом",ОБЛАСТЬ АБАЙ,УРДЖАРСКИЙ РАЙОН,0
448092,1310498,"Производство, передача и распределение электроэнергии",false,False,,1549160000,883.0,1618066000,920.0,78199000,846.0,257627000,1031.0,701737000,994.0,225561000,957.0,4,"Снабжение электроэнергией, газом, паром, горячей водой и кондиционированным воздухом",ОБЛАСТЬ АБАЙ,УРДЖАРСКИЙ РАЙОН,0
448100,1362754,Распределение электроэнергии,false,False,,1549160000,883.0,1618066000,920.0,78199000,846.0,257627000,1031.0,701737000,994.0,225561000,957.0,5,"Производство, передача и распределение электроэнергии",ОБЛАСТЬ АБАЙ,УРДЖАРСКИЙ РАЙОН,0
448101,1304104,Распределение электроэнергии,true,False,,1549160000,883.0,1618066000,920.0,78199000,846.0,257627000,1031.0,701737000,994.0,225561000,957.0,6,Распределение электроэнергии,ОБЛАСТЬ АБАЙ,УРДЖАРСКИЙ РАЙОН,0
448111,3520754,"Снабжение паром, горячей водой и кондиционированным воздухом",false,False,,122486000,883.0,,,,,,,,,,,4,"Снабжение электроэнергией, газом, паром, горячей водой и кондиционированным воздухом",ОБЛАСТЬ АБАЙ,УРДЖАРСКИЙ РАЙОН,0
448112,3518266,"Снабжение паром, горячей водой и кондиционированным воздухом",false,False,,122486000,883.0,,,,,,,,,,,5,"Снабжение паром, горячей водой и кондиционированным воздухом",ОБЛАСТЬ АБАЙ,УРДЖАРСКИЙ РАЙОН,0
20575798,3511911,Передача тепловой энергии,true,False,,122486000,883.0,,,,,,,,,,,6,"Снабжение паром, горячей водой и кондиционированным воздухом",ОБЛАСТЬ АБАЙ,УРДЖАРСКИЙ РАЙОН,0
448117,314364,"Водоснабжение; водоотведение; сбор, обработка и удаление отходов, деятельность по ликвидации загрязнений",false,False,,4823254000,883.0,4537868000,920.0,2159915000,846.0,2778504000,1031.0,2278585000,994.0,5450433000,957.0,2,Промышленность,ОБЛАСТЬ АБАЙ,УРДЖАРСКИЙ РАЙОН,0
448118,314352,"Забор, обработка и распределение воды",false,False,,4823254000,883.0,4537868000,920.0,2159915000,846.0,2778504000,1031.0,2109210000,994.0,5450433000,957.0,3,"Водоснабжение; водоотведение; сбор, обработка и удаление отходов, деятельность по ликвидации загрязнений",ОБЛАСТЬ АБАЙ,УРДЖАРСКИЙ РАЙОН,0
448119,314288,"Забор, обработка и распределение воды",false,False,,4823254000,883.0,4537868000,920.0,2159915000,846.0,2778504000,1031.0,2109210000,994.0,5450433000,957.0,4,"Забор, обработка и распределение воды",ОБЛАСТЬ АБАЙ,УРДЖАРСКИЙ РАЙОН,0
448120,314285,"Забор, обработка и распределение воды",false,False,,4823254000,883.0,4537868000,920.0,2159915000,846.0,2778504000,1031.0,2109210000,994.0,5450433000,957.0,5,"Забор, обработка и распределение воды",ОБЛАСТЬ АБАЙ,УРДЖАРСКИЙ РАЙОН,0
448121,314282,"Забор, обработка и распределение воды",true,False,,4823254000,883.0,4537868000,920.0,2159915000,846.0,2778504000,1031.0,2109210000,994.0,5450433000,957.0,6,"Забор, обработка и распределение воды",ОБЛАСТЬ АБАЙ,УРДЖАРСКИЙ РАЙОН,0
448126,5054423,"Сбор, обработка и удаление отходов; утилизация (восстановление) материалов",false,False,,,,,,,,,,169375000,994.0,,,3,"Водоснабжение; водоотведение; сбор, обработка и удаление отходов, деятельность по ликвидации загрязнений",ОБЛАСТЬ АБАЙ,УРДЖАРСКИЙ РАЙОН,0
448132,5054549,Обработка и удаление отходов,false,False,,,,,,,,,,169375000,994.0,,,4,"Сбор, обработка и удаление отходов; утилизация (восстановление) материалов",ОБЛАСТЬ АБАЙ,УРДЖАРСКИЙ РАЙОН,0
448135,5052836,Обработка и удаление опасных отходов,false,False,,,,,,,,,,169375000,994.0,,,5,Обработка и удаление отходов,ОБЛАСТЬ АБАЙ,УРДЖАРСКИЙ РАЙОН,0
448136,5053878,Обработка и удаление опасных отходов,true,False,,,,,,,,,,169375000,994.0,,,6,Обработка и удаление опасных отходов,ОБЛАСТЬ АБАЙ,УРДЖАРСКИЙ РАЙОН,0
741885,4618267,Всего,false,false,,,,,,,,19563258000,1031.0,13128132000,994.0,8203953000,957.0,0,,ОБЛАСТЬ АБАЙ,РАЙОН АҚСУАТ,
447173,4616389,"Сельское, лесное и рыбное хозяйство",false,False,,,,,,,,6248485000,1031.0,5817978000,994.0,2989086000,957.0,1,Всего,ОБЛАСТЬ АБАЙ,РАЙОН АҚСУАТ,0
447174,4650773,"Растениеводство и животноводство, охота и предоставление услуг в этих областях",false,False,,,,,,,,6248485000,1031.0,5817978000,994.0,2989086000,957.0,2,"Сельское, лесное и рыбное хозяйство",ОБЛАСТЬ АБАЙ,РАЙОН АҚСУАТ,0
447218,4649408,Животноводство,false,False,,,,,,,,5401753000,1031.0,5531575000,994.0,2601406000,957.0,3,"Растениеводство и животноводство, охота и предоставление услуг в этих областях",ОБЛАСТЬ АБАЙ,РАЙОН АҚСУАТ,0
447219,4724165,Разведение крупного рогатого скота молочного направления,false,False,,,,,,,,,,,,3940000,957.0,4,Животноводство,ОБЛАСТЬ АБАЙ,РАЙОН АҚСУАТ,0
447220,4723257,Разведение крупного рогатого скота молочного направления,true,False,,,,,,,,,,,,3940000,957.0,5,Разведение крупного рогатого скота молочного направления,ОБЛАСТЬ АБАЙ,РАЙОН АҚСУАТ,0
447221,4618244,Разведение прочего крупного рогатого скота и буйволов,false,False,,,,,,,,5216743000,1031.0,5531575000,994.0,2597466000,957.0,4,Животноводство,ОБЛАСТЬ АБАЙ,РАЙОН АҚСУАТ,0
447222,4617552,Разведение прочего крупного рогатого скота и буйволов,true,False,,,,,,,,5216743000,1031.0,5531575000,994.0,2597466000,957.0,5,Разведение прочего крупного рогатого скота и буйволов,ОБЛАСТЬ АБАЙ,РАЙОН АҚСУАТ,0
447228,5025380,Разведение овец и коз,false,False,,,,,,,,185010000,1031.0,,,,,4,Животноводство,ОБЛАСТЬ АБАЙ,РАЙОН АҚСУАТ,0
447229,5024899,Разведение овец и коз,true,False,,,,,,,,185010000,1031.0,,,,,5,Разведение овец и коз,ОБЛАСТЬ АБАЙ,РАЙОН АҚСУАТ,0
447239,4616786,Смешанное сельское хозяйство,false,False,,,,,,,,846732000,1031.0,286403000,994.0,387680000,957.0,3,"Растениеводство и животноводство, охота и предоставление услуг в этих областях",ОБЛАСТЬ АБАЙ,РАЙОН АҚСУАТ,0
447240,4651085,Смешанное сельское хозяйство,false,False,,,,,,,,846732000,1031.0,286403000,994.0,387680000,957.0,4,Смешанное сельское хозяйство,ОБЛАСТЬ АБАЙ,РАЙОН АҚСУАТ,0
447241,4648583,Смешанное сельское хозяйство,true,False,,,,,,,,846732000,1031.0,286403000,994.0,387680000,957.0,5,Смешанное сельское хозяйство,ОБЛАСТЬ АБАЙ,РАЙОН АҚСУАТ,0
448148,4676150,Строительство,false,False,,,,,,,,13177000,1031.0,,,,,1,Всего,ОБЛАСТЬ АБАЙ,РАЙОН АҚСУАТ,0
18710963,5748699,Строительство зданий,false,False,,,,,,,,13177000,1031.0,,,,,2,Строительство,ОБЛАСТЬ АБАЙ,РАЙОН АҚСУАТ,0
18710967,5745834,Строительство жилых и нежилых зданий,false,False,,,,,,,,13177000,1031.0,,,,,3,Строительство зданий,ОБЛАСТЬ АБАЙ,РАЙОН АҚСУАТ,0
18710968,5748848,Строительство жилых и нежилых зданий,false,False,,,,,,,,13177000,1031.0,,,,,4,Строительство жилых и нежилых зданий,ОБЛАСТЬ АБАЙ,РАЙОН АҚСУАТ,0
18801543,5747572,"Строительство нежилых зданий, за исключением стационарных торговых объектов категорий 1, 2",true,False,,,,,,,,13177000,1031.0,,,,,5,Строительство жилых и нежилых зданий,ОБЛАСТЬ АБАЙ,РАЙОН АҚСУАТ,0
448215,4648763,Оптовая и розничная торговля; ремонт автомобилей и мотоциклов,false,False,,,,,,,,482100000,1031.0,,,492528000,957.0,1,Всего,ОБЛАСТЬ АБАЙ,РАЙОН АҚСУАТ,0
448237,4844071,"Оптовая торговля, за исключением торговли автомобилями и мотоциклами",false,False,,,,,,,,,,,,x,957.0,2,Оптовая и розничная торговля; ремонт автомобилей и мотоциклов,ОБЛАСТЬ АБАЙ,РАЙОН АҚСУАТ,0
448371,4862373,Неспециализированная оптовая торговля,false,False,,,,,,,,,,,,x,957.0,3,"Оптовая торговля, за исключением торговли автомобилями и мотоциклами",ОБЛАСТЬ АБАЙ,РАЙОН АҚСУАТ,0
448372,4829466,Неспециализированная оптовая торговля,false,False,,,,,,,,,,,,x,957.0,4,Неспециализированная оптовая торговля,ОБЛАСТЬ АБАЙ,РАЙОН АҚСУАТ,0
448376,4823809,Оптовая торговля широким ассортиментом товаров без какой-либо конкретизации,true,False,,,,,,,,,,,,x,957.0,5,Неспециализированная оптовая торговля,ОБЛАСТЬ АБАЙ,РАЙОН АҚСУАТ,0
448377,4617237,"Розничная торговля, кроме торговли автомобилями и мотоциклами",false,False,,,,,,,,482100000,1031.0,,,489906000,957.0,2,Оптовая и розничная торговля; ремонт автомобилей и мотоциклов,ОБЛАСТЬ АБАЙ,РАЙОН АҚСУАТ,0
448378,4907841,Розничная торговля в неспециализированных магазинах,false,False,,,,,,,,480000000,1031.0,,,138640000,957.0,3,"Розничная торговля, кроме торговли автомобилями и мотоциклами",ОБЛАСТЬ АБАЙ,РАЙОН АҚСУАТ,0
448379,4915869,"Розничная торговля в неспециализированных магазинах преимущественно продуктами питания, напитками и табачными изделиями",false,False,,,,,,,,480000000,1031.0,,,138640000,957.0,4,Розничная торговля в неспециализированных магазинах,ОБЛАСТЬ АБАЙ,РАЙОН АҚСУАТ,0
3647934,4906802,"Розничная торговля преимущественно продуктами питания, напитками и табачными изделиями в неспециализированных магазинах, являющихся торговыми объектами, с торговой площадью менее 2000 кв.м ",true,False,,,,,,,,480000000,1031.0,,,138640000,957.0,5,"Розничная торговля в неспециализированных магазинах преимущественно продуктами питания, напитками и табачными изделиями",ОБЛАСТЬ АБАЙ,РАЙОН АҚСУАТ,0
448383,4912813,"Розничная торговля продуктами питания, напитками и табачными изделиями в специализированных магазинах",false,False,,,,,,,,,,,,50000000,957.0,3,"Розничная торговля, кроме торговли автомобилями и мотоциклами",ОБЛАСТЬ АБАЙ,РАЙОН АҚСУАТ,0
448397,4897167,Прочая розничная торговля продуктами питания в специализированных магазинах,false,False,,,,,,,,,,,,50000000,957.0,4,"Розничная торговля продуктами питания, напитками и табачными изделиями в специализированных магазинах",ОБЛАСТЬ АБАЙ,РАЙОН АҚСУАТ,0
3647950,4908062,"Прочая розничная торговля продуктами питания в специализированных магазинах, являющихся торговыми объектами, с торговой площадью менее 2000 кв.м",true,False,,,,,,,,,,,,50000000,957.0,5,Прочая розничная торговля продуктами питания в специализированных магазинах,ОБЛАСТЬ АБАЙ,РАЙОН АҚСУАТ,0
448399,4646704,Розничная торговля топливом в специализированных магазинах,false,False,,,,,,,,2100000,1031.0,,,300936000,957.0,3,"Розничная торговля, кроме торговли автомобилями и мотоциклами",ОБЛАСТЬ АБАЙ,РАЙОН АҚСУАТ,0
448400,4647124,Розничная торговля топливом в специализированных магазинах,false,False,,,,,,,,2100000,1031.0,,,300936000,957.0,4,Розничная торговля топливом в специализированных магазинах,ОБЛАСТЬ АБАЙ,РАЙОН АҚСУАТ,0
20576124,4649368,"Розничная торговля моторным топливом в специализированных магазинах, за исключением находящихся на придорожной полосе",true,False,,,,,,,,2100000,1031.0,,,300936000,957.0,5,Розничная торговля топливом в специализированных магазинах,ОБЛАСТЬ АБАЙ,РАЙОН АҚСУАТ,0
448409,4620292,Розничная торговля прочими бытовыми товарами в специализированных магазинах ,false,False,,,,,,,,,,,,x,957.0,3,"Розничная торговля, кроме торговли автомобилями и мотоциклами",ОБЛАСТЬ АБАЙ,РАЙОН АҚСУАТ,0
448416,4650139,Розничная торговля электрическими бытовыми приборами в специализированных магазинах,false,False,,,,,,,,,,,,x,957.0,4,Розничная торговля прочими бытовыми товарами в специализированных магазинах ,ОБЛАСТЬ АБАЙ,РАЙОН АҚСУАТ,0
3647962,4618136,"Розничная торговля электрическими бытовыми приборами в специализированных магазинах, являющихся торговыми объектами, с торговой площадью менее 2000 кв.м",true,False,,,,,,,,,,,,x,957.0,5,Розничная торговля электрическими бытовыми приборами в специализированных магазинах,ОБЛАСТЬ АБАЙ,РАЙОН АҚСУАТ,0
448475,4704233,Транспорт и складирование,false,False,,,,,,,,5845518000,1031.0,1135077000,994.0,555845000,957.0,1,Всего,ОБЛАСТЬ АБАЙ,РАЙОН АҚСУАТ,0
448527,4701707,Складирование грузов и вспомогательная транспортная деятельность,false,False,,,,,,,,5845518000,1031.0,1135077000,994.0,555845000,957.0,2,Транспорт и складирование,ОБЛАСТЬ АБАЙ,РАЙОН АҚСУАТ,0
448533,4700624,Вспомогательная транспортная деятельность,false,False,,,,,,,,5845518000,1031.0,1135077000,994.0,555845000,957.0,3,Складирование грузов и вспомогательная транспортная деятельность,ОБЛАСТЬ АБАЙ,РАЙОН АҚСУАТ,0
448534,4700548,Вспомогательная деятельность сухопутного транспорта,false,False,,,,,,,,5815518000,1031.0,1135077000,994.0,555845000,957.0,4,Вспомогательная транспортная деятельность,ОБЛАСТЬ АБАЙ,РАЙОН АҚСУАТ,0
448536,4703903,Эксплуатация автомобильных дорог,true,False,,,,,,,,5815518000,1031.0,1135077000,994.0,555845000,957.0,5,Вспомогательная деятельность сухопутного транспорта,ОБЛАСТЬ АБАЙ,РАЙОН АҚСУАТ,0
448542,5748892,Вспомогательная деятельность воздушного транспорта,false,False,,,,,,,,30000000,1031.0,,,,,4,Вспомогательная транспортная деятельность,ОБЛАСТЬ АБАЙ,РАЙОН АҚСУАТ,0
19197186,5752464,Деятельность аэропортов,true,False,,,,,,,,30000000,1031.0,,,,,5,Вспомогательная деятельность воздушного транспорта,ОБЛАСТЬ АБАЙ,РАЙОН АҚСУАТ,0
448558,5037938,Предоставление услуг по проживанию и питанию,false,False,,,,,,,,,,1459400000,994.0,,,1,Всего,ОБЛАСТЬ АБАЙ,РАЙОН АҚСУАТ,0
3783427,5193617,Предоставление услуг по временному проживанию,false,False,,,,,,,,,,1459400000,994.0,,,2,Предоставление услуг по проживанию и питанию,ОБЛАСТЬ АБАЙ,РАЙОН АҚСУАТ,0
3783432,5189526,Предоставление жилья на выходные дни и прочие периоды краткосрочного проживания,false,False,,,,,,,,,,1459400000,994.0,,,3,Предоставление услуг по временному проживанию,ОБЛАСТЬ АБАЙ,РАЙОН АҚСУАТ,0
3783433,5221477,Предоставление жилья на выходные дни и прочие периоды краткосрочного проживания,false,False,,,,,,,,,,1459400000,994.0,,,4,Предоставление жилья на выходные дни и прочие периоды краткосрочного проживания,ОБЛАСТЬ АБАЙ,РАЙОН АҚСУАТ,0
3783434,5219955,Предоставление жилья на выходные дни и прочие периоды краткосрочного проживания,true,False,,,,,,,,,,1459400000,994.0,,,5,Предоставление жилья на выходные дни и прочие периоды краткосрочного проживания,ОБЛАСТЬ АБАЙ,РАЙОН АҚСУАТ,0
448585,4679314,Информация и связь,false,False,,,,,,,,21159000,1031.0,56494000,994.0,20419000,957.0,1,Всего,ОБЛАСТЬ АБАЙ,РАЙОН АҚСУАТ,0
448623,4679027,Телекоммуникации,false,False,,,,,,,,21159000,1031.0,56494000,994.0,20419000,957.0,2,Информация и связь,ОБЛАСТЬ АБАЙ,РАЙОН АҚСУАТ,0
448627,4679569,Беспроводная телекоммуникационная связь,false,False,,,,,,,,21159000,1031.0,56494000,994.0,20419000,957.0,3,Телекоммуникации,ОБЛАСТЬ АБАЙ,РАЙОН АҚСУАТ,0
448628,4678536,Беспроводная телекоммуникационная связь,false,False,,,,,,,,21159000,1031.0,56494000,994.0,20419000,957.0,4,Беспроводная телекоммуникационная связь,ОБЛАСТЬ АБАЙ,РАЙОН АҚСУАТ,0
18946147,4679457,Беспроводная телекоммуникационная связь посредством единой транспортной среды,true,False,,,,,,,,x,1031.0,,,x,957.0,5,Беспроводная телекоммуникационная связь,ОБЛАСТЬ АБАЙ,РАЙОН АҚСУАТ,0
18946148,5098118,"Организация вещания теле-, радиопрограмм посредством сети национального оператора телерадиовещания",true,False,,,,,,,,,,56494000,994.0,9392000,957.0,5,Беспроводная телекоммуникационная связь,ОБЛАСТЬ АБАЙ,РАЙОН АҚСУАТ,0
18946149,5024698,Прочая беспроводная телекоммуникационная связь,true,False,,,,,,,,11000000,1031.0,,,,,5,Беспроводная телекоммуникационная связь,ОБЛАСТЬ АБАЙ,РАЙОН АҚСУАТ,0
448658,5078794,Финансовая и страховая деятельность,false,False,,,,,,,,x,1031.0,x,994.0,x,957.0,1,Всего,ОБЛАСТЬ АБАЙ,РАЙОН АҚСУАТ,0
448659,5079085,"Финансовое посредничество, кроме страхования и пенсионного обеспечения",false,False,,,,,,,,x,1031.0,x,994.0,x,957.0,2,Финансовая и страховая деятельность,ОБЛАСТЬ АБАЙ,РАЙОН АҚСУАТ,0
448673,5100676,"Прочее финансовое посредничество, кроме страхования и пенсионного обеспечения",false,False,,,,,,,,x,1031.0,x,994.0,x,957.0,3,"Финансовое посредничество, кроме страхования и пенсионного обеспечения",ОБЛАСТЬ АБАЙ,РАЙОН АҚСУАТ,0
448676,5100092,Прочие виды кредитования,false,False,,,,,,,,x,1031.0,x,994.0,x,957.0,4,"Прочее финансовое посредничество, кроме страхования и пенсионного обеспечения",ОБЛАСТЬ АБАЙ,РАЙОН АҚСУАТ,0
448678,5100175,"Прочие виды кредитования, не включенные в другие группировки",true,False,,,,,,,,x,1031.0,x,994.0,x,957.0,5,Прочие виды кредитования,ОБЛАСТЬ АБАЙ,РАЙОН АҚСУАТ,0
448714,4649669,Операции с недвижимым имуществом,false,False,,,,,,,,2739520000,1031.0,1937460000,994.0,1458400000,957.0,1,Всего,ОБЛАСТЬ АБАЙ,РАЙОН АҚСУАТ,0
448715,4651745,Операции с недвижимым имуществом,false,False,,,,,,,,2739520000,1031.0,1937460000,994.0,1458400000,957.0,2,Операции с недвижимым имуществом,ОБЛАСТЬ АБАЙ,РАЙОН АҚСУАТ,0
448716,4651711,Покупка и продажа собственного недвижимого имущества ,false,False,,,,,,,,2739520000,1031.0,1937460000,994.0,1458400000,957.0,3,Операции с недвижимым имуществом,ОБЛАСТЬ АБАЙ,РАЙОН АҚСУАТ,0
448717,4652751,Покупка и продажа собственного недвижимого имущества ,false,False,,,,,,,,2739520000,1031.0,1937460000,994.0,1458400000,957.0,4,Покупка и продажа собственного недвижимого имущества ,ОБЛАСТЬ АБАЙ,РАЙОН АҚСУАТ,0
543091,4652240,Покупка и продажа многоквартирных и жилых домов (особняков),true,False,,,,,,,,2739520000,1031.0,1937460000,994.0,1458400000,957.0,5,Покупка и продажа собственного недвижимого имущества ,ОБЛАСТЬ АБАЙ,РАЙОН АҚСУАТ,0
448728,5073024,"Профессиональная, научная и техническая деятельность",false,False,,,,,,,,114035000,1031.0,44856000,994.0,,,1,Всего,ОБЛАСТЬ АБАЙ,РАЙОН АҚСУАТ,0
448747,5072955,"Деятельность в области архитектуры, инженерных изысканий, технических испытаний и анализа",false,False,,,,,,,,114035000,1031.0,44856000,994.0,,,2,"Профессиональная, научная и техническая деятельность",ОБЛАСТЬ АБАЙ,РАЙОН АҚСУАТ,0
448748,5073010,"Деятельность в области архитектуры, инженерных изысканий и предоставление технических консультаций в этих областях",false,False,,,,,,,,114035000,1031.0,44856000,994.0,,,3,"Деятельность в области архитектуры, инженерных изысканий, технических испытаний и анализа",ОБЛАСТЬ АБАЙ,РАЙОН АҚСУАТ,0
448749,5073329,Деятельность в области архитектуры,false,False,,,,,,,,114035000,1031.0,44856000,994.0,,,4,"Деятельность в области архитектуры, инженерных изысканий и предоставление технических консультаций в этих областях",ОБЛАСТЬ АБАЙ,РАЙОН АҚСУАТ,0
18951462,5073114,"Деятельность в области архитектуры, за исключением объектов атомной промышленности и атомной энергетики  ",true,False,,,,,,,,114035000,1031.0,44856000,994.0,,,5,Деятельность в области архитектуры,ОБЛАСТЬ АБАЙ,РАЙОН АҚСУАТ,0
448797,5038169,Деятельность в области административного и вспомогательного обслуживания,false,False,,,,,,,,,,192901000,994.0,,,1,Всего,ОБЛАСТЬ АБАЙ,РАЙОН АҚСУАТ,0
448856,5037909,Деятельность по обслуживанию зданий и благоустройству территорий,false,False,,,,,,,,,,192901000,994.0,,,2,Деятельность в области административного и вспомогательного обслуживания,ОБЛАСТЬ АБАЙ,РАЙОН АҚСУАТ,0
448867,5038262,Деятельность по благоустройству территорий,false,False,,,,,,,,,,192901000,994.0,,,3,Деятельность по обслуживанию зданий и благоустройству территорий,ОБЛАСТЬ АБАЙ,РАЙОН АҚСУАТ,0
448868,5037813,Деятельность по благоустройству территорий,false,False,,,,,,,,,,192901000,994.0,,,4,Деятельность по благоустройству территорий,ОБЛАСТЬ АБАЙ,РАЙОН АҚСУАТ,0
448869,5037913,Деятельность по благоустройству территорий,true,False,,,,,,,,,,192901000,994.0,,,5,Деятельность по благоустройству территорий,ОБЛАСТЬ АБАЙ,РАЙОН АҚСУАТ,0
448918,4650136,Образование,false,False,,,,,,,,129663000,1031.0,561806000,994.0,439178000,957.0,1,Всего,ОБЛАСТЬ АБАЙ,РАЙОН АҚСУАТ,0
448919,4617155,Образование,false,False,,,,,,,,129663000,1031.0,561806000,994.0,439178000,957.0,2,Образование,ОБЛАСТЬ АБАЙ,РАЙОН АҚСУАТ,0
448926,4650716,Среднее образование (2-й и 3-й уровни),false,False,,,,,,,,129663000,1031.0,561806000,994.0,376921000,957.0,3,Образование,ОБЛАСТЬ АБАЙ,РАЙОН АҚСУАТ,0
448927,4649570,Основное и общее среднее образование,false,False,,,,,,,,129663000,1031.0,561806000,994.0,376921000,957.0,4,Среднее образование (2-й и 3-й уровни),ОБЛАСТЬ АБАЙ,РАЙОН АҚСУАТ,0
448928,4651537,Основное и общее среднее образование,true,False,,,,,,,,129663000,1031.0,561806000,994.0,376921000,957.0,5,Основное и общее среднее образование,ОБЛАСТЬ АБАЙ,РАЙОН АҚСУАТ,0
448937,4916828,Прочие виды образования,false,False,,,,,,,,,,,,x,957.0,3,Образование,ОБЛАСТЬ АБАЙ,РАЙОН АҚСУАТ,0
448938,4917277,Образование в области спорта и отдыха,false,False,,,,,,,,,,,,x,957.0,4,Прочие виды образования,ОБЛАСТЬ АБАЙ,РАЙОН АҚСУАТ,0
448939,4918533,Образование в области спорта и отдыха,true,False,,,,,,,,,,,,x,957.0,5,Образование в области спорта и отдыха,ОБЛАСТЬ АБАЙ,РАЙОН АҚСУАТ,0
448950,4618563,Здравоохранение и социальное обслуживание населения,false,False,,,,,,,,1984459000,1031.0,169828000,994.0,81105000,957.0,1,Всего,ОБЛАСТЬ АБАЙ,РАЙОН АҚСУАТ,0
448951,4616715,Деятельность в области здравоохранения,false,False,,,,,,,,1974295000,1031.0,162828000,994.0,81105000,957.0,2,Здравоохранение и социальное обслуживание населения,ОБЛАСТЬ АБАЙ,РАЙОН АҚСУАТ,0
448952,4651838,Деятельность больничных организаций,false,False,,,,,,,,240814000,1031.0,158269000,994.0,81105000,957.0,3,Деятельность в области здравоохранения,ОБЛАСТЬ АБАЙ,РАЙОН АҚСУАТ,0
448953,4616559,Деятельность больничных организаций,false,False,,,,,,,,240814000,1031.0,158269000,994.0,81105000,957.0,4,Деятельность больничных организаций,ОБЛАСТЬ АБАЙ,РАЙОН АҚСУАТ,0
448954,4651653,Деятельность больниц широкого профиля и специализированных больниц,true,False,,,,,,,,240814000,1031.0,158269000,994.0,81105000,957.0,5,Деятельность больничных организаций,ОБЛАСТЬ АБАЙ,РАЙОН АҚСУАТ,0
448959,5468568,Деятельность в области врачебной практики и стоматологии,false,False,,,,,,,,1733481000,1031.0,4559000,994.0,,,3,Деятельность в области здравоохранения,ОБЛАСТЬ АБАЙ,РАЙОН АҚСУАТ,0
448960,5467459,Общая врачебная практика,false,False,,,,,,,,1733481000,1031.0,4559000,994.0,,,4,Деятельность в области врачебной практики и стоматологии,ОБЛАСТЬ АБАЙ,РАЙОН АҚСУАТ,0
448961,5465097,Общая врачебная практика,true,False,,,,,,,,1733481000,1031.0,4559000,994.0,,,5,Общая врачебная практика,ОБЛАСТЬ АБАЙ,РАЙОН АҚСУАТ,0
448982,5465365,Деятельность в области социального обслуживания населения без обеспечения проживания ,false,False,,,,,,,,10164000,1031.0,7000000,994.0,,,2,Здравоохранение и социальное обслуживание населения,ОБЛАСТЬ АБАЙ,РАЙОН АҚСУАТ,0
448986,5467021,Предоставление прочих социальных услуг без обеспечения проживания,false,False,,,,,,,,10164000,1031.0,7000000,994.0,,,3,Деятельность в области социального обслуживания населения без обеспечения проживания ,ОБЛАСТЬ АБАЙ,РАЙОН АҚСУАТ,0
448989,5469690,"Предоставление прочих социальных услуг без обеспечения проживания, не включенные в другие группировки",false,False,,,,,,,,10164000,1031.0,7000000,994.0,,,4,Предоставление прочих социальных услуг без обеспечения проживания,ОБЛАСТЬ АБАЙ,РАЙОН АҚСУАТ,0
448990,5463675,"Предоставление прочих социальных услуг без обеспечения проживания, не включенные в другие группировки",true,False,,,,,,,,10164000,1031.0,7000000,994.0,,,5,"Предоставление прочих социальных услуг без обеспечения проживания, не включенные в другие группировки",ОБЛАСТЬ АБАЙ,РАЙОН АҚСУАТ,0
448991,4618638,"Искусство, развлечения и отдых",false,False,,,,,,,,575842000,1031.0,654643000,994.0,2108358000,957.0,1,Всего,ОБЛАСТЬ АБАЙ,РАЙОН АҚСУАТ,0
449004,4618216,"Деятельность библиотек, архивов, музеев и прочая деятельность в области культуры",false,False,,,,,,,,,,,,100459000,957.0,2,"Искусство, развлечения и отдых",ОБЛАСТЬ АБАЙ,РАЙОН АҚСУАТ,0
449005,4649678,"Деятельность библиотек, архивов, музеев и прочая деятельность в области культуры",false,False,,,,,,,,,,,,100459000,957.0,3,"Деятельность библиотек, архивов, музеев и прочая деятельность в области культуры",ОБЛАСТЬ АБАЙ,РАЙОН АҚСУАТ,0
449011,4619222,Деятельность музеев,false,False,,,,,,,,,,,,100459000,957.0,4,"Деятельность библиотек, архивов, музеев и прочая деятельность в области культуры",ОБЛАСТЬ АБАЙ,РАЙОН АҚСУАТ,0
449012,4616212,Деятельность музеев,true,False,,,,,,,,,,,,100459000,957.0,5,Деятельность музеев,ОБЛАСТЬ АБАЙ,РАЙОН АҚСУАТ,0
449022,4651740,"Деятельность в области спорта, организации отдыха и развлечений",false,False,,,,,,,,575842000,1031.0,654643000,994.0,2007899000,957.0,2,"Искусство, развлечения и отдых",ОБЛАСТЬ АБАЙ,РАЙОН АҚСУАТ,0
449023,4652876,Деятельность в области спорта,false,False,,,,,,,,13997000,1031.0,,,1901773000,957.0,3,"Деятельность в области спорта, организации отдыха и развлечений",ОБЛАСТЬ АБАЙ,РАЙОН АҚСУАТ,0
449024,4615980,Эксплуатация спортивных сооружений,false,False,,,,,,,,13997000,1031.0,,,1901773000,957.0,4,Деятельность в области спорта,ОБЛАСТЬ АБАЙ,РАЙОН АҚСУАТ,0
449025,4648628,Эксплуатация спортивных сооружений,true,False,,,,,,,,13997000,1031.0,,,1901773000,957.0,5,Эксплуатация спортивных сооружений,ОБЛАСТЬ АБАЙ,РАЙОН АҚСУАТ,0
449032,4651771,Деятельность по организации отдыха и развлечений,false,False,,,,,,,,561845000,1031.0,654643000,994.0,106126000,957.0,3,"Деятельность в области спорта, организации отдыха и развлечений",ОБЛАСТЬ АБАЙ,РАЙОН АҚСУАТ,0
449035,4650733,Прочая деятельность по организации отдыха и развлечений,false,False,,,,,,,,561845000,1031.0,654643000,994.0,106126000,957.0,4,Деятельность по организации отдыха и развлечений,ОБЛАСТЬ АБАЙ,РАЙОН АҚСУАТ,0
449039,4652011,Прочие виды деятельности по организации отдыха и развлечений,true,False,,,,,,,,561845000,1031.0,654643000,994.0,106126000,957.0,5,Прочая деятельность по организации отдыха и развлечений,ОБЛАСТЬ АБАЙ,РАЙОН АҚСУАТ,0
449040,5193935,Предоставление прочих видов услуг,false,False,,,,,,,,,,51400000,994.0,,,1,Всего,ОБЛАСТЬ АБАЙ,РАЙОН АҚСУАТ,0
449084,5194340,Предоставление прочих индивидуальных услуг,false,False,,,,,,,,,,51400000,994.0,,,2,Предоставление прочих видов услуг,ОБЛАСТЬ АБАЙ,РАЙОН АҚСУАТ,0
449085,5189829,Предоставление прочих индивидуальных услуг,false,False,,,,,,,,,,51400000,994.0,,,3,Предоставление прочих индивидуальных услуг,ОБЛАСТЬ АБАЙ,РАЙОН АҚСУАТ,0
449093,5219755,Деятельность по обеспечению физического комфорта,false,False,,,,,,,,,,51400000,994.0,,,4,Предоставление прочих индивидуальных услуг,ОБЛАСТЬ АБАЙ,РАЙОН АҚСУАТ,0
449094,5220124,Деятельность по обеспечению физического комфорта,true,False,,,,,,,,,,51400000,994.0,,,5,Деятельность по обеспечению физического комфорта,ОБЛАСТЬ АБАЙ,РАЙОН АҚСУАТ,0
741340,4827890,Промышленность,false,False,,,,,,,,1370052000,1031.0,909589000,994.0,12050000,957.0,1,Всего,ОБЛАСТЬ АБАЙ,РАЙОН АҚСУАТ,0
447279,5073184,Горнодобывающая промышленность и разработка карьеров,false,False,,,,,,,,x,1031.0,,,,,2,Промышленность,ОБЛАСТЬ АБАЙ,РАЙОН АҚСУАТ,0
447298,5567449,Добыча металлических руд,false,False,,,,,,,,x,1031.0,,,,,3,Горнодобывающая промышленность и разработка карьеров,ОБЛАСТЬ АБАЙ,РАЙОН АҚСУАТ,0
447303,5569127,"Добыча руд, кроме железных ",false,False,,,,,,,,x,1031.0,,,,,4,Добыча металлических руд,ОБЛАСТЬ АБАЙ,РАЙОН АҚСУАТ,0
447306,5570128,Добыча прочих металлических руд,false,False,,,,,,,,x,1031.0,,,,,5,"Добыча руд, кроме железных ",ОБЛАСТЬ АБАЙ,РАЙОН АҚСУАТ,0
447308,5583115,Добыча и обогащение медной руды,true,False,,,,,,,,x,1031.0,,,,,6,Добыча прочих металлических руд,ОБЛАСТЬ АБАЙ,РАЙОН АҚСУАТ,0
448090,4847560,"Снабжение электроэнергией, газом, паром, горячей водой и кондиционированным воздухом",false,False,,,,,,,,254578000,1031.0,47036000,994.0,12050000,957.0,2,Промышленность,ОБЛАСТЬ АБАЙ,РАЙОН АҚСУАТ,0
448091,4826321,"Снабжение электроэнергией, газом, паром, горячей водой и кондиционированным воздухом",false,False,,,,,,,,254578000,1031.0,47036000,994.0,12050000,957.0,3,"Снабжение электроэнергией, газом, паром, горячей водой и кондиционированным воздухом",ОБЛАСТЬ АБАЙ,РАЙОН АҚСУАТ,0
448092,4865526,"Производство, передача и распределение электроэнергии",false,False,,,,,,,,254578000,1031.0,47036000,994.0,12050000,957.0,4,"Снабжение электроэнергией, газом, паром, горячей водой и кондиционированным воздухом",ОБЛАСТЬ АБАЙ,РАЙОН АҚСУАТ,0
448100,4828526,Распределение электроэнергии,false,False,,,,,,,,254578000,1031.0,47036000,994.0,12050000,957.0,5,"Производство, передача и распределение электроэнергии",ОБЛАСТЬ АБАЙ,РАЙОН АҚСУАТ,0
448101,4846040,Распределение электроэнергии,true,False,,,,,,,,254578000,1031.0,47036000,994.0,12050000,957.0,6,Распределение электроэнергии,ОБЛАСТЬ АБАЙ,РАЙОН АҚСУАТ,0
448117,5024867,"Водоснабжение; водоотведение; сбор, обработка и удаление отходов, деятельность по ликвидации загрязнений",false,False,,,,,,,,973602000,1031.0,862553000,994.0,,,2,Промышленность,ОБЛАСТЬ АБАЙ,РАЙОН АҚСУАТ,0
448118,5025950,"Забор, обработка и распределение воды",false,False,,,,,,,,297632000,1031.0,772006000,994.0,,,3,"Водоснабжение; водоотведение; сбор, обработка и удаление отходов, деятельность по ликвидации загрязнений",ОБЛАСТЬ АБАЙ,РАЙОН АҚСУАТ,0
448119,5025179,"Забор, обработка и распределение воды",false,False,,,,,,,,297632000,1031.0,772006000,994.0,,,4,"Забор, обработка и распределение воды",ОБЛАСТЬ АБАЙ,РАЙОН АҚСУАТ,0
448120,5025383,"Забор, обработка и распределение воды",false,False,,,,,,,,297632000,1031.0,772006000,994.0,,,5,"Забор, обработка и распределение воды",ОБЛАСТЬ АБАЙ,РАЙОН АҚСУАТ,0
448121,5025843,"Забор, обработка и распределение воды",true,False,,,,,,,,297632000,1031.0,772006000,994.0,,,6,"Забор, обработка и распределение воды",ОБЛАСТЬ АБАЙ,РАЙОН АҚСУАТ,0
448122,5025671,Сбор и обработка сточных вод,false,False,,,,,,,,675970000,1031.0,,,,,3,"Водоснабжение; водоотведение; сбор, обработка и удаление отходов, деятельность по ликвидации загрязнений",ОБЛАСТЬ АБАЙ,РАЙОН АҚСУАТ,0
448123,5025377,Сбор и обработка сточных вод,false,False,,,,,,,,675970000,1031.0,,,,,4,Сбор и обработка сточных вод,ОБЛАСТЬ АБАЙ,РАЙОН АҚСУАТ,0
448124,5024842,Сбор и обработка сточных вод,false,False,,,,,,,,675970000,1031.0,,,,,5,Сбор и обработка сточных вод,ОБЛАСТЬ АБАЙ,РАЙОН АҚСУАТ,0
77255697,5872496,Эксплуатация сетей и сооружений систем водоотведения (канализации),true,False,,,,,,,,675970000,1031.0,,,,,6,Сбор и обработка сточных вод,ОБЛАСТЬ АБАЙ,РАЙОН АҚСУАТ,0
448126,5072959,"Сбор, обработка и удаление отходов; утилизация (восстановление) материалов",false,False,,,,,,,,,,90547000,994.0,,,3,"Водоснабжение; водоотведение; сбор, обработка и удаление отходов, деятельность по ликвидации загрязнений",ОБЛАСТЬ АБАЙ,РАЙОН АҚСУАТ,0
448132,5073101,Обработка и удаление отходов,false,False,,,,,,,,,,90547000,994.0,,,4,"Сбор, обработка и удаление отходов; утилизация (восстановление) материалов",ОБЛАСТЬ АБАЙ,РАЙОН АҚСУАТ,0
448135,5072985,Обработка и удаление опасных отходов,false,False,,,,,,,,,,90547000,994.0,,,5,Обработка и удаление отходов,ОБЛАСТЬ АБАЙ,РАЙОН АҚСУАТ,0
448136,5073176,Обработка и удаление опасных отходов,true,False,,,,,,,,,,90547000,994.0,,,6,Обработка и удаление опасных отходов,ОБЛАСТЬ АБАЙ,РАЙОН АҚСУАТ,0
741885,5529181,Всего,false,false,,,,,,,,13561419000,1031.0,,,,,0,,ОБЛАСТЬ АБАЙ,РАЙОН МАҚАНШЫ,
447173,5549219,"Сельское, лесное и рыбное хозяйство",false,False,,,,,,,,879996000,1031.0,,,,,1,Всего,ОБЛАСТЬ АБАЙ,РАЙОН МАҚАНШЫ,0
447174,5551333,"Растениеводство и животноводство, охота и предоставление услуг в этих областях",false,False,,,,,,,,879996000,1031.0,,,,,2,"Сельское, лесное и рыбное хозяйство",ОБЛАСТЬ АБАЙ,РАЙОН МАҚАНШЫ,0
447175,5548172,Выращивание одно- или двухлетних культур,false,False,,,,,,,,223869000,1031.0,,,,,3,"Растениеводство и животноводство, охота и предоставление услуг в этих областях",ОБЛАСТЬ АБАЙ,РАЙОН МАҚАНШЫ,0
447176,5551760,"Выращивание зерновых (кроме риса), бобовых и масличных культур",false,False,,,,,,,,223869000,1031.0,,,,,4,Выращивание одно- или двухлетних культур,ОБЛАСТЬ АБАЙ,РАЙОН МАҚАНШЫ,0
447178,5872086,Выращивание масличных культур и их семян,true,False,,,,,,,,2200000,1031.0,,,,,5,"Выращивание зерновых (кроме риса), бобовых и масличных культур",ОБЛАСТЬ АБАЙ,РАЙОН МАҚАНШЫ,0
3783380,5551608,"Выращивание зерновых и зернобобовых культур, включая семеноводство",true,False,,,,,,,,221669000,1031.0,,,,,5,"Выращивание зерновых (кроме риса), бобовых и масличных культур",ОБЛАСТЬ АБАЙ,РАЙОН МАҚАНШЫ,0
447218,5546069,Животноводство,false,False,,,,,,,,630984000,1031.0,,,,,3,"Растениеводство и животноводство, охота и предоставление услуг в этих областях",ОБЛАСТЬ АБАЙ,РАЙОН МАҚАНШЫ,0
447219,5916585,Разведение крупного рогатого скота молочного направления,false,False,,,,,,,,16670000,1031.0,,,,,4,Животноводство,ОБЛАСТЬ АБАЙ,РАЙОН МАҚАНШЫ,0
447220,5916935,Разведение крупного рогатого скота молочного направления,true,False,,,,,,,,16670000,1031.0,,,,,5,Разведение крупного рогатого скота молочного направления,ОБЛАСТЬ АБАЙ,РАЙОН МАҚАНШЫ,0
447221,5551219,Разведение прочего крупного рогатого скота и буйволов,false,False,,,,,,,,516848000,1031.0,,,,,4,Животноводство,ОБЛАСТЬ АБАЙ,РАЙОН МАҚАНШЫ,0
447222,5552168,Разведение прочего крупного рогатого скота и буйволов,true,False,,,,,,,,516848000,1031.0,,,,,5,Разведение прочего крупного рогатого скота и буйволов,ОБЛАСТЬ АБАЙ,РАЙОН МАҚАНШЫ,0
447228,5550481,Разведение овец и коз,false,False,,,,,,,,81936000,1031.0,,,,,4,Животноводство,ОБЛАСТЬ АБАЙ,РАЙОН МАҚАНШЫ,0
447229,5551361,Разведение овец и коз,true,False,,,,,,,,81936000,1031.0,,,,,5,Разведение овец и коз,ОБЛАСТЬ АБАЙ,РАЙОН МАҚАНШЫ,0
447237,5916967,Разведение прочих видов животных,false,False,,,,,,,,15530000,1031.0,,,,,4,Животноводство,ОБЛАСТЬ АБАЙ,РАЙОН МАҚАНШЫ,0
447238,5917016,Разведение прочих видов животных,true,False,,,,,,,,15530000,1031.0,,,,,5,Разведение прочих видов животных,ОБЛАСТЬ АБАЙ,РАЙОН МАҚАНШЫ,0
447239,5871814,Смешанное сельское хозяйство,false,False,,,,,,,,25143000,1031.0,,,,,3,"Растениеводство и животноводство, охота и предоставление услуг в этих областях",ОБЛАСТЬ АБАЙ,РАЙОН МАҚАНШЫ,0
447240,5869835,Смешанное сельское хозяйство,false,False,,,,,,,,25143000,1031.0,,,,,4,Смешанное сельское хозяйство,ОБЛАСТЬ АБАЙ,РАЙОН МАҚАНШЫ,0
447241,5871328,Смешанное сельское хозяйство,true,False,,,,,,,,25143000,1031.0,,,,,5,Смешанное сельское хозяйство,ОБЛАСТЬ АБАЙ,РАЙОН МАҚАНШЫ,0
448148,5750074,Строительство,false,False,,,,,,,,328535000,1031.0,,,,,1,Всего,ОБЛАСТЬ АБАЙ,РАЙОН МАҚАНШЫ,0
448157,5745046,Гражданское строительство,false,False,,,,,,,,x,1031.0,,,,,2,Строительство,ОБЛАСТЬ АБАЙ,РАЙОН МАҚАНШЫ,0
448158,5745953,Строительство автомобильных и железных дорог,false,False,,,,,,,,x,1031.0,,,,,3,Гражданское строительство,ОБЛАСТЬ АБАЙ,РАЙОН МАҚАНШЫ,0
18696143,5749516,Строительство автомобильных дорог,false,False,,,,,,,,x,1031.0,,,,,4,Строительство автомобильных и железных дорог,ОБЛАСТЬ АБАЙ,РАЙОН МАҚАНШЫ,0
18946136,5747113,Строительство дорог и автомагистралей,true,False,,,,,,,,x,1031.0,,,,,5,Строительство автомобильных дорог,ОБЛАСТЬ АБАЙ,РАЙОН МАҚАНШЫ,0
18710963,5968112,Строительство зданий,false,False,,,,,,,,320000000,1031.0,,,,,2,Строительство,ОБЛАСТЬ АБАЙ,РАЙОН МАҚАНШЫ,0
18710967,5970957,Строительство жилых и нежилых зданий,false,False,,,,,,,,320000000,1031.0,,,,,3,Строительство зданий,ОБЛАСТЬ АБАЙ,РАЙОН МАҚАНШЫ,0
18710968,6002633,Строительство жилых и нежилых зданий,false,False,,,,,,,,320000000,1031.0,,,,,4,Строительство жилых и нежилых зданий,ОБЛАСТЬ АБАЙ,РАЙОН МАҚАНШЫ,0
18801543,6007971,"Строительство нежилых зданий, за исключением стационарных торговых объектов категорий 1, 2",true,False,,,,,,,,320000000,1031.0,,,,,5,Строительство жилых и нежилых зданий,ОБЛАСТЬ АБАЙ,РАЙОН МАҚАНШЫ,0
448215,5551037,Оптовая и розничная торговля; ремонт автомобилей и мотоциклов,false,False,,,,,,,,20000000,1031.0,,,,,1,Всего,ОБЛАСТЬ АБАЙ,РАЙОН МАҚАНШЫ,0
448377,5549069,"Розничная торговля, кроме торговли автомобилями и мотоциклами",false,False,,,,,,,,20000000,1031.0,,,,,2,Оптовая и розничная торговля; ремонт автомобилей и мотоциклов,ОБЛАСТЬ АБАЙ,РАЙОН МАҚАНШЫ,0
448378,5548329,Розничная торговля в неспециализированных магазинах,false,False,,,,,,,,20000000,1031.0,,,,,3,"Розничная торговля, кроме торговли автомобилями и мотоциклами",ОБЛАСТЬ АБАЙ,РАЙОН МАҚАНШЫ,0
448379,5550142,"Розничная торговля в неспециализированных магазинах преимущественно продуктами питания, напитками и табачными изделиями",false,False,,,,,,,,20000000,1031.0,,,,,4,Розничная торговля в неспециализированных магазинах,ОБЛАСТЬ АБАЙ,РАЙОН МАҚАНШЫ,0
3647934,5549888,"Розничная торговля преимущественно продуктами питания, напитками и табачными изделиями в неспециализированных магазинах, являющихся торговыми объектами, с торговой площадью менее 2000 кв.м ",true,False,,,,,,,,20000000,1031.0,,,,,5,"Розничная торговля в неспециализированных магазинах преимущественно продуктами питания, напитками и табачными изделиями",ОБЛАСТЬ АБАЙ,РАЙОН МАҚАНШЫ,0
448475,5569544,Транспорт и складирование,false,False,,,,,,,,2177804000,1031.0,,,,,1,Всего,ОБЛАСТЬ АБАЙ,РАЙОН МАҚАНШЫ,0
448527,5567923,Складирование грузов и вспомогательная транспортная деятельность,false,False,,,,,,,,2177804000,1031.0,,,,,2,Транспорт и складирование,ОБЛАСТЬ АБАЙ,РАЙОН МАҚАНШЫ,0
448528,5785950,Складирование и хранение грузов,false,False,,,,,,,,x,1031.0,,,,,3,Складирование грузов и вспомогательная транспортная деятельность,ОБЛАСТЬ АБАЙ,РАЙОН МАҚАНШЫ,0
448529,5790836,Складирование и хранение грузов,false,False,,,,,,,,x,1031.0,,,,,4,Складирование и хранение грузов,ОБЛАСТЬ АБАЙ,РАЙОН МАҚАНШЫ,0
77247719,5782902,"Складирование и хранение непродовольственных товаров, кроме зерна, масличных культур и нефти",true,False,,,,,,,,x,1031.0,,,,,5,Складирование и хранение грузов,ОБЛАСТЬ АБАЙ,РАЙОН МАҚАНШЫ,0
448533,5570341,Вспомогательная транспортная деятельность,false,False,,,,,,,,2107104000,1031.0,,,,,3,Складирование грузов и вспомогательная транспортная деятельность,ОБЛАСТЬ АБАЙ,РАЙОН МАҚАНШЫ,0
448534,5566987,Вспомогательная деятельность сухопутного транспорта,false,False,,,,,,,,2107104000,1031.0,,,,,4,Вспомогательная транспортная деятельность,ОБЛАСТЬ АБАЙ,РАЙОН МАҚАНШЫ,0
448535,5566939,Эксплуатация железных дорог,true,False,,,,,,,,1494892000,1031.0,,,,,5,Вспомогательная деятельность сухопутного транспорта,ОБЛАСТЬ АБАЙ,РАЙОН МАҚАНШЫ,0
448536,5750384,Эксплуатация автомобильных дорог,true,False,,,,,,,,612212000,1031.0,,,,,5,Вспомогательная деятельность сухопутного транспорта,ОБЛАСТЬ АБАЙ,РАЙОН МАҚАНШЫ,0
448558,5528296,Предоставление услуг по проживанию и питанию,false,False,,,,,,,,3037610000,1031.0,,,,,1,Всего,ОБЛАСТЬ АБАЙ,РАЙОН МАҚАНШЫ,0
448573,5553485,Предоставление услуг по обеспечению питанием и напитками,false,False,,,,,,,,191160000,1031.0,,,,,2,Предоставление услуг по проживанию и питанию,ОБЛАСТЬ АБАЙ,РАЙОН МАҚАНШЫ,0
448577,5566820,Доставка готовой пищи на заказ и прочая деятельность по обеспечению питанием,false,False,,,,,,,,191160000,1031.0,,,,,3,Предоставление услуг по обеспечению питанием и напитками,ОБЛАСТЬ АБАЙ,РАЙОН МАҚАНШЫ,0
448580,5566810,Прочая деятельность по обеспечению питанием,false,False,,,,,,,,191160000,1031.0,,,,,4,Доставка готовой пищи на заказ и прочая деятельность по обеспечению питанием,ОБЛАСТЬ АБАЙ,РАЙОН МАҚАНШЫ,0
18951446,5569838,"Прочая деятельность по обеспечению питанием, не включенная в другие группировки",true,False,,,,,,,,191160000,1031.0,,,,,5,Прочая деятельность по обеспечению питанием,ОБЛАСТЬ АБАЙ,РАЙОН МАҚАНШЫ,0
3783427,5529854,Предоставление услуг по временному проживанию,false,False,,,,,,,,2846450000,1031.0,,,,,2,Предоставление услуг по проживанию и питанию,ОБЛАСТЬ АБАЙ,РАЙОН МАҚАНШЫ,0
3783432,5529865,Предоставление жилья на выходные дни и прочие периоды краткосрочного проживания,false,False,,,,,,,,2846450000,1031.0,,,,,3,Предоставление услуг по временному проживанию,ОБЛАСТЬ АБАЙ,РАЙОН МАҚАНШЫ,0
3783433,5521764,Предоставление жилья на выходные дни и прочие периоды краткосрочного проживания,false,False,,,,,,,,2846450000,1031.0,,,,,4,Предоставление жилья на выходные дни и прочие периоды краткосрочного проживания,ОБЛАСТЬ АБАЙ,РАЙОН МАҚАНШЫ,0
3783434,5518706,Предоставление жилья на выходные дни и прочие периоды краткосрочного проживания,true,False,,,,,,,,2846450000,1031.0,,,,,5,Предоставление жилья на выходные дни и прочие периоды краткосрочного проживания,ОБЛАСТЬ АБАЙ,РАЙОН МАҚАНШЫ,0
448585,5531003,Информация и связь,false,False,,,,,,,,x,1031.0,,,,,1,Всего,ОБЛАСТЬ АБАЙ,РАЙОН МАҚАНШЫ,0
448623,5531009,Телекоммуникации,false,False,,,,,,,,x,1031.0,,,,,2,Информация и связь,ОБЛАСТЬ АБАЙ,РАЙОН МАҚАНШЫ,0
448627,5530898,Беспроводная телекоммуникационная связь,false,False,,,,,,,,x,1031.0,,,,,3,Телекоммуникации,ОБЛАСТЬ АБАЙ,РАЙОН МАҚАНШЫ,0
448628,5530888,Беспроводная телекоммуникационная связь,false,False,,,,,,,,x,1031.0,,,,,4,Беспроводная телекоммуникационная связь,ОБЛАСТЬ АБАЙ,РАЙОН МАҚАНШЫ,0
18946149,5530877,Прочая беспроводная телекоммуникационная связь,true,False,,,,,,,,x,1031.0,,,,,5,Беспроводная телекоммуникационная связь,ОБЛАСТЬ АБАЙ,РАЙОН МАҚАНШЫ,0
448714,5550956,Операции с недвижимым имуществом,false,False,,,,,,,,1222658000,1031.0,,,,,1,Всего,ОБЛАСТЬ АБАЙ,РАЙОН МАҚАНШЫ,0
448715,5551878,Операции с недвижимым имуществом,false,False,,,,,,,,1222658000,1031.0,,,,,2,Операции с недвижимым имуществом,ОБЛАСТЬ АБАЙ,РАЙОН МАҚАНШЫ,0
448716,5551705,Покупка и продажа собственного недвижимого имущества ,false,False,,,,,,,,1222658000,1031.0,,,,,3,Операции с недвижимым имуществом,ОБЛАСТЬ АБАЙ,РАЙОН МАҚАНШЫ,0
448717,5550141,Покупка и продажа собственного недвижимого имущества ,false,False,,,,,,,,1222658000,1031.0,,,,,4,Покупка и продажа собственного недвижимого имущества ,ОБЛАСТЬ АБАЙ,РАЙОН МАҚАНШЫ,0
543091,5550277,Покупка и продажа многоквартирных и жилых домов (особняков),true,False,,,,,,,,1222658000,1031.0,,,,,5,Покупка и продажа собственного недвижимого имущества ,ОБЛАСТЬ АБАЙ,РАЙОН МАҚАНШЫ,0
448728,5873146,"Профессиональная, научная и техническая деятельность",false,False,,,,,,,,x,1031.0,,,,,1,Всего,ОБЛАСТЬ АБАЙ,РАЙОН МАҚАНШЫ,0
448747,5871288,"Деятельность в области архитектуры, инженерных изысканий, технических испытаний и анализа",false,False,,,,,,,,x,1031.0,,,,,2,"Профессиональная, научная и техническая деятельность",ОБЛАСТЬ АБАЙ,РАЙОН МАҚАНШЫ,0
448748,5869480,"Деятельность в области архитектуры, инженерных изысканий и предоставление технических консультаций в этих областях",false,False,,,,,,,,x,1031.0,,,,,3,"Деятельность в области архитектуры, инженерных изысканий, технических испытаний и анализа",ОБЛАСТЬ АБАЙ,РАЙОН МАҚАНШЫ,0
448749,5871616,Деятельность в области архитектуры,false,False,,,,,,,,x,1031.0,,,,,4,"Деятельность в области архитектуры, инженерных изысканий и предоставление технических консультаций в этих областях",ОБЛАСТЬ АБАЙ,РАЙОН МАҚАНШЫ,0
18951462,5872154,"Деятельность в области архитектуры, за исключением объектов атомной промышленности и атомной энергетики  ",true,False,,,,,,,,x,1031.0,,,,,5,Деятельность в области архитектуры,ОБЛАСТЬ АБАЙ,РАЙОН МАҚАНШЫ,0
448889,5693889,Государственное управление и оборона; обязательное  социальное обеспечение,false,False,,,,,,,,154365000,1031.0,,,,,1,Всего,ОБЛАСТЬ АБАЙ,РАЙОН МАҚАНШЫ,0
448890,5698943,Государственное управление и оборона; обязательное социальное обеспечение,false,False,,,,,,,,154365000,1031.0,,,,,2,Государственное управление и оборона; обязательное  социальное обеспечение,ОБЛАСТЬ АБАЙ,РАЙОН МАҚАНШЫ,0
448891,5790796,Государственное управление общего характера и управление социально-экономическое политикой общества,false,False,,,,,,,,151326000,1031.0,,,,,3,Государственное управление и оборона; обязательное социальное обеспечение,ОБЛАСТЬ АБАЙ,РАЙОН МАҚАНШЫ,0
448892,5784533,Государственное управление общего характера,false,False,,,,,,,,151326000,1031.0,,,,,4,Государственное управление общего характера и управление социально-экономическое политикой общества,ОБЛАСТЬ АБАЙ,РАЙОН МАҚАНШЫ,0
448898,5790452,Деятельность таможни,true,False,,,,,,,,151326000,1031.0,,,,,5,Государственное управление общего характера,ОБЛАСТЬ АБАЙ,РАЙОН МАҚАНШЫ,0
448904,5693690,Предоставление государством услуг обществу в целом,false,False,,,,,,,,3039000,1031.0,,,,,3,Государственное управление и оборона; обязательное социальное обеспечение,ОБЛАСТЬ АБАЙ,РАЙОН МАҚАНШЫ,0
448913,5694393,Деятельность по обеспечению безопасности в чрезвычайных ситуациях,false,False,,,,,,,,3039000,1031.0,,,,,4,Предоставление государством услуг обществу в целом,ОБЛАСТЬ АБАЙ,РАЙОН МАҚАНШЫ,0
448914,5695428,Деятельность по обеспечению безопасности в чрезвычайных ситуациях,true,False,,,,,,,,3039000,1031.0,,,,,5,Деятельность по обеспечению безопасности в чрезвычайных ситуациях,ОБЛАСТЬ АБАЙ,РАЙОН МАҚАНШЫ,0
448918,5585697,Образование,false,False,,,,,,,,473837000,1031.0,,,,,1,Всего,ОБЛАСТЬ АБАЙ,РАЙОН МАҚАНШЫ,0
448919,5553541,Образование,false,False,,,,,,,,473837000,1031.0,,,,,2,Образование,ОБЛАСТЬ АБАЙ,РАЙОН МАҚАНШЫ,0
448920,5583489,Дошкольное образование,false,False,,,,,,,,429261000,1031.0,,,,,3,Образование,ОБЛАСТЬ АБАЙ,РАЙОН МАҚАНШЫ,0
448921,5566804,Дошкольное образование,false,False,,,,,,,,429261000,1031.0,,,,,4,Дошкольное образование,ОБЛАСТЬ АБАЙ,РАЙОН МАҚАНШЫ,0
448922,5584773,Дошкольное образование,true,False,,,,,,,,429261000,1031.0,,,,,5,Дошкольное образование,ОБЛАСТЬ АБАЙ,РАЙОН МАҚАНШЫ,0
448926,5752334,Среднее образование (2-й и 3-й уровни),false,False,,,,,,,,39576000,1031.0,,,,,3,Образование,ОБЛАСТЬ АБАЙ,РАЙОН МАҚАНШЫ,0
448927,5749357,Основное и общее среднее образование,false,False,,,,,,,,39576000,1031.0,,,,,4,Среднее образование (2-й и 3-й уровни),ОБЛАСТЬ АБАЙ,РАЙОН МАҚАНШЫ,0
448928,5753047,Основное и общее среднее образование,true,False,,,,,,,,39576000,1031.0,,,,,5,Основное и общее среднее образование,ОБЛАСТЬ АБАЙ,РАЙОН МАҚАНШЫ,0
448937,6058415,Прочие виды образования,false,False,,,,,,,,x,1031.0,,,,,3,Образование,ОБЛАСТЬ АБАЙ,РАЙОН МАҚАНШЫ,0
448940,6054142,Образование в области культуры,false,False,,,,,,,,x,1031.0,,,,,4,Прочие виды образования,ОБЛАСТЬ АБАЙ,РАЙОН МАҚАНШЫ,0
448941,6050073,Образование в области культуры,true,False,,,,,,,,x,1031.0,,,,,5,Образование в области культуры,ОБЛАСТЬ АБАЙ,РАЙОН МАҚАНШЫ,0
448950,5549964,Здравоохранение и социальное обслуживание населения,false,False,,,,,,,,2944098000,1031.0,,,,,1,Всего,ОБЛАСТЬ АБАЙ,РАЙОН МАҚАНШЫ,0
448951,5551325,Деятельность в области здравоохранения,false,False,,,,,,,,2944098000,1031.0,,,,,2,Здравоохранение и социальное обслуживание населения,ОБЛАСТЬ АБАЙ,РАЙОН МАҚАНШЫ,0
448952,5916993,Деятельность больничных организаций,false,False,,,,,,,,323770000,1031.0,,,,,3,Деятельность в области здравоохранения,ОБЛАСТЬ АБАЙ,РАЙОН МАҚАНШЫ,0
448953,5916939,Деятельность больничных организаций,false,False,,,,,,,,323770000,1031.0,,,,,4,Деятельность больничных организаций,ОБЛАСТЬ АБАЙ,РАЙОН МАҚАНШЫ,0
448954,5916957,Деятельность больниц широкого профиля и специализированных больниц,true,False,,,,,,,,323770000,1031.0,,,,,5,Деятельность больничных организаций,ОБЛАСТЬ АБАЙ,РАЙОН МАҚАНШЫ,0
448959,5551417,Деятельность в области врачебной практики и стоматологии,false,False,,,,,,,,2620328000,1031.0,,,,,3,Деятельность в области здравоохранения,ОБЛАСТЬ АБАЙ,РАЙОН МАҚАНШЫ,0
448960,5546832,Общая врачебная практика,false,False,,,,,,,,2620328000,1031.0,,,,,4,Деятельность в области врачебной практики и стоматологии,ОБЛАСТЬ АБАЙ,РАЙОН МАҚАНШЫ,0
448961,5550722,Общая врачебная практика,true,False,,,,,,,,2620328000,1031.0,,,,,5,Общая врачебная практика,ОБЛАСТЬ АБАЙ,РАЙОН МАҚАНШЫ,0
741340,5568523,Промышленность,false,False,,,,,,,,2087540000,1031.0,,,,,1,Всего,ОБЛАСТЬ АБАЙ,РАЙОН МАҚАНШЫ,0
448090,5571633,"Снабжение электроэнергией, газом, паром, горячей водой и кондиционированным воздухом",false,False,,,,,,,,600181000,1031.0,,,,,2,Промышленность,ОБЛАСТЬ АБАЙ,РАЙОН МАҚАНШЫ,0
448091,5584800,"Снабжение электроэнергией, газом, паром, горячей водой и кондиционированным воздухом",false,False,,,,,,,,600181000,1031.0,,,,,3,"Снабжение электроэнергией, газом, паром, горячей водой и кондиционированным воздухом",ОБЛАСТЬ АБАЙ,РАЙОН МАҚАНШЫ,0
448092,5584541,"Производство, передача и распределение электроэнергии",false,False,,,,,,,,600181000,1031.0,,,,,4,"Снабжение электроэнергией, газом, паром, горячей водой и кондиционированным воздухом",ОБЛАСТЬ АБАЙ,РАЙОН МАҚАНШЫ,0
448100,5569793,Распределение электроэнергии,false,False,,,,,,,,600181000,1031.0,,,,,5,"Производство, передача и распределение электроэнергии",ОБЛАСТЬ АБАЙ,РАЙОН МАҚАНШЫ,0
448101,5585580,Распределение электроэнергии,true,False,,,,,,,,600181000,1031.0,,,,,6,Распределение электроэнергии,ОБЛАСТЬ АБАЙ,РАЙОН МАҚАНШЫ,0
448117,5568267,"Водоснабжение; водоотведение; сбор, обработка и удаление отходов, деятельность по ликвидации загрязнений",false,False,,,,,,,,1487359000,1031.0,,,,,2,Промышленность,ОБЛАСТЬ АБАЙ,РАЙОН МАҚАНШЫ,0
448118,5586204,"Забор, обработка и распределение воды",false,False,,,,,,,,1360570000,1031.0,,,,,3,"Водоснабжение; водоотведение; сбор, обработка и удаление отходов, деятельность по ликвидации загрязнений",ОБЛАСТЬ АБАЙ,РАЙОН МАҚАНШЫ,0
448119,5566777,"Забор, обработка и распределение воды",false,False,,,,,,,,1360570000,1031.0,,,,,4,"Забор, обработка и распределение воды",ОБЛАСТЬ АБАЙ,РАЙОН МАҚАНШЫ,0
448120,5565175,"Забор, обработка и распределение воды",false,False,,,,,,,,1360570000,1031.0,,,,,5,"Забор, обработка и распределение воды",ОБЛАСТЬ АБАЙ,РАЙОН МАҚАНШЫ,0
448121,5566608,"Забор, обработка и распределение воды",true,False,,,,,,,,1360570000,1031.0,,,,,6,"Забор, обработка и распределение воды",ОБЛАСТЬ АБАЙ,РАЙОН МАҚАНШЫ,0
448126,5694112,"Сбор, обработка и удаление отходов; утилизация (восстановление) материалов",false,False,,,,,,,,126789000,1031.0,,,,,3,"Водоснабжение; водоотведение; сбор, обработка и удаление отходов, деятельность по ликвидации загрязнений",ОБЛАСТЬ АБАЙ,РАЙОН МАҚАНШЫ,0
448132,5696026,Обработка и удаление отходов,false,False,,,,,,,,126789000,1031.0,,,,,4,"Сбор, обработка и удаление отходов; утилизация (восстановление) материалов",ОБЛАСТЬ АБАЙ,РАЙОН МАҚАНШЫ,0
448133,6055577,Обработка и удаление неопасных отходов,false,False,,,,,,,,51000000,1031.0,,,,,5,Обработка и удаление отходов,ОБЛАСТЬ АБАЙ,РАЙОН МАҚАНШЫ,0
448134,6049793,Обработка и удаление неопасных отходов,true,False,,,,,,,,51000000,1031.0,,,,,6,Обработка и удаление неопасных отходов,ОБЛАСТЬ АБАЙ,РАЙОН МАҚАНШЫ,0
448135,5695521,Обработка и удаление опасных отходов,false,False,,,,,,,,75789000,1031.0,,,,,5,Обработка и удаление отходов,ОБЛАСТЬ АБАЙ,РАЙОН МАҚАНШЫ,0
448136,5696509,Обработка и удаление опасных отходов,true,False,,,,,,,,75789000,1031.0,,,,,6,Обработка и удаление опасных отходов,ОБЛАСТЬ АБАЙ,РАЙОН МАҚАНШЫ,0
741885,5693643,Всего,false,false,,,,,,,,21230935000,1031.0,,,,,0,,ОБЛАСТЬ АБАЙ,РАЙОН ЖАҢАСЕМЕЙ,
447173,5695149,"Сельское, лесное и рыбное хозяйство",false,False,,,,,,,,150744000,1031.0,,,,,1,Всего,ОБЛАСТЬ АБАЙ,РАЙОН ЖАҢАСЕМЕЙ,0
447174,5693067,"Растениеводство и животноводство, охота и предоставление услуг в этих областях",false,False,,,,,,,,150744000,1031.0,,,,,2,"Сельское, лесное и рыбное хозяйство",ОБЛАСТЬ АБАЙ,РАЙОН ЖАҢАСЕМЕЙ,0
447218,5697510,Животноводство,false,False,,,,,,,,145844000,1031.0,,,,,3,"Растениеводство и животноводство, охота и предоставление услуг в этих областях",ОБЛАСТЬ АБАЙ,РАЙОН ЖАҢАСЕМЕЙ,0
447221,5695042,Разведение прочего крупного рогатого скота и буйволов,false,False,,,,,,,,60475000,1031.0,,,,,4,Животноводство,ОБЛАСТЬ АБАЙ,РАЙОН ЖАҢАСЕМЕЙ,0
447222,5695196,Разведение прочего крупного рогатого скота и буйволов,true,False,,,,,,,,60475000,1031.0,,,,,5,Разведение прочего крупного рогатого скота и буйволов,ОБЛАСТЬ АБАЙ,РАЙОН ЖАҢАСЕМЕЙ,0
447228,5870408,Разведение овец и коз,false,False,,,,,,,,7900000,1031.0,,,,,4,Животноводство,ОБЛАСТЬ АБАЙ,РАЙОН ЖАҢАСЕМЕЙ,0
447229,5869432,Разведение овец и коз,true,False,,,,,,,,7900000,1031.0,,,,,5,Разведение овец и коз,ОБЛАСТЬ АБАЙ,РАЙОН ЖАҢАСЕМЕЙ,0
447232,5698677,Разведение сельскохозяйственной птицы ,false,False,,,,,,,,63769000,1031.0,,,,,4,Животноводство,ОБЛАСТЬ АБАЙ,РАЙОН ЖАҢАСЕМЕЙ,0
447233,5696928,"Разведение птицы на мясо, племенной птицы и молодняка",true,False,,,,,,,,45277000,1031.0,,,,,5,Разведение сельскохозяйственной птицы ,ОБЛАСТЬ АБАЙ,РАЙОН ЖАҢАСЕМЕЙ,0
447234,5695229,Производство яиц,true,False,,,,,,,,x,1031.0,,,,,5,Разведение сельскохозяйственной птицы ,ОБЛАСТЬ АБАЙ,РАЙОН ЖАҢАСЕМЕЙ,0
447237,6005119,Разведение прочих видов животных,false,False,,,,,,,,13700000,1031.0,,,,,4,Животноводство,ОБЛАСТЬ АБАЙ,РАЙОН ЖАҢАСЕМЕЙ,0
447238,6009242,Разведение прочих видов животных,true,False,,,,,,,,13700000,1031.0,,,,,5,Разведение прочих видов животных,ОБЛАСТЬ АБАЙ,РАЙОН ЖАҢАСЕМЕЙ,0
447239,5695059,Смешанное сельское хозяйство,false,False,,,,,,,,4900000,1031.0,,,,,3,"Растениеводство и животноводство, охота и предоставление услуг в этих областях",ОБЛАСТЬ АБАЙ,РАЙОН ЖАҢАСЕМЕЙ,0
447240,5695592,Смешанное сельское хозяйство,false,False,,,,,,,,4900000,1031.0,,,,,4,Смешанное сельское хозяйство,ОБЛАСТЬ АБАЙ,РАЙОН ЖАҢАСЕМЕЙ,0
447241,5694099,Смешанное сельское хозяйство,true,False,,,,,,,,4900000,1031.0,,,,,5,Смешанное сельское хозяйство,ОБЛАСТЬ АБАЙ,РАЙОН ЖАҢАСЕМЕЙ,0
448475,5696475,Транспорт и складирование,false,False,,,,,,,,810420000,1031.0,,,,,1,Всего,ОБЛАСТЬ АБАЙ,РАЙОН ЖАҢАСЕМЕЙ,0
448527,5698033,Складирование грузов и вспомогательная транспортная деятельность,false,False,,,,,,,,810420000,1031.0,,,,,2,Транспорт и складирование,ОБЛАСТЬ АБАЙ,РАЙОН ЖАҢАСЕМЕЙ,0
448533,5697794,Вспомогательная транспортная деятельность,false,False,,,,,,,,810420000,1031.0,,,,,3,Складирование грузов и вспомогательная транспортная деятельность,ОБЛАСТЬ АБАЙ,РАЙОН ЖАҢАСЕМЕЙ,0
448534,5918803,Вспомогательная деятельность сухопутного транспорта,false,False,,,,,,,,x,1031.0,,,,,4,Вспомогательная транспортная деятельность,ОБЛАСТЬ АБАЙ,РАЙОН ЖАҢАСЕМЕЙ,0
448536,5918810,Эксплуатация автомобильных дорог,true,False,,,,,,,,x,1031.0,,,,,5,Вспомогательная деятельность сухопутного транспорта,ОБЛАСТЬ АБАЙ,РАЙОН ЖАҢАСЕМЕЙ,0
448540,5697450,Вспомогательная деятельность водного транспорта,false,False,,,,,,,,400557000,1031.0,,,,,4,Вспомогательная транспортная деятельность,ОБЛАСТЬ АБАЙ,РАЙОН ЖАҢАСЕМЕЙ,0
448541,5693094,Вспомогательная деятельность водного транспорта,true,False,,,,,,,,400557000,1031.0,,,,,5,Вспомогательная деятельность водного транспорта,ОБЛАСТЬ АБАЙ,РАЙОН ЖАҢАСЕМЕЙ,0
448558,5694920,Предоставление услуг по проживанию и питанию,false,False,,,,,,,,x,1031.0,,,,,1,Всего,ОБЛАСТЬ АБАЙ,РАЙОН ЖАҢАСЕМЕЙ,0
3783427,5695043,Предоставление услуг по временному проживанию,false,False,,,,,,,,x,1031.0,,,,,2,Предоставление услуг по проживанию и питанию,ОБЛАСТЬ АБАЙ,РАЙОН ЖАҢАСЕМЕЙ,0
3783441,5693143,Предоставление услуг прочими местами для проживания,false,False,,,,,,,,x,1031.0,,,,,3,Предоставление услуг по временному проживанию,ОБЛАСТЬ АБАЙ,РАЙОН ЖАҢАСЕМЕЙ,0
3783442,5694018,Предоставление услуг прочими местами для проживания,false,False,,,,,,,,x,1031.0,,,,,4,Предоставление услуг прочими местами для проживания,ОБЛАСТЬ АБАЙ,РАЙОН ЖАҢАСЕМЕЙ,0
20576357,5697701,"Предоставление услуг прочими местами для проживания, не включенными в другие категории",true,False,,,,,,,,x,1031.0,,,,,5,Предоставление услуг прочими местами для проживания,ОБЛАСТЬ АБАЙ,РАЙОН ЖАҢАСЕМЕЙ,0
448714,5879269,Операции с недвижимым имуществом,false,False,,,,,,,,411400000,1031.0,,,,,1,Всего,ОБЛАСТЬ АБАЙ,РАЙОН ЖАҢАСЕМЕЙ,0
448715,5878991,Операции с недвижимым имуществом,false,False,,,,,,,,411400000,1031.0,,,,,2,Операции с недвижимым имуществом,ОБЛАСТЬ АБАЙ,РАЙОН ЖАҢАСЕМЕЙ,0
448716,5878965,Покупка и продажа собственного недвижимого имущества ,false,False,,,,,,,,411400000,1031.0,,,,,3,Операции с недвижимым имуществом,ОБЛАСТЬ АБАЙ,РАЙОН ЖАҢАСЕМЕЙ,0
448717,5879173,Покупка и продажа собственного недвижимого имущества ,false,False,,,,,,,,411400000,1031.0,,,,,4,Покупка и продажа собственного недвижимого имущества ,ОБЛАСТЬ АБАЙ,РАЙОН ЖАҢАСЕМЕЙ,0
543091,5879084,Покупка и продажа многоквартирных и жилых домов (особняков),true,False,,,,,,,,411400000,1031.0,,,,,5,Покупка и продажа собственного недвижимого имущества ,ОБЛАСТЬ АБАЙ,РАЙОН ЖАҢАСЕМЕЙ,0
448918,5747369,Образование,false,False,,,,,,,,18239000,1031.0,,,,,1,Всего,ОБЛАСТЬ АБАЙ,РАЙОН ЖАҢАСЕМЕЙ,0
448919,5745122,Образование,false,False,,,,,,,,18239000,1031.0,,,,,2,Образование,ОБЛАСТЬ АБАЙ,РАЙОН ЖАҢАСЕМЕЙ,0
448926,5747305,Среднее образование (2-й и 3-й уровни),false,False,,,,,,,,18239000,1031.0,,,,,3,Образование,ОБЛАСТЬ АБАЙ,РАЙОН ЖАҢАСЕМЕЙ,0
448927,5750309,Основное и общее среднее образование,false,False,,,,,,,,18239000,1031.0,,,,,4,Среднее образование (2-й и 3-й уровни),ОБЛАСТЬ АБАЙ,РАЙОН ЖАҢАСЕМЕЙ,0
448928,5745055,Основное и общее среднее образование,true,False,,,,,,,,18239000,1031.0,,,,,5,Основное и общее среднее образование,ОБЛАСТЬ АБАЙ,РАЙОН ЖАҢАСЕМЕЙ,0
448950,5879352,Здравоохранение и социальное обслуживание населения,false,False,,,,,,,,21647000,1031.0,,,,,1,Всего,ОБЛАСТЬ АБАЙ,РАЙОН ЖАҢАСЕМЕЙ,0
448951,5879444,Деятельность в области здравоохранения,false,False,,,,,,,,21647000,1031.0,,,,,2,Здравоохранение и социальное обслуживание населения,ОБЛАСТЬ АБАЙ,РАЙОН ЖАҢАСЕМЕЙ,0
448952,5879086,Деятельность больничных организаций,false,False,,,,,,,,9647000,1031.0,,,,,3,Деятельность в области здравоохранения,ОБЛАСТЬ АБАЙ,РАЙОН ЖАҢАСЕМЕЙ,0
448953,5878867,Деятельность больничных организаций,false,False,,,,,,,,9647000,1031.0,,,,,4,Деятельность больничных организаций,ОБЛАСТЬ АБАЙ,РАЙОН ЖАҢАСЕМЕЙ,0
448954,5879488,Деятельность больниц широкого профиля и специализированных больниц,true,False,,,,,,,,9647000,1031.0,,,,,5,Деятельность больничных организаций,ОБЛАСТЬ АБАЙ,РАЙОН ЖАҢАСЕМЕЙ,0
448959,5918808,Деятельность в области врачебной практики и стоматологии,false,False,,,,,,,,12000000,1031.0,,,,,3,Деятельность в области здравоохранения,ОБЛАСТЬ АБАЙ,РАЙОН ЖАҢАСЕМЕЙ,0
448960,5918805,Общая врачебная практика,false,False,,,,,,,,12000000,1031.0,,,,,4,Деятельность в области врачебной практики и стоматологии,ОБЛАСТЬ АБАЙ,РАЙОН ЖАҢАСЕМЕЙ,0
448961,5918811,Общая врачебная практика,true,False,,,,,,,,12000000,1031.0,,,,,5,Общая врачебная практика,ОБЛАСТЬ АБАЙ,РАЙОН ЖАҢАСЕМЕЙ,0
741340,5695299,Промышленность,false,False,,,,,,,,18675353000,1031.0,,,,,1,Всего,ОБЛАСТЬ АБАЙ,РАЙОН ЖАҢАСЕМЕЙ,0
447279,5696258,Горнодобывающая промышленность и разработка карьеров,false,False,,,,,,,,103106000,1031.0,,,,,2,Промышленность,ОБЛАСТЬ АБАЙ,РАЙОН ЖАҢАСЕМЕЙ,0
447298,5696120,Добыча металлических руд,false,False,,,,,,,,95611000,1031.0,,,,,3,Горнодобывающая промышленность и разработка карьеров,ОБЛАСТЬ АБАЙ,РАЙОН ЖАҢАСЕМЕЙ,0
447303,5694477,"Добыча руд, кроме железных ",false,False,,,,,,,,95611000,1031.0,,,,,4,Добыча металлических руд,ОБЛАСТЬ АБАЙ,РАЙОН ЖАҢАСЕМЕЙ,0
447306,5694601,Добыча прочих металлических руд,false,False,,,,,,,,95611000,1031.0,,,,,5,"Добыча руд, кроме железных ",ОБЛАСТЬ АБАЙ,РАЙОН ЖАҢАСЕМЕЙ,0
447308,6050799,Добыча и обогащение медной руды,true,False,,,,,,,,80867000,1031.0,,,,,6,Добыча прочих металлических руд,ОБЛАСТЬ АБАЙ,РАЙОН ЖАҢАСЕМЕЙ,0
447315,5697977,"Добыча и обогащение прочих металлических руд, не включенных в другие группировки",true,False,,,,,,,,x,1031.0,,,,,6,Добыча прочих металлических руд,ОБЛАСТЬ АБАЙ,РАЙОН ЖАҢАСЕМЕЙ,0
447316,5918904,Добыча прочих полезных ископаемых,false,False,,,,,,,,x,1031.0,,,,,3,Горнодобывающая промышленность и разработка карьеров,ОБЛАСТЬ АБАЙ,РАЙОН ЖАҢАСЕМЕЙ,0
447325,6006255,"Добыча полезных ископаемых, не включенных в другие группировки",false,False,,,,,,,,x,1031.0,,,,,4,Добыча прочих полезных ископаемых,ОБЛАСТЬ АБАЙ,РАЙОН ЖАҢАСЕМЕЙ,0
447326,6008621,Добыча минерального сырья для химической промышленности и производства удобрений,false,False,,,,,,,,x,1031.0,,,,,5,"Добыча полезных ископаемых, не включенных в другие группировки",ОБЛАСТЬ АБАЙ,РАЙОН ЖАҢАСЕМЕЙ,0
447327,6006093,Добыча минерального сырья для химической промышленности и производства удобрений,true,False,,,,,,,,x,1031.0,,,,,6,Добыча минерального сырья для химической промышленности и производства удобрений,ОБЛАСТЬ АБАЙ,РАЙОН ЖАҢАСЕМЕЙ,0
447346,5695557,Обрабатывающая промышленность,false,False,,,,,,,,15007579000,1031.0,,,,,2,Промышленность,ОБЛАСТЬ АБАЙ,РАЙОН ЖАҢАСЕМЕЙ,0
447347,5694339,Производство продуктов питания,false,False,,,,,,,,192661000,1031.0,,,,,3,Обрабатывающая промышленность,ОБЛАСТЬ АБАЙ,РАЙОН ЖАҢАСЕМЕЙ,0
447348,5696384,Переработка и консервирование мяса и производство мясной продукции,false,False,,,,,,,,192661000,1031.0,,,,,4,Производство продуктов питания,ОБЛАСТЬ АБАЙ,РАЙОН ЖАҢАСЕМЕЙ,0
447349,5697840,Переработка и консервирование мяса,false,False,,,,,,,,192661000,1031.0,,,,,5,Переработка и консервирование мяса и производство мясной продукции,ОБЛАСТЬ АБАЙ,РАЙОН ЖАҢАСЕМЕЙ,0
447350,5694594,Переработка и консервирование мяса,true,False,,,,,,,,192661000,1031.0,,,,,6,Переработка и консервирование мяса,ОБЛАСТЬ АБАЙ,РАЙОН ЖАҢАСЕМЕЙ,0
447717,5697671,Металлургическое производство,false,False,,,,,,,,14814918000,1031.0,,,,,3,Обрабатывающая промышленность,ОБЛАСТЬ АБАЙ,РАЙОН ЖАҢАСЕМЕЙ,0
447733,5695185,Производство основных благородных и цветных металлов,false,False,,,,,,,,14814918000,1031.0,,,,,4,Металлургическое производство,ОБЛАСТЬ АБАЙ,РАЙОН ЖАҢАСЕМЕЙ,0
447734,5693213,Производство благородных (драгоценных) металлов,false,False,,,,,,,,14316856000,1031.0,,,,,5,Производство основных благородных и цветных металлов,ОБЛАСТЬ АБАЙ,РАЙОН ЖАҢАСЕМЕЙ,0
447735,5695759,Производство благородных (драгоценных) металлов,true,False,,,,,,,,14316856000,1031.0,,,,,6,Производство благородных (драгоценных) металлов,ОБЛАСТЬ АБАЙ,РАЙОН ЖАҢАСЕМЕЙ,0
447740,5697317,Производство меди,false,False,,,,,,,,498062000,1031.0,,,,,5,Производство основных благородных и цветных металлов,ОБЛАСТЬ АБАЙ,РАЙОН ЖАҢАСЕМЕЙ,0
447741,5693765,Производство меди,true,False,,,,,,,,498062000,1031.0,,,,,6,Производство меди,ОБЛАСТЬ АБАЙ,РАЙОН ЖАҢАСЕМЕЙ,0
448090,5695040,"Снабжение электроэнергией, газом, паром, горячей водой и кондиционированным воздухом",false,False,,,,,,,,2662006000,1031.0,,,,,2,Промышленность,ОБЛАСТЬ АБАЙ,РАЙОН ЖАҢАСЕМЕЙ,0
448091,5697693,"Снабжение электроэнергией, газом, паром, горячей водой и кондиционированным воздухом",false,False,,,,,,,,2662006000,1031.0,,,,,3,"Снабжение электроэнергией, газом, паром, горячей водой и кондиционированным воздухом",ОБЛАСТЬ АБАЙ,РАЙОН ЖАҢАСЕМЕЙ,0
448092,5694009,"Производство, передача и распределение электроэнергии",false,False,,,,,,,,2662006000,1031.0,,,,,4,"Снабжение электроэнергией, газом, паром, горячей водой и кондиционированным воздухом",ОБЛАСТЬ АБАЙ,РАЙОН ЖАҢАСЕМЕЙ,0
448093,5694285,Производство электроэнергии,false,False,,,,,,,,2553491000,1031.0,,,,,5,"Производство, передача и распределение электроэнергии",ОБЛАСТЬ АБАЙ,РАЙОН ЖАҢАСЕМЕЙ,0
448095,5693739,Производство электроэнергии гидроэлектростанциями,true,False,,,,,,,,2465064000,1031.0,,,,,6,Производство электроэнергии,ОБЛАСТЬ АБАЙ,РАЙОН ЖАҢАСЕМЕЙ,0
20575774,6052927,Производство электроэнергии ветровыми электростанциями,true,False,,,,,,,,x,1031.0,,,,,6,Производство электроэнергии,ОБЛАСТЬ АБАЙ,РАЙОН ЖАҢАСЕМЕЙ,0
448100,5695330,Распределение электроэнергии,false,False,,,,,,,,108515000,1031.0,,,,,5,"Производство, передача и распределение электроэнергии",ОБЛАСТЬ АБАЙ,РАЙОН ЖАҢАСЕМЕЙ,0
448101,5696663,Распределение электроэнергии,true,False,,,,,,,,108515000,1031.0,,,,,6,Распределение электроэнергии,ОБЛАСТЬ АБАЙ,РАЙОН ЖАҢАСЕМЕЙ,0
448117,5745891,"Водоснабжение; водоотведение; сбор, обработка и удаление отходов, деятельность по ликвидации загрязнений",false,False,,,,,,,,902662000,1031.0,,,,,2,Промышленность,ОБЛАСТЬ АБАЙ,РАЙОН ЖАҢАСЕМЕЙ,0
448118,5745415,"Забор, обработка и распределение воды",false,False,,,,,,,,902662000,1031.0,,,,,3,"Водоснабжение; водоотведение; сбор, обработка и удаление отходов, деятельность по ликвидации загрязнений",ОБЛАСТЬ АБАЙ,РАЙОН ЖАҢАСЕМЕЙ,0
448119,5752583,"Забор, обработка и распределение воды",false,False,,,,,,,,902662000,1031.0,,,,,4,"Забор, обработка и распределение воды",ОБЛАСТЬ АБАЙ,РАЙОН ЖАҢАСЕМЕЙ,0
448120,5750547,"Забор, обработка и распределение воды",false,False,,,,,,,,902662000,1031.0,,,,,5,"Забор, обработка и распределение воды",ОБЛАСТЬ АБАЙ,РАЙОН ЖАҢАСЕМЕЙ,0
448121,5751150,"Забор, обработка и распределение воды",true,False,,,,,,,,902662000,1031.0,,,,,6,"Забор, обработка и распределение воды",ОБЛАСТЬ АБАЙ,РАЙОН ЖАҢАСЕМЕЙ,0
