2026-04-04 23:26:18,466 [ERROR] __main__: Токен бота не задан!
2026-04-04 23:27:52,910 [ERROR] __main__: Токен бота не задан!
2026-04-04 23:28:17,365 [INFO] __main__: Запуск Taldau Bot...
2026-04-04 23:28:17,417 [INFO] __main__: ✅ Бот запущен. Для остановки нажми Ctrl+C.
2026-04-04 23:28:17,947 [INFO] __main__: Команды бота зарегистрированы
2026-04-04 23:28:18,041 [INFO] apscheduler.scheduler: Scheduler started
2026-04-04 23:28:35,454 [INFO] core.storage: Мастер-файл не найден — возвращаю пустой DataFrame
2026-04-04 23:28:49,983 [INFO] core.storage: Импорт существующих CSV...
2026-04-04 23:28:51,000 [INFO] core.storage: Импорт завершён: 70,304 строк
2026-04-04 23:28:51,541 [INFO] core.storage: Мастер сохранён: 70,304 строк, 26 колонок
2026-04-04 23:28:54,512 [INFO] core.storage: Мастер загружен: 70,304 строк, 26 колонок
2026-04-04 23:28:57,884 [INFO] core.storage: Мастер загружен: 70,304 строк, 26 колонок
2026-04-04 23:29:06,899 [INFO] core.storage: Мастер загружен: 70,304 строк, 26 колонок
2026-04-04 23:30:17,545 [WARNING] core.parser: Session check: HTTP 500
2026-04-04 23:30:23,831 [INFO] core.storage: Мастер загружен: 70,304 строк, 26 колонок
2026-04-04 23:30:35,431 [INFO] core.storage: Мастер загружен: 70,304 строк, 26 колонок
2026-04-04 23:30:46,135 [INFO] core.storage: Мастер загружен: 70,304 строк, 26 колонок
2026-04-04 23:30:56,488 [INFO] core.storage: Мастер загружен: 70,304 строк, 26 колонок
2026-04-04 23:31:05,384 [INFO] core.storage: Мастер загружен: 70,304 строк, 26 колонок
2026-04-04 23:39:06,901 [INFO] core.storage: Мастер загружен: 70,304 строк, 26 колонок
2026-04-04 23:39:12,570 [WARNING] core.parser: Session check: HTTP 500
2026-04-04 23:39:18,121 [INFO] core.storage: Мастер загружен: 70,304 строк, 26 колонок
2026-04-04 23:42:40,498 [INFO] apscheduler.scheduler: Scheduler has been shut down
2026-04-04 23:47:23,325 [INFO] __main__: Запуск Taldau Bot...
2026-04-04 23:47:23,344 [INFO] __main__: ✅ Бот запущен. Для остановки нажми Ctrl+C.
2026-04-04 23:47:23,809 [INFO] __main__: Команды бота зарегистрированы
2026-04-04 23:47:23,906 [INFO] apscheduler.scheduler: Scheduler started
2026-04-04 23:47:36,055 [INFO] core.storage: Мастер загружен: 70,304 строк, 26 колонок
2026-04-04 23:47:39,573 [INFO] core.storage: Мастер загружен: 70,304 строк, 26 колонок
2026-04-04 23:47:42,226 [INFO] core.storage: Мастер загружен: 70,304 строк, 26 колонок
2026-04-04 23:47:46,430 [WARNING] core.parser: Session check: HTTP 500
2026-04-04 23:47:56,079 [INFO] core.storage: Мастер загружен: 70,304 строк, 26 колонок
2026-04-04 23:49:03,900 [INFO] core.storage: Мастер загружен: 70,304 строк, 26 колонок
2026-04-05 00:03:29,836 [INFO] apscheduler.scheduler: Scheduler has been shut down
2026-04-05 00:15:24,787 [INFO] __main__: Запуск Taldau Bot...
2026-04-05 00:15:24,805 [INFO] __main__: ✅ Бот запущен. Для остановки нажми Ctrl+C.
2026-04-05 00:15:25,222 [INFO] __main__: Команды бота зарегистрированы
2026-04-05 00:15:25,319 [INFO] apscheduler.scheduler: Scheduler started
2026-04-05 00:15:36,119 [INFO] core.storage: Мастер загружен: 70,304 строк, 26 колонок
2026-04-05 00:15:54,627 [INFO] apscheduler.scheduler: Scheduler has been shut down
2026-04-21 16:53:41,305 [ERROR] __main__: Токен бота не задан!
2026-04-21 16:55:28,481 [INFO] __main__: Запуск Taldau Bot...
2026-04-21 16:55:28,501 [INFO] __main__: ✅ Бот запущен. Для остановки нажми Ctrl+C.
2026-04-21 16:55:42,996 [INFO] __main__: Запуск Taldau Bot...
2026-04-21 16:55:43,015 [INFO] __main__: ✅ Бот запущен. Для остановки нажми Ctrl+C.
2026-04-21 16:59:27,184 [ERROR] __main__: Токен бота не задан!
2026-04-21 17:00:38,982 [ERROR] __main__: Токен бота не задан!
2026-04-21 17:00:50,082 [ERROR] __main__: Токен бота не задан!
2026-04-21 17:01:10,298 [ERROR] __main__: Токен бота не задан!
2026-04-21 17:02:40,572 [INFO] __main__: Запуск Taldau Bot...
2026-04-21 17:02:40,593 [INFO] __main__: ✅ Бот запущен. Для остановки нажми Ctrl+C.
2026-04-21 17:02:41,095 [INFO] __main__: Команды бота зарегистрированы
2026-04-21 17:02:41,199 [INFO] apscheduler.scheduler: Scheduler started
2026-04-21 17:03:03,711 [INFO] core.storage: Мастер загружен: 70,304 строк, 26 колонок
2026-04-21 17:03:11,879 [INFO] core.storage: Мастер загружен: 70,304 строк, 26 колонок
2026-04-21 17:03:34,603 [INFO] core.storage: Мастер загружен: 70,304 строк, 26 колонок
2026-04-21 17:03:58,810 [INFO] core.storage: Мастер загружен: 70,304 строк, 26 колонок
2026-04-21 17:04:01,643 [INFO] core.storage: Мастер загружен: 70,304 строк, 26 колонок
2026-04-21 17:04:04,179 [INFO] core.storage: Мастер загружен: 70,304 строк, 26 колонок
2026-04-21 17:04:11,560 [INFO] core.parser: Resume: загружено 647 строк, 2 районов пройдено
2026-04-21 17:10:51,032 [INFO] core.parser: [3/228] ✓ АЛМАТИНСКАЯ ОБЛАСТЬ / ЕНБЕКШИКАЗАХСКИЙ РАЙОН — 464 строк
2026-04-21 17:16:27,940 [INFO] core.parser: [4/228] ✓ АЛМАТИНСКАЯ ОБЛАСТЬ / ЖАМБЫЛСКИЙ РАЙОН — 366 строк
2026-04-21 17:25:14,670 [INFO] core.parser: [5/228] ✓ АЛМАТИНСКАЯ ОБЛАСТЬ / КАРАСАЙСКИЙ РАЙОН — 591 строк
2026-04-21 17:28:30,298 [INFO] core.parser: [6/228] ✓ АЛМАТИНСКАЯ ОБЛАСТЬ / РАЙЫМБЕКСКИЙ РАЙОН — 217 строк
2026-04-21 17:35:40,552 [INFO] core.parser: [7/228] ✓ АЛМАТИНСКАЯ ОБЛАСТЬ / ТАЛГАРСКИЙ РАЙОН — 522 строк
2026-04-21 17:38:59,400 [INFO] core.parser: [8/228] ✓ АЛМАТИНСКАЯ ОБЛАСТЬ / УЙГУРСКИЙ РАЙОН — 227 строк
2026-04-21 18:00:16,818 [INFO] __main__: Запуск Taldau Bot...
2026-04-21 18:00:16,843 [INFO] __main__: ✅ Бот запущен. Для остановки нажми Ctrl+C.
2026-04-21 18:00:17,338 [INFO] __main__: Команды бота зарегистрированы
2026-04-21 18:00:17,436 [INFO] apscheduler.scheduler: Scheduler started
2026-04-21 18:00:35,552 [INFO] core.storage: Мастер загружен: 70,304 строк, 26 колонок
2026-04-21 18:01:07,542 [INFO] core.storage: Мастер загружен: 70,304 строк, 26 колонок
2026-04-21 18:01:13,308 [INFO] core.parser: Resume: загружено 3,034 строк, 8 районов пройдено
2026-04-21 18:02:34,540 [INFO] core.parser: [9/228] ✓ АЛМАТИНСКАЯ ОБЛАСТЬ / КЕГЕНСКИЙ РАЙОН — 216 строк
2026-04-21 18:03:33,060 [INFO] core.parser: [10/228] ✓ АЛМАТИНСКАЯ ОБЛАСТЬ / Г.А.АЛАТАУ — 201 строк
2026-04-21 18:04:12,201 [INFO] core.parser: [11/228] ✓ АЛМАТИНСКАЯ ОБЛАСТЬ / ИЛИЙСКИЙ РАЙОН — 661 строк
2026-04-21 18:04:34,787 [INFO] apscheduler.scheduler: Scheduler has been shut down
2026-04-21 18:05:30,955 [INFO] core.parser: [12/228] ✓ АКМОЛИНСКАЯ ОБЛАСТЬ / СТЕПНОГОРСК Г.А. — 328 строк
2026-04-21 18:05:51,238 [INFO] core.parser: [13/228] ✓ АКМОЛИНСКАЯ ОБЛАСТЬ / КОКШЕТАУ Г.А. — 603 строк
2026-04-21 18:06:29,567 [INFO] core.parser: [14/228] ✓ АКМОЛИНСКАЯ ОБЛАСТЬ / АККОЛЬСКИЙ РАЙОН — 247 строк
2026-04-21 18:07:07,540 [INFO] core.parser: [15/228] ✓ АКМОЛИНСКАЯ ОБЛАСТЬ / АРШАЛЫНСКИЙ РАЙОН — 335 строк
2026-04-21 18:07:12,974 [INFO] core.parser: [16/228] ✓ АКМОЛИНСКАЯ ОБЛАСТЬ / АСТРАХАНСКИЙ РАЙОН — 176 строк
2026-04-21 18:08:03,563 [INFO] core.parser: [17/228] ✓ АКМОЛИНСКАЯ ОБЛАСТЬ / АТБАСАРСКИЙ РАЙОН — 230 строк
2026-04-21 18:08:07,761 [INFO] core.parser: [18/228] ✓ АКМОЛИНСКАЯ ОБЛАСТЬ / БУЛАНДЫНСКИЙ РАЙОН — 221 строк
2026-04-21 18:08:37,476 [INFO] core.parser: [19/228] ✓ АКМОЛИНСКАЯ ОБЛАСТЬ / ЕГИНДЫКОЛЬСКИЙ РАЙОН — 124 строк
2026-04-21 18:08:50,962 [INFO] core.parser: [20/228] ✓ АКМОЛИНСКАЯ ОБЛАСТЬ / РАЙОН БИРЖАН САЛ — 167 строк
2026-04-21 18:09:35,935 [INFO] core.parser: [21/228] ✓ АКМОЛИНСКАЯ ОБЛАСТЬ / ЕРЕЙМЕНТАУСКИЙ РАЙОН — 232 строк
2026-04-21 18:09:36,075 [INFO] core.parser: [22/228] ✓ АКМОЛИНСКАЯ ОБЛАСТЬ / ЕСИЛЬСКИЙ РАЙОН — 182 строк
2026-04-21 18:10:05,880 [INFO] core.parser: [23/228] ✓ АКМОЛИНСКАЯ ОБЛАСТЬ / ЖАРКАИНСКИЙ РАЙОН — 119 строк
2026-04-21 18:10:24,896 [INFO] core.parser: [24/228] ✓ АКМОЛИНСКАЯ ОБЛАСТЬ / ЖАКСЫНСКИЙ РАЙОН — 179 строк
2026-04-21 18:11:09,971 [INFO] core.parser: [25/228] ✓ АКМОЛИНСКАЯ ОБЛАСТЬ / КОРГАЛЖЫНСКИЙ РАЙОН — 162 строк
2026-04-21 18:11:13,499 [INFO] core.parser: [26/228] ✓ АКМОЛИНСКАЯ ОБЛАСТЬ / ЗЕРЕНДИНСКИЙ РАЙОН — 267 строк
2026-04-21 18:11:50,403 [INFO] core.parser: [27/228] ✓ АКМОЛИНСКАЯ ОБЛАСТЬ / САНДЫКТАУСКИЙ РАЙОН — 147 строк
2026-04-21 18:12:39,396 [INFO] core.parser: [28/228] ✓ АКМОЛИНСКАЯ ОБЛАСТЬ / ЦЕЛИНОГРАДСКИЙ РАЙОН — 375 строк
2026-04-21 18:13:03,105 [INFO] core.parser: [29/228] ✓ АКМОЛИНСКАЯ ОБЛАСТЬ / ШОРТАНДИНСКИЙ РАЙОН — 280 строк
2026-04-21 18:14:22,092 [INFO] core.parser: [30/228] ✓ АКМОЛИНСКАЯ ОБЛАСТЬ / КОСШЫ Г.А. — 228 строк
2026-04-21 18:14:24,422 [INFO] core.parser: [31/228] ✓ АКМОЛИНСКАЯ ОБЛАСТЬ / БУРАБАЙСКИЙ РАЙОН — 340 строк
2026-04-21 18:15:27,226 [INFO] core.parser: [32/228] ✓ АКТЮБИНСКАЯ ОБЛАСТЬ / АЛГИНСКИЙ РАЙОН — 252 строк
2026-04-21 18:16:09,468 [INFO] core.parser: [33/228] ✓ АКТЮБИНСКАЯ ОБЛАСТЬ / АЙТЕКЕБИЙСКИЙ РАЙОН — 172 строк
2026-04-21 18:17:05,254 [INFO] core.parser: [34/228] ✓ АКТЮБИНСКАЯ ОБЛАСТЬ / БАЙГАНИНСКИЙ РАЙОН — 175 строк
2026-04-21 18:17:41,829 [INFO] core.parser: [35/228] ✓ АКТЮБИНСКАЯ ОБЛАСТЬ / АКТОБЕ Г.А. — 836 строк
2026-04-21 18:18:22,417 [INFO] core.parser: [36/228] ✓ АКТЮБИНСКАЯ ОБЛАСТЬ / КАРГАЛИНСКИЙ РАЙОН — 173 строк
2026-04-21 18:18:48,486 [INFO] core.parser: [37/228] ✓ АКТЮБИНСКАЯ ОБЛАСТЬ / ХОБДИНСКИЙ РАЙОН — 187 строк
2026-04-21 18:19:17,930 [INFO] core.parser: [38/228] ✓ АКТЮБИНСКАЯ ОБЛАСТЬ / МАРТУКСКИЙ РАЙОН — 220 строк
2026-04-21 18:20:26,111 [INFO] core.parser: [39/228] ✓ АКТЮБИНСКАЯ ОБЛАСТЬ / УИЛСКИЙ РАЙОН — 166 строк
2026-04-21 18:20:26,191 [INFO] core.parser: [40/228] ✓ АКТЮБИНСКАЯ ОБЛАСТЬ / МУГАЛЖАРСКИЙ РАЙОН — 294 строк
2026-04-21 18:21:16,359 [INFO] core.parser: [41/228] ✓ АКТЮБИНСКАЯ ОБЛАСТЬ / ТЕМИРСКИЙ РАЙОН — 195 строк
2026-04-21 18:21:32,811 [INFO] core.parser: [42/228] ✓ АКТЮБИНСКАЯ ОБЛАСТЬ / ХРОМТАУСКИЙ РАЙОН — 263 строк
2026-04-21 18:22:23,950 [INFO] core.parser: [43/228] ✓ АКТЮБИНСКАЯ ОБЛАСТЬ / ШАЛКАРСКИЙ РАЙОН — 213 строк
2026-04-21 18:22:29,748 [INFO] core.parser: [44/228] ✓ АКТЮБИНСКАЯ ОБЛАСТЬ / ИРГИЗСКИЙ РАЙОН — 166 строк
2026-04-21 18:25:30,209 [INFO] core.parser: [45/228] ✓ Г.АСТАНА / РАЙОН АЛМАТЫ — 823 строк
2026-04-21 18:25:46,732 [INFO] core.parser: [46/228] ✓ Г.АСТАНА / РАЙОН ЕСИЛЬ — 890 строк
2026-04-21 18:28:25,589 [INFO] core.parser: [47/228] ✓ Г.АСТАНА / РАЙОН САРЫАРКА — 744 строк
2026-04-21 18:28:35,118 [INFO] core.parser: [48/228] ✓ Г.АСТАНА / РАЙОН БАЙҚОҢЫР — 699 строк
2026-04-21 18:29:48,484 [INFO] core.parser: [49/228] ✓ Г.АСТАНА / РАЙОН САРАЙШЫҚ — 240 строк
2026-04-21 18:30:40,934 [INFO] core.parser: [50/228] ✓ Г.АСТАНА / РАЙОН НҰРА — 538 строк
2026-04-21 18:32:54,308 [INFO] core.parser: [51/228] ✓ Г.АЛМАТЫ / АЛАТАУСКИЙ РАЙОН — 600 строк
2026-04-21 18:33:07,907 [INFO] core.parser: [52/228] ✓ Г.АЛМАТЫ / АЛМАЛИНСКИЙ РАЙОН — 944 строк
2026-04-21 18:35:23,817 [INFO] core.parser: [53/228] ✓ Г.АЛМАТЫ / АУЭЗОВСКИЙ РАЙОН — 672 строк
2026-04-21 18:36:23,159 [INFO] core.parser: [54/228] ✓ Г.АЛМАТЫ / БОСТАНДЫКСКИЙ РАЙОН — 915 строк
2026-04-21 18:38:01,669 [INFO] core.parser: [55/228] ✓ Г.АЛМАТЫ / ЖЕТЫСУСКИЙ РАЙОН — 676 строк
2026-04-21 18:39:39,940 [INFO] core.parser: [56/228] ✓ Г.АЛМАТЫ / МЕДЕУСКИЙ РАЙОН — 904 строк
2026-04-21 18:40:35,505 [INFO] core.parser: [57/228] ✓ Г.АЛМАТЫ / ТУРКСИБСКИЙ РАЙОН — 665 строк
2026-04-21 18:41:07,180 [INFO] core.parser: [58/228] ✓ Г.АЛМАТЫ / НАУРЫЗБАЙСКИЙ РАЙОН — 362 строк
2026-04-21 18:43:10,423 [INFO] core.parser: [59/228] ✓ Г.ШЫМКЕНТ / АБАЙСКИЙ РАЙОН — 635 строк
2026-04-21 18:43:36,065 [INFO] core.parser: [60/228] ✓ Г.ШЫМКЕНТ / КАРАТАУСКИЙ РАЙОН — 608 строк
2026-04-21 18:47:12,224 [INFO] core.parser: [61/228] ✓ Г.ШЫМКЕНТ / ЕНБЕКШИНСКИЙ РАЙОН — 756 строк
2026-04-21 18:47:20,804 [INFO] core.parser: [62/228] ✓ Г.ШЫМКЕНТ / АЛЬ-ФАРАБИЙСКИЙ РАЙОН — 664 строк
2026-04-21 18:48:50,721 [INFO] core.parser: [63/228] ✓ Г.ШЫМКЕНТ / РАЙОН ТУРАН — 394 строк
2026-04-21 18:50:37,037 [INFO] core.parser: [64/228] ✓ КАРАГАНДИНСКАЯ ОБЛАСТЬ / БАЛХАШ Г.А. — 317 строк
2026-04-21 18:51:21,651 [INFO] core.parser: [65/228] ✓ КАРАГАНДИНСКАЯ ОБЛАСТЬ / ПРИОЗЕРСК Г.А. — 83 строк
2026-04-21 18:51:31,568 [INFO] core.parser: [66/228] ✓ КАРАГАНДИНСКАЯ ОБЛАСТЬ / КАРАГАНДА Г.А. — 943 строк
2026-04-21 18:52:35,896 [INFO] core.parser: [67/228] ✓ КАРАГАНДИНСКАЯ ОБЛАСТЬ / САРАНЬ Г.А. — 288 строк
2026-04-21 18:53:21,222 [INFO] core.parser: [68/228] ✓ КАРАГАНДИНСКАЯ ОБЛАСТЬ / ТЕМИРТАУ Г.А. — 443 строк
2026-04-21 18:53:22,522 [INFO] core.parser: [69/228] ✓ КАРАГАНДИНСКАЯ ОБЛАСТЬ / ШАХТИНСК Г.А. — 171 строк
2026-04-21 18:54:12,117 [INFO] core.parser: [70/228] ✓ КАРАГАНДИНСКАЯ ОБЛАСТЬ / АКТОГАЙСКИЙ РАЙОН — 191 строк
2026-04-21 18:54:39,879 [INFO] core.parser: [71/228] ✓ КАРАГАНДИНСКАЯ ОБЛАСТЬ / АБАЙСКИЙ РАЙОН — 319 строк
2026-04-21 18:55:17,858 [INFO] core.parser: [72/228] ✓ КАРАГАНДИНСКАЯ ОБЛАСТЬ / КАРКАРАЛИНСКИЙ РАЙОН — 145 строк
2026-04-21 18:55:30,071 [INFO] core.parser: [73/228] ✓ КАРАГАНДИНСКАЯ ОБЛАСТЬ / БУХАР-ЖЫРАУСКИЙ РАЙОН — 321 строк
2026-04-21 18:56:22,611 [INFO] core.parser: [74/228] ✓ КАРАГАНДИНСКАЯ ОБЛАСТЬ / НУРИНСКИЙ РАЙОН — 199 строк
2026-04-21 18:56:44,727 [INFO] core.parser: [75/228] ✓ КАРАГАНДИНСКАЯ ОБЛАСТЬ / ОСАКАРОВСКИЙ РАЙОН — 234 строк
2026-04-21 18:57:07,930 [INFO] core.parser: [76/228] ✓ КАРАГАНДИНСКАЯ ОБЛАСТЬ / ШЕТСКИЙ РАЙОН — 177 строк
2026-04-21 18:58:25,369 [INFO] core.parser: [77/228] ✓ ПАВЛОДАРСКАЯ ОБЛАСТЬ / АКСУ Г.А. — 273 строк
2026-04-21 19:00:10,472 [INFO] core.parser: [78/228] ✓ ПАВЛОДАРСКАЯ ОБЛАСТЬ / ПАВЛОДАР Г.А. — 913 строк
2026-04-21 19:00:21,841 [INFO] core.parser: [79/228] ✓ ПАВЛОДАРСКАЯ ОБЛАСТЬ / ЭКИБАСТУЗ Г.А. — 506 строк
2026-04-21 19:00:50,205 [INFO] core.parser: [80/228] ✓ ПАВЛОДАРСКАЯ ОБЛАСТЬ / АКТОГАЙСКИЙ РАЙОН — 160 строк
2026-04-21 19:01:15,227 [INFO] core.parser: [81/228] ✓ ПАВЛОДАРСКАЯ ОБЛАСТЬ / БАЯНАУЛЬСКИЙ РАЙОН — 218 строк
2026-04-21 19:01:32,575 [INFO] core.parser: [82/228] ✓ ПАВЛОДАРСКАЯ ОБЛАСТЬ / ЖЕЛЕЗИНСКИЙ РАЙОН — 172 строк
2026-04-21 19:02:02,186 [INFO] core.parser: [83/228] ✓ ПАВЛОДАРСКАЯ ОБЛАСТЬ / ИРТЫШСКИЙ РАЙОН — 191 строк
2026-04-21 19:02:22,702 [INFO] core.parser: [84/228] ✓ ПАВЛОДАРСКАЯ ОБЛАСТЬ / РАЙОН ТЕРЕҢКӨЛ — 203 строк
2026-04-21 19:02:41,460 [INFO] core.parser: [85/228] ✓ ПАВЛОДАРСКАЯ ОБЛАСТЬ / РАЙОН АҚҚУЛЫ — 152 строк
2026-04-21 19:03:30,931 [INFO] core.parser: [86/228] ✓ ПАВЛОДАРСКАЯ ОБЛАСТЬ / МАЙСКИЙ РАЙОН — 169 строк
2026-04-21 19:03:54,760 [INFO] core.parser: [87/228] ✓ ПАВЛОДАРСКАЯ ОБЛАСТЬ / ПАВЛОДАРСКИЙ РАЙОН — 186 строк
2026-04-21 19:04:16,352 [INFO] core.parser: [88/228] ✓ ПАВЛОДАРСКАЯ ОБЛАСТЬ / УСПЕНСКИЙ РАЙОН — 176 строк
2026-04-21 19:04:38,657 [INFO] core.parser: [89/228] ✓ ПАВЛОДАРСКАЯ ОБЛАСТЬ / ЩЕРБАКТИНСКИЙ РАЙОН — 177 строк
2026-04-21 19:05:47,432 [INFO] core.parser: [90/228] ✓ ТУРКЕСТАНСКАЯ ОБЛАСТЬ / АРЫСЬ Г.А. — 287 строк
2026-04-21 19:06:15,509 [INFO] core.parser: [91/228] ✓ ТУРКЕСТАНСКАЯ ОБЛАСТЬ / ТУРКЕСТАН Г.А. — 457 строк
2026-04-21 19:07:00,642 [INFO] core.parser: [92/228] ✓ ТУРКЕСТАНСКАЯ ОБЛАСТЬ / РАЙОН БАЙДИБЕКА — 179 строк
2026-04-21 19:07:49,836 [INFO] core.parser: [93/228] ✓ ТУРКЕСТАНСКАЯ ОБЛАСТЬ / КЕНТАУ Г.А. — 342 строк
2026-04-21 19:08:28,205 [INFO] core.parser: [94/228] ✓ ТУРКЕСТАНСКАЯ ОБЛАСТЬ / КАЗЫГУРТСКИЙ РАЙОН — 248 строк
2026-04-21 19:08:48,143 [INFO] core.parser: [95/228] ✓ ТУРКЕСТАНСКАЯ ОБЛАСТЬ / МАКТААРАЛЬСКИЙ РАЙОН — 220 строк
2026-04-21 19:09:48,939 [INFO] core.parser: [96/228] ✓ ТУРКЕСТАНСКАЯ ОБЛАСТЬ / ОРДАБАСЫНСКИЙ РАЙОН — 311 строк
2026-04-21 19:09:49,249 [INFO] core.parser: [97/228] ✓ ТУРКЕСТАНСКАЯ ОБЛАСТЬ / ОТРАРСКИЙ РАЙОН — 222 строк
2026-04-21 19:11:08,578 [INFO] core.parser: [98/228] ✓ ТУРКЕСТАНСКАЯ ОБЛАСТЬ / САРЫАГАШСКИЙ РАЙОН — 263 строк
2026-04-21 19:11:34,510 [INFO] core.parser: [99/228] ✓ ТУРКЕСТАНСКАЯ ОБЛАСТЬ / САЙРАМСКИЙ РАЙОН — 382 строк
2026-04-21 19:12:14,912 [INFO] core.parser: [100/228] ✓ ТУРКЕСТАНСКАЯ ОБЛАСТЬ / СУЗАКСКИЙ РАЙОН — 262 строк
2026-04-21 19:13:00,429 [INFO] core.parser: [101/228] ✓ ТУРКЕСТАНСКАЯ ОБЛАСТЬ / ТОЛЕБИЙСКИЙ РАЙОН — 335 строк
2026-04-21 19:13:23,981 [INFO] core.parser: [102/228] ✓ ТУРКЕСТАНСКАЯ ОБЛАСТЬ / ТЮЛЬКУБАССКИЙ РАЙОН — 268 строк
2026-04-21 19:14:02,099 [INFO] core.parser: [103/228] ✓ ТУРКЕСТАНСКАЯ ОБЛАСТЬ / ШАРДАРИНСКИЙ РАЙОН — 244 строк
2026-04-21 19:14:23,301 [INFO] core.parser: [104/228] ✓ ТУРКЕСТАНСКАЯ ОБЛАСТЬ / ЖЕТЫСАЙСКИЙ РАЙОН — 219 строк
2026-04-21 19:14:56,756 [INFO] core.parser: [105/228] ✓ ТУРКЕСТАНСКАЯ ОБЛАСТЬ / КЕЛЕССКИЙ РАЙОН — 220 строк
2026-04-21 19:15:54,534 [INFO] core.parser: [106/228] ✓ ТУРКЕСТАНСКАЯ ОБЛАСТЬ / РАЙОН САУРАН — 338 строк
2026-04-21 19:16:43,615 [INFO] core.parser: [107/228] ✓ ОБЛАСТЬ ҰЛЫТАУ / КАРАЖАЛ Г.А. — 183 строк
2026-04-21 19:16:46,237 [INFO] core.parser: [108/228] ✓ ОБЛАСТЬ ҰЛЫТАУ / ЖЕЗКАЗГАН Г.А. — 422 строк
2026-04-21 19:17:39,386 [INFO] core.parser: [109/228] ✓ ОБЛАСТЬ ҰЛЫТАУ / ЖАНААРКИНСКИЙ РАЙОН — 210 строк
2026-04-21 19:17:54,384 [INFO] core.parser: [110/228] ✓ ОБЛАСТЬ ҰЛЫТАУ / САТПАЕВ Г.А. — 280 строк
2026-04-21 19:18:23,695 [INFO] core.parser: [111/228] ✓ ОБЛАСТЬ ҰЛЫТАУ / УЛЫТАУСКИЙ РАЙОН — 168 строк
2026-04-21 19:19:41,568 [INFO] core.parser: [112/228] ✓ ВОСТОЧНО-КАЗАХСТАНСКАЯ ОБЛАСТЬ / РИДДЕР Г.А. — 313 строк
2026-04-21 19:20:50,702 [INFO] core.parser: [113/228] ✓ ВОСТОЧНО-КАЗАХСТАНСКАЯ ОБЛАСТЬ / ГЛУБОКОВСКИЙ РАЙОН — 274 строк
2026-04-21 19:21:08,298 [INFO] core.parser: [114/228] ✓ ВОСТОЧНО-КАЗАХСТАНСКАЯ ОБЛАСТЬ / УСТЬ-КАМЕНОГОРСК Г.А. — 910 строк
2026-04-21 19:21:43,062 [INFO] core.parser: [115/228] ✓ ВОСТОЧНО-КАЗАХСТАНСКАЯ ОБЛАСТЬ / ЗАЙСАНСКИЙ РАЙОН — 194 строк
2026-04-21 19:22:35,719 [INFO] core.parser: [116/228] ✓ ВОСТОЧНО-КАЗАХСТАНСКАЯ ОБЛАСТЬ / КУРЧУМСКИЙ РАЙОН — 211 строк
2026-04-21 19:22:39,805 [INFO] core.parser: [117/228] ✓ ВОСТОЧНО-КАЗАХСТАНСКАЯ ОБЛАСТЬ / РАЙОН АЛТАЙ — 359 строк
2026-04-21 19:23:15,444 [INFO] core.parser: [118/228] ✓ ВОСТОЧНО-КАЗАХСТАНСКАЯ ОБЛАСТЬ / КАТОН-КАРАГАЙСКИЙ РАЙОН — 161 строк
2026-04-21 19:23:32,801 [INFO] core.parser: [119/228] ✓ ВОСТОЧНО-КАЗАХСТАНСКАЯ ОБЛАСТЬ / ТАРБАГАТАЙСКИЙ РАЙОН — 201 строк
2026-04-21 19:24:14,564 [INFO] core.parser: [120/228] ✓ ВОСТОЧНО-КАЗАХСТАНСКАЯ ОБЛАСТЬ / УЛАНСКИЙ РАЙОН — 207 строк
2026-04-21 19:24:34,478 [INFO] core.parser: [121/228] ✓ ВОСТОЧНО-КАЗАХСТАНСКАЯ ОБЛАСТЬ / ШЕМОНАИХИНСКИЙ РАЙОН — 227 строк
2026-04-21 19:24:44,281 [INFO] core.parser: [122/228] ✓ ВОСТОЧНО-КАЗАХСТАНСКАЯ ОБЛАСТЬ / РАЙОН САМАР — 110 строк
2026-04-21 19:24:54,763 [INFO] core.parser: [123/228] ✓ ВОСТОЧНО-КАЗАХСТАНСКАЯ ОБЛАСТЬ / РАЙОН МАРҚАКӨЛ — 75 строк
2026-04-21 19:25:16,359 [INFO] core.parser: [124/228] ✓ ВОСТОЧНО-КАЗАХСТАНСКАЯ ОБЛАСТЬ / РАЙОН ҮЛКЕН НАРЫН — 111 строк
2026-04-21 19:26:02,855 [INFO] core.parser: [125/228] ✓ ЗАПАДНО-КАЗАХСТАНСКАЯ ОБЛАСТЬ / АКЖАИКСКИЙ РАЙОН — 184 строк
2026-04-21 19:27:39,080 [INFO] core.parser: [126/228] ✓ ЗАПАДНО-КАЗАХСТАНСКАЯ ОБЛАСТЬ / БУРЛИНСКИЙ РАЙОН — 414 строк
2026-04-21 19:27:47,456 [INFO] core.parser: [127/228] ✓ ЗАПАДНО-КАЗАХСТАНСКАЯ ОБЛАСТЬ / УРАЛЬСК Г.А. — 785 строк
2026-04-21 19:28:24,063 [INFO] core.parser: [128/228] ✓ ЗАПАДНО-КАЗАХСТАНСКАЯ ОБЛАСТЬ / ЖАНГАЛИНСКИЙ РАЙОН — 166 строк
2026-04-21 19:28:28,718 [INFO] core.parser: [129/228] ✓ ЗАПАДНО-КАЗАХСТАНСКАЯ ОБЛАСТЬ / ЖАНИБЕКСКИЙ РАЙОН — 154 строк
2026-04-21 19:29:18,963 [INFO] core.parser: [130/228] ✓ ЗАПАДНО-КАЗАХСТАНСКАЯ ОБЛАСТЬ / КАЗТАЛОВСКИЙ РАЙОН — 152 строк
2026-04-21 19:29:51,910 [INFO] core.parser: [131/228] ✓ ЗАПАДНО-КАЗАХСТАНСКАЯ ОБЛАСТЬ / РАЙОН БӘЙТЕРЕК — 322 строк
2026-04-21 19:29:54,815 [INFO] core.parser: [132/228] ✓ ЗАПАДНО-КАЗАХСТАНСКАЯ ОБЛАСТЬ / КАРАТОБИНСКИЙ РАЙОН — 141 строк
2026-04-21 19:30:32,228 [INFO] core.parser: [133/228] ✓ ЗАПАДНО-КАЗАХСТАНСКАЯ ОБЛАСТЬ / БОКЕЙОРДИНСКИЙ РАЙОН — 156 строк
2026-04-21 19:30:45,635 [INFO] core.parser: [134/228] ✓ ЗАПАДНО-КАЗАХСТАНСКАЯ ОБЛАСТЬ / СЫРЫМСКИЙ РАЙОН — 204 строк
2026-04-21 19:31:15,816 [INFO] core.parser: [135/228] ✓ ЗАПАДНО-КАЗАХСТАНСКАЯ ОБЛАСТЬ / ТАСКАЛИНСКИЙ РАЙОН — 179 строк
2026-04-21 19:31:44,415 [INFO] core.parser: [136/228] ✓ ЗАПАДНО-КАЗАХСТАНСКАЯ ОБЛАСТЬ / ТЕРЕКТИНСКИЙ РАЙОН — 238 строк
2026-04-21 19:31:57,363 [INFO] core.parser: [137/228] ✓ ЗАПАДНО-КАЗАХСТАНСКАЯ ОБЛАСТЬ / ЧИНГИРЛАУСКИЙ РАЙОН — 170 строк
2026-04-21 19:32:46,951 [INFO] core.parser: [138/228] ✓ СЕВЕРО-КАЗАХСТАНСКАЯ ОБЛАСТЬ / АЙЫРТАУСКИЙ РАЙОН — 199 строк
2026-04-21 19:33:21,919 [INFO] core.parser: [139/228] ✓ СЕВЕРО-КАЗАХСТАНСКАЯ ОБЛАСТЬ / АКЖАРСКИЙ РАЙОН — 134 строк
2026-04-21 19:34:03,048 [INFO] core.parser: [140/228] ✓ СЕВЕРО-КАЗАХСТАНСКАЯ ОБЛАСТЬ / РАЙОН МАГЖАНА ЖУМАБАЕВА — 169 строк
2026-04-21 19:34:26,399 [INFO] core.parser: [141/228] ✓ СЕВЕРО-КАЗАХСТАНСКАЯ ОБЛАСТЬ / ПЕТРОПАВЛОВСК Г.А. — 724 строк
2026-04-21 19:34:49,900 [INFO] core.parser: [142/228] ✓ СЕВЕРО-КАЗАХСТАНСКАЯ ОБЛАСТЬ / ЕСИЛЬСКИЙ РАЙОН — 173 строк
2026-04-21 19:35:11,493 [INFO] core.parser: [143/228] ✓ СЕВЕРО-КАЗАХСТАНСКАЯ ОБЛАСТЬ / ЖАМБЫЛСКИЙ РАЙОН — 170 строк
2026-04-21 19:35:52,958 [INFO] core.parser: [144/228] ✓ СЕВЕРО-КАЗАХСТАНСКАЯ ОБЛАСТЬ / МАМЛЮТСКИЙ РАЙОН — 155 строк
2026-04-21 19:36:01,924 [INFO] core.parser: [145/228] ✓ СЕВЕРО-КАЗАХСТАНСКАЯ ОБЛАСТЬ / КЫЗЫЛЖАРСКИЙ РАЙОН — 298 строк
2026-04-21 19:36:31,896 [INFO] core.parser: [146/228] ✓ СЕВЕРО-КАЗАХСТАНСКАЯ ОБЛАСТЬ / РАЙОН ШАЛ АКЫНА — 155 строк
2026-04-21 19:36:48,780 [INFO] core.parser: [147/228] ✓ СЕВЕРО-КАЗАХСТАНСКАЯ ОБЛАСТЬ / АККАЙЫНСКИЙ РАЙОН — 182 строк
2026-04-21 19:37:18,712 [INFO] core.parser: [148/228] ✓ СЕВЕРО-КАЗАХСТАНСКАЯ ОБЛАСТЬ / ТИМИРЯЗЕВСКИЙ РАЙОН — 116 строк
2026-04-21 19:37:40,768 [INFO] core.parser: [149/228] ✓ СЕВЕРО-КАЗАХСТАНСКАЯ ОБЛАСТЬ / ТАЙЫНШИНСКИЙ РАЙОН — 249 строк
2026-04-21 19:37:55,491 [INFO] core.parser: [150/228] ✓ СЕВЕРО-КАЗАХСТАНСКАЯ ОБЛАСТЬ / УАЛИХАНОВСКИЙ РАЙОН — 131 строк
2026-04-21 19:38:29,348 [INFO] core.parser: [151/228] ✓ СЕВЕРО-КАЗАХСТАНСКАЯ ОБЛАСТЬ / РАЙОН ИМ.ГАБИТА МУСРЕПОВА — 183 строк
2026-04-21 19:38:51,343 [INFO] core.parser: [152/228] ✓ ОБЛАСТЬ АБАЙ / КУРЧАТОВ Г.А. — 216 строк
2026-04-21 19:39:31,740 [INFO] core.parser: [153/228] ✓ ОБЛАСТЬ АБАЙ / АБАЙСКИЙ РАЙОН — 164 строк
2026-04-21 19:40:27,676 [INFO] core.parser: [154/228] ✓ ОБЛАСТЬ АБАЙ / АЯГОЗСКИЙ РАЙОН — 220 строк
2026-04-21 19:41:12,839 [INFO] core.parser: [155/228] ✓ ОБЛАСТЬ АБАЙ / БЕСКАРАГАЙСКИЙ РАЙОН — 170 строк
2026-04-21 19:41:13,424 [INFO] core.parser: [156/228] ✓ ОБЛАСТЬ АБАЙ / СЕМЕЙ Г.А. — 753 строк
2026-04-21 19:42:01,722 [INFO] core.parser: [157/228] ✓ ОБЛАСТЬ АБАЙ / ЖАРМИНСКИЙ РАЙОН — 188 строк
2026-04-21 19:42:06,133 [INFO] core.parser: [158/228] ✓ ОБЛАСТЬ АБАЙ / БОРОДУЛИХИНСКИЙ РАЙОН — 211 строк
2026-04-21 19:42:41,214 [INFO] core.parser: [159/228] ✓ ОБЛАСТЬ АБАЙ / КОКПЕКТИНСКИЙ РАЙОН — 156 строк
2026-04-21 19:43:05,001 [INFO] core.parser: [160/228] ✓ ОБЛАСТЬ АБАЙ / УРДЖАРСКИЙ РАЙОН — 235 строк
2026-04-21 19:43:19,860 [INFO] core.parser: [161/228] ✓ ОБЛАСТЬ АБАЙ / РАЙОН АҚСУАТ — 146 строк
2026-04-21 19:43:47,087 [INFO] core.parser: [162/228] ✓ ОБЛАСТЬ АБАЙ / РАЙОН МАҚАНШЫ — 162 строк
2026-04-21 19:43:49,029 [INFO] core.parser: [163/228] ✓ ОБЛАСТЬ АБАЙ / РАЙОН ЖАҢАСЕМЕЙ — 101 строк
2026-04-21 19:44:55,894 [INFO] core.parser: [164/228] ✓ МАНГИСТАУСКАЯ ОБЛАСТЬ / ЖАНАОЗЕН Г.А. — 261 строк
2026-04-21 19:46:03,065 [INFO] core.parser: [165/228] ✓ МАНГИСТАУСКАЯ ОБЛАСТЬ / БЕЙНЕУСКИЙ РАЙОН — 199 строк
2026-04-21 19:46:31,358 [INFO] core.parser: [166/228] ✓ МАНГИСТАУСКАЯ ОБЛАСТЬ / АКТАУ Г.А. — 645 строк
2026-04-21 19:46:57,008 [INFO] core.parser: [167/228] ✓ МАНГИСТАУСКАЯ ОБЛАСТЬ / КАРАКИЯНСКИЙ РАЙОН — 204 строк
2026-04-21 19:47:26,571 [INFO] core.parser: [168/228] ✓ МАНГИСТАУСКАЯ ОБЛАСТЬ / МАНГИСТАУСКИЙ РАЙОН — 226 строк
2026-04-21 19:48:14,043 [INFO] core.parser: [169/228] ✓ МАНГИСТАУСКАЯ ОБЛАСТЬ / МУНАЙЛИНСКИЙ РАЙОН — 309 строк
2026-04-21 19:48:28,532 [INFO] core.parser: [170/228] ✓ МАНГИСТАУСКАЯ ОБЛАСТЬ / ТУПКАРАГАНСКИЙ РАЙОН — 243 строк
2026-04-21 19:49:55,092 [INFO] core.parser: [171/228] ✓ АТЫРАУСКАЯ ОБЛАСТЬ / ЖЫЛЫОЙСКИЙ РАЙОН — 353 строк
2026-04-21 19:50:47,298 [INFO] core.parser: [172/228] ✓ АТЫРАУСКАЯ ОБЛАСТЬ / ИНДЕРСКИЙ РАЙОН — 206 строк
2026-04-21 19:50:55,162 [INFO] core.parser: [173/228] ✓ АТЫРАУСКАЯ ОБЛАСТЬ / АТЫРАУ Г.А. — 730 строк
2026-04-21 19:51:28,931 [INFO] core.parser: [174/228] ✓ АТЫРАУСКАЯ ОБЛАСТЬ / ИСАТАЙСКИЙ РАЙОН — 157 строк
2026-04-21 19:52:02,031 [INFO] core.parser: [175/228] ✓ АТЫРАУСКАЯ ОБЛАСТЬ / КУРМАНГАЗИНСКИЙ РАЙОН — 258 строк
2026-04-21 19:52:17,966 [INFO] core.parser: [176/228] ✓ АТЫРАУСКАЯ ОБЛАСТЬ / КЗЫЛКОГИНСКИЙ РАЙОН — 193 строк
2026-04-21 19:52:44,350 [INFO] core.parser: [177/228] ✓ АТЫРАУСКАЯ ОБЛАСТЬ / МАКАТСКИЙ РАЙОН — 164 строк
2026-04-21 19:53:09,836 [INFO] core.parser: [178/228] ✓ АТЫРАУСКАЯ ОБЛАСТЬ / МАХАМБЕТСКИЙ РАЙОН — 206 строк
2026-04-21 19:54:01,227 [INFO] core.parser: [179/228] ✓ КОСТАНАЙСКАЯ ОБЛАСТЬ / АРКАЛЫК Г.А. — 212 строк
2026-04-21 19:54:48,173 [INFO] core.parser: [180/228] ✓ КОСТАНАЙСКАЯ ОБЛАСТЬ / ЛИСАКОВСК Г.А. — 188 строк
2026-04-21 19:55:34,361 [INFO] core.parser: [181/228] ✓ КОСТАНАЙСКАЯ ОБЛАСТЬ / КОСТАНАЙ Г.А. — 764 строк
2026-04-21 19:56:04,474 [INFO] core.parser: [182/228] ✓ КОСТАНАЙСКАЯ ОБЛАСТЬ / АЛТЫНСАРИНСКИЙ РАЙОН — 113 строк
2026-04-21 19:56:21,179 [INFO] core.parser: [183/228] ✓ КОСТАНАЙСКАЯ ОБЛАСТЬ / РУДНЫЙ Г.А. — 385 строк
2026-04-21 19:56:39,388 [INFO] core.parser: [184/228] ✓ КОСТАНАЙСКАЯ ОБЛАСТЬ / АМАНГЕЛЬДИНСКИЙ РАЙОН — 137 строк
2026-04-21 19:57:15,262 [INFO] core.parser: [185/228] ✓ КОСТАНАЙСКАЯ ОБЛАСТЬ / АУЛИЕКОЛЬСКИЙ РАЙОН — 218 строк
2026-04-21 19:57:19,395 [INFO] core.parser: [186/228] ✓ КОСТАНАЙСКАЯ ОБЛАСТЬ / ДЕНИСОВСКИЙ РАЙОН — 157 строк
2026-04-21 19:57:52,051 [INFO] core.parser: [187/228] ✓ КОСТАНАЙСКАЯ ОБЛАСТЬ / ЖАНГЕЛЬДИНСКИЙ РАЙОН — 138 строк
2026-04-21 19:58:16,722 [INFO] core.parser: [188/228] ✓ КОСТАНАЙСКАЯ ОБЛАСТЬ / ЖИТИКАРИНСКИЙ РАЙОН — 233 строк
2026-04-21 19:58:37,276 [INFO] core.parser: [189/228] ✓ КОСТАНАЙСКАЯ ОБЛАСТЬ / КАМЫСТИНСКИЙ РАЙОН — 165 строк
2026-04-21 19:59:08,147 [INFO] core.parser: [190/228] ✓ КОСТАНАЙСКАЯ ОБЛАСТЬ / КАРАБАЛЫКСКИЙ РАЙОН — 195 строк
2026-04-21 19:59:09,121 [INFO] core.parser: [191/228] ✓ КОСТАНАЙСКАЯ ОБЛАСТЬ / КАРАСУСКИЙ РАЙОН — 129 строк
2026-04-21 19:59:46,718 [INFO] core.parser: [192/228] ✓ КОСТАНАЙСКАЯ ОБЛАСТЬ / МЕНДЫКАРИНСКИЙ РАЙОН — 147 строк
2026-04-21 20:00:21,786 [INFO] core.parser: [193/228] ✓ КОСТАНАЙСКАЯ ОБЛАСТЬ / НАУРЗУМСКИЙ РАЙОН — 130 строк
2026-04-21 20:00:25,932 [INFO] core.parser: [194/228] ✓ КОСТАНАЙСКАЯ ОБЛАСТЬ / КОСТАНАЙСКИЙ РАЙОН — 315 строк
2026-04-21 20:00:59,773 [INFO] core.parser: [195/228] ✓ КОСТАНАЙСКАЯ ОБЛАСТЬ / САРЫКОЛЬСКИЙ РАЙОН — 144 строк
2026-04-21 20:01:20,105 [INFO] core.parser: [196/228] ✓ КОСТАНАЙСКАЯ ОБЛАСТЬ / РАЙОН БЕИМБЕТА МАЙЛИНА — 200 строк
2026-04-21 20:01:29,859 [INFO] core.parser: [197/228] ✓ КОСТАНАЙСКАЯ ОБЛАСТЬ / УЗУНКОЛЬСКИЙ РАЙОН — 108 строк
2026-04-21 20:02:11,475 [INFO] core.parser: [198/228] ✓ КОСТАНАЙСКАЯ ОБЛАСТЬ / ФЕДОРОВСКИЙ РАЙОН — 192 строк
2026-04-21 20:02:24,220 [INFO] core.parser: [199/228] ✓ КЫЗЫЛОРДИНСКАЯ ОБЛАСТЬ / БАЙКОНЫР Г.А. — 40 строк
2026-04-21 20:03:39,548 [INFO] core.parser: [200/228] ✓ КЫЗЫЛОРДИНСКАЯ ОБЛАСТЬ / АРАЛЬСКИЙ РАЙОН — 306 строк
2026-04-21 20:03:42,243 [INFO] core.parser: [201/228] ✓ КЫЗЫЛОРДИНСКАЯ ОБЛАСТЬ / КЫЗЫЛОРДА Г.А. — 577 строк
2026-04-21 20:04:39,742 [INFO] core.parser: [202/228] ✓ КЫЗЫЛОРДИНСКАЯ ОБЛАСТЬ / ЖАЛАГАШСКИЙ РАЙОН — 215 строк
2026-04-21 20:04:59,131 [INFO] core.parser: [203/228] ✓ КЫЗЫЛОРДИНСКАЯ ОБЛАСТЬ / ЖАНАКОРГАНСКИЙ РАЙОН — 295 строк
2026-04-21 20:05:50,373 [INFO] core.parser: [204/228] ✓ КЫЗЫЛОРДИНСКАЯ ОБЛАСТЬ / КАЗАЛИНСКИЙ РАЙОН — 296 строк
2026-04-21 20:05:54,693 [INFO] core.parser: [205/228] ✓ КЫЗЫЛОРДИНСКАЯ ОБЛАСТЬ / КАРМАКШИНСКИЙ РАЙОН — 229 строк
2026-04-21 20:06:45,209 [INFO] core.parser: [206/228] ✓ КЫЗЫЛОРДИНСКАЯ ОБЛАСТЬ / СЫРДАРЬИНСКИЙ РАЙОН — 214 строк
2026-04-21 20:07:05,342 [INFO] core.parser: [207/228] ✓ КЫЗЫЛОРДИНСКАЯ ОБЛАСТЬ / ШИЕЛИЙСКИЙ РАЙОН — 296 строк
2026-04-21 20:08:03,927 [INFO] core.parser: [208/228] ✓ ОБЛАСТЬ ЖЕТІСУ / ТЕКЕЛИ Г.А. — 226 строк
2026-04-21 20:08:46,671 [INFO] core.parser: [209/228] ✓ ОБЛАСТЬ ЖЕТІСУ / ТАЛДЫКОРГАН Г.А. — 521 строк
2026-04-21 20:08:48,060 [INFO] core.parser: [210/228] ✓ ОБЛАСТЬ ЖЕТІСУ / АКСУСКИЙ РАЙОН — 180 строк
2026-04-21 20:09:42,435 [INFO] core.parser: [211/228] ✓ ОБЛАСТЬ ЖЕТІСУ / КЕРБУЛАКСКИЙ РАЙОН — 206 строк
2026-04-21 20:09:51,848 [INFO] core.parser: [212/228] ✓ ОБЛАСТЬ ЖЕТІСУ / АЛАКОЛЬСКИЙ РАЙОН — 270 строк
2026-04-21 20:10:30,225 [INFO] core.parser: [213/228] ✓ ОБЛАСТЬ ЖЕТІСУ / КОКСУСКИЙ РАЙОН — 198 строк
2026-04-21 20:10:52,279 [INFO] core.parser: [214/228] ✓ ОБЛАСТЬ ЖЕТІСУ / КАРАТАЛЬСКИЙ РАЙОН — 252 строк
2026-04-21 20:11:44,522 [INFO] core.parser: [215/228] ✓ ОБЛАСТЬ ЖЕТІСУ / САРКАНСКИЙ РАЙОН — 208 строк
2026-04-21 20:11:47,910 [INFO] core.parser: [216/228] ✓ ОБЛАСТЬ ЖЕТІСУ / ПАНФИЛОВСКИЙ РАЙОН — 333 строк
2026-04-21 20:12:35,202 [INFO] core.parser: [217/228] ✓ ОБЛАСТЬ ЖЕТІСУ / ЕСКЕЛЬДИНСКИЙ РАЙОН — 205 строк
2026-04-21 20:13:37,931 [INFO] core.parser: [218/228] ✓ ЖАМБЫЛСКАЯ ОБЛАСТЬ / БАЙЗАКСКИЙ РАЙОН — 252 строк
2026-04-21 20:14:01,920 [INFO] core.parser: [219/228] ✓ ЖАМБЫЛСКАЯ ОБЛАСТЬ / ТАРАЗ Г.А. — 609 строк
2026-04-21 20:14:46,412 [INFO] core.parser: [220/228] ✓ ЖАМБЫЛСКАЯ ОБЛАСТЬ / ЖУАЛЫНСКИЙ РАЙОН — 178 строк
2026-04-21 20:14:49,403 [INFO] core.parser: [221/228] ✓ ЖАМБЫЛСКАЯ ОБЛАСТЬ / ЖАМБЫЛСКИЙ РАЙОН — 296 строк
2026-04-21 20:15:38,662 [INFO] core.parser: [222/228] ✓ ЖАМБЫЛСКАЯ ОБЛАСТЬ / РАЙОН ТУРАРА РЫСКУЛОВА — 188 строк
2026-04-21 20:15:59,157 [INFO] core.parser: [223/228] ✓ ЖАМБЫЛСКАЯ ОБЛАСТЬ / КОРДАЙСКИЙ РАЙОН — 295 строк
2026-04-21 20:16:33,227 [INFO] core.parser: [224/228] ✓ ЖАМБЫЛСКАЯ ОБЛАСТЬ / МЕРКЕНСКИЙ РАЙОН — 226 строк
2026-04-21 20:16:41,768 [INFO] core.parser: [225/228] ✓ ЖАМБЫЛСКАЯ ОБЛАСТЬ / МОЙЫНКУМСКИЙ РАЙОН — 160 строк
2026-04-21 20:17:35,414 [INFO] core.parser: [226/228] ✓ ЖАМБЫЛСКАЯ ОБЛАСТЬ / САРЫСУСКИЙ РАЙОН — 222 строк
2026-04-21 20:17:44,346 [INFO] core.parser: [227/228] ✓ ЖАМБЫЛСКАЯ ОБЛАСТЬ / ТАЛАССКИЙ РАЙОН — 213 строк
2026-04-21 20:18:35,178 [INFO] core.parser: [228/228] ✓ ЖАМБЫЛСКАЯ ОБЛАСТЬ / ШУСКИЙ РАЙОН — 256 строк
2026-04-21 20:18:37,234 [ERROR] concurrent.futures: exception calling callback for <Future at 0x211b6c7e380 state=finished returned tuple>
Traceback (most recent call last):
  File "C:\Users\ЕРАСЫЛ\AppData\Local\Programs\Python\Python310\lib\concurrent\futures\_base.py", line 329, in _invoke_callbacks
    callback(self)
  File "C:\Users\ЕРАСЫЛ\AppData\Local\Programs\Python\Python310\lib\asyncio\futures.py", line 398, in _call_set_state
    dest_loop.call_soon_threadsafe(_set_state, destination, source)
  File "C:\Users\ЕРАСЫЛ\AppData\Local\Programs\Python\Python310\lib\asyncio\base_events.py", line 790, in call_soon_threadsafe
    self._check_closed()
  File "C:\Users\ЕРАСЫЛ\AppData\Local\Programs\Python\Python310\lib\asyncio\base_events.py", line 510, in _check_closed
    raise RuntimeError('Event loop is closed')
RuntimeError: Event loop is closed
2026-04-21 20:18:37,748 [ERROR] asyncio: Task was destroyed but it is pending!
task: <Task pending name='Task-15' coro=<run_parse_and_update() running at C:\Users\ЕРАСЫЛ\Desktop\taldau_bot_fixed\core\tasks.py:93> wait_for=<Future pending cb=[Task.task_wakeup()]>>
2026-04-21 20:18:54,444 [INFO] __main__: Запуск Taldau Bot...
2026-04-21 20:18:54,469 [INFO] __main__: ✅ Бот запущен. Для остановки нажми Ctrl+C.
2026-04-21 20:18:54,899 [INFO] __main__: Команды бота зарегистрированы
2026-04-21 20:18:54,988 [INFO] apscheduler.scheduler: Scheduler started
2026-04-21 20:19:04,317 [INFO] core.storage: Мастер загружен: 70,304 строк, 26 колонок
2026-04-21 20:19:12,150 [INFO] core.storage: Мастер загружен: 70,304 строк, 26 колонок
2026-04-21 20:19:17,269 [INFO] core.storage: Мастер загружен: 70,304 строк, 26 колонок
2026-04-21 20:19:24,442 [INFO] core.storage: Мастер загружен: 70,304 строк, 26 колонок
2026-04-21 20:19:40,601 [INFO] core.storage: Мастер загружен: 70,304 строк, 26 колонок
2026-04-21 20:19:59,530 [INFO] core.storage: Мастер загружен: 70,304 строк, 26 колонок
2026-04-21 20:20:28,437 [INFO] core.parser: Resume: загружено 67,446 строк, 228 районов пройдено
2026-04-21 20:20:29,826 [INFO] core.storage: Мастер загружен: 70,304 строк, 26 колонок
2026-04-21 20:20:36,228 [INFO] core.storage: Merge: обновлено 20562 ячеек, добавлено 4743 строк, пропущено 234 непустых
2026-04-21 20:20:37,102 [INFO] core.storage: Мастер сохранён: 75,047 строк, 38 колонок
2026-04-21 20:27:51,740 [INFO] core.excel: Excel сохранён: C:\Users\ЕРАСЫЛ\Desktop\taldau_bot_fixed\output\Kazakhstan_2019_год_Янв-Мар_2026.xlsx
2026-04-22 02:49:30,005 [ERROR] telegram.ext.Updater: Error while getting Updates: httpx.ConnectError: [Errno 11001] getaddrinfo failed
2026-04-22 02:49:30,109 [ERROR] telegram.ext.Application: No error handlers are registered, logging exception.
Traceback (most recent call last):
  File "C:\Users\ЕРАСЫЛ\AppData\Local\Programs\Python\Python310\lib\site-packages\httpx\_transports\default.py", line 66, in map_httpcore_exceptions
    yield
  File "C:\Users\ЕРАСЫЛ\AppData\Local\Programs\Python\Python310\lib\site-packages\httpx\_transports\default.py", line 366, in handle_async_request
    resp = await self._pool.handle_async_request(req)
  File "C:\Users\ЕРАСЫЛ\AppData\Local\Programs\Python\Python310\lib\site-packages\httpcore\_async\connection_pool.py", line 256, in handle_async_request
    raise exc from None
  File "C:\Users\ЕРАСЫЛ\AppData\Local\Programs\Python\Python310\lib\site-packages\httpcore\_async\connection_pool.py", line 236, in handle_async_request
    response = await connection.handle_async_request(
  File "C:\Users\ЕРАСЫЛ\AppData\Local\Programs\Python\Python310\lib\site-packages\httpcore\_async\connection.py", line 101, in handle_async_request
    raise exc
  File "C:\Users\ЕРАСЫЛ\AppData\Local\Programs\Python\Python310\lib\site-packages\httpcore\_async\connection.py", line 78, in handle_async_request
    stream = await self._connect(request)
  File "C:\Users\ЕРАСЫЛ\AppData\Local\Programs\Python\Python310\lib\site-packages\httpcore\_async\connection.py", line 124, in _connect
    stream = await self._network_backend.connect_tcp(**kwargs)
  File "C:\Users\ЕРАСЫЛ\AppData\Local\Programs\Python\Python310\lib\site-packages\httpcore\_backends\auto.py", line 31, in connect_tcp
    return await self._backend.connect_tcp(
  File "C:\Users\ЕРАСЫЛ\AppData\Local\Programs\Python\Python310\lib\site-packages\httpcore\_backends\anyio.py", line 113, in connect_tcp
    with map_exceptions(exc_map):
  File "C:\Users\ЕРАСЫЛ\AppData\Local\Programs\Python\Python310\lib\contextlib.py", line 153, in __exit__
    self.gen.throw(typ, value, traceback)
  File "C:\Users\ЕРАСЫЛ\AppData\Local\Programs\Python\Python310\lib\site-packages\httpcore\_exceptions.py", line 14, in map_exceptions
    raise to_exc(exc) from exc
httpcore.ConnectError: [Errno 11001] getaddrinfo failed

The above exception was the direct cause of the following exception:

Traceback (most recent call last):
  File "C:\Users\ЕРАСЫЛ\AppData\Local\Programs\Python\Python310\lib\site-packages\telegram\request\_httpxrequest.py", line 268, in do_request
    res = await self._client.request(
  File "C:\Users\ЕРАСЫЛ\AppData\Local\Programs\Python\Python310\lib\site-packages\httpx\_client.py", line 1530, in request
    return await self.send(request, auth=auth, follow_redirects=follow_redirects)
  File "C:\Users\ЕРАСЫЛ\AppData\Local\Programs\Python\Python310\lib\site-packages\httpx\_client.py", line 1617, in send
    response = await self._send_handling_auth(
  File "C:\Users\ЕРАСЫЛ\AppData\Local\Programs\Python\Python310\lib\site-packages\httpx\_client.py", line 1645, in _send_handling_auth
    response = await self._send_handling_redirects(
  File "C:\Users\ЕРАСЫЛ\AppData\Local\Programs\Python\Python310\lib\site-packages\httpx\_client.py", line 1682, in _send_handling_redirects
    response = await self._send_single_request(request)
  File "C:\Users\ЕРАСЫЛ\AppData\Local\Programs\Python\Python310\lib\site-packages\httpx\_client.py", line 1719, in _send_single_request
    response = await transport.handle_async_request(request)
  File "C:\Users\ЕРАСЫЛ\AppData\Local\Programs\Python\Python310\lib\site-packages\httpx\_transports\default.py", line 365, in handle_async_request
    with map_httpcore_exceptions():
  File "C:\Users\ЕРАСЫЛ\AppData\Local\Programs\Python\Python310\lib\contextlib.py", line 153, in __exit__
    self.gen.throw(typ, value, traceback)
  File "C:\Users\ЕРАСЫЛ\AppData\Local\Programs\Python\Python310\lib\site-packages\httpx\_transports\default.py", line 83, in map_httpcore_exceptions
    raise mapped_exc(message) from exc
httpx.ConnectError: [Errno 11001] getaddrinfo failed

The above exception was the direct cause of the following exception:

Traceback (most recent call last):
  File "C:\Users\ЕРАСЫЛ\AppData\Local\Programs\Python\Python310\lib\site-packages\telegram\ext\_updater.py", line 688, in _network_loop_retry
    if not await action_cb():
  File "C:\Users\ЕРАСЫЛ\AppData\Local\Programs\Python\Python310\lib\site-packages\telegram\ext\_updater.py", line 384, in polling_action_cb
    raise exc
  File "C:\Users\ЕРАСЫЛ\AppData\Local\Programs\Python\Python310\lib\site-packages\telegram\ext\_updater.py", line 373, in polling_action_cb
    updates = await self.bot.get_updates(
  File "C:\Users\ЕРАСЫЛ\AppData\Local\Programs\Python\Python310\lib\site-packages\telegram\ext\_extbot.py", line 558, in get_updates
    updates = await super().get_updates(
  File "C:\Users\ЕРАСЫЛ\AppData\Local\Programs\Python\Python310\lib\site-packages\telegram\_bot.py", line 525, in decorator
    result = await func(self, *args, **kwargs)  # skipcq: PYL-E1102
  File "C:\Users\ЕРАСЫЛ\AppData\Local\Programs\Python\Python310\lib\site-packages\telegram\_bot.py", line 3584, in get_updates
    await self._post(
  File "C:\Users\ЕРАСЫЛ\AppData\Local\Programs\Python\Python310\lib\site-packages\telegram\_bot.py", line 613, in _post
    return await self._do_post(
  File "C:\Users\ЕРАСЫЛ\AppData\Local\Programs\Python\Python310\lib\site-packages\telegram\ext\_extbot.py", line 340, in _do_post
    return await super()._do_post(
  File "C:\Users\ЕРАСЫЛ\AppData\Local\Programs\Python\Python310\lib\site-packages\telegram\_bot.py", line 641, in _do_post
    return await request.post(
  File "C:\Users\ЕРАСЫЛ\AppData\Local\Programs\Python\Python310\lib\site-packages\telegram\request\_baserequest.py", line 200, in post
    result = await self._request_wrapper(
  File "C:\Users\ЕРАСЫЛ\AppData\Local\Programs\Python\Python310\lib\site-packages\telegram\request\_baserequest.py", line 340, in _request_wrapper
    raise exc
  File "C:\Users\ЕРАСЫЛ\AppData\Local\Programs\Python\Python310\lib\site-packages\telegram\request\_baserequest.py", line 330, in _request_wrapper
    code, payload = await self.do_request(
  File "C:\Users\ЕРАСЫЛ\AppData\Local\Programs\Python\Python310\lib\site-packages\telegram\request\_httpxrequest.py", line 292, in do_request
    raise NetworkError(f"httpx.{err.__class__.__name__}: {err}") from err
telegram.error.NetworkError: httpx.ConnectError: [Errno 11001] getaddrinfo failed
2026-04-22 20:57:51,650 [ERROR] telegram.ext.Updater: Error while getting Updates: httpx.ConnectError: [Errno 11001] getaddrinfo failed
2026-04-22 20:57:51,733 [ERROR] telegram.ext.Application: No error handlers are registered, logging exception.
Traceback (most recent call last):
  File "C:\Users\ЕРАСЫЛ\AppData\Local\Programs\Python\Python310\lib\site-packages\httpx\_transports\default.py", line 66, in map_httpcore_exceptions
    yield
  File "C:\Users\ЕРАСЫЛ\AppData\Local\Programs\Python\Python310\lib\site-packages\httpx\_transports\default.py", line 366, in handle_async_request
    resp = await self._pool.handle_async_request(req)
  File "C:\Users\ЕРАСЫЛ\AppData\Local\Programs\Python\Python310\lib\site-packages\httpcore\_async\connection_pool.py", line 256, in handle_async_request
    raise exc from None
  File "C:\Users\ЕРАСЫЛ\AppData\Local\Programs\Python\Python310\lib\site-packages\httpcore\_async\connection_pool.py", line 236, in handle_async_request
    response = await connection.handle_async_request(
  File "C:\Users\ЕРАСЫЛ\AppData\Local\Programs\Python\Python310\lib\site-packages\httpcore\_async\connection.py", line 101, in handle_async_request
    raise exc
  File "C:\Users\ЕРАСЫЛ\AppData\Local\Programs\Python\Python310\lib\site-packages\httpcore\_async\connection.py", line 78, in handle_async_request
    stream = await self._connect(request)
  File "C:\Users\ЕРАСЫЛ\AppData\Local\Programs\Python\Python310\lib\site-packages\httpcore\_async\connection.py", line 124, in _connect
    stream = await self._network_backend.connect_tcp(**kwargs)
  File "C:\Users\ЕРАСЫЛ\AppData\Local\Programs\Python\Python310\lib\site-packages\httpcore\_backends\auto.py", line 31, in connect_tcp
    return await self._backend.connect_tcp(
  File "C:\Users\ЕРАСЫЛ\AppData\Local\Programs\Python\Python310\lib\site-packages\httpcore\_backends\anyio.py", line 113, in connect_tcp
    with map_exceptions(exc_map):
  File "C:\Users\ЕРАСЫЛ\AppData\Local\Programs\Python\Python310\lib\contextlib.py", line 153, in __exit__
    self.gen.throw(typ, value, traceback)
  File "C:\Users\ЕРАСЫЛ\AppData\Local\Programs\Python\Python310\lib\site-packages\httpcore\_exceptions.py", line 14, in map_exceptions
    raise to_exc(exc) from exc
httpcore.ConnectError: [Errno 11001] getaddrinfo failed

The above exception was the direct cause of the following exception:

Traceback (most recent call last):
  File "C:\Users\ЕРАСЫЛ\AppData\Local\Programs\Python\Python310\lib\site-packages\telegram\request\_httpxrequest.py", line 268, in do_request
    res = await self._client.request(
  File "C:\Users\ЕРАСЫЛ\AppData\Local\Programs\Python\Python310\lib\site-packages\httpx\_client.py", line 1530, in request
    return await self.send(request, auth=auth, follow_redirects=follow_redirects)
  File "C:\Users\ЕРАСЫЛ\AppData\Local\Programs\Python\Python310\lib\site-packages\httpx\_client.py", line 1617, in send
    response = await self._send_handling_auth(
  File "C:\Users\ЕРАСЫЛ\AppData\Local\Programs\Python\Python310\lib\site-packages\httpx\_client.py", line 1645, in _send_handling_auth
    response = await self._send_handling_redirects(
  File "C:\Users\ЕРАСЫЛ\AppData\Local\Programs\Python\Python310\lib\site-packages\httpx\_client.py", line 1682, in _send_handling_redirects
    response = await self._send_single_request(request)
  File "C:\Users\ЕРАСЫЛ\AppData\Local\Programs\Python\Python310\lib\site-packages\httpx\_client.py", line 1719, in _send_single_request
    response = await transport.handle_async_request(request)
  File "C:\Users\ЕРАСЫЛ\AppData\Local\Programs\Python\Python310\lib\site-packages\httpx\_transports\default.py", line 365, in handle_async_request
    with map_httpcore_exceptions():
  File "C:\Users\ЕРАСЫЛ\AppData\Local\Programs\Python\Python310\lib\contextlib.py", line 153, in __exit__
    self.gen.throw(typ, value, traceback)
  File "C:\Users\ЕРАСЫЛ\AppData\Local\Programs\Python\Python310\lib\site-packages\httpx\_transports\default.py", line 83, in map_httpcore_exceptions
    raise mapped_exc(message) from exc
httpx.ConnectError: [Errno 11001] getaddrinfo failed

The above exception was the direct cause of the following exception:

Traceback (most recent call last):
  File "C:\Users\ЕРАСЫЛ\AppData\Local\Programs\Python\Python310\lib\site-packages\telegram\ext\_updater.py", line 688, in _network_loop_retry
    if not await action_cb():
  File "C:\Users\ЕРАСЫЛ\AppData\Local\Programs\Python\Python310\lib\site-packages\telegram\ext\_updater.py", line 384, in polling_action_cb
    raise exc
  File "C:\Users\ЕРАСЫЛ\AppData\Local\Programs\Python\Python310\lib\site-packages\telegram\ext\_updater.py", line 373, in polling_action_cb
    updates = await self.bot.get_updates(
  File "C:\Users\ЕРАСЫЛ\AppData\Local\Programs\Python\Python310\lib\site-packages\telegram\ext\_extbot.py", line 558, in get_updates
    updates = await super().get_updates(
  File "C:\Users\ЕРАСЫЛ\AppData\Local\Programs\Python\Python310\lib\site-packages\telegram\_bot.py", line 525, in decorator
    result = await func(self, *args, **kwargs)  # skipcq: PYL-E1102
  File "C:\Users\ЕРАСЫЛ\AppData\Local\Programs\Python\Python310\lib\site-packages\telegram\_bot.py", line 3584, in get_updates
    await self._post(
  File "C:\Users\ЕРАСЫЛ\AppData\Local\Programs\Python\Python310\lib\site-packages\telegram\_bot.py", line 613, in _post
    return await self._do_post(
  File "C:\Users\ЕРАСЫЛ\AppData\Local\Programs\Python\Python310\lib\site-packages\telegram\ext\_extbot.py", line 340, in _do_post
    return await super()._do_post(
  File "C:\Users\ЕРАСЫЛ\AppData\Local\Programs\Python\Python310\lib\site-packages\telegram\_bot.py", line 641, in _do_post
    return await request.post(
  File "C:\Users\ЕРАСЫЛ\AppData\Local\Programs\Python\Python310\lib\site-packages\telegram\request\_baserequest.py", line 200, in post
    result = await self._request_wrapper(
  File "C:\Users\ЕРАСЫЛ\AppData\Local\Programs\Python\Python310\lib\site-packages\telegram\request\_baserequest.py", line 340, in _request_wrapper
    raise exc
  File "C:\Users\ЕРАСЫЛ\AppData\Local\Programs\Python\Python310\lib\site-packages\telegram\request\_baserequest.py", line 330, in _request_wrapper
    code, payload = await self.do_request(
  File "C:\Users\ЕРАСЫЛ\AppData\Local\Programs\Python\Python310\lib\site-packages\telegram\request\_httpxrequest.py", line 292, in do_request
    raise NetworkError(f"httpx.{err.__class__.__name__}: {err}") from err
telegram.error.NetworkError: httpx.ConnectError: [Errno 11001] getaddrinfo failed
2026-04-22 20:57:53,079 [ERROR] telegram.ext.Updater: Error while getting Updates: httpx.ConnectError: [Errno 11001] getaddrinfo failed
2026-04-22 20:57:53,097 [ERROR] telegram.ext.Application: No error handlers are registered, logging exception.
Traceback (most recent call last):
  File "C:\Users\ЕРАСЫЛ\AppData\Local\Programs\Python\Python310\lib\site-packages\httpx\_transports\default.py", line 66, in map_httpcore_exceptions
    yield
  File "C:\Users\ЕРАСЫЛ\AppData\Local\Programs\Python\Python310\lib\site-packages\httpx\_transports\default.py", line 366, in handle_async_request
    resp = await self._pool.handle_async_request(req)
  File "C:\Users\ЕРАСЫЛ\AppData\Local\Programs\Python\Python310\lib\site-packages\httpcore\_async\connection_pool.py", line 256, in handle_async_request
    raise exc from None
  File "C:\Users\ЕРАСЫЛ\AppData\Local\Programs\Python\Python310\lib\site-packages\httpcore\_async\connection_pool.py", line 236, in handle_async_request
    response = await connection.handle_async_request(
  File "C:\Users\ЕРАСЫЛ\AppData\Local\Programs\Python\Python310\lib\site-packages\httpcore\_async\connection.py", line 101, in handle_async_request
    raise exc
  File "C:\Users\ЕРАСЫЛ\AppData\Local\Programs\Python\Python310\lib\site-packages\httpcore\_async\connection.py", line 78, in handle_async_request
    stream = await self._connect(request)
  File "C:\Users\ЕРАСЫЛ\AppData\Local\Programs\Python\Python310\lib\site-packages\httpcore\_async\connection.py", line 124, in _connect
    stream = await self._network_backend.connect_tcp(**kwargs)
  File "C:\Users\ЕРАСЫЛ\AppData\Local\Programs\Python\Python310\lib\site-packages\httpcore\_backends\auto.py", line 31, in connect_tcp
    return await self._backend.connect_tcp(
  File "C:\Users\ЕРАСЫЛ\AppData\Local\Programs\Python\Python310\lib\site-packages\httpcore\_backends\anyio.py", line 113, in connect_tcp
    with map_exceptions(exc_map):
  File "C:\Users\ЕРАСЫЛ\AppData\Local\Programs\Python\Python310\lib\contextlib.py", line 153, in __exit__
    self.gen.throw(typ, value, traceback)
  File "C:\Users\ЕРАСЫЛ\AppData\Local\Programs\Python\Python310\lib\site-packages\httpcore\_exceptions.py", line 14, in map_exceptions
    raise to_exc(exc) from exc
httpcore.ConnectError: [Errno 11001] getaddrinfo failed

The above exception was the direct cause of the following exception:

Traceback (most recent call last):
  File "C:\Users\ЕРАСЫЛ\AppData\Local\Programs\Python\Python310\lib\site-packages\telegram\request\_httpxrequest.py", line 268, in do_request
    res = await self._client.request(
  File "C:\Users\ЕРАСЫЛ\AppData\Local\Programs\Python\Python310\lib\site-packages\httpx\_client.py", line 1530, in request
    return await self.send(request, auth=auth, follow_redirects=follow_redirects)
  File "C:\Users\ЕРАСЫЛ\AppData\Local\Programs\Python\Python310\lib\site-packages\httpx\_client.py", line 1617, in send
    response = await self._send_handling_auth(
  File "C:\Users\ЕРАСЫЛ\AppData\Local\Programs\Python\Python310\lib\site-packages\httpx\_client.py", line 1645, in _send_handling_auth
    response = await self._send_handling_redirects(
  File "C:\Users\ЕРАСЫЛ\AppData\Local\Programs\Python\Python310\lib\site-packages\httpx\_client.py", line 1682, in _send_handling_redirects
    response = await self._send_single_request(request)
  File "C:\Users\ЕРАСЫЛ\AppData\Local\Programs\Python\Python310\lib\site-packages\httpx\_client.py", line 1719, in _send_single_request
    response = await transport.handle_async_request(request)
  File "C:\Users\ЕРАСЫЛ\AppData\Local\Programs\Python\Python310\lib\site-packages\httpx\_transports\default.py", line 365, in handle_async_request
    with map_httpcore_exceptions():
  File "C:\Users\ЕРАСЫЛ\AppData\Local\Programs\Python\Python310\lib\contextlib.py", line 153, in __exit__
    self.gen.throw(typ, value, traceback)
  File "C:\Users\ЕРАСЫЛ\AppData\Local\Programs\Python\Python310\lib\site-packages\httpx\_transports\default.py", line 83, in map_httpcore_exceptions
    raise mapped_exc(message) from exc
httpx.ConnectError: [Errno 11001] getaddrinfo failed

The above exception was the direct cause of the following exception:

Traceback (most recent call last):
  File "C:\Users\ЕРАСЫЛ\AppData\Local\Programs\Python\Python310\lib\site-packages\telegram\ext\_updater.py", line 688, in _network_loop_retry
    if not await action_cb():
  File "C:\Users\ЕРАСЫЛ\AppData\Local\Programs\Python\Python310\lib\site-packages\telegram\ext\_updater.py", line 384, in polling_action_cb
    raise exc
  File "C:\Users\ЕРАСЫЛ\AppData\Local\Programs\Python\Python310\lib\site-packages\telegram\ext\_updater.py", line 373, in polling_action_cb
    updates = await self.bot.get_updates(
  File "C:\Users\ЕРАСЫЛ\AppData\Local\Programs\Python\Python310\lib\site-packages\telegram\ext\_extbot.py", line 558, in get_updates
    updates = await super().get_updates(
  File "C:\Users\ЕРАСЫЛ\AppData\Local\Programs\Python\Python310\lib\site-packages\telegram\_bot.py", line 525, in decorator
    result = await func(self, *args, **kwargs)  # skipcq: PYL-E1102
  File "C:\Users\ЕРАСЫЛ\AppData\Local\Programs\Python\Python310\lib\site-packages\telegram\_bot.py", line 3584, in get_updates
    await self._post(
  File "C:\Users\ЕРАСЫЛ\AppData\Local\Programs\Python\Python310\lib\site-packages\telegram\_bot.py", line 613, in _post
    return await self._do_post(
  File "C:\Users\ЕРАСЫЛ\AppData\Local\Programs\Python\Python310\lib\site-packages\telegram\ext\_extbot.py", line 340, in _do_post
    return await super()._do_post(
  File "C:\Users\ЕРАСЫЛ\AppData\Local\Programs\Python\Python310\lib\site-packages\telegram\_bot.py", line 641, in _do_post
    return await request.post(
  File "C:\Users\ЕРАСЫЛ\AppData\Local\Programs\Python\Python310\lib\site-packages\telegram\request\_baserequest.py", line 200, in post
    result = await self._request_wrapper(
  File "C:\Users\ЕРАСЫЛ\AppData\Local\Programs\Python\Python310\lib\site-packages\telegram\request\_baserequest.py", line 340, in _request_wrapper
    raise exc
  File "C:\Users\ЕРАСЫЛ\AppData\Local\Programs\Python\Python310\lib\site-packages\telegram\request\_baserequest.py", line 330, in _request_wrapper
    code, payload = await self.do_request(
  File "C:\Users\ЕРАСЫЛ\AppData\Local\Programs\Python\Python310\lib\site-packages\telegram\request\_httpxrequest.py", line 292, in do_request
    raise NetworkError(f"httpx.{err.__class__.__name__}: {err}") from err
telegram.error.NetworkError: httpx.ConnectError: [Errno 11001] getaddrinfo failed
2026-04-22 20:57:54,611 [ERROR] telegram.ext.Updater: Error while getting Updates: httpx.ConnectError: [Errno 11001] getaddrinfo failed
2026-04-22 20:57:54,615 [ERROR] telegram.ext.Application: No error handlers are registered, logging exception.
Traceback (most recent call last):
  File "C:\Users\ЕРАСЫЛ\AppData\Local\Programs\Python\Python310\lib\site-packages\httpx\_transports\default.py", line 66, in map_httpcore_exceptions
    yield
  File "C:\Users\ЕРАСЫЛ\AppData\Local\Programs\Python\Python310\lib\site-packages\httpx\_transports\default.py", line 366, in handle_async_request
    resp = await self._pool.handle_async_request(req)
  File "C:\Users\ЕРАСЫЛ\AppData\Local\Programs\Python\Python310\lib\site-packages\httpcore\_async\connection_pool.py", line 256, in handle_async_request
    raise exc from None
  File "C:\Users\ЕРАСЫЛ\AppData\Local\Programs\Python\Python310\lib\site-packages\httpcore\_async\connection_pool.py", line 236, in handle_async_request
    response = await connection.handle_async_request(
  File "C:\Users\ЕРАСЫЛ\AppData\Local\Programs\Python\Python310\lib\site-packages\httpcore\_async\connection.py", line 101, in handle_async_request
    raise exc
  File "C:\Users\ЕРАСЫЛ\AppData\Local\Programs\Python\Python310\lib\site-packages\httpcore\_async\connection.py", line 78, in handle_async_request
    stream = await self._connect(request)
  File "C:\Users\ЕРАСЫЛ\AppData\Local\Programs\Python\Python310\lib\site-packages\httpcore\_async\connection.py", line 124, in _connect
    stream = await self._network_backend.connect_tcp(**kwargs)
  File "C:\Users\ЕРАСЫЛ\AppData\Local\Programs\Python\Python310\lib\site-packages\httpcore\_backends\auto.py", line 31, in connect_tcp
    return await self._backend.connect_tcp(
  File "C:\Users\ЕРАСЫЛ\AppData\Local\Programs\Python\Python310\lib\site-packages\httpcore\_backends\anyio.py", line 113, in connect_tcp
    with map_exceptions(exc_map):
  File "C:\Users\ЕРАСЫЛ\AppData\Local\Programs\Python\Python310\lib\contextlib.py", line 153, in __exit__
    self.gen.throw(typ, value, traceback)
  File "C:\Users\ЕРАСЫЛ\AppData\Local\Programs\Python\Python310\lib\site-packages\httpcore\_exceptions.py", line 14, in map_exceptions
    raise to_exc(exc) from exc
httpcore.ConnectError: [Errno 11001] getaddrinfo failed

The above exception was the direct cause of the following exception:

Traceback (most recent call last):
  File "C:\Users\ЕРАСЫЛ\AppData\Local\Programs\Python\Python310\lib\site-packages\telegram\request\_httpxrequest.py", line 268, in do_request
    res = await self._client.request(
  File "C:\Users\ЕРАСЫЛ\AppData\Local\Programs\Python\Python310\lib\site-packages\httpx\_client.py", line 1530, in request
    return await self.send(request, auth=auth, follow_redirects=follow_redirects)
  File "C:\Users\ЕРАСЫЛ\AppData\Local\Programs\Python\Python310\lib\site-packages\httpx\_client.py", line 1617, in send
    response = await self._send_handling_auth(
  File "C:\Users\ЕРАСЫЛ\AppData\Local\Programs\Python\Python310\lib\site-packages\httpx\_client.py", line 1645, in _send_handling_auth
    response = await self._send_handling_redirects(
  File "C:\Users\ЕРАСЫЛ\AppData\Local\Programs\Python\Python310\lib\site-packages\httpx\_client.py", line 1682, in _send_handling_redirects
    response = await self._send_single_request(request)
  File "C:\Users\ЕРАСЫЛ\AppData\Local\Programs\Python\Python310\lib\site-packages\httpx\_client.py", line 1719, in _send_single_request
    response = await transport.handle_async_request(request)
  File "C:\Users\ЕРАСЫЛ\AppData\Local\Programs\Python\Python310\lib\site-packages\httpx\_transports\default.py", line 365, in handle_async_request
    with map_httpcore_exceptions():
  File "C:\Users\ЕРАСЫЛ\AppData\Local\Programs\Python\Python310\lib\contextlib.py", line 153, in __exit__
    self.gen.throw(typ, value, traceback)
  File "C:\Users\ЕРАСЫЛ\AppData\Local\Programs\Python\Python310\lib\site-packages\httpx\_transports\default.py", line 83, in map_httpcore_exceptions
    raise mapped_exc(message) from exc
httpx.ConnectError: [Errno 11001] getaddrinfo failed

The above exception was the direct cause of the following exception:

Traceback (most recent call last):
  File "C:\Users\ЕРАСЫЛ\AppData\Local\Programs\Python\Python310\lib\site-packages\telegram\ext\_updater.py", line 688, in _network_loop_retry
    if not await action_cb():
  File "C:\Users\ЕРАСЫЛ\AppData\Local\Programs\Python\Python310\lib\site-packages\telegram\ext\_updater.py", line 384, in polling_action_cb
    raise exc
  File "C:\Users\ЕРАСЫЛ\AppData\Local\Programs\Python\Python310\lib\site-packages\telegram\ext\_updater.py", line 373, in polling_action_cb
    updates = await self.bot.get_updates(
  File "C:\Users\ЕРАСЫЛ\AppData\Local\Programs\Python\Python310\lib\site-packages\telegram\ext\_extbot.py", line 558, in get_updates
    updates = await super().get_updates(
  File "C:\Users\ЕРАСЫЛ\AppData\Local\Programs\Python\Python310\lib\site-packages\telegram\_bot.py", line 525, in decorator
    result = await func(self, *args, **kwargs)  # skipcq: PYL-E1102
  File "C:\Users\ЕРАСЫЛ\AppData\Local\Programs\Python\Python310\lib\site-packages\telegram\_bot.py", line 3584, in get_updates
    await self._post(
  File "C:\Users\ЕРАСЫЛ\AppData\Local\Programs\Python\Python310\lib\site-packages\telegram\_bot.py", line 613, in _post
    return await self._do_post(
  File "C:\Users\ЕРАСЫЛ\AppData\Local\Programs\Python\Python310\lib\site-packages\telegram\ext\_extbot.py", line 340, in _do_post
    return await super()._do_post(
  File "C:\Users\ЕРАСЫЛ\AppData\Local\Programs\Python\Python310\lib\site-packages\telegram\_bot.py", line 641, in _do_post
    return await request.post(
  File "C:\Users\ЕРАСЫЛ\AppData\Local\Programs\Python\Python310\lib\site-packages\telegram\request\_baserequest.py", line 200, in post
    result = await self._request_wrapper(
  File "C:\Users\ЕРАСЫЛ\AppData\Local\Programs\Python\Python310\lib\site-packages\telegram\request\_baserequest.py", line 340, in _request_wrapper
    raise exc
  File "C:\Users\ЕРАСЫЛ\AppData\Local\Programs\Python\Python310\lib\site-packages\telegram\request\_baserequest.py", line 330, in _request_wrapper
    code, payload = await self.do_request(
  File "C:\Users\ЕРАСЫЛ\AppData\Local\Programs\Python\Python310\lib\site-packages\telegram\request\_httpxrequest.py", line 292, in do_request
    raise NetworkError(f"httpx.{err.__class__.__name__}: {err}") from err
telegram.error.NetworkError: httpx.ConnectError: [Errno 11001] getaddrinfo failed
2026-04-29 08:31:21,962 [INFO] __main__: Запуск Taldau Bot...
2026-04-29 08:31:22,064 [INFO] __main__: ✅ Бот запущен. Для остановки нажми Ctrl+C.
2026-04-29 08:31:22,659 [INFO] __main__: Команды бота зарегистрированы
2026-04-29 08:31:22,781 [INFO] apscheduler.scheduler: Scheduler started
2026-04-29 08:32:34,310 [INFO] core.storage: Мастер загружен: 75,047 строк, 38 колонок
2026-04-29 08:33:11,108 [INFO] core.storage: Мастер загружен: 75,047 строк, 38 колонок
2026-04-29 08:33:19,720 [INFO] core.storage: Мастер загружен: 75,047 строк, 38 колонок
2026-04-29 08:33:31,823 [INFO] core.storage: Мастер загружен: 75,047 строк, 38 колонок
2026-04-29 08:42:22,844 [INFO] apscheduler.scheduler: Scheduler has been shut down
2026-04-29 08:42:33,170 [INFO] __main__: Запуск Taldau Bot...
2026-04-29 08:42:33,237 [INFO] __main__: ✅ Бот запущен. Для остановки нажми Ctrl+C.
2026-04-29 08:42:33,747 [INFO] __main__: Команды бота зарегистрированы
2026-04-29 08:42:33,845 [INFO] apscheduler.scheduler: Scheduler started
2026-04-29 08:42:44,376 [INFO] core.storage: Мастер загружен: 75,047 строк, 38 колонок
2026-04-29 08:44:22,638 [INFO] core.storage: Мастер загружен: 75,047 строк, 38 колонок
2026-04-29 08:44:36,210 [INFO] fetch: Period names: 61 entries
2026-04-29 08:44:36,229 [INFO] fetch: 22 regions to fetch (0 already in checkpoint)
2026-04-29 08:44:49,531 [INFO] core.storage: Мастер загружен: 75,047 строк, 38 колонок
2026-04-29 08:46:58,039 [INFO] __main__: Запуск Taldau Bot...
2026-04-29 08:46:58,090 [INFO] __main__: ✅ Бот запущен. Для остановки нажми Ctrl+C.
2026-04-29 08:46:58,753 [INFO] __main__: Команды бота зарегистрированы
2026-04-29 08:46:58,845 [INFO] apscheduler.scheduler: Scheduler started
2026-04-29 08:48:25,915 [INFO] core.storage: Мастер загружен: 75,047 строк, 38 колонок
2026-04-29 08:49:02,330 [INFO] apscheduler.scheduler: Scheduler has been shut down
2026-04-29 11:56:27,639 [INFO] __main__: Запуск Taldau Bot...
2026-04-29 11:56:27,691 [INFO] __main__: ✅ Бот запущен. Для остановки нажми Ctrl+C.
2026-04-29 11:56:28,165 [INFO] __main__: Команды бота зарегистрированы
2026-04-29 11:56:28,267 [INFO] apscheduler.scheduler: Scheduler started
2026-04-29 11:56:49,787 [INFO] core.storage: Мастер загружен: 75,047 строк, 38 колонок
2026-04-29 11:57:09,995 [INFO] core.storage: Мастер загружен: 75,047 строк, 38 колонок
2026-04-29 11:57:22,781 [INFO] core.storage: Мастер загружен: 75,047 строк, 38 колонок
2026-04-29 12:42:19,871 [INFO] core.storage: Мастер загружен: 75,047 строк, 38 колонок
2026-04-29 12:43:36,881 [INFO] core.storage: Мастер загружен: 75,047 строк, 38 колонок
2026-04-29 12:44:11,057 [ERROR] __main__: Callback error [download]: Timed out
2026-04-29 12:44:16,884 [INFO] core.storage: Мастер загружен: 75,047 строк, 38 колонок
2026-04-29 13:11:33,955 [ERROR] telegram.ext.Updater: Error while getting Updates: httpx.ConnectError: [Errno 11001] getaddrinfo failed
2026-04-29 13:11:34,005 [ERROR] telegram.ext.Application: No error handlers are registered, logging exception.
Traceback (most recent call last):
  File "C:\Users\ЕРАСЫЛ\AppData\Local\Programs\Python\Python310\lib\site-packages\httpx\_transports\default.py", line 66, in map_httpcore_exceptions
    yield
  File "C:\Users\ЕРАСЫЛ\AppData\Local\Programs\Python\Python310\lib\site-packages\httpx\_transports\default.py", line 366, in handle_async_request
    resp = await self._pool.handle_async_request(req)
  File "C:\Users\ЕРАСЫЛ\AppData\Local\Programs\Python\Python310\lib\site-packages\httpcore\_async\connection_pool.py", line 256, in handle_async_request
    raise exc from None
  File "C:\Users\ЕРАСЫЛ\AppData\Local\Programs\Python\Python310\lib\site-packages\httpcore\_async\connection_pool.py", line 236, in handle_async_request
    response = await connection.handle_async_request(
  File "C:\Users\ЕРАСЫЛ\AppData\Local\Programs\Python\Python310\lib\site-packages\httpcore\_async\connection.py", line 101, in handle_async_request
    raise exc
  File "C:\Users\ЕРАСЫЛ\AppData\Local\Programs\Python\Python310\lib\site-packages\httpcore\_async\connection.py", line 78, in handle_async_request
    stream = await self._connect(request)
  File "C:\Users\ЕРАСЫЛ\AppData\Local\Programs\Python\Python310\lib\site-packages\httpcore\_async\connection.py", line 124, in _connect
    stream = await self._network_backend.connect_tcp(**kwargs)
  File "C:\Users\ЕРАСЫЛ\AppData\Local\Programs\Python\Python310\lib\site-packages\httpcore\_backends\auto.py", line 31, in connect_tcp
    return await self._backend.connect_tcp(
  File "C:\Users\ЕРАСЫЛ\AppData\Local\Programs\Python\Python310\lib\site-packages\httpcore\_backends\anyio.py", line 113, in connect_tcp
    with map_exceptions(exc_map):
  File "C:\Users\ЕРАСЫЛ\AppData\Local\Programs\Python\Python310\lib\contextlib.py", line 153, in __exit__
    self.gen.throw(typ, value, traceback)
  File "C:\Users\ЕРАСЫЛ\AppData\Local\Programs\Python\Python310\lib\site-packages\httpcore\_exceptions.py", line 14, in map_exceptions
    raise to_exc(exc) from exc
httpcore.ConnectError: [Errno 11001] getaddrinfo failed

The above exception was the direct cause of the following exception:

Traceback (most recent call last):
  File "C:\Users\ЕРАСЫЛ\AppData\Local\Programs\Python\Python310\lib\site-packages\telegram\request\_httpxrequest.py", line 268, in do_request
    res = await self._client.request(
  File "C:\Users\ЕРАСЫЛ\AppData\Local\Programs\Python\Python310\lib\site-packages\httpx\_client.py", line 1530, in request
    return await self.send(request, auth=auth, follow_redirects=follow_redirects)
  File "C:\Users\ЕРАСЫЛ\AppData\Local\Programs\Python\Python310\lib\site-packages\httpx\_client.py", line 1617, in send
    response = await self._send_handling_auth(
  File "C:\Users\ЕРАСЫЛ\AppData\Local\Programs\Python\Python310\lib\site-packages\httpx\_client.py", line 1645, in _send_handling_auth
    response = await self._send_handling_redirects(
  File "C:\Users\ЕРАСЫЛ\AppData\Local\Programs\Python\Python310\lib\site-packages\httpx\_client.py", line 1682, in _send_handling_redirects
    response = await self._send_single_request(request)
  File "C:\Users\ЕРАСЫЛ\AppData\Local\Programs\Python\Python310\lib\site-packages\httpx\_client.py", line 1719, in _send_single_request
    response = await transport.handle_async_request(request)
  File "C:\Users\ЕРАСЫЛ\AppData\Local\Programs\Python\Python310\lib\site-packages\httpx\_transports\default.py", line 365, in handle_async_request
    with map_httpcore_exceptions():
  File "C:\Users\ЕРАСЫЛ\AppData\Local\Programs\Python\Python310\lib\contextlib.py", line 153, in __exit__
    self.gen.throw(typ, value, traceback)
  File "C:\Users\ЕРАСЫЛ\AppData\Local\Programs\Python\Python310\lib\site-packages\httpx\_transports\default.py", line 83, in map_httpcore_exceptions
    raise mapped_exc(message) from exc
httpx.ConnectError: [Errno 11001] getaddrinfo failed

The above exception was the direct cause of the following exception:

Traceback (most recent call last):
  File "C:\Users\ЕРАСЫЛ\AppData\Local\Programs\Python\Python310\lib\site-packages\telegram\ext\_updater.py", line 688, in _network_loop_retry
    if not await action_cb():
  File "C:\Users\ЕРАСЫЛ\AppData\Local\Programs\Python\Python310\lib\site-packages\telegram\ext\_updater.py", line 384, in polling_action_cb
    raise exc
  File "C:\Users\ЕРАСЫЛ\AppData\Local\Programs\Python\Python310\lib\site-packages\telegram\ext\_updater.py", line 373, in polling_action_cb
    updates = await self.bot.get_updates(
  File "C:\Users\ЕРАСЫЛ\AppData\Local\Programs\Python\Python310\lib\site-packages\telegram\ext\_extbot.py", line 558, in get_updates
    updates = await super().get_updates(
  File "C:\Users\ЕРАСЫЛ\AppData\Local\Programs\Python\Python310\lib\site-packages\telegram\_bot.py", line 525, in decorator
    result = await func(self, *args, **kwargs)  # skipcq: PYL-E1102
  File "C:\Users\ЕРАСЫЛ\AppData\Local\Programs\Python\Python310\lib\site-packages\telegram\_bot.py", line 3584, in get_updates
    await self._post(
  File "C:\Users\ЕРАСЫЛ\AppData\Local\Programs\Python\Python310\lib\site-packages\telegram\_bot.py", line 613, in _post
    return await self._do_post(
  File "C:\Users\ЕРАСЫЛ\AppData\Local\Programs\Python\Python310\lib\site-packages\telegram\ext\_extbot.py", line 340, in _do_post
    return await super()._do_post(
  File "C:\Users\ЕРАСЫЛ\AppData\Local\Programs\Python\Python310\lib\site-packages\telegram\_bot.py", line 641, in _do_post
    return await request.post(
  File "C:\Users\ЕРАСЫЛ\AppData\Local\Programs\Python\Python310\lib\site-packages\telegram\request\_baserequest.py", line 200, in post
    result = await self._request_wrapper(
  File "C:\Users\ЕРАСЫЛ\AppData\Local\Programs\Python\Python310\lib\site-packages\telegram\request\_baserequest.py", line 340, in _request_wrapper
    raise exc
  File "C:\Users\ЕРАСЫЛ\AppData\Local\Programs\Python\Python310\lib\site-packages\telegram\request\_baserequest.py", line 330, in _request_wrapper
    code, payload = await self.do_request(
  File "C:\Users\ЕРАСЫЛ\AppData\Local\Programs\Python\Python310\lib\site-packages\telegram\request\_httpxrequest.py", line 292, in do_request
    raise NetworkError(f"httpx.{err.__class__.__name__}: {err}") from err
telegram.error.NetworkError: httpx.ConnectError: [Errno 11001] getaddrinfo failed
2026-04-29 13:11:36,374 [ERROR] telegram.ext.Updater: Error while getting Updates: httpx.ConnectError: [Errno 11001] getaddrinfo failed
2026-04-29 13:11:36,381 [ERROR] telegram.ext.Application: No error handlers are registered, logging exception.
Traceback (most recent call last):
  File "C:\Users\ЕРАСЫЛ\AppData\Local\Programs\Python\Python310\lib\site-packages\httpx\_transports\default.py", line 66, in map_httpcore_exceptions
    yield
  File "C:\Users\ЕРАСЫЛ\AppData\Local\Programs\Python\Python310\lib\site-packages\httpx\_transports\default.py", line 366, in handle_async_request
    resp = await self._pool.handle_async_request(req)
  File "C:\Users\ЕРАСЫЛ\AppData\Local\Programs\Python\Python310\lib\site-packages\httpcore\_async\connection_pool.py", line 256, in handle_async_request
    raise exc from None
  File "C:\Users\ЕРАСЫЛ\AppData\Local\Programs\Python\Python310\lib\site-packages\httpcore\_async\connection_pool.py", line 236, in handle_async_request
    response = await connection.handle_async_request(
  File "C:\Users\ЕРАСЫЛ\AppData\Local\Programs\Python\Python310\lib\site-packages\httpcore\_async\connection.py", line 101, in handle_async_request
    raise exc
  File "C:\Users\ЕРАСЫЛ\AppData\Local\Programs\Python\Python310\lib\site-packages\httpcore\_async\connection.py", line 78, in handle_async_request
    stream = await self._connect(request)
  File "C:\Users\ЕРАСЫЛ\AppData\Local\Programs\Python\Python310\lib\site-packages\httpcore\_async\connection.py", line 124, in _connect
    stream = await self._network_backend.connect_tcp(**kwargs)
  File "C:\Users\ЕРАСЫЛ\AppData\Local\Programs\Python\Python310\lib\site-packages\httpcore\_backends\auto.py", line 31, in connect_tcp
    return await self._backend.connect_tcp(
  File "C:\Users\ЕРАСЫЛ\AppData\Local\Programs\Python\Python310\lib\site-packages\httpcore\_backends\anyio.py", line 113, in connect_tcp
    with map_exceptions(exc_map):
  File "C:\Users\ЕРАСЫЛ\AppData\Local\Programs\Python\Python310\lib\contextlib.py", line 153, in __exit__
    self.gen.throw(typ, value, traceback)
  File "C:\Users\ЕРАСЫЛ\AppData\Local\Programs\Python\Python310\lib\site-packages\httpcore\_exceptions.py", line 14, in map_exceptions
    raise to_exc(exc) from exc
httpcore.ConnectError: [Errno 11001] getaddrinfo failed

The above exception was the direct cause of the following exception:

Traceback (most recent call last):
  File "C:\Users\ЕРАСЫЛ\AppData\Local\Programs\Python\Python310\lib\site-packages\telegram\request\_httpxrequest.py", line 268, in do_request
    res = await self._client.request(
  File "C:\Users\ЕРАСЫЛ\AppData\Local\Programs\Python\Python310\lib\site-packages\httpx\_client.py", line 1530, in request
    return await self.send(request, auth=auth, follow_redirects=follow_redirects)
  File "C:\Users\ЕРАСЫЛ\AppData\Local\Programs\Python\Python310\lib\site-packages\httpx\_client.py", line 1617, in send
    response = await self._send_handling_auth(
  File "C:\Users\ЕРАСЫЛ\AppData\Local\Programs\Python\Python310\lib\site-packages\httpx\_client.py", line 1645, in _send_handling_auth
    response = await self._send_handling_redirects(
  File "C:\Users\ЕРАСЫЛ\AppData\Local\Programs\Python\Python310\lib\site-packages\httpx\_client.py", line 1682, in _send_handling_redirects
    response = await self._send_single_request(request)
  File "C:\Users\ЕРАСЫЛ\AppData\Local\Programs\Python\Python310\lib\site-packages\httpx\_client.py", line 1719, in _send_single_request
    response = await transport.handle_async_request(request)
  File "C:\Users\ЕРАСЫЛ\AppData\Local\Programs\Python\Python310\lib\site-packages\httpx\_transports\default.py", line 365, in handle_async_request
    with map_httpcore_exceptions():
  File "C:\Users\ЕРАСЫЛ\AppData\Local\Programs\Python\Python310\lib\contextlib.py", line 153, in __exit__
    self.gen.throw(typ, value, traceback)
  File "C:\Users\ЕРАСЫЛ\AppData\Local\Programs\Python\Python310\lib\site-packages\httpx\_transports\default.py", line 83, in map_httpcore_exceptions
    raise mapped_exc(message) from exc
httpx.ConnectError: [Errno 11001] getaddrinfo failed

The above exception was the direct cause of the following exception:

Traceback (most recent call last):
  File "C:\Users\ЕРАСЫЛ\AppData\Local\Programs\Python\Python310\lib\site-packages\telegram\ext\_updater.py", line 688, in _network_loop_retry
    if not await action_cb():
  File "C:\Users\ЕРАСЫЛ\AppData\Local\Programs\Python\Python310\lib\site-packages\telegram\ext\_updater.py", line 384, in polling_action_cb
    raise exc
  File "C:\Users\ЕРАСЫЛ\AppData\Local\Programs\Python\Python310\lib\site-packages\telegram\ext\_updater.py", line 373, in polling_action_cb
    updates = await self.bot.get_updates(
  File "C:\Users\ЕРАСЫЛ\AppData\Local\Programs\Python\Python310\lib\site-packages\telegram\ext\_extbot.py", line 558, in get_updates
    updates = await super().get_updates(
  File "C:\Users\ЕРАСЫЛ\AppData\Local\Programs\Python\Python310\lib\site-packages\telegram\_bot.py", line 525, in decorator
    result = await func(self, *args, **kwargs)  # skipcq: PYL-E1102
  File "C:\Users\ЕРАСЫЛ\AppData\Local\Programs\Python\Python310\lib\site-packages\telegram\_bot.py", line 3584, in get_updates
    await self._post(
  File "C:\Users\ЕРАСЫЛ\AppData\Local\Programs\Python\Python310\lib\site-packages\telegram\_bot.py", line 613, in _post
    return await self._do_post(
  File "C:\Users\ЕРАСЫЛ\AppData\Local\Programs\Python\Python310\lib\site-packages\telegram\ext\_extbot.py", line 340, in _do_post
    return await super()._do_post(
  File "C:\Users\ЕРАСЫЛ\AppData\Local\Programs\Python\Python310\lib\site-packages\telegram\_bot.py", line 641, in _do_post
    return await request.post(
  File "C:\Users\ЕРАСЫЛ\AppData\Local\Programs\Python\Python310\lib\site-packages\telegram\request\_baserequest.py", line 200, in post
    result = await self._request_wrapper(
  File "C:\Users\ЕРАСЫЛ\AppData\Local\Programs\Python\Python310\lib\site-packages\telegram\request\_baserequest.py", line 340, in _request_wrapper
    raise exc
  File "C:\Users\ЕРАСЫЛ\AppData\Local\Programs\Python\Python310\lib\site-packages\telegram\request\_baserequest.py", line 330, in _request_wrapper
    code, payload = await self.do_request(
  File "C:\Users\ЕРАСЫЛ\AppData\Local\Programs\Python\Python310\lib\site-packages\telegram\request\_httpxrequest.py", line 292, in do_request
    raise NetworkError(f"httpx.{err.__class__.__name__}: {err}") from err
telegram.error.NetworkError: httpx.ConnectError: [Errno 11001] getaddrinfo failed
2026-04-29 13:11:37,908 [ERROR] telegram.ext.Updater: Error while getting Updates: httpx.ConnectError: [Errno 11001] getaddrinfo failed
2026-04-29 13:11:37,913 [ERROR] telegram.ext.Application: No error handlers are registered, logging exception.
Traceback (most recent call last):
  File "C:\Users\ЕРАСЫЛ\AppData\Local\Programs\Python\Python310\lib\site-packages\httpx\_transports\default.py", line 66, in map_httpcore_exceptions
    yield
  File "C:\Users\ЕРАСЫЛ\AppData\Local\Programs\Python\Python310\lib\site-packages\httpx\_transports\default.py", line 366, in handle_async_request
    resp = await self._pool.handle_async_request(req)
  File "C:\Users\ЕРАСЫЛ\AppData\Local\Programs\Python\Python310\lib\site-packages\httpcore\_async\connection_pool.py", line 256, in handle_async_request
    raise exc from None
  File "C:\Users\ЕРАСЫЛ\AppData\Local\Programs\Python\Python310\lib\site-packages\httpcore\_async\connection_pool.py", line 236, in handle_async_request
    response = await connection.handle_async_request(
  File "C:\Users\ЕРАСЫЛ\AppData\Local\Programs\Python\Python310\lib\site-packages\httpcore\_async\connection.py", line 101, in handle_async_request
    raise exc
  File "C:\Users\ЕРАСЫЛ\AppData\Local\Programs\Python\Python310\lib\site-packages\httpcore\_async\connection.py", line 78, in handle_async_request
    stream = await self._connect(request)
  File "C:\Users\ЕРАСЫЛ\AppData\Local\Programs\Python\Python310\lib\site-packages\httpcore\_async\connection.py", line 124, in _connect
    stream = await self._network_backend.connect_tcp(**kwargs)
  File "C:\Users\ЕРАСЫЛ\AppData\Local\Programs\Python\Python310\lib\site-packages\httpcore\_backends\auto.py", line 31, in connect_tcp
    return await self._backend.connect_tcp(
  File "C:\Users\ЕРАСЫЛ\AppData\Local\Programs\Python\Python310\lib\site-packages\httpcore\_backends\anyio.py", line 113, in connect_tcp
    with map_exceptions(exc_map):
  File "C:\Users\ЕРАСЫЛ\AppData\Local\Programs\Python\Python310\lib\contextlib.py", line 153, in __exit__
    self.gen.throw(typ, value, traceback)
  File "C:\Users\ЕРАСЫЛ\AppData\Local\Programs\Python\Python310\lib\site-packages\httpcore\_exceptions.py", line 14, in map_exceptions
    raise to_exc(exc) from exc
httpcore.ConnectError: [Errno 11001] getaddrinfo failed

The above exception was the direct cause of the following exception:

Traceback (most recent call last):
  File "C:\Users\ЕРАСЫЛ\AppData\Local\Programs\Python\Python310\lib\site-packages\telegram\request\_httpxrequest.py", line 268, in do_request
    res = await self._client.request(
  File "C:\Users\ЕРАСЫЛ\AppData\Local\Programs\Python\Python310\lib\site-packages\httpx\_client.py", line 1530, in request
    return await self.send(request, auth=auth, follow_redirects=follow_redirects)
  File "C:\Users\ЕРАСЫЛ\AppData\Local\Programs\Python\Python310\lib\site-packages\httpx\_client.py", line 1617, in send
    response = await self._send_handling_auth(
  File "C:\Users\ЕРАСЫЛ\AppData\Local\Programs\Python\Python310\lib\site-packages\httpx\_client.py", line 1645, in _send_handling_auth
    response = await self._send_handling_redirects(
  File "C:\Users\ЕРАСЫЛ\AppData\Local\Programs\Python\Python310\lib\site-packages\httpx\_client.py", line 1682, in _send_handling_redirects
    response = await self._send_single_request(request)
  File "C:\Users\ЕРАСЫЛ\AppData\Local\Programs\Python\Python310\lib\site-packages\httpx\_client.py", line 1719, in _send_single_request
    response = await transport.handle_async_request(request)
  File "C:\Users\ЕРАСЫЛ\AppData\Local\Programs\Python\Python310\lib\site-packages\httpx\_transports\default.py", line 365, in handle_async_request
    with map_httpcore_exceptions():
  File "C:\Users\ЕРАСЫЛ\AppData\Local\Programs\Python\Python310\lib\contextlib.py", line 153, in __exit__
    self.gen.throw(typ, value, traceback)
  File "C:\Users\ЕРАСЫЛ\AppData\Local\Programs\Python\Python310\lib\site-packages\httpx\_transports\default.py", line 83, in map_httpcore_exceptions
    raise mapped_exc(message) from exc
httpx.ConnectError: [Errno 11001] getaddrinfo failed

The above exception was the direct cause of the following exception:

Traceback (most recent call last):
  File "C:\Users\ЕРАСЫЛ\AppData\Local\Programs\Python\Python310\lib\site-packages\telegram\ext\_updater.py", line 688, in _network_loop_retry
    if not await action_cb():
  File "C:\Users\ЕРАСЫЛ\AppData\Local\Programs\Python\Python310\lib\site-packages\telegram\ext\_updater.py", line 384, in polling_action_cb
    raise exc
  File "C:\Users\ЕРАСЫЛ\AppData\Local\Programs\Python\Python310\lib\site-packages\telegram\ext\_updater.py", line 373, in polling_action_cb
    updates = await self.bot.get_updates(
  File "C:\Users\ЕРАСЫЛ\AppData\Local\Programs\Python\Python310\lib\site-packages\telegram\ext\_extbot.py", line 558, in get_updates
    updates = await super().get_updates(
  File "C:\Users\ЕРАСЫЛ\AppData\Local\Programs\Python\Python310\lib\site-packages\telegram\_bot.py", line 525, in decorator
    result = await func(self, *args, **kwargs)  # skipcq: PYL-E1102
  File "C:\Users\ЕРАСЫЛ\AppData\Local\Programs\Python\Python310\lib\site-packages\telegram\_bot.py", line 3584, in get_updates
    await self._post(
  File "C:\Users\ЕРАСЫЛ\AppData\Local\Programs\Python\Python310\lib\site-packages\telegram\_bot.py", line 613, in _post
    return await self._do_post(
  File "C:\Users\ЕРАСЫЛ\AppData\Local\Programs\Python\Python310\lib\site-packages\telegram\ext\_extbot.py", line 340, in _do_post
    return await super()._do_post(
  File "C:\Users\ЕРАСЫЛ\AppData\Local\Programs\Python\Python310\lib\site-packages\telegram\_bot.py", line 641, in _do_post
    return await request.post(
  File "C:\Users\ЕРАСЫЛ\AppData\Local\Programs\Python\Python310\lib\site-packages\telegram\request\_baserequest.py", line 200, in post
    result = await self._request_wrapper(
  File "C:\Users\ЕРАСЫЛ\AppData\Local\Programs\Python\Python310\lib\site-packages\telegram\request\_baserequest.py", line 340, in _request_wrapper
    raise exc
  File "C:\Users\ЕРАСЫЛ\AppData\Local\Programs\Python\Python310\lib\site-packages\telegram\request\_baserequest.py", line 330, in _request_wrapper
    code, payload = await self.do_request(
  File "C:\Users\ЕРАСЫЛ\AppData\Local\Programs\Python\Python310\lib\site-packages\telegram\request\_httpxrequest.py", line 292, in do_request
    raise NetworkError(f"httpx.{err.__class__.__name__}: {err}") from err
telegram.error.NetworkError: httpx.ConnectError: [Errno 11001] getaddrinfo failed
2026-04-29 14:30:44,146 [ERROR] telegram.ext.Updater: Error while getting Updates: httpx.ConnectError: [Errno 11001] getaddrinfo failed
2026-04-29 14:30:44,174 [ERROR] telegram.ext.Application: No error handlers are registered, logging exception.
Traceback (most recent call last):
  File "C:\Users\ЕРАСЫЛ\AppData\Local\Programs\Python\Python310\lib\site-packages\httpx\_transports\default.py", line 66, in map_httpcore_exceptions
    yield
  File "C:\Users\ЕРАСЫЛ\AppData\Local\Programs\Python\Python310\lib\site-packages\httpx\_transports\default.py", line 366, in handle_async_request
    resp = await self._pool.handle_async_request(req)
  File "C:\Users\ЕРАСЫЛ\AppData\Local\Programs\Python\Python310\lib\site-packages\httpcore\_async\connection_pool.py", line 256, in handle_async_request
    raise exc from None
  File "C:\Users\ЕРАСЫЛ\AppData\Local\Programs\Python\Python310\lib\site-packages\httpcore\_async\connection_pool.py", line 236, in handle_async_request
    response = await connection.handle_async_request(
  File "C:\Users\ЕРАСЫЛ\AppData\Local\Programs\Python\Python310\lib\site-packages\httpcore\_async\connection.py", line 101, in handle_async_request
    raise exc
  File "C:\Users\ЕРАСЫЛ\AppData\Local\Programs\Python\Python310\lib\site-packages\httpcore\_async\connection.py", line 78, in handle_async_request
    stream = await self._connect(request)
  File "C:\Users\ЕРАСЫЛ\AppData\Local\Programs\Python\Python310\lib\site-packages\httpcore\_async\connection.py", line 124, in _connect
    stream = await self._network_backend.connect_tcp(**kwargs)
  File "C:\Users\ЕРАСЫЛ\AppData\Local\Programs\Python\Python310\lib\site-packages\httpcore\_backends\auto.py", line 31, in connect_tcp
    return await self._backend.connect_tcp(
  File "C:\Users\ЕРАСЫЛ\AppData\Local\Programs\Python\Python310\lib\site-packages\httpcore\_backends\anyio.py", line 113, in connect_tcp
    with map_exceptions(exc_map):
  File "C:\Users\ЕРАСЫЛ\AppData\Local\Programs\Python\Python310\lib\contextlib.py", line 153, in __exit__
    self.gen.throw(typ, value, traceback)
  File "C:\Users\ЕРАСЫЛ\AppData\Local\Programs\Python\Python310\lib\site-packages\httpcore\_exceptions.py", line 14, in map_exceptions
    raise to_exc(exc) from exc
httpcore.ConnectError: [Errno 11001] getaddrinfo failed

The above exception was the direct cause of the following exception:

Traceback (most recent call last):
  File "C:\Users\ЕРАСЫЛ\AppData\Local\Programs\Python\Python310\lib\site-packages\telegram\request\_httpxrequest.py", line 268, in do_request
    res = await self._client.request(
  File "C:\Users\ЕРАСЫЛ\AppData\Local\Programs\Python\Python310\lib\site-packages\httpx\_client.py", line 1530, in request
    return await self.send(request, auth=auth, follow_redirects=follow_redirects)
  File "C:\Users\ЕРАСЫЛ\AppData\Local\Programs\Python\Python310\lib\site-packages\httpx\_client.py", line 1617, in send
    response = await self._send_handling_auth(
  File "C:\Users\ЕРАСЫЛ\AppData\Local\Programs\Python\Python310\lib\site-packages\httpx\_client.py", line 1645, in _send_handling_auth
    response = await self._send_handling_redirects(
  File "C:\Users\ЕРАСЫЛ\AppData\Local\Programs\Python\Python310\lib\site-packages\httpx\_client.py", line 1682, in _send_handling_redirects
    response = await self._send_single_request(request)
  File "C:\Users\ЕРАСЫЛ\AppData\Local\Programs\Python\Python310\lib\site-packages\httpx\_client.py", line 1719, in _send_single_request
    response = await transport.handle_async_request(request)
  File "C:\Users\ЕРАСЫЛ\AppData\Local\Programs\Python\Python310\lib\site-packages\httpx\_transports\default.py", line 365, in handle_async_request
    with map_httpcore_exceptions():
  File "C:\Users\ЕРАСЫЛ\AppData\Local\Programs\Python\Python310\lib\contextlib.py", line 153, in __exit__
    self.gen.throw(typ, value, traceback)
  File "C:\Users\ЕРАСЫЛ\AppData\Local\Programs\Python\Python310\lib\site-packages\httpx\_transports\default.py", line 83, in map_httpcore_exceptions
    raise mapped_exc(message) from exc
httpx.ConnectError: [Errno 11001] getaddrinfo failed

The above exception was the direct cause of the following exception:

Traceback (most recent call last):
  File "C:\Users\ЕРАСЫЛ\AppData\Local\Programs\Python\Python310\lib\site-packages\telegram\ext\_updater.py", line 688, in _network_loop_retry
    if not await action_cb():
  File "C:\Users\ЕРАСЫЛ\AppData\Local\Programs\Python\Python310\lib\site-packages\telegram\ext\_updater.py", line 384, in polling_action_cb
    raise exc
  File "C:\Users\ЕРАСЫЛ\AppData\Local\Programs\Python\Python310\lib\site-packages\telegram\ext\_updater.py", line 373, in polling_action_cb
    updates = await self.bot.get_updates(
  File "C:\Users\ЕРАСЫЛ\AppData\Local\Programs\Python\Python310\lib\site-packages\telegram\ext\_extbot.py", line 558, in get_updates
    updates = await super().get_updates(
  File "C:\Users\ЕРАСЫЛ\AppData\Local\Programs\Python\Python310\lib\site-packages\telegram\_bot.py", line 525, in decorator
    result = await func(self, *args, **kwargs)  # skipcq: PYL-E1102
  File "C:\Users\ЕРАСЫЛ\AppData\Local\Programs\Python\Python310\lib\site-packages\telegram\_bot.py", line 3584, in get_updates
    await self._post(
  File "C:\Users\ЕРАСЫЛ\AppData\Local\Programs\Python\Python310\lib\site-packages\telegram\_bot.py", line 613, in _post
    return await self._do_post(
  File "C:\Users\ЕРАСЫЛ\AppData\Local\Programs\Python\Python310\lib\site-packages\telegram\ext\_extbot.py", line 340, in _do_post
    return await super()._do_post(
  File "C:\Users\ЕРАСЫЛ\AppData\Local\Programs\Python\Python310\lib\site-packages\telegram\_bot.py", line 641, in _do_post
    return await request.post(
  File "C:\Users\ЕРАСЫЛ\AppData\Local\Programs\Python\Python310\lib\site-packages\telegram\request\_baserequest.py", line 200, in post
    result = await self._request_wrapper(
  File "C:\Users\ЕРАСЫЛ\AppData\Local\Programs\Python\Python310\lib\site-packages\telegram\request\_baserequest.py", line 340, in _request_wrapper
    raise exc
  File "C:\Users\ЕРАСЫЛ\AppData\Local\Programs\Python\Python310\lib\site-packages\telegram\request\_baserequest.py", line 330, in _request_wrapper
    code, payload = await self.do_request(
  File "C:\Users\ЕРАСЫЛ\AppData\Local\Programs\Python\Python310\lib\site-packages\telegram\request\_httpxrequest.py", line 292, in do_request
    raise NetworkError(f"httpx.{err.__class__.__name__}: {err}") from err
telegram.error.NetworkError: httpx.ConnectError: [Errno 11001] getaddrinfo failed
2026-04-29 14:30:47,613 [ERROR] telegram.ext.Updater: Error while getting Updates: httpx.ConnectError: [Errno 11001] getaddrinfo failed
2026-04-29 14:30:47,637 [ERROR] telegram.ext.Application: No error handlers are registered, logging exception.
Traceback (most recent call last):
  File "C:\Users\ЕРАСЫЛ\AppData\Local\Programs\Python\Python310\lib\site-packages\httpx\_transports\default.py", line 66, in map_httpcore_exceptions
    yield
  File "C:\Users\ЕРАСЫЛ\AppData\Local\Programs\Python\Python310\lib\site-packages\httpx\_transports\default.py", line 366, in handle_async_request
    resp = await self._pool.handle_async_request(req)
  File "C:\Users\ЕРАСЫЛ\AppData\Local\Programs\Python\Python310\lib\site-packages\httpcore\_async\connection_pool.py", line 256, in handle_async_request
    raise exc from None
  File "C:\Users\ЕРАСЫЛ\AppData\Local\Programs\Python\Python310\lib\site-packages\httpcore\_async\connection_pool.py", line 236, in handle_async_request
    response = await connection.handle_async_request(
  File "C:\Users\ЕРАСЫЛ\AppData\Local\Programs\Python\Python310\lib\site-packages\httpcore\_async\connection.py", line 101, in handle_async_request
    raise exc
  File "C:\Users\ЕРАСЫЛ\AppData\Local\Programs\Python\Python310\lib\site-packages\httpcore\_async\connection.py", line 78, in handle_async_request
    stream = await self._connect(request)
  File "C:\Users\ЕРАСЫЛ\AppData\Local\Programs\Python\Python310\lib\site-packages\httpcore\_async\connection.py", line 124, in _connect
    stream = await self._network_backend.connect_tcp(**kwargs)
  File "C:\Users\ЕРАСЫЛ\AppData\Local\Programs\Python\Python310\lib\site-packages\httpcore\_backends\auto.py", line 31, in connect_tcp
    return await self._backend.connect_tcp(
  File "C:\Users\ЕРАСЫЛ\AppData\Local\Programs\Python\Python310\lib\site-packages\httpcore\_backends\anyio.py", line 113, in connect_tcp
    with map_exceptions(exc_map):
  File "C:\Users\ЕРАСЫЛ\AppData\Local\Programs\Python\Python310\lib\contextlib.py", line 153, in __exit__
    self.gen.throw(typ, value, traceback)
  File "C:\Users\ЕРАСЫЛ\AppData\Local\Programs\Python\Python310\lib\site-packages\httpcore\_exceptions.py", line 14, in map_exceptions
    raise to_exc(exc) from exc
httpcore.ConnectError: [Errno 11001] getaddrinfo failed

The above exception was the direct cause of the following exception:

Traceback (most recent call last):
  File "C:\Users\ЕРАСЫЛ\AppData\Local\Programs\Python\Python310\lib\site-packages\telegram\request\_httpxrequest.py", line 268, in do_request
    res = await self._client.request(
  File "C:\Users\ЕРАСЫЛ\AppData\Local\Programs\Python\Python310\lib\site-packages\httpx\_client.py", line 1530, in request
    return await self.send(request, auth=auth, follow_redirects=follow_redirects)
  File "C:\Users\ЕРАСЫЛ\AppData\Local\Programs\Python\Python310\lib\site-packages\httpx\_client.py", line 1617, in send
    response = await self._send_handling_auth(
  File "C:\Users\ЕРАСЫЛ\AppData\Local\Programs\Python\Python310\lib\site-packages\httpx\_client.py", line 1645, in _send_handling_auth
    response = await self._send_handling_redirects(
  File "C:\Users\ЕРАСЫЛ\AppData\Local\Programs\Python\Python310\lib\site-packages\httpx\_client.py", line 1682, in _send_handling_redirects
    response = await self._send_single_request(request)
  File "C:\Users\ЕРАСЫЛ\AppData\Local\Programs\Python\Python310\lib\site-packages\httpx\_client.py", line 1719, in _send_single_request
    response = await transport.handle_async_request(request)
  File "C:\Users\ЕРАСЫЛ\AppData\Local\Programs\Python\Python310\lib\site-packages\httpx\_transports\default.py", line 365, in handle_async_request
    with map_httpcore_exceptions():
  File "C:\Users\ЕРАСЫЛ\AppData\Local\Programs\Python\Python310\lib\contextlib.py", line 153, in __exit__
    self.gen.throw(typ, value, traceback)
  File "C:\Users\ЕРАСЫЛ\AppData\Local\Programs\Python\Python310\lib\site-packages\httpx\_transports\default.py", line 83, in map_httpcore_exceptions
    raise mapped_exc(message) from exc
httpx.ConnectError: [Errno 11001] getaddrinfo failed

The above exception was the direct cause of the following exception:

Traceback (most recent call last):
  File "C:\Users\ЕРАСЫЛ\AppData\Local\Programs\Python\Python310\lib\site-packages\telegram\ext\_updater.py", line 688, in _network_loop_retry
    if not await action_cb():
  File "C:\Users\ЕРАСЫЛ\AppData\Local\Programs\Python\Python310\lib\site-packages\telegram\ext\_updater.py", line 384, in polling_action_cb
    raise exc
  File "C:\Users\ЕРАСЫЛ\AppData\Local\Programs\Python\Python310\lib\site-packages\telegram\ext\_updater.py", line 373, in polling_action_cb
    updates = await self.bot.get_updates(
  File "C:\Users\ЕРАСЫЛ\AppData\Local\Programs\Python\Python310\lib\site-packages\telegram\ext\_extbot.py", line 558, in get_updates
    updates = await super().get_updates(
  File "C:\Users\ЕРАСЫЛ\AppData\Local\Programs\Python\Python310\lib\site-packages\telegram\_bot.py", line 525, in decorator
    result = await func(self, *args, **kwargs)  # skipcq: PYL-E1102
  File "C:\Users\ЕРАСЫЛ\AppData\Local\Programs\Python\Python310\lib\site-packages\telegram\_bot.py", line 3584, in get_updates
    await self._post(
  File "C:\Users\ЕРАСЫЛ\AppData\Local\Programs\Python\Python310\lib\site-packages\telegram\_bot.py", line 613, in _post
    return await self._do_post(
  File "C:\Users\ЕРАСЫЛ\AppData\Local\Programs\Python\Python310\lib\site-packages\telegram\ext\_extbot.py", line 340, in _do_post
    return await super()._do_post(
  File "C:\Users\ЕРАСЫЛ\AppData\Local\Programs\Python\Python310\lib\site-packages\telegram\_bot.py", line 641, in _do_post
    return await request.post(
  File "C:\Users\ЕРАСЫЛ\AppData\Local\Programs\Python\Python310\lib\site-packages\telegram\request\_baserequest.py", line 200, in post
    result = await self._request_wrapper(
  File "C:\Users\ЕРАСЫЛ\AppData\Local\Programs\Python\Python310\lib\site-packages\telegram\request\_baserequest.py", line 340, in _request_wrapper
    raise exc
  File "C:\Users\ЕРАСЫЛ\AppData\Local\Programs\Python\Python310\lib\site-packages\telegram\request\_baserequest.py", line 330, in _request_wrapper
    code, payload = await self.do_request(
  File "C:\Users\ЕРАСЫЛ\AppData\Local\Programs\Python\Python310\lib\site-packages\telegram\request\_httpxrequest.py", line 292, in do_request
    raise NetworkError(f"httpx.{err.__class__.__name__}: {err}") from err
telegram.error.NetworkError: httpx.ConnectError: [Errno 11001] getaddrinfo failed
2026-04-29 14:30:52,741 [ERROR] telegram.ext.Updater: Error while getting Updates: httpx.ConnectError: [Errno 11001] getaddrinfo failed
2026-04-29 14:30:52,760 [ERROR] telegram.ext.Application: No error handlers are registered, logging exception.
Traceback (most recent call last):
  File "C:\Users\ЕРАСЫЛ\AppData\Local\Programs\Python\Python310\lib\site-packages\httpx\_transports\default.py", line 66, in map_httpcore_exceptions
    yield
  File "C:\Users\ЕРАСЫЛ\AppData\Local\Programs\Python\Python310\lib\site-packages\httpx\_transports\default.py", line 366, in handle_async_request
    resp = await self._pool.handle_async_request(req)
  File "C:\Users\ЕРАСЫЛ\AppData\Local\Programs\Python\Python310\lib\site-packages\httpcore\_async\connection_pool.py", line 256, in handle_async_request
    raise exc from None
  File "C:\Users\ЕРАСЫЛ\AppData\Local\Programs\Python\Python310\lib\site-packages\httpcore\_async\connection_pool.py", line 236, in handle_async_request
    response = await connection.handle_async_request(
  File "C:\Users\ЕРАСЫЛ\AppData\Local\Programs\Python\Python310\lib\site-packages\httpcore\_async\connection.py", line 101, in handle_async_request
    raise exc
  File "C:\Users\ЕРАСЫЛ\AppData\Local\Programs\Python\Python310\lib\site-packages\httpcore\_async\connection.py", line 78, in handle_async_request
    stream = await self._connect(request)
  File "C:\Users\ЕРАСЫЛ\AppData\Local\Programs\Python\Python310\lib\site-packages\httpcore\_async\connection.py", line 124, in _connect
    stream = await self._network_backend.connect_tcp(**kwargs)
  File "C:\Users\ЕРАСЫЛ\AppData\Local\Programs\Python\Python310\lib\site-packages\httpcore\_backends\auto.py", line 31, in connect_tcp
    return await self._backend.connect_tcp(
  File "C:\Users\ЕРАСЫЛ\AppData\Local\Programs\Python\Python310\lib\site-packages\httpcore\_backends\anyio.py", line 113, in connect_tcp
    with map_exceptions(exc_map):
  File "C:\Users\ЕРАСЫЛ\AppData\Local\Programs\Python\Python310\lib\contextlib.py", line 153, in __exit__
    self.gen.throw(typ, value, traceback)
  File "C:\Users\ЕРАСЫЛ\AppData\Local\Programs\Python\Python310\lib\site-packages\httpcore\_exceptions.py", line 14, in map_exceptions
    raise to_exc(exc) from exc
httpcore.ConnectError: [Errno 11001] getaddrinfo failed

The above exception was the direct cause of the following exception:

Traceback (most recent call last):
  File "C:\Users\ЕРАСЫЛ\AppData\Local\Programs\Python\Python310\lib\site-packages\telegram\request\_httpxrequest.py", line 268, in do_request
    res = await self._client.request(
  File "C:\Users\ЕРАСЫЛ\AppData\Local\Programs\Python\Python310\lib\site-packages\httpx\_client.py", line 1530, in request
    return await self.send(request, auth=auth, follow_redirects=follow_redirects)
  File "C:\Users\ЕРАСЫЛ\AppData\Local\Programs\Python\Python310\lib\site-packages\httpx\_client.py", line 1617, in send
    response = await self._send_handling_auth(
  File "C:\Users\ЕРАСЫЛ\AppData\Local\Programs\Python\Python310\lib\site-packages\httpx\_client.py", line 1645, in _send_handling_auth
    response = await self._send_handling_redirects(
  File "C:\Users\ЕРАСЫЛ\AppData\Local\Programs\Python\Python310\lib\site-packages\httpx\_client.py", line 1682, in _send_handling_redirects
    response = await self._send_single_request(request)
  File "C:\Users\ЕРАСЫЛ\AppData\Local\Programs\Python\Python310\lib\site-packages\httpx\_client.py", line 1719, in _send_single_request
    response = await transport.handle_async_request(request)
  File "C:\Users\ЕРАСЫЛ\AppData\Local\Programs\Python\Python310\lib\site-packages\httpx\_transports\default.py", line 365, in handle_async_request
    with map_httpcore_exceptions():
  File "C:\Users\ЕРАСЫЛ\AppData\Local\Programs\Python\Python310\lib\contextlib.py", line 153, in __exit__
    self.gen.throw(typ, value, traceback)
  File "C:\Users\ЕРАСЫЛ\AppData\Local\Programs\Python\Python310\lib\site-packages\httpx\_transports\default.py", line 83, in map_httpcore_exceptions
    raise mapped_exc(message) from exc
httpx.ConnectError: [Errno 11001] getaddrinfo failed

The above exception was the direct cause of the following exception:

Traceback (most recent call last):
  File "C:\Users\ЕРАСЫЛ\AppData\Local\Programs\Python\Python310\lib\site-packages\telegram\ext\_updater.py", line 688, in _network_loop_retry
    if not await action_cb():
  File "C:\Users\ЕРАСЫЛ\AppData\Local\Programs\Python\Python310\lib\site-packages\telegram\ext\_updater.py", line 384, in polling_action_cb
    raise exc
  File "C:\Users\ЕРАСЫЛ\AppData\Local\Programs\Python\Python310\lib\site-packages\telegram\ext\_updater.py", line 373, in polling_action_cb
    updates = await self.bot.get_updates(
  File "C:\Users\ЕРАСЫЛ\AppData\Local\Programs\Python\Python310\lib\site-packages\telegram\ext\_extbot.py", line 558, in get_updates
    updates = await super().get_updates(
  File "C:\Users\ЕРАСЫЛ\AppData\Local\Programs\Python\Python310\lib\site-packages\telegram\_bot.py", line 525, in decorator
    result = await func(self, *args, **kwargs)  # skipcq: PYL-E1102
  File "C:\Users\ЕРАСЫЛ\AppData\Local\Programs\Python\Python310\lib\site-packages\telegram\_bot.py", line 3584, in get_updates
    await self._post(
  File "C:\Users\ЕРАСЫЛ\AppData\Local\Programs\Python\Python310\lib\site-packages\telegram\_bot.py", line 613, in _post
    return await self._do_post(
  File "C:\Users\ЕРАСЫЛ\AppData\Local\Programs\Python\Python310\lib\site-packages\telegram\ext\_extbot.py", line 340, in _do_post
    return await super()._do_post(
  File "C:\Users\ЕРАСЫЛ\AppData\Local\Programs\Python\Python310\lib\site-packages\telegram\_bot.py", line 641, in _do_post
    return await request.post(
  File "C:\Users\ЕРАСЫЛ\AppData\Local\Programs\Python\Python310\lib\site-packages\telegram\request\_baserequest.py", line 200, in post
    result = await self._request_wrapper(
  File "C:\Users\ЕРАСЫЛ\AppData\Local\Programs\Python\Python310\lib\site-packages\telegram\request\_baserequest.py", line 340, in _request_wrapper
    raise exc
  File "C:\Users\ЕРАСЫЛ\AppData\Local\Programs\Python\Python310\lib\site-packages\telegram\request\_baserequest.py", line 330, in _request_wrapper
    code, payload = await self.do_request(
  File "C:\Users\ЕРАСЫЛ\AppData\Local\Programs\Python\Python310\lib\site-packages\telegram\request\_httpxrequest.py", line 292, in do_request
    raise NetworkError(f"httpx.{err.__class__.__name__}: {err}") from err
telegram.error.NetworkError: httpx.ConnectError: [Errno 11001] getaddrinfo failed
2026-04-29 14:31:00,362 [ERROR] telegram.ext.Updater: Error while getting Updates: httpx.ConnectError: [Errno 11001] getaddrinfo failed
2026-04-29 14:31:00,363 [ERROR] telegram.ext.Application: No error handlers are registered, logging exception.
Traceback (most recent call last):
  File "C:\Users\ЕРАСЫЛ\AppData\Local\Programs\Python\Python310\lib\site-packages\httpx\_transports\default.py", line 66, in map_httpcore_exceptions
    yield
  File "C:\Users\ЕРАСЫЛ\AppData\Local\Programs\Python\Python310\lib\site-packages\httpx\_transports\default.py", line 366, in handle_async_request
    resp = await self._pool.handle_async_request(req)
  File "C:\Users\ЕРАСЫЛ\AppData\Local\Programs\Python\Python310\lib\site-packages\httpcore\_async\connection_pool.py", line 256, in handle_async_request
    raise exc from None
  File "C:\Users\ЕРАСЫЛ\AppData\Local\Programs\Python\Python310\lib\site-packages\httpcore\_async\connection_pool.py", line 236, in handle_async_request
    response = await connection.handle_async_request(
  File "C:\Users\ЕРАСЫЛ\AppData\Local\Programs\Python\Python310\lib\site-packages\httpcore\_async\connection.py", line 101, in handle_async_request
    raise exc
  File "C:\Users\ЕРАСЫЛ\AppData\Local\Programs\Python\Python310\lib\site-packages\httpcore\_async\connection.py", line 78, in handle_async_request
    stream = await self._connect(request)
  File "C:\Users\ЕРАСЫЛ\AppData\Local\Programs\Python\Python310\lib\site-packages\httpcore\_async\connection.py", line 124, in _connect
    stream = await self._network_backend.connect_tcp(**kwargs)
  File "C:\Users\ЕРАСЫЛ\AppData\Local\Programs\Python\Python310\lib\site-packages\httpcore\_backends\auto.py", line 31, in connect_tcp
    return await self._backend.connect_tcp(
  File "C:\Users\ЕРАСЫЛ\AppData\Local\Programs\Python\Python310\lib\site-packages\httpcore\_backends\anyio.py", line 113, in connect_tcp
    with map_exceptions(exc_map):
  File "C:\Users\ЕРАСЫЛ\AppData\Local\Programs\Python\Python310\lib\contextlib.py", line 153, in __exit__
    self.gen.throw(typ, value, traceback)
  File "C:\Users\ЕРАСЫЛ\AppData\Local\Programs\Python\Python310\lib\site-packages\httpcore\_exceptions.py", line 14, in map_exceptions
    raise to_exc(exc) from exc
httpcore.ConnectError: [Errno 11001] getaddrinfo failed

The above exception was the direct cause of the following exception:

Traceback (most recent call last):
  File "C:\Users\ЕРАСЫЛ\AppData\Local\Programs\Python\Python310\lib\site-packages\telegram\request\_httpxrequest.py", line 268, in do_request
    res = await self._client.request(
  File "C:\Users\ЕРАСЫЛ\AppData\Local\Programs\Python\Python310\lib\site-packages\httpx\_client.py", line 1530, in request
    return await self.send(request, auth=auth, follow_redirects=follow_redirects)
  File "C:\Users\ЕРАСЫЛ\AppData\Local\Programs\Python\Python310\lib\site-packages\httpx\_client.py", line 1617, in send
    response = await self._send_handling_auth(
  File "C:\Users\ЕРАСЫЛ\AppData\Local\Programs\Python\Python310\lib\site-packages\httpx\_client.py", line 1645, in _send_handling_auth
    response = await self._send_handling_redirects(
  File "C:\Users\ЕРАСЫЛ\AppData\Local\Programs\Python\Python310\lib\site-packages\httpx\_client.py", line 1682, in _send_handling_redirects
    response = await self._send_single_request(request)
  File "C:\Users\ЕРАСЫЛ\AppData\Local\Programs\Python\Python310\lib\site-packages\httpx\_client.py", line 1719, in _send_single_request
    response = await transport.handle_async_request(request)
  File "C:\Users\ЕРАСЫЛ\AppData\Local\Programs\Python\Python310\lib\site-packages\httpx\_transports\default.py", line 365, in handle_async_request
    with map_httpcore_exceptions():
  File "C:\Users\ЕРАСЫЛ\AppData\Local\Programs\Python\Python310\lib\contextlib.py", line 153, in __exit__
    self.gen.throw(typ, value, traceback)
  File "C:\Users\ЕРАСЫЛ\AppData\Local\Programs\Python\Python310\lib\site-packages\httpx\_transports\default.py", line 83, in map_httpcore_exceptions
    raise mapped_exc(message) from exc
httpx.ConnectError: [Errno 11001] getaddrinfo failed

The above exception was the direct cause of the following exception:

Traceback (most recent call last):
  File "C:\Users\ЕРАСЫЛ\AppData\Local\Programs\Python\Python310\lib\site-packages\telegram\ext\_updater.py", line 688, in _network_loop_retry
    if not await action_cb():
  File "C:\Users\ЕРАСЫЛ\AppData\Local\Programs\Python\Python310\lib\site-packages\telegram\ext\_updater.py", line 384, in polling_action_cb
    raise exc
  File "C:\Users\ЕРАСЫЛ\AppData\Local\Programs\Python\Python310\lib\site-packages\telegram\ext\_updater.py", line 373, in polling_action_cb
    updates = await self.bot.get_updates(
  File "C:\Users\ЕРАСЫЛ\AppData\Local\Programs\Python\Python310\lib\site-packages\telegram\ext\_extbot.py", line 558, in get_updates
    updates = await super().get_updates(
  File "C:\Users\ЕРАСЫЛ\AppData\Local\Programs\Python\Python310\lib\site-packages\telegram\_bot.py", line 525, in decorator
    result = await func(self, *args, **kwargs)  # skipcq: PYL-E1102
  File "C:\Users\ЕРАСЫЛ\AppData\Local\Programs\Python\Python310\lib\site-packages\telegram\_bot.py", line 3584, in get_updates
    await self._post(
  File "C:\Users\ЕРАСЫЛ\AppData\Local\Programs\Python\Python310\lib\site-packages\telegram\_bot.py", line 613, in _post
    return await self._do_post(
  File "C:\Users\ЕРАСЫЛ\AppData\Local\Programs\Python\Python310\lib\site-packages\telegram\ext\_extbot.py", line 340, in _do_post
    return await super()._do_post(
  File "C:\Users\ЕРАСЫЛ\AppData\Local\Programs\Python\Python310\lib\site-packages\telegram\_bot.py", line 641, in _do_post
    return await request.post(
  File "C:\Users\ЕРАСЫЛ\AppData\Local\Programs\Python\Python310\lib\site-packages\telegram\request\_baserequest.py", line 200, in post
    result = await self._request_wrapper(
  File "C:\Users\ЕРАСЫЛ\AppData\Local\Programs\Python\Python310\lib\site-packages\telegram\request\_baserequest.py", line 340, in _request_wrapper
    raise exc
  File "C:\Users\ЕРАСЫЛ\AppData\Local\Programs\Python\Python310\lib\site-packages\telegram\request\_baserequest.py", line 330, in _request_wrapper
    code, payload = await self.do_request(
  File "C:\Users\ЕРАСЫЛ\AppData\Local\Programs\Python\Python310\lib\site-packages\telegram\request\_httpxrequest.py", line 292, in do_request
    raise NetworkError(f"httpx.{err.__class__.__name__}: {err}") from err
telegram.error.NetworkError: httpx.ConnectError: [Errno 11001] getaddrinfo failed
2026-04-29 14:44:14,483 [ERROR] telegram.ext.Updater: Error while getting Updates: httpx.ConnectError: [Errno 11001] getaddrinfo failed
2026-04-29 14:44:14,499 [ERROR] telegram.ext.Application: No error handlers are registered, logging exception.
Traceback (most recent call last):
  File "C:\Users\ЕРАСЫЛ\AppData\Local\Programs\Python\Python310\lib\site-packages\httpx\_transports\default.py", line 66, in map_httpcore_exceptions
    yield
  File "C:\Users\ЕРАСЫЛ\AppData\Local\Programs\Python\Python310\lib\site-packages\httpx\_transports\default.py", line 366, in handle_async_request
    resp = await self._pool.handle_async_request(req)
  File "C:\Users\ЕРАСЫЛ\AppData\Local\Programs\Python\Python310\lib\site-packages\httpcore\_async\connection_pool.py", line 256, in handle_async_request
    raise exc from None
  File "C:\Users\ЕРАСЫЛ\AppData\Local\Programs\Python\Python310\lib\site-packages\httpcore\_async\connection_pool.py", line 236, in handle_async_request
    response = await connection.handle_async_request(
  File "C:\Users\ЕРАСЫЛ\AppData\Local\Programs\Python\Python310\lib\site-packages\httpcore\_async\connection.py", line 101, in handle_async_request
    raise exc
  File "C:\Users\ЕРАСЫЛ\AppData\Local\Programs\Python\Python310\lib\site-packages\httpcore\_async\connection.py", line 78, in handle_async_request
    stream = await self._connect(request)
  File "C:\Users\ЕРАСЫЛ\AppData\Local\Programs\Python\Python310\lib\site-packages\httpcore\_async\connection.py", line 124, in _connect
    stream = await self._network_backend.connect_tcp(**kwargs)
  File "C:\Users\ЕРАСЫЛ\AppData\Local\Programs\Python\Python310\lib\site-packages\httpcore\_backends\auto.py", line 31, in connect_tcp
    return await self._backend.connect_tcp(
  File "C:\Users\ЕРАСЫЛ\AppData\Local\Programs\Python\Python310\lib\site-packages\httpcore\_backends\anyio.py", line 113, in connect_tcp
    with map_exceptions(exc_map):
  File "C:\Users\ЕРАСЫЛ\AppData\Local\Programs\Python\Python310\lib\contextlib.py", line 153, in __exit__
    self.gen.throw(typ, value, traceback)
  File "C:\Users\ЕРАСЫЛ\AppData\Local\Programs\Python\Python310\lib\site-packages\httpcore\_exceptions.py", line 14, in map_exceptions
    raise to_exc(exc) from exc
httpcore.ConnectError: [Errno 11001] getaddrinfo failed

The above exception was the direct cause of the following exception:

Traceback (most recent call last):
  File "C:\Users\ЕРАСЫЛ\AppData\Local\Programs\Python\Python310\lib\site-packages\telegram\request\_httpxrequest.py", line 268, in do_request
    res = await self._client.request(
  File "C:\Users\ЕРАСЫЛ\AppData\Local\Programs\Python\Python310\lib\site-packages\httpx\_client.py", line 1530, in request
    return await self.send(request, auth=auth, follow_redirects=follow_redirects)
  File "C:\Users\ЕРАСЫЛ\AppData\Local\Programs\Python\Python310\lib\site-packages\httpx\_client.py", line 1617, in send
    response = await self._send_handling_auth(
  File "C:\Users\ЕРАСЫЛ\AppData\Local\Programs\Python\Python310\lib\site-packages\httpx\_client.py", line 1645, in _send_handling_auth
    response = await self._send_handling_redirects(
  File "C:\Users\ЕРАСЫЛ\AppData\Local\Programs\Python\Python310\lib\site-packages\httpx\_client.py", line 1682, in _send_handling_redirects
    response = await self._send_single_request(request)
  File "C:\Users\ЕРАСЫЛ\AppData\Local\Programs\Python\Python310\lib\site-packages\httpx\_client.py", line 1719, in _send_single_request
    response = await transport.handle_async_request(request)
  File "C:\Users\ЕРАСЫЛ\AppData\Local\Programs\Python\Python310\lib\site-packages\httpx\_transports\default.py", line 365, in handle_async_request
    with map_httpcore_exceptions():
  File "C:\Users\ЕРАСЫЛ\AppData\Local\Programs\Python\Python310\lib\contextlib.py", line 153, in __exit__
    self.gen.throw(typ, value, traceback)
  File "C:\Users\ЕРАСЫЛ\AppData\Local\Programs\Python\Python310\lib\site-packages\httpx\_transports\default.py", line 83, in map_httpcore_exceptions
    raise mapped_exc(message) from exc
httpx.ConnectError: [Errno 11001] getaddrinfo failed

The above exception was the direct cause of the following exception:

Traceback (most recent call last):
  File "C:\Users\ЕРАСЫЛ\AppData\Local\Programs\Python\Python310\lib\site-packages\telegram\ext\_updater.py", line 688, in _network_loop_retry
    if not await action_cb():
  File "C:\Users\ЕРАСЫЛ\AppData\Local\Programs\Python\Python310\lib\site-packages\telegram\ext\_updater.py", line 384, in polling_action_cb
    raise exc
  File "C:\Users\ЕРАСЫЛ\AppData\Local\Programs\Python\Python310\lib\site-packages\telegram\ext\_updater.py", line 373, in polling_action_cb
    updates = await self.bot.get_updates(
  File "C:\Users\ЕРАСЫЛ\AppData\Local\Programs\Python\Python310\lib\site-packages\telegram\ext\_extbot.py", line 558, in get_updates
    updates = await super().get_updates(
  File "C:\Users\ЕРАСЫЛ\AppData\Local\Programs\Python\Python310\lib\site-packages\telegram\_bot.py", line 525, in decorator
    result = await func(self, *args, **kwargs)  # skipcq: PYL-E1102
  File "C:\Users\ЕРАСЫЛ\AppData\Local\Programs\Python\Python310\lib\site-packages\telegram\_bot.py", line 3584, in get_updates
    await self._post(
  File "C:\Users\ЕРАСЫЛ\AppData\Local\Programs\Python\Python310\lib\site-packages\telegram\_bot.py", line 613, in _post
    return await self._do_post(
  File "C:\Users\ЕРАСЫЛ\AppData\Local\Programs\Python\Python310\lib\site-packages\telegram\ext\_extbot.py", line 340, in _do_post
    return await super()._do_post(
  File "C:\Users\ЕРАСЫЛ\AppData\Local\Programs\Python\Python310\lib\site-packages\telegram\_bot.py", line 641, in _do_post
    return await request.post(
  File "C:\Users\ЕРАСЫЛ\AppData\Local\Programs\Python\Python310\lib\site-packages\telegram\request\_baserequest.py", line 200, in post
    result = await self._request_wrapper(
  File "C:\Users\ЕРАСЫЛ\AppData\Local\Programs\Python\Python310\lib\site-packages\telegram\request\_baserequest.py", line 340, in _request_wrapper
    raise exc
  File "C:\Users\ЕРАСЫЛ\AppData\Local\Programs\Python\Python310\lib\site-packages\telegram\request\_baserequest.py", line 330, in _request_wrapper
    code, payload = await self.do_request(
  File "C:\Users\ЕРАСЫЛ\AppData\Local\Programs\Python\Python310\lib\site-packages\telegram\request\_httpxrequest.py", line 292, in do_request
    raise NetworkError(f"httpx.{err.__class__.__name__}: {err}") from err
telegram.error.NetworkError: httpx.ConnectError: [Errno 11001] getaddrinfo failed
2026-04-29 14:58:07,163 [ERROR] telegram.ext.Updater: Error while getting Updates: httpx.ConnectError: [Errno 11001] getaddrinfo failed
2026-04-29 14:58:07,261 [ERROR] telegram.ext.Application: No error handlers are registered, logging exception.
Traceback (most recent call last):
  File "C:\Users\ЕРАСЫЛ\AppData\Local\Programs\Python\Python310\lib\site-packages\httpx\_transports\default.py", line 66, in map_httpcore_exceptions
    yield
  File "C:\Users\ЕРАСЫЛ\AppData\Local\Programs\Python\Python310\lib\site-packages\httpx\_transports\default.py", line 366, in handle_async_request
    resp = await self._pool.handle_async_request(req)
  File "C:\Users\ЕРАСЫЛ\AppData\Local\Programs\Python\Python310\lib\site-packages\httpcore\_async\connection_pool.py", line 256, in handle_async_request
    raise exc from None
  File "C:\Users\ЕРАСЫЛ\AppData\Local\Programs\Python\Python310\lib\site-packages\httpcore\_async\connection_pool.py", line 236, in handle_async_request
    response = await connection.handle_async_request(
  File "C:\Users\ЕРАСЫЛ\AppData\Local\Programs\Python\Python310\lib\site-packages\httpcore\_async\connection.py", line 101, in handle_async_request
    raise exc
  File "C:\Users\ЕРАСЫЛ\AppData\Local\Programs\Python\Python310\lib\site-packages\httpcore\_async\connection.py", line 78, in handle_async_request
    stream = await self._connect(request)
  File "C:\Users\ЕРАСЫЛ\AppData\Local\Programs\Python\Python310\lib\site-packages\httpcore\_async\connection.py", line 124, in _connect
    stream = await self._network_backend.connect_tcp(**kwargs)
  File "C:\Users\ЕРАСЫЛ\AppData\Local\Programs\Python\Python310\lib\site-packages\httpcore\_backends\auto.py", line 31, in connect_tcp
    return await self._backend.connect_tcp(
  File "C:\Users\ЕРАСЫЛ\AppData\Local\Programs\Python\Python310\lib\site-packages\httpcore\_backends\anyio.py", line 113, in connect_tcp
    with map_exceptions(exc_map):
  File "C:\Users\ЕРАСЫЛ\AppData\Local\Programs\Python\Python310\lib\contextlib.py", line 153, in __exit__
    self.gen.throw(typ, value, traceback)
  File "C:\Users\ЕРАСЫЛ\AppData\Local\Programs\Python\Python310\lib\site-packages\httpcore\_exceptions.py", line 14, in map_exceptions
    raise to_exc(exc) from exc
httpcore.ConnectError: [Errno 11001] getaddrinfo failed

The above exception was the direct cause of the following exception:

Traceback (most recent call last):
  File "C:\Users\ЕРАСЫЛ\AppData\Local\Programs\Python\Python310\lib\site-packages\telegram\request\_httpxrequest.py", line 268, in do_request
    res = await self._client.request(
  File "C:\Users\ЕРАСЫЛ\AppData\Local\Programs\Python\Python310\lib\site-packages\httpx\_client.py", line 1530, in request
    return await self.send(request, auth=auth, follow_redirects=follow_redirects)
  File "C:\Users\ЕРАСЫЛ\AppData\Local\Programs\Python\Python310\lib\site-packages\httpx\_client.py", line 1617, in send
    response = await self._send_handling_auth(
  File "C:\Users\ЕРАСЫЛ\AppData\Local\Programs\Python\Python310\lib\site-packages\httpx\_client.py", line 1645, in _send_handling_auth
    response = await self._send_handling_redirects(
  File "C:\Users\ЕРАСЫЛ\AppData\Local\Programs\Python\Python310\lib\site-packages\httpx\_client.py", line 1682, in _send_handling_redirects
    response = await self._send_single_request(request)
  File "C:\Users\ЕРАСЫЛ\AppData\Local\Programs\Python\Python310\lib\site-packages\httpx\_client.py", line 1719, in _send_single_request
    response = await transport.handle_async_request(request)
  File "C:\Users\ЕРАСЫЛ\AppData\Local\Programs\Python\Python310\lib\site-packages\httpx\_transports\default.py", line 365, in handle_async_request
    with map_httpcore_exceptions():
  File "C:\Users\ЕРАСЫЛ\AppData\Local\Programs\Python\Python310\lib\contextlib.py", line 153, in __exit__
    self.gen.throw(typ, value, traceback)
  File "C:\Users\ЕРАСЫЛ\AppData\Local\Programs\Python\Python310\lib\site-packages\httpx\_transports\default.py", line 83, in map_httpcore_exceptions
    raise mapped_exc(message) from exc
httpx.ConnectError: [Errno 11001] getaddrinfo failed

The above exception was the direct cause of the following exception:

Traceback (most recent call last):
  File "C:\Users\ЕРАСЫЛ\AppData\Local\Programs\Python\Python310\lib\site-packages\telegram\ext\_updater.py", line 688, in _network_loop_retry
    if not await action_cb():
  File "C:\Users\ЕРАСЫЛ\AppData\Local\Programs\Python\Python310\lib\site-packages\telegram\ext\_updater.py", line 384, in polling_action_cb
    raise exc
  File "C:\Users\ЕРАСЫЛ\AppData\Local\Programs\Python\Python310\lib\site-packages\telegram\ext\_updater.py", line 373, in polling_action_cb
    updates = await self.bot.get_updates(
  File "C:\Users\ЕРАСЫЛ\AppData\Local\Programs\Python\Python310\lib\site-packages\telegram\ext\_extbot.py", line 558, in get_updates
    updates = await super().get_updates(
  File "C:\Users\ЕРАСЫЛ\AppData\Local\Programs\Python\Python310\lib\site-packages\telegram\_bot.py", line 525, in decorator
    result = await func(self, *args, **kwargs)  # skipcq: PYL-E1102
  File "C:\Users\ЕРАСЫЛ\AppData\Local\Programs\Python\Python310\lib\site-packages\telegram\_bot.py", line 3584, in get_updates
    await self._post(
  File "C:\Users\ЕРАСЫЛ\AppData\Local\Programs\Python\Python310\lib\site-packages\telegram\_bot.py", line 613, in _post
    return await self._do_post(
  File "C:\Users\ЕРАСЫЛ\AppData\Local\Programs\Python\Python310\lib\site-packages\telegram\ext\_extbot.py", line 340, in _do_post
    return await super()._do_post(
  File "C:\Users\ЕРАСЫЛ\AppData\Local\Programs\Python\Python310\lib\site-packages\telegram\_bot.py", line 641, in _do_post
    return await request.post(
  File "C:\Users\ЕРАСЫЛ\AppData\Local\Programs\Python\Python310\lib\site-packages\telegram\request\_baserequest.py", line 200, in post
    result = await self._request_wrapper(
  File "C:\Users\ЕРАСЫЛ\AppData\Local\Programs\Python\Python310\lib\site-packages\telegram\request\_baserequest.py", line 340, in _request_wrapper
    raise exc
  File "C:\Users\ЕРАСЫЛ\AppData\Local\Programs\Python\Python310\lib\site-packages\telegram\request\_baserequest.py", line 330, in _request_wrapper
    code, payload = await self.do_request(
  File "C:\Users\ЕРАСЫЛ\AppData\Local\Programs\Python\Python310\lib\site-packages\telegram\request\_httpxrequest.py", line 292, in do_request
    raise NetworkError(f"httpx.{err.__class__.__name__}: {err}") from err
telegram.error.NetworkError: httpx.ConnectError: [Errno 11001] getaddrinfo failed
2026-04-29 14:58:08,328 [ERROR] telegram.ext.Updater: Error while getting Updates: httpx.ConnectError: [Errno 11001] getaddrinfo failed
2026-04-29 14:58:08,393 [ERROR] telegram.ext.Application: No error handlers are registered, logging exception.
Traceback (most recent call last):
  File "C:\Users\ЕРАСЫЛ\AppData\Local\Programs\Python\Python310\lib\site-packages\httpx\_transports\default.py", line 66, in map_httpcore_exceptions
    yield
  File "C:\Users\ЕРАСЫЛ\AppData\Local\Programs\Python\Python310\lib\site-packages\httpx\_transports\default.py", line 366, in handle_async_request
    resp = await self._pool.handle_async_request(req)
  File "C:\Users\ЕРАСЫЛ\AppData\Local\Programs\Python\Python310\lib\site-packages\httpcore\_async\connection_pool.py", line 256, in handle_async_request
    raise exc from None
  File "C:\Users\ЕРАСЫЛ\AppData\Local\Programs\Python\Python310\lib\site-packages\httpcore\_async\connection_pool.py", line 236, in handle_async_request
    response = await connection.handle_async_request(
  File "C:\Users\ЕРАСЫЛ\AppData\Local\Programs\Python\Python310\lib\site-packages\httpcore\_async\connection.py", line 101, in handle_async_request
    raise exc
  File "C:\Users\ЕРАСЫЛ\AppData\Local\Programs\Python\Python310\lib\site-packages\httpcore\_async\connection.py", line 78, in handle_async_request
    stream = await self._connect(request)
  File "C:\Users\ЕРАСЫЛ\AppData\Local\Programs\Python\Python310\lib\site-packages\httpcore\_async\connection.py", line 124, in _connect
    stream = await self._network_backend.connect_tcp(**kwargs)
  File "C:\Users\ЕРАСЫЛ\AppData\Local\Programs\Python\Python310\lib\site-packages\httpcore\_backends\auto.py", line 31, in connect_tcp
    return await self._backend.connect_tcp(
  File "C:\Users\ЕРАСЫЛ\AppData\Local\Programs\Python\Python310\lib\site-packages\httpcore\_backends\anyio.py", line 113, in connect_tcp
    with map_exceptions(exc_map):
  File "C:\Users\ЕРАСЫЛ\AppData\Local\Programs\Python\Python310\lib\contextlib.py", line 153, in __exit__
    self.gen.throw(typ, value, traceback)
  File "C:\Users\ЕРАСЫЛ\AppData\Local\Programs\Python\Python310\lib\site-packages\httpcore\_exceptions.py", line 14, in map_exceptions
    raise to_exc(exc) from exc
httpcore.ConnectError: [Errno 11001] getaddrinfo failed

The above exception was the direct cause of the following exception:

Traceback (most recent call last):
  File "C:\Users\ЕРАСЫЛ\AppData\Local\Programs\Python\Python310\lib\site-packages\telegram\request\_httpxrequest.py", line 268, in do_request
    res = await self._client.request(
  File "C:\Users\ЕРАСЫЛ\AppData\Local\Programs\Python\Python310\lib\site-packages\httpx\_client.py", line 1530, in request
    return await self.send(request, auth=auth, follow_redirects=follow_redirects)
  File "C:\Users\ЕРАСЫЛ\AppData\Local\Programs\Python\Python310\lib\site-packages\httpx\_client.py", line 1617, in send
    response = await self._send_handling_auth(
  File "C:\Users\ЕРАСЫЛ\AppData\Local\Programs\Python\Python310\lib\site-packages\httpx\_client.py", line 1645, in _send_handling_auth
    response = await self._send_handling_redirects(
  File "C:\Users\ЕРАСЫЛ\AppData\Local\Programs\Python\Python310\lib\site-packages\httpx\_client.py", line 1682, in _send_handling_redirects
    response = await self._send_single_request(request)
  File "C:\Users\ЕРАСЫЛ\AppData\Local\Programs\Python\Python310\lib\site-packages\httpx\_client.py", line 1719, in _send_single_request
    response = await transport.handle_async_request(request)
  File "C:\Users\ЕРАСЫЛ\AppData\Local\Programs\Python\Python310\lib\site-packages\httpx\_transports\default.py", line 365, in handle_async_request
    with map_httpcore_exceptions():
  File "C:\Users\ЕРАСЫЛ\AppData\Local\Programs\Python\Python310\lib\contextlib.py", line 153, in __exit__
    self.gen.throw(typ, value, traceback)
  File "C:\Users\ЕРАСЫЛ\AppData\Local\Programs\Python\Python310\lib\site-packages\httpx\_transports\default.py", line 83, in map_httpcore_exceptions
    raise mapped_exc(message) from exc
httpx.ConnectError: [Errno 11001] getaddrinfo failed

The above exception was the direct cause of the following exception:

Traceback (most recent call last):
  File "C:\Users\ЕРАСЫЛ\AppData\Local\Programs\Python\Python310\lib\site-packages\telegram\ext\_updater.py", line 688, in _network_loop_retry
    if not await action_cb():
  File "C:\Users\ЕРАСЫЛ\AppData\Local\Programs\Python\Python310\lib\site-packages\telegram\ext\_updater.py", line 384, in polling_action_cb
    raise exc
  File "C:\Users\ЕРАСЫЛ\AppData\Local\Programs\Python\Python310\lib\site-packages\telegram\ext\_updater.py", line 373, in polling_action_cb
    updates = await self.bot.get_updates(
  File "C:\Users\ЕРАСЫЛ\AppData\Local\Programs\Python\Python310\lib\site-packages\telegram\ext\_extbot.py", line 558, in get_updates
    updates = await super().get_updates(
  File "C:\Users\ЕРАСЫЛ\AppData\Local\Programs\Python\Python310\lib\site-packages\telegram\_bot.py", line 525, in decorator
    result = await func(self, *args, **kwargs)  # skipcq: PYL-E1102
  File "C:\Users\ЕРАСЫЛ\AppData\Local\Programs\Python\Python310\lib\site-packages\telegram\_bot.py", line 3584, in get_updates
    await self._post(
  File "C:\Users\ЕРАСЫЛ\AppData\Local\Programs\Python\Python310\lib\site-packages\telegram\_bot.py", line 613, in _post
    return await self._do_post(
  File "C:\Users\ЕРАСЫЛ\AppData\Local\Programs\Python\Python310\lib\site-packages\telegram\ext\_extbot.py", line 340, in _do_post
    return await super()._do_post(
  File "C:\Users\ЕРАСЫЛ\AppData\Local\Programs\Python\Python310\lib\site-packages\telegram\_bot.py", line 641, in _do_post
    return await request.post(
  File "C:\Users\ЕРАСЫЛ\AppData\Local\Programs\Python\Python310\lib\site-packages\telegram\request\_baserequest.py", line 200, in post
    result = await self._request_wrapper(
  File "C:\Users\ЕРАСЫЛ\AppData\Local\Programs\Python\Python310\lib\site-packages\telegram\request\_baserequest.py", line 340, in _request_wrapper
    raise exc
  File "C:\Users\ЕРАСЫЛ\AppData\Local\Programs\Python\Python310\lib\site-packages\telegram\request\_baserequest.py", line 330, in _request_wrapper
    code, payload = await self.do_request(
  File "C:\Users\ЕРАСЫЛ\AppData\Local\Programs\Python\Python310\lib\site-packages\telegram\request\_httpxrequest.py", line 292, in do_request
    raise NetworkError(f"httpx.{err.__class__.__name__}: {err}") from err
telegram.error.NetworkError: httpx.ConnectError: [Errno 11001] getaddrinfo failed
2026-04-29 14:58:09,935 [ERROR] telegram.ext.Updater: Error while getting Updates: httpx.ConnectError: [Errno 11001] getaddrinfo failed
2026-04-29 14:58:09,945 [ERROR] telegram.ext.Application: No error handlers are registered, logging exception.
Traceback (most recent call last):
  File "C:\Users\ЕРАСЫЛ\AppData\Local\Programs\Python\Python310\lib\site-packages\httpx\_transports\default.py", line 66, in map_httpcore_exceptions
    yield
  File "C:\Users\ЕРАСЫЛ\AppData\Local\Programs\Python\Python310\lib\site-packages\httpx\_transports\default.py", line 366, in handle_async_request
    resp = await self._pool.handle_async_request(req)
  File "C:\Users\ЕРАСЫЛ\AppData\Local\Programs\Python\Python310\lib\site-packages\httpcore\_async\connection_pool.py", line 256, in handle_async_request
    raise exc from None
  File "C:\Users\ЕРАСЫЛ\AppData\Local\Programs\Python\Python310\lib\site-packages\httpcore\_async\connection_pool.py", line 236, in handle_async_request
    response = await connection.handle_async_request(
  File "C:\Users\ЕРАСЫЛ\AppData\Local\Programs\Python\Python310\lib\site-packages\httpcore\_async\connection.py", line 101, in handle_async_request
    raise exc
  File "C:\Users\ЕРАСЫЛ\AppData\Local\Programs\Python\Python310\lib\site-packages\httpcore\_async\connection.py", line 78, in handle_async_request
    stream = await self._connect(request)
  File "C:\Users\ЕРАСЫЛ\AppData\Local\Programs\Python\Python310\lib\site-packages\httpcore\_async\connection.py", line 124, in _connect
    stream = await self._network_backend.connect_tcp(**kwargs)
  File "C:\Users\ЕРАСЫЛ\AppData\Local\Programs\Python\Python310\lib\site-packages\httpcore\_backends\auto.py", line 31, in connect_tcp
    return await self._backend.connect_tcp(
  File "C:\Users\ЕРАСЫЛ\AppData\Local\Programs\Python\Python310\lib\site-packages\httpcore\_backends\anyio.py", line 113, in connect_tcp
    with map_exceptions(exc_map):
  File "C:\Users\ЕРАСЫЛ\AppData\Local\Programs\Python\Python310\lib\contextlib.py", line 153, in __exit__
    self.gen.throw(typ, value, traceback)
  File "C:\Users\ЕРАСЫЛ\AppData\Local\Programs\Python\Python310\lib\site-packages\httpcore\_exceptions.py", line 14, in map_exceptions
    raise to_exc(exc) from exc
httpcore.ConnectError: [Errno 11001] getaddrinfo failed

The above exception was the direct cause of the following exception:

Traceback (most recent call last):
  File "C:\Users\ЕРАСЫЛ\AppData\Local\Programs\Python\Python310\lib\site-packages\telegram\request\_httpxrequest.py", line 268, in do_request
    res = await self._client.request(
  File "C:\Users\ЕРАСЫЛ\AppData\Local\Programs\Python\Python310\lib\site-packages\httpx\_client.py", line 1530, in request
    return await self.send(request, auth=auth, follow_redirects=follow_redirects)
  File "C:\Users\ЕРАСЫЛ\AppData\Local\Programs\Python\Python310\lib\site-packages\httpx\_client.py", line 1617, in send
    response = await self._send_handling_auth(
  File "C:\Users\ЕРАСЫЛ\AppData\Local\Programs\Python\Python310\lib\site-packages\httpx\_client.py", line 1645, in _send_handling_auth
    response = await self._send_handling_redirects(
  File "C:\Users\ЕРАСЫЛ\AppData\Local\Programs\Python\Python310\lib\site-packages\httpx\_client.py", line 1682, in _send_handling_redirects
    response = await self._send_single_request(request)
  File "C:\Users\ЕРАСЫЛ\AppData\Local\Programs\Python\Python310\lib\site-packages\httpx\_client.py", line 1719, in _send_single_request
    response = await transport.handle_async_request(request)
  File "C:\Users\ЕРАСЫЛ\AppData\Local\Programs\Python\Python310\lib\site-packages\httpx\_transports\default.py", line 365, in handle_async_request
    with map_httpcore_exceptions():
  File "C:\Users\ЕРАСЫЛ\AppData\Local\Programs\Python\Python310\lib\contextlib.py", line 153, in __exit__
    self.gen.throw(typ, value, traceback)
  File "C:\Users\ЕРАСЫЛ\AppData\Local\Programs\Python\Python310\lib\site-packages\httpx\_transports\default.py", line 83, in map_httpcore_exceptions
    raise mapped_exc(message) from exc
httpx.ConnectError: [Errno 11001] getaddrinfo failed

The above exception was the direct cause of the following exception:

Traceback (most recent call last):
  File "C:\Users\ЕРАСЫЛ\AppData\Local\Programs\Python\Python310\lib\site-packages\telegram\ext\_updater.py", line 688, in _network_loop_retry
    if not await action_cb():
  File "C:\Users\ЕРАСЫЛ\AppData\Local\Programs\Python\Python310\lib\site-packages\telegram\ext\_updater.py", line 384, in polling_action_cb
    raise exc
  File "C:\Users\ЕРАСЫЛ\AppData\Local\Programs\Python\Python310\lib\site-packages\telegram\ext\_updater.py", line 373, in polling_action_cb
    updates = await self.bot.get_updates(
  File "C:\Users\ЕРАСЫЛ\AppData\Local\Programs\Python\Python310\lib\site-packages\telegram\ext\_extbot.py", line 558, in get_updates
    updates = await super().get_updates(
  File "C:\Users\ЕРАСЫЛ\AppData\Local\Programs\Python\Python310\lib\site-packages\telegram\_bot.py", line 525, in decorator
    result = await func(self, *args, **kwargs)  # skipcq: PYL-E1102
  File "C:\Users\ЕРАСЫЛ\AppData\Local\Programs\Python\Python310\lib\site-packages\telegram\_bot.py", line 3584, in get_updates
    await self._post(
  File "C:\Users\ЕРАСЫЛ\AppData\Local\Programs\Python\Python310\lib\site-packages\telegram\_bot.py", line 613, in _post
    return await self._do_post(
  File "C:\Users\ЕРАСЫЛ\AppData\Local\Programs\Python\Python310\lib\site-packages\telegram\ext\_extbot.py", line 340, in _do_post
    return await super()._do_post(
  File "C:\Users\ЕРАСЫЛ\AppData\Local\Programs\Python\Python310\lib\site-packages\telegram\_bot.py", line 641, in _do_post
    return await request.post(
  File "C:\Users\ЕРАСЫЛ\AppData\Local\Programs\Python\Python310\lib\site-packages\telegram\request\_baserequest.py", line 200, in post
    result = await self._request_wrapper(
  File "C:\Users\ЕРАСЫЛ\AppData\Local\Programs\Python\Python310\lib\site-packages\telegram\request\_baserequest.py", line 340, in _request_wrapper
    raise exc
  File "C:\Users\ЕРАСЫЛ\AppData\Local\Programs\Python\Python310\lib\site-packages\telegram\request\_baserequest.py", line 330, in _request_wrapper
    code, payload = await self.do_request(
  File "C:\Users\ЕРАСЫЛ\AppData\Local\Programs\Python\Python310\lib\site-packages\telegram\request\_httpxrequest.py", line 292, in do_request
    raise NetworkError(f"httpx.{err.__class__.__name__}: {err}") from err
telegram.error.NetworkError: httpx.ConnectError: [Errno 11001] getaddrinfo failed
2026-04-29 20:48:36,518 [ERROR] telegram.ext.Updater: Error while getting Updates: httpx.ConnectError: [Errno 11001] getaddrinfo failed
2026-04-29 20:48:36,529 [ERROR] telegram.ext.Application: No error handlers are registered, logging exception.
Traceback (most recent call last):
  File "C:\Users\ЕРАСЫЛ\AppData\Local\Programs\Python\Python310\lib\site-packages\httpx\_transports\default.py", line 66, in map_httpcore_exceptions
    yield
  File "C:\Users\ЕРАСЫЛ\AppData\Local\Programs\Python\Python310\lib\site-packages\httpx\_transports\default.py", line 366, in handle_async_request
    resp = await self._pool.handle_async_request(req)
  File "C:\Users\ЕРАСЫЛ\AppData\Local\Programs\Python\Python310\lib\site-packages\httpcore\_async\connection_pool.py", line 256, in handle_async_request
    raise exc from None
  File "C:\Users\ЕРАСЫЛ\AppData\Local\Programs\Python\Python310\lib\site-packages\httpcore\_async\connection_pool.py", line 236, in handle_async_request
    response = await connection.handle_async_request(
  File "C:\Users\ЕРАСЫЛ\AppData\Local\Programs\Python\Python310\lib\site-packages\httpcore\_async\connection.py", line 101, in handle_async_request
    raise exc
  File "C:\Users\ЕРАСЫЛ\AppData\Local\Programs\Python\Python310\lib\site-packages\httpcore\_async\connection.py", line 78, in handle_async_request
    stream = await self._connect(request)
  File "C:\Users\ЕРАСЫЛ\AppData\Local\Programs\Python\Python310\lib\site-packages\httpcore\_async\connection.py", line 124, in _connect
    stream = await self._network_backend.connect_tcp(**kwargs)
  File "C:\Users\ЕРАСЫЛ\AppData\Local\Programs\Python\Python310\lib\site-packages\httpcore\_backends\auto.py", line 31, in connect_tcp
    return await self._backend.connect_tcp(
  File "C:\Users\ЕРАСЫЛ\AppData\Local\Programs\Python\Python310\lib\site-packages\httpcore\_backends\anyio.py", line 113, in connect_tcp
    with map_exceptions(exc_map):
  File "C:\Users\ЕРАСЫЛ\AppData\Local\Programs\Python\Python310\lib\contextlib.py", line 153, in __exit__
    self.gen.throw(typ, value, traceback)
  File "C:\Users\ЕРАСЫЛ\AppData\Local\Programs\Python\Python310\lib\site-packages\httpcore\_exceptions.py", line 14, in map_exceptions
    raise to_exc(exc) from exc
httpcore.ConnectError: [Errno 11001] getaddrinfo failed

The above exception was the direct cause of the following exception:

Traceback (most recent call last):
  File "C:\Users\ЕРАСЫЛ\AppData\Local\Programs\Python\Python310\lib\site-packages\telegram\request\_httpxrequest.py", line 268, in do_request
    res = await self._client.request(
  File "C:\Users\ЕРАСЫЛ\AppData\Local\Programs\Python\Python310\lib\site-packages\httpx\_client.py", line 1530, in request
    return await self.send(request, auth=auth, follow_redirects=follow_redirects)
  File "C:\Users\ЕРАСЫЛ\AppData\Local\Programs\Python\Python310\lib\site-packages\httpx\_client.py", line 1617, in send
    response = await self._send_handling_auth(
  File "C:\Users\ЕРАСЫЛ\AppData\Local\Programs\Python\Python310\lib\site-packages\httpx\_client.py", line 1645, in _send_handling_auth
    response = await self._send_handling_redirects(
  File "C:\Users\ЕРАСЫЛ\AppData\Local\Programs\Python\Python310\lib\site-packages\httpx\_client.py", line 1682, in _send_handling_redirects
    response = await self._send_single_request(request)
  File "C:\Users\ЕРАСЫЛ\AppData\Local\Programs\Python\Python310\lib\site-packages\httpx\_client.py", line 1719, in _send_single_request
    response = await transport.handle_async_request(request)
  File "C:\Users\ЕРАСЫЛ\AppData\Local\Programs\Python\Python310\lib\site-packages\httpx\_transports\default.py", line 365, in handle_async_request
    with map_httpcore_exceptions():
  File "C:\Users\ЕРАСЫЛ\AppData\Local\Programs\Python\Python310\lib\contextlib.py", line 153, in __exit__
    self.gen.throw(typ, value, traceback)
  File "C:\Users\ЕРАСЫЛ\AppData\Local\Programs\Python\Python310\lib\site-packages\httpx\_transports\default.py", line 83, in map_httpcore_exceptions
    raise mapped_exc(message) from exc
httpx.ConnectError: [Errno 11001] getaddrinfo failed

The above exception was the direct cause of the following exception:

Traceback (most recent call last):
  File "C:\Users\ЕРАСЫЛ\AppData\Local\Programs\Python\Python310\lib\site-packages\telegram\ext\_updater.py", line 688, in _network_loop_retry
    if not await action_cb():
  File "C:\Users\ЕРАСЫЛ\AppData\Local\Programs\Python\Python310\lib\site-packages\telegram\ext\_updater.py", line 384, in polling_action_cb
    raise exc
  File "C:\Users\ЕРАСЫЛ\AppData\Local\Programs\Python\Python310\lib\site-packages\telegram\ext\_updater.py", line 373, in polling_action_cb
    updates = await self.bot.get_updates(
  File "C:\Users\ЕРАСЫЛ\AppData\Local\Programs\Python\Python310\lib\site-packages\telegram\ext\_extbot.py", line 558, in get_updates
    updates = await super().get_updates(
  File "C:\Users\ЕРАСЫЛ\AppData\Local\Programs\Python\Python310\lib\site-packages\telegram\_bot.py", line 525, in decorator
    result = await func(self, *args, **kwargs)  # skipcq: PYL-E1102
  File "C:\Users\ЕРАСЫЛ\AppData\Local\Programs\Python\Python310\lib\site-packages\telegram\_bot.py", line 3584, in get_updates
    await self._post(
  File "C:\Users\ЕРАСЫЛ\AppData\Local\Programs\Python\Python310\lib\site-packages\telegram\_bot.py", line 613, in _post
    return await self._do_post(
  File "C:\Users\ЕРАСЫЛ\AppData\Local\Programs\Python\Python310\lib\site-packages\telegram\ext\_extbot.py", line 340, in _do_post
    return await super()._do_post(
  File "C:\Users\ЕРАСЫЛ\AppData\Local\Programs\Python\Python310\lib\site-packages\telegram\_bot.py", line 641, in _do_post
    return await request.post(
  File "C:\Users\ЕРАСЫЛ\AppData\Local\Programs\Python\Python310\lib\site-packages\telegram\request\_baserequest.py", line 200, in post
    result = await self._request_wrapper(
  File "C:\Users\ЕРАСЫЛ\AppData\Local\Programs\Python\Python310\lib\site-packages\telegram\request\_baserequest.py", line 340, in _request_wrapper
    raise exc
  File "C:\Users\ЕРАСЫЛ\AppData\Local\Programs\Python\Python310\lib\site-packages\telegram\request\_baserequest.py", line 330, in _request_wrapper
    code, payload = await self.do_request(
  File "C:\Users\ЕРАСЫЛ\AppData\Local\Programs\Python\Python310\lib\site-packages\telegram\request\_httpxrequest.py", line 292, in do_request
    raise NetworkError(f"httpx.{err.__class__.__name__}: {err}") from err
telegram.error.NetworkError: httpx.ConnectError: [Errno 11001] getaddrinfo failed
2026-04-29 20:48:39,910 [ERROR] telegram.ext.Updater: Error while getting Updates: httpx.ConnectError: [Errno 11001] getaddrinfo failed
2026-04-29 20:48:39,917 [ERROR] telegram.ext.Application: No error handlers are registered, logging exception.
Traceback (most recent call last):
  File "C:\Users\ЕРАСЫЛ\AppData\Local\Programs\Python\Python310\lib\site-packages\httpx\_transports\default.py", line 66, in map_httpcore_exceptions
    yield
  File "C:\Users\ЕРАСЫЛ\AppData\Local\Programs\Python\Python310\lib\site-packages\httpx\_transports\default.py", line 366, in handle_async_request
    resp = await self._pool.handle_async_request(req)
  File "C:\Users\ЕРАСЫЛ\AppData\Local\Programs\Python\Python310\lib\site-packages\httpcore\_async\connection_pool.py", line 256, in handle_async_request
    raise exc from None
  File "C:\Users\ЕРАСЫЛ\AppData\Local\Programs\Python\Python310\lib\site-packages\httpcore\_async\connection_pool.py", line 236, in handle_async_request
    response = await connection.handle_async_request(
  File "C:\Users\ЕРАСЫЛ\AppData\Local\Programs\Python\Python310\lib\site-packages\httpcore\_async\connection.py", line 101, in handle_async_request
    raise exc
  File "C:\Users\ЕРАСЫЛ\AppData\Local\Programs\Python\Python310\lib\site-packages\httpcore\_async\connection.py", line 78, in handle_async_request
    stream = await self._connect(request)
  File "C:\Users\ЕРАСЫЛ\AppData\Local\Programs\Python\Python310\lib\site-packages\httpcore\_async\connection.py", line 124, in _connect
    stream = await self._network_backend.connect_tcp(**kwargs)
  File "C:\Users\ЕРАСЫЛ\AppData\Local\Programs\Python\Python310\lib\site-packages\httpcore\_backends\auto.py", line 31, in connect_tcp
    return await self._backend.connect_tcp(
  File "C:\Users\ЕРАСЫЛ\AppData\Local\Programs\Python\Python310\lib\site-packages\httpcore\_backends\anyio.py", line 113, in connect_tcp
    with map_exceptions(exc_map):
  File "C:\Users\ЕРАСЫЛ\AppData\Local\Programs\Python\Python310\lib\contextlib.py", line 153, in __exit__
    self.gen.throw(typ, value, traceback)
  File "C:\Users\ЕРАСЫЛ\AppData\Local\Programs\Python\Python310\lib\site-packages\httpcore\_exceptions.py", line 14, in map_exceptions
    raise to_exc(exc) from exc
httpcore.ConnectError: [Errno 11001] getaddrinfo failed

The above exception was the direct cause of the following exception:

Traceback (most recent call last):
  File "C:\Users\ЕРАСЫЛ\AppData\Local\Programs\Python\Python310\lib\site-packages\telegram\request\_httpxrequest.py", line 268, in do_request
    res = await self._client.request(
  File "C:\Users\ЕРАСЫЛ\AppData\Local\Programs\Python\Python310\lib\site-packages\httpx\_client.py", line 1530, in request
    return await self.send(request, auth=auth, follow_redirects=follow_redirects)
  File "C:\Users\ЕРАСЫЛ\AppData\Local\Programs\Python\Python310\lib\site-packages\httpx\_client.py", line 1617, in send
    response = await self._send_handling_auth(
  File "C:\Users\ЕРАСЫЛ\AppData\Local\Programs\Python\Python310\lib\site-packages\httpx\_client.py", line 1645, in _send_handling_auth
    response = await self._send_handling_redirects(
  File "C:\Users\ЕРАСЫЛ\AppData\Local\Programs\Python\Python310\lib\site-packages\httpx\_client.py", line 1682, in _send_handling_redirects
    response = await self._send_single_request(request)
  File "C:\Users\ЕРАСЫЛ\AppData\Local\Programs\Python\Python310\lib\site-packages\httpx\_client.py", line 1719, in _send_single_request
    response = await transport.handle_async_request(request)
  File "C:\Users\ЕРАСЫЛ\AppData\Local\Programs\Python\Python310\lib\site-packages\httpx\_transports\default.py", line 365, in handle_async_request
    with map_httpcore_exceptions():
  File "C:\Users\ЕРАСЫЛ\AppData\Local\Programs\Python\Python310\lib\contextlib.py", line 153, in __exit__
    self.gen.throw(typ, value, traceback)
  File "C:\Users\ЕРАСЫЛ\AppData\Local\Programs\Python\Python310\lib\site-packages\httpx\_transports\default.py", line 83, in map_httpcore_exceptions
    raise mapped_exc(message) from exc
httpx.ConnectError: [Errno 11001] getaddrinfo failed

The above exception was the direct cause of the following exception:

Traceback (most recent call last):
  File "C:\Users\ЕРАСЫЛ\AppData\Local\Programs\Python\Python310\lib\site-packages\telegram\ext\_updater.py", line 688, in _network_loop_retry
    if not await action_cb():
  File "C:\Users\ЕРАСЫЛ\AppData\Local\Programs\Python\Python310\lib\site-packages\telegram\ext\_updater.py", line 384, in polling_action_cb
    raise exc
  File "C:\Users\ЕРАСЫЛ\AppData\Local\Programs\Python\Python310\lib\site-packages\telegram\ext\_updater.py", line 373, in polling_action_cb
    updates = await self.bot.get_updates(
  File "C:\Users\ЕРАСЫЛ\AppData\Local\Programs\Python\Python310\lib\site-packages\telegram\ext\_extbot.py", line 558, in get_updates
    updates = await super().get_updates(
  File "C:\Users\ЕРАСЫЛ\AppData\Local\Programs\Python\Python310\lib\site-packages\telegram\_bot.py", line 525, in decorator
    result = await func(self, *args, **kwargs)  # skipcq: PYL-E1102
  File "C:\Users\ЕРАСЫЛ\AppData\Local\Programs\Python\Python310\lib\site-packages\telegram\_bot.py", line 3584, in get_updates
    await self._post(
  File "C:\Users\ЕРАСЫЛ\AppData\Local\Programs\Python\Python310\lib\site-packages\telegram\_bot.py", line 613, in _post
    return await self._do_post(
  File "C:\Users\ЕРАСЫЛ\AppData\Local\Programs\Python\Python310\lib\site-packages\telegram\ext\_extbot.py", line 340, in _do_post
    return await super()._do_post(
  File "C:\Users\ЕРАСЫЛ\AppData\Local\Programs\Python\Python310\lib\site-packages\telegram\_bot.py", line 641, in _do_post
    return await request.post(
  File "C:\Users\ЕРАСЫЛ\AppData\Local\Programs\Python\Python310\lib\site-packages\telegram\request\_baserequest.py", line 200, in post
    result = await self._request_wrapper(
  File "C:\Users\ЕРАСЫЛ\AppData\Local\Programs\Python\Python310\lib\site-packages\telegram\request\_baserequest.py", line 340, in _request_wrapper
    raise exc
  File "C:\Users\ЕРАСЫЛ\AppData\Local\Programs\Python\Python310\lib\site-packages\telegram\request\_baserequest.py", line 330, in _request_wrapper
    code, payload = await self.do_request(
  File "C:\Users\ЕРАСЫЛ\AppData\Local\Programs\Python\Python310\lib\site-packages\telegram\request\_httpxrequest.py", line 292, in do_request
    raise NetworkError(f"httpx.{err.__class__.__name__}: {err}") from err
telegram.error.NetworkError: httpx.ConnectError: [Errno 11001] getaddrinfo failed
2026-04-29 20:48:44,996 [ERROR] telegram.ext.Updater: Error while getting Updates: httpx.ConnectError: [Errno 11001] getaddrinfo failed
2026-04-29 20:48:44,996 [ERROR] telegram.ext.Application: No error handlers are registered, logging exception.
Traceback (most recent call last):
  File "C:\Users\ЕРАСЫЛ\AppData\Local\Programs\Python\Python310\lib\site-packages\httpx\_transports\default.py", line 66, in map_httpcore_exceptions
    yield
  File "C:\Users\ЕРАСЫЛ\AppData\Local\Programs\Python\Python310\lib\site-packages\httpx\_transports\default.py", line 366, in handle_async_request
    resp = await self._pool.handle_async_request(req)
  File "C:\Users\ЕРАСЫЛ\AppData\Local\Programs\Python\Python310\lib\site-packages\httpcore\_async\connection_pool.py", line 256, in handle_async_request
    raise exc from None
  File "C:\Users\ЕРАСЫЛ\AppData\Local\Programs\Python\Python310\lib\site-packages\httpcore\_async\connection_pool.py", line 236, in handle_async_request
    response = await connection.handle_async_request(
  File "C:\Users\ЕРАСЫЛ\AppData\Local\Programs\Python\Python310\lib\site-packages\httpcore\_async\connection.py", line 101, in handle_async_request
    raise exc
  File "C:\Users\ЕРАСЫЛ\AppData\Local\Programs\Python\Python310\lib\site-packages\httpcore\_async\connection.py", line 78, in handle_async_request
    stream = await self._connect(request)
  File "C:\Users\ЕРАСЫЛ\AppData\Local\Programs\Python\Python310\lib\site-packages\httpcore\_async\connection.py", line 124, in _connect
    stream = await self._network_backend.connect_tcp(**kwargs)
  File "C:\Users\ЕРАСЫЛ\AppData\Local\Programs\Python\Python310\lib\site-packages\httpcore\_backends\auto.py", line 31, in connect_tcp
    return await self._backend.connect_tcp(
  File "C:\Users\ЕРАСЫЛ\AppData\Local\Programs\Python\Python310\lib\site-packages\httpcore\_backends\anyio.py", line 113, in connect_tcp
    with map_exceptions(exc_map):
  File "C:\Users\ЕРАСЫЛ\AppData\Local\Programs\Python\Python310\lib\contextlib.py", line 153, in __exit__
    self.gen.throw(typ, value, traceback)
  File "C:\Users\ЕРАСЫЛ\AppData\Local\Programs\Python\Python310\lib\site-packages\httpcore\_exceptions.py", line 14, in map_exceptions
    raise to_exc(exc) from exc
httpcore.ConnectError: [Errno 11001] getaddrinfo failed

The above exception was the direct cause of the following exception:

Traceback (most recent call last):
  File "C:\Users\ЕРАСЫЛ\AppData\Local\Programs\Python\Python310\lib\site-packages\telegram\request\_httpxrequest.py", line 268, in do_request
    res = await self._client.request(
  File "C:\Users\ЕРАСЫЛ\AppData\Local\Programs\Python\Python310\lib\site-packages\httpx\_client.py", line 1530, in request
    return await self.send(request, auth=auth, follow_redirects=follow_redirects)
  File "C:\Users\ЕРАСЫЛ\AppData\Local\Programs\Python\Python310\lib\site-packages\httpx\_client.py", line 1617, in send
    response = await self._send_handling_auth(
  File "C:\Users\ЕРАСЫЛ\AppData\Local\Programs\Python\Python310\lib\site-packages\httpx\_client.py", line 1645, in _send_handling_auth
    response = await self._send_handling_redirects(
  File "C:\Users\ЕРАСЫЛ\AppData\Local\Programs\Python\Python310\lib\site-packages\httpx\_client.py", line 1682, in _send_handling_redirects
    response = await self._send_single_request(request)
  File "C:\Users\ЕРАСЫЛ\AppData\Local\Programs\Python\Python310\lib\site-packages\httpx\_client.py", line 1719, in _send_single_request
    response = await transport.handle_async_request(request)
  File "C:\Users\ЕРАСЫЛ\AppData\Local\Programs\Python\Python310\lib\site-packages\httpx\_transports\default.py", line 365, in handle_async_request
    with map_httpcore_exceptions():
  File "C:\Users\ЕРАСЫЛ\AppData\Local\Programs\Python\Python310\lib\contextlib.py", line 153, in __exit__
    self.gen.throw(typ, value, traceback)
  File "C:\Users\ЕРАСЫЛ\AppData\Local\Programs\Python\Python310\lib\site-packages\httpx\_transports\default.py", line 83, in map_httpcore_exceptions
    raise mapped_exc(message) from exc
httpx.ConnectError: [Errno 11001] getaddrinfo failed

The above exception was the direct cause of the following exception:

Traceback (most recent call last):
  File "C:\Users\ЕРАСЫЛ\AppData\Local\Programs\Python\Python310\lib\site-packages\telegram\ext\_updater.py", line 688, in _network_loop_retry
    if not await action_cb():
  File "C:\Users\ЕРАСЫЛ\AppData\Local\Programs\Python\Python310\lib\site-packages\telegram\ext\_updater.py", line 384, in polling_action_cb
    raise exc
  File "C:\Users\ЕРАСЫЛ\AppData\Local\Programs\Python\Python310\lib\site-packages\telegram\ext\_updater.py", line 373, in polling_action_cb
    updates = await self.bot.get_updates(
  File "C:\Users\ЕРАСЫЛ\AppData\Local\Programs\Python\Python310\lib\site-packages\telegram\ext\_extbot.py", line 558, in get_updates
    updates = await super().get_updates(
  File "C:\Users\ЕРАСЫЛ\AppData\Local\Programs\Python\Python310\lib\site-packages\telegram\_bot.py", line 525, in decorator
    result = await func(self, *args, **kwargs)  # skipcq: PYL-E1102
  File "C:\Users\ЕРАСЫЛ\AppData\Local\Programs\Python\Python310\lib\site-packages\telegram\_bot.py", line 3584, in get_updates
    await self._post(
  File "C:\Users\ЕРАСЫЛ\AppData\Local\Programs\Python\Python310\lib\site-packages\telegram\_bot.py", line 613, in _post
    return await self._do_post(
  File "C:\Users\ЕРАСЫЛ\AppData\Local\Programs\Python\Python310\lib\site-packages\telegram\ext\_extbot.py", line 340, in _do_post
    return await super()._do_post(
  File "C:\Users\ЕРАСЫЛ\AppData\Local\Programs\Python\Python310\lib\site-packages\telegram\_bot.py", line 641, in _do_post
    return await request.post(
  File "C:\Users\ЕРАСЫЛ\AppData\Local\Programs\Python\Python310\lib\site-packages\telegram\request\_baserequest.py", line 200, in post
    result = await self._request_wrapper(
  File "C:\Users\ЕРАСЫЛ\AppData\Local\Programs\Python\Python310\lib\site-packages\telegram\request\_baserequest.py", line 340, in _request_wrapper
    raise exc
  File "C:\Users\ЕРАСЫЛ\AppData\Local\Programs\Python\Python310\lib\site-packages\telegram\request\_baserequest.py", line 330, in _request_wrapper
    code, payload = await self.do_request(
  File "C:\Users\ЕРАСЫЛ\AppData\Local\Programs\Python\Python310\lib\site-packages\telegram\request\_httpxrequest.py", line 292, in do_request
    raise NetworkError(f"httpx.{err.__class__.__name__}: {err}") from err
telegram.error.NetworkError: httpx.ConnectError: [Errno 11001] getaddrinfo failed
2026-04-29 20:48:52,601 [ERROR] telegram.ext.Updater: Error while getting Updates: httpx.ConnectError: [Errno 11001] getaddrinfo failed
2026-04-29 20:48:52,601 [ERROR] telegram.ext.Application: No error handlers are registered, logging exception.
Traceback (most recent call last):
  File "C:\Users\ЕРАСЫЛ\AppData\Local\Programs\Python\Python310\lib\site-packages\httpx\_transports\default.py", line 66, in map_httpcore_exceptions
    yield
  File "C:\Users\ЕРАСЫЛ\AppData\Local\Programs\Python\Python310\lib\site-packages\httpx\_transports\default.py", line 366, in handle_async_request
    resp = await self._pool.handle_async_request(req)
  File "C:\Users\ЕРАСЫЛ\AppData\Local\Programs\Python\Python310\lib\site-packages\httpcore\_async\connection_pool.py", line 256, in handle_async_request
    raise exc from None
  File "C:\Users\ЕРАСЫЛ\AppData\Local\Programs\Python\Python310\lib\site-packages\httpcore\_async\connection_pool.py", line 236, in handle_async_request
    response = await connection.handle_async_request(
  File "C:\Users\ЕРАСЫЛ\AppData\Local\Programs\Python\Python310\lib\site-packages\httpcore\_async\connection.py", line 101, in handle_async_request
    raise exc
  File "C:\Users\ЕРАСЫЛ\AppData\Local\Programs\Python\Python310\lib\site-packages\httpcore\_async\connection.py", line 78, in handle_async_request
    stream = await self._connect(request)
  File "C:\Users\ЕРАСЫЛ\AppData\Local\Programs\Python\Python310\lib\site-packages\httpcore\_async\connection.py", line 124, in _connect
    stream = await self._network_backend.connect_tcp(**kwargs)
  File "C:\Users\ЕРАСЫЛ\AppData\Local\Programs\Python\Python310\lib\site-packages\httpcore\_backends\auto.py", line 31, in connect_tcp
    return await self._backend.connect_tcp(
  File "C:\Users\ЕРАСЫЛ\AppData\Local\Programs\Python\Python310\lib\site-packages\httpcore\_backends\anyio.py", line 113, in connect_tcp
    with map_exceptions(exc_map):
  File "C:\Users\ЕРАСЫЛ\AppData\Local\Programs\Python\Python310\lib\contextlib.py", line 153, in __exit__
    self.gen.throw(typ, value, traceback)
  File "C:\Users\ЕРАСЫЛ\AppData\Local\Programs\Python\Python310\lib\site-packages\httpcore\_exceptions.py", line 14, in map_exceptions
    raise to_exc(exc) from exc
httpcore.ConnectError: [Errno 11001] getaddrinfo failed

The above exception was the direct cause of the following exception:

Traceback (most recent call last):
  File "C:\Users\ЕРАСЫЛ\AppData\Local\Programs\Python\Python310\lib\site-packages\telegram\request\_httpxrequest.py", line 268, in do_request
    res = await self._client.request(
  File "C:\Users\ЕРАСЫЛ\AppData\Local\Programs\Python\Python310\lib\site-packages\httpx\_client.py", line 1530, in request
    return await self.send(request, auth=auth, follow_redirects=follow_redirects)
  File "C:\Users\ЕРАСЫЛ\AppData\Local\Programs\Python\Python310\lib\site-packages\httpx\_client.py", line 1617, in send
    response = await self._send_handling_auth(
  File "C:\Users\ЕРАСЫЛ\AppData\Local\Programs\Python\Python310\lib\site-packages\httpx\_client.py", line 1645, in _send_handling_auth
    response = await self._send_handling_redirects(
  File "C:\Users\ЕРАСЫЛ\AppData\Local\Programs\Python\Python310\lib\site-packages\httpx\_client.py", line 1682, in _send_handling_redirects
    response = await self._send_single_request(request)
  File "C:\Users\ЕРАСЫЛ\AppData\Local\Programs\Python\Python310\lib\site-packages\httpx\_client.py", line 1719, in _send_single_request
    response = await transport.handle_async_request(request)
  File "C:\Users\ЕРАСЫЛ\AppData\Local\Programs\Python\Python310\lib\site-packages\httpx\_transports\default.py", line 365, in handle_async_request
    with map_httpcore_exceptions():
  File "C:\Users\ЕРАСЫЛ\AppData\Local\Programs\Python\Python310\lib\contextlib.py", line 153, in __exit__
    self.gen.throw(typ, value, traceback)
  File "C:\Users\ЕРАСЫЛ\AppData\Local\Programs\Python\Python310\lib\site-packages\httpx\_transports\default.py", line 83, in map_httpcore_exceptions
    raise mapped_exc(message) from exc
httpx.ConnectError: [Errno 11001] getaddrinfo failed

The above exception was the direct cause of the following exception:

Traceback (most recent call last):
  File "C:\Users\ЕРАСЫЛ\AppData\Local\Programs\Python\Python310\lib\site-packages\telegram\ext\_updater.py", line 688, in _network_loop_retry
    if not await action_cb():
  File "C:\Users\ЕРАСЫЛ\AppData\Local\Programs\Python\Python310\lib\site-packages\telegram\ext\_updater.py", line 384, in polling_action_cb
    raise exc
  File "C:\Users\ЕРАСЫЛ\AppData\Local\Programs\Python\Python310\lib\site-packages\telegram\ext\_updater.py", line 373, in polling_action_cb
    updates = await self.bot.get_updates(
  File "C:\Users\ЕРАСЫЛ\AppData\Local\Programs\Python\Python310\lib\site-packages\telegram\ext\_extbot.py", line 558, in get_updates
    updates = await super().get_updates(
  File "C:\Users\ЕРАСЫЛ\AppData\Local\Programs\Python\Python310\lib\site-packages\telegram\_bot.py", line 525, in decorator
    result = await func(self, *args, **kwargs)  # skipcq: PYL-E1102
  File "C:\Users\ЕРАСЫЛ\AppData\Local\Programs\Python\Python310\lib\site-packages\telegram\_bot.py", line 3584, in get_updates
    await self._post(
  File "C:\Users\ЕРАСЫЛ\AppData\Local\Programs\Python\Python310\lib\site-packages\telegram\_bot.py", line 613, in _post
    return await self._do_post(
  File "C:\Users\ЕРАСЫЛ\AppData\Local\Programs\Python\Python310\lib\site-packages\telegram\ext\_extbot.py", line 340, in _do_post
    return await super()._do_post(
  File "C:\Users\ЕРАСЫЛ\AppData\Local\Programs\Python\Python310\lib\site-packages\telegram\_bot.py", line 641, in _do_post
    return await request.post(
  File "C:\Users\ЕРАСЫЛ\AppData\Local\Programs\Python\Python310\lib\site-packages\telegram\request\_baserequest.py", line 200, in post
    result = await self._request_wrapper(
  File "C:\Users\ЕРАСЫЛ\AppData\Local\Programs\Python\Python310\lib\site-packages\telegram\request\_baserequest.py", line 340, in _request_wrapper
    raise exc
  File "C:\Users\ЕРАСЫЛ\AppData\Local\Programs\Python\Python310\lib\site-packages\telegram\request\_baserequest.py", line 330, in _request_wrapper
    code, payload = await self.do_request(
  File "C:\Users\ЕРАСЫЛ\AppData\Local\Programs\Python\Python310\lib\site-packages\telegram\request\_httpxrequest.py", line 292, in do_request
    raise NetworkError(f"httpx.{err.__class__.__name__}: {err}") from err
telegram.error.NetworkError: httpx.ConnectError: [Errno 11001] getaddrinfo failed
2026-04-29 21:15:57,157 [INFO] apscheduler.scheduler: Scheduler has been shut down
2026-04-29 21:16:07,917 [INFO] __main__: Запуск Taldau Bot...
2026-04-29 21:16:07,943 [INFO] __main__: ✅ Бот запущен. Для остановки нажми Ctrl+C.
2026-04-29 21:16:08,577 [INFO] __main__: Команды бота зарегистрированы
2026-04-29 21:16:08,676 [INFO] apscheduler.scheduler: Scheduler started
2026-04-29 21:16:32,517 [INFO] core.storage: Мастер загружен: 75,047 строк, 38 колонок
2026-04-29 21:16:37,101 [INFO] core.storage: Мастер загружен: 75,047 строк, 38 колонок
2026-04-29 21:16:48,719 [INFO] core.storage: Мастер загружен: 75,047 строк, 38 колонок
2026-04-29 21:16:53,147 [INFO] core.storage: Мастер загружен: 75,047 строк, 38 колонок
2026-04-29 21:17:19,150 [INFO] core.storage: Мастер загружен: 75,047 строк, 38 колонок
2026-04-29 21:38:50,327 [INFO] apscheduler.scheduler: Scheduler has been shut down
2026-04-29 21:38:58,612 [INFO] __main__: Запуск Taldau Bot...
2026-04-29 21:38:58,660 [INFO] __main__: ✅ Бот запущен. Для остановки нажми Ctrl+C.
2026-04-29 21:38:59,169 [INFO] __main__: Команды бота зарегистрированы
2026-04-29 21:38:59,263 [INFO] apscheduler.scheduler: Scheduler started
2026-04-29 21:39:07,832 [INFO] core.storage: Мастер загружен: 75,047 строк, 38 колонок
2026-04-29 21:39:53,828 [INFO] apscheduler.scheduler: Scheduler has been shut down
2026-04-29 21:43:01,985 [INFO] __main__: Запуск Taldau Bot...
2026-04-29 21:43:02,000 [INFO] __main__: ✅ Бот запущен. Для остановки нажми Ctrl+C.
2026-04-29 21:43:02,453 [INFO] __main__: Команды бота зарегистрированы
2026-04-29 21:43:02,549 [INFO] apscheduler.scheduler: Scheduler started
2026-04-29 21:44:03,726 [INFO] build_excel: Sheet 'РЕСПУБЛИКА КАЗАХСТАН': 1361 data rows
2026-04-29 21:44:21,622 [INFO] build_excel: Sheet 'АКМОЛИНСКАЯ ОБЛАСТЬ': 1361 data rows
2026-04-29 21:44:39,325 [INFO] build_excel: Sheet 'АКТЮБИНСКАЯ ОБЛАСТЬ': 1361 data rows
2026-04-29 21:44:56,850 [INFO] build_excel: Sheet 'АЛМАТИНСКАЯ ОБЛАСТЬ': 1361 data rows
2026-04-29 21:45:14,535 [INFO] build_excel: Sheet 'АТЫРАУСКАЯ ОБЛАСТЬ': 1361 data rows
2026-04-29 21:45:32,793 [INFO] build_excel: Sheet 'ЗАПАДНО-КАЗАХСТАНСКАЯ ОБЛАСТЬ': 1361 data rows
2026-04-29 21:45:58,205 [INFO] build_excel: Sheet 'ЖАМБЫЛСКАЯ ОБЛАСТЬ': 1361 data rows
2026-04-29 21:46:21,041 [INFO] build_excel: Sheet 'КАРАГАНДИНСКАЯ ОБЛАСТЬ': 1361 data rows
2026-04-29 21:46:41,193 [INFO] build_excel: Sheet 'КОСТАНАЙСКАЯ ОБЛАСТЬ': 1361 data rows
2026-04-29 21:46:59,213 [INFO] build_excel: Sheet 'КЫЗЫЛОРДИНСКАЯ ОБЛАСТЬ': 1361 data rows
2026-04-29 21:47:09,617 [INFO] build_excel: Sheet 'ЮЖНО-КАЗАХСТАНСКАЯ ОБЛАСТЬ': 800 data rows
2026-04-29 21:47:27,905 [INFO] build_excel: Sheet 'МАНГИСТАУСКАЯ ОБЛАСТЬ': 1361 data rows
2026-04-29 21:47:45,937 [INFO] build_excel: Sheet 'ПАВЛОДАРСКАЯ ОБЛАСТЬ': 1361 data rows
2026-04-29 21:48:11,702 [INFO] build_excel: Sheet 'СЕВЕРО-КАЗАХСТАНСКАЯ ОБЛАСТЬ': 1361 data rows
2026-04-29 21:48:35,442 [INFO] build_excel: Sheet 'ВОСТОЧНО-КАЗАХСТАНСКАЯ ОБЛАСТЬ': 1361 data rows
2026-04-29 21:48:53,098 [INFO] build_excel: Sheet 'Г.АСТАНА': 1361 data rows
2026-04-29 21:49:11,618 [INFO] build_excel: Sheet 'Г.АЛМАТЫ': 1361 data rows
2026-04-29 21:49:28,874 [INFO] build_excel: Sheet 'Г.ШЫМКЕНТ': 1321 data rows
2026-04-29 21:49:46,688 [INFO] build_excel: Sheet 'ТУРКЕСТАНСКАЯ ОБЛАСТЬ': 1321 data rows
2026-04-29 21:50:01,682 [INFO] build_excel: Sheet 'ОБЛАСТЬ ЖЕТІСУ': 1145 data rows
2026-04-29 21:50:16,662 [INFO] build_excel: Sheet 'ОБЛАСТЬ ҰЛЫТАУ': 1145 data rows
2026-04-29 21:50:31,724 [INFO] build_excel: Sheet 'ОБЛАСТЬ АБАЙ': 1145 data rows
2026-04-29 21:51:02,824 [INFO] build_excel: Excel saved: C:\Users\ЕРАСЫЛ\Desktop\taldau_bot_fixed\cpi_scripts\output\cpi_filtered_9.xlsx
2026-04-29 21:51:02,844 [ERROR] concurrent.futures: exception calling callback for <Future at 0x27dc7a996f0 state=finished returned tuple>
Traceback (most recent call last):
  File "C:\Users\ЕРАСЫЛ\AppData\Local\Programs\Python\Python310\lib\concurrent\futures\_base.py", line 329, in _invoke_callbacks
    callback(self)
  File "C:\Users\ЕРАСЫЛ\AppData\Local\Programs\Python\Python310\lib\asyncio\futures.py", line 398, in _call_set_state
    dest_loop.call_soon_threadsafe(_set_state, destination, source)
  File "C:\Users\ЕРАСЫЛ\AppData\Local\Programs\Python\Python310\lib\asyncio\base_events.py", line 790, in call_soon_threadsafe
    self._check_closed()
  File "C:\Users\ЕРАСЫЛ\AppData\Local\Programs\Python\Python310\lib\asyncio\base_events.py", line 510, in _check_closed
    raise RuntimeError('Event loop is closed')
RuntimeError: Event loop is closed
2026-04-29 21:51:04,233 [ERROR] asyncio: Task was destroyed but it is pending!
task: <Task pending name='Application:6395810050:update_fetcher' coro=<Application._update_fetcher() running at C:\Users\ЕРАСЫЛ\AppData\Local\Programs\Python\Python310\lib\site-packages\telegram\ext\_application.py:1170> wait_for=<Future pending cb=[_chain_future.<locals>._call_check_cancel() at C:\Users\ЕРАСЫЛ\AppData\Local\Programs\Python\Python310\lib\asyncio\futures.py:384, Task.task_wakeup()]>>
2026-04-29 21:56:36,344 [INFO] __main__: Запуск Taldau Bot...
2026-04-29 21:56:36,359 [INFO] __main__: ✅ Бот запущен. Для остановки нажми Ctrl+C.
2026-04-29 21:56:36,851 [INFO] __main__: Команды бота зарегистрированы
2026-04-29 21:56:36,949 [INFO] apscheduler.scheduler: Scheduler started
2026-04-29 21:56:56,010 [INFO] core.storage: Мастер загружен: 75,047 строк, 38 колонок
2026-04-29 21:57:55,432 [INFO] build_excel: Sheet 'РЕСПУБЛИКА КАЗАХСТАН': 1361 data rows
2026-04-29 21:58:20,367 [INFO] build_excel: Sheet 'АКМОЛИНСКАЯ ОБЛАСТЬ': 1361 data rows
2026-04-29 21:58:39,289 [INFO] build_excel: Sheet 'АКТЮБИНСКАЯ ОБЛАСТЬ': 1361 data rows
2026-04-29 21:58:57,105 [INFO] build_excel: Sheet 'АЛМАТИНСКАЯ ОБЛАСТЬ': 1361 data rows
2026-04-29 21:59:14,677 [INFO] build_excel: Sheet 'АТЫРАУСКАЯ ОБЛАСТЬ': 1361 data rows
2026-04-29 21:59:32,592 [INFO] build_excel: Sheet 'ЗАПАДНО-КАЗАХСТАНСКАЯ ОБЛАСТЬ': 1361 data rows
2026-04-29 21:59:50,181 [INFO] build_excel: Sheet 'ЖАМБЫЛСКАЯ ОБЛАСТЬ': 1361 data rows
2026-04-29 22:00:09,296 [INFO] build_excel: Sheet 'КАРАГАНДИНСКАЯ ОБЛАСТЬ': 1361 data rows
2026-04-29 22:00:27,123 [INFO] build_excel: Sheet 'КОСТАНАЙСКАЯ ОБЛАСТЬ': 1361 data rows
2026-04-29 22:00:45,323 [INFO] build_excel: Sheet 'КЫЗЫЛОРДИНСКАЯ ОБЛАСТЬ': 1361 data rows
2026-04-29 22:00:55,732 [INFO] build_excel: Sheet 'ЮЖНО-КАЗАХСТАНСКАЯ ОБЛАСТЬ': 800 data rows
2026-04-29 22:01:13,833 [INFO] build_excel: Sheet 'МАНГИСТАУСКАЯ ОБЛАСТЬ': 1361 data rows
2026-04-29 22:01:31,347 [INFO] build_excel: Sheet 'ПАВЛОДАРСКАЯ ОБЛАСТЬ': 1361 data rows
2026-04-29 22:01:49,034 [INFO] build_excel: Sheet 'СЕВЕРО-КАЗАХСТАНСКАЯ ОБЛАСТЬ': 1361 data rows
2026-04-29 22:02:10,461 [INFO] build_excel: Sheet 'ВОСТОЧНО-КАЗАХСТАНСКАЯ ОБЛАСТЬ': 1361 data rows
2026-04-29 22:02:29,856 [INFO] build_excel: Sheet 'Г.АСТАНА': 1361 data rows
2026-04-29 22:02:53,990 [INFO] build_excel: Sheet 'Г.АЛМАТЫ': 1361 data rows
2026-04-29 22:03:26,324 [INFO] build_excel: Sheet 'Г.ШЫМКЕНТ': 1321 data rows
2026-04-29 22:03:49,718 [INFO] build_excel: Sheet 'ТУРКЕСТАНСКАЯ ОБЛАСТЬ': 1321 data rows
2026-04-29 22:04:09,234 [INFO] build_excel: Sheet 'ОБЛАСТЬ ЖЕТІСУ': 1145 data rows
2026-04-29 22:04:26,950 [INFO] build_excel: Sheet 'ОБЛАСТЬ ҰЛЫТАУ': 1145 data rows
2026-04-29 22:04:43,557 [INFO] build_excel: Sheet 'ОБЛАСТЬ АБАЙ': 1145 data rows
2026-04-29 22:05:15,530 [INFO] build_excel: Excel saved: C:\Users\ЕРАСЫЛ\Desktop\taldau_bot_fixed\cpi_scripts\output\cpi_filtered_5.xlsx
2026-04-29 22:07:14,206 [INFO] core.storage: Мастер загружен: 75,047 строк, 38 колонок
2026-04-29 22:52:37,458 [INFO] __main__: Запуск Taldau Bot...
2026-04-29 22:52:37,512 [INFO] __main__: ✅ Бот запущен. Для остановки нажми Ctrl+C.
2026-04-29 22:52:38,018 [INFO] __main__: Команды бота зарегистрированы
2026-04-29 22:52:38,115 [INFO] apscheduler.scheduler: Scheduler started
2026-04-29 22:52:54,998 [INFO] core.storage: Мастер загружен: 75,047 строк, 38 колонок
2026-04-30 00:31:39,021 [ERROR] telegram.ext.Updater: Error while getting Updates: httpx.ConnectError: [Errno 11001] getaddrinfo failed
2026-04-30 00:31:39,102 [ERROR] telegram.ext.Application: No error handlers are registered, logging exception.
Traceback (most recent call last):
  File "C:\Users\ЕРАСЫЛ\AppData\Local\Programs\Python\Python310\lib\site-packages\httpx\_transports\default.py", line 66, in map_httpcore_exceptions
    yield
  File "C:\Users\ЕРАСЫЛ\AppData\Local\Programs\Python\Python310\lib\site-packages\httpx\_transports\default.py", line 366, in handle_async_request
    resp = await self._pool.handle_async_request(req)
  File "C:\Users\ЕРАСЫЛ\AppData\Local\Programs\Python\Python310\lib\site-packages\httpcore\_async\connection_pool.py", line 256, in handle_async_request
    raise exc from None
  File "C:\Users\ЕРАСЫЛ\AppData\Local\Programs\Python\Python310\lib\site-packages\httpcore\_async\connection_pool.py", line 236, in handle_async_request
    response = await connection.handle_async_request(
  File "C:\Users\ЕРАСЫЛ\AppData\Local\Programs\Python\Python310\lib\site-packages\httpcore\_async\connection.py", line 101, in handle_async_request
    raise exc
  File "C:\Users\ЕРАСЫЛ\AppData\Local\Programs\Python\Python310\lib\site-packages\httpcore\_async\connection.py", line 78, in handle_async_request
    stream = await self._connect(request)
  File "C:\Users\ЕРАСЫЛ\AppData\Local\Programs\Python\Python310\lib\site-packages\httpcore\_async\connection.py", line 124, in _connect
    stream = await self._network_backend.connect_tcp(**kwargs)
  File "C:\Users\ЕРАСЫЛ\AppData\Local\Programs\Python\Python310\lib\site-packages\httpcore\_backends\auto.py", line 31, in connect_tcp
    return await self._backend.connect_tcp(
  File "C:\Users\ЕРАСЫЛ\AppData\Local\Programs\Python\Python310\lib\site-packages\httpcore\_backends\anyio.py", line 113, in connect_tcp
    with map_exceptions(exc_map):
  File "C:\Users\ЕРАСЫЛ\AppData\Local\Programs\Python\Python310\lib\contextlib.py", line 153, in __exit__
    self.gen.throw(typ, value, traceback)
  File "C:\Users\ЕРАСЫЛ\AppData\Local\Programs\Python\Python310\lib\site-packages\httpcore\_exceptions.py", line 14, in map_exceptions
    raise to_exc(exc) from exc
httpcore.ConnectError: [Errno 11001] getaddrinfo failed

The above exception was the direct cause of the following exception:

Traceback (most recent call last):
  File "C:\Users\ЕРАСЫЛ\AppData\Local\Programs\Python\Python310\lib\site-packages\telegram\request\_httpxrequest.py", line 268, in do_request
    res = await self._client.request(
  File "C:\Users\ЕРАСЫЛ\AppData\Local\Programs\Python\Python310\lib\site-packages\httpx\_client.py", line 1530, in request
    return await self.send(request, auth=auth, follow_redirects=follow_redirects)
  File "C:\Users\ЕРАСЫЛ\AppData\Local\Programs\Python\Python310\lib\site-packages\httpx\_client.py", line 1617, in send
    response = await self._send_handling_auth(
  File "C:\Users\ЕРАСЫЛ\AppData\Local\Programs\Python\Python310\lib\site-packages\httpx\_client.py", line 1645, in _send_handling_auth
    response = await self._send_handling_redirects(
  File "C:\Users\ЕРАСЫЛ\AppData\Local\Programs\Python\Python310\lib\site-packages\httpx\_client.py", line 1682, in _send_handling_redirects
    response = await self._send_single_request(request)
  File "C:\Users\ЕРАСЫЛ\AppData\Local\Programs\Python\Python310\lib\site-packages\httpx\_client.py", line 1719, in _send_single_request
    response = await transport.handle_async_request(request)
  File "C:\Users\ЕРАСЫЛ\AppData\Local\Programs\Python\Python310\lib\site-packages\httpx\_transports\default.py", line 365, in handle_async_request
    with map_httpcore_exceptions():
  File "C:\Users\ЕРАСЫЛ\AppData\Local\Programs\Python\Python310\lib\contextlib.py", line 153, in __exit__
    self.gen.throw(typ, value, traceback)
  File "C:\Users\ЕРАСЫЛ\AppData\Local\Programs\Python\Python310\lib\site-packages\httpx\_transports\default.py", line 83, in map_httpcore_exceptions
    raise mapped_exc(message) from exc
httpx.ConnectError: [Errno 11001] getaddrinfo failed

The above exception was the direct cause of the following exception:

Traceback (most recent call last):
  File "C:\Users\ЕРАСЫЛ\AppData\Local\Programs\Python\Python310\lib\site-packages\telegram\ext\_updater.py", line 688, in _network_loop_retry
    if not await action_cb():
  File "C:\Users\ЕРАСЫЛ\AppData\Local\Programs\Python\Python310\lib\site-packages\telegram\ext\_updater.py", line 384, in polling_action_cb
    raise exc
  File "C:\Users\ЕРАСЫЛ\AppData\Local\Programs\Python\Python310\lib\site-packages\telegram\ext\_updater.py", line 373, in polling_action_cb
    updates = await self.bot.get_updates(
  File "C:\Users\ЕРАСЫЛ\AppData\Local\Programs\Python\Python310\lib\site-packages\telegram\ext\_extbot.py", line 558, in get_updates
    updates = await super().get_updates(
  File "C:\Users\ЕРАСЫЛ\AppData\Local\Programs\Python\Python310\lib\site-packages\telegram\_bot.py", line 525, in decorator
    result = await func(self, *args, **kwargs)  # skipcq: PYL-E1102
  File "C:\Users\ЕРАСЫЛ\AppData\Local\Programs\Python\Python310\lib\site-packages\telegram\_bot.py", line 3584, in get_updates
    await self._post(
  File "C:\Users\ЕРАСЫЛ\AppData\Local\Programs\Python\Python310\lib\site-packages\telegram\_bot.py", line 613, in _post
    return await self._do_post(
  File "C:\Users\ЕРАСЫЛ\AppData\Local\Programs\Python\Python310\lib\site-packages\telegram\ext\_extbot.py", line 340, in _do_post
    return await super()._do_post(
  File "C:\Users\ЕРАСЫЛ\AppData\Local\Programs\Python\Python310\lib\site-packages\telegram\_bot.py", line 641, in _do_post
    return await request.post(
  File "C:\Users\ЕРАСЫЛ\AppData\Local\Programs\Python\Python310\lib\site-packages\telegram\request\_baserequest.py", line 200, in post
    result = await self._request_wrapper(
  File "C:\Users\ЕРАСЫЛ\AppData\Local\Programs\Python\Python310\lib\site-packages\telegram\request\_baserequest.py", line 340, in _request_wrapper
    raise exc
  File "C:\Users\ЕРАСЫЛ\AppData\Local\Programs\Python\Python310\lib\site-packages\telegram\request\_baserequest.py", line 330, in _request_wrapper
    code, payload = await self.do_request(
  File "C:\Users\ЕРАСЫЛ\AppData\Local\Programs\Python\Python310\lib\site-packages\telegram\request\_httpxrequest.py", line 292, in do_request
    raise NetworkError(f"httpx.{err.__class__.__name__}: {err}") from err
telegram.error.NetworkError: httpx.ConnectError: [Errno 11001] getaddrinfo failed
2026-04-30 02:37:26,429 [INFO] apscheduler.scheduler: Scheduler has been shut down
2026-04-30 02:37:32,308 [INFO] __main__: Запуск Taldau Bot...
2026-04-30 02:37:32,326 [INFO] __main__: ✅ Бот запущен. Для остановки нажми Ctrl+C.
2026-04-30 02:37:32,742 [INFO] __main__: Команды бота зарегистрированы
2026-04-30 02:37:32,834 [INFO] apscheduler.scheduler: Scheduler started
2026-04-30 02:37:57,009 [INFO] fetch: Period names: 61 entries
2026-04-30 02:38:10,266 [INFO] fetch: Period names: 183 entries
2026-04-30 02:38:10,977 [INFO] fetch: Period names: 183 entries
2026-04-30 02:38:10,978 [INFO] fetch: 22 regions to fetch (0 already in checkpoint)
2026-04-30 02:54:55,442 [INFO] __main__: Запуск Taldau Bot...
2026-04-30 02:54:55,458 [INFO] __main__: ✅ Бот запущен. Для остановки нажми Ctrl+C.
2026-04-30 02:54:55,895 [INFO] __main__: Команды бота зарегистрированы
2026-04-30 02:54:55,985 [INFO] apscheduler.scheduler: Scheduler started
2026-04-30 02:55:19,409 [INFO] fetch: Period names: 183 entries
2026-04-30 02:55:19,410 [INFO] fetch: 22 regions to fetch (0 already in checkpoint)
2026-04-30 02:55:54,460 [INFO] fetch: Period names: 183 entries
2026-04-30 03:09:43,374 [INFO] __main__: Запуск Taldau Bot...
2026-04-30 03:09:43,391 [INFO] __main__: ✅ Бот запущен. Для остановки нажми Ctrl+C.
2026-04-30 03:09:43,874 [INFO] __main__: Команды бота зарегистрированы
2026-04-30 03:09:43,964 [INFO] apscheduler.scheduler: Scheduler started
2026-04-30 03:09:44,256 [ERROR] telegram.ext.Updater: Error while getting Updates: Conflict: terminated by other getUpdates request; make sure that only one bot instance is running
2026-04-30 03:09:44,257 [ERROR] telegram.ext.Application: No error handlers are registered, logging exception.
Traceback (most recent call last):
  File "C:\Users\ЕРАСЫЛ\AppData\Local\Programs\Python\Python310\lib\site-packages\telegram\ext\_updater.py", line 688, in _network_loop_retry
    if not await action_cb():
  File "C:\Users\ЕРАСЫЛ\AppData\Local\Programs\Python\Python310\lib\site-packages\telegram\ext\_updater.py", line 384, in polling_action_cb
    raise exc
  File "C:\Users\ЕРАСЫЛ\AppData\Local\Programs\Python\Python310\lib\site-packages\telegram\ext\_updater.py", line 373, in polling_action_cb
    updates = await self.bot.get_updates(
  File "C:\Users\ЕРАСЫЛ\AppData\Local\Programs\Python\Python310\lib\site-packages\telegram\ext\_extbot.py", line 558, in get_updates
    updates = await super().get_updates(
  File "C:\Users\ЕРАСЫЛ\AppData\Local\Programs\Python\Python310\lib\site-packages\telegram\_bot.py", line 525, in decorator
    result = await func(self, *args, **kwargs)  # skipcq: PYL-E1102
  File "C:\Users\ЕРАСЫЛ\AppData\Local\Programs\Python\Python310\lib\site-packages\telegram\_bot.py", line 3584, in get_updates
    await self._post(
  File "C:\Users\ЕРАСЫЛ\AppData\Local\Programs\Python\Python310\lib\site-packages\telegram\_bot.py", line 613, in _post
    return await self._do_post(
  File "C:\Users\ЕРАСЫЛ\AppData\Local\Programs\Python\Python310\lib\site-packages\telegram\ext\_extbot.py", line 340, in _do_post
    return await super()._do_post(
  File "C:\Users\ЕРАСЫЛ\AppData\Local\Programs\Python\Python310\lib\site-packages\telegram\_bot.py", line 641, in _do_post
    return await request.post(
  File "C:\Users\ЕРАСЫЛ\AppData\Local\Programs\Python\Python310\lib\site-packages\telegram\request\_baserequest.py", line 200, in post
    result = await self._request_wrapper(
  File "C:\Users\ЕРАСЫЛ\AppData\Local\Programs\Python\Python310\lib\site-packages\telegram\request\_baserequest.py", line 381, in _request_wrapper
    raise Conflict(message)
telegram.error.Conflict: Conflict: terminated by other getUpdates request; make sure that only one bot instance is running
2026-04-30 03:09:48,372 [ERROR] telegram.ext.Updater: Error while getting Updates: Conflict: terminated by other getUpdates request; make sure that only one bot instance is running
2026-04-30 03:09:48,373 [ERROR] telegram.ext.Application: No error handlers are registered, logging exception.
Traceback (most recent call last):
  File "C:\Users\ЕРАСЫЛ\AppData\Local\Programs\Python\Python310\lib\site-packages\telegram\ext\_updater.py", line 688, in _network_loop_retry
    if not await action_cb():
  File "C:\Users\ЕРАСЫЛ\AppData\Local\Programs\Python\Python310\lib\site-packages\telegram\ext\_updater.py", line 384, in polling_action_cb
    raise exc
  File "C:\Users\ЕРАСЫЛ\AppData\Local\Programs\Python\Python310\lib\site-packages\telegram\ext\_updater.py", line 373, in polling_action_cb
    updates = await self.bot.get_updates(
  File "C:\Users\ЕРАСЫЛ\AppData\Local\Programs\Python\Python310\lib\site-packages\telegram\ext\_extbot.py", line 558, in get_updates
    updates = await super().get_updates(
  File "C:\Users\ЕРАСЫЛ\AppData\Local\Programs\Python\Python310\lib\site-packages\telegram\_bot.py", line 525, in decorator
    result = await func(self, *args, **kwargs)  # skipcq: PYL-E1102
  File "C:\Users\ЕРАСЫЛ\AppData\Local\Programs\Python\Python310\lib\site-packages\telegram\_bot.py", line 3584, in get_updates
    await self._post(
  File "C:\Users\ЕРАСЫЛ\AppData\Local\Programs\Python\Python310\lib\site-packages\telegram\_bot.py", line 613, in _post
    return await self._do_post(
  File "C:\Users\ЕРАСЫЛ\AppData\Local\Programs\Python\Python310\lib\site-packages\telegram\ext\_extbot.py", line 340, in _do_post
    return await super()._do_post(
  File "C:\Users\ЕРАСЫЛ\AppData\Local\Programs\Python\Python310\lib\site-packages\telegram\_bot.py", line 641, in _do_post
    return await request.post(
  File "C:\Users\ЕРАСЫЛ\AppData\Local\Programs\Python\Python310\lib\site-packages\telegram\request\_baserequest.py", line 200, in post
    result = await self._request_wrapper(
  File "C:\Users\ЕРАСЫЛ\AppData\Local\Programs\Python\Python310\lib\site-packages\telegram\request\_baserequest.py", line 381, in _request_wrapper
    raise Conflict(message)
telegram.error.Conflict: Conflict: terminated by other getUpdates request; make sure that only one bot instance is running
2026-04-30 03:09:49,489 [ERROR] telegram.ext.Updater: Error while getting Updates: Conflict: terminated by other getUpdates request; make sure that only one bot instance is running
2026-04-30 03:09:49,489 [ERROR] telegram.ext.Application: No error handlers are registered, logging exception.
Traceback (most recent call last):
  File "C:\Users\ЕРАСЫЛ\AppData\Local\Programs\Python\Python310\lib\site-packages\telegram\ext\_updater.py", line 688, in _network_loop_retry
    if not await action_cb():
  File "C:\Users\ЕРАСЫЛ\AppData\Local\Programs\Python\Python310\lib\site-packages\telegram\ext\_updater.py", line 384, in polling_action_cb
    raise exc
  File "C:\Users\ЕРАСЫЛ\AppData\Local\Programs\Python\Python310\lib\site-packages\telegram\ext\_updater.py", line 373, in polling_action_cb
    updates = await self.bot.get_updates(
  File "C:\Users\ЕРАСЫЛ\AppData\Local\Programs\Python\Python310\lib\site-packages\telegram\ext\_extbot.py", line 558, in get_updates
    updates = await super().get_updates(
  File "C:\Users\ЕРАСЫЛ\AppData\Local\Programs\Python\Python310\lib\site-packages\telegram\_bot.py", line 525, in decorator
    result = await func(self, *args, **kwargs)  # skipcq: PYL-E1102
  File "C:\Users\ЕРАСЫЛ\AppData\Local\Programs\Python\Python310\lib\site-packages\telegram\_bot.py", line 3584, in get_updates
    await self._post(
  File "C:\Users\ЕРАСЫЛ\AppData\Local\Programs\Python\Python310\lib\site-packages\telegram\_bot.py", line 613, in _post
    return await self._do_post(
  File "C:\Users\ЕРАСЫЛ\AppData\Local\Programs\Python\Python310\lib\site-packages\telegram\ext\_extbot.py", line 340, in _do_post
    return await super()._do_post(
  File "C:\Users\ЕРАСЫЛ\AppData\Local\Programs\Python\Python310\lib\site-packages\telegram\_bot.py", line 641, in _do_post
    return await request.post(
  File "C:\Users\ЕРАСЫЛ\AppData\Local\Programs\Python\Python310\lib\site-packages\telegram\request\_baserequest.py", line 200, in post
    result = await self._request_wrapper(
  File "C:\Users\ЕРАСЫЛ\AppData\Local\Programs\Python\Python310\lib\site-packages\telegram\request\_baserequest.py", line 381, in _request_wrapper
    raise Conflict(message)
telegram.error.Conflict: Conflict: terminated by other getUpdates request; make sure that only one bot instance is running
2026-04-30 03:09:54,095 [ERROR] telegram.ext.Updater: Error while getting Updates: Conflict: terminated by other getUpdates request; make sure that only one bot instance is running
2026-04-30 03:09:54,096 [ERROR] telegram.ext.Application: No error handlers are registered, logging exception.
Traceback (most recent call last):
  File "C:\Users\ЕРАСЫЛ\AppData\Local\Programs\Python\Python310\lib\site-packages\telegram\ext\_updater.py", line 688, in _network_loop_retry
    if not await action_cb():
  File "C:\Users\ЕРАСЫЛ\AppData\Local\Programs\Python\Python310\lib\site-packages\telegram\ext\_updater.py", line 384, in polling_action_cb
    raise exc
  File "C:\Users\ЕРАСЫЛ\AppData\Local\Programs\Python\Python310\lib\site-packages\telegram\ext\_updater.py", line 373, in polling_action_cb
    updates = await self.bot.get_updates(
  File "C:\Users\ЕРАСЫЛ\AppData\Local\Programs\Python\Python310\lib\site-packages\telegram\ext\_extbot.py", line 558, in get_updates
    updates = await super().get_updates(
  File "C:\Users\ЕРАСЫЛ\AppData\Local\Programs\Python\Python310\lib\site-packages\telegram\_bot.py", line 525, in decorator
    result = await func(self, *args, **kwargs)  # skipcq: PYL-E1102
  File "C:\Users\ЕРАСЫЛ\AppData\Local\Programs\Python\Python310\lib\site-packages\telegram\_bot.py", line 3584, in get_updates
    await self._post(
  File "C:\Users\ЕРАСЫЛ\AppData\Local\Programs\Python\Python310\lib\site-packages\telegram\_bot.py", line 613, in _post
    return await self._do_post(
  File "C:\Users\ЕРАСЫЛ\AppData\Local\Programs\Python\Python310\lib\site-packages\telegram\ext\_extbot.py", line 340, in _do_post
    return await super()._do_post(
  File "C:\Users\ЕРАСЫЛ\AppData\Local\Programs\Python\Python310\lib\site-packages\telegram\_bot.py", line 641, in _do_post
    return await request.post(
  File "C:\Users\ЕРАСЫЛ\AppData\Local\Programs\Python\Python310\lib\site-packages\telegram\request\_baserequest.py", line 200, in post
    result = await self._request_wrapper(
  File "C:\Users\ЕРАСЫЛ\AppData\Local\Programs\Python\Python310\lib\site-packages\telegram\request\_baserequest.py", line 381, in _request_wrapper
    raise Conflict(message)
telegram.error.Conflict: Conflict: terminated by other getUpdates request; make sure that only one bot instance is running
2026-04-30 03:09:55,704 [ERROR] telegram.ext.Updater: Error while getting Updates: Conflict: terminated by other getUpdates request; make sure that only one bot instance is running
2026-04-30 03:09:55,705 [ERROR] telegram.ext.Application: No error handlers are registered, logging exception.
Traceback (most recent call last):
  File "C:\Users\ЕРАСЫЛ\AppData\Local\Programs\Python\Python310\lib\site-packages\telegram\ext\_updater.py", line 688, in _network_loop_retry
    if not await action_cb():
  File "C:\Users\ЕРАСЫЛ\AppData\Local\Programs\Python\Python310\lib\site-packages\telegram\ext\_updater.py", line 384, in polling_action_cb
    raise exc
  File "C:\Users\ЕРАСЫЛ\AppData\Local\Programs\Python\Python310\lib\site-packages\telegram\ext\_updater.py", line 373, in polling_action_cb
    updates = await self.bot.get_updates(
  File "C:\Users\ЕРАСЫЛ\AppData\Local\Programs\Python\Python310\lib\site-packages\telegram\ext\_extbot.py", line 558, in get_updates
    updates = await super().get_updates(
  File "C:\Users\ЕРАСЫЛ\AppData\Local\Programs\Python\Python310\lib\site-packages\telegram\_bot.py", line 525, in decorator
    result = await func(self, *args, **kwargs)  # skipcq: PYL-E1102
  File "C:\Users\ЕРАСЫЛ\AppData\Local\Programs\Python\Python310\lib\site-packages\telegram\_bot.py", line 3584, in get_updates
    await self._post(
  File "C:\Users\ЕРАСЫЛ\AppData\Local\Programs\Python\Python310\lib\site-packages\telegram\_bot.py", line 613, in _post
    return await self._do_post(
  File "C:\Users\ЕРАСЫЛ\AppData\Local\Programs\Python\Python310\lib\site-packages\telegram\ext\_extbot.py", line 340, in _do_post
    return await super()._do_post(
  File "C:\Users\ЕРАСЫЛ\AppData\Local\Programs\Python\Python310\lib\site-packages\telegram\_bot.py", line 641, in _do_post
    return await request.post(
  File "C:\Users\ЕРАСЫЛ\AppData\Local\Programs\Python\Python310\lib\site-packages\telegram\request\_baserequest.py", line 200, in post
    result = await self._request_wrapper(
  File "C:\Users\ЕРАСЫЛ\AppData\Local\Programs\Python\Python310\lib\site-packages\telegram\request\_baserequest.py", line 381, in _request_wrapper
    raise Conflict(message)
telegram.error.Conflict: Conflict: terminated by other getUpdates request; make sure that only one bot instance is running
2026-04-30 03:09:59,798 [INFO] core.cpi_tasks: CPI: удалён checkpoint (no_resume=True)
2026-04-30 03:09:59,992 [ERROR] telegram.ext.Updater: Error while getting Updates: Conflict: terminated by other getUpdates request; make sure that only one bot instance is running
2026-04-30 03:09:59,993 [ERROR] telegram.ext.Application: No error handlers are registered, logging exception.
Traceback (most recent call last):
  File "C:\Users\ЕРАСЫЛ\AppData\Local\Programs\Python\Python310\lib\site-packages\telegram\ext\_updater.py", line 688, in _network_loop_retry
    if not await action_cb():
  File "C:\Users\ЕРАСЫЛ\AppData\Local\Programs\Python\Python310\lib\site-packages\telegram\ext\_updater.py", line 384, in polling_action_cb
    raise exc
  File "C:\Users\ЕРАСЫЛ\AppData\Local\Programs\Python\Python310\lib\site-packages\telegram\ext\_updater.py", line 373, in polling_action_cb
    updates = await self.bot.get_updates(
  File "C:\Users\ЕРАСЫЛ\AppData\Local\Programs\Python\Python310\lib\site-packages\telegram\ext\_extbot.py", line 558, in get_updates
    updates = await super().get_updates(
  File "C:\Users\ЕРАСЫЛ\AppData\Local\Programs\Python\Python310\lib\site-packages\telegram\_bot.py", line 525, in decorator
    result = await func(self, *args, **kwargs)  # skipcq: PYL-E1102
  File "C:\Users\ЕРАСЫЛ\AppData\Local\Programs\Python\Python310\lib\site-packages\telegram\_bot.py", line 3584, in get_updates
    await self._post(
  File "C:\Users\ЕРАСЫЛ\AppData\Local\Programs\Python\Python310\lib\site-packages\telegram\_bot.py", line 613, in _post
    return await self._do_post(
  File "C:\Users\ЕРАСЫЛ\AppData\Local\Programs\Python\Python310\lib\site-packages\telegram\ext\_extbot.py", line 340, in _do_post
    return await super()._do_post(
  File "C:\Users\ЕРАСЫЛ\AppData\Local\Programs\Python\Python310\lib\site-packages\telegram\_bot.py", line 641, in _do_post
    return await request.post(
  File "C:\Users\ЕРАСЫЛ\AppData\Local\Programs\Python\Python310\lib\site-packages\telegram\request\_baserequest.py", line 200, in post
    result = await self._request_wrapper(
  File "C:\Users\ЕРАСЫЛ\AppData\Local\Programs\Python\Python310\lib\site-packages\telegram\request\_baserequest.py", line 381, in _request_wrapper
    raise Conflict(message)
telegram.error.Conflict: Conflict: terminated by other getUpdates request; make sure that only one bot instance is running
2026-04-30 03:10:00,337 [INFO] fetch: Period names: 183 entries
2026-04-30 03:10:00,338 [INFO] fetch: 22 regions to fetch (0 already in checkpoint)
2026-04-30 03:10:02,356 [ERROR] telegram.ext.Updater: Error while getting Updates: Conflict: terminated by other getUpdates request; make sure that only one bot instance is running
2026-04-30 03:10:02,356 [ERROR] telegram.ext.Application: No error handlers are registered, logging exception.
Traceback (most recent call last):
  File "C:\Users\ЕРАСЫЛ\AppData\Local\Programs\Python\Python310\lib\site-packages\telegram\ext\_updater.py", line 688, in _network_loop_retry
    if not await action_cb():
  File "C:\Users\ЕРАСЫЛ\AppData\Local\Programs\Python\Python310\lib\site-packages\telegram\ext\_updater.py", line 384, in polling_action_cb
    raise exc
  File "C:\Users\ЕРАСЫЛ\AppData\Local\Programs\Python\Python310\lib\site-packages\telegram\ext\_updater.py", line 373, in polling_action_cb
    updates = await self.bot.get_updates(
  File "C:\Users\ЕРАСЫЛ\AppData\Local\Programs\Python\Python310\lib\site-packages\telegram\ext\_extbot.py", line 558, in get_updates
    updates = await super().get_updates(
  File "C:\Users\ЕРАСЫЛ\AppData\Local\Programs\Python\Python310\lib\site-packages\telegram\_bot.py", line 525, in decorator
    result = await func(self, *args, **kwargs)  # skipcq: PYL-E1102
  File "C:\Users\ЕРАСЫЛ\AppData\Local\Programs\Python\Python310\lib\site-packages\telegram\_bot.py", line 3584, in get_updates
    await self._post(
  File "C:\Users\ЕРАСЫЛ\AppData\Local\Programs\Python\Python310\lib\site-packages\telegram\_bot.py", line 613, in _post
    return await self._do_post(
  File "C:\Users\ЕРАСЫЛ\AppData\Local\Programs\Python\Python310\lib\site-packages\telegram\ext\_extbot.py", line 340, in _do_post
    return await super()._do_post(
  File "C:\Users\ЕРАСЫЛ\AppData\Local\Programs\Python\Python310\lib\site-packages\telegram\_bot.py", line 641, in _do_post
    return await request.post(
  File "C:\Users\ЕРАСЫЛ\AppData\Local\Programs\Python\Python310\lib\site-packages\telegram\request\_baserequest.py", line 200, in post
    result = await self._request_wrapper(
  File "C:\Users\ЕРАСЫЛ\AppData\Local\Programs\Python\Python310\lib\site-packages\telegram\request\_baserequest.py", line 381, in _request_wrapper
    raise Conflict(message)
telegram.error.Conflict: Conflict: terminated by other getUpdates request; make sure that only one bot instance is running
2026-04-30 03:10:06,455 [ERROR] telegram.ext.Updater: Error while getting Updates: Conflict: terminated by other getUpdates request; make sure that only one bot instance is running
2026-04-30 03:10:06,456 [ERROR] telegram.ext.Application: No error handlers are registered, logging exception.
Traceback (most recent call last):
  File "C:\Users\ЕРАСЫЛ\AppData\Local\Programs\Python\Python310\lib\site-packages\telegram\ext\_updater.py", line 688, in _network_loop_retry
    if not await action_cb():
  File "C:\Users\ЕРАСЫЛ\AppData\Local\Programs\Python\Python310\lib\site-packages\telegram\ext\_updater.py", line 384, in polling_action_cb
    raise exc
  File "C:\Users\ЕРАСЫЛ\AppData\Local\Programs\Python\Python310\lib\site-packages\telegram\ext\_updater.py", line 373, in polling_action_cb
    updates = await self.bot.get_updates(
  File "C:\Users\ЕРАСЫЛ\AppData\Local\Programs\Python\Python310\lib\site-packages\telegram\ext\_extbot.py", line 558, in get_updates
    updates = await super().get_updates(
  File "C:\Users\ЕРАСЫЛ\AppData\Local\Programs\Python\Python310\lib\site-packages\telegram\_bot.py", line 525, in decorator
    result = await func(self, *args, **kwargs)  # skipcq: PYL-E1102
  File "C:\Users\ЕРАСЫЛ\AppData\Local\Programs\Python\Python310\lib\site-packages\telegram\_bot.py", line 3584, in get_updates
    await self._post(
  File "C:\Users\ЕРАСЫЛ\AppData\Local\Programs\Python\Python310\lib\site-packages\telegram\_bot.py", line 613, in _post
    return await self._do_post(
  File "C:\Users\ЕРАСЫЛ\AppData\Local\Programs\Python\Python310\lib\site-packages\telegram\ext\_extbot.py", line 340, in _do_post
    return await super()._do_post(
  File "C:\Users\ЕРАСЫЛ\AppData\Local\Programs\Python\Python310\lib\site-packages\telegram\_bot.py", line 641, in _do_post
    return await request.post(
  File "C:\Users\ЕРАСЫЛ\AppData\Local\Programs\Python\Python310\lib\site-packages\telegram\request\_baserequest.py", line 200, in post
    result = await self._request_wrapper(
  File "C:\Users\ЕРАСЫЛ\AppData\Local\Programs\Python\Python310\lib\site-packages\telegram\request\_baserequest.py", line 381, in _request_wrapper
    raise Conflict(message)
telegram.error.Conflict: Conflict: terminated by other getUpdates request; make sure that only one bot instance is running
2026-04-30 03:10:09,946 [ERROR] telegram.ext.Updater: Error while getting Updates: Conflict: terminated by other getUpdates request; make sure that only one bot instance is running
2026-04-30 03:10:09,946 [ERROR] telegram.ext.Application: No error handlers are registered, logging exception.
Traceback (most recent call last):
  File "C:\Users\ЕРАСЫЛ\AppData\Local\Programs\Python\Python310\lib\site-packages\telegram\ext\_updater.py", line 688, in _network_loop_retry
    if not await action_cb():
  File "C:\Users\ЕРАСЫЛ\AppData\Local\Programs\Python\Python310\lib\site-packages\telegram\ext\_updater.py", line 384, in polling_action_cb
    raise exc
  File "C:\Users\ЕРАСЫЛ\AppData\Local\Programs\Python\Python310\lib\site-packages\telegram\ext\_updater.py", line 373, in polling_action_cb
    updates = await self.bot.get_updates(
  File "C:\Users\ЕРАСЫЛ\AppData\Local\Programs\Python\Python310\lib\site-packages\telegram\ext\_extbot.py", line 558, in get_updates
    updates = await super().get_updates(
  File "C:\Users\ЕРАСЫЛ\AppData\Local\Programs\Python\Python310\lib\site-packages\telegram\_bot.py", line 525, in decorator
    result = await func(self, *args, **kwargs)  # skipcq: PYL-E1102
  File "C:\Users\ЕРАСЫЛ\AppData\Local\Programs\Python\Python310\lib\site-packages\telegram\_bot.py", line 3584, in get_updates
    await self._post(
  File "C:\Users\ЕРАСЫЛ\AppData\Local\Programs\Python\Python310\lib\site-packages\telegram\_bot.py", line 613, in _post
    return await self._do_post(
  File "C:\Users\ЕРАСЫЛ\AppData\Local\Programs\Python\Python310\lib\site-packages\telegram\ext\_extbot.py", line 340, in _do_post
    return await super()._do_post(
  File "C:\Users\ЕРАСЫЛ\AppData\Local\Programs\Python\Python310\lib\site-packages\telegram\_bot.py", line 641, in _do_post
    return await request.post(
  File "C:\Users\ЕРАСЫЛ\AppData\Local\Programs\Python\Python310\lib\site-packages\telegram\request\_baserequest.py", line 200, in post
    result = await self._request_wrapper(
  File "C:\Users\ЕРАСЫЛ\AppData\Local\Programs\Python\Python310\lib\site-packages\telegram\request\_baserequest.py", line 381, in _request_wrapper
    raise Conflict(message)
telegram.error.Conflict: Conflict: terminated by other getUpdates request; make sure that only one bot instance is running
2026-04-30 03:10:14,052 [ERROR] telegram.ext.Updater: Error while getting Updates: Conflict: terminated by other getUpdates request; make sure that only one bot instance is running
2026-04-30 03:10:14,053 [ERROR] telegram.ext.Application: No error handlers are registered, logging exception.
Traceback (most recent call last):
  File "C:\Users\ЕРАСЫЛ\AppData\Local\Programs\Python\Python310\lib\site-packages\telegram\ext\_updater.py", line 688, in _network_loop_retry
    if not await action_cb():
  File "C:\Users\ЕРАСЫЛ\AppData\Local\Programs\Python\Python310\lib\site-packages\telegram\ext\_updater.py", line 384, in polling_action_cb
    raise exc
  File "C:\Users\ЕРАСЫЛ\AppData\Local\Programs\Python\Python310\lib\site-packages\telegram\ext\_updater.py", line 373, in polling_action_cb
    updates = await self.bot.get_updates(
  File "C:\Users\ЕРАСЫЛ\AppData\Local\Programs\Python\Python310\lib\site-packages\telegram\ext\_extbot.py", line 558, in get_updates
    updates = await super().get_updates(
  File "C:\Users\ЕРАСЫЛ\AppData\Local\Programs\Python\Python310\lib\site-packages\telegram\_bot.py", line 525, in decorator
    result = await func(self, *args, **kwargs)  # skipcq: PYL-E1102
  File "C:\Users\ЕРАСЫЛ\AppData\Local\Programs\Python\Python310\lib\site-packages\telegram\_bot.py", line 3584, in get_updates
    await self._post(
  File "C:\Users\ЕРАСЫЛ\AppData\Local\Programs\Python\Python310\lib\site-packages\telegram\_bot.py", line 613, in _post
    return await self._do_post(
  File "C:\Users\ЕРАСЫЛ\AppData\Local\Programs\Python\Python310\lib\site-packages\telegram\ext\_extbot.py", line 340, in _do_post
    return await super()._do_post(
  File "C:\Users\ЕРАСЫЛ\AppData\Local\Programs\Python\Python310\lib\site-packages\telegram\_bot.py", line 641, in _do_post
    return await request.post(
  File "C:\Users\ЕРАСЫЛ\AppData\Local\Programs\Python\Python310\lib\site-packages\telegram\request\_baserequest.py", line 200, in post
    result = await self._request_wrapper(
  File "C:\Users\ЕРАСЫЛ\AppData\Local\Programs\Python\Python310\lib\site-packages\telegram\request\_baserequest.py", line 381, in _request_wrapper
    raise Conflict(message)
telegram.error.Conflict: Conflict: terminated by other getUpdates request; make sure that only one bot instance is running
2026-04-30 03:10:19,406 [ERROR] telegram.ext.Updater: Error while getting Updates: Conflict: terminated by other getUpdates request; make sure that only one bot instance is running
2026-04-30 03:10:19,407 [ERROR] telegram.ext.Application: No error handlers are registered, logging exception.
Traceback (most recent call last):
  File "C:\Users\ЕРАСЫЛ\AppData\Local\Programs\Python\Python310\lib\site-packages\telegram\ext\_updater.py", line 688, in _network_loop_retry
    if not await action_cb():
  File "C:\Users\ЕРАСЫЛ\AppData\Local\Programs\Python\Python310\lib\site-packages\telegram\ext\_updater.py", line 384, in polling_action_cb
    raise exc
  File "C:\Users\ЕРАСЫЛ\AppData\Local\Programs\Python\Python310\lib\site-packages\telegram\ext\_updater.py", line 373, in polling_action_cb
    updates = await self.bot.get_updates(
  File "C:\Users\ЕРАСЫЛ\AppData\Local\Programs\Python\Python310\lib\site-packages\telegram\ext\_extbot.py", line 558, in get_updates
    updates = await super().get_updates(
  File "C:\Users\ЕРАСЫЛ\AppData\Local\Programs\Python\Python310\lib\site-packages\telegram\_bot.py", line 525, in decorator
    result = await func(self, *args, **kwargs)  # skipcq: PYL-E1102
  File "C:\Users\ЕРАСЫЛ\AppData\Local\Programs\Python\Python310\lib\site-packages\telegram\_bot.py", line 3584, in get_updates
    await self._post(
  File "C:\Users\ЕРАСЫЛ\AppData\Local\Programs\Python\Python310\lib\site-packages\telegram\_bot.py", line 613, in _post
    return await self._do_post(
  File "C:\Users\ЕРАСЫЛ\AppData\Local\Programs\Python\Python310\lib\site-packages\telegram\ext\_extbot.py", line 340, in _do_post
    return await super()._do_post(
  File "C:\Users\ЕРАСЫЛ\AppData\Local\Programs\Python\Python310\lib\site-packages\telegram\_bot.py", line 641, in _do_post
    return await request.post(
  File "C:\Users\ЕРАСЫЛ\AppData\Local\Programs\Python\Python310\lib\site-packages\telegram\request\_baserequest.py", line 200, in post
    result = await self._request_wrapper(
  File "C:\Users\ЕРАСЫЛ\AppData\Local\Programs\Python\Python310\lib\site-packages\telegram\request\_baserequest.py", line 381, in _request_wrapper
    raise Conflict(message)
telegram.error.Conflict: Conflict: terminated by other getUpdates request; make sure that only one bot instance is running
2026-04-30 03:10:24,008 [ERROR] telegram.ext.Updater: Error while getting Updates: Conflict: terminated by other getUpdates request; make sure that only one bot instance is running
2026-04-30 03:10:24,008 [ERROR] telegram.ext.Application: No error handlers are registered, logging exception.
Traceback (most recent call last):
  File "C:\Users\ЕРАСЫЛ\AppData\Local\Programs\Python\Python310\lib\site-packages\telegram\ext\_updater.py", line 688, in _network_loop_retry
    if not await action_cb():
  File "C:\Users\ЕРАСЫЛ\AppData\Local\Programs\Python\Python310\lib\site-packages\telegram\ext\_updater.py", line 384, in polling_action_cb
    raise exc
  File "C:\Users\ЕРАСЫЛ\AppData\Local\Programs\Python\Python310\lib\site-packages\telegram\ext\_updater.py", line 373, in polling_action_cb
    updates = await self.bot.get_updates(
  File "C:\Users\ЕРАСЫЛ\AppData\Local\Programs\Python\Python310\lib\site-packages\telegram\ext\_extbot.py", line 558, in get_updates
    updates = await super().get_updates(
  File "C:\Users\ЕРАСЫЛ\AppData\Local\Programs\Python\Python310\lib\site-packages\telegram\_bot.py", line 525, in decorator
    result = await func(self, *args, **kwargs)  # skipcq: PYL-E1102
  File "C:\Users\ЕРАСЫЛ\AppData\Local\Programs\Python\Python310\lib\site-packages\telegram\_bot.py", line 3584, in get_updates
    await self._post(
  File "C:\Users\ЕРАСЫЛ\AppData\Local\Programs\Python\Python310\lib\site-packages\telegram\_bot.py", line 613, in _post
    return await self._do_post(
  File "C:\Users\ЕРАСЫЛ\AppData\Local\Programs\Python\Python310\lib\site-packages\telegram\ext\_extbot.py", line 340, in _do_post
    return await super()._do_post(
  File "C:\Users\ЕРАСЫЛ\AppData\Local\Programs\Python\Python310\lib\site-packages\telegram\_bot.py", line 641, in _do_post
    return await request.post(
  File "C:\Users\ЕРАСЫЛ\AppData\Local\Programs\Python\Python310\lib\site-packages\telegram\request\_baserequest.py", line 200, in post
    result = await self._request_wrapper(
  File "C:\Users\ЕРАСЫЛ\AppData\Local\Programs\Python\Python310\lib\site-packages\telegram\request\_baserequest.py", line 381, in _request_wrapper
    raise Conflict(message)
telegram.error.Conflict: Conflict: terminated by other getUpdates request; make sure that only one bot instance is running
2026-04-30 03:10:31,898 [ERROR] telegram.ext.Updater: Error while getting Updates: Conflict: terminated by other getUpdates request; make sure that only one bot instance is running
2026-04-30 03:10:31,899 [ERROR] telegram.ext.Application: No error handlers are registered, logging exception.
Traceback (most recent call last):
  File "C:\Users\ЕРАСЫЛ\AppData\Local\Programs\Python\Python310\lib\site-packages\telegram\ext\_updater.py", line 688, in _network_loop_retry
    if not await action_cb():
  File "C:\Users\ЕРАСЫЛ\AppData\Local\Programs\Python\Python310\lib\site-packages\telegram\ext\_updater.py", line 384, in polling_action_cb
    raise exc
  File "C:\Users\ЕРАСЫЛ\AppData\Local\Programs\Python\Python310\lib\site-packages\telegram\ext\_updater.py", line 373, in polling_action_cb
    updates = await self.bot.get_updates(
  File "C:\Users\ЕРАСЫЛ\AppData\Local\Programs\Python\Python310\lib\site-packages\telegram\ext\_extbot.py", line 558, in get_updates
    updates = await super().get_updates(
  File "C:\Users\ЕРАСЫЛ\AppData\Local\Programs\Python\Python310\lib\site-packages\telegram\_bot.py", line 525, in decorator
    result = await func(self, *args, **kwargs)  # skipcq: PYL-E1102
  File "C:\Users\ЕРАСЫЛ\AppData\Local\Programs\Python\Python310\lib\site-packages\telegram\_bot.py", line 3584, in get_updates
    await self._post(
  File "C:\Users\ЕРАСЫЛ\AppData\Local\Programs\Python\Python310\lib\site-packages\telegram\_bot.py", line 613, in _post
    return await self._do_post(
  File "C:\Users\ЕРАСЫЛ\AppData\Local\Programs\Python\Python310\lib\site-packages\telegram\ext\_extbot.py", line 340, in _do_post
    return await super()._do_post(
  File "C:\Users\ЕРАСЫЛ\AppData\Local\Programs\Python\Python310\lib\site-packages\telegram\_bot.py", line 641, in _do_post
    return await request.post(
  File "C:\Users\ЕРАСЫЛ\AppData\Local\Programs\Python\Python310\lib\site-packages\telegram\request\_baserequest.py", line 200, in post
    result = await self._request_wrapper(
  File "C:\Users\ЕРАСЫЛ\AppData\Local\Programs\Python\Python310\lib\site-packages\telegram\request\_baserequest.py", line 381, in _request_wrapper
    raise Conflict(message)
telegram.error.Conflict: Conflict: terminated by other getUpdates request; make sure that only one bot instance is running
2026-04-30 03:10:36,000 [ERROR] telegram.ext.Updater: Error while getting Updates: Conflict: terminated by other getUpdates request; make sure that only one bot instance is running
2026-04-30 03:10:36,001 [ERROR] telegram.ext.Application: No error handlers are registered, logging exception.
Traceback (most recent call last):
  File "C:\Users\ЕРАСЫЛ\AppData\Local\Programs\Python\Python310\lib\site-packages\telegram\ext\_updater.py", line 688, in _network_loop_retry
    if not await action_cb():
  File "C:\Users\ЕРАСЫЛ\AppData\Local\Programs\Python\Python310\lib\site-packages\telegram\ext\_updater.py", line 384, in polling_action_cb
    raise exc
  File "C:\Users\ЕРАСЫЛ\AppData\Local\Programs\Python\Python310\lib\site-packages\telegram\ext\_updater.py", line 373, in polling_action_cb
    updates = await self.bot.get_updates(
  File "C:\Users\ЕРАСЫЛ\AppData\Local\Programs\Python\Python310\lib\site-packages\telegram\ext\_extbot.py", line 558, in get_updates
    updates = await super().get_updates(
  File "C:\Users\ЕРАСЫЛ\AppData\Local\Programs\Python\Python310\lib\site-packages\telegram\_bot.py", line 525, in decorator
    result = await func(self, *args, **kwargs)  # skipcq: PYL-E1102
  File "C:\Users\ЕРАСЫЛ\AppData\Local\Programs\Python\Python310\lib\site-packages\telegram\_bot.py", line 3584, in get_updates
    await self._post(
  File "C:\Users\ЕРАСЫЛ\AppData\Local\Programs\Python\Python310\lib\site-packages\telegram\_bot.py", line 613, in _post
    return await self._do_post(
  File "C:\Users\ЕРАСЫЛ\AppData\Local\Programs\Python\Python310\lib\site-packages\telegram\ext\_extbot.py", line 340, in _do_post
    return await super()._do_post(
  File "C:\Users\ЕРАСЫЛ\AppData\Local\Programs\Python\Python310\lib\site-packages\telegram\_bot.py", line 641, in _do_post
    return await request.post(
  File "C:\Users\ЕРАСЫЛ\AppData\Local\Programs\Python\Python310\lib\site-packages\telegram\request\_baserequest.py", line 200, in post
    result = await self._request_wrapper(
  File "C:\Users\ЕРАСЫЛ\AppData\Local\Programs\Python\Python310\lib\site-packages\telegram\request\_baserequest.py", line 381, in _request_wrapper
    raise Conflict(message)
telegram.error.Conflict: Conflict: terminated by other getUpdates request; make sure that only one bot instance is running
2026-04-30 03:11:05,727 [INFO] __main__: Запуск Taldau Bot...
2026-04-30 03:11:05,744 [INFO] __main__: ✅ Бот запущен. Для остановки нажми Ctrl+C.
2026-04-30 03:11:06,178 [INFO] __main__: Команды бота зарегистрированы
2026-04-30 03:11:06,274 [INFO] apscheduler.scheduler: Scheduler started
2026-04-30 03:11:30,276 [WARNING] ai_analyzer: GEMINI_API_KEY не задан — анализ пропущен
2026-04-30 03:13:44,712 [INFO] __main__: Запуск Taldau Bot...
2026-04-30 03:13:44,728 [INFO] __main__: ✅ Бот запущен. Для остановки нажми Ctrl+C.
2026-04-30 03:13:45,398 [INFO] __main__: Команды бота зарегистрированы
2026-04-30 03:13:45,488 [INFO] apscheduler.scheduler: Scheduler started
2026-04-30 03:14:30,217 [ERROR] ai_analyzer: Gemini API HTTP ошибка: 404 Client Error: Not Found for url: https://generativelanguage.googleapis.com/v1beta/models/gemini-1.5-flash:generateContent?key=AIzaSyBdzXpHCCzrVt5FZ5tCQu9JjdqY28QYby0
2026-04-30 03:18:12,037 [INFO] apscheduler.scheduler: Scheduler has been shut down
2026-04-30 03:18:14,825 [INFO] __main__: Запуск Taldau Bot...
2026-04-30 03:18:14,841 [INFO] __main__: ✅ Бот запущен. Для остановки нажми Ctrl+C.
2026-04-30 03:18:15,241 [INFO] __main__: Команды бота зарегистрированы
2026-04-30 03:18:15,331 [INFO] apscheduler.scheduler: Scheduler started
2026-04-30 03:21:56,471 [INFO] apscheduler.scheduler: Scheduler has been shut down
2026-04-30 03:21:59,561 [INFO] __main__: Запуск Taldau Bot...
2026-04-30 03:21:59,576 [INFO] __main__: ✅ Бот запущен. Для остановки нажми Ctrl+C.
2026-04-30 03:22:00,009 [INFO] __main__: Команды бота зарегистрированы
2026-04-30 03:22:00,105 [INFO] apscheduler.scheduler: Scheduler started
2026-04-30 03:22:11,137 [WARNING] handlers.cpi: AI-анализ (фильтр) не удался: 'last_period'
2026-04-30 09:44:16,424 [ERROR] telegram.ext.Updater: Error while getting Updates: httpx.ConnectError: [Errno 11001] getaddrinfo failed
2026-04-30 09:44:16,523 [ERROR] telegram.ext.Application: No error handlers are registered, logging exception.
Traceback (most recent call last):
  File "C:\Users\ЕРАСЫЛ\AppData\Local\Programs\Python\Python310\lib\site-packages\httpx\_transports\default.py", line 66, in map_httpcore_exceptions
    yield
  File "C:\Users\ЕРАСЫЛ\AppData\Local\Programs\Python\Python310\lib\site-packages\httpx\_transports\default.py", line 366, in handle_async_request
    resp = await self._pool.handle_async_request(req)
  File "C:\Users\ЕРАСЫЛ\AppData\Local\Programs\Python\Python310\lib\site-packages\httpcore\_async\connection_pool.py", line 256, in handle_async_request
    raise exc from None
  File "C:\Users\ЕРАСЫЛ\AppData\Local\Programs\Python\Python310\lib\site-packages\httpcore\_async\connection_pool.py", line 236, in handle_async_request
    response = await connection.handle_async_request(
  File "C:\Users\ЕРАСЫЛ\AppData\Local\Programs\Python\Python310\lib\site-packages\httpcore\_async\connection.py", line 101, in handle_async_request
    raise exc
  File "C:\Users\ЕРАСЫЛ\AppData\Local\Programs\Python\Python310\lib\site-packages\httpcore\_async\connection.py", line 78, in handle_async_request
    stream = await self._connect(request)
  File "C:\Users\ЕРАСЫЛ\AppData\Local\Programs\Python\Python310\lib\site-packages\httpcore\_async\connection.py", line 124, in _connect
    stream = await self._network_backend.connect_tcp(**kwargs)
  File "C:\Users\ЕРАСЫЛ\AppData\Local\Programs\Python\Python310\lib\site-packages\httpcore\_backends\auto.py", line 31, in connect_tcp
    return await self._backend.connect_tcp(
  File "C:\Users\ЕРАСЫЛ\AppData\Local\Programs\Python\Python310\lib\site-packages\httpcore\_backends\anyio.py", line 113, in connect_tcp
    with map_exceptions(exc_map):
  File "C:\Users\ЕРАСЫЛ\AppData\Local\Programs\Python\Python310\lib\contextlib.py", line 153, in __exit__
    self.gen.throw(typ, value, traceback)
  File "C:\Users\ЕРАСЫЛ\AppData\Local\Programs\Python\Python310\lib\site-packages\httpcore\_exceptions.py", line 14, in map_exceptions
    raise to_exc(exc) from exc
httpcore.ConnectError: [Errno 11001] getaddrinfo failed

The above exception was the direct cause of the following exception:

Traceback (most recent call last):
  File "C:\Users\ЕРАСЫЛ\AppData\Local\Programs\Python\Python310\lib\site-packages\telegram\request\_httpxrequest.py", line 268, in do_request
    res = await self._client.request(
  File "C:\Users\ЕРАСЫЛ\AppData\Local\Programs\Python\Python310\lib\site-packages\httpx\_client.py", line 1530, in request
    return await self.send(request, auth=auth, follow_redirects=follow_redirects)
  File "C:\Users\ЕРАСЫЛ\AppData\Local\Programs\Python\Python310\lib\site-packages\httpx\_client.py", line 1617, in send
    response = await self._send_handling_auth(
  File "C:\Users\ЕРАСЫЛ\AppData\Local\Programs\Python\Python310\lib\site-packages\httpx\_client.py", line 1645, in _send_handling_auth
    response = await self._send_handling_redirects(
  File "C:\Users\ЕРАСЫЛ\AppData\Local\Programs\Python\Python310\lib\site-packages\httpx\_client.py", line 1682, in _send_handling_redirects
    response = await self._send_single_request(request)
  File "C:\Users\ЕРАСЫЛ\AppData\Local\Programs\Python\Python310\lib\site-packages\httpx\_client.py", line 1719, in _send_single_request
    response = await transport.handle_async_request(request)
  File "C:\Users\ЕРАСЫЛ\AppData\Local\Programs\Python\Python310\lib\site-packages\httpx\_transports\default.py", line 365, in handle_async_request
    with map_httpcore_exceptions():
  File "C:\Users\ЕРАСЫЛ\AppData\Local\Programs\Python\Python310\lib\contextlib.py", line 153, in __exit__
    self.gen.throw(typ, value, traceback)
  File "C:\Users\ЕРАСЫЛ\AppData\Local\Programs\Python\Python310\lib\site-packages\httpx\_transports\default.py", line 83, in map_httpcore_exceptions
    raise mapped_exc(message) from exc
httpx.ConnectError: [Errno 11001] getaddrinfo failed

The above exception was the direct cause of the following exception:

Traceback (most recent call last):
  File "C:\Users\ЕРАСЫЛ\AppData\Local\Programs\Python\Python310\lib\site-packages\telegram\ext\_updater.py", line 688, in _network_loop_retry
    if not await action_cb():
  File "C:\Users\ЕРАСЫЛ\AppData\Local\Programs\Python\Python310\lib\site-packages\telegram\ext\_updater.py", line 384, in polling_action_cb
    raise exc
  File "C:\Users\ЕРАСЫЛ\AppData\Local\Programs\Python\Python310\lib\site-packages\telegram\ext\_updater.py", line 373, in polling_action_cb
    updates = await self.bot.get_updates(
  File "C:\Users\ЕРАСЫЛ\AppData\Local\Programs\Python\Python310\lib\site-packages\telegram\ext\_extbot.py", line 558, in get_updates
    updates = await super().get_updates(
  File "C:\Users\ЕРАСЫЛ\AppData\Local\Programs\Python\Python310\lib\site-packages\telegram\_bot.py", line 525, in decorator
    result = await func(self, *args, **kwargs)  # skipcq: PYL-E1102
  File "C:\Users\ЕРАСЫЛ\AppData\Local\Programs\Python\Python310\lib\site-packages\telegram\_bot.py", line 3584, in get_updates
    await self._post(
  File "C:\Users\ЕРАСЫЛ\AppData\Local\Programs\Python\Python310\lib\site-packages\telegram\_bot.py", line 613, in _post
    return await self._do_post(
  File "C:\Users\ЕРАСЫЛ\AppData\Local\Programs\Python\Python310\lib\site-packages\telegram\ext\_extbot.py", line 340, in _do_post
    return await super()._do_post(
  File "C:\Users\ЕРАСЫЛ\AppData\Local\Programs\Python\Python310\lib\site-packages\telegram\_bot.py", line 641, in _do_post
    return await request.post(
  File "C:\Users\ЕРАСЫЛ\AppData\Local\Programs\Python\Python310\lib\site-packages\telegram\request\_baserequest.py", line 200, in post
    result = await self._request_wrapper(
  File "C:\Users\ЕРАСЫЛ\AppData\Local\Programs\Python\Python310\lib\site-packages\telegram\request\_baserequest.py", line 340, in _request_wrapper
    raise exc
  File "C:\Users\ЕРАСЫЛ\AppData\Local\Programs\Python\Python310\lib\site-packages\telegram\request\_baserequest.py", line 330, in _request_wrapper
    code, payload = await self.do_request(
  File "C:\Users\ЕРАСЫЛ\AppData\Local\Programs\Python\Python310\lib\site-packages\telegram\request\_httpxrequest.py", line 292, in do_request
    raise NetworkError(f"httpx.{err.__class__.__name__}: {err}") from err
telegram.error.NetworkError: httpx.ConnectError: [Errno 11001] getaddrinfo failed
2026-04-30 10:55:28,666 [INFO] apscheduler.scheduler: Scheduler has been shut down
2026-04-30 10:55:38,917 [INFO] __main__: Запуск Taldau Bot...
2026-04-30 10:55:38,979 [INFO] __main__: ✅ Бот запущен. Для остановки нажми Ctrl+C.
2026-04-30 10:55:39,471 [INFO] __main__: Команды бота зарегистрированы
2026-04-30 10:55:39,570 [INFO] apscheduler.scheduler: Scheduler started
2026-04-30 10:58:19,739 [INFO] apscheduler.scheduler: Scheduler has been shut down
2026-04-30 10:58:23,666 [INFO] __main__: Запуск Taldau Bot...
2026-04-30 10:58:23,684 [INFO] __main__: ✅ Бот запущен. Для остановки нажми Ctrl+C.
2026-04-30 10:58:24,182 [INFO] __main__: Команды бота зарегистрированы
2026-04-30 10:58:24,282 [INFO] apscheduler.scheduler: Scheduler started
2026-04-30 10:59:46,792 [INFO] core.storage: Мастер загружен: 75,047 строк, 38 колонок
2026-04-30 11:08:19,341 [INFO] apscheduler.scheduler: Scheduler has been shut down
2026-04-30 11:08:22,609 [INFO] __main__: Запуск Taldau Bot...
2026-04-30 11:08:22,626 [INFO] __main__: ✅ Бот запущен. Для остановки нажми Ctrl+C.
2026-04-30 11:08:23,076 [INFO] __main__: Команды бота зарегистрированы
2026-04-30 11:08:23,175 [INFO] apscheduler.scheduler: Scheduler started
2026-04-30 11:08:44,013 [INFO] core.storage: Мастер загружен: 75,047 строк, 38 колонок
2026-04-30 11:08:50,461 [INFO] core.storage: Мастер загружен: 75,047 строк, 38 колонок
2026-04-30 11:09:42,785 [INFO] apscheduler.scheduler: Scheduler has been shut down
2026-04-30 16:46:25,409 [INFO] __main__: Запуск Taldau Bot...
2026-04-30 16:46:25,461 [INFO] __main__: ✅ Бот запущен. Для остановки нажми Ctrl+C.
2026-04-30 16:46:25,989 [INFO] __main__: Команды бота зарегистрированы
2026-04-30 16:46:26,096 [INFO] apscheduler.scheduler: Scheduler started
2026-04-30 16:46:40,121 [INFO] core.storage: Мастер загружен: 75,047 строк, 38 колонок
2026-04-30 18:54:34,438 [ERROR] telegram.ext.Updater: Error while getting Updates: httpx.ConnectError: [Errno 11001] getaddrinfo failed
2026-04-30 18:54:34,820 [ERROR] telegram.ext.Application: No error handlers are registered, logging exception.
Traceback (most recent call last):
  File "C:\Users\ЕРАСЫЛ\AppData\Local\Programs\Python\Python310\lib\site-packages\httpx\_transports\default.py", line 66, in map_httpcore_exceptions
    yield
  File "C:\Users\ЕРАСЫЛ\AppData\Local\Programs\Python\Python310\lib\site-packages\httpx\_transports\default.py", line 366, in handle_async_request
    resp = await self._pool.handle_async_request(req)
  File "C:\Users\ЕРАСЫЛ\AppData\Local\Programs\Python\Python310\lib\site-packages\httpcore\_async\connection_pool.py", line 256, in handle_async_request
    raise exc from None
  File "C:\Users\ЕРАСЫЛ\AppData\Local\Programs\Python\Python310\lib\site-packages\httpcore\_async\connection_pool.py", line 236, in handle_async_request
    response = await connection.handle_async_request(
  File "C:\Users\ЕРАСЫЛ\AppData\Local\Programs\Python\Python310\lib\site-packages\httpcore\_async\connection.py", line 101, in handle_async_request
    raise exc
  File "C:\Users\ЕРАСЫЛ\AppData\Local\Programs\Python\Python310\lib\site-packages\httpcore\_async\connection.py", line 78, in handle_async_request
    stream = await self._connect(request)
  File "C:\Users\ЕРАСЫЛ\AppData\Local\Programs\Python\Python310\lib\site-packages\httpcore\_async\connection.py", line 124, in _connect
    stream = await self._network_backend.connect_tcp(**kwargs)
  File "C:\Users\ЕРАСЫЛ\AppData\Local\Programs\Python\Python310\lib\site-packages\httpcore\_backends\auto.py", line 31, in connect_tcp
    return await self._backend.connect_tcp(
  File "C:\Users\ЕРАСЫЛ\AppData\Local\Programs\Python\Python310\lib\site-packages\httpcore\_backends\anyio.py", line 113, in connect_tcp
    with map_exceptions(exc_map):
  File "C:\Users\ЕРАСЫЛ\AppData\Local\Programs\Python\Python310\lib\contextlib.py", line 153, in __exit__
    self.gen.throw(typ, value, traceback)
  File "C:\Users\ЕРАСЫЛ\AppData\Local\Programs\Python\Python310\lib\site-packages\httpcore\_exceptions.py", line 14, in map_exceptions
    raise to_exc(exc) from exc
httpcore.ConnectError: [Errno 11001] getaddrinfo failed

The above exception was the direct cause of the following exception:

Traceback (most recent call last):
  File "C:\Users\ЕРАСЫЛ\AppData\Local\Programs\Python\Python310\lib\site-packages\telegram\request\_httpxrequest.py", line 268, in do_request
    res = await self._client.request(
  File "C:\Users\ЕРАСЫЛ\AppData\Local\Programs\Python\Python310\lib\site-packages\httpx\_client.py", line 1530, in request
    return await self.send(request, auth=auth, follow_redirects=follow_redirects)
  File "C:\Users\ЕРАСЫЛ\AppData\Local\Programs\Python\Python310\lib\site-packages\httpx\_client.py", line 1617, in send
    response = await self._send_handling_auth(
  File "C:\Users\ЕРАСЫЛ\AppData\Local\Programs\Python\Python310\lib\site-packages\httpx\_client.py", line 1645, in _send_handling_auth
    response = await self._send_handling_redirects(
  File "C:\Users\ЕРАСЫЛ\AppData\Local\Programs\Python\Python310\lib\site-packages\httpx\_client.py", line 1682, in _send_handling_redirects
    response = await self._send_single_request(request)
  File "C:\Users\ЕРАСЫЛ\AppData\Local\Programs\Python\Python310\lib\site-packages\httpx\_client.py", line 1719, in _send_single_request
    response = await transport.handle_async_request(request)
  File "C:\Users\ЕРАСЫЛ\AppData\Local\Programs\Python\Python310\lib\site-packages\httpx\_transports\default.py", line 365, in handle_async_request
    with map_httpcore_exceptions():
  File "C:\Users\ЕРАСЫЛ\AppData\Local\Programs\Python\Python310\lib\contextlib.py", line 153, in __exit__
    self.gen.throw(typ, value, traceback)
  File "C:\Users\ЕРАСЫЛ\AppData\Local\Programs\Python\Python310\lib\site-packages\httpx\_transports\default.py", line 83, in map_httpcore_exceptions
    raise mapped_exc(message) from exc
httpx.ConnectError: [Errno 11001] getaddrinfo failed

The above exception was the direct cause of the following exception:

Traceback (most recent call last):
  File "C:\Users\ЕРАСЫЛ\AppData\Local\Programs\Python\Python310\lib\site-packages\telegram\ext\_updater.py", line 688, in _network_loop_retry
    if not await action_cb():
  File "C:\Users\ЕРАСЫЛ\AppData\Local\Programs\Python\Python310\lib\site-packages\telegram\ext\_updater.py", line 384, in polling_action_cb
    raise exc
  File "C:\Users\ЕРАСЫЛ\AppData\Local\Programs\Python\Python310\lib\site-packages\telegram\ext\_updater.py", line 373, in polling_action_cb
    updates = await self.bot.get_updates(
  File "C:\Users\ЕРАСЫЛ\AppData\Local\Programs\Python\Python310\lib\site-packages\telegram\ext\_extbot.py", line 558, in get_updates
    updates = await super().get_updates(
  File "C:\Users\ЕРАСЫЛ\AppData\Local\Programs\Python\Python310\lib\site-packages\telegram\_bot.py", line 525, in decorator
    result = await func(self, *args, **kwargs)  # skipcq: PYL-E1102
  File "C:\Users\ЕРАСЫЛ\AppData\Local\Programs\Python\Python310\lib\site-packages\telegram\_bot.py", line 3584, in get_updates
    await self._post(
  File "C:\Users\ЕРАСЫЛ\AppData\Local\Programs\Python\Python310\lib\site-packages\telegram\_bot.py", line 613, in _post
    return await self._do_post(
  File "C:\Users\ЕРАСЫЛ\AppData\Local\Programs\Python\Python310\lib\site-packages\telegram\ext\_extbot.py", line 340, in _do_post
    return await super()._do_post(
  File "C:\Users\ЕРАСЫЛ\AppData\Local\Programs\Python\Python310\lib\site-packages\telegram\_bot.py", line 641, in _do_post
    return await request.post(
  File "C:\Users\ЕРАСЫЛ\AppData\Local\Programs\Python\Python310\lib\site-packages\telegram\request\_baserequest.py", line 200, in post
    result = await self._request_wrapper(
  File "C:\Users\ЕРАСЫЛ\AppData\Local\Programs\Python\Python310\lib\site-packages\telegram\request\_baserequest.py", line 340, in _request_wrapper
    raise exc
  File "C:\Users\ЕРАСЫЛ\AppData\Local\Programs\Python\Python310\lib\site-packages\telegram\request\_baserequest.py", line 330, in _request_wrapper
    code, payload = await self.do_request(
  File "C:\Users\ЕРАСЫЛ\AppData\Local\Programs\Python\Python310\lib\site-packages\telegram\request\_httpxrequest.py", line 292, in do_request
    raise NetworkError(f"httpx.{err.__class__.__name__}: {err}") from err
telegram.error.NetworkError: httpx.ConnectError: [Errno 11001] getaddrinfo failed
2026-04-30 18:54:37,777 [ERROR] telegram.ext.Updater: Error while getting Updates: httpx.ConnectError: [Errno 11001] getaddrinfo failed
2026-04-30 18:54:37,790 [ERROR] telegram.ext.Application: No error handlers are registered, logging exception.
Traceback (most recent call last):
  File "C:\Users\ЕРАСЫЛ\AppData\Local\Programs\Python\Python310\lib\site-packages\httpx\_transports\default.py", line 66, in map_httpcore_exceptions
    yield
  File "C:\Users\ЕРАСЫЛ\AppData\Local\Programs\Python\Python310\lib\site-packages\httpx\_transports\default.py", line 366, in handle_async_request
    resp = await self._pool.handle_async_request(req)
  File "C:\Users\ЕРАСЫЛ\AppData\Local\Programs\Python\Python310\lib\site-packages\httpcore\_async\connection_pool.py", line 256, in handle_async_request
    raise exc from None
  File "C:\Users\ЕРАСЫЛ\AppData\Local\Programs\Python\Python310\lib\site-packages\httpcore\_async\connection_pool.py", line 236, in handle_async_request
    response = await connection.handle_async_request(
  File "C:\Users\ЕРАСЫЛ\AppData\Local\Programs\Python\Python310\lib\site-packages\httpcore\_async\connection.py", line 101, in handle_async_request
    raise exc
  File "C:\Users\ЕРАСЫЛ\AppData\Local\Programs\Python\Python310\lib\site-packages\httpcore\_async\connection.py", line 78, in handle_async_request
    stream = await self._connect(request)
  File "C:\Users\ЕРАСЫЛ\AppData\Local\Programs\Python\Python310\lib\site-packages\httpcore\_async\connection.py", line 124, in _connect
    stream = await self._network_backend.connect_tcp(**kwargs)
  File "C:\Users\ЕРАСЫЛ\AppData\Local\Programs\Python\Python310\lib\site-packages\httpcore\_backends\auto.py", line 31, in connect_tcp
    return await self._backend.connect_tcp(
  File "C:\Users\ЕРАСЫЛ\AppData\Local\Programs\Python\Python310\lib\site-packages\httpcore\_backends\anyio.py", line 113, in connect_tcp
    with map_exceptions(exc_map):
  File "C:\Users\ЕРАСЫЛ\AppData\Local\Programs\Python\Python310\lib\contextlib.py", line 153, in __exit__
    self.gen.throw(typ, value, traceback)
  File "C:\Users\ЕРАСЫЛ\AppData\Local\Programs\Python\Python310\lib\site-packages\httpcore\_exceptions.py", line 14, in map_exceptions
    raise to_exc(exc) from exc
httpcore.ConnectError: [Errno 11001] getaddrinfo failed

The above exception was the direct cause of the following exception:

Traceback (most recent call last):
  File "C:\Users\ЕРАСЫЛ\AppData\Local\Programs\Python\Python310\lib\site-packages\telegram\request\_httpxrequest.py", line 268, in do_request
    res = await self._client.request(
  File "C:\Users\ЕРАСЫЛ\AppData\Local\Programs\Python\Python310\lib\site-packages\httpx\_client.py", line 1530, in request
    return await self.send(request, auth=auth, follow_redirects=follow_redirects)
  File "C:\Users\ЕРАСЫЛ\AppData\Local\Programs\Python\Python310\lib\site-packages\httpx\_client.py", line 1617, in send
    response = await self._send_handling_auth(
  File "C:\Users\ЕРАСЫЛ\AppData\Local\Programs\Python\Python310\lib\site-packages\httpx\_client.py", line 1645, in _send_handling_auth
    response = await self._send_handling_redirects(
  File "C:\Users\ЕРАСЫЛ\AppData\Local\Programs\Python\Python310\lib\site-packages\httpx\_client.py", line 1682, in _send_handling_redirects
    response = await self._send_single_request(request)
  File "C:\Users\ЕРАСЫЛ\AppData\Local\Programs\Python\Python310\lib\site-packages\httpx\_client.py", line 1719, in _send_single_request
    response = await transport.handle_async_request(request)
  File "C:\Users\ЕРАСЫЛ\AppData\Local\Programs\Python\Python310\lib\site-packages\httpx\_transports\default.py", line 365, in handle_async_request
    with map_httpcore_exceptions():
  File "C:\Users\ЕРАСЫЛ\AppData\Local\Programs\Python\Python310\lib\contextlib.py", line 153, in __exit__
    self.gen.throw(typ, value, traceback)
  File "C:\Users\ЕРАСЫЛ\AppData\Local\Programs\Python\Python310\lib\site-packages\httpx\_transports\default.py", line 83, in map_httpcore_exceptions
    raise mapped_exc(message) from exc
httpx.ConnectError: [Errno 11001] getaddrinfo failed

The above exception was the direct cause of the following exception:

Traceback (most recent call last):
  File "C:\Users\ЕРАСЫЛ\AppData\Local\Programs\Python\Python310\lib\site-packages\telegram\ext\_updater.py", line 688, in _network_loop_retry
    if not await action_cb():
  File "C:\Users\ЕРАСЫЛ\AppData\Local\Programs\Python\Python310\lib\site-packages\telegram\ext\_updater.py", line 384, in polling_action_cb
    raise exc
  File "C:\Users\ЕРАСЫЛ\AppData\Local\Programs\Python\Python310\lib\site-packages\telegram\ext\_updater.py", line 373, in polling_action_cb
    updates = await self.bot.get_updates(
  File "C:\Users\ЕРАСЫЛ\AppData\Local\Programs\Python\Python310\lib\site-packages\telegram\ext\_extbot.py", line 558, in get_updates
    updates = await super().get_updates(
  File "C:\Users\ЕРАСЫЛ\AppData\Local\Programs\Python\Python310\lib\site-packages\telegram\_bot.py", line 525, in decorator
    result = await func(self, *args, **kwargs)  # skipcq: PYL-E1102
  File "C:\Users\ЕРАСЫЛ\AppData\Local\Programs\Python\Python310\lib\site-packages\telegram\_bot.py", line 3584, in get_updates
    await self._post(
  File "C:\Users\ЕРАСЫЛ\AppData\Local\Programs\Python\Python310\lib\site-packages\telegram\_bot.py", line 613, in _post
    return await self._do_post(
  File "C:\Users\ЕРАСЫЛ\AppData\Local\Programs\Python\Python310\lib\site-packages\telegram\ext\_extbot.py", line 340, in _do_post
    return await super()._do_post(
  File "C:\Users\ЕРАСЫЛ\AppData\Local\Programs\Python\Python310\lib\site-packages\telegram\_bot.py", line 641, in _do_post
    return await request.post(
  File "C:\Users\ЕРАСЫЛ\AppData\Local\Programs\Python\Python310\lib\site-packages\telegram\request\_baserequest.py", line 200, in post
    result = await self._request_wrapper(
  File "C:\Users\ЕРАСЫЛ\AppData\Local\Programs\Python\Python310\lib\site-packages\telegram\request\_baserequest.py", line 340, in _request_wrapper
    raise exc
  File "C:\Users\ЕРАСЫЛ\AppData\Local\Programs\Python\Python310\lib\site-packages\telegram\request\_baserequest.py", line 330, in _request_wrapper
    code, payload = await self.do_request(
  File "C:\Users\ЕРАСЫЛ\AppData\Local\Programs\Python\Python310\lib\site-packages\telegram\request\_httpxrequest.py", line 292, in do_request
    raise NetworkError(f"httpx.{err.__class__.__name__}: {err}") from err
telegram.error.NetworkError: httpx.ConnectError: [Errno 11001] getaddrinfo failed
2026-05-01 00:56:19,463 [ERROR] telegram.ext.Updater: Error while getting Updates: httpx.ConnectError: [Errno 11001] getaddrinfo failed
2026-05-01 00:56:19,527 [ERROR] telegram.ext.Application: No error handlers are registered, logging exception.
Traceback (most recent call last):
  File "C:\Users\ЕРАСЫЛ\AppData\Local\Programs\Python\Python310\lib\site-packages\httpx\_transports\default.py", line 66, in map_httpcore_exceptions
    yield
  File "C:\Users\ЕРАСЫЛ\AppData\Local\Programs\Python\Python310\lib\site-packages\httpx\_transports\default.py", line 366, in handle_async_request
    resp = await self._pool.handle_async_request(req)
  File "C:\Users\ЕРАСЫЛ\AppData\Local\Programs\Python\Python310\lib\site-packages\httpcore\_async\connection_pool.py", line 256, in handle_async_request
    raise exc from None
  File "C:\Users\ЕРАСЫЛ\AppData\Local\Programs\Python\Python310\lib\site-packages\httpcore\_async\connection_pool.py", line 236, in handle_async_request
    response = await connection.handle_async_request(
  File "C:\Users\ЕРАСЫЛ\AppData\Local\Programs\Python\Python310\lib\site-packages\httpcore\_async\connection.py", line 101, in handle_async_request
    raise exc
  File "C:\Users\ЕРАСЫЛ\AppData\Local\Programs\Python\Python310\lib\site-packages\httpcore\_async\connection.py", line 78, in handle_async_request
    stream = await self._connect(request)
  File "C:\Users\ЕРАСЫЛ\AppData\Local\Programs\Python\Python310\lib\site-packages\httpcore\_async\connection.py", line 124, in _connect
    stream = await self._network_backend.connect_tcp(**kwargs)
  File "C:\Users\ЕРАСЫЛ\AppData\Local\Programs\Python\Python310\lib\site-packages\httpcore\_backends\auto.py", line 31, in connect_tcp
    return await self._backend.connect_tcp(
  File "C:\Users\ЕРАСЫЛ\AppData\Local\Programs\Python\Python310\lib\site-packages\httpcore\_backends\anyio.py", line 113, in connect_tcp
    with map_exceptions(exc_map):
  File "C:\Users\ЕРАСЫЛ\AppData\Local\Programs\Python\Python310\lib\contextlib.py", line 153, in __exit__
    self.gen.throw(typ, value, traceback)
  File "C:\Users\ЕРАСЫЛ\AppData\Local\Programs\Python\Python310\lib\site-packages\httpcore\_exceptions.py", line 14, in map_exceptions
    raise to_exc(exc) from exc
httpcore.ConnectError: [Errno 11001] getaddrinfo failed

The above exception was the direct cause of the following exception:

Traceback (most recent call last):
  File "C:\Users\ЕРАСЫЛ\AppData\Local\Programs\Python\Python310\lib\site-packages\telegram\request\_httpxrequest.py", line 268, in do_request
    res = await self._client.request(
  File "C:\Users\ЕРАСЫЛ\AppData\Local\Programs\Python\Python310\lib\site-packages\httpx\_client.py", line 1530, in request
    return await self.send(request, auth=auth, follow_redirects=follow_redirects)
  File "C:\Users\ЕРАСЫЛ\AppData\Local\Programs\Python\Python310\lib\site-packages\httpx\_client.py", line 1617, in send
    response = await self._send_handling_auth(
  File "C:\Users\ЕРАСЫЛ\AppData\Local\Programs\Python\Python310\lib\site-packages\httpx\_client.py", line 1645, in _send_handling_auth
    response = await self._send_handling_redirects(
  File "C:\Users\ЕРАСЫЛ\AppData\Local\Programs\Python\Python310\lib\site-packages\httpx\_client.py", line 1682, in _send_handling_redirects
    response = await self._send_single_request(request)
  File "C:\Users\ЕРАСЫЛ\AppData\Local\Programs\Python\Python310\lib\site-packages\httpx\_client.py", line 1719, in _send_single_request
    response = await transport.handle_async_request(request)
  File "C:\Users\ЕРАСЫЛ\AppData\Local\Programs\Python\Python310\lib\site-packages\httpx\_transports\default.py", line 365, in handle_async_request
    with map_httpcore_exceptions():
  File "C:\Users\ЕРАСЫЛ\AppData\Local\Programs\Python\Python310\lib\contextlib.py", line 153, in __exit__
    self.gen.throw(typ, value, traceback)
  File "C:\Users\ЕРАСЫЛ\AppData\Local\Programs\Python\Python310\lib\site-packages\httpx\_transports\default.py", line 83, in map_httpcore_exceptions
    raise mapped_exc(message) from exc
httpx.ConnectError: [Errno 11001] getaddrinfo failed

The above exception was the direct cause of the following exception:

Traceback (most recent call last):
  File "C:\Users\ЕРАСЫЛ\AppData\Local\Programs\Python\Python310\lib\site-packages\telegram\ext\_updater.py", line 688, in _network_loop_retry
    if not await action_cb():
  File "C:\Users\ЕРАСЫЛ\AppData\Local\Programs\Python\Python310\lib\site-packages\telegram\ext\_updater.py", line 384, in polling_action_cb
    raise exc
  File "C:\Users\ЕРАСЫЛ\AppData\Local\Programs\Python\Python310\lib\site-packages\telegram\ext\_updater.py", line 373, in polling_action_cb
    updates = await self.bot.get_updates(
  File "C:\Users\ЕРАСЫЛ\AppData\Local\Programs\Python\Python310\lib\site-packages\telegram\ext\_extbot.py", line 558, in get_updates
    updates = await super().get_updates(
  File "C:\Users\ЕРАСЫЛ\AppData\Local\Programs\Python\Python310\lib\site-packages\telegram\_bot.py", line 525, in decorator
    result = await func(self, *args, **kwargs)  # skipcq: PYL-E1102
  File "C:\Users\ЕРАСЫЛ\AppData\Local\Programs\Python\Python310\lib\site-packages\telegram\_bot.py", line 3584, in get_updates
    await self._post(
  File "C:\Users\ЕРАСЫЛ\AppData\Local\Programs\Python\Python310\lib\site-packages\telegram\_bot.py", line 613, in _post
    return await self._do_post(
  File "C:\Users\ЕРАСЫЛ\AppData\Local\Programs\Python\Python310\lib\site-packages\telegram\ext\_extbot.py", line 340, in _do_post
    return await super()._do_post(
  File "C:\Users\ЕРАСЫЛ\AppData\Local\Programs\Python\Python310\lib\site-packages\telegram\_bot.py", line 641, in _do_post
    return await request.post(
  File "C:\Users\ЕРАСЫЛ\AppData\Local\Programs\Python\Python310\lib\site-packages\telegram\request\_baserequest.py", line 200, in post
    result = await self._request_wrapper(
  File "C:\Users\ЕРАСЫЛ\AppData\Local\Programs\Python\Python310\lib\site-packages\telegram\request\_baserequest.py", line 340, in _request_wrapper
    raise exc
  File "C:\Users\ЕРАСЫЛ\AppData\Local\Programs\Python\Python310\lib\site-packages\telegram\request\_baserequest.py", line 330, in _request_wrapper
    code, payload = await self.do_request(
  File "C:\Users\ЕРАСЫЛ\AppData\Local\Programs\Python\Python310\lib\site-packages\telegram\request\_httpxrequest.py", line 292, in do_request
    raise NetworkError(f"httpx.{err.__class__.__name__}: {err}") from err
telegram.error.NetworkError: httpx.ConnectError: [Errno 11001] getaddrinfo failed
2026-05-01 00:56:21,951 [ERROR] telegram.ext.Updater: Error while getting Updates: httpx.ConnectError: [Errno 11001] getaddrinfo failed
2026-05-01 00:56:22,052 [ERROR] telegram.ext.Application: No error handlers are registered, logging exception.
Traceback (most recent call last):
  File "C:\Users\ЕРАСЫЛ\AppData\Local\Programs\Python\Python310\lib\site-packages\httpx\_transports\default.py", line 66, in map_httpcore_exceptions
    yield
  File "C:\Users\ЕРАСЫЛ\AppData\Local\Programs\Python\Python310\lib\site-packages\httpx\_transports\default.py", line 366, in handle_async_request
    resp = await self._pool.handle_async_request(req)
  File "C:\Users\ЕРАСЫЛ\AppData\Local\Programs\Python\Python310\lib\site-packages\httpcore\_async\connection_pool.py", line 256, in handle_async_request
    raise exc from None
  File "C:\Users\ЕРАСЫЛ\AppData\Local\Programs\Python\Python310\lib\site-packages\httpcore\_async\connection_pool.py", line 236, in handle_async_request
    response = await connection.handle_async_request(
  File "C:\Users\ЕРАСЫЛ\AppData\Local\Programs\Python\Python310\lib\site-packages\httpcore\_async\connection.py", line 101, in handle_async_request
    raise exc
  File "C:\Users\ЕРАСЫЛ\AppData\Local\Programs\Python\Python310\lib\site-packages\httpcore\_async\connection.py", line 78, in handle_async_request
    stream = await self._connect(request)
  File "C:\Users\ЕРАСЫЛ\AppData\Local\Programs\Python\Python310\lib\site-packages\httpcore\_async\connection.py", line 124, in _connect
    stream = await self._network_backend.connect_tcp(**kwargs)
  File "C:\Users\ЕРАСЫЛ\AppData\Local\Programs\Python\Python310\lib\site-packages\httpcore\_backends\auto.py", line 31, in connect_tcp
    return await self._backend.connect_tcp(
  File "C:\Users\ЕРАСЫЛ\AppData\Local\Programs\Python\Python310\lib\site-packages\httpcore\_backends\anyio.py", line 113, in connect_tcp
    with map_exceptions(exc_map):
  File "C:\Users\ЕРАСЫЛ\AppData\Local\Programs\Python\Python310\lib\contextlib.py", line 153, in __exit__
    self.gen.throw(typ, value, traceback)
  File "C:\Users\ЕРАСЫЛ\AppData\Local\Programs\Python\Python310\lib\site-packages\httpcore\_exceptions.py", line 14, in map_exceptions
    raise to_exc(exc) from exc
httpcore.ConnectError: [Errno 11001] getaddrinfo failed

The above exception was the direct cause of the following exception:

Traceback (most recent call last):
  File "C:\Users\ЕРАСЫЛ\AppData\Local\Programs\Python\Python310\lib\site-packages\telegram\request\_httpxrequest.py", line 268, in do_request
    res = await self._client.request(
  File "C:\Users\ЕРАСЫЛ\AppData\Local\Programs\Python\Python310\lib\site-packages\httpx\_client.py", line 1530, in request
    return await self.send(request, auth=auth, follow_redirects=follow_redirects)
  File "C:\Users\ЕРАСЫЛ\AppData\Local\Programs\Python\Python310\lib\site-packages\httpx\_client.py", line 1617, in send
    response = await self._send_handling_auth(
  File "C:\Users\ЕРАСЫЛ\AppData\Local\Programs\Python\Python310\lib\site-packages\httpx\_client.py", line 1645, in _send_handling_auth
    response = await self._send_handling_redirects(
  File "C:\Users\ЕРАСЫЛ\AppData\Local\Programs\Python\Python310\lib\site-packages\httpx\_client.py", line 1682, in _send_handling_redirects
    response = await self._send_single_request(request)
  File "C:\Users\ЕРАСЫЛ\AppData\Local\Programs\Python\Python310\lib\site-packages\httpx\_client.py", line 1719, in _send_single_request
    response = await transport.handle_async_request(request)
  File "C:\Users\ЕРАСЫЛ\AppData\Local\Programs\Python\Python310\lib\site-packages\httpx\_transports\default.py", line 365, in handle_async_request
    with map_httpcore_exceptions():
  File "C:\Users\ЕРАСЫЛ\AppData\Local\Programs\Python\Python310\lib\contextlib.py", line 153, in __exit__
    self.gen.throw(typ, value, traceback)
  File "C:\Users\ЕРАСЫЛ\AppData\Local\Programs\Python\Python310\lib\site-packages\httpx\_transports\default.py", line 83, in map_httpcore_exceptions
    raise mapped_exc(message) from exc
httpx.ConnectError: [Errno 11001] getaddrinfo failed

The above exception was the direct cause of the following exception:

Traceback (most recent call last):
  File "C:\Users\ЕРАСЫЛ\AppData\Local\Programs\Python\Python310\lib\site-packages\telegram\ext\_updater.py", line 688, in _network_loop_retry
    if not await action_cb():
  File "C:\Users\ЕРАСЫЛ\AppData\Local\Programs\Python\Python310\lib\site-packages\telegram\ext\_updater.py", line 384, in polling_action_cb
    raise exc
  File "C:\Users\ЕРАСЫЛ\AppData\Local\Programs\Python\Python310\lib\site-packages\telegram\ext\_updater.py", line 373, in polling_action_cb
    updates = await self.bot.get_updates(
  File "C:\Users\ЕРАСЫЛ\AppData\Local\Programs\Python\Python310\lib\site-packages\telegram\ext\_extbot.py", line 558, in get_updates
    updates = await super().get_updates(
  File "C:\Users\ЕРАСЫЛ\AppData\Local\Programs\Python\Python310\lib\site-packages\telegram\_bot.py", line 525, in decorator
    result = await func(self, *args, **kwargs)  # skipcq: PYL-E1102
  File "C:\Users\ЕРАСЫЛ\AppData\Local\Programs\Python\Python310\lib\site-packages\telegram\_bot.py", line 3584, in get_updates
    await self._post(
  File "C:\Users\ЕРАСЫЛ\AppData\Local\Programs\Python\Python310\lib\site-packages\telegram\_bot.py", line 613, in _post
    return await self._do_post(
  File "C:\Users\ЕРАСЫЛ\AppData\Local\Programs\Python\Python310\lib\site-packages\telegram\ext\_extbot.py", line 340, in _do_post
    return await super()._do_post(
  File "C:\Users\ЕРАСЫЛ\AppData\Local\Programs\Python\Python310\lib\site-packages\telegram\_bot.py", line 641, in _do_post
    return await request.post(
  File "C:\Users\ЕРАСЫЛ\AppData\Local\Programs\Python\Python310\lib\site-packages\telegram\request\_baserequest.py", line 200, in post
    result = await self._request_wrapper(
  File "C:\Users\ЕРАСЫЛ\AppData\Local\Programs\Python\Python310\lib\site-packages\telegram\request\_baserequest.py", line 340, in _request_wrapper
    raise exc
  File "C:\Users\ЕРАСЫЛ\AppData\Local\Programs\Python\Python310\lib\site-packages\telegram\request\_baserequest.py", line 330, in _request_wrapper
    code, payload = await self.do_request(
  File "C:\Users\ЕРАСЫЛ\AppData\Local\Programs\Python\Python310\lib\site-packages\telegram\request\_httpxrequest.py", line 292, in do_request
    raise NetworkError(f"httpx.{err.__class__.__name__}: {err}") from err
telegram.error.NetworkError: httpx.ConnectError: [Errno 11001] getaddrinfo failed
2026-05-01 00:56:25,443 [ERROR] telegram.ext.Updater: Error while getting Updates: httpx.ConnectError: [Errno 11001] getaddrinfo failed
2026-05-01 00:56:25,445 [ERROR] telegram.ext.Application: No error handlers are registered, logging exception.
Traceback (most recent call last):
  File "C:\Users\ЕРАСЫЛ\AppData\Local\Programs\Python\Python310\lib\site-packages\httpx\_transports\default.py", line 66, in map_httpcore_exceptions
    yield
  File "C:\Users\ЕРАСЫЛ\AppData\Local\Programs\Python\Python310\lib\site-packages\httpx\_transports\default.py", line 366, in handle_async_request
    resp = await self._pool.handle_async_request(req)
  File "C:\Users\ЕРАСЫЛ\AppData\Local\Programs\Python\Python310\lib\site-packages\httpcore\_async\connection_pool.py", line 256, in handle_async_request
    raise exc from None
  File "C:\Users\ЕРАСЫЛ\AppData\Local\Programs\Python\Python310\lib\site-packages\httpcore\_async\connection_pool.py", line 236, in handle_async_request
    response = await connection.handle_async_request(
  File "C:\Users\ЕРАСЫЛ\AppData\Local\Programs\Python\Python310\lib\site-packages\httpcore\_async\connection.py", line 101, in handle_async_request
    raise exc
  File "C:\Users\ЕРАСЫЛ\AppData\Local\Programs\Python\Python310\lib\site-packages\httpcore\_async\connection.py", line 78, in handle_async_request
    stream = await self._connect(request)
  File "C:\Users\ЕРАСЫЛ\AppData\Local\Programs\Python\Python310\lib\site-packages\httpcore\_async\connection.py", line 124, in _connect
    stream = await self._network_backend.connect_tcp(**kwargs)
  File "C:\Users\ЕРАСЫЛ\AppData\Local\Programs\Python\Python310\lib\site-packages\httpcore\_backends\auto.py", line 31, in connect_tcp
    return await self._backend.connect_tcp(
  File "C:\Users\ЕРАСЫЛ\AppData\Local\Programs\Python\Python310\lib\site-packages\httpcore\_backends\anyio.py", line 113, in connect_tcp
    with map_exceptions(exc_map):
  File "C:\Users\ЕРАСЫЛ\AppData\Local\Programs\Python\Python310\lib\contextlib.py", line 153, in __exit__
    self.gen.throw(typ, value, traceback)
  File "C:\Users\ЕРАСЫЛ\AppData\Local\Programs\Python\Python310\lib\site-packages\httpcore\_exceptions.py", line 14, in map_exceptions
    raise to_exc(exc) from exc
httpcore.ConnectError: [Errno 11001] getaddrinfo failed

The above exception was the direct cause of the following exception:

Traceback (most recent call last):
  File "C:\Users\ЕРАСЫЛ\AppData\Local\Programs\Python\Python310\lib\site-packages\telegram\request\_httpxrequest.py", line 268, in do_request
    res = await self._client.request(
  File "C:\Users\ЕРАСЫЛ\AppData\Local\Programs\Python\Python310\lib\site-packages\httpx\_client.py", line 1530, in request
    return await self.send(request, auth=auth, follow_redirects=follow_redirects)
  File "C:\Users\ЕРАСЫЛ\AppData\Local\Programs\Python\Python310\lib\site-packages\httpx\_client.py", line 1617, in send
    response = await self._send_handling_auth(
  File "C:\Users\ЕРАСЫЛ\AppData\Local\Programs\Python\Python310\lib\site-packages\httpx\_client.py", line 1645, in _send_handling_auth
    response = await self._send_handling_redirects(
  File "C:\Users\ЕРАСЫЛ\AppData\Local\Programs\Python\Python310\lib\site-packages\httpx\_client.py", line 1682, in _send_handling_redirects
    response = await self._send_single_request(request)
  File "C:\Users\ЕРАСЫЛ\AppData\Local\Programs\Python\Python310\lib\site-packages\httpx\_client.py", line 1719, in _send_single_request
    response = await transport.handle_async_request(request)
  File "C:\Users\ЕРАСЫЛ\AppData\Local\Programs\Python\Python310\lib\site-packages\httpx\_transports\default.py", line 365, in handle_async_request
    with map_httpcore_exceptions():
  File "C:\Users\ЕРАСЫЛ\AppData\Local\Programs\Python\Python310\lib\contextlib.py", line 153, in __exit__
    self.gen.throw(typ, value, traceback)
  File "C:\Users\ЕРАСЫЛ\AppData\Local\Programs\Python\Python310\lib\site-packages\httpx\_transports\default.py", line 83, in map_httpcore_exceptions
    raise mapped_exc(message) from exc
httpx.ConnectError: [Errno 11001] getaddrinfo failed

The above exception was the direct cause of the following exception:

Traceback (most recent call last):
  File "C:\Users\ЕРАСЫЛ\AppData\Local\Programs\Python\Python310\lib\site-packages\telegram\ext\_updater.py", line 688, in _network_loop_retry
    if not await action_cb():
  File "C:\Users\ЕРАСЫЛ\AppData\Local\Programs\Python\Python310\lib\site-packages\telegram\ext\_updater.py", line 384, in polling_action_cb
    raise exc
  File "C:\Users\ЕРАСЫЛ\AppData\Local\Programs\Python\Python310\lib\site-packages\telegram\ext\_updater.py", line 373, in polling_action_cb
    updates = await self.bot.get_updates(
  File "C:\Users\ЕРАСЫЛ\AppData\Local\Programs\Python\Python310\lib\site-packages\telegram\ext\_extbot.py", line 558, in get_updates
    updates = await super().get_updates(
  File "C:\Users\ЕРАСЫЛ\AppData\Local\Programs\Python\Python310\lib\site-packages\telegram\_bot.py", line 525, in decorator
    result = await func(self, *args, **kwargs)  # skipcq: PYL-E1102
  File "C:\Users\ЕРАСЫЛ\AppData\Local\Programs\Python\Python310\lib\site-packages\telegram\_bot.py", line 3584, in get_updates
    await self._post(
  File "C:\Users\ЕРАСЫЛ\AppData\Local\Programs\Python\Python310\lib\site-packages\telegram\_bot.py", line 613, in _post
    return await self._do_post(
  File "C:\Users\ЕРАСЫЛ\AppData\Local\Programs\Python\Python310\lib\site-packages\telegram\ext\_extbot.py", line 340, in _do_post
    return await super()._do_post(
  File "C:\Users\ЕРАСЫЛ\AppData\Local\Programs\Python\Python310\lib\site-packages\telegram\_bot.py", line 641, in _do_post
    return await request.post(
  File "C:\Users\ЕРАСЫЛ\AppData\Local\Programs\Python\Python310\lib\site-packages\telegram\request\_baserequest.py", line 200, in post
    result = await self._request_wrapper(
  File "C:\Users\ЕРАСЫЛ\AppData\Local\Programs\Python\Python310\lib\site-packages\telegram\request\_baserequest.py", line 340, in _request_wrapper
    raise exc
  File "C:\Users\ЕРАСЫЛ\AppData\Local\Programs\Python\Python310\lib\site-packages\telegram\request\_baserequest.py", line 330, in _request_wrapper
    code, payload = await self.do_request(
  File "C:\Users\ЕРАСЫЛ\AppData\Local\Programs\Python\Python310\lib\site-packages\telegram\request\_httpxrequest.py", line 292, in do_request
    raise NetworkError(f"httpx.{err.__class__.__name__}: {err}") from err
telegram.error.NetworkError: httpx.ConnectError: [Errno 11001] getaddrinfo failed
2026-05-01 00:56:30,528 [ERROR] telegram.ext.Updater: Error while getting Updates: httpx.ConnectError: [Errno 11001] getaddrinfo failed
2026-05-01 00:56:30,530 [ERROR] telegram.ext.Application: No error handlers are registered, logging exception.
Traceback (most recent call last):
  File "C:\Users\ЕРАСЫЛ\AppData\Local\Programs\Python\Python310\lib\site-packages\httpx\_transports\default.py", line 66, in map_httpcore_exceptions
    yield
  File "C:\Users\ЕРАСЫЛ\AppData\Local\Programs\Python\Python310\lib\site-packages\httpx\_transports\default.py", line 366, in handle_async_request
    resp = await self._pool.handle_async_request(req)
  File "C:\Users\ЕРАСЫЛ\AppData\Local\Programs\Python\Python310\lib\site-packages\httpcore\_async\connection_pool.py", line 256, in handle_async_request
    raise exc from None
  File "C:\Users\ЕРАСЫЛ\AppData\Local\Programs\Python\Python310\lib\site-packages\httpcore\_async\connection_pool.py", line 236, in handle_async_request
    response = await connection.handle_async_request(
  File "C:\Users\ЕРАСЫЛ\AppData\Local\Programs\Python\Python310\lib\site-packages\httpcore\_async\connection.py", line 101, in handle_async_request
    raise exc
  File "C:\Users\ЕРАСЫЛ\AppData\Local\Programs\Python\Python310\lib\site-packages\httpcore\_async\connection.py", line 78, in handle_async_request
    stream = await self._connect(request)
  File "C:\Users\ЕРАСЫЛ\AppData\Local\Programs\Python\Python310\lib\site-packages\httpcore\_async\connection.py", line 124, in _connect
    stream = await self._network_backend.connect_tcp(**kwargs)
  File "C:\Users\ЕРАСЫЛ\AppData\Local\Programs\Python\Python310\lib\site-packages\httpcore\_backends\auto.py", line 31, in connect_tcp
    return await self._backend.connect_tcp(
  File "C:\Users\ЕРАСЫЛ\AppData\Local\Programs\Python\Python310\lib\site-packages\httpcore\_backends\anyio.py", line 113, in connect_tcp
    with map_exceptions(exc_map):
  File "C:\Users\ЕРАСЫЛ\AppData\Local\Programs\Python\Python310\lib\contextlib.py", line 153, in __exit__
    self.gen.throw(typ, value, traceback)
  File "C:\Users\ЕРАСЫЛ\AppData\Local\Programs\Python\Python310\lib\site-packages\httpcore\_exceptions.py", line 14, in map_exceptions
    raise to_exc(exc) from exc
httpcore.ConnectError: [Errno 11001] getaddrinfo failed

The above exception was the direct cause of the following exception:

Traceback (most recent call last):
  File "C:\Users\ЕРАСЫЛ\AppData\Local\Programs\Python\Python310\lib\site-packages\telegram\request\_httpxrequest.py", line 268, in do_request
    res = await self._client.request(
  File "C:\Users\ЕРАСЫЛ\AppData\Local\Programs\Python\Python310\lib\site-packages\httpx\_client.py", line 1530, in request
    return await self.send(request, auth=auth, follow_redirects=follow_redirects)
  File "C:\Users\ЕРАСЫЛ\AppData\Local\Programs\Python\Python310\lib\site-packages\httpx\_client.py", line 1617, in send
    response = await self._send_handling_auth(
  File "C:\Users\ЕРАСЫЛ\AppData\Local\Programs\Python\Python310\lib\site-packages\httpx\_client.py", line 1645, in _send_handling_auth
    response = await self._send_handling_redirects(
  File "C:\Users\ЕРАСЫЛ\AppData\Local\Programs\Python\Python310\lib\site-packages\httpx\_client.py", line 1682, in _send_handling_redirects
    response = await self._send_single_request(request)
  File "C:\Users\ЕРАСЫЛ\AppData\Local\Programs\Python\Python310\lib\site-packages\httpx\_client.py", line 1719, in _send_single_request
    response = await transport.handle_async_request(request)
  File "C:\Users\ЕРАСЫЛ\AppData\Local\Programs\Python\Python310\lib\site-packages\httpx\_transports\default.py", line 365, in handle_async_request
    with map_httpcore_exceptions():
  File "C:\Users\ЕРАСЫЛ\AppData\Local\Programs\Python\Python310\lib\contextlib.py", line 153, in __exit__
    self.gen.throw(typ, value, traceback)
  File "C:\Users\ЕРАСЫЛ\AppData\Local\Programs\Python\Python310\lib\site-packages\httpx\_transports\default.py", line 83, in map_httpcore_exceptions
    raise mapped_exc(message) from exc
httpx.ConnectError: [Errno 11001] getaddrinfo failed

The above exception was the direct cause of the following exception:

Traceback (most recent call last):
  File "C:\Users\ЕРАСЫЛ\AppData\Local\Programs\Python\Python310\lib\site-packages\telegram\ext\_updater.py", line 688, in _network_loop_retry
    if not await action_cb():
  File "C:\Users\ЕРАСЫЛ\AppData\Local\Programs\Python\Python310\lib\site-packages\telegram\ext\_updater.py", line 384, in polling_action_cb
    raise exc
  File "C:\Users\ЕРАСЫЛ\AppData\Local\Programs\Python\Python310\lib\site-packages\telegram\ext\_updater.py", line 373, in polling_action_cb
    updates = await self.bot.get_updates(
  File "C:\Users\ЕРАСЫЛ\AppData\Local\Programs\Python\Python310\lib\site-packages\telegram\ext\_extbot.py", line 558, in get_updates
    updates = await super().get_updates(
  File "C:\Users\ЕРАСЫЛ\AppData\Local\Programs\Python\Python310\lib\site-packages\telegram\_bot.py", line 525, in decorator
    result = await func(self, *args, **kwargs)  # skipcq: PYL-E1102
  File "C:\Users\ЕРАСЫЛ\AppData\Local\Programs\Python\Python310\lib\site-packages\telegram\_bot.py", line 3584, in get_updates
    await self._post(
  File "C:\Users\ЕРАСЫЛ\AppData\Local\Programs\Python\Python310\lib\site-packages\telegram\_bot.py", line 613, in _post
    return await self._do_post(
  File "C:\Users\ЕРАСЫЛ\AppData\Local\Programs\Python\Python310\lib\site-packages\telegram\ext\_extbot.py", line 340, in _do_post
    return await super()._do_post(
  File "C:\Users\ЕРАСЫЛ\AppData\Local\Programs\Python\Python310\lib\site-packages\telegram\_bot.py", line 641, in _do_post
    return await request.post(
  File "C:\Users\ЕРАСЫЛ\AppData\Local\Programs\Python\Python310\lib\site-packages\telegram\request\_baserequest.py", line 200, in post
    result = await self._request_wrapper(
  File "C:\Users\ЕРАСЫЛ\AppData\Local\Programs\Python\Python310\lib\site-packages\telegram\request\_baserequest.py", line 340, in _request_wrapper
    raise exc
  File "C:\Users\ЕРАСЫЛ\AppData\Local\Programs\Python\Python310\lib\site-packages\telegram\request\_baserequest.py", line 330, in _request_wrapper
    code, payload = await self.do_request(
  File "C:\Users\ЕРАСЫЛ\AppData\Local\Programs\Python\Python310\lib\site-packages\telegram\request\_httpxrequest.py", line 292, in do_request
    raise NetworkError(f"httpx.{err.__class__.__name__}: {err}") from err
telegram.error.NetworkError: httpx.ConnectError: [Errno 11001] getaddrinfo failed
2026-05-02 02:08:55,840 [ERROR] telegram.ext.Updater: Error while getting Updates: httpx.ConnectError: [Errno 11001] getaddrinfo failed
2026-05-02 02:08:55,874 [ERROR] telegram.ext.Application: No error handlers are registered, logging exception.
Traceback (most recent call last):
  File "C:\Users\ЕРАСЫЛ\AppData\Local\Programs\Python\Python310\lib\site-packages\httpx\_transports\default.py", line 66, in map_httpcore_exceptions
    yield
  File "C:\Users\ЕРАСЫЛ\AppData\Local\Programs\Python\Python310\lib\site-packages\httpx\_transports\default.py", line 366, in handle_async_request
    resp = await self._pool.handle_async_request(req)
  File "C:\Users\ЕРАСЫЛ\AppData\Local\Programs\Python\Python310\lib\site-packages\httpcore\_async\connection_pool.py", line 256, in handle_async_request
    raise exc from None
  File "C:\Users\ЕРАСЫЛ\AppData\Local\Programs\Python\Python310\lib\site-packages\httpcore\_async\connection_pool.py", line 236, in handle_async_request
    response = await connection.handle_async_request(
  File "C:\Users\ЕРАСЫЛ\AppData\Local\Programs\Python\Python310\lib\site-packages\httpcore\_async\connection.py", line 101, in handle_async_request
    raise exc
  File "C:\Users\ЕРАСЫЛ\AppData\Local\Programs\Python\Python310\lib\site-packages\httpcore\_async\connection.py", line 78, in handle_async_request
    stream = await self._connect(request)
  File "C:\Users\ЕРАСЫЛ\AppData\Local\Programs\Python\Python310\lib\site-packages\httpcore\_async\connection.py", line 124, in _connect
    stream = await self._network_backend.connect_tcp(**kwargs)
  File "C:\Users\ЕРАСЫЛ\AppData\Local\Programs\Python\Python310\lib\site-packages\httpcore\_backends\auto.py", line 31, in connect_tcp
    return await self._backend.connect_tcp(
  File "C:\Users\ЕРАСЫЛ\AppData\Local\Programs\Python\Python310\lib\site-packages\httpcore\_backends\anyio.py", line 113, in connect_tcp
    with map_exceptions(exc_map):
  File "C:\Users\ЕРАСЫЛ\AppData\Local\Programs\Python\Python310\lib\contextlib.py", line 153, in __exit__
    self.gen.throw(typ, value, traceback)
  File "C:\Users\ЕРАСЫЛ\AppData\Local\Programs\Python\Python310\lib\site-packages\httpcore\_exceptions.py", line 14, in map_exceptions
    raise to_exc(exc) from exc
httpcore.ConnectError: [Errno 11001] getaddrinfo failed

The above exception was the direct cause of the following exception:

Traceback (most recent call last):
  File "C:\Users\ЕРАСЫЛ\AppData\Local\Programs\Python\Python310\lib\site-packages\telegram\request\_httpxrequest.py", line 268, in do_request
    res = await self._client.request(
  File "C:\Users\ЕРАСЫЛ\AppData\Local\Programs\Python\Python310\lib\site-packages\httpx\_client.py", line 1530, in request
    return await self.send(request, auth=auth, follow_redirects=follow_redirects)
  File "C:\Users\ЕРАСЫЛ\AppData\Local\Programs\Python\Python310\lib\site-packages\httpx\_client.py", line 1617, in send
    response = await self._send_handling_auth(
  File "C:\Users\ЕРАСЫЛ\AppData\Local\Programs\Python\Python310\lib\site-packages\httpx\_client.py", line 1645, in _send_handling_auth
    response = await self._send_handling_redirects(
  File "C:\Users\ЕРАСЫЛ\AppData\Local\Programs\Python\Python310\lib\site-packages\httpx\_client.py", line 1682, in _send_handling_redirects
    response = await self._send_single_request(request)
  File "C:\Users\ЕРАСЫЛ\AppData\Local\Programs\Python\Python310\lib\site-packages\httpx\_client.py", line 1719, in _send_single_request
    response = await transport.handle_async_request(request)
  File "C:\Users\ЕРАСЫЛ\AppData\Local\Programs\Python\Python310\lib\site-packages\httpx\_transports\default.py", line 365, in handle_async_request
    with map_httpcore_exceptions():
  File "C:\Users\ЕРАСЫЛ\AppData\Local\Programs\Python\Python310\lib\contextlib.py", line 153, in __exit__
    self.gen.throw(typ, value, traceback)
  File "C:\Users\ЕРАСЫЛ\AppData\Local\Programs\Python\Python310\lib\site-packages\httpx\_transports\default.py", line 83, in map_httpcore_exceptions
    raise mapped_exc(message) from exc
httpx.ConnectError: [Errno 11001] getaddrinfo failed

The above exception was the direct cause of the following exception:

Traceback (most recent call last):
  File "C:\Users\ЕРАСЫЛ\AppData\Local\Programs\Python\Python310\lib\site-packages\telegram\ext\_updater.py", line 688, in _network_loop_retry
    if not await action_cb():
  File "C:\Users\ЕРАСЫЛ\AppData\Local\Programs\Python\Python310\lib\site-packages\telegram\ext\_updater.py", line 384, in polling_action_cb
    raise exc
  File "C:\Users\ЕРАСЫЛ\AppData\Local\Programs\Python\Python310\lib\site-packages\telegram\ext\_updater.py", line 373, in polling_action_cb
    updates = await self.bot.get_updates(
  File "C:\Users\ЕРАСЫЛ\AppData\Local\Programs\Python\Python310\lib\site-packages\telegram\ext\_extbot.py", line 558, in get_updates
    updates = await super().get_updates(
  File "C:\Users\ЕРАСЫЛ\AppData\Local\Programs\Python\Python310\lib\site-packages\telegram\_bot.py", line 525, in decorator
    result = await func(self, *args, **kwargs)  # skipcq: PYL-E1102
  File "C:\Users\ЕРАСЫЛ\AppData\Local\Programs\Python\Python310\lib\site-packages\telegram\_bot.py", line 3584, in get_updates
    await self._post(
  File "C:\Users\ЕРАСЫЛ\AppData\Local\Programs\Python\Python310\lib\site-packages\telegram\_bot.py", line 613, in _post
    return await self._do_post(
  File "C:\Users\ЕРАСЫЛ\AppData\Local\Programs\Python\Python310\lib\site-packages\telegram\ext\_extbot.py", line 340, in _do_post
    return await super()._do_post(
  File "C:\Users\ЕРАСЫЛ\AppData\Local\Programs\Python\Python310\lib\site-packages\telegram\_bot.py", line 641, in _do_post
    return await request.post(
  File "C:\Users\ЕРАСЫЛ\AppData\Local\Programs\Python\Python310\lib\site-packages\telegram\request\_baserequest.py", line 200, in post
    result = await self._request_wrapper(
  File "C:\Users\ЕРАСЫЛ\AppData\Local\Programs\Python\Python310\lib\site-packages\telegram\request\_baserequest.py", line 340, in _request_wrapper
    raise exc
  File "C:\Users\ЕРАСЫЛ\AppData\Local\Programs\Python\Python310\lib\site-packages\telegram\request\_baserequest.py", line 330, in _request_wrapper
    code, payload = await self.do_request(
  File "C:\Users\ЕРАСЫЛ\AppData\Local\Programs\Python\Python310\lib\site-packages\telegram\request\_httpxrequest.py", line 292, in do_request
    raise NetworkError(f"httpx.{err.__class__.__name__}: {err}") from err
telegram.error.NetworkError: httpx.ConnectError: [Errno 11001] getaddrinfo failed
2026-05-02 02:08:57,114 [ERROR] telegram.ext.Updater: Error while getting Updates: httpx.ConnectError: [Errno 11001] getaddrinfo failed
2026-05-02 02:08:57,147 [ERROR] telegram.ext.Application: No error handlers are registered, logging exception.
Traceback (most recent call last):
  File "C:\Users\ЕРАСЫЛ\AppData\Local\Programs\Python\Python310\lib\site-packages\httpx\_transports\default.py", line 66, in map_httpcore_exceptions
    yield
  File "C:\Users\ЕРАСЫЛ\AppData\Local\Programs\Python\Python310\lib\site-packages\httpx\_transports\default.py", line 366, in handle_async_request
    resp = await self._pool.handle_async_request(req)
  File "C:\Users\ЕРАСЫЛ\AppData\Local\Programs\Python\Python310\lib\site-packages\httpcore\_async\connection_pool.py", line 256, in handle_async_request
    raise exc from None
  File "C:\Users\ЕРАСЫЛ\AppData\Local\Programs\Python\Python310\lib\site-packages\httpcore\_async\connection_pool.py", line 236, in handle_async_request
    response = await connection.handle_async_request(
  File "C:\Users\ЕРАСЫЛ\AppData\Local\Programs\Python\Python310\lib\site-packages\httpcore\_async\connection.py", line 101, in handle_async_request
    raise exc
  File "C:\Users\ЕРАСЫЛ\AppData\Local\Programs\Python\Python310\lib\site-packages\httpcore\_async\connection.py", line 78, in handle_async_request
    stream = await self._connect(request)
  File "C:\Users\ЕРАСЫЛ\AppData\Local\Programs\Python\Python310\lib\site-packages\httpcore\_async\connection.py", line 124, in _connect
    stream = await self._network_backend.connect_tcp(**kwargs)
  File "C:\Users\ЕРАСЫЛ\AppData\Local\Programs\Python\Python310\lib\site-packages\httpcore\_backends\auto.py", line 31, in connect_tcp
    return await self._backend.connect_tcp(
  File "C:\Users\ЕРАСЫЛ\AppData\Local\Programs\Python\Python310\lib\site-packages\httpcore\_backends\anyio.py", line 113, in connect_tcp
    with map_exceptions(exc_map):
  File "C:\Users\ЕРАСЫЛ\AppData\Local\Programs\Python\Python310\lib\contextlib.py", line 153, in __exit__
    self.gen.throw(typ, value, traceback)
  File "C:\Users\ЕРАСЫЛ\AppData\Local\Programs\Python\Python310\lib\site-packages\httpcore\_exceptions.py", line 14, in map_exceptions
    raise to_exc(exc) from exc
httpcore.ConnectError: [Errno 11001] getaddrinfo failed

The above exception was the direct cause of the following exception:

Traceback (most recent call last):
  File "C:\Users\ЕРАСЫЛ\AppData\Local\Programs\Python\Python310\lib\site-packages\telegram\request\_httpxrequest.py", line 268, in do_request
    res = await self._client.request(
  File "C:\Users\ЕРАСЫЛ\AppData\Local\Programs\Python\Python310\lib\site-packages\httpx\_client.py", line 1530, in request
    return await self.send(request, auth=auth, follow_redirects=follow_redirects)
  File "C:\Users\ЕРАСЫЛ\AppData\Local\Programs\Python\Python310\lib\site-packages\httpx\_client.py", line 1617, in send
    response = await self._send_handling_auth(
  File "C:\Users\ЕРАСЫЛ\AppData\Local\Programs\Python\Python310\lib\site-packages\httpx\_client.py", line 1645, in _send_handling_auth
    response = await self._send_handling_redirects(
  File "C:\Users\ЕРАСЫЛ\AppData\Local\Programs\Python\Python310\lib\site-packages\httpx\_client.py", line 1682, in _send_handling_redirects
    response = await self._send_single_request(request)
  File "C:\Users\ЕРАСЫЛ\AppData\Local\Programs\Python\Python310\lib\site-packages\httpx\_client.py", line 1719, in _send_single_request
    response = await transport.handle_async_request(request)
  File "C:\Users\ЕРАСЫЛ\AppData\Local\Programs\Python\Python310\lib\site-packages\httpx\_transports\default.py", line 365, in handle_async_request
    with map_httpcore_exceptions():
  File "C:\Users\ЕРАСЫЛ\AppData\Local\Programs\Python\Python310\lib\contextlib.py", line 153, in __exit__
    self.gen.throw(typ, value, traceback)
  File "C:\Users\ЕРАСЫЛ\AppData\Local\Programs\Python\Python310\lib\site-packages\httpx\_transports\default.py", line 83, in map_httpcore_exceptions
    raise mapped_exc(message) from exc
httpx.ConnectError: [Errno 11001] getaddrinfo failed

The above exception was the direct cause of the following exception:

Traceback (most recent call last):
  File "C:\Users\ЕРАСЫЛ\AppData\Local\Programs\Python\Python310\lib\site-packages\telegram\ext\_updater.py", line 688, in _network_loop_retry
    if not await action_cb():
  File "C:\Users\ЕРАСЫЛ\AppData\Local\Programs\Python\Python310\lib\site-packages\telegram\ext\_updater.py", line 384, in polling_action_cb
    raise exc
  File "C:\Users\ЕРАСЫЛ\AppData\Local\Programs\Python\Python310\lib\site-packages\telegram\ext\_updater.py", line 373, in polling_action_cb
    updates = await self.bot.get_updates(
  File "C:\Users\ЕРАСЫЛ\AppData\Local\Programs\Python\Python310\lib\site-packages\telegram\ext\_extbot.py", line 558, in get_updates
    updates = await super().get_updates(
  File "C:\Users\ЕРАСЫЛ\AppData\Local\Programs\Python\Python310\lib\site-packages\telegram\_bot.py", line 525, in decorator
    result = await func(self, *args, **kwargs)  # skipcq: PYL-E1102
  File "C:\Users\ЕРАСЫЛ\AppData\Local\Programs\Python\Python310\lib\site-packages\telegram\_bot.py", line 3584, in get_updates
    await self._post(
  File "C:\Users\ЕРАСЫЛ\AppData\Local\Programs\Python\Python310\lib\site-packages\telegram\_bot.py", line 613, in _post
    return await self._do_post(
  File "C:\Users\ЕРАСЫЛ\AppData\Local\Programs\Python\Python310\lib\site-packages\telegram\ext\_extbot.py", line 340, in _do_post
    return await super()._do_post(
  File "C:\Users\ЕРАСЫЛ\AppData\Local\Programs\Python\Python310\lib\site-packages\telegram\_bot.py", line 641, in _do_post
    return await request.post(
  File "C:\Users\ЕРАСЫЛ\AppData\Local\Programs\Python\Python310\lib\site-packages\telegram\request\_baserequest.py", line 200, in post
    result = await self._request_wrapper(
  File "C:\Users\ЕРАСЫЛ\AppData\Local\Programs\Python\Python310\lib\site-packages\telegram\request\_baserequest.py", line 340, in _request_wrapper
    raise exc
  File "C:\Users\ЕРАСЫЛ\AppData\Local\Programs\Python\Python310\lib\site-packages\telegram\request\_baserequest.py", line 330, in _request_wrapper
    code, payload = await self.do_request(
  File "C:\Users\ЕРАСЫЛ\AppData\Local\Programs\Python\Python310\lib\site-packages\telegram\request\_httpxrequest.py", line 292, in do_request
    raise NetworkError(f"httpx.{err.__class__.__name__}: {err}") from err
telegram.error.NetworkError: httpx.ConnectError: [Errno 11001] getaddrinfo failed
2026-05-02 02:08:58,656 [ERROR] telegram.ext.Updater: Error while getting Updates: httpx.ConnectError: [Errno 11001] getaddrinfo failed
2026-05-02 02:08:58,661 [ERROR] telegram.ext.Application: No error handlers are registered, logging exception.
Traceback (most recent call last):
  File "C:\Users\ЕРАСЫЛ\AppData\Local\Programs\Python\Python310\lib\site-packages\httpx\_transports\default.py", line 66, in map_httpcore_exceptions
    yield
  File "C:\Users\ЕРАСЫЛ\AppData\Local\Programs\Python\Python310\lib\site-packages\httpx\_transports\default.py", line 366, in handle_async_request
    resp = await self._pool.handle_async_request(req)
  File "C:\Users\ЕРАСЫЛ\AppData\Local\Programs\Python\Python310\lib\site-packages\httpcore\_async\connection_pool.py", line 256, in handle_async_request
    raise exc from None
  File "C:\Users\ЕРАСЫЛ\AppData\Local\Programs\Python\Python310\lib\site-packages\httpcore\_async\connection_pool.py", line 236, in handle_async_request
    response = await connection.handle_async_request(
  File "C:\Users\ЕРАСЫЛ\AppData\Local\Programs\Python\Python310\lib\site-packages\httpcore\_async\connection.py", line 101, in handle_async_request
    raise exc
  File "C:\Users\ЕРАСЫЛ\AppData\Local\Programs\Python\Python310\lib\site-packages\httpcore\_async\connection.py", line 78, in handle_async_request
    stream = await self._connect(request)
  File "C:\Users\ЕРАСЫЛ\AppData\Local\Programs\Python\Python310\lib\site-packages\httpcore\_async\connection.py", line 124, in _connect
    stream = await self._network_backend.connect_tcp(**kwargs)
  File "C:\Users\ЕРАСЫЛ\AppData\Local\Programs\Python\Python310\lib\site-packages\httpcore\_backends\auto.py", line 31, in connect_tcp
    return await self._backend.connect_tcp(
  File "C:\Users\ЕРАСЫЛ\AppData\Local\Programs\Python\Python310\lib\site-packages\httpcore\_backends\anyio.py", line 113, in connect_tcp
    with map_exceptions(exc_map):
  File "C:\Users\ЕРАСЫЛ\AppData\Local\Programs\Python\Python310\lib\contextlib.py", line 153, in __exit__
    self.gen.throw(typ, value, traceback)
  File "C:\Users\ЕРАСЫЛ\AppData\Local\Programs\Python\Python310\lib\site-packages\httpcore\_exceptions.py", line 14, in map_exceptions
    raise to_exc(exc) from exc
httpcore.ConnectError: [Errno 11001] getaddrinfo failed

The above exception was the direct cause of the following exception:

Traceback (most recent call last):
  File "C:\Users\ЕРАСЫЛ\AppData\Local\Programs\Python\Python310\lib\site-packages\telegram\request\_httpxrequest.py", line 268, in do_request
    res = await self._client.request(
  File "C:\Users\ЕРАСЫЛ\AppData\Local\Programs\Python\Python310\lib\site-packages\httpx\_client.py", line 1530, in request
    return await self.send(request, auth=auth, follow_redirects=follow_redirects)
  File "C:\Users\ЕРАСЫЛ\AppData\Local\Programs\Python\Python310\lib\site-packages\httpx\_client.py", line 1617, in send
    response = await self._send_handling_auth(
  File "C:\Users\ЕРАСЫЛ\AppData\Local\Programs\Python\Python310\lib\site-packages\httpx\_client.py", line 1645, in _send_handling_auth
    response = await self._send_handling_redirects(
  File "C:\Users\ЕРАСЫЛ\AppData\Local\Programs\Python\Python310\lib\site-packages\httpx\_client.py", line 1682, in _send_handling_redirects
    response = await self._send_single_request(request)
  File "C:\Users\ЕРАСЫЛ\AppData\Local\Programs\Python\Python310\lib\site-packages\httpx\_client.py", line 1719, in _send_single_request
    response = await transport.handle_async_request(request)
  File "C:\Users\ЕРАСЫЛ\AppData\Local\Programs\Python\Python310\lib\site-packages\httpx\_transports\default.py", line 365, in handle_async_request
    with map_httpcore_exceptions():
  File "C:\Users\ЕРАСЫЛ\AppData\Local\Programs\Python\Python310\lib\contextlib.py", line 153, in __exit__
    self.gen.throw(typ, value, traceback)
  File "C:\Users\ЕРАСЫЛ\AppData\Local\Programs\Python\Python310\lib\site-packages\httpx\_transports\default.py", line 83, in map_httpcore_exceptions
    raise mapped_exc(message) from exc
httpx.ConnectError: [Errno 11001] getaddrinfo failed

The above exception was the direct cause of the following exception:

Traceback (most recent call last):
  File "C:\Users\ЕРАСЫЛ\AppData\Local\Programs\Python\Python310\lib\site-packages\telegram\ext\_updater.py", line 688, in _network_loop_retry
    if not await action_cb():
  File "C:\Users\ЕРАСЫЛ\AppData\Local\Programs\Python\Python310\lib\site-packages\telegram\ext\_updater.py", line 384, in polling_action_cb
    raise exc
  File "C:\Users\ЕРАСЫЛ\AppData\Local\Programs\Python\Python310\lib\site-packages\telegram\ext\_updater.py", line 373, in polling_action_cb
    updates = await self.bot.get_updates(
  File "C:\Users\ЕРАСЫЛ\AppData\Local\Programs\Python\Python310\lib\site-packages\telegram\ext\_extbot.py", line 558, in get_updates
    updates = await super().get_updates(
  File "C:\Users\ЕРАСЫЛ\AppData\Local\Programs\Python\Python310\lib\site-packages\telegram\_bot.py", line 525, in decorator
    result = await func(self, *args, **kwargs)  # skipcq: PYL-E1102
  File "C:\Users\ЕРАСЫЛ\AppData\Local\Programs\Python\Python310\lib\site-packages\telegram\_bot.py", line 3584, in get_updates
    await self._post(
  File "C:\Users\ЕРАСЫЛ\AppData\Local\Programs\Python\Python310\lib\site-packages\telegram\_bot.py", line 613, in _post
    return await self._do_post(
  File "C:\Users\ЕРАСЫЛ\AppData\Local\Programs\Python\Python310\lib\site-packages\telegram\ext\_extbot.py", line 340, in _do_post
    return await super()._do_post(
  File "C:\Users\ЕРАСЫЛ\AppData\Local\Programs\Python\Python310\lib\site-packages\telegram\_bot.py", line 641, in _do_post
    return await request.post(
  File "C:\Users\ЕРАСЫЛ\AppData\Local\Programs\Python\Python310\lib\site-packages\telegram\request\_baserequest.py", line 200, in post
    result = await self._request_wrapper(
  File "C:\Users\ЕРАСЫЛ\AppData\Local\Programs\Python\Python310\lib\site-packages\telegram\request\_baserequest.py", line 340, in _request_wrapper
    raise exc
  File "C:\Users\ЕРАСЫЛ\AppData\Local\Programs\Python\Python310\lib\site-packages\telegram\request\_baserequest.py", line 330, in _request_wrapper
    code, payload = await self.do_request(
  File "C:\Users\ЕРАСЫЛ\AppData\Local\Programs\Python\Python310\lib\site-packages\telegram\request\_httpxrequest.py", line 292, in do_request
    raise NetworkError(f"httpx.{err.__class__.__name__}: {err}") from err
telegram.error.NetworkError: httpx.ConnectError: [Errno 11001] getaddrinfo failed
2026-05-02 02:09:00,919 [ERROR] telegram.ext.Updater: Error while getting Updates: httpx.ConnectError: [Errno 11001] getaddrinfo failed
2026-05-02 02:09:00,920 [ERROR] telegram.ext.Application: No error handlers are registered, logging exception.
Traceback (most recent call last):
  File "C:\Users\ЕРАСЫЛ\AppData\Local\Programs\Python\Python310\lib\site-packages\httpx\_transports\default.py", line 66, in map_httpcore_exceptions
    yield
  File "C:\Users\ЕРАСЫЛ\AppData\Local\Programs\Python\Python310\lib\site-packages\httpx\_transports\default.py", line 366, in handle_async_request
    resp = await self._pool.handle_async_request(req)
  File "C:\Users\ЕРАСЫЛ\AppData\Local\Programs\Python\Python310\lib\site-packages\httpcore\_async\connection_pool.py", line 256, in handle_async_request
    raise exc from None
  File "C:\Users\ЕРАСЫЛ\AppData\Local\Programs\Python\Python310\lib\site-packages\httpcore\_async\connection_pool.py", line 236, in handle_async_request
    response = await connection.handle_async_request(
  File "C:\Users\ЕРАСЫЛ\AppData\Local\Programs\Python\Python310\lib\site-packages\httpcore\_async\connection.py", line 101, in handle_async_request
    raise exc
  File "C:\Users\ЕРАСЫЛ\AppData\Local\Programs\Python\Python310\lib\site-packages\httpcore\_async\connection.py", line 78, in handle_async_request
    stream = await self._connect(request)
  File "C:\Users\ЕРАСЫЛ\AppData\Local\Programs\Python\Python310\lib\site-packages\httpcore\_async\connection.py", line 124, in _connect
    stream = await self._network_backend.connect_tcp(**kwargs)
  File "C:\Users\ЕРАСЫЛ\AppData\Local\Programs\Python\Python310\lib\site-packages\httpcore\_backends\auto.py", line 31, in connect_tcp
    return await self._backend.connect_tcp(
  File "C:\Users\ЕРАСЫЛ\AppData\Local\Programs\Python\Python310\lib\site-packages\httpcore\_backends\anyio.py", line 113, in connect_tcp
    with map_exceptions(exc_map):
  File "C:\Users\ЕРАСЫЛ\AppData\Local\Programs\Python\Python310\lib\contextlib.py", line 153, in __exit__
    self.gen.throw(typ, value, traceback)
  File "C:\Users\ЕРАСЫЛ\AppData\Local\Programs\Python\Python310\lib\site-packages\httpcore\_exceptions.py", line 14, in map_exceptions
    raise to_exc(exc) from exc
httpcore.ConnectError: [Errno 11001] getaddrinfo failed

The above exception was the direct cause of the following exception:

Traceback (most recent call last):
  File "C:\Users\ЕРАСЫЛ\AppData\Local\Programs\Python\Python310\lib\site-packages\telegram\request\_httpxrequest.py", line 268, in do_request
    res = await self._client.request(
  File "C:\Users\ЕРАСЫЛ\AppData\Local\Programs\Python\Python310\lib\site-packages\httpx\_client.py", line 1530, in request
    return await self.send(request, auth=auth, follow_redirects=follow_redirects)
  File "C:\Users\ЕРАСЫЛ\AppData\Local\Programs\Python\Python310\lib\site-packages\httpx\_client.py", line 1617, in send
    response = await self._send_handling_auth(
  File "C:\Users\ЕРАСЫЛ\AppData\Local\Programs\Python\Python310\lib\site-packages\httpx\_client.py", line 1645, in _send_handling_auth
    response = await self._send_handling_redirects(
  File "C:\Users\ЕРАСЫЛ\AppData\Local\Programs\Python\Python310\lib\site-packages\httpx\_client.py", line 1682, in _send_handling_redirects
    response = await self._send_single_request(request)
  File "C:\Users\ЕРАСЫЛ\AppData\Local\Programs\Python\Python310\lib\site-packages\httpx\_client.py", line 1719, in _send_single_request
    response = await transport.handle_async_request(request)
  File "C:\Users\ЕРАСЫЛ\AppData\Local\Programs\Python\Python310\lib\site-packages\httpx\_transports\default.py", line 365, in handle_async_request
    with map_httpcore_exceptions():
  File "C:\Users\ЕРАСЫЛ\AppData\Local\Programs\Python\Python310\lib\contextlib.py", line 153, in __exit__
    self.gen.throw(typ, value, traceback)
  File "C:\Users\ЕРАСЫЛ\AppData\Local\Programs\Python\Python310\lib\site-packages\httpx\_transports\default.py", line 83, in map_httpcore_exceptions
    raise mapped_exc(message) from exc
httpx.ConnectError: [Errno 11001] getaddrinfo failed

The above exception was the direct cause of the following exception:

Traceback (most recent call last):
  File "C:\Users\ЕРАСЫЛ\AppData\Local\Programs\Python\Python310\lib\site-packages\telegram\ext\_updater.py", line 688, in _network_loop_retry
    if not await action_cb():
  File "C:\Users\ЕРАСЫЛ\AppData\Local\Programs\Python\Python310\lib\site-packages\telegram\ext\_updater.py", line 384, in polling_action_cb
    raise exc
  File "C:\Users\ЕРАСЫЛ\AppData\Local\Programs\Python\Python310\lib\site-packages\telegram\ext\_updater.py", line 373, in polling_action_cb
    updates = await self.bot.get_updates(
  File "C:\Users\ЕРАСЫЛ\AppData\Local\Programs\Python\Python310\lib\site-packages\telegram\ext\_extbot.py", line 558, in get_updates
    updates = await super().get_updates(
  File "C:\Users\ЕРАСЫЛ\AppData\Local\Programs\Python\Python310\lib\site-packages\telegram\_bot.py", line 525, in decorator
    result = await func(self, *args, **kwargs)  # skipcq: PYL-E1102
  File "C:\Users\ЕРАСЫЛ\AppData\Local\Programs\Python\Python310\lib\site-packages\telegram\_bot.py", line 3584, in get_updates
    await self._post(
  File "C:\Users\ЕРАСЫЛ\AppData\Local\Programs\Python\Python310\lib\site-packages\telegram\_bot.py", line 613, in _post
    return await self._do_post(
  File "C:\Users\ЕРАСЫЛ\AppData\Local\Programs\Python\Python310\lib\site-packages\telegram\ext\_extbot.py", line 340, in _do_post
    return await super()._do_post(
  File "C:\Users\ЕРАСЫЛ\AppData\Local\Programs\Python\Python310\lib\site-packages\telegram\_bot.py", line 641, in _do_post
    return await request.post(
  File "C:\Users\ЕРАСЫЛ\AppData\Local\Programs\Python\Python310\lib\site-packages\telegram\request\_baserequest.py", line 200, in post
    result = await self._request_wrapper(
  File "C:\Users\ЕРАСЫЛ\AppData\Local\Programs\Python\Python310\lib\site-packages\telegram\request\_baserequest.py", line 340, in _request_wrapper
    raise exc
  File "C:\Users\ЕРАСЫЛ\AppData\Local\Programs\Python\Python310\lib\site-packages\telegram\request\_baserequest.py", line 330, in _request_wrapper
    code, payload = await self.do_request(
  File "C:\Users\ЕРАСЫЛ\AppData\Local\Programs\Python\Python310\lib\site-packages\telegram\request\_httpxrequest.py", line 292, in do_request
    raise NetworkError(f"httpx.{err.__class__.__name__}: {err}") from err
telegram.error.NetworkError: httpx.ConnectError: [Errno 11001] getaddrinfo failed
2026-05-02 02:09:04,298 [ERROR] telegram.ext.Updater: Error while getting Updates: httpx.ConnectError: [Errno 11001] getaddrinfo failed
2026-05-02 02:09:04,299 [ERROR] telegram.ext.Application: No error handlers are registered, logging exception.
Traceback (most recent call last):
  File "C:\Users\ЕРАСЫЛ\AppData\Local\Programs\Python\Python310\lib\site-packages\httpx\_transports\default.py", line 66, in map_httpcore_exceptions
    yield
  File "C:\Users\ЕРАСЫЛ\AppData\Local\Programs\Python\Python310\lib\site-packages\httpx\_transports\default.py", line 366, in handle_async_request
    resp = await self._pool.handle_async_request(req)
  File "C:\Users\ЕРАСЫЛ\AppData\Local\Programs\Python\Python310\lib\site-packages\httpcore\_async\connection_pool.py", line 256, in handle_async_request
    raise exc from None
  File "C:\Users\ЕРАСЫЛ\AppData\Local\Programs\Python\Python310\lib\site-packages\httpcore\_async\connection_pool.py", line 236, in handle_async_request
    response = await connection.handle_async_request(
  File "C:\Users\ЕРАСЫЛ\AppData\Local\Programs\Python\Python310\lib\site-packages\httpcore\_async\connection.py", line 101, in handle_async_request
    raise exc
  File "C:\Users\ЕРАСЫЛ\AppData\Local\Programs\Python\Python310\lib\site-packages\httpcore\_async\connection.py", line 78, in handle_async_request
    stream = await self._connect(request)
  File "C:\Users\ЕРАСЫЛ\AppData\Local\Programs\Python\Python310\lib\site-packages\httpcore\_async\connection.py", line 124, in _connect
    stream = await self._network_backend.connect_tcp(**kwargs)
  File "C:\Users\ЕРАСЫЛ\AppData\Local\Programs\Python\Python310\lib\site-packages\httpcore\_backends\auto.py", line 31, in connect_tcp
    return await self._backend.connect_tcp(
  File "C:\Users\ЕРАСЫЛ\AppData\Local\Programs\Python\Python310\lib\site-packages\httpcore\_backends\anyio.py", line 113, in connect_tcp
    with map_exceptions(exc_map):
  File "C:\Users\ЕРАСЫЛ\AppData\Local\Programs\Python\Python310\lib\contextlib.py", line 153, in __exit__
    self.gen.throw(typ, value, traceback)
  File "C:\Users\ЕРАСЫЛ\AppData\Local\Programs\Python\Python310\lib\site-packages\httpcore\_exceptions.py", line 14, in map_exceptions
    raise to_exc(exc) from exc
httpcore.ConnectError: [Errno 11001] getaddrinfo failed

The above exception was the direct cause of the following exception:

Traceback (most recent call last):
  File "C:\Users\ЕРАСЫЛ\AppData\Local\Programs\Python\Python310\lib\site-packages\telegram\request\_httpxrequest.py", line 268, in do_request
    res = await self._client.request(
  File "C:\Users\ЕРАСЫЛ\AppData\Local\Programs\Python\Python310\lib\site-packages\httpx\_client.py", line 1530, in request
    return await self.send(request, auth=auth, follow_redirects=follow_redirects)
  File "C:\Users\ЕРАСЫЛ\AppData\Local\Programs\Python\Python310\lib\site-packages\httpx\_client.py", line 1617, in send
    response = await self._send_handling_auth(
  File "C:\Users\ЕРАСЫЛ\AppData\Local\Programs\Python\Python310\lib\site-packages\httpx\_client.py", line 1645, in _send_handling_auth
    response = await self._send_handling_redirects(
  File "C:\Users\ЕРАСЫЛ\AppData\Local\Programs\Python\Python310\lib\site-packages\httpx\_client.py", line 1682, in _send_handling_redirects
    response = await self._send_single_request(request)
  File "C:\Users\ЕРАСЫЛ\AppData\Local\Programs\Python\Python310\lib\site-packages\httpx\_client.py", line 1719, in _send_single_request
    response = await transport.handle_async_request(request)
  File "C:\Users\ЕРАСЫЛ\AppData\Local\Programs\Python\Python310\lib\site-packages\httpx\_transports\default.py", line 365, in handle_async_request
    with map_httpcore_exceptions():
  File "C:\Users\ЕРАСЫЛ\AppData\Local\Programs\Python\Python310\lib\contextlib.py", line 153, in __exit__
    self.gen.throw(typ, value, traceback)
  File "C:\Users\ЕРАСЫЛ\AppData\Local\Programs\Python\Python310\lib\site-packages\httpx\_transports\default.py", line 83, in map_httpcore_exceptions
    raise mapped_exc(message) from exc
httpx.ConnectError: [Errno 11001] getaddrinfo failed

The above exception was the direct cause of the following exception:

Traceback (most recent call last):
  File "C:\Users\ЕРАСЫЛ\AppData\Local\Programs\Python\Python310\lib\site-packages\telegram\ext\_updater.py", line 688, in _network_loop_retry
    if not await action_cb():
  File "C:\Users\ЕРАСЫЛ\AppData\Local\Programs\Python\Python310\lib\site-packages\telegram\ext\_updater.py", line 384, in polling_action_cb
    raise exc
  File "C:\Users\ЕРАСЫЛ\AppData\Local\Programs\Python\Python310\lib\site-packages\telegram\ext\_updater.py", line 373, in polling_action_cb
    updates = await self.bot.get_updates(
  File "C:\Users\ЕРАСЫЛ\AppData\Local\Programs\Python\Python310\lib\site-packages\telegram\ext\_extbot.py", line 558, in get_updates
    updates = await super().get_updates(
  File "C:\Users\ЕРАСЫЛ\AppData\Local\Programs\Python\Python310\lib\site-packages\telegram\_bot.py", line 525, in decorator
    result = await func(self, *args, **kwargs)  # skipcq: PYL-E1102
  File "C:\Users\ЕРАСЫЛ\AppData\Local\Programs\Python\Python310\lib\site-packages\telegram\_bot.py", line 3584, in get_updates
    await self._post(
  File "C:\Users\ЕРАСЫЛ\AppData\Local\Programs\Python\Python310\lib\site-packages\telegram\_bot.py", line 613, in _post
    return await self._do_post(
  File "C:\Users\ЕРАСЫЛ\AppData\Local\Programs\Python\Python310\lib\site-packages\telegram\ext\_extbot.py", line 340, in _do_post
    return await super()._do_post(
  File "C:\Users\ЕРАСЫЛ\AppData\Local\Programs\Python\Python310\lib\site-packages\telegram\_bot.py", line 641, in _do_post
    return await request.post(
  File "C:\Users\ЕРАСЫЛ\AppData\Local\Programs\Python\Python310\lib\site-packages\telegram\request\_baserequest.py", line 200, in post
    result = await self._request_wrapper(
  File "C:\Users\ЕРАСЫЛ\AppData\Local\Programs\Python\Python310\lib\site-packages\telegram\request\_baserequest.py", line 340, in _request_wrapper
    raise exc
  File "C:\Users\ЕРАСЫЛ\AppData\Local\Programs\Python\Python310\lib\site-packages\telegram\request\_baserequest.py", line 330, in _request_wrapper
    code, payload = await self.do_request(
  File "C:\Users\ЕРАСЫЛ\AppData\Local\Programs\Python\Python310\lib\site-packages\telegram\request\_httpxrequest.py", line 292, in do_request
    raise NetworkError(f"httpx.{err.__class__.__name__}: {err}") from err
telegram.error.NetworkError: httpx.ConnectError: [Errno 11001] getaddrinfo failed
2026-05-02 02:09:09,385 [ERROR] telegram.ext.Updater: Error while getting Updates: httpx.ConnectError: [Errno 11001] getaddrinfo failed
2026-05-02 02:09:09,387 [ERROR] telegram.ext.Application: No error handlers are registered, logging exception.
Traceback (most recent call last):
  File "C:\Users\ЕРАСЫЛ\AppData\Local\Programs\Python\Python310\lib\site-packages\httpx\_transports\default.py", line 66, in map_httpcore_exceptions
    yield
  File "C:\Users\ЕРАСЫЛ\AppData\Local\Programs\Python\Python310\lib\site-packages\httpx\_transports\default.py", line 366, in handle_async_request
    resp = await self._pool.handle_async_request(req)
  File "C:\Users\ЕРАСЫЛ\AppData\Local\Programs\Python\Python310\lib\site-packages\httpcore\_async\connection_pool.py", line 256, in handle_async_request
    raise exc from None
  File "C:\Users\ЕРАСЫЛ\AppData\Local\Programs\Python\Python310\lib\site-packages\httpcore\_async\connection_pool.py", line 236, in handle_async_request
    response = await connection.handle_async_request(
  File "C:\Users\ЕРАСЫЛ\AppData\Local\Programs\Python\Python310\lib\site-packages\httpcore\_async\connection.py", line 101, in handle_async_request
    raise exc
  File "C:\Users\ЕРАСЫЛ\AppData\Local\Programs\Python\Python310\lib\site-packages\httpcore\_async\connection.py", line 78, in handle_async_request
    stream = await self._connect(request)
  File "C:\Users\ЕРАСЫЛ\AppData\Local\Programs\Python\Python310\lib\site-packages\httpcore\_async\connection.py", line 124, in _connect
    stream = await self._network_backend.connect_tcp(**kwargs)
  File "C:\Users\ЕРАСЫЛ\AppData\Local\Programs\Python\Python310\lib\site-packages\httpcore\_backends\auto.py", line 31, in connect_tcp
    return await self._backend.connect_tcp(
  File "C:\Users\ЕРАСЫЛ\AppData\Local\Programs\Python\Python310\lib\site-packages\httpcore\_backends\anyio.py", line 113, in connect_tcp
    with map_exceptions(exc_map):
  File "C:\Users\ЕРАСЫЛ\AppData\Local\Programs\Python\Python310\lib\contextlib.py", line 153, in __exit__
    self.gen.throw(typ, value, traceback)
  File "C:\Users\ЕРАСЫЛ\AppData\Local\Programs\Python\Python310\lib\site-packages\httpcore\_exceptions.py", line 14, in map_exceptions
    raise to_exc(exc) from exc
httpcore.ConnectError: [Errno 11001] getaddrinfo failed

The above exception was the direct cause of the following exception:

Traceback (most recent call last):
  File "C:\Users\ЕРАСЫЛ\AppData\Local\Programs\Python\Python310\lib\site-packages\telegram\request\_httpxrequest.py", line 268, in do_request
    res = await self._client.request(
  File "C:\Users\ЕРАСЫЛ\AppData\Local\Programs\Python\Python310\lib\site-packages\httpx\_client.py", line 1530, in request
    return await self.send(request, auth=auth, follow_redirects=follow_redirects)
  File "C:\Users\ЕРАСЫЛ\AppData\Local\Programs\Python\Python310\lib\site-packages\httpx\_client.py", line 1617, in send
    response = await self._send_handling_auth(
  File "C:\Users\ЕРАСЫЛ\AppData\Local\Programs\Python\Python310\lib\site-packages\httpx\_client.py", line 1645, in _send_handling_auth
    response = await self._send_handling_redirects(
  File "C:\Users\ЕРАСЫЛ\AppData\Local\Programs\Python\Python310\lib\site-packages\httpx\_client.py", line 1682, in _send_handling_redirects
    response = await self._send_single_request(request)
  File "C:\Users\ЕРАСЫЛ\AppData\Local\Programs\Python\Python310\lib\site-packages\httpx\_client.py", line 1719, in _send_single_request
    response = await transport.handle_async_request(request)
  File "C:\Users\ЕРАСЫЛ\AppData\Local\Programs\Python\Python310\lib\site-packages\httpx\_transports\default.py", line 365, in handle_async_request
    with map_httpcore_exceptions():
  File "C:\Users\ЕРАСЫЛ\AppData\Local\Programs\Python\Python310\lib\contextlib.py", line 153, in __exit__
    self.gen.throw(typ, value, traceback)
  File "C:\Users\ЕРАСЫЛ\AppData\Local\Programs\Python\Python310\lib\site-packages\httpx\_transports\default.py", line 83, in map_httpcore_exceptions
    raise mapped_exc(message) from exc
httpx.ConnectError: [Errno 11001] getaddrinfo failed

The above exception was the direct cause of the following exception:

Traceback (most recent call last):
  File "C:\Users\ЕРАСЫЛ\AppData\Local\Programs\Python\Python310\lib\site-packages\telegram\ext\_updater.py", line 688, in _network_loop_retry
    if not await action_cb():
  File "C:\Users\ЕРАСЫЛ\AppData\Local\Programs\Python\Python310\lib\site-packages\telegram\ext\_updater.py", line 384, in polling_action_cb
    raise exc
  File "C:\Users\ЕРАСЫЛ\AppData\Local\Programs\Python\Python310\lib\site-packages\telegram\ext\_updater.py", line 373, in polling_action_cb
    updates = await self.bot.get_updates(
  File "C:\Users\ЕРАСЫЛ\AppData\Local\Programs\Python\Python310\lib\site-packages\telegram\ext\_extbot.py", line 558, in get_updates
    updates = await super().get_updates(
  File "C:\Users\ЕРАСЫЛ\AppData\Local\Programs\Python\Python310\lib\site-packages\telegram\_bot.py", line 525, in decorator
    result = await func(self, *args, **kwargs)  # skipcq: PYL-E1102
  File "C:\Users\ЕРАСЫЛ\AppData\Local\Programs\Python\Python310\lib\site-packages\telegram\_bot.py", line 3584, in get_updates
    await self._post(
  File "C:\Users\ЕРАСЫЛ\AppData\Local\Programs\Python\Python310\lib\site-packages\telegram\_bot.py", line 613, in _post
    return await self._do_post(
  File "C:\Users\ЕРАСЫЛ\AppData\Local\Programs\Python\Python310\lib\site-packages\telegram\ext\_extbot.py", line 340, in _do_post
    return await super()._do_post(
  File "C:\Users\ЕРАСЫЛ\AppData\Local\Programs\Python\Python310\lib\site-packages\telegram\_bot.py", line 641, in _do_post
    return await request.post(
  File "C:\Users\ЕРАСЫЛ\AppData\Local\Programs\Python\Python310\lib\site-packages\telegram\request\_baserequest.py", line 200, in post
    result = await self._request_wrapper(
  File "C:\Users\ЕРАСЫЛ\AppData\Local\Programs\Python\Python310\lib\site-packages\telegram\request\_baserequest.py", line 340, in _request_wrapper
    raise exc
  File "C:\Users\ЕРАСЫЛ\AppData\Local\Programs\Python\Python310\lib\site-packages\telegram\request\_baserequest.py", line 330, in _request_wrapper
    code, payload = await self.do_request(
  File "C:\Users\ЕРАСЫЛ\AppData\Local\Programs\Python\Python310\lib\site-packages\telegram\request\_httpxrequest.py", line 292, in do_request
    raise NetworkError(f"httpx.{err.__class__.__name__}: {err}") from err
telegram.error.NetworkError: httpx.ConnectError: [Errno 11001] getaddrinfo failed
