id,text,leaf,measureName,y122020,122020,y122021,122021,y122019,122019,y122024,122024,y122023,122023,y122022,122022,depth,parent_text,oblast,region
741885,Всего,false,,80715095000,883,66173738000,920,44657905000,846,96724698000,1031,88235573000,994,101692212000,957,0,,АКМОЛИНСКАЯ ОБЛАСТЬ,КОКШЕТАУ Г.А.
447173,"Сельское, лесное и рыбное хозяйство",false,,x,883,65955000,920,354232000,846,,,354187000,994,228603000,957,1,Всего,АКМОЛИНСКАЯ ОБЛАСТЬ,КОКШЕТАУ Г.А.
447174,"Растениеводство и животноводство, охота и предоставление услуг в этих областях",false,,x,883,65955000,920,354232000,846,,,354187000,994,228603000,957,2,"Сельское, лесное и рыбное хозяйство",АКМОЛИНСКАЯ ОБЛАСТЬ,КОКШЕТАУ Г.А.
447175,Выращивание одно- или двухлетних культур,false,,,,29470000,920,x,846,,,347658000,994,27157000,957,3,"Растениеводство и животноводство, охота и предоставление услуг в этих областях",АКМОЛИНСКАЯ ОБЛАСТЬ,КОКШЕТАУ Г.А.
447176,"Выращивание зерновых (кроме риса), бобовых и масличных культур",false,,,,29470000,920,x,846,,,347658000,994,27157000,957,4,Выращивание одно- или двухлетних культур,АКМОЛИНСКАЯ ОБЛАСТЬ,КОКШЕТАУ Г.А.
3783380,"Выращивание зерновых и зернобобовых культур, включая семеноводство",true,,,,29470000,920,x,846,,,347658000,994,27157000,957,5,"Выращивание зерновых (кроме риса), бобовых и масличных культур",АКМОЛИНСКАЯ ОБЛАСТЬ,КОКШЕТАУ Г.А.
447218,Животноводство,false,,x,883,x,920,x,846,,,6529000,994,x,957,3,"Растениеводство и животноводство, охота и предоставление услуг в этих областях",АКМОЛИНСКАЯ ОБЛАСТЬ,КОКШЕТАУ Г.А.
447221,Разведение прочего крупного рогатого скота и буйволов,false,,x,883,x,920,x,846,,,6529000,994,x,957,4,Животноводство,АКМОЛИНСКАЯ ОБЛАСТЬ,КОКШЕТАУ Г.А.
447222,Разведение прочего крупного рогатого скота и буйволов,true,,x,883,x,920,x,846,,,6529000,994,x,957,5,Разведение прочего крупного рогатого скота и буйволов,АКМОЛИНСКАЯ ОБЛАСТЬ,КОКШЕТАУ Г.А.
447239,Смешанное сельское хозяйство,false,,,,,,,,,,,,x,957,3,"Растениеводство и животноводство, охота и предоставление услуг в этих областях",АКМОЛИНСКАЯ ОБЛАСТЬ,КОКШЕТАУ Г.А.
447240,Смешанное сельское хозяйство,false,,,,,,,,,,,,x,957,4,Смешанное сельское хозяйство,АКМОЛИНСКАЯ ОБЛАСТЬ,КОКШЕТАУ Г.А.
447241,Смешанное сельское хозяйство,true,,,,,,,,,,,,x,957,5,Смешанное сельское хозяйство,АКМОЛИНСКАЯ ОБЛАСТЬ,КОКШЕТАУ Г.А.
448148,Строительство,false,,53750000,883,3524000,920,13241000,846,1789928000,1031,241215000,994,109735000,957,1,Всего,АКМОЛИНСКАЯ ОБЛАСТЬ,КОКШЕТАУ Г.А.
18710963,Строительство зданий,false,,,,x,920,,,1479053000,1031,x,994,x,957,2,Строительство,АКМОЛИНСКАЯ ОБЛАСТЬ,КОКШЕТАУ Г.А.
18710967,Строительство жилых и нежилых зданий,false,,,,x,920,,,1479053000,1031,x,994,x,957,3,Строительство зданий,АКМОЛИНСКАЯ ОБЛАСТЬ,КОКШЕТАУ Г.А.
18710968,Строительство жилых и нежилых зданий,false,,,,x,920,,,1479053000,1031,x,994,x,957,4,Строительство жилых и нежилых зданий,АКМОЛИНСКАЯ ОБЛАСТЬ,КОКШЕТАУ Г.А.
18710969,Строительство жилых зданий,true,,,,x,920,,,51173000,1031,,,,,5,Строительство жилых и нежилых зданий,АКМОЛИНСКАЯ ОБЛАСТЬ,КОКШЕТАУ Г.А.
18801543,"Строительство нежилых зданий, за исключением стационарных торговых объектов категорий 1, 2",true,,,,,,,,1427880000,1031,x,994,x,957,5,Строительство жилых и нежилых зданий,АКМОЛИНСКАЯ ОБЛАСТЬ,КОКШЕТАУ Г.А.
448157,Гражданское строительство,false,,,,,,x,846,,,,,x,957,2,Строительство,АКМОЛИНСКАЯ ОБЛАСТЬ,КОКШЕТАУ Г.А.
18696516,Строительство прочих инженерных сооружений,false,,,,,,x,846,,,,,x,957,3,Гражданское строительство,АКМОЛИНСКАЯ ОБЛАСТЬ,КОКШЕТАУ Г.А.
18696517,"Строительство прочих инженерных сооружений, не включенных в другие группировки",false,,,,,,x,846,,,,,x,957,4,Строительство прочих инженерных сооружений,АКМОЛИНСКАЯ ОБЛАСТЬ,КОКШЕТАУ Г.А.
18696518,"Строительство прочих инженерных сооружений, не включенных в другие группировки",true,,,,,,x,846,,,,,x,957,5,"Строительство прочих инженерных сооружений, не включенных в другие группировки",АКМОЛИНСКАЯ ОБЛАСТЬ,КОКШЕТАУ Г.А.
448177,Специализированные строительные работы,false,,53750000,883,439000,920,9182000,846,310875000,1031,25430000,994,16476000,957,2,Строительство,АКМОЛИНСКАЯ ОБЛАСТЬ,КОКШЕТАУ Г.А.
448178,"Снос  зданий и сооружений, подготовка строительного участка",false,,52436000,883,,,6964000,846,,,,,,,3,Специализированные строительные работы,АКМОЛИНСКАЯ ОБЛАСТЬ,КОКШЕТАУ Г.А.
448181,Подготовка строительного участка,false,,52436000,883,,,6964000,846,,,,,,,4,"Снос  зданий и сооружений, подготовка строительного участка",АКМОЛИНСКАЯ ОБЛАСТЬ,КОКШЕТАУ Г.А.
448182,Земляные работы,true,,6583000,883,,,,,,,,,,,5,Подготовка строительного участка,АКМОЛИНСКАЯ ОБЛАСТЬ,КОКШЕТАУ Г.А.
448183,Взрывные работы,true,,45853000,883,,,6964000,846,,,,,,,5,Подготовка строительного участка,АКМОЛИНСКАЯ ОБЛАСТЬ,КОКШЕТАУ Г.А.
448187,"Монтаж и установка электрического, водопроводного и прочего оборудования",false,,x,883,,,522000,846,765000,1031,,,x,957,3,Специализированные строительные работы,АКМОЛИНСКАЯ ОБЛАСТЬ,КОКШЕТАУ Г.А.
448190,"Монтаж систем водоснабжения, отопления и кондиционирования воздуха",false,,,,,,,,765000,1031,,,x,957,4,"Монтаж и установка электрического, водопроводного и прочего оборудования",АКМОЛИНСКАЯ ОБЛАСТЬ,КОКШЕТАУ Г.А.
448191,"Монтаж систем водоснабжения, отопления и кондиционирования воздуха",true,,,,,,,,765000,1031,,,x,957,5,"Монтаж систем водоснабжения, отопления и кондиционирования воздуха",АКМОЛИНСКАЯ ОБЛАСТЬ,КОКШЕТАУ Г.А.
448192,Прочие строительно-монтажные работы,false,,x,883,,,522000,846,,,,,,,4,"Монтаж и установка электрического, водопроводного и прочего оборудования",АКМОЛИНСКАЯ ОБЛАСТЬ,КОКШЕТАУ Г.А.
448194,"Прочие строительно-монтажные работы, не включенные в другие группировки",true,,x,883,,,522000,846,,,,,,,5,Прочие строительно-монтажные работы,АКМОЛИНСКАЯ ОБЛАСТЬ,КОКШЕТАУ Г.А.
448196,Отделочные работы,false,,,,x,920,,,150072000,1031,25430000,994,,,3,Специализированные строительные работы,АКМОЛИНСКАЯ ОБЛАСТЬ,КОКШЕТАУ Г.А.
448201,Покрытие полов и облицовка стен,false,,,,x,920,,,,,,,,,4,Отделочные работы,АКМОЛИНСКАЯ ОБЛАСТЬ,КОКШЕТАУ Г.А.
448202,Покрытие полов и облицовка стен,true,,,,x,920,,,,,,,,,5,Покрытие полов и облицовка стен,АКМОЛИНСКАЯ ОБЛАСТЬ,КОКШЕТАУ Г.А.
448205,Прочие отделочные работы,false,,,,,,,,150072000,1031,25430000,994,,,4,Отделочные работы,АКМОЛИНСКАЯ ОБЛАСТЬ,КОКШЕТАУ Г.А.
448206,Прочие отделочные работы,true,,,,,,,,150072000,1031,25430000,994,,,5,Прочие отделочные работы,АКМОЛИНСКАЯ ОБЛАСТЬ,КОКШЕТАУ Г.А.
448207,Прочие специализированные строительные работы,false,,x,883,x,920,x,846,160038000,1031,,,4779000,957,3,Специализированные строительные работы,АКМОЛИНСКАЯ ОБЛАСТЬ,КОКШЕТАУ Г.А.
448210,"Прочие специализированные строительные работы, не включенные в другие группировки",false,,x,883,x,920,x,846,160038000,1031,,,4779000,957,4,Прочие специализированные строительные работы,АКМОЛИНСКАЯ ОБЛАСТЬ,КОКШЕТАУ Г.А.
448213,Аренда строительного оборудования с оператором,true,,x,883,,,x,846,,,,,x,957,5,"Прочие специализированные строительные работы, не включенные в другие группировки",АКМОЛИНСКАЯ ОБЛАСТЬ,КОКШЕТАУ Г.А.
448214,"Прочие строительные работы, требующие специальной квалификации",true,,,,x,920,,,160038000,1031,,,173000,957,5,"Прочие специализированные строительные работы, не включенные в другие группировки",АКМОЛИНСКАЯ ОБЛАСТЬ,КОКШЕТАУ Г.А.
448215,Оптовая и розничная торговля; ремонт автомобилей и мотоциклов,false,,3165376000,883,5318420000,920,1415998000,846,6322027000,1031,5871015000,994,5166506000,957,1,Всего,АКМОЛИНСКАЯ ОБЛАСТЬ,КОКШЕТАУ Г.А.
448216,Оптовая и розничная торговля автомобилями и мотоциклами и их ремонт,false,,1018322000,883,52800000,920,21454000,846,317973000,1031,723880000,994,2021982000,957,2,Оптовая и розничная торговля; ремонт автомобилей и мотоциклов,АКМОЛИНСКАЯ ОБЛАСТЬ,КОКШЕТАУ Г.А.
448217,Торговля автомобилями,false,,1013440000,883,52229000,920,250000,846,92135000,1031,419020000,994,28814000,957,3,Оптовая и розничная торговля автомобилями и мотоциклами и их ремонт,АКМОЛИНСКАЯ ОБЛАСТЬ,КОКШЕТАУ Г.А.
448218,Торговля автомобилями и легкими автотранспортными средствами,false,,1013440000,883,52229000,920,250000,846,92135000,1031,419020000,994,28814000,957,4,Торговля автомобилями,АКМОЛИНСКАЯ ОБЛАСТЬ,КОКШЕТАУ Г.А.
448220,Розничная торговля автомобилями и легкими автотранспортными средствами  в торговых объектах с торговой площадью менее 2000 кв.м,true,,1013440000,883,52229000,920,250000,846,92135000,1031,419020000,994,28814000,957,5,Торговля автомобилями и легкими автотранспортными средствами,АКМОЛИНСКАЯ ОБЛАСТЬ,КОКШЕТАУ Г.А.
448224,Техническое обслуживание и ремонт автомобилей,false,,,,,,7492000,846,151147000,1031,220137000,994,64910000,957,3,Оптовая и розничная торговля автомобилями и мотоциклами и их ремонт,АКМОЛИНСКАЯ ОБЛАСТЬ,КОКШЕТАУ Г.А.
448225,Техническое обслуживание и ремонт автомобилей,false,,,,,,7492000,846,151147000,1031,220137000,994,64910000,957,4,Техническое обслуживание и ремонт автомобилей,АКМОЛИНСКАЯ ОБЛАСТЬ,КОКШЕТАУ Г.А.
448226,Техобслуживание и ремонт автотранспортных средств,true,,,,,,7492000,846,,,,,,,5,Техническое обслуживание и ремонт автомобилей,АКМОЛИНСКАЯ ОБЛАСТЬ,КОКШЕТАУ Г.А.
20575904,"Техническое обслуживание и ремонт автомобилей, за исключением произведенных станциями технического обслуживания, находящимися на придорожной полосе",true,,,,,,,,150940000,1031,126837000,994,64910000,957,5,Техническое обслуживание и ремонт автомобилей,АКМОЛИНСКАЯ ОБЛАСТЬ,КОКШЕТАУ Г.А.
20575905,"Техническое обслуживание и ремонт автомобилей станциями технического обслуживания, находящимися на придорожной полосе ",true,,,,,,,,207000,1031,x,994,,,5,Техническое обслуживание и ремонт автомобилей,АКМОЛИНСКАЯ ОБЛАСТЬ,КОКШЕТАУ Г.А.
448227,"Торговля автомобильными деталями, узлами и принадлежностями",false,,x,883,x,920,13712000,846,74691000,1031,84723000,994,1928258000,957,3,Оптовая и розничная торговля автомобилями и мотоциклами и их ремонт,АКМОЛИНСКАЯ ОБЛАСТЬ,КОКШЕТАУ Г.А.
448228,"Оптовая торговля автомобильными деталями, узлами и принадлежностями",false,,x,883,,,,,4402000,1031,14043000,994,12842000,957,4,"Торговля автомобильными деталями, узлами и принадлежностями",АКМОЛИНСКАЯ ОБЛАСТЬ,КОКШЕТАУ Г.А.
448229,"Оптовая торговля автомобильными деталями, узлами и принадлежностями",true,,x,883,,,,,4402000,1031,14043000,994,12842000,957,5,"Оптовая торговля автомобильными деталями, узлами и принадлежностями",АКМОЛИНСКАЯ ОБЛАСТЬ,КОКШЕТАУ Г.А.
448230,"Розничная торговля автомобильными деталями, узлами и принадлежностями",false,,,,x,920,13712000,846,70289000,1031,x,994,x,957,4,"Торговля автомобильными деталями, узлами и принадлежностями",АКМОЛИНСКАЯ ОБЛАСТЬ,КОКШЕТАУ Г.А.
18951438,"Розничная торговля автомобильными деталями, узлами и принадлежностями в торговых объектах с торговой площадью менее 2000 кв.м",true,,,,x,920,13712000,846,669000,1031,,,,,5,"Розничная торговля автомобильными деталями, узлами и принадлежностями",АКМОЛИНСКАЯ ОБЛАСТЬ,КОКШЕТАУ Г.А.
18951439,"Розничная торговля автомобильными деталями, узлами и принадлежностями в торговых объектах с торговой площадью более 2000 кв.м (2000 кв.м и выше)",true,,,,,,,,x,1031,x,994,x,957,5,"Розничная торговля автомобильными деталями, узлами и принадлежностями",АКМОЛИНСКАЯ ОБЛАСТЬ,КОКШЕТАУ Г.А.
448237,"Оптовая торговля, за исключением торговли автомобилями и мотоциклами",false,,1645409000,883,4190629000,920,1234004000,846,843215000,1031,3024925000,994,2735364000,957,2,Оптовая и розничная торговля; ремонт автомобилей и мотоциклов,АКМОЛИНСКАЯ ОБЛАСТЬ,КОКШЕТАУ Г.А.
448238,Оптовая торговля за вознаграждение или на договорной основе,false,,,,,,,,10189000,1031,x,994,,,3,"Оптовая торговля, за исключением торговли автомобилями и мотоциклами",АКМОЛИНСКАЯ ОБЛАСТЬ,КОКШЕТАУ Г.А.
448243,Деятельность агентов по оптовой торговле древесиной и строительными материалами,false,,,,,,,,10189000,1031,,,,,4,Оптовая торговля за вознаграждение или на договорной основе,АКМОЛИНСКАЯ ОБЛАСТЬ,КОКШЕТАУ Г.А.
448244,Деятельность агентов по оптовой торговле древесиной и строительными материалами,true,,,,,,,,10189000,1031,,,,,5,Деятельность агентов по оптовой торговле древесиной и строительными материалами,АКМОЛИНСКАЯ ОБЛАСТЬ,КОКШЕТАУ Г.А.
448255,Деятельность агентов по оптовой торговле товарами широкого ассортимента,false,,,,,,,,,,x,994,,,4,Оптовая торговля за вознаграждение или на договорной основе,АКМОЛИНСКАЯ ОБЛАСТЬ,КОКШЕТАУ Г.А.
448256,Деятельность агентов по оптовой торговле товарами широкого ассортимента,true,,,,,,,,,,x,994,,,5,Деятельность агентов по оптовой торговле товарами широкого ассортимента,АКМОЛИНСКАЯ ОБЛАСТЬ,КОКШЕТАУ Г.А.
448257,Оптовая торговля сельскохозяйственным сырьем и живыми животными,false,,14242000,883,301827000,920,16176000,846,6349000,1031,354433000,994,,,3,"Оптовая торговля, за исключением торговли автомобилями и мотоциклами",АКМОЛИНСКАЯ ОБЛАСТЬ,КОКШЕТАУ Г.А.
448258,"Оптовая торговля зерном, необработанным табаком, семенами и кормами для животных",false,,14242000,883,301827000,920,16176000,846,6349000,1031,354433000,994,,,4,Оптовая торговля сельскохозяйственным сырьем и живыми животными,АКМОЛИНСКАЯ ОБЛАСТЬ,КОКШЕТАУ Г.А.
448259,"Оптовая торговля зерном, семенами и кормами для животных",true,,,,,,16176000,846,,,,,,,5,"Оптовая торговля зерном, необработанным табаком, семенами и кормами для животных",АКМОЛИНСКАЯ ОБЛАСТЬ,КОКШЕТАУ Г.А.
20575950,"Оптовая торговля зерном, семенами и кормами для животных",true,,14242000,883,301827000,920,,,6349000,1031,354433000,994,,,5,"Оптовая торговля зерном, необработанным табаком, семенами и кормами для животных",АКМОЛИНСКАЯ ОБЛАСТЬ,КОКШЕТАУ Г.А.
448267,"Оптовая торговля продуктами питания, напитками и табачными изделиями",false,,95027000,883,45706000,920,89151000,846,174848000,1031,84300000,994,77874000,957,3,"Оптовая торговля, за исключением торговли автомобилями и мотоциклами",АКМОЛИНСКАЯ ОБЛАСТЬ,КОКШЕТАУ Г.А.
448270,Оптовая торговля мясом и мясными продуктами,false,,,,,,,,14886000,1031,64000,994,x,957,4,"Оптовая торговля продуктами питания, напитками и табачными изделиями",АКМОЛИНСКАЯ ОБЛАСТЬ,КОКШЕТАУ Г.А.
448271,Оптовая торговля мясом и мясными продуктами,true,,,,,,,,14886000,1031,64000,994,x,957,5,Оптовая торговля мясом и мясными продуктами,АКМОЛИНСКАЯ ОБЛАСТЬ,КОКШЕТАУ Г.А.
448272,"Оптовая торговля молочными продуктами, яйцами и пищевыми маслами и жирами",false,,x,883,44410000,920,40220000,846,x,1031,x,994,x,957,4,"Оптовая торговля продуктами питания, напитками и табачными изделиями",АКМОЛИНСКАЯ ОБЛАСТЬ,КОКШЕТАУ Г.А.
448273,"Оптовая торговля молочными продуктами, яйцами и пищевыми маслами и жирами",true,,x,883,44410000,920,40220000,846,x,1031,x,994,x,957,5,"Оптовая торговля молочными продуктами, яйцами и пищевыми маслами и жирами",АКМОЛИНСКАЯ ОБЛАСТЬ,КОКШЕТАУ Г.А.
448274,Оптовая торговля напитками,false,,13212000,883,x,920,1505000,846,30863000,1031,x,994,x,957,4,"Оптовая торговля продуктами питания, напитками и табачными изделиями",АКМОЛИНСКАЯ ОБЛАСТЬ,КОКШЕТАУ Г.А.
3647932,"Оптовая торговля напитками в магазинах, являющихся торговыми объектами, с торговой площадью менее 2000 кв.м",true,,13212000,883,x,920,1505000,846,30863000,1031,x,994,x,957,5,Оптовая торговля напитками,АКМОЛИНСКАЯ ОБЛАСТЬ,КОКШЕТАУ Г.А.
448282,"Оптовая торговля прочими продуктами питания, включая рыбу, ракообразных и моллюсков",false,,5025000,883,1260000,920,41283000,846,121906000,1031,25161000,994,65142000,957,4,"Оптовая торговля продуктами питания, напитками и табачными изделиями",АКМОЛИНСКАЯ ОБЛАСТЬ,КОКШЕТАУ Г.А.
448284,Оптовая торговля прочими продуктами питания,true,,5025000,883,1260000,920,41283000,846,121906000,1031,25161000,994,65142000,957,5,"Оптовая торговля прочими продуктами питания, включая рыбу, ракообразных и моллюсков",АКМОЛИНСКАЯ ОБЛАСТЬ,КОКШЕТАУ Г.А.
448285,"Неспециализированная оптовая торговля продуктами питания, напитками и табачными изделиями",false,,3148000,883,,,6143000,846,,,,,,,4,"Оптовая торговля продуктами питания, напитками и табачными изделиями",АКМОЛИНСКАЯ ОБЛАСТЬ,КОКШЕТАУ Г.А.
448286,"Неспециализированная оптовая торговля продуктами питания, напитками и табачными изделиями",true,,3148000,883,,,6143000,846,,,,,,,5,"Неспециализированная оптовая торговля продуктами питания, напитками и табачными изделиями",АКМОЛИНСКАЯ ОБЛАСТЬ,КОКШЕТАУ Г.А.
448287,Оптовая торговля непродовольственными товарами потребительского назначения,false,,648000,883,2998000,920,2070000,846,,,,,x,957,3,"Оптовая торговля, за исключением торговли автомобилями и мотоциклами",АКМОЛИНСКАЯ ОБЛАСТЬ,КОКШЕТАУ Г.А.
448299,Оптовая торговля парфюмерными и косметическими средствами,false,,x,883,,,,,,,,,,,4,Оптовая торговля непродовольственными товарами потребительского назначения,АКМОЛИНСКАЯ ОБЛАСТЬ,КОКШЕТАУ Г.А.
448300,Оптовая торговля парфюмерными и косметическими средствами,true,,x,883,,,,,,,,,,,5,Оптовая торговля парфюмерными и косметическими средствами,АКМОЛИНСКАЯ ОБЛАСТЬ,КОКШЕТАУ Г.А.
448301,Оптовая торговля фармацевтическими товарами,false,,x,883,2367000,920,x,846,,,,,,,4,Оптовая торговля непродовольственными товарами потребительского назначения,АКМОЛИНСКАЯ ОБЛАСТЬ,КОКШЕТАУ Г.А.
18946138,"Оптовая торговля фармацевтическими товарами, кроме торговли медицинской техникой и ортопедическими  изделиями",true,,,,x,920,,,,,,,,,5,Оптовая торговля фармацевтическими товарами,АКМОЛИНСКАЯ ОБЛАСТЬ,КОКШЕТАУ Г.А.
18951440,Оптовая торговля медицинской техникой и ортопедическими  изделиями,true,,x,883,x,920,x,846,,,,,,,5,Оптовая торговля фармацевтическими товарами,АКМОЛИНСКАЯ ОБЛАСТЬ,КОКШЕТАУ Г.А.
448303,"Оптовая торговля мебелью, коврами и осветительным оборудованием",false,,x,883,x,920,x,846,,,,,,,4,Оптовая торговля непродовольственными товарами потребительского назначения,АКМОЛИНСКАЯ ОБЛАСТЬ,КОКШЕТАУ Г.А.
448304,"Оптовая торговля мебелью, коврами и осветительным оборудованием",true,,x,883,x,920,x,846,,,,,,,5,"Оптовая торговля мебелью, коврами и осветительным оборудованием",АКМОЛИНСКАЯ ОБЛАСТЬ,КОКШЕТАУ Г.А.
448307,Оптовая торговля прочими непродовольственными товарами потребительского назначения,false,,,,,,x,846,,,,,x,957,4,Оптовая торговля непродовольственными товарами потребительского назначения,АКМОЛИНСКАЯ ОБЛАСТЬ,КОКШЕТАУ Г.А.
448308,Оптовая торговля канцелярскими принадлежностями,true,,,,,,x,846,,,,,,,5,Оптовая торговля прочими непродовольственными товарами потребительского назначения,АКМОЛИНСКАЯ ОБЛАСТЬ,КОКШЕТАУ Г.А.
448310,"Оптовая торговля прочими непродовольственными товарами потребительского назначения, не включенными в другие группировки",true,,,,,,,,,,,,x,957,5,Оптовая торговля прочими непродовольственными товарами потребительского назначения,АКМОЛИНСКАЯ ОБЛАСТЬ,КОКШЕТАУ Г.А.
448311,Оптовая торговля компьютерами и коммуникационным оборудованием,false,,5969000,883,21000,920,456000,846,99000,1031,462000,994,44900000,957,3,"Оптовая торговля, за исключением торговли автомобилями и мотоциклами",АКМОЛИНСКАЯ ОБЛАСТЬ,КОКШЕТАУ Г.А.
448314,Оптовая торговля электронным и телекоммуникационным оборудованием и их частями ,false,,5969000,883,21000,920,456000,846,99000,1031,462000,994,44900000,957,4,Оптовая торговля компьютерами и коммуникационным оборудованием,АКМОЛИНСКАЯ ОБЛАСТЬ,КОКШЕТАУ Г.А.
448315,Оптовая торговля электронным и телекоммуникационным оборудованием и их частями ,true,,5969000,883,21000,920,456000,846,99000,1031,462000,994,44900000,957,5,Оптовая торговля электронным и телекоммуникационным оборудованием и их частями ,АКМОЛИНСКАЯ ОБЛАСТЬ,КОКШЕТАУ Г.А.
448316,"Оптовая торговля прочими машинами, оборудованием и деталями и принадлежностями к ним",false,,1294004000,883,3573319000,920,1084253000,846,600783000,1031,2394460000,994,2380240000,957,3,"Оптовая торговля, за исключением торговли автомобилями и мотоциклами",АКМОЛИНСКАЯ ОБЛАСТЬ,КОКШЕТАУ Г.А.
448317,"Оптовая торговля сельскохозяйственной техникой, оборудованием,  деталями и принадлежностями к ним",false,,1294004000,883,3549930000,920,1084253000,846,600783000,1031,2394460000,994,2365074000,957,4,"Оптовая торговля прочими машинами, оборудованием и деталями и принадлежностями к ним",АКМОЛИНСКАЯ ОБЛАСТЬ,КОКШЕТАУ Г.А.
448318,"Оптовая торговля сельскохозяйственной техникой, оборудованием,  деталями и принадлежностями к ним",true,,1294004000,883,3549930000,920,1084253000,846,600783000,1031,2394460000,994,2365074000,957,5,"Оптовая торговля сельскохозяйственной техникой, оборудованием,  деталями и принадлежностями к ним",АКМОЛИНСКАЯ ОБЛАСТЬ,КОКШЕТАУ Г.А.
448321,Оптовая торговля машинами и оборудованием для горнодобывающей промышленности и строительства ,false,,,,6548000,920,,,,,,,5166000,957,4,"Оптовая торговля прочими машинами, оборудованием и деталями и принадлежностями к ним",АКМОЛИНСКАЯ ОБЛАСТЬ,КОКШЕТАУ Г.А.
448322,Оптовая торговля машинами и оборудованием для горнодобывающей промышленности и строительства ,true,,,,6548000,920,,,,,,,5166000,957,5,Оптовая торговля машинами и оборудованием для горнодобывающей промышленности и строительства ,АКМОЛИНСКАЯ ОБЛАСТЬ,КОКШЕТАУ Г.А.
448329,Оптовая торговля прочими машинами и оборудованием,false,,,,x,920,,,,,,,x,957,4,"Оптовая торговля прочими машинами, оборудованием и деталями и принадлежностями к ним",АКМОЛИНСКАЯ ОБЛАСТЬ,КОКШЕТАУ Г.А.
448330,Оптовая торговля прочими машинами и оборудованием,true,,,,x,920,,,,,,,x,957,5,Оптовая торговля прочими машинами и оборудованием,АКМОЛИНСКАЯ ОБЛАСТЬ,КОКШЕТАУ Г.А.
448331,Прочая специализированная оптовая торговля ,false,,120765000,883,80608000,920,6212000,846,2999000,1031,110935000,994,171656000,957,3,"Оптовая торговля, за исключением торговли автомобилями и мотоциклами",АКМОЛИНСКАЯ ОБЛАСТЬ,КОКШЕТАУ Г.А.
448332,"Оптовая торговля твердым, жидким и газообразным топливом и подобными продуктами",false,,56723000,883,2969000,920,2800000,846,2999000,1031,55967000,994,49244000,957,4,Прочая специализированная оптовая торговля ,АКМОЛИНСКАЯ ОБЛАСТЬ,КОКШЕТАУ Г.А.
448334,Оптовая торговля природным (горючим) газом,true,,20357000,883,2969000,920,2800000,846,2645000,1031,2220000,994,19469000,957,5,"Оптовая торговля твердым, жидким и газообразным топливом и подобными продуктами",АКМОЛИНСКАЯ ОБЛАСТЬ,КОКШЕТАУ Г.А.
448335,Оптовая торговля каменным углем,true,,x,883,,,,,,,x,994,x,957,5,"Оптовая торговля твердым, жидким и газообразным топливом и подобными продуктами",АКМОЛИНСКАЯ ОБЛАСТЬ,КОКШЕТАУ Г.А.
448341,Оптовая торговля прочим топливом,true,,,,,,,,x,1031,,,,,5,"Оптовая торговля твердым, жидким и газообразным топливом и подобными продуктами",АКМОЛИНСКАЯ ОБЛАСТЬ,КОКШЕТАУ Г.А.
448347,"Оптовая торговля лесоматериалами, строительными материалами и санитарно-техническим оборудованием",false,,,,x,920,,,,,,,,,4,Прочая специализированная оптовая торговля ,АКМОЛИНСКАЯ ОБЛАСТЬ,КОКШЕТАУ Г.А.
448353,Оптовая торговля строительными металлическими конструкциями,true,,,,x,920,,,,,,,,,5,"Оптовая торговля лесоматериалами, строительными материалами и санитарно-техническим оборудованием",АКМОЛИНСКАЯ ОБЛАСТЬ,КОКШЕТАУ Г.А.
448356,"Оптовая торговля скобяными изделиями, водопроводным и отопительным оборудованием и  инвентарем",false,,,,x,920,,,,,,,,,4,Прочая специализированная оптовая торговля ,АКМОЛИНСКАЯ ОБЛАСТЬ,КОКШЕТАУ Г.А.
448357,"Оптовая торговля скобяными изделиями, водопроводным и отопительным оборудованием и  инвентарем",true,,,,x,920,,,,,,,,,5,"Оптовая торговля скобяными изделиями, водопроводным и отопительным оборудованием и  инвентарем",АКМОЛИНСКАЯ ОБЛАСТЬ,КОКШЕТАУ Г.А.
448358,Оптовая торговля химической продукцией,false,,63801000,883,75790000,920,3412000,846,,,54968000,994,122412000,957,4,Прочая специализированная оптовая торговля ,АКМОЛИНСКАЯ ОБЛАСТЬ,КОКШЕТАУ Г.А.
448362,Оптовая торговля пестицидами и прочими агрохимическими продуктами,true,,63801000,883,75790000,920,3412000,846,,,54968000,994,122412000,957,5,Оптовая торговля химической продукцией,АКМОЛИНСКАЯ ОБЛАСТЬ,КОКШЕТАУ Г.А.
448367,Оптовая торговля отходами и ломом,false,,x,883,x,920,,,,,,,,,4,Прочая специализированная оптовая торговля ,АКМОЛИНСКАЯ ОБЛАСТЬ,КОКШЕТАУ Г.А.
448368,Оптовая торговля ломом и отходами черных и цветных металлов,true,,x,883,x,920,,,,,,,,,5,Оптовая торговля отходами и ломом,АКМОЛИНСКАЯ ОБЛАСТЬ,КОКШЕТАУ Г.А.
448371,Неспециализированная оптовая торговля,false,,114754000,883,186150000,920,35686000,846,47948000,1031,15922000,994,59270000,957,3,"Оптовая торговля, за исключением торговли автомобилями и мотоциклами",АКМОЛИНСКАЯ ОБЛАСТЬ,КОКШЕТАУ Г.А.
448372,Неспециализированная оптовая торговля,false,,114754000,883,186150000,920,35686000,846,47948000,1031,15922000,994,59270000,957,4,Неспециализированная оптовая торговля,АКМОЛИНСКАЯ ОБЛАСТЬ,КОКШЕТАУ Г.А.
448376,Оптовая торговля широким ассортиментом товаров без какой-либо конкретизации,true,,114754000,883,186150000,920,35686000,846,47948000,1031,15922000,994,59270000,957,5,Неспециализированная оптовая торговля,АКМОЛИНСКАЯ ОБЛАСТЬ,КОКШЕТАУ Г.А.
448377,"Розничная торговля, кроме торговли автомобилями и мотоциклами",false,,501645000,883,1074991000,920,160540000,846,5160839000,1031,2122210000,994,409160000,957,2,Оптовая и розничная торговля; ремонт автомобилей и мотоциклов,АКМОЛИНСКАЯ ОБЛАСТЬ,КОКШЕТАУ Г.А.
448378,Розничная торговля в неспециализированных магазинах,false,,296639000,883,510797000,920,68177000,846,5038841000,1031,1788906000,994,313116000,957,3,"Розничная торговля, кроме торговли автомобилями и мотоциклами",АКМОЛИНСКАЯ ОБЛАСТЬ,КОКШЕТАУ Г.А.
448379,"Розничная торговля в неспециализированных магазинах преимущественно продуктами питания, напитками и табачными изделиями",false,,75500000,883,380001000,920,41357000,846,108774000,1031,89600000,994,21822000,957,4,Розничная торговля в неспециализированных магазинах,АКМОЛИНСКАЯ ОБЛАСТЬ,КОКШЕТАУ Г.А.
3647934,"Розничная торговля преимущественно продуктами питания, напитками и табачными изделиями в неспециализированных магазинах, являющихся торговыми объектами, с торговой площадью менее 2000 кв.м ",true,,75500000,883,380001000,920,41357000,846,108774000,1031,89600000,994,21822000,957,5,"Розничная торговля в неспециализированных магазинах преимущественно продуктами питания, напитками и табачными изделиями",АКМОЛИНСКАЯ ОБЛАСТЬ,КОКШЕТАУ Г.А.
448381,Прочая розничная торговля в неспециализированных магазинах,false,,221139000,883,130796000,920,26820000,846,4930067000,1031,1699306000,994,291294000,957,4,Розничная торговля в неспециализированных магазинах,АКМОЛИНСКАЯ ОБЛАСТЬ,КОКШЕТАУ Г.А.
3647936,"Прочая розничная торговля в неспециализированных магазинах, являющихся торговыми объектами, с торговой площадью менее 2000 кв.м ",true,,221139000,883,130796000,920,26820000,846,x,1031,140631000,994,291294000,957,5,Прочая розничная торговля в неспециализированных магазинах,АКМОЛИНСКАЯ ОБЛАСТЬ,КОКШЕТАУ Г.А.
3647937,"Прочая розничная торговля в неспециализированных магазинах, являющихся торговыми объектами, с торговой площадью более 2000 кв.м (2000 кв.м и выше)",true,,,,,,,,4929920000,1031,1558675000,994,,,5,Прочая розничная торговля в неспециализированных магазинах,АКМОЛИНСКАЯ ОБЛАСТЬ,КОКШЕТАУ Г.А.
448383,"Розничная торговля продуктами питания, напитками и табачными изделиями в специализированных магазинах",false,,x,883,x,920,3100000,846,11156000,1031,,,,,3,"Розничная торговля, кроме торговли автомобилями и мотоциклами",АКМОЛИНСКАЯ ОБЛАСТЬ,КОКШЕТАУ Г.А.
448384,Розничная торговля фруктами и овощами в специализированных магазинах,false,,,,,,3100000,846,,,,,,,4,"Розничная торговля продуктами питания, напитками и табачными изделиями в специализированных магазинах",АКМОЛИНСКАЯ ОБЛАСТЬ,КОКШЕТАУ Г.А.
3647938,"Розничная торговля фруктами и овощами в специализированных магазинах, являющихся торговыми объектами, с торговой площадью менее 2000 кв.м",true,,,,,,3100000,846,,,,,,,5,Розничная торговля фруктами и овощами в специализированных магазинах,АКМОЛИНСКАЯ ОБЛАСТЬ,КОКШЕТАУ Г.А.
448397,Прочая розничная торговля продуктами питания в специализированных магазинах,false,,x,883,x,920,,,11156000,1031,,,,,4,"Розничная торговля продуктами питания, напитками и табачными изделиями в специализированных магазинах",АКМОЛИНСКАЯ ОБЛАСТЬ,КОКШЕТАУ Г.А.
3647950,"Прочая розничная торговля продуктами питания в специализированных магазинах, являющихся торговыми объектами, с торговой площадью менее 2000 кв.м",true,,x,883,x,920,,,11156000,1031,,,,,5,Прочая розничная торговля продуктами питания в специализированных магазинах,АКМОЛИНСКАЯ ОБЛАСТЬ,КОКШЕТАУ Г.А.
448399,Розничная торговля топливом в специализированных магазинах,false,,159640000,883,532924000,920,76735000,846,43827000,1031,146014000,994,95156000,957,3,"Розничная торговля, кроме торговли автомобилями и мотоциклами",АКМОЛИНСКАЯ ОБЛАСТЬ,КОКШЕТАУ Г.А.
448400,Розничная торговля топливом в специализированных магазинах,false,,159640000,883,532924000,920,76735000,846,43827000,1031,146014000,994,95156000,957,4,Розничная торговля топливом в специализированных магазинах,АКМОЛИНСКАЯ ОБЛАСТЬ,КОКШЕТАУ Г.А.
20576124,"Розничная торговля моторным топливом в специализированных магазинах, за исключением находящихся на придорожной полосе",true,,159640000,883,532924000,920,,,43827000,1031,146014000,994,95156000,957,5,Розничная торговля топливом в специализированных магазинах,АКМОЛИНСКАЯ ОБЛАСТЬ,КОКШЕТАУ Г.А.
18951442,Розничная торговля моторным топливом в специализированных магазинах,true,,,,,,76735000,846,,,,,,,5,Розничная торговля топливом в специализированных магазинах,АКМОЛИНСКАЯ ОБЛАСТЬ,КОКШЕТАУ Г.А.
448409,Розничная торговля прочими бытовыми товарами в специализированных магазинах ,false,,8042000,883,736000,920,11980000,846,,,162099000,994,x,957,3,"Розничная торговля, кроме торговли автомобилями и мотоциклами",АКМОЛИНСКАЯ ОБЛАСТЬ,КОКШЕТАУ Г.А.
448416,Розничная торговля электрическими бытовыми приборами в специализированных магазинах,false,,8042000,883,736000,920,11980000,846,,,162099000,994,x,957,4,Розничная торговля прочими бытовыми товарами в специализированных магазинах ,АКМОЛИНСКАЯ ОБЛАСТЬ,КОКШЕТАУ Г.А.
3647962,"Розничная торговля электрическими бытовыми приборами в специализированных магазинах, являющихся торговыми объектами, с торговой площадью менее 2000 кв.м",true,,8042000,883,736000,920,11980000,846,,,162099000,994,x,957,5,Розничная торговля электрическими бытовыми приборами в специализированных магазинах,АКМОЛИНСКАЯ ОБЛАСТЬ,КОКШЕТАУ Г.А.
448422,Розничная торговля товарами культурно-развлекательного характера в специализированных магазинах,false,,x,883,x,920,x,846,,,,,,,3,"Розничная торговля, кроме торговли автомобилями и мотоциклами",АКМОЛИНСКАЯ ОБЛАСТЬ,КОКШЕТАУ Г.А.
448425,"Розничная торговля газетами, журналами и канцелярскими товарами в специализированных магазинах ",false,,x,883,x,920,x,846,,,,,,,4,Розничная торговля товарами культурно-развлекательного характера в специализированных магазинах,АКМОЛИНСКАЯ ОБЛАСТЬ,КОКШЕТАУ Г.А.
3647969,"Розничная торговля газетами, журналами и канцелярскими товарами в специализированных магазинах, являющихся торговыми объектами, с торговой площадью менее 2000 кв.м",true,,x,883,x,920,x,846,,,,,,,5,"Розничная торговля газетами, журналами и канцелярскими товарами в специализированных магазинах ",АКМОЛИНСКАЯ ОБЛАСТЬ,КОКШЕТАУ Г.А.
448433,Розничная торговля прочими товарами в специализированных магазинах,false,,3861000,883,19060000,920,483000,846,67015000,1031,25191000,994,x,957,3,"Розничная торговля, кроме торговли автомобилями и мотоциклами",АКМОЛИНСКАЯ ОБЛАСТЬ,КОКШЕТАУ Г.А.
448434,Розничная торговля одеждой в специализированных магазинах,false,,x,883,,,,,,,,,,,4,Розничная торговля прочими товарами в специализированных магазинах,АКМОЛИНСКАЯ ОБЛАСТЬ,КОКШЕТАУ Г.А.
448436,"Розничная торговля одеждой, кроме трикотажных и чулочно-носочных изделий, в специализированных магазинах, являющихся торговыми объектами, с торговой площадью менее 2000 кв.м",true,,x,883,,,,,,,,,,,5,Розничная торговля одеждой в специализированных магазинах,АКМОЛИНСКАЯ ОБЛАСТЬ,КОКШЕТАУ Г.А.
448437,Розничная торговля обувью и кожаными изделиями в специализированных магазинах,false,,,,x,920,,,,,x,994,x,957,4,Розничная торговля прочими товарами в специализированных магазинах,АКМОЛИНСКАЯ ОБЛАСТЬ,КОКШЕТАУ Г.А.
448438,"Розничная торговля обувью в специализированных магазинах, являющихся торговыми объектами, с торговой площадью менее 2000 кв.м",true,,,,x,920,,,,,x,994,x,957,5,Розничная торговля обувью и кожаными изделиями в специализированных магазинах,АКМОЛИНСКАЯ ОБЛАСТЬ,КОКШЕТАУ Г.А.
448440,Розничная торговля фармацевтическими товарами в специализированных магазинах,false,,x,883,x,920,x,846,67000000,1031,x,994,,,4,Розничная торговля прочими товарами в специализированных магазинах,АКМОЛИНСКАЯ ОБЛАСТЬ,КОКШЕТАУ Г.А.
3647981,"Розничная торговля фармацевтическими товарами в специализированных магазинах, являющихся торговыми объектами, с торговой площадью менее 2000 кв.м",true,,x,883,x,920,x,846,67000000,1031,x,994,,,5,Розничная торговля фармацевтическими товарами в специализированных магазинах,АКМОЛИНСКАЯ ОБЛАСТЬ,КОКШЕТАУ Г.А.
448442,Розничная торговля медицинскими и ортопедическими товарами в специализированных магазинах,false,,,,x,920,,,,,,,,,4,Розничная торговля прочими товарами в специализированных магазинах,АКМОЛИНСКАЯ ОБЛАСТЬ,КОКШЕТАУ Г.А.
3647983,"Розничная торговля медицинскими и ортопедическими товарами в специализированных магазинах, являющихся торговыми объектами, с торговой площадью менее 2000 кв.м",true,,,,x,920,,,,,,,,,5,Розничная торговля медицинскими и ортопедическими товарами в специализированных магазинах,АКМОЛИНСКАЯ ОБЛАСТЬ,КОКШЕТАУ Г.А.
448452,Прочая розничная торговля новыми товарами в специализированных магазинах,false,,,,x,920,x,846,x,1031,120000,994,,,4,Розничная торговля прочими товарами в специализированных магазинах,АКМОЛИНСКАЯ ОБЛАСТЬ,КОКШЕТАУ Г.А.
448455,"Прочая розничная торговля в специализированных магазинах, являющихся торговыми объектами, с торговой площадью менее 2000 кв.м",true,,,,x,920,x,846,x,1031,120000,994,,,5,Прочая розничная торговля новыми товарами в специализированных магазинах,АКМОЛИНСКАЯ ОБЛАСТЬ,КОКШЕТАУ Г.А.
448458,"Розничная торговля в палатках, киосках и на рынках",false,,,,1200000,920,,,,,,,,,3,"Розничная торговля, кроме торговли автомобилями и мотоциклами",АКМОЛИНСКАЯ ОБЛАСТЬ,КОКШЕТАУ Г.А.
448459,"Розничная торговля продуктами питания, напитками и табачными изделиями в торговых палатках, киосках и на рынках",false,,,,1200000,920,,,,,,,,,4,"Розничная торговля в палатках, киосках и на рынках",АКМОЛИНСКАЯ ОБЛАСТЬ,КОКШЕТАУ Г.А.
448460,"Розничная торговля продуктами питания, напитками и табачными изделиями в торговых палатках, ларьках и киосках",true,,,,1200000,920,,,,,,,,,5,"Розничная торговля продуктами питания, напитками и табачными изделиями в торговых палатках, киосках и на рынках",АКМОЛИНСКАЯ ОБЛАСТЬ,КОКШЕТАУ Г.А.
448475,Транспорт и складирование,false,,9711339000,883,6444644000,920,3792102000,846,6984775000,1031,6333353000,994,36230524000,957,1,Всего,АКМОЛИНСКАЯ ОБЛАСТЬ,КОКШЕТАУ Г.А.
448476,Деятельность сухопутного и трубопроводного транспорта ,false,,2482232000,883,106833000,920,1154587000,846,590976000,1031,1386554000,994,31995998000,957,2,Транспорт и складирование,АКМОЛИНСКАЯ ОБЛАСТЬ,КОКШЕТАУ Г.А.
448480,Деятельность грузового железнодорожного транспорта,false,,29729000,883,x,920,x,846,22249000,1031,5043000,994,x,957,3,Деятельность сухопутного и трубопроводного транспорта ,АКМОЛИНСКАЯ ОБЛАСТЬ,КОКШЕТАУ Г.А.
448481,Деятельность грузового железнодорожного транспорта,false,,29729000,883,x,920,x,846,22249000,1031,5043000,994,x,957,4,Деятельность грузового железнодорожного транспорта,АКМОЛИНСКАЯ ОБЛАСТЬ,КОКШЕТАУ Г.А.
448482,Деятельность грузового железнодорожного транспорта,true,,29729000,883,x,920,x,846,22249000,1031,5043000,994,x,957,5,Деятельность грузового железнодорожного транспорта,АКМОЛИНСКАЯ ОБЛАСТЬ,КОКШЕТАУ Г.А.
448483,Деятельность прочего пассажирского сухопутного транспорта,false,,2428500000,883,1968000,920,x,846,350253000,1031,x,994,x,957,3,Деятельность сухопутного и трубопроводного транспорта ,АКМОЛИНСКАЯ ОБЛАСТЬ,КОКШЕТАУ Г.А.
448484,Деятельность сухопутного транспорта по городским и пригородным пассажирским перевозкам,false,,2330290000,883,x,920,x,846,350253000,1031,x,994,x,957,4,Деятельность прочего пассажирского сухопутного транспорта,АКМОЛИНСКАЯ ОБЛАСТЬ,КОКШЕТАУ Г.А.
448485,Перевозки автобусами,true,,2330290000,883,x,920,x,846,350253000,1031,x,994,x,957,5,Деятельность сухопутного транспорта по городским и пригородным пассажирским перевозкам,АКМОЛИНСКАЯ ОБЛАСТЬ,КОКШЕТАУ Г.А.
448490,Деятельность такси,false,,98210000,883,1025000,920,,,,,,,,,4,Деятельность прочего пассажирского сухопутного транспорта,АКМОЛИНСКАЯ ОБЛАСТЬ,КОКШЕТАУ Г.А.
448491,Деятельность такси,true,,98210000,883,1025000,920,,,,,,,,,5,Деятельность такси,АКМОЛИНСКАЯ ОБЛАСТЬ,КОКШЕТАУ Г.А.
448494,Деятельность грузового автомобильного транспорта и предоставление услуг по переезду ,false,,24003000,883,46229000,920,59783000,846,218474000,1031,1297671000,994,51004000,957,3,Деятельность сухопутного и трубопроводного транспорта ,АКМОЛИНСКАЯ ОБЛАСТЬ,КОКШЕТАУ Г.А.
448495,Деятельность грузового автомобильного транспорта,false,,24003000,883,46229000,920,59783000,846,218474000,1031,1297671000,994,51004000,957,4,Деятельность грузового автомобильного транспорта и предоставление услуг по переезду ,АКМОЛИНСКАЯ ОБЛАСТЬ,КОКШЕТАУ Г.А.
448496,Деятельность грузового автомобильного транспорта,true,,24003000,883,46229000,920,59783000,846,218474000,1031,1297671000,994,51004000,957,5,Деятельность грузового автомобильного транспорта,АКМОЛИНСКАЯ ОБЛАСТЬ,КОКШЕТАУ Г.А.
448527,Складирование грузов и вспомогательная транспортная деятельность,false,,7229107000,883,6274466000,920,2637136000,846,6318601000,1031,4771878000,994,4168140000,957,2,Транспорт и складирование,АКМОЛИНСКАЯ ОБЛАСТЬ,КОКШЕТАУ Г.А.
448528,Складирование и хранение грузов,false,,456549000,883,1188590000,920,369168000,846,1156391000,1031,1009415000,994,1132607000,957,3,Складирование грузов и вспомогательная транспортная деятельность,АКМОЛИНСКАЯ ОБЛАСТЬ,КОКШЕТАУ Г.А.
448529,Складирование и хранение грузов,false,,456549000,883,1188590000,920,369168000,846,1156391000,1031,1009415000,994,1132607000,957,4,Складирование и хранение грузов,АКМОЛИНСКАЯ ОБЛАСТЬ,КОКШЕТАУ Г.А.
448530,Складирование и хранение зерна,true,,336110000,883,329893000,920,140795000,846,21178000,1031,226326000,994,382119000,957,5,Складирование и хранение грузов,АКМОЛИНСКАЯ ОБЛАСТЬ,КОКШЕТАУ Г.А.
448531,"Складирование и хранение непродовольственных товаров, кроме зерна и нефти",true,,120439000,883,858697000,920,47255000,846,,,778712000,994,649425000,957,5,Складирование и хранение грузов,АКМОЛИНСКАЯ ОБЛАСТЬ,КОКШЕТАУ Г.А.
20576307,"Складирование и хранение продовольственных товаров, кроме овощей и фруктов",true,,,,,,,,,,x,994,x,957,5,Складирование и хранение грузов,АКМОЛИНСКАЯ ОБЛАСТЬ,КОКШЕТАУ Г.А.
448532,Складирование и хранение продовольственных товаров,true,,,,,,181118000,846,,,,,,,5,Складирование и хранение грузов,АКМОЛИНСКАЯ ОБЛАСТЬ,КОКШЕТАУ Г.А.
448533,Вспомогательная транспортная деятельность,false,,6772558000,883,5085876000,920,2267968000,846,5162210000,1031,3762463000,994,3035533000,957,3,Складирование грузов и вспомогательная транспортная деятельность,АКМОЛИНСКАЯ ОБЛАСТЬ,КОКШЕТАУ Г.А.
448534,Вспомогательная деятельность сухопутного транспорта,false,,6772558000,883,5085876000,920,2257468000,846,5075359000,1031,3762463000,994,3018283000,957,4,Вспомогательная транспортная деятельность,АКМОЛИНСКАЯ ОБЛАСТЬ,КОКШЕТАУ Г.А.
448535,Эксплуатация железных дорог,true,,x,883,3322676000,920,x,846,1453021000,1031,1654970000,994,x,957,5,Вспомогательная деятельность сухопутного транспорта,АКМОЛИНСКАЯ ОБЛАСТЬ,КОКШЕТАУ Г.А.
448536,Эксплуатация автомобильных дорог,true,,6187553000,883,1332405000,920,1972665000,846,3170262000,1031,1679295000,994,1054296000,957,5,Вспомогательная деятельность сухопутного транспорта,АКМОЛИНСКАЯ ОБЛАСТЬ,КОКШЕТАУ Г.А.
448538,Деятельность автомобильных стоянок,true,,411825000,883,430795000,920,174521000,846,433900000,1031,428198000,994,533667000,957,5,Вспомогательная деятельность сухопутного транспорта,АКМОЛИНСКАЯ ОБЛАСТЬ,КОКШЕТАУ Г.А.
448539,Прочая вспомогательная деятельность сухопутного транспорта ,true,,,,,,,,18176000,1031,,,,,5,Вспомогательная деятельность сухопутного транспорта,АКМОЛИНСКАЯ ОБЛАСТЬ,КОКШЕТАУ Г.А.
448545,Транспортная обработка грузов,false,,,,,,x,846,x,1031,,,,,4,Вспомогательная транспортная деятельность,АКМОЛИНСКАЯ ОБЛАСТЬ,КОКШЕТАУ Г.А.
448546,Транспортная обработка грузов,true,,,,,,x,846,x,1031,,,,,5,Транспортная обработка грузов,АКМОЛИНСКАЯ ОБЛАСТЬ,КОКШЕТАУ Г.А.
448547,Прочая вспомогательная транспортная деятельность,false,,,,,,,,x,1031,,,x,957,4,Вспомогательная транспортная деятельность,АКМОЛИНСКАЯ ОБЛАСТЬ,КОКШЕТАУ Г.А.
448548,Транспортно-экспедиционные  услуги,true,,,,,,,,x,1031,,,x,957,5,Прочая вспомогательная транспортная деятельность,АКМОЛИНСКАЯ ОБЛАСТЬ,КОКШЕТАУ Г.А.
448551,Почтовая и курьерская деятельность,false,,,,x,920,x,846,x,1031,174921000,994,x,957,2,Транспорт и складирование,АКМОЛИНСКАЯ ОБЛАСТЬ,КОКШЕТАУ Г.А.
448552,Почтовая деятельность в рамках предоставления услуг общего пользования,false,,,,x,920,,,x,1031,174921000,994,x,957,3,Почтовая и курьерская деятельность,АКМОЛИНСКАЯ ОБЛАСТЬ,КОКШЕТАУ Г.А.
448553,Почтовая деятельность в рамках предоставления услуг общего пользования,false,,,,x,920,,,x,1031,174921000,994,x,957,4,Почтовая деятельность в рамках предоставления услуг общего пользования,АКМОЛИНСКАЯ ОБЛАСТЬ,КОКШЕТАУ Г.А.
448554,Почтовая деятельность в рамках предоставления услуг общего пользования,true,,,,x,920,,,x,1031,174921000,994,x,957,5,Почтовая деятельность в рамках предоставления услуг общего пользования,АКМОЛИНСКАЯ ОБЛАСТЬ,КОКШЕТАУ Г.А.
448555,Прочая почтовая и курьерская деятельность,false,,,,,,x,846,,,,,,,3,Почтовая и курьерская деятельность,АКМОЛИНСКАЯ ОБЛАСТЬ,КОКШЕТАУ Г.А.
448556,Прочая почтовая и курьерская деятельность,false,,,,,,x,846,,,,,,,4,Прочая почтовая и курьерская деятельность,АКМОЛИНСКАЯ ОБЛАСТЬ,КОКШЕТАУ Г.А.
448557,Прочая почтовая и курьерская деятельность,true,,,,,,x,846,,,,,,,5,Прочая почтовая и курьерская деятельность,АКМОЛИНСКАЯ ОБЛАСТЬ,КОКШЕТАУ Г.А.
448558,Предоставление услуг по проживанию и питанию,false,,157738000,883,1940151000,920,1375519000,846,3027196000,1031,2652687000,994,460634000,957,1,Всего,АКМОЛИНСКАЯ ОБЛАСТЬ,КОКШЕТАУ Г.А.
3783427,Предоставление услуг по временному проживанию,false,,138312000,883,1857122000,920,1184846000,846,2841531000,1031,2642965000,994,432598000,957,2,Предоставление услуг по проживанию и питанию,АКМОЛИНСКАЯ ОБЛАСТЬ,КОКШЕТАУ Г.А.
3783428,Предоставление услуг гостиницами и аналогичными местами для проживания,false,,103465000,883,1100774000,920,90397000,846,83410000,1031,x,994,x,957,3,Предоставление услуг по временному проживанию,АКМОЛИНСКАЯ ОБЛАСТЬ,КОКШЕТАУ Г.А.
3783429,Предоставление услуг гостиницами и аналогичными местами для проживания,false,,103465000,883,1100774000,920,90397000,846,83410000,1031,x,994,x,957,4,Предоставление услуг гостиницами и аналогичными местами для проживания,АКМОЛИНСКАЯ ОБЛАСТЬ,КОКШЕТАУ Г.А.
3783430,"Предоставление услуг гостиницами с ресторанами, за исключением гостиниц, находящихся на придорожной полосе",true,,99965000,883,x,920,90397000,846,83410000,1031,x,994,x,957,5,Предоставление услуг гостиницами и аналогичными местами для проживания,АКМОЛИНСКАЯ ОБЛАСТЬ,КОКШЕТАУ Г.А.
3783431,"Предоставление услуг гостиницами без ресторанов, за исключением гостиниц, находящихся на придорожной полосе",true,,3500000,883,1100396000,920,,,,,,,,,5,Предоставление услуг гостиницами и аналогичными местами для проживания,АКМОЛИНСКАЯ ОБЛАСТЬ,КОКШЕТАУ Г.А.
3783432,Предоставление жилья на выходные дни и прочие периоды краткосрочного проживания,false,,,,x,920,,,,,,,,,3,Предоставление услуг по временному проживанию,АКМОЛИНСКАЯ ОБЛАСТЬ,КОКШЕТАУ Г.А.
3783433,Предоставление жилья на выходные дни и прочие периоды краткосрочного проживания,false,,,,x,920,,,,,,,,,4,Предоставление жилья на выходные дни и прочие периоды краткосрочного проживания,АКМОЛИНСКАЯ ОБЛАСТЬ,КОКШЕТАУ Г.А.
3783434,Предоставление жилья на выходные дни и прочие периоды краткосрочного проживания,true,,,,x,920,,,,,,,,,5,Предоставление жилья на выходные дни и прочие периоды краткосрочного проживания,АКМОЛИНСКАЯ ОБЛАСТЬ,КОКШЕТАУ Г.А.
3783441,Предоставление услуг прочими местами для проживания,false,,34847000,883,756330000,920,1094449000,846,2758121000,1031,2642628000,994,431779000,957,3,Предоставление услуг по временному проживанию,АКМОЛИНСКАЯ ОБЛАСТЬ,КОКШЕТАУ Г.А.
3783442,Предоставление услуг прочими местами для проживания,false,,34847000,883,756330000,920,1094449000,846,2758121000,1031,2642628000,994,431779000,957,4,Предоставление услуг прочими местами для проживания,АКМОЛИНСКАЯ ОБЛАСТЬ,КОКШЕТАУ Г.А.
3783443,Услуги в других видах жилья,true,,,,,,1094449000,846,,,,,,,5,Предоставление услуг прочими местами для проживания,АКМОЛИНСКАЯ ОБЛАСТЬ,КОКШЕТАУ Г.А.
20576356,Предоставление услуг студенческими общежитиями ,true,,34177000,883,667995000,920,,,2758121000,1031,2642628000,994,431779000,957,5,Предоставление услуг прочими местами для проживания,АКМОЛИНСКАЯ ОБЛАСТЬ,КОКШЕТАУ Г.А.
20576357,"Предоставление услуг прочими местами для проживания, не включенными в другие категории",true,,x,883,88335000,920,,,,,,,,,5,Предоставление услуг прочими местами для проживания,АКМОЛИНСКАЯ ОБЛАСТЬ,КОКШЕТАУ Г.А.
448573,Предоставление услуг по обеспечению питанием и напитками,false,,19426000,883,83029000,920,190673000,846,185665000,1031,x,994,28036000,957,2,Предоставление услуг по проживанию и питанию,АКМОЛИНСКАЯ ОБЛАСТЬ,КОКШЕТАУ Г.А.
448574,Деятельность ресторанов и предоставление услуг по доставке продуктов питания,false,,16500000,883,25542000,920,x,846,185665000,1031,x,994,x,957,3,Предоставление услуг по обеспечению питанием и напитками,АКМОЛИНСКАЯ ОБЛАСТЬ,КОКШЕТАУ Г.А.
448575,Деятельность ресторанов и предоставление услуг по доставке продуктов питания,false,,16500000,883,25542000,920,x,846,185665000,1031,x,994,x,957,4,Деятельность ресторанов и предоставление услуг по доставке продуктов питания,АКМОЛИНСКАЯ ОБЛАСТЬ,КОКШЕТАУ Г.А.
448576,Рестораны и услуги по доставке продуктов питания,true,,,,,,x,846,,,,,,,5,Деятельность ресторанов и предоставление услуг по доставке продуктов питания,АКМОЛИНСКАЯ ОБЛАСТЬ,КОКШЕТАУ Г.А.
20576362,"Деятельность ресторанов и предоставление услуг по доставке продуктов питания, за исключением деятельности объектов, находящихся на придорожной полосе",true,,16500000,883,25542000,920,,,185665000,1031,x,994,x,957,5,Деятельность ресторанов и предоставление услуг по доставке продуктов питания,АКМОЛИНСКАЯ ОБЛАСТЬ,КОКШЕТАУ Г.А.
448577,Доставка готовой пищи на заказ и прочая деятельность по обеспечению питанием,false,,2926000,883,x,920,100172000,846,,,,,,,3,Предоставление услуг по обеспечению питанием и напитками,АКМОЛИНСКАЯ ОБЛАСТЬ,КОКШЕТАУ Г.А.
448580,Прочая деятельность по обеспечению питанием,false,,2926000,883,x,920,100172000,846,,,,,,,4,Доставка готовой пищи на заказ и прочая деятельность по обеспечению питанием,АКМОЛИНСКАЯ ОБЛАСТЬ,КОКШЕТАУ Г.А.
18951444,Прочие виды организации питания вне населенных пунктов,true,,,,,,100000000,846,,,,,,,5,Прочая деятельность по обеспечению питанием,АКМОЛИНСКАЯ ОБЛАСТЬ,КОКШЕТАУ Г.А.
18951446,"Прочая деятельность по обеспечению питанием, не включенная в другие группировки",true,,2926000,883,x,920,172000,846,,,,,,,5,Прочая деятельность по обеспечению питанием,АКМОЛИНСКАЯ ОБЛАСТЬ,КОКШЕТАУ Г.А.
448582,Подача напитков,false,,,,50000000,920,,,,,,,25000000,957,3,Предоставление услуг по обеспечению питанием и напитками,АКМОЛИНСКАЯ ОБЛАСТЬ,КОКШЕТАУ Г.А.
448583,Подача напитков,false,,,,50000000,920,,,,,,,25000000,957,4,Подача напитков,АКМОЛИНСКАЯ ОБЛАСТЬ,КОКШЕТАУ Г.А.
448584,Подача напитков,true,,,,50000000,920,,,,,,,25000000,957,5,Подача напитков,АКМОЛИНСКАЯ ОБЛАСТЬ,КОКШЕТАУ Г.А.
448585,Информация и связь,false,,4251348000,883,1897697000,920,1495696000,846,1673214000,1031,1462052000,994,827122000,957,1,Всего,АКМОЛИНСКАЯ ОБЛАСТЬ,КОКШЕТАУ Г.А.
448586,Издательская деятельность,false,,x,883,,,x,846,111000,1031,2859000,994,4169000,957,2,Информация и связь,АКМОЛИНСКАЯ ОБЛАСТЬ,КОКШЕТАУ Г.А.
448587,"Издание книг, периодических публикаций и другие виды издательской деятельности",false,,x,883,,,x,846,111000,1031,2859000,994,4169000,957,3,Издательская деятельность,АКМОЛИНСКАЯ ОБЛАСТЬ,КОКШЕТАУ Г.А.
448588,Издание книг,false,,x,883,,,x,846,111000,1031,224000,994,x,957,4,"Издание книг, периодических публикаций и другие виды издательской деятельности",АКМОЛИНСКАЯ ОБЛАСТЬ,КОКШЕТАУ Г.А.
448589,Издание книг,true,,x,883,,,x,846,111000,1031,224000,994,x,957,5,Издание книг,АКМОЛИНСКАЯ ОБЛАСТЬ,КОКШЕТАУ Г.А.
448592,Издание газет,false,,,,,,,,,,2635000,994,x,957,4,"Издание книг, периодических публикаций и другие виды издательской деятельности",АКМОЛИНСКАЯ ОБЛАСТЬ,КОКШЕТАУ Г.А.
448593,Издание газет,true,,,,,,,,,,2635000,994,x,957,5,Издание газет,АКМОЛИНСКАЯ ОБЛАСТЬ,КОКШЕТАУ Г.А.
448623,Телекоммуникации,false,,4248697000,883,1897697000,920,1117961000,846,1658023000,1031,1459193000,994,816763000,957,2,Информация и связь,АКМОЛИНСКАЯ ОБЛАСТЬ,КОКШЕТАУ Г.А.
18696628,Проводная телекоммуникационная связь,false,,926136000,883,1072037000,920,384333000,846,165217000,1031,95853000,994,117465000,957,3,Телекоммуникации,АКМОЛИНСКАЯ ОБЛАСТЬ,КОКШЕТАУ Г.А.
18696629,Проводная телекоммуникационная связь,false,,926136000,883,1072037000,920,384333000,846,165217000,1031,95853000,994,117465000,957,4,Проводная телекоммуникационная связь,АКМОЛИНСКАЯ ОБЛАСТЬ,КОКШЕТАУ Г.А.
18946146,Прочая проводная телекоммуникационная связь,true,,926136000,883,1072037000,920,384333000,846,165217000,1031,95853000,994,117465000,957,5,Проводная телекоммуникационная связь,АКМОЛИНСКАЯ ОБЛАСТЬ,КОКШЕТАУ Г.А.
448627,Беспроводная телекоммуникационная связь,false,,735827000,883,823348000,920,666738000,846,1312168000,1031,1351661000,994,514648000,957,3,Телекоммуникации,АКМОЛИНСКАЯ ОБЛАСТЬ,КОКШЕТАУ Г.А.
448628,Беспроводная телекоммуникационная связь,false,,735827000,883,823348000,920,666738000,846,1312168000,1031,1351661000,994,514648000,957,4,Беспроводная телекоммуникационная связь,АКМОЛИНСКАЯ ОБЛАСТЬ,КОКШЕТАУ Г.А.
18946147,Беспроводная телекоммуникационная связь посредством единой транспортной среды,true,,,,x,920,,,x,1031,x,994,265421000,957,5,Беспроводная телекоммуникационная связь,АКМОЛИНСКАЯ ОБЛАСТЬ,КОКШЕТАУ Г.А.
18946149,Прочая беспроводная телекоммуникационная связь,true,,735827000,883,226438000,920,666738000,846,1078837000,1031,1189564000,994,249227000,957,5,Беспроводная телекоммуникационная связь,АКМОЛИНСКАЯ ОБЛАСТЬ,КОКШЕТАУ Г.А.
448633,Прочая деятельность в области телекоммуникаций,false,,2586734000,883,2312000,920,66890000,846,180638000,1031,11679000,994,184650000,957,3,Телекоммуникации,АКМОЛИНСКАЯ ОБЛАСТЬ,КОКШЕТАУ Г.А.
448634,Прочая деятельность в области телекоммуникаций,false,,2586734000,883,2312000,920,66890000,846,180638000,1031,11679000,994,184650000,957,4,Прочая деятельность в области телекоммуникаций,АКМОЛИНСКАЯ ОБЛАСТЬ,КОКШЕТАУ Г.А.
18946154,"Прочая деятельность в области телекоммуникаций, не включенная в другие группировки",true,,2586734000,883,2312000,920,66890000,846,180638000,1031,11679000,994,184650000,957,5,Прочая деятельность в области телекоммуникаций,АКМОЛИНСКАЯ ОБЛАСТЬ,КОКШЕТАУ Г.А.
448636,"Компьютерное программирование, консультационные и другие сопутствующие услуги",false,,,,,,372478000,846,x,1031,,,x,957,2,Информация и связь,АКМОЛИНСКАЯ ОБЛАСТЬ,КОКШЕТАУ Г.А.
448637,"Компьютерное программирование, консультационные и другие сопутствующие услуги",false,,,,,,372478000,846,x,1031,,,x,957,3,"Компьютерное программирование, консультационные и другие сопутствующие услуги",АКМОЛИНСКАЯ ОБЛАСТЬ,КОКШЕТАУ Г.А.
448638,Деятельность в области компьютерного программирования,false,,,,,,,,x,1031,,,x,957,4,"Компьютерное программирование, консультационные и другие сопутствующие услуги",АКМОЛИНСКАЯ ОБЛАСТЬ,КОКШЕТАУ Г.А.
448640,Сопровождение программного обеспечения,true,,,,,,,,x,1031,,,x,957,5,Деятельность в области компьютерного программирования,АКМОЛИНСКАЯ ОБЛАСТЬ,КОКШЕТАУ Г.А.
448645,Другие виды деятельности в области информационных технологий и информационных систем,false,,,,,,372478000,846,,,,,,,4,"Компьютерное программирование, консультационные и другие сопутствующие услуги",АКМОЛИНСКАЯ ОБЛАСТЬ,КОКШЕТАУ Г.А.
18946159,"Другие виды деятельности в области информационных технологий и информационных систем в рамках автоматизации функций государственных органов, учреждений и организаций",true,,,,,,372478000,846,,,,,,,5,Другие виды деятельности в области информационных технологий и информационных систем,АКМОЛИНСКАЯ ОБЛАСТЬ,КОКШЕТАУ Г.А.
448658,Финансовая и страховая деятельность,false,,551291000,883,392126000,920,713469000,846,1291013000,1031,572229000,994,472212000,957,1,Всего,АКМОЛИНСКАЯ ОБЛАСТЬ,КОКШЕТАУ Г.А.
448659,"Финансовое посредничество, кроме страхования и пенсионного обеспечения",false,,551035000,883,387984000,920,701364000,846,1271632000,1031,562022000,994,469266000,957,2,Финансовая и страховая деятельность,АКМОЛИНСКАЯ ОБЛАСТЬ,КОКШЕТАУ Г.А.
448660,Денежное посредничество,false,,521759000,883,382061000,920,697654000,846,1247920000,1031,547208000,994,457731000,957,3,"Финансовое посредничество, кроме страхования и пенсионного обеспечения",АКМОЛИНСКАЯ ОБЛАСТЬ,КОКШЕТАУ Г.А.
448661,Деятельность национального банка ,false,,x,883,x,920,x,846,90411000,1031,x,994,x,957,4,Денежное посредничество,АКМОЛИНСКАЯ ОБЛАСТЬ,КОКШЕТАУ Г.А.
448662,Деятельность национального банка ,true,,x,883,x,920,x,846,90411000,1031,x,994,x,957,5,Деятельность национального банка ,АКМОЛИНСКАЯ ОБЛАСТЬ,КОКШЕТАУ Г.А.
448663,Прочее денежное посредничество,false,,517458000,883,319691000,920,407789000,846,1157509000,1031,456568000,994,423806000,957,4,Денежное посредничество,АКМОЛИНСКАЯ ОБЛАСТЬ,КОКШЕТАУ Г.А.
18946163,"Деятельность банков, за исключением, банка, являющегося национальным институтом развития, и его дочерней организации-лизингодателя",true,,203235000,883,105843000,920,249411000,846,456049000,1031,262783000,994,232150000,957,5,Прочее денежное посредничество,АКМОЛИНСКАЯ ОБЛАСТЬ,КОКШЕТАУ Г.А.
448665,Деятельность сберегательных банков,true,,314223000,883,213848000,920,158378000,846,701460000,1031,193785000,994,191656000,957,5,Прочее денежное посредничество,АКМОЛИНСКАЯ ОБЛАСТЬ,КОКШЕТАУ Г.А.
448673,"Прочее финансовое посредничество, кроме страхования и пенсионного обеспечения",false,,29276000,883,5923000,920,3710000,846,23712000,1031,14814000,994,11535000,957,3,"Финансовое посредничество, кроме страхования и пенсионного обеспечения",АКМОЛИНСКАЯ ОБЛАСТЬ,КОКШЕТАУ Г.А.
448674,Финансовый лизинг,false,,x,883,,,,,x,1031,x,994,x,957,4,"Прочее финансовое посредничество, кроме страхования и пенсионного обеспечения",АКМОЛИНСКАЯ ОБЛАСТЬ,КОКШЕТАУ Г.А.
18946165,"Финансовый лизинг, кроме финансового лизинга медицинского оборудования и техники",true,,x,883,,,,,x,1031,x,994,x,957,5,Финансовый лизинг,АКМОЛИНСКАЯ ОБЛАСТЬ,КОКШЕТАУ Г.А.
448676,Прочие виды кредитования,false,,22625000,883,5923000,920,3509000,846,22522000,1031,14376000,994,423000,957,4,"Прочее финансовое посредничество, кроме страхования и пенсионного обеспечения",АКМОЛИНСКАЯ ОБЛАСТЬ,КОКШЕТАУ Г.А.
448678,"Прочие виды кредитования, не включенные в другие группировки",true,,22625000,883,5923000,920,3509000,846,22522000,1031,14376000,994,423000,957,5,Прочие виды кредитования,АКМОЛИНСКАЯ ОБЛАСТЬ,КОКШЕТАУ Г.А.
448679,"Прочее финансовое посредничество, кроме страхования и пенсионного обеспечения, не включенное в другие группировки",false,,,,,,x,846,470000,1031,,,x,957,4,"Прочее финансовое посредничество, кроме страхования и пенсионного обеспечения",АКМОЛИНСКАЯ ОБЛАСТЬ,КОКШЕТАУ Г.А.
18946169,"Другие финансовые услуги, финансирование в различных отраслях экономики, инвестиционная деятельность",true,,,,,,x,846,470000,1031,,,x,957,5,"Прочее финансовое посредничество, кроме страхования и пенсионного обеспечения, не включенное в другие группировки",АКМОЛИНСКАЯ ОБЛАСТЬ,КОКШЕТАУ Г.А.
448681,"Страхование, перестрахование и пенсионной обеспечение, кроме обязательного социального обеспечения",false,,256000,883,2662000,920,11973000,846,18689000,1031,8487000,994,2720000,957,2,Финансовая и страховая деятельность,АКМОЛИНСКАЯ ОБЛАСТЬ,КОКШЕТАУ Г.А.
448682,Страхование,false,,256000,883,635000,920,1066000,846,3320000,1031,x,994,642000,957,3,"Страхование, перестрахование и пенсионной обеспечение, кроме обязательного социального обеспечения",АКМОЛИНСКАЯ ОБЛАСТЬ,КОКШЕТАУ Г.А.
448683,Страхование жизни,false,,,,x,920,x,846,,,,,336000,957,4,Страхование,АКМОЛИНСКАЯ ОБЛАСТЬ,КОКШЕТАУ Г.А.
448685,Негосударственное страхование жизни,true,,,,x,920,x,846,,,,,336000,957,5,Страхование жизни,АКМОЛИНСКАЯ ОБЛАСТЬ,КОКШЕТАУ Г.А.
448686,Страхование ущерба,false,,256000,883,577000,920,691000,846,3320000,1031,x,994,x,957,4,Страхование,АКМОЛИНСКАЯ ОБЛАСТЬ,КОКШЕТАУ Г.А.
448688,Негосударственное страхование ущерба,true,,256000,883,577000,920,691000,846,3320000,1031,x,994,x,957,5,Страхование ущерба,АКМОЛИНСКАЯ ОБЛАСТЬ,КОКШЕТАУ Г.А.
448692,Пенсионное обеспечение,false,,,,x,920,x,846,15369000,1031,x,994,x,957,3,"Страхование, перестрахование и пенсионной обеспечение, кроме обязательного социального обеспечения",АКМОЛИНСКАЯ ОБЛАСТЬ,КОКШЕТАУ Г.А.
448693,Пенсионное обеспечение,false,,,,x,920,x,846,15369000,1031,x,994,x,957,4,Пенсионное обеспечение,АКМОЛИНСКАЯ ОБЛАСТЬ,КОКШЕТАУ Г.А.
448694,Государственное пенсионное обеспечение,true,,,,x,920,x,846,15369000,1031,x,994,x,957,5,Пенсионное обеспечение,АКМОЛИНСКАЯ ОБЛАСТЬ,КОКШЕТАУ Г.А.
448696,Вспомогательная деятельность в сфере финансовых услуг и страхования,false,,,,1480000,920,132000,846,692000,1031,1720000,994,x,957,2,Финансовая и страховая деятельность,АКМОЛИНСКАЯ ОБЛАСТЬ,КОКШЕТАУ Г.А.
448697,"Вспомогательная деятельность в сфере финансовых услуг, кроме страхования и пенсионного обеспечения ",false,,,,1480000,920,132000,846,692000,1031,1720000,994,x,957,3,Вспомогательная деятельность в сфере финансовых услуг и страхования,АКМОЛИНСКАЯ ОБЛАСТЬ,КОКШЕТАУ Г.А.
448700,Брокерская деятельность по сделкам с ценными бумагами и товарами,false,,,,1480000,920,x,846,692000,1031,1720000,994,x,957,4,"Вспомогательная деятельность в сфере финансовых услуг, кроме страхования и пенсионного обеспечения ",АКМОЛИНСКАЯ ОБЛАСТЬ,КОКШЕТАУ Г.А.
448701,Брокерские услуги по контрактам на ценные бумаги и товары,true,,,,,,x,846,,,,,,,5,Брокерская деятельность по сделкам с ценными бумагами и товарами,АКМОЛИНСКАЯ ОБЛАСТЬ,КОКШЕТАУ Г.А.
20576501,"Брокерская деятельность по сделкам с ценными бумагами и товарами, за исключением деятельности, связанной с управлением активами Национального фонда, золотовалютными активами Национального Банка, пенсионными активами",true,,,,1480000,920,,,692000,1031,1720000,994,x,957,5,Брокерская деятельность по сделкам с ценными бумагами и товарами,АКМОЛИНСКАЯ ОБЛАСТЬ,КОКШЕТАУ Г.А.
448702,"Прочая вспомогательная деятельность в сфере финансовых услуг, кроме страхования и пенсионного обеспечения ",false,,,,,,x,846,,,,,,,4,"Вспомогательная деятельность в сфере финансовых услуг, кроме страхования и пенсионного обеспечения ",АКМОЛИНСКАЯ ОБЛАСТЬ,КОКШЕТАУ Г.А.
448703,"Прочая вспомогательная деятельность в сфере финансовых услуг, кроме страхования и пенсионного обеспечения ",true,,,,,,x,846,,,,,,,5,"Прочая вспомогательная деятельность в сфере финансовых услуг, кроме страхования и пенсионного обеспечения ",АКМОЛИНСКАЯ ОБЛАСТЬ,КОКШЕТАУ Г.А.
448714,Операции с недвижимым имуществом,false,,21739659000,883,25227966000,920,18718901000,846,40319376000,1031,45539807000,994,44028135000,957,1,Всего,АКМОЛИНСКАЯ ОБЛАСТЬ,КОКШЕТАУ Г.А.
448715,Операции с недвижимым имуществом,false,,21739659000,883,25227966000,920,18718901000,846,40319376000,1031,45539807000,994,44028135000,957,2,Операции с недвижимым имуществом,АКМОЛИНСКАЯ ОБЛАСТЬ,КОКШЕТАУ Г.А.
448716,Покупка и продажа собственного недвижимого имущества ,false,,21531943000,883,25058555000,920,18703022000,846,39780870000,1031,43565560000,994,43722413000,957,3,Операции с недвижимым имуществом,АКМОЛИНСКАЯ ОБЛАСТЬ,КОКШЕТАУ Г.А.
448717,Покупка и продажа собственного недвижимого имущества ,false,,21531943000,883,25058555000,920,18703022000,846,39780870000,1031,43565560000,994,43722413000,957,4,Покупка и продажа собственного недвижимого имущества ,АКМОЛИНСКАЯ ОБЛАСТЬ,КОКШЕТАУ Г.А.
543091,Покупка и продажа многоквартирных и жилых домов (особняков),true,,19942657000,883,23747086000,920,18109878000,846,37820297000,1031,40455954000,994,40187027000,957,5,Покупка и продажа собственного недвижимого имущества ,АКМОЛИНСКАЯ ОБЛАСТЬ,КОКШЕТАУ Г.А.
543092,Покупка и продажа прочей недвижимости,true,,1589286000,883,1311469000,920,593144000,846,1960573000,1031,3109606000,994,3535386000,957,5,Покупка и продажа собственного недвижимого имущества ,АКМОЛИНСКАЯ ОБЛАСТЬ,КОКШЕТАУ Г.А.
448719,Аренда и управление собственной или арендуемой недвижимостью,false,,x,883,169411000,920,15879000,846,538506000,1031,1974247000,994,305722000,957,3,Операции с недвижимым имуществом,АКМОЛИНСКАЯ ОБЛАСТЬ,КОКШЕТАУ Г.А.
448720,Аренда и управление собственной или арендуемой недвижимостью,false,,x,883,169411000,920,15879000,846,538506000,1031,1974247000,994,305722000,957,4,Аренда и управление собственной или арендуемой недвижимостью,АКМОЛИНСКАЯ ОБЛАСТЬ,КОКШЕТАУ Г.А.
18946171,Аренда и управление собственной недвижимостью,true,,,,117338000,920,x,846,,,1241720000,994,44242000,957,5,Аренда и управление собственной или арендуемой недвижимостью,АКМОЛИНСКАЯ ОБЛАСТЬ,КОКШЕТАУ Г.А.
18951452,Аренда и эксплуатация торгового рынка,true,,x,883,x,920,x,846,,,732527000,994,x,957,5,Аренда и управление собственной или арендуемой недвижимостью,АКМОЛИНСКАЯ ОБЛАСТЬ,КОКШЕТАУ Г.А.
448728,"Профессиональная, научная и техническая деятельность",false,,185054000,883,191209000,920,61583000,846,196444000,1031,124619000,994,132988000,957,1,Всего,АКМОЛИНСКАЯ ОБЛАСТЬ,КОКШЕТАУ Г.А.
448729,Деятельность в области права и бухгалтерского учета,false,,,,x,920,484000,846,,,,,,,2,"Профессиональная, научная и техническая деятельность",АКМОЛИНСКАЯ ОБЛАСТЬ,КОКШЕТАУ Г.А.
448735,Деятельность в области бухгалтерского учета и аудита; консультирование по налогообложению,false,,,,x,920,484000,846,,,,,,,3,Деятельность в области права и бухгалтерского учета,АКМОЛИНСКАЯ ОБЛАСТЬ,КОКШЕТАУ Г.А.
448736,Деятельность в области бухгалтерского учета и аудита; консультирование по налогообложению,false,,,,x,920,484000,846,,,,,,,4,Деятельность в области бухгалтерского учета и аудита; консультирование по налогообложению,АКМОЛИНСКАЯ ОБЛАСТЬ,КОКШЕТАУ Г.А.
19197020,Деятельность по проведению финансовой ревизии (аудита),true,,,,x,920,x,846,,,,,,,5,Деятельность в области бухгалтерского учета и аудита; консультирование по налогообложению,АКМОЛИНСКАЯ ОБЛАСТЬ,КОКШЕТАУ Г.А.
19197019,Деятельность в области составления счетов и бухгалтерского учета,true,,,,,,x,846,,,,,,,5,Деятельность в области бухгалтерского учета и аудита; консультирование по налогообложению,АКМОЛИНСКАЯ ОБЛАСТЬ,КОКШЕТАУ Г.А.
448747,"Деятельность в области архитектуры, инженерных изысканий, технических испытаний и анализа",false,,183512000,883,185113000,920,61099000,846,189454000,1031,110039000,994,132478000,957,2,"Профессиональная, научная и техническая деятельность",АКМОЛИНСКАЯ ОБЛАСТЬ,КОКШЕТАУ Г.А.
448748,"Деятельность в области архитектуры, инженерных изысканий и предоставление технических консультаций в этих областях",false,,175722000,883,117309000,920,43268000,846,147050000,1031,60718000,994,108692000,957,3,"Деятельность в области архитектуры, инженерных изысканий, технических испытаний и анализа",АКМОЛИНСКАЯ ОБЛАСТЬ,КОКШЕТАУ Г.А.
448749,Деятельность в области архитектуры,false,,5933000,883,25975000,920,x,846,35900000,1031,43051000,994,8980000,957,4,"Деятельность в области архитектуры, инженерных изысканий и предоставление технических консультаций в этих областях",АКМОЛИНСКАЯ ОБЛАСТЬ,КОКШЕТАУ Г.А.
18951462,"Деятельность в области архитектуры, за исключением объектов атомной промышленности и атомной энергетики  ",true,,5933000,883,25975000,920,x,846,35900000,1031,43051000,994,8980000,957,5,Деятельность в области архитектуры,АКМОЛИНСКАЯ ОБЛАСТЬ,КОКШЕТАУ Г.А.
448751,Деятельность в области инженерных изысканий и предоставление технических консультаций в этой области,false,,169789000,883,91334000,920,40504000,846,111150000,1031,17667000,994,99712000,957,4,"Деятельность в области архитектуры, инженерных изысканий и предоставление технических консультаций в этих областях",АКМОЛИНСКАЯ ОБЛАСТЬ,КОКШЕТАУ Г.А.
18951463,"Деятельность в области инженерно-технического проектирования, за исключением объектов атомной промышленности и атомной энергетики",true,,37249000,883,7280000,920,x,846,x,1031,x,994,,,5,Деятельность в области инженерных изысканий и предоставление технических консультаций в этой области,АКМОЛИНСКАЯ ОБЛАСТЬ,КОКШЕТАУ Г.А.
448753,Деятельность по проведению геологической разведки и изысканий (без научных исследований и разработок),true,,132540000,883,84054000,920,38965000,846,110245000,1031,17587000,994,99712000,957,5,Деятельность в области инженерных изысканий и предоставление технических консультаций в этой области,АКМОЛИНСКАЯ ОБЛАСТЬ,КОКШЕТАУ Г.А.
448756,Технические испытания и анализы,false,,7790000,883,67804000,920,17831000,846,x,1031,x,994,x,957,3,"Деятельность в области архитектуры, инженерных изысканий, технических испытаний и анализа",АКМОЛИНСКАЯ ОБЛАСТЬ,КОКШЕТАУ Г.А.
448757,Технические испытания и анализы,false,,7790000,883,67804000,920,17831000,846,x,1031,x,994,x,957,4,Технические испытания и анализы,АКМОЛИНСКАЯ ОБЛАСТЬ,КОКШЕТАУ Г.А.
448760,"Деятельность прочих учреждений, осуществляющих технические испытания и анализы",true,,7790000,883,67804000,920,17831000,846,x,1031,x,994,x,957,5,Технические испытания и анализы,АКМОЛИНСКАЯ ОБЛАСТЬ,КОКШЕТАУ Г.А.
448770,Рекламная деятельность и исследование конъюнктуры рынка,false,,x,883,x,920,,,x,1031,,,,,2,"Профессиональная, научная и техническая деятельность",АКМОЛИНСКАЯ ОБЛАСТЬ,КОКШЕТАУ Г.А.
448771,Рекламная деятельность,false,,x,883,x,920,,,x,1031,,,,,3,Рекламная деятельность и исследование конъюнктуры рынка,АКМОЛИНСКАЯ ОБЛАСТЬ,КОКШЕТАУ Г.А.
448772,Деятельность рекламных агентств,false,,,,x,920,,,x,1031,,,,,4,Рекламная деятельность,АКМОЛИНСКАЯ ОБЛАСТЬ,КОКШЕТАУ Г.А.
448773,Деятельность рекламных агентств,true,,,,x,920,,,x,1031,,,,,5,Деятельность рекламных агентств,АКМОЛИНСКАЯ ОБЛАСТЬ,КОКШЕТАУ Г.А.
448774,Размещение рекламы в средствах массовой информации ,false,,x,883,,,,,,,,,,,4,Рекламная деятельность,АКМОЛИНСКАЯ ОБЛАСТЬ,КОКШЕТАУ Г.А.
448775,Размещение рекламы в средствах массовой информации ,true,,x,883,,,,,,,,,,,5,Размещение рекламы в средствах массовой информации ,АКМОЛИНСКАЯ ОБЛАСТЬ,КОКШЕТАУ Г.А.
448779,"Прочая профессиональная, научная и техническая деятельность",false,,x,883,x,920,,,,,14580000,994,x,957,2,"Профессиональная, научная и техническая деятельность",АКМОЛИНСКАЯ ОБЛАСТЬ,КОКШЕТАУ Г.А.
448789,"Прочая профессиональная, научная и техническая деятельность, не включенная в другие группировки",false,,x,883,x,920,,,,,14580000,994,x,957,3,"Прочая профессиональная, научная и техническая деятельность",АКМОЛИНСКАЯ ОБЛАСТЬ,КОКШЕТАУ Г.А.
448790,"Прочая профессиональная, научная и техническая деятельность, не включенная в другие группировки",false,,x,883,x,920,,,,,14580000,994,x,957,4,"Прочая профессиональная, научная и техническая деятельность, не включенная в другие группировки",АКМОЛИНСКАЯ ОБЛАСТЬ,КОКШЕТАУ Г.А.
448791,Деятельность гидрометеорологической службы,true,,,,x,920,,,,,,,,,5,"Прочая профессиональная, научная и техническая деятельность, не включенная в другие группировки",АКМОЛИНСКАЯ ОБЛАСТЬ,КОКШЕТАУ Г.А.
448792,"Иная профессиональная, научная и техническая деятельность, не включенная в другие группировки",true,,x,883,,,,,,,14580000,994,x,957,5,"Прочая профессиональная, научная и техническая деятельность, не включенная в другие группировки",АКМОЛИНСКАЯ ОБЛАСТЬ,КОКШЕТАУ Г.А.
448797,Деятельность в области административного и вспомогательного обслуживания,false,,8780373000,883,182322000,920,242447000,846,539239000,1031,348919000,994,132724000,957,1,Всего,АКМОЛИНСКАЯ ОБЛАСТЬ,КОКШЕТАУ Г.А.
448798,"Аренда, прокат и лизинг",false,,,,,,x,846,,,,,,,2,Деятельность в области административного и вспомогательного обслуживания,АКМОЛИНСКАЯ ОБЛАСТЬ,КОКШЕТАУ Г.А.
448804,Аренда и лизинг предметов личного потребления и бытовых товаров,false,,,,,,x,846,,,,,,,3,"Аренда, прокат и лизинг",АКМОЛИНСКАЯ ОБЛАСТЬ,КОКШЕТАУ Г.А.
448805,Аренда и лизинг развлекательного и спортивного оборудования,false,,,,,,x,846,,,,,,,4,Аренда и лизинг предметов личного потребления и бытовых товаров,АКМОЛИНСКАЯ ОБЛАСТЬ,КОКШЕТАУ Г.А.
448806,Аренда и лизинг развлекательного и спортивного оборудования,true,,,,,,x,846,,,,,,,5,Аренда и лизинг развлекательного и спортивного оборудования,АКМОЛИНСКАЯ ОБЛАСТЬ,КОКШЕТАУ Г.А.
448837,"Деятельность туристских агентств и операторов, бронирование и сопутствующая деятельность",false,,,,x,920,,,,,,,,,2,Деятельность в области административного и вспомогательного обслуживания,АКМОЛИНСКАЯ ОБЛАСТЬ,КОКШЕТАУ Г.А.
448838,Деятельность туристских агентств и операторов,false,,,,x,920,,,,,,,,,3,"Деятельность туристских агентств и операторов, бронирование и сопутствующая деятельность",АКМОЛИНСКАЯ ОБЛАСТЬ,КОКШЕТАУ Г.А.
448841,Деятельность туристских операторов,false,,,,x,920,,,,,,,,,4,Деятельность туристских агентств и операторов,АКМОЛИНСКАЯ ОБЛАСТЬ,КОКШЕТАУ Г.А.
448842,Деятельность туристских операторов,true,,,,x,920,,,,,,,,,5,Деятельность туристских операторов,АКМОЛИНСКАЯ ОБЛАСТЬ,КОКШЕТАУ Г.А.
448846,Деятельность по обеспечению безопасности и проведению расследований,false,,8420000,883,2128000,920,22401000,846,112007000,1031,36593000,994,714000,957,2,Деятельность в области административного и вспомогательного обслуживания,АКМОЛИНСКАЯ ОБЛАСТЬ,КОКШЕТАУ Г.А.
448847,Деятельность по обеспечению безопасности частных лиц и имущества,false,,8210000,883,2128000,920,22401000,846,112007000,1031,36593000,994,714000,957,3,Деятельность по обеспечению безопасности и проведению расследований,АКМОЛИНСКАЯ ОБЛАСТЬ,КОКШЕТАУ Г.А.
448848,Деятельность по обеспечению безопасности частных лиц и имущества,false,,8210000,883,2128000,920,22401000,846,112007000,1031,36593000,994,714000,957,4,Деятельность по обеспечению безопасности частных лиц и имущества,АКМОЛИНСКАЯ ОБЛАСТЬ,КОКШЕТАУ Г.А.
18946195,Деятельность частных охранных служб,true,,8210000,883,2128000,920,22401000,846,112007000,1031,36593000,994,714000,957,5,Деятельность по обеспечению безопасности частных лиц и имущества,АКМОЛИНСКАЯ ОБЛАСТЬ,КОКШЕТАУ Г.А.
448850,Деятельность в области систем обеспечения безопасности,false,,x,883,,,,,,,,,,,3,Деятельность по обеспечению безопасности и проведению расследований,АКМОЛИНСКАЯ ОБЛАСТЬ,КОКШЕТАУ Г.А.
448851,Деятельность в области систем обеспечения безопасности,false,,x,883,,,,,,,,,,,4,Деятельность в области систем обеспечения безопасности,АКМОЛИНСКАЯ ОБЛАСТЬ,КОКШЕТАУ Г.А.
448852,Деятельность в области систем обеспечения безопасности,true,,x,883,,,,,,,,,,,5,Деятельность в области систем обеспечения безопасности,АКМОЛИНСКАЯ ОБЛАСТЬ,КОКШЕТАУ Г.А.
448856,Деятельность по обслуживанию зданий и благоустройству территорий,false,,405324000,883,178633000,920,219452000,846,427232000,1031,312326000,994,132010000,957,2,Деятельность в области административного и вспомогательного обслуживания,АКМОЛИНСКАЯ ОБЛАСТЬ,КОКШЕТАУ Г.А.
448867,Деятельность по благоустройству территорий,false,,405324000,883,178633000,920,219452000,846,427232000,1031,312326000,994,132010000,957,3,Деятельность по обслуживанию зданий и благоустройству территорий,АКМОЛИНСКАЯ ОБЛАСТЬ,КОКШЕТАУ Г.А.
448868,Деятельность по благоустройству территорий,false,,405324000,883,178633000,920,219452000,846,427232000,1031,312326000,994,132010000,957,4,Деятельность по благоустройству территорий,АКМОЛИНСКАЯ ОБЛАСТЬ,КОКШЕТАУ Г.А.
448869,Деятельность по благоустройству территорий,true,,405324000,883,178633000,920,219452000,846,427232000,1031,312326000,994,132010000,957,5,Деятельность по благоустройству территорий,АКМОЛИНСКАЯ ОБЛАСТЬ,КОКШЕТАУ Г.А.
448870,"Деятельность в области офисного административного и вспомогательного обслуживания, направленная на поддержание коммерческой деятельности",false,,8366629000,883,1527000,920,,,,,,,,,2,Деятельность в области административного и вспомогательного обслуживания,АКМОЛИНСКАЯ ОБЛАСТЬ,КОКШЕТАУ Г.А.
448879,Организация конференций и торговых выставок,false,,8366629000,883,,,,,,,,,,,3,"Деятельность в области офисного административного и вспомогательного обслуживания, направленная на поддержание коммерческой деятельности",АКМОЛИНСКАЯ ОБЛАСТЬ,КОКШЕТАУ Г.А.
448880,Организация конференций и торговых выставок,false,,8366629000,883,,,,,,,,,,,4,Организация конференций и торговых выставок,АКМОЛИНСКАЯ ОБЛАСТЬ,КОКШЕТАУ Г.А.
448881,Организация конференций и торговых выставок,true,,8366629000,883,,,,,,,,,,,5,Организация конференций и торговых выставок,АКМОЛИНСКАЯ ОБЛАСТЬ,КОКШЕТАУ Г.А.
448882,"Деятельность по предоставлению вспомогательных коммерческих услуг, не включенная в другие группировки",false,,,,1527000,920,,,,,,,,,3,"Деятельность в области офисного административного и вспомогательного обслуживания, направленная на поддержание коммерческой деятельности",АКМОЛИНСКАЯ ОБЛАСТЬ,КОКШЕТАУ Г.А.
448887,"Прочая деятельность по предоставлению вспомогательных коммерческих услуг, не включенная в другие группировки",false,,,,1527000,920,,,,,,,,,4,"Деятельность по предоставлению вспомогательных коммерческих услуг, не включенная в другие группировки",АКМОЛИНСКАЯ ОБЛАСТЬ,КОКШЕТАУ Г.А.
448888,"Прочая деятельность по предоставлению вспомогательных коммерческих услуг, не включенная в другие группировки",true,,,,1527000,920,,,,,,,,,5,"Прочая деятельность по предоставлению вспомогательных коммерческих услуг, не включенная в другие группировки",АКМОЛИНСКАЯ ОБЛАСТЬ,КОКШЕТАУ Г.А.
448889,Государственное управление и оборона; обязательное  социальное обеспечение,false,,2273000,883,452858000,920,336697000,846,101812000,1031,197074000,994,116434000,957,1,Всего,АКМОЛИНСКАЯ ОБЛАСТЬ,КОКШЕТАУ Г.А.
448890,Государственное управление и оборона; обязательное социальное обеспечение,false,,2273000,883,452858000,920,336697000,846,101812000,1031,197074000,994,116434000,957,2,Государственное управление и оборона; обязательное  социальное обеспечение,АКМОЛИНСКАЯ ОБЛАСТЬ,КОКШЕТАУ Г.А.
448891,Государственное управление общего характера и управление социально-экономическое политикой общества,false,,2273000,883,254600000,920,333755000,846,x,1031,197074000,994,,,3,Государственное управление и оборона; обязательное социальное обеспечение,АКМОЛИНСКАЯ ОБЛАСТЬ,КОКШЕТАУ Г.А.
448892,Государственное управление общего характера,false,,2273000,883,254600000,920,333755000,846,x,1031,197074000,994,,,4,Государственное управление общего характера и управление социально-экономическое политикой общества,АКМОЛИНСКАЯ ОБЛАСТЬ,КОКШЕТАУ Г.А.
448894,Деятельность региональных органов управления,true,,2273000,883,254600000,920,333755000,846,x,1031,197074000,994,,,5,Государственное управление общего характера,АКМОЛИНСКАЯ ОБЛАСТЬ,КОКШЕТАУ Г.А.
448904,Предоставление государством услуг обществу в целом,false,,,,198258000,920,x,846,61835000,1031,,,116434000,957,3,Государственное управление и оборона; обязательное социальное обеспечение,АКМОЛИНСКАЯ ОБЛАСТЬ,КОКШЕТАУ Г.А.
448907,Оборонная деятельность,false,,,,,,,,61835000,1031,,,,,4,Предоставление государством услуг обществу в целом,АКМОЛИНСКАЯ ОБЛАСТЬ,КОКШЕТАУ Г.А.
448908,Оборонная деятельность,true,,,,,,,,61835000,1031,,,,,5,Оборонная деятельность,АКМОЛИНСКАЯ ОБЛАСТЬ,КОКШЕТАУ Г.А.
448911,Деятельность по обеспечению общественного порядка и безопасности,false,,,,21638000,920,,,,,,,116434000,957,4,Предоставление государством услуг обществу в целом,АКМОЛИНСКАЯ ОБЛАСТЬ,КОКШЕТАУ Г.А.
448912,Деятельность по обеспечению общественного порядка и безопасности,true,,,,21638000,920,,,,,,,116434000,957,5,Деятельность по обеспечению общественного порядка и безопасности,АКМОЛИНСКАЯ ОБЛАСТЬ,КОКШЕТАУ Г.А.
448913,Деятельность по обеспечению безопасности в чрезвычайных ситуациях,false,,,,176620000,920,x,846,,,,,,,4,Предоставление государством услуг обществу в целом,АКМОЛИНСКАЯ ОБЛАСТЬ,КОКШЕТАУ Г.А.
448914,Деятельность по обеспечению безопасности в чрезвычайных ситуациях,true,,,,176620000,920,x,846,,,,,,,5,Деятельность по обеспечению безопасности в чрезвычайных ситуациях,АКМОЛИНСКАЯ ОБЛАСТЬ,КОКШЕТАУ Г.А.
448918,Образование,false,,2738561000,883,4049302000,920,2230237000,846,8780170000,1031,4852257000,994,2157174000,957,1,Всего,АКМОЛИНСКАЯ ОБЛАСТЬ,КОКШЕТАУ Г.А.
448919,Образование,false,,2738561000,883,4049302000,920,2230237000,846,8780170000,1031,4852257000,994,2157174000,957,2,Образование,АКМОЛИНСКАЯ ОБЛАСТЬ,КОКШЕТАУ Г.А.
448920,Дошкольное образование,false,,79397000,883,1131413000,920,283150000,846,868286000,1031,597775000,994,861584000,957,3,Образование,АКМОЛИНСКАЯ ОБЛАСТЬ,КОКШЕТАУ Г.А.
448921,Дошкольное образование,false,,79397000,883,1131413000,920,283150000,846,868286000,1031,597775000,994,861584000,957,4,Дошкольное образование,АКМОЛИНСКАЯ ОБЛАСТЬ,КОКШЕТАУ Г.А.
448922,Дошкольное образование,true,,79397000,883,1131413000,920,283150000,846,868286000,1031,597775000,994,861584000,957,5,Дошкольное образование,АКМОЛИНСКАЯ ОБЛАСТЬ,КОКШЕТАУ Г.А.
448923,Начальное образование (1-й уровень),false,,,,,,,,2039000,1031,4278000,994,x,957,3,Образование,АКМОЛИНСКАЯ ОБЛАСТЬ,КОКШЕТАУ Г.А.
448924,Начальное образование (1-й уровень),false,,,,,,,,2039000,1031,4278000,994,x,957,4,Начальное образование (1-й уровень),АКМОЛИНСКАЯ ОБЛАСТЬ,КОКШЕТАУ Г.А.
448925,Начальное образование (1-й уровень),true,,,,,,,,2039000,1031,4278000,994,x,957,5,Начальное образование (1-й уровень),АКМОЛИНСКАЯ ОБЛАСТЬ,КОКШЕТАУ Г.А.
448926,Среднее образование (2-й и 3-й уровни),false,,2509959000,883,2764795000,920,1522001000,846,7436856000,1031,2722928000,994,1015251000,957,3,Образование,АКМОЛИНСКАЯ ОБЛАСТЬ,КОКШЕТАУ Г.А.
448927,Основное и общее среднее образование,false,,2426615000,883,2387924000,920,1336769000,846,7163754000,1031,2480862000,994,980081000,957,4,Среднее образование (2-й и 3-й уровни),АКМОЛИНСКАЯ ОБЛАСТЬ,КОКШЕТАУ Г.А.
448928,Основное и общее среднее образование,true,,2426615000,883,2387924000,920,1336769000,846,7163754000,1031,2480862000,994,980081000,957,5,Основное и общее среднее образование,АКМОЛИНСКАЯ ОБЛАСТЬ,КОКШЕТАУ Г.А.
448929,Техническое и профессиональное среднее образование,false,,83344000,883,376871000,920,185232000,846,273102000,1031,242066000,994,35170000,957,4,Среднее образование (2-й и 3-й уровни),АКМОЛИНСКАЯ ОБЛАСТЬ,КОКШЕТАУ Г.А.
448930,Профессионально-техническое образование,true,,,,332818000,920,,,150444000,1031,,,,,5,Техническое и профессиональное среднее образование,АКМОЛИНСКАЯ ОБЛАСТЬ,КОКШЕТАУ Г.А.
448931,Среднее специальное образование,true,,83344000,883,44053000,920,185232000,846,122658000,1031,242066000,994,35170000,957,5,Техническое и профессиональное среднее образование,АКМОЛИНСКАЯ ОБЛАСТЬ,КОКШЕТАУ Г.А.
448932,"Высшее образование (5-й, 6-й, 7-й, 8-й уровни)",false,,116399000,883,63493000,920,220262000,846,204526000,1031,949074000,994,264046000,957,3,Образование,АКМОЛИНСКАЯ ОБЛАСТЬ,КОКШЕТАУ Г.А.
448935,Высшее и послевузовское образование,false,,116399000,883,63493000,920,220262000,846,204526000,1031,949074000,994,264046000,957,4,"Высшее образование (5-й, 6-й, 7-й, 8-й уровни)",АКМОЛИНСКАЯ ОБЛАСТЬ,КОКШЕТАУ Г.А.
448936,Высшее образование,true,,116399000,883,63493000,920,220262000,846,204526000,1031,949074000,994,264046000,957,5,Высшее и послевузовское образование,АКМОЛИНСКАЯ ОБЛАСТЬ,КОКШЕТАУ Г.А.
448937,Прочие виды образования,false,,32626000,883,89601000,920,204242000,846,268463000,1031,578202000,994,1251000,957,3,Образование,АКМОЛИНСКАЯ ОБЛАСТЬ,КОКШЕТАУ Г.А.
448938,Образование в области спорта и отдыха,false,,x,883,,,x,846,209519000,1031,575984000,994,,,4,Прочие виды образования,АКМОЛИНСКАЯ ОБЛАСТЬ,КОКШЕТАУ Г.А.
448939,Образование в области спорта и отдыха,true,,x,883,,,x,846,209519000,1031,575984000,994,,,5,Образование в области спорта и отдыха,АКМОЛИНСКАЯ ОБЛАСТЬ,КОКШЕТАУ Г.А.
448940,Образование в области культуры,false,,6147000,883,9507000,920,3586000,846,2890000,1031,1816000,994,1251000,957,4,Прочие виды образования,АКМОЛИНСКАЯ ОБЛАСТЬ,КОКШЕТАУ Г.А.
448941,Образование в области культуры,true,,6147000,883,9507000,920,3586000,846,2890000,1031,1816000,994,1251000,957,5,Образование в области культуры,АКМОЛИНСКАЯ ОБЛАСТЬ,КОКШЕТАУ Г.А.
448942,Деятельность школ подготовки водителей транспортных средств,false,,x,883,,,,,,,,,,,4,Прочие виды образования,АКМОЛИНСКАЯ ОБЛАСТЬ,КОКШЕТАУ Г.А.
448943,Деятельность школ подготовки водителей транспортных средств,true,,x,883,,,,,,,,,,,5,Деятельность школ подготовки водителей транспортных средств,АКМОЛИНСКАЯ ОБЛАСТЬ,КОКШЕТАУ Г.А.
448944,"Прочие виды образования, не включенные в другие группировки",false,,,,x,920,,,56054000,1031,402000,994,,,4,Прочие виды образования,АКМОЛИНСКАЯ ОБЛАСТЬ,КОКШЕТАУ Г.А.
448946,"Прочая деятельность в области образования, не включенная в другие группировки",true,,,,x,920,,,56054000,1031,402000,994,,,5,"Прочие виды образования, не включенные в другие группировки",АКМОЛИНСКАЯ ОБЛАСТЬ,КОКШЕТАУ Г.А.
448947,Вспомогательная деятельность в области образования,false,,x,883,,,x,846,,,,,x,957,3,Образование,АКМОЛИНСКАЯ ОБЛАСТЬ,КОКШЕТАУ Г.А.
448948,Вспомогательная деятельность в области образования,false,,x,883,,,x,846,,,,,x,957,4,Вспомогательная деятельность в области образования,АКМОЛИНСКАЯ ОБЛАСТЬ,КОКШЕТАУ Г.А.
18951466,Прочая вспомогательная деятельность в области образования,true,,x,883,,,x,846,,,,,x,957,5,Вспомогательная деятельность в области образования,АКМОЛИНСКАЯ ОБЛАСТЬ,КОКШЕТАУ Г.А.
448950,Здравоохранение и социальное обслуживание населения,false,,11749610000,883,2866320000,920,2580133000,846,7672642000,1031,4047614000,994,4134391000,957,1,Всего,АКМОЛИНСКАЯ ОБЛАСТЬ,КОКШЕТАУ Г.А.
448951,Деятельность в области здравоохранения,false,,11749610000,883,2865539000,920,2580133000,846,7360192000,1031,2497614000,994,4070862000,957,2,Здравоохранение и социальное обслуживание населения,АКМОЛИНСКАЯ ОБЛАСТЬ,КОКШЕТАУ Г.А.
448952,Деятельность больничных организаций,false,,9520240000,883,728547000,920,752348000,846,6620649000,1031,2203454000,994,1282593000,957,3,Деятельность в области здравоохранения,АКМОЛИНСКАЯ ОБЛАСТЬ,КОКШЕТАУ Г.А.
448953,Деятельность больничных организаций,false,,9520240000,883,728547000,920,752348000,846,6620649000,1031,2203454000,994,1282593000,957,4,Деятельность больничных организаций,АКМОЛИНСКАЯ ОБЛАСТЬ,КОКШЕТАУ Г.А.
448954,Деятельность больниц широкого профиля и специализированных больниц,true,,9520240000,883,728547000,920,752348000,846,6620649000,1031,2203454000,994,1282593000,957,5,Деятельность больничных организаций,АКМОЛИНСКАЯ ОБЛАСТЬ,КОКШЕТАУ Г.А.
448959,Деятельность в области врачебной практики и стоматологии,false,,1754042000,883,2136992000,920,1248944000,846,485491000,1031,138384000,994,2762705000,957,3,Деятельность в области здравоохранения,АКМОЛИНСКАЯ ОБЛАСТЬ,КОКШЕТАУ Г.А.
448960,Общая врачебная практика,false,,1440713000,883,500779000,920,1239172000,846,483269000,1031,110926000,994,x,957,4,Деятельность в области врачебной практики и стоматологии,АКМОЛИНСКАЯ ОБЛАСТЬ,КОКШЕТАУ Г.А.
448961,Общая врачебная практика,true,,1440713000,883,500779000,920,1239172000,846,483269000,1031,110926000,994,x,957,5,Общая врачебная практика,АКМОЛИНСКАЯ ОБЛАСТЬ,КОКШЕТАУ Г.А.
448962,Специальная врачебная практика,false,,303037000,883,1626796000,920,,,,,x,994,2537655000,957,4,Деятельность в области врачебной практики и стоматологии,АКМОЛИНСКАЯ ОБЛАСТЬ,КОКШЕТАУ Г.А.
448963,Специальная врачебная практика,true,,303037000,883,1626796000,920,,,,,x,994,2537655000,957,5,Специальная врачебная практика,АКМОЛИНСКАЯ ОБЛАСТЬ,КОКШЕТАУ Г.А.
448964,Стоматологическая деятельность,false,,10292000,883,9417000,920,9772000,846,2222000,1031,26299000,994,41239000,957,4,Деятельность в области врачебной практики и стоматологии,АКМОЛИНСКАЯ ОБЛАСТЬ,КОКШЕТАУ Г.А.
448965,Стоматологическая деятельность,true,,10292000,883,9417000,920,9772000,846,2222000,1031,26299000,994,41239000,957,5,Стоматологическая деятельность,АКМОЛИНСКАЯ ОБЛАСТЬ,КОКШЕТАУ Г.А.
448966,Прочая деятельность в области здравоохранения ,false,,475328000,883,,,578841000,846,254052000,1031,155776000,994,25564000,957,3,Деятельность в области здравоохранения,АКМОЛИНСКАЯ ОБЛАСТЬ,КОКШЕТАУ Г.А.
448967,Прочая деятельность в области здравоохранения ,false,,475328000,883,,,578841000,846,254052000,1031,155776000,994,25564000,957,4,Прочая деятельность в области здравоохранения ,АКМОЛИНСКАЯ ОБЛАСТЬ,КОКШЕТАУ Г.А.
448968,Прочая деятельность в области здравоохранения ,true,,475328000,883,,,578841000,846,,,155776000,994,25564000,957,5,Прочая деятельность в области здравоохранения ,АКМОЛИНСКАЯ ОБЛАСТЬ,КОКШЕТАУ Г.А.
448969,Предоставление социальных услуг с обеспечением проживания,false,,,,781000,920,,,312450000,1031,1550000000,994,63529000,957,2,Здравоохранение и социальное обслуживание населения,АКМОЛИНСКАЯ ОБЛАСТЬ,КОКШЕТАУ Г.А.
448976,Предоставление социальных услуг пожилым гражданам и инвалидам с обеспечением проживания,false,,,,781000,920,,,312450000,1031,1550000000,994,63529000,957,3,Предоставление социальных услуг с обеспечением проживания,АКМОЛИНСКАЯ ОБЛАСТЬ,КОКШЕТАУ Г.А.
448977,Предоставление социальных услуг пожилым гражданам и инвалидам с обеспечением проживания,false,,,,781000,920,,,312450000,1031,1550000000,994,63529000,957,4,Предоставление социальных услуг пожилым гражданам и инвалидам с обеспечением проживания,АКМОЛИНСКАЯ ОБЛАСТЬ,КОКШЕТАУ Г.А.
448978,Предоставление социальных услуг пожилым гражданам и инвалидам с обеспечением проживания,true,,,,781000,920,,,312450000,1031,1550000000,994,63529000,957,5,Предоставление социальных услуг пожилым гражданам и инвалидам с обеспечением проживания,АКМОЛИНСКАЯ ОБЛАСТЬ,КОКШЕТАУ Г.А.
448991,"Искусство, развлечения и отдых",false,,2125245000,883,915998000,920,566555000,846,964929000,1031,2521552000,994,1427799000,957,1,Всего,АКМОЛИНСКАЯ ОБЛАСТЬ,КОКШЕТАУ Г.А.
449004,"Деятельность библиотек, архивов, музеев и прочая деятельность в области культуры",false,,,,,,65022000,846,,,,,,,2,"Искусство, развлечения и отдых",АКМОЛИНСКАЯ ОБЛАСТЬ,КОКШЕТАУ Г.А.
449005,"Деятельность библиотек, архивов, музеев и прочая деятельность в области культуры",false,,,,,,65022000,846,,,,,,,3,"Деятельность библиотек, архивов, музеев и прочая деятельность в области культуры",АКМОЛИНСКАЯ ОБЛАСТЬ,КОКШЕТАУ Г.А.
449011,Деятельность музеев,false,,,,,,65022000,846,,,,,,,4,"Деятельность библиотек, архивов, музеев и прочая деятельность в области культуры",АКМОЛИНСКАЯ ОБЛАСТЬ,КОКШЕТАУ Г.А.
449012,Деятельность музеев,true,,,,,,65022000,846,,,,,,,5,Деятельность музеев,АКМОЛИНСКАЯ ОБЛАСТЬ,КОКШЕТАУ Г.А.
449022,"Деятельность в области спорта, организации отдыха и развлечений",false,,2125245000,883,915998000,920,501533000,846,964929000,1031,2521552000,994,1427799000,957,2,"Искусство, развлечения и отдых",АКМОЛИНСКАЯ ОБЛАСТЬ,КОКШЕТАУ Г.А.
449023,Деятельность в области спорта,false,,x,883,x,920,,,719849000,1031,1645907000,994,,,3,"Деятельность в области спорта, организации отдыха и развлечений",АКМОЛИНСКАЯ ОБЛАСТЬ,КОКШЕТАУ Г.А.
449024,Эксплуатация спортивных сооружений,false,,,,x,920,,,719849000,1031,1645907000,994,,,4,Деятельность в области спорта,АКМОЛИНСКАЯ ОБЛАСТЬ,КОКШЕТАУ Г.А.
449025,Эксплуатация спортивных сооружений,true,,,,x,920,,,719849000,1031,1645907000,994,,,5,Эксплуатация спортивных сооружений,АКМОЛИНСКАЯ ОБЛАСТЬ,КОКШЕТАУ Г.А.
449028,Деятельность фитнес-клубов,false,,x,883,,,,,,,,,,,4,Деятельность в области спорта,АКМОЛИНСКАЯ ОБЛАСТЬ,КОКШЕТАУ Г.А.
449029,Деятельность фитнес-клубов,true,,x,883,,,,,,,,,,,5,Деятельность фитнес-клубов,АКМОЛИНСКАЯ ОБЛАСТЬ,КОКШЕТАУ Г.А.
449032,Деятельность по организации отдыха и развлечений,false,,2108472000,883,865998000,920,501533000,846,245080000,1031,875645000,994,1427799000,957,3,"Деятельность в области спорта, организации отдыха и развлечений",АКМОЛИНСКАЯ ОБЛАСТЬ,КОКШЕТАУ Г.А.
449035,Прочая деятельность по организации отдыха и развлечений,false,,2108472000,883,865998000,920,501533000,846,245080000,1031,875645000,994,1427799000,957,4,Деятельность по организации отдыха и развлечений,АКМОЛИНСКАЯ ОБЛАСТЬ,КОКШЕТАУ Г.А.
449039,Прочие виды деятельности по организации отдыха и развлечений,true,,2108472000,883,865998000,920,501533000,846,245080000,1031,875645000,994,1427799000,957,5,Прочая деятельность по организации отдыха и развлечений,АКМОЛИНСКАЯ ОБЛАСТЬ,КОКШЕТАУ Г.А.
449040,Предоставление прочих видов услуг,false,,227877000,883,301567000,920,222530000,846,13901000,1031,,,34000000,957,1,Всего,АКМОЛИНСКАЯ ОБЛАСТЬ,КОКШЕТАУ Г.А.
449041,Деятельность общественных объединений (организаций),false,,225169000,883,249767000,920,203512000,846,10935000,1031,,,,,2,Предоставление прочих видов услуг,АКМОЛИНСКАЯ ОБЛАСТЬ,КОКШЕТАУ Г.А.
449047,Деятельность профессиональных союзов,false,,x,883,,,,,10935000,1031,,,,,3,Деятельность общественных объединений (организаций),АКМОЛИНСКАЯ ОБЛАСТЬ,КОКШЕТАУ Г.А.
449048,Деятельность профессиональных союзов,false,,x,883,,,,,10935000,1031,,,,,4,Деятельность профессиональных союзов,АКМОЛИНСКАЯ ОБЛАСТЬ,КОКШЕТАУ Г.А.
449049,Деятельность профессиональных союзов,true,,x,883,,,,,10935000,1031,,,,,5,Деятельность профессиональных союзов,АКМОЛИНСКАЯ ОБЛАСТЬ,КОКШЕТАУ Г.А.
449050,Деятельность прочих общественных  объединений,false,,219979000,883,249767000,920,203512000,846,,,,,,,3,Деятельность общественных объединений (организаций),АКМОЛИНСКАЯ ОБЛАСТЬ,КОКШЕТАУ Г.А.
449051,Деятельность религиозных организаций,false,,219979000,883,249767000,920,203512000,846,,,,,,,4,Деятельность прочих общественных  объединений,АКМОЛИНСКАЯ ОБЛАСТЬ,КОКШЕТАУ Г.А.
449052,Деятельность религиозных организаций,true,,219979000,883,249767000,920,203512000,846,,,,,,,5,Деятельность религиозных организаций,АКМОЛИНСКАЯ ОБЛАСТЬ,КОКШЕТАУ Г.А.
449057,"Ремонт компьютеров, предметов личного потребления и бытовых товаров",false,,,,,,,,,,,,28500000,957,2,Предоставление прочих видов услуг,АКМОЛИНСКАЯ ОБЛАСТЬ,КОКШЕТАУ Г.А.
449063,Ремонт предметов личного потребления и бытовых товаров,false,,,,,,,,,,,,28500000,957,3,"Ремонт компьютеров, предметов личного потребления и бытовых товаров",АКМОЛИНСКАЯ ОБЛАСТЬ,КОКШЕТАУ Г.А.
449066,"Ремонт бытовых приборов, домашнего и садового оборудования",false,,,,,,,,,,,,26000000,957,4,Ремонт предметов личного потребления и бытовых товаров,АКМОЛИНСКАЯ ОБЛАСТЬ,КОКШЕТАУ Г.А.
449067,"Ремонт бытовых приборов, домашнего и садового оборудования",true,,,,,,,,,,,,26000000,957,5,"Ремонт бытовых приборов, домашнего и садового оборудования",АКМОЛИНСКАЯ ОБЛАСТЬ,КОКШЕТАУ Г.А.
449073,Ремонт часов и ювелирных изделий,false,,,,,,,,,,,,2500000,957,4,Ремонт предметов личного потребления и бытовых товаров,АКМОЛИНСКАЯ ОБЛАСТЬ,КОКШЕТАУ Г.А.
449075,Ремонт ювелирных изделий,true,,,,,,,,,,,,2500000,957,5,Ремонт часов и ювелирных изделий,АКМОЛИНСКАЯ ОБЛАСТЬ,КОКШЕТАУ Г.А.
449084,Предоставление прочих индивидуальных услуг,false,,2708000,883,51800000,920,19018000,846,2966000,1031,,,5500000,957,2,Предоставление прочих видов услуг,АКМОЛИНСКАЯ ОБЛАСТЬ,КОКШЕТАУ Г.А.
449085,Предоставление прочих индивидуальных услуг,false,,2708000,883,51800000,920,19018000,846,2966000,1031,,,5500000,957,3,Предоставление прочих индивидуальных услуг,АКМОЛИНСКАЯ ОБЛАСТЬ,КОКШЕТАУ Г.А.
449089,Предоставление услуг парикмахерскими и салонами красоты,false,,2050000,883,,,1000000,846,1800000,1031,,,5500000,957,4,Предоставление прочих индивидуальных услуг,АКМОЛИНСКАЯ ОБЛАСТЬ,КОКШЕТАУ Г.А.
449090,Предоставление услуг парикмахерскими и салонами красоты,true,,2050000,883,,,1000000,846,1800000,1031,,,5500000,957,5,Предоставление услуг парикмахерскими и салонами красоты,АКМОЛИНСКАЯ ОБЛАСТЬ,КОКШЕТАУ Г.А.
449093,Деятельность по обеспечению физического комфорта,false,,x,883,51800000,920,x,846,,,,,,,4,Предоставление прочих индивидуальных услуг,АКМОЛИНСКАЯ ОБЛАСТЬ,КОКШЕТАУ Г.А.
449094,Деятельность по обеспечению физического комфорта,true,,x,883,51800000,920,x,846,,,,,,,5,Деятельность по обеспечению физического комфорта,АКМОЛИНСКАЯ ОБЛАСТЬ,КОКШЕТАУ Г.А.
449095,"Предоставление прочих индивидуальных услуг, не включенных в другие группировки",false,,,,,,,,1166000,1031,,,,,4,Предоставление прочих индивидуальных услуг,АКМОЛИНСКАЯ ОБЛАСТЬ,КОКШЕТАУ Г.А.
449096,"Предоставление прочих индивидуальных услуг, не включенных в другие группировки",true,,,,,,,,1166000,1031,,,,,5,"Предоставление прочих индивидуальных услуг, не включенных в другие группировки",АКМОЛИНСКАЯ ОБЛАСТЬ,КОКШЕТАУ Г.А.
741340,Промышленность,false,,15116848000,883,15923679000,920,10538565000,846,17048032000,1031,13116993000,994,6033231000,957,1,Всего,АКМОЛИНСКАЯ ОБЛАСТЬ,КОКШЕТАУ Г.А.
447279,Горнодобывающая промышленность и разработка карьеров,false,,x,883,53934000,920,16600000,846,,,x,994,110361000,957,2,Промышленность,АКМОЛИНСКАЯ ОБЛАСТЬ,КОКШЕТАУ Г.А.
447316,Добыча прочих полезных ископаемых,false,,x,883,,,16600000,846,,,x,994,,,3,Горнодобывающая промышленность и разработка карьеров,АКМОЛИНСКАЯ ОБЛАСТЬ,КОКШЕТАУ Г.А.
447317,"Добыча камня, песка и глины",false,,x,883,,,16600000,846,,,x,994,,,4,Добыча прочих полезных ископаемых,АКМОЛИНСКАЯ ОБЛАСТЬ,КОКШЕТАУ Г.А.
447318,"Добыча отделочного и строительного камня, известняка, гипса, мела и сланцев",false,,,,,,16600000,846,,,,,,,5,"Добыча камня, песка и глины",АКМОЛИНСКАЯ ОБЛАСТЬ,КОКШЕТАУ Г.А.
447322,"Разработка гравийных и песчаных карьеров, добыча глины и каолина",false,,x,883,,,,,,,x,994,,,5,"Добыча камня, песка и глины",АКМОЛИНСКАЯ ОБЛАСТЬ,КОКШЕТАУ Г.А.
447339,Предоставление услуг в горнодобывающей промышленности,false,,,,53934000,920,,,,,,,110361000,957,3,Горнодобывающая промышленность и разработка карьеров,АКМОЛИНСКАЯ ОБЛАСТЬ,КОКШЕТАУ Г.А.
447343,"Предоставление услуг, способствующих добыче других полезных ископаемых",false,,,,53934000,920,,,,,,,110361000,957,4,Предоставление услуг в горнодобывающей промышленности,АКМОЛИНСКАЯ ОБЛАСТЬ,КОКШЕТАУ Г.А.
447344,"Предоставление услуг, способствующих добыче других полезных ископаемых",false,,,,53934000,920,,,,,,,110361000,957,5,"Предоставление услуг, способствующих добыче других полезных ископаемых",АКМОЛИНСКАЯ ОБЛАСТЬ,КОКШЕТАУ Г.А.
447346,Обрабатывающая промышленность,false,,4615924000,883,7831607000,920,4310908000,846,7653817000,1031,8136151000,994,4310274000,957,2,Промышленность,АКМОЛИНСКАЯ ОБЛАСТЬ,КОКШЕТАУ Г.А.
447347,Производство продуктов питания,false,,1723736000,883,1421712000,920,1369818000,846,4579472000,1031,2079544000,994,1013734000,957,3,Обрабатывающая промышленность,АКМОЛИНСКАЯ ОБЛАСТЬ,КОКШЕТАУ Г.А.
447348,Переработка и консервирование мяса и производство мясной продукции,false,,x,883,x,920,x,846,50314000,1031,32334000,994,75584000,957,4,Производство продуктов питания,АКМОЛИНСКАЯ ОБЛАСТЬ,КОКШЕТАУ Г.А.
447349,Переработка и консервирование мяса,false,,x,883,x,920,x,846,x,1031,x,994,x,957,5,Переработка и консервирование мяса и производство мясной продукции,АКМОЛИНСКАЯ ОБЛАСТЬ,КОКШЕТАУ Г.А.
447353,Производство продуктов из мяса и мяса сельскохозяйственной птицы ,false,,,,,,,,x,1031,4709000,994,x,957,5,Переработка и консервирование мяса и производство мясной продукции,АКМОЛИНСКАЯ ОБЛАСТЬ,КОКШЕТАУ Г.А.
447358,Переработка и консервирование фруктов и овощей,false,,167000,883,x,920,2216000,846,,,,,,,4,Производство продуктов питания,АКМОЛИНСКАЯ ОБЛАСТЬ,КОКШЕТАУ Г.А.
447363,Прочие виды переработки и консервирования фруктов и овощей,false,,167000,883,x,920,2216000,846,,,,,,,5,Переработка и консервирование фруктов и овощей,АКМОЛИНСКАЯ ОБЛАСТЬ,КОКШЕТАУ Г.А.
447365,Производство растительных и животных масел и жиров,false,,34704000,883,x,920,2563000,846,,,,,,,4,Производство продуктов питания,АКМОЛИНСКАЯ ОБЛАСТЬ,КОКШЕТАУ Г.А.
447366,Производство масел и жиров,false,,34704000,883,x,920,2563000,846,,,,,,,5,Производство растительных и животных масел и жиров,АКМОЛИНСКАЯ ОБЛАСТЬ,КОКШЕТАУ Г.А.
447371,Производство молочных продуктов,false,,888745000,883,90891000,920,290280000,846,6495000,1031,15423000,994,10594000,957,4,Производство продуктов питания,АКМОЛИНСКАЯ ОБЛАСТЬ,КОКШЕТАУ Г.А.
447372,Переработка молока и производство сыров,false,,888745000,883,90891000,920,290280000,846,6495000,1031,15423000,994,10594000,957,5,Производство молочных продуктов,АКМОЛИНСКАЯ ОБЛАСТЬ,КОКШЕТАУ Г.А.
447377,"Производство мукомольно-крупяных продуктов, крахмалов и крахмальных продуктов",false,,797965000,883,488076000,920,1043055000,846,986392000,1031,979613000,994,927556000,957,4,Производство продуктов питания,АКМОЛИНСКАЯ ОБЛАСТЬ,КОКШЕТАУ Г.А.
447378,Производство мукомольно-крупяных продуктов,false,,797965000,883,488076000,920,1043055000,846,986392000,1031,979613000,994,927556000,957,5,"Производство мукомольно-крупяных продуктов, крахмалов и крахмальных продуктов",АКМОЛИНСКАЯ ОБЛАСТЬ,КОКШЕТАУ Г.А.
447384,"Производство  хлебобулочных, макаронных и мучных кондитерских изделий",false,,,,x,920,,,,,,,,,4,Производство продуктов питания,АКМОЛИНСКАЯ ОБЛАСТЬ,КОКШЕТАУ Г.А.
447389,Производство макаронных изделий,false,,,,x,920,,,,,,,,,5,"Производство  хлебобулочных, макаронных и мучных кондитерских изделий",АКМОЛИНСКАЯ ОБЛАСТЬ,КОКШЕТАУ Г.А.
447391,Производство прочих продуктов питания,false,,,,,,x,846,,,,,,,4,Производство продуктов питания,АКМОЛИНСКАЯ ОБЛАСТЬ,КОКШЕТАУ Г.А.
447402,Производство детского питания и диетических пищевых продуктов,false,,,,,,x,846,,,,,,,5,Производство прочих продуктов питания,АКМОЛИНСКАЯ ОБЛАСТЬ,КОКШЕТАУ Г.А.
447408,Производство готовых кормов для животных,false,,,,,,x,846,x,1031,1052174000,994,,,4,Производство продуктов питания,АКМОЛИНСКАЯ ОБЛАСТЬ,КОКШЕТАУ Г.А.
447409,Производство готовых кормов для сельскохозяйственных животных,false,,,,,,x,846,x,1031,1052174000,994,,,5,Производство готовых кормов для животных,АКМОЛИНСКАЯ ОБЛАСТЬ,КОКШЕТАУ Г.А.
447413,Производство напитков,false,,164964000,883,617262000,920,365916000,846,270527000,1031,1042735000,994,295418000,957,3,Обрабатывающая промышленность,АКМОЛИНСКАЯ ОБЛАСТЬ,КОКШЕТАУ Г.А.
447414,Производство напитков,false,,164964000,883,617262000,920,365916000,846,270527000,1031,1042735000,994,295418000,957,4,Производство напитков,АКМОЛИНСКАЯ ОБЛАСТЬ,КОКШЕТАУ Г.А.
447415,"Дистилляция, ректификация и смешивание спиртных напитков",false,,136443000,883,611754000,920,126037000,846,116305000,1031,x,994,217600000,957,5,Производство напитков,АКМОЛИНСКАЯ ОБЛАСТЬ,КОКШЕТАУ Г.А.
447423,Производство пива,false,,,,5508000,920,,,,,,,,,5,Производство напитков,АКМОЛИНСКАЯ ОБЛАСТЬ,КОКШЕТАУ Г.А.
447427,"Производство безалкогольных напитков, минеральных вод и других вод в бутылках",false,,28521000,883,,,239879000,846,154222000,1031,x,994,x,957,5,Производство напитков,АКМОЛИНСКАЯ ОБЛАСТЬ,КОКШЕТАУ Г.А.
447434,Производство текстильных изделий,false,,,,50829000,920,1575956000,846,57763000,1031,2772000,994,68662000,957,3,Обрабатывающая промышленность,АКМОЛИНСКАЯ ОБЛАСТЬ,КОКШЕТАУ Г.А.
447446,Ткацкое производство,false,,,,41051000,920,,,57763000,1031,,,68662000,957,4,Производство текстильных изделий,АКМОЛИНСКАЯ ОБЛАСТЬ,КОКШЕТАУ Г.А.
447447,Ткацкое производство,false,,,,41051000,920,,,57763000,1031,,,68662000,957,5,Ткацкое производство,АКМОЛИНСКАЯ ОБЛАСТЬ,КОКШЕТАУ Г.А.
447453,Отделка тканей и текстильных изделий,false,,,,,,1100000,846,,,,,,,4,Производство текстильных изделий,АКМОЛИНСКАЯ ОБЛАСТЬ,КОКШЕТАУ Г.А.
447454,Отделка тканей и текстильных изделий,false,,,,,,1100000,846,,,,,,,5,Отделка тканей и текстильных изделий,АКМОЛИНСКАЯ ОБЛАСТЬ,КОКШЕТАУ Г.А.
447456,Производство прочих текстильных изделий,false,,,,9778000,920,1574856000,846,,,2772000,994,,,4,Производство текстильных изделий,АКМОЛИНСКАЯ ОБЛАСТЬ,КОКШЕТАУ Г.А.
447460,"Производство готовых текстильных изделий, кроме одежды",false,,,,,,741804000,846,,,2772000,994,,,5,Производство прочих текстильных изделий,АКМОЛИНСКАЯ ОБЛАСТЬ,КОКШЕТАУ Г.А.
447467,"Производство нетканых текстильных изделий, кроме одежды",false,,,,,,x,846,,,,,,,5,Производство прочих текстильных изделий,АКМОЛИНСКАЯ ОБЛАСТЬ,КОКШЕТАУ Г.А.
447469,Производство прочих текстильных изделий технического и производственного назначения,false,,,,,,x,846,,,,,,,5,Производство прочих текстильных изделий,АКМОЛИНСКАЯ ОБЛАСТЬ,КОКШЕТАУ Г.А.
447471,"Производство прочих текстильных изделий, не включенных в другие группировки ",false,,,,9778000,920,,,,,,,,,5,Производство прочих текстильных изделий,АКМОЛИНСКАЯ ОБЛАСТЬ,КОКШЕТАУ Г.А.
447508,"Производство деревянных и пробковых изделий, кроме мебели; производство изделий из соломки и материалов для плетения",false,,,,,,3344000,846,,,,,,,3,Обрабатывающая промышленность,АКМОЛИНСКАЯ ОБЛАСТЬ,КОКШЕТАУ Г.А.
447514,"Производство изделий из древесины, пробки, соломки и материалов для плетения ",false,,,,,,3344000,846,,,,,,,4,"Производство деревянных и пробковых изделий, кроме мебели; производство изделий из соломки и материалов для плетения",АКМОЛИНСКАЯ ОБЛАСТЬ,КОКШЕТАУ Г.А.
447525,"Производство прочих деревянных изделий; производство изделий из пробки, соломки и материалов для плетения",false,,,,,,3344000,846,,,,,,,5,"Производство изделий из древесины, пробки, соломки и материалов для плетения ",АКМОЛИНСКАЯ ОБЛАСТЬ,КОКШЕТАУ Г.А.
447529,Производство бумаги и бумажной продукции,false,,52372000,883,78569000,920,135710000,846,,,5713000,994,,,3,Обрабатывающая промышленность,АКМОЛИНСКАЯ ОБЛАСТЬ,КОКШЕТАУ Г.А.
447535,Производство изделий из бумаги и картона,false,,52372000,883,78569000,920,135710000,846,,,5713000,994,,,4,Производство бумаги и бумажной продукции,АКМОЛИНСКАЯ ОБЛАСТЬ,КОКШЕТАУ Г.А.
447536,"Производство гофрированной бумаги и картона, бумажной и картонной тары",false,,x,883,x,920,x,846,,,,,,,5,Производство изделий из бумаги и картона,АКМОЛИНСКАЯ ОБЛАСТЬ,КОКШЕТАУ Г.А.
447541,Производство писчебумажных изделий,false,,1072000,883,795000,920,425000,846,,,,,,,5,Производство изделий из бумаги и картона,АКМОЛИНСКАЯ ОБЛАСТЬ,КОКШЕТАУ Г.А.
447545,Производство прочих изделий из бумаги и картона,false,,,,,,,,,,5713000,994,,,5,Производство изделий из бумаги и картона,АКМОЛИНСКАЯ ОБЛАСТЬ,КОКШЕТАУ Г.А.
447547,Полиграфическая деятельность и воспроизведение записанных носителей информации,false,,,,7431000,920,459000,846,,,,,,,3,Обрабатывающая промышленность,АКМОЛИНСКАЯ ОБЛАСТЬ,КОКШЕТАУ Г.А.
447548,Полиграфическая деятельность и предоставление услуг в этой области,false,,,,7431000,920,459000,846,,,,,,,4,Полиграфическая деятельность и воспроизведение записанных носителей информации,АКМОЛИНСКАЯ ОБЛАСТЬ,КОКШЕТАУ Г.А.
447549,Печатание газет,false,,,,7431000,920,459000,846,,,,,,,5,Полиграфическая деятельность и предоставление услуг в этой области,АКМОЛИНСКАЯ ОБЛАСТЬ,КОКШЕТАУ Г.А.
447572,Производство продуктов химической промышленности,false,,,,x,920,,,x,1031,,,,,3,Обрабатывающая промышленность,АКМОЛИНСКАЯ ОБЛАСТЬ,КОКШЕТАУ Г.А.
447573,"Производство основных химических веществ, удобрений и азотных соединений, пластмасс и синтетического каучука в первичных формах",false,,,,x,920,,,,,,,,,4,Производство продуктов химической промышленности,АКМОЛИНСКАЯ ОБЛАСТЬ,КОКШЕТАУ Г.А.
447584,Производство удобрений и азотосодержащих соединений,false,,,,x,920,,,,,,,,,5,"Производство основных химических веществ, удобрений и азотных соединений, пластмасс и синтетического каучука в первичных формах",АКМОЛИНСКАЯ ОБЛАСТЬ,КОКШЕТАУ Г.А.
447603,Производство прочих химических продуктов,false,,,,,,,,x,1031,,,,,4,Производство продуктов химической промышленности,АКМОЛИНСКАЯ ОБЛАСТЬ,КОКШЕТАУ Г.А.
447611,"Производство прочих химических продуктов, не включенных в другие группировки ",false,,,,,,,,x,1031,,,,,5,Производство прочих химических продуктов,АКМОЛИНСКАЯ ОБЛАСТЬ,КОКШЕТАУ Г.А.
447628,Производство резиновых и пластмассовых изделий,false,,,,,,,,x,1031,,,436793000,957,3,Обрабатывающая промышленность,АКМОЛИНСКАЯ ОБЛАСТЬ,КОКШЕТАУ Г.А.
447636,Производство пластмассовых изделий,false,,,,,,,,x,1031,,,436793000,957,4,Производство резиновых и пластмассовых изделий,АКМОЛИНСКАЯ ОБЛАСТЬ,КОКШЕТАУ Г.А.
447639,Производство пластмассовых упаковок для товаров,false,,,,,,,,x,1031,,,436793000,957,5,Производство пластмассовых изделий,АКМОЛИНСКАЯ ОБЛАСТЬ,КОКШЕТАУ Г.А.
447646,Производство прочей не металлической минеральной продукции,false,,1820982000,883,3957616000,920,179893000,846,555480000,1031,585922000,994,239004000,957,3,Обрабатывающая промышленность,АКМОЛИНСКАЯ ОБЛАСТЬ,КОКШЕТАУ Г.А.
447664,Производство строительных материалов из глины,false,,1689284000,883,3550564000,920,134311000,846,27078000,1031,180109000,994,105599000,957,4,Производство прочей не металлической минеральной продукции,АКМОЛИНСКАЯ ОБЛАСТЬ,КОКШЕТАУ Г.А.
447667,"Производство кирпича, черепицы и прочих строительных изделий из обожженной глины",false,,1689284000,883,3550564000,920,134311000,846,27078000,1031,180109000,994,105599000,957,5,Производство строительных материалов из глины,АКМОЛИНСКАЯ ОБЛАСТЬ,КОКШЕТАУ Г.А.
447688,"Производство изделий из бетона, цемента и строительного гипса ",false,,131698000,883,407052000,920,45582000,846,220710000,1031,405813000,994,133405000,957,4,Производство прочей не металлической минеральной продукции,АКМОЛИНСКАЯ ОБЛАСТЬ,КОКШЕТАУ Г.А.
447689,Производство строительных изделий из бетона,false,,131698000,883,407052000,920,45582000,846,220710000,1031,405813000,994,133405000,957,5,"Производство изделий из бетона, цемента и строительного гипса ",АКМОЛИНСКАЯ ОБЛАСТЬ,КОКШЕТАУ Г.А.
447707,Производство абразивных изделий и прочей неметаллической минеральной продукции,false,,,,,,,,307692000,1031,,,,,4,Производство прочей не металлической минеральной продукции,АКМОЛИНСКАЯ ОБЛАСТЬ,КОКШЕТАУ Г.А.
447710,"Производство прочей неметаллической минеральной продукции, не включенной в другие группировки",false,,,,,,,,307692000,1031,,,,,5,Производство абразивных изделий и прочей неметаллической минеральной продукции,АКМОЛИНСКАЯ ОБЛАСТЬ,КОКШЕТАУ Г.А.
447717,Металлургическое производство,false,,,,,,21958000,846,62733000,1031,,,,,3,Обрабатывающая промышленность,АКМОЛИНСКАЯ ОБЛАСТЬ,КОКШЕТАУ Г.А.
447724,Производство прочих стальных изделий путем первичной обработки,false,,,,,,21958000,846,x,1031,,,,,4,Металлургическое производство,АКМОЛИНСКАЯ ОБЛАСТЬ,КОКШЕТАУ Г.А.
447729,Холодная штамповка или гибка,false,,,,,,21958000,846,x,1031,,,,,5,Производство прочих стальных изделий путем первичной обработки,АКМОЛИНСКАЯ ОБЛАСТЬ,КОКШЕТАУ Г.А.
447750,Литье металлов,false,,,,,,,,x,1031,,,,,4,Металлургическое производство,АКМОЛИНСКАЯ ОБЛАСТЬ,КОКШЕТАУ Г.А.
447754,Литье стали,false,,,,,,,,x,1031,,,,,5,Литье металлов,АКМОЛИНСКАЯ ОБЛАСТЬ,КОКШЕТАУ Г.А.
447760,"Производство готовых металлических изделий, кроме машин и оборудования",false,,6766000,883,2199000,920,49341000,846,12631000,1031,,,x,957,3,Обрабатывающая промышленность,АКМОЛИНСКАЯ ОБЛАСТЬ,КОКШЕТАУ Г.А.
447761,Производство строительных металлических конструкций и изделий,false,,6766000,883,2199000,920,49341000,846,x,1031,,,,,4,"Производство готовых металлических изделий, кроме машин и оборудования",АКМОЛИНСКАЯ ОБЛАСТЬ,КОКШЕТАУ Г.А.
447762,Производство строительных металлических конструкций и их частей,false,,6766000,883,2199000,920,49341000,846,x,1031,,,,,5,Производство строительных металлических конструкций и изделий,АКМОЛИНСКАЯ ОБЛАСТЬ,КОКШЕТАУ Г.А.
447784,Обработка металлов и нанесение покрытий на металлы; основные технологические процессы машиностроения,false,,,,,,,,x,1031,,,,,4,"Производство готовых металлических изделий, кроме машин и оборудования",АКМОЛИНСКАЯ ОБЛАСТЬ,КОКШЕТАУ Г.А.
447787,Основные технологические процессы машиностроения,false,,,,,,,,x,1031,,,,,5,Обработка металлов и нанесение покрытий на металлы; основные технологические процессы машиностроения,АКМОЛИНСКАЯ ОБЛАСТЬ,КОКШЕТАУ Г.А.
447797,Производство прочих готовых металлических изделий,false,,,,,,,,,,,,x,957,4,"Производство готовых металлических изделий, кроме машин и оборудования",АКМОЛИНСКАЯ ОБЛАСТЬ,КОКШЕТАУ Г.А.
447805,Производство крепежных и резьбовых изделий,false,,,,,,,,,,,,x,957,5,Производство прочих готовых металлических изделий,АКМОЛИНСКАЯ ОБЛАСТЬ,КОКШЕТАУ Г.А.
447881,"Производство машин и оборудования, не включенных в другие группировки ",false,,425554000,883,655164000,920,263968000,846,998008000,1031,3632730000,994,401003000,957,3,Обрабатывающая промышленность,АКМОЛИНСКАЯ ОБЛАСТЬ,КОКШЕТАУ Г.А.
447896,Производство прочих машин и оборудования общего назначения ,false,,226444000,883,291310000,920,192173000,846,102007000,1031,112988000,994,209827000,957,4,"Производство машин и оборудования, не включенных в другие группировки ",АКМОЛИНСКАЯ ОБЛАСТЬ,КОКШЕТАУ Г.А.
447900,Производство подъемно-транспортного оборудования,false,,x,883,,,,,,,x,994,,,5,Производство прочих машин и оборудования общего назначения ,АКМОЛИНСКАЯ ОБЛАСТЬ,КОКШЕТАУ Г.А.
447911,Производство промышленного холодильного и вентиляционного оборудования ,false,,223594000,883,291310000,920,171259000,846,102007000,1031,68146000,994,209827000,957,5,Производство прочих машин и оборудования общего назначения ,АКМОЛИНСКАЯ ОБЛАСТЬ,КОКШЕТАУ Г.А.
447914,"Производство прочих машин и оборудования общего назначения, не включенных в другие группировки ",false,,x,883,,,x,846,,,,,,,5,Производство прочих машин и оборудования общего назначения ,АКМОЛИНСКАЯ ОБЛАСТЬ,КОКШЕТАУ Г.А.
447922,Производство сельскохозяйственной и лесохозяйственной техники,false,,199110000,883,363854000,920,71795000,846,896001000,1031,3487106000,994,191176000,957,4,"Производство машин и оборудования, не включенных в другие группировки ",АКМОЛИНСКАЯ ОБЛАСТЬ,КОКШЕТАУ Г.А.
447923,Производство сельскохозяйственной и лесохозяйственной техники,false,,199110000,883,363854000,920,71795000,846,896001000,1031,3487106000,994,191176000,957,5,Производство сельскохозяйственной и лесохозяйственной техники,АКМОЛИНСКАЯ ОБЛАСТЬ,КОКШЕТАУ Г.А.
447938,Производство прочих машин и оборудования специального назначения ,false,,,,,,,,,,x,994,,,4,"Производство машин и оборудования, не включенных в другие группировки ",АКМОЛИНСКАЯ ОБЛАСТЬ,КОКШЕТАУ Г.А.
447947,"Производство машин и оборудования для производства и переработки продуктов питания, напитков и табачных изделий  ",false,,,,,,,,,,x,994,,,5,Производство прочих машин и оборудования специального назначения ,АКМОЛИНСКАЯ ОБЛАСТЬ,КОКШЕТАУ Г.А.
447968,"Производство автомобилей, прицепов и полуприцепов",false,,75785000,883,203008000,920,53890000,846,179195000,1031,447234000,994,939240000,957,3,Обрабатывающая промышленность,АКМОЛИНСКАЯ ОБЛАСТЬ,КОКШЕТАУ Г.А.
447969,Производство автомобилей,false,,75785000,883,203008000,920,53890000,846,179195000,1031,447234000,994,939240000,957,4,"Производство автомобилей, прицепов и полуприцепов",АКМОЛИНСКАЯ ОБЛАСТЬ,КОКШЕТАУ Г.А.
447970,Производство автомобилей,false,,75785000,883,203008000,920,53890000,846,179195000,1031,447234000,994,939240000,957,5,Производство автомобилей,АКМОЛИНСКАЯ ОБЛАСТЬ,КОКШЕТАУ Г.А.
448008,Производство мебели,false,,,,101975000,920,94400000,846,15600000,1031,,,,,3,Обрабатывающая промышленность,АКМОЛИНСКАЯ ОБЛАСТЬ,КОКШЕТАУ Г.А.
448009,Производство мебели,false,,,,101975000,920,94400000,846,15600000,1031,,,,,4,Производство мебели,АКМОЛИНСКАЯ ОБЛАСТЬ,КОКШЕТАУ Г.А.
448010,Производство мебели для офисов и предприятий торговли,false,,,,30000000,920,,,,,,,,,5,Производство мебели,АКМОЛИНСКАЯ ОБЛАСТЬ,КОКШЕТАУ Г.А.
448017,Производство прочей мебели,false,,,,71975000,920,94400000,846,15600000,1031,,,,,5,Производство мебели,АКМОЛИНСКАЯ ОБЛАСТЬ,КОКШЕТАУ Г.А.
448050,Ремонт и установка машин и оборудования,false,,345765000,883,647760000,920,196255000,846,103066000,1031,339501000,994,904573000,957,3,Обрабатывающая промышленность,АКМОЛИНСКАЯ ОБЛАСТЬ,КОКШЕТАУ Г.А.
448051,"Ремонт готовых металлических изделий, машин и оборудования",false,,345765000,883,647760000,920,196255000,846,103066000,1031,339501000,994,904573000,957,4,Ремонт и установка машин и оборудования,АКМОЛИНСКАЯ ОБЛАСТЬ,КОКШЕТАУ Г.А.
448059,Ремонт машин и оборудования,false,,345765000,883,647760000,920,196255000,846,103066000,1031,339369000,994,904573000,957,5,"Ремонт готовых металлических изделий, машин и оборудования",АКМОЛИНСКАЯ ОБЛАСТЬ,КОКШЕТАУ Г.А.
448085,Ремонт прочего оборудования,false,,,,,,,,,,x,994,,,5,"Ремонт готовых металлических изделий, машин и оборудования",АКМОЛИНСКАЯ ОБЛАСТЬ,КОКШЕТАУ Г.А.
448090,"Снабжение электроэнергией, газом, паром, горячей водой и кондиционированным воздухом",false,,9143044000,883,6832599000,920,5634635000,846,5052824000,1031,3350430000,994,1336714000,957,2,Промышленность,АКМОЛИНСКАЯ ОБЛАСТЬ,КОКШЕТАУ Г.А.
448091,"Снабжение электроэнергией, газом, паром, горячей водой и кондиционированным воздухом",false,,9143044000,883,6832599000,920,5634635000,846,5052824000,1031,3350430000,994,1336714000,957,3,"Снабжение электроэнергией, газом, паром, горячей водой и кондиционированным воздухом",АКМОЛИНСКАЯ ОБЛАСТЬ,КОКШЕТАУ Г.А.
448092,"Производство, передача и распределение электроэнергии",false,,3684434000,883,3056233000,920,2905221000,846,1894151000,1031,2545222000,994,563388000,957,4,"Снабжение электроэнергией, газом, паром, горячей водой и кондиционированным воздухом",АКМОЛИНСКАЯ ОБЛАСТЬ,КОКШЕТАУ Г.А.
448093,Производство электроэнергии,false,,x,883,x,920,x,846,x,1031,,,,,5,"Производство, передача и распределение электроэнергии",АКМОЛИНСКАЯ ОБЛАСТЬ,КОКШЕТАУ Г.А.
448098,Передача электроэнергии,false,,5492000,883,,,42239000,846,112646000,1031,17320000,994,,,5,"Производство, передача и распределение электроэнергии",АКМОЛИНСКАЯ ОБЛАСТЬ,КОКШЕТАУ Г.А.
448100,Распределение электроэнергии,false,,1711281000,883,1085230000,920,1664182000,846,1565398000,1031,2527902000,994,563388000,957,5,"Производство, передача и распределение электроэнергии",АКМОЛИНСКАЯ ОБЛАСТЬ,КОКШЕТАУ Г.А.
448104,Производство и распределение газообразного топлива по трубопроводам,false,,11182000,883,9320000,920,x,846,53092000,1031,48118000,994,x,957,4,"Снабжение электроэнергией, газом, паром, горячей водой и кондиционированным воздухом",АКМОЛИНСКАЯ ОБЛАСТЬ,КОКШЕТАУ Г.А.
448107,Распределение газообразного топлива по трубопроводам,false,,11182000,883,9320000,920,x,846,53092000,1031,48118000,994,x,957,5,Производство и распределение газообразного топлива по трубопроводам,АКМОЛИНСКАЯ ОБЛАСТЬ,КОКШЕТАУ Г.А.
448111,"Снабжение паром, горячей водой и кондиционированным воздухом",false,,5447428000,883,3767046000,920,2634631000,846,3105581000,1031,757090000,994,763277000,957,4,"Снабжение электроэнергией, газом, паром, горячей водой и кондиционированным воздухом",АКМОЛИНСКАЯ ОБЛАСТЬ,КОКШЕТАУ Г.А.
448112,"Снабжение паром, горячей водой и кондиционированным воздухом",false,,5447428000,883,3767046000,920,2634631000,846,3105581000,1031,757090000,994,763277000,957,5,"Снабжение паром, горячей водой и кондиционированным воздухом",АКМОЛИНСКАЯ ОБЛАСТЬ,КОКШЕТАУ Г.А.
448117,"Водоснабжение; сбор, обработка и удаление отходов, деятельность по ликвидации загрязнений",false,,1357059000,883,1205539000,920,576422000,846,4341391000,1031,1581912000,994,275882000,957,2,Промышленность,АКМОЛИНСКАЯ ОБЛАСТЬ,КОКШЕТАУ Г.А.
448118,"Сбор, обработка и распределение воды",false,,655417000,883,993589000,920,303786000,846,4096819000,1031,1264651000,994,70960000,957,3,"Водоснабжение; сбор, обработка и удаление отходов, деятельность по ликвидации загрязнений",АКМОЛИНСКАЯ ОБЛАСТЬ,КОКШЕТАУ Г.А.
448119,"Сбор, обработка и распределение воды",false,,655417000,883,993589000,920,303786000,846,4096819000,1031,1264651000,994,70960000,957,4,"Сбор, обработка и распределение воды",АКМОЛИНСКАЯ ОБЛАСТЬ,КОКШЕТАУ Г.А.
448120,"Сбор, обработка и распределение воды",false,,655417000,883,993589000,920,303786000,846,4096819000,1031,1264651000,994,70960000,957,5,"Сбор, обработка и распределение воды",АКМОЛИНСКАЯ ОБЛАСТЬ,КОКШЕТАУ Г.А.
448122,Сбор и обработка сточных вод,false,,701642000,883,211950000,920,272064000,846,119007000,1031,309754000,994,129142000,957,3,"Водоснабжение; сбор, обработка и удаление отходов, деятельность по ликвидации загрязнений",АКМОЛИНСКАЯ ОБЛАСТЬ,КОКШЕТАУ Г.А.
448123,Сбор и обработка сточных вод,false,,701642000,883,211950000,920,272064000,846,119007000,1031,309754000,994,129142000,957,4,Сбор и обработка сточных вод,АКМОЛИНСКАЯ ОБЛАСТЬ,КОКШЕТАУ Г.А.
448124,Сбор и обработка сточных вод,false,,701642000,883,211950000,920,272064000,846,119007000,1031,309754000,994,129142000,957,5,Сбор и обработка сточных вод,АКМОЛИНСКАЯ ОБЛАСТЬ,КОКШЕТАУ Г.А.
448126,"Сбор, обработка и удаление отходов; утилизация (восстановление) материалов",false,,,,,,x,846,125565000,1031,7507000,994,x,957,3,"Водоснабжение; сбор, обработка и удаление отходов, деятельность по ликвидации загрязнений",АКМОЛИНСКАЯ ОБЛАСТЬ,КОКШЕТАУ Г.А.
448127,Сбор отходов,false,,,,,,,,13563000,1031,577000,994,,,4,"Сбор, обработка и удаление отходов; утилизация (восстановление) материалов",АКМОЛИНСКАЯ ОБЛАСТЬ,КОКШЕТАУ Г.А.
448128,Сбор неопасных отходов,false,,,,,,,,13563000,1031,577000,994,,,5,Сбор отходов,АКМОЛИНСКАЯ ОБЛАСТЬ,КОКШЕТАУ Г.А.
448132,Обработка и удаление отходов,false,,,,,,x,846,,,,,,,4,"Сбор, обработка и удаление отходов; утилизация (восстановление) материалов",АКМОЛИНСКАЯ ОБЛАСТЬ,КОКШЕТАУ Г.А.
448133,Обработка и удаление неопасных отходов,false,,,,,,x,846,,,,,,,5,Обработка и удаление отходов,АКМОЛИНСКАЯ ОБЛАСТЬ,КОКШЕТАУ Г.А.
448137,Утилизация (восстановление) материалов ,false,,,,,,,,112002000,1031,6930000,994,x,957,4,"Сбор, обработка и удаление отходов; утилизация (восстановление) материалов",АКМОЛИНСКАЯ ОБЛАСТЬ,КОКШЕТАУ Г.А.
448140,Переработка отсортированных материалов,false,,,,,,,,112002000,1031,6930000,994,x,957,5,Утилизация (восстановление) материалов ,АКМОЛИНСКАЯ ОБЛАСТЬ,КОКШЕТАУ Г.А.
741885,Всего,false,,55085250000,883,68517728000,920,27675173000,846,25173763000,1031,25842701000,994,30360339000,957,0,,АКМОЛИНСКАЯ ОБЛАСТЬ,СТЕПНОГОРСК Г.А.
447173,"Сельское, лесное и рыбное хозяйство",false,,278693000,883,876102000,920,382373000,846,192335000,1031,121284000,994,711236000,957,1,Всего,АКМОЛИНСКАЯ ОБЛАСТЬ,СТЕПНОГОРСК Г.А.
447174,"Растениеводство и животноводство, охота и предоставление услуг в этих областях",false,,278693000,883,866763000,920,382373000,846,192335000,1031,121284000,994,693373000,957,2,"Сельское, лесное и рыбное хозяйство",АКМОЛИНСКАЯ ОБЛАСТЬ,СТЕПНОГОРСК Г.А.
447175,Выращивание одно- или двухлетних культур,false,,221998000,883,768013000,920,152727000,846,26735000,1031,32938000,994,676317000,957,3,"Растениеводство и животноводство, охота и предоставление услуг в этих областях",АКМОЛИНСКАЯ ОБЛАСТЬ,СТЕПНОГОРСК Г.А.
447176,"Выращивание зерновых (кроме риса), бобовых и масличных культур",false,,,,319956000,920,82299000,846,26735000,1031,9463000,994,156824000,957,4,Выращивание одно- или двухлетних культур,АКМОЛИНСКАЯ ОБЛАСТЬ,СТЕПНОГОРСК Г.А.
3783380,"Выращивание зерновых и зернобобовых культур, включая семеноводство",true,,,,319956000,920,82299000,846,26735000,1031,9463000,994,156824000,957,5,"Выращивание зерновых (кроме риса), бобовых и масличных культур",АКМОЛИНСКАЯ ОБЛАСТЬ,СТЕПНОГОРСК Г.А.
447181,"Выращивание овощей, бахчевых, корнеплодов и клубнеплодов",false,,113203000,883,346928000,920,67931000,846,,,23475000,994,519493000,957,4,Выращивание одно- или двухлетних культур,АКМОЛИНСКАЯ ОБЛАСТЬ,СТЕПНОГОРСК Г.А.
447182,Выращивание картофеля и посадочного материала,true,,x,883,63893000,920,,,,,6786000,994,x,957,5,"Выращивание овощей, бахчевых, корнеплодов и клубнеплодов",АКМОЛИНСКАЯ ОБЛАСТЬ,СТЕПНОГОРСК Г.А.
447183,"Выращивание овощей, их семян и рассады",true,,103203000,883,283035000,920,67931000,846,,,x,994,168179000,957,5,"Выращивание овощей, бахчевых, корнеплодов и клубнеплодов",АКМОЛИНСКАЯ ОБЛАСТЬ,СТЕПНОГОРСК Г.А.
447192,Выращивание прочих одно- или двухлетних культур,false,,108795000,883,101129000,920,x,846,,,,,,,4,Выращивание одно- или двухлетних культур,АКМОЛИНСКАЯ ОБЛАСТЬ,СТЕПНОГОРСК Г.А.
447194,"Выращивание цветов, семеноводство цветочных культур",true,,96495000,883,101129000,920,x,846,,,,,,,5,Выращивание прочих одно- или двухлетних культур,АКМОЛИНСКАЯ ОБЛАСТЬ,СТЕПНОГОРСК Г.А.
447195,"Выращивание прочих одно- или двухлетних культур, не включенных в другие группировки",true,,x,883,,,,,,,,,,,5,Выращивание прочих одно- или двухлетних культур,АКМОЛИНСКАЯ ОБЛАСТЬ,СТЕПНОГОРСК Г.А.
447196,Выращивание многолетних культур,false,,,,,,,,,,77696000,994,,,3,"Растениеводство и животноводство, охота и предоставление услуг в этих областях",АКМОЛИНСКАЯ ОБЛАСТЬ,СТЕПНОГОРСК Г.А.
447205,"Выращивание прочих плодов, ягод и орехов",false,,,,,,,,,,77696000,994,,,4,Выращивание многолетних культур,АКМОЛИНСКАЯ ОБЛАСТЬ,СТЕПНОГОРСК Г.А.
447206,"Выращивание прочих плодов, ягод и орехов",true,,,,,,,,,,77696000,994,,,5,"Выращивание прочих плодов, ягод и орехов",АКМОЛИНСКАЯ ОБЛАСТЬ,СТЕПНОГОРСК Г.А.
447218,Животноводство,false,,56225000,883,98750000,920,229646000,846,,,10650000,994,17056000,957,3,"Растениеводство и животноводство, охота и предоставление услуг в этих областях",АКМОЛИНСКАЯ ОБЛАСТЬ,СТЕПНОГОРСК Г.А.
447219,Разведение крупного рогатого скота молочного направления,false,,3700000,883,,,750000,846,,,,,2057000,957,4,Животноводство,АКМОЛИНСКАЯ ОБЛАСТЬ,СТЕПНОГОРСК Г.А.
447220,Разведение крупного рогатого скота молочного направления,true,,3700000,883,,,750000,846,,,,,2057000,957,5,Разведение крупного рогатого скота молочного направления,АКМОЛИНСКАЯ ОБЛАСТЬ,СТЕПНОГОРСК Г.А.
447221,Разведение прочего крупного рогатого скота и буйволов,false,,52525000,883,98750000,920,13896000,846,,,10650000,994,14999000,957,4,Животноводство,АКМОЛИНСКАЯ ОБЛАСТЬ,СТЕПНОГОРСК Г.А.
447222,Разведение прочего крупного рогатого скота и буйволов,true,,52525000,883,98750000,920,13896000,846,,,10650000,994,14999000,957,5,Разведение прочего крупного рогатого скота и буйволов,АКМОЛИНСКАЯ ОБЛАСТЬ,СТЕПНОГОРСК Г.А.
447228,Разведение овец и коз,false,,,,,,x,846,,,,,,,4,Животноводство,АКМОЛИНСКАЯ ОБЛАСТЬ,СТЕПНОГОРСК Г.А.
447229,Разведение овец и коз,true,,,,,,x,846,,,,,,,5,Разведение овец и коз,АКМОЛИНСКАЯ ОБЛАСТЬ,СТЕПНОГОРСК Г.А.
447239,Смешанное сельское хозяйство,false,,,,,,,,x,1031,,,,,3,"Растениеводство и животноводство, охота и предоставление услуг в этих областях",АКМОЛИНСКАЯ ОБЛАСТЬ,СТЕПНОГОРСК Г.А.
447240,Смешанное сельское хозяйство,false,,,,,,,,x,1031,,,,,4,Смешанное сельское хозяйство,АКМОЛИНСКАЯ ОБЛАСТЬ,СТЕПНОГОРСК Г.А.
447241,Смешанное сельское хозяйство,true,,,,,,,,x,1031,,,,,5,Смешанное сельское хозяйство,АКМОЛИНСКАЯ ОБЛАСТЬ,СТЕПНОГОРСК Г.А.
18683346,"Деятельность, способствующая выращиванию сельскохозяйственных культур и разведению животных и деятельность по обработке урожая",false,,470000,883,,,,,,,,,,,3,"Растениеводство и животноводство, охота и предоставление услуг в этих областях",АКМОЛИНСКАЯ ОБЛАСТЬ,СТЕПНОГОРСК Г.А.
18683354,Деятельность по обработке семян для посадки,false,,470000,883,,,,,,,,,,,4,"Деятельность, способствующая выращиванию сельскохозяйственных культур и разведению животных и деятельность по обработке урожая",АКМОЛИНСКАЯ ОБЛАСТЬ,СТЕПНОГОРСК Г.А.
18683355,Деятельность по обработке семян для посадки,true,,470000,883,,,,,,,,,,,5,Деятельность по обработке семян для посадки,АКМОЛИНСКАЯ ОБЛАСТЬ,СТЕПНОГОРСК Г.А.
447268,Рыболовство и рыбоводство,false,,,,x,920,,,,,,,17863000,957,2,"Сельское, лесное и рыбное хозяйство",АКМОЛИНСКАЯ ОБЛАСТЬ,СТЕПНОГОРСК Г.А.
447274,Рыбоводство,false,,,,x,920,,,,,,,17863000,957,3,Рыболовство и рыбоводство,АКМОЛИНСКАЯ ОБЛАСТЬ,СТЕПНОГОРСК Г.А.
447277,Пресноводное рыбоводство,false,,,,x,920,,,,,,,17863000,957,4,Рыбоводство,АКМОЛИНСКАЯ ОБЛАСТЬ,СТЕПНОГОРСК Г.А.
447278,Пресноводное рыбоводство,true,,,,x,920,,,,,,,17863000,957,5,Пресноводное рыбоводство,АКМОЛИНСКАЯ ОБЛАСТЬ,СТЕПНОГОРСК Г.А.
448148,Строительство,false,,22879000,883,58619000,920,,,,,,,x,957,1,Всего,АКМОЛИНСКАЯ ОБЛАСТЬ,СТЕПНОГОРСК Г.А.
18710963,Строительство зданий,false,,22879000,883,x,920,,,,,,,x,957,2,Строительство,АКМОЛИНСКАЯ ОБЛАСТЬ,СТЕПНОГОРСК Г.А.
18710967,Строительство жилых и нежилых зданий,false,,22879000,883,x,920,,,,,,,x,957,3,Строительство зданий,АКМОЛИНСКАЯ ОБЛАСТЬ,СТЕПНОГОРСК Г.А.
18710968,Строительство жилых и нежилых зданий,false,,22879000,883,x,920,,,,,,,x,957,4,Строительство жилых и нежилых зданий,АКМОЛИНСКАЯ ОБЛАСТЬ,СТЕПНОГОРСК Г.А.
18710969,Строительство жилых зданий,true,,x,883,,,,,,,,,,,5,Строительство жилых и нежилых зданий,АКМОЛИНСКАЯ ОБЛАСТЬ,СТЕПНОГОРСК Г.А.
18801543,"Строительство нежилых зданий, за исключением стационарных торговых объектов категорий 1, 2",true,,x,883,x,920,,,,,,,x,957,5,Строительство жилых и нежилых зданий,АКМОЛИНСКАЯ ОБЛАСТЬ,СТЕПНОГОРСК Г.А.
448177,Специализированные строительные работы,false,,,,15065000,920,,,,,,,,,2,Строительство,АКМОЛИНСКАЯ ОБЛАСТЬ,СТЕПНОГОРСК Г.А.
448187,"Монтаж и установка электрического, водопроводного и прочего оборудования",false,,,,x,920,,,,,,,,,3,Специализированные строительные работы,АКМОЛИНСКАЯ ОБЛАСТЬ,СТЕПНОГОРСК Г.А.
448192,Прочие строительно-монтажные работы,false,,,,x,920,,,,,,,,,4,"Монтаж и установка электрического, водопроводного и прочего оборудования",АКМОЛИНСКАЯ ОБЛАСТЬ,СТЕПНОГОРСК Г.А.
448194,"Прочие строительно-монтажные работы, не включенные в другие группировки",true,,,,x,920,,,,,,,,,5,Прочие строительно-монтажные работы,АКМОЛИНСКАЯ ОБЛАСТЬ,СТЕПНОГОРСК Г.А.
448207,Прочие специализированные строительные работы,false,,,,x,920,,,,,,,,,3,Специализированные строительные работы,АКМОЛИНСКАЯ ОБЛАСТЬ,СТЕПНОГОРСК Г.А.
448210,"Прочие специализированные строительные работы, не включенные в другие группировки",false,,,,x,920,,,,,,,,,4,Прочие специализированные строительные работы,АКМОЛИНСКАЯ ОБЛАСТЬ,СТЕПНОГОРСК Г.А.
448213,Аренда строительного оборудования с оператором,true,,,,x,920,,,,,,,,,5,"Прочие специализированные строительные работы, не включенные в другие группировки",АКМОЛИНСКАЯ ОБЛАСТЬ,СТЕПНОГОРСК Г.А.
448215,Оптовая и розничная торговля; ремонт автомобилей и мотоциклов,false,,54950000,883,215171000,920,11901000,846,23842000,1031,101575000,994,24787000,957,1,Всего,АКМОЛИНСКАЯ ОБЛАСТЬ,СТЕПНОГОРСК Г.А.
448216,Оптовая и розничная торговля автомобилями и мотоциклами и их ремонт,false,,,,500000,920,,,,,27992000,994,,,2,Оптовая и розничная торговля; ремонт автомобилей и мотоциклов,АКМОЛИНСКАЯ ОБЛАСТЬ,СТЕПНОГОРСК Г.А.
448224,Техническое обслуживание и ремонт автомобилей,false,,,,,,,,,,27992000,994,,,3,Оптовая и розничная торговля автомобилями и мотоциклами и их ремонт,АКМОЛИНСКАЯ ОБЛАСТЬ,СТЕПНОГОРСК Г.А.
448225,Техническое обслуживание и ремонт автомобилей,false,,,,,,,,,,27992000,994,,,4,Техническое обслуживание и ремонт автомобилей,АКМОЛИНСКАЯ ОБЛАСТЬ,СТЕПНОГОРСК Г.А.
20575904,"Техническое обслуживание и ремонт автомобилей, за исключением произведенных станциями технического обслуживания, находящимися на придорожной полосе",true,,,,,,,,,,27992000,994,,,5,Техническое обслуживание и ремонт автомобилей,АКМОЛИНСКАЯ ОБЛАСТЬ,СТЕПНОГОРСК Г.А.
448227,"Торговля автомобильными деталями, узлами и принадлежностями",false,,,,500000,920,,,,,,,,,3,Оптовая и розничная торговля автомобилями и мотоциклами и их ремонт,АКМОЛИНСКАЯ ОБЛАСТЬ,СТЕПНОГОРСК Г.А.
448230,"Розничная торговля автомобильными деталями, узлами и принадлежностями",false,,,,500000,920,,,,,,,,,4,"Торговля автомобильными деталями, узлами и принадлежностями",АКМОЛИНСКАЯ ОБЛАСТЬ,СТЕПНОГОРСК Г.А.
18951438,"Розничная торговля автомобильными деталями, узлами и принадлежностями в торговых объектах с торговой площадью менее 2000 кв.м",true,,,,500000,920,,,,,,,,,5,"Розничная торговля автомобильными деталями, узлами и принадлежностями",АКМОЛИНСКАЯ ОБЛАСТЬ,СТЕПНОГОРСК Г.А.
448237,"Оптовая торговля, за исключением торговли автомобилями и мотоциклами",false,,24179000,883,55116000,920,10770000,846,9371000,1031,8504000,994,3165000,957,2,Оптовая и розничная торговля; ремонт автомобилей и мотоциклов,АКМОЛИНСКАЯ ОБЛАСТЬ,СТЕПНОГОРСК Г.А.
448267,"Оптовая торговля продуктами питания, напитками и табачными изделиями",false,,x,883,x,920,x,846,x,1031,x,994,x,957,3,"Оптовая торговля, за исключением торговли автомобилями и мотоциклами",АКМОЛИНСКАЯ ОБЛАСТЬ,СТЕПНОГОРСК Г.А.
448285,"Неспециализированная оптовая торговля продуктами питания, напитками и табачными изделиями",false,,x,883,x,920,x,846,x,1031,x,994,x,957,4,"Оптовая торговля продуктами питания, напитками и табачными изделиями",АКМОЛИНСКАЯ ОБЛАСТЬ,СТЕПНОГОРСК Г.А.
448286,"Неспециализированная оптовая торговля продуктами питания, напитками и табачными изделиями",true,,x,883,x,920,x,846,x,1031,x,994,x,957,5,"Неспециализированная оптовая торговля продуктами питания, напитками и табачными изделиями",АКМОЛИНСКАЯ ОБЛАСТЬ,СТЕПНОГОРСК Г.А.
448316,"Оптовая торговля прочими машинами, оборудованием и деталями и принадлежностями к ним",false,,,,,,x,846,,,,,,,3,"Оптовая торговля, за исключением торговли автомобилями и мотоциклами",АКМОЛИНСКАЯ ОБЛАСТЬ,СТЕПНОГОРСК Г.А.
448329,Оптовая торговля прочими машинами и оборудованием,false,,,,,,x,846,,,,,,,4,"Оптовая торговля прочими машинами, оборудованием и деталями и принадлежностями к ним",АКМОЛИНСКАЯ ОБЛАСТЬ,СТЕПНОГОРСК Г.А.
448330,Оптовая торговля прочими машинами и оборудованием,true,,,,,,x,846,,,,,,,5,Оптовая торговля прочими машинами и оборудованием,АКМОЛИНСКАЯ ОБЛАСТЬ,СТЕПНОГОРСК Г.А.
448331,Прочая специализированная оптовая торговля ,false,,x,883,42098000,920,8312000,846,x,1031,2585000,994,,,3,"Оптовая торговля, за исключением торговли автомобилями и мотоциклами",АКМОЛИНСКАЯ ОБЛАСТЬ,СТЕПНОГОРСК Г.А.
448332,"Оптовая торговля твердым, жидким и газообразным топливом и подобными продуктами",false,,,,,,4820000,846,,,,,,,4,Прочая специализированная оптовая торговля ,АКМОЛИНСКАЯ ОБЛАСТЬ,СТЕПНОГОРСК Г.А.
448334,Оптовая торговля природным (горючим) газом,true,,,,,,4820000,846,,,,,,,5,"Оптовая торговля твердым, жидким и газообразным топливом и подобными продуктами",АКМОЛИНСКАЯ ОБЛАСТЬ,СТЕПНОГОРСК Г.А.
448356,"Оптовая торговля скобяными изделиями, водопроводным и отопительным оборудованием и  инвентарем",false,,x,883,42098000,920,x,846,x,1031,2585000,994,,,4,Прочая специализированная оптовая торговля ,АКМОЛИНСКАЯ ОБЛАСТЬ,СТЕПНОГОРСК Г.А.
448357,"Оптовая торговля скобяными изделиями, водопроводным и отопительным оборудованием и  инвентарем",true,,x,883,42098000,920,x,846,x,1031,2585000,994,,,5,"Оптовая торговля скобяными изделиями, водопроводным и отопительным оборудованием и  инвентарем",АКМОЛИНСКАЯ ОБЛАСТЬ,СТЕПНОГОРСК Г.А.
448367,Оптовая торговля отходами и ломом,false,,,,,,x,846,,,,,,,4,Прочая специализированная оптовая торговля ,АКМОЛИНСКАЯ ОБЛАСТЬ,СТЕПНОГОРСК Г.А.
448368,Оптовая торговля ломом и отходами черных и цветных металлов,true,,,,,,x,846,,,,,,,5,Оптовая торговля отходами и ломом,АКМОЛИНСКАЯ ОБЛАСТЬ,СТЕПНОГОРСК Г.А.
448371,Неспециализированная оптовая торговля,false,,1073000,883,12841000,920,1234000,846,3609000,1031,5797000,994,3091000,957,3,"Оптовая торговля, за исключением торговли автомобилями и мотоциклами",АКМОЛИНСКАЯ ОБЛАСТЬ,СТЕПНОГОРСК Г.А.
448372,Неспециализированная оптовая торговля,false,,1073000,883,12841000,920,1234000,846,3609000,1031,5797000,994,3091000,957,4,Неспециализированная оптовая торговля,АКМОЛИНСКАЯ ОБЛАСТЬ,СТЕПНОГОРСК Г.А.
448376,Оптовая торговля широким ассортиментом товаров без какой-либо конкретизации,true,,1073000,883,12841000,920,1234000,846,3609000,1031,5797000,994,3091000,957,5,Неспециализированная оптовая торговля,АКМОЛИНСКАЯ ОБЛАСТЬ,СТЕПНОГОРСК Г.А.
448377,"Розничная торговля, кроме торговли автомобилями и мотоциклами",false,,30771000,883,159555000,920,1131000,846,14471000,1031,65079000,994,21622000,957,2,Оптовая и розничная торговля; ремонт автомобилей и мотоциклов,АКМОЛИНСКАЯ ОБЛАСТЬ,СТЕПНОГОРСК Г.А.
448378,Розничная торговля в неспециализированных магазинах,false,,7000000,883,30000000,920,x,846,,,65000000,994,20000000,957,3,"Розничная торговля, кроме торговли автомобилями и мотоциклами",АКМОЛИНСКАЯ ОБЛАСТЬ,СТЕПНОГОРСК Г.А.
448379,"Розничная торговля в неспециализированных магазинах преимущественно продуктами питания, напитками и табачными изделиями",false,,7000000,883,30000000,920,,,,,,,,,4,Розничная торговля в неспециализированных магазинах,АКМОЛИНСКАЯ ОБЛАСТЬ,СТЕПНОГОРСК Г.А.
3647934,"Розничная торговля преимущественно продуктами питания, напитками и табачными изделиями в неспециализированных магазинах, являющихся торговыми объектами, с торговой площадью менее 2000 кв.м ",true,,7000000,883,30000000,920,,,,,,,,,5,"Розничная торговля в неспециализированных магазинах преимущественно продуктами питания, напитками и табачными изделиями",АКМОЛИНСКАЯ ОБЛАСТЬ,СТЕПНОГОРСК Г.А.
448381,Прочая розничная торговля в неспециализированных магазинах,false,,,,,,x,846,,,65000000,994,20000000,957,4,Розничная торговля в неспециализированных магазинах,АКМОЛИНСКАЯ ОБЛАСТЬ,СТЕПНОГОРСК Г.А.
3647936,"Прочая розничная торговля в неспециализированных магазинах, являющихся торговыми объектами, с торговой площадью менее 2000 кв.м ",true,,,,,,x,846,,,65000000,994,20000000,957,5,Прочая розничная торговля в неспециализированных магазинах,АКМОЛИНСКАЯ ОБЛАСТЬ,СТЕПНОГОРСК Г.А.
448399,Розничная торговля топливом в специализированных магазинах,false,,,,x,920,,,14111000,1031,,,x,957,3,"Розничная торговля, кроме торговли автомобилями и мотоциклами",АКМОЛИНСКАЯ ОБЛАСТЬ,СТЕПНОГОРСК Г.А.
448400,Розничная торговля топливом в специализированных магазинах,false,,,,x,920,,,14111000,1031,,,x,957,4,Розничная торговля топливом в специализированных магазинах,АКМОЛИНСКАЯ ОБЛАСТЬ,СТЕПНОГОРСК Г.А.
20576124,"Розничная торговля моторным топливом в специализированных магазинах, за исключением находящихся на придорожной полосе",true,,,,x,920,,,14111000,1031,,,x,957,5,Розничная торговля топливом в специализированных магазинах,АКМОЛИНСКАЯ ОБЛАСТЬ,СТЕПНОГОРСК Г.А.
448409,Розничная торговля прочими бытовыми товарами в специализированных магазинах ,false,,22000000,883,x,920,,,,,x,994,x,957,3,"Розничная торговля, кроме торговли автомобилями и мотоциклами",АКМОЛИНСКАЯ ОБЛАСТЬ,СТЕПНОГОРСК Г.А.
448412,"Розничная торговля скобяными изделиями, лакокрасочными материалами и стеклом в специализированных магазинах",false,,22000000,883,,,,,,,,,,,4,Розничная торговля прочими бытовыми товарами в специализированных магазинах ,АКМОЛИНСКАЯ ОБЛАСТЬ,СТЕПНОГОРСК Г.А.
18946140,"Розничная торговля скобяными изделиями, лакокрасочными материалами и стеклом в специализированных магазинах, являющихся торговыми объектами, с торговой площадью менее 2000 кв.м",true,,22000000,883,,,,,,,,,,,5,"Розничная торговля скобяными изделиями, лакокрасочными материалами и стеклом в специализированных магазинах",АКМОЛИНСКАЯ ОБЛАСТЬ,СТЕПНОГОРСК Г.А.
448416,Розничная торговля электрическими бытовыми приборами в специализированных магазинах,false,,,,x,920,,,,,x,994,x,957,4,Розничная торговля прочими бытовыми товарами в специализированных магазинах ,АКМОЛИНСКАЯ ОБЛАСТЬ,СТЕПНОГОРСК Г.А.
3647962,"Розничная торговля электрическими бытовыми приборами в специализированных магазинах, являющихся торговыми объектами, с торговой площадью менее 2000 кв.м",true,,,,x,920,,,,,x,994,x,957,5,Розничная торговля электрическими бытовыми приборами в специализированных магазинах,АКМОЛИНСКАЯ ОБЛАСТЬ,СТЕПНОГОРСК Г.А.
448433,Розничная торговля прочими товарами в специализированных магазинах,false,,1771000,883,981000,920,x,846,360000,1031,,,x,957,3,"Розничная торговля, кроме торговли автомобилями и мотоциклами",АКМОЛИНСКАЯ ОБЛАСТЬ,СТЕПНОГОРСК Г.А.
448437,Розничная торговля обувью и кожаными изделиями в специализированных магазинах,false,,,,x,920,,,360000,1031,,,x,957,4,Розничная торговля прочими товарами в специализированных магазинах,АКМОЛИНСКАЯ ОБЛАСТЬ,СТЕПНОГОРСК Г.А.
448438,"Розничная торговля обувью в специализированных магазинах, являющихся торговыми объектами, с торговой площадью менее 2000 кв.м",true,,,,x,920,,,360000,1031,,,x,957,5,Розничная торговля обувью и кожаными изделиями в специализированных магазинах,АКМОЛИНСКАЯ ОБЛАСТЬ,СТЕПНОГОРСК Г.А.
448440,Розничная торговля фармацевтическими товарами в специализированных магазинах,false,,1771000,883,x,920,x,846,,,,,,,4,Розничная торговля прочими товарами в специализированных магазинах,АКМОЛИНСКАЯ ОБЛАСТЬ,СТЕПНОГОРСК Г.А.
3647981,"Розничная торговля фармацевтическими товарами в специализированных магазинах, являющихся торговыми объектами, с торговой площадью менее 2000 кв.м",true,,1771000,883,x,920,x,846,,,,,,,5,Розничная торговля фармацевтическими товарами в специализированных магазинах,АКМОЛИНСКАЯ ОБЛАСТЬ,СТЕПНОГОРСК Г.А.
448475,Транспорт и складирование,false,,559288000,883,1053392000,920,395275000,846,307751000,1031,757016000,994,1035219000,957,1,Всего,АКМОЛИНСКАЯ ОБЛАСТЬ,СТЕПНОГОРСК Г.А.
448476,Деятельность сухопутного и трубопроводного транспорта ,false,,152661000,883,584906000,920,333830000,846,x,1031,651694000,994,995655000,957,2,Транспорт и складирование,АКМОЛИНСКАЯ ОБЛАСТЬ,СТЕПНОГОРСК Г.А.
448483,Деятельность прочего пассажирского сухопутного транспорта,false,,,,,,x,846,,,,,,,3,Деятельность сухопутного и трубопроводного транспорта ,АКМОЛИНСКАЯ ОБЛАСТЬ,СТЕПНОГОРСК Г.А.
448484,Деятельность сухопутного транспорта по городским и пригородным пассажирским перевозкам,false,,,,,,x,846,,,,,,,4,Деятельность прочего пассажирского сухопутного транспорта,АКМОЛИНСКАЯ ОБЛАСТЬ,СТЕПНОГОРСК Г.А.
448485,Перевозки автобусами,true,,,,,,x,846,,,,,,,5,Деятельность сухопутного транспорта по городским и пригородным пассажирским перевозкам,АКМОЛИНСКАЯ ОБЛАСТЬ,СТЕПНОГОРСК Г.А.
448494,Деятельность грузового автомобильного транспорта и предоставление услуг по переезду ,false,,152661000,883,584906000,920,333770000,846,x,1031,651694000,994,995655000,957,3,Деятельность сухопутного и трубопроводного транспорта ,АКМОЛИНСКАЯ ОБЛАСТЬ,СТЕПНОГОРСК Г.А.
448495,Деятельность грузового автомобильного транспорта,false,,152661000,883,584906000,920,333770000,846,x,1031,651694000,994,995655000,957,4,Деятельность грузового автомобильного транспорта и предоставление услуг по переезду ,АКМОЛИНСКАЯ ОБЛАСТЬ,СТЕПНОГОРСК Г.А.
448496,Деятельность грузового автомобильного транспорта,true,,152661000,883,584906000,920,333770000,846,x,1031,651694000,994,995655000,957,5,Деятельность грузового автомобильного транспорта,АКМОЛИНСКАЯ ОБЛАСТЬ,СТЕПНОГОРСК Г.А.
448527,Складирование грузов и вспомогательная транспортная деятельность,false,,406627000,883,468486000,920,61445000,846,96805000,1031,105322000,994,39564000,957,2,Транспорт и складирование,АКМОЛИНСКАЯ ОБЛАСТЬ,СТЕПНОГОРСК Г.А.
448528,Складирование и хранение грузов,false,,39507000,883,,,,,,,,,,,3,Складирование грузов и вспомогательная транспортная деятельность,АКМОЛИНСКАЯ ОБЛАСТЬ,СТЕПНОГОРСК Г.А.
448529,Складирование и хранение грузов,false,,39507000,883,,,,,,,,,,,4,Складирование и хранение грузов,АКМОЛИНСКАЯ ОБЛАСТЬ,СТЕПНОГОРСК Г.А.
20576309,Складирование и хранение овощей и фруктов,true,,39507000,883,,,,,,,,,,,5,Складирование и хранение грузов,АКМОЛИНСКАЯ ОБЛАСТЬ,СТЕПНОГОРСК Г.А.
448533,Вспомогательная транспортная деятельность,false,,367120000,883,468486000,920,61445000,846,96805000,1031,105322000,994,39564000,957,3,Складирование грузов и вспомогательная транспортная деятельность,АКМОЛИНСКАЯ ОБЛАСТЬ,СТЕПНОГОРСК Г.А.
448534,Вспомогательная деятельность сухопутного транспорта,false,,367120000,883,300834000,920,61445000,846,77544000,1031,99944000,994,25776000,957,4,Вспомогательная транспортная деятельность,АКМОЛИНСКАЯ ОБЛАСТЬ,СТЕПНОГОРСК Г.А.
448535,Эксплуатация железных дорог,true,,15619000,883,8482000,920,x,846,11357000,1031,94724000,994,4776000,957,5,Вспомогательная деятельность сухопутного транспорта,АКМОЛИНСКАЯ ОБЛАСТЬ,СТЕПНОГОРСК Г.А.
448536,Эксплуатация автомобильных дорог,true,,x,883,262352000,920,x,846,66187000,1031,,,,,5,Вспомогательная деятельность сухопутного транспорта,АКМОЛИНСКАЯ ОБЛАСТЬ,СТЕПНОГОРСК Г.А.
448537,Деятельность терминалов,true,,,,,,x,846,,,,,,,5,Вспомогательная деятельность сухопутного транспорта,АКМОЛИНСКАЯ ОБЛАСТЬ,СТЕПНОГОРСК Г.А.
448538,Деятельность автомобильных стоянок,true,,,,30000000,920,,,,,,,21000000,957,5,Вспомогательная деятельность сухопутного транспорта,АКМОЛИНСКАЯ ОБЛАСТЬ,СТЕПНОГОРСК Г.А.
448539,Прочая вспомогательная деятельность сухопутного транспорта ,true,,,,,,,,,,5220000,994,,,5,Вспомогательная деятельность сухопутного транспорта,АКМОЛИНСКАЯ ОБЛАСТЬ,СТЕПНОГОРСК Г.А.
448545,Транспортная обработка грузов,false,,,,61197000,920,,,,,,,x,957,4,Вспомогательная транспортная деятельность,АКМОЛИНСКАЯ ОБЛАСТЬ,СТЕПНОГОРСК Г.А.
448546,Транспортная обработка грузов,true,,,,61197000,920,,,,,,,x,957,5,Транспортная обработка грузов,АКМОЛИНСКАЯ ОБЛАСТЬ,СТЕПНОГОРСК Г.А.
448547,Прочая вспомогательная транспортная деятельность,false,,,,106455000,920,,,19261000,1031,5378000,994,4403000,957,4,Вспомогательная транспортная деятельность,АКМОЛИНСКАЯ ОБЛАСТЬ,СТЕПНОГОРСК Г.А.
448550,Прочая транспортно-экспедиционная деятельность,true,,,,106455000,920,,,19261000,1031,5378000,994,4403000,957,5,Прочая вспомогательная транспортная деятельность,АКМОЛИНСКАЯ ОБЛАСТЬ,СТЕПНОГОРСК Г.А.
448558,Предоставление услуг по проживанию и питанию,false,,,,341591000,920,117000,846,,,579469000,994,5301907000,957,1,Всего,АКМОЛИНСКАЯ ОБЛАСТЬ,СТЕПНОГОРСК Г.А.
3783427,Предоставление услуг по временному проживанию,false,,,,341591000,920,117000,846,,,579469000,994,5301907000,957,2,Предоставление услуг по проживанию и питанию,АКМОЛИНСКАЯ ОБЛАСТЬ,СТЕПНОГОРСК Г.А.
3783428,Предоставление услуг гостиницами и аналогичными местами для проживания,false,,,,,,117000,846,,,,,,,3,Предоставление услуг по временному проживанию,АКМОЛИНСКАЯ ОБЛАСТЬ,СТЕПНОГОРСК Г.А.
3783429,Предоставление услуг гостиницами и аналогичными местами для проживания,false,,,,,,117000,846,,,,,,,4,Предоставление услуг гостиницами и аналогичными местами для проживания,АКМОЛИНСКАЯ ОБЛАСТЬ,СТЕПНОГОРСК Г.А.
3783430,"Предоставление услуг гостиницами с ресторанами, за исключением гостиниц, находящихся на придорожной полосе",true,,,,,,117000,846,,,,,,,5,Предоставление услуг гостиницами и аналогичными местами для проживания,АКМОЛИНСКАЯ ОБЛАСТЬ,СТЕПНОГОРСК Г.А.
3783441,Предоставление услуг прочими местами для проживания,false,,,,341591000,920,,,,,579469000,994,5301907000,957,3,Предоставление услуг по временному проживанию,АКМОЛИНСКАЯ ОБЛАСТЬ,СТЕПНОГОРСК Г.А.
3783442,Предоставление услуг прочими местами для проживания,false,,,,341591000,920,,,,,579469000,994,5301907000,957,4,Предоставление услуг прочими местами для проживания,АКМОЛИНСКАЯ ОБЛАСТЬ,СТЕПНОГОРСК Г.А.
20576357,"Предоставление услуг прочими местами для проживания, не включенными в другие категории",true,,,,341591000,920,,,,,579469000,994,5301907000,957,5,Предоставление услуг прочими местами для проживания,АКМОЛИНСКАЯ ОБЛАСТЬ,СТЕПНОГОРСК Г.А.
448585,Информация и связь,false,,337244000,883,24507000,920,119718000,846,x,1031,807000,994,13180000,957,1,Всего,АКМОЛИНСКАЯ ОБЛАСТЬ,СТЕПНОГОРСК Г.А.
448623,Телекоммуникации,false,,337244000,883,x,920,119616000,846,x,1031,x,994,13180000,957,2,Информация и связь,АКМОЛИНСКАЯ ОБЛАСТЬ,СТЕПНОГОРСК Г.А.
18696628,Проводная телекоммуникационная связь,false,,,,,,26934000,846,,,,,,,3,Телекоммуникации,АКМОЛИНСКАЯ ОБЛАСТЬ,СТЕПНОГОРСК Г.А.
18696629,Проводная телекоммуникационная связь,false,,,,,,26934000,846,,,,,,,4,Проводная телекоммуникационная связь,АКМОЛИНСКАЯ ОБЛАСТЬ,СТЕПНОГОРСК Г.А.
18946146,Прочая проводная телекоммуникационная связь,true,,,,,,26934000,846,,,,,,,5,Проводная телекоммуникационная связь,АКМОЛИНСКАЯ ОБЛАСТЬ,СТЕПНОГОРСК Г.А.
448627,Беспроводная телекоммуникационная связь,false,,189295000,883,,,82944000,846,,,,,5775000,957,3,Телекоммуникации,АКМОЛИНСКАЯ ОБЛАСТЬ,СТЕПНОГОРСК Г.А.
448628,Беспроводная телекоммуникационная связь,false,,189295000,883,,,82944000,846,,,,,5775000,957,4,Беспроводная телекоммуникационная связь,АКМОЛИНСКАЯ ОБЛАСТЬ,СТЕПНОГОРСК Г.А.
18946149,Прочая беспроводная телекоммуникационная связь,true,,189295000,883,,,82944000,846,,,,,5775000,957,5,Беспроводная телекоммуникационная связь,АКМОЛИНСКАЯ ОБЛАСТЬ,СТЕПНОГОРСК Г.А.
448633,Прочая деятельность в области телекоммуникаций,false,,147949000,883,x,920,x,846,x,1031,x,994,x,957,3,Телекоммуникации,АКМОЛИНСКАЯ ОБЛАСТЬ,СТЕПНОГОРСК Г.А.
448634,Прочая деятельность в области телекоммуникаций,false,,147949000,883,x,920,x,846,x,1031,x,994,x,957,4,Прочая деятельность в области телекоммуникаций,АКМОЛИНСКАЯ ОБЛАСТЬ,СТЕПНОГОРСК Г.А.
18946154,"Прочая деятельность в области телекоммуникаций, не включенная в другие группировки",true,,147949000,883,x,920,x,846,x,1031,x,994,x,957,5,Прочая деятельность в области телекоммуникаций,АКМОЛИНСКАЯ ОБЛАСТЬ,СТЕПНОГОРСК Г.А.
448636,"Компьютерное программирование, консультационные и другие сопутствующие услуги",false,,,,x,920,x,846,,,93000,994,,,2,Информация и связь,АКМОЛИНСКАЯ ОБЛАСТЬ,СТЕПНОГОРСК Г.А.
448637,"Компьютерное программирование, консультационные и другие сопутствующие услуги",false,,,,x,920,x,846,,,93000,994,,,3,"Компьютерное программирование, консультационные и другие сопутствующие услуги",АКМОЛИНСКАЯ ОБЛАСТЬ,СТЕПНОГОРСК Г.А.
448638,Деятельность в области компьютерного программирования,false,,,,x,920,,,,,93000,994,,,4,"Компьютерное программирование, консультационные и другие сопутствующие услуги",АКМОЛИНСКАЯ ОБЛАСТЬ,СТЕПНОГОРСК Г.А.
448640,Сопровождение программного обеспечения,true,,,,x,920,,,,,93000,994,,,5,Деятельность в области компьютерного программирования,АКМОЛИНСКАЯ ОБЛАСТЬ,СТЕПНОГОРСК Г.А.
448645,Другие виды деятельности в области информационных технологий и информационных систем,false,,,,,,x,846,,,,,,,4,"Компьютерное программирование, консультационные и другие сопутствующие услуги",АКМОЛИНСКАЯ ОБЛАСТЬ,СТЕПНОГОРСК Г.А.
18946160,Другие виды деятельности в области информационных технологий и информационных систем,true,,,,,,x,846,,,,,,,5,Другие виды деятельности в области информационных технологий и информационных систем,АКМОЛИНСКАЯ ОБЛАСТЬ,СТЕПНОГОРСК Г.А.
448658,Финансовая и страховая деятельность,false,,3701000,883,3371000,920,x,846,,,,,,,1,Всего,АКМОЛИНСКАЯ ОБЛАСТЬ,СТЕПНОГОРСК Г.А.
448659,"Финансовое посредничество, кроме страхования и пенсионного обеспечения",false,,3701000,883,3371000,920,x,846,,,,,,,2,Финансовая и страховая деятельность,АКМОЛИНСКАЯ ОБЛАСТЬ,СТЕПНОГОРСК Г.А.
448660,Денежное посредничество,false,,x,883,3371000,920,x,846,,,,,,,3,"Финансовое посредничество, кроме страхования и пенсионного обеспечения",АКМОЛИНСКАЯ ОБЛАСТЬ,СТЕПНОГОРСК Г.А.
448663,Прочее денежное посредничество,false,,x,883,3371000,920,x,846,,,,,,,4,Денежное посредничество,АКМОЛИНСКАЯ ОБЛАСТЬ,СТЕПНОГОРСК Г.А.
18946163,"Деятельность банков, за исключением, банка, являющегося национальным институтом развития, и его дочерней организации-лизингодателя",true,,x,883,3371000,920,x,846,,,,,,,5,Прочее денежное посредничество,АКМОЛИНСКАЯ ОБЛАСТЬ,СТЕПНОГОРСК Г.А.
448673,"Прочее финансовое посредничество, кроме страхования и пенсионного обеспечения",false,,x,883,,,,,,,,,,,3,"Финансовое посредничество, кроме страхования и пенсионного обеспечения",АКМОЛИНСКАЯ ОБЛАСТЬ,СТЕПНОГОРСК Г.А.
448676,Прочие виды кредитования,false,,x,883,,,,,,,,,,,4,"Прочее финансовое посредничество, кроме страхования и пенсионного обеспечения",АКМОЛИНСКАЯ ОБЛАСТЬ,СТЕПНОГОРСК Г.А.
448677,Деятельность ломбардов,true,,x,883,,,,,,,,,,,5,Прочие виды кредитования,АКМОЛИНСКАЯ ОБЛАСТЬ,СТЕПНОГОРСК Г.А.
448714,Операции с недвижимым имуществом,false,,873427000,883,579593000,920,906247000,846,1132103000,1031,826621000,994,1500509000,957,1,Всего,АКМОЛИНСКАЯ ОБЛАСТЬ,СТЕПНОГОРСК Г.А.
448715,Операции с недвижимым имуществом,false,,873427000,883,579593000,920,906247000,846,1132103000,1031,826621000,994,1500509000,957,2,Операции с недвижимым имуществом,АКМОЛИНСКАЯ ОБЛАСТЬ,СТЕПНОГОРСК Г.А.
448716,Покупка и продажа собственного недвижимого имущества ,false,,729848000,883,460290000,920,796654000,846,163766000,1031,681453000,994,1417032000,957,3,Операции с недвижимым имуществом,АКМОЛИНСКАЯ ОБЛАСТЬ,СТЕПНОГОРСК Г.А.
448717,Покупка и продажа собственного недвижимого имущества ,false,,729848000,883,460290000,920,796654000,846,163766000,1031,681453000,994,1417032000,957,4,Покупка и продажа собственного недвижимого имущества ,АКМОЛИНСКАЯ ОБЛАСТЬ,СТЕПНОГОРСК Г.А.
543091,Покупка и продажа многоквартирных и жилых домов (особняков),true,,729848000,883,460290000,920,796654000,846,163766000,1031,681453000,994,1417032000,957,5,Покупка и продажа собственного недвижимого имущества ,АКМОЛИНСКАЯ ОБЛАСТЬ,СТЕПНОГОРСК Г.А.
448719,Аренда и управление собственной или арендуемой недвижимостью,false,,143579000,883,119303000,920,109593000,846,968337000,1031,145168000,994,x,957,3,Операции с недвижимым имуществом,АКМОЛИНСКАЯ ОБЛАСТЬ,СТЕПНОГОРСК Г.А.
448720,Аренда и управление собственной или арендуемой недвижимостью,false,,143579000,883,119303000,920,109593000,846,968337000,1031,145168000,994,x,957,4,Аренда и управление собственной или арендуемой недвижимостью,АКМОЛИНСКАЯ ОБЛАСТЬ,СТЕПНОГОРСК Г.А.
18946171,Аренда и управление собственной недвижимостью,true,,143579000,883,119303000,920,109593000,846,,,145168000,994,x,957,5,Аренда и управление собственной или арендуемой недвижимостью,АКМОЛИНСКАЯ ОБЛАСТЬ,СТЕПНОГОРСК Г.А.
448728,"Профессиональная, научная и техническая деятельность",false,,28765000,883,2590000,920,318637000,846,169991000,1031,113940000,994,84066000,957,1,Всего,АКМОЛИНСКАЯ ОБЛАСТЬ,СТЕПНОГОРСК Г.А.
448747,"Деятельность в области архитектуры, инженерных изысканий, технических испытаний и анализа",false,,x,883,2590000,920,237380000,846,119193000,1031,83858000,994,84066000,957,2,"Профессиональная, научная и техническая деятельность",АКМОЛИНСКАЯ ОБЛАСТЬ,СТЕПНОГОРСК Г.А.
448748,"Деятельность в области архитектуры, инженерных изысканий и предоставление технических консультаций в этих областях",false,,x,883,,,237318000,846,115346000,1031,83495000,994,84066000,957,3,"Деятельность в области архитектуры, инженерных изысканий, технических испытаний и анализа",АКМОЛИНСКАЯ ОБЛАСТЬ,СТЕПНОГОРСК Г.А.
448751,Деятельность в области инженерных изысканий и предоставление технических консультаций в этой области,false,,x,883,,,237318000,846,115346000,1031,83495000,994,84066000,957,4,"Деятельность в области архитектуры, инженерных изысканий и предоставление технических консультаций в этих областях",АКМОЛИНСКАЯ ОБЛАСТЬ,СТЕПНОГОРСК Г.А.
18951463,"Деятельность в области инженерно-технического проектирования, за исключением объектов атомной промышленности и атомной энергетики",true,,,,,,,,,,x,994,,,5,Деятельность в области инженерных изысканий и предоставление технических консультаций в этой области,АКМОЛИНСКАЯ ОБЛАСТЬ,СТЕПНОГОРСК Г.А.
448753,Деятельность по проведению геологической разведки и изысканий (без научных исследований и разработок),true,,x,883,,,237318000,846,115346000,1031,81995000,994,84066000,957,5,Деятельность в области инженерных изысканий и предоставление технических консультаций в этой области,АКМОЛИНСКАЯ ОБЛАСТЬ,СТЕПНОГОРСК Г.А.
448756,Технические испытания и анализы,false,,,,2590000,920,x,846,x,1031,363000,994,,,3,"Деятельность в области архитектуры, инженерных изысканий, технических испытаний и анализа",АКМОЛИНСКАЯ ОБЛАСТЬ,СТЕПНОГОРСК Г.А.
448757,Технические испытания и анализы,false,,,,2590000,920,x,846,x,1031,363000,994,,,4,Технические испытания и анализы,АКМОЛИНСКАЯ ОБЛАСТЬ,СТЕПНОГОРСК Г.А.
448760,"Деятельность прочих учреждений, осуществляющих технические испытания и анализы",true,,,,2590000,920,x,846,x,1031,363000,994,,,5,Технические испытания и анализы,АКМОЛИНСКАЯ ОБЛАСТЬ,СТЕПНОГОРСК Г.А.
448761,Научные исследования и разработки,false,,x,883,,,81257000,846,50798000,1031,x,994,,,2,"Профессиональная, научная и техническая деятельность",АКМОЛИНСКАЯ ОБЛАСТЬ,СТЕПНОГОРСК Г.А.
448762,Научные исследования и экспериментальные разработки в области естественных и технических наук ,false,,x,883,,,81257000,846,50798000,1031,x,994,,,3,Научные исследования и разработки,АКМОЛИНСКАЯ ОБЛАСТЬ,СТЕПНОГОРСК Г.А.
448763,Научные исследования и экспериментальные разработки в области биотехнологий,false,,,,,,81257000,846,50798000,1031,,,,,4,Научные исследования и экспериментальные разработки в области естественных и технических наук ,АКМОЛИНСКАЯ ОБЛАСТЬ,СТЕПНОГОРСК Г.А.
448764,Научные исследования и экспериментальные разработки в области биотехнологий,true,,,,,,81257000,846,50798000,1031,,,,,5,Научные исследования и экспериментальные разработки в области биотехнологий,АКМОЛИНСКАЯ ОБЛАСТЬ,СТЕПНОГОРСК Г.А.
448765,Прочие научные исследования и экспериментальные разработки в области естественных и технических наук ,false,,x,883,,,,,,,x,994,,,4,Научные исследования и экспериментальные разработки в области естественных и технических наук ,АКМОЛИНСКАЯ ОБЛАСТЬ,СТЕПНОГОРСК Г.А.
18946187,Прочие исследования и разработки в области естественных и технических наук,true,,x,883,,,,,,,x,994,,,5,Прочие научные исследования и экспериментальные разработки в области естественных и технических наук ,АКМОЛИНСКАЯ ОБЛАСТЬ,СТЕПНОГОРСК Г.А.
448797,Деятельность в области административного и вспомогательного обслуживания,false,,60000,883,287181000,920,463000,846,762747000,1031,457639000,994,180259000,957,1,Всего,АКМОЛИНСКАЯ ОБЛАСТЬ,СТЕПНОГОРСК Г.А.
448798,"Аренда, прокат и лизинг",false,,,,281180000,920,,,761009000,1031,457275000,994,x,957,2,Деятельность в области административного и вспомогательного обслуживания,АКМОЛИНСКАЯ ОБЛАСТЬ,СТЕПНОГОРСК Г.А.
448799,Аренда и лизинг автомобилей ,false,,,,281180000,920,,,x,1031,x,994,x,957,3,"Аренда, прокат и лизинг",АКМОЛИНСКАЯ ОБЛАСТЬ,СТЕПНОГОРСК Г.А.
448802,Аренда и лизинг грузовых автомобилей,false,,,,281180000,920,,,x,1031,x,994,x,957,4,Аренда и лизинг автомобилей ,АКМОЛИНСКАЯ ОБЛАСТЬ,СТЕПНОГОРСК Г.А.
543077,Аренда грузовых автомобилей,true,,,,281180000,920,,,x,1031,x,994,x,957,5,Аренда и лизинг грузовых автомобилей,АКМОЛИНСКАЯ ОБЛАСТЬ,СТЕПНОГОРСК Г.А.
448811,"Аренда и лизинг прочих машин, оборудования и материальных активов",false,,,,,,,,515927000,1031,216905000,994,,,3,"Аренда, прокат и лизинг",АКМОЛИНСКАЯ ОБЛАСТЬ,СТЕПНОГОРСК Г.А.
448814,Аренда и лизинг строительных машин и оборудования ,false,,,,,,,,515927000,1031,,,,,4,"Аренда и лизинг прочих машин, оборудования и материальных активов",АКМОЛИНСКАЯ ОБЛАСТЬ,СТЕПНОГОРСК Г.А.
543081,Аренда строительных машин и оборудования ,true,,,,,,,,515927000,1031,,,,,5,Аренда и лизинг строительных машин и оборудования ,АКМОЛИНСКАЯ ОБЛАСТЬ,СТЕПНОГОРСК Г.А.
448822,"Аренда и лизинг прочих машин, оборудования и материальных активов, не включенных в другие группировки",false,,,,,,,,,,216905000,994,,,4,"Аренда и лизинг прочих машин, оборудования и материальных активов",АКМОЛИНСКАЯ ОБЛАСТЬ,СТЕПНОГОРСК Г.А.
543089,"Аренда прочих машин, оборудования и материальных активов, не включенных в другие группировки",true,,,,,,,,,,216905000,994,,,5,"Аренда и лизинг прочих машин, оборудования и материальных активов, не включенных в другие группировки",АКМОЛИНСКАЯ ОБЛАСТЬ,СТЕПНОГОРСК Г.А.
448846,Деятельность по обеспечению безопасности и проведению расследований,false,,60000,883,x,920,463000,846,1738000,1031,364000,994,863000,957,2,Деятельность в области административного и вспомогательного обслуживания,АКМОЛИНСКАЯ ОБЛАСТЬ,СТЕПНОГОРСК Г.А.
448847,Деятельность по обеспечению безопасности частных лиц и имущества,false,,60000,883,x,920,463000,846,1738000,1031,364000,994,863000,957,3,Деятельность по обеспечению безопасности и проведению расследований,АКМОЛИНСКАЯ ОБЛАСТЬ,СТЕПНОГОРСК Г.А.
448848,Деятельность по обеспечению безопасности частных лиц и имущества,false,,60000,883,x,920,463000,846,1738000,1031,364000,994,863000,957,4,Деятельность по обеспечению безопасности частных лиц и имущества,АКМОЛИНСКАЯ ОБЛАСТЬ,СТЕПНОГОРСК Г.А.
18946195,Деятельность частных охранных служб,true,,60000,883,x,920,463000,846,1738000,1031,364000,994,863000,957,5,Деятельность по обеспечению безопасности частных лиц и имущества,АКМОЛИНСКАЯ ОБЛАСТЬ,СТЕПНОГОРСК Г.А.
448870,"Деятельность в области офисного административного и вспомогательного обслуживания, направленная на поддержание коммерческой деятельности",false,,,,5390000,920,,,,,,,,,2,Деятельность в области административного и вспомогательного обслуживания,АКМОЛИНСКАЯ ОБЛАСТЬ,СТЕПНОГОРСК Г.А.
448882,"Деятельность по предоставлению вспомогательных коммерческих услуг, не включенная в другие группировки",false,,,,5390000,920,,,,,,,,,3,"Деятельность в области офисного административного и вспомогательного обслуживания, направленная на поддержание коммерческой деятельности",АКМОЛИНСКАЯ ОБЛАСТЬ,СТЕПНОГОРСК Г.А.
448887,"Прочая деятельность по предоставлению вспомогательных коммерческих услуг, не включенная в другие группировки",false,,,,5390000,920,,,,,,,,,4,"Деятельность по предоставлению вспомогательных коммерческих услуг, не включенная в другие группировки",АКМОЛИНСКАЯ ОБЛАСТЬ,СТЕПНОГОРСК Г.А.
448888,"Прочая деятельность по предоставлению вспомогательных коммерческих услуг, не включенная в другие группировки",true,,,,5390000,920,,,,,,,,,5,"Прочая деятельность по предоставлению вспомогательных коммерческих услуг, не включенная в другие группировки",АКМОЛИНСКАЯ ОБЛАСТЬ,СТЕПНОГОРСК Г.А.
448889,Государственное управление и оборона; обязательное  социальное обеспечение,false,,4052000,883,29784000,920,2403000,846,34904000,1031,25350000,994,9441000,957,1,Всего,АКМОЛИНСКАЯ ОБЛАСТЬ,СТЕПНОГОРСК Г.А.
448890,Государственное управление и оборона; обязательное социальное обеспечение,false,,4052000,883,29784000,920,2403000,846,34904000,1031,25350000,994,9441000,957,2,Государственное управление и оборона; обязательное  социальное обеспечение,АКМОЛИНСКАЯ ОБЛАСТЬ,СТЕПНОГОРСК Г.А.
448904,Предоставление государством услуг обществу в целом,false,,4052000,883,29784000,920,2403000,846,34904000,1031,25350000,994,9441000,957,3,Государственное управление и оборона; обязательное социальное обеспечение,АКМОЛИНСКАЯ ОБЛАСТЬ,СТЕПНОГОРСК Г.А.
448913,Деятельность по обеспечению безопасности в чрезвычайных ситуациях,false,,4052000,883,29784000,920,2403000,846,34904000,1031,25350000,994,9441000,957,4,Предоставление государством услуг обществу в целом,АКМОЛИНСКАЯ ОБЛАСТЬ,СТЕПНОГОРСК Г.А.
448914,Деятельность по обеспечению безопасности в чрезвычайных ситуациях,true,,4052000,883,29784000,920,2403000,846,34904000,1031,25350000,994,9441000,957,5,Деятельность по обеспечению безопасности в чрезвычайных ситуациях,АКМОЛИНСКАЯ ОБЛАСТЬ,СТЕПНОГОРСК Г.А.
448918,Образование,false,,455000,883,408442000,920,32553000,846,809230000,1031,143007000,994,415915000,957,1,Всего,АКМОЛИНСКАЯ ОБЛАСТЬ,СТЕПНОГОРСК Г.А.
448919,Образование,false,,455000,883,408442000,920,32553000,846,809230000,1031,143007000,994,415915000,957,2,Образование,АКМОЛИНСКАЯ ОБЛАСТЬ,СТЕПНОГОРСК Г.А.
448926,Среднее образование (2-й и 3-й уровни),false,,455000,883,408442000,920,32553000,846,809230000,1031,143007000,994,415915000,957,3,Образование,АКМОЛИНСКАЯ ОБЛАСТЬ,СТЕПНОГОРСК Г.А.
448927,Основное и общее среднее образование,false,,,,403743000,920,29329000,846,808451000,1031,141018000,994,409184000,957,4,Среднее образование (2-й и 3-й уровни),АКМОЛИНСКАЯ ОБЛАСТЬ,СТЕПНОГОРСК Г.А.
448928,Основное и общее среднее образование,true,,,,403743000,920,29329000,846,808451000,1031,141018000,994,409184000,957,5,Основное и общее среднее образование,АКМОЛИНСКАЯ ОБЛАСТЬ,СТЕПНОГОРСК Г.А.
448929,Техническое и профессиональное среднее образование,false,,455000,883,4699000,920,3224000,846,779000,1031,1989000,994,6731000,957,4,Среднее образование (2-й и 3-й уровни),АКМОЛИНСКАЯ ОБЛАСТЬ,СТЕПНОГОРСК Г.А.
448931,Среднее специальное образование,true,,455000,883,4699000,920,3224000,846,779000,1031,1989000,994,6731000,957,5,Техническое и профессиональное среднее образование,АКМОЛИНСКАЯ ОБЛАСТЬ,СТЕПНОГОРСК Г.А.
448950,Здравоохранение и социальное обслуживание населения,false,,570543000,883,1222559000,920,369691000,846,114415000,1031,2012276000,994,115076000,957,1,Всего,АКМОЛИНСКАЯ ОБЛАСТЬ,СТЕПНОГОРСК Г.А.
448951,Деятельность в области здравоохранения,false,,570543000,883,1222559000,920,369691000,846,114415000,1031,2012276000,994,115076000,957,2,Здравоохранение и социальное обслуживание населения,АКМОЛИНСКАЯ ОБЛАСТЬ,СТЕПНОГОРСК Г.А.
448952,Деятельность больничных организаций,false,,33958000,883,130255000,920,x,846,113642000,1031,x,994,80336000,957,3,Деятельность в области здравоохранения,АКМОЛИНСКАЯ ОБЛАСТЬ,СТЕПНОГОРСК Г.А.
448953,Деятельность больничных организаций,false,,33958000,883,130255000,920,x,846,113642000,1031,x,994,80336000,957,4,Деятельность больничных организаций,АКМОЛИНСКАЯ ОБЛАСТЬ,СТЕПНОГОРСК Г.А.
448954,Деятельность больниц широкого профиля и специализированных больниц,true,,33958000,883,130255000,920,x,846,113642000,1031,x,994,80336000,957,5,Деятельность больничных организаций,АКМОЛИНСКАЯ ОБЛАСТЬ,СТЕПНОГОРСК Г.А.
448959,Деятельность в области врачебной практики и стоматологии,false,,536532000,883,1084084000,920,269805000,846,773000,1031,15440000,994,34740000,957,3,Деятельность в области здравоохранения,АКМОЛИНСКАЯ ОБЛАСТЬ,СТЕПНОГОРСК Г.А.
448960,Общая врачебная практика,false,,56618000,883,,,267380000,846,,,,,,,4,Деятельность в области врачебной практики и стоматологии,АКМОЛИНСКАЯ ОБЛАСТЬ,СТЕПНОГОРСК Г.А.
448961,Общая врачебная практика,true,,56618000,883,,,267380000,846,,,,,,,5,Общая врачебная практика,АКМОЛИНСКАЯ ОБЛАСТЬ,СТЕПНОГОРСК Г.А.
448962,Специальная врачебная практика,false,,462959000,883,1076633000,920,,,,,,,8504000,957,4,Деятельность в области врачебной практики и стоматологии,АКМОЛИНСКАЯ ОБЛАСТЬ,СТЕПНОГОРСК Г.А.
448963,Специальная врачебная практика,true,,462959000,883,1076633000,920,,,,,,,8504000,957,5,Специальная врачебная практика,АКМОЛИНСКАЯ ОБЛАСТЬ,СТЕПНОГОРСК Г.А.
448964,Стоматологическая деятельность,false,,16955000,883,x,920,2425000,846,773000,1031,15440000,994,x,957,4,Деятельность в области врачебной практики и стоматологии,АКМОЛИНСКАЯ ОБЛАСТЬ,СТЕПНОГОРСК Г.А.
448965,Стоматологическая деятельность,true,,16955000,883,x,920,2425000,846,773000,1031,15440000,994,x,957,5,Стоматологическая деятельность,АКМОЛИНСКАЯ ОБЛАСТЬ,СТЕПНОГОРСК Г.А.
448966,Прочая деятельность в области здравоохранения ,false,,x,883,8220000,920,x,846,,,,,,,3,Деятельность в области здравоохранения,АКМОЛИНСКАЯ ОБЛАСТЬ,СТЕПНОГОРСК Г.А.
448967,Прочая деятельность в области здравоохранения ,false,,x,883,8220000,920,x,846,,,,,,,4,Прочая деятельность в области здравоохранения ,АКМОЛИНСКАЯ ОБЛАСТЬ,СТЕПНОГОРСК Г.А.
448968,Прочая деятельность в области здравоохранения ,true,,x,883,8220000,920,x,846,,,,,,,5,Прочая деятельность в области здравоохранения ,АКМОЛИНСКАЯ ОБЛАСТЬ,СТЕПНОГОРСК Г.А.
448991,"Искусство, развлечения и отдых",false,,,,,,44000,846,2684995000,1031,1073466000,994,x,957,1,Всего,АКМОЛИНСКАЯ ОБЛАСТЬ,СТЕПНОГОРСК Г.А.
449022,"Деятельность в области спорта, организации отдыха и развлечений",false,,,,,,44000,846,2684995000,1031,1073466000,994,x,957,2,"Искусство, развлечения и отдых",АКМОЛИНСКАЯ ОБЛАСТЬ,СТЕПНОГОРСК Г.А.
449023,Деятельность в области спорта,false,,,,,,,,2452933000,1031,717746000,994,x,957,3,"Деятельность в области спорта, организации отдыха и развлечений",АКМОЛИНСКАЯ ОБЛАСТЬ,СТЕПНОГОРСК Г.А.
449024,Эксплуатация спортивных сооружений,false,,,,,,,,2452933000,1031,717746000,994,x,957,4,Деятельность в области спорта,АКМОЛИНСКАЯ ОБЛАСТЬ,СТЕПНОГОРСК Г.А.
449025,Эксплуатация спортивных сооружений,true,,,,,,,,2452933000,1031,717746000,994,x,957,5,Эксплуатация спортивных сооружений,АКМОЛИНСКАЯ ОБЛАСТЬ,СТЕПНОГОРСК Г.А.
449032,Деятельность по организации отдыха и развлечений,false,,,,,,44000,846,x,1031,355720000,994,,,3,"Деятельность в области спорта, организации отдыха и развлечений",АКМОЛИНСКАЯ ОБЛАСТЬ,СТЕПНОГОРСК Г.А.
449035,Прочая деятельность по организации отдыха и развлечений,false,,,,,,44000,846,x,1031,355720000,994,,,4,Деятельность по организации отдыха и развлечений,АКМОЛИНСКАЯ ОБЛАСТЬ,СТЕПНОГОРСК Г.А.
449039,Прочие виды деятельности по организации отдыха и развлечений,true,,,,,,44000,846,x,1031,355720000,994,,,5,Прочая деятельность по организации отдыха и развлечений,АКМОЛИНСКАЯ ОБЛАСТЬ,СТЕПНОГОРСК Г.А.
449040,Предоставление прочих видов услуг,false,,x,883,,,402000,846,,,,,,,1,Всего,АКМОЛИНСКАЯ ОБЛАСТЬ,СТЕПНОГОРСК Г.А.
449041,Деятельность общественных объединений (организаций),false,,x,883,,,x,846,,,,,,,2,Предоставление прочих видов услуг,АКМОЛИНСКАЯ ОБЛАСТЬ,СТЕПНОГОРСК Г.А.
449042,"Деятельность коммерческих, предпринимательских и профессиональных общественных организаций ",false,,x,883,,,x,846,,,,,,,3,Деятельность общественных объединений (организаций),АКМОЛИНСКАЯ ОБЛАСТЬ,СТЕПНОГОРСК Г.А.
449043,Деятельность коммерческих и предпринимательских общественных организаций ,false,,x,883,,,x,846,,,,,,,4,"Деятельность коммерческих, предпринимательских и профессиональных общественных организаций ",АКМОЛИНСКАЯ ОБЛАСТЬ,СТЕПНОГОРСК Г.А.
449044,Деятельность коммерческих и предпринимательских общественных организаций ,true,,x,883,,,x,846,,,,,,,5,Деятельность коммерческих и предпринимательских общественных организаций ,АКМОЛИНСКАЯ ОБЛАСТЬ,СТЕПНОГОРСК Г.А.
449057,"Ремонт компьютеров, предметов личного потребления и бытовых товаров",false,,,,,,x,846,,,,,,,2,Предоставление прочих видов услуг,АКМОЛИНСКАЯ ОБЛАСТЬ,СТЕПНОГОРСК Г.А.
449063,Ремонт предметов личного потребления и бытовых товаров,false,,,,,,x,846,,,,,,,3,"Ремонт компьютеров, предметов личного потребления и бытовых товаров",АКМОЛИНСКАЯ ОБЛАСТЬ,СТЕПНОГОРСК Г.А.
449064,Ремонт электронной бытовой техники,false,,,,,,x,846,,,,,,,4,Ремонт предметов личного потребления и бытовых товаров,АКМОЛИНСКАЯ ОБЛАСТЬ,СТЕПНОГОРСК Г.А.
449065,Ремонт электронной бытовой техники,true,,,,,,x,846,,,,,,,5,Ремонт электронной бытовой техники,АКМОЛИНСКАЯ ОБЛАСТЬ,СТЕПНОГОРСК Г.А.
741340,Промышленность,false,,52351015000,883,63414826000,920,25127343000,846,18940767000,1031,19630251000,994,20953542000,957,1,Всего,АКМОЛИНСКАЯ ОБЛАСТЬ,СТЕПНОГОРСК Г.А.
447279,Горнодобывающая промышленность и разработка карьеров,false,,17950044000,883,17888214000,920,5889127000,846,9192026000,1031,4995068000,994,12393878000,957,2,Промышленность,АКМОЛИНСКАЯ ОБЛАСТЬ,СТЕПНОГОРСК Г.А.
447298,Добыча металлических руд,false,,17759353000,883,16894878000,920,5889127000,846,7066522000,1031,1557990000,994,9298679000,957,3,Горнодобывающая промышленность и разработка карьеров,АКМОЛИНСКАЯ ОБЛАСТЬ,СТЕПНОГОРСК Г.А.
447303,"Добыча руд, кроме железных ",false,,17759353000,883,16894878000,920,5889127000,846,7066522000,1031,1557990000,994,9298679000,957,4,Добыча металлических руд,АКМОЛИНСКАЯ ОБЛАСТЬ,СТЕПНОГОРСК Г.А.
447306,Добыча прочих металлических руд,false,,17759353000,883,16894878000,920,5889127000,846,7066522000,1031,1557990000,994,9298679000,957,5,"Добыча руд, кроме железных ",АКМОЛИНСКАЯ ОБЛАСТЬ,СТЕПНОГОРСК Г.А.
447316,Добыча прочих полезных ископаемых,false,,x,883,,,,,,,,,,,3,Горнодобывающая промышленность и разработка карьеров,АКМОЛИНСКАЯ ОБЛАСТЬ,СТЕПНОГОРСК Г.А.
447317,"Добыча камня, песка и глины",false,,x,883,,,,,,,,,,,4,Добыча прочих полезных ископаемых,АКМОЛИНСКАЯ ОБЛАСТЬ,СТЕПНОГОРСК Г.А.
447322,"Разработка гравийных и песчаных карьеров, добыча глины и каолина",false,,x,883,,,,,,,,,,,5,"Добыча камня, песка и глины",АКМОЛИНСКАЯ ОБЛАСТЬ,СТЕПНОГОРСК Г.А.
447339,Предоставление услуг в горнодобывающей промышленности,false,,x,883,993336000,920,,,2125504000,1031,3437078000,994,x,957,3,Горнодобывающая промышленность и разработка карьеров,АКМОЛИНСКАЯ ОБЛАСТЬ,СТЕПНОГОРСК Г.А.
447343,"Предоставление услуг, способствующих добыче других полезных ископаемых",false,,x,883,993336000,920,,,2125504000,1031,3437078000,994,x,957,4,Предоставление услуг в горнодобывающей промышленности,АКМОЛИНСКАЯ ОБЛАСТЬ,СТЕПНОГОРСК Г.А.
447344,"Предоставление услуг, способствующих добыче других полезных ископаемых",false,,x,883,993336000,920,,,2125504000,1031,3437078000,994,x,957,5,"Предоставление услуг, способствующих добыче других полезных ископаемых",АКМОЛИНСКАЯ ОБЛАСТЬ,СТЕПНОГОРСК Г.А.
447346,Обрабатывающая промышленность,false,,33454269000,883,43442139000,920,13929521000,846,4876556000,1031,11114413000,994,6588204000,957,2,Промышленность,АКМОЛИНСКАЯ ОБЛАСТЬ,СТЕПНОГОРСК Г.А.
447347,Производство продуктов питания,false,,,,,,407000,846,,,,,,,3,Обрабатывающая промышленность,АКМОЛИНСКАЯ ОБЛАСТЬ,СТЕПНОГОРСК Г.А.
447408,Производство готовых кормов для животных,false,,,,,,407000,846,,,,,,,4,Производство продуктов питания,АКМОЛИНСКАЯ ОБЛАСТЬ,СТЕПНОГОРСК Г.А.
447409,Производство готовых кормов для сельскохозяйственных животных,false,,,,,,407000,846,,,,,,,5,Производство готовых кормов для животных,АКМОЛИНСКАЯ ОБЛАСТЬ,СТЕПНОГОРСК Г.А.
447562,Производство кокса и продуктов нефтепереработки,false,,,,350387000,920,,,,,,,1469707000,957,3,Обрабатывающая промышленность,АКМОЛИНСКАЯ ОБЛАСТЬ,СТЕПНОГОРСК Г.А.
447566,"Производство продуктов нефтепереработки, брикетов из торфа и угля",false,,,,350387000,920,,,,,,,1469707000,957,4,Производство кокса и продуктов нефтепереработки,АКМОЛИНСКАЯ ОБЛАСТЬ,СТЕПНОГОРСК Г.А.
447567,"Производство продуктов нефтепереработки, брикетов из торфа и угля",false,,,,350387000,920,,,,,,,1469707000,957,5,"Производство продуктов нефтепереработки, брикетов из торфа и угля",АКМОЛИНСКАЯ ОБЛАСТЬ,СТЕПНОГОРСК Г.А.
447572,Производство продуктов химической промышленности,false,,117373000,883,578015000,920,649277000,846,486817000,1031,403468000,994,621874000,957,3,Обрабатывающая промышленность,АКМОЛИНСКАЯ ОБЛАСТЬ,СТЕПНОГОРСК Г.А.
447573,"Производство основных химических веществ, удобрений и азотных соединений, пластмасс и синтетического каучука в первичных формах",false,,105309000,883,340703000,920,432527000,846,347581000,1031,376432000,994,550551000,957,4,Производство продуктов химической промышленности,АКМОЛИНСКАЯ ОБЛАСТЬ,СТЕПНОГОРСК Г.А.
447578,Производство прочих основных неорганических химических веществ,false,,x,883,x,920,422345000,846,x,1031,307045000,994,x,957,5,"Производство основных химических веществ, удобрений и азотных соединений, пластмасс и синтетического каучука в первичных формах",АКМОЛИНСКАЯ ОБЛАСТЬ,СТЕПНОГОРСК Г.А.
447580,Производство прочих основных органических химических веществ,false,,53504000,883,x,920,10182000,846,x,1031,x,994,x,957,5,"Производство основных химических веществ, удобрений и азотных соединений, пластмасс и синтетического каучука в первичных формах",АКМОЛИНСКАЯ ОБЛАСТЬ,СТЕПНОГОРСК Г.А.
447584,Производство удобрений и азотосодержащих соединений,false,,,,x,920,,,,,,,,,5,"Производство основных химических веществ, удобрений и азотных соединений, пластмасс и синтетического каучука в первичных формах",АКМОЛИНСКАЯ ОБЛАСТЬ,СТЕПНОГОРСК Г.А.
447591,Производство пестицидов и прочей агрохимической продукции,false,,3116000,883,232448000,920,23937000,846,72263000,1031,21728000,994,69673000,957,4,Производство продуктов химической промышленности,АКМОЛИНСКАЯ ОБЛАСТЬ,СТЕПНОГОРСК Г.А.
447592,Производство пестицидов и прочей агрохимической продукции,false,,3116000,883,232448000,920,23937000,846,72263000,1031,21728000,994,69673000,957,5,Производство пестицидов и прочей агрохимической продукции,АКМОЛИНСКАЯ ОБЛАСТЬ,СТЕПНОГОРСК Г.А.
447603,Производство прочих химических продуктов,false,,8948000,883,4864000,920,192813000,846,66973000,1031,5308000,994,1650000,957,4,Производство продуктов химической промышленности,АКМОЛИНСКАЯ ОБЛАСТЬ,СТЕПНОГОРСК Г.А.
447611,"Производство прочих химических продуктов, не включенных в другие группировки ",false,,8948000,883,4864000,920,192813000,846,66973000,1031,5308000,994,1650000,957,5,Производство прочих химических продуктов,АКМОЛИНСКАЯ ОБЛАСТЬ,СТЕПНОГОРСК Г.А.
447620,Производство основных фармацевтических продуктов и фармацевтических препаратов,false,,31173000,883,396000,920,4848000,846,9820000,1031,10297000,994,10462000,957,3,Обрабатывающая промышленность,АКМОЛИНСКАЯ ОБЛАСТЬ,СТЕПНОГОРСК Г.А.
447621,Производство основных фармацевтических продуктов,false,,31173000,883,396000,920,4848000,846,,,,,10462000,957,4,Производство основных фармацевтических продуктов и фармацевтических препаратов,АКМОЛИНСКАЯ ОБЛАСТЬ,СТЕПНОГОРСК Г.А.
447622,Производство основных фармацевтических продуктов,false,,31173000,883,396000,920,4848000,846,,,,,10462000,957,5,Производство основных фармацевтических продуктов,АКМОЛИНСКАЯ ОБЛАСТЬ,СТЕПНОГОРСК Г.А.
447624,Производство фармацевтических препаратов и медицинских материалов,false,,,,,,,,9820000,1031,10297000,994,,,4,Производство основных фармацевтических продуктов и фармацевтических препаратов,АКМОЛИНСКАЯ ОБЛАСТЬ,СТЕПНОГОРСК Г.А.
447625,Производство фармацевтических препаратов и медицинских материалов,false,,,,,,,,9820000,1031,10297000,994,,,5,Производство фармацевтических препаратов и медицинских материалов,АКМОЛИНСКАЯ ОБЛАСТЬ,СТЕПНОГОРСК Г.А.
447628,Производство резиновых и пластмассовых изделий,false,,45483000,883,,,22960000,846,,,,,,,3,Обрабатывающая промышленность,АКМОЛИНСКАЯ ОБЛАСТЬ,СТЕПНОГОРСК Г.А.
447636,Производство пластмассовых изделий,false,,45483000,883,,,22960000,846,,,,,,,4,Производство резиновых и пластмассовых изделий,АКМОЛИНСКАЯ ОБЛАСТЬ,СТЕПНОГОРСК Г.А.
447637,"Производство пластмассовых плит, листов, труб и профилей",false,,45483000,883,,,22960000,846,,,,,,,5,Производство пластмассовых изделий,АКМОЛИНСКАЯ ОБЛАСТЬ,СТЕПНОГОРСК Г.А.
447717,Металлургическое производство,false,,32213619000,883,41388174000,920,11443045000,846,2026074000,1031,7875485000,994,3543458000,957,3,Обрабатывающая промышленность,АКМОЛИНСКАЯ ОБЛАСТЬ,СТЕПНОГОРСК Г.А.
447733,Производство основных благородных и цветных металлов,false,,32213619000,883,41388174000,920,11443045000,846,2026074000,1031,7875485000,994,3543458000,957,4,Металлургическое производство,АКМОЛИНСКАЯ ОБЛАСТЬ,СТЕПНОГОРСК Г.А.
447734,Производство благородных (драгоценных) металлов,false,,31418823000,883,41305921000,920,11049652000,846,1884776000,1031,6014742000,994,3530254000,957,5,Производство основных благородных и цветных металлов,АКМОЛИНСКАЯ ОБЛАСТЬ,СТЕПНОГОРСК Г.А.
447738,"Производство свинца, цинка и олова",false,,258488000,883,7490000,920,393393000,846,,,,,,,5,Производство основных благородных и цветных металлов,АКМОЛИНСКАЯ ОБЛАСТЬ,СТЕПНОГОРСК Г.А.
447742,Производство прочих цветных металлов,false,,536308000,883,74763000,920,,,141298000,1031,1860743000,994,13204000,957,5,Производство основных благородных и цветных металлов,АКМОЛИНСКАЯ ОБЛАСТЬ,СТЕПНОГОРСК Г.А.
447760,"Производство готовых металлических изделий, кроме машин и оборудования",false,,,,x,920,,,1286000,1031,237000,994,2054000,957,3,Обрабатывающая промышленность,АКМОЛИНСКАЯ ОБЛАСТЬ,СТЕПНОГОРСК Г.А.
447784,Обработка металлов и нанесение покрытий на металлы; основные технологические процессы машиностроения,false,,,,x,920,,,1286000,1031,237000,994,2054000,957,4,"Производство готовых металлических изделий, кроме машин и оборудования",АКМОЛИНСКАЯ ОБЛАСТЬ,СТЕПНОГОРСК Г.А.
447787,Основные технологические процессы машиностроения,false,,,,x,920,,,1286000,1031,237000,994,2054000,957,5,Обработка металлов и нанесение покрытий на металлы; основные технологические процессы машиностроения,АКМОЛИНСКАЯ ОБЛАСТЬ,СТЕПНОГОРСК Г.А.
447881,"Производство машин и оборудования, не включенных в другие группировки ",false,,703369000,883,1093840000,920,1390663000,846,2348719000,1031,2822599000,994,923150000,957,3,Обрабатывающая промышленность,АКМОЛИНСКАЯ ОБЛАСТЬ,СТЕПНОГОРСК Г.А.
447882,Производство оборудования общего назначения,false,,698358000,883,x,920,1379597000,846,1926971000,1031,x,994,x,957,4,"Производство машин и оборудования, не включенных в другие группировки ",АКМОЛИНСКАЯ ОБЛАСТЬ,СТЕПНОГОРСК Г.А.
447893,"Производство подшипников, зубчатых передач, элементов зубчатых передач и приводов",false,,698358000,883,x,920,1379597000,846,1926971000,1031,x,994,x,957,5,Производство оборудования общего назначения,АКМОЛИНСКАЯ ОБЛАСТЬ,СТЕПНОГОРСК Г.А.
447938,Производство прочих машин и оборудования специального назначения ,false,,5011000,883,668000,920,11066000,846,421748000,1031,612783000,994,14615000,957,4,"Производство машин и оборудования, не включенных в другие группировки ",АКМОЛИНСКАЯ ОБЛАСТЬ,СТЕПНОГОРСК Г.А.
447941,"Производство машин и оборудования для горнодобывающей промышленности, подземной разработки и строительства",false,,x,883,,,,,,,,,,,5,Производство прочих машин и оборудования специального назначения ,АКМОЛИНСКАЯ ОБЛАСТЬ,СТЕПНОГОРСК Г.А.
447960,"Производство прочих машин и оборудования специального назначения, не включенных в другие группировки",false,,3827000,883,668000,920,11066000,846,421748000,1031,612783000,994,14615000,957,5,Производство прочих машин и оборудования специального назначения ,АКМОЛИНСКАЯ ОБЛАСТЬ,СТЕПНОГОРСК Г.А.
448050,Ремонт и установка машин и оборудования,false,,343252000,883,12863000,920,418321000,846,3840000,1031,2327000,994,17499000,957,3,Обрабатывающая промышленность,АКМОЛИНСКАЯ ОБЛАСТЬ,СТЕПНОГОРСК Г.А.
448051,"Ремонт готовых металлических изделий, машин и оборудования",false,,343252000,883,12863000,920,418321000,846,3840000,1031,2327000,994,17499000,957,4,Ремонт и установка машин и оборудования,АКМОЛИНСКАЯ ОБЛАСТЬ,СТЕПНОГОРСК Г.А.
448059,Ремонт машин и оборудования,false,,343252000,883,12863000,920,418321000,846,3840000,1031,2327000,994,17499000,957,5,"Ремонт готовых металлических изделий, машин и оборудования",АКМОЛИНСКАЯ ОБЛАСТЬ,СТЕПНОГОРСК Г.А.
448090,"Снабжение электроэнергией, газом, паром, горячей водой и кондиционированным воздухом",false,,826120000,883,1883320000,920,1280506000,846,4553129000,1031,3016774000,994,1643079000,957,2,Промышленность,АКМОЛИНСКАЯ ОБЛАСТЬ,СТЕПНОГОРСК Г.А.
448091,"Снабжение электроэнергией, газом, паром, горячей водой и кондиционированным воздухом",false,,826120000,883,1883320000,920,1280506000,846,4553129000,1031,3016774000,994,1643079000,957,3,"Снабжение электроэнергией, газом, паром, горячей водой и кондиционированным воздухом",АКМОЛИНСКАЯ ОБЛАСТЬ,СТЕПНОГОРСК Г.А.
448092,"Производство, передача и распределение электроэнергии",false,,805301000,883,1849401000,920,1242415000,846,4373132000,1031,2246985000,994,1573574000,957,4,"Снабжение электроэнергией, газом, паром, горячей водой и кондиционированным воздухом",АКМОЛИНСКАЯ ОБЛАСТЬ,СТЕПНОГОРСК Г.А.
448093,Производство электроэнергии,false,,116705000,883,487306000,920,878037000,846,3151603000,1031,1578741000,994,689603000,957,5,"Производство, передача и распределение электроэнергии",АКМОЛИНСКАЯ ОБЛАСТЬ,СТЕПНОГОРСК Г.А.
448098,Передача электроэнергии,false,,,,,,,,x,1031,x,994,,,5,"Производство, передача и распределение электроэнергии",АКМОЛИНСКАЯ ОБЛАСТЬ,СТЕПНОГОРСК Г.А.
448100,Распределение электроэнергии,false,,688596000,883,1362095000,920,364378000,846,1215754000,1031,658575000,994,883971000,957,5,"Производство, передача и распределение электроэнергии",АКМОЛИНСКАЯ ОБЛАСТЬ,СТЕПНОГОРСК Г.А.
448111,"Снабжение паром, горячей водой и кондиционированным воздухом",false,,20819000,883,33919000,920,38091000,846,179997000,1031,769789000,994,69505000,957,4,"Снабжение электроэнергией, газом, паром, горячей водой и кондиционированным воздухом",АКМОЛИНСКАЯ ОБЛАСТЬ,СТЕПНОГОРСК Г.А.
448112,"Снабжение паром, горячей водой и кондиционированным воздухом",false,,20819000,883,33919000,920,38091000,846,179997000,1031,769789000,994,69505000,957,5,"Снабжение паром, горячей водой и кондиционированным воздухом",АКМОЛИНСКАЯ ОБЛАСТЬ,СТЕПНОГОРСК Г.А.
448117,"Водоснабжение; сбор, обработка и удаление отходов, деятельность по ликвидации загрязнений",false,,120582000,883,201153000,920,4028189000,846,319056000,1031,503996000,994,328381000,957,2,Промышленность,АКМОЛИНСКАЯ ОБЛАСТЬ,СТЕПНОГОРСК Г.А.
448118,"Сбор, обработка и распределение воды",false,,116145000,883,201153000,920,4014271000,846,182694000,1031,503996000,994,328381000,957,3,"Водоснабжение; сбор, обработка и удаление отходов, деятельность по ликвидации загрязнений",АКМОЛИНСКАЯ ОБЛАСТЬ,СТЕПНОГОРСК Г.А.
448119,"Сбор, обработка и распределение воды",false,,116145000,883,201153000,920,4014271000,846,182694000,1031,503996000,994,328381000,957,4,"Сбор, обработка и распределение воды",АКМОЛИНСКАЯ ОБЛАСТЬ,СТЕПНОГОРСК Г.А.
448120,"Сбор, обработка и распределение воды",false,,116145000,883,201153000,920,4014271000,846,182694000,1031,503996000,994,328381000,957,5,"Сбор, обработка и распределение воды",АКМОЛИНСКАЯ ОБЛАСТЬ,СТЕПНОГОРСК Г.А.
448122,Сбор и обработка сточных вод,false,,,,,,13918000,846,82610000,1031,,,,,3,"Водоснабжение; сбор, обработка и удаление отходов, деятельность по ликвидации загрязнений",АКМОЛИНСКАЯ ОБЛАСТЬ,СТЕПНОГОРСК Г.А.
448123,Сбор и обработка сточных вод,false,,,,,,13918000,846,82610000,1031,,,,,4,Сбор и обработка сточных вод,АКМОЛИНСКАЯ ОБЛАСТЬ,СТЕПНОГОРСК Г.А.
448124,Сбор и обработка сточных вод,false,,,,,,13918000,846,82610000,1031,,,,,5,Сбор и обработка сточных вод,АКМОЛИНСКАЯ ОБЛАСТЬ,СТЕПНОГОРСК Г.А.
448126,"Сбор, обработка и удаление отходов; утилизация (восстановление) материалов",false,,4437000,883,,,,,53752000,1031,,,,,3,"Водоснабжение; сбор, обработка и удаление отходов, деятельность по ликвидации загрязнений",АКМОЛИНСКАЯ ОБЛАСТЬ,СТЕПНОГОРСК Г.А.
448127,Сбор отходов,false,,x,883,,,,,,,,,,,4,"Сбор, обработка и удаление отходов; утилизация (восстановление) материалов",АКМОЛИНСКАЯ ОБЛАСТЬ,СТЕПНОГОРСК Г.А.
448128,Сбор неопасных отходов,false,,x,883,,,,,,,,,,,5,Сбор отходов,АКМОЛИНСКАЯ ОБЛАСТЬ,СТЕПНОГОРСК Г.А.
448132,Обработка и удаление отходов,false,,x,883,,,,,53752000,1031,,,,,4,"Сбор, обработка и удаление отходов; утилизация (восстановление) материалов",АКМОЛИНСКАЯ ОБЛАСТЬ,СТЕПНОГОРСК Г.А.
448133,Обработка и удаление неопасных отходов,false,,,,,,,,x,1031,,,,,5,Обработка и удаление отходов,АКМОЛИНСКАЯ ОБЛАСТЬ,СТЕПНОГОРСК Г.А.
448135,Обработка и удаление опасных отходов,false,,x,883,,,,,x,1031,,,,,5,Обработка и удаление отходов,АКМОЛИНСКАЯ ОБЛАСТЬ,СТЕПНОГОРСК Г.А.
448137,Утилизация (восстановление) материалов ,false,,x,883,,,,,,,,,,,4,"Сбор, обработка и удаление отходов; утилизация (восстановление) материалов",АКМОЛИНСКАЯ ОБЛАСТЬ,СТЕПНОГОРСК Г.А.
448138,"Разборка машин и оборудования, не подлежащих восстановлению",false,,x,883,,,,,,,,,,,5,Утилизация (восстановление) материалов ,АКМОЛИНСКАЯ ОБЛАСТЬ,СТЕПНОГОРСК Г.А.
741885,Всего,false,,9263211000,883,28059104000,920,7166997000,846,30235605000,1031,27075860000,994,26413008000,957,0,,АКМОЛИНСКАЯ ОБЛАСТЬ,АККОЛЬСКИЙ РАЙОН
447173,"Сельское, лесное и рыбное хозяйство",false,,1462575000,883,3250717000,920,1499103000,846,6512747000,1031,2766275000,994,3886291000,957,1,Всего,АКМОЛИНСКАЯ ОБЛАСТЬ,АККОЛЬСКИЙ РАЙОН
447174,"Растениеводство и животноводство, охота и предоставление услуг в этих областях",false,,1462575000,883,3250717000,920,1499103000,846,6512747000,1031,2766275000,994,3886291000,957,2,"Сельское, лесное и рыбное хозяйство",АКМОЛИНСКАЯ ОБЛАСТЬ,АККОЛЬСКИЙ РАЙОН
447175,Выращивание одно- или двухлетних культур,false,,833548000,883,1847585000,920,751992000,846,1622219000,1031,2314547000,994,3015089000,957,3,"Растениеводство и животноводство, охота и предоставление услуг в этих областях",АКМОЛИНСКАЯ ОБЛАСТЬ,АККОЛЬСКИЙ РАЙОН
447176,"Выращивание зерновых (кроме риса), бобовых и масличных культур",false,,778548000,883,1847585000,920,702522000,846,1581742000,1031,2314547000,994,3015089000,957,4,Выращивание одно- или двухлетних культур,АКМОЛИНСКАЯ ОБЛАСТЬ,АККОЛЬСКИЙ РАЙОН
3783380,"Выращивание зерновых и зернобобовых культур, включая семеноводство",true,,776946000,883,1847585000,920,698522000,846,1581742000,1031,2314547000,994,3015089000,957,5,"Выращивание зерновых (кроме риса), бобовых и масличных культур",АКМОЛИНСКАЯ ОБЛАСТЬ,АККОЛЬСКИЙ РАЙОН
447178,Выращивание масличных культур и их семян,true,,1602000,883,,,x,846,,,,,,,5,"Выращивание зерновых (кроме риса), бобовых и масличных культур",АКМОЛИНСКАЯ ОБЛАСТЬ,АККОЛЬСКИЙ РАЙОН
447181,"Выращивание овощей, бахчевых, корнеплодов и клубнеплодов",false,,55000000,883,,,49470000,846,,,,,,,4,Выращивание одно- или двухлетних культур,АКМОЛИНСКАЯ ОБЛАСТЬ,АККОЛЬСКИЙ РАЙОН
447182,Выращивание картофеля и посадочного материала,true,,,,,,10170000,846,,,,,,,5,"Выращивание овощей, бахчевых, корнеплодов и клубнеплодов",АКМОЛИНСКАЯ ОБЛАСТЬ,АККОЛЬСКИЙ РАЙОН
447183,"Выращивание овощей, их семян и рассады",true,,55000000,883,,,x,846,,,,,,,5,"Выращивание овощей, бахчевых, корнеплодов и клубнеплодов",АКМОЛИНСКАЯ ОБЛАСТЬ,АККОЛЬСКИЙ РАЙОН
447192,Выращивание прочих одно- или двухлетних культур,false,,,,,,,,x,1031,,,,,4,Выращивание одно- или двухлетних культур,АКМОЛИНСКАЯ ОБЛАСТЬ,АККОЛЬСКИЙ РАЙОН
447195,"Выращивание прочих одно- или двухлетних культур, не включенных в другие группировки",true,,,,,,,,x,1031,,,,,5,Выращивание прочих одно- или двухлетних культур,АКМОЛИНСКАЯ ОБЛАСТЬ,АККОЛЬСКИЙ РАЙОН
447218,Животноводство,false,,197687000,883,266578000,920,291800000,846,4879820000,1031,11600000,994,358687000,957,3,"Растениеводство и животноводство, охота и предоставление услуг в этих областях",АКМОЛИНСКАЯ ОБЛАСТЬ,АККОЛЬСКИЙ РАЙОН
447219,Разведение крупного рогатого скота молочного направления,false,,23693000,883,60438000,920,104125000,846,x,1031,,,x,957,4,Животноводство,АКМОЛИНСКАЯ ОБЛАСТЬ,АККОЛЬСКИЙ РАЙОН
447220,Разведение крупного рогатого скота молочного направления,true,,23693000,883,60438000,920,104125000,846,x,1031,,,x,957,5,Разведение крупного рогатого скота молочного направления,АКМОЛИНСКАЯ ОБЛАСТЬ,АККОЛЬСКИЙ РАЙОН
447221,Разведение прочего крупного рогатого скота и буйволов,false,,144694000,883,195395000,920,187675000,846,x,1031,9175000,994,14892000,957,4,Животноводство,АКМОЛИНСКАЯ ОБЛАСТЬ,АККОЛЬСКИЙ РАЙОН
447222,Разведение прочего крупного рогатого скота и буйволов,true,,144694000,883,195395000,920,187675000,846,x,1031,9175000,994,14892000,957,5,Разведение прочего крупного рогатого скота и буйволов,АКМОЛИНСКАЯ ОБЛАСТЬ,АККОЛЬСКИЙ РАЙОН
447223,Разведение лошадей и прочих животных семейства лошадиных,false,,x,883,,,,,,,2425000,994,x,957,4,Животноводство,АКМОЛИНСКАЯ ОБЛАСТЬ,АККОЛЬСКИЙ РАЙОН
447224,Разведение лошадей,true,,x,883,,,,,,,2425000,994,x,957,5,Разведение лошадей и прочих животных семейства лошадиных,АКМОЛИНСКАЯ ОБЛАСТЬ,АККОЛЬСКИЙ РАЙОН
447228,Разведение овец и коз,false,,x,883,10745000,920,,,,,,,x,957,4,Животноводство,АКМОЛИНСКАЯ ОБЛАСТЬ,АККОЛЬСКИЙ РАЙОН
447229,Разведение овец и коз,true,,x,883,10745000,920,,,,,,,x,957,5,Разведение овец и коз,АКМОЛИНСКАЯ ОБЛАСТЬ,АККОЛЬСКИЙ РАЙОН
447232,Разведение сельскохозяйственной птицы ,false,,,,,,,,152427000,1031,,,x,957,4,Животноводство,АКМОЛИНСКАЯ ОБЛАСТЬ,АККОЛЬСКИЙ РАЙОН
447233,"Разведение птицы на мясо, племенной птицы и молодняка",true,,,,,,,,,,,,x,957,5,Разведение сельскохозяйственной птицы ,АКМОЛИНСКАЯ ОБЛАСТЬ,АККОЛЬСКИЙ РАЙОН
447234,Производство яиц,true,,,,,,,,152427000,1031,,,,,5,Разведение сельскохозяйственной птицы ,АКМОЛИНСКАЯ ОБЛАСТЬ,АККОЛЬСКИЙ РАЙОН
447239,Смешанное сельское хозяйство,false,,431340000,883,1121003000,920,x,846,7907000,1031,220953000,994,512515000,957,3,"Растениеводство и животноводство, охота и предоставление услуг в этих областях",АКМОЛИНСКАЯ ОБЛАСТЬ,АККОЛЬСКИЙ РАЙОН
447240,Смешанное сельское хозяйство,false,,431340000,883,1121003000,920,x,846,7907000,1031,220953000,994,512515000,957,4,Смешанное сельское хозяйство,АКМОЛИНСКАЯ ОБЛАСТЬ,АККОЛЬСКИЙ РАЙОН
447241,Смешанное сельское хозяйство,true,,431340000,883,1121003000,920,x,846,7907000,1031,220953000,994,512515000,957,5,Смешанное сельское хозяйство,АКМОЛИНСКАЯ ОБЛАСТЬ,АККОЛЬСКИЙ РАЙОН
18683346,"Деятельность, способствующая выращиванию сельскохозяйственных культур и разведению животных и деятельность по обработке урожая",false,,,,x,920,,,x,1031,219175000,994,,,3,"Растениеводство и животноводство, охота и предоставление услуг в этих областях",АКМОЛИНСКАЯ ОБЛАСТЬ,АККОЛЬСКИЙ РАЙОН
18683350,"Деятельность, способствующая животноводству",false,,,,x,920,,,x,1031,x,994,,,4,"Деятельность, способствующая выращиванию сельскохозяйственных культур и разведению животных и деятельность по обработке урожая",АКМОЛИНСКАЯ ОБЛАСТЬ,АККОЛЬСКИЙ РАЙОН
18683351,"Деятельность, способствующая животноводству",true,,,,x,920,,,x,1031,x,994,,,5,"Деятельность, способствующая животноводству",АКМОЛИНСКАЯ ОБЛАСТЬ,АККОЛЬСКИЙ РАЙОН
18683352,Деятельность по обработке урожая,false,,,,,,,,,,150000000,994,,,4,"Деятельность, способствующая выращиванию сельскохозяйственных культур и разведению животных и деятельность по обработке урожая",АКМОЛИНСКАЯ ОБЛАСТЬ,АККОЛЬСКИЙ РАЙОН
18683353,Деятельность по обработке урожая,true,,,,,,,,,,150000000,994,,,5,Деятельность по обработке урожая,АКМОЛИНСКАЯ ОБЛАСТЬ,АККОЛЬСКИЙ РАЙОН
448148,Строительство,false,,86499000,883,33740000,920,105770000,846,71334000,1031,110854000,994,147045000,957,1,Всего,АКМОЛИНСКАЯ ОБЛАСТЬ,АККОЛЬСКИЙ РАЙОН
18710963,Строительство зданий,false,,,,,,x,846,x,1031,,,,,2,Строительство,АКМОЛИНСКАЯ ОБЛАСТЬ,АККОЛЬСКИЙ РАЙОН
18710967,Строительство жилых и нежилых зданий,false,,,,,,x,846,x,1031,,,,,3,Строительство зданий,АКМОЛИНСКАЯ ОБЛАСТЬ,АККОЛЬСКИЙ РАЙОН
18710968,Строительство жилых и нежилых зданий,false,,,,,,x,846,x,1031,,,,,4,Строительство жилых и нежилых зданий,АКМОЛИНСКАЯ ОБЛАСТЬ,АККОЛЬСКИЙ РАЙОН
18710969,Строительство жилых зданий,true,,,,,,x,846,x,1031,,,,,5,Строительство жилых и нежилых зданий,АКМОЛИНСКАЯ ОБЛАСТЬ,АККОЛЬСКИЙ РАЙОН
448157,Гражданское строительство,false,,86499000,883,33740000,920,x,846,54280000,1031,110854000,994,147045000,957,2,Строительство,АКМОЛИНСКАЯ ОБЛАСТЬ,АККОЛЬСКИЙ РАЙОН
448158,Строительство автомобильных и железных дорог,false,,,,,,,,,,,,x,957,3,Гражданское строительство,АКМОЛИНСКАЯ ОБЛАСТЬ,АККОЛЬСКИЙ РАЙОН
18696143,Строительство автомобильных дорог,false,,,,,,,,,,,,x,957,4,Строительство автомобильных и железных дорог,АКМОЛИНСКАЯ ОБЛАСТЬ,АККОЛЬСКИЙ РАЙОН
18946136,Строительство дорог и автомагистралей,true,,,,,,,,,,,,x,957,5,Строительство автомобильных дорог,АКМОЛИНСКАЯ ОБЛАСТЬ,АККОЛЬСКИЙ РАЙОН
448165,Строительство распределительных инженерных сооружений,false,,86499000,883,33740000,920,x,846,54280000,1031,110854000,994,30528000,957,3,Гражданское строительство,АКМОЛИНСКАЯ ОБЛАСТЬ,АККОЛЬСКИЙ РАЙОН
448166,Строительство трубопроводов,false,,86499000,883,33740000,920,x,846,54280000,1031,110854000,994,30528000,957,4,Строительство распределительных инженерных сооружений,АКМОЛИНСКАЯ ОБЛАСТЬ,АККОЛЬСКИЙ РАЙОН
448168,Строительство трубопроводов для систем водоснабжения и канализации,true,,86499000,883,33740000,920,x,846,54280000,1031,110854000,994,30528000,957,5,Строительство трубопроводов,АКМОЛИНСКАЯ ОБЛАСТЬ,АККОЛЬСКИЙ РАЙОН
448215,Оптовая и розничная торговля; ремонт автомобилей и мотоциклов,false,,41353000,883,201823000,920,88134000,846,270265000,1031,43896000,994,14140000,957,1,Всего,АКМОЛИНСКАЯ ОБЛАСТЬ,АККОЛЬСКИЙ РАЙОН
448216,Оптовая и розничная торговля автомобилями и мотоциклами и их ремонт,false,,,,,,3793000,846,,,,,,,2,Оптовая и розничная торговля; ремонт автомобилей и мотоциклов,АКМОЛИНСКАЯ ОБЛАСТЬ,АККОЛЬСКИЙ РАЙОН
448224,Техническое обслуживание и ремонт автомобилей,false,,,,,,3793000,846,,,,,,,3,Оптовая и розничная торговля автомобилями и мотоциклами и их ремонт,АКМОЛИНСКАЯ ОБЛАСТЬ,АККОЛЬСКИЙ РАЙОН
448225,Техническое обслуживание и ремонт автомобилей,false,,,,,,3793000,846,,,,,,,4,Техническое обслуживание и ремонт автомобилей,АКМОЛИНСКАЯ ОБЛАСТЬ,АККОЛЬСКИЙ РАЙОН
448226,Техобслуживание и ремонт автотранспортных средств,true,,,,,,3793000,846,,,,,,,5,Техническое обслуживание и ремонт автомобилей,АКМОЛИНСКАЯ ОБЛАСТЬ,АККОЛЬСКИЙ РАЙОН
448237,"Оптовая торговля, за исключением торговли автомобилями и мотоциклами",false,,,,x,920,,,264965000,1031,x,994,10230000,957,2,Оптовая и розничная торговля; ремонт автомобилей и мотоциклов,АКМОЛИНСКАЯ ОБЛАСТЬ,АККОЛЬСКИЙ РАЙОН
448257,Оптовая торговля сельскохозяйственным сырьем и живыми животными,false,,,,,,,,x,1031,,,,,3,"Оптовая торговля, за исключением торговли автомобилями и мотоциклами",АКМОЛИНСКАЯ ОБЛАСТЬ,АККОЛЬСКИЙ РАЙОН
448258,"Оптовая торговля зерном, необработанным табаком, семенами и кормами для животных",false,,,,,,,,x,1031,,,,,4,Оптовая торговля сельскохозяйственным сырьем и живыми животными,АКМОЛИНСКАЯ ОБЛАСТЬ,АККОЛЬСКИЙ РАЙОН
20575950,"Оптовая торговля зерном, семенами и кормами для животных",true,,,,,,,,x,1031,,,,,5,"Оптовая торговля зерном, необработанным табаком, семенами и кормами для животных",АКМОЛИНСКАЯ ОБЛАСТЬ,АККОЛЬСКИЙ РАЙОН
448316,"Оптовая торговля прочими машинами, оборудованием и деталями и принадлежностями к ним",false,,,,x,920,,,x,1031,x,994,10230000,957,3,"Оптовая торговля, за исключением торговли автомобилями и мотоциклами",АКМОЛИНСКАЯ ОБЛАСТЬ,АККОЛЬСКИЙ РАЙОН
448317,"Оптовая торговля сельскохозяйственной техникой, оборудованием,  деталями и принадлежностями к ним",false,,,,x,920,,,x,1031,x,994,10230000,957,4,"Оптовая торговля прочими машинами, оборудованием и деталями и принадлежностями к ним",АКМОЛИНСКАЯ ОБЛАСТЬ,АККОЛЬСКИЙ РАЙОН
448318,"Оптовая торговля сельскохозяйственной техникой, оборудованием,  деталями и принадлежностями к ним",true,,,,x,920,,,x,1031,x,994,10230000,957,5,"Оптовая торговля сельскохозяйственной техникой, оборудованием,  деталями и принадлежностями к ним",АКМОЛИНСКАЯ ОБЛАСТЬ,АККОЛЬСКИЙ РАЙОН
448371,Неспециализированная оптовая торговля,false,,,,,,,,x,1031,,,,,3,"Оптовая торговля, за исключением торговли автомобилями и мотоциклами",АКМОЛИНСКАЯ ОБЛАСТЬ,АККОЛЬСКИЙ РАЙОН
448372,Неспециализированная оптовая торговля,false,,,,,,,,x,1031,,,,,4,Неспециализированная оптовая торговля,АКМОЛИНСКАЯ ОБЛАСТЬ,АККОЛЬСКИЙ РАЙОН
448376,Оптовая торговля широким ассортиментом товаров без какой-либо конкретизации,true,,,,,,,,x,1031,,,,,5,Неспециализированная оптовая торговля,АКМОЛИНСКАЯ ОБЛАСТЬ,АККОЛЬСКИЙ РАЙОН
448377,"Розничная торговля, кроме торговли автомобилями и мотоциклами",false,,41353000,883,145007000,920,84341000,846,5300000,1031,42948000,994,x,957,2,Оптовая и розничная торговля; ремонт автомобилей и мотоциклов,АКМОЛИНСКАЯ ОБЛАСТЬ,АККОЛЬСКИЙ РАЙОН
448378,Розничная торговля в неспециализированных магазинах,false,,41353000,883,,,70035000,846,,,,,,,3,"Розничная торговля, кроме торговли автомобилями и мотоциклами",АКМОЛИНСКАЯ ОБЛАСТЬ,АККОЛЬСКИЙ РАЙОН
448379,"Розничная торговля в неспециализированных магазинах преимущественно продуктами питания, напитками и табачными изделиями",false,,41353000,883,,,70035000,846,,,,,,,4,Розничная торговля в неспециализированных магазинах,АКМОЛИНСКАЯ ОБЛАСТЬ,АККОЛЬСКИЙ РАЙОН
3647934,"Розничная торговля преимущественно продуктами питания, напитками и табачными изделиями в неспециализированных магазинах, являющихся торговыми объектами, с торговой площадью менее 2000 кв.м ",true,,41353000,883,,,70035000,846,,,,,,,5,"Розничная торговля в неспециализированных магазинах преимущественно продуктами питания, напитками и табачными изделиями",АКМОЛИНСКАЯ ОБЛАСТЬ,АККОЛЬСКИЙ РАЙОН
448383,"Розничная торговля продуктами питания, напитками и табачными изделиями в специализированных магазинах",false,,,,,,14306000,846,,,,,,,3,"Розничная торговля, кроме торговли автомобилями и мотоциклами",АКМОЛИНСКАЯ ОБЛАСТЬ,АККОЛЬСКИЙ РАЙОН
448397,Прочая розничная торговля продуктами питания в специализированных магазинах,false,,,,,,14306000,846,,,,,,,4,"Розничная торговля продуктами питания, напитками и табачными изделиями в специализированных магазинах",АКМОЛИНСКАЯ ОБЛАСТЬ,АККОЛЬСКИЙ РАЙОН
3647950,"Прочая розничная торговля продуктами питания в специализированных магазинах, являющихся торговыми объектами, с торговой площадью менее 2000 кв.м",true,,,,,,14306000,846,,,,,,,5,Прочая розничная торговля продуктами питания в специализированных магазинах,АКМОЛИНСКАЯ ОБЛАСТЬ,АККОЛЬСКИЙ РАЙОН
448399,Розничная торговля топливом в специализированных магазинах,false,,,,x,920,,,,,42948000,994,x,957,3,"Розничная торговля, кроме торговли автомобилями и мотоциклами",АКМОЛИНСКАЯ ОБЛАСТЬ,АККОЛЬСКИЙ РАЙОН
448400,Розничная торговля топливом в специализированных магазинах,false,,,,x,920,,,,,42948000,994,x,957,4,Розничная торговля топливом в специализированных магазинах,АКМОЛИНСКАЯ ОБЛАСТЬ,АККОЛЬСКИЙ РАЙОН
20576124,"Розничная торговля моторным топливом в специализированных магазинах, за исключением находящихся на придорожной полосе",true,,,,x,920,,,,,42948000,994,x,957,5,Розничная торговля топливом в специализированных магазинах,АКМОЛИНСКАЯ ОБЛАСТЬ,АККОЛЬСКИЙ РАЙОН
448409,Розничная торговля прочими бытовыми товарами в специализированных магазинах ,false,,,,x,920,,,5300000,1031,,,,,3,"Розничная торговля, кроме торговли автомобилями и мотоциклами",АКМОЛИНСКАЯ ОБЛАСТЬ,АККОЛЬСКИЙ РАЙОН
448416,Розничная торговля электрическими бытовыми приборами в специализированных магазинах,false,,,,x,920,,,,,,,,,4,Розничная торговля прочими бытовыми товарами в специализированных магазинах ,АКМОЛИНСКАЯ ОБЛАСТЬ,АККОЛЬСКИЙ РАЙОН
3647962,"Розничная торговля электрическими бытовыми приборами в специализированных магазинах, являющихся торговыми объектами, с торговой площадью менее 2000 кв.м",true,,,,x,920,,,,,,,,,5,Розничная торговля электрическими бытовыми приборами в специализированных магазинах,АКМОЛИНСКАЯ ОБЛАСТЬ,АККОЛЬСКИЙ РАЙОН
448418,"Розничная торговля мебелью, осветительным оборудованием и прочими бытовыми товарами в специализированных магазинах",false,,,,,,,,5300000,1031,,,,,4,Розничная торговля прочими бытовыми товарами в специализированных магазинах ,АКМОЛИНСКАЯ ОБЛАСТЬ,АККОЛЬСКИЙ РАЙОН
448419,"Розничная торговля мебелью в специализированных магазинах, являющихся торговыми объектами, с торговой площадью менее 2000 кв.м",true,,,,,,,,5300000,1031,,,,,5,"Розничная торговля мебелью, осветительным оборудованием и прочими бытовыми товарами в специализированных магазинах",АКМОЛИНСКАЯ ОБЛАСТЬ,АККОЛЬСКИЙ РАЙОН
448475,Транспорт и складирование,false,,342967000,883,611097000,920,x,846,3087459000,1031,897953000,994,1330761000,957,1,Всего,АКМОЛИНСКАЯ ОБЛАСТЬ,АККОЛЬСКИЙ РАЙОН
448476,Деятельность сухопутного и трубопроводного транспорта ,false,,,,x,920,,,,,x,994,x,957,2,Транспорт и складирование,АКМОЛИНСКАЯ ОБЛАСТЬ,АККОЛЬСКИЙ РАЙОН
448494,Деятельность грузового автомобильного транспорта и предоставление услуг по переезду ,false,,,,x,920,,,,,x,994,x,957,3,Деятельность сухопутного и трубопроводного транспорта ,АКМОЛИНСКАЯ ОБЛАСТЬ,АККОЛЬСКИЙ РАЙОН
448495,Деятельность грузового автомобильного транспорта,false,,,,x,920,,,,,x,994,x,957,4,Деятельность грузового автомобильного транспорта и предоставление услуг по переезду ,АКМОЛИНСКАЯ ОБЛАСТЬ,АККОЛЬСКИЙ РАЙОН
448496,Деятельность грузового автомобильного транспорта,true,,,,x,920,,,,,x,994,x,957,5,Деятельность грузового автомобильного транспорта,АКМОЛИНСКАЯ ОБЛАСТЬ,АККОЛЬСКИЙ РАЙОН
448527,Складирование грузов и вспомогательная транспортная деятельность,false,,342967000,883,539423000,920,x,846,3087459000,1031,813105000,994,1291911000,957,2,Транспорт и складирование,АКМОЛИНСКАЯ ОБЛАСТЬ,АККОЛЬСКИЙ РАЙОН
448528,Складирование и хранение грузов,false,,x,883,16633000,920,,,160337000,1031,46127000,994,178638000,957,3,Складирование грузов и вспомогательная транспортная деятельность,АКМОЛИНСКАЯ ОБЛАСТЬ,АККОЛЬСКИЙ РАЙОН
448529,Складирование и хранение грузов,false,,x,883,16633000,920,,,160337000,1031,46127000,994,178638000,957,4,Складирование и хранение грузов,АКМОЛИНСКАЯ ОБЛАСТЬ,АККОЛЬСКИЙ РАЙОН
448530,Складирование и хранение зерна,true,,x,883,16633000,920,,,160337000,1031,46127000,994,178638000,957,5,Складирование и хранение грузов,АКМОЛИНСКАЯ ОБЛАСТЬ,АККОЛЬСКИЙ РАЙОН
448533,Вспомогательная транспортная деятельность,false,,240236000,883,522790000,920,x,846,2927122000,1031,766978000,994,1113273000,957,3,Складирование грузов и вспомогательная транспортная деятельность,АКМОЛИНСКАЯ ОБЛАСТЬ,АККОЛЬСКИЙ РАЙОН
448534,Вспомогательная деятельность сухопутного транспорта,false,,240236000,883,522790000,920,x,846,2927122000,1031,766978000,994,1113273000,957,4,Вспомогательная транспортная деятельность,АКМОЛИНСКАЯ ОБЛАСТЬ,АККОЛЬСКИЙ РАЙОН
448535,Эксплуатация железных дорог,true,,,,,,,,,,,,x,957,5,Вспомогательная деятельность сухопутного транспорта,АКМОЛИНСКАЯ ОБЛАСТЬ,АККОЛЬСКИЙ РАЙОН
448536,Эксплуатация автомобильных дорог,true,,240236000,883,522790000,920,x,846,2920225000,1031,766978000,994,393010000,957,5,Вспомогательная деятельность сухопутного транспорта,АКМОЛИНСКАЯ ОБЛАСТЬ,АККОЛЬСКИЙ РАЙОН
448538,Деятельность автомобильных стоянок,true,,,,,,,,x,1031,,,,,5,Вспомогательная деятельность сухопутного транспорта,АКМОЛИНСКАЯ ОБЛАСТЬ,АККОЛЬСКИЙ РАЙОН
448558,Предоставление услуг по проживанию и питанию,false,,,,x,920,40000000,846,318286000,1031,x,994,x,957,1,Всего,АКМОЛИНСКАЯ ОБЛАСТЬ,АККОЛЬСКИЙ РАЙОН
3783427,Предоставление услуг по временному проживанию,false,,,,x,920,20000000,846,293286000,1031,x,994,x,957,2,Предоставление услуг по проживанию и питанию,АКМОЛИНСКАЯ ОБЛАСТЬ,АККОЛЬСКИЙ РАЙОН
3783428,Предоставление услуг гостиницами и аналогичными местами для проживания,false,,,,,,20000000,846,,,x,994,x,957,3,Предоставление услуг по временному проживанию,АКМОЛИНСКАЯ ОБЛАСТЬ,АККОЛЬСКИЙ РАЙОН
3783429,Предоставление услуг гостиницами и аналогичными местами для проживания,false,,,,,,20000000,846,,,x,994,x,957,4,Предоставление услуг гостиницами и аналогичными местами для проживания,АКМОЛИНСКАЯ ОБЛАСТЬ,АККОЛЬСКИЙ РАЙОН
3783430,"Предоставление услуг гостиницами с ресторанами, за исключением гостиниц, находящихся на придорожной полосе",true,,,,,,20000000,846,,,x,994,x,957,5,Предоставление услуг гостиницами и аналогичными местами для проживания,АКМОЛИНСКАЯ ОБЛАСТЬ,АККОЛЬСКИЙ РАЙОН
3783432,Предоставление жилья на выходные дни и прочие периоды краткосрочного проживания,false,,,,x,920,,,293286000,1031,,,,,3,Предоставление услуг по временному проживанию,АКМОЛИНСКАЯ ОБЛАСТЬ,АККОЛЬСКИЙ РАЙОН
3783433,Предоставление жилья на выходные дни и прочие периоды краткосрочного проживания,false,,,,x,920,,,293286000,1031,,,,,4,Предоставление жилья на выходные дни и прочие периоды краткосрочного проживания,АКМОЛИНСКАЯ ОБЛАСТЬ,АККОЛЬСКИЙ РАЙОН
3783434,Предоставление жилья на выходные дни и прочие периоды краткосрочного проживания,true,,,,x,920,,,293286000,1031,,,,,5,Предоставление жилья на выходные дни и прочие периоды краткосрочного проживания,АКМОЛИНСКАЯ ОБЛАСТЬ,АККОЛЬСКИЙ РАЙОН
448573,Предоставление услуг по обеспечению питанием и напитками,false,,,,,,20000000,846,25000000,1031,,,,,2,Предоставление услуг по проживанию и питанию,АКМОЛИНСКАЯ ОБЛАСТЬ,АККОЛЬСКИЙ РАЙОН
448574,Деятельность ресторанов и предоставление услуг по доставке продуктов питания,false,,,,,,20000000,846,25000000,1031,,,,,3,Предоставление услуг по обеспечению питанием и напитками,АКМОЛИНСКАЯ ОБЛАСТЬ,АККОЛЬСКИЙ РАЙОН
448575,Деятельность ресторанов и предоставление услуг по доставке продуктов питания,false,,,,,,20000000,846,25000000,1031,,,,,4,Деятельность ресторанов и предоставление услуг по доставке продуктов питания,АКМОЛИНСКАЯ ОБЛАСТЬ,АККОЛЬСКИЙ РАЙОН
448576,Рестораны и услуги по доставке продуктов питания,true,,,,,,20000000,846,,,,,,,5,Деятельность ресторанов и предоставление услуг по доставке продуктов питания,АКМОЛИНСКАЯ ОБЛАСТЬ,АККОЛЬСКИЙ РАЙОН
20576362,"Деятельность ресторанов и предоставление услуг по доставке продуктов питания, за исключением деятельности объектов, находящихся на придорожной полосе",true,,,,,,,,25000000,1031,,,,,5,Деятельность ресторанов и предоставление услуг по доставке продуктов питания,АКМОЛИНСКАЯ ОБЛАСТЬ,АККОЛЬСКИЙ РАЙОН
448585,Информация и связь,false,,249026000,883,116133000,920,80016000,846,145181000,1031,342121000,994,51391000,957,1,Всего,АКМОЛИНСКАЯ ОБЛАСТЬ,АККОЛЬСКИЙ РАЙОН
448623,Телекоммуникации,false,,249026000,883,116133000,920,80016000,846,145181000,1031,342121000,994,51391000,957,2,Информация и связь,АКМОЛИНСКАЯ ОБЛАСТЬ,АККОЛЬСКИЙ РАЙОН
18696628,Проводная телекоммуникационная связь,false,,96969000,883,5521000,920,35315000,846,,,,,,,3,Телекоммуникации,АКМОЛИНСКАЯ ОБЛАСТЬ,АККОЛЬСКИЙ РАЙОН
18696629,Проводная телекоммуникационная связь,false,,96969000,883,5521000,920,35315000,846,,,,,,,4,Проводная телекоммуникационная связь,АКМОЛИНСКАЯ ОБЛАСТЬ,АККОЛЬСКИЙ РАЙОН
18946146,Прочая проводная телекоммуникационная связь,true,,96969000,883,5521000,920,35315000,846,,,,,,,5,Проводная телекоммуникационная связь,АКМОЛИНСКАЯ ОБЛАСТЬ,АККОЛЬСКИЙ РАЙОН
448627,Беспроводная телекоммуникационная связь,false,,101437000,883,,,,,,,9002000,994,104000,957,3,Телекоммуникации,АКМОЛИНСКАЯ ОБЛАСТЬ,АККОЛЬСКИЙ РАЙОН
448628,Беспроводная телекоммуникационная связь,false,,101437000,883,,,,,,,9002000,994,104000,957,4,Беспроводная телекоммуникационная связь,АКМОЛИНСКАЯ ОБЛАСТЬ,АККОЛЬСКИЙ РАЙОН
18946147,Беспроводная телекоммуникационная связь посредством единой транспортной среды,true,,,,,,,,,,9002000,994,,,5,Беспроводная телекоммуникационная связь,АКМОЛИНСКАЯ ОБЛАСТЬ,АККОЛЬСКИЙ РАЙОН
18946149,Прочая беспроводная телекоммуникационная связь,true,,101437000,883,,,,,,,,,104000,957,5,Беспроводная телекоммуникационная связь,АКМОЛИНСКАЯ ОБЛАСТЬ,АККОЛЬСКИЙ РАЙОН
448630,Деятельность в области спутниковых телекоммуникаций,false,,50620000,883,110612000,920,44701000,846,145181000,1031,333119000,994,51287000,957,3,Телекоммуникации,АКМОЛИНСКАЯ ОБЛАСТЬ,АККОЛЬСКИЙ РАЙОН
448631,Деятельность в области спутниковых телекоммуникаций,false,,50620000,883,110612000,920,44701000,846,145181000,1031,333119000,994,51287000,957,4,Деятельность в области спутниковых телекоммуникаций,АКМОЛИНСКАЯ ОБЛАСТЬ,АККОЛЬСКИЙ РАЙОН
18946152,Деятельность в области спутниковых телекоммуникаций для организации связи,true,,50620000,883,110612000,920,44701000,846,145181000,1031,333119000,994,51287000,957,5,Деятельность в области спутниковых телекоммуникаций,АКМОЛИНСКАЯ ОБЛАСТЬ,АККОЛЬСКИЙ РАЙОН
448714,Операции с недвижимым имуществом,false,,1552079000,883,2052285000,920,984500000,846,1783952000,1031,1351221000,994,903556000,957,1,Всего,АКМОЛИНСКАЯ ОБЛАСТЬ,АККОЛЬСКИЙ РАЙОН
448715,Операции с недвижимым имуществом,false,,1552079000,883,2052285000,920,984500000,846,1783952000,1031,1351221000,994,903556000,957,2,Операции с недвижимым имуществом,АКМОЛИНСКАЯ ОБЛАСТЬ,АККОЛЬСКИЙ РАЙОН
448716,Покупка и продажа собственного недвижимого имущества ,false,,1552079000,883,2052285000,920,984500000,846,1783952000,1031,1307081000,994,903556000,957,3,Операции с недвижимым имуществом,АКМОЛИНСКАЯ ОБЛАСТЬ,АККОЛЬСКИЙ РАЙОН
448717,Покупка и продажа собственного недвижимого имущества ,false,,1552079000,883,2052285000,920,984500000,846,1783952000,1031,1307081000,994,903556000,957,4,Покупка и продажа собственного недвижимого имущества ,АКМОЛИНСКАЯ ОБЛАСТЬ,АККОЛЬСКИЙ РАЙОН
543091,Покупка и продажа многоквартирных и жилых домов (особняков),true,,1552079000,883,2038285000,920,984500000,846,1783952000,1031,1307081000,994,903556000,957,5,Покупка и продажа собственного недвижимого имущества ,АКМОЛИНСКАЯ ОБЛАСТЬ,АККОЛЬСКИЙ РАЙОН
543092,Покупка и продажа прочей недвижимости,true,,,,14000000,920,,,,,,,,,5,Покупка и продажа собственного недвижимого имущества ,АКМОЛИНСКАЯ ОБЛАСТЬ,АККОЛЬСКИЙ РАЙОН
448719,Аренда и управление собственной или арендуемой недвижимостью,false,,,,,,,,,,44140000,994,,,3,Операции с недвижимым имуществом,АКМОЛИНСКАЯ ОБЛАСТЬ,АККОЛЬСКИЙ РАЙОН
448720,Аренда и управление собственной или арендуемой недвижимостью,false,,,,,,,,,,44140000,994,,,4,Аренда и управление собственной или арендуемой недвижимостью,АКМОЛИНСКАЯ ОБЛАСТЬ,АККОЛЬСКИЙ РАЙОН
18946171,Аренда и управление собственной недвижимостью,true,,,,,,,,,,44140000,994,,,5,Аренда и управление собственной или арендуемой недвижимостью,АКМОЛИНСКАЯ ОБЛАСТЬ,АККОЛЬСКИЙ РАЙОН
448797,Деятельность в области административного и вспомогательного обслуживания,false,,4397000,883,1717696000,920,,,5076000,1031,18080000,994,,,1,Всего,АКМОЛИНСКАЯ ОБЛАСТЬ,АККОЛЬСКИЙ РАЙОН
448798,"Аренда, прокат и лизинг",false,,,,x,920,,,,,,,,,2,Деятельность в области административного и вспомогательного обслуживания,АКМОЛИНСКАЯ ОБЛАСТЬ,АККОЛЬСКИЙ РАЙОН
448811,"Аренда и лизинг прочих машин, оборудования и материальных активов",false,,,,x,920,,,,,,,,,3,"Аренда, прокат и лизинг",АКМОЛИНСКАЯ ОБЛАСТЬ,АККОЛЬСКИЙ РАЙОН
448816,"Аренда и лизинг офисных машин и оборудования, включая вычислительную технику ",false,,,,x,920,,,,,,,,,4,"Аренда и лизинг прочих машин, оборудования и материальных активов",АКМОЛИНСКАЯ ОБЛАСТЬ,АККОЛЬСКИЙ РАЙОН
18951503,Аренда компьютерного и периферийного оборудования для инфотелекоммуникационной системы,true,,,,x,920,,,,,,,,,5,"Аренда и лизинг офисных машин и оборудования, включая вычислительную технику ",АКМОЛИНСКАЯ ОБЛАСТЬ,АККОЛЬСКИЙ РАЙОН
448856,Деятельность по обслуживанию зданий и благоустройству территорий,false,,4397000,883,47223000,920,,,5076000,1031,18080000,994,,,2,Деятельность в области административного и вспомогательного обслуживания,АКМОЛИНСКАЯ ОБЛАСТЬ,АККОЛЬСКИЙ РАЙОН
448867,Деятельность по благоустройству территорий,false,,4397000,883,47223000,920,,,5076000,1031,18080000,994,,,3,Деятельность по обслуживанию зданий и благоустройству территорий,АКМОЛИНСКАЯ ОБЛАСТЬ,АККОЛЬСКИЙ РАЙОН
448868,Деятельность по благоустройству территорий,false,,4397000,883,47223000,920,,,5076000,1031,18080000,994,,,4,Деятельность по благоустройству территорий,АКМОЛИНСКАЯ ОБЛАСТЬ,АККОЛЬСКИЙ РАЙОН
448869,Деятельность по благоустройству территорий,true,,4397000,883,47223000,920,,,5076000,1031,18080000,994,,,5,Деятельность по благоустройству территорий,АКМОЛИНСКАЯ ОБЛАСТЬ,АККОЛЬСКИЙ РАЙОН
448889,Государственное управление и оборона; обязательное  социальное обеспечение,false,,,,x,920,,,x,1031,17542820000,994,,,1,Всего,АКМОЛИНСКАЯ ОБЛАСТЬ,АККОЛЬСКИЙ РАЙОН
448890,Государственное управление и оборона; обязательное социальное обеспечение,false,,,,x,920,,,x,1031,17542820000,994,,,2,Государственное управление и оборона; обязательное  социальное обеспечение,АКМОЛИНСКАЯ ОБЛАСТЬ,АККОЛЬСКИЙ РАЙОН
448904,Предоставление государством услуг обществу в целом,false,,,,x,920,,,x,1031,17542820000,994,,,3,Государственное управление и оборона; обязательное социальное обеспечение,АКМОЛИНСКАЯ ОБЛАСТЬ,АККОЛЬСКИЙ РАЙОН
448907,Оборонная деятельность,false,,,,,,,,,,17542820000,994,,,4,Предоставление государством услуг обществу в целом,АКМОЛИНСКАЯ ОБЛАСТЬ,АККОЛЬСКИЙ РАЙОН
448908,Оборонная деятельность,true,,,,,,,,,,17542820000,994,,,5,Оборонная деятельность,АКМОЛИНСКАЯ ОБЛАСТЬ,АККОЛЬСКИЙ РАЙОН
448911,Деятельность по обеспечению общественного порядка и безопасности,false,,,,x,920,,,,,,,,,4,Предоставление государством услуг обществу в целом,АКМОЛИНСКАЯ ОБЛАСТЬ,АККОЛЬСКИЙ РАЙОН
448912,Деятельность по обеспечению общественного порядка и безопасности,true,,,,x,920,,,,,,,,,5,Деятельность по обеспечению общественного порядка и безопасности,АКМОЛИНСКАЯ ОБЛАСТЬ,АККОЛЬСКИЙ РАЙОН
448913,Деятельность по обеспечению безопасности в чрезвычайных ситуациях,false,,,,,,,,x,1031,,,,,4,Предоставление государством услуг обществу в целом,АКМОЛИНСКАЯ ОБЛАСТЬ,АККОЛЬСКИЙ РАЙОН
448914,Деятельность по обеспечению безопасности в чрезвычайных ситуациях,true,,,,,,,,x,1031,,,,,5,Деятельность по обеспечению безопасности в чрезвычайных ситуациях,АКМОЛИНСКАЯ ОБЛАСТЬ,АККОЛЬСКИЙ РАЙОН
448918,Образование,false,,527746000,883,446478000,920,,,291882000,1031,91639000,994,520625000,957,1,Всего,АКМОЛИНСКАЯ ОБЛАСТЬ,АККОЛЬСКИЙ РАЙОН
448919,Образование,false,,527746000,883,446478000,920,,,291882000,1031,91639000,994,520625000,957,2,Образование,АКМОЛИНСКАЯ ОБЛАСТЬ,АККОЛЬСКИЙ РАЙОН
448926,Среднее образование (2-й и 3-й уровни),false,,527746000,883,446478000,920,,,291882000,1031,91639000,994,520625000,957,3,Образование,АКМОЛИНСКАЯ ОБЛАСТЬ,АККОЛЬСКИЙ РАЙОН
448927,Основное и общее среднее образование,false,,275449000,883,446478000,920,,,x,1031,91639000,994,520625000,957,4,Среднее образование (2-й и 3-й уровни),АКМОЛИНСКАЯ ОБЛАСТЬ,АККОЛЬСКИЙ РАЙОН
448928,Основное и общее среднее образование,true,,275449000,883,446478000,920,,,x,1031,91639000,994,520625000,957,5,Основное и общее среднее образование,АКМОЛИНСКАЯ ОБЛАСТЬ,АККОЛЬСКИЙ РАЙОН
448929,Техническое и профессиональное среднее образование,false,,252297000,883,,,,,47332000,1031,,,,,4,Среднее образование (2-й и 3-й уровни),АКМОЛИНСКАЯ ОБЛАСТЬ,АККОЛЬСКИЙ РАЙОН
448930,Профессионально-техническое образование,true,,252297000,883,,,,,47332000,1031,,,,,5,Техническое и профессиональное среднее образование,АКМОЛИНСКАЯ ОБЛАСТЬ,АККОЛЬСКИЙ РАЙОН
448950,Здравоохранение и социальное обслуживание населения,false,,1300000,883,24748000,920,20619000,846,1995107000,1031,849425000,994,912320000,957,1,Всего,АКМОЛИНСКАЯ ОБЛАСТЬ,АККОЛЬСКИЙ РАЙОН
448951,Деятельность в области здравоохранения,false,,1300000,883,24748000,920,20619000,846,1791897000,1031,743354000,994,912320000,957,2,Здравоохранение и социальное обслуживание населения,АКМОЛИНСКАЯ ОБЛАСТЬ,АККОЛЬСКИЙ РАЙОН
448952,Деятельность больничных организаций,false,,1300000,883,17748000,920,20619000,846,1037098000,1031,725960000,994,912320000,957,3,Деятельность в области здравоохранения,АКМОЛИНСКАЯ ОБЛАСТЬ,АККОЛЬСКИЙ РАЙОН
448953,Деятельность больничных организаций,false,,1300000,883,17748000,920,20619000,846,1037098000,1031,725960000,994,912320000,957,4,Деятельность больничных организаций,АКМОЛИНСКАЯ ОБЛАСТЬ,АККОЛЬСКИЙ РАЙОН
448954,Деятельность больниц широкого профиля и специализированных больниц,true,,1300000,883,17748000,920,20619000,846,98370000,1031,43658000,994,118357000,957,5,Деятельность больничных организаций,АКМОЛИНСКАЯ ОБЛАСТЬ,АККОЛЬСКИЙ РАЙОН
18703670,Деятельность санаторно-курортных организаций,true,,,,,,,,492049000,1031,,,,,5,Деятельность больничных организаций,АКМОЛИНСКАЯ ОБЛАСТЬ,АККОЛЬСКИЙ РАЙОН
448958,"Деятельность других лечебных учреждений, имеющих стационары",true,,,,,,,,446679000,1031,682302000,994,793963000,957,5,Деятельность больничных организаций,АКМОЛИНСКАЯ ОБЛАСТЬ,АККОЛЬСКИЙ РАЙОН
448959,Деятельность в области врачебной практики и стоматологии,false,,,,x,920,,,754799000,1031,10394000,994,,,3,Деятельность в области здравоохранения,АКМОЛИНСКАЯ ОБЛАСТЬ,АККОЛЬСКИЙ РАЙОН
448960,Общая врачебная практика,false,,,,x,920,,,754799000,1031,10394000,994,,,4,Деятельность в области врачебной практики и стоматологии,АКМОЛИНСКАЯ ОБЛАСТЬ,АККОЛЬСКИЙ РАЙОН
448961,Общая врачебная практика,true,,,,x,920,,,754799000,1031,10394000,994,,,5,Общая врачебная практика,АКМОЛИНСКАЯ ОБЛАСТЬ,АККОЛЬСКИЙ РАЙОН
448966,Прочая деятельность в области здравоохранения ,false,,,,,,,,,,x,994,,,3,Деятельность в области здравоохранения,АКМОЛИНСКАЯ ОБЛАСТЬ,АККОЛЬСКИЙ РАЙОН
448967,Прочая деятельность в области здравоохранения ,false,,,,,,,,,,x,994,,,4,Прочая деятельность в области здравоохранения ,АКМОЛИНСКАЯ ОБЛАСТЬ,АККОЛЬСКИЙ РАЙОН
448968,Прочая деятельность в области здравоохранения ,true,,,,,,,,,,x,994,,,5,Прочая деятельность в области здравоохранения ,АКМОЛИНСКАЯ ОБЛАСТЬ,АККОЛЬСКИЙ РАЙОН
448969,Предоставление социальных услуг с обеспечением проживания,false,,,,,,,,203210000,1031,106071000,994,,,2,Здравоохранение и социальное обслуживание населения,АКМОЛИНСКАЯ ОБЛАСТЬ,АККОЛЬСКИЙ РАЙОН
448973,"Предоставление социальных услуг с обеспечением проживания лицам, страдающим психическими расстройствами (заболеваниями), с умственными и физическими недостатками, алкогольной или наркотической зависимостью",false,,,,,,,,203210000,1031,106071000,994,,,3,Предоставление социальных услуг с обеспечением проживания,АКМОЛИНСКАЯ ОБЛАСТЬ,АККОЛЬСКИЙ РАЙОН
448974,"Предоставление социальных услуг с обеспечением проживания лицам, страдающим психическими расстройствами (заболеваниями), с умственными и физическими недостатками, алкогольной или наркотической зависимостью",false,,,,,,,,203210000,1031,106071000,994,,,4,"Предоставление социальных услуг с обеспечением проживания лицам, страдающим психическими расстройствами (заболеваниями), с умственными и физическими недостатками, алкогольной или наркотической зависимостью",АКМОЛИНСКАЯ ОБЛАСТЬ,АККОЛЬСКИЙ РАЙОН
448975,"Предоставление социальных услуг с обеспечением проживания лицам, страдающим психическими расстройствами (заболеваниями), с умственными и физическими недостатками, алкогольной или наркотической зависимостью",true,,,,,,,,203210000,1031,106071000,994,,,5,"Предоставление социальных услуг с обеспечением проживания лицам, страдающим психическими расстройствами (заболеваниями), с умственными и физическими недостатками, алкогольной или наркотической зависимостью",АКМОЛИНСКАЯ ОБЛАСТЬ,АККОЛЬСКИЙ РАЙОН
448991,"Искусство, развлечения и отдых",false,,x,883,190651000,920,,,79892000,1031,300537000,994,387439000,957,1,Всего,АКМОЛИНСКАЯ ОБЛАСТЬ,АККОЛЬСКИЙ РАЙОН
449022,"Деятельность в области спорта, организации отдыха и развлечений",false,,x,883,190651000,920,,,79892000,1031,300537000,994,387439000,957,2,"Искусство, развлечения и отдых",АКМОЛИНСКАЯ ОБЛАСТЬ,АККОЛЬСКИЙ РАЙОН
449023,Деятельность в области спорта,false,,,,90317000,920,,,79892000,1031,11529000,994,134439000,957,3,"Деятельность в области спорта, организации отдыха и развлечений",АКМОЛИНСКАЯ ОБЛАСТЬ,АККОЛЬСКИЙ РАЙОН
449024,Эксплуатация спортивных сооружений,false,,,,90317000,920,,,79892000,1031,11529000,994,134439000,957,4,Деятельность в области спорта,АКМОЛИНСКАЯ ОБЛАСТЬ,АККОЛЬСКИЙ РАЙОН
449025,Эксплуатация спортивных сооружений,true,,,,90317000,920,,,79892000,1031,11529000,994,134439000,957,5,Эксплуатация спортивных сооружений,АКМОЛИНСКАЯ ОБЛАСТЬ,АККОЛЬСКИЙ РАЙОН
449032,Деятельность по организации отдыха и развлечений,false,,x,883,100334000,920,,,,,289008000,994,x,957,3,"Деятельность в области спорта, организации отдыха и развлечений",АКМОЛИНСКАЯ ОБЛАСТЬ,АККОЛЬСКИЙ РАЙОН
449035,Прочая деятельность по организации отдыха и развлечений,false,,x,883,100334000,920,,,,,289008000,994,x,957,4,Деятельность по организации отдыха и развлечений,АКМОЛИНСКАЯ ОБЛАСТЬ,АККОЛЬСКИЙ РАЙОН
449039,Прочие виды деятельности по организации отдыха и развлечений,true,,x,883,100334000,920,,,,,289008000,994,x,957,5,Прочая деятельность по организации отдыха и развлечений,АКМОЛИНСКАЯ ОБЛАСТЬ,АККОЛЬСКИЙ РАЙОН
449040,Предоставление прочих видов услуг,false,,,,,,6322000,846,,,,,,,1,Всего,АКМОЛИНСКАЯ ОБЛАСТЬ,АККОЛЬСКИЙ РАЙОН
449084,Предоставление прочих индивидуальных услуг,false,,,,,,6322000,846,,,,,,,2,Предоставление прочих видов услуг,АКМОЛИНСКАЯ ОБЛАСТЬ,АККОЛЬСКИЙ РАЙОН
449085,Предоставление прочих индивидуальных услуг,false,,,,,,6322000,846,,,,,,,3,Предоставление прочих индивидуальных услуг,АКМОЛИНСКАЯ ОБЛАСТЬ,АККОЛЬСКИЙ РАЙОН
449093,Деятельность по обеспечению физического комфорта,false,,,,,,6322000,846,,,,,,,4,Предоставление прочих индивидуальных услуг,АКМОЛИНСКАЯ ОБЛАСТЬ,АККОЛЬСКИЙ РАЙОН
449094,Деятельность по обеспечению физического комфорта,true,,,,,,6322000,846,,,,,,,5,Деятельность по обеспечению физического комфорта,АКМОЛИНСКАЯ ОБЛАСТЬ,АККОЛЬСКИЙ РАЙОН
741340,Промышленность,false,,4847190000,883,19269323000,920,4341986000,846,4502122000,1031,1753898000,994,16177440000,957,1,Всего,АКМОЛИНСКАЯ ОБЛАСТЬ,АККОЛЬСКИЙ РАЙОН
447279,Горнодобывающая промышленность и разработка карьеров,false,,,,,,x,846,,,,,,,2,Промышленность,АКМОЛИНСКАЯ ОБЛАСТЬ,АККОЛЬСКИЙ РАЙОН
447316,Добыча прочих полезных ископаемых,false,,,,,,x,846,,,,,,,3,Горнодобывающая промышленность и разработка карьеров,АКМОЛИНСКАЯ ОБЛАСТЬ,АККОЛЬСКИЙ РАЙОН
447317,"Добыча камня, песка и глины",false,,,,,,x,846,,,,,,,4,Добыча прочих полезных ископаемых,АКМОЛИНСКАЯ ОБЛАСТЬ,АККОЛЬСКИЙ РАЙОН
447322,"Разработка гравийных и песчаных карьеров, добыча глины и каолина",false,,,,,,x,846,,,,,,,5,"Добыча камня, песка и глины",АКМОЛИНСКАЯ ОБЛАСТЬ,АККОЛЬСКИЙ РАЙОН
447346,Обрабатывающая промышленность,false,,71000000,883,300000000,920,108639000,846,37544000,1031,x,994,2437000,957,2,Промышленность,АКМОЛИНСКАЯ ОБЛАСТЬ,АККОЛЬСКИЙ РАЙОН
447347,Производство продуктов питания,false,,,,,,,,x,1031,,,,,3,Обрабатывающая промышленность,АКМОЛИНСКАЯ ОБЛАСТЬ,АККОЛЬСКИЙ РАЙОН
447377,"Производство мукомольно-крупяных продуктов, крахмалов и крахмальных продуктов",false,,,,,,,,x,1031,,,,,4,Производство продуктов питания,АКМОЛИНСКАЯ ОБЛАСТЬ,АККОЛЬСКИЙ РАЙОН
447378,Производство мукомольно-крупяных продуктов,false,,,,,,,,x,1031,,,,,5,"Производство мукомольно-крупяных продуктов, крахмалов и крахмальных продуктов",АКМОЛИНСКАЯ ОБЛАСТЬ,АККОЛЬСКИЙ РАЙОН
447413,Производство напитков,false,,,,,,60000000,846,,,,,,,3,Обрабатывающая промышленность,АКМОЛИНСКАЯ ОБЛАСТЬ,АККОЛЬСКИЙ РАЙОН
447414,Производство напитков,false,,,,,,60000000,846,,,,,,,4,Производство напитков,АКМОЛИНСКАЯ ОБЛАСТЬ,АККОЛЬСКИЙ РАЙОН
447427,"Производство безалкогольных напитков, минеральных вод и других вод в бутылках",false,,,,,,60000000,846,,,,,,,5,Производство напитков,АКМОЛИНСКАЯ ОБЛАСТЬ,АККОЛЬСКИЙ РАЙОН
447508,"Производство деревянных и пробковых изделий, кроме мебели; производство изделий из соломки и материалов для плетения",false,,,,,,,,4071000,1031,,,,,3,Обрабатывающая промышленность,АКМОЛИНСКАЯ ОБЛАСТЬ,АККОЛЬСКИЙ РАЙОН
447514,"Производство изделий из древесины, пробки, соломки и материалов для плетения ",false,,,,,,,,4071000,1031,,,,,4,"Производство деревянных и пробковых изделий, кроме мебели; производство изделий из соломки и материалов для плетения",АКМОЛИНСКАЯ ОБЛАСТЬ,АККОЛЬСКИЙ РАЙОН
447519,Производство прочих деревянных строительных конструкций и столярных  изделий,false,,,,,,,,4071000,1031,,,,,5,"Производство изделий из древесины, пробки, соломки и материалов для плетения ",АКМОЛИНСКАЯ ОБЛАСТЬ,АККОЛЬСКИЙ РАЙОН
447572,Производство продуктов химической промышленности,false,,,,300000000,920,,,,,,,,,3,Обрабатывающая промышленность,АКМОЛИНСКАЯ ОБЛАСТЬ,АККОЛЬСКИЙ РАЙОН
447594,"Производство красок, лаков и аналогичных покрытий, типографской краски и мастик",false,,,,300000000,920,,,,,,,,,4,Производство продуктов химической промышленности,АКМОЛИНСКАЯ ОБЛАСТЬ,АККОЛЬСКИЙ РАЙОН
447595,"Производство красок, лаков и аналогичных покрытий, типографской краски и мастик",false,,,,300000000,920,,,,,,,,,5,"Производство красок, лаков и аналогичных покрытий, типографской краски и мастик",АКМОЛИНСКАЯ ОБЛАСТЬ,АККОЛЬСКИЙ РАЙОН
447646,Производство прочей не металлической минеральной продукции,false,,71000000,883,,,48293000,846,,,x,994,,,3,Обрабатывающая промышленность,АКМОЛИНСКАЯ ОБЛАСТЬ,АККОЛЬСКИЙ РАЙОН
447664,Производство строительных материалов из глины,false,,,,,,x,846,,,,,,,4,Производство прочей не металлической минеральной продукции,АКМОЛИНСКАЯ ОБЛАСТЬ,АККОЛЬСКИЙ РАЙОН
447667,"Производство кирпича, черепицы и прочих строительных изделий из обожженной глины",false,,,,,,x,846,,,,,,,5,Производство строительных материалов из глины,АКМОЛИНСКАЯ ОБЛАСТЬ,АККОЛЬСКИЙ РАЙОН
447688,"Производство изделий из бетона, цемента и строительного гипса ",false,,71000000,883,,,x,846,,,,,,,4,Производство прочей не металлической минеральной продукции,АКМОЛИНСКАЯ ОБЛАСТЬ,АККОЛЬСКИЙ РАЙОН
447689,Производство строительных изделий из бетона,false,,x,883,,,,,,,,,,,5,"Производство изделий из бетона, цемента и строительного гипса ",АКМОЛИНСКАЯ ОБЛАСТЬ,АККОЛЬСКИЙ РАЙОН
447695,Производство товарного бетона ,false,,x,883,,,x,846,,,,,,,5,"Производство изделий из бетона, цемента и строительного гипса ",АКМОЛИНСКАЯ ОБЛАСТЬ,АККОЛЬСКИЙ РАЙОН
447707,Производство абразивных изделий и прочей неметаллической минеральной продукции,false,,,,,,,,,,x,994,,,4,Производство прочей не металлической минеральной продукции,АКМОЛИНСКАЯ ОБЛАСТЬ,АККОЛЬСКИЙ РАЙОН
447710,"Производство прочей неметаллической минеральной продукции, не включенной в другие группировки",false,,,,,,,,,,x,994,,,5,Производство абразивных изделий и прочей неметаллической минеральной продукции,АКМОЛИНСКАЯ ОБЛАСТЬ,АККОЛЬСКИЙ РАЙОН
448050,Ремонт и установка машин и оборудования,false,,,,,,346000,846,15144000,1031,,,2437000,957,3,Обрабатывающая промышленность,АКМОЛИНСКАЯ ОБЛАСТЬ,АККОЛЬСКИЙ РАЙОН
448051,"Ремонт готовых металлических изделий, машин и оборудования",false,,,,,,346000,846,15144000,1031,,,2437000,957,4,Ремонт и установка машин и оборудования,АКМОЛИНСКАЯ ОБЛАСТЬ,АККОЛЬСКИЙ РАЙОН
448059,Ремонт машин и оборудования,false,,,,,,346000,846,15144000,1031,,,2437000,957,5,"Ремонт готовых металлических изделий, машин и оборудования",АКМОЛИНСКАЯ ОБЛАСТЬ,АККОЛЬСКИЙ РАЙОН
448090,"Снабжение электроэнергией, газом, паром, горячей водой и кондиционированным воздухом",false,,1016711000,883,631603000,920,418341000,846,402820000,1031,481832000,994,63143000,957,2,Промышленность,АКМОЛИНСКАЯ ОБЛАСТЬ,АККОЛЬСКИЙ РАЙОН
448091,"Снабжение электроэнергией, газом, паром, горячей водой и кондиционированным воздухом",false,,1016711000,883,631603000,920,418341000,846,402820000,1031,481832000,994,63143000,957,3,"Снабжение электроэнергией, газом, паром, горячей водой и кондиционированным воздухом",АКМОЛИНСКАЯ ОБЛАСТЬ,АККОЛЬСКИЙ РАЙОН
448092,"Производство, передача и распределение электроэнергии",false,,71628000,883,104349000,920,416687000,846,179394000,1031,471857000,994,63143000,957,4,"Снабжение электроэнергией, газом, паром, горячей водой и кондиционированным воздухом",АКМОЛИНСКАЯ ОБЛАСТЬ,АККОЛЬСКИЙ РАЙОН
448098,Передача электроэнергии,false,,,,,,,,x,1031,x,994,,,5,"Производство, передача и распределение электроэнергии",АКМОЛИНСКАЯ ОБЛАСТЬ,АККОЛЬСКИЙ РАЙОН
448100,Распределение электроэнергии,false,,71628000,883,104349000,920,416687000,846,967000,1031,36345000,994,63143000,957,5,"Производство, передача и распределение электроэнергии",АКМОЛИНСКАЯ ОБЛАСТЬ,АККОЛЬСКИЙ РАЙОН
448102,Продажа электроэнергии ,false,,,,,,,,4035000,1031,,,,,5,"Производство, передача и распределение электроэнергии",АКМОЛИНСКАЯ ОБЛАСТЬ,АККОЛЬСКИЙ РАЙОН
448111,"Снабжение паром, горячей водой и кондиционированным воздухом",false,,945083000,883,527254000,920,1654000,846,223426000,1031,9975000,994,,,4,"Снабжение электроэнергией, газом, паром, горячей водой и кондиционированным воздухом",АКМОЛИНСКАЯ ОБЛАСТЬ,АККОЛЬСКИЙ РАЙОН
448112,"Снабжение паром, горячей водой и кондиционированным воздухом",false,,945083000,883,527254000,920,1654000,846,223426000,1031,9975000,994,,,5,"Снабжение паром, горячей водой и кондиционированным воздухом",АКМОЛИНСКАЯ ОБЛАСТЬ,АККОЛЬСКИЙ РАЙОН
448117,"Водоснабжение; сбор, обработка и удаление отходов, деятельность по ликвидации загрязнений",false,,3759479000,883,18337720000,920,3811613000,846,4061758000,1031,1263852000,994,16111860000,957,2,Промышленность,АКМОЛИНСКАЯ ОБЛАСТЬ,АККОЛЬСКИЙ РАЙОН
448118,"Сбор, обработка и распределение воды",false,,3759479000,883,18208412000,920,3811613000,846,4061758000,1031,1263852000,994,16110216000,957,3,"Водоснабжение; сбор, обработка и удаление отходов, деятельность по ликвидации загрязнений",АКМОЛИНСКАЯ ОБЛАСТЬ,АККОЛЬСКИЙ РАЙОН
448119,"Сбор, обработка и распределение воды",false,,3759479000,883,18208412000,920,3811613000,846,4061758000,1031,1263852000,994,16110216000,957,4,"Сбор, обработка и распределение воды",АКМОЛИНСКАЯ ОБЛАСТЬ,АККОЛЬСКИЙ РАЙОН
448120,"Сбор, обработка и распределение воды",false,,3759479000,883,18208412000,920,3811613000,846,4061758000,1031,1263852000,994,16110216000,957,5,"Сбор, обработка и распределение воды",АКМОЛИНСКАЯ ОБЛАСТЬ,АККОЛЬСКИЙ РАЙОН
448122,Сбор и обработка сточных вод,false,,,,x,920,,,,,,,,,3,"Водоснабжение; сбор, обработка и удаление отходов, деятельность по ликвидации загрязнений",АКМОЛИНСКАЯ ОБЛАСТЬ,АККОЛЬСКИЙ РАЙОН
448123,Сбор и обработка сточных вод,false,,,,x,920,,,,,,,,,4,Сбор и обработка сточных вод,АКМОЛИНСКАЯ ОБЛАСТЬ,АККОЛЬСКИЙ РАЙОН
448124,Сбор и обработка сточных вод,false,,,,x,920,,,,,,,,,5,Сбор и обработка сточных вод,АКМОЛИНСКАЯ ОБЛАСТЬ,АККОЛЬСКИЙ РАЙОН
448126,"Сбор, обработка и удаление отходов; утилизация (восстановление) материалов",false,,,,,,,,,,,,1644000,957,3,"Водоснабжение; сбор, обработка и удаление отходов, деятельность по ликвидации загрязнений",АКМОЛИНСКАЯ ОБЛАСТЬ,АККОЛЬСКИЙ РАЙОН
448132,Обработка и удаление отходов,false,,,,,,,,,,,,1644000,957,4,"Сбор, обработка и удаление отходов; утилизация (восстановление) материалов",АКМОЛИНСКАЯ ОБЛАСТЬ,АККОЛЬСКИЙ РАЙОН
448135,Обработка и удаление опасных отходов,false,,,,,,,,,,,,1644000,957,5,Обработка и удаление отходов,АКМОЛИНСКАЯ ОБЛАСТЬ,АККОЛЬСКИЙ РАЙОН
741885,Всего,false,,39023959000,883,41598058000,920,45296257000,846,29615368000,1031,144599717000,994,60213205000,957,0,,АКМОЛИНСКАЯ ОБЛАСТЬ,АРШАЛЫНСКИЙ РАЙОН
447173,"Сельское, лесное и рыбное хозяйство",false,,3165386000,883,15260991000,920,3502389000,846,4979939000,1031,3863685000,994,6915125000,957,1,Всего,АКМОЛИНСКАЯ ОБЛАСТЬ,АРШАЛЫНСКИЙ РАЙОН
447174,"Растениеводство и животноводство, охота и предоставление услуг в этих областях",false,,3165386000,883,15260991000,920,3502389000,846,4969455000,1031,3743685000,994,6915125000,957,2,"Сельское, лесное и рыбное хозяйство",АКМОЛИНСКАЯ ОБЛАСТЬ,АРШАЛЫНСКИЙ РАЙОН
447175,Выращивание одно- или двухлетних культур,false,,2374238000,883,4714361000,920,1877705000,846,1533060000,1031,2257558000,994,3056816000,957,3,"Растениеводство и животноводство, охота и предоставление услуг в этих областях",АКМОЛИНСКАЯ ОБЛАСТЬ,АРШАЛЫНСКИЙ РАЙОН
447176,"Выращивание зерновых (кроме риса), бобовых и масличных культур",false,,2254229000,883,4690037000,920,1648841000,846,1533060000,1031,2210248000,994,2907322000,957,4,Выращивание одно- или двухлетних культур,АКМОЛИНСКАЯ ОБЛАСТЬ,АРШАЛЫНСКИЙ РАЙОН
3783380,"Выращивание зерновых и зернобобовых культур, включая семеноводство",true,,2254229000,883,4690037000,920,1648841000,846,1533060000,1031,2210248000,994,2907322000,957,5,"Выращивание зерновых (кроме риса), бобовых и масличных культур",АКМОЛИНСКАЯ ОБЛАСТЬ,АРШАЛЫНСКИЙ РАЙОН
447181,"Выращивание овощей, бахчевых, корнеплодов и клубнеплодов",false,,120009000,883,24324000,920,197373000,846,,,47310000,994,149494000,957,4,Выращивание одно- или двухлетних культур,АКМОЛИНСКАЯ ОБЛАСТЬ,АРШАЛЫНСКИЙ РАЙОН
447182,Выращивание картофеля и посадочного материала,true,,120009000,883,24324000,920,x,846,,,47310000,994,149494000,957,5,"Выращивание овощей, бахчевых, корнеплодов и клубнеплодов",АКМОЛИНСКАЯ ОБЛАСТЬ,АРШАЛЫНСКИЙ РАЙОН
447183,"Выращивание овощей, их семян и рассады",true,,,,,,7227000,846,,,,,,,5,"Выращивание овощей, бахчевых, корнеплодов и клубнеплодов",АКМОЛИНСКАЯ ОБЛАСТЬ,АРШАЛЫНСКИЙ РАЙОН
447192,Выращивание прочих одно- или двухлетних культур,false,,,,,,31491000,846,,,,,,,4,Выращивание одно- или двухлетних культур,АКМОЛИНСКАЯ ОБЛАСТЬ,АРШАЛЫНСКИЙ РАЙОН
447194,"Выращивание цветов, семеноводство цветочных культур",true,,,,,,31491000,846,,,,,,,5,Выращивание прочих одно- или двухлетних культур,АКМОЛИНСКАЯ ОБЛАСТЬ,АРШАЛЫНСКИЙ РАЙОН
447218,Животноводство,false,,772252000,883,10529417000,920,1624684000,846,3435790000,1031,1485770000,994,3857444000,957,3,"Растениеводство и животноводство, охота и предоставление услуг в этих областях",АКМОЛИНСКАЯ ОБЛАСТЬ,АРШАЛЫНСКИЙ РАЙОН
447219,Разведение крупного рогатого скота молочного направления,false,,x,883,25234000,920,30114000,846,853653000,1031,1400324000,994,,,4,Животноводство,АКМОЛИНСКАЯ ОБЛАСТЬ,АРШАЛЫНСКИЙ РАЙОН
447220,Разведение крупного рогатого скота молочного направления,true,,x,883,25234000,920,30114000,846,853653000,1031,1400324000,994,,,5,Разведение крупного рогатого скота молочного направления,АКМОЛИНСКАЯ ОБЛАСТЬ,АРШАЛЫНСКИЙ РАЙОН
447221,Разведение прочего крупного рогатого скота и буйволов,false,,200159000,883,48528000,920,495455000,846,1332900000,1031,,,1290000,957,4,Животноводство,АКМОЛИНСКАЯ ОБЛАСТЬ,АРШАЛЫНСКИЙ РАЙОН
447222,Разведение прочего крупного рогатого скота и буйволов,true,,200159000,883,48528000,920,495455000,846,1332900000,1031,,,1290000,957,5,Разведение прочего крупного рогатого скота и буйволов,АКМОЛИНСКАЯ ОБЛАСТЬ,АРШАЛЫНСКИЙ РАЙОН
447223,Разведение лошадей и прочих животных семейства лошадиных,false,,,,,,,,,,13200000,994,,,4,Животноводство,АКМОЛИНСКАЯ ОБЛАСТЬ,АРШАЛЫНСКИЙ РАЙОН
447224,Разведение лошадей,true,,,,,,,,,,13200000,994,,,5,Разведение лошадей и прочих животных семейства лошадиных,АКМОЛИНСКАЯ ОБЛАСТЬ,АРШАЛЫНСКИЙ РАЙОН
447232,Разведение сельскохозяйственной птицы ,false,,x,883,10455655000,920,1099115000,846,1249237000,1031,72246000,994,3856154000,957,4,Животноводство,АКМОЛИНСКАЯ ОБЛАСТЬ,АРШАЛЫНСКИЙ РАЙОН
447233,"Разведение птицы на мясо, племенной птицы и молодняка",true,,x,883,10245784000,920,56482000,846,1017874000,1031,,,3803277000,957,5,Разведение сельскохозяйственной птицы ,АКМОЛИНСКАЯ ОБЛАСТЬ,АРШАЛЫНСКИЙ РАЙОН
447234,Производство яиц,true,,x,883,209871000,920,x,846,231363000,1031,72246000,994,52877000,957,5,Разведение сельскохозяйственной птицы ,АКМОЛИНСКАЯ ОБЛАСТЬ,АРШАЛЫНСКИЙ РАЙОН
447235,"Производство смешанное, мясояичное",true,,,,,,x,846,,,,,,,5,Разведение сельскохозяйственной птицы ,АКМОЛИНСКАЯ ОБЛАСТЬ,АРШАЛЫНСКИЙ РАЙОН
447239,Смешанное сельское хозяйство,false,,x,883,17213000,920,,,,,278000,994,865000,957,3,"Растениеводство и животноводство, охота и предоставление услуг в этих областях",АКМОЛИНСКАЯ ОБЛАСТЬ,АРШАЛЫНСКИЙ РАЙОН
447240,Смешанное сельское хозяйство,false,,x,883,17213000,920,,,,,278000,994,865000,957,4,Смешанное сельское хозяйство,АКМОЛИНСКАЯ ОБЛАСТЬ,АРШАЛЫНСКИЙ РАЙОН
447241,Смешанное сельское хозяйство,true,,x,883,17213000,920,,,,,278000,994,865000,957,5,Смешанное сельское хозяйство,АКМОЛИНСКАЯ ОБЛАСТЬ,АРШАЛЫНСКИЙ РАЙОН
18683346,"Деятельность, способствующая выращиванию сельскохозяйственных культур и разведению животных и деятельность по обработке урожая",false,,x,883,,,,,,,,,,,3,"Растениеводство и животноводство, охота и предоставление услуг в этих областях",АКМОЛИНСКАЯ ОБЛАСТЬ,АРШАЛЫНСКИЙ РАЙОН
18683354,Деятельность по обработке семян для посадки,false,,x,883,,,,,,,,,,,4,"Деятельность, способствующая выращиванию сельскохозяйственных культур и разведению животных и деятельность по обработке урожая",АКМОЛИНСКАЯ ОБЛАСТЬ,АРШАЛЫНСКИЙ РАЙОН
18683355,Деятельность по обработке семян для посадки,true,,x,883,,,,,,,,,,,5,Деятельность по обработке семян для посадки,АКМОЛИНСКАЯ ОБЛАСТЬ,АРШАЛЫНСКИЙ РАЙОН
447252,"Охота и отлов, включая предоставление услуг в этих областях",false,,,,,,,,605000,1031,79000,994,,,3,"Растениеводство и животноводство, охота и предоставление услуг в этих областях",АКМОЛИНСКАЯ ОБЛАСТЬ,АРШАЛЫНСКИЙ РАЙОН
447253,"Охота и отлов, включая предоставление услуг в этих областях",false,,,,,,,,605000,1031,79000,994,,,4,"Охота и отлов, включая предоставление услуг в этих областях",АКМОЛИНСКАЯ ОБЛАСТЬ,АРШАЛЫНСКИЙ РАЙОН
447254,"Охота и отлов, включая предоставление услуг в этих областях",true,,,,,,,,605000,1031,79000,994,,,5,"Охота и отлов, включая предоставление услуг в этих областях",АКМОЛИНСКАЯ ОБЛАСТЬ,АРШАЛЫНСКИЙ РАЙОН
447268,Рыболовство и рыбоводство,false,,,,,,,,10484000,1031,120000000,994,,,2,"Сельское, лесное и рыбное хозяйство",АКМОЛИНСКАЯ ОБЛАСТЬ,АРШАЛЫНСКИЙ РАЙОН
447269,Рыболовство,false,,,,,,,,10484000,1031,,,,,3,Рыболовство и рыбоводство,АКМОЛИНСКАЯ ОБЛАСТЬ,АРШАЛЫНСКИЙ РАЙОН
447272,Пресноводное рыболовство,false,,,,,,,,10484000,1031,,,,,4,Рыболовство,АКМОЛИНСКАЯ ОБЛАСТЬ,АРШАЛЫНСКИЙ РАЙОН
447273,Пресноводное рыболовство,true,,,,,,,,10484000,1031,,,,,5,Пресноводное рыболовство,АКМОЛИНСКАЯ ОБЛАСТЬ,АРШАЛЫНСКИЙ РАЙОН
447274,Рыбоводство,false,,,,,,,,,,120000000,994,,,3,Рыболовство и рыбоводство,АКМОЛИНСКАЯ ОБЛАСТЬ,АРШАЛЫНСКИЙ РАЙОН
447277,Пресноводное рыбоводство,false,,,,,,,,,,120000000,994,,,4,Рыбоводство,АКМОЛИНСКАЯ ОБЛАСТЬ,АРШАЛЫНСКИЙ РАЙОН
447278,Пресноводное рыбоводство,true,,,,,,,,,,120000000,994,,,5,Пресноводное рыбоводство,АКМОЛИНСКАЯ ОБЛАСТЬ,АРШАЛЫНСКИЙ РАЙОН
448148,Строительство,false,,44571000,883,47925000,920,65462000,846,108405000,1031,115817000,994,42490000,957,1,Всего,АКМОЛИНСКАЯ ОБЛАСТЬ,АРШАЛЫНСКИЙ РАЙОН
18710963,Строительство зданий,false,,14544000,883,x,920,25699000,846,,,,,x,957,2,Строительство,АКМОЛИНСКАЯ ОБЛАСТЬ,АРШАЛЫНСКИЙ РАЙОН
18710967,Строительство жилых и нежилых зданий,false,,14544000,883,x,920,25699000,846,,,,,x,957,3,Строительство зданий,АКМОЛИНСКАЯ ОБЛАСТЬ,АРШАЛЫНСКИЙ РАЙОН
18710968,Строительство жилых и нежилых зданий,false,,14544000,883,x,920,25699000,846,,,,,x,957,4,Строительство жилых и нежилых зданий,АКМОЛИНСКАЯ ОБЛАСТЬ,АРШАЛЫНСКИЙ РАЙОН
18710969,Строительство жилых зданий,true,,x,883,x,920,x,846,,,,,x,957,5,Строительство жилых и нежилых зданий,АКМОЛИНСКАЯ ОБЛАСТЬ,АРШАЛЫНСКИЙ РАЙОН
18801543,"Строительство нежилых зданий, за исключением стационарных торговых объектов категорий 1, 2",true,,x,883,,,x,846,,,,,,,5,Строительство жилых и нежилых зданий,АКМОЛИНСКАЯ ОБЛАСТЬ,АРШАЛЫНСКИЙ РАЙОН
448157,Гражданское строительство,false,,,,,,,,x,1031,x,994,,,2,Строительство,АКМОЛИНСКАЯ ОБЛАСТЬ,АРШАЛЫНСКИЙ РАЙОН
448158,Строительство автомобильных и железных дорог,false,,,,,,,,x,1031,x,994,,,3,Гражданское строительство,АКМОЛИНСКАЯ ОБЛАСТЬ,АРШАЛЫНСКИЙ РАЙОН
18696143,Строительство автомобильных дорог,false,,,,,,,,x,1031,x,994,,,4,Строительство автомобильных и железных дорог,АКМОЛИНСКАЯ ОБЛАСТЬ,АРШАЛЫНСКИЙ РАЙОН
18946136,Строительство дорог и автомагистралей,true,,,,,,,,x,1031,x,994,,,5,Строительство автомобильных дорог,АКМОЛИНСКАЯ ОБЛАСТЬ,АРШАЛЫНСКИЙ РАЙОН
448177,Специализированные строительные работы,false,,x,883,47767000,920,39763000,846,106252000,1031,x,994,42232000,957,2,Строительство,АКМОЛИНСКАЯ ОБЛАСТЬ,АРШАЛЫНСКИЙ РАЙОН
448178,"Снос  зданий и сооружений, подготовка строительного участка",false,,,,,,x,846,72389000,1031,,,,,3,Специализированные строительные работы,АКМОЛИНСКАЯ ОБЛАСТЬ,АРШАЛЫНСКИЙ РАЙОН
448181,Подготовка строительного участка,false,,,,,,x,846,72389000,1031,,,,,4,"Снос  зданий и сооружений, подготовка строительного участка",АКМОЛИНСКАЯ ОБЛАСТЬ,АРШАЛЫНСКИЙ РАЙОН
448183,Взрывные работы,true,,,,,,x,846,72389000,1031,,,,,5,Подготовка строительного участка,АКМОЛИНСКАЯ ОБЛАСТЬ,АРШАЛЫНСКИЙ РАЙОН
448207,Прочие специализированные строительные работы,false,,x,883,47767000,920,6093000,846,x,1031,x,994,42232000,957,3,Специализированные строительные работы,АКМОЛИНСКАЯ ОБЛАСТЬ,АРШАЛЫНСКИЙ РАЙОН
448210,"Прочие специализированные строительные работы, не включенные в другие группировки",false,,x,883,47767000,920,6093000,846,x,1031,x,994,42232000,957,4,Прочие специализированные строительные работы,АКМОЛИНСКАЯ ОБЛАСТЬ,АРШАЛЫНСКИЙ РАЙОН
448213,Аренда строительного оборудования с оператором,true,,x,883,47767000,920,6093000,846,x,1031,x,994,42232000,957,5,"Прочие специализированные строительные работы, не включенные в другие группировки",АКМОЛИНСКАЯ ОБЛАСТЬ,АРШАЛЫНСКИЙ РАЙОН
448215,Оптовая и розничная торговля; ремонт автомобилей и мотоциклов,false,,44234000,883,186085000,920,38645000,846,154238000,1031,714852000,994,530303000,957,1,Всего,АКМОЛИНСКАЯ ОБЛАСТЬ,АРШАЛЫНСКИЙ РАЙОН
448216,Оптовая и розничная торговля автомобилями и мотоциклами и их ремонт,false,,,,3000000,920,12426000,846,30000000,1031,,,16000000,957,2,Оптовая и розничная торговля; ремонт автомобилей и мотоциклов,АКМОЛИНСКАЯ ОБЛАСТЬ,АРШАЛЫНСКИЙ РАЙОН
448224,Техническое обслуживание и ремонт автомобилей,false,,,,3000000,920,12426000,846,30000000,1031,,,11000000,957,3,Оптовая и розничная торговля автомобилями и мотоциклами и их ремонт,АКМОЛИНСКАЯ ОБЛАСТЬ,АРШАЛЫНСКИЙ РАЙОН
448225,Техническое обслуживание и ремонт автомобилей,false,,,,3000000,920,12426000,846,30000000,1031,,,11000000,957,4,Техническое обслуживание и ремонт автомобилей,АКМОЛИНСКАЯ ОБЛАСТЬ,АРШАЛЫНСКИЙ РАЙОН
448226,Техобслуживание и ремонт автотранспортных средств,true,,,,,,12426000,846,,,,,,,5,Техническое обслуживание и ремонт автомобилей,АКМОЛИНСКАЯ ОБЛАСТЬ,АРШАЛЫНСКИЙ РАЙОН
20575904,"Техническое обслуживание и ремонт автомобилей, за исключением произведенных станциями технического обслуживания, находящимися на придорожной полосе",true,,,,,,,,30000000,1031,,,11000000,957,5,Техническое обслуживание и ремонт автомобилей,АКМОЛИНСКАЯ ОБЛАСТЬ,АРШАЛЫНСКИЙ РАЙОН
20575905,"Техническое обслуживание и ремонт автомобилей станциями технического обслуживания, находящимися на придорожной полосе ",true,,,,3000000,920,,,,,,,,,5,Техническое обслуживание и ремонт автомобилей,АКМОЛИНСКАЯ ОБЛАСТЬ,АРШАЛЫНСКИЙ РАЙОН
448227,"Торговля автомобильными деталями, узлами и принадлежностями",false,,,,,,,,,,,,5000000,957,3,Оптовая и розничная торговля автомобилями и мотоциклами и их ремонт,АКМОЛИНСКАЯ ОБЛАСТЬ,АРШАЛЫНСКИЙ РАЙОН
448228,"Оптовая торговля автомобильными деталями, узлами и принадлежностями",false,,,,,,,,,,,,5000000,957,4,"Торговля автомобильными деталями, узлами и принадлежностями",АКМОЛИНСКАЯ ОБЛАСТЬ,АРШАЛЫНСКИЙ РАЙОН
448229,"Оптовая торговля автомобильными деталями, узлами и принадлежностями",true,,,,,,,,,,,,5000000,957,5,"Оптовая торговля автомобильными деталями, узлами и принадлежностями",АКМОЛИНСКАЯ ОБЛАСТЬ,АРШАЛЫНСКИЙ РАЙОН
448237,"Оптовая торговля, за исключением торговли автомобилями и мотоциклами",false,,,,,,2943000,846,,,119835000,994,,,2,Оптовая и розничная торговля; ремонт автомобилей и мотоциклов,АКМОЛИНСКАЯ ОБЛАСТЬ,АРШАЛЫНСКИЙ РАЙОН
448331,Прочая специализированная оптовая торговля ,false,,,,,,2943000,846,,,44835000,994,,,3,"Оптовая торговля, за исключением торговли автомобилями и мотоциклами",АКМОЛИНСКАЯ ОБЛАСТЬ,АРШАЛЫНСКИЙ РАЙОН
448332,"Оптовая торговля твердым, жидким и газообразным топливом и подобными продуктами",false,,,,,,x,846,,,x,994,,,4,Прочая специализированная оптовая торговля ,АКМОЛИНСКАЯ ОБЛАСТЬ,АРШАЛЫНСКИЙ РАЙОН
448335,Оптовая торговля каменным углем,true,,,,,,,,,,x,994,,,5,"Оптовая торговля твердым, жидким и газообразным топливом и подобными продуктами",АКМОЛИНСКАЯ ОБЛАСТЬ,АРШАЛЫНСКИЙ РАЙОН
448338,Оптовая торговля автомобильным бензином,true,,,,,,x,846,,,,,,,5,"Оптовая торговля твердым, жидким и газообразным топливом и подобными продуктами",АКМОЛИНСКАЯ ОБЛАСТЬ,АРШАЛЫНСКИЙ РАЙОН
448347,"Оптовая торговля лесоматериалами, строительными материалами и санитарно-техническим оборудованием",false,,,,,,,,,,3000000,994,,,4,Прочая специализированная оптовая торговля ,АКМОЛИНСКАЯ ОБЛАСТЬ,АРШАЛЫНСКИЙ РАЙОН
448349,"Оптовая торговля цементом, песком и гравием",true,,,,,,,,,,3000000,994,,,5,"Оптовая торговля лесоматериалами, строительными материалами и санитарно-техническим оборудованием",АКМОЛИНСКАЯ ОБЛАСТЬ,АРШАЛЫНСКИЙ РАЙОН
448363,Оптовая торговля прочими промежуточными продуктами,false,,,,,,x,846,,,,,,,4,Прочая специализированная оптовая торговля ,АКМОЛИНСКАЯ ОБЛАСТЬ,АРШАЛЫНСКИЙ РАЙОН
448365,Оптовая торговля прочими промежуточными продуктами,true,,,,,,x,846,,,,,,,5,Оптовая торговля прочими промежуточными продуктами,АКМОЛИНСКАЯ ОБЛАСТЬ,АРШАЛЫНСКИЙ РАЙОН
448371,Неспециализированная оптовая торговля,false,,,,,,,,,,x,994,,,3,"Оптовая торговля, за исключением торговли автомобилями и мотоциклами",АКМОЛИНСКАЯ ОБЛАСТЬ,АРШАЛЫНСКИЙ РАЙОН
448372,Неспециализированная оптовая торговля,false,,,,,,,,,,x,994,,,4,Неспециализированная оптовая торговля,АКМОЛИНСКАЯ ОБЛАСТЬ,АРШАЛЫНСКИЙ РАЙОН
448375,"Специализированная оптовая торговля товарами, не включенными в другие группировки",true,,,,,,,,,,x,994,,,5,Неспециализированная оптовая торговля,АКМОЛИНСКАЯ ОБЛАСТЬ,АРШАЛЫНСКИЙ РАЙОН
448377,"Розничная торговля, кроме торговли автомобилями и мотоциклами",false,,44234000,883,183085000,920,23276000,846,124238000,1031,595017000,994,514303000,957,2,Оптовая и розничная торговля; ремонт автомобилей и мотоциклов,АКМОЛИНСКАЯ ОБЛАСТЬ,АРШАЛЫНСКИЙ РАЙОН
448378,Розничная торговля в неспециализированных магазинах,false,,15491000,883,50337000,920,3502000,846,45338000,1031,104164000,994,31312000,957,3,"Розничная торговля, кроме торговли автомобилями и мотоциклами",АКМОЛИНСКАЯ ОБЛАСТЬ,АРШАЛЫНСКИЙ РАЙОН
448379,"Розничная торговля в неспециализированных магазинах преимущественно продуктами питания, напитками и табачными изделиями",false,,15491000,883,50337000,920,3502000,846,33338000,1031,62044000,994,31312000,957,4,Розничная торговля в неспециализированных магазинах,АКМОЛИНСКАЯ ОБЛАСТЬ,АРШАЛЫНСКИЙ РАЙОН
3647934,"Розничная торговля преимущественно продуктами питания, напитками и табачными изделиями в неспециализированных магазинах, являющихся торговыми объектами, с торговой площадью менее 2000 кв.м ",true,,15491000,883,50337000,920,3502000,846,33338000,1031,62044000,994,31312000,957,5,"Розничная торговля в неспециализированных магазинах преимущественно продуктами питания, напитками и табачными изделиями",АКМОЛИНСКАЯ ОБЛАСТЬ,АРШАЛЫНСКИЙ РАЙОН
448381,Прочая розничная торговля в неспециализированных магазинах,false,,,,,,,,12000000,1031,42120000,994,,,4,Розничная торговля в неспециализированных магазинах,АКМОЛИНСКАЯ ОБЛАСТЬ,АРШАЛЫНСКИЙ РАЙОН
3647936,"Прочая розничная торговля в неспециализированных магазинах, являющихся торговыми объектами, с торговой площадью менее 2000 кв.м ",true,,,,,,,,12000000,1031,42120000,994,,,5,Прочая розничная торговля в неспециализированных магазинах,АКМОЛИНСКАЯ ОБЛАСТЬ,АРШАЛЫНСКИЙ РАЙОН
448399,Розничная торговля топливом в специализированных магазинах,false,,25743000,883,107248000,920,9774000,846,78900000,1031,490853000,994,482473000,957,3,"Розничная торговля, кроме торговли автомобилями и мотоциклами",АКМОЛИНСКАЯ ОБЛАСТЬ,АРШАЛЫНСКИЙ РАЙОН
448400,Розничная торговля топливом в специализированных магазинах,false,,25743000,883,107248000,920,9774000,846,78900000,1031,490853000,994,482473000,957,4,Розничная торговля топливом в специализированных магазинах,АКМОЛИНСКАЯ ОБЛАСТЬ,АРШАЛЫНСКИЙ РАЙОН
20576124,"Розничная торговля моторным топливом в специализированных магазинах, за исключением находящихся на придорожной полосе",true,,25743000,883,97248000,920,,,78900000,1031,490853000,994,482473000,957,5,Розничная торговля топливом в специализированных магазинах,АКМОЛИНСКАЯ ОБЛАСТЬ,АРШАЛЫНСКИЙ РАЙОН
18951442,Розничная торговля моторным топливом в специализированных магазинах,true,,,,,,9774000,846,,,,,,,5,Розничная торговля топливом в специализированных магазинах,АКМОЛИНСКАЯ ОБЛАСТЬ,АРШАЛЫНСКИЙ РАЙОН
20576126,"Розничная торговля моторным топливом в специализированных магазинах, находящихся на придорожной полосе",true,,,,10000000,920,,,,,,,,,5,Розничная торговля топливом в специализированных магазинах,АКМОЛИНСКАЯ ОБЛАСТЬ,АРШАЛЫНСКИЙ РАЙОН
448402,Розничная торговля компьютерами и коммуникационным оборудованием в специализированных магазинах,false,,,,1200000,920,,,,,,,,,3,"Розничная торговля, кроме торговли автомобилями и мотоциклами",АКМОЛИНСКАЯ ОБЛАСТЬ,АРШАЛЫНСКИЙ РАЙОН
448403,"Розничная торговля компьютерами, периферийным оборудованием и программным обеспечением в специализированных магазинах",false,,,,1200000,920,,,,,,,,,4,Розничная торговля компьютерами и коммуникационным оборудованием в специализированных магазинах,АКМОЛИНСКАЯ ОБЛАСТЬ,АРШАЛЫНСКИЙ РАЙОН
3647953,"Розничная торговля компьютерами, периферийным оборудованием и программным обеспечением в специализированных магазинах, являющихся  торговыми объектами, с торговой площадью более 2000 кв.м (2000 кв.м и выше)",true,,,,1200000,920,,,,,,,,,5,"Розничная торговля компьютерами, периферийным оборудованием и программным обеспечением в специализированных магазинах",АКМОЛИНСКАЯ ОБЛАСТЬ,АРШАЛЫНСКИЙ РАЙОН
448409,Розничная торговля прочими бытовыми товарами в специализированных магазинах ,false,,,,10000000,920,,,,,,,x,957,3,"Розничная торговля, кроме торговли автомобилями и мотоциклами",АКМОЛИНСКАЯ ОБЛАСТЬ,АРШАЛЫНСКИЙ РАЙОН
448416,Розничная торговля электрическими бытовыми приборами в специализированных магазинах,false,,,,10000000,920,,,,,,,x,957,4,Розничная торговля прочими бытовыми товарами в специализированных магазинах ,АКМОЛИНСКАЯ ОБЛАСТЬ,АРШАЛЫНСКИЙ РАЙОН
3647962,"Розничная торговля электрическими бытовыми приборами в специализированных магазинах, являющихся торговыми объектами, с торговой площадью менее 2000 кв.м",true,,,,10000000,920,,,,,,,x,957,5,Розничная торговля электрическими бытовыми приборами в специализированных магазинах,АКМОЛИНСКАЯ ОБЛАСТЬ,АРШАЛЫНСКИЙ РАЙОН
448433,Розничная торговля прочими товарами в специализированных магазинах,false,,3000000,883,14300000,920,,,,,,,,,3,"Розничная торговля, кроме торговли автомобилями и мотоциклами",АКМОЛИНСКАЯ ОБЛАСТЬ,АРШАЛЫНСКИЙ РАЙОН
448434,Розничная торговля одеждой в специализированных магазинах,false,,,,8300000,920,,,,,,,,,4,Розничная торговля прочими товарами в специализированных магазинах,АКМОЛИНСКАЯ ОБЛАСТЬ,АРШАЛЫНСКИЙ РАЙОН
448436,"Розничная торговля одеждой, кроме трикотажных и чулочно-носочных изделий, в специализированных магазинах, являющихся торговыми объектами, с торговой площадью менее 2000 кв.м",true,,,,8300000,920,,,,,,,,,5,Розничная торговля одеждой в специализированных магазинах,АКМОЛИНСКАЯ ОБЛАСТЬ,АРШАЛЫНСКИЙ РАЙОН
448440,Розничная торговля фармацевтическими товарами в специализированных магазинах,false,,3000000,883,,,,,,,,,,,4,Розничная торговля прочими товарами в специализированных магазинах,АКМОЛИНСКАЯ ОБЛАСТЬ,АРШАЛЫНСКИЙ РАЙОН
3647981,"Розничная торговля фармацевтическими товарами в специализированных магазинах, являющихся торговыми объектами, с торговой площадью менее 2000 кв.м",true,,3000000,883,,,,,,,,,,,5,Розничная торговля фармацевтическими товарами в специализированных магазинах,АКМОЛИНСКАЯ ОБЛАСТЬ,АРШАЛЫНСКИЙ РАЙОН
448446,"Розничная торговля цветами, комнатными растениями, семенами, удобрениями, домашними животными и кормами для домашних животных в специализированных магазинах",false,,,,6000000,920,,,,,,,,,4,Розничная торговля прочими товарами в специализированных магазинах,АКМОЛИНСКАЯ ОБЛАСТЬ,АРШАЛЫНСКИЙ РАЙОН
448448,"Розничная торговля семенами и удобрениями в специализированных магазинах, являющихся торговыми объектами, с торговой площадью менее 2000 кв.м",true,,,,6000000,920,,,,,,,,,5,"Розничная торговля цветами, комнатными растениями, семенами, удобрениями, домашними животными и кормами для домашних животных в специализированных магазинах",АКМОЛИНСКАЯ ОБЛАСТЬ,АРШАЛЫНСКИЙ РАЙОН
448458,"Розничная торговля в палатках, киосках и на рынках",false,,,,,,10000000,846,,,,,,,3,"Розничная торговля, кроме торговли автомобилями и мотоциклами",АКМОЛИНСКАЯ ОБЛАСТЬ,АРШАЛЫНСКИЙ РАЙОН
448462,"Розничная торговля одеждой, обувью и текстильными изделиями в торговых палатках, киосках и на рынках",false,,,,,,10000000,846,,,,,,,4,"Розничная торговля в палатках, киосках и на рынках",АКМОЛИНСКАЯ ОБЛАСТЬ,АРШАЛЫНСКИЙ РАЙОН
448463,"Розничная торговля одеждой, обувью и текстильными изделиями в торговых палатках, ларьках и киосках",true,,,,,,10000000,846,,,,,,,5,"Розничная торговля одеждой, обувью и текстильными изделиями в торговых палатках, киосках и на рынках",АКМОЛИНСКАЯ ОБЛАСТЬ,АРШАЛЫНСКИЙ РАЙОН
448475,Транспорт и складирование,false,,530754000,883,2757827000,920,2737839000,846,10987654000,1031,9578368000,994,11248757000,957,1,Всего,АКМОЛИНСКАЯ ОБЛАСТЬ,АРШАЛЫНСКИЙ РАЙОН
448476,Деятельность сухопутного и трубопроводного транспорта ,false,,651000,883,725559000,920,x,846,126000,1031,32559000,994,x,957,2,Транспорт и складирование,АКМОЛИНСКАЯ ОБЛАСТЬ,АРШАЛЫНСКИЙ РАЙОН
448477,Деятельность пассажирского железнодорожного транспорта в междугородном сообщении,false,,,,665759000,920,,,,,,,,,3,Деятельность сухопутного и трубопроводного транспорта ,АКМОЛИНСКАЯ ОБЛАСТЬ,АРШАЛЫНСКИЙ РАЙОН
448478,Деятельность пассажирского железнодорожного транспорта в междугородном сообщении,false,,,,665759000,920,,,,,,,,,4,Деятельность пассажирского железнодорожного транспорта в междугородном сообщении,АКМОЛИНСКАЯ ОБЛАСТЬ,АРШАЛЫНСКИЙ РАЙОН
448479,Деятельность пассажирского железнодорожного транспорта в междугородном сообщении,true,,,,665759000,920,,,,,,,,,5,Деятельность пассажирского железнодорожного транспорта в междугородном сообщении,АКМОЛИНСКАЯ ОБЛАСТЬ,АРШАЛЫНСКИЙ РАЙОН
448480,Деятельность грузового железнодорожного транспорта,false,,651000,883,26600000,920,,,126000,1031,1709000,994,,,3,Деятельность сухопутного и трубопроводного транспорта ,АКМОЛИНСКАЯ ОБЛАСТЬ,АРШАЛЫНСКИЙ РАЙОН
448481,Деятельность грузового железнодорожного транспорта,false,,651000,883,26600000,920,,,126000,1031,1709000,994,,,4,Деятельность грузового железнодорожного транспорта,АКМОЛИНСКАЯ ОБЛАСТЬ,АРШАЛЫНСКИЙ РАЙОН
448482,Деятельность грузового железнодорожного транспорта,true,,651000,883,26600000,920,,,126000,1031,1709000,994,,,5,Деятельность грузового железнодорожного транспорта,АКМОЛИНСКАЯ ОБЛАСТЬ,АРШАЛЫНСКИЙ РАЙОН
448494,Деятельность грузового автомобильного транспорта и предоставление услуг по переезду ,false,,,,x,920,x,846,,,30850000,994,x,957,3,Деятельность сухопутного и трубопроводного транспорта ,АКМОЛИНСКАЯ ОБЛАСТЬ,АРШАЛЫНСКИЙ РАЙОН
448495,Деятельность грузового автомобильного транспорта,false,,,,x,920,x,846,,,30850000,994,x,957,4,Деятельность грузового автомобильного транспорта и предоставление услуг по переезду ,АКМОЛИНСКАЯ ОБЛАСТЬ,АРШАЛЫНСКИЙ РАЙОН
448496,Деятельность грузового автомобильного транспорта,true,,,,x,920,x,846,,,30850000,994,x,957,5,Деятельность грузового автомобильного транспорта,АКМОЛИНСКАЯ ОБЛАСТЬ,АРШАЛЫНСКИЙ РАЙОН
448527,Складирование грузов и вспомогательная транспортная деятельность,false,,530103000,883,2032268000,920,2716534000,846,10987528000,1031,9545809000,994,11218457000,957,2,Транспорт и складирование,АКМОЛИНСКАЯ ОБЛАСТЬ,АРШАЛЫНСКИЙ РАЙОН
448528,Складирование и хранение грузов,false,,57000000,883,336035000,920,x,846,31032000,1031,429303000,994,384509000,957,3,Складирование грузов и вспомогательная транспортная деятельность,АКМОЛИНСКАЯ ОБЛАСТЬ,АРШАЛЫНСКИЙ РАЙОН
448529,Складирование и хранение грузов,false,,57000000,883,336035000,920,x,846,31032000,1031,429303000,994,384509000,957,4,Складирование и хранение грузов,АКМОЛИНСКАЯ ОБЛАСТЬ,АРШАЛЫНСКИЙ РАЙОН
448530,Складирование и хранение зерна,true,,42000000,883,94836000,920,x,846,,,51000000,994,217000000,957,5,Складирование и хранение грузов,АКМОЛИНСКАЯ ОБЛАСТЬ,АРШАЛЫНСКИЙ РАЙОН
448531,"Складирование и хранение непродовольственных товаров, кроме зерна и нефти",true,,15000000,883,241199000,920,,,,,191054000,994,5200000,957,5,Складирование и хранение грузов,АКМОЛИНСКАЯ ОБЛАСТЬ,АРШАЛЫНСКИЙ РАЙОН
20576307,"Складирование и хранение продовольственных товаров, кроме овощей и фруктов",true,,,,,,,,1000000,1031,182205000,994,162309000,957,5,Складирование и хранение грузов,АКМОЛИНСКАЯ ОБЛАСТЬ,АРШАЛЫНСКИЙ РАЙОН
20576309,Складирование и хранение овощей и фруктов,true,,,,,,,,,,5044000,994,,,5,Складирование и хранение грузов,АКМОЛИНСКАЯ ОБЛАСТЬ,АРШАЛЫНСКИЙ РАЙОН
448533,Вспомогательная транспортная деятельность,false,,473103000,883,1696233000,920,2694730000,846,10956496000,1031,9116506000,994,10833948000,957,3,Складирование грузов и вспомогательная транспортная деятельность,АКМОЛИНСКАЯ ОБЛАСТЬ,АРШАЛЫНСКИЙ РАЙОН
448534,Вспомогательная деятельность сухопутного транспорта,false,,399140000,883,1696233000,920,2694730000,846,10956496000,1031,9116506000,994,10833948000,957,4,Вспомогательная транспортная деятельность,АКМОЛИНСКАЯ ОБЛАСТЬ,АРШАЛЫНСКИЙ РАЙОН
448535,Эксплуатация железных дорог,true,,,,,,,,,,,,x,957,5,Вспомогательная деятельность сухопутного транспорта,АКМОЛИНСКАЯ ОБЛАСТЬ,АРШАЛЫНСКИЙ РАЙОН
448536,Эксплуатация автомобильных дорог,true,,399140000,883,1640566000,920,2690730000,846,10956496000,1031,9051714000,994,8693177000,957,5,Вспомогательная деятельность сухопутного транспорта,АКМОЛИНСКАЯ ОБЛАСТЬ,АРШАЛЫНСКИЙ РАЙОН
448538,Деятельность автомобильных стоянок,true,,,,55667000,920,4000000,846,,,64792000,994,51334000,957,5,Вспомогательная деятельность сухопутного транспорта,АКМОЛИНСКАЯ ОБЛАСТЬ,АРШАЛЫНСКИЙ РАЙОН
448547,Прочая вспомогательная транспортная деятельность,false,,x,883,,,,,,,,,,,4,Вспомогательная транспортная деятельность,АКМОЛИНСКАЯ ОБЛАСТЬ,АРШАЛЫНСКИЙ РАЙОН
448548,Транспортно-экспедиционные  услуги,true,,x,883,,,,,,,,,,,5,Прочая вспомогательная транспортная деятельность,АКМОЛИНСКАЯ ОБЛАСТЬ,АРШАЛЫНСКИЙ РАЙОН
448558,Предоставление услуг по проживанию и питанию,false,,300000000,883,55705000,920,606705000,846,124118000,1031,238392000,994,265162000,957,1,Всего,АКМОЛИНСКАЯ ОБЛАСТЬ,АРШАЛЫНСКИЙ РАЙОН
3783427,Предоставление услуг по временному проживанию,false,,x,883,46859000,920,,,124118000,1031,70000000,994,208323000,957,2,Предоставление услуг по проживанию и питанию,АКМОЛИНСКАЯ ОБЛАСТЬ,АРШАЛЫНСКИЙ РАЙОН
3783428,Предоставление услуг гостиницами и аналогичными местами для проживания,false,,x,883,29937000,920,,,x,1031,10000000,994,,,3,Предоставление услуг по временному проживанию,АКМОЛИНСКАЯ ОБЛАСТЬ,АРШАЛЫНСКИЙ РАЙОН
3783429,Предоставление услуг гостиницами и аналогичными местами для проживания,false,,x,883,29937000,920,,,x,1031,10000000,994,,,4,Предоставление услуг гостиницами и аналогичными местами для проживания,АКМОЛИНСКАЯ ОБЛАСТЬ,АРШАЛЫНСКИЙ РАЙОН
3783430,"Предоставление услуг гостиницами с ресторанами, за исключением гостиниц, находящихся на придорожной полосе",true,,x,883,x,920,,,,,,,,,5,Предоставление услуг гостиницами и аналогичными местами для проживания,АКМОЛИНСКАЯ ОБЛАСТЬ,АРШАЛЫНСКИЙ РАЙОН
3783431,"Предоставление услуг гостиницами без ресторанов, за исключением гостиниц, находящихся на придорожной полосе",true,,,,10000000,920,,,x,1031,10000000,994,,,5,Предоставление услуг гостиницами и аналогичными местами для проживания,АКМОЛИНСКАЯ ОБЛАСТЬ,АРШАЛЫНСКИЙ РАЙОН
3783432,Предоставление жилья на выходные дни и прочие периоды краткосрочного проживания,false,,,,14700000,920,,,,,60000000,994,x,957,3,Предоставление услуг по временному проживанию,АКМОЛИНСКАЯ ОБЛАСТЬ,АРШАЛЫНСКИЙ РАЙОН
3783433,Предоставление жилья на выходные дни и прочие периоды краткосрочного проживания,false,,,,14700000,920,,,,,60000000,994,x,957,4,Предоставление жилья на выходные дни и прочие периоды краткосрочного проживания,АКМОЛИНСКАЯ ОБЛАСТЬ,АРШАЛЫНСКИЙ РАЙОН
3783434,Предоставление жилья на выходные дни и прочие периоды краткосрочного проживания,true,,,,14700000,920,,,,,60000000,994,x,957,5,Предоставление жилья на выходные дни и прочие периоды краткосрочного проживания,АКМОЛИНСКАЯ ОБЛАСТЬ,АРШАЛЫНСКИЙ РАЙОН
3783441,Предоставление услуг прочими местами для проживания,false,,,,x,920,,,x,1031,,,58323000,957,3,Предоставление услуг по временному проживанию,АКМОЛИНСКАЯ ОБЛАСТЬ,АРШАЛЫНСКИЙ РАЙОН
3783442,Предоставление услуг прочими местами для проживания,false,,,,x,920,,,x,1031,,,58323000,957,4,Предоставление услуг прочими местами для проживания,АКМОЛИНСКАЯ ОБЛАСТЬ,АРШАЛЫНСКИЙ РАЙОН
20576357,"Предоставление услуг прочими местами для проживания, не включенными в другие категории",true,,,,x,920,,,x,1031,,,58323000,957,5,Предоставление услуг прочими местами для проживания,АКМОЛИНСКАЯ ОБЛАСТЬ,АРШАЛЫНСКИЙ РАЙОН
448573,Предоставление услуг по обеспечению питанием и напитками,false,,20000000,883,8846000,920,606705000,846,,,168392000,994,56839000,957,2,Предоставление услуг по проживанию и питанию,АКМОЛИНСКАЯ ОБЛАСТЬ,АРШАЛЫНСКИЙ РАЙОН
448574,Деятельность ресторанов и предоставление услуг по доставке продуктов питания,false,,20000000,883,,,606572000,846,,,x,994,,,3,Предоставление услуг по обеспечению питанием и напитками,АКМОЛИНСКАЯ ОБЛАСТЬ,АРШАЛЫНСКИЙ РАЙОН
448575,Деятельность ресторанов и предоставление услуг по доставке продуктов питания,false,,20000000,883,,,606572000,846,,,x,994,,,4,Деятельность ресторанов и предоставление услуг по доставке продуктов питания,АКМОЛИНСКАЯ ОБЛАСТЬ,АРШАЛЫНСКИЙ РАЙОН
448576,Рестораны и услуги по доставке продуктов питания,true,,,,,,606572000,846,,,,,,,5,Деятельность ресторанов и предоставление услуг по доставке продуктов питания,АКМОЛИНСКАЯ ОБЛАСТЬ,АРШАЛЫНСКИЙ РАЙОН
20576362,"Деятельность ресторанов и предоставление услуг по доставке продуктов питания, за исключением деятельности объектов, находящихся на придорожной полосе",true,,,,,,,,,,x,994,,,5,Деятельность ресторанов и предоставление услуг по доставке продуктов питания,АКМОЛИНСКАЯ ОБЛАСТЬ,АРШАЛЫНСКИЙ РАЙОН
20576361,"Деятельность ресторанов и предоставление услуг по доставке продуктов питания объектами, находящимися на придорожной полосе",true,,20000000,883,,,,,,,,,,,5,Деятельность ресторанов и предоставление услуг по доставке продуктов питания,АКМОЛИНСКАЯ ОБЛАСТЬ,АРШАЛЫНСКИЙ РАЙОН
448577,Доставка готовой пищи на заказ и прочая деятельность по обеспечению питанием,false,,,,8846000,920,,,,,51292000,994,56839000,957,3,Предоставление услуг по обеспечению питанием и напитками,АКМОЛИНСКАЯ ОБЛАСТЬ,АРШАЛЫНСКИЙ РАЙОН
448580,Прочая деятельность по обеспечению питанием,false,,,,8846000,920,,,,,51292000,994,56839000,957,4,Доставка готовой пищи на заказ и прочая деятельность по обеспечению питанием,АКМОЛИНСКАЯ ОБЛАСТЬ,АРШАЛЫНСКИЙ РАЙОН
18951444,Прочие виды организации питания вне населенных пунктов,true,,,,8846000,920,,,,,45000000,994,,,5,Прочая деятельность по обеспечению питанием,АКМОЛИНСКАЯ ОБЛАСТЬ,АРШАЛЫНСКИЙ РАЙОН
18951446,"Прочая деятельность по обеспечению питанием, не включенная в другие группировки",true,,,,,,,,,,6292000,994,56839000,957,5,Прочая деятельность по обеспечению питанием,АКМОЛИНСКАЯ ОБЛАСТЬ,АРШАЛЫНСКИЙ РАЙОН
448582,Подача напитков,false,,,,,,x,846,,,4000000,994,,,3,Предоставление услуг по обеспечению питанием и напитками,АКМОЛИНСКАЯ ОБЛАСТЬ,АРШАЛЫНСКИЙ РАЙОН
448583,Подача напитков,false,,,,,,x,846,,,4000000,994,,,4,Подача напитков,АКМОЛИНСКАЯ ОБЛАСТЬ,АРШАЛЫНСКИЙ РАЙОН
448584,Подача напитков,true,,,,,,x,846,,,4000000,994,,,5,Подача напитков,АКМОЛИНСКАЯ ОБЛАСТЬ,АРШАЛЫНСКИЙ РАЙОН
448585,Информация и связь,false,,,,,,3828000,846,,,,,8665000,957,1,Всего,АКМОЛИНСКАЯ ОБЛАСТЬ,АРШАЛЫНСКИЙ РАЙОН
448623,Телекоммуникации,false,,,,,,3828000,846,,,,,8665000,957,2,Информация и связь,АКМОЛИНСКАЯ ОБЛАСТЬ,АРШАЛЫНСКИЙ РАЙОН
18696628,Проводная телекоммуникационная связь,false,,,,,,3828000,846,,,,,,,3,Телекоммуникации,АКМОЛИНСКАЯ ОБЛАСТЬ,АРШАЛЫНСКИЙ РАЙОН
18696629,Проводная телекоммуникационная связь,false,,,,,,3828000,846,,,,,,,4,Проводная телекоммуникационная связь,АКМОЛИНСКАЯ ОБЛАСТЬ,АРШАЛЫНСКИЙ РАЙОН
18946146,Прочая проводная телекоммуникационная связь,true,,,,,,3828000,846,,,,,,,5,Проводная телекоммуникационная связь,АКМОЛИНСКАЯ ОБЛАСТЬ,АРШАЛЫНСКИЙ РАЙОН
448627,Беспроводная телекоммуникационная связь,false,,,,,,,,,,,,8665000,957,3,Телекоммуникации,АКМОЛИНСКАЯ ОБЛАСТЬ,АРШАЛЫНСКИЙ РАЙОН
448628,Беспроводная телекоммуникационная связь,false,,,,,,,,,,,,8665000,957,4,Беспроводная телекоммуникационная связь,АКМОЛИНСКАЯ ОБЛАСТЬ,АРШАЛЫНСКИЙ РАЙОН
18946149,Прочая беспроводная телекоммуникационная связь,true,,,,,,,,,,,,8665000,957,5,Беспроводная телекоммуникационная связь,АКМОЛИНСКАЯ ОБЛАСТЬ,АРШАЛЫНСКИЙ РАЙОН
448658,Финансовая и страховая деятельность,false,,15640000,883,,,,,,,,,,,1,Всего,АКМОЛИНСКАЯ ОБЛАСТЬ,АРШАЛЫНСКИЙ РАЙОН
448659,"Финансовое посредничество, кроме страхования и пенсионного обеспечения",false,,15640000,883,,,,,,,,,,,2,Финансовая и страховая деятельность,АКМОЛИНСКАЯ ОБЛАСТЬ,АРШАЛЫНСКИЙ РАЙОН
448673,"Прочее финансовое посредничество, кроме страхования и пенсионного обеспечения",false,,15640000,883,,,,,,,,,,,3,"Финансовое посредничество, кроме страхования и пенсионного обеспечения",АКМОЛИНСКАЯ ОБЛАСТЬ,АРШАЛЫНСКИЙ РАЙОН
448676,Прочие виды кредитования,false,,15640000,883,,,,,,,,,,,4,"Прочее финансовое посредничество, кроме страхования и пенсионного обеспечения",АКМОЛИНСКАЯ ОБЛАСТЬ,АРШАЛЫНСКИЙ РАЙОН
448678,"Прочие виды кредитования, не включенные в другие группировки",true,,15640000,883,,,,,,,,,,,5,Прочие виды кредитования,АКМОЛИНСКАЯ ОБЛАСТЬ,АРШАЛЫНСКИЙ РАЙОН
448714,Операции с недвижимым имуществом,false,,1698578000,883,2101900000,920,1324939000,846,4088704000,1031,4290601000,994,3402500000,957,1,Всего,АКМОЛИНСКАЯ ОБЛАСТЬ,АРШАЛЫНСКИЙ РАЙОН
448715,Операции с недвижимым имуществом,false,,1698578000,883,2101900000,920,1324939000,846,4088704000,1031,4290601000,994,3402500000,957,2,Операции с недвижимым имуществом,АКМОЛИНСКАЯ ОБЛАСТЬ,АРШАЛЫНСКИЙ РАЙОН
448716,Покупка и продажа собственного недвижимого имущества ,false,,1698578000,883,2101900000,920,1324939000,846,3838887000,1031,4123366000,994,3393500000,957,3,Операции с недвижимым имуществом,АКМОЛИНСКАЯ ОБЛАСТЬ,АРШАЛЫНСКИЙ РАЙОН
448717,Покупка и продажа собственного недвижимого имущества ,false,,1698578000,883,2101900000,920,1324939000,846,3838887000,1031,4123366000,994,3393500000,957,4,Покупка и продажа собственного недвижимого имущества ,АКМОЛИНСКАЯ ОБЛАСТЬ,АРШАЛЫНСКИЙ РАЙОН
543091,Покупка и продажа многоквартирных и жилых домов (особняков),true,,1698578000,883,2100900000,920,1310312000,846,3838887000,1031,4092560000,994,3252589000,957,5,Покупка и продажа собственного недвижимого имущества ,АКМОЛИНСКАЯ ОБЛАСТЬ,АРШАЛЫНСКИЙ РАЙОН
543092,Покупка и продажа прочей недвижимости,true,,,,1000000,920,14627000,846,,,30806000,994,140911000,957,5,Покупка и продажа собственного недвижимого имущества ,АКМОЛИНСКАЯ ОБЛАСТЬ,АРШАЛЫНСКИЙ РАЙОН
448719,Аренда и управление собственной или арендуемой недвижимостью,false,,,,,,,,249817000,1031,167235000,994,9000000,957,3,Операции с недвижимым имуществом,АКМОЛИНСКАЯ ОБЛАСТЬ,АРШАЛЫНСКИЙ РАЙОН
448720,Аренда и управление собственной или арендуемой недвижимостью,false,,,,,,,,249817000,1031,167235000,994,9000000,957,4,Аренда и управление собственной или арендуемой недвижимостью,АКМОЛИНСКАЯ ОБЛАСТЬ,АРШАЛЫНСКИЙ РАЙОН
18946171,Аренда и управление собственной недвижимостью,true,,,,,,,,,,61369000,994,9000000,957,5,Аренда и управление собственной или арендуемой недвижимостью,АКМОЛИНСКАЯ ОБЛАСТЬ,АРШАЛЫНСКИЙ РАЙОН
18951452,Аренда и эксплуатация торгового рынка,true,,,,,,,,,,105866000,994,,,5,Аренда и управление собственной или арендуемой недвижимостью,АКМОЛИНСКАЯ ОБЛАСТЬ,АРШАЛЫНСКИЙ РАЙОН
448728,"Профессиональная, научная и техническая деятельность",false,,,,x,920,,,,,67923000,994,,,1,Всего,АКМОЛИНСКАЯ ОБЛАСТЬ,АРШАЛЫНСКИЙ РАЙОН
448738,Деятельность головных компаний; консультирование по вопросам управления ,false,,,,x,920,,,,,40000000,994,,,2,"Профессиональная, научная и техническая деятельность",АКМОЛИНСКАЯ ОБЛАСТЬ,АРШАЛЫНСКИЙ РАЙОН
448742,Деятельность по консультированию по вопросам управления,false,,,,x,920,,,,,40000000,994,,,3,Деятельность головных компаний; консультирование по вопросам управления ,АКМОЛИНСКАЯ ОБЛАСТЬ,АРШАЛЫНСКИЙ РАЙОН
448745,Консультирование по вопросам коммерческой деятельности и прочее консультирование по вопросам управления,false,,,,x,920,,,,,40000000,994,,,4,Деятельность по консультированию по вопросам управления,АКМОЛИНСКАЯ ОБЛАСТЬ,АРШАЛЫНСКИЙ РАЙОН
18946177,Консультирование по вопросам коммерческой деятельности и управления,true,,,,x,920,,,,,40000000,994,,,5,Консультирование по вопросам коммерческой деятельности и прочее консультирование по вопросам управления,АКМОЛИНСКАЯ ОБЛАСТЬ,АРШАЛЫНСКИЙ РАЙОН
448747,"Деятельность в области архитектуры, инженерных изысканий, технических испытаний и анализа",false,,,,,,,,,,27923000,994,,,2,"Профессиональная, научная и техническая деятельность",АКМОЛИНСКАЯ ОБЛАСТЬ,АРШАЛЫНСКИЙ РАЙОН
448748,"Деятельность в области архитектуры, инженерных изысканий и предоставление технических консультаций в этих областях",false,,,,,,,,,,27923000,994,,,3,"Деятельность в области архитектуры, инженерных изысканий, технических испытаний и анализа",АКМОЛИНСКАЯ ОБЛАСТЬ,АРШАЛЫНСКИЙ РАЙОН
448749,Деятельность в области архитектуры,false,,,,,,,,,,27923000,994,,,4,"Деятельность в области архитектуры, инженерных изысканий и предоставление технических консультаций в этих областях",АКМОЛИНСКАЯ ОБЛАСТЬ,АРШАЛЫНСКИЙ РАЙОН
18951462,"Деятельность в области архитектуры, за исключением объектов атомной промышленности и атомной энергетики  ",true,,,,,,,,,,27923000,994,,,5,Деятельность в области архитектуры,АКМОЛИНСКАЯ ОБЛАСТЬ,АРШАЛЫНСКИЙ РАЙОН
448797,Деятельность в области административного и вспомогательного обслуживания,false,,,,,,12660000,846,79807000,1031,272521000,994,1816000,957,1,Всего,АКМОЛИНСКАЯ ОБЛАСТЬ,АРШАЛЫНСКИЙ РАЙОН
448798,"Аренда, прокат и лизинг",false,,,,,,12660000,846,30000000,1031,,,1816000,957,2,Деятельность в области административного и вспомогательного обслуживания,АКМОЛИНСКАЯ ОБЛАСТЬ,АРШАЛЫНСКИЙ РАЙОН
448811,"Аренда и лизинг прочих машин, оборудования и материальных активов",false,,,,,,12660000,846,30000000,1031,,,1816000,957,3,"Аренда, прокат и лизинг",АКМОЛИНСКАЯ ОБЛАСТЬ,АРШАЛЫНСКИЙ РАЙОН
448812,Аренда и лизинг сельскохозяйственных машин и оборудования ,false,,,,,,12660000,846,,,,,,,4,"Аренда и лизинг прочих машин, оборудования и материальных активов",АКМОЛИНСКАЯ ОБЛАСТЬ,АРШАЛЫНСКИЙ РАЙОН
543079,Аренда сельскохозяйственных машин и оборудования ,true,,,,,,12660000,846,,,,,,,5,Аренда и лизинг сельскохозяйственных машин и оборудования ,АКМОЛИНСКАЯ ОБЛАСТЬ,АРШАЛЫНСКИЙ РАЙОН
448814,Аренда и лизинг строительных машин и оборудования ,false,,,,,,,,30000000,1031,,,1816000,957,4,"Аренда и лизинг прочих машин, оборудования и материальных активов",АКМОЛИНСКАЯ ОБЛАСТЬ,АРШАЛЫНСКИЙ РАЙОН
543081,Аренда строительных машин и оборудования ,true,,,,,,,,30000000,1031,,,1816000,957,5,Аренда и лизинг строительных машин и оборудования ,АКМОЛИНСКАЯ ОБЛАСТЬ,АРШАЛЫНСКИЙ РАЙОН
448846,Деятельность по обеспечению безопасности и проведению расследований,false,,,,,,,,2000000,1031,,,,,2,Деятельность в области административного и вспомогательного обслуживания,АКМОЛИНСКАЯ ОБЛАСТЬ,АРШАЛЫНСКИЙ РАЙОН
448847,Деятельность по обеспечению безопасности частных лиц и имущества,false,,,,,,,,2000000,1031,,,,,3,Деятельность по обеспечению безопасности и проведению расследований,АКМОЛИНСКАЯ ОБЛАСТЬ,АРШАЛЫНСКИЙ РАЙОН
448848,Деятельность по обеспечению безопасности частных лиц и имущества,false,,,,,,,,2000000,1031,,,,,4,Деятельность по обеспечению безопасности частных лиц и имущества,АКМОЛИНСКАЯ ОБЛАСТЬ,АРШАЛЫНСКИЙ РАЙОН
18946195,Деятельность частных охранных служб,true,,,,,,,,2000000,1031,,,,,5,Деятельность по обеспечению безопасности частных лиц и имущества,АКМОЛИНСКАЯ ОБЛАСТЬ,АРШАЛЫНСКИЙ РАЙОН
448856,Деятельность по обслуживанию зданий и благоустройству территорий,false,,,,,,,,47807000,1031,272521000,994,,,2,Деятельность в области административного и вспомогательного обслуживания,АКМОЛИНСКАЯ ОБЛАСТЬ,АРШАЛЫНСКИЙ РАЙОН
448867,Деятельность по благоустройству территорий,false,,,,,,,,47807000,1031,272521000,994,,,3,Деятельность по обслуживанию зданий и благоустройству территорий,АКМОЛИНСКАЯ ОБЛАСТЬ,АРШАЛЫНСКИЙ РАЙОН
448868,Деятельность по благоустройству территорий,false,,,,,,,,47807000,1031,272521000,994,,,4,Деятельность по благоустройству территорий,АКМОЛИНСКАЯ ОБЛАСТЬ,АРШАЛЫНСКИЙ РАЙОН
448869,Деятельность по благоустройству территорий,true,,,,,,,,47807000,1031,272521000,994,,,5,Деятельность по благоустройству территорий,АКМОЛИНСКАЯ ОБЛАСТЬ,АРШАЛЫНСКИЙ РАЙОН
448889,Государственное управление и оборона; обязательное  социальное обеспечение,false,,,,,,7417000,846,,,629000,994,,,1,Всего,АКМОЛИНСКАЯ ОБЛАСТЬ,АРШАЛЫНСКИЙ РАЙОН
448890,Государственное управление и оборона; обязательное социальное обеспечение,false,,,,,,7417000,846,,,629000,994,,,2,Государственное управление и оборона; обязательное  социальное обеспечение,АКМОЛИНСКАЯ ОБЛАСТЬ,АРШАЛЫНСКИЙ РАЙОН
448904,Предоставление государством услуг обществу в целом,false,,,,,,7417000,846,,,629000,994,,,3,Государственное управление и оборона; обязательное социальное обеспечение,АКМОЛИНСКАЯ ОБЛАСТЬ,АРШАЛЫНСКИЙ РАЙОН
448909,Деятельность в области юстиции и правосудия,false,,,,,,7417000,846,,,,,,,4,Предоставление государством услуг обществу в целом,АКМОЛИНСКАЯ ОБЛАСТЬ,АРШАЛЫНСКИЙ РАЙОН
448910,Деятельность в области юстиции и правосудия,true,,,,,,7417000,846,,,,,,,5,Деятельность в области юстиции и правосудия,АКМОЛИНСКАЯ ОБЛАСТЬ,АРШАЛЫНСКИЙ РАЙОН
448913,Деятельность по обеспечению безопасности в чрезвычайных ситуациях,false,,,,,,,,,,629000,994,,,4,Предоставление государством услуг обществу в целом,АКМОЛИНСКАЯ ОБЛАСТЬ,АРШАЛЫНСКИЙ РАЙОН
448914,Деятельность по обеспечению безопасности в чрезвычайных ситуациях,true,,,,,,,,,,629000,994,,,5,Деятельность по обеспечению безопасности в чрезвычайных ситуациях,АКМОЛИНСКАЯ ОБЛАСТЬ,АРШАЛЫНСКИЙ РАЙОН
448918,Образование,false,,609636000,883,246292000,920,260325000,846,688869000,1031,1868847000,994,1129700000,957,1,Всего,АКМОЛИНСКАЯ ОБЛАСТЬ,АРШАЛЫНСКИЙ РАЙОН
448919,Образование,false,,609636000,883,246292000,920,260325000,846,688869000,1031,1868847000,994,1129700000,957,2,Образование,АКМОЛИНСКАЯ ОБЛАСТЬ,АРШАЛЫНСКИЙ РАЙОН
448920,Дошкольное образование,false,,,,6500000,920,20000000,846,,,,,,,3,Образование,АКМОЛИНСКАЯ ОБЛАСТЬ,АРШАЛЫНСКИЙ РАЙОН
448921,Дошкольное образование,false,,,,6500000,920,20000000,846,,,,,,,4,Дошкольное образование,АКМОЛИНСКАЯ ОБЛАСТЬ,АРШАЛЫНСКИЙ РАЙОН
448922,Дошкольное образование,true,,,,6500000,920,20000000,846,,,,,,,5,Дошкольное образование,АКМОЛИНСКАЯ ОБЛАСТЬ,АРШАЛЫНСКИЙ РАЙОН
448926,Среднее образование (2-й и 3-й уровни),false,,609636000,883,239792000,920,240325000,846,688869000,1031,1868847000,994,1129700000,957,3,Образование,АКМОЛИНСКАЯ ОБЛАСТЬ,АРШАЛЫНСКИЙ РАЙОН
448927,Основное и общее среднее образование,false,,476501000,883,239792000,920,240325000,846,688869000,1031,1868847000,994,1129700000,957,4,Среднее образование (2-й и 3-й уровни),АКМОЛИНСКАЯ ОБЛАСТЬ,АРШАЛЫНСКИЙ РАЙОН
448928,Основное и общее среднее образование,true,,476501000,883,239792000,920,240325000,846,688869000,1031,1868847000,994,1129700000,957,5,Основное и общее среднее образование,АКМОЛИНСКАЯ ОБЛАСТЬ,АРШАЛЫНСКИЙ РАЙОН
448929,Техническое и профессиональное среднее образование,false,,133135000,883,,,,,,,,,,,4,Среднее образование (2-й и 3-й уровни),АКМОЛИНСКАЯ ОБЛАСТЬ,АРШАЛЫНСКИЙ РАЙОН
448930,Профессионально-техническое образование,true,,133135000,883,,,,,,,,,,,5,Техническое и профессиональное среднее образование,АКМОЛИНСКАЯ ОБЛАСТЬ,АРШАЛЫНСКИЙ РАЙОН
448950,Здравоохранение и социальное обслуживание населения,false,,110809000,883,51172000,920,64172000,846,531265000,1031,357009000,994,79391000,957,1,Всего,АКМОЛИНСКАЯ ОБЛАСТЬ,АРШАЛЫНСКИЙ РАЙОН
448951,Деятельность в области здравоохранения,false,,110809000,883,51172000,920,64172000,846,531265000,1031,357009000,994,79391000,957,2,Здравоохранение и социальное обслуживание населения,АКМОЛИНСКАЯ ОБЛАСТЬ,АРШАЛЫНСКИЙ РАЙОН
448952,Деятельность больничных организаций,false,,110809000,883,51172000,920,30871000,846,382765000,1031,321814000,994,79391000,957,3,Деятельность в области здравоохранения,АКМОЛИНСКАЯ ОБЛАСТЬ,АРШАЛЫНСКИЙ РАЙОН
448953,Деятельность больничных организаций,false,,110809000,883,51172000,920,30871000,846,382765000,1031,321814000,994,79391000,957,4,Деятельность больничных организаций,АКМОЛИНСКАЯ ОБЛАСТЬ,АРШАЛЫНСКИЙ РАЙОН
448954,Деятельность больниц широкого профиля и специализированных больниц,true,,110809000,883,51172000,920,30871000,846,382765000,1031,321814000,994,79391000,957,5,Деятельность больничных организаций,АКМОЛИНСКАЯ ОБЛАСТЬ,АРШАЛЫНСКИЙ РАЙОН
448959,Деятельность в области врачебной практики и стоматологии,false,,,,,,33301000,846,148500000,1031,35195000,994,,,3,Деятельность в области здравоохранения,АКМОЛИНСКАЯ ОБЛАСТЬ,АРШАЛЫНСКИЙ РАЙОН
448960,Общая врачебная практика,false,,,,,,33301000,846,148500000,1031,195000,994,,,4,Деятельность в области врачебной практики и стоматологии,АКМОЛИНСКАЯ ОБЛАСТЬ,АРШАЛЫНСКИЙ РАЙОН
448961,Общая врачебная практика,true,,,,,,33301000,846,148500000,1031,195000,994,,,5,Общая врачебная практика,АКМОЛИНСКАЯ ОБЛАСТЬ,АРШАЛЫНСКИЙ РАЙОН
448964,Стоматологическая деятельность,false,,,,,,,,,,35000000,994,,,4,Деятельность в области врачебной практики и стоматологии,АКМОЛИНСКАЯ ОБЛАСТЬ,АРШАЛЫНСКИЙ РАЙОН
448965,Стоматологическая деятельность,true,,,,,,,,,,35000000,994,,,5,Стоматологическая деятельность,АКМОЛИНСКАЯ ОБЛАСТЬ,АРШАЛЫНСКИЙ РАЙОН
448991,"Искусство, развлечения и отдых",false,,354779000,883,518506000,920,421345000,846,1300252000,1031,483615000,994,137003000,957,1,Всего,АКМОЛИНСКАЯ ОБЛАСТЬ,АРШАЛЫНСКИЙ РАЙОН
449004,"Деятельность библиотек, архивов, музеев и прочая деятельность в области культуры",false,,x,883,,,,,,,,,,,2,"Искусство, развлечения и отдых",АКМОЛИНСКАЯ ОБЛАСТЬ,АРШАЛЫНСКИЙ РАЙОН
449005,"Деятельность библиотек, архивов, музеев и прочая деятельность в области культуры",false,,x,883,,,,,,,,,,,3,"Деятельность библиотек, архивов, музеев и прочая деятельность в области культуры",АКМОЛИНСКАЯ ОБЛАСТЬ,АРШАЛЫНСКИЙ РАЙОН
449006,Деятельность библиотек и архивов,false,,x,883,,,,,,,,,,,4,"Деятельность библиотек, архивов, музеев и прочая деятельность в области культуры",АКМОЛИНСКАЯ ОБЛАСТЬ,АРШАЛЫНСКИЙ РАЙОН
449009,Деятельность архивов,true,,x,883,,,,,,,,,,,5,Деятельность библиотек и архивов,АКМОЛИНСКАЯ ОБЛАСТЬ,АРШАЛЫНСКИЙ РАЙОН
449022,"Деятельность в области спорта, организации отдыха и развлечений",false,,318957000,883,518506000,920,421345000,846,1300252000,1031,483615000,994,137003000,957,2,"Искусство, развлечения и отдых",АКМОЛИНСКАЯ ОБЛАСТЬ,АРШАЛЫНСКИЙ РАЙОН
449023,Деятельность в области спорта,false,,318957000,883,,,405000000,846,,,7743000,994,x,957,3,"Деятельность в области спорта, организации отдыха и развлечений",АКМОЛИНСКАЯ ОБЛАСТЬ,АРШАЛЫНСКИЙ РАЙОН
449024,Эксплуатация спортивных сооружений,false,,318957000,883,,,405000000,846,,,7743000,994,x,957,4,Деятельность в области спорта,АКМОЛИНСКАЯ ОБЛАСТЬ,АРШАЛЫНСКИЙ РАЙОН
449025,Эксплуатация спортивных сооружений,true,,318957000,883,,,405000000,846,,,7743000,994,x,957,5,Эксплуатация спортивных сооружений,АКМОЛИНСКАЯ ОБЛАСТЬ,АРШАЛЫНСКИЙ РАЙОН
449032,Деятельность по организации отдыха и развлечений,false,,,,518506000,920,x,846,1300252000,1031,475872000,994,80371000,957,3,"Деятельность в области спорта, организации отдыха и развлечений",АКМОЛИНСКАЯ ОБЛАСТЬ,АРШАЛЫНСКИЙ РАЙОН
449035,Прочая деятельность по организации отдыха и развлечений,false,,,,518506000,920,x,846,1300252000,1031,475872000,994,80371000,957,4,Деятельность по организации отдыха и развлечений,АКМОЛИНСКАЯ ОБЛАСТЬ,АРШАЛЫНСКИЙ РАЙОН
449039,Прочие виды деятельности по организации отдыха и развлечений,true,,,,518506000,920,x,846,1300252000,1031,475872000,994,80371000,957,5,Прочая деятельность по организации отдыха и развлечений,АКМОЛИНСКАЯ ОБЛАСТЬ,АРШАЛЫНСКИЙ РАЙОН
449040,Предоставление прочих видов услуг,false,,,,51382000,920,51842000,846,x,1031,211530000,994,10000000,957,1,Всего,АКМОЛИНСКАЯ ОБЛАСТЬ,АРШАЛЫНСКИЙ РАЙОН
449041,Деятельность общественных объединений (организаций),false,,,,,,,,,,150000000,994,,,2,Предоставление прочих видов услуг,АКМОЛИНСКАЯ ОБЛАСТЬ,АРШАЛЫНСКИЙ РАЙОН
449050,Деятельность прочих общественных  объединений,false,,,,,,,,,,150000000,994,,,3,Деятельность общественных объединений (организаций),АКМОЛИНСКАЯ ОБЛАСТЬ,АРШАЛЫНСКИЙ РАЙОН
449051,Деятельность религиозных организаций,false,,,,,,,,,,150000000,994,,,4,Деятельность прочих общественных  объединений,АКМОЛИНСКАЯ ОБЛАСТЬ,АРШАЛЫНСКИЙ РАЙОН
449052,Деятельность религиозных организаций,true,,,,,,,,,,150000000,994,,,5,Деятельность религиозных организаций,АКМОЛИНСКАЯ ОБЛАСТЬ,АРШАЛЫНСКИЙ РАЙОН
449084,Предоставление прочих индивидуальных услуг,false,,,,51382000,920,51842000,846,x,1031,61530000,994,10000000,957,2,Предоставление прочих видов услуг,АКМОЛИНСКАЯ ОБЛАСТЬ,АРШАЛЫНСКИЙ РАЙОН
449085,Предоставление прочих индивидуальных услуг,false,,,,51382000,920,51842000,846,x,1031,61530000,994,10000000,957,3,Предоставление прочих индивидуальных услуг,АКМОЛИНСКАЯ ОБЛАСТЬ,АРШАЛЫНСКИЙ РАЙОН
449089,Предоставление услуг парикмахерскими и салонами красоты,false,,,,,,,,,,7000000,994,10000000,957,4,Предоставление прочих индивидуальных услуг,АКМОЛИНСКАЯ ОБЛАСТЬ,АРШАЛЫНСКИЙ РАЙОН
449090,Предоставление услуг парикмахерскими и салонами красоты,true,,,,,,,,,,7000000,994,10000000,957,5,Предоставление услуг парикмахерскими и салонами красоты,АКМОЛИНСКАЯ ОБЛАСТЬ,АРШАЛЫНСКИЙ РАЙОН
449093,Деятельность по обеспечению физического комфорта,false,,,,51382000,920,12000000,846,,,54530000,994,,,4,Предоставление прочих индивидуальных услуг,АКМОЛИНСКАЯ ОБЛАСТЬ,АРШАЛЫНСКИЙ РАЙОН
449094,Деятельность по обеспечению физического комфорта,true,,,,51382000,920,12000000,846,,,54530000,994,,,5,Деятельность по обеспечению физического комфорта,АКМОЛИНСКАЯ ОБЛАСТЬ,АРШАЛЫНСКИЙ РАЙОН
449095,"Предоставление прочих индивидуальных услуг, не включенных в другие группировки",false,,,,,,39842000,846,x,1031,,,,,4,Предоставление прочих индивидуальных услуг,АКМОЛИНСКАЯ ОБЛАСТЬ,АРШАЛЫНСКИЙ РАЙОН
449096,"Предоставление прочих индивидуальных услуг, не включенных в другие группировки",true,,,,,,39842000,846,x,1031,,,,,5,"Предоставление прочих индивидуальных услуг, не включенных в другие группировки",АКМОЛИНСКАЯ ОБЛАСТЬ,АРШАЛЫНСКИЙ РАЙОН
741340,Промышленность,false,,32149572000,883,20280136000,920,36198689000,846,6332511000,1031,122535928000,994,36442293000,957,1,Всего,АКМОЛИНСКАЯ ОБЛАСТЬ,АРШАЛЫНСКИЙ РАЙОН
447279,Горнодобывающая промышленность и разработка карьеров,false,,280523000,883,970441000,920,96362000,846,1461210000,1031,3794321000,994,2532106000,957,2,Промышленность,АКМОЛИНСКАЯ ОБЛАСТЬ,АРШАЛЫНСКИЙ РАЙОН
447316,Добыча прочих полезных ископаемых,false,,280523000,883,970441000,920,96362000,846,1357406000,1031,3327413000,994,2532106000,957,3,Горнодобывающая промышленность и разработка карьеров,АКМОЛИНСКАЯ ОБЛАСТЬ,АРШАЛЫНСКИЙ РАЙОН
447317,"Добыча камня, песка и глины",false,,280523000,883,970441000,920,96362000,846,1357406000,1031,3327413000,994,2532106000,957,4,Добыча прочих полезных ископаемых,АКМОЛИНСКАЯ ОБЛАСТЬ,АРШАЛЫНСКИЙ РАЙОН
447318,"Добыча отделочного и строительного камня, известняка, гипса, мела и сланцев",false,,,,,,15162000,846,x,1031,x,994,x,957,5,"Добыча камня, песка и глины",АКМОЛИНСКАЯ ОБЛАСТЬ,АРШАЛЫНСКИЙ РАЙОН
447322,"Разработка гравийных и песчаных карьеров, добыча глины и каолина",false,,280523000,883,970441000,920,81200000,846,1350621000,1031,3324863000,994,2515785000,957,5,"Добыча камня, песка и глины",АКМОЛИНСКАЯ ОБЛАСТЬ,АРШАЛЫНСКИЙ РАЙОН
447339,Предоставление услуг в горнодобывающей промышленности,false,,,,,,,,x,1031,x,994,,,3,Горнодобывающая промышленность и разработка карьеров,АКМОЛИНСКАЯ ОБЛАСТЬ,АРШАЛЫНСКИЙ РАЙОН
447343,"Предоставление услуг, способствующих добыче других полезных ископаемых",false,,,,,,,,x,1031,x,994,,,4,Предоставление услуг в горнодобывающей промышленности,АКМОЛИНСКАЯ ОБЛАСТЬ,АРШАЛЫНСКИЙ РАЙОН
447344,"Предоставление услуг, способствующих добыче других полезных ископаемых",false,,,,,,,,x,1031,x,994,,,5,"Предоставление услуг, способствующих добыче других полезных ископаемых",АКМОЛИНСКАЯ ОБЛАСТЬ,АРШАЛЫНСКИЙ РАЙОН
447346,Обрабатывающая промышленность,false,,52500000,883,12762192000,920,88749000,846,552385000,1031,5803321000,994,24680731000,957,2,Промышленность,АКМОЛИНСКАЯ ОБЛАСТЬ,АРШАЛЫНСКИЙ РАЙОН
447347,Производство продуктов питания,false,,2500000,883,114237000,920,44467000,846,173704000,1031,121880000,994,61531000,957,3,Обрабатывающая промышленность,АКМОЛИНСКАЯ ОБЛАСТЬ,АРШАЛЫНСКИЙ РАЙОН
447348,Переработка и консервирование мяса и производство мясной продукции,false,,,,24325000,920,2763000,846,45278000,1031,54444000,994,31892000,957,4,Производство продуктов питания,АКМОЛИНСКАЯ ОБЛАСТЬ,АРШАЛЫНСКИЙ РАЙОН
447349,Переработка и консервирование мяса,false,,,,,,,,,,4000000,994,,,5,Переработка и консервирование мяса и производство мясной продукции,АКМОЛИНСКАЯ ОБЛАСТЬ,АРШАЛЫНСКИЙ РАЙОН
447351,Переработка и консервирование мяса сельскохозяйственной птицы ,false,,,,20611000,920,x,846,45278000,1031,3281000,994,31892000,957,5,Переработка и консервирование мяса и производство мясной продукции,АКМОЛИНСКАЯ ОБЛАСТЬ,АРШАЛЫНСКИЙ РАЙОН
447353,Производство продуктов из мяса и мяса сельскохозяйственной птицы ,false,,,,3714000,920,750000,846,,,47163000,994,,,5,Переработка и консервирование мяса и производство мясной продукции,АКМОЛИНСКАЯ ОБЛАСТЬ,АРШАЛЫНСКИЙ РАЙОН
447365,Производство растительных и животных масел и жиров,false,,,,,,x,846,,,,,,,4,Производство продуктов питания,АКМОЛИНСКАЯ ОБЛАСТЬ,АРШАЛЫНСКИЙ РАЙОН
447366,Производство масел и жиров,false,,,,,,x,846,,,,,,,5,Производство растительных и животных масел и жиров,АКМОЛИНСКАЯ ОБЛАСТЬ,АРШАЛЫНСКИЙ РАЙОН
447371,Производство молочных продуктов,false,,,,28719000,920,34257000,846,,,7436000,994,29639000,957,4,Производство продуктов питания,АКМОЛИНСКАЯ ОБЛАСТЬ,АРШАЛЫНСКИЙ РАЙОН
447372,Переработка молока и производство сыров,false,,,,28719000,920,34257000,846,,,7436000,994,29639000,957,5,Производство молочных продуктов,АКМОЛИНСКАЯ ОБЛАСТЬ,АРШАЛЫНСКИЙ РАЙОН
447377,"Производство мукомольно-крупяных продуктов, крахмалов и крахмальных продуктов",false,,,,,,x,846,,,,,,,4,Производство продуктов питания,АКМОЛИНСКАЯ ОБЛАСТЬ,АРШАЛЫНСКИЙ РАЙОН
447378,Производство мукомольно-крупяных продуктов,false,,,,,,x,846,,,,,,,5,"Производство мукомольно-крупяных продуктов, крахмалов и крахмальных продуктов",АКМОЛИНСКАЯ ОБЛАСТЬ,АРШАЛЫНСКИЙ РАЙОН
447384,"Производство  хлебобулочных, макаронных и мучных кондитерских изделий",false,,2500000,883,61193000,920,823000,846,,,,,,,4,Производство продуктов питания,АКМОЛИНСКАЯ ОБЛАСТЬ,АРШАЛЫНСКИЙ РАЙОН
447385,Производство хлебобулочных и мучных кондитерских изделий недлительного хранения,false,,,,800000,920,823000,846,,,,,,,5,"Производство  хлебобулочных, макаронных и мучных кондитерских изделий",АКМОЛИНСКАЯ ОБЛАСТЬ,АРШАЛЫНСКИЙ РАЙОН
447387,"Производство сухарей и печенья, мучных кондитерских изделий длительного хранения",false,,2500000,883,60393000,920,,,,,,,,,5,"Производство  хлебобулочных, макаронных и мучных кондитерских изделий",АКМОЛИНСКАЯ ОБЛАСТЬ,АРШАЛЫНСКИЙ РАЙОН
447391,Производство прочих продуктов питания,false,,,,,,,,128426000,1031,60000000,994,,,4,Производство продуктов питания,АКМОЛИНСКАЯ ОБЛАСТЬ,АРШАЛЫНСКИЙ РАЙОН
447400,Производство готовых пищевых продуктов,false,,,,,,,,128426000,1031,60000000,994,,,5,Производство прочих продуктов питания,АКМОЛИНСКАЯ ОБЛАСТЬ,АРШАЛЫНСКИЙ РАЙОН
447408,Производство готовых кормов для животных,false,,,,,,x,846,,,,,,,4,Производство продуктов питания,АКМОЛИНСКАЯ ОБЛАСТЬ,АРШАЛЫНСКИЙ РАЙОН
447409,Производство готовых кормов для сельскохозяйственных животных,false,,,,,,x,846,,,,,,,5,Производство готовых кормов для животных,АКМОЛИНСКАЯ ОБЛАСТЬ,АРШАЛЫНСКИЙ РАЙОН
447646,Производство прочей не металлической минеральной продукции,false,,50000000,883,12647955000,920,21282000,846,x,1031,5678441000,994,24609200000,957,3,Обрабатывающая промышленность,АКМОЛИНСКАЯ ОБЛАСТЬ,АРШАЛЫНСКИЙ РАЙОН
447664,Производство строительных материалов из глины,false,,50000000,883,12647955000,920,21282000,846,,,,,13250388000,957,4,Производство прочей не металлической минеральной продукции,АКМОЛИНСКАЯ ОБЛАСТЬ,АРШАЛЫНСКИЙ РАЙОН
447667,"Производство кирпича, черепицы и прочих строительных изделий из обожженной глины",false,,50000000,883,12647955000,920,21282000,846,,,,,13250388000,957,5,Производство строительных материалов из глины,АКМОЛИНСКАЯ ОБЛАСТЬ,АРШАЛЫНСКИЙ РАЙОН
447688,"Производство изделий из бетона, цемента и строительного гипса ",false,,,,,,,,,,5678441000,994,11358812000,957,4,Производство прочей не металлической минеральной продукции,АКМОЛИНСКАЯ ОБЛАСТЬ,АРШАЛЫНСКИЙ РАЙОН
447689,Производство строительных изделий из бетона,false,,,,,,,,,,5678441000,994,11358812000,957,5,"Производство изделий из бетона, цемента и строительного гипса ",АКМОЛИНСКАЯ ОБЛАСТЬ,АРШАЛЫНСКИЙ РАЙОН
447707,Производство абразивных изделий и прочей неметаллической минеральной продукции,false,,,,,,,,x,1031,,,,,4,Производство прочей не металлической минеральной продукции,АКМОЛИНСКАЯ ОБЛАСТЬ,АРШАЛЫНСКИЙ РАЙОН
447710,"Производство прочей неметаллической минеральной продукции, не включенной в другие группировки",false,,,,,,,,x,1031,,,,,5,Производство абразивных изделий и прочей неметаллической минеральной продукции,АКМОЛИНСКАЯ ОБЛАСТЬ,АРШАЛЫНСКИЙ РАЙОН
447760,"Производство готовых металлических изделий, кроме машин и оборудования",false,,,,,,,,,,,,10000000,957,3,Обрабатывающая промышленность,АКМОЛИНСКАЯ ОБЛАСТЬ,АРШАЛЫНСКИЙ РАЙОН
447761,Производство строительных металлических конструкций и изделий,false,,,,,,,,,,,,10000000,957,4,"Производство готовых металлических изделий, кроме машин и оборудования",АКМОЛИНСКАЯ ОБЛАСТЬ,АРШАЛЫНСКИЙ РАЙОН
447767,Производство металлических дверей и окон,false,,,,,,,,,,,,10000000,957,5,Производство строительных металлических конструкций и изделий,АКМОЛИНСКАЯ ОБЛАСТЬ,АРШАЛЫНСКИЙ РАЙОН
447849,Производство электрического оборудования,false,,,,,,23000000,846,,,,,,,3,Обрабатывающая промышленность,АКМОЛИНСКАЯ ОБЛАСТЬ,АРШАЛЫНСКИЙ РАЙОН
447858,Производство электропроводки и электромонтажных устройств,false,,,,,,23000000,846,,,,,,,4,Производство электрического оборудования,АКМОЛИНСКАЯ ОБЛАСТЬ,АРШАЛЫНСКИЙ РАЙОН
447861,Производство прочих электрических проводов и кабелей,false,,,,,,23000000,846,,,,,,,5,Производство электропроводки и электромонтажных устройств,АКМОЛИНСКАЯ ОБЛАСТЬ,АРШАЛЫНСКИЙ РАЙОН
448050,Ремонт и установка машин и оборудования,false,,,,,,,,,,3000000,994,,,3,Обрабатывающая промышленность,АКМОЛИНСКАЯ ОБЛАСТЬ,АРШАЛЫНСКИЙ РАЙОН
448051,"Ремонт готовых металлических изделий, машин и оборудования",false,,,,,,,,,,3000000,994,,,4,Ремонт и установка машин и оборудования,АКМОЛИНСКАЯ ОБЛАСТЬ,АРШАЛЫНСКИЙ РАЙОН
448059,Ремонт машин и оборудования,false,,,,,,,,,,3000000,994,,,5,"Ремонт готовых металлических изделий, машин и оборудования",АКМОЛИНСКАЯ ОБЛАСТЬ,АРШАЛЫНСКИЙ РАЙОН
448090,"Снабжение электроэнергией, газом, паром, горячей водой и кондиционированным воздухом",false,,31468949000,883,6298890000,920,35443305000,846,2082528000,1031,111595107000,994,8593643000,957,2,Промышленность,АКМОЛИНСКАЯ ОБЛАСТЬ,АРШАЛЫНСКИЙ РАЙОН
448091,"Снабжение электроэнергией, газом, паром, горячей водой и кондиционированным воздухом",false,,31468949000,883,6298890000,920,35443305000,846,2082528000,1031,111595107000,994,8593643000,957,3,"Снабжение электроэнергией, газом, паром, горячей водой и кондиционированным воздухом",АКМОЛИНСКАЯ ОБЛАСТЬ,АРШАЛЫНСКИЙ РАЙОН
448092,"Производство, передача и распределение электроэнергии",false,,29614048000,883,372539000,920,17618425000,846,1963393000,1031,109287491000,994,7551671000,957,4,"Снабжение электроэнергией, газом, паром, горячей водой и кондиционированным воздухом",АКМОЛИНСКАЯ ОБЛАСТЬ,АРШАЛЫНСКИЙ РАЙОН
448093,Производство электроэнергии,false,,x,883,215910000,920,x,846,324412000,1031,107597384000,994,5197262000,957,5,"Производство, передача и распределение электроэнергии",АКМОЛИНСКАЯ ОБЛАСТЬ,АРШАЛЫНСКИЙ РАЙОН
448098,Передача электроэнергии,false,,,,,,,,141427000,1031,271851000,994,,,5,"Производство, передача и распределение электроэнергии",АКМОЛИНСКАЯ ОБЛАСТЬ,АРШАЛЫНСКИЙ РАЙОН
448100,Распределение электроэнергии,false,,518368000,883,156629000,920,418475000,846,1495947000,1031,1418256000,994,2354409000,957,5,"Производство, передача и распределение электроэнергии",АКМОЛИНСКАЯ ОБЛАСТЬ,АРШАЛЫНСКИЙ РАЙОН
448102,Продажа электроэнергии ,false,,,,,,,,1607000,1031,,,,,5,"Производство, передача и распределение электроэнергии",АКМОЛИНСКАЯ ОБЛАСТЬ,АРШАЛЫНСКИЙ РАЙОН
448104,Производство и распределение газообразного топлива по трубопроводам,false,,1786178000,883,3726351000,920,17808942000,846,117135000,1031,2307616000,994,1041972000,957,4,"Снабжение электроэнергией, газом, паром, горячей водой и кондиционированным воздухом",АКМОЛИНСКАЯ ОБЛАСТЬ,АРШАЛЫНСКИЙ РАЙОН
448107,Распределение газообразного топлива по трубопроводам,false,,1786178000,883,3726351000,920,17808942000,846,117135000,1031,2307616000,994,1041972000,957,5,Производство и распределение газообразного топлива по трубопроводам,АКМОЛИНСКАЯ ОБЛАСТЬ,АРШАЛЫНСКИЙ РАЙОН
448111,"Снабжение паром, горячей водой и кондиционированным воздухом",false,,x,883,2200000000,920,x,846,2000000,1031,,,,,4,"Снабжение электроэнергией, газом, паром, горячей водой и кондиционированным воздухом",АКМОЛИНСКАЯ ОБЛАСТЬ,АРШАЛЫНСКИЙ РАЙОН
448112,"Снабжение паром, горячей водой и кондиционированным воздухом",false,,x,883,2200000000,920,x,846,2000000,1031,,,,,5,"Снабжение паром, горячей водой и кондиционированным воздухом",АКМОЛИНСКАЯ ОБЛАСТЬ,АРШАЛЫНСКИЙ РАЙОН
448117,"Водоснабжение; сбор, обработка и удаление отходов, деятельность по ликвидации загрязнений",false,,347600000,883,248613000,920,570273000,846,2236388000,1031,1343179000,994,x,957,2,Промышленность,АКМОЛИНСКАЯ ОБЛАСТЬ,АРШАЛЫНСКИЙ РАЙОН
448118,"Сбор, обработка и распределение воды",false,,347600000,883,148613000,920,557959000,846,2236388000,1031,1343179000,994,x,957,3,"Водоснабжение; сбор, обработка и удаление отходов, деятельность по ликвидации загрязнений",АКМОЛИНСКАЯ ОБЛАСТЬ,АРШАЛЫНСКИЙ РАЙОН
448119,"Сбор, обработка и распределение воды",false,,347600000,883,148613000,920,557959000,846,2236388000,1031,1343179000,994,x,957,4,"Сбор, обработка и распределение воды",АКМОЛИНСКАЯ ОБЛАСТЬ,АРШАЛЫНСКИЙ РАЙОН
448120,"Сбор, обработка и распределение воды",false,,347600000,883,148613000,920,557959000,846,2236388000,1031,1343179000,994,x,957,5,"Сбор, обработка и распределение воды",АКМОЛИНСКАЯ ОБЛАСТЬ,АРШАЛЫНСКИЙ РАЙОН
448122,Сбор и обработка сточных вод,false,,,,100000000,920,12314000,846,,,,,,,3,"Водоснабжение; сбор, обработка и удаление отходов, деятельность по ликвидации загрязнений",АКМОЛИНСКАЯ ОБЛАСТЬ,АРШАЛЫНСКИЙ РАЙОН
448123,Сбор и обработка сточных вод,false,,,,100000000,920,12314000,846,,,,,,,4,Сбор и обработка сточных вод,АКМОЛИНСКАЯ ОБЛАСТЬ,АРШАЛЫНСКИЙ РАЙОН
448124,Сбор и обработка сточных вод,false,,,,100000000,920,12314000,846,,,,,,,5,Сбор и обработка сточных вод,АКМОЛИНСКАЯ ОБЛАСТЬ,АРШАЛЫНСКИЙ РАЙОН
741885,Всего,false,,8195681000,883,11486583000,920,6036500000,846,12864816000,1031,7698516000,994,16452709000,957,0,,АКМОЛИНСКАЯ ОБЛАСТЬ,АСТРАХАНСКИЙ РАЙОН
447173,"Сельское, лесное и рыбное хозяйство",false,,4479570000,883,8738133000,920,3225066000,846,6454410000,1031,5015095000,994,13626662000,957,1,Всего,АКМОЛИНСКАЯ ОБЛАСТЬ,АСТРАХАНСКИЙ РАЙОН
447174,"Растениеводство и животноводство, охота и предоставление услуг в этих областях",false,,4479570000,883,8738133000,920,3225066000,846,6454410000,1031,5015095000,994,13626662000,957,2,"Сельское, лесное и рыбное хозяйство",АКМОЛИНСКАЯ ОБЛАСТЬ,АСТРАХАНСКИЙ РАЙОН
447175,Выращивание одно- или двухлетних культур,false,,4346026000,883,8600144000,920,3223224000,846,5457461000,1031,4888717000,994,13487907000,957,3,"Растениеводство и животноводство, охота и предоставление услуг в этих областях",АКМОЛИНСКАЯ ОБЛАСТЬ,АСТРАХАНСКИЙ РАЙОН
447176,"Выращивание зерновых (кроме риса), бобовых и масличных культур",false,,4346026000,883,8564394000,920,3223224000,846,5427076000,1031,4866241000,994,13464327000,957,4,Выращивание одно- или двухлетних культур,АКМОЛИНСКАЯ ОБЛАСТЬ,АСТРАХАНСКИЙ РАЙОН
3783380,"Выращивание зерновых и зернобобовых культур, включая семеноводство",true,,4346026000,883,8564394000,920,3223224000,846,5427076000,1031,4866241000,994,13464327000,957,5,"Выращивание зерновых (кроме риса), бобовых и масличных культур",АКМОЛИНСКАЯ ОБЛАСТЬ,АСТРАХАНСКИЙ РАЙОН
447181,"Выращивание овощей, бахчевых, корнеплодов и клубнеплодов",false,,,,35750000,920,,,30385000,1031,22476000,994,23580000,957,4,Выращивание одно- или двухлетних культур,АКМОЛИНСКАЯ ОБЛАСТЬ,АСТРАХАНСКИЙ РАЙОН
447182,Выращивание картофеля и посадочного материала,true,,,,35750000,920,,,30385000,1031,22476000,994,23580000,957,5,"Выращивание овощей, бахчевых, корнеплодов и клубнеплодов",АКМОЛИНСКАЯ ОБЛАСТЬ,АСТРАХАНСКИЙ РАЙОН
447218,Животноводство,false,,133544000,883,137989000,920,1842000,846,115855000,1031,126378000,994,138755000,957,3,"Растениеводство и животноводство, охота и предоставление услуг в этих областях",АКМОЛИНСКАЯ ОБЛАСТЬ,АСТРАХАНСКИЙ РАЙОН
447219,Разведение крупного рогатого скота молочного направления,false,,109189000,883,130087000,920,,,,,10337000,994,904000,957,4,Животноводство,АКМОЛИНСКАЯ ОБЛАСТЬ,АСТРАХАНСКИЙ РАЙОН
447220,Разведение крупного рогатого скота молочного направления,true,,109189000,883,130087000,920,,,,,10337000,994,904000,957,5,Разведение крупного рогатого скота молочного направления,АКМОЛИНСКАЯ ОБЛАСТЬ,АСТРАХАНСКИЙ РАЙОН
447221,Разведение прочего крупного рогатого скота и буйволов,false,,24355000,883,7902000,920,1842000,846,115855000,1031,42915000,994,99611000,957,4,Животноводство,АКМОЛИНСКАЯ ОБЛАСТЬ,АСТРАХАНСКИЙ РАЙОН
447222,Разведение прочего крупного рогатого скота и буйволов,true,,24355000,883,7902000,920,1842000,846,115855000,1031,42915000,994,99611000,957,5,Разведение прочего крупного рогатого скота и буйволов,АКМОЛИНСКАЯ ОБЛАСТЬ,АСТРАХАНСКИЙ РАЙОН
447223,Разведение лошадей и прочих животных семейства лошадиных,false,,,,,,,,,,30800000,994,38240000,957,4,Животноводство,АКМОЛИНСКАЯ ОБЛАСТЬ,АСТРАХАНСКИЙ РАЙОН
447224,Разведение лошадей,true,,,,,,,,,,30800000,994,38240000,957,5,Разведение лошадей и прочих животных семейства лошадиных,АКМОЛИНСКАЯ ОБЛАСТЬ,АСТРАХАНСКИЙ РАЙОН
447232,Разведение сельскохозяйственной птицы ,false,,,,,,,,,,42326000,994,,,4,Животноводство,АКМОЛИНСКАЯ ОБЛАСТЬ,АСТРАХАНСКИЙ РАЙОН
447233,"Разведение птицы на мясо, племенной птицы и молодняка",true,,,,,,,,,,42326000,994,,,5,Разведение сельскохозяйственной птицы ,АКМОЛИНСКАЯ ОБЛАСТЬ,АСТРАХАНСКИЙ РАЙОН
18683346,"Деятельность, способствующая выращиванию сельскохозяйственных культур и разведению животных и деятельность по обработке урожая",false,,,,,,,,881094000,1031,,,,,3,"Растениеводство и животноводство, охота и предоставление услуг в этих областях",АКМОЛИНСКАЯ ОБЛАСТЬ,АСТРАХАНСКИЙ РАЙОН
18683347,"Деятельность, способствующая растениеводству",false,,,,,,,,881094000,1031,,,,,4,"Деятельность, способствующая выращиванию сельскохозяйственных культур и разведению животных и деятельность по обработке урожая",АКМОЛИНСКАЯ ОБЛАСТЬ,АСТРАХАНСКИЙ РАЙОН
18683349,Эксплуатация оросительных систем,true,,,,,,,,881094000,1031,,,,,5,"Деятельность, способствующая растениеводству",АКМОЛИНСКАЯ ОБЛАСТЬ,АСТРАХАНСКИЙ РАЙОН
448148,Строительство,false,,65099000,883,,,,,,,,,,,1,Всего,АКМОЛИНСКАЯ ОБЛАСТЬ,АСТРАХАНСКИЙ РАЙОН
448177,Специализированные строительные работы,false,,65099000,883,,,,,,,,,,,2,Строительство,АКМОЛИНСКАЯ ОБЛАСТЬ,АСТРАХАНСКИЙ РАЙОН
448187,"Монтаж и установка электрического, водопроводного и прочего оборудования",false,,65099000,883,,,,,,,,,,,3,Специализированные строительные работы,АКМОЛИНСКАЯ ОБЛАСТЬ,АСТРАХАНСКИЙ РАЙОН
448192,Прочие строительно-монтажные работы,false,,65099000,883,,,,,,,,,,,4,"Монтаж и установка электрического, водопроводного и прочего оборудования",АКМОЛИНСКАЯ ОБЛАСТЬ,АСТРАХАНСКИЙ РАЙОН
448194,"Прочие строительно-монтажные работы, не включенные в другие группировки",true,,65099000,883,,,,,,,,,,,5,Прочие строительно-монтажные работы,АКМОЛИНСКАЯ ОБЛАСТЬ,АСТРАХАНСКИЙ РАЙОН
448215,Оптовая и розничная торговля; ремонт автомобилей и мотоциклов,false,,,,5372000,920,,,256835000,1031,77000,994,217536000,957,1,Всего,АКМОЛИНСКАЯ ОБЛАСТЬ,АСТРАХАНСКИЙ РАЙОН
448237,"Оптовая торговля, за исключением торговли автомобилями и мотоциклами",false,,,,,,,,6835000,1031,,,,,2,Оптовая и розничная торговля; ремонт автомобилей и мотоциклов,АКМОЛИНСКАЯ ОБЛАСТЬ,АСТРАХАНСКИЙ РАЙОН
448316,"Оптовая торговля прочими машинами, оборудованием и деталями и принадлежностями к ним",false,,,,,,,,6835000,1031,,,,,3,"Оптовая торговля, за исключением торговли автомобилями и мотоциклами",АКМОЛИНСКАЯ ОБЛАСТЬ,АСТРАХАНСКИЙ РАЙОН
448329,Оптовая торговля прочими машинами и оборудованием,false,,,,,,,,6835000,1031,,,,,4,"Оптовая торговля прочими машинами, оборудованием и деталями и принадлежностями к ним",АКМОЛИНСКАЯ ОБЛАСТЬ,АСТРАХАНСКИЙ РАЙОН
448330,Оптовая торговля прочими машинами и оборудованием,true,,,,,,,,6835000,1031,,,,,5,Оптовая торговля прочими машинами и оборудованием,АКМОЛИНСКАЯ ОБЛАСТЬ,АСТРАХАНСКИЙ РАЙОН
448377,"Розничная торговля, кроме торговли автомобилями и мотоциклами",false,,,,5372000,920,,,250000000,1031,77000,994,217536000,957,2,Оптовая и розничная торговля; ремонт автомобилей и мотоциклов,АКМОЛИНСКАЯ ОБЛАСТЬ,АСТРАХАНСКИЙ РАЙОН
448378,Розничная торговля в неспециализированных магазинах,false,,,,,,,,,,,,12000000,957,3,"Розничная торговля, кроме торговли автомобилями и мотоциклами",АКМОЛИНСКАЯ ОБЛАСТЬ,АСТРАХАНСКИЙ РАЙОН
448381,Прочая розничная торговля в неспециализированных магазинах,false,,,,,,,,,,,,12000000,957,4,Розничная торговля в неспециализированных магазинах,АКМОЛИНСКАЯ ОБЛАСТЬ,АСТРАХАНСКИЙ РАЙОН
3647936,"Прочая розничная торговля в неспециализированных магазинах, являющихся торговыми объектами, с торговой площадью менее 2000 кв.м ",true,,,,,,,,,,,,12000000,957,5,Прочая розничная торговля в неспециализированных магазинах,АКМОЛИНСКАЯ ОБЛАСТЬ,АСТРАХАНСКИЙ РАЙОН
448399,Розничная торговля топливом в специализированных магазинах,false,,,,x,920,,,,,77000,994,x,957,3,"Розничная торговля, кроме торговли автомобилями и мотоциклами",АКМОЛИНСКАЯ ОБЛАСТЬ,АСТРАХАНСКИЙ РАЙОН
448400,Розничная торговля топливом в специализированных магазинах,false,,,,x,920,,,,,77000,994,x,957,4,Розничная торговля топливом в специализированных магазинах,АКМОЛИНСКАЯ ОБЛАСТЬ,АСТРАХАНСКИЙ РАЙОН
20576124,"Розничная торговля моторным топливом в специализированных магазинах, за исключением находящихся на придорожной полосе",true,,,,x,920,,,,,77000,994,x,957,5,Розничная торговля топливом в специализированных магазинах,АКМОЛИНСКАЯ ОБЛАСТЬ,АСТРАХАНСКИЙ РАЙОН
448409,Розничная торговля прочими бытовыми товарами в специализированных магазинах ,false,,,,x,920,,,,,,,,,3,"Розничная торговля, кроме торговли автомобилями и мотоциклами",АКМОЛИНСКАЯ ОБЛАСТЬ,АСТРАХАНСКИЙ РАЙОН
448416,Розничная торговля электрическими бытовыми приборами в специализированных магазинах,false,,,,x,920,,,,,,,,,4,Розничная торговля прочими бытовыми товарами в специализированных магазинах ,АКМОЛИНСКАЯ ОБЛАСТЬ,АСТРАХАНСКИЙ РАЙОН
3647962,"Розничная торговля электрическими бытовыми приборами в специализированных магазинах, являющихся торговыми объектами, с торговой площадью менее 2000 кв.м",true,,,,x,920,,,,,,,,,5,Розничная торговля электрическими бытовыми приборами в специализированных магазинах,АКМОЛИНСКАЯ ОБЛАСТЬ,АСТРАХАНСКИЙ РАЙОН
448433,Розничная торговля прочими товарами в специализированных магазинах,false,,,,,,,,250000000,1031,,,,,3,"Розничная торговля, кроме торговли автомобилями и мотоциклами",АКМОЛИНСКАЯ ОБЛАСТЬ,АСТРАХАНСКИЙ РАЙОН
448452,Прочая розничная торговля новыми товарами в специализированных магазинах,false,,,,,,,,250000000,1031,,,,,4,Розничная торговля прочими товарами в специализированных магазинах,АКМОЛИНСКАЯ ОБЛАСТЬ,АСТРАХАНСКИЙ РАЙОН
448455,"Прочая розничная торговля в специализированных магазинах, являющихся торговыми объектами, с торговой площадью менее 2000 кв.м",true,,,,,,,,250000000,1031,,,,,5,Прочая розничная торговля новыми товарами в специализированных магазинах,АКМОЛИНСКАЯ ОБЛАСТЬ,АСТРАХАНСКИЙ РАЙОН
448475,Транспорт и складирование,false,,1202517000,883,1896119000,920,907296000,846,2963341000,1031,899221000,994,1865082000,957,1,Всего,АКМОЛИНСКАЯ ОБЛАСТЬ,АСТРАХАНСКИЙ РАЙОН
448476,Деятельность сухопутного и трубопроводного транспорта ,false,,110203000,883,217037000,920,x,846,171865000,1031,278474000,994,78590000,957,2,Транспорт и складирование,АКМОЛИНСКАЯ ОБЛАСТЬ,АСТРАХАНСКИЙ РАЙОН
448494,Деятельность грузового автомобильного транспорта и предоставление услуг по переезду ,false,,110203000,883,217037000,920,x,846,171865000,1031,278474000,994,78590000,957,3,Деятельность сухопутного и трубопроводного транспорта ,АКМОЛИНСКАЯ ОБЛАСТЬ,АСТРАХАНСКИЙ РАЙОН
448495,Деятельность грузового автомобильного транспорта,false,,110203000,883,217037000,920,x,846,171865000,1031,278474000,994,78590000,957,4,Деятельность грузового автомобильного транспорта и предоставление услуг по переезду ,АКМОЛИНСКАЯ ОБЛАСТЬ,АСТРАХАНСКИЙ РАЙОН
448496,Деятельность грузового автомобильного транспорта,true,,110203000,883,217037000,920,x,846,171865000,1031,278474000,994,78590000,957,5,Деятельность грузового автомобильного транспорта,АКМОЛИНСКАЯ ОБЛАСТЬ,АСТРАХАНСКИЙ РАЙОН
448527,Складирование грузов и вспомогательная транспортная деятельность,false,,1092314000,883,1679082000,920,842037000,846,2791476000,1031,620747000,994,1786492000,957,2,Транспорт и складирование,АКМОЛИНСКАЯ ОБЛАСТЬ,АСТРАХАНСКИЙ РАЙОН
448528,Складирование и хранение грузов,false,,918214000,883,1679082000,920,700749000,846,259054000,1031,620747000,994,1786492000,957,3,Складирование грузов и вспомогательная транспортная деятельность,АКМОЛИНСКАЯ ОБЛАСТЬ,АСТРАХАНСКИЙ РАЙОН
448529,Складирование и хранение грузов,false,,918214000,883,1679082000,920,700749000,846,259054000,1031,620747000,994,1786492000,957,4,Складирование и хранение грузов,АКМОЛИНСКАЯ ОБЛАСТЬ,АСТРАХАНСКИЙ РАЙОН
448530,Складирование и хранение зерна,true,,918214000,883,1679082000,920,700749000,846,201054000,1031,620747000,994,1786492000,957,5,Складирование и хранение грузов,АКМОЛИНСКАЯ ОБЛАСТЬ,АСТРАХАНСКИЙ РАЙОН
20576307,"Складирование и хранение продовольственных товаров, кроме овощей и фруктов",true,,,,,,,,58000000,1031,,,,,5,Складирование и хранение грузов,АКМОЛИНСКАЯ ОБЛАСТЬ,АСТРАХАНСКИЙ РАЙОН
448533,Вспомогательная транспортная деятельность,false,,174100000,883,,,x,846,2532422000,1031,,,,,3,Складирование грузов и вспомогательная транспортная деятельность,АКМОЛИНСКАЯ ОБЛАСТЬ,АСТРАХАНСКИЙ РАЙОН
448534,Вспомогательная деятельность сухопутного транспорта,false,,174100000,883,,,x,846,2532422000,1031,,,,,4,Вспомогательная транспортная деятельность,АКМОЛИНСКАЯ ОБЛАСТЬ,АСТРАХАНСКИЙ РАЙОН
448536,Эксплуатация автомобильных дорог,true,,174100000,883,,,x,846,2532422000,1031,,,,,5,Вспомогательная деятельность сухопутного транспорта,АКМОЛИНСКАЯ ОБЛАСТЬ,АСТРАХАНСКИЙ РАЙОН
448585,Информация и связь,false,,,,,,3000000,846,,,9002000,994,2847000,957,1,Всего,АКМОЛИНСКАЯ ОБЛАСТЬ,АСТРАХАНСКИЙ РАЙОН
448623,Телекоммуникации,false,,,,,,3000000,846,,,9002000,994,2847000,957,2,Информация и связь,АКМОЛИНСКАЯ ОБЛАСТЬ,АСТРАХАНСКИЙ РАЙОН
18696628,Проводная телекоммуникационная связь,false,,,,,,3000000,846,,,,,,,3,Телекоммуникации,АКМОЛИНСКАЯ ОБЛАСТЬ,АСТРАХАНСКИЙ РАЙОН
18696629,Проводная телекоммуникационная связь,false,,,,,,3000000,846,,,,,,,4,Проводная телекоммуникационная связь,АКМОЛИНСКАЯ ОБЛАСТЬ,АСТРАХАНСКИЙ РАЙОН
18946146,Прочая проводная телекоммуникационная связь,true,,,,,,3000000,846,,,,,,,5,Проводная телекоммуникационная связь,АКМОЛИНСКАЯ ОБЛАСТЬ,АСТРАХАНСКИЙ РАЙОН
448627,Беспроводная телекоммуникационная связь,false,,,,,,,,,,9002000,994,2847000,957,3,Телекоммуникации,АКМОЛИНСКАЯ ОБЛАСТЬ,АСТРАХАНСКИЙ РАЙОН
448628,Беспроводная телекоммуникационная связь,false,,,,,,,,,,9002000,994,2847000,957,4,Беспроводная телекоммуникационная связь,АКМОЛИНСКАЯ ОБЛАСТЬ,АСТРАХАНСКИЙ РАЙОН
18946147,Беспроводная телекоммуникационная связь посредством единой транспортной среды,true,,,,,,,,,,9002000,994,,,5,Беспроводная телекоммуникационная связь,АКМОЛИНСКАЯ ОБЛАСТЬ,АСТРАХАНСКИЙ РАЙОН
18946149,Прочая беспроводная телекоммуникационная связь,true,,,,,,,,,,,,2847000,957,5,Беспроводная телекоммуникационная связь,АКМОЛИНСКАЯ ОБЛАСТЬ,АСТРАХАНСКИЙ РАЙОН
448714,Операции с недвижимым имуществом,false,,140540000,883,150855000,920,118400000,846,323800000,1031,205000000,994,131686000,957,1,Всего,АКМОЛИНСКАЯ ОБЛАСТЬ,АСТРАХАНСКИЙ РАЙОН
448715,Операции с недвижимым имуществом,false,,140540000,883,150855000,920,118400000,846,323800000,1031,205000000,994,131686000,957,2,Операции с недвижимым имуществом,АКМОЛИНСКАЯ ОБЛАСТЬ,АСТРАХАНСКИЙ РАЙОН
448716,Покупка и продажа собственного недвижимого имущества ,false,,140540000,883,150855000,920,118400000,846,323800000,1031,205000000,994,131686000,957,3,Операции с недвижимым имуществом,АКМОЛИНСКАЯ ОБЛАСТЬ,АСТРАХАНСКИЙ РАЙОН
448717,Покупка и продажа собственного недвижимого имущества ,false,,140540000,883,150855000,920,118400000,846,323800000,1031,205000000,994,131686000,957,4,Покупка и продажа собственного недвижимого имущества ,АКМОЛИНСКАЯ ОБЛАСТЬ,АСТРАХАНСКИЙ РАЙОН
543091,Покупка и продажа многоквартирных и жилых домов (особняков),true,,140540000,883,150855000,920,118400000,846,323800000,1031,205000000,994,131686000,957,5,Покупка и продажа собственного недвижимого имущества ,АКМОЛИНСКАЯ ОБЛАСТЬ,АСТРАХАНСКИЙ РАЙОН
448797,Деятельность в области административного и вспомогательного обслуживания,false,,x,883,9000000,920,7499000,846,,,16638000,994,,,1,Всего,АКМОЛИНСКАЯ ОБЛАСТЬ,АСТРАХАНСКИЙ РАЙОН
448856,Деятельность по обслуживанию зданий и благоустройству территорий,false,,x,883,9000000,920,7499000,846,,,16638000,994,,,2,Деятельность в области административного и вспомогательного обслуживания,АКМОЛИНСКАЯ ОБЛАСТЬ,АСТРАХАНСКИЙ РАЙОН
448867,Деятельность по благоустройству территорий,false,,x,883,9000000,920,7499000,846,,,16638000,994,,,3,Деятельность по обслуживанию зданий и благоустройству территорий,АКМОЛИНСКАЯ ОБЛАСТЬ,АСТРАХАНСКИЙ РАЙОН
448868,Деятельность по благоустройству территорий,false,,x,883,9000000,920,7499000,846,,,16638000,994,,,4,Деятельность по благоустройству территорий,АКМОЛИНСКАЯ ОБЛАСТЬ,АСТРАХАНСКИЙ РАЙОН
448869,Деятельность по благоустройству территорий,true,,x,883,9000000,920,7499000,846,,,16638000,994,,,5,Деятельность по благоустройству территорий,АКМОЛИНСКАЯ ОБЛАСТЬ,АСТРАХАНСКИЙ РАЙОН
448918,Образование,false,,292077000,883,111597000,920,155319000,846,608448000,1031,208762000,994,300232000,957,1,Всего,АКМОЛИНСКАЯ ОБЛАСТЬ,АСТРАХАНСКИЙ РАЙОН
448919,Образование,false,,292077000,883,111597000,920,155319000,846,608448000,1031,208762000,994,300232000,957,2,Образование,АКМОЛИНСКАЯ ОБЛАСТЬ,АСТРАХАНСКИЙ РАЙОН
448920,Дошкольное образование,false,,,,47148000,920,,,,,,,,,3,Образование,АКМОЛИНСКАЯ ОБЛАСТЬ,АСТРАХАНСКИЙ РАЙОН
448921,Дошкольное образование,false,,,,47148000,920,,,,,,,,,4,Дошкольное образование,АКМОЛИНСКАЯ ОБЛАСТЬ,АСТРАХАНСКИЙ РАЙОН
448922,Дошкольное образование,true,,,,47148000,920,,,,,,,,,5,Дошкольное образование,АКМОЛИНСКАЯ ОБЛАСТЬ,АСТРАХАНСКИЙ РАЙОН
448926,Среднее образование (2-й и 3-й уровни),false,,292077000,883,64449000,920,155319000,846,608448000,1031,208762000,994,300232000,957,3,Образование,АКМОЛИНСКАЯ ОБЛАСТЬ,АСТРАХАНСКИЙ РАЙОН
448927,Основное и общее среднее образование,false,,292077000,883,64449000,920,155319000,846,198405000,1031,208762000,994,300232000,957,4,Среднее образование (2-й и 3-й уровни),АКМОЛИНСКАЯ ОБЛАСТЬ,АСТРАХАНСКИЙ РАЙОН
448928,Основное и общее среднее образование,true,,292077000,883,64449000,920,155319000,846,198405000,1031,208762000,994,300232000,957,5,Основное и общее среднее образование,АКМОЛИНСКАЯ ОБЛАСТЬ,АСТРАХАНСКИЙ РАЙОН
448929,Техническое и профессиональное среднее образование,false,,,,,,,,410043000,1031,,,,,4,Среднее образование (2-й и 3-й уровни),АКМОЛИНСКАЯ ОБЛАСТЬ,АСТРАХАНСКИЙ РАЙОН
448930,Профессионально-техническое образование,true,,,,,,,,410043000,1031,,,,,5,Техническое и профессиональное среднее образование,АКМОЛИНСКАЯ ОБЛАСТЬ,АСТРАХАНСКИЙ РАЙОН
448950,Здравоохранение и социальное обслуживание населения,false,,916124000,883,74151000,920,152721000,846,133289000,1031,195000,994,,,1,Всего,АКМОЛИНСКАЯ ОБЛАСТЬ,АСТРАХАНСКИЙ РАЙОН
448951,Деятельность в области здравоохранения,false,,916124000,883,74151000,920,152721000,846,133289000,1031,195000,994,,,2,Здравоохранение и социальное обслуживание населения,АКМОЛИНСКАЯ ОБЛАСТЬ,АСТРАХАНСКИЙ РАЙОН
448952,Деятельность больничных организаций,false,,916124000,883,74151000,920,152721000,846,,,,,,,3,Деятельность в области здравоохранения,АКМОЛИНСКАЯ ОБЛАСТЬ,АСТРАХАНСКИЙ РАЙОН
448953,Деятельность больничных организаций,false,,916124000,883,74151000,920,152721000,846,,,,,,,4,Деятельность больничных организаций,АКМОЛИНСКАЯ ОБЛАСТЬ,АСТРАХАНСКИЙ РАЙОН
448954,Деятельность больниц широкого профиля и специализированных больниц,true,,916124000,883,74151000,920,152721000,846,,,,,,,5,Деятельность больничных организаций,АКМОЛИНСКАЯ ОБЛАСТЬ,АСТРАХАНСКИЙ РАЙОН
448959,Деятельность в области врачебной практики и стоматологии,false,,,,,,,,133289000,1031,195000,994,,,3,Деятельность в области здравоохранения,АКМОЛИНСКАЯ ОБЛАСТЬ,АСТРАХАНСКИЙ РАЙОН
448960,Общая врачебная практика,false,,,,,,,,133289000,1031,195000,994,,,4,Деятельность в области врачебной практики и стоматологии,АКМОЛИНСКАЯ ОБЛАСТЬ,АСТРАХАНСКИЙ РАЙОН
448961,Общая врачебная практика,true,,,,,,,,133289000,1031,195000,994,,,5,Общая врачебная практика,АКМОЛИНСКАЯ ОБЛАСТЬ,АСТРАХАНСКИЙ РАЙОН
448991,"Искусство, развлечения и отдых",false,,x,883,,,86614000,846,47268000,1031,282033000,994,63927000,957,1,Всего,АКМОЛИНСКАЯ ОБЛАСТЬ,АСТРАХАНСКИЙ РАЙОН
449022,"Деятельность в области спорта, организации отдыха и развлечений",false,,x,883,,,86614000,846,47268000,1031,282033000,994,63927000,957,2,"Искусство, развлечения и отдых",АКМОЛИНСКАЯ ОБЛАСТЬ,АСТРАХАНСКИЙ РАЙОН
449023,Деятельность в области спорта,false,,,,,,44363000,846,,,,,,,3,"Деятельность в области спорта, организации отдыха и развлечений",АКМОЛИНСКАЯ ОБЛАСТЬ,АСТРАХАНСКИЙ РАЙОН
449024,Эксплуатация спортивных сооружений,false,,,,,,44363000,846,,,,,,,4,Деятельность в области спорта,АКМОЛИНСКАЯ ОБЛАСТЬ,АСТРАХАНСКИЙ РАЙОН
449025,Эксплуатация спортивных сооружений,true,,,,,,44363000,846,,,,,,,5,Эксплуатация спортивных сооружений,АКМОЛИНСКАЯ ОБЛАСТЬ,АСТРАХАНСКИЙ РАЙОН
449032,Деятельность по организации отдыха и развлечений,false,,x,883,,,x,846,47268000,1031,282033000,994,63927000,957,3,"Деятельность в области спорта, организации отдыха и развлечений",АКМОЛИНСКАЯ ОБЛАСТЬ,АСТРАХАНСКИЙ РАЙОН
449035,Прочая деятельность по организации отдыха и развлечений,false,,x,883,,,x,846,47268000,1031,282033000,994,63927000,957,4,Деятельность по организации отдыха и развлечений,АКМОЛИНСКАЯ ОБЛАСТЬ,АСТРАХАНСКИЙ РАЙОН
449039,Прочие виды деятельности по организации отдыха и развлечений,true,,x,883,,,x,846,47268000,1031,282033000,994,63927000,957,5,Прочая деятельность по организации отдыха и развлечений,АКМОЛИНСКАЯ ОБЛАСТЬ,АСТРАХАНСКИЙ РАЙОН
741340,Промышленность,false,,1013050000,883,501356000,920,1380585000,846,2077425000,1031,1062493000,994,244737000,957,1,Всего,АКМОЛИНСКАЯ ОБЛАСТЬ,АСТРАХАНСКИЙ РАЙОН
447279,Горнодобывающая промышленность и разработка карьеров,false,,,,,,,,,,x,994,,,2,Промышленность,АКМОЛИНСКАЯ ОБЛАСТЬ,АСТРАХАНСКИЙ РАЙОН
447316,Добыча прочих полезных ископаемых,false,,,,,,,,,,x,994,,,3,Горнодобывающая промышленность и разработка карьеров,АКМОЛИНСКАЯ ОБЛАСТЬ,АСТРАХАНСКИЙ РАЙОН
447325,"Добыча полезных ископаемых, не включенных в другие группировки",false,,,,,,,,,,x,994,,,4,Добыча прочих полезных ископаемых,АКМОЛИНСКАЯ ОБЛАСТЬ,АСТРАХАНСКИЙ РАЙОН
447332,"Добыча прочих полезных ископаемых, не включенных в другие группировки ",false,,,,,,,,,,x,994,,,5,"Добыча полезных ископаемых, не включенных в другие группировки",АКМОЛИНСКАЯ ОБЛАСТЬ,АСТРАХАНСКИЙ РАЙОН
447346,Обрабатывающая промышленность,false,,9036000,883,291822000,920,x,846,40207000,1031,80404000,994,127019000,957,2,Промышленность,АКМОЛИНСКАЯ ОБЛАСТЬ,АСТРАХАНСКИЙ РАЙОН
447347,Производство продуктов питания,false,,9036000,883,3965000,920,x,846,,,,,,,3,Обрабатывающая промышленность,АКМОЛИНСКАЯ ОБЛАСТЬ,АСТРАХАНСКИЙ РАЙОН
447371,Производство молочных продуктов,false,,1750000,883,3965000,920,,,,,,,,,4,Производство продуктов питания,АКМОЛИНСКАЯ ОБЛАСТЬ,АСТРАХАНСКИЙ РАЙОН
447372,Переработка молока и производство сыров,false,,1750000,883,3965000,920,,,,,,,,,5,Производство молочных продуктов,АКМОЛИНСКАЯ ОБЛАСТЬ,АСТРАХАНСКИЙ РАЙОН
447377,"Производство мукомольно-крупяных продуктов, крахмалов и крахмальных продуктов",false,,x,883,,,x,846,,,,,,,4,Производство продуктов питания,АКМОЛИНСКАЯ ОБЛАСТЬ,АСТРАХАНСКИЙ РАЙОН
447378,Производство мукомольно-крупяных продуктов,false,,x,883,,,x,846,,,,,,,5,"Производство мукомольно-крупяных продуктов, крахмалов и крахмальных продуктов",АКМОЛИНСКАЯ ОБЛАСТЬ,АСТРАХАНСКИЙ РАЙОН
447646,Производство прочей не металлической минеральной продукции,false,,,,,,,,,,,,19606000,957,3,Обрабатывающая промышленность,АКМОЛИНСКАЯ ОБЛАСТЬ,АСТРАХАНСКИЙ РАЙОН
447664,Производство строительных материалов из глины,false,,,,,,,,,,,,12590000,957,4,Производство прочей не металлической минеральной продукции,АКМОЛИНСКАЯ ОБЛАСТЬ,АСТРАХАНСКИЙ РАЙОН
447667,"Производство кирпича, черепицы и прочих строительных изделий из обожженной глины",false,,,,,,,,,,,,12590000,957,5,Производство строительных материалов из глины,АКМОЛИНСКАЯ ОБЛАСТЬ,АСТРАХАНСКИЙ РАЙОН
447688,"Производство изделий из бетона, цемента и строительного гипса ",false,,,,,,,,,,,,7016000,957,4,Производство прочей не металлической минеральной продукции,АКМОЛИНСКАЯ ОБЛАСТЬ,АСТРАХАНСКИЙ РАЙОН
447689,Производство строительных изделий из бетона,false,,,,,,,,,,,,7016000,957,5,"Производство изделий из бетона, цемента и строительного гипса ",АКМОЛИНСКАЯ ОБЛАСТЬ,АСТРАХАНСКИЙ РАЙОН
447881,"Производство машин и оборудования, не включенных в другие группировки ",false,,,,287857000,920,,,40207000,1031,80404000,994,107413000,957,3,Обрабатывающая промышленность,АКМОЛИНСКАЯ ОБЛАСТЬ,АСТРАХАНСКИЙ РАЙОН
447922,Производство сельскохозяйственной и лесохозяйственной техники,false,,,,,,,,40207000,1031,80404000,994,,,4,"Производство машин и оборудования, не включенных в другие группировки ",АКМОЛИНСКАЯ ОБЛАСТЬ,АСТРАХАНСКИЙ РАЙОН
447923,Производство сельскохозяйственной и лесохозяйственной техники,false,,,,,,,,40207000,1031,80404000,994,,,5,Производство сельскохозяйственной и лесохозяйственной техники,АКМОЛИНСКАЯ ОБЛАСТЬ,АСТРАХАНСКИЙ РАЙОН
447938,Производство прочих машин и оборудования специального назначения ,false,,,,287857000,920,,,,,,,107413000,957,4,"Производство машин и оборудования, не включенных в другие группировки ",АКМОЛИНСКАЯ ОБЛАСТЬ,АСТРАХАНСКИЙ РАЙОН
447947,"Производство машин и оборудования для производства и переработки продуктов питания, напитков и табачных изделий  ",false,,,,287857000,920,,,,,,,107413000,957,5,Производство прочих машин и оборудования специального назначения ,АКМОЛИНСКАЯ ОБЛАСТЬ,АСТРАХАНСКИЙ РАЙОН
448090,"Снабжение электроэнергией, газом, паром, горячей водой и кондиционированным воздухом",false,,612051000,883,209534000,920,533816000,846,279498000,1031,271906000,994,x,957,2,Промышленность,АКМОЛИНСКАЯ ОБЛАСТЬ,АСТРАХАНСКИЙ РАЙОН
448091,"Снабжение электроэнергией, газом, паром, горячей водой и кондиционированным воздухом",false,,612051000,883,209534000,920,533816000,846,279498000,1031,271906000,994,x,957,3,"Снабжение электроэнергией, газом, паром, горячей водой и кондиционированным воздухом",АКМОЛИНСКАЯ ОБЛАСТЬ,АСТРАХАНСКИЙ РАЙОН
448092,"Производство, передача и распределение электроэнергии",false,,52332000,883,74522000,920,x,846,240398000,1031,271906000,994,x,957,4,"Снабжение электроэнергией, газом, паром, горячей водой и кондиционированным воздухом",АКМОЛИНСКАЯ ОБЛАСТЬ,АСТРАХАНСКИЙ РАЙОН
448093,Производство электроэнергии,false,,7500000,883,,,,,,,,,,,5,"Производство, передача и распределение электроэнергии",АКМОЛИНСКАЯ ОБЛАСТЬ,АСТРАХАНСКИЙ РАЙОН
448098,Передача электроэнергии,false,,,,,,,,229687000,1031,195052000,994,,,5,"Производство, передача и распределение электроэнергии",АКМОЛИНСКАЯ ОБЛАСТЬ,АСТРАХАНСКИЙ РАЙОН
448100,Распределение электроэнергии,false,,x,883,74522000,920,x,846,9199000,1031,76854000,994,x,957,5,"Производство, передача и распределение электроэнергии",АКМОЛИНСКАЯ ОБЛАСТЬ,АСТРАХАНСКИЙ РАЙОН
448102,Продажа электроэнергии ,false,,,,,,,,1512000,1031,,,,,5,"Производство, передача и распределение электроэнергии",АКМОЛИНСКАЯ ОБЛАСТЬ,АСТРАХАНСКИЙ РАЙОН
448111,"Снабжение паром, горячей водой и кондиционированным воздухом",false,,559719000,883,135012000,920,243603000,846,x,1031,,,,,4,"Снабжение электроэнергией, газом, паром, горячей водой и кондиционированным воздухом",АКМОЛИНСКАЯ ОБЛАСТЬ,АСТРАХАНСКИЙ РАЙОН
448112,"Снабжение паром, горячей водой и кондиционированным воздухом",false,,559719000,883,135012000,920,243603000,846,x,1031,,,,,5,"Снабжение паром, горячей водой и кондиционированным воздухом",АКМОЛИНСКАЯ ОБЛАСТЬ,АСТРАХАНСКИЙ РАЙОН
448117,"Водоснабжение; сбор, обработка и удаление отходов, деятельность по ликвидации загрязнений",false,,391963000,883,,,846708000,846,1757720000,1031,664453000,994,42584000,957,2,Промышленность,АКМОЛИНСКАЯ ОБЛАСТЬ,АСТРАХАНСКИЙ РАЙОН
448118,"Сбор, обработка и распределение воды",false,,391963000,883,,,846708000,846,1757720000,1031,664453000,994,42584000,957,3,"Водоснабжение; сбор, обработка и удаление отходов, деятельность по ликвидации загрязнений",АКМОЛИНСКАЯ ОБЛАСТЬ,АСТРАХАНСКИЙ РАЙОН
448119,"Сбор, обработка и распределение воды",false,,391963000,883,,,846708000,846,1757720000,1031,664453000,994,42584000,957,4,"Сбор, обработка и распределение воды",АКМОЛИНСКАЯ ОБЛАСТЬ,АСТРАХАНСКИЙ РАЙОН
448120,"Сбор, обработка и распределение воды",false,,391963000,883,,,846708000,846,1757720000,1031,664453000,994,42584000,957,5,"Сбор, обработка и распределение воды",АКМОЛИНСКАЯ ОБЛАСТЬ,АСТРАХАНСКИЙ РАЙОН
741885,Всего,false,,10347673000,883,15959162000,920,7724525000,846,20940703000,1031,18215190000,994,20695803000,957,0,,АКМОЛИНСКАЯ ОБЛАСТЬ,АТБАСАРСКИЙ РАЙОН
447173,"Сельское, лесное и рыбное хозяйство",false,,4133934000,883,6185215000,920,4399664000,846,4065149000,1031,8501480000,994,8202620000,957,1,Всего,АКМОЛИНСКАЯ ОБЛАСТЬ,АТБАСАРСКИЙ РАЙОН
447174,"Растениеводство и животноводство, охота и предоставление услуг в этих областях",false,,4063934000,883,6185215000,920,4399664000,846,4065149000,1031,8501480000,994,8202620000,957,2,"Сельское, лесное и рыбное хозяйство",АКМОЛИНСКАЯ ОБЛАСТЬ,АТБАСАРСКИЙ РАЙОН
447175,Выращивание одно- или двухлетних культур,false,,3905272000,883,6167367000,920,4274664000,846,3755628000,1031,8429016000,994,7965589000,957,3,"Растениеводство и животноводство, охота и предоставление услуг в этих областях",АКМОЛИНСКАЯ ОБЛАСТЬ,АТБАСАРСКИЙ РАЙОН
447176,"Выращивание зерновых (кроме риса), бобовых и масличных культур",false,,3905272000,883,6167367000,920,4274664000,846,3674032000,1031,7317243000,994,7823932000,957,4,Выращивание одно- или двухлетних культур,АКМОЛИНСКАЯ ОБЛАСТЬ,АТБАСАРСКИЙ РАЙОН
3783380,"Выращивание зерновых и зернобобовых культур, включая семеноводство",true,,3905272000,883,6167367000,920,4274664000,846,3674032000,1031,7317243000,994,7823932000,957,5,"Выращивание зерновых (кроме риса), бобовых и масличных культур",АКМОЛИНСКАЯ ОБЛАСТЬ,АТБАСАРСКИЙ РАЙОН
447181,"Выращивание овощей, бахчевых, корнеплодов и клубнеплодов",false,,,,,,,,81596000,1031,1111773000,994,141657000,957,4,Выращивание одно- или двухлетних культур,АКМОЛИНСКАЯ ОБЛАСТЬ,АТБАСАРСКИЙ РАЙОН
447182,Выращивание картофеля и посадочного материала,true,,,,,,,,81596000,1031,1111773000,994,133298000,957,5,"Выращивание овощей, бахчевых, корнеплодов и клубнеплодов",АКМОЛИНСКАЯ ОБЛАСТЬ,АТБАСАРСКИЙ РАЙОН
447183,"Выращивание овощей, их семян и рассады",true,,,,,,,,,,,,x,957,5,"Выращивание овощей, бахчевых, корнеплодов и клубнеплодов",АКМОЛИНСКАЯ ОБЛАСТЬ,АТБАСАРСКИЙ РАЙОН
447218,Животноводство,false,,158662000,883,17848000,920,125000000,846,309521000,1031,72464000,994,35121000,957,3,"Растениеводство и животноводство, охота и предоставление услуг в этих областях",АКМОЛИНСКАЯ ОБЛАСТЬ,АТБАСАРСКИЙ РАЙОН
447219,Разведение крупного рогатого скота молочного направления,false,,142164000,883,7991000,920,,,297361000,1031,72464000,994,22521000,957,4,Животноводство,АКМОЛИНСКАЯ ОБЛАСТЬ,АТБАСАРСКИЙ РАЙОН
447220,Разведение крупного рогатого скота молочного направления,true,,142164000,883,7991000,920,,,297361000,1031,72464000,994,22521000,957,5,Разведение крупного рогатого скота молочного направления,АКМОЛИНСКАЯ ОБЛАСТЬ,АТБАСАРСКИЙ РАЙОН
447221,Разведение прочего крупного рогатого скота и буйволов,false,,x,883,9857000,920,25000000,846,12160000,1031,,,,,4,Животноводство,АКМОЛИНСКАЯ ОБЛАСТЬ,АТБАСАРСКИЙ РАЙОН
447222,Разведение прочего крупного рогатого скота и буйволов,true,,x,883,9857000,920,25000000,846,12160000,1031,,,,,5,Разведение прочего крупного рогатого скота и буйволов,АКМОЛИНСКАЯ ОБЛАСТЬ,АТБАСАРСКИЙ РАЙОН
447223,Разведение лошадей и прочих животных семейства лошадиных,false,,,,,,,,,,,,x,957,4,Животноводство,АКМОЛИНСКАЯ ОБЛАСТЬ,АТБАСАРСКИЙ РАЙОН
447224,Разведение лошадей,true,,,,,,,,,,,,x,957,5,Разведение лошадей и прочих животных семейства лошадиных,АКМОЛИНСКАЯ ОБЛАСТЬ,АТБАСАРСКИЙ РАЙОН
447232,Разведение сельскохозяйственной птицы ,false,,13600000,883,,,100000000,846,,,,,,,4,Животноводство,АКМОЛИНСКАЯ ОБЛАСТЬ,АТБАСАРСКИЙ РАЙОН
447235,"Производство смешанное, мясояичное",true,,13600000,883,,,100000000,846,,,,,,,5,Разведение сельскохозяйственной птицы ,АКМОЛИНСКАЯ ОБЛАСТЬ,АТБАСАРСКИЙ РАЙОН
18683346,"Деятельность, способствующая выращиванию сельскохозяйственных культур и разведению животных и деятельность по обработке урожая",false,,,,,,,,,,,,201910000,957,3,"Растениеводство и животноводство, охота и предоставление услуг в этих областях",АКМОЛИНСКАЯ ОБЛАСТЬ,АТБАСАРСКИЙ РАЙОН
18683354,Деятельность по обработке семян для посадки,false,,,,,,,,,,,,201910000,957,4,"Деятельность, способствующая выращиванию сельскохозяйственных культур и разведению животных и деятельность по обработке урожая",АКМОЛИНСКАЯ ОБЛАСТЬ,АТБАСАРСКИЙ РАЙОН
18683355,Деятельность по обработке семян для посадки,true,,,,,,,,,,,,201910000,957,5,Деятельность по обработке семян для посадки,АКМОЛИНСКАЯ ОБЛАСТЬ,АТБАСАРСКИЙ РАЙОН
447268,Рыболовство и рыбоводство,false,,70000000,883,,,,,,,,,,,2,"Сельское, лесное и рыбное хозяйство",АКМОЛИНСКАЯ ОБЛАСТЬ,АТБАСАРСКИЙ РАЙОН
447269,Рыболовство,false,,70000000,883,,,,,,,,,,,3,Рыболовство и рыбоводство,АКМОЛИНСКАЯ ОБЛАСТЬ,АТБАСАРСКИЙ РАЙОН
447272,Пресноводное рыболовство,false,,70000000,883,,,,,,,,,,,4,Рыболовство,АКМОЛИНСКАЯ ОБЛАСТЬ,АТБАСАРСКИЙ РАЙОН
447273,Пресноводное рыболовство,true,,70000000,883,,,,,,,,,,,5,Пресноводное рыболовство,АКМОЛИНСКАЯ ОБЛАСТЬ,АТБАСАРСКИЙ РАЙОН
448215,Оптовая и розничная торговля; ремонт автомобилей и мотоциклов,false,,118917000,883,273867000,920,1938000,846,188058000,1031,116374000,994,254714000,957,1,Всего,АКМОЛИНСКАЯ ОБЛАСТЬ,АТБАСАРСКИЙ РАЙОН
448216,Оптовая и розничная торговля автомобилями и мотоциклами и их ремонт,false,,80000000,883,,,,,10000000,1031,24000000,994,80000000,957,2,Оптовая и розничная торговля; ремонт автомобилей и мотоциклов,АКМОЛИНСКАЯ ОБЛАСТЬ,АТБАСАРСКИЙ РАЙОН
448224,Техническое обслуживание и ремонт автомобилей,false,,80000000,883,,,,,,,24000000,994,80000000,957,3,Оптовая и розничная торговля автомобилями и мотоциклами и их ремонт,АКМОЛИНСКАЯ ОБЛАСТЬ,АТБАСАРСКИЙ РАЙОН
448225,Техническое обслуживание и ремонт автомобилей,false,,80000000,883,,,,,,,24000000,994,80000000,957,4,Техническое обслуживание и ремонт автомобилей,АКМОЛИНСКАЯ ОБЛАСТЬ,АТБАСАРСКИЙ РАЙОН
20575904,"Техническое обслуживание и ремонт автомобилей, за исключением произведенных станциями технического обслуживания, находящимися на придорожной полосе",true,,80000000,883,,,,,,,24000000,994,80000000,957,5,Техническое обслуживание и ремонт автомобилей,АКМОЛИНСКАЯ ОБЛАСТЬ,АТБАСАРСКИЙ РАЙОН
448227,"Торговля автомобильными деталями, узлами и принадлежностями",false,,,,,,,,10000000,1031,,,,,3,Оптовая и розничная торговля автомобилями и мотоциклами и их ремонт,АКМОЛИНСКАЯ ОБЛАСТЬ,АТБАСАРСКИЙ РАЙОН
448230,"Розничная торговля автомобильными деталями, узлами и принадлежностями",false,,,,,,,,10000000,1031,,,,,4,"Торговля автомобильными деталями, узлами и принадлежностями",АКМОЛИНСКАЯ ОБЛАСТЬ,АТБАСАРСКИЙ РАЙОН
18951438,"Розничная торговля автомобильными деталями, узлами и принадлежностями в торговых объектах с торговой площадью менее 2000 кв.м",true,,,,,,,,10000000,1031,,,,,5,"Розничная торговля автомобильными деталями, узлами и принадлежностями",АКМОЛИНСКАЯ ОБЛАСТЬ,АТБАСАРСКИЙ РАЙОН
448237,"Оптовая торговля, за исключением торговли автомобилями и мотоциклами",false,,287000,883,22930000,920,1088000,846,779000,1031,859000,994,714000,957,2,Оптовая и розничная торговля; ремонт автомобилей и мотоциклов,АКМОЛИНСКАЯ ОБЛАСТЬ,АТБАСАРСКИЙ РАЙОН
448238,Оптовая торговля за вознаграждение или на договорной основе,false,,,,3080000,920,,,,,,,714000,957,3,"Оптовая торговля, за исключением торговли автомобилями и мотоциклами",АКМОЛИНСКАЯ ОБЛАСТЬ,АТБАСАРСКИЙ РАЙОН
448239,"Деятельность агентов по оптовой торговле сельскохозяйственным сырьем, живыми животными, текстильным сырьем и полуфабрикатами",false,,,,3080000,920,,,,,,,714000,957,4,Оптовая торговля за вознаграждение или на договорной основе,АКМОЛИНСКАЯ ОБЛАСТЬ,АТБАСАРСКИЙ РАЙОН
448240,"Деятельность агентов по оптовой торговле сельскохозяйственным сырьем, живыми животными, текстильным сырьем и полуфабрикатами",true,,,,3080000,920,,,,,,,714000,957,5,"Деятельность агентов по оптовой торговле сельскохозяйственным сырьем, живыми животными, текстильным сырьем и полуфабрикатами",АКМОЛИНСКАЯ ОБЛАСТЬ,АТБАСАРСКИЙ РАЙОН
448257,Оптовая торговля сельскохозяйственным сырьем и живыми животными,false,,,,,,152000,846,,,,,,,3,"Оптовая торговля, за исключением торговли автомобилями и мотоциклами",АКМОЛИНСКАЯ ОБЛАСТЬ,АТБАСАРСКИЙ РАЙОН
448258,"Оптовая торговля зерном, необработанным табаком, семенами и кормами для животных",false,,,,,,152000,846,,,,,,,4,Оптовая торговля сельскохозяйственным сырьем и живыми животными,АКМОЛИНСКАЯ ОБЛАСТЬ,АТБАСАРСКИЙ РАЙОН
448259,"Оптовая торговля зерном, семенами и кормами для животных",true,,,,,,152000,846,,,,,,,5,"Оптовая торговля зерном, необработанным табаком, семенами и кормами для животных",АКМОЛИНСКАЯ ОБЛАСТЬ,АТБАСАРСКИЙ РАЙОН
448267,"Оптовая торговля продуктами питания, напитками и табачными изделиями",false,,x,883,,,x,846,,,,,,,3,"Оптовая торговля, за исключением торговли автомобилями и мотоциклами",АКМОЛИНСКАЯ ОБЛАСТЬ,АТБАСАРСКИЙ РАЙОН
448282,"Оптовая торговля прочими продуктами питания, включая рыбу, ракообразных и моллюсков",false,,x,883,,,x,846,,,,,,,4,"Оптовая торговля продуктами питания, напитками и табачными изделиями",АКМОЛИНСКАЯ ОБЛАСТЬ,АТБАСАРСКИЙ РАЙОН
448284,Оптовая торговля прочими продуктами питания,true,,x,883,,,x,846,,,,,,,5,"Оптовая торговля прочими продуктами питания, включая рыбу, ракообразных и моллюсков",АКМОЛИНСКАЯ ОБЛАСТЬ,АТБАСАРСКИЙ РАЙОН
448316,"Оптовая торговля прочими машинами, оборудованием и деталями и принадлежностями к ним",false,,,,10500000,920,,,,,,,,,3,"Оптовая торговля, за исключением торговли автомобилями и мотоциклами",АКМОЛИНСКАЯ ОБЛАСТЬ,АТБАСАРСКИЙ РАЙОН
448317,"Оптовая торговля сельскохозяйственной техникой, оборудованием,  деталями и принадлежностями к ним",false,,,,10500000,920,,,,,,,,,4,"Оптовая торговля прочими машинами, оборудованием и деталями и принадлежностями к ним",АКМОЛИНСКАЯ ОБЛАСТЬ,АТБАСАРСКИЙ РАЙОН
448318,"Оптовая торговля сельскохозяйственной техникой, оборудованием,  деталями и принадлежностями к ним",true,,,,10500000,920,,,,,,,,,5,"Оптовая торговля сельскохозяйственной техникой, оборудованием,  деталями и принадлежностями к ним",АКМОЛИНСКАЯ ОБЛАСТЬ,АТБАСАРСКИЙ РАЙОН
448331,Прочая специализированная оптовая торговля ,false,,,,9350000,920,,,421000,1031,,,,,3,"Оптовая торговля, за исключением торговли автомобилями и мотоциклами",АКМОЛИНСКАЯ ОБЛАСТЬ,АТБАСАРСКИЙ РАЙОН
448332,"Оптовая торговля твердым, жидким и газообразным топливом и подобными продуктами",false,,,,9350000,920,,,421000,1031,,,,,4,Прочая специализированная оптовая торговля ,АКМОЛИНСКАЯ ОБЛАСТЬ,АТБАСАРСКИЙ РАЙОН
448335,Оптовая торговля каменным углем,true,,,,9350000,920,,,,,,,,,5,"Оптовая торговля твердым, жидким и газообразным топливом и подобными продуктами",АКМОЛИНСКАЯ ОБЛАСТЬ,АТБАСАРСКИЙ РАЙОН
448341,Оптовая торговля прочим топливом,true,,,,,,,,421000,1031,,,,,5,"Оптовая торговля твердым, жидким и газообразным топливом и подобными продуктами",АКМОЛИНСКАЯ ОБЛАСТЬ,АТБАСАРСКИЙ РАЙОН
448371,Неспециализированная оптовая торговля,false,,x,883,,,x,846,x,1031,859000,994,,,3,"Оптовая торговля, за исключением торговли автомобилями и мотоциклами",АКМОЛИНСКАЯ ОБЛАСТЬ,АТБАСАРСКИЙ РАЙОН
448372,Неспециализированная оптовая торговля,false,,x,883,,,x,846,x,1031,859000,994,,,4,Неспециализированная оптовая торговля,АКМОЛИНСКАЯ ОБЛАСТЬ,АТБАСАРСКИЙ РАЙОН
448376,Оптовая торговля широким ассортиментом товаров без какой-либо конкретизации,true,,x,883,,,x,846,x,1031,859000,994,,,5,Неспециализированная оптовая торговля,АКМОЛИНСКАЯ ОБЛАСТЬ,АТБАСАРСКИЙ РАЙОН
448377,"Розничная торговля, кроме торговли автомобилями и мотоциклами",false,,38630000,883,250937000,920,850000,846,177279000,1031,91515000,994,174000000,957,2,Оптовая и розничная торговля; ремонт автомобилей и мотоциклов,АКМОЛИНСКАЯ ОБЛАСТЬ,АТБАСАРСКИЙ РАЙОН
448378,Розничная торговля в неспециализированных магазинах,false,,38630000,883,85130000,920,850000,846,114053000,1031,91200000,994,174000000,957,3,"Розничная торговля, кроме торговли автомобилями и мотоциклами",АКМОЛИНСКАЯ ОБЛАСТЬ,АТБАСАРСКИЙ РАЙОН
448379,"Розничная торговля в неспециализированных магазинах преимущественно продуктами питания, напитками и табачными изделиями",false,,3630000,883,81865000,920,850000,846,114053000,1031,81200000,994,,,4,Розничная торговля в неспециализированных магазинах,АКМОЛИНСКАЯ ОБЛАСТЬ,АТБАСАРСКИЙ РАЙОН
3647934,"Розничная торговля преимущественно продуктами питания, напитками и табачными изделиями в неспециализированных магазинах, являющихся торговыми объектами, с торговой площадью менее 2000 кв.м ",true,,3630000,883,81865000,920,850000,846,114053000,1031,81200000,994,,,5,"Розничная торговля в неспециализированных магазинах преимущественно продуктами питания, напитками и табачными изделиями",АКМОЛИНСКАЯ ОБЛАСТЬ,АТБАСАРСКИЙ РАЙОН
448381,Прочая розничная торговля в неспециализированных магазинах,false,,35000000,883,3265000,920,,,,,10000000,994,174000000,957,4,Розничная торговля в неспециализированных магазинах,АКМОЛИНСКАЯ ОБЛАСТЬ,АТБАСАРСКИЙ РАЙОН
3647936,"Прочая розничная торговля в неспециализированных магазинах, являющихся торговыми объектами, с торговой площадью менее 2000 кв.м ",true,,35000000,883,3265000,920,,,,,10000000,994,174000000,957,5,Прочая розничная торговля в неспециализированных магазинах,АКМОЛИНСКАЯ ОБЛАСТЬ,АТБАСАРСКИЙ РАЙОН
448383,"Розничная торговля продуктами питания, напитками и табачными изделиями в специализированных магазинах",false,,,,10000000,920,,,,,,,,,3,"Розничная торговля, кроме торговли автомобилями и мотоциклами",АКМОЛИНСКАЯ ОБЛАСТЬ,АТБАСАРСКИЙ РАЙОН
448391,"Розничная торговля хлебобулочными, мучными и сахаристыми кондитерскими изделиями в специализированных магазинах",false,,,,10000000,920,,,,,,,,,4,"Розничная торговля продуктами питания, напитками и табачными изделиями в специализированных магазинах",АКМОЛИНСКАЯ ОБЛАСТЬ,АТБАСАРСКИЙ РАЙОН
3647944,"Розничная торговля хлебобулочными, мучными и сахаристыми кондитерскими изделиями в специализированных магазинах, являющихся торговыми объектами, с торговой площадью менее 2000 кв.м",true,,,,10000000,920,,,,,,,,,5,"Розничная торговля хлебобулочными, мучными и сахаристыми кондитерскими изделиями в специализированных магазинах",АКМОЛИНСКАЯ ОБЛАСТЬ,АТБАСАРСКИЙ РАЙОН
448399,Розничная торговля топливом в специализированных магазинах,false,,,,x,920,,,x,1031,250000,994,,,3,"Розничная торговля, кроме торговли автомобилями и мотоциклами",АКМОЛИНСКАЯ ОБЛАСТЬ,АТБАСАРСКИЙ РАЙОН
448400,Розничная торговля топливом в специализированных магазинах,false,,,,x,920,,,x,1031,250000,994,,,4,Розничная торговля топливом в специализированных магазинах,АКМОЛИНСКАЯ ОБЛАСТЬ,АТБАСАРСКИЙ РАЙОН
20576124,"Розничная торговля моторным топливом в специализированных магазинах, за исключением находящихся на придорожной полосе",true,,,,x,920,,,x,1031,250000,994,,,5,Розничная торговля топливом в специализированных магазинах,АКМОЛИНСКАЯ ОБЛАСТЬ,АТБАСАРСКИЙ РАЙОН
448409,Розничная торговля прочими бытовыми товарами в специализированных магазинах ,false,,,,13994000,920,,,17000000,1031,x,994,,,3,"Розничная торговля, кроме торговли автомобилями и мотоциклами",АКМОЛИНСКАЯ ОБЛАСТЬ,АТБАСАРСКИЙ РАЙОН
448412,"Розничная торговля скобяными изделиями, лакокрасочными материалами и стеклом в специализированных магазинах",false,,,,9800000,920,,,15000000,1031,,,,,4,Розничная торговля прочими бытовыми товарами в специализированных магазинах ,АКМОЛИНСКАЯ ОБЛАСТЬ,АТБАСАРСКИЙ РАЙОН
18946140,"Розничная торговля скобяными изделиями, лакокрасочными материалами и стеклом в специализированных магазинах, являющихся торговыми объектами, с торговой площадью менее 2000 кв.м",true,,,,9800000,920,,,15000000,1031,,,,,5,"Розничная торговля скобяными изделиями, лакокрасочными материалами и стеклом в специализированных магазинах",АКМОЛИНСКАЯ ОБЛАСТЬ,АТБАСАРСКИЙ РАЙОН
448416,Розничная торговля электрическими бытовыми приборами в специализированных магазинах,false,,,,x,920,,,2000000,1031,x,994,,,4,Розничная торговля прочими бытовыми товарами в специализированных магазинах ,АКМОЛИНСКАЯ ОБЛАСТЬ,АТБАСАРСКИЙ РАЙОН
3647962,"Розничная торговля электрическими бытовыми приборами в специализированных магазинах, являющихся торговыми объектами, с торговой площадью менее 2000 кв.м",true,,,,x,920,,,2000000,1031,x,994,,,5,Розничная торговля электрическими бытовыми приборами в специализированных магазинах,АКМОЛИНСКАЯ ОБЛАСТЬ,АТБАСАРСКИЙ РАЙОН
448433,Розничная торговля прочими товарами в специализированных магазинах,false,,,,3000000,920,,,,,,,,,3,"Розничная торговля, кроме торговли автомобилями и мотоциклами",АКМОЛИНСКАЯ ОБЛАСТЬ,АТБАСАРСКИЙ РАЙОН
448440,Розничная торговля фармацевтическими товарами в специализированных магазинах,false,,,,3000000,920,,,,,,,,,4,Розничная торговля прочими товарами в специализированных магазинах,АКМОЛИНСКАЯ ОБЛАСТЬ,АТБАСАРСКИЙ РАЙОН
3647981,"Розничная торговля фармацевтическими товарами в специализированных магазинах, являющихся торговыми объектами, с торговой площадью менее 2000 кв.м",true,,,,3000000,920,,,,,,,,,5,Розничная торговля фармацевтическими товарами в специализированных магазинах,АКМОЛИНСКАЯ ОБЛАСТЬ,АТБАСАРСКИЙ РАЙОН
448475,Транспорт и складирование,false,,2542289000,883,2945451000,920,711277000,846,4536421000,1031,2447365000,994,6649053000,957,1,Всего,АКМОЛИНСКАЯ ОБЛАСТЬ,АТБАСАРСКИЙ РАЙОН
448476,Деятельность сухопутного и трубопроводного транспорта ,false,,x,883,x,920,x,846,x,1031,x,994,,,2,Транспорт и складирование,АКМОЛИНСКАЯ ОБЛАСТЬ,АТБАСАРСКИЙ РАЙОН
448494,Деятельность грузового автомобильного транспорта и предоставление услуг по переезду ,false,,x,883,x,920,x,846,x,1031,x,994,,,3,Деятельность сухопутного и трубопроводного транспорта ,АКМОЛИНСКАЯ ОБЛАСТЬ,АТБАСАРСКИЙ РАЙОН
448495,Деятельность грузового автомобильного транспорта,false,,x,883,x,920,x,846,x,1031,x,994,,,4,Деятельность грузового автомобильного транспорта и предоставление услуг по переезду ,АКМОЛИНСКАЯ ОБЛАСТЬ,АТБАСАРСКИЙ РАЙОН
448496,Деятельность грузового автомобильного транспорта,true,,x,883,x,920,x,846,x,1031,x,994,,,5,Деятельность грузового автомобильного транспорта,АКМОЛИНСКАЯ ОБЛАСТЬ,АТБАСАРСКИЙ РАЙОН
448527,Складирование грузов и вспомогательная транспортная деятельность,false,,2480195000,883,2934661000,920,624537000,846,4470533000,1031,2420715000,994,6649053000,957,2,Транспорт и складирование,АКМОЛИНСКАЯ ОБЛАСТЬ,АТБАСАРСКИЙ РАЙОН
448528,Складирование и хранение грузов,false,,391925000,883,218687000,920,146198000,846,2534907000,1031,271511000,994,387878000,957,3,Складирование грузов и вспомогательная транспортная деятельность,АКМОЛИНСКАЯ ОБЛАСТЬ,АТБАСАРСКИЙ РАЙОН
448529,Складирование и хранение грузов,false,,391925000,883,218687000,920,146198000,846,2534907000,1031,271511000,994,387878000,957,4,Складирование и хранение грузов,АКМОЛИНСКАЯ ОБЛАСТЬ,АТБАСАРСКИЙ РАЙОН
448530,Складирование и хранение зерна,true,,391925000,883,204687000,920,146198000,846,501981000,1031,190144000,994,387878000,957,5,Складирование и хранение грузов,АКМОЛИНСКАЯ ОБЛАСТЬ,АТБАСАРСКИЙ РАЙОН
448531,"Складирование и хранение непродовольственных товаров, кроме зерна и нефти",true,,,,14000000,920,,,,,,,,,5,Складирование и хранение грузов,АКМОЛИНСКАЯ ОБЛАСТЬ,АТБАСАРСКИЙ РАЙОН
20576308,Хранение нефти,true,,,,,,,,x,1031,,,,,5,Складирование и хранение грузов,АКМОЛИНСКАЯ ОБЛАСТЬ,АТБАСАРСКИЙ РАЙОН
20576309,Складирование и хранение овощей и фруктов,true,,,,,,,,2002210000,1031,x,994,,,5,Складирование и хранение грузов,АКМОЛИНСКАЯ ОБЛАСТЬ,АТБАСАРСКИЙ РАЙОН
448533,Вспомогательная транспортная деятельность,false,,2088270000,883,2715974000,920,478339000,846,1935626000,1031,2149204000,994,6261175000,957,3,Складирование грузов и вспомогательная транспортная деятельность,АКМОЛИНСКАЯ ОБЛАСТЬ,АТБАСАРСКИЙ РАЙОН
448534,Вспомогательная деятельность сухопутного транспорта,false,,2088270000,883,2715974000,920,478339000,846,1935626000,1031,2149204000,994,6261175000,957,4,Вспомогательная транспортная деятельность,АКМОЛИНСКАЯ ОБЛАСТЬ,АТБАСАРСКИЙ РАЙОН
448535,Эксплуатация железных дорог,true,,x,883,2672048000,920,x,846,709422000,1031,1060394000,994,x,957,5,Вспомогательная деятельность сухопутного транспорта,АКМОЛИНСКАЯ ОБЛАСТЬ,АТБАСАРСКИЙ РАЙОН
448536,Эксплуатация автомобильных дорог,true,,2610000,883,,,276959000,846,1224674000,1031,1088810000,994,2450000,957,5,Вспомогательная деятельность сухопутного транспорта,АКМОЛИНСКАЯ ОБЛАСТЬ,АТБАСАРСКИЙ РАЙОН
448538,Деятельность автомобильных стоянок,true,,9720000,883,43926000,920,,,1530000,1031,,,21892000,957,5,Вспомогательная деятельность сухопутного транспорта,АКМОЛИНСКАЯ ОБЛАСТЬ,АТБАСАРСКИЙ РАЙОН
448558,Предоставление услуг по проживанию и питанию,false,,8365000,883,32200000,920,,,40000000,1031,,,65251000,957,1,Всего,АКМОЛИНСКАЯ ОБЛАСТЬ,АТБАСАРСКИЙ РАЙОН
3783427,Предоставление услуг по временному проживанию,false,,,,,,,,32000000,1031,,,65251000,957,2,Предоставление услуг по проживанию и питанию,АКМОЛИНСКАЯ ОБЛАСТЬ,АТБАСАРСКИЙ РАЙОН
3783428,Предоставление услуг гостиницами и аналогичными местами для проживания,false,,,,,,,,32000000,1031,,,65251000,957,3,Предоставление услуг по временному проживанию,АКМОЛИНСКАЯ ОБЛАСТЬ,АТБАСАРСКИЙ РАЙОН
3783429,Предоставление услуг гостиницами и аналогичными местами для проживания,false,,,,,,,,32000000,1031,,,65251000,957,4,Предоставление услуг гостиницами и аналогичными местами для проживания,АКМОЛИНСКАЯ ОБЛАСТЬ,АТБАСАРСКИЙ РАЙОН
20576345,"Предоставление услуг гостиницами, находящимися на придорожной полосе",true,,,,,,,,32000000,1031,,,65251000,957,5,Предоставление услуг гостиницами и аналогичными местами для проживания,АКМОЛИНСКАЯ ОБЛАСТЬ,АТБАСАРСКИЙ РАЙОН
448573,Предоставление услуг по обеспечению питанием и напитками,false,,8365000,883,32200000,920,,,8000000,1031,,,,,2,Предоставление услуг по проживанию и питанию,АКМОЛИНСКАЯ ОБЛАСТЬ,АТБАСАРСКИЙ РАЙОН
448574,Деятельность ресторанов и предоставление услуг по доставке продуктов питания,false,,2365000,883,32200000,920,,,,,,,,,3,Предоставление услуг по обеспечению питанием и напитками,АКМОЛИНСКАЯ ОБЛАСТЬ,АТБАСАРСКИЙ РАЙОН
448575,Деятельность ресторанов и предоставление услуг по доставке продуктов питания,false,,2365000,883,32200000,920,,,,,,,,,4,Деятельность ресторанов и предоставление услуг по доставке продуктов питания,АКМОЛИНСКАЯ ОБЛАСТЬ,АТБАСАРСКИЙ РАЙОН
20576362,"Деятельность ресторанов и предоставление услуг по доставке продуктов питания, за исключением деятельности объектов, находящихся на придорожной полосе",true,,2365000,883,32200000,920,,,,,,,,,5,Деятельность ресторанов и предоставление услуг по доставке продуктов питания,АКМОЛИНСКАЯ ОБЛАСТЬ,АТБАСАРСКИЙ РАЙОН
448582,Подача напитков,false,,6000000,883,,,,,8000000,1031,,,,,3,Предоставление услуг по обеспечению питанием и напитками,АКМОЛИНСКАЯ ОБЛАСТЬ,АТБАСАРСКИЙ РАЙОН
448583,Подача напитков,false,,6000000,883,,,,,8000000,1031,,,,,4,Подача напитков,АКМОЛИНСКАЯ ОБЛАСТЬ,АТБАСАРСКИЙ РАЙОН
448584,Подача напитков,true,,6000000,883,,,,,8000000,1031,,,,,5,Подача напитков,АКМОЛИНСКАЯ ОБЛАСТЬ,АТБАСАРСКИЙ РАЙОН
448585,Информация и связь,false,,140533000,883,338797000,920,150483000,846,101724000,1031,,,12943000,957,1,Всего,АКМОЛИНСКАЯ ОБЛАСТЬ,АТБАСАРСКИЙ РАЙОН
448623,Телекоммуникации,false,,140533000,883,338797000,920,150483000,846,101724000,1031,,,12943000,957,2,Информация и связь,АКМОЛИНСКАЯ ОБЛАСТЬ,АТБАСАРСКИЙ РАЙОН
18696628,Проводная телекоммуникационная связь,false,,,,,,29973000,846,,,,,11467000,957,3,Телекоммуникации,АКМОЛИНСКАЯ ОБЛАСТЬ,АТБАСАРСКИЙ РАЙОН
18696629,Проводная телекоммуникационная связь,false,,,,,,29973000,846,,,,,11467000,957,4,Проводная телекоммуникационная связь,АКМОЛИНСКАЯ ОБЛАСТЬ,АТБАСАРСКИЙ РАЙОН
18946146,Прочая проводная телекоммуникационная связь,true,,,,,,29973000,846,,,,,11467000,957,5,Проводная телекоммуникационная связь,АКМОЛИНСКАЯ ОБЛАСТЬ,АТБАСАРСКИЙ РАЙОН
448627,Беспроводная телекоммуникационная связь,false,,194000,883,338797000,920,120510000,846,101724000,1031,,,1476000,957,3,Телекоммуникации,АКМОЛИНСКАЯ ОБЛАСТЬ,АТБАСАРСКИЙ РАЙОН
448628,Беспроводная телекоммуникационная связь,false,,194000,883,338797000,920,120510000,846,101724000,1031,,,1476000,957,4,Беспроводная телекоммуникационная связь,АКМОЛИНСКАЯ ОБЛАСТЬ,АТБАСАРСКИЙ РАЙОН
18946149,Прочая беспроводная телекоммуникационная связь,true,,194000,883,338797000,920,120510000,846,101724000,1031,,,1476000,957,5,Беспроводная телекоммуникационная связь,АКМОЛИНСКАЯ ОБЛАСТЬ,АТБАСАРСКИЙ РАЙОН
448633,Прочая деятельность в области телекоммуникаций,false,,x,883,,,,,,,,,,,3,Телекоммуникации,АКМОЛИНСКАЯ ОБЛАСТЬ,АТБАСАРСКИЙ РАЙОН
448634,Прочая деятельность в области телекоммуникаций,false,,x,883,,,,,,,,,,,4,Прочая деятельность в области телекоммуникаций,АКМОЛИНСКАЯ ОБЛАСТЬ,АТБАСАРСКИЙ РАЙОН
18946154,"Прочая деятельность в области телекоммуникаций, не включенная в другие группировки",true,,x,883,,,,,,,,,,,5,Прочая деятельность в области телекоммуникаций,АКМОЛИНСКАЯ ОБЛАСТЬ,АТБАСАРСКИЙ РАЙОН
448714,Операции с недвижимым имуществом,false,,695604000,883,2931045000,920,1259444000,846,3979188000,1031,300580000,994,830319000,957,1,Всего,АКМОЛИНСКАЯ ОБЛАСТЬ,АТБАСАРСКИЙ РАЙОН
448715,Операции с недвижимым имуществом,false,,695604000,883,2931045000,920,1259444000,846,3979188000,1031,300580000,994,830319000,957,2,Операции с недвижимым имуществом,АКМОЛИНСКАЯ ОБЛАСТЬ,АТБАСАРСКИЙ РАЙОН
448716,Покупка и продажа собственного недвижимого имущества ,false,,695604000,883,2931045000,920,1259444000,846,3939188000,1031,300580000,994,830319000,957,3,Операции с недвижимым имуществом,АКМОЛИНСКАЯ ОБЛАСТЬ,АТБАСАРСКИЙ РАЙОН
448717,Покупка и продажа собственного недвижимого имущества ,false,,695604000,883,2931045000,920,1259444000,846,3939188000,1031,300580000,994,830319000,957,4,Покупка и продажа собственного недвижимого имущества ,АКМОЛИНСКАЯ ОБЛАСТЬ,АТБАСАРСКИЙ РАЙОН
543091,Покупка и продажа многоквартирных и жилых домов (особняков),true,,695604000,883,2931045000,920,1259444000,846,3939188000,1031,300580000,994,830319000,957,5,Покупка и продажа собственного недвижимого имущества ,АКМОЛИНСКАЯ ОБЛАСТЬ,АТБАСАРСКИЙ РАЙОН
448719,Аренда и управление собственной или арендуемой недвижимостью,false,,,,,,,,40000000,1031,,,,,3,Операции с недвижимым имуществом,АКМОЛИНСКАЯ ОБЛАСТЬ,АТБАСАРСКИЙ РАЙОН
448720,Аренда и управление собственной или арендуемой недвижимостью,true,,,,,,,,40000000,1031,,,,,4,Аренда и управление собственной или арендуемой недвижимостью,АКМОЛИНСКАЯ ОБЛАСТЬ,АТБАСАРСКИЙ РАЙОН
448728,"Профессиональная, научная и техническая деятельность",false,,,,,,65000,846,,,2950000,994,,,1,Всего,АКМОЛИНСКАЯ ОБЛАСТЬ,АТБАСАРСКИЙ РАЙОН
448729,Деятельность в области права и бухгалтерского учета,false,,,,,,65000,846,,,,,,,2,"Профессиональная, научная и техническая деятельность",АКМОЛИНСКАЯ ОБЛАСТЬ,АТБАСАРСКИЙ РАЙОН
448730,Деятельность в области права,false,,,,,,65000,846,,,,,,,3,Деятельность в области права и бухгалтерского учета,АКМОЛИНСКАЯ ОБЛАСТЬ,АТБАСАРСКИЙ РАЙОН
448731,Деятельность в области права,false,,,,,,65000,846,,,,,,,4,Деятельность в области права,АКМОЛИНСКАЯ ОБЛАСТЬ,АТБАСАРСКИЙ РАЙОН
448734,Прочая деятельность в области права,true,,,,,,65000,846,,,,,,,5,Деятельность в области права,АКМОЛИНСКАЯ ОБЛАСТЬ,АТБАСАРСКИЙ РАЙОН
448793,Ветеринарная деятельность,false,,,,,,,,,,2950000,994,,,2,"Профессиональная, научная и техническая деятельность",АКМОЛИНСКАЯ ОБЛАСТЬ,АТБАСАРСКИЙ РАЙОН
448794,Ветеринарная деятельность,false,,,,,,,,,,2950000,994,,,3,Ветеринарная деятельность,АКМОЛИНСКАЯ ОБЛАСТЬ,АТБАСАРСКИЙ РАЙОН
448795,Ветеринарная деятельность,false,,,,,,,,,,2950000,994,,,4,Ветеринарная деятельность,АКМОЛИНСКАЯ ОБЛАСТЬ,АТБАСАРСКИЙ РАЙОН
448796,Ветеринарная деятельность,true,,,,,,,,,,2950000,994,,,5,Ветеринарная деятельность,АКМОЛИНСКАЯ ОБЛАСТЬ,АТБАСАРСКИЙ РАЙОН
448797,Деятельность в области административного и вспомогательного обслуживания,false,,,,,,12647000,846,,,,,,,1,Всего,АКМОЛИНСКАЯ ОБЛАСТЬ,АТБАСАРСКИЙ РАЙОН
448856,Деятельность по обслуживанию зданий и благоустройству территорий,false,,,,,,12647000,846,,,,,,,2,Деятельность в области административного и вспомогательного обслуживания,АКМОЛИНСКАЯ ОБЛАСТЬ,АТБАСАРСКИЙ РАЙОН
448867,Деятельность по благоустройству территорий,false,,,,,,12647000,846,,,,,,,3,Деятельность по обслуживанию зданий и благоустройству территорий,АКМОЛИНСКАЯ ОБЛАСТЬ,АТБАСАРСКИЙ РАЙОН
448868,Деятельность по благоустройству территорий,false,,,,,,12647000,846,,,,,,,4,Деятельность по благоустройству территорий,АКМОЛИНСКАЯ ОБЛАСТЬ,АТБАСАРСКИЙ РАЙОН
448869,Деятельность по благоустройству территорий,true,,,,,,12647000,846,,,,,,,5,Деятельность по благоустройству территорий,АКМОЛИНСКАЯ ОБЛАСТЬ,АТБАСАРСКИЙ РАЙОН
448918,Образование,false,,480630000,883,101340000,920,,,1077276000,1031,443981000,994,5551000,957,1,Всего,АКМОЛИНСКАЯ ОБЛАСТЬ,АТБАСАРСКИЙ РАЙОН
448919,Образование,false,,480630000,883,101340000,920,,,1077276000,1031,443981000,994,5551000,957,2,Образование,АКМОЛИНСКАЯ ОБЛАСТЬ,АТБАСАРСКИЙ РАЙОН
448920,Дошкольное образование,false,,113321000,883,1403000,920,,,300000,1031,851000,994,1143000,957,3,Образование,АКМОЛИНСКАЯ ОБЛАСТЬ,АТБАСАРСКИЙ РАЙОН
448921,Дошкольное образование,false,,113321000,883,1403000,920,,,300000,1031,851000,994,1143000,957,4,Дошкольное образование,АКМОЛИНСКАЯ ОБЛАСТЬ,АТБАСАРСКИЙ РАЙОН
448922,Дошкольное образование,true,,113321000,883,1403000,920,,,300000,1031,851000,994,1143000,957,5,Дошкольное образование,АКМОЛИНСКАЯ ОБЛАСТЬ,АТБАСАРСКИЙ РАЙОН
448926,Среднее образование (2-й и 3-й уровни),false,,367309000,883,99937000,920,,,1076976000,1031,443130000,994,4408000,957,3,Образование,АКМОЛИНСКАЯ ОБЛАСТЬ,АТБАСАРСКИЙ РАЙОН
448927,Основное и общее среднее образование,false,,367309000,883,99937000,920,,,965917000,1031,443130000,994,4408000,957,4,Среднее образование (2-й и 3-й уровни),АКМОЛИНСКАЯ ОБЛАСТЬ,АТБАСАРСКИЙ РАЙОН
448928,Основное и общее среднее образование,true,,367309000,883,99937000,920,,,965917000,1031,443130000,994,4408000,957,5,Основное и общее среднее образование,АКМОЛИНСКАЯ ОБЛАСТЬ,АТБАСАРСКИЙ РАЙОН
448929,Техническое и профессиональное среднее образование,false,,,,,,,,111059000,1031,,,,,4,Среднее образование (2-й и 3-й уровни),АКМОЛИНСКАЯ ОБЛАСТЬ,АТБАСАРСКИЙ РАЙОН
448930,Профессионально-техническое образование,true,,,,,,,,111059000,1031,,,,,5,Техническое и профессиональное среднее образование,АКМОЛИНСКАЯ ОБЛАСТЬ,АТБАСАРСКИЙ РАЙОН
448950,Здравоохранение и социальное обслуживание населения,false,,132361000,883,63092000,920,107919000,846,391937000,1031,431067000,994,112449000,957,1,Всего,АКМОЛИНСКАЯ ОБЛАСТЬ,АТБАСАРСКИЙ РАЙОН
448951,Деятельность в области здравоохранения,false,,132361000,883,63092000,920,107919000,846,391937000,1031,431067000,994,112449000,957,2,Здравоохранение и социальное обслуживание населения,АКМОЛИНСКАЯ ОБЛАСТЬ,АТБАСАРСКИЙ РАЙОН
448952,Деятельность больничных организаций,false,,130361000,883,63092000,920,81851000,846,139507000,1031,247380000,994,,,3,Деятельность в области здравоохранения,АКМОЛИНСКАЯ ОБЛАСТЬ,АТБАСАРСКИЙ РАЙОН
448953,Деятельность больничных организаций,false,,130361000,883,63092000,920,81851000,846,139507000,1031,247380000,994,,,4,Деятельность больничных организаций,АКМОЛИНСКАЯ ОБЛАСТЬ,АТБАСАРСКИЙ РАЙОН
448954,Деятельность больниц широкого профиля и специализированных больниц,true,,130361000,883,63092000,920,81851000,846,139507000,1031,247380000,994,,,5,Деятельность больничных организаций,АКМОЛИНСКАЯ ОБЛАСТЬ,АТБАСАРСКИЙ РАЙОН
448959,Деятельность в области врачебной практики и стоматологии,false,,2000000,883,,,26068000,846,252430000,1031,183687000,994,112449000,957,3,Деятельность в области здравоохранения,АКМОЛИНСКАЯ ОБЛАСТЬ,АТБАСАРСКИЙ РАЙОН
448960,Общая врачебная практика,false,,,,,,26068000,846,252430000,1031,183687000,994,112449000,957,4,Деятельность в области врачебной практики и стоматологии,АКМОЛИНСКАЯ ОБЛАСТЬ,АТБАСАРСКИЙ РАЙОН
448961,Общая врачебная практика,true,,,,,,26068000,846,252430000,1031,183687000,994,112449000,957,5,Общая врачебная практика,АКМОЛИНСКАЯ ОБЛАСТЬ,АТБАСАРСКИЙ РАЙОН
448964,Стоматологическая деятельность,false,,2000000,883,,,,,,,,,,,4,Деятельность в области врачебной практики и стоматологии,АКМОЛИНСКАЯ ОБЛАСТЬ,АТБАСАРСКИЙ РАЙОН
448965,Стоматологическая деятельность,true,,2000000,883,,,,,,,,,,,5,Стоматологическая деятельность,АКМОЛИНСКАЯ ОБЛАСТЬ,АТБАСАРСКИЙ РАЙОН
448991,"Искусство, развлечения и отдых",false,,306172000,883,514366000,920,,,152439000,1031,257433000,994,16389000,957,1,Всего,АКМОЛИНСКАЯ ОБЛАСТЬ,АТБАСАРСКИЙ РАЙОН
449022,"Деятельность в области спорта, организации отдыха и развлечений",false,,306172000,883,514366000,920,,,152439000,1031,257433000,994,16389000,957,2,"Искусство, развлечения и отдых",АКМОЛИНСКАЯ ОБЛАСТЬ,АТБАСАРСКИЙ РАЙОН
449023,Деятельность в области спорта,false,,x,883,313301000,920,,,,,,,16389000,957,3,"Деятельность в области спорта, организации отдыха и развлечений",АКМОЛИНСКАЯ ОБЛАСТЬ,АТБАСАРСКИЙ РАЙОН
449024,Эксплуатация спортивных сооружений,false,,x,883,291541000,920,,,,,,,16389000,957,4,Деятельность в области спорта,АКМОЛИНСКАЯ ОБЛАСТЬ,АТБАСАРСКИЙ РАЙОН
449025,Эксплуатация спортивных сооружений,true,,x,883,291541000,920,,,,,,,16389000,957,5,Эксплуатация спортивных сооружений,АКМОЛИНСКАЯ ОБЛАСТЬ,АТБАСАРСКИЙ РАЙОН
449028,Деятельность фитнес-клубов,false,,,,21760000,920,,,,,,,,,4,Деятельность в области спорта,АКМОЛИНСКАЯ ОБЛАСТЬ,АТБАСАРСКИЙ РАЙОН
449029,Деятельность фитнес-клубов,true,,,,21760000,920,,,,,,,,,5,Деятельность фитнес-клубов,АКМОЛИНСКАЯ ОБЛАСТЬ,АТБАСАРСКИЙ РАЙОН
449032,Деятельность по организации отдыха и развлечений,false,,213172000,883,201065000,920,,,152439000,1031,257433000,994,,,3,"Деятельность в области спорта, организации отдыха и развлечений",АКМОЛИНСКАЯ ОБЛАСТЬ,АТБАСАРСКИЙ РАЙОН
449035,Прочая деятельность по организации отдыха и развлечений,false,,213172000,883,201065000,920,,,152439000,1031,257433000,994,,,4,Деятельность по организации отдыха и развлечений,АКМОЛИНСКАЯ ОБЛАСТЬ,АТБАСАРСКИЙ РАЙОН
449039,Прочие виды деятельности по организации отдыха и развлечений,true,,213172000,883,201065000,920,,,152439000,1031,257433000,994,,,5,Прочая деятельность по организации отдыха и развлечений,АКМОЛИНСКАЯ ОБЛАСТЬ,АТБАСАРСКИЙ РАЙОН
449040,Предоставление прочих видов услуг,false,,300000,883,,,,,104972000,1031,5000000,994,,,1,Всего,АКМОЛИНСКАЯ ОБЛАСТЬ,АТБАСАРСКИЙ РАЙОН
449041,Деятельность общественных объединений (организаций),false,,,,,,,,74716000,1031,,,,,2,Предоставление прочих видов услуг,АКМОЛИНСКАЯ ОБЛАСТЬ,АТБАСАРСКИЙ РАЙОН
449050,Деятельность прочих общественных  объединений,false,,,,,,,,74716000,1031,,,,,3,Деятельность общественных объединений (организаций),АКМОЛИНСКАЯ ОБЛАСТЬ,АТБАСАРСКИЙ РАЙОН
449051,Деятельность религиозных организаций,false,,,,,,,,74716000,1031,,,,,4,Деятельность прочих общественных  объединений,АКМОЛИНСКАЯ ОБЛАСТЬ,АТБАСАРСКИЙ РАЙОН
449052,Деятельность религиозных организаций,true,,,,,,,,74716000,1031,,,,,5,Деятельность религиозных организаций,АКМОЛИНСКАЯ ОБЛАСТЬ,АТБАСАРСКИЙ РАЙОН
449084,Предоставление прочих индивидуальных услуг,false,,300000,883,,,,,x,1031,5000000,994,,,2,Предоставление прочих видов услуг,АКМОЛИНСКАЯ ОБЛАСТЬ,АТБАСАРСКИЙ РАЙОН
449085,Предоставление прочих индивидуальных услуг,false,,300000,883,,,,,x,1031,5000000,994,,,3,Предоставление прочих индивидуальных услуг,АКМОЛИНСКАЯ ОБЛАСТЬ,АТБАСАРСКИЙ РАЙОН
449089,Предоставление услуг парикмахерскими и салонами красоты,false,,300000,883,,,,,,,5000000,994,,,4,Предоставление прочих индивидуальных услуг,АКМОЛИНСКАЯ ОБЛАСТЬ,АТБАСАРСКИЙ РАЙОН
449090,Предоставление услуг парикмахерскими и салонами красоты,true,,300000,883,,,,,,,5000000,994,,,5,Предоставление услуг парикмахерскими и салонами красоты,АКМОЛИНСКАЯ ОБЛАСТЬ,АТБАСАРСКИЙ РАЙОН
449093,Деятельность по обеспечению физического комфорта,false,,,,,,,,x,1031,,,,,4,Предоставление прочих индивидуальных услуг,АКМОЛИНСКАЯ ОБЛАСТЬ,АТБАСАРСКИЙ РАЙОН
449094,Деятельность по обеспечению физического комфорта,true,,,,,,,,x,1031,,,,,5,Деятельность по обеспечению физического комфорта,АКМОЛИНСКАЯ ОБЛАСТЬ,АТБАСАРСКИЙ РАЙОН
741340,Промышленность,false,,1788568000,883,2573789000,920,1081088000,846,6303539000,1031,5708960000,994,4546514000,957,1,Всего,АКМОЛИНСКАЯ ОБЛАСТЬ,АТБАСАРСКИЙ РАЙОН
447346,Обрабатывающая промышленность,false,,426095000,883,273686000,920,441260000,846,709723000,1031,859590000,994,2521286000,957,2,Промышленность,АКМОЛИНСКАЯ ОБЛАСТЬ,АТБАСАРСКИЙ РАЙОН
447347,Производство продуктов питания,false,,341573000,883,174049000,920,390974000,846,2142000,1031,646769000,994,2408187000,957,3,Обрабатывающая промышленность,АКМОЛИНСКАЯ ОБЛАСТЬ,АТБАСАРСКИЙ РАЙОН
447348,Переработка и консервирование мяса и производство мясной продукции,false,,4244000,883,,,,,,,53455000,994,,,4,Производство продуктов питания,АКМОЛИНСКАЯ ОБЛАСТЬ,АТБАСАРСКИЙ РАЙОН
447349,Переработка и консервирование мяса,false,,4244000,883,,,,,,,53455000,994,,,5,Переработка и консервирование мяса и производство мясной продукции,АКМОЛИНСКАЯ ОБЛАСТЬ,АТБАСАРСКИЙ РАЙОН
447377,"Производство мукомольно-крупяных продуктов, крахмалов и крахмальных продуктов",false,,337329000,883,174049000,920,384885000,846,x,1031,336452000,994,2408187000,957,4,Производство продуктов питания,АКМОЛИНСКАЯ ОБЛАСТЬ,АТБАСАРСКИЙ РАЙОН
447378,Производство мукомольно-крупяных продуктов,false,,337329000,883,174049000,920,384885000,846,x,1031,336452000,994,2408187000,957,5,"Производство мукомольно-крупяных продуктов, крахмалов и крахмальных продуктов",АКМОЛИНСКАЯ ОБЛАСТЬ,АТБАСАРСКИЙ РАЙОН
447384,"Производство  хлебобулочных, макаронных и мучных кондитерских изделий",false,,,,,,6089000,846,589000,1031,256862000,994,,,4,Производство продуктов питания,АКМОЛИНСКАЯ ОБЛАСТЬ,АТБАСАРСКИЙ РАЙОН
447385,Производство хлебобулочных и мучных кондитерских изделий недлительного хранения,false,,,,,,6089000,846,589000,1031,256862000,994,,,5,"Производство  хлебобулочных, макаронных и мучных кондитерских изделий",АКМОЛИНСКАЯ ОБЛАСТЬ,АТБАСАРСКИЙ РАЙОН
447849,Производство электрического оборудования,false,,x,883,x,920,,,,,,,,,3,Обрабатывающая промышленность,АКМОЛИНСКАЯ ОБЛАСТЬ,АТБАСАРСКИЙ РАЙОН
447865,Производство электроосветительного оборудования,false,,x,883,x,920,,,,,,,,,4,Производство электрического оборудования,АКМОЛИНСКАЯ ОБЛАСТЬ,АТБАСАРСКИЙ РАЙОН
447866,Производство электроосветительного оборудования,false,,x,883,x,920,,,,,,,,,5,Производство электроосветительного оборудования,АКМОЛИНСКАЯ ОБЛАСТЬ,АТБАСАРСКИЙ РАЙОН
448050,Ремонт и установка машин и оборудования,false,,78399000,883,97529000,920,50286000,846,707581000,1031,212821000,994,113099000,957,3,Обрабатывающая промышленность,АКМОЛИНСКАЯ ОБЛАСТЬ,АТБАСАРСКИЙ РАЙОН
448051,"Ремонт готовых металлических изделий, машин и оборудования",false,,78399000,883,97529000,920,50286000,846,707581000,1031,212821000,994,113099000,957,4,Ремонт и установка машин и оборудования,АКМОЛИНСКАЯ ОБЛАСТЬ,АТБАСАРСКИЙ РАЙОН
448059,Ремонт машин и оборудования,false,,18527000,883,x,920,2138000,846,,,,,76933000,957,5,"Ремонт готовых металлических изделий, машин и оборудования",АКМОЛИНСКАЯ ОБЛАСТЬ,АТБАСАРСКИЙ РАЙОН
448081,Ремонт и техническое обслуживание прочих транспортных средств и оборудования,false,,59872000,883,16465000,920,48148000,846,707581000,1031,212821000,994,36166000,957,5,"Ремонт готовых металлических изделий, машин и оборудования",АКМОЛИНСКАЯ ОБЛАСТЬ,АТБАСАРСКИЙ РАЙОН
448090,"Снабжение электроэнергией, газом, паром, горячей водой и кондиционированным воздухом",false,,379548000,883,790982000,920,59346000,846,4281665000,1031,1947521000,994,530891000,957,2,Промышленность,АКМОЛИНСКАЯ ОБЛАСТЬ,АТБАСАРСКИЙ РАЙОН
448091,"Снабжение электроэнергией, газом, паром, горячей водой и кондиционированным воздухом",false,,379548000,883,790982000,920,59346000,846,4281665000,1031,1947521000,994,530891000,957,3,"Снабжение электроэнергией, газом, паром, горячей водой и кондиционированным воздухом",АКМОЛИНСКАЯ ОБЛАСТЬ,АТБАСАРСКИЙ РАЙОН
448092,"Производство, передача и распределение электроэнергии",false,,379548000,883,549210000,920,58243000,846,420576000,1031,415112000,994,298804000,957,4,"Снабжение электроэнергией, газом, паром, горячей водой и кондиционированным воздухом",АКМОЛИНСКАЯ ОБЛАСТЬ,АТБАСАРСКИЙ РАЙОН
448093,Производство электроэнергии,false,,27900000,883,,,,,,,,,,,5,"Производство, передача и распределение электроэнергии",АКМОЛИНСКАЯ ОБЛАСТЬ,АТБАСАРСКИЙ РАЙОН
448098,Передача электроэнергии,false,,8020000,883,,,,,396911000,1031,204520000,994,821000,957,5,"Производство, передача и распределение электроэнергии",АКМОЛИНСКАЯ ОБЛАСТЬ,АТБАСАРСКИЙ РАЙОН
448100,Распределение электроэнергии,false,,343628000,883,549210000,920,58243000,846,21761000,1031,200726000,994,297983000,957,5,"Производство, передача и распределение электроэнергии",АКМОЛИНСКАЯ ОБЛАСТЬ,АТБАСАРСКИЙ РАЙОН
448102,Продажа электроэнергии ,false,,,,,,,,1904000,1031,9866000,994,,,5,"Производство, передача и распределение электроэнергии",АКМОЛИНСКАЯ ОБЛАСТЬ,АТБАСАРСКИЙ РАЙОН
448111,"Снабжение паром, горячей водой и кондиционированным воздухом",false,,,,241772000,920,x,846,3861089000,1031,1532409000,994,232087000,957,4,"Снабжение электроэнергией, газом, паром, горячей водой и кондиционированным воздухом",АКМОЛИНСКАЯ ОБЛАСТЬ,АТБАСАРСКИЙ РАЙОН
448112,"Снабжение паром, горячей водой и кондиционированным воздухом",false,,,,241772000,920,x,846,3861089000,1031,1532409000,994,232087000,957,5,"Снабжение паром, горячей водой и кондиционированным воздухом",АКМОЛИНСКАЯ ОБЛАСТЬ,АТБАСАРСКИЙ РАЙОН
448117,"Водоснабжение; сбор, обработка и удаление отходов, деятельность по ликвидации загрязнений",false,,982925000,883,1509121000,920,580482000,846,1312151000,1031,2901849000,994,1494337000,957,2,Промышленность,АКМОЛИНСКАЯ ОБЛАСТЬ,АТБАСАРСКИЙ РАЙОН
448118,"Сбор, обработка и распределение воды",false,,977754000,883,371645000,920,580482000,846,1195584000,1031,2901849000,994,1466021000,957,3,"Водоснабжение; сбор, обработка и удаление отходов, деятельность по ликвидации загрязнений",АКМОЛИНСКАЯ ОБЛАСТЬ,АТБАСАРСКИЙ РАЙОН
448119,"Сбор, обработка и распределение воды",false,,977754000,883,371645000,920,580482000,846,1195584000,1031,2901849000,994,1466021000,957,4,"Сбор, обработка и распределение воды",АКМОЛИНСКАЯ ОБЛАСТЬ,АТБАСАРСКИЙ РАЙОН
448120,"Сбор, обработка и распределение воды",false,,977754000,883,371645000,920,580482000,846,1195584000,1031,2901849000,994,1466021000,957,5,"Сбор, обработка и распределение воды",АКМОЛИНСКАЯ ОБЛАСТЬ,АТБАСАРСКИЙ РАЙОН
448122,Сбор и обработка сточных вод,false,,5171000,883,1137476000,920,,,116567000,1031,,,28316000,957,3,"Водоснабжение; сбор, обработка и удаление отходов, деятельность по ликвидации загрязнений",АКМОЛИНСКАЯ ОБЛАСТЬ,АТБАСАРСКИЙ РАЙОН
448123,Сбор и обработка сточных вод,false,,5171000,883,1137476000,920,,,116567000,1031,,,28316000,957,4,Сбор и обработка сточных вод,АКМОЛИНСКАЯ ОБЛАСТЬ,АТБАСАРСКИЙ РАЙОН
448124,Сбор и обработка сточных вод,false,,5171000,883,1137476000,920,,,116567000,1031,,,28316000,957,5,Сбор и обработка сточных вод,АКМОЛИНСКАЯ ОБЛАСТЬ,АТБАСАРСКИЙ РАЙОН
741885,Всего,false,,24529192000,883,18936472000,920,12132313000,846,20362282000,1031,21828291000,994,33986620000,957,0,,АКМОЛИНСКАЯ ОБЛАСТЬ,БУЛАНДЫНСКИЙ РАЙОН
447173,"Сельское, лесное и рыбное хозяйство",false,,2806914000,883,6127584000,920,2318034000,846,5315592000,1031,7143862000,994,6275025000,957,1,Всего,АКМОЛИНСКАЯ ОБЛАСТЬ,БУЛАНДЫНСКИЙ РАЙОН
447174,"Растениеводство и животноводство, охота и предоставление услуг в этих областях",false,,2806914000,883,6127584000,920,2318034000,846,5315592000,1031,7143862000,994,6275025000,957,2,"Сельское, лесное и рыбное хозяйство",АКМОЛИНСКАЯ ОБЛАСТЬ,БУЛАНДЫНСКИЙ РАЙОН
447175,Выращивание одно- или двухлетних культур,false,,2765259000,883,6078580000,920,2251713000,846,5307511000,1031,7075956000,994,6051779000,957,3,"Растениеводство и животноводство, охота и предоставление услуг в этих областях",АКМОЛИНСКАЯ ОБЛАСТЬ,БУЛАНДЫНСКИЙ РАЙОН
447176,"Выращивание зерновых (кроме риса), бобовых и масличных культур",false,,2765259000,883,6078580000,920,2251713000,846,5307511000,1031,7075956000,994,6051779000,957,4,Выращивание одно- или двухлетних культур,АКМОЛИНСКАЯ ОБЛАСТЬ,БУЛАНДЫНСКИЙ РАЙОН
3783380,"Выращивание зерновых и зернобобовых культур, включая семеноводство",true,,2765259000,883,6078580000,920,2251713000,846,5307511000,1031,7075956000,994,6051779000,957,5,"Выращивание зерновых (кроме риса), бобовых и масличных культур",АКМОЛИНСКАЯ ОБЛАСТЬ,БУЛАНДЫНСКИЙ РАЙОН
447218,Животноводство,false,,41655000,883,49004000,920,66321000,846,7140000,1031,x,994,223246000,957,3,"Растениеводство и животноводство, охота и предоставление услуг в этих областях",АКМОЛИНСКАЯ ОБЛАСТЬ,БУЛАНДЫНСКИЙ РАЙОН
447219,Разведение крупного рогатого скота молочного направления,false,,,,,,x,846,,,,,,,4,Животноводство,АКМОЛИНСКАЯ ОБЛАСТЬ,БУЛАНДЫНСКИЙ РАЙОН
447220,Разведение крупного рогатого скота молочного направления,true,,,,,,x,846,,,,,,,5,Разведение крупного рогатого скота молочного направления,АКМОЛИНСКАЯ ОБЛАСТЬ,БУЛАНДЫНСКИЙ РАЙОН
447221,Разведение прочего крупного рогатого скота и буйволов,false,,11475000,883,11964000,920,27139000,846,7140000,1031,x,994,176046000,957,4,Животноводство,АКМОЛИНСКАЯ ОБЛАСТЬ,БУЛАНДЫНСКИЙ РАЙОН
447222,Разведение прочего крупного рогатого скота и буйволов,true,,11475000,883,11964000,920,27139000,846,7140000,1031,x,994,176046000,957,5,Разведение прочего крупного рогатого скота и буйволов,АКМОЛИНСКАЯ ОБЛАСТЬ,БУЛАНДЫНСКИЙ РАЙОН
447223,Разведение лошадей и прочих животных семейства лошадиных,false,,7800000,883,37040000,920,,,,,,,x,957,4,Животноводство,АКМОЛИНСКАЯ ОБЛАСТЬ,БУЛАНДЫНСКИЙ РАЙОН
447224,Разведение лошадей,true,,7800000,883,37040000,920,,,,,,,x,957,5,Разведение лошадей и прочих животных семейства лошадиных,АКМОЛИНСКАЯ ОБЛАСТЬ,БУЛАНДЫНСКИЙ РАЙОН
447237,Разведение прочих видов животных,false,,22380000,883,,,x,846,,,,,,,4,Животноводство,АКМОЛИНСКАЯ ОБЛАСТЬ,БУЛАНДЫНСКИЙ РАЙОН
447238,Разведение прочих видов животных,true,,22380000,883,,,x,846,,,,,,,5,Разведение прочих видов животных,АКМОЛИНСКАЯ ОБЛАСТЬ,БУЛАНДЫНСКИЙ РАЙОН
447252,"Охота и отлов, включая предоставление услуг в этих областях",false,,,,,,,,941000,1031,45306000,994,,,3,"Растениеводство и животноводство, охота и предоставление услуг в этих областях",АКМОЛИНСКАЯ ОБЛАСТЬ,БУЛАНДЫНСКИЙ РАЙОН
447253,"Охота и отлов, включая предоставление услуг в этих областях",false,,,,,,,,941000,1031,45306000,994,,,4,"Охота и отлов, включая предоставление услуг в этих областях",АКМОЛИНСКАЯ ОБЛАСТЬ,БУЛАНДЫНСКИЙ РАЙОН
447254,"Охота и отлов, включая предоставление услуг в этих областях",true,,,,,,,,941000,1031,45306000,994,,,5,"Охота и отлов, включая предоставление услуг в этих областях",АКМОЛИНСКАЯ ОБЛАСТЬ,БУЛАНДЫНСКИЙ РАЙОН
448148,Строительство,false,,15427000,883,x,920,x,846,,,,,x,957,1,Всего,АКМОЛИНСКАЯ ОБЛАСТЬ,БУЛАНДЫНСКИЙ РАЙОН
18710963,Строительство зданий,false,,2577000,883,x,920,x,846,,,,,x,957,2,Строительство,АКМОЛИНСКАЯ ОБЛАСТЬ,БУЛАНДЫНСКИЙ РАЙОН
18710967,Строительство жилых и нежилых зданий,false,,2577000,883,x,920,x,846,,,,,x,957,3,Строительство зданий,АКМОЛИНСКАЯ ОБЛАСТЬ,БУЛАНДЫНСКИЙ РАЙОН
18710968,Строительство жилых и нежилых зданий,false,,2577000,883,x,920,x,846,,,,,x,957,4,Строительство жилых и нежилых зданий,АКМОЛИНСКАЯ ОБЛАСТЬ,БУЛАНДЫНСКИЙ РАЙОН
18710969,Строительство жилых зданий,true,,x,883,,,x,846,,,,,,,5,Строительство жилых и нежилых зданий,АКМОЛИНСКАЯ ОБЛАСТЬ,БУЛАНДЫНСКИЙ РАЙОН
18801543,"Строительство нежилых зданий, за исключением стационарных торговых объектов категорий 1, 2",true,,x,883,x,920,,,,,,,x,957,5,Строительство жилых и нежилых зданий,АКМОЛИНСКАЯ ОБЛАСТЬ,БУЛАНДЫНСКИЙ РАЙОН
448157,Гражданское строительство,false,,12850000,883,,,,,,,,,,,2,Строительство,АКМОЛИНСКАЯ ОБЛАСТЬ,БУЛАНДЫНСКИЙ РАЙОН
18696516,Строительство прочих инженерных сооружений,false,,12850000,883,,,,,,,,,,,3,Гражданское строительство,АКМОЛИНСКАЯ ОБЛАСТЬ,БУЛАНДЫНСКИЙ РАЙОН
18696517,"Строительство прочих инженерных сооружений, не включенных в другие группировки",false,,12850000,883,,,,,,,,,,,4,Строительство прочих инженерных сооружений,АКМОЛИНСКАЯ ОБЛАСТЬ,БУЛАНДЫНСКИЙ РАЙОН
18696518,"Строительство прочих инженерных сооружений, не включенных в другие группировки",true,,12850000,883,,,,,,,,,,,5,"Строительство прочих инженерных сооружений, не включенных в другие группировки",АКМОЛИНСКАЯ ОБЛАСТЬ,БУЛАНДЫНСКИЙ РАЙОН
448215,Оптовая и розничная торговля; ремонт автомобилей и мотоциклов,false,,55000000,883,42929000,920,93500000,846,76118000,1031,141292000,994,276804000,957,1,Всего,АКМОЛИНСКАЯ ОБЛАСТЬ,БУЛАНДЫНСКИЙ РАЙОН
448216,Оптовая и розничная торговля автомобилями и мотоциклами и их ремонт,false,,,,,,,,24200000,1031,7350000,994,56000000,957,2,Оптовая и розничная торговля; ремонт автомобилей и мотоциклов,АКМОЛИНСКАЯ ОБЛАСТЬ,БУЛАНДЫНСКИЙ РАЙОН
448224,Техническое обслуживание и ремонт автомобилей,false,,,,,,,,24200000,1031,7350000,994,56000000,957,3,Оптовая и розничная торговля автомобилями и мотоциклами и их ремонт,АКМОЛИНСКАЯ ОБЛАСТЬ,БУЛАНДЫНСКИЙ РАЙОН
448225,Техническое обслуживание и ремонт автомобилей,false,,,,,,,,24200000,1031,7350000,994,56000000,957,4,Техническое обслуживание и ремонт автомобилей,АКМОЛИНСКАЯ ОБЛАСТЬ,БУЛАНДЫНСКИЙ РАЙОН
20575904,"Техническое обслуживание и ремонт автомобилей, за исключением произведенных станциями технического обслуживания, находящимися на придорожной полосе",true,,,,,,,,24200000,1031,7350000,994,56000000,957,5,Техническое обслуживание и ремонт автомобилей,АКМОЛИНСКАЯ ОБЛАСТЬ,БУЛАНДЫНСКИЙ РАЙОН
448237,"Оптовая торговля, за исключением торговли автомобилями и мотоциклами",false,,,,,,,,x,1031,x,994,x,957,2,Оптовая и розничная торговля; ремонт автомобилей и мотоциклов,АКМОЛИНСКАЯ ОБЛАСТЬ,БУЛАНДЫНСКИЙ РАЙОН
448331,Прочая специализированная оптовая торговля ,false,,,,,,,,,,,,x,957,3,"Оптовая торговля, за исключением торговли автомобилями и мотоциклами",АКМОЛИНСКАЯ ОБЛАСТЬ,БУЛАНДЫНСКИЙ РАЙОН
448332,"Оптовая торговля твердым, жидким и газообразным топливом и подобными продуктами",false,,,,,,,,,,,,x,957,4,Прочая специализированная оптовая торговля ,АКМОЛИНСКАЯ ОБЛАСТЬ,БУЛАНДЫНСКИЙ РАЙОН
448334,Оптовая торговля природным (горючим) газом,true,,,,,,,,,,,,x,957,5,"Оптовая торговля твердым, жидким и газообразным топливом и подобными продуктами",АКМОЛИНСКАЯ ОБЛАСТЬ,БУЛАНДЫНСКИЙ РАЙОН
448371,Неспециализированная оптовая торговля,false,,,,,,,,x,1031,x,994,,,3,"Оптовая торговля, за исключением торговли автомобилями и мотоциклами",АКМОЛИНСКАЯ ОБЛАСТЬ,БУЛАНДЫНСКИЙ РАЙОН
448372,Неспециализированная оптовая торговля,false,,,,,,,,x,1031,x,994,,,4,Неспециализированная оптовая торговля,АКМОЛИНСКАЯ ОБЛАСТЬ,БУЛАНДЫНСКИЙ РАЙОН
448376,Оптовая торговля широким ассортиментом товаров без какой-либо конкретизации,true,,,,,,,,x,1031,x,994,,,5,Неспециализированная оптовая торговля,АКМОЛИНСКАЯ ОБЛАСТЬ,БУЛАНДЫНСКИЙ РАЙОН
448377,"Розничная торговля, кроме торговли автомобилями и мотоциклами",false,,55000000,883,42929000,920,93500000,846,51597000,1031,131911000,994,217393000,957,2,Оптовая и розничная торговля; ремонт автомобилей и мотоциклов,АКМОЛИНСКАЯ ОБЛАСТЬ,БУЛАНДЫНСКИЙ РАЙОН
448378,Розничная торговля в неспециализированных магазинах,false,,52000000,883,25800000,920,83500000,846,50000000,1031,46000000,994,76500000,957,3,"Розничная торговля, кроме торговли автомобилями и мотоциклами",АКМОЛИНСКАЯ ОБЛАСТЬ,БУЛАНДЫНСКИЙ РАЙОН
448379,"Розничная торговля в неспециализированных магазинах преимущественно продуктами питания, напитками и табачными изделиями",false,,2000000,883,,,3500000,846,50000000,1031,27000000,994,7500000,957,4,Розничная торговля в неспециализированных магазинах,АКМОЛИНСКАЯ ОБЛАСТЬ,БУЛАНДЫНСКИЙ РАЙОН
3647934,"Розничная торговля преимущественно продуктами питания, напитками и табачными изделиями в неспециализированных магазинах, являющихся торговыми объектами, с торговой площадью менее 2000 кв.м ",true,,2000000,883,,,3500000,846,50000000,1031,27000000,994,7500000,957,5,"Розничная торговля в неспециализированных магазинах преимущественно продуктами питания, напитками и табачными изделиями",АКМОЛИНСКАЯ ОБЛАСТЬ,БУЛАНДЫНСКИЙ РАЙОН
448381,Прочая розничная торговля в неспециализированных магазинах,false,,x,883,25800000,920,80000000,846,,,19000000,994,69000000,957,4,Розничная торговля в неспециализированных магазинах,АКМОЛИНСКАЯ ОБЛАСТЬ,БУЛАНДЫНСКИЙ РАЙОН
3647936,"Прочая розничная торговля в неспециализированных магазинах, являющихся торговыми объектами, с торговой площадью менее 2000 кв.м ",true,,x,883,25800000,920,80000000,846,,,19000000,994,69000000,957,5,Прочая розничная торговля в неспециализированных магазинах,АКМОЛИНСКАЯ ОБЛАСТЬ,БУЛАНДЫНСКИЙ РАЙОН
448383,"Розничная торговля продуктами питания, напитками и табачными изделиями в специализированных магазинах",false,,3000000,883,,,,,,,,,,,3,"Розничная торговля, кроме торговли автомобилями и мотоциклами",АКМОЛИНСКАЯ ОБЛАСТЬ,БУЛАНДЫНСКИЙ РАЙОН
448384,Розничная торговля фруктами и овощами в специализированных магазинах,false,,3000000,883,,,,,,,,,,,4,"Розничная торговля продуктами питания, напитками и табачными изделиями в специализированных магазинах",АКМОЛИНСКАЯ ОБЛАСТЬ,БУЛАНДЫНСКИЙ РАЙОН
3647938,"Розничная торговля фруктами и овощами в специализированных магазинах, являющихся торговыми объектами, с торговой площадью менее 2000 кв.м",true,,3000000,883,,,,,,,,,,,5,Розничная торговля фруктами и овощами в специализированных магазинах,АКМОЛИНСКАЯ ОБЛАСТЬ,БУЛАНДЫНСКИЙ РАЙОН
448399,Розничная торговля топливом в специализированных магазинах,false,,,,x,920,,,1597000,1031,x,994,x,957,3,"Розничная торговля, кроме торговли автомобилями и мотоциклами",АКМОЛИНСКАЯ ОБЛАСТЬ,БУЛАНДЫНСКИЙ РАЙОН
448400,Розничная торговля топливом в специализированных магазинах,false,,,,x,920,,,1597000,1031,x,994,x,957,4,Розничная торговля топливом в специализированных магазинах,АКМОЛИНСКАЯ ОБЛАСТЬ,БУЛАНДЫНСКИЙ РАЙОН
20576124,"Розничная торговля моторным топливом в специализированных магазинах, за исключением находящихся на придорожной полосе",true,,,,x,920,,,1597000,1031,x,994,x,957,5,Розничная торговля топливом в специализированных магазинах,АКМОЛИНСКАЯ ОБЛАСТЬ,БУЛАНДЫНСКИЙ РАЙОН
448409,Розничная торговля прочими бытовыми товарами в специализированных магазинах ,false,,,,16000000,920,10000000,846,,,,,13103000,957,3,"Розничная торговля, кроме торговли автомобилями и мотоциклами",АКМОЛИНСКАЯ ОБЛАСТЬ,БУЛАНДЫНСКИЙ РАЙОН
448412,"Розничная торговля скобяными изделиями, лакокрасочными материалами и стеклом в специализированных магазинах",false,,,,16000000,920,10000000,846,,,,,,,4,Розничная торговля прочими бытовыми товарами в специализированных магазинах ,АКМОЛИНСКАЯ ОБЛАСТЬ,БУЛАНДЫНСКИЙ РАЙОН
18946140,"Розничная торговля скобяными изделиями, лакокрасочными материалами и стеклом в специализированных магазинах, являющихся торговыми объектами, с торговой площадью менее 2000 кв.м",true,,,,16000000,920,10000000,846,,,,,,,5,"Розничная торговля скобяными изделиями, лакокрасочными материалами и стеклом в специализированных магазинах",АКМОЛИНСКАЯ ОБЛАСТЬ,БУЛАНДЫНСКИЙ РАЙОН
448416,Розничная торговля электрическими бытовыми приборами в специализированных магазинах,false,,,,,,,,,,,,13103000,957,4,Розничная торговля прочими бытовыми товарами в специализированных магазинах ,АКМОЛИНСКАЯ ОБЛАСТЬ,БУЛАНДЫНСКИЙ РАЙОН
3647962,"Розничная торговля электрическими бытовыми приборами в специализированных магазинах, являющихся торговыми объектами, с торговой площадью менее 2000 кв.м",true,,,,,,,,,,,,13103000,957,5,Розничная торговля электрическими бытовыми приборами в специализированных магазинах,АКМОЛИНСКАЯ ОБЛАСТЬ,БУЛАНДЫНСКИЙ РАЙОН
448433,Розничная торговля прочими товарами в специализированных магазинах,false,,,,350000,920,,,,,,,5119000,957,3,"Розничная торговля, кроме торговли автомобилями и мотоциклами",АКМОЛИНСКАЯ ОБЛАСТЬ,БУЛАНДЫНСКИЙ РАЙОН
448440,Розничная торговля фармацевтическими товарами в специализированных магазинах,false,,,,350000,920,,,,,,,x,957,4,Розничная торговля прочими товарами в специализированных магазинах,АКМОЛИНСКАЯ ОБЛАСТЬ,БУЛАНДЫНСКИЙ РАЙОН
3647981,"Розничная торговля фармацевтическими товарами в специализированных магазинах, являющихся торговыми объектами, с торговой площадью менее 2000 кв.м",true,,,,350000,920,,,,,,,x,957,5,Розничная торговля фармацевтическими товарами в специализированных магазинах,АКМОЛИНСКАЯ ОБЛАСТЬ,БУЛАНДЫНСКИЙ РАЙОН
448446,"Розничная торговля цветами, комнатными растениями, семенами, удобрениями, домашними животными и кормами для домашних животных в специализированных магазинах",false,,,,,,,,,,,,5000000,957,4,Розничная торговля прочими товарами в специализированных магазинах,АКМОЛИНСКАЯ ОБЛАСТЬ,БУЛАНДЫНСКИЙ РАЙОН
448447,"Розничная торговля цветами в специализированных магазинах, являющихся торговыми объектами, с торговой площадью менее 2000 кв.м",true,,,,,,,,,,,,5000000,957,5,"Розничная торговля цветами, комнатными растениями, семенами, удобрениями, домашними животными и кормами для домашних животных в специализированных магазинах",АКМОЛИНСКАЯ ОБЛАСТЬ,БУЛАНДЫНСКИЙ РАЙОН
448475,Транспорт и складирование,false,,1936872000,883,415030000,920,890766000,846,1332306000,1031,1416869000,994,2190020000,957,1,Всего,АКМОЛИНСКАЯ ОБЛАСТЬ,БУЛАНДЫНСКИЙ РАЙОН
448527,Складирование грузов и вспомогательная транспортная деятельность,false,,1936872000,883,415030000,920,890766000,846,1332306000,1031,1416869000,994,2190020000,957,2,Транспорт и складирование,АКМОЛИНСКАЯ ОБЛАСТЬ,БУЛАНДЫНСКИЙ РАЙОН
448528,Складирование и хранение грузов,false,,1848207000,883,106077000,920,163175000,846,839002000,1031,923010000,994,122534000,957,3,Складирование грузов и вспомогательная транспортная деятельность,АКМОЛИНСКАЯ ОБЛАСТЬ,БУЛАНДЫНСКИЙ РАЙОН
448529,Складирование и хранение грузов,false,,1848207000,883,106077000,920,163175000,846,839002000,1031,923010000,994,122534000,957,4,Складирование и хранение грузов,АКМОЛИНСКАЯ ОБЛАСТЬ,БУЛАНДЫНСКИЙ РАЙОН
448530,Складирование и хранение зерна,true,,1848207000,883,58516000,920,163175000,846,215761000,1031,30408000,994,122534000,957,5,Складирование и хранение грузов,АКМОЛИНСКАЯ ОБЛАСТЬ,БУЛАНДЫНСКИЙ РАЙОН
448531,"Складирование и хранение непродовольственных товаров, кроме зерна и нефти",true,,,,47561000,920,,,,,,,,,5,Складирование и хранение грузов,АКМОЛИНСКАЯ ОБЛАСТЬ,БУЛАНДЫНСКИЙ РАЙОН
20576309,Складирование и хранение овощей и фруктов,true,,,,,,,,,,892602000,994,,,5,Складирование и хранение грузов,АКМОЛИНСКАЯ ОБЛАСТЬ,БУЛАНДЫНСКИЙ РАЙОН
448533,Вспомогательная транспортная деятельность,false,,88665000,883,308953000,920,727591000,846,493304000,1031,493859000,994,2067486000,957,3,Складирование грузов и вспомогательная транспортная деятельность,АКМОЛИНСКАЯ ОБЛАСТЬ,БУЛАНДЫНСКИЙ РАЙОН
448534,Вспомогательная деятельность сухопутного транспорта,false,,88665000,883,308953000,920,727591000,846,493304000,1031,493859000,994,2067486000,957,4,Вспомогательная транспортная деятельность,АКМОЛИНСКАЯ ОБЛАСТЬ,БУЛАНДЫНСКИЙ РАЙОН
448535,Эксплуатация железных дорог,true,,88665000,883,11605000,920,,,,,,,x,957,5,Вспомогательная деятельность сухопутного транспорта,АКМОЛИНСКАЯ ОБЛАСТЬ,БУЛАНДЫНСКИЙ РАЙОН
448536,Эксплуатация автомобильных дорог,true,,,,297348000,920,x,846,493304000,1031,493859000,994,628443000,957,5,Вспомогательная деятельность сухопутного транспорта,АКМОЛИНСКАЯ ОБЛАСТЬ,БУЛАНДЫНСКИЙ РАЙОН
448538,Деятельность автомобильных стоянок,true,,,,,,6500000,846,,,,,,,5,Вспомогательная деятельность сухопутного транспорта,АКМОЛИНСКАЯ ОБЛАСТЬ,БУЛАНДЫНСКИЙ РАЙОН
448558,Предоставление услуг по проживанию и питанию,false,,7000000,883,,,35350000,846,,,249571000,994,,,1,Всего,АКМОЛИНСКАЯ ОБЛАСТЬ,БУЛАНДЫНСКИЙ РАЙОН
3783427,Предоставление услуг по временному проживанию,false,,,,,,35350000,846,,,,,,,2,Предоставление услуг по проживанию и питанию,АКМОЛИНСКАЯ ОБЛАСТЬ,БУЛАНДЫНСКИЙ РАЙОН
3783441,Предоставление услуг прочими местами для проживания,false,,,,,,35350000,846,,,,,,,3,Предоставление услуг по временному проживанию,АКМОЛИНСКАЯ ОБЛАСТЬ,БУЛАНДЫНСКИЙ РАЙОН
3783442,Предоставление услуг прочими местами для проживания,false,,,,,,35350000,846,,,,,,,4,Предоставление услуг прочими местами для проживания,АКМОЛИНСКАЯ ОБЛАСТЬ,БУЛАНДЫНСКИЙ РАЙОН
3783443,Услуги в других видах жилья,true,,,,,,35350000,846,,,,,,,5,Предоставление услуг прочими местами для проживания,АКМОЛИНСКАЯ ОБЛАСТЬ,БУЛАНДЫНСКИЙ РАЙОН
448573,Предоставление услуг по обеспечению питанием и напитками,false,,7000000,883,,,,,,,249571000,994,,,2,Предоставление услуг по проживанию и питанию,АКМОЛИНСКАЯ ОБЛАСТЬ,БУЛАНДЫНСКИЙ РАЙОН
448574,Деятельность ресторанов и предоставление услуг по доставке продуктов питания,false,,7000000,883,,,,,,,249571000,994,,,3,Предоставление услуг по обеспечению питанием и напитками,АКМОЛИНСКАЯ ОБЛАСТЬ,БУЛАНДЫНСКИЙ РАЙОН
448575,Деятельность ресторанов и предоставление услуг по доставке продуктов питания,false,,7000000,883,,,,,,,249571000,994,,,4,Деятельность ресторанов и предоставление услуг по доставке продуктов питания,АКМОЛИНСКАЯ ОБЛАСТЬ,БУЛАНДЫНСКИЙ РАЙОН
20576362,"Деятельность ресторанов и предоставление услуг по доставке продуктов питания, за исключением деятельности объектов, находящихся на придорожной полосе",true,,7000000,883,,,,,,,249571000,994,,,5,Деятельность ресторанов и предоставление услуг по доставке продуктов питания,АКМОЛИНСКАЯ ОБЛАСТЬ,БУЛАНДЫНСКИЙ РАЙОН
448585,Информация и связь,false,,175982000,883,11277000,920,14013000,846,16567000,1031,,,6236000,957,1,Всего,АКМОЛИНСКАЯ ОБЛАСТЬ,БУЛАНДЫНСКИЙ РАЙОН
448623,Телекоммуникации,false,,175982000,883,11277000,920,14013000,846,16567000,1031,,,6236000,957,2,Информация и связь,АКМОЛИНСКАЯ ОБЛАСТЬ,БУЛАНДЫНСКИЙ РАЙОН
18696628,Проводная телекоммуникационная связь,false,,51937000,883,11277000,920,14013000,846,6408000,1031,,,6236000,957,3,Телекоммуникации,АКМОЛИНСКАЯ ОБЛАСТЬ,БУЛАНДЫНСКИЙ РАЙОН
18696629,Проводная телекоммуникационная связь,false,,51937000,883,11277000,920,14013000,846,6408000,1031,,,6236000,957,4,Проводная телекоммуникационная связь,АКМОЛИНСКАЯ ОБЛАСТЬ,БУЛАНДЫНСКИЙ РАЙОН
18946146,Прочая проводная телекоммуникационная связь,true,,51937000,883,11277000,920,14013000,846,6408000,1031,,,6236000,957,5,Проводная телекоммуникационная связь,АКМОЛИНСКАЯ ОБЛАСТЬ,БУЛАНДЫНСКИЙ РАЙОН
448627,Беспроводная телекоммуникационная связь,false,,124045000,883,,,,,x,1031,,,,,3,Телекоммуникации,АКМОЛИНСКАЯ ОБЛАСТЬ,БУЛАНДЫНСКИЙ РАЙОН
448628,Беспроводная телекоммуникационная связь,false,,124045000,883,,,,,x,1031,,,,,4,Беспроводная телекоммуникационная связь,АКМОЛИНСКАЯ ОБЛАСТЬ,БУЛАНДЫНСКИЙ РАЙОН
18946147,Беспроводная телекоммуникационная связь посредством единой транспортной среды,true,,,,,,,,x,1031,,,,,5,Беспроводная телекоммуникационная связь,АКМОЛИНСКАЯ ОБЛАСТЬ,БУЛАНДЫНСКИЙ РАЙОН
18946149,Прочая беспроводная телекоммуникационная связь,true,,124045000,883,,,,,,,,,,,5,Беспроводная телекоммуникационная связь,АКМОЛИНСКАЯ ОБЛАСТЬ,БУЛАНДЫНСКИЙ РАЙОН
448714,Операции с недвижимым имуществом,false,,1372959000,883,982218000,920,1497471000,846,3448851000,1031,1283395000,994,909079000,957,1,Всего,АКМОЛИНСКАЯ ОБЛАСТЬ,БУЛАНДЫНСКИЙ РАЙОН
448715,Операции с недвижимым имуществом,false,,1372959000,883,982218000,920,1497471000,846,3448851000,1031,1283395000,994,909079000,957,2,Операции с недвижимым имуществом,АКМОЛИНСКАЯ ОБЛАСТЬ,БУЛАНДЫНСКИЙ РАЙОН
448716,Покупка и продажа собственного недвижимого имущества ,false,,1372959000,883,972735000,920,1489102000,846,3412413000,1031,1283081000,994,907083000,957,3,Операции с недвижимым имуществом,АКМОЛИНСКАЯ ОБЛАСТЬ,БУЛАНДЫНСКИЙ РАЙОН
448717,Покупка и продажа собственного недвижимого имущества ,false,,1372959000,883,972735000,920,1489102000,846,3412413000,1031,1283081000,994,907083000,957,4,Покупка и продажа собственного недвижимого имущества ,АКМОЛИНСКАЯ ОБЛАСТЬ,БУЛАНДЫНСКИЙ РАЙОН
543091,Покупка и продажа многоквартирных и жилых домов (особняков),true,,1372959000,883,972735000,920,1487102000,846,3412413000,1031,1283081000,994,901183000,957,5,Покупка и продажа собственного недвижимого имущества ,АКМОЛИНСКАЯ ОБЛАСТЬ,БУЛАНДЫНСКИЙ РАЙОН
543092,Покупка и продажа прочей недвижимости,true,,,,,,2000000,846,,,,,5900000,957,5,Покупка и продажа собственного недвижимого имущества ,АКМОЛИНСКАЯ ОБЛАСТЬ,БУЛАНДЫНСКИЙ РАЙОН
448719,Аренда и управление собственной или арендуемой недвижимостью,false,,,,9483000,920,x,846,36438000,1031,x,994,1996000,957,3,Операции с недвижимым имуществом,АКМОЛИНСКАЯ ОБЛАСТЬ,БУЛАНДЫНСКИЙ РАЙОН
448720,Аренда и управление собственной или арендуемой недвижимостью,false,,,,9483000,920,x,846,36438000,1031,x,994,1996000,957,4,Аренда и управление собственной или арендуемой недвижимостью,АКМОЛИНСКАЯ ОБЛАСТЬ,БУЛАНДЫНСКИЙ РАЙОН
18946171,Аренда и управление собственной недвижимостью,true,,,,9483000,920,x,846,,,x,994,1996000,957,5,Аренда и управление собственной или арендуемой недвижимостью,АКМОЛИНСКАЯ ОБЛАСТЬ,БУЛАНДЫНСКИЙ РАЙОН
448728,"Профессиональная, научная и техническая деятельность",false,,,,,,,,x,1031,x,994,,,1,Всего,АКМОЛИНСКАЯ ОБЛАСТЬ,БУЛАНДЫНСКИЙ РАЙОН
448747,"Деятельность в области архитектуры, инженерных изысканий, технических испытаний и анализа",false,,,,,,,,x,1031,x,994,,,2,"Профессиональная, научная и техническая деятельность",АКМОЛИНСКАЯ ОБЛАСТЬ,БУЛАНДЫНСКИЙ РАЙОН
448748,"Деятельность в области архитектуры, инженерных изысканий и предоставление технических консультаций в этих областях",false,,,,,,,,x,1031,x,994,,,3,"Деятельность в области архитектуры, инженерных изысканий, технических испытаний и анализа",АКМОЛИНСКАЯ ОБЛАСТЬ,БУЛАНДЫНСКИЙ РАЙОН
448751,Деятельность в области инженерных изысканий и предоставление технических консультаций в этой области,false,,,,,,,,x,1031,x,994,,,4,"Деятельность в области архитектуры, инженерных изысканий и предоставление технических консультаций в этих областях",АКМОЛИНСКАЯ ОБЛАСТЬ,БУЛАНДЫНСКИЙ РАЙОН
448753,Деятельность по проведению геологической разведки и изысканий (без научных исследований и разработок),true,,,,,,,,x,1031,x,994,,,5,Деятельность в области инженерных изысканий и предоставление технических консультаций в этой области,АКМОЛИНСКАЯ ОБЛАСТЬ,БУЛАНДЫНСКИЙ РАЙОН
448797,Деятельность в области административного и вспомогательного обслуживания,false,,,,9054000,920,x,846,51100000,1031,,,37639000,957,1,Всего,АКМОЛИНСКАЯ ОБЛАСТЬ,БУЛАНДЫНСКИЙ РАЙОН
448856,Деятельность по обслуживанию зданий и благоустройству территорий,false,,,,9054000,920,x,846,51100000,1031,,,37639000,957,2,Деятельность в области административного и вспомогательного обслуживания,АКМОЛИНСКАЯ ОБЛАСТЬ,БУЛАНДЫНСКИЙ РАЙОН
448857,Комплексное обслуживание объектов,false,,,,,,x,846,,,,,x,957,3,Деятельность по обслуживанию зданий и благоустройству территорий,АКМОЛИНСКАЯ ОБЛАСТЬ,БУЛАНДЫНСКИЙ РАЙОН
448858,Комплексное обслуживание объектов,false,,,,,,x,846,,,,,x,957,4,Комплексное обслуживание объектов,АКМОЛИНСКАЯ ОБЛАСТЬ,БУЛАНДЫНСКИЙ РАЙОН
448859,Комплексное обслуживание объектов,true,,,,,,x,846,,,,,x,957,5,Комплексное обслуживание объектов,АКМОЛИНСКАЯ ОБЛАСТЬ,БУЛАНДЫНСКИЙ РАЙОН
448867,Деятельность по благоустройству территорий,false,,,,9054000,920,,,51100000,1031,,,26084000,957,3,Деятельность по обслуживанию зданий и благоустройству территорий,АКМОЛИНСКАЯ ОБЛАСТЬ,БУЛАНДЫНСКИЙ РАЙОН
448868,Деятельность по благоустройству территорий,false,,,,9054000,920,,,51100000,1031,,,26084000,957,4,Деятельность по благоустройству территорий,АКМОЛИНСКАЯ ОБЛАСТЬ,БУЛАНДЫНСКИЙ РАЙОН
448869,Деятельность по благоустройству территорий,true,,,,9054000,920,,,51100000,1031,,,26084000,957,5,Деятельность по благоустройству территорий,АКМОЛИНСКАЯ ОБЛАСТЬ,БУЛАНДЫНСКИЙ РАЙОН
448889,Государственное управление и оборона; обязательное  социальное обеспечение,false,,,,,,,,10040000,1031,,,,,1,Всего,АКМОЛИНСКАЯ ОБЛАСТЬ,БУЛАНДЫНСКИЙ РАЙОН
448890,Государственное управление и оборона; обязательное социальное обеспечение,false,,,,,,,,10040000,1031,,,,,2,Государственное управление и оборона; обязательное  социальное обеспечение,АКМОЛИНСКАЯ ОБЛАСТЬ,БУЛАНДЫНСКИЙ РАЙОН
448891,Государственное управление общего характера и управление социально-экономическое политикой общества,false,,,,,,,,10040000,1031,,,,,3,Государственное управление и оборона; обязательное социальное обеспечение,АКМОЛИНСКАЯ ОБЛАСТЬ,БУЛАНДЫНСКИЙ РАЙОН
448892,Государственное управление общего характера,false,,,,,,,,10040000,1031,,,,,4,Государственное управление общего характера и управление социально-экономическое политикой общества,АКМОЛИНСКАЯ ОБЛАСТЬ,БУЛАНДЫНСКИЙ РАЙОН
448896,Деятельность сельских и поселковых органов управления,true,,,,,,,,10040000,1031,,,,,5,Государственное управление общего характера,АКМОЛИНСКАЯ ОБЛАСТЬ,БУЛАНДЫНСКИЙ РАЙОН
448918,Образование,false,,110000000,883,x,920,102392000,846,188614000,1031,,,,,1,Всего,АКМОЛИНСКАЯ ОБЛАСТЬ,БУЛАНДЫНСКИЙ РАЙОН
448919,Образование,false,,110000000,883,x,920,102392000,846,188614000,1031,,,,,2,Образование,АКМОЛИНСКАЯ ОБЛАСТЬ,БУЛАНДЫНСКИЙ РАЙОН
448926,Среднее образование (2-й и 3-й уровни),false,,110000000,883,x,920,102392000,846,188614000,1031,,,,,3,Образование,АКМОЛИНСКАЯ ОБЛАСТЬ,БУЛАНДЫНСКИЙ РАЙОН
448927,Основное и общее среднее образование,false,,110000000,883,x,920,102392000,846,188614000,1031,,,,,4,Среднее образование (2-й и 3-й уровни),АКМОЛИНСКАЯ ОБЛАСТЬ,БУЛАНДЫНСКИЙ РАЙОН
448928,Основное и общее среднее образование,true,,110000000,883,x,920,102392000,846,188614000,1031,,,,,5,Основное и общее среднее образование,АКМОЛИНСКАЯ ОБЛАСТЬ,БУЛАНДЫНСКИЙ РАЙОН
448950,Здравоохранение и социальное обслуживание населения,false,,92161000,883,124891000,920,48444000,846,473603000,1031,505714000,994,61148000,957,1,Всего,АКМОЛИНСКАЯ ОБЛАСТЬ,БУЛАНДЫНСКИЙ РАЙОН
448951,Деятельность в области здравоохранения,false,,92161000,883,124891000,920,48444000,846,473453000,1031,505714000,994,61148000,957,2,Здравоохранение и социальное обслуживание населения,АКМОЛИНСКАЯ ОБЛАСТЬ,БУЛАНДЫНСКИЙ РАЙОН
448952,Деятельность больничных организаций,false,,92161000,883,121891000,920,48444000,846,87098000,1031,504346000,994,49148000,957,3,Деятельность в области здравоохранения,АКМОЛИНСКАЯ ОБЛАСТЬ,БУЛАНДЫНСКИЙ РАЙОН
448953,Деятельность больничных организаций,false,,92161000,883,121891000,920,48444000,846,87098000,1031,504346000,994,49148000,957,4,Деятельность больничных организаций,АКМОЛИНСКАЯ ОБЛАСТЬ,БУЛАНДЫНСКИЙ РАЙОН
448954,Деятельность больниц широкого профиля и специализированных больниц,true,,92161000,883,121891000,920,48444000,846,87098000,1031,502546000,994,49148000,957,5,Деятельность больничных организаций,АКМОЛИНСКАЯ ОБЛАСТЬ,БУЛАНДЫНСКИЙ РАЙОН
448958,"Деятельность других лечебных учреждений, имеющих стационары",true,,,,,,,,,,1800000,994,,,5,Деятельность больничных организаций,АКМОЛИНСКАЯ ОБЛАСТЬ,БУЛАНДЫНСКИЙ РАЙОН
448959,Деятельность в области врачебной практики и стоматологии,false,,,,3000000,920,,,386355000,1031,1368000,994,12000000,957,3,Деятельность в области здравоохранения,АКМОЛИНСКАЯ ОБЛАСТЬ,БУЛАНДЫНСКИЙ РАЙОН
448960,Общая врачебная практика,false,,,,,,,,386355000,1031,1368000,994,,,4,Деятельность в области врачебной практики и стоматологии,АКМОЛИНСКАЯ ОБЛАСТЬ,БУЛАНДЫНСКИЙ РАЙОН
448961,Общая врачебная практика,true,,,,,,,,386355000,1031,1368000,994,,,5,Общая врачебная практика,АКМОЛИНСКАЯ ОБЛАСТЬ,БУЛАНДЫНСКИЙ РАЙОН
448964,Стоматологическая деятельность,false,,,,3000000,920,,,,,,,12000000,957,4,Деятельность в области врачебной практики и стоматологии,АКМОЛИНСКАЯ ОБЛАСТЬ,БУЛАНДЫНСКИЙ РАЙОН
448965,Стоматологическая деятельность,true,,,,3000000,920,,,,,,,12000000,957,5,Стоматологическая деятельность,АКМОЛИНСКАЯ ОБЛАСТЬ,БУЛАНДЫНСКИЙ РАЙОН
448969,Предоставление социальных услуг с обеспечением проживания,false,,,,,,,,150000,1031,,,,,2,Здравоохранение и социальное обслуживание населения,АКМОЛИНСКАЯ ОБЛАСТЬ,БУЛАНДЫНСКИЙ РАЙОН
448976,Предоставление социальных услуг пожилым гражданам и инвалидам с обеспечением проживания,false,,,,,,,,150000,1031,,,,,3,Предоставление социальных услуг с обеспечением проживания,АКМОЛИНСКАЯ ОБЛАСТЬ,БУЛАНДЫНСКИЙ РАЙОН
448977,Предоставление социальных услуг пожилым гражданам и инвалидам с обеспечением проживания,false,,,,,,,,150000,1031,,,,,4,Предоставление социальных услуг пожилым гражданам и инвалидам с обеспечением проживания,АКМОЛИНСКАЯ ОБЛАСТЬ,БУЛАНДЫНСКИЙ РАЙОН
448978,Предоставление социальных услуг пожилым гражданам и инвалидам с обеспечением проживания,true,,,,,,,,150000,1031,,,,,5,Предоставление социальных услуг пожилым гражданам и инвалидам с обеспечением проживания,АКМОЛИНСКАЯ ОБЛАСТЬ,БУЛАНДЫНСКИЙ РАЙОН
448991,"Искусство, развлечения и отдых",false,,,,,,61450000,846,662518000,1031,311238000,994,11060000,957,1,Всего,АКМОЛИНСКАЯ ОБЛАСТЬ,БУЛАНДЫНСКИЙ РАЙОН
449022,"Деятельность в области спорта, организации отдыха и развлечений",false,,,,,,61450000,846,662518000,1031,311238000,994,11060000,957,2,"Искусство, развлечения и отдых",АКМОЛИНСКАЯ ОБЛАСТЬ,БУЛАНДЫНСКИЙ РАЙОН
449023,Деятельность в области спорта,false,,,,,,61450000,846,64607000,1031,12389000,994,,,3,"Деятельность в области спорта, организации отдыха и развлечений",АКМОЛИНСКАЯ ОБЛАСТЬ,БУЛАНДЫНСКИЙ РАЙОН
449024,Эксплуатация спортивных сооружений,false,,,,,,61450000,846,64607000,1031,12389000,994,,,4,Деятельность в области спорта,АКМОЛИНСКАЯ ОБЛАСТЬ,БУЛАНДЫНСКИЙ РАЙОН
449025,Эксплуатация спортивных сооружений,true,,,,,,61450000,846,64607000,1031,12389000,994,,,5,Эксплуатация спортивных сооружений,АКМОЛИНСКАЯ ОБЛАСТЬ,БУЛАНДЫНСКИЙ РАЙОН
449032,Деятельность по организации отдыха и развлечений,false,,,,,,,,597911000,1031,298849000,994,11060000,957,3,"Деятельность в области спорта, организации отдыха и развлечений",АКМОЛИНСКАЯ ОБЛАСТЬ,БУЛАНДЫНСКИЙ РАЙОН
449035,Прочая деятельность по организации отдыха и развлечений,false,,,,,,,,597911000,1031,298849000,994,11060000,957,4,Деятельность по организации отдыха и развлечений,АКМОЛИНСКАЯ ОБЛАСТЬ,БУЛАНДЫНСКИЙ РАЙОН
449039,Прочие виды деятельности по организации отдыха и развлечений,true,,,,,,,,597911000,1031,298849000,994,11060000,957,5,Прочая деятельность по организации отдыха и развлечений,АКМОЛИНСКАЯ ОБЛАСТЬ,БУЛАНДЫНСКИЙ РАЙОН
449040,Предоставление прочих видов услуг,false,,1700000,883,,,,,33000000,1031,,,,,1,Всего,АКМОЛИНСКАЯ ОБЛАСТЬ,БУЛАНДЫНСКИЙ РАЙОН
449041,Деятельность общественных объединений (организаций),false,,1700000,883,,,,,,,,,,,2,Предоставление прочих видов услуг,АКМОЛИНСКАЯ ОБЛАСТЬ,БУЛАНДЫНСКИЙ РАЙОН
449050,Деятельность прочих общественных  объединений,false,,1700000,883,,,,,,,,,,,3,Деятельность общественных объединений (организаций),АКМОЛИНСКАЯ ОБЛАСТЬ,БУЛАНДЫНСКИЙ РАЙОН
449051,Деятельность религиозных организаций,false,,1700000,883,,,,,,,,,,,4,Деятельность прочих общественных  объединений,АКМОЛИНСКАЯ ОБЛАСТЬ,БУЛАНДЫНСКИЙ РАЙОН
449052,Деятельность религиозных организаций,true,,1700000,883,,,,,,,,,,,5,Деятельность религиозных организаций,АКМОЛИНСКАЯ ОБЛАСТЬ,БУЛАНДЫНСКИЙ РАЙОН
449084,Предоставление прочих индивидуальных услуг,false,,,,,,,,33000000,1031,,,,,2,Предоставление прочих видов услуг,АКМОЛИНСКАЯ ОБЛАСТЬ,БУЛАНДЫНСКИЙ РАЙОН
449085,Предоставление прочих индивидуальных услуг,false,,,,,,,,33000000,1031,,,,,3,Предоставление прочих индивидуальных услуг,АКМОЛИНСКАЯ ОБЛАСТЬ,БУЛАНДЫНСКИЙ РАЙОН
449089,Предоставление услуг парикмахерскими и салонами красоты,false,,,,,,,,10000000,1031,,,,,4,Предоставление прочих индивидуальных услуг,АКМОЛИНСКАЯ ОБЛАСТЬ,БУЛАНДЫНСКИЙ РАЙОН
449090,Предоставление услуг парикмахерскими и салонами красоты,true,,,,,,,,10000000,1031,,,,,5,Предоставление услуг парикмахерскими и салонами красоты,АКМОЛИНСКАЯ ОБЛАСТЬ,БУЛАНДЫНСКИЙ РАЙОН
449093,Деятельность по обеспечению физического комфорта,false,,,,,,,,23000000,1031,,,,,4,Предоставление прочих индивидуальных услуг,АКМОЛИНСКАЯ ОБЛАСТЬ,БУЛАНДЫНСКИЙ РАЙОН
449094,Деятельность по обеспечению физического комфорта,true,,,,,,,,23000000,1031,,,,,5,Деятельность по обеспечению физического комфорта,АКМОЛИНСКАЯ ОБЛАСТЬ,БУЛАНДЫНСКИЙ РАЙОН
741340,Промышленность,false,,17955177000,883,11008590000,920,6960862000,846,8641133000,1031,10573881000,994,24218455000,957,1,Всего,АКМОЛИНСКАЯ ОБЛАСТЬ,БУЛАНДЫНСКИЙ РАЙОН
447346,Обрабатывающая промышленность,false,,15765642000,883,7908797000,920,5479571000,846,2237701000,1031,6097950000,994,19198188000,957,2,Промышленность,АКМОЛИНСКАЯ ОБЛАСТЬ,БУЛАНДЫНСКИЙ РАЙОН
447347,Производство продуктов питания,false,,15100603000,883,7835568000,920,5331661000,846,1599563000,1031,5338873000,994,19104535000,957,3,Обрабатывающая промышленность,АКМОЛИНСКАЯ ОБЛАСТЬ,БУЛАНДЫНСКИЙ РАЙОН
447348,Переработка и консервирование мяса и производство мясной продукции,false,,14403947000,883,5562608000,920,x,846,1599563000,1031,5338873000,994,15922886000,957,4,Производство продуктов питания,АКМОЛИНСКАЯ ОБЛАСТЬ,БУЛАНДЫНСКИЙ РАЙОН
447351,Переработка и консервирование мяса сельскохозяйственной птицы ,false,,14403947000,883,5562608000,920,x,846,1599563000,1031,5338873000,994,15922886000,957,5,Переработка и консервирование мяса и производство мясной продукции,АКМОЛИНСКАЯ ОБЛАСТЬ,БУЛАНДЫНСКИЙ РАЙОН
447365,Производство растительных и животных масел и жиров,false,,696656000,883,2272960000,920,40028000,846,,,,,3181649000,957,4,Производство продуктов питания,АКМОЛИНСКАЯ ОБЛАСТЬ,БУЛАНДЫНСКИЙ РАЙОН
447366,Производство масел и жиров,false,,696656000,883,2272960000,920,40028000,846,,,,,3181649000,957,5,Производство растительных и животных масел и жиров,АКМОЛИНСКАЯ ОБЛАСТЬ,БУЛАНДЫНСКИЙ РАЙОН
447384,"Производство  хлебобулочных, макаронных и мучных кондитерских изделий",false,,,,,,2000000,846,,,,,,,4,Производство продуктов питания,АКМОЛИНСКАЯ ОБЛАСТЬ,БУЛАНДЫНСКИЙ РАЙОН
447385,Производство хлебобулочных и мучных кондитерских изделий недлительного хранения,false,,,,,,2000000,846,,,,,,,5,"Производство  хлебобулочных, макаронных и мучных кондитерских изделий",АКМОЛИНСКАЯ ОБЛАСТЬ,БУЛАНДЫНСКИЙ РАЙОН
447572,Производство продуктов химической промышленности,false,,283329000,883,,,,,,,,,,,3,Обрабатывающая промышленность,АКМОЛИНСКАЯ ОБЛАСТЬ,БУЛАНДЫНСКИЙ РАЙОН
447573,"Производство основных химических веществ, удобрений и азотных соединений, пластмасс и синтетического каучука в первичных формах",false,,283329000,883,,,,,,,,,,,4,Производство продуктов химической промышленности,АКМОЛИНСКАЯ ОБЛАСТЬ,БУЛАНДЫНСКИЙ РАЙОН
447584,Производство удобрений и азотосодержащих соединений,false,,283329000,883,,,,,,,,,,,5,"Производство основных химических веществ, удобрений и азотных соединений, пластмасс и синтетического каучука в первичных формах",АКМОЛИНСКАЯ ОБЛАСТЬ,БУЛАНДЫНСКИЙ РАЙОН
447646,Производство прочей не металлической минеральной продукции,false,,381710000,883,72740000,920,x,846,638138000,1031,759077000,994,93653000,957,3,Обрабатывающая промышленность,АКМОЛИНСКАЯ ОБЛАСТЬ,БУЛАНДЫНСКИЙ РАЙОН
447688,"Производство изделий из бетона, цемента и строительного гипса ",false,,39113000,883,,,x,846,x,1031,,,x,957,4,Производство прочей не металлической минеральной продукции,АКМОЛИНСКАЯ ОБЛАСТЬ,БУЛАНДЫНСКИЙ РАЙОН
447689,Производство строительных изделий из бетона,false,,39113000,883,,,x,846,x,1031,,,x,957,5,"Производство изделий из бетона, цемента и строительного гипса ",АКМОЛИНСКАЯ ОБЛАСТЬ,БУЛАНДЫНСКИЙ РАЙОН
447707,Производство абразивных изделий и прочей неметаллической минеральной продукции,false,,342597000,883,72740000,920,,,638107000,1031,759077000,994,79109000,957,4,Производство прочей не металлической минеральной продукции,АКМОЛИНСКАЯ ОБЛАСТЬ,БУЛАНДЫНСКИЙ РАЙОН
447710,"Производство прочей неметаллической минеральной продукции, не включенной в другие группировки",false,,342597000,883,72740000,920,,,638107000,1031,759077000,994,79109000,957,5,Производство абразивных изделий и прочей неметаллической минеральной продукции,АКМОЛИНСКАЯ ОБЛАСТЬ,БУЛАНДЫНСКИЙ РАЙОН
447717,Металлургическое производство,false,,,,,,410000,846,,,,,,,3,Обрабатывающая промышленность,АКМОЛИНСКАЯ ОБЛАСТЬ,БУЛАНДЫНСКИЙ РАЙОН
447750,Литье металлов,false,,,,,,410000,846,,,,,,,4,Металлургическое производство,АКМОЛИНСКАЯ ОБЛАСТЬ,БУЛАНДЫНСКИЙ РАЙОН
447751,Литье чугуна,false,,,,,,410000,846,,,,,,,5,Литье металлов,АКМОЛИНСКАЯ ОБЛАСТЬ,БУЛАНДЫНСКИЙ РАЙОН
447983,Производство прочих транспортных средств,false,,,,489000,920,,,,,,,,,3,Обрабатывающая промышленность,АКМОЛИНСКАЯ ОБЛАСТЬ,БУЛАНДЫНСКИЙ РАЙОН
447989,Производство железнодорожных локомотивов и подвижного состава,false,,,,489000,920,,,,,,,,,4,Производство прочих транспортных средств,АКМОЛИНСКАЯ ОБЛАСТЬ,БУЛАНДЫНСКИЙ РАЙОН
447990,Производство железнодорожных локомотивов и подвижного состава,false,,,,489000,920,,,,,,,,,5,Производство железнодорожных локомотивов и подвижного состава,АКМОЛИНСКАЯ ОБЛАСТЬ,БУЛАНДЫНСКИЙ РАЙОН
448090,"Снабжение электроэнергией, газом, паром, горячей водой и кондиционированным воздухом",false,,1067397000,883,1368818000,920,1282088000,846,1629471000,1031,1489900000,994,2719835000,957,2,Промышленность,АКМОЛИНСКАЯ ОБЛАСТЬ,БУЛАНДЫНСКИЙ РАЙОН
448091,"Снабжение электроэнергией, газом, паром, горячей водой и кондиционированным воздухом",false,,1067397000,883,1368818000,920,1282088000,846,1629471000,1031,1489900000,994,2719835000,957,3,"Снабжение электроэнергией, газом, паром, горячей водой и кондиционированным воздухом",АКМОЛИНСКАЯ ОБЛАСТЬ,БУЛАНДЫНСКИЙ РАЙОН
448092,"Производство, передача и распределение электроэнергии",false,,288956000,883,772318000,920,1014106000,846,1607448000,1031,1192903000,994,2086393000,957,4,"Снабжение электроэнергией, газом, паром, горячей водой и кондиционированным воздухом",АКМОЛИНСКАЯ ОБЛАСТЬ,БУЛАНДЫНСКИЙ РАЙОН
448098,Передача электроэнергии,false,,17099000,883,31929000,920,11200000,846,1358112000,1031,235778000,994,,,5,"Производство, передача и распределение электроэнергии",АКМОЛИНСКАЯ ОБЛАСТЬ,БУЛАНДЫНСКИЙ РАЙОН
448100,Распределение электроэнергии,false,,271857000,883,740389000,920,1002906000,846,247753000,1031,957125000,994,2086393000,957,5,"Производство, передача и распределение электроэнергии",АКМОЛИНСКАЯ ОБЛАСТЬ,БУЛАНДЫНСКИЙ РАЙОН
448102,Продажа электроэнергии ,false,,,,,,,,1583000,1031,,,,,5,"Производство, передача и распределение электроэнергии",АКМОЛИНСКАЯ ОБЛАСТЬ,БУЛАНДЫНСКИЙ РАЙОН
448111,"Снабжение паром, горячей водой и кондиционированным воздухом",false,,778441000,883,596500000,920,267982000,846,22023000,1031,296997000,994,633442000,957,4,"Снабжение электроэнергией, газом, паром, горячей водой и кондиционированным воздухом",АКМОЛИНСКАЯ ОБЛАСТЬ,БУЛАНДЫНСКИЙ РАЙОН
448112,"Снабжение паром, горячей водой и кондиционированным воздухом",false,,778441000,883,596500000,920,267982000,846,22023000,1031,296997000,994,633442000,957,5,"Снабжение паром, горячей водой и кондиционированным воздухом",АКМОЛИНСКАЯ ОБЛАСТЬ,БУЛАНДЫНСКИЙ РАЙОН
448117,"Водоснабжение; сбор, обработка и удаление отходов, деятельность по ликвидации загрязнений",false,,1122138000,883,1730975000,920,199203000,846,4773961000,1031,2986031000,994,2300432000,957,2,Промышленность,АКМОЛИНСКАЯ ОБЛАСТЬ,БУЛАНДЫНСКИЙ РАЙОН
448118,"Сбор, обработка и распределение воды",false,,758034000,883,1073214000,920,195203000,846,4570502000,1031,2315895000,994,1444595000,957,3,"Водоснабжение; сбор, обработка и удаление отходов, деятельность по ликвидации загрязнений",АКМОЛИНСКАЯ ОБЛАСТЬ,БУЛАНДЫНСКИЙ РАЙОН
448119,"Сбор, обработка и распределение воды",false,,758034000,883,1073214000,920,195203000,846,4570502000,1031,2315895000,994,1444595000,957,4,"Сбор, обработка и распределение воды",АКМОЛИНСКАЯ ОБЛАСТЬ,БУЛАНДЫНСКИЙ РАЙОН
448120,"Сбор, обработка и распределение воды",false,,758034000,883,1073214000,920,195203000,846,4570502000,1031,2315895000,994,1444595000,957,5,"Сбор, обработка и распределение воды",АКМОЛИНСКАЯ ОБЛАСТЬ,БУЛАНДЫНСКИЙ РАЙОН
448122,Сбор и обработка сточных вод,false,,364104000,883,657761000,920,4000000,846,193688000,1031,670136000,994,854399000,957,3,"Водоснабжение; сбор, обработка и удаление отходов, деятельность по ликвидации загрязнений",АКМОЛИНСКАЯ ОБЛАСТЬ,БУЛАНДЫНСКИЙ РАЙОН
448123,Сбор и обработка сточных вод,false,,364104000,883,657761000,920,4000000,846,193688000,1031,670136000,994,854399000,957,4,Сбор и обработка сточных вод,АКМОЛИНСКАЯ ОБЛАСТЬ,БУЛАНДЫНСКИЙ РАЙОН
448124,Сбор и обработка сточных вод,false,,364104000,883,657761000,920,4000000,846,193688000,1031,670136000,994,854399000,957,5,Сбор и обработка сточных вод,АКМОЛИНСКАЯ ОБЛАСТЬ,БУЛАНДЫНСКИЙ РАЙОН
448126,"Сбор, обработка и удаление отходов; утилизация (восстановление) материалов",false,,,,,,,,9771000,1031,,,1438000,957,3,"Водоснабжение; сбор, обработка и удаление отходов, деятельность по ликвидации загрязнений",АКМОЛИНСКАЯ ОБЛАСТЬ,БУЛАНДЫНСКИЙ РАЙОН
448132,Обработка и удаление отходов,false,,,,,,,,9771000,1031,,,1438000,957,4,"Сбор, обработка и удаление отходов; утилизация (восстановление) материалов",АКМОЛИНСКАЯ ОБЛАСТЬ,БУЛАНДЫНСКИЙ РАЙОН
448135,Обработка и удаление опасных отходов,false,,,,,,,,9771000,1031,,,1438000,957,5,Обработка и удаление отходов,АКМОЛИНСКАЯ ОБЛАСТЬ,БУЛАНДЫНСКИЙ РАЙОН
741885,Всего,false,,3888032000,883,4866217000,920,1937826000,846,6643440000,1031,3871507000,994,6379640000,957,0,,АКМОЛИНСКАЯ ОБЛАСТЬ,ЕГИНДЫКОЛЬСКИЙ РАЙОН
447173,"Сельское, лесное и рыбное хозяйство",false,,3411153000,883,4423460000,920,1615094000,846,3149316000,1031,2298070000,994,5831860000,957,1,Всего,АКМОЛИНСКАЯ ОБЛАСТЬ,ЕГИНДЫКОЛЬСКИЙ РАЙОН
447174,"Растениеводство и животноводство, охота и предоставление услуг в этих областях",false,,3411153000,883,4423460000,920,1615094000,846,3149316000,1031,2298070000,994,5831860000,957,2,"Сельское, лесное и рыбное хозяйство",АКМОЛИНСКАЯ ОБЛАСТЬ,ЕГИНДЫКОЛЬСКИЙ РАЙОН
447175,Выращивание одно- или двухлетних культур,false,,3324213000,883,4280208000,920,1615094000,846,3133712000,1031,2298070000,994,5603985000,957,3,"Растениеводство и животноводство, охота и предоставление услуг в этих областях",АКМОЛИНСКАЯ ОБЛАСТЬ,ЕГИНДЫКОЛЬСКИЙ РАЙОН
447176,"Выращивание зерновых (кроме риса), бобовых и масличных культур",false,,3324213000,883,4280208000,920,1615094000,846,3133712000,1031,2298070000,994,5603985000,957,4,Выращивание одно- или двухлетних культур,АКМОЛИНСКАЯ ОБЛАСТЬ,ЕГИНДЫКОЛЬСКИЙ РАЙОН
3783380,"Выращивание зерновых и зернобобовых культур, включая семеноводство",true,,3324213000,883,4280208000,920,1615094000,846,2983712000,1031,2298070000,994,5603985000,957,5,"Выращивание зерновых (кроме риса), бобовых и масличных культур",АКМОЛИНСКАЯ ОБЛАСТЬ,ЕГИНДЫКОЛЬСКИЙ РАЙОН
447178,Выращивание масличных культур и их семян,true,,,,,,,,150000000,1031,,,,,5,"Выращивание зерновых (кроме риса), бобовых и масличных культур",АКМОЛИНСКАЯ ОБЛАСТЬ,ЕГИНДЫКОЛЬСКИЙ РАЙОН
447218,Животноводство,false,,86940000,883,143252000,920,,,15604000,1031,,,216405000,957,3,"Растениеводство и животноводство, охота и предоставление услуг в этих областях",АКМОЛИНСКАЯ ОБЛАСТЬ,ЕГИНДЫКОЛЬСКИЙ РАЙОН
447219,Разведение крупного рогатого скота молочного направления,false,,x,883,x,920,,,,,,,x,957,4,Животноводство,АКМОЛИНСКАЯ ОБЛАСТЬ,ЕГИНДЫКОЛЬСКИЙ РАЙОН
447220,Разведение крупного рогатого скота молочного направления,true,,x,883,x,920,,,,,,,x,957,5,Разведение крупного рогатого скота молочного направления,АКМОЛИНСКАЯ ОБЛАСТЬ,ЕГИНДЫКОЛЬСКИЙ РАЙОН
447221,Разведение прочего крупного рогатого скота и буйволов,false,,150000,883,2952000,920,,,15604000,1031,,,9771000,957,4,Животноводство,АКМОЛИНСКАЯ ОБЛАСТЬ,ЕГИНДЫКОЛЬСКИЙ РАЙОН
447222,Разведение прочего крупного рогатого скота и буйволов,true,,150000,883,2952000,920,,,15604000,1031,,,9771000,957,5,Разведение прочего крупного рогатого скота и буйволов,АКМОЛИНСКАЯ ОБЛАСТЬ,ЕГИНДЫКОЛЬСКИЙ РАЙОН
447230,Разведение свиней,false,,,,x,920,,,,,,,x,957,4,Животноводство,АКМОЛИНСКАЯ ОБЛАСТЬ,ЕГИНДЫКОЛЬСКИЙ РАЙОН
447231,Разведение свиней,true,,,,x,920,,,,,,,x,957,5,Разведение свиней,АКМОЛИНСКАЯ ОБЛАСТЬ,ЕГИНДЫКОЛЬСКИЙ РАЙОН
447239,Смешанное сельское хозяйство,false,,,,,,,,,,,,11470000,957,3,"Растениеводство и животноводство, охота и предоставление услуг в этих областях",АКМОЛИНСКАЯ ОБЛАСТЬ,ЕГИНДЫКОЛЬСКИЙ РАЙОН
447240,Смешанное сельское хозяйство,false,,,,,,,,,,,,11470000,957,4,Смешанное сельское хозяйство,АКМОЛИНСКАЯ ОБЛАСТЬ,ЕГИНДЫКОЛЬСКИЙ РАЙОН
447241,Смешанное сельское хозяйство,true,,,,,,,,,,,,11470000,957,5,Смешанное сельское хозяйство,АКМОЛИНСКАЯ ОБЛАСТЬ,ЕГИНДЫКОЛЬСКИЙ РАЙОН
448215,Оптовая и розничная торговля; ремонт автомобилей и мотоциклов,false,,x,883,,,,,,,,,x,957,1,Всего,АКМОЛИНСКАЯ ОБЛАСТЬ,ЕГИНДЫКОЛЬСКИЙ РАЙОН
448216,Оптовая и розничная торговля автомобилями и мотоциклами и их ремонт,false,,,,,,,,,,,,x,957,2,Оптовая и розничная торговля; ремонт автомобилей и мотоциклов,АКМОЛИНСКАЯ ОБЛАСТЬ,ЕГИНДЫКОЛЬСКИЙ РАЙОН
448224,Техническое обслуживание и ремонт автомобилей,false,,,,,,,,,,,,x,957,3,Оптовая и розничная торговля автомобилями и мотоциклами и их ремонт,АКМОЛИНСКАЯ ОБЛАСТЬ,ЕГИНДЫКОЛЬСКИЙ РАЙОН
448225,Техническое обслуживание и ремонт автомобилей,false,,,,,,,,,,,,x,957,4,Техническое обслуживание и ремонт автомобилей,АКМОЛИНСКАЯ ОБЛАСТЬ,ЕГИНДЫКОЛЬСКИЙ РАЙОН
20575904,"Техническое обслуживание и ремонт автомобилей, за исключением произведенных станциями технического обслуживания, находящимися на придорожной полосе",true,,,,,,,,,,,,x,957,5,Техническое обслуживание и ремонт автомобилей,АКМОЛИНСКАЯ ОБЛАСТЬ,ЕГИНДЫКОЛЬСКИЙ РАЙОН
448377,"Розничная торговля, кроме торговли автомобилями и мотоциклами",false,,x,883,,,,,,,,,,,2,Оптовая и розничная торговля; ремонт автомобилей и мотоциклов,АКМОЛИНСКАЯ ОБЛАСТЬ,ЕГИНДЫКОЛЬСКИЙ РАЙОН
448399,Розничная торговля топливом в специализированных магазинах,false,,x,883,,,,,,,,,,,3,"Розничная торговля, кроме торговли автомобилями и мотоциклами",АКМОЛИНСКАЯ ОБЛАСТЬ,ЕГИНДЫКОЛЬСКИЙ РАЙОН
448400,Розничная торговля топливом в специализированных магазинах,false,,x,883,,,,,,,,,,,4,Розничная торговля топливом в специализированных магазинах,АКМОЛИНСКАЯ ОБЛАСТЬ,ЕГИНДЫКОЛЬСКИЙ РАЙОН
20576124,"Розничная торговля моторным топливом в специализированных магазинах, за исключением находящихся на придорожной полосе",true,,x,883,,,,,,,,,,,5,Розничная торговля топливом в специализированных магазинах,АКМОЛИНСКАЯ ОБЛАСТЬ,ЕГИНДЫКОЛЬСКИЙ РАЙОН
448475,Транспорт и складирование,false,,44396000,883,59000,920,10103000,846,699050000,1031,559925000,994,34147000,957,1,Всего,АКМОЛИНСКАЯ ОБЛАСТЬ,ЕГИНДЫКОЛЬСКИЙ РАЙОН
448527,Складирование грузов и вспомогательная транспортная деятельность,false,,44396000,883,59000,920,10103000,846,699050000,1031,559925000,994,34147000,957,2,Транспорт и складирование,АКМОЛИНСКАЯ ОБЛАСТЬ,ЕГИНДЫКОЛЬСКИЙ РАЙОН
448528,Складирование и хранение грузов,false,,33000000,883,,,,,30000000,1031,97300000,994,,,3,Складирование грузов и вспомогательная транспортная деятельность,АКМОЛИНСКАЯ ОБЛАСТЬ,ЕГИНДЫКОЛЬСКИЙ РАЙОН
448529,Складирование и хранение грузов,false,,33000000,883,,,,,30000000,1031,97300000,994,,,4,Складирование и хранение грузов,АКМОЛИНСКАЯ ОБЛАСТЬ,ЕГИНДЫКОЛЬСКИЙ РАЙОН
448530,Складирование и хранение зерна,true,,33000000,883,,,,,30000000,1031,97300000,994,,,5,Складирование и хранение грузов,АКМОЛИНСКАЯ ОБЛАСТЬ,ЕГИНДЫКОЛЬСКИЙ РАЙОН
448533,Вспомогательная транспортная деятельность,false,,11396000,883,59000,920,10103000,846,669050000,1031,462625000,994,34147000,957,3,Складирование грузов и вспомогательная транспортная деятельность,АКМОЛИНСКАЯ ОБЛАСТЬ,ЕГИНДЫКОЛЬСКИЙ РАЙОН
448534,Вспомогательная деятельность сухопутного транспорта,false,,11396000,883,59000,920,10103000,846,669050000,1031,462625000,994,34147000,957,4,Вспомогательная транспортная деятельность,АКМОЛИНСКАЯ ОБЛАСТЬ,ЕГИНДЫКОЛЬСКИЙ РАЙОН
448536,Эксплуатация автомобильных дорог,true,,11396000,883,59000,920,10103000,846,669050000,1031,462625000,994,2482000,957,5,Вспомогательная деятельность сухопутного транспорта,АКМОЛИНСКАЯ ОБЛАСТЬ,ЕГИНДЫКОЛЬСКИЙ РАЙОН
448538,Деятельность автомобильных стоянок,true,,,,,,,,,,,,31665000,957,5,Вспомогательная деятельность сухопутного транспорта,АКМОЛИНСКАЯ ОБЛАСТЬ,ЕГИНДЫКОЛЬСКИЙ РАЙОН
448585,Информация и связь,false,,47093000,883,,,14976000,846,,,,,,,1,Всего,АКМОЛИНСКАЯ ОБЛАСТЬ,ЕГИНДЫКОЛЬСКИЙ РАЙОН
448623,Телекоммуникации,false,,47093000,883,,,14976000,846,,,,,,,2,Информация и связь,АКМОЛИНСКАЯ ОБЛАСТЬ,ЕГИНДЫКОЛЬСКИЙ РАЙОН
18696628,Проводная телекоммуникационная связь,false,,,,,,106000,846,,,,,,,3,Телекоммуникации,АКМОЛИНСКАЯ ОБЛАСТЬ,ЕГИНДЫКОЛЬСКИЙ РАЙОН
18696629,Проводная телекоммуникационная связь,false,,,,,,106000,846,,,,,,,4,Проводная телекоммуникационная связь,АКМОЛИНСКАЯ ОБЛАСТЬ,ЕГИНДЫКОЛЬСКИЙ РАЙОН
18946146,Прочая проводная телекоммуникационная связь,true,,,,,,106000,846,,,,,,,5,Проводная телекоммуникационная связь,АКМОЛИНСКАЯ ОБЛАСТЬ,ЕГИНДЫКОЛЬСКИЙ РАЙОН
448627,Беспроводная телекоммуникационная связь,false,,47093000,883,,,14870000,846,,,,,,,3,Телекоммуникации,АКМОЛИНСКАЯ ОБЛАСТЬ,ЕГИНДЫКОЛЬСКИЙ РАЙОН
448628,Беспроводная телекоммуникационная связь,false,,47093000,883,,,14870000,846,,,,,,,4,Беспроводная телекоммуникационная связь,АКМОЛИНСКАЯ ОБЛАСТЬ,ЕГИНДЫКОЛЬСКИЙ РАЙОН
18946149,Прочая беспроводная телекоммуникационная связь,true,,47093000,883,,,14870000,846,,,,,,,5,Беспроводная телекоммуникационная связь,АКМОЛИНСКАЯ ОБЛАСТЬ,ЕГИНДЫКОЛЬСКИЙ РАЙОН
448714,Операции с недвижимым имуществом,false,,198779000,883,135000000,920,101875000,846,190339000,1031,175000000,994,159000000,957,1,Всего,АКМОЛИНСКАЯ ОБЛАСТЬ,ЕГИНДЫКОЛЬСКИЙ РАЙОН
448715,Операции с недвижимым имуществом,false,,198779000,883,135000000,920,101875000,846,190339000,1031,175000000,994,159000000,957,2,Операции с недвижимым имуществом,АКМОЛИНСКАЯ ОБЛАСТЬ,ЕГИНДЫКОЛЬСКИЙ РАЙОН
448716,Покупка и продажа собственного недвижимого имущества ,false,,198779000,883,135000000,920,101875000,846,190339000,1031,175000000,994,159000000,957,3,Операции с недвижимым имуществом,АКМОЛИНСКАЯ ОБЛАСТЬ,ЕГИНДЫКОЛЬСКИЙ РАЙОН
448717,Покупка и продажа собственного недвижимого имущества ,false,,198779000,883,135000000,920,101875000,846,190339000,1031,175000000,994,159000000,957,4,Покупка и продажа собственного недвижимого имущества ,АКМОЛИНСКАЯ ОБЛАСТЬ,ЕГИНДЫКОЛЬСКИЙ РАЙОН
543091,Покупка и продажа многоквартирных и жилых домов (особняков),true,,198779000,883,135000000,920,101875000,846,163339000,1031,125000000,994,104000000,957,5,Покупка и продажа собственного недвижимого имущества ,АКМОЛИНСКАЯ ОБЛАСТЬ,ЕГИНДЫКОЛЬСКИЙ РАЙОН
543092,Покупка и продажа прочей недвижимости,true,,,,,,,,27000000,1031,50000000,994,x,957,5,Покупка и продажа собственного недвижимого имущества ,АКМОЛИНСКАЯ ОБЛАСТЬ,ЕГИНДЫКОЛЬСКИЙ РАЙОН
448797,Деятельность в области административного и вспомогательного обслуживания,false,,,,,,,,,,66148000,994,x,957,1,Всего,АКМОЛИНСКАЯ ОБЛАСТЬ,ЕГИНДЫКОЛЬСКИЙ РАЙОН
448856,Деятельность по обслуживанию зданий и благоустройству территорий,false,,,,,,,,,,66148000,994,x,957,2,Деятельность в области административного и вспомогательного обслуживания,АКМОЛИНСКАЯ ОБЛАСТЬ,ЕГИНДЫКОЛЬСКИЙ РАЙОН
448867,Деятельность по благоустройству территорий,false,,,,,,,,,,66148000,994,x,957,3,Деятельность по обслуживанию зданий и благоустройству территорий,АКМОЛИНСКАЯ ОБЛАСТЬ,ЕГИНДЫКОЛЬСКИЙ РАЙОН
448868,Деятельность по благоустройству территорий,false,,,,,,,,,,66148000,994,x,957,4,Деятельность по благоустройству территорий,АКМОЛИНСКАЯ ОБЛАСТЬ,ЕГИНДЫКОЛЬСКИЙ РАЙОН
448869,Деятельность по благоустройству территорий,true,,,,,,,,,,66148000,994,x,957,5,Деятельность по благоустройству территорий,АКМОЛИНСКАЯ ОБЛАСТЬ,ЕГИНДЫКОЛЬСКИЙ РАЙОН
448918,Образование,false,,,,,,,,424714000,1031,,,,,1,Всего,АКМОЛИНСКАЯ ОБЛАСТЬ,ЕГИНДЫКОЛЬСКИЙ РАЙОН
448919,Образование,false,,,,,,,,424714000,1031,,,,,2,Образование,АКМОЛИНСКАЯ ОБЛАСТЬ,ЕГИНДЫКОЛЬСКИЙ РАЙОН
448926,Среднее образование (2-й и 3-й уровни),false,,,,,,,,424714000,1031,,,,,3,Образование,АКМОЛИНСКАЯ ОБЛАСТЬ,ЕГИНДЫКОЛЬСКИЙ РАЙОН
448927,Основное и общее среднее образование,false,,,,,,,,424714000,1031,,,,,4,Среднее образование (2-й и 3-й уровни),АКМОЛИНСКАЯ ОБЛАСТЬ,ЕГИНДЫКОЛЬСКИЙ РАЙОН
448928,Основное и общее среднее образование,true,,,,,,,,424714000,1031,,,,,5,Основное и общее среднее образование,АКМОЛИНСКАЯ ОБЛАСТЬ,ЕГИНДЫКОЛЬСКИЙ РАЙОН
448950,Здравоохранение и социальное обслуживание населения,false,,,,,,61250000,846,207224000,1031,3062000,994,31750000,957,1,Всего,АКМОЛИНСКАЯ ОБЛАСТЬ,ЕГИНДЫКОЛЬСКИЙ РАЙОН
448951,Деятельность в области здравоохранения,false,,,,,,61250000,846,207224000,1031,3062000,994,31750000,957,2,Здравоохранение и социальное обслуживание населения,АКМОЛИНСКАЯ ОБЛАСТЬ,ЕГИНДЫКОЛЬСКИЙ РАЙОН
448952,Деятельность больничных организаций,false,,,,,,61250000,846,,,,,31750000,957,3,Деятельность в области здравоохранения,АКМОЛИНСКАЯ ОБЛАСТЬ,ЕГИНДЫКОЛЬСКИЙ РАЙОН
448953,Деятельность больничных организаций,false,,,,,,61250000,846,,,,,31750000,957,4,Деятельность больничных организаций,АКМОЛИНСКАЯ ОБЛАСТЬ,ЕГИНДЫКОЛЬСКИЙ РАЙОН
448958,"Деятельность других лечебных учреждений, имеющих стационары",true,,,,,,61250000,846,,,,,31750000,957,5,Деятельность больничных организаций,АКМОЛИНСКАЯ ОБЛАСТЬ,ЕГИНДЫКОЛЬСКИЙ РАЙОН
448959,Деятельность в области врачебной практики и стоматологии,false,,,,,,,,207224000,1031,3062000,994,,,3,Деятельность в области здравоохранения,АКМОЛИНСКАЯ ОБЛАСТЬ,ЕГИНДЫКОЛЬСКИЙ РАЙОН
448960,Общая врачебная практика,false,,,,,,,,207224000,1031,3062000,994,,,4,Деятельность в области врачебной практики и стоматологии,АКМОЛИНСКАЯ ОБЛАСТЬ,ЕГИНДЫКОЛЬСКИЙ РАЙОН
448961,Общая врачебная практика,true,,,,,,,,207224000,1031,3062000,994,,,5,Общая врачебная практика,АКМОЛИНСКАЯ ОБЛАСТЬ,ЕГИНДЫКОЛЬСКИЙ РАЙОН
448991,"Искусство, развлечения и отдых",false,,x,883,x,920,100000000,846,,,120000000,994,x,957,1,Всего,АКМОЛИНСКАЯ ОБЛАСТЬ,ЕГИНДЫКОЛЬСКИЙ РАЙОН
449022,"Деятельность в области спорта, организации отдыха и развлечений",false,,x,883,x,920,100000000,846,,,120000000,994,x,957,2,"Искусство, развлечения и отдых",АКМОЛИНСКАЯ ОБЛАСТЬ,ЕГИНДЫКОЛЬСКИЙ РАЙОН
449023,Деятельность в области спорта,false,,,,,,,,,,120000000,994,,,3,"Деятельность в области спорта, организации отдыха и развлечений",АКМОЛИНСКАЯ ОБЛАСТЬ,ЕГИНДЫКОЛЬСКИЙ РАЙОН
449024,Эксплуатация спортивных сооружений,false,,,,,,,,,,120000000,994,,,4,Деятельность в области спорта,АКМОЛИНСКАЯ ОБЛАСТЬ,ЕГИНДЫКОЛЬСКИЙ РАЙОН
449025,Эксплуатация спортивных сооружений,true,,,,,,,,,,120000000,994,,,5,Эксплуатация спортивных сооружений,АКМОЛИНСКАЯ ОБЛАСТЬ,ЕГИНДЫКОЛЬСКИЙ РАЙОН
449032,Деятельность по организации отдыха и развлечений,false,,x,883,x,920,100000000,846,,,,,x,957,3,"Деятельность в области спорта, организации отдыха и развлечений",АКМОЛИНСКАЯ ОБЛАСТЬ,ЕГИНДЫКОЛЬСКИЙ РАЙОН
449035,Прочая деятельность по организации отдыха и развлечений,false,,x,883,x,920,100000000,846,,,,,x,957,4,Деятельность по организации отдыха и развлечений,АКМОЛИНСКАЯ ОБЛАСТЬ,ЕГИНДЫКОЛЬСКИЙ РАЙОН
449039,Прочие виды деятельности по организации отдыха и развлечений,true,,x,883,x,920,100000000,846,,,,,x,957,5,Прочая деятельность по организации отдыха и развлечений,АКМОЛИНСКАЯ ОБЛАСТЬ,ЕГИНДЫКОЛЬСКИЙ РАЙОН
741340,Промышленность,false,,135054000,883,172620000,920,34528000,846,1972797000,1031,649302000,994,58173000,957,1,Всего,АКМОЛИНСКАЯ ОБЛАСТЬ,ЕГИНДЫКОЛЬСКИЙ РАЙОН
447279,Горнодобывающая промышленность и разработка карьеров,false,,,,,,19381000,846,,,,,,,2,Промышленность,АКМОЛИНСКАЯ ОБЛАСТЬ,ЕГИНДЫКОЛЬСКИЙ РАЙОН
447316,Добыча прочих полезных ископаемых,false,,,,,,19381000,846,,,,,,,3,Горнодобывающая промышленность и разработка карьеров,АКМОЛИНСКАЯ ОБЛАСТЬ,ЕГИНДЫКОЛЬСКИЙ РАЙОН
447317,"Добыча камня, песка и глины",false,,,,,,19381000,846,,,,,,,4,Добыча прочих полезных ископаемых,АКМОЛИНСКАЯ ОБЛАСТЬ,ЕГИНДЫКОЛЬСКИЙ РАЙОН
447322,"Разработка гравийных и песчаных карьеров, добыча глины и каолина",false,,,,,,19381000,846,,,,,,,5,"Добыча камня, песка и глины",АКМОЛИНСКАЯ ОБЛАСТЬ,ЕГИНДЫКОЛЬСКИЙ РАЙОН
448090,"Снабжение электроэнергией, газом, паром, горячей водой и кондиционированным воздухом",false,,x,883,24113000,920,x,846,116170000,1031,37340000,994,21572000,957,2,Промышленность,АКМОЛИНСКАЯ ОБЛАСТЬ,ЕГИНДЫКОЛЬСКИЙ РАЙОН
448091,"Снабжение электроэнергией, газом, паром, горячей водой и кондиционированным воздухом",false,,x,883,24113000,920,x,846,116170000,1031,37340000,994,21572000,957,3,"Снабжение электроэнергией, газом, паром, горячей водой и кондиционированным воздухом",АКМОЛИНСКАЯ ОБЛАСТЬ,ЕГИНДЫКОЛЬСКИЙ РАЙОН
448092,"Производство, передача и распределение электроэнергии",false,,x,883,24113000,920,x,846,116170000,1031,37340000,994,21572000,957,4,"Снабжение электроэнергией, газом, паром, горячей водой и кондиционированным воздухом",АКМОЛИНСКАЯ ОБЛАСТЬ,ЕГИНДЫКОЛЬСКИЙ РАЙОН
448093,Производство электроэнергии,false,,,,,,,,,,3189000,994,1725000,957,5,"Производство, передача и распределение электроэнергии",АКМОЛИНСКАЯ ОБЛАСТЬ,ЕГИНДЫКОЛЬСКИЙ РАЙОН
448098,Передача электроэнергии,false,,,,,,,,x,1031,x,994,,,5,"Производство, передача и распределение электроэнергии",АКМОЛИНСКАЯ ОБЛАСТЬ,ЕГИНДЫКОЛЬСКИЙ РАЙОН
448100,Распределение электроэнергии,false,,x,883,24113000,920,x,846,,,,,x,957,5,"Производство, передача и распределение электроэнергии",АКМОЛИНСКАЯ ОБЛАСТЬ,ЕГИНДЫКОЛЬСКИЙ РАЙОН
448102,Продажа электроэнергии ,false,,,,,,,,715000,1031,,,,,5,"Производство, передача и распределение электроэнергии",АКМОЛИНСКАЯ ОБЛАСТЬ,ЕГИНДЫКОЛЬСКИЙ РАЙОН
448117,"Водоснабжение; сбор, обработка и удаление отходов, деятельность по ликвидации загрязнений",false,,112536000,883,148507000,920,,,1856627000,1031,611962000,994,36601000,957,2,Промышленность,АКМОЛИНСКАЯ ОБЛАСТЬ,ЕГИНДЫКОЛЬСКИЙ РАЙОН
448118,"Сбор, обработка и распределение воды",false,,112536000,883,148507000,920,,,1856627000,1031,611962000,994,36601000,957,3,"Водоснабжение; сбор, обработка и удаление отходов, деятельность по ликвидации загрязнений",АКМОЛИНСКАЯ ОБЛАСТЬ,ЕГИНДЫКОЛЬСКИЙ РАЙОН
448119,"Сбор, обработка и распределение воды",false,,112536000,883,148507000,920,,,1856627000,1031,611962000,994,36601000,957,4,"Сбор, обработка и распределение воды",АКМОЛИНСКАЯ ОБЛАСТЬ,ЕГИНДЫКОЛЬСКИЙ РАЙОН
448120,"Сбор, обработка и распределение воды",false,,112536000,883,148507000,920,,,1856627000,1031,611962000,994,36601000,957,5,"Сбор, обработка и распределение воды",АКМОЛИНСКАЯ ОБЛАСТЬ,ЕГИНДЫКОЛЬСКИЙ РАЙОН
741885,Всего,false,,5417728000,883,9182904000,920,4493297000,846,17079197000,1031,15300088000,994,7786181000,957,0,,АКМОЛИНСКАЯ ОБЛАСТЬ,РАЙОН БИРЖАН САЛ
447173,"Сельское, лесное и рыбное хозяйство",false,,2195599000,883,3437910000,920,1951955000,846,1469810000,1031,685095000,994,1344733000,957,1,Всего,АКМОЛИНСКАЯ ОБЛАСТЬ,РАЙОН БИРЖАН САЛ
447174,"Растениеводство и животноводство, охота и предоставление услуг в этих областях",false,,2195599000,883,3437910000,920,1951955000,846,1469810000,1031,685095000,994,1344733000,957,2,"Сельское, лесное и рыбное хозяйство",АКМОЛИНСКАЯ ОБЛАСТЬ,РАЙОН БИРЖАН САЛ
447175,Выращивание одно- или двухлетних культур,false,,1971139000,883,2817041000,920,1300511000,846,1198011000,1031,514267000,994,996103000,957,3,"Растениеводство и животноводство, охота и предоставление услуг в этих областях",АКМОЛИНСКАЯ ОБЛАСТЬ,РАЙОН БИРЖАН САЛ
447176,"Выращивание зерновых (кроме риса), бобовых и масличных культур",false,,1971139000,883,2817041000,920,1300511000,846,1198011000,1031,514267000,994,996103000,957,4,Выращивание одно- или двухлетних культур,АКМОЛИНСКАЯ ОБЛАСТЬ,РАЙОН БИРЖАН САЛ
3783380,"Выращивание зерновых и зернобобовых культур, включая семеноводство",true,,1962909000,883,2554623000,920,1300511000,846,1198011000,1031,514267000,994,797003000,957,5,"Выращивание зерновых (кроме риса), бобовых и масличных культур",АКМОЛИНСКАЯ ОБЛАСТЬ,РАЙОН БИРЖАН САЛ
447178,Выращивание масличных культур и их семян,true,,x,883,x,920,,,,,,,x,957,5,"Выращивание зерновых (кроме риса), бобовых и масличных культур",АКМОЛИНСКАЯ ОБЛАСТЬ,РАЙОН БИРЖАН САЛ
447218,Животноводство,false,,223620000,883,620869000,920,630289000,846,271799000,1031,155328000,994,323163000,957,3,"Растениеводство и животноводство, охота и предоставление услуг в этих областях",АКМОЛИНСКАЯ ОБЛАСТЬ,РАЙОН БИРЖАН САЛ
447219,Разведение крупного рогатого скота молочного направления,false,,364000,883,12200000,920,,,,,,,,,4,Животноводство,АКМОЛИНСКАЯ ОБЛАСТЬ,РАЙОН БИРЖАН САЛ
447220,Разведение крупного рогатого скота молочного направления,true,,364000,883,12200000,920,,,,,,,,,5,Разведение крупного рогатого скота молочного направления,АКМОЛИНСКАЯ ОБЛАСТЬ,РАЙОН БИРЖАН САЛ
447221,Разведение прочего крупного рогатого скота и буйволов,false,,110313000,883,110409000,920,316087000,846,x,1031,27688000,994,86984000,957,4,Животноводство,АКМОЛИНСКАЯ ОБЛАСТЬ,РАЙОН БИРЖАН САЛ
447222,Разведение прочего крупного рогатого скота и буйволов,true,,110313000,883,110409000,920,316087000,846,x,1031,27688000,994,86984000,957,5,Разведение прочего крупного рогатого скота и буйволов,АКМОЛИНСКАЯ ОБЛАСТЬ,РАЙОН БИРЖАН САЛ
447223,Разведение лошадей и прочих животных семейства лошадиных,false,,,,23143000,920,186200000,846,,,9955000,994,20000000,957,4,Животноводство,АКМОЛИНСКАЯ ОБЛАСТЬ,РАЙОН БИРЖАН САЛ
447224,Разведение лошадей,true,,,,23143000,920,186200000,846,,,9955000,994,20000000,957,5,Разведение лошадей и прочих животных семейства лошадиных,АКМОЛИНСКАЯ ОБЛАСТЬ,РАЙОН БИРЖАН САЛ
447228,Разведение овец и коз,false,,23509000,883,,,4500000,846,,,,,,,4,Животноводство,АКМОЛИНСКАЯ ОБЛАСТЬ,РАЙОН БИРЖАН САЛ
447229,Разведение овец и коз,true,,23509000,883,,,4500000,846,,,,,,,5,Разведение овец и коз,АКМОЛИНСКАЯ ОБЛАСТЬ,РАЙОН БИРЖАН САЛ
447230,Разведение свиней,false,,,,22360000,920,,,,,,,,,4,Животноводство,АКМОЛИНСКАЯ ОБЛАСТЬ,РАЙОН БИРЖАН САЛ
447231,Разведение свиней,true,,,,22360000,920,,,,,,,,,5,Разведение свиней,АКМОЛИНСКАЯ ОБЛАСТЬ,РАЙОН БИРЖАН САЛ
447232,Разведение сельскохозяйственной птицы ,false,,87075000,883,452757000,920,123502000,846,265629000,1031,98573000,994,206279000,957,4,Животноводство,АКМОЛИНСКАЯ ОБЛАСТЬ,РАЙОН БИРЖАН САЛ
447234,Производство яиц,true,,87075000,883,452757000,920,123502000,846,265629000,1031,98573000,994,206279000,957,5,Разведение сельскохозяйственной птицы ,АКМОЛИНСКАЯ ОБЛАСТЬ,РАЙОН БИРЖАН САЛ
447237,Разведение прочих видов животных,false,,2359000,883,,,,,,,19112000,994,9900000,957,4,Животноводство,АКМОЛИНСКАЯ ОБЛАСТЬ,РАЙОН БИРЖАН САЛ
447238,Разведение прочих видов животных,true,,2359000,883,,,,,,,19112000,994,9900000,957,5,Разведение прочих видов животных,АКМОЛИНСКАЯ ОБЛАСТЬ,РАЙОН БИРЖАН САЛ
447239,Смешанное сельское хозяйство,false,,840000,883,,,x,846,,,15500000,994,25467000,957,3,"Растениеводство и животноводство, охота и предоставление услуг в этих областях",АКМОЛИНСКАЯ ОБЛАСТЬ,РАЙОН БИРЖАН САЛ
447240,Смешанное сельское хозяйство,false,,840000,883,,,x,846,,,15500000,994,25467000,957,4,Смешанное сельское хозяйство,АКМОЛИНСКАЯ ОБЛАСТЬ,РАЙОН БИРЖАН САЛ
447241,Смешанное сельское хозяйство,true,,840000,883,,,x,846,,,15500000,994,25467000,957,5,Смешанное сельское хозяйство,АКМОЛИНСКАЯ ОБЛАСТЬ,РАЙОН БИРЖАН САЛ
448215,Оптовая и розничная торговля; ремонт автомобилей и мотоциклов,false,,1500000,883,,,,,,,5629000,994,,,1,Всего,АКМОЛИНСКАЯ ОБЛАСТЬ,РАЙОН БИРЖАН САЛ
448377,"Розничная торговля, кроме торговли автомобилями и мотоциклами",false,,1500000,883,,,,,,,5629000,994,,,2,Оптовая и розничная торговля; ремонт автомобилей и мотоциклов,АКМОЛИНСКАЯ ОБЛАСТЬ,РАЙОН БИРЖАН САЛ
448378,Розничная торговля в неспециализированных магазинах,false,,1500000,883,,,,,,,,,,,3,"Розничная торговля, кроме торговли автомобилями и мотоциклами",АКМОЛИНСКАЯ ОБЛАСТЬ,РАЙОН БИРЖАН САЛ
448379,"Розничная торговля в неспециализированных магазинах преимущественно продуктами питания, напитками и табачными изделиями",false,,1500000,883,,,,,,,,,,,4,Розничная торговля в неспециализированных магазинах,АКМОЛИНСКАЯ ОБЛАСТЬ,РАЙОН БИРЖАН САЛ
3647934,"Розничная торговля преимущественно продуктами питания, напитками и табачными изделиями в неспециализированных магазинах, являющихся торговыми объектами, с торговой площадью менее 2000 кв.м ",true,,1500000,883,,,,,,,,,,,5,"Розничная торговля в неспециализированных магазинах преимущественно продуктами питания, напитками и табачными изделиями",АКМОЛИНСКАЯ ОБЛАСТЬ,РАЙОН БИРЖАН САЛ
448399,Розничная торговля топливом в специализированных магазинах,false,,,,,,,,,,5629000,994,,,3,"Розничная торговля, кроме торговли автомобилями и мотоциклами",АКМОЛИНСКАЯ ОБЛАСТЬ,РАЙОН БИРЖАН САЛ
448400,Розничная торговля топливом в специализированных магазинах,false,,,,,,,,,,5629000,994,,,4,Розничная торговля топливом в специализированных магазинах,АКМОЛИНСКАЯ ОБЛАСТЬ,РАЙОН БИРЖАН САЛ
20576124,"Розничная торговля моторным топливом в специализированных магазинах, за исключением находящихся на придорожной полосе",true,,,,,,,,,,5629000,994,,,5,Розничная торговля топливом в специализированных магазинах,АКМОЛИНСКАЯ ОБЛАСТЬ,РАЙОН БИРЖАН САЛ
448475,Транспорт и складирование,false,,10579000,883,472422000,920,5187000,846,2053908000,1031,2497602000,994,2148860000,957,1,Всего,АКМОЛИНСКАЯ ОБЛАСТЬ,РАЙОН БИРЖАН САЛ
448527,Складирование грузов и вспомогательная транспортная деятельность,false,,10579000,883,472422000,920,5187000,846,2053908000,1031,2497602000,994,2148860000,957,2,Транспорт и складирование,АКМОЛИНСКАЯ ОБЛАСТЬ,РАЙОН БИРЖАН САЛ
448528,Складирование и хранение грузов,false,,10579000,883,23860000,920,5187000,846,8187000,1031,1742000,994,3995000,957,3,Складирование грузов и вспомогательная транспортная деятельность,АКМОЛИНСКАЯ ОБЛАСТЬ,РАЙОН БИРЖАН САЛ
448529,Складирование и хранение грузов,false,,10579000,883,23860000,920,5187000,846,8187000,1031,1742000,994,3995000,957,4,Складирование и хранение грузов,АКМОЛИНСКАЯ ОБЛАСТЬ,РАЙОН БИРЖАН САЛ
448530,Складирование и хранение зерна,true,,10579000,883,12979000,920,5187000,846,8187000,1031,1742000,994,195000,957,5,Складирование и хранение грузов,АКМОЛИНСКАЯ ОБЛАСТЬ,РАЙОН БИРЖАН САЛ
448531,"Складирование и хранение непродовольственных товаров, кроме зерна и нефти",true,,,,10881000,920,,,,,,,,,5,Складирование и хранение грузов,АКМОЛИНСКАЯ ОБЛАСТЬ,РАЙОН БИРЖАН САЛ
20576309,Складирование и хранение овощей и фруктов,true,,,,,,,,,,,,3800000,957,5,Складирование и хранение грузов,АКМОЛИНСКАЯ ОБЛАСТЬ,РАЙОН БИРЖАН САЛ
448533,Вспомогательная транспортная деятельность,false,,,,448562000,920,,,2045721000,1031,2495860000,994,2144865000,957,3,Складирование грузов и вспомогательная транспортная деятельность,АКМОЛИНСКАЯ ОБЛАСТЬ,РАЙОН БИРЖАН САЛ
448534,Вспомогательная деятельность сухопутного транспорта,false,,,,448562000,920,,,2045721000,1031,2495860000,994,2144865000,957,4,Вспомогательная транспортная деятельность,АКМОЛИНСКАЯ ОБЛАСТЬ,РАЙОН БИРЖАН САЛ
448535,Эксплуатация железных дорог,true,,,,,,,,,,,,x,957,5,Вспомогательная деятельность сухопутного транспорта,АКМОЛИНСКАЯ ОБЛАСТЬ,РАЙОН БИРЖАН САЛ
448536,Эксплуатация автомобильных дорог,true,,,,448562000,920,,,2045721000,1031,2495860000,994,1544865000,957,5,Вспомогательная деятельность сухопутного транспорта,АКМОЛИНСКАЯ ОБЛАСТЬ,РАЙОН БИРЖАН САЛ
448558,Предоставление услуг по проживанию и питанию,false,,x,883,21841000,920,x,846,,,215511000,994,189727000,957,1,Всего,АКМОЛИНСКАЯ ОБЛАСТЬ,РАЙОН БИРЖАН САЛ
3783427,Предоставление услуг по временному проживанию,false,,,,21841000,920,x,846,,,215511000,994,189727000,957,2,Предоставление услуг по проживанию и питанию,АКМОЛИНСКАЯ ОБЛАСТЬ,РАЙОН БИРЖАН САЛ
3783432,Предоставление жилья на выходные дни и прочие периоды краткосрочного проживания,false,,,,,,x,846,,,215511000,994,185000000,957,3,Предоставление услуг по временному проживанию,АКМОЛИНСКАЯ ОБЛАСТЬ,РАЙОН БИРЖАН САЛ
3783433,Предоставление жилья на выходные дни и прочие периоды краткосрочного проживания,false,,,,,,x,846,,,215511000,994,185000000,957,4,Предоставление жилья на выходные дни и прочие периоды краткосрочного проживания,АКМОЛИНСКАЯ ОБЛАСТЬ,РАЙОН БИРЖАН САЛ
3783434,Предоставление жилья на выходные дни и прочие периоды краткосрочного проживания,true,,,,,,x,846,,,215511000,994,185000000,957,5,Предоставление жилья на выходные дни и прочие периоды краткосрочного проживания,АКМОЛИНСКАЯ ОБЛАСТЬ,РАЙОН БИРЖАН САЛ
3783441,Предоставление услуг прочими местами для проживания,false,,,,21841000,920,,,,,,,4727000,957,3,Предоставление услуг по временному проживанию,АКМОЛИНСКАЯ ОБЛАСТЬ,РАЙОН БИРЖАН САЛ
3783442,Предоставление услуг прочими местами для проживания,false,,,,21841000,920,,,,,,,4727000,957,4,Предоставление услуг прочими местами для проживания,АКМОЛИНСКАЯ ОБЛАСТЬ,РАЙОН БИРЖАН САЛ
20576357,"Предоставление услуг прочими местами для проживания, не включенными в другие категории",true,,,,21841000,920,,,,,,,4727000,957,5,Предоставление услуг прочими местами для проживания,АКМОЛИНСКАЯ ОБЛАСТЬ,РАЙОН БИРЖАН САЛ
448573,Предоставление услуг по обеспечению питанием и напитками,false,,x,883,,,,,,,,,,,2,Предоставление услуг по проживанию и питанию,АКМОЛИНСКАЯ ОБЛАСТЬ,РАЙОН БИРЖАН САЛ
448577,Доставка готовой пищи на заказ и прочая деятельность по обеспечению питанием,false,,x,883,,,,,,,,,,,3,Предоставление услуг по обеспечению питанием и напитками,АКМОЛИНСКАЯ ОБЛАСТЬ,РАЙОН БИРЖАН САЛ
448580,Прочая деятельность по обеспечению питанием,false,,x,883,,,,,,,,,,,4,Доставка готовой пищи на заказ и прочая деятельность по обеспечению питанием,АКМОЛИНСКАЯ ОБЛАСТЬ,РАЙОН БИРЖАН САЛ
18951446,"Прочая деятельность по обеспечению питанием, не включенная в другие группировки",true,,x,883,,,,,,,,,,,5,Прочая деятельность по обеспечению питанием,АКМОЛИНСКАЯ ОБЛАСТЬ,РАЙОН БИРЖАН САЛ
448585,Информация и связь,false,,117986000,883,272794000,920,801000,846,x,1031,1473000,994,67719000,957,1,Всего,АКМОЛИНСКАЯ ОБЛАСТЬ,РАЙОН БИРЖАН САЛ
448623,Телекоммуникации,false,,117986000,883,272794000,920,801000,846,x,1031,1473000,994,67719000,957,2,Информация и связь,АКМОЛИНСКАЯ ОБЛАСТЬ,РАЙОН БИРЖАН САЛ
18696628,Проводная телекоммуникационная связь,false,,12065000,883,105272000,920,405000,846,,,1473000,994,2783000,957,3,Телекоммуникации,АКМОЛИНСКАЯ ОБЛАСТЬ,РАЙОН БИРЖАН САЛ
18696629,Проводная телекоммуникационная связь,false,,12065000,883,105272000,920,405000,846,,,1473000,994,2783000,957,4,Проводная телекоммуникационная связь,АКМОЛИНСКАЯ ОБЛАСТЬ,РАЙОН БИРЖАН САЛ
18946146,Прочая проводная телекоммуникационная связь,true,,12065000,883,105272000,920,405000,846,,,1473000,994,2783000,957,5,Проводная телекоммуникационная связь,АКМОЛИНСКАЯ ОБЛАСТЬ,РАЙОН БИРЖАН САЛ
448627,Беспроводная телекоммуникационная связь,false,,105921000,883,,,,,x,1031,,,64936000,957,3,Телекоммуникации,АКМОЛИНСКАЯ ОБЛАСТЬ,РАЙОН БИРЖАН САЛ
448628,Беспроводная телекоммуникационная связь,false,,105921000,883,,,,,x,1031,,,64936000,957,4,Беспроводная телекоммуникационная связь,АКМОЛИНСКАЯ ОБЛАСТЬ,РАЙОН БИРЖАН САЛ
18946147,Беспроводная телекоммуникационная связь посредством единой транспортной среды,true,,,,,,,,x,1031,,,64936000,957,5,Беспроводная телекоммуникационная связь,АКМОЛИНСКАЯ ОБЛАСТЬ,РАЙОН БИРЖАН САЛ
18946149,Прочая беспроводная телекоммуникационная связь,true,,105921000,883,,,,,,,,,,,5,Беспроводная телекоммуникационная связь,АКМОЛИНСКАЯ ОБЛАСТЬ,РАЙОН БИРЖАН САЛ
448633,Прочая деятельность в области телекоммуникаций,false,,,,x,920,396000,846,,,,,,,3,Телекоммуникации,АКМОЛИНСКАЯ ОБЛАСТЬ,РАЙОН БИРЖАН САЛ
448634,Прочая деятельность в области телекоммуникаций,false,,,,x,920,396000,846,,,,,,,4,Прочая деятельность в области телекоммуникаций,АКМОЛИНСКАЯ ОБЛАСТЬ,РАЙОН БИРЖАН САЛ
18946154,"Прочая деятельность в области телекоммуникаций, не включенная в другие группировки",true,,,,x,920,396000,846,,,,,,,5,Прочая деятельность в области телекоммуникаций,АКМОЛИНСКАЯ ОБЛАСТЬ,РАЙОН БИРЖАН САЛ
448714,Операции с недвижимым имуществом,false,,258152000,883,333804000,920,65496000,846,475625000,1031,549131000,994,220304000,957,1,Всего,АКМОЛИНСКАЯ ОБЛАСТЬ,РАЙОН БИРЖАН САЛ
448715,Операции с недвижимым имуществом,false,,258152000,883,333804000,920,65496000,846,475625000,1031,549131000,994,220304000,957,2,Операции с недвижимым имуществом,АКМОЛИНСКАЯ ОБЛАСТЬ,РАЙОН БИРЖАН САЛ
448716,Покупка и продажа собственного недвижимого имущества ,false,,258152000,883,333804000,920,65496000,846,475625000,1031,549131000,994,220304000,957,3,Операции с недвижимым имуществом,АКМОЛИНСКАЯ ОБЛАСТЬ,РАЙОН БИРЖАН САЛ
448717,Покупка и продажа собственного недвижимого имущества ,false,,258152000,883,333804000,920,65496000,846,475625000,1031,549131000,994,220304000,957,4,Покупка и продажа собственного недвижимого имущества ,АКМОЛИНСКАЯ ОБЛАСТЬ,РАЙОН БИРЖАН САЛ
543091,Покупка и продажа многоквартирных и жилых домов (особняков),true,,258152000,883,333804000,920,65496000,846,475625000,1031,549131000,994,220304000,957,5,Покупка и продажа собственного недвижимого имущества ,АКМОЛИНСКАЯ ОБЛАСТЬ,РАЙОН БИРЖАН САЛ
448728,"Профессиональная, научная и техническая деятельность",false,,,,,,,,x,1031,,,,,1,Всего,АКМОЛИНСКАЯ ОБЛАСТЬ,РАЙОН БИРЖАН САЛ
448747,"Деятельность в области архитектуры, инженерных изысканий, технических испытаний и анализа",false,,,,,,,,x,1031,,,,,2,"Профессиональная, научная и техническая деятельность",АКМОЛИНСКАЯ ОБЛАСТЬ,РАЙОН БИРЖАН САЛ
448748,"Деятельность в области архитектуры, инженерных изысканий и предоставление технических консультаций в этих областях",false,,,,,,,,x,1031,,,,,3,"Деятельность в области архитектуры, инженерных изысканий, технических испытаний и анализа",АКМОЛИНСКАЯ ОБЛАСТЬ,РАЙОН БИРЖАН САЛ
448749,Деятельность в области архитектуры,false,,,,,,,,x,1031,,,,,4,"Деятельность в области архитектуры, инженерных изысканий и предоставление технических консультаций в этих областях",АКМОЛИНСКАЯ ОБЛАСТЬ,РАЙОН БИРЖАН САЛ
18951462,"Деятельность в области архитектуры, за исключением объектов атомной промышленности и атомной энергетики  ",true,,,,,,,,x,1031,,,,,5,Деятельность в области архитектуры,АКМОЛИНСКАЯ ОБЛАСТЬ,РАЙОН БИРЖАН САЛ
448797,Деятельность в области административного и вспомогательного обслуживания,false,,122934000,883,171952000,920,,,,,36288000,994,,,1,Всего,АКМОЛИНСКАЯ ОБЛАСТЬ,РАЙОН БИРЖАН САЛ
448856,Деятельность по обслуживанию зданий и благоустройству территорий,false,,122934000,883,171952000,920,,,,,36288000,994,,,2,Деятельность в области административного и вспомогательного обслуживания,АКМОЛИНСКАЯ ОБЛАСТЬ,РАЙОН БИРЖАН САЛ
448867,Деятельность по благоустройству территорий,false,,122934000,883,171952000,920,,,,,36288000,994,,,3,Деятельность по обслуживанию зданий и благоустройству территорий,АКМОЛИНСКАЯ ОБЛАСТЬ,РАЙОН БИРЖАН САЛ
448868,Деятельность по благоустройству территорий,false,,122934000,883,171952000,920,,,,,36288000,994,,,4,Деятельность по благоустройству территорий,АКМОЛИНСКАЯ ОБЛАСТЬ,РАЙОН БИРЖАН САЛ
448869,Деятельность по благоустройству территорий,true,,122934000,883,171952000,920,,,,,36288000,994,,,5,Деятельность по благоустройству территорий,АКМОЛИНСКАЯ ОБЛАСТЬ,РАЙОН БИРЖАН САЛ
448918,Образование,false,,8914000,883,231705000,920,,,656070000,1031,310989000,994,232768000,957,1,Всего,АКМОЛИНСКАЯ ОБЛАСТЬ,РАЙОН БИРЖАН САЛ
448919,Образование,false,,8914000,883,231705000,920,,,656070000,1031,310989000,994,232768000,957,2,Образование,АКМОЛИНСКАЯ ОБЛАСТЬ,РАЙОН БИРЖАН САЛ
448920,Дошкольное образование,false,,414000,883,,,,,,,,,,,3,Образование,АКМОЛИНСКАЯ ОБЛАСТЬ,РАЙОН БИРЖАН САЛ
448921,Дошкольное образование,false,,414000,883,,,,,,,,,,,4,Дошкольное образование,АКМОЛИНСКАЯ ОБЛАСТЬ,РАЙОН БИРЖАН САЛ
448922,Дошкольное образование,true,,414000,883,,,,,,,,,,,5,Дошкольное образование,АКМОЛИНСКАЯ ОБЛАСТЬ,РАЙОН БИРЖАН САЛ
448926,Среднее образование (2-й и 3-й уровни),false,,8500000,883,231705000,920,,,656070000,1031,310989000,994,232768000,957,3,Образование,АКМОЛИНСКАЯ ОБЛАСТЬ,РАЙОН БИРЖАН САЛ
448927,Основное и общее среднее образование,false,,8500000,883,231705000,920,,,656070000,1031,310989000,994,232768000,957,4,Среднее образование (2-й и 3-й уровни),АКМОЛИНСКАЯ ОБЛАСТЬ,РАЙОН БИРЖАН САЛ
448928,Основное и общее среднее образование,true,,8500000,883,231705000,920,,,656070000,1031,310989000,994,232768000,957,5,Основное и общее среднее образование,АКМОЛИНСКАЯ ОБЛАСТЬ,РАЙОН БИРЖАН САЛ
448950,Здравоохранение и социальное обслуживание населения,false,,,,2663000,920,x,846,4031475000,1031,631235000,994,25707000,957,1,Всего,АКМОЛИНСКАЯ ОБЛАСТЬ,РАЙОН БИРЖАН САЛ
448951,Деятельность в области здравоохранения,false,,,,2663000,920,x,846,4031475000,1031,572015000,994,25707000,957,2,Здравоохранение и социальное обслуживание населения,АКМОЛИНСКАЯ ОБЛАСТЬ,РАЙОН БИРЖАН САЛ
448952,Деятельность больничных организаций,false,,,,2663000,920,x,846,3829178000,1031,571820000,994,25707000,957,3,Деятельность в области здравоохранения,АКМОЛИНСКАЯ ОБЛАСТЬ,РАЙОН БИРЖАН САЛ
448953,Деятельность больничных организаций,false,,,,2663000,920,x,846,3829178000,1031,571820000,994,25707000,957,4,Деятельность больничных организаций,АКМОЛИНСКАЯ ОБЛАСТЬ,РАЙОН БИРЖАН САЛ
448954,Деятельность больниц широкого профиля и специализированных больниц,true,,,,2663000,920,x,846,3829178000,1031,571820000,994,25707000,957,5,Деятельность больничных организаций,АКМОЛИНСКАЯ ОБЛАСТЬ,РАЙОН БИРЖАН САЛ
448959,Деятельность в области врачебной практики и стоматологии,false,,,,,,,,202297000,1031,195000,994,,,3,Деятельность в области здравоохранения,АКМОЛИНСКАЯ ОБЛАСТЬ,РАЙОН БИРЖАН САЛ
448960,Общая врачебная практика,false,,,,,,,,202297000,1031,195000,994,,,4,Деятельность в области врачебной практики и стоматологии,АКМОЛИНСКАЯ ОБЛАСТЬ,РАЙОН БИРЖАН САЛ
448961,Общая врачебная практика,true,,,,,,,,202297000,1031,195000,994,,,5,Общая врачебная практика,АКМОЛИНСКАЯ ОБЛАСТЬ,РАЙОН БИРЖАН САЛ
448969,Предоставление социальных услуг с обеспечением проживания,false,,,,,,,,,,59220000,994,,,2,Здравоохранение и социальное обслуживание населения,АКМОЛИНСКАЯ ОБЛАСТЬ,РАЙОН БИРЖАН САЛ
448976,Предоставление социальных услуг пожилым гражданам и инвалидам с обеспечением проживания,false,,,,,,,,,,59220000,994,,,3,Предоставление социальных услуг с обеспечением проживания,АКМОЛИНСКАЯ ОБЛАСТЬ,РАЙОН БИРЖАН САЛ
448977,Предоставление социальных услуг пожилым гражданам и инвалидам с обеспечением проживания,false,,,,,,,,,,59220000,994,,,4,Предоставление социальных услуг пожилым гражданам и инвалидам с обеспечением проживания,АКМОЛИНСКАЯ ОБЛАСТЬ,РАЙОН БИРЖАН САЛ
448978,Предоставление социальных услуг пожилым гражданам и инвалидам с обеспечением проживания,true,,,,,,,,,,59220000,994,,,5,Предоставление социальных услуг пожилым гражданам и инвалидам с обеспечением проживания,АКМОЛИНСКАЯ ОБЛАСТЬ,РАЙОН БИРЖАН САЛ
448991,"Искусство, развлечения и отдых",false,,326287000,883,91343000,920,120000000,846,,,11584000,994,95443000,957,1,Всего,АКМОЛИНСКАЯ ОБЛАСТЬ,РАЙОН БИРЖАН САЛ
449022,"Деятельность в области спорта, организации отдыха и развлечений",false,,326287000,883,91343000,920,120000000,846,,,11584000,994,95443000,957,2,"Искусство, развлечения и отдых",АКМОЛИНСКАЯ ОБЛАСТЬ,РАЙОН БИРЖАН САЛ
449023,Деятельность в области спорта,false,,326287000,883,91343000,920,120000000,846,,,11584000,994,49699000,957,3,"Деятельность в области спорта, организации отдыха и развлечений",АКМОЛИНСКАЯ ОБЛАСТЬ,РАЙОН БИРЖАН САЛ
449024,Эксплуатация спортивных сооружений,false,,326287000,883,91343000,920,120000000,846,,,11584000,994,49699000,957,4,Деятельность в области спорта,АКМОЛИНСКАЯ ОБЛАСТЬ,РАЙОН БИРЖАН САЛ
449025,Эксплуатация спортивных сооружений,true,,326287000,883,91343000,920,120000000,846,,,11584000,994,49699000,957,5,Эксплуатация спортивных сооружений,АКМОЛИНСКАЯ ОБЛАСТЬ,РАЙОН БИРЖАН САЛ
449032,Деятельность по организации отдыха и развлечений,false,,,,,,,,,,,,x,957,3,"Деятельность в области спорта, организации отдыха и развлечений",АКМОЛИНСКАЯ ОБЛАСТЬ,РАЙОН БИРЖАН САЛ
449035,Прочая деятельность по организации отдыха и развлечений,false,,,,,,,,,,,,x,957,4,Деятельность по организации отдыха и развлечений,АКМОЛИНСКАЯ ОБЛАСТЬ,РАЙОН БИРЖАН САЛ
449039,Прочие виды деятельности по организации отдыха и развлечений,true,,,,,,,,,,,,x,957,5,Прочая деятельность по организации отдыха и развлечений,АКМОЛИНСКАЯ ОБЛАСТЬ,РАЙОН БИРЖАН САЛ
449040,Предоставление прочих видов услуг,false,,,,,,,,,,x,994,,,1,Всего,АКМОЛИНСКАЯ ОБЛАСТЬ,РАЙОН БИРЖАН САЛ
449084,Предоставление прочих индивидуальных услуг,false,,,,,,,,,,x,994,,,2,Предоставление прочих видов услуг,АКМОЛИНСКАЯ ОБЛАСТЬ,РАЙОН БИРЖАН САЛ
449085,Предоставление прочих индивидуальных услуг,false,,,,,,,,,,x,994,,,3,Предоставление прочих индивидуальных услуг,АКМОЛИНСКАЯ ОБЛАСТЬ,РАЙОН БИРЖАН САЛ
449093,Деятельность по обеспечению физического комфорта,false,,,,,,,,,,x,994,,,4,Предоставление прочих индивидуальных услуг,АКМОЛИНСКАЯ ОБЛАСТЬ,РАЙОН БИРЖАН САЛ
449094,Деятельность по обеспечению физического комфорта,true,,,,,,,,,,x,994,,,5,Деятельность по обеспечению физического комфорта,АКМОЛИНСКАЯ ОБЛАСТЬ,РАЙОН БИРЖАН САЛ
741340,Промышленность,false,,2334417000,883,4146470000,920,2200873000,846,8307150000,1031,10347721000,994,3460920000,957,1,Всего,АКМОЛИНСКАЯ ОБЛАСТЬ,РАЙОН БИРЖАН САЛ
447279,Горнодобывающая промышленность и разработка карьеров,false,,781778000,883,2062708000,920,1063577000,846,7693814000,1031,8739890000,994,2543675000,957,2,Промышленность,АКМОЛИНСКАЯ ОБЛАСТЬ,РАЙОН БИРЖАН САЛ
447298,Добыча металлических руд,false,,781778000,883,1823808000,920,686245000,846,7693814000,1031,8042029000,994,2520975000,957,3,Горнодобывающая промышленность и разработка карьеров,АКМОЛИНСКАЯ ОБЛАСТЬ,РАЙОН БИРЖАН САЛ
447299,Добыча железных руд,false,,x,883,x,920,181780000,846,2018662000,1031,1276305000,994,1629215000,957,4,Добыча металлических руд,АКМОЛИНСКАЯ ОБЛАСТЬ,РАЙОН БИРЖАН САЛ
447300,Добыча железных руд,false,,x,883,x,920,181780000,846,2018662000,1031,1276305000,994,1629215000,957,5,Добыча железных руд,АКМОЛИНСКАЯ ОБЛАСТЬ,РАЙОН БИРЖАН САЛ
447303,"Добыча руд, кроме железных ",false,,76730000,883,506912000,920,x,846,5675152000,1031,6765724000,994,891760000,957,4,Добыча металлических руд,АКМОЛИНСКАЯ ОБЛАСТЬ,РАЙОН БИРЖАН САЛ
447304,Добыча урановой и ториевой руд,false,,76730000,883,506198000,920,x,846,5675152000,1031,6765724000,994,891760000,957,5,"Добыча руд, кроме железных ",АКМОЛИНСКАЯ ОБЛАСТЬ,РАЙОН БИРЖАН САЛ
447306,Добыча прочих металлических руд,false,,,,x,920,,,,,,,,,5,"Добыча руд, кроме железных ",АКМОЛИНСКАЯ ОБЛАСТЬ,РАЙОН БИРЖАН САЛ
447316,Добыча прочих полезных ископаемых,false,,,,,,10647000,846,,,,,,,3,Горнодобывающая промышленность и разработка карьеров,АКМОЛИНСКАЯ ОБЛАСТЬ,РАЙОН БИРЖАН САЛ
447325,"Добыча полезных ископаемых, не включенных в другие группировки",false,,,,,,10647000,846,,,,,,,4,Добыча прочих полезных ископаемых,АКМОЛИНСКАЯ ОБЛАСТЬ,РАЙОН БИРЖАН САЛ
447326,Добыча минерального сырья для химической промышленности и производства удобрений,false,,,,,,10647000,846,,,,,,,5,"Добыча полезных ископаемых, не включенных в другие группировки",АКМОЛИНСКАЯ ОБЛАСТЬ,РАЙОН БИРЖАН САЛ
447339,Предоставление услуг в горнодобывающей промышленности,false,,,,238900000,920,x,846,,,697861000,994,22700000,957,3,Горнодобывающая промышленность и разработка карьеров,АКМОЛИНСКАЯ ОБЛАСТЬ,РАЙОН БИРЖАН САЛ
447343,"Предоставление услуг, способствующих добыче других полезных ископаемых",false,,,,238900000,920,x,846,,,697861000,994,22700000,957,4,Предоставление услуг в горнодобывающей промышленности,АКМОЛИНСКАЯ ОБЛАСТЬ,РАЙОН БИРЖАН САЛ
447344,"Предоставление услуг, способствующих добыче других полезных ископаемых",false,,,,238900000,920,x,846,,,697861000,994,22700000,957,5,"Предоставление услуг, способствующих добыче других полезных ископаемых",АКМОЛИНСКАЯ ОБЛАСТЬ,РАЙОН БИРЖАН САЛ
447346,Обрабатывающая промышленность,false,,x,883,x,920,x,846,451000,1031,915291000,994,x,957,2,Промышленность,АКМОЛИНСКАЯ ОБЛАСТЬ,РАЙОН БИРЖАН САЛ
447347,Производство продуктов питания,false,,,,,,,,451000,1031,,,,,3,Обрабатывающая промышленность,АКМОЛИНСКАЯ ОБЛАСТЬ,РАЙОН БИРЖАН САЛ
447384,"Производство  хлебобулочных, макаронных и мучных кондитерских изделий",false,,,,,,,,451000,1031,,,,,4,Производство продуктов питания,АКМОЛИНСКАЯ ОБЛАСТЬ,РАЙОН БИРЖАН САЛ
447385,Производство хлебобулочных и мучных кондитерских изделий недлительного хранения,false,,,,,,,,451000,1031,,,,,5,"Производство  хлебобулочных, макаронных и мучных кондитерских изделий",АКМОЛИНСКАЯ ОБЛАСТЬ,РАЙОН БИРЖАН САЛ
447646,Производство прочей не металлической минеральной продукции,false,,x,883,x,920,x,846,,,915291000,994,x,957,3,Обрабатывающая промышленность,АКМОЛИНСКАЯ ОБЛАСТЬ,РАЙОН БИРЖАН САЛ
447681,"Производство цемента, извести и строительного гипса",false,,x,883,x,920,x,846,,,915291000,994,x,957,4,Производство прочей не металлической минеральной продукции,АКМОЛИНСКАЯ ОБЛАСТЬ,РАЙОН БИРЖАН САЛ
447682,Производство цемента,false,,x,883,x,920,x,846,,,915291000,994,x,957,5,"Производство цемента, извести и строительного гипса",АКМОЛИНСКАЯ ОБЛАСТЬ,РАЙОН БИРЖАН САЛ
448090,"Снабжение электроэнергией, газом, паром, горячей водой и кондиционированным воздухом",false,,58051000,883,1606319000,920,41357000,846,294029000,1031,320353000,994,207700000,957,2,Промышленность,АКМОЛИНСКАЯ ОБЛАСТЬ,РАЙОН БИРЖАН САЛ
448091,"Снабжение электроэнергией, газом, паром, горячей водой и кондиционированным воздухом",false,,58051000,883,1606319000,920,41357000,846,294029000,1031,320353000,994,207700000,957,3,"Снабжение электроэнергией, газом, паром, горячей водой и кондиционированным воздухом",АКМОЛИНСКАЯ ОБЛАСТЬ,РАЙОН БИРЖАН САЛ
448092,"Производство, передача и распределение электроэнергии",false,,x,883,1198650000,920,39571000,846,294029000,1031,60116000,994,121965000,957,4,"Снабжение электроэнергией, газом, паром, горячей водой и кондиционированным воздухом",АКМОЛИНСКАЯ ОБЛАСТЬ,РАЙОН БИРЖАН САЛ
448093,Производство электроэнергии,false,,,,1156977000,920,x,846,,,,,,,5,"Производство, передача и распределение электроэнергии",АКМОЛИНСКАЯ ОБЛАСТЬ,РАЙОН БИРЖАН САЛ
448098,Передача электроэнергии,false,,,,,,,,,,,,20060000,957,5,"Производство, передача и распределение электроэнергии",АКМОЛИНСКАЯ ОБЛАСТЬ,РАЙОН БИРЖАН САЛ
448100,Распределение электроэнергии,false,,x,883,x,920,x,846,294029000,1031,60116000,994,101905000,957,5,"Производство, передача и распределение электроэнергии",АКМОЛИНСКАЯ ОБЛАСТЬ,РАЙОН БИРЖАН САЛ
448111,"Снабжение паром, горячей водой и кондиционированным воздухом",false,,20540000,883,407669000,920,1786000,846,,,260237000,994,85735000,957,4,"Снабжение электроэнергией, газом, паром, горячей водой и кондиционированным воздухом",АКМОЛИНСКАЯ ОБЛАСТЬ,РАЙОН БИРЖАН САЛ
448112,"Снабжение паром, горячей водой и кондиционированным воздухом",false,,20540000,883,407669000,920,1786000,846,,,260237000,994,85735000,957,5,"Снабжение паром, горячей водой и кондиционированным воздухом",АКМОЛИНСКАЯ ОБЛАСТЬ,РАЙОН БИРЖАН САЛ
448117,"Водоснабжение; сбор, обработка и удаление отходов, деятельность по ликвидации загрязнений",false,,584588000,883,196553000,920,3987000,846,318856000,1031,372187000,994,650195000,957,2,Промышленность,АКМОЛИНСКАЯ ОБЛАСТЬ,РАЙОН БИРЖАН САЛ
448118,"Сбор, обработка и распределение воды",false,,526324000,883,169177000,920,,,244484000,1031,372187000,994,650195000,957,3,"Водоснабжение; сбор, обработка и удаление отходов, деятельность по ликвидации загрязнений",АКМОЛИНСКАЯ ОБЛАСТЬ,РАЙОН БИРЖАН САЛ
448119,"Сбор, обработка и распределение воды",false,,526324000,883,169177000,920,,,244484000,1031,372187000,994,650195000,957,4,"Сбор, обработка и распределение воды",АКМОЛИНСКАЯ ОБЛАСТЬ,РАЙОН БИРЖАН САЛ
448120,"Сбор, обработка и распределение воды",false,,526324000,883,169177000,920,,,244484000,1031,372187000,994,650195000,957,5,"Сбор, обработка и распределение воды",АКМОЛИНСКАЯ ОБЛАСТЬ,РАЙОН БИРЖАН САЛ
448122,Сбор и обработка сточных вод,false,,20891000,883,,,3987000,846,74372000,1031,,,,,3,"Водоснабжение; сбор, обработка и удаление отходов, деятельность по ликвидации загрязнений",АКМОЛИНСКАЯ ОБЛАСТЬ,РАЙОН БИРЖАН САЛ
448123,Сбор и обработка сточных вод,false,,20891000,883,,,3987000,846,74372000,1031,,,,,4,Сбор и обработка сточных вод,АКМОЛИНСКАЯ ОБЛАСТЬ,РАЙОН БИРЖАН САЛ
448124,Сбор и обработка сточных вод,false,,20891000,883,,,3987000,846,74372000,1031,,,,,5,Сбор и обработка сточных вод,АКМОЛИНСКАЯ ОБЛАСТЬ,РАЙОН БИРЖАН САЛ
448126,"Сбор, обработка и удаление отходов; утилизация (восстановление) материалов",false,,37373000,883,27376000,920,,,,,,,,,3,"Водоснабжение; сбор, обработка и удаление отходов, деятельность по ликвидации загрязнений",АКМОЛИНСКАЯ ОБЛАСТЬ,РАЙОН БИРЖАН САЛ
448132,Обработка и удаление отходов,false,,37373000,883,27376000,920,,,,,,,,,4,"Сбор, обработка и удаление отходов; утилизация (восстановление) материалов",АКМОЛИНСКАЯ ОБЛАСТЬ,РАЙОН БИРЖАН САЛ
448135,Обработка и удаление опасных отходов,false,,37373000,883,27376000,920,,,,,,,,,5,Обработка и удаление отходов,АКМОЛИНСКАЯ ОБЛАСТЬ,РАЙОН БИРЖАН САЛ
741885,Всего,false,,9214141000,883,10153179000,920,6439916000,846,14412343000,1031,16973924000,994,14021793000,957,0,,АКМОЛИНСКАЯ ОБЛАСТЬ,ЕРЕЙМЕНТАУСКИЙ РАЙОН
447173,"Сельское, лесное и рыбное хозяйство",false,,1970847000,883,2564900000,920,3050929000,846,928992000,1031,1564065000,994,2401726000,957,1,Всего,АКМОЛИНСКАЯ ОБЛАСТЬ,ЕРЕЙМЕНТАУСКИЙ РАЙОН
447174,"Растениеводство и животноводство, охота и предоставление услуг в этих областях",false,,1970847000,883,2564900000,920,3050929000,846,928992000,1031,1564065000,994,2401726000,957,2,"Сельское, лесное и рыбное хозяйство",АКМОЛИНСКАЯ ОБЛАСТЬ,ЕРЕЙМЕНТАУСКИЙ РАЙОН
447175,Выращивание одно- или двухлетних культур,false,,1377070000,883,1390836000,920,371262000,846,508168000,1031,1187864000,994,1826365000,957,3,"Растениеводство и животноводство, охота и предоставление услуг в этих областях",АКМОЛИНСКАЯ ОБЛАСТЬ,ЕРЕЙМЕНТАУСКИЙ РАЙОН
447176,"Выращивание зерновых (кроме риса), бобовых и масличных культур",false,,1319252000,883,1370176000,920,371262000,846,508168000,1031,1125477000,994,1826365000,957,4,Выращивание одно- или двухлетних культур,АКМОЛИНСКАЯ ОБЛАСТЬ,ЕРЕЙМЕНТАУСКИЙ РАЙОН
3783380,"Выращивание зерновых и зернобобовых культур, включая семеноводство",true,,1319252000,883,1370176000,920,371262000,846,508168000,1031,1125477000,994,1826365000,957,5,"Выращивание зерновых (кроме риса), бобовых и масличных культур",АКМОЛИНСКАЯ ОБЛАСТЬ,ЕРЕЙМЕНТАУСКИЙ РАЙОН
447181,"Выращивание овощей, бахчевых, корнеплодов и клубнеплодов",false,,2286000,883,,,,,,,,,,,4,Выращивание одно- или двухлетних культур,АКМОЛИНСКАЯ ОБЛАСТЬ,ЕРЕЙМЕНТАУСКИЙ РАЙОН
447183,"Выращивание овощей, их семян и рассады",true,,2286000,883,,,,,,,,,,,5,"Выращивание овощей, бахчевых, корнеплодов и клубнеплодов",АКМОЛИНСКАЯ ОБЛАСТЬ,ЕРЕЙМЕНТАУСКИЙ РАЙОН
447192,Выращивание прочих одно- или двухлетних культур,false,,55532000,883,20660000,920,,,,,x,994,,,4,Выращивание одно- или двухлетних культур,АКМОЛИНСКАЯ ОБЛАСТЬ,ЕРЕЙМЕНТАУСКИЙ РАЙОН
447193,Выращивание кормовых культур и их семян,true,,55532000,883,20660000,920,,,,,x,994,,,5,Выращивание прочих одно- или двухлетних культур,АКМОЛИНСКАЯ ОБЛАСТЬ,ЕРЕЙМЕНТАУСКИЙ РАЙОН
447218,Животноводство,false,,569685000,883,817649000,920,2334028000,846,342855000,1031,180701000,994,414117000,957,3,"Растениеводство и животноводство, охота и предоставление услуг в этих областях",АКМОЛИНСКАЯ ОБЛАСТЬ,ЕРЕЙМЕНТАУСКИЙ РАЙОН
447219,Разведение крупного рогатого скота молочного направления,false,,143673000,883,180920000,920,x,846,75708000,1031,5192000,994,58928000,957,4,Животноводство,АКМОЛИНСКАЯ ОБЛАСТЬ,ЕРЕЙМЕНТАУСКИЙ РАЙОН
447220,Разведение крупного рогатого скота молочного направления,true,,143673000,883,180920000,920,x,846,75708000,1031,5192000,994,58928000,957,5,Разведение крупного рогатого скота молочного направления,АКМОЛИНСКАЯ ОБЛАСТЬ,ЕРЕЙМЕНТАУСКИЙ РАЙОН
447221,Разведение прочего крупного рогатого скота и буйволов,false,,403973000,883,579729000,920,2256972000,846,72877000,1031,67976000,994,182077000,957,4,Животноводство,АКМОЛИНСКАЯ ОБЛАСТЬ,ЕРЕЙМЕНТАУСКИЙ РАЙОН
447222,Разведение прочего крупного рогатого скота и буйволов,true,,403973000,883,579729000,920,2256972000,846,72877000,1031,67976000,994,182077000,957,5,Разведение прочего крупного рогатого скота и буйволов,АКМОЛИНСКАЯ ОБЛАСТЬ,ЕРЕЙМЕНТАУСКИЙ РАЙОН
447223,Разведение лошадей и прочих животных семейства лошадиных,false,,19754000,883,57000000,920,9060000,846,174710000,1031,42763000,994,101454000,957,4,Животноводство,АКМОЛИНСКАЯ ОБЛАСТЬ,ЕРЕЙМЕНТАУСКИЙ РАЙОН
447224,Разведение лошадей,true,,19754000,883,57000000,920,9060000,846,174710000,1031,42763000,994,101454000,957,5,Разведение лошадей и прочих животных семейства лошадиных,АКМОЛИНСКАЯ ОБЛАСТЬ,ЕРЕЙМЕНТАУСКИЙ РАЙОН
447228,Разведение овец и коз,false,,,,,,x,846,,,,,,,4,Животноводство,АКМОЛИНСКАЯ ОБЛАСТЬ,ЕРЕЙМЕНТАУСКИЙ РАЙОН
447229,Разведение овец и коз,true,,,,,,x,846,,,,,,,5,Разведение овец и коз,АКМОЛИНСКАЯ ОБЛАСТЬ,ЕРЕЙМЕНТАУСКИЙ РАЙОН
447237,Разведение прочих видов животных,false,,2285000,883,,,,,19560000,1031,64770000,994,71658000,957,4,Животноводство,АКМОЛИНСКАЯ ОБЛАСТЬ,ЕРЕЙМЕНТАУСКИЙ РАЙОН
447238,Разведение прочих видов животных,true,,2285000,883,,,,,19560000,1031,64770000,994,71658000,957,5,Разведение прочих видов животных,АКМОЛИНСКАЯ ОБЛАСТЬ,ЕРЕЙМЕНТАУСКИЙ РАЙОН
447239,Смешанное сельское хозяйство,false,,16133000,883,356415000,920,345639000,846,62979000,1031,x,994,161244000,957,3,"Растениеводство и животноводство, охота и предоставление услуг в этих областях",АКМОЛИНСКАЯ ОБЛАСТЬ,ЕРЕЙМЕНТАУСКИЙ РАЙОН
447240,Смешанное сельское хозяйство,false,,16133000,883,356415000,920,345639000,846,62979000,1031,x,994,161244000,957,4,Смешанное сельское хозяйство,АКМОЛИНСКАЯ ОБЛАСТЬ,ЕРЕЙМЕНТАУСКИЙ РАЙОН
447241,Смешанное сельское хозяйство,true,,16133000,883,356415000,920,345639000,846,62979000,1031,x,994,161244000,957,5,Смешанное сельское хозяйство,АКМОЛИНСКАЯ ОБЛАСТЬ,ЕРЕЙМЕНТАУСКИЙ РАЙОН
18683346,"Деятельность, способствующая выращиванию сельскохозяйственных культур и разведению животных и деятельность по обработке урожая",false,,x,883,,,,,14990000,1031,10500000,994,,,3,"Растениеводство и животноводство, охота и предоставление услуг в этих областях",АКМОЛИНСКАЯ ОБЛАСТЬ,ЕРЕЙМЕНТАУСКИЙ РАЙОН
18683350,"Деятельность, способствующая животноводству",false,,,,,,,,14990000,1031,10500000,994,,,4,"Деятельность, способствующая выращиванию сельскохозяйственных культур и разведению животных и деятельность по обработке урожая",АКМОЛИНСКАЯ ОБЛАСТЬ,ЕРЕЙМЕНТАУСКИЙ РАЙОН
18683351,"Деятельность, способствующая животноводству",true,,,,,,,,14990000,1031,10500000,994,,,5,"Деятельность, способствующая животноводству",АКМОЛИНСКАЯ ОБЛАСТЬ,ЕРЕЙМЕНТАУСКИЙ РАЙОН
18683352,Деятельность по обработке урожая,false,,x,883,,,,,,,,,,,4,"Деятельность, способствующая выращиванию сельскохозяйственных культур и разведению животных и деятельность по обработке урожая",АКМОЛИНСКАЯ ОБЛАСТЬ,ЕРЕЙМЕНТАУСКИЙ РАЙОН
18683353,Деятельность по обработке урожая,true,,x,883,,,,,,,,,,,5,Деятельность по обработке урожая,АКМОЛИНСКАЯ ОБЛАСТЬ,ЕРЕЙМЕНТАУСКИЙ РАЙОН
448148,Строительство,false,,x,883,x,920,,,x,1031,,,x,957,1,Всего,АКМОЛИНСКАЯ ОБЛАСТЬ,ЕРЕЙМЕНТАУСКИЙ РАЙОН
448157,Гражданское строительство,false,,,,x,920,,,x,1031,,,x,957,2,Строительство,АКМОЛИНСКАЯ ОБЛАСТЬ,ЕРЕЙМЕНТАУСКИЙ РАЙОН
448158,Строительство автомобильных и железных дорог,false,,,,,,,,x,1031,,,,,3,Гражданское строительство,АКМОЛИНСКАЯ ОБЛАСТЬ,ЕРЕЙМЕНТАУСКИЙ РАЙОН
18696143,Строительство автомобильных дорог,false,,,,,,,,x,1031,,,,,4,Строительство автомобильных и железных дорог,АКМОЛИНСКАЯ ОБЛАСТЬ,ЕРЕЙМЕНТАУСКИЙ РАЙОН
18946136,Строительство дорог и автомагистралей,true,,,,,,,,x,1031,,,,,5,Строительство автомобильных дорог,АКМОЛИНСКАЯ ОБЛАСТЬ,ЕРЕЙМЕНТАУСКИЙ РАЙОН
448165,Строительство распределительных инженерных сооружений,false,,,,x,920,,,,,,,x,957,3,Гражданское строительство,АКМОЛИНСКАЯ ОБЛАСТЬ,ЕРЕЙМЕНТАУСКИЙ РАЙОН
448170,Строительство линий электропередач и телекоммуникаций ,false,,,,x,920,,,,,,,x,957,4,Строительство распределительных инженерных сооружений,АКМОЛИНСКАЯ ОБЛАСТЬ,ЕРЕЙМЕНТАУСКИЙ РАЙОН
448171,Строительство линий электропередач и телекоммуникаций ,true,,,,x,920,,,,,,,x,957,5,Строительство линий электропередач и телекоммуникаций ,АКМОЛИНСКАЯ ОБЛАСТЬ,ЕРЕЙМЕНТАУСКИЙ РАЙОН
448177,Специализированные строительные работы,false,,x,883,,,,,,,,,,,2,Строительство,АКМОЛИНСКАЯ ОБЛАСТЬ,ЕРЕЙМЕНТАУСКИЙ РАЙОН
448207,Прочие специализированные строительные работы,false,,x,883,,,,,,,,,,,3,Специализированные строительные работы,АКМОЛИНСКАЯ ОБЛАСТЬ,ЕРЕЙМЕНТАУСКИЙ РАЙОН
448210,"Прочие специализированные строительные работы, не включенные в другие группировки",false,,x,883,,,,,,,,,,,4,Прочие специализированные строительные работы,АКМОЛИНСКАЯ ОБЛАСТЬ,ЕРЕЙМЕНТАУСКИЙ РАЙОН
448214,"Прочие строительные работы, требующие специальной квалификации",true,,x,883,,,,,,,,,,,5,"Прочие специализированные строительные работы, не включенные в другие группировки",АКМОЛИНСКАЯ ОБЛАСТЬ,ЕРЕЙМЕНТАУСКИЙ РАЙОН
448215,Оптовая и розничная торговля; ремонт автомобилей и мотоциклов,false,,148818000,883,47762000,920,,,110901000,1031,30624000,994,39409000,957,1,Всего,АКМОЛИНСКАЯ ОБЛАСТЬ,ЕРЕЙМЕНТАУСКИЙ РАЙОН
448216,Оптовая и розничная торговля автомобилями и мотоциклами и их ремонт,false,,,,33592000,920,,,108559000,1031,,,,,2,Оптовая и розничная торговля; ремонт автомобилей и мотоциклов,АКМОЛИНСКАЯ ОБЛАСТЬ,ЕРЕЙМЕНТАУСКИЙ РАЙОН
448224,Техническое обслуживание и ремонт автомобилей,false,,,,33592000,920,,,108559000,1031,,,,,3,Оптовая и розничная торговля автомобилями и мотоциклами и их ремонт,АКМОЛИНСКАЯ ОБЛАСТЬ,ЕРЕЙМЕНТАУСКИЙ РАЙОН
448225,Техническое обслуживание и ремонт автомобилей,false,,,,33592000,920,,,108559000,1031,,,,,4,Техническое обслуживание и ремонт автомобилей,АКМОЛИНСКАЯ ОБЛАСТЬ,ЕРЕЙМЕНТАУСКИЙ РАЙОН
20575904,"Техническое обслуживание и ремонт автомобилей, за исключением произведенных станциями технического обслуживания, находящимися на придорожной полосе",true,,,,33592000,920,,,108559000,1031,,,,,5,Техническое обслуживание и ремонт автомобилей,АКМОЛИНСКАЯ ОБЛАСТЬ,ЕРЕЙМЕНТАУСКИЙ РАЙОН
448237,"Оптовая торговля, за исключением торговли автомобилями и мотоциклами",false,,x,883,,,,,,,,,,,2,Оптовая и розничная торговля; ремонт автомобилей и мотоциклов,АКМОЛИНСКАЯ ОБЛАСТЬ,ЕРЕЙМЕНТАУСКИЙ РАЙОН
448331,Прочая специализированная оптовая торговля ,false,,x,883,,,,,,,,,,,3,"Оптовая торговля, за исключением торговли автомобилями и мотоциклами",АКМОЛИНСКАЯ ОБЛАСТЬ,ЕРЕЙМЕНТАУСКИЙ РАЙОН
448332,"Оптовая торговля твердым, жидким и газообразным топливом и подобными продуктами",false,,x,883,,,,,,,,,,,4,Прочая специализированная оптовая торговля ,АКМОЛИНСКАЯ ОБЛАСТЬ,ЕРЕЙМЕНТАУСКИЙ РАЙОН
448335,Оптовая торговля каменным углем,true,,x,883,,,,,,,,,,,5,"Оптовая торговля твердым, жидким и газообразным топливом и подобными продуктами",АКМОЛИНСКАЯ ОБЛАСТЬ,ЕРЕЙМЕНТАУСКИЙ РАЙОН
448377,"Розничная торговля, кроме торговли автомобилями и мотоциклами",false,,3000000,883,14170000,920,,,2342000,1031,30624000,994,39409000,957,2,Оптовая и розничная торговля; ремонт автомобилей и мотоциклов,АКМОЛИНСКАЯ ОБЛАСТЬ,ЕРЕЙМЕНТАУСКИЙ РАЙОН
448378,Розничная торговля в неспециализированных магазинах,false,,3000000,883,7000000,920,,,,,23000000,994,30000000,957,3,"Розничная торговля, кроме торговли автомобилями и мотоциклами",АКМОЛИНСКАЯ ОБЛАСТЬ,ЕРЕЙМЕНТАУСКИЙ РАЙОН
448379,"Розничная торговля в неспециализированных магазинах преимущественно продуктами питания, напитками и табачными изделиями",false,,3000000,883,,,,,,,23000000,994,30000000,957,4,Розничная торговля в неспециализированных магазинах,АКМОЛИНСКАЯ ОБЛАСТЬ,ЕРЕЙМЕНТАУСКИЙ РАЙОН
3647934,"Розничная торговля преимущественно продуктами питания, напитками и табачными изделиями в неспециализированных магазинах, являющихся торговыми объектами, с торговой площадью менее 2000 кв.м ",true,,3000000,883,,,,,,,23000000,994,30000000,957,5,"Розничная торговля в неспециализированных магазинах преимущественно продуктами питания, напитками и табачными изделиями",АКМОЛИНСКАЯ ОБЛАСТЬ,ЕРЕЙМЕНТАУСКИЙ РАЙОН
448381,Прочая розничная торговля в неспециализированных магазинах,false,,,,7000000,920,,,,,,,,,4,Розничная торговля в неспециализированных магазинах,АКМОЛИНСКАЯ ОБЛАСТЬ,ЕРЕЙМЕНТАУСКИЙ РАЙОН
3647936,"Прочая розничная торговля в неспециализированных магазинах, являющихся торговыми объектами, с торговой площадью менее 2000 кв.м ",true,,,,7000000,920,,,,,,,,,5,Прочая розничная торговля в неспециализированных магазинах,АКМОЛИНСКАЯ ОБЛАСТЬ,ЕРЕЙМЕНТАУСКИЙ РАЙОН
448399,Розничная торговля топливом в специализированных магазинах,false,,,,,,,,2342000,1031,7624000,994,x,957,3,"Розничная торговля, кроме торговли автомобилями и мотоциклами",АКМОЛИНСКАЯ ОБЛАСТЬ,ЕРЕЙМЕНТАУСКИЙ РАЙОН
448400,Розничная торговля топливом в специализированных магазинах,false,,,,,,,,2342000,1031,7624000,994,x,957,4,Розничная торговля топливом в специализированных магазинах,АКМОЛИНСКАЯ ОБЛАСТЬ,ЕРЕЙМЕНТАУСКИЙ РАЙОН
20576124,"Розничная торговля моторным топливом в специализированных магазинах, за исключением находящихся на придорожной полосе",true,,,,,,,,2342000,1031,7624000,994,x,957,5,Розничная торговля топливом в специализированных магазинах,АКМОЛИНСКАЯ ОБЛАСТЬ,ЕРЕЙМЕНТАУСКИЙ РАЙОН
448409,Розничная торговля прочими бытовыми товарами в специализированных магазинах ,false,,,,x,920,,,,,,,,,3,"Розничная торговля, кроме торговли автомобилями и мотоциклами",АКМОЛИНСКАЯ ОБЛАСТЬ,ЕРЕЙМЕНТАУСКИЙ РАЙОН
448416,Розничная торговля электрическими бытовыми приборами в специализированных магазинах,false,,,,x,920,,,,,,,,,4,Розничная торговля прочими бытовыми товарами в специализированных магазинах ,АКМОЛИНСКАЯ ОБЛАСТЬ,ЕРЕЙМЕНТАУСКИЙ РАЙОН
3647962,"Розничная торговля электрическими бытовыми приборами в специализированных магазинах, являющихся торговыми объектами, с торговой площадью менее 2000 кв.м",true,,,,x,920,,,,,,,,,5,Розничная торговля электрическими бытовыми приборами в специализированных магазинах,АКМОЛИНСКАЯ ОБЛАСТЬ,ЕРЕЙМЕНТАУСКИЙ РАЙОН
448475,Транспорт и складирование,false,,x,883,,,x,846,2920310000,1031,6647000,994,3169006000,957,1,Всего,АКМОЛИНСКАЯ ОБЛАСТЬ,ЕРЕЙМЕНТАУСКИЙ РАЙОН
448476,Деятельность сухопутного и трубопроводного транспорта ,false,,x,883,,,x,846,,,,,,,2,Транспорт и складирование,АКМОЛИНСКАЯ ОБЛАСТЬ,ЕРЕЙМЕНТАУСКИЙ РАЙОН
448480,Деятельность грузового железнодорожного транспорта,false,,x,883,,,x,846,,,,,,,3,Деятельность сухопутного и трубопроводного транспорта ,АКМОЛИНСКАЯ ОБЛАСТЬ,ЕРЕЙМЕНТАУСКИЙ РАЙОН
448481,Деятельность грузового железнодорожного транспорта,false,,x,883,,,x,846,,,,,,,4,Деятельность грузового железнодорожного транспорта,АКМОЛИНСКАЯ ОБЛАСТЬ,ЕРЕЙМЕНТАУСКИЙ РАЙОН
448482,Деятельность грузового железнодорожного транспорта,true,,x,883,,,x,846,,,,,,,5,Деятельность грузового железнодорожного транспорта,АКМОЛИНСКАЯ ОБЛАСТЬ,ЕРЕЙМЕНТАУСКИЙ РАЙОН
448527,Складирование грузов и вспомогательная транспортная деятельность,false,,,,,,,,2920310000,1031,6647000,994,3169006000,957,2,Транспорт и складирование,АКМОЛИНСКАЯ ОБЛАСТЬ,ЕРЕЙМЕНТАУСКИЙ РАЙОН
448533,Вспомогательная транспортная деятельность,false,,,,,,,,2920310000,1031,6647000,994,3169006000,957,3,Складирование грузов и вспомогательная транспортная деятельность,АКМОЛИНСКАЯ ОБЛАСТЬ,ЕРЕЙМЕНТАУСКИЙ РАЙОН
448534,Вспомогательная деятельность сухопутного транспорта,false,,,,,,,,2920310000,1031,6647000,994,3169006000,957,4,Вспомогательная транспортная деятельность,АКМОЛИНСКАЯ ОБЛАСТЬ,ЕРЕЙМЕНТАУСКИЙ РАЙОН
448535,Эксплуатация железных дорог,true,,,,,,,,x,1031,,,x,957,5,Вспомогательная деятельность сухопутного транспорта,АКМОЛИНСКАЯ ОБЛАСТЬ,ЕРЕЙМЕНТАУСКИЙ РАЙОН
448536,Эксплуатация автомобильных дорог,true,,,,,,,,995546000,1031,6647000,994,10504000,957,5,Вспомогательная деятельность сухопутного транспорта,АКМОЛИНСКАЯ ОБЛАСТЬ,ЕРЕЙМЕНТАУСКИЙ РАЙОН
448558,Предоставление услуг по проживанию и питанию,false,,,,,,70000000,846,,,50000000,994,100980000,957,1,Всего,АКМОЛИНСКАЯ ОБЛАСТЬ,ЕРЕЙМЕНТАУСКИЙ РАЙОН
3783427,Предоставление услуг по временному проживанию,false,,,,,,,,,,50000000,994,100980000,957,2,Предоставление услуг по проживанию и питанию,АКМОЛИНСКАЯ ОБЛАСТЬ,ЕРЕЙМЕНТАУСКИЙ РАЙОН
3783428,Предоставление услуг гостиницами и аналогичными местами для проживания,false,,,,,,,,,,50000000,994,,,3,Предоставление услуг по временному проживанию,АКМОЛИНСКАЯ ОБЛАСТЬ,ЕРЕЙМЕНТАУСКИЙ РАЙОН
3783429,Предоставление услуг гостиницами и аналогичными местами для проживания,false,,,,,,,,,,50000000,994,,,4,Предоставление услуг гостиницами и аналогичными местами для проживания,АКМОЛИНСКАЯ ОБЛАСТЬ,ЕРЕЙМЕНТАУСКИЙ РАЙОН
18946144,Предоставление гостиничных услуг с ресторанами для официальных мероприятий,true,,,,,,,,,,50000000,994,,,5,Предоставление услуг гостиницами и аналогичными местами для проживания,АКМОЛИНСКАЯ ОБЛАСТЬ,ЕРЕЙМЕНТАУСКИЙ РАЙОН
3783441,Предоставление услуг прочими местами для проживания,false,,,,,,,,,,,,100980000,957,3,Предоставление услуг по временному проживанию,АКМОЛИНСКАЯ ОБЛАСТЬ,ЕРЕЙМЕНТАУСКИЙ РАЙОН
3783442,Предоставление услуг прочими местами для проживания,false,,,,,,,,,,,,100980000,957,4,Предоставление услуг прочими местами для проживания,АКМОЛИНСКАЯ ОБЛАСТЬ,ЕРЕЙМЕНТАУСКИЙ РАЙОН
20576357,"Предоставление услуг прочими местами для проживания, не включенными в другие категории",true,,,,,,,,,,,,100980000,957,5,Предоставление услуг прочими местами для проживания,АКМОЛИНСКАЯ ОБЛАСТЬ,ЕРЕЙМЕНТАУСКИЙ РАЙОН
448573,Предоставление услуг по обеспечению питанием и напитками,false,,,,,,70000000,846,,,,,,,2,Предоставление услуг по проживанию и питанию,АКМОЛИНСКАЯ ОБЛАСТЬ,ЕРЕЙМЕНТАУСКИЙ РАЙОН
448577,Доставка готовой пищи на заказ и прочая деятельность по обеспечению питанием,false,,,,,,70000000,846,,,,,,,3,Предоставление услуг по обеспечению питанием и напитками,АКМОЛИНСКАЯ ОБЛАСТЬ,ЕРЕЙМЕНТАУСКИЙ РАЙОН
448580,Прочая деятельность по обеспечению питанием,false,,,,,,70000000,846,,,,,,,4,Доставка готовой пищи на заказ и прочая деятельность по обеспечению питанием,АКМОЛИНСКАЯ ОБЛАСТЬ,ЕРЕЙМЕНТАУСКИЙ РАЙОН
18951444,Прочие виды организации питания вне населенных пунктов,true,,,,,,70000000,846,,,,,,,5,Прочая деятельность по обеспечению питанием,АКМОЛИНСКАЯ ОБЛАСТЬ,ЕРЕЙМЕНТАУСКИЙ РАЙОН
448585,Информация и связь,false,,148896000,883,,,35620000,846,83713000,1031,81865000,994,209000,957,1,Всего,АКМОЛИНСКАЯ ОБЛАСТЬ,ЕРЕЙМЕНТАУСКИЙ РАЙОН
448623,Телекоммуникации,false,,148896000,883,,,35620000,846,83713000,1031,81865000,994,209000,957,2,Информация и связь,АКМОЛИНСКАЯ ОБЛАСТЬ,ЕРЕЙМЕНТАУСКИЙ РАЙОН
18696628,Проводная телекоммуникационная связь,false,,,,,,35620000,846,686000,1031,,,,,3,Телекоммуникации,АКМОЛИНСКАЯ ОБЛАСТЬ,ЕРЕЙМЕНТАУСКИЙ РАЙОН
18696629,Проводная телекоммуникационная связь,false,,,,,,35620000,846,686000,1031,,,,,4,Проводная телекоммуникационная связь,АКМОЛИНСКАЯ ОБЛАСТЬ,ЕРЕЙМЕНТАУСКИЙ РАЙОН
18946146,Прочая проводная телекоммуникационная связь,true,,,,,,35620000,846,686000,1031,,,,,5,Проводная телекоммуникационная связь,АКМОЛИНСКАЯ ОБЛАСТЬ,ЕРЕЙМЕНТАУСКИЙ РАЙОН
448627,Беспроводная телекоммуникационная связь,false,,,,,,,,83027000,1031,81865000,994,209000,957,3,Телекоммуникации,АКМОЛИНСКАЯ ОБЛАСТЬ,ЕРЕЙМЕНТАУСКИЙ РАЙОН
448628,Беспроводная телекоммуникационная связь,false,,,,,,,,83027000,1031,81865000,994,209000,957,4,Беспроводная телекоммуникационная связь,АКМОЛИНСКАЯ ОБЛАСТЬ,ЕРЕЙМЕНТАУСКИЙ РАЙОН
18946147,Беспроводная телекоммуникационная связь посредством единой транспортной среды,true,,,,,,,,30477000,1031,9002000,994,,,5,Беспроводная телекоммуникационная связь,АКМОЛИНСКАЯ ОБЛАСТЬ,ЕРЕЙМЕНТАУСКИЙ РАЙОН
18946149,Прочая беспроводная телекоммуникационная связь,true,,,,,,,,52550000,1031,72863000,994,209000,957,5,Беспроводная телекоммуникационная связь,АКМОЛИНСКАЯ ОБЛАСТЬ,ЕРЕЙМЕНТАУСКИЙ РАЙОН
448633,Прочая деятельность в области телекоммуникаций,false,,148896000,883,,,,,,,,,,,3,Телекоммуникации,АКМОЛИНСКАЯ ОБЛАСТЬ,ЕРЕЙМЕНТАУСКИЙ РАЙОН
448634,Прочая деятельность в области телекоммуникаций,false,,148896000,883,,,,,,,,,,,4,Прочая деятельность в области телекоммуникаций,АКМОЛИНСКАЯ ОБЛАСТЬ,ЕРЕЙМЕНТАУСКИЙ РАЙОН
18946154,"Прочая деятельность в области телекоммуникаций, не включенная в другие группировки",true,,148896000,883,,,,,,,,,,,5,Прочая деятельность в области телекоммуникаций,АКМОЛИНСКАЯ ОБЛАСТЬ,ЕРЕЙМЕНТАУСКИЙ РАЙОН
448658,Финансовая и страховая деятельность,false,,,,,,,,x,1031,x,994,x,957,1,Всего,АКМОЛИНСКАЯ ОБЛАСТЬ,ЕРЕЙМЕНТАУСКИЙ РАЙОН
448659,"Финансовое посредничество, кроме страхования и пенсионного обеспечения",false,,,,,,,,x,1031,x,994,x,957,2,Финансовая и страховая деятельность,АКМОЛИНСКАЯ ОБЛАСТЬ,ЕРЕЙМЕНТАУСКИЙ РАЙОН
448673,"Прочее финансовое посредничество, кроме страхования и пенсионного обеспечения",false,,,,,,,,x,1031,x,994,x,957,3,"Финансовое посредничество, кроме страхования и пенсионного обеспечения",АКМОЛИНСКАЯ ОБЛАСТЬ,ЕРЕЙМЕНТАУСКИЙ РАЙОН
448679,"Прочее финансовое посредничество, кроме страхования и пенсионного обеспечения, не включенное в другие группировки",false,,,,,,,,x,1031,x,994,x,957,4,"Прочее финансовое посредничество, кроме страхования и пенсионного обеспечения",АКМОЛИНСКАЯ ОБЛАСТЬ,ЕРЕЙМЕНТАУСКИЙ РАЙОН
18946169,"Другие финансовые услуги, финансирование в различных отраслях экономики, инвестиционная деятельность",true,,,,,,,,x,1031,x,994,x,957,5,"Прочее финансовое посредничество, кроме страхования и пенсионного обеспечения, не включенное в другие группировки",АКМОЛИНСКАЯ ОБЛАСТЬ,ЕРЕЙМЕНТАУСКИЙ РАЙОН
448714,Операции с недвижимым имуществом,false,,1141351000,883,646700000,920,378875000,846,504192000,1031,501588000,994,700221000,957,1,Всего,АКМОЛИНСКАЯ ОБЛАСТЬ,ЕРЕЙМЕНТАУСКИЙ РАЙОН
448715,Операции с недвижимым имуществом,false,,1141351000,883,646700000,920,378875000,846,504192000,1031,501588000,994,700221000,957,2,Операции с недвижимым имуществом,АКМОЛИНСКАЯ ОБЛАСТЬ,ЕРЕЙМЕНТАУСКИЙ РАЙОН
448716,Покупка и продажа собственного недвижимого имущества ,false,,1141351000,883,626573000,920,378875000,846,504192000,1031,501588000,994,700221000,957,3,Операции с недвижимым имуществом,АКМОЛИНСКАЯ ОБЛАСТЬ,ЕРЕЙМЕНТАУСКИЙ РАЙОН
448717,Покупка и продажа собственного недвижимого имущества ,false,,1141351000,883,626573000,920,378875000,846,504192000,1031,501588000,994,700221000,957,4,Покупка и продажа собственного недвижимого имущества ,АКМОЛИНСКАЯ ОБЛАСТЬ,ЕРЕЙМЕНТАУСКИЙ РАЙОН
543091,Покупка и продажа многоквартирных и жилых домов (особняков),true,,1141351000,883,626573000,920,378875000,846,504192000,1031,501588000,994,700221000,957,5,Покупка и продажа собственного недвижимого имущества ,АКМОЛИНСКАЯ ОБЛАСТЬ,ЕРЕЙМЕНТАУСКИЙ РАЙОН
448719,Аренда и управление собственной или арендуемой недвижимостью,false,,,,20127000,920,,,,,,,,,3,Операции с недвижимым имуществом,АКМОЛИНСКАЯ ОБЛАСТЬ,ЕРЕЙМЕНТАУСКИЙ РАЙОН
448720,Аренда и управление собственной или арендуемой недвижимостью,false,,,,20127000,920,,,,,,,,,4,Аренда и управление собственной или арендуемой недвижимостью,АКМОЛИНСКАЯ ОБЛАСТЬ,ЕРЕЙМЕНТАУСКИЙ РАЙОН
18946171,Аренда и управление собственной недвижимостью,true,,,,20127000,920,,,,,,,,,5,Аренда и управление собственной или арендуемой недвижимостью,АКМОЛИНСКАЯ ОБЛАСТЬ,ЕРЕЙМЕНТАУСКИЙ РАЙОН
448728,"Профессиональная, научная и техническая деятельность",false,,,,,,,,x,1031,x,994,,,1,Всего,АКМОЛИНСКАЯ ОБЛАСТЬ,ЕРЕЙМЕНТАУСКИЙ РАЙОН
448747,"Деятельность в области архитектуры, инженерных изысканий, технических испытаний и анализа",false,,,,,,,,x,1031,x,994,,,2,"Профессиональная, научная и техническая деятельность",АКМОЛИНСКАЯ ОБЛАСТЬ,ЕРЕЙМЕНТАУСКИЙ РАЙОН
448748,"Деятельность в области архитектуры, инженерных изысканий и предоставление технических консультаций в этих областях",false,,,,,,,,x,1031,x,994,,,3,"Деятельность в области архитектуры, инженерных изысканий, технических испытаний и анализа",АКМОЛИНСКАЯ ОБЛАСТЬ,ЕРЕЙМЕНТАУСКИЙ РАЙОН
448751,Деятельность в области инженерных изысканий и предоставление технических консультаций в этой области,false,,,,,,,,x,1031,x,994,,,4,"Деятельность в области архитектуры, инженерных изысканий и предоставление технических консультаций в этих областях",АКМОЛИНСКАЯ ОБЛАСТЬ,ЕРЕЙМЕНТАУСКИЙ РАЙОН
448753,Деятельность по проведению геологической разведки и изысканий (без научных исследований и разработок),true,,,,,,,,x,1031,x,994,,,5,Деятельность в области инженерных изысканий и предоставление технических консультаций в этой области,АКМОЛИНСКАЯ ОБЛАСТЬ,ЕРЕЙМЕНТАУСКИЙ РАЙОН
448889,Государственное управление и оборона; обязательное  социальное обеспечение,false,,x,883,,,,,,,,,x,957,1,Всего,АКМОЛИНСКАЯ ОБЛАСТЬ,ЕРЕЙМЕНТАУСКИЙ РАЙОН
448890,Государственное управление и оборона; обязательное социальное обеспечение,false,,x,883,,,,,,,,,x,957,2,Государственное управление и оборона; обязательное  социальное обеспечение,АКМОЛИНСКАЯ ОБЛАСТЬ,ЕРЕЙМЕНТАУСКИЙ РАЙОН
448904,Предоставление государством услуг обществу в целом,false,,x,883,,,,,,,,,x,957,3,Государственное управление и оборона; обязательное социальное обеспечение,АКМОЛИНСКАЯ ОБЛАСТЬ,ЕРЕЙМЕНТАУСКИЙ РАЙОН
448911,Деятельность по обеспечению общественного порядка и безопасности,false,,x,883,,,,,,,,,x,957,4,Предоставление государством услуг обществу в целом,АКМОЛИНСКАЯ ОБЛАСТЬ,ЕРЕЙМЕНТАУСКИЙ РАЙОН
448912,Деятельность по обеспечению общественного порядка и безопасности,true,,x,883,,,,,,,,,x,957,5,Деятельность по обеспечению общественного порядка и безопасности,АКМОЛИНСКАЯ ОБЛАСТЬ,ЕРЕЙМЕНТАУСКИЙ РАЙОН
448918,Образование,false,,93786000,883,,,94812000,846,613176000,1031,777617000,994,,,1,Всего,АКМОЛИНСКАЯ ОБЛАСТЬ,ЕРЕЙМЕНТАУСКИЙ РАЙОН
448919,Образование,false,,93786000,883,,,94812000,846,613176000,1031,777617000,994,,,2,Образование,АКМОЛИНСКАЯ ОБЛАСТЬ,ЕРЕЙМЕНТАУСКИЙ РАЙОН
448920,Дошкольное образование,false,,8000000,883,,,,,,,,,,,3,Образование,АКМОЛИНСКАЯ ОБЛАСТЬ,ЕРЕЙМЕНТАУСКИЙ РАЙОН
448921,Дошкольное образование,false,,8000000,883,,,,,,,,,,,4,Дошкольное образование,АКМОЛИНСКАЯ ОБЛАСТЬ,ЕРЕЙМЕНТАУСКИЙ РАЙОН
448922,Дошкольное образование,true,,8000000,883,,,,,,,,,,,5,Дошкольное образование,АКМОЛИНСКАЯ ОБЛАСТЬ,ЕРЕЙМЕНТАУСКИЙ РАЙОН
448926,Среднее образование (2-й и 3-й уровни),false,,85786000,883,,,94812000,846,482591000,1031,777617000,994,,,3,Образование,АКМОЛИНСКАЯ ОБЛАСТЬ,ЕРЕЙМЕНТАУСКИЙ РАЙОН
448927,Основное и общее среднее образование,false,,85786000,883,,,94812000,846,482591000,1031,777617000,994,,,4,Среднее образование (2-й и 3-й уровни),АКМОЛИНСКАЯ ОБЛАСТЬ,ЕРЕЙМЕНТАУСКИЙ РАЙОН
448928,Основное и общее среднее образование,true,,85786000,883,,,94812000,846,482591000,1031,777617000,994,,,5,Основное и общее среднее образование,АКМОЛИНСКАЯ ОБЛАСТЬ,ЕРЕЙМЕНТАУСКИЙ РАЙОН
448937,Прочие виды образования,false,,,,,,,,x,1031,,,,,3,Образование,АКМОЛИНСКАЯ ОБЛАСТЬ,ЕРЕЙМЕНТАУСКИЙ РАЙОН
448940,Образование в области культуры,false,,,,,,,,x,1031,,,,,4,Прочие виды образования,АКМОЛИНСКАЯ ОБЛАСТЬ,ЕРЕЙМЕНТАУСКИЙ РАЙОН
448941,Образование в области культуры,true,,,,,,,,x,1031,,,,,5,Образование в области культуры,АКМОЛИНСКАЯ ОБЛАСТЬ,ЕРЕЙМЕНТАУСКИЙ РАЙОН
448950,Здравоохранение и социальное обслуживание населения,false,,5128000,883,2000000,920,68389000,846,598784000,1031,371636000,994,,,1,Всего,АКМОЛИНСКАЯ ОБЛАСТЬ,ЕРЕЙМЕНТАУСКИЙ РАЙОН
448951,Деятельность в области здравоохранения,false,,5128000,883,2000000,920,68389000,846,598784000,1031,371636000,994,,,2,Здравоохранение и социальное обслуживание населения,АКМОЛИНСКАЯ ОБЛАСТЬ,ЕРЕЙМЕНТАУСКИЙ РАЙОН
448952,Деятельность больничных организаций,false,,5128000,883,2000000,920,68389000,846,287353000,1031,371441000,994,,,3,Деятельность в области здравоохранения,АКМОЛИНСКАЯ ОБЛАСТЬ,ЕРЕЙМЕНТАУСКИЙ РАЙОН
448953,Деятельность больничных организаций,false,,5128000,883,2000000,920,68389000,846,287353000,1031,371441000,994,,,4,Деятельность больничных организаций,АКМОЛИНСКАЯ ОБЛАСТЬ,ЕРЕЙМЕНТАУСКИЙ РАЙОН
448954,Деятельность больниц широкого профиля и специализированных больниц,true,,5128000,883,2000000,920,68389000,846,287353000,1031,371441000,994,,,5,Деятельность больничных организаций,АКМОЛИНСКАЯ ОБЛАСТЬ,ЕРЕЙМЕНТАУСКИЙ РАЙОН
448959,Деятельность в области врачебной практики и стоматологии,false,,,,,,,,311431000,1031,195000,994,,,3,Деятельность в области здравоохранения,АКМОЛИНСКАЯ ОБЛАСТЬ,ЕРЕЙМЕНТАУСКИЙ РАЙОН
448960,Общая врачебная практика,false,,,,,,,,311431000,1031,195000,994,,,4,Деятельность в области врачебной практики и стоматологии,АКМОЛИНСКАЯ ОБЛАСТЬ,ЕРЕЙМЕНТАУСКИЙ РАЙОН
448961,Общая врачебная практика,true,,,,,,,,311431000,1031,195000,994,,,5,Общая врачебная практика,АКМОЛИНСКАЯ ОБЛАСТЬ,ЕРЕЙМЕНТАУСКИЙ РАЙОН
448991,"Искусство, развлечения и отдых",false,,151786000,883,239224000,920,133546000,846,528130000,1031,365989000,994,277891000,957,1,Всего,АКМОЛИНСКАЯ ОБЛАСТЬ,ЕРЕЙМЕНТАУСКИЙ РАЙОН
449022,"Деятельность в области спорта, организации отдыха и развлечений",false,,151786000,883,239224000,920,133546000,846,528130000,1031,365989000,994,277891000,957,2,"Искусство, развлечения и отдых",АКМОЛИНСКАЯ ОБЛАСТЬ,ЕРЕЙМЕНТАУСКИЙ РАЙОН
449023,Деятельность в области спорта,false,,151786000,883,239224000,920,133546000,846,,,,,27623000,957,3,"Деятельность в области спорта, организации отдыха и развлечений",АКМОЛИНСКАЯ ОБЛАСТЬ,ЕРЕЙМЕНТАУСКИЙ РАЙОН
449024,Эксплуатация спортивных сооружений,false,,151786000,883,239224000,920,133546000,846,,,,,27623000,957,4,Деятельность в области спорта,АКМОЛИНСКАЯ ОБЛАСТЬ,ЕРЕЙМЕНТАУСКИЙ РАЙОН
449025,Эксплуатация спортивных сооружений,true,,151786000,883,239224000,920,133546000,846,,,,,27623000,957,5,Эксплуатация спортивных сооружений,АКМОЛИНСКАЯ ОБЛАСТЬ,ЕРЕЙМЕНТАУСКИЙ РАЙОН
449032,Деятельность по организации отдыха и развлечений,false,,,,,,,,528130000,1031,365989000,994,250268000,957,3,"Деятельность в области спорта, организации отдыха и развлечений",АКМОЛИНСКАЯ ОБЛАСТЬ,ЕРЕЙМЕНТАУСКИЙ РАЙОН
449035,Прочая деятельность по организации отдыха и развлечений,false,,,,,,,,528130000,1031,365989000,994,250268000,957,4,Деятельность по организации отдыха и развлечений,АКМОЛИНСКАЯ ОБЛАСТЬ,ЕРЕЙМЕНТАУСКИЙ РАЙОН
449039,Прочие виды деятельности по организации отдыха и развлечений,true,,,,,,,,528130000,1031,365989000,994,250268000,957,5,Прочая деятельность по организации отдыха и развлечений,АКМОЛИНСКАЯ ОБЛАСТЬ,ЕРЕЙМЕНТАУСКИЙ РАЙОН
449040,Предоставление прочих видов услуг,false,,,,,,,,,,102510000,994,,,1,Всего,АКМОЛИНСКАЯ ОБЛАСТЬ,ЕРЕЙМЕНТАУСКИЙ РАЙОН
449041,Деятельность общественных объединений (организаций),false,,,,,,,,,,102510000,994,,,2,Предоставление прочих видов услуг,АКМОЛИНСКАЯ ОБЛАСТЬ,ЕРЕЙМЕНТАУСКИЙ РАЙОН
449050,Деятельность прочих общественных  объединений,false,,,,,,,,,,102510000,994,,,3,Деятельность общественных объединений (организаций),АКМОЛИНСКАЯ ОБЛАСТЬ,ЕРЕЙМЕНТАУСКИЙ РАЙОН
449051,Деятельность религиозных организаций,false,,,,,,,,,,102510000,994,,,4,Деятельность прочих общественных  объединений,АКМОЛИНСКАЯ ОБЛАСТЬ,ЕРЕЙМЕНТАУСКИЙ РАЙОН
449052,Деятельность религиозных организаций,true,,,,,,,,,,102510000,994,,,5,Деятельность религиозных организаций,АКМОЛИНСКАЯ ОБЛАСТЬ,ЕРЕЙМЕНТАУСКИЙ РАЙОН
741340,Промышленность,false,,5326221000,883,6652477000,920,2524437000,846,7987011000,1031,12935191000,994,5252678000,957,1,Всего,АКМОЛИНСКАЯ ОБЛАСТЬ,ЕРЕЙМЕНТАУСКИЙ РАЙОН
447279,Горнодобывающая промышленность и разработка карьеров,false,,1092333000,883,1274839000,920,173047000,846,6456926000,1031,6806688000,994,820236000,957,2,Промышленность,АКМОЛИНСКАЯ ОБЛАСТЬ,ЕРЕЙМЕНТАУСКИЙ РАЙОН
447280,Добыча угля ,false,,552650000,883,701840000,920,,,,,,,41322000,957,3,Горнодобывающая промышленность и разработка карьеров,АКМОЛИНСКАЯ ОБЛАСТЬ,ЕРЕЙМЕНТАУСКИЙ РАЙОН
447281,Добыча каменного угля,false,,552650000,883,701840000,920,,,,,,,41322000,957,4,Добыча угля ,АКМОЛИНСКАЯ ОБЛАСТЬ,ЕРЕЙМЕНТАУСКИЙ РАЙОН
447282,Добыча каменного угля,false,,552650000,883,701840000,920,,,,,,,41322000,957,5,Добыча каменного угля,АКМОЛИНСКАЯ ОБЛАСТЬ,ЕРЕЙМЕНТАУСКИЙ РАЙОН
447298,Добыча металлических руд,false,,539683000,883,572999000,920,173047000,846,6456926000,1031,6806688000,994,778914000,957,3,Горнодобывающая промышленность и разработка карьеров,АКМОЛИНСКАЯ ОБЛАСТЬ,ЕРЕЙМЕНТАУСКИЙ РАЙОН
447303,"Добыча руд, кроме железных ",false,,539683000,883,572999000,920,173047000,846,6456926000,1031,6806688000,994,778914000,957,4,Добыча металлических руд,АКМОЛИНСКАЯ ОБЛАСТЬ,ЕРЕЙМЕНТАУСКИЙ РАЙОН
447306,Добыча прочих металлических руд,false,,539683000,883,572999000,920,173047000,846,6456926000,1031,6806688000,994,778914000,957,5,"Добыча руд, кроме железных ",АКМОЛИНСКАЯ ОБЛАСТЬ,ЕРЕЙМЕНТАУСКИЙ РАЙОН
447346,Обрабатывающая промышленность,false,,67752000,883,25948000,920,62757000,846,,,22413000,994,339000,957,2,Промышленность,АКМОЛИНСКАЯ ОБЛАСТЬ,ЕРЕЙМЕНТАУСКИЙ РАЙОН
447347,Производство продуктов питания,false,,67752000,883,21687000,920,,,,,,,,,3,Обрабатывающая промышленность,АКМОЛИНСКАЯ ОБЛАСТЬ,ЕРЕЙМЕНТАУСКИЙ РАЙОН
447348,Переработка и консервирование мяса и производство мясной продукции,false,,20000000,883,21687000,920,,,,,,,,,4,Производство продуктов питания,АКМОЛИНСКАЯ ОБЛАСТЬ,ЕРЕЙМЕНТАУСКИЙ РАЙОН
447349,Переработка и консервирование мяса,false,,20000000,883,21687000,920,,,,,,,,,5,Переработка и консервирование мяса и производство мясной продукции,АКМОЛИНСКАЯ ОБЛАСТЬ,ЕРЕЙМЕНТАУСКИЙ РАЙОН
447371,Производство молочных продуктов,false,,47752000,883,,,,,,,,,,,4,Производство продуктов питания,АКМОЛИНСКАЯ ОБЛАСТЬ,ЕРЕЙМЕНТАУСКИЙ РАЙОН
447372,Переработка молока и производство сыров,false,,47752000,883,,,,,,,,,,,5,Производство молочных продуктов,АКМОЛИНСКАЯ ОБЛАСТЬ,ЕРЕЙМЕНТАУСКИЙ РАЙОН
447717,Металлургическое производство,false,,,,,,x,846,,,,,,,3,Обрабатывающая промышленность,АКМОЛИНСКАЯ ОБЛАСТЬ,ЕРЕЙМЕНТАУСКИЙ РАЙОН
447750,Литье металлов,false,,,,,,x,846,,,,,,,4,Металлургическое производство,АКМОЛИНСКАЯ ОБЛАСТЬ,ЕРЕЙМЕНТАУСКИЙ РАЙОН
447758,Литье прочих цветных металлов,false,,,,,,x,846,,,,,,,5,Литье металлов,АКМОЛИНСКАЯ ОБЛАСТЬ,ЕРЕЙМЕНТАУСКИЙ РАЙОН
447983,Производство прочих транспортных средств,false,,,,,,24875000,846,,,,,,,3,Обрабатывающая промышленность,АКМОЛИНСКАЯ ОБЛАСТЬ,ЕРЕЙМЕНТАУСКИЙ РАЙОН
447996,Производство военных боевых транспортных средств,false,,,,,,24875000,846,,,,,,,4,Производство прочих транспортных средств,АКМОЛИНСКАЯ ОБЛАСТЬ,ЕРЕЙМЕНТАУСКИЙ РАЙОН
447997,Производство военных боевых транспортных средств,false,,,,,,24875000,846,,,,,,,5,Производство военных боевых транспортных средств,АКМОЛИНСКАЯ ОБЛАСТЬ,ЕРЕЙМЕНТАУСКИЙ РАЙОН
448019,Производство прочих готовых изделий,false,,,,4261000,920,12472000,846,,,22413000,994,339000,957,3,Обрабатывающая промышленность,АКМОЛИНСКАЯ ОБЛАСТЬ,ЕРЕЙМЕНТАУСКИЙ РАЙОН
448042,"Производство прочих готовых изделий, не включенных в другие группировки",false,,,,4261000,920,12472000,846,,,22413000,994,339000,957,4,Производство прочих готовых изделий,АКМОЛИНСКАЯ ОБЛАСТЬ,ЕРЕЙМЕНТАУСКИЙ РАЙОН
448045,"Производство прочей продукции, не включенной в другие группировки",false,,,,4261000,920,12472000,846,,,22413000,994,339000,957,5,"Производство прочих готовых изделий, не включенных в другие группировки",АКМОЛИНСКАЯ ОБЛАСТЬ,ЕРЕЙМЕНТАУСКИЙ РАЙОН
448090,"Снабжение электроэнергией, газом, паром, горячей водой и кондиционированным воздухом",false,,3880334000,883,5345221000,920,2248456000,846,1245172000,1031,5563012000,994,3822692000,957,2,Промышленность,АКМОЛИНСКАЯ ОБЛАСТЬ,ЕРЕЙМЕНТАУСКИЙ РАЙОН
448091,"Снабжение электроэнергией, газом, паром, горячей водой и кондиционированным воздухом",false,,3880334000,883,5345221000,920,2248456000,846,1245172000,1031,5563012000,994,3822692000,957,3,"Снабжение электроэнергией, газом, паром, горячей водой и кондиционированным воздухом",АКМОЛИНСКАЯ ОБЛАСТЬ,ЕРЕЙМЕНТАУСКИЙ РАЙОН
448092,"Производство, передача и распределение электроэнергии",false,,3206619000,883,5086873000,920,2248191000,846,1085242000,1031,5322474000,994,3765211000,957,4,"Снабжение электроэнергией, газом, паром, горячей водой и кондиционированным воздухом",АКМОЛИНСКАЯ ОБЛАСТЬ,ЕРЕЙМЕНТАУСКИЙ РАЙОН
448093,Производство электроэнергии,false,,3117060000,883,4764940000,920,2211209000,846,x,1031,4944887000,994,3535002000,957,5,"Производство, передача и распределение электроэнергии",АКМОЛИНСКАЯ ОБЛАСТЬ,ЕРЕЙМЕНТАУСКИЙ РАЙОН
448098,Передача электроэнергии,false,,,,,,,,161817000,1031,124662000,994,,,5,"Производство, передача и распределение электроэнергии",АКМОЛИНСКАЯ ОБЛАСТЬ,ЕРЕЙМЕНТАУСКИЙ РАЙОН
448100,Распределение электроэнергии,false,,89559000,883,321933000,920,36982000,846,129678000,1031,252925000,994,230209000,957,5,"Производство, передача и распределение электроэнергии",АКМОЛИНСКАЯ ОБЛАСТЬ,ЕРЕЙМЕНТАУСКИЙ РАЙОН
448102,Продажа электроэнергии ,false,,,,,,,,3898000,1031,,,,,5,"Производство, передача и распределение электроэнергии",АКМОЛИНСКАЯ ОБЛАСТЬ,ЕРЕЙМЕНТАУСКИЙ РАЙОН
448111,"Снабжение паром, горячей водой и кондиционированным воздухом",false,,673715000,883,258348000,920,265000,846,159930000,1031,240538000,994,57481000,957,4,"Снабжение электроэнергией, газом, паром, горячей водой и кондиционированным воздухом",АКМОЛИНСКАЯ ОБЛАСТЬ,ЕРЕЙМЕНТАУСКИЙ РАЙОН
448112,"Снабжение паром, горячей водой и кондиционированным воздухом",false,,673715000,883,258348000,920,265000,846,159930000,1031,240538000,994,57481000,957,5,"Снабжение паром, горячей водой и кондиционированным воздухом",АКМОЛИНСКАЯ ОБЛАСТЬ,ЕРЕЙМЕНТАУСКИЙ РАЙОН
448117,"Водоснабжение; сбор, обработка и удаление отходов, деятельность по ликвидации загрязнений",false,,285802000,883,6469000,920,40177000,846,284913000,1031,543078000,994,609411000,957,2,Промышленность,АКМОЛИНСКАЯ ОБЛАСТЬ,ЕРЕЙМЕНТАУСКИЙ РАЙОН
448118,"Сбор, обработка и распределение воды",false,,280639000,883,6469000,920,40177000,846,284913000,1031,543078000,994,602325000,957,3,"Водоснабжение; сбор, обработка и удаление отходов, деятельность по ликвидации загрязнений",АКМОЛИНСКАЯ ОБЛАСТЬ,ЕРЕЙМЕНТАУСКИЙ РАЙОН
448119,"Сбор, обработка и распределение воды",false,,280639000,883,6469000,920,40177000,846,284913000,1031,543078000,994,602325000,957,4,"Сбор, обработка и распределение воды",АКМОЛИНСКАЯ ОБЛАСТЬ,ЕРЕЙМЕНТАУСКИЙ РАЙОН
448120,"Сбор, обработка и распределение воды",false,,280639000,883,6469000,920,40177000,846,284913000,1031,543078000,994,602325000,957,5,"Сбор, обработка и распределение воды",АКМОЛИНСКАЯ ОБЛАСТЬ,ЕРЕЙМЕНТАУСКИЙ РАЙОН
448122,Сбор и обработка сточных вод,false,,5163000,883,,,,,,,,,5472000,957,3,"Водоснабжение; сбор, обработка и удаление отходов, деятельность по ликвидации загрязнений",АКМОЛИНСКАЯ ОБЛАСТЬ,ЕРЕЙМЕНТАУСКИЙ РАЙОН
448123,Сбор и обработка сточных вод,false,,5163000,883,,,,,,,,,5472000,957,4,Сбор и обработка сточных вод,АКМОЛИНСКАЯ ОБЛАСТЬ,ЕРЕЙМЕНТАУСКИЙ РАЙОН
448124,Сбор и обработка сточных вод,false,,5163000,883,,,,,,,,,5472000,957,5,Сбор и обработка сточных вод,АКМОЛИНСКАЯ ОБЛАСТЬ,ЕРЕЙМЕНТАУСКИЙ РАЙОН
448126,"Сбор, обработка и удаление отходов; утилизация (восстановление) материалов",false,,,,,,,,,,,,1614000,957,3,"Водоснабжение; сбор, обработка и удаление отходов, деятельность по ликвидации загрязнений",АКМОЛИНСКАЯ ОБЛАСТЬ,ЕРЕЙМЕНТАУСКИЙ РАЙОН
448132,Обработка и удаление отходов,false,,,,,,,,,,,,1614000,957,4,"Сбор, обработка и удаление отходов; утилизация (восстановление) материалов",АКМОЛИНСКАЯ ОБЛАСТЬ,ЕРЕЙМЕНТАУСКИЙ РАЙОН
448135,Обработка и удаление опасных отходов,false,,,,,,,,,,,,1614000,957,5,Обработка и удаление отходов,АКМОЛИНСКАЯ ОБЛАСТЬ,ЕРЕЙМЕНТАУСКИЙ РАЙОН
741885,Всего,false,,9625447000,883,10907126000,920,4436654000,846,11699670000,1031,9966829000,994,12158918000,957,0,,АКМОЛИНСКАЯ ОБЛАСТЬ,ЕСИЛЬСКИЙ РАЙОН
447173,"Сельское, лесное и рыбное хозяйство",false,,6757707000,883,8152578000,920,3025357000,846,7118190000,1031,5979330000,994,9824656000,957,1,Всего,АКМОЛИНСКАЯ ОБЛАСТЬ,ЕСИЛЬСКИЙ РАЙОН
447174,"Растениеводство и животноводство, охота и предоставление услуг в этих областях",false,,6757707000,883,8152578000,920,3025357000,846,7118190000,1031,5979330000,994,9824656000,957,2,"Сельское, лесное и рыбное хозяйство",АКМОЛИНСКАЯ ОБЛАСТЬ,ЕСИЛЬСКИЙ РАЙОН
447175,Выращивание одно- или двухлетних культур,false,,6750440000,883,8152578000,920,2589128000,846,7118190000,1031,5909330000,994,9823276000,957,3,"Растениеводство и животноводство, охота и предоставление услуг в этих областях",АКМОЛИНСКАЯ ОБЛАСТЬ,ЕСИЛЬСКИЙ РАЙОН
447176,"Выращивание зерновых (кроме риса), бобовых и масличных культур",false,,6750440000,883,7715510000,920,2589128000,846,7097806000,1031,5909330000,994,9580353000,957,4,Выращивание одно- или двухлетних культур,АКМОЛИНСКАЯ ОБЛАСТЬ,ЕСИЛЬСКИЙ РАЙОН
3783380,"Выращивание зерновых и зернобобовых культур, включая семеноводство",true,,6750440000,883,7715510000,920,2589128000,846,7097806000,1031,5909330000,994,9580353000,957,5,"Выращивание зерновых (кроме риса), бобовых и масличных культур",АКМОЛИНСКАЯ ОБЛАСТЬ,ЕСИЛЬСКИЙ РАЙОН
447181,"Выращивание овощей, бахчевых, корнеплодов и клубнеплодов",false,,,,437068000,920,,,x,1031,,,x,957,4,Выращивание одно- или двухлетних культур,АКМОЛИНСКАЯ ОБЛАСТЬ,ЕСИЛЬСКИЙ РАЙОН
447183,"Выращивание овощей, их семян и рассады",true,,,,437068000,920,,,x,1031,,,x,957,5,"Выращивание овощей, бахчевых, корнеплодов и клубнеплодов",АКМОЛИНСКАЯ ОБЛАСТЬ,ЕСИЛЬСКИЙ РАЙОН
447218,Животноводство,false,,,,,,x,846,,,x,994,1380000,957,3,"Растениеводство и животноводство, охота и предоставление услуг в этих областях",АКМОЛИНСКАЯ ОБЛАСТЬ,ЕСИЛЬСКИЙ РАЙОН
447223,Разведение лошадей и прочих животных семейства лошадиных,false,,,,,,,,,,x,994,1380000,957,4,Животноводство,АКМОЛИНСКАЯ ОБЛАСТЬ,ЕСИЛЬСКИЙ РАЙОН
447224,Разведение лошадей,true,,,,,,,,,,x,994,1380000,957,5,Разведение лошадей и прочих животных семейства лошадиных,АКМОЛИНСКАЯ ОБЛАСТЬ,ЕСИЛЬСКИЙ РАЙОН
447230,Разведение свиней,false,,,,,,x,846,,,,,,,4,Животноводство,АКМОЛИНСКАЯ ОБЛАСТЬ,ЕСИЛЬСКИЙ РАЙОН
447231,Разведение свиней,true,,,,,,x,846,,,,,,,5,Разведение свиней,АКМОЛИНСКАЯ ОБЛАСТЬ,ЕСИЛЬСКИЙ РАЙОН
447239,Смешанное сельское хозяйство,false,,,,,,387668000,846,,,,,,,3,"Растениеводство и животноводство, охота и предоставление услуг в этих областях",АКМОЛИНСКАЯ ОБЛАСТЬ,ЕСИЛЬСКИЙ РАЙОН
447240,Смешанное сельское хозяйство,false,,,,,,387668000,846,,,,,,,4,Смешанное сельское хозяйство,АКМОЛИНСКАЯ ОБЛАСТЬ,ЕСИЛЬСКИЙ РАЙОН
447241,Смешанное сельское хозяйство,true,,,,,,387668000,846,,,,,,,5,Смешанное сельское хозяйство,АКМОЛИНСКАЯ ОБЛАСТЬ,ЕСИЛЬСКИЙ РАЙОН
18683346,"Деятельность, способствующая выращиванию сельскохозяйственных культур и разведению животных и деятельность по обработке урожая",false,,7267000,883,,,20975000,846,,,,,,,3,"Растениеводство и животноводство, охота и предоставление услуг в этих областях",АКМОЛИНСКАЯ ОБЛАСТЬ,ЕСИЛЬСКИЙ РАЙОН
18683352,Деятельность по обработке урожая,false,,7267000,883,,,20975000,846,,,,,,,4,"Деятельность, способствующая выращиванию сельскохозяйственных культур и разведению животных и деятельность по обработке урожая",АКМОЛИНСКАЯ ОБЛАСТЬ,ЕСИЛЬСКИЙ РАЙОН
18683353,Деятельность по обработке урожая,true,,7267000,883,,,20975000,846,,,,,,,5,Деятельность по обработке урожая,АКМОЛИНСКАЯ ОБЛАСТЬ,ЕСИЛЬСКИЙ РАЙОН
448215,Оптовая и розничная торговля; ремонт автомобилей и мотоциклов,false,,186070000,883,151172000,920,,,822000,1031,2089000,994,10959000,957,1,Всего,АКМОЛИНСКАЯ ОБЛАСТЬ,ЕСИЛЬСКИЙ РАЙОН
448237,"Оптовая торговля, за исключением торговли автомобилями и мотоциклами",false,,x,883,,,,,790000,1031,,,,,2,Оптовая и розничная торговля; ремонт автомобилей и мотоциклов,АКМОЛИНСКАЯ ОБЛАСТЬ,ЕСИЛЬСКИЙ РАЙОН
448316,"Оптовая торговля прочими машинами, оборудованием и деталями и принадлежностями к ним",false,,x,883,,,,,790000,1031,,,,,3,"Оптовая торговля, за исключением торговли автомобилями и мотоциклами",АКМОЛИНСКАЯ ОБЛАСТЬ,ЕСИЛЬСКИЙ РАЙОН
448317,"Оптовая торговля сельскохозяйственной техникой, оборудованием,  деталями и принадлежностями к ним",false,,x,883,,,,,790000,1031,,,,,4,"Оптовая торговля прочими машинами, оборудованием и деталями и принадлежностями к ним",АКМОЛИНСКАЯ ОБЛАСТЬ,ЕСИЛЬСКИЙ РАЙОН
448318,"Оптовая торговля сельскохозяйственной техникой, оборудованием,  деталями и принадлежностями к ним",true,,x,883,,,,,790000,1031,,,,,5,"Оптовая торговля сельскохозяйственной техникой, оборудованием,  деталями и принадлежностями к ним",АКМОЛИНСКАЯ ОБЛАСТЬ,ЕСИЛЬСКИЙ РАЙОН
448377,"Розничная торговля, кроме торговли автомобилями и мотоциклами",false,,181000000,883,151172000,920,,,32000,1031,2089000,994,10959000,957,2,Оптовая и розничная торговля; ремонт автомобилей и мотоциклов,АКМОЛИНСКАЯ ОБЛАСТЬ,ЕСИЛЬСКИЙ РАЙОН
448378,Розничная торговля в неспециализированных магазинах,false,,156000000,883,,,,,,,,,,,3,"Розничная торговля, кроме торговли автомобилями и мотоциклами",АКМОЛИНСКАЯ ОБЛАСТЬ,ЕСИЛЬСКИЙ РАЙОН
448379,"Розничная торговля в неспециализированных магазинах преимущественно продуктами питания, напитками и табачными изделиями",false,,1000000,883,,,,,,,,,,,4,Розничная торговля в неспециализированных магазинах,АКМОЛИНСКАЯ ОБЛАСТЬ,ЕСИЛЬСКИЙ РАЙОН
3647934,"Розничная торговля преимущественно продуктами питания, напитками и табачными изделиями в неспециализированных магазинах, являющихся торговыми объектами, с торговой площадью менее 2000 кв.м ",true,,1000000,883,,,,,,,,,,,5,"Розничная торговля в неспециализированных магазинах преимущественно продуктами питания, напитками и табачными изделиями",АКМОЛИНСКАЯ ОБЛАСТЬ,ЕСИЛЬСКИЙ РАЙОН
448381,Прочая розничная торговля в неспециализированных магазинах,false,,155000000,883,,,,,,,,,,,4,Розничная торговля в неспециализированных магазинах,АКМОЛИНСКАЯ ОБЛАСТЬ,ЕСИЛЬСКИЙ РАЙОН
3647936,"Прочая розничная торговля в неспециализированных магазинах, являющихся торговыми объектами, с торговой площадью менее 2000 кв.м ",true,,155000000,883,,,,,,,,,,,5,Прочая розничная торговля в неспециализированных магазинах,АКМОЛИНСКАЯ ОБЛАСТЬ,ЕСИЛЬСКИЙ РАЙОН
448399,Розничная торговля топливом в специализированных магазинах,false,,x,883,x,920,,,32000,1031,2089000,994,x,957,3,"Розничная торговля, кроме торговли автомобилями и мотоциклами",АКМОЛИНСКАЯ ОБЛАСТЬ,ЕСИЛЬСКИЙ РАЙОН
448400,Розничная торговля топливом в специализированных магазинах,false,,x,883,x,920,,,32000,1031,2089000,994,x,957,4,Розничная торговля топливом в специализированных магазинах,АКМОЛИНСКАЯ ОБЛАСТЬ,ЕСИЛЬСКИЙ РАЙОН
20576124,"Розничная торговля моторным топливом в специализированных магазинах, за исключением находящихся на придорожной полосе",true,,x,883,x,920,,,32000,1031,2089000,994,x,957,5,Розничная торговля топливом в специализированных магазинах,АКМОЛИНСКАЯ ОБЛАСТЬ,ЕСИЛЬСКИЙ РАЙОН
448409,Розничная торговля прочими бытовыми товарами в специализированных магазинах ,false,,,,x,920,,,,,,,x,957,3,"Розничная торговля, кроме торговли автомобилями и мотоциклами",АКМОЛИНСКАЯ ОБЛАСТЬ,ЕСИЛЬСКИЙ РАЙОН
448416,Розничная торговля электрическими бытовыми приборами в специализированных магазинах,false,,,,x,920,,,,,,,x,957,4,Розничная торговля прочими бытовыми товарами в специализированных магазинах ,АКМОЛИНСКАЯ ОБЛАСТЬ,ЕСИЛЬСКИЙ РАЙОН
3647962,"Розничная торговля электрическими бытовыми приборами в специализированных магазинах, являющихся торговыми объектами, с торговой площадью менее 2000 кв.м",true,,,,x,920,,,,,,,x,957,5,Розничная торговля электрическими бытовыми приборами в специализированных магазинах,АКМОЛИНСКАЯ ОБЛАСТЬ,ЕСИЛЬСКИЙ РАЙОН
448475,Транспорт и складирование,false,,426034000,883,1424064000,920,209611000,846,1691981000,1031,534354000,994,955586000,957,1,Всего,АКМОЛИНСКАЯ ОБЛАСТЬ,ЕСИЛЬСКИЙ РАЙОН
448527,Складирование грузов и вспомогательная транспортная деятельность,false,,426034000,883,1424064000,920,209611000,846,1691981000,1031,534354000,994,955586000,957,2,Транспорт и складирование,АКМОЛИНСКАЯ ОБЛАСТЬ,ЕСИЛЬСКИЙ РАЙОН
448528,Складирование и хранение грузов,false,,203481000,883,1253008000,920,92120000,846,366023000,1031,122849000,994,836782000,957,3,Складирование грузов и вспомогательная транспортная деятельность,АКМОЛИНСКАЯ ОБЛАСТЬ,ЕСИЛЬСКИЙ РАЙОН
448529,Складирование и хранение грузов,false,,203481000,883,1253008000,920,92120000,846,366023000,1031,122849000,994,836782000,957,4,Складирование и хранение грузов,АКМОЛИНСКАЯ ОБЛАСТЬ,ЕСИЛЬСКИЙ РАЙОН
448530,Складирование и хранение зерна,true,,138481000,883,1181931000,920,92120000,846,366023000,1031,122849000,994,334505000,957,5,Складирование и хранение грузов,АКМОЛИНСКАЯ ОБЛАСТЬ,ЕСИЛЬСКИЙ РАЙОН
448531,"Складирование и хранение непродовольственных товаров, кроме зерна и нефти",true,,,,71077000,920,,,,,,,,,5,Складирование и хранение грузов,АКМОЛИНСКАЯ ОБЛАСТЬ,ЕСИЛЬСКИЙ РАЙОН
20576307,"Складирование и хранение продовольственных товаров, кроме овощей и фруктов",true,,65000000,883,,,,,,,,,,,5,Складирование и хранение грузов,АКМОЛИНСКАЯ ОБЛАСТЬ,ЕСИЛЬСКИЙ РАЙОН
20576309,Складирование и хранение овощей и фруктов,true,,,,,,,,,,,,x,957,5,Складирование и хранение грузов,АКМОЛИНСКАЯ ОБЛАСТЬ,ЕСИЛЬСКИЙ РАЙОН
448533,Вспомогательная транспортная деятельность,false,,222553000,883,171056000,920,117491000,846,1325958000,1031,411505000,994,118804000,957,3,Складирование грузов и вспомогательная транспортная деятельность,АКМОЛИНСКАЯ ОБЛАСТЬ,ЕСИЛЬСКИЙ РАЙОН
448534,Вспомогательная деятельность сухопутного транспорта,false,,222553000,883,171056000,920,117491000,846,1325958000,1031,411505000,994,118804000,957,4,Вспомогательная транспортная деятельность,АКМОЛИНСКАЯ ОБЛАСТЬ,ЕСИЛЬСКИЙ РАЙОН
448535,Эксплуатация железных дорог,true,,221825000,883,152259000,920,58502000,846,61177000,1031,96548000,994,80463000,957,5,Вспомогательная деятельность сухопутного транспорта,АКМОЛИНСКАЯ ОБЛАСТЬ,ЕСИЛЬСКИЙ РАЙОН
448536,Эксплуатация автомобильных дорог,true,,x,883,18797000,920,36989000,846,1264781000,1031,314957000,994,38341000,957,5,Вспомогательная деятельность сухопутного транспорта,АКМОЛИНСКАЯ ОБЛАСТЬ,ЕСИЛЬСКИЙ РАЙОН
448538,Деятельность автомобильных стоянок,true,,,,,,x,846,,,,,,,5,Вспомогательная деятельность сухопутного транспорта,АКМОЛИНСКАЯ ОБЛАСТЬ,ЕСИЛЬСКИЙ РАЙОН
448585,Информация и связь,false,,240392000,883,,,5179000,846,10108000,1031,20235000,994,537000,957,1,Всего,АКМОЛИНСКАЯ ОБЛАСТЬ,ЕСИЛЬСКИЙ РАЙОН
448623,Телекоммуникации,false,,240392000,883,,,92000,846,10108000,1031,20235000,994,537000,957,2,Информация и связь,АКМОЛИНСКАЯ ОБЛАСТЬ,ЕСИЛЬСКИЙ РАЙОН
18696628,Проводная телекоммуникационная связь,false,,11431000,883,,,92000,846,10108000,1031,20235000,994,,,3,Телекоммуникации,АКМОЛИНСКАЯ ОБЛАСТЬ,ЕСИЛЬСКИЙ РАЙОН
18696629,Проводная телекоммуникационная связь,false,,11431000,883,,,92000,846,10108000,1031,20235000,994,,,4,Проводная телекоммуникационная связь,АКМОЛИНСКАЯ ОБЛАСТЬ,ЕСИЛЬСКИЙ РАЙОН
18946146,Прочая проводная телекоммуникационная связь,true,,11431000,883,,,92000,846,10108000,1031,20235000,994,,,5,Проводная телекоммуникационная связь,АКМОЛИНСКАЯ ОБЛАСТЬ,ЕСИЛЬСКИЙ РАЙОН
448627,Беспроводная телекоммуникационная связь,false,,100311000,883,,,,,,,,,537000,957,3,Телекоммуникации,АКМОЛИНСКАЯ ОБЛАСТЬ,ЕСИЛЬСКИЙ РАЙОН
448628,Беспроводная телекоммуникационная связь,false,,100311000,883,,,,,,,,,537000,957,4,Беспроводная телекоммуникационная связь,АКМОЛИНСКАЯ ОБЛАСТЬ,ЕСИЛЬСКИЙ РАЙОН
18946149,Прочая беспроводная телекоммуникационная связь,true,,100311000,883,,,,,,,,,537000,957,5,Беспроводная телекоммуникационная связь,АКМОЛИНСКАЯ ОБЛАСТЬ,ЕСИЛЬСКИЙ РАЙОН
448633,Прочая деятельность в области телекоммуникаций,false,,x,883,,,,,,,,,,,3,Телекоммуникации,АКМОЛИНСКАЯ ОБЛАСТЬ,ЕСИЛЬСКИЙ РАЙОН
448634,Прочая деятельность в области телекоммуникаций,false,,x,883,,,,,,,,,,,4,Прочая деятельность в области телекоммуникаций,АКМОЛИНСКАЯ ОБЛАСТЬ,ЕСИЛЬСКИЙ РАЙОН
18946154,"Прочая деятельность в области телекоммуникаций, не включенная в другие группировки",true,,x,883,,,,,,,,,,,5,Прочая деятельность в области телекоммуникаций,АКМОЛИНСКАЯ ОБЛАСТЬ,ЕСИЛЬСКИЙ РАЙОН
448636,"Компьютерное программирование, консультационные и другие сопутствующие услуги",false,,,,,,x,846,,,,,,,2,Информация и связь,АКМОЛИНСКАЯ ОБЛАСТЬ,ЕСИЛЬСКИЙ РАЙОН
448637,"Компьютерное программирование, консультационные и другие сопутствующие услуги",false,,,,,,x,846,,,,,,,3,"Компьютерное программирование, консультационные и другие сопутствующие услуги",АКМОЛИНСКАЯ ОБЛАСТЬ,ЕСИЛЬСКИЙ РАЙОН
448641,Консультационные услуги в области информационных технологий,false,,,,,,x,846,,,,,,,4,"Компьютерное программирование, консультационные и другие сопутствующие услуги",АКМОЛИНСКАЯ ОБЛАСТЬ,ЕСИЛЬСКИЙ РАЙОН
18946156,Планирование и проектирование коммерческих информационных систем,true,,,,,,x,846,,,,,,,5,Консультационные услуги в области информационных технологий,АКМОЛИНСКАЯ ОБЛАСТЬ,ЕСИЛЬСКИЙ РАЙОН
448658,Финансовая и страховая деятельность,false,,x,883,x,920,x,846,,,,,x,957,1,Всего,АКМОЛИНСКАЯ ОБЛАСТЬ,ЕСИЛЬСКИЙ РАЙОН
448659,"Финансовое посредничество, кроме страхования и пенсионного обеспечения",false,,x,883,x,920,x,846,,,,,x,957,2,Финансовая и страховая деятельность,АКМОЛИНСКАЯ ОБЛАСТЬ,ЕСИЛЬСКИЙ РАЙОН
448673,"Прочее финансовое посредничество, кроме страхования и пенсионного обеспечения",false,,x,883,x,920,x,846,,,,,x,957,3,"Финансовое посредничество, кроме страхования и пенсионного обеспечения",АКМОЛИНСКАЯ ОБЛАСТЬ,ЕСИЛЬСКИЙ РАЙОН
448676,Прочие виды кредитования,false,,x,883,x,920,x,846,,,,,x,957,4,"Прочее финансовое посредничество, кроме страхования и пенсионного обеспечения",АКМОЛИНСКАЯ ОБЛАСТЬ,ЕСИЛЬСКИЙ РАЙОН
448678,"Прочие виды кредитования, не включенные в другие группировки",true,,x,883,x,920,x,846,,,,,x,957,5,Прочие виды кредитования,АКМОЛИНСКАЯ ОБЛАСТЬ,ЕСИЛЬСКИЙ РАЙОН
448714,Операции с недвижимым имуществом,false,,696852000,883,267135000,920,531374000,846,646351000,1031,188623000,994,246972000,957,1,Всего,АКМОЛИНСКАЯ ОБЛАСТЬ,ЕСИЛЬСКИЙ РАЙОН
448715,Операции с недвижимым имуществом,false,,696852000,883,267135000,920,531374000,846,646351000,1031,188623000,994,246972000,957,2,Операции с недвижимым имуществом,АКМОЛИНСКАЯ ОБЛАСТЬ,ЕСИЛЬСКИЙ РАЙОН
448716,Покупка и продажа собственного недвижимого имущества ,false,,696852000,883,260940000,920,531374000,846,646351000,1031,188623000,994,246972000,957,3,Операции с недвижимым имуществом,АКМОЛИНСКАЯ ОБЛАСТЬ,ЕСИЛЬСКИЙ РАЙОН
448717,Покупка и продажа собственного недвижимого имущества ,false,,696852000,883,260940000,920,531374000,846,646351000,1031,188623000,994,246972000,957,4,Покупка и продажа собственного недвижимого имущества ,АКМОЛИНСКАЯ ОБЛАСТЬ,ЕСИЛЬСКИЙ РАЙОН
543091,Покупка и продажа многоквартирных и жилых домов (особняков),true,,696852000,883,246184000,920,268000000,846,646351000,1031,188623000,994,246972000,957,5,Покупка и продажа собственного недвижимого имущества ,АКМОЛИНСКАЯ ОБЛАСТЬ,ЕСИЛЬСКИЙ РАЙОН
543092,Покупка и продажа прочей недвижимости,true,,,,14756000,920,263374000,846,,,,,,,5,Покупка и продажа собственного недвижимого имущества ,АКМОЛИНСКАЯ ОБЛАСТЬ,ЕСИЛЬСКИЙ РАЙОН
448719,Аренда и управление собственной или арендуемой недвижимостью,false,,,,x,920,,,,,,,,,3,Операции с недвижимым имуществом,АКМОЛИНСКАЯ ОБЛАСТЬ,ЕСИЛЬСКИЙ РАЙОН
448720,Аренда и управление собственной или арендуемой недвижимостью,false,,,,x,920,,,,,,,,,4,Аренда и управление собственной или арендуемой недвижимостью,АКМОЛИНСКАЯ ОБЛАСТЬ,ЕСИЛЬСКИЙ РАЙОН
18946171,Аренда и управление собственной недвижимостью,true,,,,x,920,,,,,,,,,5,Аренда и управление собственной или арендуемой недвижимостью,АКМОЛИНСКАЯ ОБЛАСТЬ,ЕСИЛЬСКИЙ РАЙОН
448797,Деятельность в области административного и вспомогательного обслуживания,false,,35370000,883,,,,,94819000,1031,117590000,994,87854000,957,1,Всего,АКМОЛИНСКАЯ ОБЛАСТЬ,ЕСИЛЬСКИЙ РАЙОН
448798,"Аренда, прокат и лизинг",false,,,,,,,,,,,,x,957,2,Деятельность в области административного и вспомогательного обслуживания,АКМОЛИНСКАЯ ОБЛАСТЬ,ЕСИЛЬСКИЙ РАЙОН
448799,Аренда и лизинг автомобилей ,false,,,,,,,,,,,,x,957,3,"Аренда, прокат и лизинг",АКМОЛИНСКАЯ ОБЛАСТЬ,ЕСИЛЬСКИЙ РАЙОН
448802,Аренда и лизинг грузовых автомобилей,false,,,,,,,,,,,,x,957,4,Аренда и лизинг автомобилей ,АКМОЛИНСКАЯ ОБЛАСТЬ,ЕСИЛЬСКИЙ РАЙОН
543077,Аренда грузовых автомобилей,true,,,,,,,,,,,,x,957,5,Аренда и лизинг грузовых автомобилей,АКМОЛИНСКАЯ ОБЛАСТЬ,ЕСИЛЬСКИЙ РАЙОН
448856,Деятельность по обслуживанию зданий и благоустройству территорий,false,,35370000,883,,,,,94819000,1031,117590000,994,65434000,957,2,Деятельность в области административного и вспомогательного обслуживания,АКМОЛИНСКАЯ ОБЛАСТЬ,ЕСИЛЬСКИЙ РАЙОН
448867,Деятельность по благоустройству территорий,false,,35370000,883,,,,,94819000,1031,117590000,994,65434000,957,3,Деятельность по обслуживанию зданий и благоустройству территорий,АКМОЛИНСКАЯ ОБЛАСТЬ,ЕСИЛЬСКИЙ РАЙОН
448868,Деятельность по благоустройству территорий,false,,35370000,883,,,,,94819000,1031,117590000,994,65434000,957,4,Деятельность по благоустройству территорий,АКМОЛИНСКАЯ ОБЛАСТЬ,ЕСИЛЬСКИЙ РАЙОН
448869,Деятельность по благоустройству территорий,true,,35370000,883,,,,,94819000,1031,117590000,994,65434000,957,5,Деятельность по благоустройству территорий,АКМОЛИНСКАЯ ОБЛАСТЬ,ЕСИЛЬСКИЙ РАЙОН
448918,Образование,false,,567804000,883,227631000,920,6385000,846,446967000,1031,190165000,994,1328000,957,1,Всего,АКМОЛИНСКАЯ ОБЛАСТЬ,ЕСИЛЬСКИЙ РАЙОН
448919,Образование,false,,567804000,883,227631000,920,6385000,846,446967000,1031,190165000,994,1328000,957,2,Образование,АКМОЛИНСКАЯ ОБЛАСТЬ,ЕСИЛЬСКИЙ РАЙОН
448926,Среднее образование (2-й и 3-й уровни),false,,567804000,883,227631000,920,6385000,846,346967000,1031,190165000,994,1328000,957,3,Образование,АКМОЛИНСКАЯ ОБЛАСТЬ,ЕСИЛЬСКИЙ РАЙОН
448927,Основное и общее среднее образование,false,,x,883,225792000,920,x,846,296572000,1031,190165000,994,,,4,Среднее образование (2-й и 3-й уровни),АКМОЛИНСКАЯ ОБЛАСТЬ,ЕСИЛЬСКИЙ РАЙОН
448928,Основное и общее среднее образование,true,,x,883,225792000,920,x,846,296572000,1031,190165000,994,,,5,Основное и общее среднее образование,АКМОЛИНСКАЯ ОБЛАСТЬ,ЕСИЛЬСКИЙ РАЙОН
448929,Техническое и профессиональное среднее образование,false,,6801000,883,1839000,920,5585000,846,50395000,1031,,,1328000,957,4,Среднее образование (2-й и 3-й уровни),АКМОЛИНСКАЯ ОБЛАСТЬ,ЕСИЛЬСКИЙ РАЙОН
448930,Профессионально-техническое образование,true,,6801000,883,1839000,920,5585000,846,50395000,1031,,,1328000,957,5,Техническое и профессиональное среднее образование,АКМОЛИНСКАЯ ОБЛАСТЬ,ЕСИЛЬСКИЙ РАЙОН
448937,Прочие виды образования,false,,,,,,,,100000000,1031,,,,,3,Образование,АКМОЛИНСКАЯ ОБЛАСТЬ,ЕСИЛЬСКИЙ РАЙОН
448938,Образование в области спорта и отдыха,false,,,,,,,,100000000,1031,,,,,4,Прочие виды образования,АКМОЛИНСКАЯ ОБЛАСТЬ,ЕСИЛЬСКИЙ РАЙОН
448939,Образование в области спорта и отдыха,true,,,,,,,,100000000,1031,,,,,5,Образование в области спорта и отдыха,АКМОЛИНСКАЯ ОБЛАСТЬ,ЕСИЛЬСКИЙ РАЙОН
448950,Здравоохранение и социальное обслуживание населения,false,,,,,,29290000,846,660833000,1031,390000,994,,,1,Всего,АКМОЛИНСКАЯ ОБЛАСТЬ,ЕСИЛЬСКИЙ РАЙОН
448951,Деятельность в области здравоохранения,false,,,,,,29290000,846,660833000,1031,390000,994,,,2,Здравоохранение и социальное обслуживание населения,АКМОЛИНСКАЯ ОБЛАСТЬ,ЕСИЛЬСКИЙ РАЙОН
448952,Деятельность больничных организаций,false,,,,,,29290000,846,,,,,,,3,Деятельность в области здравоохранения,АКМОЛИНСКАЯ ОБЛАСТЬ,ЕСИЛЬСКИЙ РАЙОН
448953,Деятельность больничных организаций,false,,,,,,29290000,846,,,,,,,4,Деятельность больничных организаций,АКМОЛИНСКАЯ ОБЛАСТЬ,ЕСИЛЬСКИЙ РАЙОН
448954,Деятельность больниц широкого профиля и специализированных больниц,true,,,,,,29290000,846,,,,,,,5,Деятельность больничных организаций,АКМОЛИНСКАЯ ОБЛАСТЬ,ЕСИЛЬСКИЙ РАЙОН
448959,Деятельность в области врачебной практики и стоматологии,false,,,,,,,,660833000,1031,390000,994,,,3,Деятельность в области здравоохранения,АКМОЛИНСКАЯ ОБЛАСТЬ,ЕСИЛЬСКИЙ РАЙОН
448960,Общая врачебная практика,false,,,,,,,,660833000,1031,390000,994,,,4,Деятельность в области врачебной практики и стоматологии,АКМОЛИНСКАЯ ОБЛАСТЬ,ЕСИЛЬСКИЙ РАЙОН
448961,Общая врачебная практика,true,,,,,,,,660833000,1031,390000,994,,,5,Общая врачебная практика,АКМОЛИНСКАЯ ОБЛАСТЬ,ЕСИЛЬСКИЙ РАЙОН
448991,"Искусство, развлечения и отдых",false,,81031000,883,,,,,230330000,1031,682884000,994,113500000,957,1,Всего,АКМОЛИНСКАЯ ОБЛАСТЬ,ЕСИЛЬСКИЙ РАЙОН
449004,"Деятельность библиотек, архивов, музеев и прочая деятельность в области культуры",false,,x,883,,,,,,,,,,,2,"Искусство, развлечения и отдых",АКМОЛИНСКАЯ ОБЛАСТЬ,ЕСИЛЬСКИЙ РАЙОН
449005,"Деятельность библиотек, архивов, музеев и прочая деятельность в области культуры",false,,x,883,,,,,,,,,,,3,"Деятельность библиотек, архивов, музеев и прочая деятельность в области культуры",АКМОЛИНСКАЯ ОБЛАСТЬ,ЕСИЛЬСКИЙ РАЙОН
449006,Деятельность библиотек и архивов,false,,x,883,,,,,,,,,,,4,"Деятельность библиотек, архивов, музеев и прочая деятельность в области культуры",АКМОЛИНСКАЯ ОБЛАСТЬ,ЕСИЛЬСКИЙ РАЙОН
449008,"Библиотечная деятельность, включая деятельность читальных залов, лекториев, демонстрационных залов",true,,x,883,,,,,,,,,,,5,Деятельность библиотек и архивов,АКМОЛИНСКАЯ ОБЛАСТЬ,ЕСИЛЬСКИЙ РАЙОН
449022,"Деятельность в области спорта, организации отдыха и развлечений",false,,17741000,883,,,,,230330000,1031,682884000,994,113500000,957,2,"Искусство, развлечения и отдых",АКМОЛИНСКАЯ ОБЛАСТЬ,ЕСИЛЬСКИЙ РАЙОН
449023,Деятельность в области спорта,false,,17741000,883,,,,,80330000,1031,446428000,994,113500000,957,3,"Деятельность в области спорта, организации отдыха и развлечений",АКМОЛИНСКАЯ ОБЛАСТЬ,ЕСИЛЬСКИЙ РАЙОН
449024,Эксплуатация спортивных сооружений,false,,17741000,883,,,,,80330000,1031,446428000,994,113500000,957,4,Деятельность в области спорта,АКМОЛИНСКАЯ ОБЛАСТЬ,ЕСИЛЬСКИЙ РАЙОН
449025,Эксплуатация спортивных сооружений,true,,17741000,883,,,,,80330000,1031,446428000,994,113500000,957,5,Эксплуатация спортивных сооружений,АКМОЛИНСКАЯ ОБЛАСТЬ,ЕСИЛЬСКИЙ РАЙОН
449032,Деятельность по организации отдыха и развлечений,false,,,,,,,,150000000,1031,236456000,994,,,3,"Деятельность в области спорта, организации отдыха и развлечений",АКМОЛИНСКАЯ ОБЛАСТЬ,ЕСИЛЬСКИЙ РАЙОН
449035,Прочая деятельность по организации отдыха и развлечений,false,,,,,,,,150000000,1031,236456000,994,,,4,Деятельность по организации отдыха и развлечений,АКМОЛИНСКАЯ ОБЛАСТЬ,ЕСИЛЬСКИЙ РАЙОН
449039,Прочие виды деятельности по организации отдыха и развлечений,true,,,,,,,,150000000,1031,236456000,994,,,5,Прочая деятельность по организации отдыха и развлечений,АКМОЛИНСКАЯ ОБЛАСТЬ,ЕСИЛЬСКИЙ РАЙОН
449040,Предоставление прочих видов услуг,false,,1300000,883,,,,,,,,,,,1,Всего,АКМОЛИНСКАЯ ОБЛАСТЬ,ЕСИЛЬСКИЙ РАЙОН
449084,Предоставление прочих индивидуальных услуг,false,,1300000,883,,,,,,,,,,,2,Предоставление прочих видов услуг,АКМОЛИНСКАЯ ОБЛАСТЬ,ЕСИЛЬСКИЙ РАЙОН
449085,Предоставление прочих индивидуальных услуг,false,,1300000,883,,,,,,,,,,,3,Предоставление прочих индивидуальных услуг,АКМОЛИНСКАЯ ОБЛАСТЬ,ЕСИЛЬСКИЙ РАЙОН
449089,Предоставление услуг парикмахерскими и салонами красоты,false,,1300000,883,,,,,,,,,,,4,Предоставление прочих индивидуальных услуг,АКМОЛИНСКАЯ ОБЛАСТЬ,ЕСИЛЬСКИЙ РАЙОН
449090,Предоставление услуг парикмахерскими и салонами красоты,true,,1300000,883,,,,,,,,,,,5,Предоставление услуг парикмахерскими и салонами красоты,АКМОЛИНСКАЯ ОБЛАСТЬ,ЕСИЛЬСКИЙ РАЙОН
741340,Промышленность,false,,632348000,883,675989000,920,629365000,846,799269000,1031,2251169000,994,916698000,957,1,Всего,АКМОЛИНСКАЯ ОБЛАСТЬ,ЕСИЛЬСКИЙ РАЙОН
447279,Горнодобывающая промышленность и разработка карьеров,false,,2778000,883,153526000,920,x,846,,,,,450000,957,2,Промышленность,АКМОЛИНСКАЯ ОБЛАСТЬ,ЕСИЛЬСКИЙ РАЙОН
447298,Добыча металлических руд,false,,,,,,x,846,,,,,,,3,Горнодобывающая промышленность и разработка карьеров,АКМОЛИНСКАЯ ОБЛАСТЬ,ЕСИЛЬСКИЙ РАЙОН
447303,"Добыча руд, кроме железных ",false,,,,,,x,846,,,,,,,4,Добыча металлических руд,АКМОЛИНСКАЯ ОБЛАСТЬ,ЕСИЛЬСКИЙ РАЙОН
447306,Добыча прочих металлических руд,false,,,,,,x,846,,,,,,,5,"Добыча руд, кроме железных ",АКМОЛИНСКАЯ ОБЛАСТЬ,ЕСИЛЬСКИЙ РАЙОН
447339,Предоставление услуг в горнодобывающей промышленности,false,,2778000,883,153526000,920,,,,,,,450000,957,3,Горнодобывающая промышленность и разработка карьеров,АКМОЛИНСКАЯ ОБЛАСТЬ,ЕСИЛЬСКИЙ РАЙОН
447343,"Предоставление услуг, способствующих добыче других полезных ископаемых",false,,2778000,883,153526000,920,,,,,,,450000,957,4,Предоставление услуг в горнодобывающей промышленности,АКМОЛИНСКАЯ ОБЛАСТЬ,ЕСИЛЬСКИЙ РАЙОН
447344,"Предоставление услуг, способствующих добыче других полезных ископаемых",false,,2778000,883,153526000,920,,,,,,,450000,957,5,"Предоставление услуг, способствующих добыче других полезных ископаемых",АКМОЛИНСКАЯ ОБЛАСТЬ,ЕСИЛЬСКИЙ РАЙОН
447346,Обрабатывающая промышленность,false,,489534000,883,66786000,920,20321000,846,,,,,16378000,957,2,Промышленность,АКМОЛИНСКАЯ ОБЛАСТЬ,ЕСИЛЬСКИЙ РАЙОН
447347,Производство продуктов питания,false,,489534000,883,66786000,920,20321000,846,,,,,16378000,957,3,Обрабатывающая промышленность,АКМОЛИНСКАЯ ОБЛАСТЬ,ЕСИЛЬСКИЙ РАЙОН
447371,Производство молочных продуктов,false,,x,883,,,x,846,,,,,,,4,Производство продуктов питания,АКМОЛИНСКАЯ ОБЛАСТЬ,ЕСИЛЬСКИЙ РАЙОН
447372,Переработка молока и производство сыров,false,,x,883,,,x,846,,,,,,,5,Производство молочных продуктов,АКМОЛИНСКАЯ ОБЛАСТЬ,ЕСИЛЬСКИЙ РАЙОН
447377,"Производство мукомольно-крупяных продуктов, крахмалов и крахмальных продуктов",false,,,,,,,,,,,,16378000,957,4,Производство продуктов питания,АКМОЛИНСКАЯ ОБЛАСТЬ,ЕСИЛЬСКИЙ РАЙОН
447378,Производство мукомольно-крупяных продуктов,false,,,,,,,,,,,,16378000,957,5,"Производство мукомольно-крупяных продуктов, крахмалов и крахмальных продуктов",АКМОЛИНСКАЯ ОБЛАСТЬ,ЕСИЛЬСКИЙ РАЙОН
447408,Производство готовых кормов для животных,false,,488522000,883,66786000,920,12618000,846,,,,,,,4,Производство продуктов питания,АКМОЛИНСКАЯ ОБЛАСТЬ,ЕСИЛЬСКИЙ РАЙОН
447409,Производство готовых кормов для сельскохозяйственных животных,false,,488522000,883,66786000,920,12618000,846,,,,,,,5,Производство готовых кормов для животных,АКМОЛИНСКАЯ ОБЛАСТЬ,ЕСИЛЬСКИЙ РАЙОН
448090,"Снабжение электроэнергией, газом, паром, горячей водой и кондиционированным воздухом",false,,93352000,883,237596000,920,x,846,362447000,1031,433717000,994,214250000,957,2,Промышленность,АКМОЛИНСКАЯ ОБЛАСТЬ,ЕСИЛЬСКИЙ РАЙОН
448091,"Снабжение электроэнергией, газом, паром, горячей водой и кондиционированным воздухом",false,,93352000,883,237596000,920,x,846,362447000,1031,433717000,994,214250000,957,3,"Снабжение электроэнергией, газом, паром, горячей водой и кондиционированным воздухом",АКМОЛИНСКАЯ ОБЛАСТЬ,ЕСИЛЬСКИЙ РАЙОН
448092,"Производство, передача и распределение электроэнергии",false,,85180000,883,235628000,920,x,846,362447000,1031,431574000,994,206428000,957,4,"Снабжение электроэнергией, газом, паром, горячей водой и кондиционированным воздухом",АКМОЛИНСКАЯ ОБЛАСТЬ,ЕСИЛЬСКИЙ РАЙОН
448098,Передача электроэнергии,false,,19947000,883,139061000,920,,,242107000,1031,x,994,,,5,"Производство, передача и распределение электроэнергии",АКМОЛИНСКАЯ ОБЛАСТЬ,ЕСИЛЬСКИЙ РАЙОН
448100,Распределение электроэнергии,false,,65233000,883,96567000,920,x,846,119464000,1031,73530000,994,206428000,957,5,"Производство, передача и распределение электроэнергии",АКМОЛИНСКАЯ ОБЛАСТЬ,ЕСИЛЬСКИЙ РАЙОН
448102,Продажа электроэнергии ,false,,,,,,,,876000,1031,,,,,5,"Производство, передача и распределение электроэнергии",АКМОЛИНСКАЯ ОБЛАСТЬ,ЕСИЛЬСКИЙ РАЙОН
448111,"Снабжение паром, горячей водой и кондиционированным воздухом",false,,8172000,883,x,920,,,,,2143000,994,7822000,957,4,"Снабжение электроэнергией, газом, паром, горячей водой и кондиционированным воздухом",АКМОЛИНСКАЯ ОБЛАСТЬ,ЕСИЛЬСКИЙ РАЙОН
448112,"Снабжение паром, горячей водой и кондиционированным воздухом",false,,8172000,883,x,920,,,,,2143000,994,7822000,957,5,"Снабжение паром, горячей водой и кондиционированным воздухом",АКМОЛИНСКАЯ ОБЛАСТЬ,ЕСИЛЬСКИЙ РАЙОН
448117,"Водоснабжение; сбор, обработка и удаление отходов, деятельность по ликвидации загрязнений",false,,46684000,883,218081000,920,559303000,846,436822000,1031,1817452000,994,685620000,957,2,Промышленность,АКМОЛИНСКАЯ ОБЛАСТЬ,ЕСИЛЬСКИЙ РАЙОН
448118,"Сбор, обработка и распределение воды",false,,42384000,883,218081000,920,559303000,846,422319000,1031,1797834000,994,684174000,957,3,"Водоснабжение; сбор, обработка и удаление отходов, деятельность по ликвидации загрязнений",АКМОЛИНСКАЯ ОБЛАСТЬ,ЕСИЛЬСКИЙ РАЙОН
448119,"Сбор, обработка и распределение воды",false,,42384000,883,218081000,920,559303000,846,422319000,1031,1797834000,994,684174000,957,4,"Сбор, обработка и распределение воды",АКМОЛИНСКАЯ ОБЛАСТЬ,ЕСИЛЬСКИЙ РАЙОН
448120,"Сбор, обработка и распределение воды",false,,42384000,883,218081000,920,559303000,846,422319000,1031,1797834000,994,684174000,957,5,"Сбор, обработка и распределение воды",АКМОЛИНСКАЯ ОБЛАСТЬ,ЕСИЛЬСКИЙ РАЙОН
448122,Сбор и обработка сточных вод,false,,4300000,883,,,,,14503000,1031,19618000,994,,,3,"Водоснабжение; сбор, обработка и удаление отходов, деятельность по ликвидации загрязнений",АКМОЛИНСКАЯ ОБЛАСТЬ,ЕСИЛЬСКИЙ РАЙОН
448123,Сбор и обработка сточных вод,false,,4300000,883,,,,,14503000,1031,19618000,994,,,4,Сбор и обработка сточных вод,АКМОЛИНСКАЯ ОБЛАСТЬ,ЕСИЛЬСКИЙ РАЙОН
448124,Сбор и обработка сточных вод,false,,4300000,883,,,,,14503000,1031,19618000,994,,,5,Сбор и обработка сточных вод,АКМОЛИНСКАЯ ОБЛАСТЬ,ЕСИЛЬСКИЙ РАЙОН
448126,"Сбор, обработка и удаление отходов; утилизация (восстановление) материалов",false,,,,,,,,,,,,1446000,957,3,"Водоснабжение; сбор, обработка и удаление отходов, деятельность по ликвидации загрязнений",АКМОЛИНСКАЯ ОБЛАСТЬ,ЕСИЛЬСКИЙ РАЙОН
448132,Обработка и удаление отходов,false,,,,,,,,,,,,1446000,957,4,"Сбор, обработка и удаление отходов; утилизация (восстановление) материалов",АКМОЛИНСКАЯ ОБЛАСТЬ,ЕСИЛЬСКИЙ РАЙОН
448135,Обработка и удаление опасных отходов,false,,,,,,,,,,,,1446000,957,5,Обработка и удаление отходов,АКМОЛИНСКАЯ ОБЛАСТЬ,ЕСИЛЬСКИЙ РАЙОН
741885,Всего,false,,7577094000,883,16481080000,920,7382918000,846,11894782000,1031,11692108000,994,13169168000,957,0,,АКМОЛИНСКАЯ ОБЛАСТЬ,ЖАКСЫНСКИЙ РАЙОН
447173,"Сельское, лесное и рыбное хозяйство",false,,5717399000,883,4886839000,920,3694438000,846,3506319000,1031,8308339000,994,9294055000,957,1,Всего,АКМОЛИНСКАЯ ОБЛАСТЬ,ЖАКСЫНСКИЙ РАЙОН
447174,"Растениеводство и животноводство, охота и предоставление услуг в этих областях",false,,5717399000,883,4886839000,920,3694438000,846,3506319000,1031,8308339000,994,9294055000,957,2,"Сельское, лесное и рыбное хозяйство",АКМОЛИНСКАЯ ОБЛАСТЬ,ЖАКСЫНСКИЙ РАЙОН
447175,Выращивание одно- или двухлетних культур,false,,5348404000,883,4502899000,920,3356963000,846,3455562000,1031,8197591000,994,9256700000,957,3,"Растениеводство и животноводство, охота и предоставление услуг в этих областях",АКМОЛИНСКАЯ ОБЛАСТЬ,ЖАКСЫНСКИЙ РАЙОН
447176,"Выращивание зерновых (кроме риса), бобовых и масличных культур",false,,5348404000,883,4502899000,920,3356963000,846,3455562000,1031,8197591000,994,9256700000,957,4,Выращивание одно- или двухлетних культур,АКМОЛИНСКАЯ ОБЛАСТЬ,ЖАКСЫНСКИЙ РАЙОН
3783380,"Выращивание зерновых и зернобобовых культур, включая семеноводство",true,,5348404000,883,4502899000,920,3356963000,846,3455562000,1031,8197591000,994,9256700000,957,5,"Выращивание зерновых (кроме риса), бобовых и масличных культур",АКМОЛИНСКАЯ ОБЛАСТЬ,ЖАКСЫНСКИЙ РАЙОН
447218,Животноводство,false,,101076000,883,16650000,920,69650000,846,44557000,1031,18125000,994,31130000,957,3,"Растениеводство и животноводство, охота и предоставление услуг в этих областях",АКМОЛИНСКАЯ ОБЛАСТЬ,ЖАКСЫНСКИЙ РАЙОН
447219,Разведение крупного рогатого скота молочного направления,false,,1076000,883,,,30000000,846,,,,,,,4,Животноводство,АКМОЛИНСКАЯ ОБЛАСТЬ,ЖАКСЫНСКИЙ РАЙОН
447220,Разведение крупного рогатого скота молочного направления,true,,1076000,883,,,30000000,846,,,,,,,5,Разведение крупного рогатого скота молочного направления,АКМОЛИНСКАЯ ОБЛАСТЬ,ЖАКСЫНСКИЙ РАЙОН
447221,Разведение прочего крупного рогатого скота и буйволов,false,,100000000,883,16000000,920,39650000,846,19700000,1031,,,31130000,957,4,Животноводство,АКМОЛИНСКАЯ ОБЛАСТЬ,ЖАКСЫНСКИЙ РАЙОН
447222,Разведение прочего крупного рогатого скота и буйволов,true,,100000000,883,16000000,920,39650000,846,19700000,1031,,,31130000,957,5,Разведение прочего крупного рогатого скота и буйволов,АКМОЛИНСКАЯ ОБЛАСТЬ,ЖАКСЫНСКИЙ РАЙОН
447223,Разведение лошадей и прочих животных семейства лошадиных,false,,,,650000,920,,,x,1031,18125000,994,,,4,Животноводство,АКМОЛИНСКАЯ ОБЛАСТЬ,ЖАКСЫНСКИЙ РАЙОН
447224,Разведение лошадей,true,,,,650000,920,,,x,1031,18125000,994,,,5,Разведение лошадей и прочих животных семейства лошадиных,АКМОЛИНСКАЯ ОБЛАСТЬ,ЖАКСЫНСКИЙ РАЙОН
447239,Смешанное сельское хозяйство,false,,x,883,367290000,920,x,846,6200000,1031,92623000,994,x,957,3,"Растениеводство и животноводство, охота и предоставление услуг в этих областях",АКМОЛИНСКАЯ ОБЛАСТЬ,ЖАКСЫНСКИЙ РАЙОН
447240,Смешанное сельское хозяйство,false,,x,883,367290000,920,x,846,6200000,1031,92623000,994,x,957,4,Смешанное сельское хозяйство,АКМОЛИНСКАЯ ОБЛАСТЬ,ЖАКСЫНСКИЙ РАЙОН
447241,Смешанное сельское хозяйство,true,,x,883,367290000,920,x,846,6200000,1031,92623000,994,x,957,5,Смешанное сельское хозяйство,АКМОЛИНСКАЯ ОБЛАСТЬ,ЖАКСЫНСКИЙ РАЙОН
448148,Строительство,false,,672000,883,8481000,920,4422000,846,35584000,1031,10467000,994,5383000,957,1,Всего,АКМОЛИНСКАЯ ОБЛАСТЬ,ЖАКСЫНСКИЙ РАЙОН
448177,Специализированные строительные работы,false,,672000,883,8481000,920,4422000,846,35584000,1031,10467000,994,5383000,957,2,Строительство,АКМОЛИНСКАЯ ОБЛАСТЬ,ЖАКСЫНСКИЙ РАЙОН
448207,Прочие специализированные строительные работы,false,,672000,883,8481000,920,4422000,846,35584000,1031,10467000,994,5383000,957,3,Специализированные строительные работы,АКМОЛИНСКАЯ ОБЛАСТЬ,ЖАКСЫНСКИЙ РАЙОН
448210,"Прочие специализированные строительные работы, не включенные в другие группировки",false,,672000,883,8481000,920,4422000,846,35584000,1031,10467000,994,5383000,957,4,Прочие специализированные строительные работы,АКМОЛИНСКАЯ ОБЛАСТЬ,ЖАКСЫНСКИЙ РАЙОН
448214,"Прочие строительные работы, требующие специальной квалификации",true,,672000,883,8481000,920,4422000,846,35584000,1031,10467000,994,5383000,957,5,"Прочие специализированные строительные работы, не включенные в другие группировки",АКМОЛИНСКАЯ ОБЛАСТЬ,ЖАКСЫНСКИЙ РАЙОН
448215,Оптовая и розничная торговля; ремонт автомобилей и мотоциклов,false,,95705000,883,1150400000,920,x,846,15163000,1031,88472000,994,245207000,957,1,Всего,АКМОЛИНСКАЯ ОБЛАСТЬ,ЖАКСЫНСКИЙ РАЙОН
448237,"Оптовая торговля, за исключением торговли автомобилями и мотоциклами",false,,x,883,1114928000,920,x,846,15163000,1031,88472000,994,245207000,957,2,Оптовая и розничная торговля; ремонт автомобилей и мотоциклов,АКМОЛИНСКАЯ ОБЛАСТЬ,ЖАКСЫНСКИЙ РАЙОН
448331,Прочая специализированная оптовая торговля ,false,,x,883,x,920,x,846,x,1031,x,994,x,957,3,"Оптовая торговля, за исключением торговли автомобилями и мотоциклами",АКМОЛИНСКАЯ ОБЛАСТЬ,ЖАКСЫНСКИЙ РАЙОН
448332,"Оптовая торговля твердым, жидким и газообразным топливом и подобными продуктами",false,,x,883,x,920,x,846,x,1031,x,994,x,957,4,Прочая специализированная оптовая торговля ,АКМОЛИНСКАЯ ОБЛАСТЬ,ЖАКСЫНСКИЙ РАЙОН
448339,Оптовая торговля дизельным топливом,true,,x,883,x,920,x,846,x,1031,x,994,x,957,5,"Оптовая торговля твердым, жидким и газообразным топливом и подобными продуктами",АКМОЛИНСКАЯ ОБЛАСТЬ,ЖАКСЫНСКИЙ РАЙОН
448371,Неспециализированная оптовая торговля,false,,,,x,920,,,x,1031,x,994,x,957,3,"Оптовая торговля, за исключением торговли автомобилями и мотоциклами",АКМОЛИНСКАЯ ОБЛАСТЬ,ЖАКСЫНСКИЙ РАЙОН
448372,Неспециализированная оптовая торговля,false,,,,x,920,,,x,1031,x,994,x,957,4,Неспециализированная оптовая торговля,АКМОЛИНСКАЯ ОБЛАСТЬ,ЖАКСЫНСКИЙ РАЙОН
448376,Оптовая торговля широким ассортиментом товаров без какой-либо конкретизации,true,,,,x,920,,,x,1031,x,994,x,957,5,Неспециализированная оптовая торговля,АКМОЛИНСКАЯ ОБЛАСТЬ,ЖАКСЫНСКИЙ РАЙОН
448377,"Розничная торговля, кроме торговли автомобилями и мотоциклами",false,,x,883,x,920,,,,,,,,,2,Оптовая и розничная торговля; ремонт автомобилей и мотоциклов,АКМОЛИНСКАЯ ОБЛАСТЬ,ЖАКСЫНСКИЙ РАЙОН
448378,Розничная торговля в неспециализированных магазинах,false,,x,883,,,,,,,,,,,3,"Розничная торговля, кроме торговли автомобилями и мотоциклами",АКМОЛИНСКАЯ ОБЛАСТЬ,ЖАКСЫНСКИЙ РАЙОН
448379,"Розничная торговля в неспециализированных магазинах преимущественно продуктами питания, напитками и табачными изделиями",false,,x,883,,,,,,,,,,,4,Розничная торговля в неспециализированных магазинах,АКМОЛИНСКАЯ ОБЛАСТЬ,ЖАКСЫНСКИЙ РАЙОН
3647934,"Розничная торговля преимущественно продуктами питания, напитками и табачными изделиями в неспециализированных магазинах, являющихся торговыми объектами, с торговой площадью менее 2000 кв.м ",true,,x,883,,,,,,,,,,,5,"Розничная торговля в неспециализированных магазинах преимущественно продуктами питания, напитками и табачными изделиями",АКМОЛИНСКАЯ ОБЛАСТЬ,ЖАКСЫНСКИЙ РАЙОН
448399,Розничная торговля топливом в специализированных магазинах,false,,,,x,920,,,,,,,,,3,"Розничная торговля, кроме торговли автомобилями и мотоциклами",АКМОЛИНСКАЯ ОБЛАСТЬ,ЖАКСЫНСКИЙ РАЙОН
448400,Розничная торговля топливом в специализированных магазинах,false,,,,x,920,,,,,,,,,4,Розничная торговля топливом в специализированных магазинах,АКМОЛИНСКАЯ ОБЛАСТЬ,ЖАКСЫНСКИЙ РАЙОН
20576124,"Розничная торговля моторным топливом в специализированных магазинах, за исключением находящихся на придорожной полосе",true,,,,x,920,,,,,,,,,5,Розничная торговля топливом в специализированных магазинах,АКМОЛИНСКАЯ ОБЛАСТЬ,ЖАКСЫНСКИЙ РАЙОН
448475,Транспорт и складирование,false,,189472000,883,8371301000,920,566425000,846,5882467000,1031,552036000,994,1891204000,957,1,Всего,АКМОЛИНСКАЯ ОБЛАСТЬ,ЖАКСЫНСКИЙ РАЙОН
448527,Складирование грузов и вспомогательная транспортная деятельность,false,,189472000,883,8371301000,920,566425000,846,5882467000,1031,552036000,994,1891204000,957,2,Транспорт и складирование,АКМОЛИНСКАЯ ОБЛАСТЬ,ЖАКСЫНСКИЙ РАЙОН
448528,Складирование и хранение грузов,false,,x,883,346599000,920,x,846,x,1031,141944000,994,91083000,957,3,Складирование грузов и вспомогательная транспортная деятельность,АКМОЛИНСКАЯ ОБЛАСТЬ,ЖАКСЫНСКИЙ РАЙОН
448529,Складирование и хранение грузов,false,,x,883,346599000,920,x,846,x,1031,141944000,994,91083000,957,4,Складирование и хранение грузов,АКМОЛИНСКАЯ ОБЛАСТЬ,ЖАКСЫНСКИЙ РАЙОН
448530,Складирование и хранение зерна,true,,x,883,346599000,920,x,846,x,1031,x,994,91083000,957,5,Складирование и хранение грузов,АКМОЛИНСКАЯ ОБЛАСТЬ,ЖАКСЫНСКИЙ РАЙОН
448531,"Складирование и хранение непродовольственных товаров, кроме зерна и нефти",true,,,,,,,,,,5478000,994,,,5,Складирование и хранение грузов,АКМОЛИНСКАЯ ОБЛАСТЬ,ЖАКСЫНСКИЙ РАЙОН
20576307,"Складирование и хранение продовольственных товаров, кроме овощей и фруктов",true,,,,,,,,x,1031,67096000,994,,,5,Складирование и хранение грузов,АКМОЛИНСКАЯ ОБЛАСТЬ,ЖАКСЫНСКИЙ РАЙОН
448533,Вспомогательная транспортная деятельность,false,,181934000,883,8024702000,920,120862000,846,5703399000,1031,410092000,994,1800121000,957,3,Складирование грузов и вспомогательная транспортная деятельность,АКМОЛИНСКАЯ ОБЛАСТЬ,ЖАКСЫНСКИЙ РАЙОН
448534,Вспомогательная деятельность сухопутного транспорта,false,,181934000,883,8024702000,920,120862000,846,5703399000,1031,410092000,994,1800121000,957,4,Вспомогательная транспортная деятельность,АКМОЛИНСКАЯ ОБЛАСТЬ,ЖАКСЫНСКИЙ РАЙОН
448535,Эксплуатация железных дорог,true,,,,6993438000,920,,,3262206000,1031,,,x,957,5,Вспомогательная деятельность сухопутного транспорта,АКМОЛИНСКАЯ ОБЛАСТЬ,ЖАКСЫНСКИЙ РАЙОН
448536,Эксплуатация автомобильных дорог,true,,2986000,883,1031264000,920,110622000,846,2441193000,1031,365092000,994,905504000,957,5,Вспомогательная деятельность сухопутного транспорта,АКМОЛИНСКАЯ ОБЛАСТЬ,ЖАКСЫНСКИЙ РАЙОН
448538,Деятельность автомобильных стоянок,true,,x,883,,,10240000,846,,,45000000,994,,,5,Вспомогательная деятельность сухопутного транспорта,АКМОЛИНСКАЯ ОБЛАСТЬ,ЖАКСЫНСКИЙ РАЙОН
448558,Предоставление услуг по проживанию и питанию,false,,,,,,,,24360000,1031,,,,,1,Всего,АКМОЛИНСКАЯ ОБЛАСТЬ,ЖАКСЫНСКИЙ РАЙОН
3783427,Предоставление услуг по временному проживанию,false,,,,,,,,24360000,1031,,,,,2,Предоставление услуг по проживанию и питанию,АКМОЛИНСКАЯ ОБЛАСТЬ,ЖАКСЫНСКИЙ РАЙОН
3783428,Предоставление услуг гостиницами и аналогичными местами для проживания,false,,,,,,,,24360000,1031,,,,,3,Предоставление услуг по временному проживанию,АКМОЛИНСКАЯ ОБЛАСТЬ,ЖАКСЫНСКИЙ РАЙОН
3783429,Предоставление услуг гостиницами и аналогичными местами для проживания,false,,,,,,,,24360000,1031,,,,,4,Предоставление услуг гостиницами и аналогичными местами для проживания,АКМОЛИНСКАЯ ОБЛАСТЬ,ЖАКСЫНСКИЙ РАЙОН
3783431,"Предоставление услуг гостиницами без ресторанов, за исключением гостиниц, находящихся на придорожной полосе",true,,,,,,,,24360000,1031,,,,,5,Предоставление услуг гостиницами и аналогичными местами для проживания,АКМОЛИНСКАЯ ОБЛАСТЬ,ЖАКСЫНСКИЙ РАЙОН
448585,Информация и связь,false,,65380000,883,,,3413000,846,4511000,1031,,,1850000,957,1,Всего,АКМОЛИНСКАЯ ОБЛАСТЬ,ЖАКСЫНСКИЙ РАЙОН
448623,Телекоммуникации,false,,65380000,883,,,3413000,846,4511000,1031,,,1850000,957,2,Информация и связь,АКМОЛИНСКАЯ ОБЛАСТЬ,ЖАКСЫНСКИЙ РАЙОН
18696628,Проводная телекоммуникационная связь,false,,7991000,883,,,3413000,846,4511000,1031,,,1492000,957,3,Телекоммуникации,АКМОЛИНСКАЯ ОБЛАСТЬ,ЖАКСЫНСКИЙ РАЙОН
18696629,Проводная телекоммуникационная связь,false,,7991000,883,,,3413000,846,4511000,1031,,,1492000,957,4,Проводная телекоммуникационная связь,АКМОЛИНСКАЯ ОБЛАСТЬ,ЖАКСЫНСКИЙ РАЙОН
18946146,Прочая проводная телекоммуникационная связь,true,,7991000,883,,,3413000,846,4511000,1031,,,1492000,957,5,Проводная телекоммуникационная связь,АКМОЛИНСКАЯ ОБЛАСТЬ,ЖАКСЫНСКИЙ РАЙОН
448627,Беспроводная телекоммуникационная связь,false,,57389000,883,,,,,,,,,358000,957,3,Телекоммуникации,АКМОЛИНСКАЯ ОБЛАСТЬ,ЖАКСЫНСКИЙ РАЙОН
448628,Беспроводная телекоммуникационная связь,false,,57389000,883,,,,,,,,,358000,957,4,Беспроводная телекоммуникационная связь,АКМОЛИНСКАЯ ОБЛАСТЬ,ЖАКСЫНСКИЙ РАЙОН
18946149,Прочая беспроводная телекоммуникационная связь,true,,57389000,883,,,,,,,,,358000,957,5,Беспроводная телекоммуникационная связь,АКМОЛИНСКАЯ ОБЛАСТЬ,ЖАКСЫНСКИЙ РАЙОН
448658,Финансовая и страховая деятельность,false,,,,,,,,,,,,x,957,1,Всего,АКМОЛИНСКАЯ ОБЛАСТЬ,ЖАКСЫНСКИЙ РАЙОН
448659,"Финансовое посредничество, кроме страхования и пенсионного обеспечения",false,,,,,,,,,,,,x,957,2,Финансовая и страховая деятельность,АКМОЛИНСКАЯ ОБЛАСТЬ,ЖАКСЫНСКИЙ РАЙОН
448673,"Прочее финансовое посредничество, кроме страхования и пенсионного обеспечения",false,,,,,,,,,,,,x,957,3,"Финансовое посредничество, кроме страхования и пенсионного обеспечения",АКМОЛИНСКАЯ ОБЛАСТЬ,ЖАКСЫНСКИЙ РАЙОН
448676,Прочие виды кредитования,false,,,,,,,,,,,,x,957,4,"Прочее финансовое посредничество, кроме страхования и пенсионного обеспечения",АКМОЛИНСКАЯ ОБЛАСТЬ,ЖАКСЫНСКИЙ РАЙОН
448678,"Прочие виды кредитования, не включенные в другие группировки",true,,,,,,,,,,,,x,957,5,Прочие виды кредитования,АКМОЛИНСКАЯ ОБЛАСТЬ,ЖАКСЫНСКИЙ РАЙОН
448714,Операции с недвижимым имуществом,false,,387681000,883,243166000,920,268061000,846,498763000,1031,409603000,994,217536000,957,1,Всего,АКМОЛИНСКАЯ ОБЛАСТЬ,ЖАКСЫНСКИЙ РАЙОН
448715,Операции с недвижимым имуществом,false,,387681000,883,243166000,920,268061000,846,498763000,1031,409603000,994,217536000,957,2,Операции с недвижимым имуществом,АКМОЛИНСКАЯ ОБЛАСТЬ,ЖАКСЫНСКИЙ РАЙОН
448716,Покупка и продажа собственного недвижимого имущества ,false,,387681000,883,243166000,920,268061000,846,498763000,1031,409603000,994,217536000,957,3,Операции с недвижимым имуществом,АКМОЛИНСКАЯ ОБЛАСТЬ,ЖАКСЫНСКИЙ РАЙОН
448717,Покупка и продажа собственного недвижимого имущества ,false,,387681000,883,243166000,920,268061000,846,498763000,1031,409603000,994,217536000,957,4,Покупка и продажа собственного недвижимого имущества ,АКМОЛИНСКАЯ ОБЛАСТЬ,ЖАКСЫНСКИЙ РАЙОН
543091,Покупка и продажа многоквартирных и жилых домов (особняков),true,,387681000,883,243166000,920,262335000,846,498763000,1031,409603000,994,217536000,957,5,Покупка и продажа собственного недвижимого имущества ,АКМОЛИНСКАЯ ОБЛАСТЬ,ЖАКСЫНСКИЙ РАЙОН
543092,Покупка и продажа прочей недвижимости,true,,,,,,5726000,846,,,,,,,5,Покупка и продажа собственного недвижимого имущества ,АКМОЛИНСКАЯ ОБЛАСТЬ,ЖАКСЫНСКИЙ РАЙОН
448728,"Профессиональная, научная и техническая деятельность",false,,5511000,883,22553000,920,1070000,846,64530000,1031,1060000,994,4011000,957,1,Всего,АКМОЛИНСКАЯ ОБЛАСТЬ,ЖАКСЫНСКИЙ РАЙОН
448747,"Деятельность в области архитектуры, инженерных изысканий, технических испытаний и анализа",false,,5511000,883,22553000,920,1070000,846,64530000,1031,1060000,994,4011000,957,2,"Профессиональная, научная и техническая деятельность",АКМОЛИНСКАЯ ОБЛАСТЬ,ЖАКСЫНСКИЙ РАЙОН
448756,Технические испытания и анализы,false,,5511000,883,22553000,920,1070000,846,64530000,1031,1060000,994,4011000,957,3,"Деятельность в области архитектуры, инженерных изысканий, технических испытаний и анализа",АКМОЛИНСКАЯ ОБЛАСТЬ,ЖАКСЫНСКИЙ РАЙОН
448757,Технические испытания и анализы,false,,5511000,883,22553000,920,1070000,846,64530000,1031,1060000,994,4011000,957,4,Технические испытания и анализы,АКМОЛИНСКАЯ ОБЛАСТЬ,ЖАКСЫНСКИЙ РАЙОН
448760,"Деятельность прочих учреждений, осуществляющих технические испытания и анализы",true,,5511000,883,22553000,920,1070000,846,64530000,1031,1060000,994,4011000,957,5,Технические испытания и анализы,АКМОЛИНСКАЯ ОБЛАСТЬ,ЖАКСЫНСКИЙ РАЙОН
448797,Деятельность в области административного и вспомогательного обслуживания,false,,,,,,25793000,846,241440000,1031,,,,,1,Всего,АКМОЛИНСКАЯ ОБЛАСТЬ,ЖАКСЫНСКИЙ РАЙОН
448798,"Аренда, прокат и лизинг",false,,,,,,,,208629000,1031,,,,,2,Деятельность в области административного и вспомогательного обслуживания,АКМОЛИНСКАЯ ОБЛАСТЬ,ЖАКСЫНСКИЙ РАЙОН
448811,"Аренда и лизинг прочих машин, оборудования и материальных активов",false,,,,,,,,208629000,1031,,,,,3,"Аренда, прокат и лизинг",АКМОЛИНСКАЯ ОБЛАСТЬ,ЖАКСЫНСКИЙ РАЙОН
448814,Аренда и лизинг строительных машин и оборудования ,false,,,,,,,,208629000,1031,,,,,4,"Аренда и лизинг прочих машин, оборудования и материальных активов",АКМОЛИНСКАЯ ОБЛАСТЬ,ЖАКСЫНСКИЙ РАЙОН
543081,Аренда строительных машин и оборудования ,true,,,,,,,,208629000,1031,,,,,5,Аренда и лизинг строительных машин и оборудования ,АКМОЛИНСКАЯ ОБЛАСТЬ,ЖАКСЫНСКИЙ РАЙОН
448856,Деятельность по обслуживанию зданий и благоустройству территорий,false,,,,,,25793000,846,32811000,1031,,,,,2,Деятельность в области административного и вспомогательного обслуживания,АКМОЛИНСКАЯ ОБЛАСТЬ,ЖАКСЫНСКИЙ РАЙОН
448867,Деятельность по благоустройству территорий,false,,,,,,25793000,846,32811000,1031,,,,,3,Деятельность по обслуживанию зданий и благоустройству территорий,АКМОЛИНСКАЯ ОБЛАСТЬ,ЖАКСЫНСКИЙ РАЙОН
448868,Деятельность по благоустройству территорий,false,,,,,,25793000,846,32811000,1031,,,,,4,Деятельность по благоустройству территорий,АКМОЛИНСКАЯ ОБЛАСТЬ,ЖАКСЫНСКИЙ РАЙОН
448869,Деятельность по благоустройству территорий,true,,,,,,25793000,846,32811000,1031,,,,,5,Деятельность по благоустройству территорий,АКМОЛИНСКАЯ ОБЛАСТЬ,ЖАКСЫНСКИЙ РАЙОН
448889,Государственное управление и оборона; обязательное  социальное обеспечение,false,,15977000,883,172641000,920,,,,,,,1488000,957,1,Всего,АКМОЛИНСКАЯ ОБЛАСТЬ,ЖАКСЫНСКИЙ РАЙОН
448890,Государственное управление и оборона; обязательное социальное обеспечение,false,,15977000,883,172641000,920,,,,,,,1488000,957,2,Государственное управление и оборона; обязательное  социальное обеспечение,АКМОЛИНСКАЯ ОБЛАСТЬ,ЖАКСЫНСКИЙ РАЙОН
448891,Государственное управление общего характера и управление социально-экономическое политикой общества,false,,15977000,883,172641000,920,,,,,,,1488000,957,3,Государственное управление и оборона; обязательное социальное обеспечение,АКМОЛИНСКАЯ ОБЛАСТЬ,ЖАКСЫНСКИЙ РАЙОН
448892,Государственное управление общего характера,false,,727000,883,953000,920,,,,,,,1488000,957,4,Государственное управление общего характера и управление социально-экономическое политикой общества,АКМОЛИНСКАЯ ОБЛАСТЬ,ЖАКСЫНСКИЙ РАЙОН
448896,Деятельность сельских и поселковых органов управления,true,,727000,883,953000,920,,,,,,,1488000,957,5,Государственное управление общего характера,АКМОЛИНСКАЯ ОБЛАСТЬ,ЖАКСЫНСКИЙ РАЙОН
448900,"Регулирование деятельности учреждений здравоохранения, образования, культуры и других социальных услуг, кроме социального обеспечения ",false,,x,883,171688000,920,,,,,,,,,4,Государственное управление общего характера и управление социально-экономическое политикой общества,АКМОЛИНСКАЯ ОБЛАСТЬ,ЖАКСЫНСКИЙ РАЙОН
448901,"Регулирование деятельности учреждений здравоохранения, образования, культуры и других социальных услуг, кроме социального обеспечения ",true,,x,883,171688000,920,,,,,,,,,5,"Регулирование деятельности учреждений здравоохранения, образования, культуры и других социальных услуг, кроме социального обеспечения ",АКМОЛИНСКАЯ ОБЛАСТЬ,ЖАКСЫНСКИЙ РАЙОН
448918,Образование,false,,162895000,883,764352000,920,7125000,846,13130000,1031,22052000,994,4071000,957,1,Всего,АКМОЛИНСКАЯ ОБЛАСТЬ,ЖАКСЫНСКИЙ РАЙОН
448919,Образование,false,,162895000,883,764352000,920,7125000,846,13130000,1031,22052000,994,4071000,957,2,Образование,АКМОЛИНСКАЯ ОБЛАСТЬ,ЖАКСЫНСКИЙ РАЙОН
448926,Среднее образование (2-й и 3-й уровни),false,,157190000,883,754111000,920,,,,,,,,,3,Образование,АКМОЛИНСКАЯ ОБЛАСТЬ,ЖАКСЫНСКИЙ РАЙОН
448927,Основное и общее среднее образование,false,,157190000,883,754111000,920,,,,,,,,,4,Среднее образование (2-й и 3-й уровни),АКМОЛИНСКАЯ ОБЛАСТЬ,ЖАКСЫНСКИЙ РАЙОН
448928,Основное и общее среднее образование,true,,157190000,883,754111000,920,,,,,,,,,5,Основное и общее среднее образование,АКМОЛИНСКАЯ ОБЛАСТЬ,ЖАКСЫНСКИЙ РАЙОН
448937,Прочие виды образования,false,,5705000,883,10241000,920,7125000,846,13130000,1031,22052000,994,4071000,957,3,Образование,АКМОЛИНСКАЯ ОБЛАСТЬ,ЖАКСЫНСКИЙ РАЙОН
448938,Образование в области спорта и отдыха,false,,5705000,883,10241000,920,7125000,846,13130000,1031,22052000,994,4071000,957,4,Прочие виды образования,АКМОЛИНСКАЯ ОБЛАСТЬ,ЖАКСЫНСКИЙ РАЙОН
448939,Образование в области спорта и отдыха,true,,5705000,883,10241000,920,7125000,846,13130000,1031,22052000,994,4071000,957,5,Образование в области спорта и отдыха,АКМОЛИНСКАЯ ОБЛАСТЬ,ЖАКСЫНСКИЙ РАЙОН
448950,Здравоохранение и социальное обслуживание населения,false,,7282000,883,41380000,920,209404000,846,153534000,1031,223725000,994,x,957,1,Всего,АКМОЛИНСКАЯ ОБЛАСТЬ,ЖАКСЫНСКИЙ РАЙОН
448951,Деятельность в области здравоохранения,false,,7282000,883,41380000,920,209404000,846,153534000,1031,223725000,994,x,957,2,Здравоохранение и социальное обслуживание населения,АКМОЛИНСКАЯ ОБЛАСТЬ,ЖАКСЫНСКИЙ РАЙОН
448952,Деятельность больничных организаций,false,,7282000,883,33380000,920,209404000,846,149804000,1031,16099000,994,,,3,Деятельность в области здравоохранения,АКМОЛИНСКАЯ ОБЛАСТЬ,ЖАКСЫНСКИЙ РАЙОН
448953,Деятельность больничных организаций,false,,7282000,883,33380000,920,209404000,846,149804000,1031,16099000,994,,,4,Деятельность больничных организаций,АКМОЛИНСКАЯ ОБЛАСТЬ,ЖАКСЫНСКИЙ РАЙОН
448954,Деятельность больниц широкого профиля и специализированных больниц,true,,7282000,883,33380000,920,209404000,846,149804000,1031,16099000,994,,,5,Деятельность больничных организаций,АКМОЛИНСКАЯ ОБЛАСТЬ,ЖАКСЫНСКИЙ РАЙОН
448959,Деятельность в области врачебной практики и стоматологии,false,,,,8000000,920,,,3730000,1031,207626000,994,x,957,3,Деятельность в области здравоохранения,АКМОЛИНСКАЯ ОБЛАСТЬ,ЖАКСЫНСКИЙ РАЙОН
448960,Общая врачебная практика,false,,,,8000000,920,,,3730000,1031,207626000,994,x,957,4,Деятельность в области врачебной практики и стоматологии,АКМОЛИНСКАЯ ОБЛАСТЬ,ЖАКСЫНСКИЙ РАЙОН
448961,Общая врачебная практика,true,,,,8000000,920,,,3730000,1031,207626000,994,x,957,5,Общая врачебная практика,АКМОЛИНСКАЯ ОБЛАСТЬ,ЖАКСЫНСКИЙ РАЙОН
448991,"Искусство, развлечения и отдых",false,,89819000,883,226089000,920,216220000,846,218053000,1031,455778000,994,675619000,957,1,Всего,АКМОЛИНСКАЯ ОБЛАСТЬ,ЖАКСЫНСКИЙ РАЙОН
449022,"Деятельность в области спорта, организации отдыха и развлечений",false,,89819000,883,226089000,920,216220000,846,218053000,1031,455778000,994,675619000,957,2,"Искусство, развлечения и отдых",АКМОЛИНСКАЯ ОБЛАСТЬ,ЖАКСЫНСКИЙ РАЙОН
449023,Деятельность в области спорта,false,,75619000,883,22169000,920,214129000,846,73703000,1031,455778000,994,552099000,957,3,"Деятельность в области спорта, организации отдыха и развлечений",АКМОЛИНСКАЯ ОБЛАСТЬ,ЖАКСЫНСКИЙ РАЙОН
449024,Эксплуатация спортивных сооружений,false,,75619000,883,22169000,920,214129000,846,73703000,1031,455778000,994,552099000,957,4,Деятельность в области спорта,АКМОЛИНСКАЯ ОБЛАСТЬ,ЖАКСЫНСКИЙ РАЙОН
449025,Эксплуатация спортивных сооружений,true,,75619000,883,22169000,920,214129000,846,73703000,1031,455778000,994,552099000,957,5,Эксплуатация спортивных сооружений,АКМОЛИНСКАЯ ОБЛАСТЬ,ЖАКСЫНСКИЙ РАЙОН
449032,Деятельность по организации отдыха и развлечений,false,,x,883,203920000,920,2091000,846,x,1031,,,123520000,957,3,"Деятельность в области спорта, организации отдыха и развлечений",АКМОЛИНСКАЯ ОБЛАСТЬ,ЖАКСЫНСКИЙ РАЙОН
449035,Прочая деятельность по организации отдыха и развлечений,false,,x,883,203920000,920,2091000,846,x,1031,,,123520000,957,4,Деятельность по организации отдыха и развлечений,АКМОЛИНСКАЯ ОБЛАСТЬ,ЖАКСЫНСКИЙ РАЙОН
449039,Прочие виды деятельности по организации отдыха и развлечений,true,,x,883,203920000,920,2091000,846,x,1031,,,123520000,957,5,Прочая деятельность по организации отдыха и развлечений,АКМОЛИНСКАЯ ОБЛАСТЬ,ЖАКСЫНСКИЙ РАЙОН
449040,Предоставление прочих видов услуг,false,,,,,,,,,,10000000,994,x,957,1,Всего,АКМОЛИНСКАЯ ОБЛАСТЬ,ЖАКСЫНСКИЙ РАЙОН
449041,Деятельность общественных объединений (организаций),false,,,,,,,,,,10000000,994,x,957,2,Предоставление прочих видов услуг,АКМОЛИНСКАЯ ОБЛАСТЬ,ЖАКСЫНСКИЙ РАЙОН
449050,Деятельность прочих общественных  объединений,false,,,,,,,,,,10000000,994,x,957,3,Деятельность общественных объединений (организаций),АКМОЛИНСКАЯ ОБЛАСТЬ,ЖАКСЫНСКИЙ РАЙОН
449051,Деятельность религиозных организаций,false,,,,,,,,,,10000000,994,x,957,4,Деятельность прочих общественных  объединений,АКМОЛИНСКАЯ ОБЛАСТЬ,ЖАКСЫНСКИЙ РАЙОН
449052,Деятельность религиозных организаций,true,,,,,,,,,,10000000,994,x,957,5,Деятельность религиозных организаций,АКМОЛИНСКАЯ ОБЛАСТЬ,ЖАКСЫНСКИЙ РАЙОН
741340,Промышленность,false,,839301000,883,593878000,920,2386223000,846,1236928000,1031,1610576000,994,783244000,957,1,Всего,АКМОЛИНСКАЯ ОБЛАСТЬ,ЖАКСЫНСКИЙ РАЙОН
447279,Горнодобывающая промышленность и разработка карьеров,false,,,,x,920,,,x,1031,x,994,x,957,2,Промышленность,АКМОЛИНСКАЯ ОБЛАСТЬ,ЖАКСЫНСКИЙ РАЙОН
447339,Предоставление услуг в горнодобывающей промышленности,false,,,,x,920,,,x,1031,x,994,x,957,3,Горнодобывающая промышленность и разработка карьеров,АКМОЛИНСКАЯ ОБЛАСТЬ,ЖАКСЫНСКИЙ РАЙОН
447343,"Предоставление услуг, способствующих добыче других полезных ископаемых",false,,,,x,920,,,x,1031,x,994,x,957,4,Предоставление услуг в горнодобывающей промышленности,АКМОЛИНСКАЯ ОБЛАСТЬ,ЖАКСЫНСКИЙ РАЙОН
447344,"Предоставление услуг, способствующих добыче других полезных ископаемых",false,,,,x,920,,,x,1031,x,994,x,957,5,"Предоставление услуг, способствующих добыче других полезных ископаемых",АКМОЛИНСКАЯ ОБЛАСТЬ,ЖАКСЫНСКИЙ РАЙОН
447346,Обрабатывающая промышленность,false,,x,883,x,920,1962686000,846,439610000,1031,765026000,994,93873000,957,2,Промышленность,АКМОЛИНСКАЯ ОБЛАСТЬ,ЖАКСЫНСКИЙ РАЙОН
447347,Производство продуктов питания,false,,x,883,x,920,1962686000,846,439610000,1031,248661000,994,93873000,957,3,Обрабатывающая промышленность,АКМОЛИНСКАЯ ОБЛАСТЬ,ЖАКСЫНСКИЙ РАЙОН
447348,Переработка и консервирование мяса и производство мясной продукции,false,,,,,,x,846,,,,,,,4,Производство продуктов питания,АКМОЛИНСКАЯ ОБЛАСТЬ,ЖАКСЫНСКИЙ РАЙОН
447349,Переработка и консервирование мяса,false,,,,,,x,846,,,,,,,5,Переработка и консервирование мяса и производство мясной продукции,АКМОЛИНСКАЯ ОБЛАСТЬ,ЖАКСЫНСКИЙ РАЙОН
447371,Производство молочных продуктов,false,,,,,,x,846,x,1031,,,22595000,957,4,Производство продуктов питания,АКМОЛИНСКАЯ ОБЛАСТЬ,ЖАКСЫНСКИЙ РАЙОН
447372,Переработка молока и производство сыров,false,,,,,,x,846,x,1031,,,22595000,957,5,Производство молочных продуктов,АКМОЛИНСКАЯ ОБЛАСТЬ,ЖАКСЫНСКИЙ РАЙОН
447377,"Производство мукомольно-крупяных продуктов, крахмалов и крахмальных продуктов",false,,x,883,x,920,x,846,x,1031,246270000,994,71103000,957,4,Производство продуктов питания,АКМОЛИНСКАЯ ОБЛАСТЬ,ЖАКСЫНСКИЙ РАЙОН
447378,Производство мукомольно-крупяных продуктов,false,,x,883,x,920,x,846,x,1031,246270000,994,71103000,957,5,"Производство мукомольно-крупяных продуктов, крахмалов и крахмальных продуктов",АКМОЛИНСКАЯ ОБЛАСТЬ,ЖАКСЫНСКИЙ РАЙОН
447408,Производство готовых кормов для животных,false,,x,883,x,920,x,846,,,x,994,x,957,4,Производство продуктов питания,АКМОЛИНСКАЯ ОБЛАСТЬ,ЖАКСЫНСКИЙ РАЙОН
447409,Производство готовых кормов для сельскохозяйственных животных,false,,x,883,x,920,x,846,,,x,994,x,957,5,Производство готовых кормов для животных,АКМОЛИНСКАЯ ОБЛАСТЬ,ЖАКСЫНСКИЙ РАЙОН
447646,Производство прочей не металлической минеральной продукции,false,,,,,,,,,,516365000,994,,,3,Обрабатывающая промышленность,АКМОЛИНСКАЯ ОБЛАСТЬ,ЖАКСЫНСКИЙ РАЙОН
447707,Производство абразивных изделий и прочей неметаллической минеральной продукции,false,,,,,,,,,,516365000,994,,,4,Производство прочей не металлической минеральной продукции,АКМОЛИНСКАЯ ОБЛАСТЬ,ЖАКСЫНСКИЙ РАЙОН
447710,"Производство прочей неметаллической минеральной продукции, не включенной в другие группировки",false,,,,,,,,,,516365000,994,,,5,Производство абразивных изделий и прочей неметаллической минеральной продукции,АКМОЛИНСКАЯ ОБЛАСТЬ,ЖАКСЫНСКИЙ РАЙОН
448090,"Снабжение электроэнергией, газом, паром, горячей водой и кондиционированным воздухом",false,,145143000,883,98780000,920,49448000,846,191437000,1031,333939000,994,225210000,957,2,Промышленность,АКМОЛИНСКАЯ ОБЛАСТЬ,ЖАКСЫНСКИЙ РАЙОН
448091,"Снабжение электроэнергией, газом, паром, горячей водой и кондиционированным воздухом",false,,145143000,883,98780000,920,49448000,846,191437000,1031,333939000,994,225210000,957,3,"Снабжение электроэнергией, газом, паром, горячей водой и кондиционированным воздухом",АКМОЛИНСКАЯ ОБЛАСТЬ,ЖАКСЫНСКИЙ РАЙОН
448092,"Производство, передача и распределение электроэнергии",false,,81229000,883,98780000,920,45499000,846,191437000,1031,333939000,994,222113000,957,4,"Снабжение электроэнергией, газом, паром, горячей водой и кондиционированным воздухом",АКМОЛИНСКАЯ ОБЛАСТЬ,ЖАКСЫНСКИЙ РАЙОН
448093,Производство электроэнергии,false,,35784000,883,,,3092000,846,,,,,,,5,"Производство, передача и распределение электроэнергии",АКМОЛИНСКАЯ ОБЛАСТЬ,ЖАКСЫНСКИЙ РАЙОН
448098,Передача электроэнергии,false,,,,,,,,132726000,1031,230931000,994,,,5,"Производство, передача и распределение электроэнергии",АКМОЛИНСКАЯ ОБЛАСТЬ,ЖАКСЫНСКИЙ РАЙОН
448100,Распределение электроэнергии,false,,45445000,883,98780000,920,42407000,846,57254000,1031,103008000,994,222113000,957,5,"Производство, передача и распределение электроэнергии",АКМОЛИНСКАЯ ОБЛАСТЬ,ЖАКСЫНСКИЙ РАЙОН
448102,Продажа электроэнергии ,false,,,,,,,,1457000,1031,,,,,5,"Производство, передача и распределение электроэнергии",АКМОЛИНСКАЯ ОБЛАСТЬ,ЖАКСЫНСКИЙ РАЙОН
448111,"Снабжение паром, горячей водой и кондиционированным воздухом",false,,63914000,883,,,3949000,846,,,,,3097000,957,4,"Снабжение электроэнергией, газом, паром, горячей водой и кондиционированным воздухом",АКМОЛИНСКАЯ ОБЛАСТЬ,ЖАКСЫНСКИЙ РАЙОН
448112,"Снабжение паром, горячей водой и кондиционированным воздухом",false,,63914000,883,,,3949000,846,,,,,3097000,957,5,"Снабжение паром, горячей водой и кондиционированным воздухом",АКМОЛИНСКАЯ ОБЛАСТЬ,ЖАКСЫНСКИЙ РАЙОН
448117,"Водоснабжение; сбор, обработка и удаление отходов, деятельность по ликвидации загрязнений",false,,490458000,883,349779000,920,374089000,846,545721000,1031,499381000,994,417972000,957,2,Промышленность,АКМОЛИНСКАЯ ОБЛАСТЬ,ЖАКСЫНСКИЙ РАЙОН
448118,"Сбор, обработка и распределение воды",false,,490458000,883,349779000,920,366421000,846,507373000,1031,499381000,994,416102000,957,3,"Водоснабжение; сбор, обработка и удаление отходов, деятельность по ликвидации загрязнений",АКМОЛИНСКАЯ ОБЛАСТЬ,ЖАКСЫНСКИЙ РАЙОН
448119,"Сбор, обработка и распределение воды",false,,490458000,883,349779000,920,366421000,846,507373000,1031,499381000,994,416102000,957,4,"Сбор, обработка и распределение воды",АКМОЛИНСКАЯ ОБЛАСТЬ,ЖАКСЫНСКИЙ РАЙОН
448120,"Сбор, обработка и распределение воды",false,,490458000,883,349779000,920,366421000,846,507373000,1031,499381000,994,416102000,957,5,"Сбор, обработка и распределение воды",АКМОЛИНСКАЯ ОБЛАСТЬ,ЖАКСЫНСКИЙ РАЙОН
448122,Сбор и обработка сточных вод,false,,,,,,7668000,846,38348000,1031,,,1870000,957,3,"Водоснабжение; сбор, обработка и удаление отходов, деятельность по ликвидации загрязнений",АКМОЛИНСКАЯ ОБЛАСТЬ,ЖАКСЫНСКИЙ РАЙОН
448123,Сбор и обработка сточных вод,false,,,,,,7668000,846,38348000,1031,,,1870000,957,4,Сбор и обработка сточных вод,АКМОЛИНСКАЯ ОБЛАСТЬ,ЖАКСЫНСКИЙ РАЙОН
448124,Сбор и обработка сточных вод,false,,,,,,7668000,846,38348000,1031,,,1870000,957,5,Сбор и обработка сточных вод,АКМОЛИНСКАЯ ОБЛАСТЬ,ЖАКСЫНСКИЙ РАЙОН
741885,Всего,false,,4595660000,883,7546754000,920,5502859000,846,13009216000,1031,11549155000,994,7321298000,957,0,,АКМОЛИНСКАЯ ОБЛАСТЬ,ЖАРКАИНСКИЙ РАЙОН
447173,"Сельское, лесное и рыбное хозяйство",false,,2881913000,883,4642507000,920,2488590000,846,3497363000,1031,6406620000,994,4678494000,957,1,Всего,АКМОЛИНСКАЯ ОБЛАСТЬ,ЖАРКАИНСКИЙ РАЙОН
447174,"Растениеводство и животноводство, охота и предоставление услуг в этих областях",false,,2881913000,883,4642507000,920,2488590000,846,3497363000,1031,6406620000,994,4678494000,957,2,"Сельское, лесное и рыбное хозяйство",АКМОЛИНСКАЯ ОБЛАСТЬ,ЖАРКАИНСКИЙ РАЙОН
447175,Выращивание одно- или двухлетних культур,false,,2879213000,883,4632260000,920,2439217000,846,3309863000,1031,6279907000,994,4625294000,957,3,"Растениеводство и животноводство, охота и предоставление услуг в этих областях",АКМОЛИНСКАЯ ОБЛАСТЬ,ЖАРКАИНСКИЙ РАЙОН
447176,"Выращивание зерновых (кроме риса), бобовых и масличных культур",false,,2879213000,883,4632260000,920,2439217000,846,3309863000,1031,6279907000,994,4625294000,957,4,Выращивание одно- или двухлетних культур,АКМОЛИНСКАЯ ОБЛАСТЬ,ЖАРКАИНСКИЙ РАЙОН
3783380,"Выращивание зерновых и зернобобовых культур, включая семеноводство",true,,2879213000,883,4632260000,920,2439217000,846,3309863000,1031,6279907000,994,4625294000,957,5,"Выращивание зерновых (кроме риса), бобовых и масличных культур",АКМОЛИНСКАЯ ОБЛАСТЬ,ЖАРКАИНСКИЙ РАЙОН
447196,Выращивание многолетних культур,false,,,,6540000,920,,,,,,,,,3,"Растениеводство и животноводство, охота и предоставление услуг в этих областях",АКМОЛИНСКАЯ ОБЛАСТЬ,ЖАРКАИНСКИЙ РАЙОН
447213,Выращивание прочих многолетних культур,false,,,,6540000,920,,,,,,,,,4,Выращивание многолетних культур,АКМОЛИНСКАЯ ОБЛАСТЬ,ЖАРКАИНСКИЙ РАЙОН
447214,Выращивание прочих многолетних культур,true,,,,6540000,920,,,,,,,,,5,Выращивание прочих многолетних культур,АКМОЛИНСКАЯ ОБЛАСТЬ,ЖАРКАИНСКИЙ РАЙОН
447218,Животноводство,false,,x,883,x,920,x,846,x,1031,x,994,x,957,3,"Растениеводство и животноводство, охота и предоставление услуг в этих областях",АКМОЛИНСКАЯ ОБЛАСТЬ,ЖАРКАИНСКИЙ РАЙОН
447219,Разведение крупного рогатого скота молочного направления,false,,,,,,,,x,1031,x,994,x,957,4,Животноводство,АКМОЛИНСКАЯ ОБЛАСТЬ,ЖАРКАИНСКИЙ РАЙОН
447220,Разведение крупного рогатого скота молочного направления,true,,,,,,,,x,1031,x,994,x,957,5,Разведение крупного рогатого скота молочного направления,АКМОЛИНСКАЯ ОБЛАСТЬ,ЖАРКАИНСКИЙ РАЙОН
447221,Разведение прочего крупного рогатого скота и буйволов,false,,x,883,x,920,x,846,,,,,,,4,Животноводство,АКМОЛИНСКАЯ ОБЛАСТЬ,ЖАРКАИНСКИЙ РАЙОН
447222,Разведение прочего крупного рогатого скота и буйволов,true,,x,883,x,920,x,846,,,,,,,5,Разведение прочего крупного рогатого скота и буйволов,АКМОЛИНСКАЯ ОБЛАСТЬ,ЖАРКАИНСКИЙ РАЙОН
448215,Оптовая и розничная торговля; ремонт автомобилей и мотоциклов,false,,,,,,79000,846,,,20110000,994,,,1,Всего,АКМОЛИНСКАЯ ОБЛАСТЬ,ЖАРКАИНСКИЙ РАЙОН
448237,"Оптовая торговля, за исключением торговли автомобилями и мотоциклами",false,,,,,,79000,846,,,x,994,,,2,Оптовая и розничная торговля; ремонт автомобилей и мотоциклов,АКМОЛИНСКАЯ ОБЛАСТЬ,ЖАРКАИНСКИЙ РАЙОН
448257,Оптовая торговля сельскохозяйственным сырьем и живыми животными,false,,,,,,,,,,x,994,,,3,"Оптовая торговля, за исключением торговли автомобилями и мотоциклами",АКМОЛИНСКАЯ ОБЛАСТЬ,ЖАРКАИНСКИЙ РАЙОН
448258,"Оптовая торговля зерном, необработанным табаком, семенами и кормами для животных",false,,,,,,,,,,x,994,,,4,Оптовая торговля сельскохозяйственным сырьем и живыми животными,АКМОЛИНСКАЯ ОБЛАСТЬ,ЖАРКАИНСКИЙ РАЙОН
20575950,"Оптовая торговля зерном, семенами и кормами для животных",true,,,,,,,,,,x,994,,,5,"Оптовая торговля зерном, необработанным табаком, семенами и кормами для животных",АКМОЛИНСКАЯ ОБЛАСТЬ,ЖАРКАИНСКИЙ РАЙОН
448316,"Оптовая торговля прочими машинами, оборудованием и деталями и принадлежностями к ним",false,,,,,,79000,846,,,,,,,3,"Оптовая торговля, за исключением торговли автомобилями и мотоциклами",АКМОЛИНСКАЯ ОБЛАСТЬ,ЖАРКАИНСКИЙ РАЙОН
448317,"Оптовая торговля сельскохозяйственной техникой, оборудованием,  деталями и принадлежностями к ним",false,,,,,,79000,846,,,,,,,4,"Оптовая торговля прочими машинами, оборудованием и деталями и принадлежностями к ним",АКМОЛИНСКАЯ ОБЛАСТЬ,ЖАРКАИНСКИЙ РАЙОН
448318,"Оптовая торговля сельскохозяйственной техникой, оборудованием,  деталями и принадлежностями к ним",true,,,,,,79000,846,,,,,,,5,"Оптовая торговля сельскохозяйственной техникой, оборудованием,  деталями и принадлежностями к ним",АКМОЛИНСКАЯ ОБЛАСТЬ,ЖАРКАИНСКИЙ РАЙОН
448377,"Розничная торговля, кроме торговли автомобилями и мотоциклами",false,,,,,,,,,,495000,994,,,2,Оптовая и розничная торговля; ремонт автомобилей и мотоциклов,АКМОЛИНСКАЯ ОБЛАСТЬ,ЖАРКАИНСКИЙ РАЙОН
448399,Розничная торговля топливом в специализированных магазинах,false,,,,,,,,,,495000,994,,,3,"Розничная торговля, кроме торговли автомобилями и мотоциклами",АКМОЛИНСКАЯ ОБЛАСТЬ,ЖАРКАИНСКИЙ РАЙОН
448400,Розничная торговля топливом в специализированных магазинах,false,,,,,,,,,,495000,994,,,4,Розничная торговля топливом в специализированных магазинах,АКМОЛИНСКАЯ ОБЛАСТЬ,ЖАРКАИНСКИЙ РАЙОН
20576124,"Розничная торговля моторным топливом в специализированных магазинах, за исключением находящихся на придорожной полосе",true,,,,,,,,,,495000,994,,,5,Розничная торговля топливом в специализированных магазинах,АКМОЛИНСКАЯ ОБЛАСТЬ,ЖАРКАИНСКИЙ РАЙОН
448475,Транспорт и складирование,false,,522073000,883,1473754000,920,2121420000,846,6652364000,1031,2671129000,994,875800000,957,1,Всего,АКМОЛИНСКАЯ ОБЛАСТЬ,ЖАРКАИНСКИЙ РАЙОН
448527,Складирование грузов и вспомогательная транспортная деятельность,false,,522073000,883,1473754000,920,2121420000,846,6652364000,1031,2671129000,994,875800000,957,2,Транспорт и складирование,АКМОЛИНСКАЯ ОБЛАСТЬ,ЖАРКАИНСКИЙ РАЙОН
448528,Складирование и хранение грузов,false,,522073000,883,1267889000,920,1083979000,846,718724000,1031,264374000,994,500348000,957,3,Складирование грузов и вспомогательная транспортная деятельность,АКМОЛИНСКАЯ ОБЛАСТЬ,ЖАРКАИНСКИЙ РАЙОН
448529,Складирование и хранение грузов,false,,522073000,883,1267889000,920,1083979000,846,718724000,1031,264374000,994,500348000,957,4,Складирование и хранение грузов,АКМОЛИНСКАЯ ОБЛАСТЬ,ЖАРКАИНСКИЙ РАЙОН
448530,Складирование и хранение зерна,true,,522073000,883,1267889000,920,1083496000,846,705874000,1031,264374000,994,500348000,957,5,Складирование и хранение грузов,АКМОЛИНСКАЯ ОБЛАСТЬ,ЖАРКАИНСКИЙ РАЙОН
448531,"Складирование и хранение непродовольственных товаров, кроме зерна и нефти",true,,,,,,483000,846,,,,,,,5,Складирование и хранение грузов,АКМОЛИНСКАЯ ОБЛАСТЬ,ЖАРКАИНСКИЙ РАЙОН
20576308,Хранение нефти,true,,,,,,,,x,1031,,,,,5,Складирование и хранение грузов,АКМОЛИНСКАЯ ОБЛАСТЬ,ЖАРКАИНСКИЙ РАЙОН
448533,Вспомогательная транспортная деятельность,false,,,,205865000,920,1037441000,846,5933640000,1031,2406755000,994,375452000,957,3,Складирование грузов и вспомогательная транспортная деятельность,АКМОЛИНСКАЯ ОБЛАСТЬ,ЖАРКАИНСКИЙ РАЙОН
448534,Вспомогательная деятельность сухопутного транспорта,false,,,,205865000,920,268166000,846,4831227000,1031,367726000,994,375452000,957,4,Вспомогательная транспортная деятельность,АКМОЛИНСКАЯ ОБЛАСТЬ,ЖАРКАИНСКИЙ РАЙОН
448535,Эксплуатация железных дорог,true,,,,x,920,,,174788000,1031,273887000,994,185102000,957,5,Вспомогательная деятельность сухопутного транспорта,АКМОЛИНСКАЯ ОБЛАСТЬ,ЖАРКАИНСКИЙ РАЙОН
448536,Эксплуатация автомобильных дорог,true,,,,x,920,264503000,846,4656439000,1031,x,994,164808000,957,5,Вспомогательная деятельность сухопутного транспорта,АКМОЛИНСКАЯ ОБЛАСТЬ,ЖАРКАИНСКИЙ РАЙОН
448538,Деятельность автомобильных стоянок,true,,,,,,3663000,846,,,67515000,994,x,957,5,Вспомогательная деятельность сухопутного транспорта,АКМОЛИНСКАЯ ОБЛАСТЬ,ЖАРКАИНСКИЙ РАЙОН
448547,Прочая вспомогательная транспортная деятельность,false,,,,,,x,846,x,1031,x,994,,,4,Вспомогательная транспортная деятельность,АКМОЛИНСКАЯ ОБЛАСТЬ,ЖАРКАИНСКИЙ РАЙОН
448548,Транспортно-экспедиционные  услуги,true,,,,,,x,846,x,1031,x,994,,,5,Прочая вспомогательная транспортная деятельность,АКМОЛИНСКАЯ ОБЛАСТЬ,ЖАРКАИНСКИЙ РАЙОН
448585,Информация и связь,false,,26851000,883,,,6000000,846,,,,,,,1,Всего,АКМОЛИНСКАЯ ОБЛАСТЬ,ЖАРКАИНСКИЙ РАЙОН
448623,Телекоммуникации,false,,26851000,883,,,6000000,846,,,,,,,2,Информация и связь,АКМОЛИНСКАЯ ОБЛАСТЬ,ЖАРКАИНСКИЙ РАЙОН
18696628,Проводная телекоммуникационная связь,false,,11050000,883,,,6000000,846,,,,,,,3,Телекоммуникации,АКМОЛИНСКАЯ ОБЛАСТЬ,ЖАРКАИНСКИЙ РАЙОН
18696629,Проводная телекоммуникационная связь,false,,11050000,883,,,6000000,846,,,,,,,4,Проводная телекоммуникационная связь,АКМОЛИНСКАЯ ОБЛАСТЬ,ЖАРКАИНСКИЙ РАЙОН
18946146,Прочая проводная телекоммуникационная связь,true,,11050000,883,,,6000000,846,,,,,,,5,Проводная телекоммуникационная связь,АКМОЛИНСКАЯ ОБЛАСТЬ,ЖАРКАИНСКИЙ РАЙОН
448633,Прочая деятельность в области телекоммуникаций,false,,x,883,,,,,,,,,,,3,Телекоммуникации,АКМОЛИНСКАЯ ОБЛАСТЬ,ЖАРКАИНСКИЙ РАЙОН
448634,Прочая деятельность в области телекоммуникаций,false,,x,883,,,,,,,,,,,4,Прочая деятельность в области телекоммуникаций,АКМОЛИНСКАЯ ОБЛАСТЬ,ЖАРКАИНСКИЙ РАЙОН
18946154,"Прочая деятельность в области телекоммуникаций, не включенная в другие группировки",true,,x,883,,,,,,,,,,,5,Прочая деятельность в области телекоммуникаций,АКМОЛИНСКАЯ ОБЛАСТЬ,ЖАРКАИНСКИЙ РАЙОН
448714,Операции с недвижимым имуществом,false,,749435000,883,647277000,920,513991000,846,1689656000,1031,983041000,994,714144000,957,1,Всего,АКМОЛИНСКАЯ ОБЛАСТЬ,ЖАРКАИНСКИЙ РАЙОН
448715,Операции с недвижимым имуществом,false,,749435000,883,647277000,920,513991000,846,1689656000,1031,983041000,994,714144000,957,2,Операции с недвижимым имуществом,АКМОЛИНСКАЯ ОБЛАСТЬ,ЖАРКАИНСКИЙ РАЙОН
448716,Покупка и продажа собственного недвижимого имущества ,false,,749435000,883,647277000,920,513991000,846,1689656000,1031,983041000,994,714144000,957,3,Операции с недвижимым имуществом,АКМОЛИНСКАЯ ОБЛАСТЬ,ЖАРКАИНСКИЙ РАЙОН
448717,Покупка и продажа собственного недвижимого имущества ,false,,749435000,883,647277000,920,513991000,846,1689656000,1031,983041000,994,714144000,957,4,Покупка и продажа собственного недвижимого имущества ,АКМОЛИНСКАЯ ОБЛАСТЬ,ЖАРКАИНСКИЙ РАЙОН
543091,Покупка и продажа многоквартирных и жилых домов (особняков),true,,749435000,883,647277000,920,511920000,846,1689656000,1031,983041000,994,714144000,957,5,Покупка и продажа собственного недвижимого имущества ,АКМОЛИНСКАЯ ОБЛАСТЬ,ЖАРКАИНСКИЙ РАЙОН
543092,Покупка и продажа прочей недвижимости,true,,,,,,2071000,846,,,,,,,5,Покупка и продажа собственного недвижимого имущества ,АКМОЛИНСКАЯ ОБЛАСТЬ,ЖАРКАИНСКИЙ РАЙОН
448797,Деятельность в области административного и вспомогательного обслуживания,false,,11000000,883,,,,,,,19666000,994,x,957,1,Всего,АКМОЛИНСКАЯ ОБЛАСТЬ,ЖАРКАИНСКИЙ РАЙОН
448846,Деятельность по обеспечению безопасности и проведению расследований,false,,,,,,,,,,6500000,994,,,2,Деятельность в области административного и вспомогательного обслуживания,АКМОЛИНСКАЯ ОБЛАСТЬ,ЖАРКАИНСКИЙ РАЙОН
448850,Деятельность в области систем обеспечения безопасности,false,,,,,,,,,,6500000,994,,,3,Деятельность по обеспечению безопасности и проведению расследований,АКМОЛИНСКАЯ ОБЛАСТЬ,ЖАРКАИНСКИЙ РАЙОН
448851,Деятельность в области систем обеспечения безопасности,false,,,,,,,,,,6500000,994,,,4,Деятельность в области систем обеспечения безопасности,АКМОЛИНСКАЯ ОБЛАСТЬ,ЖАРКАИНСКИЙ РАЙОН
448852,Деятельность в области систем обеспечения безопасности,true,,,,,,,,,,6500000,994,,,5,Деятельность в области систем обеспечения безопасности,АКМОЛИНСКАЯ ОБЛАСТЬ,ЖАРКАИНСКИЙ РАЙОН
448856,Деятельность по обслуживанию зданий и благоустройству территорий,false,,11000000,883,,,,,,,x,994,x,957,2,Деятельность в области административного и вспомогательного обслуживания,АКМОЛИНСКАЯ ОБЛАСТЬ,ЖАРКАИНСКИЙ РАЙОН
448867,Деятельность по благоустройству территорий,false,,11000000,883,,,,,,,x,994,x,957,3,Деятельность по обслуживанию зданий и благоустройству территорий,АКМОЛИНСКАЯ ОБЛАСТЬ,ЖАРКАИНСКИЙ РАЙОН
448868,Деятельность по благоустройству территорий,false,,11000000,883,,,,,,,x,994,x,957,4,Деятельность по благоустройству территорий,АКМОЛИНСКАЯ ОБЛАСТЬ,ЖАРКАИНСКИЙ РАЙОН
448869,Деятельность по благоустройству территорий,true,,11000000,883,,,,,,,x,994,x,957,5,Деятельность по благоустройству территорий,АКМОЛИНСКАЯ ОБЛАСТЬ,ЖАРКАИНСКИЙ РАЙОН
448918,Образование,false,,,,,,,,5131000,1031,268359000,994,207526000,957,1,Всего,АКМОЛИНСКАЯ ОБЛАСТЬ,ЖАРКАИНСКИЙ РАЙОН
448919,Образование,false,,,,,,,,5131000,1031,268359000,994,207526000,957,2,Образование,АКМОЛИНСКАЯ ОБЛАСТЬ,ЖАРКАИНСКИЙ РАЙОН
448920,Дошкольное образование,false,,,,,,,,5131000,1031,100000000,994,,,3,Образование,АКМОЛИНСКАЯ ОБЛАСТЬ,ЖАРКАИНСКИЙ РАЙОН
448921,Дошкольное образование,false,,,,,,,,5131000,1031,100000000,994,,,4,Дошкольное образование,АКМОЛИНСКАЯ ОБЛАСТЬ,ЖАРКАИНСКИЙ РАЙОН
448922,Дошкольное образование,true,,,,,,,,5131000,1031,100000000,994,,,5,Дошкольное образование,АКМОЛИНСКАЯ ОБЛАСТЬ,ЖАРКАИНСКИЙ РАЙОН
448926,Среднее образование (2-й и 3-й уровни),false,,,,,,,,,,168359000,994,207526000,957,3,Образование,АКМОЛИНСКАЯ ОБЛАСТЬ,ЖАРКАИНСКИЙ РАЙОН
448927,Основное и общее среднее образование,false,,,,,,,,,,168359000,994,207526000,957,4,Среднее образование (2-й и 3-й уровни),АКМОЛИНСКАЯ ОБЛАСТЬ,ЖАРКАИНСКИЙ РАЙОН
448928,Основное и общее среднее образование,true,,,,,,,,,,168359000,994,207526000,957,5,Основное и общее среднее образование,АКМОЛИНСКАЯ ОБЛАСТЬ,ЖАРКАИНСКИЙ РАЙОН
448950,Здравоохранение и социальное обслуживание населения,false,,,,,,8545000,846,134071000,1031,195000,994,,,1,Всего,АКМОЛИНСКАЯ ОБЛАСТЬ,ЖАРКАИНСКИЙ РАЙОН
448951,Деятельность в области здравоохранения,false,,,,,,8545000,846,134071000,1031,195000,994,,,2,Здравоохранение и социальное обслуживание населения,АКМОЛИНСКАЯ ОБЛАСТЬ,ЖАРКАИНСКИЙ РАЙОН
448952,Деятельность больничных организаций,false,,,,,,8545000,846,,,,,,,3,Деятельность в области здравоохранения,АКМОЛИНСКАЯ ОБЛАСТЬ,ЖАРКАИНСКИЙ РАЙОН
448953,Деятельность больничных организаций,false,,,,,,8545000,846,,,,,,,4,Деятельность больничных организаций,АКМОЛИНСКАЯ ОБЛАСТЬ,ЖАРКАИНСКИЙ РАЙОН
448958,"Деятельность других лечебных учреждений, имеющих стационары",true,,,,,,8545000,846,,,,,,,5,Деятельность больничных организаций,АКМОЛИНСКАЯ ОБЛАСТЬ,ЖАРКАИНСКИЙ РАЙОН
448959,Деятельность в области врачебной практики и стоматологии,false,,,,,,,,134071000,1031,195000,994,,,3,Деятельность в области здравоохранения,АКМОЛИНСКАЯ ОБЛАСТЬ,ЖАРКАИНСКИЙ РАЙОН
448960,Общая врачебная практика,false,,,,,,,,134071000,1031,195000,994,,,4,Деятельность в области врачебной практики и стоматологии,АКМОЛИНСКАЯ ОБЛАСТЬ,ЖАРКАИНСКИЙ РАЙОН
448961,Общая врачебная практика,true,,,,,,,,134071000,1031,195000,994,,,5,Общая врачебная практика,АКМОЛИНСКАЯ ОБЛАСТЬ,ЖАРКАИНСКИЙ РАЙОН
448991,"Искусство, развлечения и отдых",false,,,,28000000,920,,,97700000,1031,,,,,1,Всего,АКМОЛИНСКАЯ ОБЛАСТЬ,ЖАРКАИНСКИЙ РАЙОН
449004,"Деятельность библиотек, архивов, музеев и прочая деятельность в области культуры",false,,,,,,,,97700000,1031,,,,,2,"Искусство, развлечения и отдых",АКМОЛИНСКАЯ ОБЛАСТЬ,ЖАРКАИНСКИЙ РАЙОН
449005,"Деятельность библиотек, архивов, музеев и прочая деятельность в области культуры",false,,,,,,,,97700000,1031,,,,,3,"Деятельность библиотек, архивов, музеев и прочая деятельность в области культуры",АКМОЛИНСКАЯ ОБЛАСТЬ,ЖАРКАИНСКИЙ РАЙОН
449006,Деятельность библиотек и архивов,false,,,,,,,,97700000,1031,,,,,4,"Деятельность библиотек, архивов, музеев и прочая деятельность в области культуры",АКМОЛИНСКАЯ ОБЛАСТЬ,ЖАРКАИНСКИЙ РАЙОН
449008,"Библиотечная деятельность, включая деятельность читальных залов, лекториев, демонстрационных залов",true,,,,,,,,97700000,1031,,,,,5,Деятельность библиотек и архивов,АКМОЛИНСКАЯ ОБЛАСТЬ,ЖАРКАИНСКИЙ РАЙОН
449022,"Деятельность в области спорта, организации отдыха и развлечений",false,,,,28000000,920,,,,,,,,,2,"Искусство, развлечения и отдых",АКМОЛИНСКАЯ ОБЛАСТЬ,ЖАРКАИНСКИЙ РАЙОН
449023,Деятельность в области спорта,false,,,,28000000,920,,,,,,,,,3,"Деятельность в области спорта, организации отдыха и развлечений",АКМОЛИНСКАЯ ОБЛАСТЬ,ЖАРКАИНСКИЙ РАЙОН
449024,Эксплуатация спортивных сооружений,false,,,,28000000,920,,,,,,,,,4,Деятельность в области спорта,АКМОЛИНСКАЯ ОБЛАСТЬ,ЖАРКАИНСКИЙ РАЙОН
449025,Эксплуатация спортивных сооружений,true,,,,28000000,920,,,,,,,,,5,Эксплуатация спортивных сооружений,АКМОЛИНСКАЯ ОБЛАСТЬ,ЖАРКАИНСКИЙ РАЙОН
741340,Промышленность,false,,404388000,883,755216000,920,364234000,846,932931000,1031,1180035000,994,829744000,957,1,Всего,АКМОЛИНСКАЯ ОБЛАСТЬ,ЖАРКАИНСКИЙ РАЙОН
447279,Горнодобывающая промышленность и разработка карьеров,false,,,,,,x,846,,,,,,,2,Промышленность,АКМОЛИНСКАЯ ОБЛАСТЬ,ЖАРКАИНСКИЙ РАЙОН
447298,Добыча металлических руд,false,,,,,,x,846,,,,,,,3,Горнодобывающая промышленность и разработка карьеров,АКМОЛИНСКАЯ ОБЛАСТЬ,ЖАРКАИНСКИЙ РАЙОН
447299,Добыча железных руд,false,,,,,,x,846,,,,,,,4,Добыча металлических руд,АКМОЛИНСКАЯ ОБЛАСТЬ,ЖАРКАИНСКИЙ РАЙОН
447300,Добыча железных руд,false,,,,,,x,846,,,,,,,5,Добыча железных руд,АКМОЛИНСКАЯ ОБЛАСТЬ,ЖАРКАИНСКИЙ РАЙОН
447346,Обрабатывающая промышленность,false,,x,883,x,920,,,x,1031,,,,,2,Промышленность,АКМОЛИНСКАЯ ОБЛАСТЬ,ЖАРКАИНСКИЙ РАЙОН
447347,Производство продуктов питания,false,,x,883,x,920,,,x,1031,,,,,3,Обрабатывающая промышленность,АКМОЛИНСКАЯ ОБЛАСТЬ,ЖАРКАИНСКИЙ РАЙОН
447371,Производство молочных продуктов,false,,x,883,x,920,,,x,1031,,,,,4,Производство продуктов питания,АКМОЛИНСКАЯ ОБЛАСТЬ,ЖАРКАИНСКИЙ РАЙОН
447372,Переработка молока и производство сыров,false,,x,883,x,920,,,x,1031,,,,,5,Производство молочных продуктов,АКМОЛИНСКАЯ ОБЛАСТЬ,ЖАРКАИНСКИЙ РАЙОН
448090,"Снабжение электроэнергией, газом, паром, горячей водой и кондиционированным воздухом",false,,x,883,119815000,920,x,846,358375000,1031,579401000,994,89427000,957,2,Промышленность,АКМОЛИНСКАЯ ОБЛАСТЬ,ЖАРКАИНСКИЙ РАЙОН
448091,"Снабжение электроэнергией, газом, паром, горячей водой и кондиционированным воздухом",false,,x,883,119815000,920,x,846,358375000,1031,579401000,994,89427000,957,3,"Снабжение электроэнергией, газом, паром, горячей водой и кондиционированным воздухом",АКМОЛИНСКАЯ ОБЛАСТЬ,ЖАРКАИНСКИЙ РАЙОН
448092,"Производство, передача и распределение электроэнергии",false,,x,883,119815000,920,x,846,358375000,1031,71610000,994,51427000,957,4,"Снабжение электроэнергией, газом, паром, горячей водой и кондиционированным воздухом",АКМОЛИНСКАЯ ОБЛАСТЬ,ЖАРКАИНСКИЙ РАЙОН
448098,Передача электроэнергии,false,,,,,,,,x,1031,x,994,,,5,"Производство, передача и распределение электроэнергии",АКМОЛИНСКАЯ ОБЛАСТЬ,ЖАРКАИНСКИЙ РАЙОН
448100,Распределение электроэнергии,false,,x,883,119815000,920,x,846,17508000,1031,12629000,994,51427000,957,5,"Производство, передача и распределение электроэнергии",АКМОЛИНСКАЯ ОБЛАСТЬ,ЖАРКАИНСКИЙ РАЙОН
448102,Продажа электроэнергии ,false,,,,,,,,1198000,1031,,,,,5,"Производство, передача и распределение электроэнергии",АКМОЛИНСКАЯ ОБЛАСТЬ,ЖАРКАИНСКИЙ РАЙОН
448111,"Снабжение паром, горячей водой и кондиционированным воздухом",false,,,,,,,,,,507791000,994,38000000,957,4,"Снабжение электроэнергией, газом, паром, горячей водой и кондиционированным воздухом",АКМОЛИНСКАЯ ОБЛАСТЬ,ЖАРКАИНСКИЙ РАЙОН
448112,"Снабжение паром, горячей водой и кондиционированным воздухом",false,,,,,,,,,,507791000,994,38000000,957,5,"Снабжение паром, горячей водой и кондиционированным воздухом",АКМОЛИНСКАЯ ОБЛАСТЬ,ЖАРКАИНСКИЙ РАЙОН
448117,"Водоснабжение; сбор, обработка и удаление отходов, деятельность по ликвидации загрязнений",false,,22197000,883,378789000,920,270711000,846,523436000,1031,600634000,994,740317000,957,2,Промышленность,АКМОЛИНСКАЯ ОБЛАСТЬ,ЖАРКАИНСКИЙ РАЙОН
448118,"Сбор, обработка и распределение воды",false,,22197000,883,378789000,920,270711000,846,523436000,1031,600634000,994,738686000,957,3,"Водоснабжение; сбор, обработка и удаление отходов, деятельность по ликвидации загрязнений",АКМОЛИНСКАЯ ОБЛАСТЬ,ЖАРКАИНСКИЙ РАЙОН
448119,"Сбор, обработка и распределение воды",false,,22197000,883,378789000,920,270711000,846,523436000,1031,600634000,994,738686000,957,4,"Сбор, обработка и распределение воды",АКМОЛИНСКАЯ ОБЛАСТЬ,ЖАРКАИНСКИЙ РАЙОН
448120,"Сбор, обработка и распределение воды",false,,22197000,883,378789000,920,270711000,846,523436000,1031,600634000,994,738686000,957,5,"Сбор, обработка и распределение воды",АКМОЛИНСКАЯ ОБЛАСТЬ,ЖАРКАИНСКИЙ РАЙОН
448126,"Сбор, обработка и удаление отходов; утилизация (восстановление) материалов",false,,,,,,,,,,,,1631000,957,3,"Водоснабжение; сбор, обработка и удаление отходов, деятельность по ликвидации загрязнений",АКМОЛИНСКАЯ ОБЛАСТЬ,ЖАРКАИНСКИЙ РАЙОН
448132,Обработка и удаление отходов,false,,,,,,,,,,,,1631000,957,4,"Сбор, обработка и удаление отходов; утилизация (восстановление) материалов",АКМОЛИНСКАЯ ОБЛАСТЬ,ЖАРКАИНСКИЙ РАЙОН
448135,Обработка и удаление опасных отходов,false,,,,,,,,,,,,1631000,957,5,Обработка и удаление отходов,АКМОЛИНСКАЯ ОБЛАСТЬ,ЖАРКАИНСКИЙ РАЙОН
741885,Всего,false,,15560329000,883,23985748000,920,27033344000,846,30467510000,1031,34001869000,994,31550098000,957,0,,АКМОЛИНСКАЯ ОБЛАСТЬ,ЗЕРЕНДИНСКИЙ РАЙОН
447173,"Сельское, лесное и рыбное хозяйство",false,,4555159000,883,6388817000,920,3546430000,846,4275700000,1031,3847470000,994,3998970000,957,1,Всего,АКМОЛИНСКАЯ ОБЛАСТЬ,ЗЕРЕНДИНСКИЙ РАЙОН
447174,"Растениеводство и животноводство, охота и предоставление услуг в этих областях",false,,4555159000,883,6388817000,920,3546430000,846,4275700000,1031,3847470000,994,3998970000,957,2,"Сельское, лесное и рыбное хозяйство",АКМОЛИНСКАЯ ОБЛАСТЬ,ЗЕРЕНДИНСКИЙ РАЙОН
447175,Выращивание одно- или двухлетних культур,false,,4007278000,883,5237412000,920,2706071000,846,3005612000,1031,3472104000,994,3640789000,957,3,"Растениеводство и животноводство, охота и предоставление услуг в этих областях",АКМОЛИНСКАЯ ОБЛАСТЬ,ЗЕРЕНДИНСКИЙ РАЙОН
447176,"Выращивание зерновых (кроме риса), бобовых и масличных культур",false,,4007278000,883,4290322000,920,2706071000,846,2853578000,1031,3242821000,994,3293956000,957,4,Выращивание одно- или двухлетних культур,АКМОЛИНСКАЯ ОБЛАСТЬ,ЗЕРЕНДИНСКИЙ РАЙОН
3783380,"Выращивание зерновых и зернобобовых культур, включая семеноводство",true,,4007278000,883,4290322000,920,2706071000,846,2853578000,1031,3242821000,994,3293956000,957,5,"Выращивание зерновых (кроме риса), бобовых и масличных культур",АКМОЛИНСКАЯ ОБЛАСТЬ,ЗЕРЕНДИНСКИЙ РАЙОН
447181,"Выращивание овощей, бахчевых, корнеплодов и клубнеплодов",false,,,,947090000,920,,,152034000,1031,226783000,994,346833000,957,4,Выращивание одно- или двухлетних культур,АКМОЛИНСКАЯ ОБЛАСТЬ,ЗЕРЕНДИНСКИЙ РАЙОН
447182,Выращивание картофеля и посадочного материала,true,,,,947090000,920,,,152034000,1031,226783000,994,346833000,957,5,"Выращивание овощей, бахчевых, корнеплодов и клубнеплодов",АКМОЛИНСКАЯ ОБЛАСТЬ,ЗЕРЕНДИНСКИЙ РАЙОН
447192,Выращивание прочих одно- или двухлетних культур,false,,,,,,,,,,2500000,994,,,4,Выращивание одно- или двухлетних культур,АКМОЛИНСКАЯ ОБЛАСТЬ,ЗЕРЕНДИНСКИЙ РАЙОН
447193,Выращивание кормовых культур и их семян,true,,,,,,,,,,2500000,994,,,5,Выращивание прочих одно- или двухлетних культур,АКМОЛИНСКАЯ ОБЛАСТЬ,ЗЕРЕНДИНСКИЙ РАЙОН
447218,Животноводство,false,,527881000,883,1151405000,920,829837000,846,360158000,1031,190203000,994,39381000,957,3,"Растениеводство и животноводство, охота и предоставление услуг в этих областях",АКМОЛИНСКАЯ ОБЛАСТЬ,ЗЕРЕНДИНСКИЙ РАЙОН
447219,Разведение крупного рогатого скота молочного направления,false,,262466000,883,x,920,218679000,846,245748000,1031,96339000,994,22820000,957,4,Животноводство,АКМОЛИНСКАЯ ОБЛАСТЬ,ЗЕРЕНДИНСКИЙ РАЙОН
447220,Разведение крупного рогатого скота молочного направления,true,,262466000,883,x,920,218679000,846,245748000,1031,96339000,994,22820000,957,5,Разведение крупного рогатого скота молочного направления,АКМОЛИНСКАЯ ОБЛАСТЬ,ЗЕРЕНДИНСКИЙ РАЙОН
447221,Разведение прочего крупного рогатого скота и буйволов,false,,264140000,883,1046024000,920,611158000,846,x,1031,x,994,16561000,957,4,Животноводство,АКМОЛИНСКАЯ ОБЛАСТЬ,ЗЕРЕНДИНСКИЙ РАЙОН
447222,Разведение прочего крупного рогатого скота и буйволов,true,,264140000,883,1046024000,920,611158000,846,x,1031,x,994,16561000,957,5,Разведение прочего крупного рогатого скота и буйволов,АКМОЛИНСКАЯ ОБЛАСТЬ,ЗЕРЕНДИНСКИЙ РАЙОН
447223,Разведение лошадей и прочих животных семейства лошадиных,false,,,,6071000,920,,,,,,,,,4,Животноводство,АКМОЛИНСКАЯ ОБЛАСТЬ,ЗЕРЕНДИНСКИЙ РАЙОН
447224,Разведение лошадей,true,,,,6071000,920,,,,,,,,,5,Разведение лошадей и прочих животных семейства лошадиных,АКМОЛИНСКАЯ ОБЛАСТЬ,ЗЕРЕНДИНСКИЙ РАЙОН
447237,Разведение прочих видов животных,false,,1275000,883,22100000,920,,,,,,,,,4,Животноводство,АКМОЛИНСКАЯ ОБЛАСТЬ,ЗЕРЕНДИНСКИЙ РАЙОН
447238,Разведение прочих видов животных,true,,1275000,883,22100000,920,,,,,,,,,5,Разведение прочих видов животных,АКМОЛИНСКАЯ ОБЛАСТЬ,ЗЕРЕНДИНСКИЙ РАЙОН
447239,Смешанное сельское хозяйство,false,,,,,,,,909930000,1031,x,994,x,957,3,"Растениеводство и животноводство, охота и предоставление услуг в этих областях",АКМОЛИНСКАЯ ОБЛАСТЬ,ЗЕРЕНДИНСКИЙ РАЙОН
447240,Смешанное сельское хозяйство,false,,,,,,,,909930000,1031,x,994,x,957,4,Смешанное сельское хозяйство,АКМОЛИНСКАЯ ОБЛАСТЬ,ЗЕРЕНДИНСКИЙ РАЙОН
447241,Смешанное сельское хозяйство,true,,,,,,,,909930000,1031,x,994,x,957,5,Смешанное сельское хозяйство,АКМОЛИНСКАЯ ОБЛАСТЬ,ЗЕРЕНДИНСКИЙ РАЙОН
18683346,"Деятельность, способствующая выращиванию сельскохозяйственных культур и разведению животных и деятельность по обработке урожая",false,,x,883,,,10522000,846,,,11950000,994,,,3,"Растениеводство и животноводство, охота и предоставление услуг в этих областях",АКМОЛИНСКАЯ ОБЛАСТЬ,ЗЕРЕНДИНСКИЙ РАЙОН
18683347,"Деятельность, способствующая растениеводству",false,,x,883,,,x,846,,,11950000,994,,,4,"Деятельность, способствующая выращиванию сельскохозяйственных культур и разведению животных и деятельность по обработке урожая",АКМОЛИНСКАЯ ОБЛАСТЬ,ЗЕРЕНДИНСКИЙ РАЙОН
18683348,"Деятельность, способствующая растениеводству, кроме эксплуатации оросительных систем",true,,x,883,,,x,846,,,11950000,994,,,5,"Деятельность, способствующая растениеводству",АКМОЛИНСКАЯ ОБЛАСТЬ,ЗЕРЕНДИНСКИЙ РАЙОН
18683350,"Деятельность, способствующая животноводству",false,,,,,,x,846,,,,,,,4,"Деятельность, способствующая выращиванию сельскохозяйственных культур и разведению животных и деятельность по обработке урожая",АКМОЛИНСКАЯ ОБЛАСТЬ,ЗЕРЕНДИНСКИЙ РАЙОН
18683351,"Деятельность, способствующая животноводству",true,,,,,,x,846,,,,,,,5,"Деятельность, способствующая животноводству",АКМОЛИНСКАЯ ОБЛАСТЬ,ЗЕРЕНДИНСКИЙ РАЙОН
448148,Строительство,false,,,,,,,,51280000,1031,,,,,1,Всего,АКМОЛИНСКАЯ ОБЛАСТЬ,ЗЕРЕНДИНСКИЙ РАЙОН
18710963,Строительство зданий,false,,,,,,,,51280000,1031,,,,,2,Строительство,АКМОЛИНСКАЯ ОБЛАСТЬ,ЗЕРЕНДИНСКИЙ РАЙОН
18710967,Строительство жилых и нежилых зданий,false,,,,,,,,51280000,1031,,,,,3,Строительство зданий,АКМОЛИНСКАЯ ОБЛАСТЬ,ЗЕРЕНДИНСКИЙ РАЙОН
18710968,Строительство жилых и нежилых зданий,false,,,,,,,,51280000,1031,,,,,4,Строительство жилых и нежилых зданий,АКМОЛИНСКАЯ ОБЛАСТЬ,ЗЕРЕНДИНСКИЙ РАЙОН
18710969,Строительство жилых зданий,true,,,,,,,,51280000,1031,,,,,5,Строительство жилых и нежилых зданий,АКМОЛИНСКАЯ ОБЛАСТЬ,ЗЕРЕНДИНСКИЙ РАЙОН
448215,Оптовая и розничная торговля; ремонт автомобилей и мотоциклов,false,,264912000,883,659032000,920,139717000,846,117467000,1031,67141000,994,63916000,957,1,Всего,АКМОЛИНСКАЯ ОБЛАСТЬ,ЗЕРЕНДИНСКИЙ РАЙОН
448216,Оптовая и розничная торговля автомобилями и мотоциклами и их ремонт,false,,x,883,6000000,920,,,20467000,1031,,,,,2,Оптовая и розничная торговля; ремонт автомобилей и мотоциклов,АКМОЛИНСКАЯ ОБЛАСТЬ,ЗЕРЕНДИНСКИЙ РАЙОН
448224,Техническое обслуживание и ремонт автомобилей,false,,,,6000000,920,,,20467000,1031,,,,,3,Оптовая и розничная торговля автомобилями и мотоциклами и их ремонт,АКМОЛИНСКАЯ ОБЛАСТЬ,ЗЕРЕНДИНСКИЙ РАЙОН
448225,Техническое обслуживание и ремонт автомобилей,false,,,,6000000,920,,,20467000,1031,,,,,4,Техническое обслуживание и ремонт автомобилей,АКМОЛИНСКАЯ ОБЛАСТЬ,ЗЕРЕНДИНСКИЙ РАЙОН
20575904,"Техническое обслуживание и ремонт автомобилей, за исключением произведенных станциями технического обслуживания, находящимися на придорожной полосе",true,,,,6000000,920,,,20467000,1031,,,,,5,Техническое обслуживание и ремонт автомобилей,АКМОЛИНСКАЯ ОБЛАСТЬ,ЗЕРЕНДИНСКИЙ РАЙОН
448227,"Торговля автомобильными деталями, узлами и принадлежностями",false,,x,883,,,,,,,,,,,3,Оптовая и розничная торговля автомобилями и мотоциклами и их ремонт,АКМОЛИНСКАЯ ОБЛАСТЬ,ЗЕРЕНДИНСКИЙ РАЙОН
448228,"Оптовая торговля автомобильными деталями, узлами и принадлежностями",false,,x,883,,,,,,,,,,,4,"Торговля автомобильными деталями, узлами и принадлежностями",АКМОЛИНСКАЯ ОБЛАСТЬ,ЗЕРЕНДИНСКИЙ РАЙОН
448229,"Оптовая торговля автомобильными деталями, узлами и принадлежностями",true,,x,883,,,,,,,,,,,5,"Оптовая торговля автомобильными деталями, узлами и принадлежностями",АКМОЛИНСКАЯ ОБЛАСТЬ,ЗЕРЕНДИНСКИЙ РАЙОН
448237,"Оптовая торговля, за исключением торговли автомобилями и мотоциклами",false,,235412000,883,636678000,920,3027000,846,,,27787000,994,52451000,957,2,Оптовая и розничная торговля; ремонт автомобилей и мотоциклов,АКМОЛИНСКАЯ ОБЛАСТЬ,ЗЕРЕНДИНСКИЙ РАЙОН
448267,"Оптовая торговля продуктами питания, напитками и табачными изделиями",false,,,,,,x,846,,,,,,,3,"Оптовая торговля, за исключением торговли автомобилями и мотоциклами",АКМОЛИНСКАЯ ОБЛАСТЬ,ЗЕРЕНДИНСКИЙ РАЙОН
448272,"Оптовая торговля молочными продуктами, яйцами и пищевыми маслами и жирами",false,,,,,,x,846,,,,,,,4,"Оптовая торговля продуктами питания, напитками и табачными изделиями",АКМОЛИНСКАЯ ОБЛАСТЬ,ЗЕРЕНДИНСКИЙ РАЙОН
448273,"Оптовая торговля молочными продуктами, яйцами и пищевыми маслами и жирами",true,,,,,,x,846,,,,,,,5,"Оптовая торговля молочными продуктами, яйцами и пищевыми маслами и жирами",АКМОЛИНСКАЯ ОБЛАСТЬ,ЗЕРЕНДИНСКИЙ РАЙОН
448316,"Оптовая торговля прочими машинами, оборудованием и деталями и принадлежностями к ним",false,,,,,,x,846,,,27787000,994,4475000,957,3,"Оптовая торговля, за исключением торговли автомобилями и мотоциклами",АКМОЛИНСКАЯ ОБЛАСТЬ,ЗЕРЕНДИНСКИЙ РАЙОН
448321,Оптовая торговля машинами и оборудованием для горнодобывающей промышленности и строительства ,false,,,,,,x,846,,,27787000,994,4475000,957,4,"Оптовая торговля прочими машинами, оборудованием и деталями и принадлежностями к ним",АКМОЛИНСКАЯ ОБЛАСТЬ,ЗЕРЕНДИНСКИЙ РАЙОН
448322,Оптовая торговля машинами и оборудованием для горнодобывающей промышленности и строительства ,true,,,,,,x,846,,,27787000,994,4475000,957,5,Оптовая торговля машинами и оборудованием для горнодобывающей промышленности и строительства ,АКМОЛИНСКАЯ ОБЛАСТЬ,ЗЕРЕНДИНСКИЙ РАЙОН
448331,Прочая специализированная оптовая торговля ,false,,235412000,883,636678000,920,,,,,,,x,957,3,"Оптовая торговля, за исключением торговли автомобилями и мотоциклами",АКМОЛИНСКАЯ ОБЛАСТЬ,ЗЕРЕНДИНСКИЙ РАЙОН
448347,"Оптовая торговля лесоматериалами, строительными материалами и санитарно-техническим оборудованием",false,,,,x,920,,,,,,,,,4,Прочая специализированная оптовая торговля ,АКМОЛИНСКАЯ ОБЛАСТЬ,ЗЕРЕНДИНСКИЙ РАЙОН
448349,"Оптовая торговля цементом, песком и гравием",true,,,,x,920,,,,,,,,,5,"Оптовая торговля лесоматериалами, строительными материалами и санитарно-техническим оборудованием",АКМОЛИНСКАЯ ОБЛАСТЬ,ЗЕРЕНДИНСКИЙ РАЙОН
448358,Оптовая торговля химической продукцией,false,,235412000,883,390730000,920,,,,,,,x,957,4,Прочая специализированная оптовая торговля ,АКМОЛИНСКАЯ ОБЛАСТЬ,ЗЕРЕНДИНСКИЙ РАЙОН
448362,Оптовая торговля пестицидами и прочими агрохимическими продуктами,true,,235412000,883,390730000,920,,,,,,,x,957,5,Оптовая торговля химической продукцией,АКМОЛИНСКАЯ ОБЛАСТЬ,ЗЕРЕНДИНСКИЙ РАЙОН
448377,"Розничная торговля, кроме торговли автомобилями и мотоциклами",false,,26500000,883,16354000,920,136690000,846,97000000,1031,39354000,994,x,957,2,Оптовая и розничная торговля; ремонт автомобилей и мотоциклов,АКМОЛИНСКАЯ ОБЛАСТЬ,ЗЕРЕНДИНСКИЙ РАЙОН
448378,Розничная торговля в неспециализированных магазинах,false,,10000000,883,10000000,920,4000000,846,97000000,1031,5000000,994,,,3,"Розничная торговля, кроме торговли автомобилями и мотоциклами",АКМОЛИНСКАЯ ОБЛАСТЬ,ЗЕРЕНДИНСКИЙ РАЙОН
448379,"Розничная торговля в неспециализированных магазинах преимущественно продуктами питания, напитками и табачными изделиями",false,,10000000,883,10000000,920,4000000,846,82000000,1031,5000000,994,,,4,Розничная торговля в неспециализированных магазинах,АКМОЛИНСКАЯ ОБЛАСТЬ,ЗЕРЕНДИНСКИЙ РАЙОН
3647934,"Розничная торговля преимущественно продуктами питания, напитками и табачными изделиями в неспециализированных магазинах, являющихся торговыми объектами, с торговой площадью менее 2000 кв.м ",true,,10000000,883,10000000,920,4000000,846,82000000,1031,5000000,994,,,5,"Розничная торговля в неспециализированных магазинах преимущественно продуктами питания, напитками и табачными изделиями",АКМОЛИНСКАЯ ОБЛАСТЬ,ЗЕРЕНДИНСКИЙ РАЙОН
448381,Прочая розничная торговля в неспециализированных магазинах,false,,,,,,,,15000000,1031,,,,,4,Розничная торговля в неспециализированных магазинах,АКМОЛИНСКАЯ ОБЛАСТЬ,ЗЕРЕНДИНСКИЙ РАЙОН
3647936,"Прочая розничная торговля в неспециализированных магазинах, являющихся торговыми объектами, с торговой площадью менее 2000 кв.м ",true,,,,,,,,15000000,1031,,,,,5,Прочая розничная торговля в неспециализированных магазинах,АКМОЛИНСКАЯ ОБЛАСТЬ,ЗЕРЕНДИНСКИЙ РАЙОН
448399,Розничная торговля топливом в специализированных магазинах,false,,,,x,920,,,,,34354000,994,x,957,3,"Розничная торговля, кроме торговли автомобилями и мотоциклами",АКМОЛИНСКАЯ ОБЛАСТЬ,ЗЕРЕНДИНСКИЙ РАЙОН
448400,Розничная торговля топливом в специализированных магазинах,false,,,,x,920,,,,,34354000,994,x,957,4,Розничная торговля топливом в специализированных магазинах,АКМОЛИНСКАЯ ОБЛАСТЬ,ЗЕРЕНДИНСКИЙ РАЙОН
20576124,"Розничная торговля моторным топливом в специализированных магазинах, за исключением находящихся на придорожной полосе",true,,,,x,920,,,,,34354000,994,x,957,5,Розничная торговля топливом в специализированных магазинах,АКМОЛИНСКАЯ ОБЛАСТЬ,ЗЕРЕНДИНСКИЙ РАЙОН
448409,Розничная торговля прочими бытовыми товарами в специализированных магазинах ,false,,,,x,920,,,,,,,,,3,"Розничная торговля, кроме торговли автомобилями и мотоциклами",АКМОЛИНСКАЯ ОБЛАСТЬ,ЗЕРЕНДИНСКИЙ РАЙОН
448416,Розничная торговля электрическими бытовыми приборами в специализированных магазинах,false,,,,x,920,,,,,,,,,4,Розничная торговля прочими бытовыми товарами в специализированных магазинах ,АКМОЛИНСКАЯ ОБЛАСТЬ,ЗЕРЕНДИНСКИЙ РАЙОН
3647962,"Розничная торговля электрическими бытовыми приборами в специализированных магазинах, являющихся торговыми объектами, с торговой площадью менее 2000 кв.м",true,,,,x,920,,,,,,,,,5,Розничная торговля электрическими бытовыми приборами в специализированных магазинах,АКМОЛИНСКАЯ ОБЛАСТЬ,ЗЕРЕНДИНСКИЙ РАЙОН
448422,Розничная торговля товарами культурно-развлекательного характера в специализированных магазинах,false,,1500000,883,,,,,,,,,,,3,"Розничная торговля, кроме торговли автомобилями и мотоциклами",АКМОЛИНСКАЯ ОБЛАСТЬ,ЗЕРЕНДИНСКИЙ РАЙОН
448425,"Розничная торговля газетами, журналами и канцелярскими товарами в специализированных магазинах ",false,,1500000,883,,,,,,,,,,,4,Розничная торговля товарами культурно-развлекательного характера в специализированных магазинах,АКМОЛИНСКАЯ ОБЛАСТЬ,ЗЕРЕНДИНСКИЙ РАЙОН
3647969,"Розничная торговля газетами, журналами и канцелярскими товарами в специализированных магазинах, являющихся торговыми объектами, с торговой площадью менее 2000 кв.м",true,,1500000,883,,,,,,,,,,,5,"Розничная торговля газетами, журналами и канцелярскими товарами в специализированных магазинах ",АКМОЛИНСКАЯ ОБЛАСТЬ,ЗЕРЕНДИНСКИЙ РАЙОН
448433,Розничная торговля прочими товарами в специализированных магазинах,false,,15000000,883,,,x,846,,,,,,,3,"Розничная торговля, кроме торговли автомобилями и мотоциклами",АКМОЛИНСКАЯ ОБЛАСТЬ,ЗЕРЕНДИНСКИЙ РАЙОН
448440,Розничная торговля фармацевтическими товарами в специализированных магазинах,false,,15000000,883,,,x,846,,,,,,,4,Розничная торговля прочими товарами в специализированных магазинах,АКМОЛИНСКАЯ ОБЛАСТЬ,ЗЕРЕНДИНСКИЙ РАЙОН
3647981,"Розничная торговля фармацевтическими товарами в специализированных магазинах, являющихся торговыми объектами, с торговой площадью менее 2000 кв.м",true,,15000000,883,,,x,846,,,,,,,5,Розничная торговля фармацевтическими товарами в специализированных магазинах,АКМОЛИНСКАЯ ОБЛАСТЬ,ЗЕРЕНДИНСКИЙ РАЙОН
448475,Транспорт и складирование,false,,2745392000,883,907306000,920,5234370000,846,7972560000,1031,4645713000,994,2637816000,957,1,Всего,АКМОЛИНСКАЯ ОБЛАСТЬ,ЗЕРЕНДИНСКИЙ РАЙОН
448476,Деятельность сухопутного и трубопроводного транспорта ,false,,,,,,,,60015000,1031,39557000,994,x,957,2,Транспорт и складирование,АКМОЛИНСКАЯ ОБЛАСТЬ,ЗЕРЕНДИНСКИЙ РАЙОН
448494,Деятельность грузового автомобильного транспорта и предоставление услуг по переезду ,false,,,,,,,,60015000,1031,39557000,994,x,957,3,Деятельность сухопутного и трубопроводного транспорта ,АКМОЛИНСКАЯ ОБЛАСТЬ,ЗЕРЕНДИНСКИЙ РАЙОН
448495,Деятельность грузового автомобильного транспорта,false,,,,,,,,60015000,1031,39557000,994,x,957,4,Деятельность грузового автомобильного транспорта и предоставление услуг по переезду ,АКМОЛИНСКАЯ ОБЛАСТЬ,ЗЕРЕНДИНСКИЙ РАЙОН
448496,Деятельность грузового автомобильного транспорта,true,,,,,,,,60015000,1031,39557000,994,x,957,5,Деятельность грузового автомобильного транспорта,АКМОЛИНСКАЯ ОБЛАСТЬ,ЗЕРЕНДИНСКИЙ РАЙОН
448527,Складирование грузов и вспомогательная транспортная деятельность,false,,2745392000,883,907306000,920,5234370000,846,7912545000,1031,4606156000,994,2481308000,957,2,Транспорт и складирование,АКМОЛИНСКАЯ ОБЛАСТЬ,ЗЕРЕНДИНСКИЙ РАЙОН
448528,Складирование и хранение грузов,false,,14000000,883,483241000,920,611450000,846,70328000,1031,87843000,994,1926172000,957,3,Складирование грузов и вспомогательная транспортная деятельность,АКМОЛИНСКАЯ ОБЛАСТЬ,ЗЕРЕНДИНСКИЙ РАЙОН
448529,Складирование и хранение грузов,false,,14000000,883,483241000,920,611450000,846,70328000,1031,87843000,994,1926172000,957,4,Складирование и хранение грузов,АКМОЛИНСКАЯ ОБЛАСТЬ,ЗЕРЕНДИНСКИЙ РАЙОН
448530,Складирование и хранение зерна,true,,14000000,883,x,920,611450000,846,x,1031,56843000,994,1926172000,957,5,Складирование и хранение грузов,АКМОЛИНСКАЯ ОБЛАСТЬ,ЗЕРЕНДИНСКИЙ РАЙОН
448531,"Складирование и хранение непродовольственных товаров, кроме зерна и нефти",true,,,,,,,,,,31000000,994,,,5,Складирование и хранение грузов,АКМОЛИНСКАЯ ОБЛАСТЬ,ЗЕРЕНДИНСКИЙ РАЙОН
20576307,"Складирование и хранение продовольственных товаров, кроме овощей и фруктов",true,,,,450529000,920,,,14433000,1031,,,,,5,Складирование и хранение грузов,АКМОЛИНСКАЯ ОБЛАСТЬ,ЗЕРЕНДИНСКИЙ РАЙОН
448533,Вспомогательная транспортная деятельность,false,,2731392000,883,424065000,920,4622920000,846,7842217000,1031,4518313000,994,555136000,957,3,Складирование грузов и вспомогательная транспортная деятельность,АКМОЛИНСКАЯ ОБЛАСТЬ,ЗЕРЕНДИНСКИЙ РАЙОН
448534,Вспомогательная деятельность сухопутного транспорта,false,,2132332000,883,353519000,920,4231796000,846,7011427000,1031,4291866000,994,30000000,957,4,Вспомогательная транспортная деятельность,АКМОЛИНСКАЯ ОБЛАСТЬ,ЗЕРЕНДИНСКИЙ РАЙОН
448535,Эксплуатация железных дорог,true,,,,31250000,920,,,3506328000,1031,4291866000,994,,,5,Вспомогательная деятельность сухопутного транспорта,АКМОЛИНСКАЯ ОБЛАСТЬ,ЗЕРЕНДИНСКИЙ РАЙОН
448536,Эксплуатация автомобильных дорог,true,,2132332000,883,322269000,920,4231796000,846,3505099000,1031,,,,,5,Вспомогательная деятельность сухопутного транспорта,АКМОЛИНСКАЯ ОБЛАСТЬ,ЗЕРЕНДИНСКИЙ РАЙОН
448538,Деятельность автомобильных стоянок,true,,,,,,,,,,,,30000000,957,5,Вспомогательная деятельность сухопутного транспорта,АКМОЛИНСКАЯ ОБЛАСТЬ,ЗЕРЕНДИНСКИЙ РАЙОН
448542,Вспомогательная деятельность воздушного транспорта,false,,x,883,x,920,x,846,x,1031,x,994,x,957,4,Вспомогательная транспортная деятельность,АКМОЛИНСКАЯ ОБЛАСТЬ,ЗЕРЕНДИНСКИЙ РАЙОН
448543,Регулирование использования воздушного пространства,true,,x,883,x,920,x,846,x,1031,x,994,x,957,5,Вспомогательная деятельность воздушного транспорта,АКМОЛИНСКАЯ ОБЛАСТЬ,ЗЕРЕНДИНСКИЙ РАЙОН
448558,Предоставление услуг по проживанию и питанию,false,,,,418153000,920,,,250000000,1031,,,1125497000,957,1,Всего,АКМОЛИНСКАЯ ОБЛАСТЬ,ЗЕРЕНДИНСКИЙ РАЙОН
3783427,Предоставление услуг по временному проживанию,false,,,,418153000,920,,,200000000,1031,,,1112475000,957,2,Предоставление услуг по проживанию и питанию,АКМОЛИНСКАЯ ОБЛАСТЬ,ЗЕРЕНДИНСКИЙ РАЙОН
3783432,Предоставление жилья на выходные дни и прочие периоды краткосрочного проживания,false,,,,418153000,920,,,200000000,1031,,,1112475000,957,3,Предоставление услуг по временному проживанию,АКМОЛИНСКАЯ ОБЛАСТЬ,ЗЕРЕНДИНСКИЙ РАЙОН
3783433,Предоставление жилья на выходные дни и прочие периоды краткосрочного проживания,false,,,,418153000,920,,,200000000,1031,,,1112475000,957,4,Предоставление жилья на выходные дни и прочие периоды краткосрочного проживания,АКМОЛИНСКАЯ ОБЛАСТЬ,ЗЕРЕНДИНСКИЙ РАЙОН
3783434,Предоставление жилья на выходные дни и прочие периоды краткосрочного проживания,true,,,,418153000,920,,,200000000,1031,,,1112475000,957,5,Предоставление жилья на выходные дни и прочие периоды краткосрочного проживания,АКМОЛИНСКАЯ ОБЛАСТЬ,ЗЕРЕНДИНСКИЙ РАЙОН
448573,Предоставление услуг по обеспечению питанием и напитками,false,,,,,,,,50000000,1031,,,13022000,957,2,Предоставление услуг по проживанию и питанию,АКМОЛИНСКАЯ ОБЛАСТЬ,ЗЕРЕНДИНСКИЙ РАЙОН
448574,Деятельность ресторанов и предоставление услуг по доставке продуктов питания,false,,,,,,,,,,,,13022000,957,3,Предоставление услуг по обеспечению питанием и напитками,АКМОЛИНСКАЯ ОБЛАСТЬ,ЗЕРЕНДИНСКИЙ РАЙОН
448575,Деятельность ресторанов и предоставление услуг по доставке продуктов питания,false,,,,,,,,,,,,13022000,957,4,Деятельность ресторанов и предоставление услуг по доставке продуктов питания,АКМОЛИНСКАЯ ОБЛАСТЬ,ЗЕРЕНДИНСКИЙ РАЙОН
20576362,"Деятельность ресторанов и предоставление услуг по доставке продуктов питания, за исключением деятельности объектов, находящихся на придорожной полосе",true,,,,,,,,,,,,13022000,957,5,Деятельность ресторанов и предоставление услуг по доставке продуктов питания,АКМОЛИНСКАЯ ОБЛАСТЬ,ЗЕРЕНДИНСКИЙ РАЙОН
448577,Доставка готовой пищи на заказ и прочая деятельность по обеспечению питанием,false,,,,,,,,50000000,1031,,,,,3,Предоставление услуг по обеспечению питанием и напитками,АКМОЛИНСКАЯ ОБЛАСТЬ,ЗЕРЕНДИНСКИЙ РАЙОН
448580,Прочая деятельность по обеспечению питанием,false,,,,,,,,50000000,1031,,,,,4,Доставка готовой пищи на заказ и прочая деятельность по обеспечению питанием,АКМОЛИНСКАЯ ОБЛАСТЬ,ЗЕРЕНДИНСКИЙ РАЙОН
18951446,"Прочая деятельность по обеспечению питанием, не включенная в другие группировки",true,,,,,,,,50000000,1031,,,,,5,Прочая деятельность по обеспечению питанием,АКМОЛИНСКАЯ ОБЛАСТЬ,ЗЕРЕНДИНСКИЙ РАЙОН
448585,Информация и связь,false,,95666000,883,27605000,920,8233000,846,129985000,1031,8737000,994,203012000,957,1,Всего,АКМОЛИНСКАЯ ОБЛАСТЬ,ЗЕРЕНДИНСКИЙ РАЙОН
448623,Телекоммуникации,false,,95666000,883,27605000,920,8233000,846,129985000,1031,8737000,994,203012000,957,2,Информация и связь,АКМОЛИНСКАЯ ОБЛАСТЬ,ЗЕРЕНДИНСКИЙ РАЙОН
18696628,Проводная телекоммуникационная связь,false,,70959000,883,27605000,920,8233000,846,78335000,1031,,,132948000,957,3,Телекоммуникации,АКМОЛИНСКАЯ ОБЛАСТЬ,ЗЕРЕНДИНСКИЙ РАЙОН
18696629,Проводная телекоммуникационная связь,false,,70959000,883,27605000,920,8233000,846,78335000,1031,,,132948000,957,4,Проводная телекоммуникационная связь,АКМОЛИНСКАЯ ОБЛАСТЬ,ЗЕРЕНДИНСКИЙ РАЙОН
18946146,Прочая проводная телекоммуникационная связь,true,,70959000,883,27605000,920,8233000,846,78335000,1031,,,132948000,957,5,Проводная телекоммуникационная связь,АКМОЛИНСКАЯ ОБЛАСТЬ,ЗЕРЕНДИНСКИЙ РАЙОН
448627,Беспроводная телекоммуникационная связь,false,,24707000,883,,,,,20318000,1031,8737000,994,70064000,957,3,Телекоммуникации,АКМОЛИНСКАЯ ОБЛАСТЬ,ЗЕРЕНДИНСКИЙ РАЙОН
448628,Беспроводная телекоммуникационная связь,false,,24707000,883,,,,,20318000,1031,8737000,994,70064000,957,4,Беспроводная телекоммуникационная связь,АКМОЛИНСКАЯ ОБЛАСТЬ,ЗЕРЕНДИНСКИЙ РАЙОН
18946147,Беспроводная телекоммуникационная связь посредством единой транспортной среды,true,,,,,,,,20318000,1031,8737000,994,69529000,957,5,Беспроводная телекоммуникационная связь,АКМОЛИНСКАЯ ОБЛАСТЬ,ЗЕРЕНДИНСКИЙ РАЙОН
18946149,Прочая беспроводная телекоммуникационная связь,true,,24707000,883,,,,,,,,,535000,957,5,Беспроводная телекоммуникационная связь,АКМОЛИНСКАЯ ОБЛАСТЬ,ЗЕРЕНДИНСКИЙ РАЙОН
448633,Прочая деятельность в области телекоммуникаций,false,,,,,,,,31332000,1031,,,,,3,Телекоммуникации,АКМОЛИНСКАЯ ОБЛАСТЬ,ЗЕРЕНДИНСКИЙ РАЙОН
448634,Прочая деятельность в области телекоммуникаций,false,,,,,,,,31332000,1031,,,,,4,Прочая деятельность в области телекоммуникаций,АКМОЛИНСКАЯ ОБЛАСТЬ,ЗЕРЕНДИНСКИЙ РАЙОН
18946154,"Прочая деятельность в области телекоммуникаций, не включенная в другие группировки",true,,,,,,,,31332000,1031,,,,,5,Прочая деятельность в области телекоммуникаций,АКМОЛИНСКАЯ ОБЛАСТЬ,ЗЕРЕНДИНСКИЙ РАЙОН
448714,Операции с недвижимым имуществом,false,,662910000,883,821593000,920,523540000,846,552629000,1031,1261299000,994,670403000,957,1,Всего,АКМОЛИНСКАЯ ОБЛАСТЬ,ЗЕРЕНДИНСКИЙ РАЙОН
448715,Операции с недвижимым имуществом,false,,662910000,883,821593000,920,523540000,846,552629000,1031,1261299000,994,670403000,957,2,Операции с недвижимым имуществом,АКМОЛИНСКАЯ ОБЛАСТЬ,ЗЕРЕНДИНСКИЙ РАЙОН
448716,Покупка и продажа собственного недвижимого имущества ,false,,662910000,883,821593000,920,523540000,846,551858000,1031,1225418000,994,670403000,957,3,Операции с недвижимым имуществом,АКМОЛИНСКАЯ ОБЛАСТЬ,ЗЕРЕНДИНСКИЙ РАЙОН
448717,Покупка и продажа собственного недвижимого имущества ,false,,662910000,883,821593000,920,523540000,846,551858000,1031,1225418000,994,670403000,957,4,Покупка и продажа собственного недвижимого имущества ,АКМОЛИНСКАЯ ОБЛАСТЬ,ЗЕРЕНДИНСКИЙ РАЙОН
543091,Покупка и продажа многоквартирных и жилых домов (особняков),true,,662910000,883,753593000,920,523540000,846,531046000,1031,1113770000,994,578918000,957,5,Покупка и продажа собственного недвижимого имущества ,АКМОЛИНСКАЯ ОБЛАСТЬ,ЗЕРЕНДИНСКИЙ РАЙОН
543092,Покупка и продажа прочей недвижимости,true,,,,68000000,920,,,x,1031,111648000,994,91485000,957,5,Покупка и продажа собственного недвижимого имущества ,АКМОЛИНСКАЯ ОБЛАСТЬ,ЗЕРЕНДИНСКИЙ РАЙОН
448719,Аренда и управление собственной или арендуемой недвижимостью,false,,,,,,,,x,1031,35881000,994,,,3,Операции с недвижимым имуществом,АКМОЛИНСКАЯ ОБЛАСТЬ,ЗЕРЕНДИНСКИЙ РАЙОН
448720,Аренда и управление собственной или арендуемой недвижимостью,false,,,,,,,,x,1031,35881000,994,,,4,Аренда и управление собственной или арендуемой недвижимостью,АКМОЛИНСКАЯ ОБЛАСТЬ,ЗЕРЕНДИНСКИЙ РАЙОН
18946171,Аренда и управление собственной недвижимостью,true,,,,,,,,,,35881000,994,,,5,Аренда и управление собственной или арендуемой недвижимостью,АКМОЛИНСКАЯ ОБЛАСТЬ,ЗЕРЕНДИНСКИЙ РАЙОН
448728,"Профессиональная, научная и техническая деятельность",false,,,,,,,,x,1031,x,994,x,957,1,Всего,АКМОЛИНСКАЯ ОБЛАСТЬ,ЗЕРЕНДИНСКИЙ РАЙОН
448747,"Деятельность в области архитектуры, инженерных изысканий, технических испытаний и анализа",false,,,,,,,,x,1031,x,994,x,957,2,"Профессиональная, научная и техническая деятельность",АКМОЛИНСКАЯ ОБЛАСТЬ,ЗЕРЕНДИНСКИЙ РАЙОН
448748,"Деятельность в области архитектуры, инженерных изысканий и предоставление технических консультаций в этих областях",false,,,,,,,,x,1031,x,994,x,957,3,"Деятельность в области архитектуры, инженерных изысканий, технических испытаний и анализа",АКМОЛИНСКАЯ ОБЛАСТЬ,ЗЕРЕНДИНСКИЙ РАЙОН
448751,Деятельность в области инженерных изысканий и предоставление технических консультаций в этой области,false,,,,,,,,x,1031,x,994,x,957,4,"Деятельность в области архитектуры, инженерных изысканий и предоставление технических консультаций в этих областях",АКМОЛИНСКАЯ ОБЛАСТЬ,ЗЕРЕНДИНСКИЙ РАЙОН
448753,Деятельность по проведению геологической разведки и изысканий (без научных исследований и разработок),true,,,,,,,,x,1031,x,994,x,957,5,Деятельность в области инженерных изысканий и предоставление технических консультаций в этой области,АКМОЛИНСКАЯ ОБЛАСТЬ,ЗЕРЕНДИНСКИЙ РАЙОН
448797,Деятельность в области административного и вспомогательного обслуживания,false,,14217000,883,,,,,143591000,1031,1717000,994,,,1,Всего,АКМОЛИНСКАЯ ОБЛАСТЬ,ЗЕРЕНДИНСКИЙ РАЙОН
448798,"Аренда, прокат и лизинг",false,,,,,,,,,,1717000,994,,,2,Деятельность в области административного и вспомогательного обслуживания,АКМОЛИНСКАЯ ОБЛАСТЬ,ЗЕРЕНДИНСКИЙ РАЙОН
448811,"Аренда и лизинг прочих машин, оборудования и материальных активов",false,,,,,,,,,,1717000,994,,,3,"Аренда, прокат и лизинг",АКМОЛИНСКАЯ ОБЛАСТЬ,ЗЕРЕНДИНСКИЙ РАЙОН
448814,Аренда и лизинг строительных машин и оборудования ,false,,,,,,,,,,1717000,994,,,4,"Аренда и лизинг прочих машин, оборудования и материальных активов",АКМОЛИНСКАЯ ОБЛАСТЬ,ЗЕРЕНДИНСКИЙ РАЙОН
543081,Аренда строительных машин и оборудования ,true,,,,,,,,,,1717000,994,,,5,Аренда и лизинг строительных машин и оборудования ,АКМОЛИНСКАЯ ОБЛАСТЬ,ЗЕРЕНДИНСКИЙ РАЙОН
448856,Деятельность по обслуживанию зданий и благоустройству территорий,false,,14217000,883,,,,,143591000,1031,,,,,2,Деятельность в области административного и вспомогательного обслуживания,АКМОЛИНСКАЯ ОБЛАСТЬ,ЗЕРЕНДИНСКИЙ РАЙОН
448867,Деятельность по благоустройству территорий,false,,14217000,883,,,,,143591000,1031,,,,,3,Деятельность по обслуживанию зданий и благоустройству территорий,АКМОЛИНСКАЯ ОБЛАСТЬ,ЗЕРЕНДИНСКИЙ РАЙОН
448868,Деятельность по благоустройству территорий,false,,14217000,883,,,,,143591000,1031,,,,,4,Деятельность по благоустройству территорий,АКМОЛИНСКАЯ ОБЛАСТЬ,ЗЕРЕНДИНСКИЙ РАЙОН
448869,Деятельность по благоустройству территорий,true,,14217000,883,,,,,143591000,1031,,,,,5,Деятельность по благоустройству территорий,АКМОЛИНСКАЯ ОБЛАСТЬ,ЗЕРЕНДИНСКИЙ РАЙОН
448918,Образование,false,,x,883,24757000,920,139213000,846,,,34390000,994,,,1,Всего,АКМОЛИНСКАЯ ОБЛАСТЬ,ЗЕРЕНДИНСКИЙ РАЙОН
448919,Образование,false,,x,883,24757000,920,139213000,846,,,34390000,994,,,2,Образование,АКМОЛИНСКАЯ ОБЛАСТЬ,ЗЕРЕНДИНСКИЙ РАЙОН
448926,Среднее образование (2-й и 3-й уровни),false,,x,883,24757000,920,139143000,846,,,,,,,3,Образование,АКМОЛИНСКАЯ ОБЛАСТЬ,ЗЕРЕНДИНСКИЙ РАЙОН
448927,Основное и общее среднее образование,false,,x,883,24757000,920,139143000,846,,,,,,,4,Среднее образование (2-й и 3-й уровни),АКМОЛИНСКАЯ ОБЛАСТЬ,ЗЕРЕНДИНСКИЙ РАЙОН
448928,Основное и общее среднее образование,true,,x,883,24757000,920,139143000,846,,,,,,,5,Основное и общее среднее образование,АКМОЛИНСКАЯ ОБЛАСТЬ,ЗЕРЕНДИНСКИЙ РАЙОН
448937,Прочие виды образования,false,,,,,,70000,846,,,34390000,994,,,3,Образование,АКМОЛИНСКАЯ ОБЛАСТЬ,ЗЕРЕНДИНСКИЙ РАЙОН
448938,Образование в области спорта и отдыха,false,,,,,,,,,,34390000,994,,,4,Прочие виды образования,АКМОЛИНСКАЯ ОБЛАСТЬ,ЗЕРЕНДИНСКИЙ РАЙОН
448939,Образование в области спорта и отдыха,true,,,,,,,,,,34390000,994,,,5,Образование в области спорта и отдыха,АКМОЛИНСКАЯ ОБЛАСТЬ,ЗЕРЕНДИНСКИЙ РАЙОН
448944,"Прочие виды образования, не включенные в другие группировки",false,,,,,,70000,846,,,,,,,4,Прочие виды образования,АКМОЛИНСКАЯ ОБЛАСТЬ,ЗЕРЕНДИНСКИЙ РАЙОН
448946,"Прочая деятельность в области образования, не включенная в другие группировки",true,,,,,,70000,846,,,,,,,5,"Прочие виды образования, не включенные в другие группировки",АКМОЛИНСКАЯ ОБЛАСТЬ,ЗЕРЕНДИНСКИЙ РАЙОН
448950,Здравоохранение и социальное обслуживание населения,false,,21854000,883,x,920,78882000,846,840048000,1031,127764000,994,x,957,1,Всего,АКМОЛИНСКАЯ ОБЛАСТЬ,ЗЕРЕНДИНСКИЙ РАЙОН
448951,Деятельность в области здравоохранения,false,,21854000,883,x,920,78882000,846,840048000,1031,127764000,994,x,957,2,Здравоохранение и социальное обслуживание населения,АКМОЛИНСКАЯ ОБЛАСТЬ,ЗЕРЕНДИНСКИЙ РАЙОН
448952,Деятельность больничных организаций,false,,21854000,883,x,920,78882000,846,358422000,1031,127374000,994,x,957,3,Деятельность в области здравоохранения,АКМОЛИНСКАЯ ОБЛАСТЬ,ЗЕРЕНДИНСКИЙ РАЙОН
448953,Деятельность больничных организаций,false,,21854000,883,x,920,78882000,846,358422000,1031,127374000,994,x,957,4,Деятельность больничных организаций,АКМОЛИНСКАЯ ОБЛАСТЬ,ЗЕРЕНДИНСКИЙ РАЙОН
448954,Деятельность больниц широкого профиля и специализированных больниц,true,,21854000,883,,,78882000,846,98422000,1031,127374000,994,,,5,Деятельность больничных организаций,АКМОЛИНСКАЯ ОБЛАСТЬ,ЗЕРЕНДИНСКИЙ РАЙОН
448958,"Деятельность других лечебных учреждений, имеющих стационары",true,,,,x,920,,,260000000,1031,,,x,957,5,Деятельность больничных организаций,АКМОЛИНСКАЯ ОБЛАСТЬ,ЗЕРЕНДИНСКИЙ РАЙОН
448959,Деятельность в области врачебной практики и стоматологии,false,,,,,,,,481626000,1031,390000,994,,,3,Деятельность в области здравоохранения,АКМОЛИНСКАЯ ОБЛАСТЬ,ЗЕРЕНДИНСКИЙ РАЙОН
448960,Общая врачебная практика,false,,,,,,,,481626000,1031,390000,994,,,4,Деятельность в области врачебной практики и стоматологии,АКМОЛИНСКАЯ ОБЛАСТЬ,ЗЕРЕНДИНСКИЙ РАЙОН
448961,Общая врачебная практика,true,,,,,,,,481626000,1031,390000,994,,,5,Общая врачебная практика,АКМОЛИНСКАЯ ОБЛАСТЬ,ЗЕРЕНДИНСКИЙ РАЙОН
448991,"Искусство, развлечения и отдых",false,,9000000,883,,,,,,,,,164074000,957,1,Всего,АКМОЛИНСКАЯ ОБЛАСТЬ,ЗЕРЕНДИНСКИЙ РАЙОН
449022,"Деятельность в области спорта, организации отдыха и развлечений",false,,9000000,883,,,,,,,,,164074000,957,2,"Искусство, развлечения и отдых",АКМОЛИНСКАЯ ОБЛАСТЬ,ЗЕРЕНДИНСКИЙ РАЙОН
449032,Деятельность по организации отдыха и развлечений,false,,9000000,883,,,,,,,,,164074000,957,3,"Деятельность в области спорта, организации отдыха и развлечений",АКМОЛИНСКАЯ ОБЛАСТЬ,ЗЕРЕНДИНСКИЙ РАЙОН
449035,Прочая деятельность по организации отдыха и развлечений,false,,9000000,883,,,,,,,,,164074000,957,4,Деятельность по организации отдыха и развлечений,АКМОЛИНСКАЯ ОБЛАСТЬ,ЗЕРЕНДИНСКИЙ РАЙОН
449039,Прочие виды деятельности по организации отдыха и развлечений,true,,9000000,883,,,,,,,,,164074000,957,5,Прочая деятельность по организации отдыха и развлечений,АКМОЛИНСКАЯ ОБЛАСТЬ,ЗЕРЕНДИНСКИЙ РАЙОН
449040,Предоставление прочих видов услуг,false,,,,8500000,920,,,110894000,1031,,,10000000,957,1,Всего,АКМОЛИНСКАЯ ОБЛАСТЬ,ЗЕРЕНДИНСКИЙ РАЙОН
449041,Деятельность общественных объединений (организаций),false,,,,,,,,,,,,10000000,957,2,Предоставление прочих видов услуг,АКМОЛИНСКАЯ ОБЛАСТЬ,ЗЕРЕНДИНСКИЙ РАЙОН
449050,Деятельность прочих общественных  объединений,false,,,,,,,,,,,,10000000,957,3,Деятельность общественных объединений (организаций),АКМОЛИНСКАЯ ОБЛАСТЬ,ЗЕРЕНДИНСКИЙ РАЙОН
449051,Деятельность религиозных организаций,false,,,,,,,,,,,,10000000,957,4,Деятельность прочих общественных  объединений,АКМОЛИНСКАЯ ОБЛАСТЬ,ЗЕРЕНДИНСКИЙ РАЙОН
449052,Деятельность религиозных организаций,true,,,,,,,,,,,,10000000,957,5,Деятельность религиозных организаций,АКМОЛИНСКАЯ ОБЛАСТЬ,ЗЕРЕНДИНСКИЙ РАЙОН
449084,Предоставление прочих индивидуальных услуг,false,,,,8500000,920,,,110894000,1031,,,,,2,Предоставление прочих видов услуг,АКМОЛИНСКАЯ ОБЛАСТЬ,ЗЕРЕНДИНСКИЙ РАЙОН
449085,Предоставление прочих индивидуальных услуг,false,,,,8500000,920,,,110894000,1031,,,,,3,Предоставление прочих индивидуальных услуг,АКМОЛИНСКАЯ ОБЛАСТЬ,ЗЕРЕНДИНСКИЙ РАЙОН
449093,Деятельность по обеспечению физического комфорта,false,,,,8500000,920,,,110894000,1031,,,,,4,Предоставление прочих индивидуальных услуг,АКМОЛИНСКАЯ ОБЛАСТЬ,ЗЕРЕНДИНСКИЙ РАЙОН
449094,Деятельность по обеспечению физического комфорта,true,,,,8500000,920,,,110894000,1031,,,,,5,Деятельность по обеспечению физического комфорта,АКМОЛИНСКАЯ ОБЛАСТЬ,ЗЕРЕНДИНСКИЙ РАЙОН
741340,Промышленность,false,,6934729000,883,14296788000,920,17362959000,846,13403856000,1031,21577569000,994,21786607000,957,1,Всего,АКМОЛИНСКАЯ ОБЛАСТЬ,ЗЕРЕНДИНСКИЙ РАЙОН
447279,Горнодобывающая промышленность и разработка карьеров,false,,4078229000,883,2802979000,920,11037287000,846,6487757000,1031,3945784000,994,8854985000,957,2,Промышленность,АКМОЛИНСКАЯ ОБЛАСТЬ,ЗЕРЕНДИНСКИЙ РАЙОН
447298,Добыча металлических руд,false,,x,883,x,920,x,846,x,1031,x,994,x,957,3,Горнодобывающая промышленность и разработка карьеров,АКМОЛИНСКАЯ ОБЛАСТЬ,ЗЕРЕНДИНСКИЙ РАЙОН
447303,"Добыча руд, кроме железных ",false,,x,883,x,920,x,846,x,1031,x,994,x,957,4,Добыча металлических руд,АКМОЛИНСКАЯ ОБЛАСТЬ,ЗЕРЕНДИНСКИЙ РАЙОН
447306,Добыча прочих металлических руд,false,,x,883,x,920,x,846,x,1031,x,994,x,957,5,"Добыча руд, кроме железных ",АКМОЛИНСКАЯ ОБЛАСТЬ,ЗЕРЕНДИНСКИЙ РАЙОН
447316,Добыча прочих полезных ископаемых,false,,x,883,405412000,920,122185000,846,2301572000,1031,469293000,994,63193000,957,3,Горнодобывающая промышленность и разработка карьеров,АКМОЛИНСКАЯ ОБЛАСТЬ,ЗЕРЕНДИНСКИЙ РАЙОН
447317,"Добыча камня, песка и глины",false,,x,883,405412000,920,122185000,846,2301572000,1031,469293000,994,63193000,957,4,Добыча прочих полезных ископаемых,АКМОЛИНСКАЯ ОБЛАСТЬ,ЗЕРЕНДИНСКИЙ РАЙОН
447318,"Добыча отделочного и строительного камня, известняка, гипса, мела и сланцев",false,,,,6115000,920,,,,,,,9972000,957,5,"Добыча камня, песка и глины",АКМОЛИНСКАЯ ОБЛАСТЬ,ЗЕРЕНДИНСКИЙ РАЙОН
447322,"Разработка гравийных и песчаных карьеров, добыча глины и каолина",false,,x,883,399297000,920,122185000,846,2301572000,1031,469293000,994,53221000,957,5,"Добыча камня, песка и глины",АКМОЛИНСКАЯ ОБЛАСТЬ,ЗЕРЕНДИНСКИЙ РАЙОН
447346,Обрабатывающая промышленность,false,,2717430000,883,6283463000,920,6123784000,846,5373577000,1031,7708729000,994,10574515000,957,2,Промышленность,АКМОЛИНСКАЯ ОБЛАСТЬ,ЗЕРЕНДИНСКИЙ РАЙОН
447347,Производство продуктов питания,false,,227086000,883,88637000,920,266434000,846,582104000,1031,155340000,994,120643000,957,3,Обрабатывающая промышленность,АКМОЛИНСКАЯ ОБЛАСТЬ,ЗЕРЕНДИНСКИЙ РАЙОН
447348,Переработка и консервирование мяса и производство мясной продукции,false,,30000000,883,52187000,920,50000000,846,,,100067000,994,64615000,957,4,Производство продуктов питания,АКМОЛИНСКАЯ ОБЛАСТЬ,ЗЕРЕНДИНСКИЙ РАЙОН
447351,Переработка и консервирование мяса сельскохозяйственной птицы ,false,,30000000,883,52187000,920,50000000,846,,,100067000,994,64615000,957,5,Переработка и консервирование мяса и производство мясной продукции,АКМОЛИНСКАЯ ОБЛАСТЬ,ЗЕРЕНДИНСКИЙ РАЙОН
447371,Производство молочных продуктов,false,,197086000,883,36450000,920,216434000,846,560604000,1031,x,994,x,957,4,Производство продуктов питания,АКМОЛИНСКАЯ ОБЛАСТЬ,ЗЕРЕНДИНСКИЙ РАЙОН
447372,Переработка молока и производство сыров,false,,197086000,883,36450000,920,216434000,846,560604000,1031,x,994,x,957,5,Производство молочных продуктов,АКМОЛИНСКАЯ ОБЛАСТЬ,ЗЕРЕНДИНСКИЙ РАЙОН
447384,"Производство  хлебобулочных, макаронных и мучных кондитерских изделий",false,,,,,,,,21500000,1031,,,,,4,Производство продуктов питания,АКМОЛИНСКАЯ ОБЛАСТЬ,ЗЕРЕНДИНСКИЙ РАЙОН
447385,Производство хлебобулочных и мучных кондитерских изделий недлительного хранения,false,,,,,,,,21500000,1031,,,,,5,"Производство  хлебобулочных, макаронных и мучных кондитерских изделий",АКМОЛИНСКАЯ ОБЛАСТЬ,ЗЕРЕНДИНСКИЙ РАЙОН
447413,Производство напитков,false,,,,,,100000000,846,,,,,,,3,Обрабатывающая промышленность,АКМОЛИНСКАЯ ОБЛАСТЬ,ЗЕРЕНДИНСКИЙ РАЙОН
447414,Производство напитков,false,,,,,,100000000,846,,,,,,,4,Производство напитков,АКМОЛИНСКАЯ ОБЛАСТЬ,ЗЕРЕНДИНСКИЙ РАЙОН
447427,"Производство безалкогольных напитков, минеральных вод и других вод в бутылках",false,,,,,,100000000,846,,,,,,,5,Производство напитков,АКМОЛИНСКАЯ ОБЛАСТЬ,ЗЕРЕНДИНСКИЙ РАЙОН
447572,Производство продуктов химической промышленности,false,,x,883,,,14060000,846,,,,,,,3,Обрабатывающая промышленность,АКМОЛИНСКАЯ ОБЛАСТЬ,ЗЕРЕНДИНСКИЙ РАЙОН
447573,"Производство основных химических веществ, удобрений и азотных соединений, пластмасс и синтетического каучука в первичных формах",false,,x,883,,,14060000,846,,,,,,,4,Производство продуктов химической промышленности,АКМОЛИНСКАЯ ОБЛАСТЬ,ЗЕРЕНДИНСКИЙ РАЙОН
447580,Производство прочих основных органических химических веществ,false,,x,883,,,14060000,846,,,,,,,5,"Производство основных химических веществ, удобрений и азотных соединений, пластмасс и синтетического каучука в первичных формах",АКМОЛИНСКАЯ ОБЛАСТЬ,ЗЕРЕНДИНСКИЙ РАЙОН
447646,Производство прочей не металлической минеральной продукции,false,,,,x,920,8111000,846,x,1031,x,994,x,957,3,Обрабатывающая промышленность,АКМОЛИНСКАЯ ОБЛАСТЬ,ЗЕРЕНДИНСКИЙ РАЙОН
447664,Производство строительных материалов из глины,false,,,,x,920,,,x,1031,,,x,957,4,Производство прочей не металлической минеральной продукции,АКМОЛИНСКАЯ ОБЛАСТЬ,ЗЕРЕНДИНСКИЙ РАЙОН
447667,"Производство кирпича, черепицы и прочих строительных изделий из обожженной глины",false,,,,x,920,,,x,1031,,,x,957,5,Производство строительных материалов из глины,АКМОЛИНСКАЯ ОБЛАСТЬ,ЗЕРЕНДИНСКИЙ РАЙОН
447688,"Производство изделий из бетона, цемента и строительного гипса ",false,,,,,,x,846,,,,,,,4,Производство прочей не металлической минеральной продукции,АКМОЛИНСКАЯ ОБЛАСТЬ,ЗЕРЕНДИНСКИЙ РАЙОН
447695,Производство товарного бетона ,false,,,,,,x,846,,,,,,,5,"Производство изделий из бетона, цемента и строительного гипса ",АКМОЛИНСКАЯ ОБЛАСТЬ,ЗЕРЕНДИНСКИЙ РАЙОН
447704,"Резка, обработка и отделка камня",false,,,,,,3200000,846,,,,,,,4,Производство прочей не металлической минеральной продукции,АКМОЛИНСКАЯ ОБЛАСТЬ,ЗЕРЕНДИНСКИЙ РАЙОН
447705,"Резка, обработка и отделка камня",false,,,,,,3200000,846,,,,,,,5,"Резка, обработка и отделка камня",АКМОЛИНСКАЯ ОБЛАСТЬ,ЗЕРЕНДИНСКИЙ РАЙОН
447707,Производство абразивных изделий и прочей неметаллической минеральной продукции,false,,,,,,,,,,x,994,,,4,Производство прочей не металлической минеральной продукции,АКМОЛИНСКАЯ ОБЛАСТЬ,ЗЕРЕНДИНСКИЙ РАЙОН
447710,"Производство прочей неметаллической минеральной продукции, не включенной в другие группировки",false,,,,,,,,,,x,994,,,5,Производство абразивных изделий и прочей неметаллической минеральной продукции,АКМОЛИНСКАЯ ОБЛАСТЬ,ЗЕРЕНДИНСКИЙ РАЙОН
447717,Металлургическое производство,false,,x,883,x,920,x,846,4785144000,1031,x,994,x,957,3,Обрабатывающая промышленность,АКМОЛИНСКАЯ ОБЛАСТЬ,ЗЕРЕНДИНСКИЙ РАЙОН
447733,Производство основных благородных и цветных металлов,false,,x,883,x,920,x,846,4785144000,1031,x,994,x,957,4,Металлургическое производство,АКМОЛИНСКАЯ ОБЛАСТЬ,ЗЕРЕНДИНСКИЙ РАЙОН
447734,Производство благородных (драгоценных) металлов,false,,x,883,x,920,x,846,x,1031,x,994,x,957,5,Производство основных благородных и цветных металлов,АКМОЛИНСКАЯ ОБЛАСТЬ,ЗЕРЕНДИНСКИЙ РАЙОН
447742,Производство прочих цветных металлов,false,,,,,,,,x,1031,,,,,5,Производство основных благородных и цветных металлов,АКМОЛИНСКАЯ ОБЛАСТЬ,ЗЕРЕНДИНСКИЙ РАЙОН
448019,Производство прочих готовых изделий,false,,,,,,,,,,,,x,957,3,Обрабатывающая промышленность,АКМОЛИНСКАЯ ОБЛАСТЬ,ЗЕРЕНДИНСКИЙ РАЙОН
448042,"Производство прочих готовых изделий, не включенных в другие группировки",false,,,,,,,,,,,,x,957,4,Производство прочих готовых изделий,АКМОЛИНСКАЯ ОБЛАСТЬ,ЗЕРЕНДИНСКИЙ РАЙОН
448045,"Производство прочей продукции, не включенной в другие группировки",false,,,,,,,,,,,,x,957,5,"Производство прочих готовых изделий, не включенных в другие группировки",АКМОЛИНСКАЯ ОБЛАСТЬ,ЗЕРЕНДИНСКИЙ РАЙОН
448090,"Снабжение электроэнергией, газом, паром, горячей водой и кондиционированным воздухом",false,,126914000,883,5161897000,920,197834000,846,687947000,1031,9923056000,994,2284309000,957,2,Промышленность,АКМОЛИНСКАЯ ОБЛАСТЬ,ЗЕРЕНДИНСКИЙ РАЙОН
448091,"Снабжение электроэнергией, газом, паром, горячей водой и кондиционированным воздухом",false,,126914000,883,5161897000,920,197834000,846,687947000,1031,9923056000,994,2284309000,957,3,"Снабжение электроэнергией, газом, паром, горячей водой и кондиционированным воздухом",АКМОЛИНСКАЯ ОБЛАСТЬ,ЗЕРЕНДИНСКИЙ РАЙОН
448092,"Производство, передача и распределение электроэнергии",false,,122794000,883,4319480000,920,197834000,846,687947000,1031,9897869000,994,2284309000,957,4,"Снабжение электроэнергией, газом, паром, горячей водой и кондиционированным воздухом",АКМОЛИНСКАЯ ОБЛАСТЬ,ЗЕРЕНДИНСКИЙ РАЙОН
448093,Производство электроэнергии,false,,,,x,920,,,x,1031,x,994,x,957,5,"Производство, передача и распределение электроэнергии",АКМОЛИНСКАЯ ОБЛАСТЬ,ЗЕРЕНДИНСКИЙ РАЙОН
448098,Передача электроэнергии,false,,48751000,883,,,,,397587000,1031,,,17199000,957,5,"Производство, передача и распределение электроэнергии",АКМОЛИНСКАЯ ОБЛАСТЬ,ЗЕРЕНДИНСКИЙ РАЙОН
448100,Распределение электроэнергии,false,,74043000,883,x,920,197834000,846,236332000,1031,415560000,994,53105000,957,5,"Производство, передача и распределение электроэнергии",АКМОЛИНСКАЯ ОБЛАСТЬ,ЗЕРЕНДИНСКИЙ РАЙОН
448111,"Снабжение паром, горячей водой и кондиционированным воздухом",false,,4120000,883,x,920,,,,,25187000,994,,,4,"Снабжение электроэнергией, газом, паром, горячей водой и кондиционированным воздухом",АКМОЛИНСКАЯ ОБЛАСТЬ,ЗЕРЕНДИНСКИЙ РАЙОН
448112,"Снабжение паром, горячей водой и кондиционированным воздухом",false,,4120000,883,x,920,,,,,25187000,994,,,5,"Снабжение паром, горячей водой и кондиционированным воздухом",АКМОЛИНСКАЯ ОБЛАСТЬ,ЗЕРЕНДИНСКИЙ РАЙОН
448117,"Водоснабжение; сбор, обработка и удаление отходов, деятельность по ликвидации загрязнений",false,,12156000,883,48449000,920,4054000,846,854575000,1031,,,72798000,957,2,Промышленность,АКМОЛИНСКАЯ ОБЛАСТЬ,ЗЕРЕНДИНСКИЙ РАЙОН
448118,"Сбор, обработка и распределение воды",false,,7623000,883,48449000,920,2596000,846,736842000,1031,,,72798000,957,3,"Водоснабжение; сбор, обработка и удаление отходов, деятельность по ликвидации загрязнений",АКМОЛИНСКАЯ ОБЛАСТЬ,ЗЕРЕНДИНСКИЙ РАЙОН
448119,"Сбор, обработка и распределение воды",false,,7623000,883,48449000,920,2596000,846,736842000,1031,,,72798000,957,4,"Сбор, обработка и распределение воды",АКМОЛИНСКАЯ ОБЛАСТЬ,ЗЕРЕНДИНСКИЙ РАЙОН
448120,"Сбор, обработка и распределение воды",false,,7623000,883,48449000,920,2596000,846,736842000,1031,,,72798000,957,5,"Сбор, обработка и распределение воды",АКМОЛИНСКАЯ ОБЛАСТЬ,ЗЕРЕНДИНСКИЙ РАЙОН
448122,Сбор и обработка сточных вод,false,,4533000,883,,,1458000,846,117733000,1031,,,,,3,"Водоснабжение; сбор, обработка и удаление отходов, деятельность по ликвидации загрязнений",АКМОЛИНСКАЯ ОБЛАСТЬ,ЗЕРЕНДИНСКИЙ РАЙОН
448123,Сбор и обработка сточных вод,false,,4533000,883,,,1458000,846,117733000,1031,,,,,4,Сбор и обработка сточных вод,АКМОЛИНСКАЯ ОБЛАСТЬ,ЗЕРЕНДИНСКИЙ РАЙОН
448124,Сбор и обработка сточных вод,false,,4533000,883,,,1458000,846,117733000,1031,,,,,5,Сбор и обработка сточных вод,АКМОЛИНСКАЯ ОБЛАСТЬ,ЗЕРЕНДИНСКИЙ РАЙОН
741885,Всего,false,,3048598000,883,4373930000,920,1773257000,846,5601269000,1031,2693269000,994,3401143000,957,0,,АКМОЛИНСКАЯ ОБЛАСТЬ,КОРГАЛЖЫНСКИЙ РАЙОН
447173,"Сельское, лесное и рыбное хозяйство",false,,1985249000,883,2863502000,920,1038386000,846,1980499000,1031,1508994000,994,2366784000,957,1,Всего,АКМОЛИНСКАЯ ОБЛАСТЬ,КОРГАЛЖЫНСКИЙ РАЙОН
447174,"Растениеводство и животноводство, охота и предоставление услуг в этих областях",false,,1985249000,883,2863502000,920,1038386000,846,1980499000,1031,1508994000,994,2366784000,957,2,"Сельское, лесное и рыбное хозяйство",АКМОЛИНСКАЯ ОБЛАСТЬ,КОРГАЛЖЫНСКИЙ РАЙОН
447175,Выращивание одно- или двухлетних культур,false,,1907957000,883,2863502000,920,994786000,846,1940631000,1031,1404351000,994,2215644000,957,3,"Растениеводство и животноводство, охота и предоставление услуг в этих областях",АКМОЛИНСКАЯ ОБЛАСТЬ,КОРГАЛЖЫНСКИЙ РАЙОН
447176,"Выращивание зерновых (кроме риса), бобовых и масличных культур",false,,1903967000,883,2863502000,920,994786000,846,1720812000,1031,1300078000,994,2215100000,957,4,Выращивание одно- или двухлетних культур,АКМОЛИНСКАЯ ОБЛАСТЬ,КОРГАЛЖЫНСКИЙ РАЙОН
3783380,"Выращивание зерновых и зернобобовых культур, включая семеноводство",true,,1903967000,883,2863502000,920,994786000,846,1720812000,1031,1300078000,994,2215100000,957,5,"Выращивание зерновых (кроме риса), бобовых и масличных культур",АКМОЛИНСКАЯ ОБЛАСТЬ,КОРГАЛЖЫНСКИЙ РАЙОН
447181,"Выращивание овощей, бахчевых, корнеплодов и клубнеплодов",false,,,,,,,,,,,,544000,957,4,Выращивание одно- или двухлетних культур,АКМОЛИНСКАЯ ОБЛАСТЬ,КОРГАЛЖЫНСКИЙ РАЙОН
447182,Выращивание картофеля и посадочного материала,true,,,,,,,,,,,,544000,957,5,"Выращивание овощей, бахчевых, корнеплодов и клубнеплодов",АКМОЛИНСКАЯ ОБЛАСТЬ,КОРГАЛЖЫНСКИЙ РАЙОН
447192,Выращивание прочих одно- или двухлетних культур,false,,3990000,883,,,,,219819000,1031,x,994,,,4,Выращивание одно- или двухлетних культур,АКМОЛИНСКАЯ ОБЛАСТЬ,КОРГАЛЖЫНСКИЙ РАЙОН
447193,Выращивание кормовых культур и их семян,true,,3990000,883,,,,,147721000,1031,,,,,5,Выращивание прочих одно- или двухлетних культур,АКМОЛИНСКАЯ ОБЛАСТЬ,КОРГАЛЖЫНСКИЙ РАЙОН
447195,"Выращивание прочих одно- или двухлетних культур, не включенных в другие группировки",true,,,,,,,,x,1031,x,994,,,5,Выращивание прочих одно- или двухлетних культур,АКМОЛИНСКАЯ ОБЛАСТЬ,КОРГАЛЖЫНСКИЙ РАЙОН
447218,Животноводство,false,,52737000,883,,,31000000,846,39868000,1031,87846000,994,146640000,957,3,"Растениеводство и животноводство, охота и предоставление услуг в этих областях",АКМОЛИНСКАЯ ОБЛАСТЬ,КОРГАЛЖЫНСКИЙ РАЙОН
447219,Разведение крупного рогатого скота молочного направления,false,,,,,,,,26360000,1031,,,12950000,957,4,Животноводство,АКМОЛИНСКАЯ ОБЛАСТЬ,КОРГАЛЖЫНСКИЙ РАЙОН
447220,Разведение крупного рогатого скота молочного направления,true,,,,,,,,26360000,1031,,,12950000,957,5,Разведение крупного рогатого скота молочного направления,АКМОЛИНСКАЯ ОБЛАСТЬ,КОРГАЛЖЫНСКИЙ РАЙОН
447221,Разведение прочего крупного рогатого скота и буйволов,false,,38150000,883,,,31000000,846,2040000,1031,65155000,994,x,957,4,Животноводство,АКМОЛИНСКАЯ ОБЛАСТЬ,КОРГАЛЖЫНСКИЙ РАЙОН
447222,Разведение прочего крупного рогатого скота и буйволов,true,,38150000,883,,,31000000,846,2040000,1031,65155000,994,x,957,5,Разведение прочего крупного рогатого скота и буйволов,АКМОЛИНСКАЯ ОБЛАСТЬ,КОРГАЛЖЫНСКИЙ РАЙОН
447223,Разведение лошадей и прочих животных семейства лошадиных,false,,11797000,883,,,,,11468000,1031,22691000,994,31674000,957,4,Животноводство,АКМОЛИНСКАЯ ОБЛАСТЬ,КОРГАЛЖЫНСКИЙ РАЙОН
447224,Разведение лошадей,true,,11797000,883,,,,,11468000,1031,22691000,994,31674000,957,5,Разведение лошадей и прочих животных семейства лошадиных,АКМОЛИНСКАЯ ОБЛАСТЬ,КОРГАЛЖЫНСКИЙ РАЙОН
447237,Разведение прочих видов животных,false,,2790000,883,,,,,,,,,,,4,Животноводство,АКМОЛИНСКАЯ ОБЛАСТЬ,КОРГАЛЖЫНСКИЙ РАЙОН
447238,Разведение прочих видов животных,true,,2790000,883,,,,,,,,,,,5,Разведение прочих видов животных,АКМОЛИНСКАЯ ОБЛАСТЬ,КОРГАЛЖЫНСКИЙ РАЙОН
447239,Смешанное сельское хозяйство,false,,24555000,883,,,x,846,,,16797000,994,x,957,3,"Растениеводство и животноводство, охота и предоставление услуг в этих областях",АКМОЛИНСКАЯ ОБЛАСТЬ,КОРГАЛЖЫНСКИЙ РАЙОН
447240,Смешанное сельское хозяйство,false,,24555000,883,,,x,846,,,16797000,994,x,957,4,Смешанное сельское хозяйство,АКМОЛИНСКАЯ ОБЛАСТЬ,КОРГАЛЖЫНСКИЙ РАЙОН
447241,Смешанное сельское хозяйство,true,,24555000,883,,,x,846,,,16797000,994,x,957,5,Смешанное сельское хозяйство,АКМОЛИНСКАЯ ОБЛАСТЬ,КОРГАЛЖЫНСКИЙ РАЙОН
448148,Строительство,false,,,,,,,,x,1031,,,,,1,Всего,АКМОЛИНСКАЯ ОБЛАСТЬ,КОРГАЛЖЫНСКИЙ РАЙОН
18710963,Строительство зданий,false,,,,,,,,x,1031,,,,,2,Строительство,АКМОЛИНСКАЯ ОБЛАСТЬ,КОРГАЛЖЫНСКИЙ РАЙОН
18710967,Строительство жилых и нежилых зданий,false,,,,,,,,x,1031,,,,,3,Строительство зданий,АКМОЛИНСКАЯ ОБЛАСТЬ,КОРГАЛЖЫНСКИЙ РАЙОН
18710968,Строительство жилых и нежилых зданий,false,,,,,,,,x,1031,,,,,4,Строительство жилых и нежилых зданий,АКМОЛИНСКАЯ ОБЛАСТЬ,КОРГАЛЖЫНСКИЙ РАЙОН
18801543,"Строительство нежилых зданий, за исключением стационарных торговых объектов категорий 1, 2",true,,,,,,,,x,1031,,,,,5,Строительство жилых и нежилых зданий,АКМОЛИНСКАЯ ОБЛАСТЬ,КОРГАЛЖЫНСКИЙ РАЙОН
448215,Оптовая и розничная торговля; ремонт автомобилей и мотоциклов,false,,10000000,883,,,,,,,,,,,1,Всего,АКМОЛИНСКАЯ ОБЛАСТЬ,КОРГАЛЖЫНСКИЙ РАЙОН
448377,"Розничная торговля, кроме торговли автомобилями и мотоциклами",false,,10000000,883,,,,,,,,,,,2,Оптовая и розничная торговля; ремонт автомобилей и мотоциклов,АКМОЛИНСКАЯ ОБЛАСТЬ,КОРГАЛЖЫНСКИЙ РАЙОН
448378,Розничная торговля в неспециализированных магазинах,false,,10000000,883,,,,,,,,,,,3,"Розничная торговля, кроме торговли автомобилями и мотоциклами",АКМОЛИНСКАЯ ОБЛАСТЬ,КОРГАЛЖЫНСКИЙ РАЙОН
448379,"Розничная торговля в неспециализированных магазинах преимущественно продуктами питания, напитками и табачными изделиями",false,,10000000,883,,,,,,,,,,,4,Розничная торговля в неспециализированных магазинах,АКМОЛИНСКАЯ ОБЛАСТЬ,КОРГАЛЖЫНСКИЙ РАЙОН
3647934,"Розничная торговля преимущественно продуктами питания, напитками и табачными изделиями в неспециализированных магазинах, являющихся торговыми объектами, с торговой площадью менее 2000 кв.м ",true,,10000000,883,,,,,,,,,,,5,"Розничная торговля в неспециализированных магазинах преимущественно продуктами питания, напитками и табачными изделиями",АКМОЛИНСКАЯ ОБЛАСТЬ,КОРГАЛЖЫНСКИЙ РАЙОН
448475,Транспорт и складирование,false,,8434000,883,8002000,920,49943000,846,640406000,1031,,,,,1,Всего,АКМОЛИНСКАЯ ОБЛАСТЬ,КОРГАЛЖЫНСКИЙ РАЙОН
448527,Складирование грузов и вспомогательная транспортная деятельность,false,,8434000,883,8002000,920,49943000,846,640406000,1031,,,,,2,Транспорт и складирование,АКМОЛИНСКАЯ ОБЛАСТЬ,КОРГАЛЖЫНСКИЙ РАЙОН
448528,Складирование и хранение грузов,false,,,,5000000,920,47000000,846,,,,,,,3,Складирование грузов и вспомогательная транспортная деятельность,АКМОЛИНСКАЯ ОБЛАСТЬ,КОРГАЛЖЫНСКИЙ РАЙОН
448529,Складирование и хранение грузов,false,,,,5000000,920,47000000,846,,,,,,,4,Складирование и хранение грузов,АКМОЛИНСКАЯ ОБЛАСТЬ,КОРГАЛЖЫНСКИЙ РАЙОН
448530,Складирование и хранение зерна,true,,,,5000000,920,47000000,846,,,,,,,5,Складирование и хранение грузов,АКМОЛИНСКАЯ ОБЛАСТЬ,КОРГАЛЖЫНСКИЙ РАЙОН
448533,Вспомогательная транспортная деятельность,false,,8434000,883,3002000,920,2943000,846,640406000,1031,,,,,3,Складирование грузов и вспомогательная транспортная деятельность,АКМОЛИНСКАЯ ОБЛАСТЬ,КОРГАЛЖЫНСКИЙ РАЙОН
448534,Вспомогательная деятельность сухопутного транспорта,false,,8434000,883,3002000,920,2943000,846,640406000,1031,,,,,4,Вспомогательная транспортная деятельность,АКМОЛИНСКАЯ ОБЛАСТЬ,КОРГАЛЖЫНСКИЙ РАЙОН
448536,Эксплуатация автомобильных дорог,true,,8434000,883,3002000,920,2943000,846,640406000,1031,,,,,5,Вспомогательная деятельность сухопутного транспорта,АКМОЛИНСКАЯ ОБЛАСТЬ,КОРГАЛЖЫНСКИЙ РАЙОН
448558,Предоставление услуг по проживанию и питанию,false,,21720000,883,,,75000000,846,,,,,x,957,1,Всего,АКМОЛИНСКАЯ ОБЛАСТЬ,КОРГАЛЖЫНСКИЙ РАЙОН
3783427,Предоставление услуг по временному проживанию,false,,,,,,75000000,846,,,,,x,957,2,Предоставление услуг по проживанию и питанию,АКМОЛИНСКАЯ ОБЛАСТЬ,КОРГАЛЖЫНСКИЙ РАЙОН
3783441,Предоставление услуг прочими местами для проживания,false,,,,,,75000000,846,,,,,x,957,3,Предоставление услуг по временному проживанию,АКМОЛИНСКАЯ ОБЛАСТЬ,КОРГАЛЖЫНСКИЙ РАЙОН
3783442,Предоставление услуг прочими местами для проживания,false,,,,,,75000000,846,,,,,x,957,4,Предоставление услуг прочими местами для проживания,АКМОЛИНСКАЯ ОБЛАСТЬ,КОРГАЛЖЫНСКИЙ РАЙОН
3783443,Услуги в других видах жилья,true,,,,,,75000000,846,,,,,,,5,Предоставление услуг прочими местами для проживания,АКМОЛИНСКАЯ ОБЛАСТЬ,КОРГАЛЖЫНСКИЙ РАЙОН
20576357,"Предоставление услуг прочими местами для проживания, не включенными в другие категории",true,,,,,,,,,,,,x,957,5,Предоставление услуг прочими местами для проживания,АКМОЛИНСКАЯ ОБЛАСТЬ,КОРГАЛЖЫНСКИЙ РАЙОН
448573,Предоставление услуг по обеспечению питанием и напитками,false,,21720000,883,,,,,,,,,,,2,Предоставление услуг по проживанию и питанию,АКМОЛИНСКАЯ ОБЛАСТЬ,КОРГАЛЖЫНСКИЙ РАЙОН
448574,Деятельность ресторанов и предоставление услуг по доставке продуктов питания,false,,21720000,883,,,,,,,,,,,3,Предоставление услуг по обеспечению питанием и напитками,АКМОЛИНСКАЯ ОБЛАСТЬ,КОРГАЛЖЫНСКИЙ РАЙОН
448575,Деятельность ресторанов и предоставление услуг по доставке продуктов питания,false,,21720000,883,,,,,,,,,,,4,Деятельность ресторанов и предоставление услуг по доставке продуктов питания,АКМОЛИНСКАЯ ОБЛАСТЬ,КОРГАЛЖЫНСКИЙ РАЙОН
20576362,"Деятельность ресторанов и предоставление услуг по доставке продуктов питания, за исключением деятельности объектов, находящихся на придорожной полосе",true,,21720000,883,,,,,,,,,,,5,Деятельность ресторанов и предоставление услуг по доставке продуктов питания,АКМОЛИНСКАЯ ОБЛАСТЬ,КОРГАЛЖЫНСКИЙ РАЙОН
448585,Информация и связь,false,,59957000,883,,,,,x,1031,,,,,1,Всего,АКМОЛИНСКАЯ ОБЛАСТЬ,КОРГАЛЖЫНСКИЙ РАЙОН
448623,Телекоммуникации,false,,59957000,883,,,,,x,1031,,,,,2,Информация и связь,АКМОЛИНСКАЯ ОБЛАСТЬ,КОРГАЛЖЫНСКИЙ РАЙОН
448627,Беспроводная телекоммуникационная связь,false,,41835000,883,,,,,x,1031,,,,,3,Телекоммуникации,АКМОЛИНСКАЯ ОБЛАСТЬ,КОРГАЛЖЫНСКИЙ РАЙОН
448628,Беспроводная телекоммуникационная связь,false,,41835000,883,,,,,x,1031,,,,,4,Беспроводная телекоммуникационная связь,АКМОЛИНСКАЯ ОБЛАСТЬ,КОРГАЛЖЫНСКИЙ РАЙОН
18946147,Беспроводная телекоммуникационная связь посредством единой транспортной среды,true,,,,,,,,x,1031,,,,,5,Беспроводная телекоммуникационная связь,АКМОЛИНСКАЯ ОБЛАСТЬ,КОРГАЛЖЫНСКИЙ РАЙОН
18946149,Прочая беспроводная телекоммуникационная связь,true,,41835000,883,,,,,,,,,,,5,Беспроводная телекоммуникационная связь,АКМОЛИНСКАЯ ОБЛАСТЬ,КОРГАЛЖЫНСКИЙ РАЙОН
448633,Прочая деятельность в области телекоммуникаций,false,,x,883,,,,,,,,,,,3,Телекоммуникации,АКМОЛИНСКАЯ ОБЛАСТЬ,КОРГАЛЖЫНСКИЙ РАЙОН
448634,Прочая деятельность в области телекоммуникаций,false,,x,883,,,,,,,,,,,4,Прочая деятельность в области телекоммуникаций,АКМОЛИНСКАЯ ОБЛАСТЬ,КОРГАЛЖЫНСКИЙ РАЙОН
18946154,"Прочая деятельность в области телекоммуникаций, не включенная в другие группировки",true,,x,883,,,,,,,,,,,5,Прочая деятельность в области телекоммуникаций,АКМОЛИНСКАЯ ОБЛАСТЬ,КОРГАЛЖЫНСКИЙ РАЙОН
448714,Операции с недвижимым имуществом,false,,416000000,883,836862000,920,526800000,846,816780000,1031,529818000,994,524619000,957,1,Всего,АКМОЛИНСКАЯ ОБЛАСТЬ,КОРГАЛЖЫНСКИЙ РАЙОН
448715,Операции с недвижимым имуществом,false,,416000000,883,836862000,920,526800000,846,816780000,1031,529818000,994,524619000,957,2,Операции с недвижимым имуществом,АКМОЛИНСКАЯ ОБЛАСТЬ,КОРГАЛЖЫНСКИЙ РАЙОН
448716,Покупка и продажа собственного недвижимого имущества ,false,,416000000,883,836862000,920,526800000,846,816780000,1031,529818000,994,524619000,957,3,Операции с недвижимым имуществом,АКМОЛИНСКАЯ ОБЛАСТЬ,КОРГАЛЖЫНСКИЙ РАЙОН
448717,Покупка и продажа собственного недвижимого имущества ,false,,416000000,883,836862000,920,526800000,846,816780000,1031,529818000,994,524619000,957,4,Покупка и продажа собственного недвижимого имущества ,АКМОЛИНСКАЯ ОБЛАСТЬ,КОРГАЛЖЫНСКИЙ РАЙОН
543091,Покупка и продажа многоквартирных и жилых домов (особняков),true,,416000000,883,836862000,920,526800000,846,816780000,1031,529818000,994,524619000,957,5,Покупка и продажа собственного недвижимого имущества ,АКМОЛИНСКАЯ ОБЛАСТЬ,КОРГАЛЖЫНСКИЙ РАЙОН
448918,Образование,false,,354611000,883,,,,,141000000,1031,,,,,1,Всего,АКМОЛИНСКАЯ ОБЛАСТЬ,КОРГАЛЖЫНСКИЙ РАЙОН
448919,Образование,false,,354611000,883,,,,,141000000,1031,,,,,2,Образование,АКМОЛИНСКАЯ ОБЛАСТЬ,КОРГАЛЖЫНСКИЙ РАЙОН
448926,Среднее образование (2-й и 3-й уровни),false,,354611000,883,,,,,141000000,1031,,,,,3,Образование,АКМОЛИНСКАЯ ОБЛАСТЬ,КОРГАЛЖЫНСКИЙ РАЙОН
448927,Основное и общее среднее образование,false,,354611000,883,,,,,141000000,1031,,,,,4,Среднее образование (2-й и 3-й уровни),АКМОЛИНСКАЯ ОБЛАСТЬ,КОРГАЛЖЫНСКИЙ РАЙОН
448928,Основное и общее среднее образование,true,,354611000,883,,,,,141000000,1031,,,,,5,Основное и общее среднее образование,АКМОЛИНСКАЯ ОБЛАСТЬ,КОРГАЛЖЫНСКИЙ РАЙОН
448950,Здравоохранение и социальное обслуживание населения,false,,,,,,27650000,846,186011000,1031,,,,,1,Всего,АКМОЛИНСКАЯ ОБЛАСТЬ,КОРГАЛЖЫНСКИЙ РАЙОН
448951,Деятельность в области здравоохранения,false,,,,,,27650000,846,186011000,1031,,,,,2,Здравоохранение и социальное обслуживание населения,АКМОЛИНСКАЯ ОБЛАСТЬ,КОРГАЛЖЫНСКИЙ РАЙОН
448952,Деятельность больничных организаций,false,,,,,,27650000,846,186011000,1031,,,,,3,Деятельность в области здравоохранения,АКМОЛИНСКАЯ ОБЛАСТЬ,КОРГАЛЖЫНСКИЙ РАЙОН
448953,Деятельность больничных организаций,false,,,,,,27650000,846,186011000,1031,,,,,4,Деятельность больничных организаций,АКМОЛИНСКАЯ ОБЛАСТЬ,КОРГАЛЖЫНСКИЙ РАЙОН
448958,"Деятельность других лечебных учреждений, имеющих стационары",true,,,,,,27650000,846,186011000,1031,,,,,5,Деятельность больничных организаций,АКМОЛИНСКАЯ ОБЛАСТЬ,КОРГАЛЖЫНСКИЙ РАЙОН
448991,"Искусство, развлечения и отдых",false,,,,,,,,484391000,1031,337762000,994,,,1,Всего,АКМОЛИНСКАЯ ОБЛАСТЬ,КОРГАЛЖЫНСКИЙ РАЙОН
449022,"Деятельность в области спорта, организации отдыха и развлечений",false,,,,,,,,484391000,1031,337762000,994,,,2,"Искусство, развлечения и отдых",АКМОЛИНСКАЯ ОБЛАСТЬ,КОРГАЛЖЫНСКИЙ РАЙОН
449023,Деятельность в области спорта,false,,,,,,,,484391000,1031,337762000,994,,,3,"Деятельность в области спорта, организации отдыха и развлечений",АКМОЛИНСКАЯ ОБЛАСТЬ,КОРГАЛЖЫНСКИЙ РАЙОН
449024,Эксплуатация спортивных сооружений,false,,,,,,,,484391000,1031,337762000,994,,,4,Деятельность в области спорта,АКМОЛИНСКАЯ ОБЛАСТЬ,КОРГАЛЖЫНСКИЙ РАЙОН
449025,Эксплуатация спортивных сооружений,true,,,,,,,,484391000,1031,337762000,994,,,5,Эксплуатация спортивных сооружений,АКМОЛИНСКАЯ ОБЛАСТЬ,КОРГАЛЖЫНСКИЙ РАЙОН
449040,Предоставление прочих видов услуг,false,,,,,,3200000,846,,,,,,,1,Всего,АКМОЛИНСКАЯ ОБЛАСТЬ,КОРГАЛЖЫНСКИЙ РАЙОН
449084,Предоставление прочих индивидуальных услуг,false,,,,,,3200000,846,,,,,,,2,Предоставление прочих видов услуг,АКМОЛИНСКАЯ ОБЛАСТЬ,КОРГАЛЖЫНСКИЙ РАЙОН
449085,Предоставление прочих индивидуальных услуг,false,,,,,,3200000,846,,,,,,,3,Предоставление прочих индивидуальных услуг,АКМОЛИНСКАЯ ОБЛАСТЬ,КОРГАЛЖЫНСКИЙ РАЙОН
449093,Деятельность по обеспечению физического комфорта,false,,,,,,3200000,846,,,,,,,4,Предоставление прочих индивидуальных услуг,АКМОЛИНСКАЯ ОБЛАСТЬ,КОРГАЛЖЫНСКИЙ РАЙОН
449094,Деятельность по обеспечению физического комфорта,true,,,,,,3200000,846,,,,,,,5,Деятельность по обеспечению физического комфорта,АКМОЛИНСКАЯ ОБЛАСТЬ,КОРГАЛЖЫНСКИЙ РАЙОН
741340,Промышленность,false,,192627000,883,665564000,920,52278000,846,1273657000,1031,316695000,994,489740000,957,1,Всего,АКМОЛИНСКАЯ ОБЛАСТЬ,КОРГАЛЖЫНСКИЙ РАЙОН
447279,Горнодобывающая промышленность и разработка карьеров,false,,x,883,x,920,,,,,113998000,994,230925000,957,2,Промышленность,АКМОЛИНСКАЯ ОБЛАСТЬ,КОРГАЛЖЫНСКИЙ РАЙОН
447316,Добыча прочих полезных ископаемых,false,,x,883,x,920,,,,,113998000,994,230925000,957,3,Горнодобывающая промышленность и разработка карьеров,АКМОЛИНСКАЯ ОБЛАСТЬ,КОРГАЛЖЫНСКИЙ РАЙОН
447317,"Добыча камня, песка и глины",false,,x,883,x,920,,,,,113998000,994,230925000,957,4,Добыча прочих полезных ископаемых,АКМОЛИНСКАЯ ОБЛАСТЬ,КОРГАЛЖЫНСКИЙ РАЙОН
447322,"Разработка гравийных и песчаных карьеров, добыча глины и каолина",false,,x,883,x,920,,,,,113998000,994,230925000,957,5,"Добыча камня, песка и глины",АКМОЛИНСКАЯ ОБЛАСТЬ,КОРГАЛЖЫНСКИЙ РАЙОН
447346,Обрабатывающая промышленность,false,,10230000,883,24673000,920,x,846,13550000,1031,x,994,13397000,957,2,Промышленность,АКМОЛИНСКАЯ ОБЛАСТЬ,КОРГАЛЖЫНСКИЙ РАЙОН
447347,Производство продуктов питания,false,,10230000,883,24673000,920,x,846,,,,,x,957,3,Обрабатывающая промышленность,АКМОЛИНСКАЯ ОБЛАСТЬ,КОРГАЛЖЫНСКИЙ РАЙОН
447348,Переработка и консервирование мяса и производство мясной продукции,false,,x,883,x,920,x,846,,,,,x,957,4,Производство продуктов питания,АКМОЛИНСКАЯ ОБЛАСТЬ,КОРГАЛЖЫНСКИЙ РАЙОН
447349,Переработка и консервирование мяса,false,,x,883,x,920,x,846,,,,,x,957,5,Переработка и консервирование мяса и производство мясной продукции,АКМОЛИНСКАЯ ОБЛАСТЬ,КОРГАЛЖЫНСКИЙ РАЙОН
447355,"Переработка и консервирование рыбы, ракообразных и моллюсков",false,,6500000,883,19898000,920,,,,,,,,,4,Производство продуктов питания,АКМОЛИНСКАЯ ОБЛАСТЬ,КОРГАЛЖЫНСКИЙ РАЙОН
447356,"Переработка и консервирование рыбы, ракообразных и моллюсков",false,,6500000,883,19898000,920,,,,,,,,,5,"Переработка и консервирование рыбы, ракообразных и моллюсков",АКМОЛИНСКАЯ ОБЛАСТЬ,КОРГАЛЖЫНСКИЙ РАЙОН
447413,Производство напитков,false,,,,,,,,13550000,1031,x,994,x,957,3,Обрабатывающая промышленность,АКМОЛИНСКАЯ ОБЛАСТЬ,КОРГАЛЖЫНСКИЙ РАЙОН
447414,Производство напитков,false,,,,,,,,13550000,1031,x,994,x,957,4,Производство напитков,АКМОЛИНСКАЯ ОБЛАСТЬ,КОРГАЛЖЫНСКИЙ РАЙОН
447427,"Производство безалкогольных напитков, минеральных вод и других вод в бутылках",false,,,,,,,,13550000,1031,x,994,x,957,5,Производство напитков,АКМОЛИНСКАЯ ОБЛАСТЬ,КОРГАЛЖЫНСКИЙ РАЙОН
448090,"Снабжение электроэнергией, газом, паром, горячей водой и кондиционированным воздухом",false,,60187000,883,160055000,920,26508000,846,738799000,1031,176160000,994,89298000,957,2,Промышленность,АКМОЛИНСКАЯ ОБЛАСТЬ,КОРГАЛЖЫНСКИЙ РАЙОН
448091,"Снабжение электроэнергией, газом, паром, горячей водой и кондиционированным воздухом",false,,60187000,883,160055000,920,26508000,846,738799000,1031,176160000,994,89298000,957,3,"Снабжение электроэнергией, газом, паром, горячей водой и кондиционированным воздухом",АКМОЛИНСКАЯ ОБЛАСТЬ,КОРГАЛЖЫНСКИЙ РАЙОН
448092,"Производство, передача и распределение электроэнергии",false,,x,883,160055000,920,26508000,846,738799000,1031,176160000,994,56253000,957,4,"Снабжение электроэнергией, газом, паром, горячей водой и кондиционированным воздухом",АКМОЛИНСКАЯ ОБЛАСТЬ,КОРГАЛЖЫНСКИЙ РАЙОН
448098,Передача электроэнергии,false,,,,,,,,561834000,1031,x,994,,,5,"Производство, передача и распределение электроэнергии",АКМОЛИНСКАЯ ОБЛАСТЬ,КОРГАЛЖЫНСКИЙ РАЙОН
448100,Распределение электроэнергии,false,,x,883,160055000,920,26508000,846,175539000,1031,35000000,994,56253000,957,5,"Производство, передача и распределение электроэнергии",АКМОЛИНСКАЯ ОБЛАСТЬ,КОРГАЛЖЫНСКИЙ РАЙОН
448102,Продажа электроэнергии ,false,,,,,,,,1426000,1031,,,,,5,"Производство, передача и распределение электроэнергии",АКМОЛИНСКАЯ ОБЛАСТЬ,КОРГАЛЖЫНСКИЙ РАЙОН
448111,"Снабжение паром, горячей водой и кондиционированным воздухом",false,,x,883,,,,,,,,,33045000,957,4,"Снабжение электроэнергией, газом, паром, горячей водой и кондиционированным воздухом",АКМОЛИНСКАЯ ОБЛАСТЬ,КОРГАЛЖЫНСКИЙ РАЙОН
448112,"Снабжение паром, горячей водой и кондиционированным воздухом",false,,x,883,,,,,,,,,33045000,957,5,"Снабжение паром, горячей водой и кондиционированным воздухом",АКМОЛИНСКАЯ ОБЛАСТЬ,КОРГАЛЖЫНСКИЙ РАЙОН
448117,"Водоснабжение; сбор, обработка и удаление отходов, деятельность по ликвидации загрязнений",false,,32800000,883,377947000,920,2482000,846,521308000,1031,,,156120000,957,2,Промышленность,АКМОЛИНСКАЯ ОБЛАСТЬ,КОРГАЛЖЫНСКИЙ РАЙОН
448118,"Сбор, обработка и распределение воды",false,,32800000,883,377947000,920,2482000,846,521308000,1031,,,156120000,957,3,"Водоснабжение; сбор, обработка и удаление отходов, деятельность по ликвидации загрязнений",АКМОЛИНСКАЯ ОБЛАСТЬ,КОРГАЛЖЫНСКИЙ РАЙОН
448119,"Сбор, обработка и распределение воды",false,,32800000,883,377947000,920,2482000,846,521308000,1031,,,156120000,957,4,"Сбор, обработка и распределение воды",АКМОЛИНСКАЯ ОБЛАСТЬ,КОРГАЛЖЫНСКИЙ РАЙОН
448120,"Сбор, обработка и распределение воды",false,,32800000,883,377947000,920,2482000,846,521308000,1031,,,156120000,957,5,"Сбор, обработка и распределение воды",АКМОЛИНСКАЯ ОБЛАСТЬ,КОРГАЛЖЫНСКИЙ РАЙОН
741885,Всего,false,,7632265000,883,15702624000,920,5630803000,846,10593733000,1031,11118057000,994,11932063000,957,0,,АКМОЛИНСКАЯ ОБЛАСТЬ,САНДЫКТАУСКИЙ РАЙОН
447173,"Сельское, лесное и рыбное хозяйство",false,,5640164000,883,12447126000,920,4284796000,846,6018504000,1031,8874353000,994,10058704000,957,1,Всего,АКМОЛИНСКАЯ ОБЛАСТЬ,САНДЫКТАУСКИЙ РАЙОН
447174,"Растениеводство и животноводство, охота и предоставление услуг в этих областях",false,,5640164000,883,12447126000,920,4284796000,846,6018504000,1031,8874353000,994,10058704000,957,2,"Сельское, лесное и рыбное хозяйство",АКМОЛИНСКАЯ ОБЛАСТЬ,САНДЫКТАУСКИЙ РАЙОН
447175,Выращивание одно- или двухлетних культур,false,,5552568000,883,12379614000,920,4245028000,846,6017124000,1031,8865441000,994,10016771000,957,3,"Растениеводство и животноводство, охота и предоставление услуг в этих областях",АКМОЛИНСКАЯ ОБЛАСТЬ,САНДЫКТАУСКИЙ РАЙОН
447176,"Выращивание зерновых (кроме риса), бобовых и масличных культур",false,,5552568000,883,12379614000,920,4245028000,846,6017124000,1031,8865441000,994,10016771000,957,4,Выращивание одно- или двухлетних культур,АКМОЛИНСКАЯ ОБЛАСТЬ,САНДЫКТАУСКИЙ РАЙОН
3783380,"Выращивание зерновых и зернобобовых культур, включая семеноводство",true,,5552568000,883,12379614000,920,4245028000,846,5997169000,1031,8865441000,994,10016771000,957,5,"Выращивание зерновых (кроме риса), бобовых и масличных культур",АКМОЛИНСКАЯ ОБЛАСТЬ,САНДЫКТАУСКИЙ РАЙОН
447178,Выращивание масличных культур и их семян,true,,,,,,,,19955000,1031,,,,,5,"Выращивание зерновых (кроме риса), бобовых и масличных культур",АКМОЛИНСКАЯ ОБЛАСТЬ,САНДЫКТАУСКИЙ РАЙОН
447218,Животноводство,false,,87596000,883,57472000,920,38000000,846,1380000,1031,8912000,994,41933000,957,3,"Растениеводство и животноводство, охота и предоставление услуг в этих областях",АКМОЛИНСКАЯ ОБЛАСТЬ,САНДЫКТАУСКИЙ РАЙОН
447219,Разведение крупного рогатого скота молочного направления,false,,,,,,38000000,846,,,,,,,4,Животноводство,АКМОЛИНСКАЯ ОБЛАСТЬ,САНДЫКТАУСКИЙ РАЙОН
447220,Разведение крупного рогатого скота молочного направления,true,,,,,,38000000,846,,,,,,,5,Разведение крупного рогатого скота молочного направления,АКМОЛИНСКАЯ ОБЛАСТЬ,САНДЫКТАУСКИЙ РАЙОН
447221,Разведение прочего крупного рогатого скота и буйволов,false,,87596000,883,57472000,920,,,,,8912000,994,41933000,957,4,Животноводство,АКМОЛИНСКАЯ ОБЛАСТЬ,САНДЫКТАУСКИЙ РАЙОН
447222,Разведение прочего крупного рогатого скота и буйволов,true,,87596000,883,57472000,920,,,,,8912000,994,41933000,957,5,Разведение прочего крупного рогатого скота и буйволов,АКМОЛИНСКАЯ ОБЛАСТЬ,САНДЫКТАУСКИЙ РАЙОН
447223,Разведение лошадей и прочих животных семейства лошадиных,false,,,,,,,,1380000,1031,,,,,4,Животноводство,АКМОЛИНСКАЯ ОБЛАСТЬ,САНДЫКТАУСКИЙ РАЙОН
447224,Разведение лошадей,true,,,,,,,,1380000,1031,,,,,5,Разведение лошадей и прочих животных семейства лошадиных,АКМОЛИНСКАЯ ОБЛАСТЬ,САНДЫКТАУСКИЙ РАЙОН
447239,Смешанное сельское хозяйство,false,,,,10040000,920,,,,,,,,,3,"Растениеводство и животноводство, охота и предоставление услуг в этих областях",АКМОЛИНСКАЯ ОБЛАСТЬ,САНДЫКТАУСКИЙ РАЙОН
447240,Смешанное сельское хозяйство,false,,,,10040000,920,,,,,,,,,4,Смешанное сельское хозяйство,АКМОЛИНСКАЯ ОБЛАСТЬ,САНДЫКТАУСКИЙ РАЙОН
447241,Смешанное сельское хозяйство,true,,,,10040000,920,,,,,,,,,5,Смешанное сельское хозяйство,АКМОЛИНСКАЯ ОБЛАСТЬ,САНДЫКТАУСКИЙ РАЙОН
447252,"Охота и отлов, включая предоставление услуг в этих областях",false,,,,,,x,846,,,,,,,3,"Растениеводство и животноводство, охота и предоставление услуг в этих областях",АКМОЛИНСКАЯ ОБЛАСТЬ,САНДЫКТАУСКИЙ РАЙОН
447253,"Охота и отлов, включая предоставление услуг в этих областях",false,,,,,,x,846,,,,,,,4,"Охота и отлов, включая предоставление услуг в этих областях",АКМОЛИНСКАЯ ОБЛАСТЬ,САНДЫКТАУСКИЙ РАЙОН
447254,"Охота и отлов, включая предоставление услуг в этих областях",true,,,,,,x,846,,,,,,,5,"Охота и отлов, включая предоставление услуг в этих областях",АКМОЛИНСКАЯ ОБЛАСТЬ,САНДЫКТАУСКИЙ РАЙОН
448148,Строительство,false,,,,5643000,920,,,,,15228000,994,,,1,Всего,АКМОЛИНСКАЯ ОБЛАСТЬ,САНДЫКТАУСКИЙ РАЙОН
18710963,Строительство зданий,false,,,,5643000,920,,,,,15228000,994,,,2,Строительство,АКМОЛИНСКАЯ ОБЛАСТЬ,САНДЫКТАУСКИЙ РАЙОН
18710967,Строительство жилых и нежилых зданий,false,,,,5643000,920,,,,,15228000,994,,,3,Строительство зданий,АКМОЛИНСКАЯ ОБЛАСТЬ,САНДЫКТАУСКИЙ РАЙОН
18710968,Строительство жилых и нежилых зданий,false,,,,5643000,920,,,,,15228000,994,,,4,Строительство жилых и нежилых зданий,АКМОЛИНСКАЯ ОБЛАСТЬ,САНДЫКТАУСКИЙ РАЙОН
18801543,"Строительство нежилых зданий, за исключением стационарных торговых объектов категорий 1, 2",true,,,,5643000,920,,,,,15228000,994,,,5,Строительство жилых и нежилых зданий,АКМОЛИНСКАЯ ОБЛАСТЬ,САНДЫКТАУСКИЙ РАЙОН
448215,Оптовая и розничная торговля; ремонт автомобилей и мотоциклов,false,,40100000,883,607290000,920,1500000,846,474000,1031,1772000,994,,,1,Всего,АКМОЛИНСКАЯ ОБЛАСТЬ,САНДЫКТАУСКИЙ РАЙОН
448237,"Оптовая торговля, за исключением торговли автомобилями и мотоциклами",false,,,,600300000,920,,,,,,,,,2,Оптовая и розничная торговля; ремонт автомобилей и мотоциклов,АКМОЛИНСКАЯ ОБЛАСТЬ,САНДЫКТАУСКИЙ РАЙОН
448257,Оптовая торговля сельскохозяйственным сырьем и живыми животными,false,,,,600300000,920,,,,,,,,,3,"Оптовая торговля, за исключением торговли автомобилями и мотоциклами",АКМОЛИНСКАЯ ОБЛАСТЬ,САНДЫКТАУСКИЙ РАЙОН
448258,"Оптовая торговля зерном, необработанным табаком, семенами и кормами для животных",false,,,,600300000,920,,,,,,,,,4,Оптовая торговля сельскохозяйственным сырьем и живыми животными,АКМОЛИНСКАЯ ОБЛАСТЬ,САНДЫКТАУСКИЙ РАЙОН
20575950,"Оптовая торговля зерном, семенами и кормами для животных",true,,,,600300000,920,,,,,,,,,5,"Оптовая торговля зерном, необработанным табаком, семенами и кормами для животных",АКМОЛИНСКАЯ ОБЛАСТЬ,САНДЫКТАУСКИЙ РАЙОН
448377,"Розничная торговля, кроме торговли автомобилями и мотоциклами",false,,40100000,883,6990000,920,1500000,846,474000,1031,1772000,994,,,2,Оптовая и розничная торговля; ремонт автомобилей и мотоциклов,АКМОЛИНСКАЯ ОБЛАСТЬ,САНДЫКТАУСКИЙ РАЙОН
448378,Розничная торговля в неспециализированных магазинах,false,,40100000,883,6990000,920,,,,,,,,,3,"Розничная торговля, кроме торговли автомобилями и мотоциклами",АКМОЛИНСКАЯ ОБЛАСТЬ,САНДЫКТАУСКИЙ РАЙОН
448381,Прочая розничная торговля в неспециализированных магазинах,false,,40100000,883,6990000,920,,,,,,,,,4,Розничная торговля в неспециализированных магазинах,АКМОЛИНСКАЯ ОБЛАСТЬ,САНДЫКТАУСКИЙ РАЙОН
3647936,"Прочая розничная торговля в неспециализированных магазинах, являющихся торговыми объектами, с торговой площадью менее 2000 кв.м ",true,,40100000,883,6990000,920,,,,,,,,,5,Прочая розничная торговля в неспециализированных магазинах,АКМОЛИНСКАЯ ОБЛАСТЬ,САНДЫКТАУСКИЙ РАЙОН
448399,Розничная торговля топливом в специализированных магазинах,false,,,,,,,,474000,1031,1772000,994,,,3,"Розничная торговля, кроме торговли автомобилями и мотоциклами",АКМОЛИНСКАЯ ОБЛАСТЬ,САНДЫКТАУСКИЙ РАЙОН
448400,Розничная торговля топливом в специализированных магазинах,false,,,,,,,,474000,1031,1772000,994,,,4,Розничная торговля топливом в специализированных магазинах,АКМОЛИНСКАЯ ОБЛАСТЬ,САНДЫКТАУСКИЙ РАЙОН
20576124,"Розничная торговля моторным топливом в специализированных магазинах, за исключением находящихся на придорожной полосе",true,,,,,,,,474000,1031,1772000,994,,,5,Розничная торговля топливом в специализированных магазинах,АКМОЛИНСКАЯ ОБЛАСТЬ,САНДЫКТАУСКИЙ РАЙОН
448433,Розничная торговля прочими товарами в специализированных магазинах,false,,,,,,1500000,846,,,,,,,3,"Розничная торговля, кроме торговли автомобилями и мотоциклами",АКМОЛИНСКАЯ ОБЛАСТЬ,САНДЫКТАУСКИЙ РАЙОН
448452,Прочая розничная торговля новыми товарами в специализированных магазинах,false,,,,,,1500000,846,,,,,,,4,Розничная торговля прочими товарами в специализированных магазинах,АКМОЛИНСКАЯ ОБЛАСТЬ,САНДЫКТАУСКИЙ РАЙОН
448455,"Прочая розничная торговля в специализированных магазинах, являющихся торговыми объектами, с торговой площадью менее 2000 кв.м",true,,,,,,1500000,846,,,,,,,5,Прочая розничная торговля новыми товарами в специализированных магазинах,АКМОЛИНСКАЯ ОБЛАСТЬ,САНДЫКТАУСКИЙ РАЙОН
448475,Транспорт и складирование,false,,417000000,883,x,920,,,1510619000,1031,813611000,994,505662000,957,1,Всего,АКМОЛИНСКАЯ ОБЛАСТЬ,САНДЫКТАУСКИЙ РАЙОН
448527,Складирование грузов и вспомогательная транспортная деятельность,false,,417000000,883,x,920,,,1510619000,1031,813611000,994,505662000,957,2,Транспорт и складирование,АКМОЛИНСКАЯ ОБЛАСТЬ,САНДЫКТАУСКИЙ РАЙОН
448528,Складирование и хранение грузов,false,,417000000,883,x,920,,,,,813611000,994,499858000,957,3,Складирование грузов и вспомогательная транспортная деятельность,АКМОЛИНСКАЯ ОБЛАСТЬ,САНДЫКТАУСКИЙ РАЙОН
448529,Складирование и хранение грузов,false,,417000000,883,x,920,,,,,813611000,994,499858000,957,4,Складирование и хранение грузов,АКМОЛИНСКАЯ ОБЛАСТЬ,САНДЫКТАУСКИЙ РАЙОН
448530,Складирование и хранение зерна,true,,417000000,883,,,,,,,813611000,994,482907000,957,5,Складирование и хранение грузов,АКМОЛИНСКАЯ ОБЛАСТЬ,САНДЫКТАУСКИЙ РАЙОН
20576307,"Складирование и хранение продовольственных товаров, кроме овощей и фруктов",true,,,,x,920,,,,,,,x,957,5,Складирование и хранение грузов,АКМОЛИНСКАЯ ОБЛАСТЬ,САНДЫКТАУСКИЙ РАЙОН
448533,Вспомогательная транспортная деятельность,false,,,,,,,,1510619000,1031,,,x,957,3,Складирование грузов и вспомогательная транспортная деятельность,АКМОЛИНСКАЯ ОБЛАСТЬ,САНДЫКТАУСКИЙ РАЙОН
448534,Вспомогательная деятельность сухопутного транспорта,false,,,,,,,,1510619000,1031,,,x,957,4,Вспомогательная транспортная деятельность,АКМОЛИНСКАЯ ОБЛАСТЬ,САНДЫКТАУСКИЙ РАЙОН
448536,Эксплуатация автомобильных дорог,true,,,,,,,,1510619000,1031,,,x,957,5,Вспомогательная деятельность сухопутного транспорта,АКМОЛИНСКАЯ ОБЛАСТЬ,САНДЫКТАУСКИЙ РАЙОН
448558,Предоставление услуг по проживанию и питанию,false,,,,,,3800000,846,,,,,15000000,957,1,Всего,АКМОЛИНСКАЯ ОБЛАСТЬ,САНДЫКТАУСКИЙ РАЙОН
448573,Предоставление услуг по обеспечению питанием и напитками,false,,,,,,3800000,846,,,,,15000000,957,2,Предоставление услуг по проживанию и питанию,АКМОЛИНСКАЯ ОБЛАСТЬ,САНДЫКТАУСКИЙ РАЙОН
448574,Деятельность ресторанов и предоставление услуг по доставке продуктов питания,false,,,,,,,,,,,,15000000,957,3,Предоставление услуг по обеспечению питанием и напитками,АКМОЛИНСКАЯ ОБЛАСТЬ,САНДЫКТАУСКИЙ РАЙОН
448575,Деятельность ресторанов и предоставление услуг по доставке продуктов питания,false,,,,,,,,,,,,15000000,957,4,Деятельность ресторанов и предоставление услуг по доставке продуктов питания,АКМОЛИНСКАЯ ОБЛАСТЬ,САНДЫКТАУСКИЙ РАЙОН
20576362,"Деятельность ресторанов и предоставление услуг по доставке продуктов питания, за исключением деятельности объектов, находящихся на придорожной полосе",true,,,,,,,,,,,,15000000,957,5,Деятельность ресторанов и предоставление услуг по доставке продуктов питания,АКМОЛИНСКАЯ ОБЛАСТЬ,САНДЫКТАУСКИЙ РАЙОН
448577,Доставка готовой пищи на заказ и прочая деятельность по обеспечению питанием,false,,,,,,3800000,846,,,,,,,3,Предоставление услуг по обеспечению питанием и напитками,АКМОЛИНСКАЯ ОБЛАСТЬ,САНДЫКТАУСКИЙ РАЙОН
448580,Прочая деятельность по обеспечению питанием,false,,,,,,3800000,846,,,,,,,4,Доставка готовой пищи на заказ и прочая деятельность по обеспечению питанием,АКМОЛИНСКАЯ ОБЛАСТЬ,САНДЫКТАУСКИЙ РАЙОН
18951446,"Прочая деятельность по обеспечению питанием, не включенная в другие группировки",true,,,,,,3800000,846,,,,,,,5,Прочая деятельность по обеспечению питанием,АКМОЛИНСКАЯ ОБЛАСТЬ,САНДЫКТАУСКИЙ РАЙОН
448585,Информация и связь,false,,70867000,883,,,304000,846,16592000,1031,,,32890000,957,1,Всего,АКМОЛИНСКАЯ ОБЛАСТЬ,САНДЫКТАУСКИЙ РАЙОН
448623,Телекоммуникации,false,,70867000,883,,,304000,846,16592000,1031,,,32890000,957,2,Информация и связь,АКМОЛИНСКАЯ ОБЛАСТЬ,САНДЫКТАУСКИЙ РАЙОН
18696628,Проводная телекоммуникационная связь,false,,11548000,883,,,304000,846,,,,,,,3,Телекоммуникации,АКМОЛИНСКАЯ ОБЛАСТЬ,САНДЫКТАУСКИЙ РАЙОН
18696629,Проводная телекоммуникационная связь,false,,11548000,883,,,304000,846,,,,,,,4,Проводная телекоммуникационная связь,АКМОЛИНСКАЯ ОБЛАСТЬ,САНДЫКТАУСКИЙ РАЙОН
18946146,Прочая проводная телекоммуникационная связь,true,,11548000,883,,,304000,846,,,,,,,5,Проводная телекоммуникационная связь,АКМОЛИНСКАЯ ОБЛАСТЬ,САНДЫКТАУСКИЙ РАЙОН
448627,Беспроводная телекоммуникационная связь,false,,59319000,883,,,,,16592000,1031,,,32890000,957,3,Телекоммуникации,АКМОЛИНСКАЯ ОБЛАСТЬ,САНДЫКТАУСКИЙ РАЙОН
448628,Беспроводная телекоммуникационная связь,false,,59319000,883,,,,,16592000,1031,,,32890000,957,4,Беспроводная телекоммуникационная связь,АКМОЛИНСКАЯ ОБЛАСТЬ,САНДЫКТАУСКИЙ РАЙОН
18946147,Беспроводная телекоммуникационная связь посредством единой транспортной среды,true,,,,,,,,16592000,1031,,,32472000,957,5,Беспроводная телекоммуникационная связь,АКМОЛИНСКАЯ ОБЛАСТЬ,САНДЫКТАУСКИЙ РАЙОН
18946149,Прочая беспроводная телекоммуникационная связь,true,,59319000,883,,,,,,,,,418000,957,5,Беспроводная телекоммуникационная связь,АКМОЛИНСКАЯ ОБЛАСТЬ,САНДЫКТАУСКИЙ РАЙОН
448658,Финансовая и страховая деятельность,false,,,,x,920,,,,,,,,,1,Всего,АКМОЛИНСКАЯ ОБЛАСТЬ,САНДЫКТАУСКИЙ РАЙОН
448659,"Финансовое посредничество, кроме страхования и пенсионного обеспечения",false,,,,x,920,,,,,,,,,2,Финансовая и страховая деятельность,АКМОЛИНСКАЯ ОБЛАСТЬ,САНДЫКТАУСКИЙ РАЙОН
448673,"Прочее финансовое посредничество, кроме страхования и пенсионного обеспечения",false,,,,x,920,,,,,,,,,3,"Финансовое посредничество, кроме страхования и пенсионного обеспечения",АКМОЛИНСКАЯ ОБЛАСТЬ,САНДЫКТАУСКИЙ РАЙОН
448676,Прочие виды кредитования,false,,,,x,920,,,,,,,,,4,"Прочее финансовое посредничество, кроме страхования и пенсионного обеспечения",АКМОЛИНСКАЯ ОБЛАСТЬ,САНДЫКТАУСКИЙ РАЙОН
448678,"Прочие виды кредитования, не включенные в другие группировки",true,,,,x,920,,,,,,,,,5,Прочие виды кредитования,АКМОЛИНСКАЯ ОБЛАСТЬ,САНДЫКТАУСКИЙ РАЙОН
448714,Операции с недвижимым имуществом,false,,289318000,883,1091548000,920,168565000,846,344600000,1031,304114000,994,776389000,957,1,Всего,АКМОЛИНСКАЯ ОБЛАСТЬ,САНДЫКТАУСКИЙ РАЙОН
448715,Операции с недвижимым имуществом,false,,289318000,883,1091548000,920,168565000,846,344600000,1031,304114000,994,776389000,957,2,Операции с недвижимым имуществом,АКМОЛИНСКАЯ ОБЛАСТЬ,САНДЫКТАУСКИЙ РАЙОН
448716,Покупка и продажа собственного недвижимого имущества ,false,,289318000,883,1091548000,920,168565000,846,344600000,1031,304114000,994,776389000,957,3,Операции с недвижимым имуществом,АКМОЛИНСКАЯ ОБЛАСТЬ,САНДЫКТАУСКИЙ РАЙОН
448717,Покупка и продажа собственного недвижимого имущества ,false,,289318000,883,1091548000,920,168565000,846,344600000,1031,304114000,994,776389000,957,4,Покупка и продажа собственного недвижимого имущества ,АКМОЛИНСКАЯ ОБЛАСТЬ,САНДЫКТАУСКИЙ РАЙОН
543091,Покупка и продажа многоквартирных и жилых домов (особняков),true,,289318000,883,1091548000,920,168565000,846,344600000,1031,304114000,994,776389000,957,5,Покупка и продажа собственного недвижимого имущества ,АКМОЛИНСКАЯ ОБЛАСТЬ,САНДЫКТАУСКИЙ РАЙОН
448728,"Профессиональная, научная и техническая деятельность",false,,x,883,,,x,846,,,,,,,1,Всего,АКМОЛИНСКАЯ ОБЛАСТЬ,САНДЫКТАУСКИЙ РАЙОН
448747,"Деятельность в области архитектуры, инженерных изысканий, технических испытаний и анализа",false,,x,883,,,x,846,,,,,,,2,"Профессиональная, научная и техническая деятельность",АКМОЛИНСКАЯ ОБЛАСТЬ,САНДЫКТАУСКИЙ РАЙОН
448748,"Деятельность в области архитектуры, инженерных изысканий и предоставление технических консультаций в этих областях",false,,x,883,,,x,846,,,,,,,3,"Деятельность в области архитектуры, инженерных изысканий, технических испытаний и анализа",АКМОЛИНСКАЯ ОБЛАСТЬ,САНДЫКТАУСКИЙ РАЙОН
448751,Деятельность в области инженерных изысканий и предоставление технических консультаций в этой области,false,,x,883,,,x,846,,,,,,,4,"Деятельность в области архитектуры, инженерных изысканий и предоставление технических консультаций в этих областях",АКМОЛИНСКАЯ ОБЛАСТЬ,САНДЫКТАУСКИЙ РАЙОН
448753,Деятельность по проведению геологической разведки и изысканий (без научных исследований и разработок),true,,x,883,,,x,846,,,,,,,5,Деятельность в области инженерных изысканий и предоставление технических консультаций в этой области,АКМОЛИНСКАЯ ОБЛАСТЬ,САНДЫКТАУСКИЙ РАЙОН
448797,Деятельность в области административного и вспомогательного обслуживания,false,,,,36644000,920,5256000,846,,,,,,,1,Всего,АКМОЛИНСКАЯ ОБЛАСТЬ,САНДЫКТАУСКИЙ РАЙОН
448856,Деятельность по обслуживанию зданий и благоустройству территорий,false,,,,36644000,920,5256000,846,,,,,,,2,Деятельность в области административного и вспомогательного обслуживания,АКМОЛИНСКАЯ ОБЛАСТЬ,САНДЫКТАУСКИЙ РАЙОН
448867,Деятельность по благоустройству территорий,false,,,,36644000,920,5256000,846,,,,,,,3,Деятельность по обслуживанию зданий и благоустройству территорий,АКМОЛИНСКАЯ ОБЛАСТЬ,САНДЫКТАУСКИЙ РАЙОН
448868,Деятельность по благоустройству территорий,false,,,,36644000,920,5256000,846,,,,,,,4,Деятельность по благоустройству территорий,АКМОЛИНСКАЯ ОБЛАСТЬ,САНДЫКТАУСКИЙ РАЙОН
448869,Деятельность по благоустройству территорий,true,,,,36644000,920,5256000,846,,,,,,,5,Деятельность по благоустройству территорий,АКМОЛИНСКАЯ ОБЛАСТЬ,САНДЫКТАУСКИЙ РАЙОН
448889,Государственное управление и оборона; обязательное  социальное обеспечение,false,,,,,,,,,,10156000,994,,,1,Всего,АКМОЛИНСКАЯ ОБЛАСТЬ,САНДЫКТАУСКИЙ РАЙОН
448890,Государственное управление и оборона; обязательное социальное обеспечение,false,,,,,,,,,,10156000,994,,,2,Государственное управление и оборона; обязательное  социальное обеспечение,АКМОЛИНСКАЯ ОБЛАСТЬ,САНДЫКТАУСКИЙ РАЙОН
448891,Государственное управление общего характера и управление социально-экономическое политикой общества,false,,,,,,,,,,10156000,994,,,3,Государственное управление и оборона; обязательное социальное обеспечение,АКМОЛИНСКАЯ ОБЛАСТЬ,САНДЫКТАУСКИЙ РАЙОН
448900,"Регулирование деятельности учреждений здравоохранения, образования, культуры и других социальных услуг, кроме социального обеспечения ",false,,,,,,,,,,10156000,994,,,4,Государственное управление общего характера и управление социально-экономическое политикой общества,АКМОЛИНСКАЯ ОБЛАСТЬ,САНДЫКТАУСКИЙ РАЙОН
448901,"Регулирование деятельности учреждений здравоохранения, образования, культуры и других социальных услуг, кроме социального обеспечения ",true,,,,,,,,,,10156000,994,,,5,"Регулирование деятельности учреждений здравоохранения, образования, культуры и других социальных услуг, кроме социального обеспечения ",АКМОЛИНСКАЯ ОБЛАСТЬ,САНДЫКТАУСКИЙ РАЙОН
448918,Образование,false,,427723000,883,131417000,920,1786000,846,389069000,1031,240427000,994,79136000,957,1,Всего,АКМОЛИНСКАЯ ОБЛАСТЬ,САНДЫКТАУСКИЙ РАЙОН
448919,Образование,false,,427723000,883,131417000,920,1786000,846,389069000,1031,240427000,994,79136000,957,2,Образование,АКМОЛИНСКАЯ ОБЛАСТЬ,САНДЫКТАУСКИЙ РАЙОН
448920,Дошкольное образование,false,,x,883,,,,,,,,,,,3,Образование,АКМОЛИНСКАЯ ОБЛАСТЬ,САНДЫКТАУСКИЙ РАЙОН
448921,Дошкольное образование,false,,x,883,,,,,,,,,,,4,Дошкольное образование,АКМОЛИНСКАЯ ОБЛАСТЬ,САНДЫКТАУСКИЙ РАЙОН
448922,Дошкольное образование,true,,x,883,,,,,,,,,,,5,Дошкольное образование,АКМОЛИНСКАЯ ОБЛАСТЬ,САНДЫКТАУСКИЙ РАЙОН
448926,Среднее образование (2-й и 3-й уровни),false,,388508000,883,131417000,920,,,389069000,1031,240427000,994,79136000,957,3,Образование,АКМОЛИНСКАЯ ОБЛАСТЬ,САНДЫКТАУСКИЙ РАЙОН
448927,Основное и общее среднее образование,false,,388508000,883,131417000,920,,,389069000,1031,240427000,994,79136000,957,4,Среднее образование (2-й и 3-й уровни),АКМОЛИНСКАЯ ОБЛАСТЬ,САНДЫКТАУСКИЙ РАЙОН
448928,Основное и общее среднее образование,true,,388508000,883,131417000,920,,,389069000,1031,240427000,994,79136000,957,5,Основное и общее среднее образование,АКМОЛИНСКАЯ ОБЛАСТЬ,САНДЫКТАУСКИЙ РАЙОН
448937,Прочие виды образования,false,,,,,,1786000,846,,,,,,,3,Образование,АКМОЛИНСКАЯ ОБЛАСТЬ,САНДЫКТАУСКИЙ РАЙОН
448940,Образование в области культуры,false,,,,,,1786000,846,,,,,,,4,Прочие виды образования,АКМОЛИНСКАЯ ОБЛАСТЬ,САНДЫКТАУСКИЙ РАЙОН
448941,Образование в области культуры,true,,,,,,1786000,846,,,,,,,5,Образование в области культуры,АКМОЛИНСКАЯ ОБЛАСТЬ,САНДЫКТАУСКИЙ РАЙОН
448950,Здравоохранение и социальное обслуживание населения,false,,529019000,883,119902000,920,684051000,846,,,,,x,957,1,Всего,АКМОЛИНСКАЯ ОБЛАСТЬ,САНДЫКТАУСКИЙ РАЙОН
448951,Деятельность в области здравоохранения,false,,419669000,883,119902000,920,84051000,846,,,,,x,957,2,Здравоохранение и социальное обслуживание населения,АКМОЛИНСКАЯ ОБЛАСТЬ,САНДЫКТАУСКИЙ РАЙОН
448952,Деятельность больничных организаций,false,,419669000,883,119902000,920,84051000,846,,,,,x,957,3,Деятельность в области здравоохранения,АКМОЛИНСКАЯ ОБЛАСТЬ,САНДЫКТАУСКИЙ РАЙОН
448953,Деятельность больничных организаций,false,,419669000,883,119902000,920,84051000,846,,,,,x,957,4,Деятельность больничных организаций,АКМОЛИНСКАЯ ОБЛАСТЬ,САНДЫКТАУСКИЙ РАЙОН
448954,Деятельность больниц широкого профиля и специализированных больниц,true,,419669000,883,119902000,920,84051000,846,,,,,x,957,5,Деятельность больничных организаций,АКМОЛИНСКАЯ ОБЛАСТЬ,САНДЫКТАУСКИЙ РАЙОН
448969,Предоставление социальных услуг с обеспечением проживания,false,,109350000,883,,,600000000,846,,,,,,,2,Здравоохранение и социальное обслуживание населения,АКМОЛИНСКАЯ ОБЛАСТЬ,САНДЫКТАУСКИЙ РАЙОН
18703671,Предоставление прочих социальных услуг  с обеспечением проживания,false,,109350000,883,,,600000000,846,,,,,,,3,Предоставление социальных услуг с обеспечением проживания,АКМОЛИНСКАЯ ОБЛАСТЬ,САНДЫКТАУСКИЙ РАЙОН
18703672,Предоставление прочих социальных услуг  с обеспечением проживания,false,,109350000,883,,,600000000,846,,,,,,,4,Предоставление прочих социальных услуг  с обеспечением проживания,АКМОЛИНСКАЯ ОБЛАСТЬ,САНДЫКТАУСКИЙ РАЙОН
18703673,Предоставление прочих социальных услуг  с обеспечением проживания,true,,109350000,883,,,600000000,846,,,,,,,5,Предоставление прочих социальных услуг  с обеспечением проживания,АКМОЛИНСКАЯ ОБЛАСТЬ,САНДЫКТАУСКИЙ РАЙОН
448991,"Искусство, развлечения и отдых",false,,,,243833000,920,,,,,322189000,994,119345000,957,1,Всего,АКМОЛИНСКАЯ ОБЛАСТЬ,САНДЫКТАУСКИЙ РАЙОН
449022,"Деятельность в области спорта, организации отдыха и развлечений",false,,,,243833000,920,,,,,322189000,994,119345000,957,2,"Искусство, развлечения и отдых",АКМОЛИНСКАЯ ОБЛАСТЬ,САНДЫКТАУСКИЙ РАЙОН
449023,Деятельность в области спорта,false,,,,198776000,920,,,,,,,110461000,957,3,"Деятельность в области спорта, организации отдыха и развлечений",АКМОЛИНСКАЯ ОБЛАСТЬ,САНДЫКТАУСКИЙ РАЙОН
449024,Эксплуатация спортивных сооружений,false,,,,198776000,920,,,,,,,110461000,957,4,Деятельность в области спорта,АКМОЛИНСКАЯ ОБЛАСТЬ,САНДЫКТАУСКИЙ РАЙОН
449025,Эксплуатация спортивных сооружений,true,,,,198776000,920,,,,,,,110461000,957,5,Эксплуатация спортивных сооружений,АКМОЛИНСКАЯ ОБЛАСТЬ,САНДЫКТАУСКИЙ РАЙОН
449032,Деятельность по организации отдыха и развлечений,false,,,,45057000,920,,,,,322189000,994,8884000,957,3,"Деятельность в области спорта, организации отдыха и развлечений",АКМОЛИНСКАЯ ОБЛАСТЬ,САНДЫКТАУСКИЙ РАЙОН
449035,Прочая деятельность по организации отдыха и развлечений,false,,,,45057000,920,,,,,322189000,994,8884000,957,4,Деятельность по организации отдыха и развлечений,АКМОЛИНСКАЯ ОБЛАСТЬ,САНДЫКТАУСКИЙ РАЙОН
449039,Прочие виды деятельности по организации отдыха и развлечений,true,,,,45057000,920,,,,,322189000,994,8884000,957,5,Прочая деятельность по организации отдыха и развлечений,АКМОЛИНСКАЯ ОБЛАСТЬ,САНДЫКТАУСКИЙ РАЙОН
741340,Промышленность,false,,54225000,883,337634000,920,208384000,846,2313875000,1031,536207000,994,325969000,957,1,Всего,АКМОЛИНСКАЯ ОБЛАСТЬ,САНДЫКТАУСКИЙ РАЙОН
448090,"Снабжение электроэнергией, газом, паром, горячей водой и кондиционированным воздухом",false,,x,883,186116000,920,34181000,846,1496482000,1031,x,994,116495000,957,2,Промышленность,АКМОЛИНСКАЯ ОБЛАСТЬ,САНДЫКТАУСКИЙ РАЙОН
448091,"Снабжение электроэнергией, газом, паром, горячей водой и кондиционированным воздухом",false,,x,883,186116000,920,34181000,846,1496482000,1031,x,994,116495000,957,3,"Снабжение электроэнергией, газом, паром, горячей водой и кондиционированным воздухом",АКМОЛИНСКАЯ ОБЛАСТЬ,САНДЫКТАУСКИЙ РАЙОН
448092,"Производство, передача и распределение электроэнергии",false,,x,883,110620000,920,34181000,846,704874000,1031,x,994,x,957,4,"Снабжение электроэнергией, газом, паром, горячей водой и кондиционированным воздухом",АКМОЛИНСКАЯ ОБЛАСТЬ,САНДЫКТАУСКИЙ РАЙОН
448098,Передача электроэнергии,false,,,,,,,,x,1031,x,994,,,5,"Производство, передача и распределение электроэнергии",АКМОЛИНСКАЯ ОБЛАСТЬ,САНДЫКТАУСКИЙ РАЙОН
448100,Распределение электроэнергии,false,,x,883,110620000,920,34181000,846,61231000,1031,,,x,957,5,"Производство, передача и распределение электроэнергии",АКМОЛИНСКАЯ ОБЛАСТЬ,САНДЫКТАУСКИЙ РАЙОН
448102,Продажа электроэнергии ,false,,,,,,,,4210000,1031,,,,,5,"Производство, передача и распределение электроэнергии",АКМОЛИНСКАЯ ОБЛАСТЬ,САНДЫКТАУСКИЙ РАЙОН
448111,"Снабжение паром, горячей водой и кондиционированным воздухом",false,,,,75496000,920,,,791608000,1031,,,43485000,957,4,"Снабжение электроэнергией, газом, паром, горячей водой и кондиционированным воздухом",АКМОЛИНСКАЯ ОБЛАСТЬ,САНДЫКТАУСКИЙ РАЙОН
448112,"Снабжение паром, горячей водой и кондиционированным воздухом",false,,,,75496000,920,,,791608000,1031,,,43485000,957,5,"Снабжение паром, горячей водой и кондиционированным воздухом",АКМОЛИНСКАЯ ОБЛАСТЬ,САНДЫКТАУСКИЙ РАЙОН
448117,"Водоснабжение; сбор, обработка и удаление отходов, деятельность по ликвидации загрязнений",false,,9756000,883,151518000,920,174203000,846,817393000,1031,457365000,994,209474000,957,2,Промышленность,АКМОЛИНСКАЯ ОБЛАСТЬ,САНДЫКТАУСКИЙ РАЙОН
448118,"Сбор, обработка и распределение воды",false,,9756000,883,151518000,920,174203000,846,794154000,1031,457365000,994,209474000,957,3,"Водоснабжение; сбор, обработка и удаление отходов, деятельность по ликвидации загрязнений",АКМОЛИНСКАЯ ОБЛАСТЬ,САНДЫКТАУСКИЙ РАЙОН
448119,"Сбор, обработка и распределение воды",false,,9756000,883,151518000,920,174203000,846,794154000,1031,457365000,994,209474000,957,4,"Сбор, обработка и распределение воды",АКМОЛИНСКАЯ ОБЛАСТЬ,САНДЫКТАУСКИЙ РАЙОН
448120,"Сбор, обработка и распределение воды",false,,9756000,883,151518000,920,174203000,846,794154000,1031,457365000,994,209474000,957,5,"Сбор, обработка и распределение воды",АКМОЛИНСКАЯ ОБЛАСТЬ,САНДЫКТАУСКИЙ РАЙОН
448126,"Сбор, обработка и удаление отходов; утилизация (восстановление) материалов",false,,,,,,,,23239000,1031,,,,,3,"Водоснабжение; сбор, обработка и удаление отходов, деятельность по ликвидации загрязнений",АКМОЛИНСКАЯ ОБЛАСТЬ,САНДЫКТАУСКИЙ РАЙОН
448132,Обработка и удаление отходов,false,,,,,,,,23239000,1031,,,,,4,"Сбор, обработка и удаление отходов; утилизация (восстановление) материалов",АКМОЛИНСКАЯ ОБЛАСТЬ,САНДЫКТАУСКИЙ РАЙОН
448135,Обработка и удаление опасных отходов,false,,,,,,,,23239000,1031,,,,,5,Обработка и удаление отходов,АКМОЛИНСКАЯ ОБЛАСТЬ,САНДЫКТАУСКИЙ РАЙОН
741885,Всего,false,,86337783000,883,53814264000,920,66816807000,846,118130682000,1031,67965333000,994,54900643000,957,0,,АКМОЛИНСКАЯ ОБЛАСТЬ,ЦЕЛИНОГРАДСКИЙ РАЙОН
447173,"Сельское, лесное и рыбное хозяйство",false,,6367364000,883,7318030000,920,7551270000,846,10308146000,1031,7896225000,994,4638420000,957,1,Всего,АКМОЛИНСКАЯ ОБЛАСТЬ,ЦЕЛИНОГРАДСКИЙ РАЙОН
447174,"Растениеводство и животноводство, охота и предоставление услуг в этих областях",false,,6367364000,883,7318030000,920,7551270000,846,10308146000,1031,7896225000,994,4526980000,957,2,"Сельское, лесное и рыбное хозяйство",АКМОЛИНСКАЯ ОБЛАСТЬ,ЦЕЛИНОГРАДСКИЙ РАЙОН
447175,Выращивание одно- или двухлетних культур,false,,4863205000,883,6694882000,920,3414187000,846,2392580000,1031,4151246000,994,3228105000,957,3,"Растениеводство и животноводство, охота и предоставление услуг в этих областях",АКМОЛИНСКАЯ ОБЛАСТЬ,ЦЕЛИНОГРАДСКИЙ РАЙОН
447176,"Выращивание зерновых (кроме риса), бобовых и масличных культур",false,,4863205000,883,6659732000,920,3307672000,846,2369380000,1031,3772594000,994,2997773000,957,4,Выращивание одно- или двухлетних культур,АКМОЛИНСКАЯ ОБЛАСТЬ,ЦЕЛИНОГРАДСКИЙ РАЙОН
3783380,"Выращивание зерновых и зернобобовых культур, включая семеноводство",true,,4863205000,883,6659732000,920,3307672000,846,2369380000,1031,3772594000,994,2997773000,957,5,"Выращивание зерновых (кроме риса), бобовых и масличных культур",АКМОЛИНСКАЯ ОБЛАСТЬ,ЦЕЛИНОГРАДСКИЙ РАЙОН
447181,"Выращивание овощей, бахчевых, корнеплодов и клубнеплодов",false,,,,35150000,920,x,846,x,1031,350183000,994,x,957,4,Выращивание одно- или двухлетних культур,АКМОЛИНСКАЯ ОБЛАСТЬ,ЦЕЛИНОГРАДСКИЙ РАЙОН
447182,Выращивание картофеля и посадочного материала,true,,,,x,920,x,846,x,1031,x,994,x,957,5,"Выращивание овощей, бахчевых, корнеплодов и клубнеплодов",АКМОЛИНСКАЯ ОБЛАСТЬ,ЦЕЛИНОГРАДСКИЙ РАЙОН
447183,"Выращивание овощей, их семян и рассады",true,,,,150000,920,,,,,44000000,994,,,5,"Выращивание овощей, бахчевых, корнеплодов и клубнеплодов",АКМОЛИНСКАЯ ОБЛАСТЬ,ЦЕЛИНОГРАДСКИЙ РАЙОН
447192,Выращивание прочих одно- или двухлетних культур,false,,,,,,,,,,x,994,,,4,Выращивание одно- или двухлетних культур,АКМОЛИНСКАЯ ОБЛАСТЬ,ЦЕЛИНОГРАДСКИЙ РАЙОН
447193,Выращивание кормовых культур и их семян,true,,,,,,,,,,x,994,,,5,Выращивание прочих одно- или двухлетних культур,АКМОЛИНСКАЯ ОБЛАСТЬ,ЦЕЛИНОГРАДСКИЙ РАЙОН
447215,Воспроизводство растений,false,,,,,,,,x,1031,x,994,,,3,"Растениеводство и животноводство, охота и предоставление услуг в этих областях",АКМОЛИНСКАЯ ОБЛАСТЬ,ЦЕЛИНОГРАДСКИЙ РАЙОН
447216,Воспроизводство растений,false,,,,,,,,x,1031,x,994,,,4,Воспроизводство растений,АКМОЛИНСКАЯ ОБЛАСТЬ,ЦЕЛИНОГРАДСКИЙ РАЙОН
447217,Воспроизводство растений,true,,,,,,,,x,1031,x,994,,,5,Воспроизводство растений,АКМОЛИНСКАЯ ОБЛАСТЬ,ЦЕЛИНОГРАДСКИЙ РАЙОН
447218,Животноводство,false,,1463957000,883,623148000,920,4028273000,846,7152071000,1031,3702522000,994,1250576000,957,3,"Растениеводство и животноводство, охота и предоставление услуг в этих областях",АКМОЛИНСКАЯ ОБЛАСТЬ,ЦЕЛИНОГРАДСКИЙ РАЙОН
447219,Разведение крупного рогатого скота молочного направления,false,,1352614000,883,456367000,920,1285117000,846,7152071000,1031,3613214000,994,1050821000,957,4,Животноводство,АКМОЛИНСКАЯ ОБЛАСТЬ,ЦЕЛИНОГРАДСКИЙ РАЙОН
447220,Разведение крупного рогатого скота молочного направления,true,,1352614000,883,456367000,920,1285117000,846,7152071000,1031,3613214000,994,1050821000,957,5,Разведение крупного рогатого скота молочного направления,АКМОЛИНСКАЯ ОБЛАСТЬ,ЦЕЛИНОГРАДСКИЙ РАЙОН
447221,Разведение прочего крупного рогатого скота и буйволов,false,,83343000,883,166781000,920,367755000,846,,,x,994,165321000,957,4,Животноводство,АКМОЛИНСКАЯ ОБЛАСТЬ,ЦЕЛИНОГРАДСКИЙ РАЙОН
447222,Разведение прочего крупного рогатого скота и буйволов,true,,83343000,883,166781000,920,367755000,846,,,x,994,165321000,957,5,Разведение прочего крупного рогатого скота и буйволов,АКМОЛИНСКАЯ ОБЛАСТЬ,ЦЕЛИНОГРАДСКИЙ РАЙОН
447223,Разведение лошадей и прочих животных семейства лошадиных,false,,28000000,883,,,,,,,x,994,34434000,957,4,Животноводство,АКМОЛИНСКАЯ ОБЛАСТЬ,ЦЕЛИНОГРАДСКИЙ РАЙОН
447224,Разведение лошадей,true,,28000000,883,,,,,,,x,994,34434000,957,5,Разведение лошадей и прочих животных семейства лошадиных,АКМОЛИНСКАЯ ОБЛАСТЬ,ЦЕЛИНОГРАДСКИЙ РАЙОН
447228,Разведение овец и коз,false,,,,,,x,846,,,x,994,,,4,Животноводство,АКМОЛИНСКАЯ ОБЛАСТЬ,ЦЕЛИНОГРАДСКИЙ РАЙОН
447229,Разведение овец и коз,true,,,,,,x,846,,,x,994,,,5,Разведение овец и коз,АКМОЛИНСКАЯ ОБЛАСТЬ,ЦЕЛИНОГРАДСКИЙ РАЙОН
447232,Разведение сельскохозяйственной птицы ,false,,,,,,1771148000,846,,,x,994,,,4,Животноводство,АКМОЛИНСКАЯ ОБЛАСТЬ,ЦЕЛИНОГРАДСКИЙ РАЙОН
447233,"Разведение птицы на мясо, племенной птицы и молодняка",true,,,,,,1771093000,846,,,x,994,,,5,Разведение сельскохозяйственной птицы ,АКМОЛИНСКАЯ ОБЛАСТЬ,ЦЕЛИНОГРАДСКИЙ РАЙОН
447234,Производство яиц,true,,,,,,x,846,,,,,,,5,Разведение сельскохозяйственной птицы ,АКМОЛИНСКАЯ ОБЛАСТЬ,ЦЕЛИНОГРАДСКИЙ РАЙОН
447239,Смешанное сельское хозяйство,false,,20202000,883,,,108810000,846,,,x,994,17920000,957,3,"Растениеводство и животноводство, охота и предоставление услуг в этих областях",АКМОЛИНСКАЯ ОБЛАСТЬ,ЦЕЛИНОГРАДСКИЙ РАЙОН
447240,Смешанное сельское хозяйство,false,,20202000,883,,,108810000,846,,,x,994,17920000,957,4,Смешанное сельское хозяйство,АКМОЛИНСКАЯ ОБЛАСТЬ,ЦЕЛИНОГРАДСКИЙ РАЙОН
447241,Смешанное сельское хозяйство,true,,20202000,883,,,108810000,846,,,x,994,17920000,957,5,Смешанное сельское хозяйство,АКМОЛИНСКАЯ ОБЛАСТЬ,ЦЕЛИНОГРАДСКИЙ РАЙОН
18683346,"Деятельность, способствующая выращиванию сельскохозяйственных культур и разведению животных и деятельность по обработке урожая",false,,20000000,883,,,,,748333000,1031,,,,,3,"Растениеводство и животноводство, охота и предоставление услуг в этих областях",АКМОЛИНСКАЯ ОБЛАСТЬ,ЦЕЛИНОГРАДСКИЙ РАЙОН
18683347,"Деятельность, способствующая растениеводству",false,,,,,,,,748333000,1031,,,,,4,"Деятельность, способствующая выращиванию сельскохозяйственных культур и разведению животных и деятельность по обработке урожая",АКМОЛИНСКАЯ ОБЛАСТЬ,ЦЕЛИНОГРАДСКИЙ РАЙОН
18683349,Эксплуатация оросительных систем,true,,,,,,,,748333000,1031,,,,,5,"Деятельность, способствующая растениеводству",АКМОЛИНСКАЯ ОБЛАСТЬ,ЦЕЛИНОГРАДСКИЙ РАЙОН
18683350,"Деятельность, способствующая животноводству",false,,20000000,883,,,,,,,,,,,4,"Деятельность, способствующая выращиванию сельскохозяйственных культур и разведению животных и деятельность по обработке урожая",АКМОЛИНСКАЯ ОБЛАСТЬ,ЦЕЛИНОГРАДСКИЙ РАЙОН
18683351,"Деятельность, способствующая животноводству",true,,20000000,883,,,,,,,,,,,5,"Деятельность, способствующая животноводству",АКМОЛИНСКАЯ ОБЛАСТЬ,ЦЕЛИНОГРАДСКИЙ РАЙОН
447252,"Охота и отлов, включая предоставление услуг в этих областях",false,,,,,,,,118000,1031,4493000,994,x,957,3,"Растениеводство и животноводство, охота и предоставление услуг в этих областях",АКМОЛИНСКАЯ ОБЛАСТЬ,ЦЕЛИНОГРАДСКИЙ РАЙОН
447253,"Охота и отлов, включая предоставление услуг в этих областях",false,,,,,,,,118000,1031,4493000,994,x,957,4,"Охота и отлов, включая предоставление услуг в этих областях",АКМОЛИНСКАЯ ОБЛАСТЬ,ЦЕЛИНОГРАДСКИЙ РАЙОН
447254,"Охота и отлов, включая предоставление услуг в этих областях",true,,,,,,,,118000,1031,4493000,994,x,957,5,"Охота и отлов, включая предоставление услуг в этих областях",АКМОЛИНСКАЯ ОБЛАСТЬ,ЦЕЛИНОГРАДСКИЙ РАЙОН
447268,Рыболовство и рыбоводство,false,,,,,,,,,,,,x,957,2,"Сельское, лесное и рыбное хозяйство",АКМОЛИНСКАЯ ОБЛАСТЬ,ЦЕЛИНОГРАДСКИЙ РАЙОН
447274,Рыбоводство,false,,,,,,,,,,,,x,957,3,Рыболовство и рыбоводство,АКМОЛИНСКАЯ ОБЛАСТЬ,ЦЕЛИНОГРАДСКИЙ РАЙОН
447277,Пресноводное рыбоводство,false,,,,,,,,,,,,x,957,4,Рыбоводство,АКМОЛИНСКАЯ ОБЛАСТЬ,ЦЕЛИНОГРАДСКИЙ РАЙОН
447278,Пресноводное рыбоводство,true,,,,,,,,,,,,x,957,5,Пресноводное рыбоводство,АКМОЛИНСКАЯ ОБЛАСТЬ,ЦЕЛИНОГРАДСКИЙ РАЙОН
448148,Строительство,false,,208993000,883,x,920,46338000,846,,,,,,,1,Всего,АКМОЛИНСКАЯ ОБЛАСТЬ,ЦЕЛИНОГРАДСКИЙ РАЙОН
18710963,Строительство зданий,false,,x,883,,,277000,846,,,,,,,2,Строительство,АКМОЛИНСКАЯ ОБЛАСТЬ,ЦЕЛИНОГРАДСКИЙ РАЙОН
18710967,Строительство жилых и нежилых зданий,false,,x,883,,,277000,846,,,,,,,3,Строительство зданий,АКМОЛИНСКАЯ ОБЛАСТЬ,ЦЕЛИНОГРАДСКИЙ РАЙОН
18710968,Строительство жилых и нежилых зданий,false,,x,883,,,277000,846,,,,,,,4,Строительство жилых и нежилых зданий,АКМОЛИНСКАЯ ОБЛАСТЬ,ЦЕЛИНОГРАДСКИЙ РАЙОН
18710969,Строительство жилых зданий,true,,x,883,,,277000,846,,,,,,,5,Строительство жилых и нежилых зданий,АКМОЛИНСКАЯ ОБЛАСТЬ,ЦЕЛИНОГРАДСКИЙ РАЙОН
448157,Гражданское строительство,false,,,,,,46061000,846,,,,,,,2,Строительство,АКМОЛИНСКАЯ ОБЛАСТЬ,ЦЕЛИНОГРАДСКИЙ РАЙОН
448158,Строительство автомобильных и железных дорог,false,,,,,,x,846,,,,,,,3,Гражданское строительство,АКМОЛИНСКАЯ ОБЛАСТЬ,ЦЕЛИНОГРАДСКИЙ РАЙОН
18696143,Строительство автомобильных дорог,false,,,,,,x,846,,,,,,,4,Строительство автомобильных и железных дорог,АКМОЛИНСКАЯ ОБЛАСТЬ,ЦЕЛИНОГРАДСКИЙ РАЙОН
18946137,"Деятельность по организации строительства, реконструкции, ремонта, платного движения и содержания автомобильных дорог (участков) общего пользования международного и республиканского значения",true,,,,,,x,846,,,,,,,5,Строительство автомобильных дорог,АКМОЛИНСКАЯ ОБЛАСТЬ,ЦЕЛИНОГРАДСКИЙ РАЙОН
448165,Строительство распределительных инженерных сооружений,false,,,,,,6554000,846,,,,,,,3,Гражданское строительство,АКМОЛИНСКАЯ ОБЛАСТЬ,ЦЕЛИНОГРАДСКИЙ РАЙОН
448166,Строительство трубопроводов,false,,,,,,x,846,,,,,,,4,Строительство распределительных инженерных сооружений,АКМОЛИНСКАЯ ОБЛАСТЬ,ЦЕЛИНОГРАДСКИЙ РАЙОН
448169,Строительство прочих трубопроводов,true,,,,,,x,846,,,,,,,5,Строительство трубопроводов,АКМОЛИНСКАЯ ОБЛАСТЬ,ЦЕЛИНОГРАДСКИЙ РАЙОН
448170,Строительство линий электропередач и телекоммуникаций ,false,,,,,,x,846,,,,,,,4,Строительство распределительных инженерных сооружений,АКМОЛИНСКАЯ ОБЛАСТЬ,ЦЕЛИНОГРАДСКИЙ РАЙОН
448171,Строительство линий электропередач и телекоммуникаций ,true,,,,,,x,846,,,,,,,5,Строительство линий электропередач и телекоммуникаций ,АКМОЛИНСКАЯ ОБЛАСТЬ,ЦЕЛИНОГРАДСКИЙ РАЙОН
448177,Специализированные строительные работы,false,,x,883,x,920,,,,,,,,,2,Строительство,АКМОЛИНСКАЯ ОБЛАСТЬ,ЦЕЛИНОГРАДСКИЙ РАЙОН
448187,"Монтаж и установка электрического, водопроводного и прочего оборудования",false,,x,883,x,920,,,,,,,,,3,Специализированные строительные работы,АКМОЛИНСКАЯ ОБЛАСТЬ,ЦЕЛИНОГРАДСКИЙ РАЙОН
448192,Прочие строительно-монтажные работы,false,,x,883,x,920,,,,,,,,,4,"Монтаж и установка электрического, водопроводного и прочего оборудования",АКМОЛИНСКАЯ ОБЛАСТЬ,ЦЕЛИНОГРАДСКИЙ РАЙОН
448194,"Прочие строительно-монтажные работы, не включенные в другие группировки",true,,x,883,x,920,,,,,,,,,5,Прочие строительно-монтажные работы,АКМОЛИНСКАЯ ОБЛАСТЬ,ЦЕЛИНОГРАДСКИЙ РАЙОН
448215,Оптовая и розничная торговля; ремонт автомобилей и мотоциклов,false,,834467000,883,249526000,920,1350184000,846,818294000,1031,1265818000,994,697786000,957,1,Всего,АКМОЛИНСКАЯ ОБЛАСТЬ,ЦЕЛИНОГРАДСКИЙ РАЙОН
448216,Оптовая и розничная торговля автомобилями и мотоциклами и их ремонт,false,,25000000,883,,,630000000,846,130000000,1031,22556000,994,,,2,Оптовая и розничная торговля; ремонт автомобилей и мотоциклов,АКМОЛИНСКАЯ ОБЛАСТЬ,ЦЕЛИНОГРАДСКИЙ РАЙОН
448224,Техническое обслуживание и ремонт автомобилей,false,,25000000,883,,,630000000,846,130000000,1031,22556000,994,,,3,Оптовая и розничная торговля автомобилями и мотоциклами и их ремонт,АКМОЛИНСКАЯ ОБЛАСТЬ,ЦЕЛИНОГРАДСКИЙ РАЙОН
448225,Техническое обслуживание и ремонт автомобилей,false,,25000000,883,,,630000000,846,130000000,1031,22556000,994,,,4,Техническое обслуживание и ремонт автомобилей,АКМОЛИНСКАЯ ОБЛАСТЬ,ЦЕЛИНОГРАДСКИЙ РАЙОН
448226,Техобслуживание и ремонт автотранспортных средств,true,,,,,,630000000,846,,,,,,,5,Техническое обслуживание и ремонт автомобилей,АКМОЛИНСКАЯ ОБЛАСТЬ,ЦЕЛИНОГРАДСКИЙ РАЙОН
20575904,"Техническое обслуживание и ремонт автомобилей, за исключением произведенных станциями технического обслуживания, находящимися на придорожной полосе",true,,25000000,883,,,,,130000000,1031,22556000,994,,,5,Техническое обслуживание и ремонт автомобилей,АКМОЛИНСКАЯ ОБЛАСТЬ,ЦЕЛИНОГРАДСКИЙ РАЙОН
448237,"Оптовая торговля, за исключением торговли автомобилями и мотоциклами",false,,,,x,920,21491000,846,495147000,1031,7854000,994,46593000,957,2,Оптовая и розничная торговля; ремонт автомобилей и мотоциклов,АКМОЛИНСКАЯ ОБЛАСТЬ,ЦЕЛИНОГРАДСКИЙ РАЙОН
448257,Оптовая торговля сельскохозяйственным сырьем и живыми животными,false,,,,x,920,,,,,7854000,994,45233000,957,3,"Оптовая торговля, за исключением торговли автомобилями и мотоциклами",АКМОЛИНСКАЯ ОБЛАСТЬ,ЦЕЛИНОГРАДСКИЙ РАЙОН
448258,"Оптовая торговля зерном, необработанным табаком, семенами и кормами для животных",false,,,,x,920,,,,,7854000,994,45233000,957,4,Оптовая торговля сельскохозяйственным сырьем и живыми животными,АКМОЛИНСКАЯ ОБЛАСТЬ,ЦЕЛИНОГРАДСКИЙ РАЙОН
20575950,"Оптовая торговля зерном, семенами и кормами для животных",true,,,,x,920,,,,,7854000,994,45233000,957,5,"Оптовая торговля зерном, необработанным табаком, семенами и кормами для животных",АКМОЛИНСКАЯ ОБЛАСТЬ,ЦЕЛИНОГРАДСКИЙ РАЙОН
448267,"Оптовая торговля продуктами питания, напитками и табачными изделиями",false,,,,,,x,846,,,,,,,3,"Оптовая торговля, за исключением торговли автомобилями и мотоциклами",АКМОЛИНСКАЯ ОБЛАСТЬ,ЦЕЛИНОГРАДСКИЙ РАЙОН
448272,"Оптовая торговля молочными продуктами, яйцами и пищевыми маслами и жирами",false,,,,,,x,846,,,,,,,4,"Оптовая торговля продуктами питания, напитками и табачными изделиями",АКМОЛИНСКАЯ ОБЛАСТЬ,ЦЕЛИНОГРАДСКИЙ РАЙОН
448273,"Оптовая торговля молочными продуктами, яйцами и пищевыми маслами и жирами",true,,,,,,x,846,,,,,,,5,"Оптовая торговля молочными продуктами, яйцами и пищевыми маслами и жирами",АКМОЛИНСКАЯ ОБЛАСТЬ,ЦЕЛИНОГРАДСКИЙ РАЙОН
448287,Оптовая торговля непродовольственными товарами потребительского назначения,false,,,,,,,,x,1031,,,,,3,"Оптовая торговля, за исключением торговли автомобилями и мотоциклами",АКМОЛИНСКАЯ ОБЛАСТЬ,ЦЕЛИНОГРАДСКИЙ РАЙОН
448301,Оптовая торговля фармацевтическими товарами,false,,,,,,,,x,1031,,,,,4,Оптовая торговля непродовольственными товарами потребительского назначения,АКМОЛИНСКАЯ ОБЛАСТЬ,ЦЕЛИНОГРАДСКИЙ РАЙОН
18946138,"Оптовая торговля фармацевтическими товарами, кроме торговли медицинской техникой и ортопедическими  изделиями",true,,,,,,,,x,1031,,,,,5,Оптовая торговля фармацевтическими товарами,АКМОЛИНСКАЯ ОБЛАСТЬ,ЦЕЛИНОГРАДСКИЙ РАЙОН
448331,Прочая специализированная оптовая торговля ,false,,,,,,x,846,x,1031,,,x,957,3,"Оптовая торговля, за исключением торговли автомобилями и мотоциклами",АКМОЛИНСКАЯ ОБЛАСТЬ,ЦЕЛИНОГРАДСКИЙ РАЙОН
448332,"Оптовая торговля твердым, жидким и газообразным топливом и подобными продуктами",false,,,,,,x,846,,,,,,,4,Прочая специализированная оптовая торговля ,АКМОЛИНСКАЯ ОБЛАСТЬ,ЦЕЛИНОГРАДСКИЙ РАЙОН
448341,Оптовая торговля прочим топливом,true,,,,,,x,846,,,,,,,5,"Оптовая торговля твердым, жидким и газообразным топливом и подобными продуктами",АКМОЛИНСКАЯ ОБЛАСТЬ,ЦЕЛИНОГРАДСКИЙ РАЙОН
448356,"Оптовая торговля скобяными изделиями, водопроводным и отопительным оборудованием и  инвентарем",false,,,,,,,,x,1031,,,,,4,Прочая специализированная оптовая торговля ,АКМОЛИНСКАЯ ОБЛАСТЬ,ЦЕЛИНОГРАДСКИЙ РАЙОН
448357,"Оптовая торговля скобяными изделиями, водопроводным и отопительным оборудованием и  инвентарем",true,,,,,,,,x,1031,,,,,5,"Оптовая торговля скобяными изделиями, водопроводным и отопительным оборудованием и  инвентарем",АКМОЛИНСКАЯ ОБЛАСТЬ,ЦЕЛИНОГРАДСКИЙ РАЙОН
448358,Оптовая торговля химической продукцией,false,,,,,,,,,,,,x,957,4,Прочая специализированная оптовая торговля ,АКМОЛИНСКАЯ ОБЛАСТЬ,ЦЕЛИНОГРАДСКИЙ РАЙОН
448362,Оптовая торговля пестицидами и прочими агрохимическими продуктами,true,,,,,,,,,,,,x,957,5,Оптовая торговля химической продукцией,АКМОЛИНСКАЯ ОБЛАСТЬ,ЦЕЛИНОГРАДСКИЙ РАЙОН
448371,Неспециализированная оптовая торговля,false,,,,,,,,8305000,1031,,,x,957,3,"Оптовая торговля, за исключением торговли автомобилями и мотоциклами",АКМОЛИНСКАЯ ОБЛАСТЬ,ЦЕЛИНОГРАДСКИЙ РАЙОН
448372,Неспециализированная оптовая торговля,false,,,,,,,,8305000,1031,,,x,957,4,Неспециализированная оптовая торговля,АКМОЛИНСКАЯ ОБЛАСТЬ,ЦЕЛИНОГРАДСКИЙ РАЙОН
448376,Оптовая торговля широким ассортиментом товаров без какой-либо конкретизации,true,,,,,,,,8305000,1031,,,x,957,5,Неспециализированная оптовая торговля,АКМОЛИНСКАЯ ОБЛАСТЬ,ЦЕЛИНОГРАДСКИЙ РАЙОН
448377,"Розничная торговля, кроме торговли автомобилями и мотоциклами",false,,809467000,883,179686000,920,698693000,846,193147000,1031,1235408000,994,651193000,957,2,Оптовая и розничная торговля; ремонт автомобилей и мотоциклов,АКМОЛИНСКАЯ ОБЛАСТЬ,ЦЕЛИНОГРАДСКИЙ РАЙОН
448378,Розничная торговля в неспециализированных магазинах,false,,802369000,883,48000000,920,681693000,846,158500000,1031,648910000,994,448681000,957,3,"Розничная торговля, кроме торговли автомобилями и мотоциклами",АКМОЛИНСКАЯ ОБЛАСТЬ,ЦЕЛИНОГРАДСКИЙ РАЙОН
448379,"Розничная торговля в неспециализированных магазинах преимущественно продуктами питания, напитками и табачными изделиями",false,,62160000,883,48000000,920,616693000,846,123500000,1031,246703000,994,155742000,957,4,Розничная торговля в неспециализированных магазинах,АКМОЛИНСКАЯ ОБЛАСТЬ,ЦЕЛИНОГРАДСКИЙ РАЙОН
3647934,"Розничная торговля преимущественно продуктами питания, напитками и табачными изделиями в неспециализированных магазинах, являющихся торговыми объектами, с торговой площадью менее 2000 кв.м ",true,,62160000,883,48000000,920,108619000,846,123500000,1031,246703000,994,155742000,957,5,"Розничная торговля в неспециализированных магазинах преимущественно продуктами питания, напитками и табачными изделиями",АКМОЛИНСКАЯ ОБЛАСТЬ,ЦЕЛИНОГРАДСКИЙ РАЙОН
3647935,"Розничная торговля преимущественно продуктами питания, напитками и табачными изделиями, в неспециализированных магазинах, являющихся торговыми объектами, с торговой площадью более 2000 кв.м (2000 кв.м и выше)",true,,,,,,x,846,,,,,,,5,"Розничная торговля в неспециализированных магазинах преимущественно продуктами питания, напитками и табачными изделиями",АКМОЛИНСКАЯ ОБЛАСТЬ,ЦЕЛИНОГРАДСКИЙ РАЙОН
448381,Прочая розничная торговля в неспециализированных магазинах,false,,740209000,883,,,65000000,846,35000000,1031,402207000,994,292939000,957,4,Розничная торговля в неспециализированных магазинах,АКМОЛИНСКАЯ ОБЛАСТЬ,ЦЕЛИНОГРАДСКИЙ РАЙОН
3647936,"Прочая розничная торговля в неспециализированных магазинах, являющихся торговыми объектами, с торговой площадью менее 2000 кв.м ",true,,735209000,883,,,65000000,846,35000000,1031,402207000,994,95982000,957,5,Прочая розничная торговля в неспециализированных магазинах,АКМОЛИНСКАЯ ОБЛАСТЬ,ЦЕЛИНОГРАДСКИЙ РАЙОН
3647937,"Прочая розничная торговля в неспециализированных магазинах, являющихся торговыми объектами, с торговой площадью более 2000 кв.м (2000 кв.м и выше)",true,,5000000,883,,,,,,,,,x,957,5,Прочая розничная торговля в неспециализированных магазинах,АКМОЛИНСКАЯ ОБЛАСТЬ,ЦЕЛИНОГРАДСКИЙ РАЙОН
448383,"Розничная торговля продуктами питания, напитками и табачными изделиями в специализированных магазинах",false,,,,,,,,,,x,994,14000000,957,3,"Розничная торговля, кроме торговли автомобилями и мотоциклами",АКМОЛИНСКАЯ ОБЛАСТЬ,ЦЕЛИНОГРАДСКИЙ РАЙОН
448391,"Розничная торговля хлебобулочными, мучными и сахаристыми кондитерскими изделиями в специализированных магазинах",false,,,,,,,,,,x,994,,,4,"Розничная торговля продуктами питания, напитками и табачными изделиями в специализированных магазинах",АКМОЛИНСКАЯ ОБЛАСТЬ,ЦЕЛИНОГРАДСКИЙ РАЙОН
3647944,"Розничная торговля хлебобулочными, мучными и сахаристыми кондитерскими изделиями в специализированных магазинах, являющихся торговыми объектами, с торговой площадью менее 2000 кв.м",true,,,,,,,,,,x,994,,,5,"Розничная торговля хлебобулочными, мучными и сахаристыми кондитерскими изделиями в специализированных магазинах",АКМОЛИНСКАЯ ОБЛАСТЬ,ЦЕЛИНОГРАДСКИЙ РАЙОН
448393,Розничная торговля напитками в специализированных магазинах,false,,,,,,,,,,,,14000000,957,4,"Розничная торговля продуктами питания, напитками и табачными изделиями в специализированных магазинах",АКМОЛИНСКАЯ ОБЛАСТЬ,ЦЕЛИНОГРАДСКИЙ РАЙОН
3647946,"Розничная торговля напитками в специализированных магазинах, являющихся торговыми объектами, с торговой площадью менее 2000 кв.м",true,,,,,,,,,,,,14000000,957,5,Розничная торговля напитками в специализированных магазинах,АКМОЛИНСКАЯ ОБЛАСТЬ,ЦЕЛИНОГРАДСКИЙ РАЙОН
448399,Розничная торговля топливом в специализированных магазинах,false,,x,883,127586000,920,,,4647000,1031,223498000,994,136812000,957,3,"Розничная торговля, кроме торговли автомобилями и мотоциклами",АКМОЛИНСКАЯ ОБЛАСТЬ,ЦЕЛИНОГРАДСКИЙ РАЙОН
448400,Розничная торговля топливом в специализированных магазинах,false,,x,883,127586000,920,,,4647000,1031,223498000,994,136812000,957,4,Розничная торговля топливом в специализированных магазинах,АКМОЛИНСКАЯ ОБЛАСТЬ,ЦЕЛИНОГРАДСКИЙ РАЙОН
20576124,"Розничная торговля моторным топливом в специализированных магазинах, за исключением находящихся на придорожной полосе",true,,x,883,127586000,920,,,4647000,1031,223498000,994,136812000,957,5,Розничная торговля топливом в специализированных магазинах,АКМОЛИНСКАЯ ОБЛАСТЬ,ЦЕЛИНОГРАДСКИЙ РАЙОН
448409,Розничная торговля прочими бытовыми товарами в специализированных магазинах ,false,,,,,,12000000,846,,,335000000,994,30000000,957,3,"Розничная торговля, кроме торговли автомобилями и мотоциклами",АКМОЛИНСКАЯ ОБЛАСТЬ,ЦЕЛИНОГРАДСКИЙ РАЙОН
448412,"Розничная торговля скобяными изделиями, лакокрасочными материалами и стеклом в специализированных магазинах",false,,,,,,12000000,846,,,335000000,994,30000000,957,4,Розничная торговля прочими бытовыми товарами в специализированных магазинах ,АКМОЛИНСКАЯ ОБЛАСТЬ,ЦЕЛИНОГРАДСКИЙ РАЙОН
18946140,"Розничная торговля скобяными изделиями, лакокрасочными материалами и стеклом в специализированных магазинах, являющихся торговыми объектами, с торговой площадью менее 2000 кв.м",true,,,,,,12000000,846,,,335000000,994,30000000,957,5,"Розничная торговля скобяными изделиями, лакокрасочными материалами и стеклом в специализированных магазинах",АКМОЛИНСКАЯ ОБЛАСТЬ,ЦЕЛИНОГРАДСКИЙ РАЙОН
448433,Розничная торговля прочими товарами в специализированных магазинах,false,,3000000,883,4100000,920,5000000,846,30000000,1031,,,21700000,957,3,"Розничная торговля, кроме торговли автомобилями и мотоциклами",АКМОЛИНСКАЯ ОБЛАСТЬ,ЦЕЛИНОГРАДСКИЙ РАЙОН
448440,Розничная торговля фармацевтическими товарами в специализированных магазинах,false,,3000000,883,4100000,920,5000000,846,30000000,1031,,,5700000,957,4,Розничная торговля прочими товарами в специализированных магазинах,АКМОЛИНСКАЯ ОБЛАСТЬ,ЦЕЛИНОГРАДСКИЙ РАЙОН
3647981,"Розничная торговля фармацевтическими товарами в специализированных магазинах, являющихся торговыми объектами, с торговой площадью менее 2000 кв.м",true,,3000000,883,4100000,920,5000000,846,30000000,1031,,,5700000,957,5,Розничная торговля фармацевтическими товарами в специализированных магазинах,АКМОЛИНСКАЯ ОБЛАСТЬ,ЦЕЛИНОГРАДСКИЙ РАЙОН
448452,Прочая розничная торговля новыми товарами в специализированных магазинах,false,,,,,,,,,,,,16000000,957,4,Розничная торговля прочими товарами в специализированных магазинах,АКМОЛИНСКАЯ ОБЛАСТЬ,ЦЕЛИНОГРАДСКИЙ РАЙОН
448455,"Прочая розничная торговля в специализированных магазинах, являющихся торговыми объектами, с торговой площадью менее 2000 кв.м",true,,,,,,,,,,,,16000000,957,5,Прочая розничная торговля новыми товарами в специализированных магазинах,АКМОЛИНСКАЯ ОБЛАСТЬ,ЦЕЛИНОГРАДСКИЙ РАЙОН
448475,Транспорт и складирование,false,,7015799000,883,8769147000,920,4759883000,846,19547512000,1031,19610932000,994,14752859000,957,1,Всего,АКМОЛИНСКАЯ ОБЛАСТЬ,ЦЕЛИНОГРАДСКИЙ РАЙОН
448476,Деятельность сухопутного и трубопроводного транспорта ,false,,,,,,,,111162000,1031,,,,,2,Транспорт и складирование,АКМОЛИНСКАЯ ОБЛАСТЬ,ЦЕЛИНОГРАДСКИЙ РАЙОН
448494,Деятельность грузового автомобильного транспорта и предоставление услуг по переезду ,false,,,,,,,,111162000,1031,,,,,3,Деятельность сухопутного и трубопроводного транспорта ,АКМОЛИНСКАЯ ОБЛАСТЬ,ЦЕЛИНОГРАДСКИЙ РАЙОН
448495,Деятельность грузового автомобильного транспорта,false,,,,,,,,111162000,1031,,,,,4,Деятельность грузового автомобильного транспорта и предоставление услуг по переезду ,АКМОЛИНСКАЯ ОБЛАСТЬ,ЦЕЛИНОГРАДСКИЙ РАЙОН
448496,Деятельность грузового автомобильного транспорта,true,,,,,,,,111162000,1031,,,,,5,Деятельность грузового автомобильного транспорта,АКМОЛИНСКАЯ ОБЛАСТЬ,ЦЕЛИНОГРАДСКИЙ РАЙОН
448527,Складирование грузов и вспомогательная транспортная деятельность,false,,7015799000,883,8769147000,920,4759883000,846,19436350000,1031,19610932000,994,14752859000,957,2,Транспорт и складирование,АКМОЛИНСКАЯ ОБЛАСТЬ,ЦЕЛИНОГРАДСКИЙ РАЙОН
448528,Складирование и хранение грузов,false,,613595000,883,1190545000,920,68800000,846,202258000,1031,1045750000,994,412664000,957,3,Складирование грузов и вспомогательная транспортная деятельность,АКМОЛИНСКАЯ ОБЛАСТЬ,ЦЕЛИНОГРАДСКИЙ РАЙОН
448529,Складирование и хранение грузов,false,,613595000,883,1190545000,920,68800000,846,202258000,1031,1045750000,994,412664000,957,4,Складирование и хранение грузов,АКМОЛИНСКАЯ ОБЛАСТЬ,ЦЕЛИНОГРАДСКИЙ РАЙОН
448530,Складирование и хранение зерна,true,,79464000,883,1169341000,920,68800000,846,89618000,1031,872988000,994,x,957,5,Складирование и хранение грузов,АКМОЛИНСКАЯ ОБЛАСТЬ,ЦЕЛИНОГРАДСКИЙ РАЙОН
448531,"Складирование и хранение непродовольственных товаров, кроме зерна и нефти",true,,x,883,x,920,,,,,71762000,994,223069000,957,5,Складирование и хранение грузов,АКМОЛИНСКАЯ ОБЛАСТЬ,ЦЕЛИНОГРАДСКИЙ РАЙОН
20576307,"Складирование и хранение продовольственных товаров, кроме овощей и фруктов",true,,,,,,,,,,26000000,994,,,5,Складирование и хранение грузов,АКМОЛИНСКАЯ ОБЛАСТЬ,ЦЕЛИНОГРАДСКИЙ РАЙОН
20576309,Складирование и хранение овощей и фруктов,true,,45000000,883,,,,,,,75000000,994,x,957,5,Складирование и хранение грузов,АКМОЛИНСКАЯ ОБЛАСТЬ,ЦЕЛИНОГРАДСКИЙ РАЙОН
448533,Вспомогательная транспортная деятельность,false,,6402204000,883,7578602000,920,4691083000,846,19234092000,1031,18565182000,994,14340195000,957,3,Складирование грузов и вспомогательная транспортная деятельность,АКМОЛИНСКАЯ ОБЛАСТЬ,ЦЕЛИНОГРАДСКИЙ РАЙОН
448534,Вспомогательная деятельность сухопутного транспорта,false,,6402134000,883,7578602000,920,4689499000,846,19234092000,1031,18565182000,994,14340195000,957,4,Вспомогательная транспортная деятельность,АКМОЛИНСКАЯ ОБЛАСТЬ,ЦЕЛИНОГРАДСКИЙ РАЙОН
448535,Эксплуатация железных дорог,true,,,,,,,,,,,,x,957,5,Вспомогательная деятельность сухопутного транспорта,АКМОЛИНСКАЯ ОБЛАСТЬ,ЦЕЛИНОГРАДСКИЙ РАЙОН
448536,Эксплуатация автомобильных дорог,true,,6397134000,883,7578602000,920,4689499000,846,19194092000,1031,18554184000,994,14277427000,957,5,Вспомогательная деятельность сухопутного транспорта,АКМОЛИНСКАЯ ОБЛАСТЬ,ЦЕЛИНОГРАДСКИЙ РАЙОН
448538,Деятельность автомобильных стоянок,true,,5000000,883,,,,,40000000,1031,10998000,994,,,5,Вспомогательная деятельность сухопутного транспорта,АКМОЛИНСКАЯ ОБЛАСТЬ,ЦЕЛИНОГРАДСКИЙ РАЙОН
448547,Прочая вспомогательная транспортная деятельность,false,,x,883,,,1584000,846,,,,,,,4,Вспомогательная транспортная деятельность,АКМОЛИНСКАЯ ОБЛАСТЬ,ЦЕЛИНОГРАДСКИЙ РАЙОН
448548,Транспортно-экспедиционные  услуги,true,,x,883,,,1584000,846,,,,,,,5,Прочая вспомогательная транспортная деятельность,АКМОЛИНСКАЯ ОБЛАСТЬ,ЦЕЛИНОГРАДСКИЙ РАЙОН
448558,Предоставление услуг по проживанию и питанию,false,,369305000,883,83000000,920,1659917000,846,443493000,1031,418840000,994,578994000,957,1,Всего,АКМОЛИНСКАЯ ОБЛАСТЬ,ЦЕЛИНОГРАДСКИЙ РАЙОН
3783427,Предоставление услуг по временному проживанию,false,,50000000,883,,,1319664000,846,441980000,1031,131086000,994,488640000,957,2,Предоставление услуг по проживанию и питанию,АКМОЛИНСКАЯ ОБЛАСТЬ,ЦЕЛИНОГРАДСКИЙ РАЙОН
3783428,Предоставление услуг гостиницами и аналогичными местами для проживания,false,,,,,,74354000,846,72000000,1031,,,x,957,3,Предоставление услуг по временному проживанию,АКМОЛИНСКАЯ ОБЛАСТЬ,ЦЕЛИНОГРАДСКИЙ РАЙОН
3783429,Предоставление услуг гостиницами и аналогичными местами для проживания,false,,,,,,74354000,846,72000000,1031,,,x,957,4,Предоставление услуг гостиницами и аналогичными местами для проживания,АКМОЛИНСКАЯ ОБЛАСТЬ,ЦЕЛИНОГРАДСКИЙ РАЙОН
3783430,"Предоставление услуг гостиницами с ресторанами, за исключением гостиниц, находящихся на придорожной полосе",true,,,,,,62583000,846,,,,,,,5,Предоставление услуг гостиницами и аналогичными местами для проживания,АКМОЛИНСКАЯ ОБЛАСТЬ,ЦЕЛИНОГРАДСКИЙ РАЙОН
3783431,"Предоставление услуг гостиницами без ресторанов, за исключением гостиниц, находящихся на придорожной полосе",true,,,,,,11771000,846,,,,,x,957,5,Предоставление услуг гостиницами и аналогичными местами для проживания,АКМОЛИНСКАЯ ОБЛАСТЬ,ЦЕЛИНОГРАДСКИЙ РАЙОН
18946144,Предоставление гостиничных услуг с ресторанами для официальных мероприятий,true,,,,,,,,72000000,1031,,,,,5,Предоставление услуг гостиницами и аналогичными местами для проживания,АКМОЛИНСКАЯ ОБЛАСТЬ,ЦЕЛИНОГРАДСКИЙ РАЙОН
3783432,Предоставление жилья на выходные дни и прочие периоды краткосрочного проживания,false,,50000000,883,,,1140660000,846,307813000,1031,x,994,,,3,Предоставление услуг по временному проживанию,АКМОЛИНСКАЯ ОБЛАСТЬ,ЦЕЛИНОГРАДСКИЙ РАЙОН
3783433,Предоставление жилья на выходные дни и прочие периоды краткосрочного проживания,false,,50000000,883,,,1140660000,846,307813000,1031,x,994,,,4,Предоставление жилья на выходные дни и прочие периоды краткосрочного проживания,АКМОЛИНСКАЯ ОБЛАСТЬ,ЦЕЛИНОГРАДСКИЙ РАЙОН
3783434,Предоставление жилья на выходные дни и прочие периоды краткосрочного проживания,true,,50000000,883,,,1140660000,846,307813000,1031,x,994,,,5,Предоставление жилья на выходные дни и прочие периоды краткосрочного проживания,АКМОЛИНСКАЯ ОБЛАСТЬ,ЦЕЛИНОГРАДСКИЙ РАЙОН
3783441,Предоставление услуг прочими местами для проживания,false,,,,,,104650000,846,x,1031,x,994,113586000,957,3,Предоставление услуг по временному проживанию,АКМОЛИНСКАЯ ОБЛАСТЬ,ЦЕЛИНОГРАДСКИЙ РАЙОН
3783442,Предоставление услуг прочими местами для проживания,false,,,,,,104650000,846,x,1031,x,994,113586000,957,4,Предоставление услуг прочими местами для проживания,АКМОЛИНСКАЯ ОБЛАСТЬ,ЦЕЛИНОГРАДСКИЙ РАЙОН
3783443,Услуги в других видах жилья,true,,,,,,104650000,846,,,,,,,5,Предоставление услуг прочими местами для проживания,АКМОЛИНСКАЯ ОБЛАСТЬ,ЦЕЛИНОГРАДСКИЙ РАЙОН
20576357,"Предоставление услуг прочими местами для проживания, не включенными в другие категории",true,,,,,,,,x,1031,x,994,113586000,957,5,Предоставление услуг прочими местами для проживания,АКМОЛИНСКАЯ ОБЛАСТЬ,ЦЕЛИНОГРАДСКИЙ РАЙОН
448573,Предоставление услуг по обеспечению питанием и напитками,false,,319305000,883,83000000,920,340253000,846,1513000,1031,287754000,994,90354000,957,2,Предоставление услуг по проживанию и питанию,АКМОЛИНСКАЯ ОБЛАСТЬ,ЦЕЛИНОГРАДСКИЙ РАЙОН
448574,Деятельность ресторанов и предоставление услуг по доставке продуктов питания,false,,319305000,883,83000000,920,337400000,846,1513000,1031,287754000,994,73000000,957,3,Предоставление услуг по обеспечению питанием и напитками,АКМОЛИНСКАЯ ОБЛАСТЬ,ЦЕЛИНОГРАДСКИЙ РАЙОН
448575,Деятельность ресторанов и предоставление услуг по доставке продуктов питания,false,,319305000,883,83000000,920,337400000,846,1513000,1031,287754000,994,73000000,957,4,Деятельность ресторанов и предоставление услуг по доставке продуктов питания,АКМОЛИНСКАЯ ОБЛАСТЬ,ЦЕЛИНОГРАДСКИЙ РАЙОН
448576,Рестораны и услуги по доставке продуктов питания,true,,,,,,337400000,846,,,,,,,5,Деятельность ресторанов и предоставление услуг по доставке продуктов питания,АКМОЛИНСКАЯ ОБЛАСТЬ,ЦЕЛИНОГРАДСКИЙ РАЙОН
20576362,"Деятельность ресторанов и предоставление услуг по доставке продуктов питания, за исключением деятельности объектов, находящихся на придорожной полосе",true,,170305000,883,25000000,920,,,,,287754000,994,30000000,957,5,Деятельность ресторанов и предоставление услуг по доставке продуктов питания,АКМОЛИНСКАЯ ОБЛАСТЬ,ЦЕЛИНОГРАДСКИЙ РАЙОН
20576361,"Деятельность ресторанов и предоставление услуг по доставке продуктов питания объектами, находящимися на придорожной полосе",true,,149000000,883,58000000,920,,,1513000,1031,,,43000000,957,5,Деятельность ресторанов и предоставление услуг по доставке продуктов питания,АКМОЛИНСКАЯ ОБЛАСТЬ,ЦЕЛИНОГРАДСКИЙ РАЙОН
448577,Доставка готовой пищи на заказ и прочая деятельность по обеспечению питанием,false,,,,,,2853000,846,,,,,x,957,3,Предоставление услуг по обеспечению питанием и напитками,АКМОЛИНСКАЯ ОБЛАСТЬ,ЦЕЛИНОГРАДСКИЙ РАЙОН
448580,Прочая деятельность по обеспечению питанием,false,,,,,,2853000,846,,,,,x,957,4,Доставка готовой пищи на заказ и прочая деятельность по обеспечению питанием,АКМОЛИНСКАЯ ОБЛАСТЬ,ЦЕЛИНОГРАДСКИЙ РАЙОН
18951446,"Прочая деятельность по обеспечению питанием, не включенная в другие группировки",true,,,,,,2853000,846,,,,,x,957,5,Прочая деятельность по обеспечению питанием,АКМОЛИНСКАЯ ОБЛАСТЬ,ЦЕЛИНОГРАДСКИЙ РАЙОН
448585,Информация и связь,false,,4463000,883,x,920,38436000,846,91297000,1031,4068000,994,21687000,957,1,Всего,АКМОЛИНСКАЯ ОБЛАСТЬ,ЦЕЛИНОГРАДСКИЙ РАЙОН
448623,Телекоммуникации,false,,2933000,883,x,920,12562000,846,,,4068000,994,21687000,957,2,Информация и связь,АКМОЛИНСКАЯ ОБЛАСТЬ,ЦЕЛИНОГРАДСКИЙ РАЙОН
18696628,Проводная телекоммуникационная связь,false,,,,,,7320000,846,,,,,,,3,Телекоммуникации,АКМОЛИНСКАЯ ОБЛАСТЬ,ЦЕЛИНОГРАДСКИЙ РАЙОН
18696629,Проводная телекоммуникационная связь,false,,,,,,7320000,846,,,,,,,4,Проводная телекоммуникационная связь,АКМОЛИНСКАЯ ОБЛАСТЬ,ЦЕЛИНОГРАДСКИЙ РАЙОН
18946146,Прочая проводная телекоммуникационная связь,true,,,,,,7320000,846,,,,,,,5,Проводная телекоммуникационная связь,АКМОЛИНСКАЯ ОБЛАСТЬ,ЦЕЛИНОГРАДСКИЙ РАЙОН
448627,Беспроводная телекоммуникационная связь,false,,2933000,883,x,920,5242000,846,,,4068000,994,21687000,957,3,Телекоммуникации,АКМОЛИНСКАЯ ОБЛАСТЬ,ЦЕЛИНОГРАДСКИЙ РАЙОН
448628,Беспроводная телекоммуникационная связь,false,,2933000,883,x,920,5242000,846,,,4068000,994,21687000,957,4,Беспроводная телекоммуникационная связь,АКМОЛИНСКАЯ ОБЛАСТЬ,ЦЕЛИНОГРАДСКИЙ РАЙОН
18946147,Беспроводная телекоммуникационная связь посредством единой транспортной среды,true,,,,x,920,,,,,,,15769000,957,5,Беспроводная телекоммуникационная связь,АКМОЛИНСКАЯ ОБЛАСТЬ,ЦЕЛИНОГРАДСКИЙ РАЙОН
18946149,Прочая беспроводная телекоммуникационная связь,true,,2933000,883,,,5242000,846,,,4068000,994,5918000,957,5,Беспроводная телекоммуникационная связь,АКМОЛИНСКАЯ ОБЛАСТЬ,ЦЕЛИНОГРАДСКИЙ РАЙОН
448636,"Компьютерное программирование, консультационные и другие сопутствующие услуги",false,,x,883,,,25874000,846,91297000,1031,,,,,2,Информация и связь,АКМОЛИНСКАЯ ОБЛАСТЬ,ЦЕЛИНОГРАДСКИЙ РАЙОН
448637,"Компьютерное программирование, консультационные и другие сопутствующие услуги",false,,x,883,,,25874000,846,91297000,1031,,,,,3,"Компьютерное программирование, консультационные и другие сопутствующие услуги",АКМОЛИНСКАЯ ОБЛАСТЬ,ЦЕЛИНОГРАДСКИЙ РАЙОН
448638,Деятельность в области компьютерного программирования,false,,,,,,25874000,846,91297000,1031,,,,,4,"Компьютерное программирование, консультационные и другие сопутствующие услуги",АКМОЛИНСКАЯ ОБЛАСТЬ,ЦЕЛИНОГРАДСКИЙ РАЙОН
448640,Сопровождение программного обеспечения,true,,,,,,25874000,846,91297000,1031,,,,,5,Деятельность в области компьютерного программирования,АКМОЛИНСКАЯ ОБЛАСТЬ,ЦЕЛИНОГРАДСКИЙ РАЙОН
448645,Другие виды деятельности в области информационных технологий и информационных систем,false,,x,883,,,,,,,,,,,4,"Компьютерное программирование, консультационные и другие сопутствующие услуги",АКМОЛИНСКАЯ ОБЛАСТЬ,ЦЕЛИНОГРАДСКИЙ РАЙОН
20576432,"Другие виды деятельности в области информационных технологий и информационных систем, не включенные в другие группировки",true,,x,883,,,,,,,,,,,5,Другие виды деятельности в области информационных технологий и информационных систем,АКМОЛИНСКАЯ ОБЛАСТЬ,ЦЕЛИНОГРАДСКИЙ РАЙОН
448714,Операции с недвижимым имуществом,false,,32753383000,883,23346298000,920,29566550000,846,25398090000,1031,28680465000,994,21676511000,957,1,Всего,АКМОЛИНСКАЯ ОБЛАСТЬ,ЦЕЛИНОГРАДСКИЙ РАЙОН
448715,Операции с недвижимым имуществом,false,,32753383000,883,23346298000,920,29566550000,846,25398090000,1031,28680465000,994,21676511000,957,2,Операции с недвижимым имуществом,АКМОЛИНСКАЯ ОБЛАСТЬ,ЦЕЛИНОГРАДСКИЙ РАЙОН
448716,Покупка и продажа собственного недвижимого имущества ,false,,32744836000,883,23346298000,920,29564292000,846,25325800000,1031,28675465000,994,21676511000,957,3,Операции с недвижимым имуществом,АКМОЛИНСКАЯ ОБЛАСТЬ,ЦЕЛИНОГРАДСКИЙ РАЙОН
448717,Покупка и продажа собственного недвижимого имущества ,false,,32744836000,883,23346298000,920,29564292000,846,25325800000,1031,28675465000,994,21676511000,957,4,Покупка и продажа собственного недвижимого имущества ,АКМОЛИНСКАЯ ОБЛАСТЬ,ЦЕЛИНОГРАДСКИЙ РАЙОН
543091,Покупка и продажа многоквартирных и жилых домов (особняков),true,,32628157000,883,23340298000,920,29564292000,846,25275800000,1031,28602665000,994,21665378000,957,5,Покупка и продажа собственного недвижимого имущества ,АКМОЛИНСКАЯ ОБЛАСТЬ,ЦЕЛИНОГРАДСКИЙ РАЙОН
543092,Покупка и продажа прочей недвижимости,true,,116679000,883,6000000,920,,,50000000,1031,72800000,994,x,957,5,Покупка и продажа собственного недвижимого имущества ,АКМОЛИНСКАЯ ОБЛАСТЬ,ЦЕЛИНОГРАДСКИЙ РАЙОН
448719,Аренда и управление собственной или арендуемой недвижимостью,false,,x,883,,,,,72290000,1031,5000000,994,,,3,Операции с недвижимым имуществом,АКМОЛИНСКАЯ ОБЛАСТЬ,ЦЕЛИНОГРАДСКИЙ РАЙОН
448720,Аренда и управление собственной или арендуемой недвижимостью,false,,x,883,,,,,72290000,1031,5000000,994,,,4,Аренда и управление собственной или арендуемой недвижимостью,АКМОЛИНСКАЯ ОБЛАСТЬ,ЦЕЛИНОГРАДСКИЙ РАЙОН
18946171,Аренда и управление собственной недвижимостью,true,,,,,,,,,,5000000,994,,,5,Аренда и управление собственной или арендуемой недвижимостью,АКМОЛИНСКАЯ ОБЛАСТЬ,ЦЕЛИНОГРАДСКИЙ РАЙОН
18951452,Аренда и эксплуатация торгового рынка,true,,x,883,,,,,,,,,,,5,Аренда и управление собственной или арендуемой недвижимостью,АКМОЛИНСКАЯ ОБЛАСТЬ,ЦЕЛИНОГРАДСКИЙ РАЙОН
448722,Операции с недвижимым имуществом за вознаграждение или на договорной основе,false,,x,883,,,x,846,,,,,,,3,Операции с недвижимым имуществом,АКМОЛИНСКАЯ ОБЛАСТЬ,ЦЕЛИНОГРАДСКИЙ РАЙОН
448726,Управление недвижимым имуществом за вознаграждение или на договорной основе,false,,x,883,,,x,846,,,,,,,4,Операции с недвижимым имуществом за вознаграждение или на договорной основе,АКМОЛИНСКАЯ ОБЛАСТЬ,ЦЕЛИНОГРАДСКИЙ РАЙОН
18946173,Управление недвижимостью за вознаграждение или на договорной основе,true,,x,883,,,x,846,,,,,,,5,Управление недвижимым имуществом за вознаграждение или на договорной основе,АКМОЛИНСКАЯ ОБЛАСТЬ,ЦЕЛИНОГРАДСКИЙ РАЙОН
448728,"Профессиональная, научная и техническая деятельность",false,,6436000,883,x,920,x,846,x,1031,152000,994,x,957,1,Всего,АКМОЛИНСКАЯ ОБЛАСТЬ,ЦЕЛИНОГРАДСКИЙ РАЙОН
448738,Деятельность головных компаний; консультирование по вопросам управления ,false,,6436000,883,x,920,x,846,x,1031,152000,994,x,957,2,"Профессиональная, научная и техническая деятельность",АКМОЛИНСКАЯ ОБЛАСТЬ,ЦЕЛИНОГРАДСКИЙ РАЙОН
448742,Деятельность по консультированию по вопросам управления,false,,6436000,883,x,920,x,846,x,1031,152000,994,x,957,3,Деятельность головных компаний; консультирование по вопросам управления ,АКМОЛИНСКАЯ ОБЛАСТЬ,ЦЕЛИНОГРАДСКИЙ РАЙОН
448745,Консультирование по вопросам коммерческой деятельности и прочее консультирование по вопросам управления,false,,6436000,883,x,920,x,846,x,1031,152000,994,x,957,4,Деятельность по консультированию по вопросам управления,АКМОЛИНСКАЯ ОБЛАСТЬ,ЦЕЛИНОГРАДСКИЙ РАЙОН
18946177,Консультирование по вопросам коммерческой деятельности и управления,true,,6436000,883,x,920,x,846,x,1031,152000,994,x,957,5,Консультирование по вопросам коммерческой деятельности и прочее консультирование по вопросам управления,АКМОЛИНСКАЯ ОБЛАСТЬ,ЦЕЛИНОГРАДСКИЙ РАЙОН
448797,Деятельность в области административного и вспомогательного обслуживания,false,,,,21196000,920,,,,,,,,,1,Всего,АКМОЛИНСКАЯ ОБЛАСТЬ,ЦЕЛИНОГРАДСКИЙ РАЙОН
448856,Деятельность по обслуживанию зданий и благоустройству территорий,false,,,,21196000,920,,,,,,,,,2,Деятельность в области административного и вспомогательного обслуживания,АКМОЛИНСКАЯ ОБЛАСТЬ,ЦЕЛИНОГРАДСКИЙ РАЙОН
448867,Деятельность по благоустройству территорий,false,,,,21196000,920,,,,,,,,,3,Деятельность по обслуживанию зданий и благоустройству территорий,АКМОЛИНСКАЯ ОБЛАСТЬ,ЦЕЛИНОГРАДСКИЙ РАЙОН
448868,Деятельность по благоустройству территорий,false,,,,21196000,920,,,,,,,,,4,Деятельность по благоустройству территорий,АКМОЛИНСКАЯ ОБЛАСТЬ,ЦЕЛИНОГРАДСКИЙ РАЙОН
448869,Деятельность по благоустройству территорий,true,,,,21196000,920,,,,,,,,,5,Деятельность по благоустройству территорий,АКМОЛИНСКАЯ ОБЛАСТЬ,ЦЕЛИНОГРАДСКИЙ РАЙОН
448889,Государственное управление и оборона; обязательное  социальное обеспечение,false,,,,465924000,920,,,,,46734000,994,58484000,957,1,Всего,АКМОЛИНСКАЯ ОБЛАСТЬ,ЦЕЛИНОГРАДСКИЙ РАЙОН
448890,Государственное управление и оборона; обязательное социальное обеспечение,false,,,,465924000,920,,,,,46734000,994,58484000,957,2,Государственное управление и оборона; обязательное  социальное обеспечение,АКМОЛИНСКАЯ ОБЛАСТЬ,ЦЕЛИНОГРАДСКИЙ РАЙОН
448891,Государственное управление общего характера и управление социально-экономическое политикой общества,false,,,,465924000,920,,,,,44642000,994,58484000,957,3,Государственное управление и оборона; обязательное социальное обеспечение,АКМОЛИНСКАЯ ОБЛАСТЬ,ЦЕЛИНОГРАДСКИЙ РАЙОН
448892,Государственное управление общего характера,false,,,,465924000,920,,,,,44642000,994,58484000,957,4,Государственное управление общего характера и управление социально-экономическое политикой общества,АКМОЛИНСКАЯ ОБЛАСТЬ,ЦЕЛИНОГРАДСКИЙ РАЙОН
448894,Деятельность региональных органов управления,true,,,,190031000,920,,,,,44642000,994,58484000,957,5,Государственное управление общего характера,АКМОЛИНСКАЯ ОБЛАСТЬ,ЦЕЛИНОГРАДСКИЙ РАЙОН
448895,Деятельность местных органов управления,true,,,,275893000,920,,,,,,,,,5,Государственное управление общего характера,АКМОЛИНСКАЯ ОБЛАСТЬ,ЦЕЛИНОГРАДСКИЙ РАЙОН
448904,Предоставление государством услуг обществу в целом,false,,,,,,,,,,2092000,994,,,3,Государственное управление и оборона; обязательное социальное обеспечение,АКМОЛИНСКАЯ ОБЛАСТЬ,ЦЕЛИНОГРАДСКИЙ РАЙОН
448913,Деятельность по обеспечению безопасности в чрезвычайных ситуациях,false,,,,,,,,,,2092000,994,,,4,Предоставление государством услуг обществу в целом,АКМОЛИНСКАЯ ОБЛАСТЬ,ЦЕЛИНОГРАДСКИЙ РАЙОН
448914,Деятельность по обеспечению безопасности в чрезвычайных ситуациях,true,,,,,,,,,,2092000,994,,,5,Деятельность по обеспечению безопасности в чрезвычайных ситуациях,АКМОЛИНСКАЯ ОБЛАСТЬ,ЦЕЛИНОГРАДСКИЙ РАЙОН
448918,Образование,false,,2388189000,883,3309883000,920,3759240000,846,35586935000,1031,2697222000,994,1679816000,957,1,Всего,АКМОЛИНСКАЯ ОБЛАСТЬ,ЦЕЛИНОГРАДСКИЙ РАЙОН
448919,Образование,false,,2388189000,883,3309883000,920,3759240000,846,35586935000,1031,2697222000,994,1679816000,957,2,Образование,АКМОЛИНСКАЯ ОБЛАСТЬ,ЦЕЛИНОГРАДСКИЙ РАЙОН
448920,Дошкольное образование,false,,356721000,883,1090763000,920,90944000,846,265000,1031,104505000,994,834055000,957,3,Образование,АКМОЛИНСКАЯ ОБЛАСТЬ,ЦЕЛИНОГРАДСКИЙ РАЙОН
448921,Дошкольное образование,false,,356721000,883,1090763000,920,90944000,846,265000,1031,104505000,994,834055000,957,4,Дошкольное образование,АКМОЛИНСКАЯ ОБЛАСТЬ,ЦЕЛИНОГРАДСКИЙ РАЙОН
448922,Дошкольное образование,true,,356721000,883,1090763000,920,90944000,846,265000,1031,104505000,994,834055000,957,5,Дошкольное образование,АКМОЛИНСКАЯ ОБЛАСТЬ,ЦЕЛИНОГРАДСКИЙ РАЙОН
448926,Среднее образование (2-й и 3-й уровни),false,,2031468000,883,2219120000,920,3668296000,846,35566670000,1031,2567717000,994,845761000,957,3,Образование,АКМОЛИНСКАЯ ОБЛАСТЬ,ЦЕЛИНОГРАДСКИЙ РАЙОН
448927,Основное и общее среднее образование,false,,2031468000,883,2219120000,920,3668296000,846,35566670000,1031,2567717000,994,845761000,957,4,Среднее образование (2-й и 3-й уровни),АКМОЛИНСКАЯ ОБЛАСТЬ,ЦЕЛИНОГРАДСКИЙ РАЙОН
448928,Основное и общее среднее образование,true,,2031468000,883,2219120000,920,3668296000,846,35566670000,1031,2567717000,994,845761000,957,5,Основное и общее среднее образование,АКМОЛИНСКАЯ ОБЛАСТЬ,ЦЕЛИНОГРАДСКИЙ РАЙОН
448937,Прочие виды образования,false,,,,,,,,20000000,1031,25000000,994,,,3,Образование,АКМОЛИНСКАЯ ОБЛАСТЬ,ЦЕЛИНОГРАДСКИЙ РАЙОН
448944,"Прочие виды образования, не включенные в другие группировки",false,,,,,,,,20000000,1031,25000000,994,,,4,Прочие виды образования,АКМОЛИНСКАЯ ОБЛАСТЬ,ЦЕЛИНОГРАДСКИЙ РАЙОН
448946,"Прочая деятельность в области образования, не включенная в другие группировки",true,,,,,,,,20000000,1031,25000000,994,,,5,"Прочие виды образования, не включенные в другие группировки",АКМОЛИНСКАЯ ОБЛАСТЬ,ЦЕЛИНОГРАДСКИЙ РАЙОН
448950,Здравоохранение и социальное обслуживание населения,false,,809637000,883,1029568000,920,779463000,846,3299015000,1031,285759000,994,346554000,957,1,Всего,АКМОЛИНСКАЯ ОБЛАСТЬ,ЦЕЛИНОГРАДСКИЙ РАЙОН
448951,Деятельность в области здравоохранения,false,,809637000,883,1029568000,920,779463000,846,3299015000,1031,285759000,994,346554000,957,2,Здравоохранение и социальное обслуживание населения,АКМОЛИНСКАЯ ОБЛАСТЬ,ЦЕЛИНОГРАДСКИЙ РАЙОН
448952,Деятельность больничных организаций,false,,,,,,8165000,846,,,,,,,3,Деятельность в области здравоохранения,АКМОЛИНСКАЯ ОБЛАСТЬ,ЦЕЛИНОГРАДСКИЙ РАЙОН
448953,Деятельность больничных организаций,false,,,,,,8165000,846,,,,,,,4,Деятельность больничных организаций,АКМОЛИНСКАЯ ОБЛАСТЬ,ЦЕЛИНОГРАДСКИЙ РАЙОН
448954,Деятельность больниц широкого профиля и специализированных больниц,true,,,,,,8165000,846,,,,,,,5,Деятельность больничных организаций,АКМОЛИНСКАЯ ОБЛАСТЬ,ЦЕЛИНОГРАДСКИЙ РАЙОН
448959,Деятельность в области врачебной практики и стоматологии,false,,809637000,883,769568000,920,771298000,846,3299015000,1031,285759000,994,316554000,957,3,Деятельность в области здравоохранения,АКМОЛИНСКАЯ ОБЛАСТЬ,ЦЕЛИНОГРАДСКИЙ РАЙОН
448960,Общая врачебная практика,false,,809637000,883,769568000,920,771298000,846,3299015000,1031,285759000,994,316554000,957,4,Деятельность в области врачебной практики и стоматологии,АКМОЛИНСКАЯ ОБЛАСТЬ,ЦЕЛИНОГРАДСКИЙ РАЙОН
448961,Общая врачебная практика,true,,809637000,883,769568000,920,771298000,846,3299015000,1031,285759000,994,316554000,957,5,Общая врачебная практика,АКМОЛИНСКАЯ ОБЛАСТЬ,ЦЕЛИНОГРАДСКИЙ РАЙОН
448966,Прочая деятельность в области здравоохранения ,false,,,,260000000,920,,,,,,,30000000,957,3,Деятельность в области здравоохранения,АКМОЛИНСКАЯ ОБЛАСТЬ,ЦЕЛИНОГРАДСКИЙ РАЙОН
448967,Прочая деятельность в области здравоохранения ,false,,,,260000000,920,,,,,,,30000000,957,4,Прочая деятельность в области здравоохранения ,АКМОЛИНСКАЯ ОБЛАСТЬ,ЦЕЛИНОГРАДСКИЙ РАЙОН
448968,Прочая деятельность в области здравоохранения ,true,,,,260000000,920,,,,,,,30000000,957,5,Прочая деятельность в области здравоохранения ,АКМОЛИНСКАЯ ОБЛАСТЬ,ЦЕЛИНОГРАДСКИЙ РАЙОН
448991,"Искусство, развлечения и отдых",false,,433932000,883,700849000,920,x,846,81289000,1031,129941000,994,66604000,957,1,Всего,АКМОЛИНСКАЯ ОБЛАСТЬ,ЦЕЛИНОГРАДСКИЙ РАЙОН
449004,"Деятельность библиотек, архивов, музеев и прочая деятельность в области культуры",false,,,,47600000,920,,,,,,,,,2,"Искусство, развлечения и отдых",АКМОЛИНСКАЯ ОБЛАСТЬ,ЦЕЛИНОГРАДСКИЙ РАЙОН
449005,"Деятельность библиотек, архивов, музеев и прочая деятельность в области культуры",false,,,,47600000,920,,,,,,,,,3,"Деятельность библиотек, архивов, музеев и прочая деятельность в области культуры",АКМОЛИНСКАЯ ОБЛАСТЬ,ЦЕЛИНОГРАДСКИЙ РАЙОН
449011,Деятельность музеев,false,,,,47600000,920,,,,,,,,,4,"Деятельность библиотек, архивов, музеев и прочая деятельность в области культуры",АКМОЛИНСКАЯ ОБЛАСТЬ,ЦЕЛИНОГРАДСКИЙ РАЙОН
449012,Деятельность музеев,true,,,,47600000,920,,,,,,,,,5,Деятельность музеев,АКМОЛИНСКАЯ ОБЛАСТЬ,ЦЕЛИНОГРАДСКИЙ РАЙОН
449022,"Деятельность в области спорта, организации отдыха и развлечений",false,,433932000,883,653249000,920,x,846,81289000,1031,129941000,994,66604000,957,2,"Искусство, развлечения и отдых",АКМОЛИНСКАЯ ОБЛАСТЬ,ЦЕЛИНОГРАДСКИЙ РАЙОН
449023,Деятельность в области спорта,false,,189932000,883,653249000,920,,,,,129941000,994,66604000,957,3,"Деятельность в области спорта, организации отдыха и развлечений",АКМОЛИНСКАЯ ОБЛАСТЬ,ЦЕЛИНОГРАДСКИЙ РАЙОН
449024,Эксплуатация спортивных сооружений,false,,189932000,883,653249000,920,,,,,129941000,994,66604000,957,4,Деятельность в области спорта,АКМОЛИНСКАЯ ОБЛАСТЬ,ЦЕЛИНОГРАДСКИЙ РАЙОН
449025,Эксплуатация спортивных сооружений,true,,189932000,883,653249000,920,,,,,129941000,994,66604000,957,5,Эксплуатация спортивных сооружений,АКМОЛИНСКАЯ ОБЛАСТЬ,ЦЕЛИНОГРАДСКИЙ РАЙОН
449032,Деятельность по организации отдыха и развлечений,false,,244000000,883,,,x,846,81289000,1031,,,,,3,"Деятельность в области спорта, организации отдыха и развлечений",АКМОЛИНСКАЯ ОБЛАСТЬ,ЦЕЛИНОГРАДСКИЙ РАЙОН
449035,Прочая деятельность по организации отдыха и развлечений,false,,244000000,883,,,x,846,81289000,1031,,,,,4,Деятельность по организации отдыха и развлечений,АКМОЛИНСКАЯ ОБЛАСТЬ,ЦЕЛИНОГРАДСКИЙ РАЙОН
449039,Прочие виды деятельности по организации отдыха и развлечений,true,,244000000,883,,,x,846,81289000,1031,,,,,5,Прочая деятельность по организации отдыха и развлечений,АКМОЛИНСКАЯ ОБЛАСТЬ,ЦЕЛИНОГРАДСКИЙ РАЙОН
449040,Предоставление прочих видов услуг,false,,301500000,883,22639000,920,445455000,846,,,74000000,994,401226000,957,1,Всего,АКМОЛИНСКАЯ ОБЛАСТЬ,ЦЕЛИНОГРАДСКИЙ РАЙОН
449041,Деятельность общественных объединений (организаций),false,,70000000,883,17079000,920,,,,,,,353987000,957,2,Предоставление прочих видов услуг,АКМОЛИНСКАЯ ОБЛАСТЬ,ЦЕЛИНОГРАДСКИЙ РАЙОН
449050,Деятельность прочих общественных  объединений,false,,70000000,883,17079000,920,,,,,,,353987000,957,3,Деятельность общественных объединений (организаций),АКМОЛИНСКАЯ ОБЛАСТЬ,ЦЕЛИНОГРАДСКИЙ РАЙОН
449051,Деятельность религиозных организаций,false,,70000000,883,17079000,920,,,,,,,353987000,957,4,Деятельность прочих общественных  объединений,АКМОЛИНСКАЯ ОБЛАСТЬ,ЦЕЛИНОГРАДСКИЙ РАЙОН
449052,Деятельность религиозных организаций,true,,70000000,883,17079000,920,,,,,,,353987000,957,5,Деятельность религиозных организаций,АКМОЛИНСКАЯ ОБЛАСТЬ,ЦЕЛИНОГРАДСКИЙ РАЙОН
449057,"Ремонт компьютеров, предметов личного потребления и бытовых товаров",false,,,,5000000,920,,,,,,,,,2,Предоставление прочих видов услуг,АКМОЛИНСКАЯ ОБЛАСТЬ,ЦЕЛИНОГРАДСКИЙ РАЙОН
449063,Ремонт предметов личного потребления и бытовых товаров,false,,,,5000000,920,,,,,,,,,3,"Ремонт компьютеров, предметов личного потребления и бытовых товаров",АКМОЛИНСКАЯ ОБЛАСТЬ,ЦЕЛИНОГРАДСКИЙ РАЙОН
449068,Ремонт обуви и изделий из кожи,false,,,,5000000,920,,,,,,,,,4,Ремонт предметов личного потребления и бытовых товаров,АКМОЛИНСКАЯ ОБЛАСТЬ,ЦЕЛИНОГРАДСКИЙ РАЙОН
449069,Ремонт обуви,true,,,,5000000,920,,,,,,,,,5,Ремонт обуви и изделий из кожи,АКМОЛИНСКАЯ ОБЛАСТЬ,ЦЕЛИНОГРАДСКИЙ РАЙОН
449084,Предоставление прочих индивидуальных услуг,false,,231500000,883,560000,920,445455000,846,,,74000000,994,47239000,957,2,Предоставление прочих видов услуг,АКМОЛИНСКАЯ ОБЛАСТЬ,ЦЕЛИНОГРАДСКИЙ РАЙОН
449085,Предоставление прочих индивидуальных услуг,false,,231500000,883,560000,920,445455000,846,,,74000000,994,47239000,957,3,Предоставление прочих индивидуальных услуг,АКМОЛИНСКАЯ ОБЛАСТЬ,ЦЕЛИНОГРАДСКИЙ РАЙОН
449086,Стирка и (химическая) чистка текстильных и меховых изделий ,false,,1500000,883,,,,,,,,,,,4,Предоставление прочих индивидуальных услуг,АКМОЛИНСКАЯ ОБЛАСТЬ,ЦЕЛИНОГРАДСКИЙ РАЙОН
449087,Стирка и обработка белья,true,,1500000,883,,,,,,,,,,,5,Стирка и (химическая) чистка текстильных и меховых изделий ,АКМОЛИНСКАЯ ОБЛАСТЬ,ЦЕЛИНОГРАДСКИЙ РАЙОН
449089,Предоставление услуг парикмахерскими и салонами красоты,false,,,,560000,920,3120000,846,,,20000000,994,,,4,Предоставление прочих индивидуальных услуг,АКМОЛИНСКАЯ ОБЛАСТЬ,ЦЕЛИНОГРАДСКИЙ РАЙОН
449090,Предоставление услуг парикмахерскими и салонами красоты,true,,,,560000,920,3120000,846,,,20000000,994,,,5,Предоставление услуг парикмахерскими и салонами красоты,АКМОЛИНСКАЯ ОБЛАСТЬ,ЦЕЛИНОГРАДСКИЙ РАЙОН
449093,Деятельность по обеспечению физического комфорта,false,,230000000,883,,,442335000,846,,,54000000,994,47239000,957,4,Предоставление прочих индивидуальных услуг,АКМОЛИНСКАЯ ОБЛАСТЬ,ЦЕЛИНОГРАДСКИЙ РАЙОН
449094,Деятельность по обеспечению физического комфорта,true,,230000000,883,,,442335000,846,,,54000000,994,47239000,957,5,Деятельность по обеспечению физического комфорта,АКМОЛИНСКАЯ ОБЛАСТЬ,ЦЕЛИНОГРАДСКИЙ РАЙОН
741340,Промышленность,false,,34844315000,883,8481615000,920,16856844000,846,22534084000,1031,6855177000,994,9981671000,957,1,Всего,АКМОЛИНСКАЯ ОБЛАСТЬ,ЦЕЛИНОГРАДСКИЙ РАЙОН
447279,Горнодобывающая промышленность и разработка карьеров,false,,976000,883,24847000,920,96125000,846,111650000,1031,,,,,2,Промышленность,АКМОЛИНСКАЯ ОБЛАСТЬ,ЦЕЛИНОГРАДСКИЙ РАЙОН
447316,Добыча прочих полезных ископаемых,false,,976000,883,24847000,920,96125000,846,111650000,1031,,,,,3,Горнодобывающая промышленность и разработка карьеров,АКМОЛИНСКАЯ ОБЛАСТЬ,ЦЕЛИНОГРАДСКИЙ РАЙОН
447317,"Добыча камня, песка и глины",false,,976000,883,24847000,920,96125000,846,111650000,1031,,,,,4,Добыча прочих полезных ископаемых,АКМОЛИНСКАЯ ОБЛАСТЬ,ЦЕЛИНОГРАДСКИЙ РАЙОН
447322,"Разработка гравийных и песчаных карьеров, добыча глины и каолина",false,,976000,883,24847000,920,96125000,846,111650000,1031,,,,,5,"Добыча камня, песка и глины",АКМОЛИНСКАЯ ОБЛАСТЬ,ЦЕЛИНОГРАДСКИЙ РАЙОН
447346,Обрабатывающая промышленность,false,,1481227000,883,1903678000,920,2052543000,846,2411041000,1031,1249095000,994,2427356000,957,2,Промышленность,АКМОЛИНСКАЯ ОБЛАСТЬ,ЦЕЛИНОГРАДСКИЙ РАЙОН
447347,Производство продуктов питания,false,,530768000,883,839972000,920,213804000,846,1317232000,1031,506387000,994,810106000,957,3,Обрабатывающая промышленность,АКМОЛИНСКАЯ ОБЛАСТЬ,ЦЕЛИНОГРАДСКИЙ РАЙОН
447348,Переработка и консервирование мяса и производство мясной продукции,false,,179628000,883,388460000,920,183804000,846,127796000,1031,90947000,994,74295000,957,4,Производство продуктов питания,АКМОЛИНСКАЯ ОБЛАСТЬ,ЦЕЛИНОГРАДСКИЙ РАЙОН
447353,Производство продуктов из мяса и мяса сельскохозяйственной птицы ,false,,179628000,883,388460000,920,183804000,846,127796000,1031,90947000,994,74295000,957,5,Переработка и консервирование мяса и производство мясной продукции,АКМОЛИНСКАЯ ОБЛАСТЬ,ЦЕЛИНОГРАДСКИЙ РАЙОН
447365,Производство растительных и животных масел и жиров,false,,,,,,,,x,1031,,,,,4,Производство продуктов питания,АКМОЛИНСКАЯ ОБЛАСТЬ,ЦЕЛИНОГРАДСКИЙ РАЙОН
447366,Производство масел и жиров,false,,,,,,,,x,1031,,,,,5,Производство растительных и животных масел и жиров,АКМОЛИНСКАЯ ОБЛАСТЬ,ЦЕЛИНОГРАДСКИЙ РАЙОН
447371,Производство молочных продуктов,false,,138923000,883,85418000,920,,,1136197000,1031,206578000,994,162963000,957,4,Производство продуктов питания,АКМОЛИНСКАЯ ОБЛАСТЬ,ЦЕЛИНОГРАДСКИЙ РАЙОН
447372,Переработка молока и производство сыров,false,,138923000,883,85418000,920,,,1136197000,1031,206578000,994,162963000,957,5,Производство молочных продуктов,АКМОЛИНСКАЯ ОБЛАСТЬ,ЦЕЛИНОГРАДСКИЙ РАЙОН
447384,"Производство  хлебобулочных, макаронных и мучных кондитерских изделий",false,,212217000,883,5000000,920,30000000,846,50000000,1031,12300000,994,116840000,957,4,Производство продуктов питания,АКМОЛИНСКАЯ ОБЛАСТЬ,ЦЕЛИНОГРАДСКИЙ РАЙОН
447385,Производство хлебобулочных и мучных кондитерских изделий недлительного хранения,false,,114066000,883,5000000,920,30000000,846,50000000,1031,12300000,994,116840000,957,5,"Производство  хлебобулочных, макаронных и мучных кондитерских изделий",АКМОЛИНСКАЯ ОБЛАСТЬ,ЦЕЛИНОГРАДСКИЙ РАЙОН
447387,"Производство сухарей и печенья, мучных кондитерских изделий длительного хранения",false,,98151000,883,,,,,,,,,,,5,"Производство  хлебобулочных, макаронных и мучных кондитерских изделий",АКМОЛИНСКАЯ ОБЛАСТЬ,ЦЕЛИНОГРАДСКИЙ РАЙОН
447408,Производство готовых кормов для животных,false,,,,361094000,920,,,,,196562000,994,456008000,957,4,Производство продуктов питания,АКМОЛИНСКАЯ ОБЛАСТЬ,ЦЕЛИНОГРАДСКИЙ РАЙОН
447409,Производство готовых кормов для сельскохозяйственных животных,false,,,,361094000,920,,,,,196562000,994,456008000,957,5,Производство готовых кормов для животных,АКМОЛИНСКАЯ ОБЛАСТЬ,ЦЕЛИНОГРАДСКИЙ РАЙОН
447434,Производство текстильных изделий,false,,,,,,,,13500000,1031,,,18000000,957,3,Обрабатывающая промышленность,АКМОЛИНСКАЯ ОБЛАСТЬ,ЦЕЛИНОГРАДСКИЙ РАЙОН
447456,Производство прочих текстильных изделий,false,,,,,,,,13500000,1031,,,18000000,957,4,Производство текстильных изделий,АКМОЛИНСКАЯ ОБЛАСТЬ,ЦЕЛИНОГРАДСКИЙ РАЙОН
447460,"Производство готовых текстильных изделий, кроме одежды",false,,,,,,,,13500000,1031,,,18000000,957,5,Производство прочих текстильных изделий,АКМОЛИНСКАЯ ОБЛАСТЬ,ЦЕЛИНОГРАДСКИЙ РАЙОН
447475,Производство одежды,false,,,,,,,,,,812000,994,,,3,Обрабатывающая промышленность,АКМОЛИНСКАЯ ОБЛАСТЬ,ЦЕЛИНОГРАДСКИЙ РАЙОН
447476,"Производство одежды, кроме одежды из меха",false,,,,,,,,,,812000,994,,,4,Производство одежды,АКМОЛИНСКАЯ ОБЛАСТЬ,ЦЕЛИНОГРАДСКИЙ РАЙОН
447479,Производство спецодежды,false,,,,,,,,,,812000,994,,,5,"Производство одежды, кроме одежды из меха",АКМОЛИНСКАЯ ОБЛАСТЬ,ЦЕЛИНОГРАДСКИЙ РАЙОН
447496,Производство кожаной и относящейся к ней продукции,false,,x,883,7215000,920,,,6100000,1031,,,x,957,3,Обрабатывающая промышленность,АКМОЛИНСКАЯ ОБЛАСТЬ,ЦЕЛИНОГРАДСКИЙ РАЙОН
447505,Производство обуви,false,,x,883,7215000,920,,,6100000,1031,,,x,957,4,Производство кожаной и относящейся к ней продукции,АКМОЛИНСКАЯ ОБЛАСТЬ,ЦЕЛИНОГРАДСКИЙ РАЙОН
447506,Производство обуви,false,,x,883,7215000,920,,,6100000,1031,,,x,957,5,Производство обуви,АКМОЛИНСКАЯ ОБЛАСТЬ,ЦЕЛИНОГРАДСКИЙ РАЙОН
447529,Производство бумаги и бумажной продукции,false,,,,70000000,920,591000,846,,,,,,,3,Обрабатывающая промышленность,АКМОЛИНСКАЯ ОБЛАСТЬ,ЦЕЛИНОГРАДСКИЙ РАЙОН
447535,Производство изделий из бумаги и картона,false,,,,70000000,920,591000,846,,,,,,,4,Производство бумаги и бумажной продукции,АКМОЛИНСКАЯ ОБЛАСТЬ,ЦЕЛИНОГРАДСКИЙ РАЙОН
447536,"Производство гофрированной бумаги и картона, бумажной и картонной тары",false,,,,70000000,920,591000,846,,,,,,,5,Производство изделий из бумаги и картона,АКМОЛИНСКАЯ ОБЛАСТЬ,ЦЕЛИНОГРАДСКИЙ РАЙОН
447572,Производство продуктов химической промышленности,false,,,,,,x,846,,,,,,,3,Обрабатывающая промышленность,АКМОЛИНСКАЯ ОБЛАСТЬ,ЦЕЛИНОГРАДСКИЙ РАЙОН
447603,Производство прочих химических продуктов,false,,,,,,x,846,,,,,,,4,Производство продуктов химической промышленности,АКМОЛИНСКАЯ ОБЛАСТЬ,ЦЕЛИНОГРАДСКИЙ РАЙОН
447611,"Производство прочих химических продуктов, не включенных в другие группировки ",false,,,,,,x,846,,,,,,,5,Производство прочих химических продуктов,АКМОЛИНСКАЯ ОБЛАСТЬ,ЦЕЛИНОГРАДСКИЙ РАЙОН
447620,Производство основных фармацевтических продуктов и фармацевтических препаратов,false,,,,x,920,,,,,,,,,3,Обрабатывающая промышленность,АКМОЛИНСКАЯ ОБЛАСТЬ,ЦЕЛИНОГРАДСКИЙ РАЙОН
447624,Производство фармацевтических препаратов и медицинских материалов,false,,,,x,920,,,,,,,,,4,Производство основных фармацевтических продуктов и фармацевтических препаратов,АКМОЛИНСКАЯ ОБЛАСТЬ,ЦЕЛИНОГРАДСКИЙ РАЙОН
447625,Производство фармацевтических препаратов и медицинских материалов,false,,,,x,920,,,,,,,,,5,Производство фармацевтических препаратов и медицинских материалов,АКМОЛИНСКАЯ ОБЛАСТЬ,ЦЕЛИНОГРАДСКИЙ РАЙОН
447628,Производство резиновых и пластмассовых изделий,false,,,,,,30000000,846,,,x,994,,,3,Обрабатывающая промышленность,АКМОЛИНСКАЯ ОБЛАСТЬ,ЦЕЛИНОГРАДСКИЙ РАЙОН
447636,Производство пластмассовых изделий,false,,,,,,30000000,846,,,x,994,,,4,Производство резиновых и пластмассовых изделий,АКМОЛИНСКАЯ ОБЛАСТЬ,ЦЕЛИНОГРАДСКИЙ РАЙОН
447639,Производство пластмассовых упаковок для товаров,false,,,,,,,,,,x,994,,,5,Производство пластмассовых изделий,АКМОЛИНСКАЯ ОБЛАСТЬ,ЦЕЛИНОГРАДСКИЙ РАЙОН
447641,Производство строительных пластмассовых изделий,false,,,,,,30000000,846,,,,,,,5,Производство пластмассовых изделий,АКМОЛИНСКАЯ ОБЛАСТЬ,ЦЕЛИНОГРАДСКИЙ РАЙОН
447646,Производство прочей не металлической минеральной продукции,false,,897700000,883,906491000,920,109453000,846,297889000,1031,702734000,994,1564086000,957,3,Обрабатывающая промышленность,АКМОЛИНСКАЯ ОБЛАСТЬ,ЦЕЛИНОГРАДСКИЙ РАЙОН
447661,Производство огнеупорных изделий,false,,,,,,x,846,x,1031,,,x,957,4,Производство прочей не металлической минеральной продукции,АКМОЛИНСКАЯ ОБЛАСТЬ,ЦЕЛИНОГРАДСКИЙ РАЙОН
447662,Производство огнеупорных изделий,false,,,,,,x,846,x,1031,,,x,957,5,Производство огнеупорных изделий,АКМОЛИНСКАЯ ОБЛАСТЬ,ЦЕЛИНОГРАДСКИЙ РАЙОН
447664,Производство строительных материалов из глины,false,,,,634021000,920,46242000,846,393000,1031,175708000,994,1175129000,957,4,Производство прочей не металлической минеральной продукции,АКМОЛИНСКАЯ ОБЛАСТЬ,ЦЕЛИНОГРАДСКИЙ РАЙОН
447667,"Производство кирпича, черепицы и прочих строительных изделий из обожженной глины",false,,,,634021000,920,46242000,846,393000,1031,175708000,994,1175129000,957,5,Производство строительных материалов из глины,АКМОЛИНСКАЯ ОБЛАСТЬ,ЦЕЛИНОГРАДСКИЙ РАЙОН
447681,"Производство цемента, извести и строительного гипса",false,,,,,,,,81536000,1031,258456000,994,,,4,Производство прочей не металлической минеральной продукции,АКМОЛИНСКАЯ ОБЛАСТЬ,ЦЕЛИНОГРАДСКИЙ РАЙОН
447682,Производство цемента,false,,,,,,,,81536000,1031,258456000,994,,,5,"Производство цемента, извести и строительного гипса",АКМОЛИНСКАЯ ОБЛАСТЬ,ЦЕЛИНОГРАДСКИЙ РАЙОН
447688,"Производство изделий из бетона, цемента и строительного гипса ",false,,897700000,883,272470000,920,x,846,,,268570000,994,385500000,957,4,Производство прочей не металлической минеральной продукции,АКМОЛИНСКАЯ ОБЛАСТЬ,ЦЕЛИНОГРАДСКИЙ РАЙОН
447689,Производство строительных изделий из бетона,false,,897700000,883,272470000,920,x,846,,,268570000,994,385500000,957,5,"Производство изделий из бетона, цемента и строительного гипса ",АКМОЛИНСКАЯ ОБЛАСТЬ,ЦЕЛИНОГРАДСКИЙ РАЙОН
447717,Металлургическое производство,false,,,,,,,,x,1031,,,,,3,Обрабатывающая промышленность,АКМОЛИНСКАЯ ОБЛАСТЬ,ЦЕЛИНОГРАДСКИЙ РАЙОН
447733,Производство основных благородных и цветных металлов,false,,,,,,,,x,1031,,,,,4,Металлургическое производство,АКМОЛИНСКАЯ ОБЛАСТЬ,ЦЕЛИНОГРАДСКИЙ РАЙОН
447736,Производство алюминия,false,,,,,,,,x,1031,,,,,5,Производство основных благородных и цветных металлов,АКМОЛИНСКАЯ ОБЛАСТЬ,ЦЕЛИНОГРАДСКИЙ РАЙОН
447760,"Производство готовых металлических изделий, кроме машин и оборудования",false,,,,,,,,40000000,1031,,,,,3,Обрабатывающая промышленность,АКМОЛИНСКАЯ ОБЛАСТЬ,ЦЕЛИНОГРАДСКИЙ РАЙОН
447784,Обработка металлов и нанесение покрытий на металлы; основные технологические процессы машиностроения,false,,,,,,,,40000000,1031,,,,,4,"Производство готовых металлических изделий, кроме машин и оборудования",АКМОЛИНСКАЯ ОБЛАСТЬ,ЦЕЛИНОГРАДСКИЙ РАЙОН
447787,Основные технологические процессы машиностроения,false,,,,,,,,40000000,1031,,,,,5,Обработка металлов и нанесение покрытий на металлы; основные технологические процессы машиностроения,АКМОЛИНСКАЯ ОБЛАСТЬ,ЦЕЛИНОГРАДСКИЙ РАЙОН
448008,Производство мебели,false,,,,,,12772000,846,,,,,35000000,957,3,Обрабатывающая промышленность,АКМОЛИНСКАЯ ОБЛАСТЬ,ЦЕЛИНОГРАДСКИЙ РАЙОН
448009,Производство мебели,false,,,,,,12772000,846,,,,,35000000,957,4,Производство мебели,АКМОЛИНСКАЯ ОБЛАСТЬ,ЦЕЛИНОГРАДСКИЙ РАЙОН
448010,Производство мебели для офисов и предприятий торговли,false,,,,,,12772000,846,,,,,,,5,Производство мебели,АКМОЛИНСКАЯ ОБЛАСТЬ,ЦЕЛИНОГРАДСКИЙ РАЙОН
448017,Производство прочей мебели,false,,,,,,,,,,,,35000000,957,5,Производство мебели,АКМОЛИНСКАЯ ОБЛАСТЬ,ЦЕЛИНОГРАДСКИЙ РАЙОН
448090,"Снабжение электроэнергией, газом, паром, горячей водой и кондиционированным воздухом",false,,30078982000,883,2829588000,920,11278057000,846,16293648000,1031,3670362000,994,2324658000,957,2,Промышленность,АКМОЛИНСКАЯ ОБЛАСТЬ,ЦЕЛИНОГРАДСКИЙ РАЙОН
448091,"Снабжение электроэнергией, газом, паром, горячей водой и кондиционированным воздухом",false,,30078982000,883,2829588000,920,11278057000,846,16293648000,1031,3670362000,994,2324658000,957,3,"Снабжение электроэнергией, газом, паром, горячей водой и кондиционированным воздухом",АКМОЛИНСКАЯ ОБЛАСТЬ,ЦЕЛИНОГРАДСКИЙ РАЙОН
448092,"Производство, передача и распределение электроэнергии",false,,29698626000,883,1188125000,920,1340925000,846,3047852000,1031,1165437000,994,524601000,957,4,"Снабжение электроэнергией, газом, паром, горячей водой и кондиционированным воздухом",АКМОЛИНСКАЯ ОБЛАСТЬ,ЦЕЛИНОГРАДСКИЙ РАЙОН
448093,Производство электроэнергии,false,,28721439000,883,,,,,,,x,994,640000,957,5,"Производство, передача и распределение электроэнергии",АКМОЛИНСКАЯ ОБЛАСТЬ,ЦЕЛИНОГРАДСКИЙ РАЙОН
448098,Передача электроэнергии,false,,,,,,,,1688227000,1031,592600000,994,,,5,"Производство, передача и распределение электроэнергии",АКМОЛИНСКАЯ ОБЛАСТЬ,ЦЕЛИНОГРАДСКИЙ РАЙОН
448100,Распределение электроэнергии,false,,975660000,883,1167819000,920,1330110000,846,1352072000,1031,366518000,994,506503000,957,5,"Производство, передача и распределение электроэнергии",АКМОЛИНСКАЯ ОБЛАСТЬ,ЦЕЛИНОГРАДСКИЙ РАЙОН
448102,Продажа электроэнергии ,false,,1527000,883,20306000,920,10815000,846,7553000,1031,8682000,994,17458000,957,5,"Производство, передача и распределение электроэнергии",АКМОЛИНСКАЯ ОБЛАСТЬ,ЦЕЛИНОГРАДСКИЙ РАЙОН
448104,Производство и распределение газообразного топлива по трубопроводам,false,,218749000,883,1422788000,920,9902304000,846,13245796000,1031,2310183000,994,1793644000,957,4,"Снабжение электроэнергией, газом, паром, горячей водой и кондиционированным воздухом",АКМОЛИНСКАЯ ОБЛАСТЬ,ЦЕЛИНОГРАДСКИЙ РАЙОН
448107,Распределение газообразного топлива по трубопроводам,false,,218749000,883,1422788000,920,9902304000,846,13245796000,1031,2310183000,994,1793644000,957,5,Производство и распределение газообразного топлива по трубопроводам,АКМОЛИНСКАЯ ОБЛАСТЬ,ЦЕЛИНОГРАДСКИЙ РАЙОН
448111,"Снабжение паром, горячей водой и кондиционированным воздухом",false,,161607000,883,218675000,920,34828000,846,,,194742000,994,6413000,957,4,"Снабжение электроэнергией, газом, паром, горячей водой и кондиционированным воздухом",АКМОЛИНСКАЯ ОБЛАСТЬ,ЦЕЛИНОГРАДСКИЙ РАЙОН
448112,"Снабжение паром, горячей водой и кондиционированным воздухом",false,,161607000,883,218675000,920,34828000,846,,,194742000,994,6413000,957,5,"Снабжение паром, горячей водой и кондиционированным воздухом",АКМОЛИНСКАЯ ОБЛАСТЬ,ЦЕЛИНОГРАДСКИЙ РАЙОН
448117,"Водоснабжение; сбор, обработка и удаление отходов, деятельность по ликвидации загрязнений",false,,3283130000,883,3723502000,920,3430119000,846,3717745000,1031,1935720000,994,5229657000,957,2,Промышленность,АКМОЛИНСКАЯ ОБЛАСТЬ,ЦЕЛИНОГРАДСКИЙ РАЙОН
448118,"Сбор, обработка и распределение воды",false,,3275928000,883,3723502000,920,2502413000,846,3626448000,1031,1935720000,994,5229657000,957,3,"Водоснабжение; сбор, обработка и удаление отходов, деятельность по ликвидации загрязнений",АКМОЛИНСКАЯ ОБЛАСТЬ,ЦЕЛИНОГРАДСКИЙ РАЙОН
448119,"Сбор, обработка и распределение воды",false,,3275928000,883,3723502000,920,2502413000,846,3626448000,1031,1935720000,994,5229657000,957,4,"Сбор, обработка и распределение воды",АКМОЛИНСКАЯ ОБЛАСТЬ,ЦЕЛИНОГРАДСКИЙ РАЙОН
448120,"Сбор, обработка и распределение воды",false,,3275928000,883,3723502000,920,2502413000,846,3626448000,1031,1935720000,994,5229657000,957,5,"Сбор, обработка и распределение воды",АКМОЛИНСКАЯ ОБЛАСТЬ,ЦЕЛИНОГРАДСКИЙ РАЙОН
448122,Сбор и обработка сточных вод,false,,7202000,883,,,927706000,846,91297000,1031,,,,,3,"Водоснабжение; сбор, обработка и удаление отходов, деятельность по ликвидации загрязнений",АКМОЛИНСКАЯ ОБЛАСТЬ,ЦЕЛИНОГРАДСКИЙ РАЙОН
448123,Сбор и обработка сточных вод,false,,7202000,883,,,927706000,846,91297000,1031,,,,,4,Сбор и обработка сточных вод,АКМОЛИНСКАЯ ОБЛАСТЬ,ЦЕЛИНОГРАДСКИЙ РАЙОН
448124,Сбор и обработка сточных вод,false,,7202000,883,,,927706000,846,91297000,1031,,,,,5,Сбор и обработка сточных вод,АКМОЛИНСКАЯ ОБЛАСТЬ,ЦЕЛИНОГРАДСКИЙ РАЙОН
741885,Всего,false,,12838690000,883,13097247000,920,15509488000,846,14036606000,1031,10552454000,994,20947062000,957,0,,АКМОЛИНСКАЯ ОБЛАСТЬ,ШОРТАНДИНСКИЙ РАЙОН
447173,"Сельское, лесное и рыбное хозяйство",false,,4008602000,883,3124293000,920,3021935000,846,1356937000,1031,3213889000,994,2418862000,957,1,Всего,АКМОЛИНСКАЯ ОБЛАСТЬ,ШОРТАНДИНСКИЙ РАЙОН
447174,"Растениеводство и животноводство, охота и предоставление услуг в этих областях",false,,4008602000,883,3124293000,920,3021935000,846,1356937000,1031,3213889000,994,2418862000,957,2,"Сельское, лесное и рыбное хозяйство",АКМОЛИНСКАЯ ОБЛАСТЬ,ШОРТАНДИНСКИЙ РАЙОН
447175,Выращивание одно- или двухлетних культур,false,,3559086000,883,3081023000,920,2959383000,846,1353337000,1031,2929131000,994,2343437000,957,3,"Растениеводство и животноводство, охота и предоставление услуг в этих областях",АКМОЛИНСКАЯ ОБЛАСТЬ,ШОРТАНДИНСКИЙ РАЙОН
447176,"Выращивание зерновых (кроме риса), бобовых и масличных культур",false,,3558726000,883,3081023000,920,2959383000,846,1340989000,1031,2909986000,994,2343437000,957,4,Выращивание одно- или двухлетних культур,АКМОЛИНСКАЯ ОБЛАСТЬ,ШОРТАНДИНСКИЙ РАЙОН
3783380,"Выращивание зерновых и зернобобовых культур, включая семеноводство",true,,3558726000,883,3081023000,920,2959383000,846,1340989000,1031,2909986000,994,2343437000,957,5,"Выращивание зерновых (кроме риса), бобовых и масличных культур",АКМОЛИНСКАЯ ОБЛАСТЬ,ШОРТАНДИНСКИЙ РАЙОН
447181,"Выращивание овощей, бахчевых, корнеплодов и клубнеплодов",false,,x,883,,,,,12348000,1031,19145000,994,,,4,Выращивание одно- или двухлетних культур,АКМОЛИНСКАЯ ОБЛАСТЬ,ШОРТАНДИНСКИЙ РАЙОН
447182,Выращивание картофеля и посадочного материала,true,,x,883,,,,,12348000,1031,19145000,994,,,5,"Выращивание овощей, бахчевых, корнеплодов и клубнеплодов",АКМОЛИНСКАЯ ОБЛАСТЬ,ШОРТАНДИНСКИЙ РАЙОН
447218,Животноводство,false,,436696000,883,43270000,920,49814000,846,,,242720000,994,75425000,957,3,"Растениеводство и животноводство, охота и предоставление услуг в этих областях",АКМОЛИНСКАЯ ОБЛАСТЬ,ШОРТАНДИНСКИЙ РАЙОН
447219,Разведение крупного рогатого скота молочного направления,false,,382996000,883,,,37122000,846,,,42720000,994,,,4,Животноводство,АКМОЛИНСКАЯ ОБЛАСТЬ,ШОРТАНДИНСКИЙ РАЙОН
447220,Разведение крупного рогатого скота молочного направления,true,,382996000,883,,,37122000,846,,,42720000,994,,,5,Разведение крупного рогатого скота молочного направления,АКМОЛИНСКАЯ ОБЛАСТЬ,ШОРТАНДИНСКИЙ РАЙОН
447221,Разведение прочего крупного рогатого скота и буйволов,false,,,,22358000,920,,,,,x,994,75425000,957,4,Животноводство,АКМОЛИНСКАЯ ОБЛАСТЬ,ШОРТАНДИНСКИЙ РАЙОН
447222,Разведение прочего крупного рогатого скота и буйволов,true,,,,22358000,920,,,,,x,994,75425000,957,5,Разведение прочего крупного рогатого скота и буйволов,АКМОЛИНСКАЯ ОБЛАСТЬ,ШОРТАНДИНСКИЙ РАЙОН
447223,Разведение лошадей и прочих животных семейства лошадиных,false,,53700000,883,,,x,846,,,,,,,4,Животноводство,АКМОЛИНСКАЯ ОБЛАСТЬ,ШОРТАНДИНСКИЙ РАЙОН
447224,Разведение лошадей,true,,53700000,883,,,x,846,,,,,,,5,Разведение лошадей и прочих животных семейства лошадиных,АКМОЛИНСКАЯ ОБЛАСТЬ,ШОРТАНДИНСКИЙ РАЙОН
447228,Разведение овец и коз,false,,,,20000000,920,,,,,,,,,4,Животноводство,АКМОЛИНСКАЯ ОБЛАСТЬ,ШОРТАНДИНСКИЙ РАЙОН
447229,Разведение овец и коз,true,,,,20000000,920,,,,,,,,,5,Разведение овец и коз,АКМОЛИНСКАЯ ОБЛАСТЬ,ШОРТАНДИНСКИЙ РАЙОН
447230,Разведение свиней,false,,,,x,920,x,846,,,,,,,4,Животноводство,АКМОЛИНСКАЯ ОБЛАСТЬ,ШОРТАНДИНСКИЙ РАЙОН
447231,Разведение свиней,true,,,,x,920,x,846,,,,,,,5,Разведение свиней,АКМОЛИНСКАЯ ОБЛАСТЬ,ШОРТАНДИНСКИЙ РАЙОН
447239,Смешанное сельское хозяйство,false,,12820000,883,,,6438000,846,,,,,,,3,"Растениеводство и животноводство, охота и предоставление услуг в этих областях",АКМОЛИНСКАЯ ОБЛАСТЬ,ШОРТАНДИНСКИЙ РАЙОН
447240,Смешанное сельское хозяйство,false,,12820000,883,,,6438000,846,,,,,,,4,Смешанное сельское хозяйство,АКМОЛИНСКАЯ ОБЛАСТЬ,ШОРТАНДИНСКИЙ РАЙОН
447241,Смешанное сельское хозяйство,true,,12820000,883,,,6438000,846,,,,,,,5,Смешанное сельское хозяйство,АКМОЛИНСКАЯ ОБЛАСТЬ,ШОРТАНДИНСКИЙ РАЙОН
18683346,"Деятельность, способствующая выращиванию сельскохозяйственных культур и разведению животных и деятельность по обработке урожая",false,,,,,,6300000,846,3600000,1031,42038000,994,,,3,"Растениеводство и животноводство, охота и предоставление услуг в этих областях",АКМОЛИНСКАЯ ОБЛАСТЬ,ШОРТАНДИНСКИЙ РАЙОН
18683350,"Деятельность, способствующая животноводству",false,,,,,,6300000,846,,,,,,,4,"Деятельность, способствующая выращиванию сельскохозяйственных культур и разведению животных и деятельность по обработке урожая",АКМОЛИНСКАЯ ОБЛАСТЬ,ШОРТАНДИНСКИЙ РАЙОН
18683351,"Деятельность, способствующая животноводству",true,,,,,,6300000,846,,,,,,,5,"Деятельность, способствующая животноводству",АКМОЛИНСКАЯ ОБЛАСТЬ,ШОРТАНДИНСКИЙ РАЙОН
18683352,Деятельность по обработке урожая,false,,,,,,,,3600000,1031,42038000,994,,,4,"Деятельность, способствующая выращиванию сельскохозяйственных культур и разведению животных и деятельность по обработке урожая",АКМОЛИНСКАЯ ОБЛАСТЬ,ШОРТАНДИНСКИЙ РАЙОН
18683353,Деятельность по обработке урожая,true,,,,,,,,3600000,1031,42038000,994,,,5,Деятельность по обработке урожая,АКМОЛИНСКАЯ ОБЛАСТЬ,ШОРТАНДИНСКИЙ РАЙОН
448148,Строительство,false,,,,x,920,,,122256000,1031,x,994,,,1,Всего,АКМОЛИНСКАЯ ОБЛАСТЬ,ШОРТАНДИНСКИЙ РАЙОН
448157,Гражданское строительство,false,,,,x,920,,,122256000,1031,x,994,,,2,Строительство,АКМОЛИНСКАЯ ОБЛАСТЬ,ШОРТАНДИНСКИЙ РАЙОН
448165,Строительство распределительных инженерных сооружений,false,,,,x,920,,,122256000,1031,x,994,,,3,Гражданское строительство,АКМОЛИНСКАЯ ОБЛАСТЬ,ШОРТАНДИНСКИЙ РАЙОН
448170,Строительство линий электропередач и телекоммуникаций ,false,,,,x,920,,,122256000,1031,x,994,,,4,Строительство распределительных инженерных сооружений,АКМОЛИНСКАЯ ОБЛАСТЬ,ШОРТАНДИНСКИЙ РАЙОН
448171,Строительство линий электропередач и телекоммуникаций ,true,,,,x,920,,,122256000,1031,x,994,,,5,Строительство линий электропередач и телекоммуникаций ,АКМОЛИНСКАЯ ОБЛАСТЬ,ШОРТАНДИНСКИЙ РАЙОН
448215,Оптовая и розничная торговля; ремонт автомобилей и мотоциклов,false,,74950000,883,167733000,920,104500000,846,475000,1031,131340000,994,17087000,957,1,Всего,АКМОЛИНСКАЯ ОБЛАСТЬ,ШОРТАНДИНСКИЙ РАЙОН
448216,Оптовая и розничная торговля автомобилями и мотоциклами и их ремонт,false,,25300000,883,,,,,,,,,,,2,Оптовая и розничная торговля; ремонт автомобилей и мотоциклов,АКМОЛИНСКАЯ ОБЛАСТЬ,ШОРТАНДИНСКИЙ РАЙОН
448224,Техническое обслуживание и ремонт автомобилей,false,,25300000,883,,,,,,,,,,,3,Оптовая и розничная торговля автомобилями и мотоциклами и их ремонт,АКМОЛИНСКАЯ ОБЛАСТЬ,ШОРТАНДИНСКИЙ РАЙОН
448225,Техническое обслуживание и ремонт автомобилей,false,,25300000,883,,,,,,,,,,,4,Техническое обслуживание и ремонт автомобилей,АКМОЛИНСКАЯ ОБЛАСТЬ,ШОРТАНДИНСКИЙ РАЙОН
20575904,"Техническое обслуживание и ремонт автомобилей, за исключением произведенных станциями технического обслуживания, находящимися на придорожной полосе",true,,14300000,883,,,,,,,,,,,5,Техническое обслуживание и ремонт автомобилей,АКМОЛИНСКАЯ ОБЛАСТЬ,ШОРТАНДИНСКИЙ РАЙОН
20575905,"Техническое обслуживание и ремонт автомобилей станциями технического обслуживания, находящимися на придорожной полосе ",true,,11000000,883,,,,,,,,,,,5,Техническое обслуживание и ремонт автомобилей,АКМОЛИНСКАЯ ОБЛАСТЬ,ШОРТАНДИНСКИЙ РАЙОН
448237,"Оптовая торговля, за исключением торговли автомобилями и мотоциклами",false,,,,8800000,920,1500000,846,,,x,994,7000000,957,2,Оптовая и розничная торговля; ремонт автомобилей и мотоциклов,АКМОЛИНСКАЯ ОБЛАСТЬ,ШОРТАНДИНСКИЙ РАЙОН
448257,Оптовая торговля сельскохозяйственным сырьем и живыми животными,false,,,,,,,,,,,,7000000,957,3,"Оптовая торговля, за исключением торговли автомобилями и мотоциклами",АКМОЛИНСКАЯ ОБЛАСТЬ,ШОРТАНДИНСКИЙ РАЙОН
448258,"Оптовая торговля зерном, необработанным табаком, семенами и кормами для животных",false,,,,,,,,,,,,7000000,957,4,Оптовая торговля сельскохозяйственным сырьем и живыми животными,АКМОЛИНСКАЯ ОБЛАСТЬ,ШОРТАНДИНСКИЙ РАЙОН
20575950,"Оптовая торговля зерном, семенами и кормами для животных",true,,,,,,,,,,,,7000000,957,5,"Оптовая торговля зерном, необработанным табаком, семенами и кормами для животных",АКМОЛИНСКАЯ ОБЛАСТЬ,ШОРТАНДИНСКИЙ РАЙОН
448267,"Оптовая торговля продуктами питания, напитками и табачными изделиями",false,,,,,,1500000,846,,,,,,,3,"Оптовая торговля, за исключением торговли автомобилями и мотоциклами",АКМОЛИНСКАЯ ОБЛАСТЬ,ШОРТАНДИНСКИЙ РАЙОН
448272,"Оптовая торговля молочными продуктами, яйцами и пищевыми маслами и жирами",false,,,,,,1500000,846,,,,,,,4,"Оптовая торговля продуктами питания, напитками и табачными изделиями",АКМОЛИНСКАЯ ОБЛАСТЬ,ШОРТАНДИНСКИЙ РАЙОН
448273,"Оптовая торговля молочными продуктами, яйцами и пищевыми маслами и жирами",true,,,,,,1500000,846,,,,,,,5,"Оптовая торговля молочными продуктами, яйцами и пищевыми маслами и жирами",АКМОЛИНСКАЯ ОБЛАСТЬ,ШОРТАНДИНСКИЙ РАЙОН
448316,"Оптовая торговля прочими машинами, оборудованием и деталями и принадлежностями к ним",false,,,,8800000,920,,,,,,,,,3,"Оптовая торговля, за исключением торговли автомобилями и мотоциклами",АКМОЛИНСКАЯ ОБЛАСТЬ,ШОРТАНДИНСКИЙ РАЙОН
448317,"Оптовая торговля сельскохозяйственной техникой, оборудованием,  деталями и принадлежностями к ним",false,,,,8800000,920,,,,,,,,,4,"Оптовая торговля прочими машинами, оборудованием и деталями и принадлежностями к ним",АКМОЛИНСКАЯ ОБЛАСТЬ,ШОРТАНДИНСКИЙ РАЙОН
448318,"Оптовая торговля сельскохозяйственной техникой, оборудованием,  деталями и принадлежностями к ним",true,,,,8800000,920,,,,,,,,,5,"Оптовая торговля сельскохозяйственной техникой, оборудованием,  деталями и принадлежностями к ним",АКМОЛИНСКАЯ ОБЛАСТЬ,ШОРТАНДИНСКИЙ РАЙОН
448371,Неспециализированная оптовая торговля,false,,,,,,,,,,x,994,,,3,"Оптовая торговля, за исключением торговли автомобилями и мотоциклами",АКМОЛИНСКАЯ ОБЛАСТЬ,ШОРТАНДИНСКИЙ РАЙОН
448372,Неспециализированная оптовая торговля,false,,,,,,,,,,x,994,,,4,Неспециализированная оптовая торговля,АКМОЛИНСКАЯ ОБЛАСТЬ,ШОРТАНДИНСКИЙ РАЙОН
448376,Оптовая торговля широким ассортиментом товаров без какой-либо конкретизации,true,,,,,,,,,,x,994,,,5,Неспециализированная оптовая торговля,АКМОЛИНСКАЯ ОБЛАСТЬ,ШОРТАНДИНСКИЙ РАЙОН
448377,"Розничная торговля, кроме торговли автомобилями и мотоциклами",false,,49650000,883,x,920,103000000,846,475000,1031,112487000,994,10087000,957,2,Оптовая и розничная торговля; ремонт автомобилей и мотоциклов,АКМОЛИНСКАЯ ОБЛАСТЬ,ШОРТАНДИНСКИЙ РАЙОН
448378,Розничная торговля в неспециализированных магазинах,false,,49650000,883,,,103000000,846,,,61000000,994,6000000,957,3,"Розничная торговля, кроме торговли автомобилями и мотоциклами",АКМОЛИНСКАЯ ОБЛАСТЬ,ШОРТАНДИНСКИЙ РАЙОН
448379,"Розничная торговля в неспециализированных магазинах преимущественно продуктами питания, напитками и табачными изделиями",false,,49650000,883,,,5200000,846,,,,,6000000,957,4,Розничная торговля в неспециализированных магазинах,АКМОЛИНСКАЯ ОБЛАСТЬ,ШОРТАНДИНСКИЙ РАЙОН
3647934,"Розничная торговля преимущественно продуктами питания, напитками и табачными изделиями в неспециализированных магазинах, являющихся торговыми объектами, с торговой площадью менее 2000 кв.м ",true,,49650000,883,,,5200000,846,,,,,6000000,957,5,"Розничная торговля в неспециализированных магазинах преимущественно продуктами питания, напитками и табачными изделиями",АКМОЛИНСКАЯ ОБЛАСТЬ,ШОРТАНДИНСКИЙ РАЙОН
448381,Прочая розничная торговля в неспециализированных магазинах,false,,,,,,97800000,846,,,61000000,994,,,4,Розничная торговля в неспециализированных магазинах,АКМОЛИНСКАЯ ОБЛАСТЬ,ШОРТАНДИНСКИЙ РАЙОН
3647936,"Прочая розничная торговля в неспециализированных магазинах, являющихся торговыми объектами, с торговой площадью менее 2000 кв.м ",true,,,,,,97800000,846,,,61000000,994,,,5,Прочая розничная торговля в неспециализированных магазинах,АКМОЛИНСКАЯ ОБЛАСТЬ,ШОРТАНДИНСКИЙ РАЙОН
448399,Розничная торговля топливом в специализированных магазинах,false,,,,x,920,,,475000,1031,51487000,994,x,957,3,"Розничная торговля, кроме торговли автомобилями и мотоциклами",АКМОЛИНСКАЯ ОБЛАСТЬ,ШОРТАНДИНСКИЙ РАЙОН
448400,Розничная торговля топливом в специализированных магазинах,false,,,,x,920,,,475000,1031,51487000,994,x,957,4,Розничная торговля топливом в специализированных магазинах,АКМОЛИНСКАЯ ОБЛАСТЬ,ШОРТАНДИНСКИЙ РАЙОН
20576124,"Розничная торговля моторным топливом в специализированных магазинах, за исключением находящихся на придорожной полосе",true,,,,x,920,,,475000,1031,51487000,994,x,957,5,Розничная торговля топливом в специализированных магазинах,АКМОЛИНСКАЯ ОБЛАСТЬ,ШОРТАНДИНСКИЙ РАЙОН
448475,Транспорт и складирование,false,,651717000,883,720213000,920,576202000,846,1544523000,1031,731803000,994,59882000,957,1,Всего,АКМОЛИНСКАЯ ОБЛАСТЬ,ШОРТАНДИНСКИЙ РАЙОН
448476,Деятельность сухопутного и трубопроводного транспорта ,false,,x,883,x,920,x,846,x,1031,x,994,x,957,2,Транспорт и складирование,АКМОЛИНСКАЯ ОБЛАСТЬ,ШОРТАНДИНСКИЙ РАЙОН
448494,Деятельность грузового автомобильного транспорта и предоставление услуг по переезду ,false,,x,883,x,920,x,846,x,1031,x,994,x,957,3,Деятельность сухопутного и трубопроводного транспорта ,АКМОЛИНСКАЯ ОБЛАСТЬ,ШОРТАНДИНСКИЙ РАЙОН
448495,Деятельность грузового автомобильного транспорта,false,,x,883,x,920,x,846,x,1031,x,994,x,957,4,Деятельность грузового автомобильного транспорта и предоставление услуг по переезду ,АКМОЛИНСКАЯ ОБЛАСТЬ,ШОРТАНДИНСКИЙ РАЙОН
448496,Деятельность грузового автомобильного транспорта,true,,x,883,x,920,x,846,x,1031,x,994,x,957,5,Деятельность грузового автомобильного транспорта,АКМОЛИНСКАЯ ОБЛАСТЬ,ШОРТАНДИНСКИЙ РАЙОН
448527,Складирование грузов и вспомогательная транспортная деятельность,false,,648676000,883,714491000,920,575896000,846,1538751000,1031,726508000,994,41976000,957,2,Транспорт и складирование,АКМОЛИНСКАЯ ОБЛАСТЬ,ШОРТАНДИНСКИЙ РАЙОН
448528,Складирование и хранение грузов,false,,145326000,883,114265000,920,135244000,846,109265000,1031,74085000,994,16976000,957,3,Складирование грузов и вспомогательная транспортная деятельность,АКМОЛИНСКАЯ ОБЛАСТЬ,ШОРТАНДИНСКИЙ РАЙОН
448529,Складирование и хранение грузов,false,,145326000,883,114265000,920,135244000,846,109265000,1031,74085000,994,16976000,957,4,Складирование и хранение грузов,АКМОЛИНСКАЯ ОБЛАСТЬ,ШОРТАНДИНСКИЙ РАЙОН
448530,Складирование и хранение зерна,true,,82453000,883,114265000,920,135244000,846,109265000,1031,66085000,994,16976000,957,5,Складирование и хранение грузов,АКМОЛИНСКАЯ ОБЛАСТЬ,ШОРТАНДИНСКИЙ РАЙОН
448531,"Складирование и хранение непродовольственных товаров, кроме зерна и нефти",true,,62873000,883,,,,,,,8000000,994,,,5,Складирование и хранение грузов,АКМОЛИНСКАЯ ОБЛАСТЬ,ШОРТАНДИНСКИЙ РАЙОН
448533,Вспомогательная транспортная деятельность,false,,503350000,883,600226000,920,x,846,1429486000,1031,652423000,994,25000000,957,3,Складирование грузов и вспомогательная транспортная деятельность,АКМОЛИНСКАЯ ОБЛАСТЬ,ШОРТАНДИНСКИЙ РАЙОН
448534,Вспомогательная деятельность сухопутного транспорта,false,,503350000,883,600226000,920,x,846,1429486000,1031,652423000,994,25000000,957,4,Вспомогательная транспортная деятельность,АКМОЛИНСКАЯ ОБЛАСТЬ,ШОРТАНДИНСКИЙ РАЙОН
448536,Эксплуатация автомобильных дорог,true,,503350000,883,600226000,920,x,846,1429486000,1031,652423000,994,,,5,Вспомогательная деятельность сухопутного транспорта,АКМОЛИНСКАЯ ОБЛАСТЬ,ШОРТАНДИНСКИЙ РАЙОН
448538,Деятельность автомобильных стоянок,true,,,,,,,,,,,,25000000,957,5,Вспомогательная деятельность сухопутного транспорта,АКМОЛИНСКАЯ ОБЛАСТЬ,ШОРТАНДИНСКИЙ РАЙОН
448558,Предоставление услуг по проживанию и питанию,false,,191050000,883,37000000,920,122000000,846,x,1031,,,,,1,Всего,АКМОЛИНСКАЯ ОБЛАСТЬ,ШОРТАНДИНСКИЙ РАЙОН
3783427,Предоставление услуг по временному проживанию,false,,,,37000000,920,,,x,1031,,,,,2,Предоставление услуг по проживанию и питанию,АКМОЛИНСКАЯ ОБЛАСТЬ,ШОРТАНДИНСКИЙ РАЙОН
3783432,Предоставление жилья на выходные дни и прочие периоды краткосрочного проживания,false,,,,,,,,x,1031,,,,,3,Предоставление услуг по временному проживанию,АКМОЛИНСКАЯ ОБЛАСТЬ,ШОРТАНДИНСКИЙ РАЙОН
3783433,Предоставление жилья на выходные дни и прочие периоды краткосрочного проживания,false,,,,,,,,x,1031,,,,,4,Предоставление жилья на выходные дни и прочие периоды краткосрочного проживания,АКМОЛИНСКАЯ ОБЛАСТЬ,ШОРТАНДИНСКИЙ РАЙОН
3783434,Предоставление жилья на выходные дни и прочие периоды краткосрочного проживания,true,,,,,,,,x,1031,,,,,5,Предоставление жилья на выходные дни и прочие периоды краткосрочного проживания,АКМОЛИНСКАЯ ОБЛАСТЬ,ШОРТАНДИНСКИЙ РАЙОН
3783441,Предоставление услуг прочими местами для проживания,false,,,,37000000,920,,,,,,,,,3,Предоставление услуг по временному проживанию,АКМОЛИНСКАЯ ОБЛАСТЬ,ШОРТАНДИНСКИЙ РАЙОН
3783442,Предоставление услуг прочими местами для проживания,false,,,,37000000,920,,,,,,,,,4,Предоставление услуг прочими местами для проживания,АКМОЛИНСКАЯ ОБЛАСТЬ,ШОРТАНДИНСКИЙ РАЙОН
20576357,"Предоставление услуг прочими местами для проживания, не включенными в другие категории",true,,,,37000000,920,,,,,,,,,5,Предоставление услуг прочими местами для проживания,АКМОЛИНСКАЯ ОБЛАСТЬ,ШОРТАНДИНСКИЙ РАЙОН
448573,Предоставление услуг по обеспечению питанием и напитками,false,,191050000,883,,,122000000,846,,,,,,,2,Предоставление услуг по проживанию и питанию,АКМОЛИНСКАЯ ОБЛАСТЬ,ШОРТАНДИНСКИЙ РАЙОН
448574,Деятельность ресторанов и предоставление услуг по доставке продуктов питания,false,,191050000,883,,,122000000,846,,,,,,,3,Предоставление услуг по обеспечению питанием и напитками,АКМОЛИНСКАЯ ОБЛАСТЬ,ШОРТАНДИНСКИЙ РАЙОН
448575,Деятельность ресторанов и предоставление услуг по доставке продуктов питания,false,,191050000,883,,,122000000,846,,,,,,,4,Деятельность ресторанов и предоставление услуг по доставке продуктов питания,АКМОЛИНСКАЯ ОБЛАСТЬ,ШОРТАНДИНСКИЙ РАЙОН
448576,Рестораны и услуги по доставке продуктов питания,true,,,,,,122000000,846,,,,,,,5,Деятельность ресторанов и предоставление услуг по доставке продуктов питания,АКМОЛИНСКАЯ ОБЛАСТЬ,ШОРТАНДИНСКИЙ РАЙОН
20576362,"Деятельность ресторанов и предоставление услуг по доставке продуктов питания, за исключением деятельности объектов, находящихся на придорожной полосе",true,,191050000,883,,,,,,,,,,,5,Деятельность ресторанов и предоставление услуг по доставке продуктов питания,АКМОЛИНСКАЯ ОБЛАСТЬ,ШОРТАНДИНСКИЙ РАЙОН
448585,Информация и связь,false,,323633000,883,597000,920,57260000,846,11814000,1031,1293000,994,1028000,957,1,Всего,АКМОЛИНСКАЯ ОБЛАСТЬ,ШОРТАНДИНСКИЙ РАЙОН
448623,Телекоммуникации,false,,323633000,883,597000,920,57260000,846,11814000,1031,1293000,994,1028000,957,2,Информация и связь,АКМОЛИНСКАЯ ОБЛАСТЬ,ШОРТАНДИНСКИЙ РАЙОН
18696628,Проводная телекоммуникационная связь,false,,49822000,883,597000,920,17298000,846,11814000,1031,1293000,994,596000,957,3,Телекоммуникации,АКМОЛИНСКАЯ ОБЛАСТЬ,ШОРТАНДИНСКИЙ РАЙОН
18696629,Проводная телекоммуникационная связь,false,,49822000,883,597000,920,17298000,846,11814000,1031,1293000,994,596000,957,4,Проводная телекоммуникационная связь,АКМОЛИНСКАЯ ОБЛАСТЬ,ШОРТАНДИНСКИЙ РАЙОН
18946146,Прочая проводная телекоммуникационная связь,true,,49822000,883,597000,920,17298000,846,11814000,1031,1293000,994,596000,957,5,Проводная телекоммуникационная связь,АКМОЛИНСКАЯ ОБЛАСТЬ,ШОРТАНДИНСКИЙ РАЙОН
448627,Беспроводная телекоммуникационная связь,false,,264391000,883,,,39962000,846,,,,,432000,957,3,Телекоммуникации,АКМОЛИНСКАЯ ОБЛАСТЬ,ШОРТАНДИНСКИЙ РАЙОН
448628,Беспроводная телекоммуникационная связь,false,,264391000,883,,,39962000,846,,,,,432000,957,4,Беспроводная телекоммуникационная связь,АКМОЛИНСКАЯ ОБЛАСТЬ,ШОРТАНДИНСКИЙ РАЙОН
18946149,Прочая беспроводная телекоммуникационная связь,true,,264391000,883,,,39962000,846,,,,,432000,957,5,Беспроводная телекоммуникационная связь,АКМОЛИНСКАЯ ОБЛАСТЬ,ШОРТАНДИНСКИЙ РАЙОН
448633,Прочая деятельность в области телекоммуникаций,false,,x,883,,,,,,,,,,,3,Телекоммуникации,АКМОЛИНСКАЯ ОБЛАСТЬ,ШОРТАНДИНСКИЙ РАЙОН
448634,Прочая деятельность в области телекоммуникаций,false,,x,883,,,,,,,,,,,4,Прочая деятельность в области телекоммуникаций,АКМОЛИНСКАЯ ОБЛАСТЬ,ШОРТАНДИНСКИЙ РАЙОН
18946154,"Прочая деятельность в области телекоммуникаций, не включенная в другие группировки",true,,x,883,,,,,,,,,,,5,Прочая деятельность в области телекоммуникаций,АКМОЛИНСКАЯ ОБЛАСТЬ,ШОРТАНДИНСКИЙ РАЙОН
448714,Операции с недвижимым имуществом,false,,876866000,883,1432469000,920,874611000,846,1091640000,1031,1065353000,994,939350000,957,1,Всего,АКМОЛИНСКАЯ ОБЛАСТЬ,ШОРТАНДИНСКИЙ РАЙОН
448715,Операции с недвижимым имуществом,false,,876866000,883,1432469000,920,874611000,846,1091640000,1031,1065353000,994,939350000,957,2,Операции с недвижимым имуществом,АКМОЛИНСКАЯ ОБЛАСТЬ,ШОРТАНДИНСКИЙ РАЙОН
448716,Покупка и продажа собственного недвижимого имущества ,false,,876866000,883,1432469000,920,874611000,846,1091640000,1031,1059353000,994,939350000,957,3,Операции с недвижимым имуществом,АКМОЛИНСКАЯ ОБЛАСТЬ,ШОРТАНДИНСКИЙ РАЙОН
448717,Покупка и продажа собственного недвижимого имущества ,false,,876866000,883,1432469000,920,874611000,846,1091640000,1031,1059353000,994,939350000,957,4,Покупка и продажа собственного недвижимого имущества ,АКМОЛИНСКАЯ ОБЛАСТЬ,ШОРТАНДИНСКИЙ РАЙОН
543091,Покупка и продажа многоквартирных и жилых домов (особняков),true,,876866000,883,1432469000,920,849411000,846,1091640000,1031,1059353000,994,939350000,957,5,Покупка и продажа собственного недвижимого имущества ,АКМОЛИНСКАЯ ОБЛАСТЬ,ШОРТАНДИНСКИЙ РАЙОН
543092,Покупка и продажа прочей недвижимости,true,,,,,,25200000,846,,,,,,,5,Покупка и продажа собственного недвижимого имущества ,АКМОЛИНСКАЯ ОБЛАСТЬ,ШОРТАНДИНСКИЙ РАЙОН
448719,Аренда и управление собственной или арендуемой недвижимостью,false,,,,,,,,,,6000000,994,,,3,Операции с недвижимым имуществом,АКМОЛИНСКАЯ ОБЛАСТЬ,ШОРТАНДИНСКИЙ РАЙОН
448720,Аренда и управление собственной или арендуемой недвижимостью,false,,,,,,,,,,6000000,994,,,4,Аренда и управление собственной или арендуемой недвижимостью,АКМОЛИНСКАЯ ОБЛАСТЬ,ШОРТАНДИНСКИЙ РАЙОН
18946171,Аренда и управление собственной недвижимостью,true,,,,,,,,,,6000000,994,,,5,Аренда и управление собственной или арендуемой недвижимостью,АКМОЛИНСКАЯ ОБЛАСТЬ,ШОРТАНДИНСКИЙ РАЙОН
448728,"Профессиональная, научная и техническая деятельность",false,,251402000,883,97344000,920,778172000,846,798660000,1031,222115000,994,106283000,957,1,Всего,АКМОЛИНСКАЯ ОБЛАСТЬ,ШОРТАНДИНСКИЙ РАЙОН
448761,Научные исследования и разработки,false,,251402000,883,97344000,920,778172000,846,798660000,1031,222115000,994,106283000,957,2,"Профессиональная, научная и техническая деятельность",АКМОЛИНСКАЯ ОБЛАСТЬ,ШОРТАНДИНСКИЙ РАЙОН
448762,Научные исследования и экспериментальные разработки в области естественных и технических наук ,false,,251402000,883,97344000,920,778172000,846,798660000,1031,222115000,994,106283000,957,3,Научные исследования и разработки,АКМОЛИНСКАЯ ОБЛАСТЬ,ШОРТАНДИНСКИЙ РАЙОН
448765,Прочие научные исследования и экспериментальные разработки в области естественных и технических наук ,false,,251402000,883,97344000,920,778172000,846,798660000,1031,222115000,994,106283000,957,4,Научные исследования и экспериментальные разработки в области естественных и технических наук ,АКМОЛИНСКАЯ ОБЛАСТЬ,ШОРТАНДИНСКИЙ РАЙОН
18946187,Прочие исследования и разработки в области естественных и технических наук,true,,251402000,883,97344000,920,778172000,846,798660000,1031,222115000,994,106283000,957,5,Прочие научные исследования и экспериментальные разработки в области естественных и технических наук ,АКМОЛИНСКАЯ ОБЛАСТЬ,ШОРТАНДИНСКИЙ РАЙОН
448797,Деятельность в области административного и вспомогательного обслуживания,false,,,,,,,,51194000,1031,4027000,994,,,1,Всего,АКМОЛИНСКАЯ ОБЛАСТЬ,ШОРТАНДИНСКИЙ РАЙОН
448798,"Аренда, прокат и лизинг",false,,,,,,,,x,1031,,,,,2,Деятельность в области административного и вспомогательного обслуживания,АКМОЛИНСКАЯ ОБЛАСТЬ,ШОРТАНДИНСКИЙ РАЙОН
448811,"Аренда и лизинг прочих машин, оборудования и материальных активов",false,,,,,,,,x,1031,,,,,3,"Аренда, прокат и лизинг",АКМОЛИНСКАЯ ОБЛАСТЬ,ШОРТАНДИНСКИЙ РАЙОН
448812,Аренда и лизинг сельскохозяйственных машин и оборудования ,false,,,,,,,,x,1031,,,,,4,"Аренда и лизинг прочих машин, оборудования и материальных активов",АКМОЛИНСКАЯ ОБЛАСТЬ,ШОРТАНДИНСКИЙ РАЙОН
543079,Аренда сельскохозяйственных машин и оборудования ,true,,,,,,,,x,1031,,,,,5,Аренда и лизинг сельскохозяйственных машин и оборудования ,АКМОЛИНСКАЯ ОБЛАСТЬ,ШОРТАНДИНСКИЙ РАЙОН
448856,Деятельность по обслуживанию зданий и благоустройству территорий,false,,,,,,,,212000,1031,4027000,994,,,2,Деятельность в области административного и вспомогательного обслуживания,АКМОЛИНСКАЯ ОБЛАСТЬ,ШОРТАНДИНСКИЙ РАЙОН
448867,Деятельность по благоустройству территорий,false,,,,,,,,212000,1031,4027000,994,,,3,Деятельность по обслуживанию зданий и благоустройству территорий,АКМОЛИНСКАЯ ОБЛАСТЬ,ШОРТАНДИНСКИЙ РАЙОН
448868,Деятельность по благоустройству территорий,false,,,,,,,,212000,1031,4027000,994,,,4,Деятельность по благоустройству территорий,АКМОЛИНСКАЯ ОБЛАСТЬ,ШОРТАНДИНСКИЙ РАЙОН
448869,Деятельность по благоустройству территорий,true,,,,,,,,212000,1031,4027000,994,,,5,Деятельность по благоустройству территорий,АКМОЛИНСКАЯ ОБЛАСТЬ,ШОРТАНДИНСКИЙ РАЙОН
448889,Государственное управление и оборона; обязательное  социальное обеспечение,false,,x,883,,,,,,,,,,,1,Всего,АКМОЛИНСКАЯ ОБЛАСТЬ,ШОРТАНДИНСКИЙ РАЙОН
448890,Государственное управление и оборона; обязательное социальное обеспечение,false,,x,883,,,,,,,,,,,2,Государственное управление и оборона; обязательное  социальное обеспечение,АКМОЛИНСКАЯ ОБЛАСТЬ,ШОРТАНДИНСКИЙ РАЙОН
448891,Государственное управление общего характера и управление социально-экономическое политикой общества,false,,x,883,,,,,,,,,,,3,Государственное управление и оборона; обязательное социальное обеспечение,АКМОЛИНСКАЯ ОБЛАСТЬ,ШОРТАНДИНСКИЙ РАЙОН
448900,"Регулирование деятельности учреждений здравоохранения, образования, культуры и других социальных услуг, кроме социального обеспечения ",false,,x,883,,,,,,,,,,,4,Государственное управление общего характера и управление социально-экономическое политикой общества,АКМОЛИНСКАЯ ОБЛАСТЬ,ШОРТАНДИНСКИЙ РАЙОН
448901,"Регулирование деятельности учреждений здравоохранения, образования, культуры и других социальных услуг, кроме социального обеспечения ",true,,x,883,,,,,,,,,,,5,"Регулирование деятельности учреждений здравоохранения, образования, культуры и других социальных услуг, кроме социального обеспечения ",АКМОЛИНСКАЯ ОБЛАСТЬ,ШОРТАНДИНСКИЙ РАЙОН
448918,Образование,false,,596329000,883,2913000,920,446309000,846,74002000,1031,89116000,994,,,1,Всего,АКМОЛИНСКАЯ ОБЛАСТЬ,ШОРТАНДИНСКИЙ РАЙОН
448919,Образование,false,,596329000,883,2913000,920,446309000,846,74002000,1031,89116000,994,,,2,Образование,АКМОЛИНСКАЯ ОБЛАСТЬ,ШОРТАНДИНСКИЙ РАЙОН
448920,Дошкольное образование,false,,295967000,883,,,203272000,846,,,,,,,3,Образование,АКМОЛИНСКАЯ ОБЛАСТЬ,ШОРТАНДИНСКИЙ РАЙОН
448921,Дошкольное образование,false,,295967000,883,,,203272000,846,,,,,,,4,Дошкольное образование,АКМОЛИНСКАЯ ОБЛАСТЬ,ШОРТАНДИНСКИЙ РАЙОН
448922,Дошкольное образование,true,,295967000,883,,,203272000,846,,,,,,,5,Дошкольное образование,АКМОЛИНСКАЯ ОБЛАСТЬ,ШОРТАНДИНСКИЙ РАЙОН
448926,Среднее образование (2-й и 3-й уровни),false,,207972000,883,2913000,920,x,846,74002000,1031,89116000,994,,,3,Образование,АКМОЛИНСКАЯ ОБЛАСТЬ,ШОРТАНДИНСКИЙ РАЙОН
448927,Основное и общее среднее образование,false,,x,883,,,x,846,74002000,1031,89116000,994,,,4,Среднее образование (2-й и 3-й уровни),АКМОЛИНСКАЯ ОБЛАСТЬ,ШОРТАНДИНСКИЙ РАЙОН
448928,Основное и общее среднее образование,true,,x,883,,,x,846,74002000,1031,89116000,994,,,5,Основное и общее среднее образование,АКМОЛИНСКАЯ ОБЛАСТЬ,ШОРТАНДИНСКИЙ РАЙОН
448929,Техническое и профессиональное среднее образование,false,,132231000,883,2913000,920,,,,,,,,,4,Среднее образование (2-й и 3-й уровни),АКМОЛИНСКАЯ ОБЛАСТЬ,ШОРТАНДИНСКИЙ РАЙОН
448930,Профессионально-техническое образование,true,,132231000,883,2913000,920,,,,,,,,,5,Техническое и профессиональное среднее образование,АКМОЛИНСКАЯ ОБЛАСТЬ,ШОРТАНДИНСКИЙ РАЙОН
448937,Прочие виды образования,false,,92390000,883,,,,,,,,,,,3,Образование,АКМОЛИНСКАЯ ОБЛАСТЬ,ШОРТАНДИНСКИЙ РАЙОН
448938,Образование в области спорта и отдыха,false,,92390000,883,,,,,,,,,,,4,Прочие виды образования,АКМОЛИНСКАЯ ОБЛАСТЬ,ШОРТАНДИНСКИЙ РАЙОН
448939,Образование в области спорта и отдыха,true,,92390000,883,,,,,,,,,,,5,Образование в области спорта и отдыха,АКМОЛИНСКАЯ ОБЛАСТЬ,ШОРТАНДИНСКИЙ РАЙОН
448950,Здравоохранение и социальное обслуживание населения,false,,235204000,883,,,186696000,846,1184211000,1031,292360000,994,,,1,Всего,АКМОЛИНСКАЯ ОБЛАСТЬ,ШОРТАНДИНСКИЙ РАЙОН
448951,Деятельность в области здравоохранения,false,,83736000,883,,,186696000,846,1184211000,1031,292360000,994,,,2,Здравоохранение и социальное обслуживание населения,АКМОЛИНСКАЯ ОБЛАСТЬ,ШОРТАНДИНСКИЙ РАЙОН
448952,Деятельность больничных организаций,false,,,,,,74393000,846,378866000,1031,281989000,994,,,3,Деятельность в области здравоохранения,АКМОЛИНСКАЯ ОБЛАСТЬ,ШОРТАНДИНСКИЙ РАЙОН
448953,Деятельность больничных организаций,false,,,,,,74393000,846,378866000,1031,281989000,994,,,4,Деятельность больничных организаций,АКМОЛИНСКАЯ ОБЛАСТЬ,ШОРТАНДИНСКИЙ РАЙОН
448954,Деятельность больниц широкого профиля и специализированных больниц,true,,,,,,74393000,846,378866000,1031,281989000,994,,,5,Деятельность больничных организаций,АКМОЛИНСКАЯ ОБЛАСТЬ,ШОРТАНДИНСКИЙ РАЙОН
448959,Деятельность в области врачебной практики и стоматологии,false,,83736000,883,,,112303000,846,805345000,1031,10371000,994,,,3,Деятельность в области здравоохранения,АКМОЛИНСКАЯ ОБЛАСТЬ,ШОРТАНДИНСКИЙ РАЙОН
448960,Общая врачебная практика,false,,83736000,883,,,112303000,846,805345000,1031,10371000,994,,,4,Деятельность в области врачебной практики и стоматологии,АКМОЛИНСКАЯ ОБЛАСТЬ,ШОРТАНДИНСКИЙ РАЙОН
448961,Общая врачебная практика,true,,83736000,883,,,112303000,846,805345000,1031,10371000,994,,,5,Общая врачебная практика,АКМОЛИНСКАЯ ОБЛАСТЬ,ШОРТАНДИНСКИЙ РАЙОН
448969,Предоставление социальных услуг с обеспечением проживания,false,,151468000,883,,,,,,,,,,,2,Здравоохранение и социальное обслуживание населения,АКМОЛИНСКАЯ ОБЛАСТЬ,ШОРТАНДИНСКИЙ РАЙОН
448973,"Предоставление социальных услуг с обеспечением проживания лицам, страдающим психическими расстройствами (заболеваниями), с умственными и физическими недостатками, алкогольной или наркотической зависимостью",false,,151468000,883,,,,,,,,,,,3,Предоставление социальных услуг с обеспечением проживания,АКМОЛИНСКАЯ ОБЛАСТЬ,ШОРТАНДИНСКИЙ РАЙОН
448974,"Предоставление социальных услуг с обеспечением проживания лицам, страдающим психическими расстройствами (заболеваниями), с умственными и физическими недостатками, алкогольной или наркотической зависимостью",false,,151468000,883,,,,,,,,,,,4,"Предоставление социальных услуг с обеспечением проживания лицам, страдающим психическими расстройствами (заболеваниями), с умственными и физическими недостатками, алкогольной или наркотической зависимостью",АКМОЛИНСКАЯ ОБЛАСТЬ,ШОРТАНДИНСКИЙ РАЙОН
448975,"Предоставление социальных услуг с обеспечением проживания лицам, страдающим психическими расстройствами (заболеваниями), с умственными и физическими недостатками, алкогольной или наркотической зависимостью",true,,151468000,883,,,,,,,,,,,5,"Предоставление социальных услуг с обеспечением проживания лицам, страдающим психическими расстройствами (заболеваниями), с умственными и физическими недостатками, алкогольной или наркотической зависимостью",АКМОЛИНСКАЯ ОБЛАСТЬ,ШОРТАНДИНСКИЙ РАЙОН
448991,"Искусство, развлечения и отдых",false,,x,883,117646000,920,,,712132000,1031,87913000,994,119141000,957,1,Всего,АКМОЛИНСКАЯ ОБЛАСТЬ,ШОРТАНДИНСКИЙ РАЙОН
449022,"Деятельность в области спорта, организации отдыха и развлечений",false,,x,883,117646000,920,,,712132000,1031,87913000,994,119141000,957,2,"Искусство, развлечения и отдых",АКМОЛИНСКАЯ ОБЛАСТЬ,ШОРТАНДИНСКИЙ РАЙОН
449023,Деятельность в области спорта,false,,,,117646000,920,,,561864000,1031,79410000,994,40651000,957,3,"Деятельность в области спорта, организации отдыха и развлечений",АКМОЛИНСКАЯ ОБЛАСТЬ,ШОРТАНДИНСКИЙ РАЙОН
449024,Эксплуатация спортивных сооружений,false,,,,117646000,920,,,561864000,1031,79410000,994,40651000,957,4,Деятельность в области спорта,АКМОЛИНСКАЯ ОБЛАСТЬ,ШОРТАНДИНСКИЙ РАЙОН
449025,Эксплуатация спортивных сооружений,true,,,,117646000,920,,,561864000,1031,79410000,994,40651000,957,5,Эксплуатация спортивных сооружений,АКМОЛИНСКАЯ ОБЛАСТЬ,ШОРТАНДИНСКИЙ РАЙОН
449032,Деятельность по организации отдыха и развлечений,false,,x,883,,,,,150268000,1031,8503000,994,78490000,957,3,"Деятельность в области спорта, организации отдыха и развлечений",АКМОЛИНСКАЯ ОБЛАСТЬ,ШОРТАНДИНСКИЙ РАЙОН
449035,Прочая деятельность по организации отдыха и развлечений,false,,x,883,,,,,150268000,1031,8503000,994,78490000,957,4,Деятельность по организации отдыха и развлечений,АКМОЛИНСКАЯ ОБЛАСТЬ,ШОРТАНДИНСКИЙ РАЙОН
449039,Прочие виды деятельности по организации отдыха и развлечений,true,,x,883,,,,,150268000,1031,8503000,994,78490000,957,5,Прочая деятельность по организации отдыха и развлечений,АКМОЛИНСКАЯ ОБЛАСТЬ,ШОРТАНДИНСКИЙ РАЙОН
449040,Предоставление прочих видов услуг,false,,3800000,883,,,,,,,951000,994,15528000,957,1,Всего,АКМОЛИНСКАЯ ОБЛАСТЬ,ШОРТАНДИНСКИЙ РАЙОН
449084,Предоставление прочих индивидуальных услуг,false,,3800000,883,,,,,,,951000,994,15528000,957,2,Предоставление прочих видов услуг,АКМОЛИНСКАЯ ОБЛАСТЬ,ШОРТАНДИНСКИЙ РАЙОН
449085,Предоставление прочих индивидуальных услуг,false,,3800000,883,,,,,,,951000,994,15528000,957,3,Предоставление прочих индивидуальных услуг,АКМОЛИНСКАЯ ОБЛАСТЬ,ШОРТАНДИНСКИЙ РАЙОН
449089,Предоставление услуг парикмахерскими и салонами красоты,false,,3800000,883,,,,,,,,,,,4,Предоставление прочих индивидуальных услуг,АКМОЛИНСКАЯ ОБЛАСТЬ,ШОРТАНДИНСКИЙ РАЙОН
449090,Предоставление услуг парикмахерскими и салонами красоты,true,,3800000,883,,,,,,,,,,,5,Предоставление услуг парикмахерскими и салонами красоты,АКМОЛИНСКАЯ ОБЛАСТЬ,ШОРТАНДИНСКИЙ РАЙОН
449095,"Предоставление прочих индивидуальных услуг, не включенных в другие группировки",false,,,,,,,,,,951000,994,15528000,957,4,Предоставление прочих индивидуальных услуг,АКМОЛИНСКАЯ ОБЛАСТЬ,ШОРТАНДИНСКИЙ РАЙОН
449096,"Предоставление прочих индивидуальных услуг, не включенных в другие группировки",true,,,,,,,,,,951000,994,15528000,957,5,"Предоставление прочих индивидуальных услуг, не включенных в другие группировки",АКМОЛИНСКАЯ ОБЛАСТЬ,ШОРТАНДИНСКИЙ РАЙОН
741340,Промышленность,false,,5363042000,883,7383333000,920,9341803000,846,6974116000,1031,4665934000,994,17269901000,957,1,Всего,АКМОЛИНСКАЯ ОБЛАСТЬ,ШОРТАНДИНСКИЙ РАЙОН
447279,Горнодобывающая промышленность и разработка карьеров,false,,4617089000,883,2016069000,920,2913289000,846,2474621000,1031,1083196000,994,2185508000,957,2,Промышленность,АКМОЛИНСКАЯ ОБЛАСТЬ,ШОРТАНДИНСКИЙ РАЙОН
447298,Добыча металлических руд,false,,4381462000,883,1978827000,920,2788117000,846,1379634000,1031,,,154621000,957,3,Горнодобывающая промышленность и разработка карьеров,АКМОЛИНСКАЯ ОБЛАСТЬ,ШОРТАНДИНСКИЙ РАЙОН
447303,"Добыча руд, кроме железных ",false,,4381462000,883,1978827000,920,2788117000,846,1379634000,1031,,,154621000,957,4,Добыча металлических руд,АКМОЛИНСКАЯ ОБЛАСТЬ,ШОРТАНДИНСКИЙ РАЙОН
447306,Добыча прочих металлических руд,false,,4381462000,883,1978827000,920,2788117000,846,1379634000,1031,,,154621000,957,5,"Добыча руд, кроме железных ",АКМОЛИНСКАЯ ОБЛАСТЬ,ШОРТАНДИНСКИЙ РАЙОН
447316,Добыча прочих полезных ископаемых,false,,235627000,883,37242000,920,125172000,846,,,x,994,,,3,Горнодобывающая промышленность и разработка карьеров,АКМОЛИНСКАЯ ОБЛАСТЬ,ШОРТАНДИНСКИЙ РАЙОН
447317,"Добыча камня, песка и глины",false,,,,,,22489000,846,,,x,994,,,4,Добыча прочих полезных ископаемых,АКМОЛИНСКАЯ ОБЛАСТЬ,ШОРТАНДИНСКИЙ РАЙОН
447322,"Разработка гравийных и песчаных карьеров, добыча глины и каолина",false,,,,,,22489000,846,,,x,994,,,5,"Добыча камня, песка и глины",АКМОЛИНСКАЯ ОБЛАСТЬ,ШОРТАНДИНСКИЙ РАЙОН
447325,"Добыча полезных ископаемых, не включенных в другие группировки",false,,235627000,883,37242000,920,102683000,846,,,,,,,4,Добыча прочих полезных ископаемых,АКМОЛИНСКАЯ ОБЛАСТЬ,ШОРТАНДИНСКИЙ РАЙОН
447326,Добыча минерального сырья для химической промышленности и производства удобрений,false,,235627000,883,37242000,920,102683000,846,,,,,,,5,"Добыча полезных ископаемых, не включенных в другие группировки",АКМОЛИНСКАЯ ОБЛАСТЬ,ШОРТАНДИНСКИЙ РАЙОН
447339,Предоставление услуг в горнодобывающей промышленности,false,,,,,,,,1094987000,1031,1075977000,994,2030887000,957,3,Горнодобывающая промышленность и разработка карьеров,АКМОЛИНСКАЯ ОБЛАСТЬ,ШОРТАНДИНСКИЙ РАЙОН
447343,"Предоставление услуг, способствующих добыче других полезных ископаемых",false,,,,,,,,1094987000,1031,1075977000,994,2030887000,957,4,Предоставление услуг в горнодобывающей промышленности,АКМОЛИНСКАЯ ОБЛАСТЬ,ШОРТАНДИНСКИЙ РАЙОН
447344,"Предоставление услуг, способствующих добыче других полезных ископаемых",false,,,,,,,,1094987000,1031,1075977000,994,2030887000,957,5,"Предоставление услуг, способствующих добыче других полезных ископаемых",АКМОЛИНСКАЯ ОБЛАСТЬ,ШОРТАНДИНСКИЙ РАЙОН
447346,Обрабатывающая промышленность,false,,370851000,883,4545471000,920,737514000,846,1138137000,1031,613050000,994,14749062000,957,2,Промышленность,АКМОЛИНСКАЯ ОБЛАСТЬ,ШОРТАНДИНСКИЙ РАЙОН
447347,Производство продуктов питания,false,,227018000,883,412177000,920,524135000,846,477525000,1031,68107000,994,113862000,957,3,Обрабатывающая промышленность,АКМОЛИНСКАЯ ОБЛАСТЬ,ШОРТАНДИНСКИЙ РАЙОН
447348,Переработка и консервирование мяса и производство мясной продукции,false,,918000,883,,,282000,846,,,,,,,4,Производство продуктов питания,АКМОЛИНСКАЯ ОБЛАСТЬ,ШОРТАНДИНСКИЙ РАЙОН
447353,Производство продуктов из мяса и мяса сельскохозяйственной птицы ,false,,918000,883,,,282000,846,,,,,,,5,Переработка и консервирование мяса и производство мясной продукции,АКМОЛИНСКАЯ ОБЛАСТЬ,ШОРТАНДИНСКИЙ РАЙОН
447371,Производство молочных продуктов,false,,82905000,883,48530000,920,,,,,,,,,4,Производство продуктов питания,АКМОЛИНСКАЯ ОБЛАСТЬ,ШОРТАНДИНСКИЙ РАЙОН
447372,Переработка молока и производство сыров,false,,82905000,883,48530000,920,,,,,,,,,5,Производство молочных продуктов,АКМОЛИНСКАЯ ОБЛАСТЬ,ШОРТАНДИНСКИЙ РАЙОН
447377,"Производство мукомольно-крупяных продуктов, крахмалов и крахмальных продуктов",false,,128295000,883,363647000,920,523853000,846,,,43982000,994,113862000,957,4,Производство продуктов питания,АКМОЛИНСКАЯ ОБЛАСТЬ,ШОРТАНДИНСКИЙ РАЙОН
447378,Производство мукомольно-крупяных продуктов,false,,128295000,883,363647000,920,523853000,846,,,43982000,994,113862000,957,5,"Производство мукомольно-крупяных продуктов, крахмалов и крахмальных продуктов",АКМОЛИНСКАЯ ОБЛАСТЬ,ШОРТАНДИНСКИЙ РАЙОН
447384,"Производство  хлебобулочных, макаронных и мучных кондитерских изделий",false,,14900000,883,,,,,,,,,,,4,Производство продуктов питания,АКМОЛИНСКАЯ ОБЛАСТЬ,ШОРТАНДИНСКИЙ РАЙОН
447385,Производство хлебобулочных и мучных кондитерских изделий недлительного хранения,false,,14900000,883,,,,,,,,,,,5,"Производство  хлебобулочных, макаронных и мучных кондитерских изделий",АКМОЛИНСКАЯ ОБЛАСТЬ,ШОРТАНДИНСКИЙ РАЙОН
447391,Производство прочих продуктов питания,false,,,,,,,,460000000,1031,,,,,4,Производство продуктов питания,АКМОЛИНСКАЯ ОБЛАСТЬ,ШОРТАНДИНСКИЙ РАЙОН
447404,"Производство прочих продуктов питания, не включенных в другие группировки",false,,,,,,,,460000000,1031,,,,,5,Производство прочих продуктов питания,АКМОЛИНСКАЯ ОБЛАСТЬ,ШОРТАНДИНСКИЙ РАЙОН
447408,Производство готовых кормов для животных,false,,,,,,,,x,1031,x,994,,,4,Производство продуктов питания,АКМОЛИНСКАЯ ОБЛАСТЬ,ШОРТАНДИНСКИЙ РАЙОН
447409,Производство готовых кормов для сельскохозяйственных животных,false,,,,,,,,x,1031,x,994,,,5,Производство готовых кормов для животных,АКМОЛИНСКАЯ ОБЛАСТЬ,ШОРТАНДИНСКИЙ РАЙОН
447620,Производство основных фармацевтических продуктов и фармацевтических препаратов,false,,2997000,883,,,64000,846,3216000,1031,16896000,994,9140000,957,3,Обрабатывающая промышленность,АКМОЛИНСКАЯ ОБЛАСТЬ,ШОРТАНДИНСКИЙ РАЙОН
447624,Производство фармацевтических препаратов и медицинских материалов,false,,2997000,883,,,64000,846,3216000,1031,16896000,994,9140000,957,4,Производство основных фармацевтических продуктов и фармацевтических препаратов,АКМОЛИНСКАЯ ОБЛАСТЬ,ШОРТАНДИНСКИЙ РАЙОН
447625,Производство фармацевтических препаратов и медицинских материалов,false,,2997000,883,,,64000,846,3216000,1031,16896000,994,9140000,957,5,Производство фармацевтических препаратов и медицинских материалов,АКМОЛИНСКАЯ ОБЛАСТЬ,ШОРТАНДИНСКИЙ РАЙОН
447628,Производство резиновых и пластмассовых изделий,false,,x,883,x,920,,,,,,,x,957,3,Обрабатывающая промышленность,АКМОЛИНСКАЯ ОБЛАСТЬ,ШОРТАНДИНСКИЙ РАЙОН
447636,Производство пластмассовых изделий,false,,x,883,x,920,,,,,,,x,957,4,Производство резиновых и пластмассовых изделий,АКМОЛИНСКАЯ ОБЛАСТЬ,ШОРТАНДИНСКИЙ РАЙОН
447637,"Производство пластмассовых плит, листов, труб и профилей",false,,,,x,920,,,,,,,,,5,Производство пластмассовых изделий,АКМОЛИНСКАЯ ОБЛАСТЬ,ШОРТАНДИНСКИЙ РАЙОН
447639,Производство пластмассовых упаковок для товаров,false,,x,883,,,,,,,,,x,957,5,Производство пластмассовых изделий,АКМОЛИНСКАЯ ОБЛАСТЬ,ШОРТАНДИНСКИЙ РАЙОН
447646,Производство прочей не металлической минеральной продукции,false,,48000000,883,255545000,920,,,209532000,1031,x,994,,,3,Обрабатывающая промышленность,АКМОЛИНСКАЯ ОБЛАСТЬ,ШОРТАНДИНСКИЙ РАЙОН
447664,Производство строительных материалов из глины,false,,48000000,883,236027000,920,,,209532000,1031,x,994,,,4,Производство прочей не металлической минеральной продукции,АКМОЛИНСКАЯ ОБЛАСТЬ,ШОРТАНДИНСКИЙ РАЙОН
447667,"Производство кирпича, черепицы и прочих строительных изделий из обожженной глины",false,,48000000,883,236027000,920,,,209532000,1031,x,994,,,5,Производство строительных материалов из глины,АКМОЛИНСКАЯ ОБЛАСТЬ,ШОРТАНДИНСКИЙ РАЙОН
447704,"Резка, обработка и отделка камня",false,,,,x,920,,,,,,,,,4,Производство прочей не металлической минеральной продукции,АКМОЛИНСКАЯ ОБЛАСТЬ,ШОРТАНДИНСКИЙ РАЙОН
447705,"Резка, обработка и отделка камня",false,,,,x,920,,,,,,,,,5,"Резка, обработка и отделка камня",АКМОЛИНСКАЯ ОБЛАСТЬ,ШОРТАНДИНСКИЙ РАЙОН
447717,Металлургическое производство,false,,69687000,883,3813968000,920,213315000,846,447864000,1031,139039000,994,14569932000,957,3,Обрабатывающая промышленность,АКМОЛИНСКАЯ ОБЛАСТЬ,ШОРТАНДИНСКИЙ РАЙОН
447733,Производство основных благородных и цветных металлов,false,,69687000,883,3813968000,920,213315000,846,447864000,1031,139039000,994,14569932000,957,4,Металлургическое производство,АКМОЛИНСКАЯ ОБЛАСТЬ,ШОРТАНДИНСКИЙ РАЙОН
447734,Производство благородных (драгоценных) металлов,false,,69687000,883,3813968000,920,213315000,846,447864000,1031,139039000,994,14569932000,957,5,Производство основных благородных и цветных металлов,АКМОЛИНСКАЯ ОБЛАСТЬ,ШОРТАНДИНСКИЙ РАЙОН
448090,"Снабжение электроэнергией, газом, паром, горячей водой и кондиционированным воздухом",false,,88076000,883,281846000,920,4867577000,846,923585000,1031,1263522000,994,184311000,957,2,Промышленность,АКМОЛИНСКАЯ ОБЛАСТЬ,ШОРТАНДИНСКИЙ РАЙОН
448091,"Снабжение электроэнергией, газом, паром, горячей водой и кондиционированным воздухом",false,,88076000,883,281846000,920,4867577000,846,923585000,1031,1263522000,994,184311000,957,3,"Снабжение электроэнергией, газом, паром, горячей водой и кондиционированным воздухом",АКМОЛИНСКАЯ ОБЛАСТЬ,ШОРТАНДИНСКИЙ РАЙОН
448092,"Производство, передача и распределение электроэнергии",false,,53524000,883,256375000,920,471789000,846,568785000,1031,347830000,994,135578000,957,4,"Снабжение электроэнергией, газом, паром, горячей водой и кондиционированным воздухом",АКМОЛИНСКАЯ ОБЛАСТЬ,ШОРТАНДИНСКИЙ РАЙОН
448098,Передача электроэнергии,false,,,,,,,,421714000,1031,256269000,994,,,5,"Производство, передача и распределение электроэнергии",АКМОЛИНСКАЯ ОБЛАСТЬ,ШОРТАНДИНСКИЙ РАЙОН
448100,Распределение электроэнергии,false,,53524000,883,256375000,920,471789000,846,146065000,1031,91561000,994,135578000,957,5,"Производство, передача и распределение электроэнергии",АКМОЛИНСКАЯ ОБЛАСТЬ,ШОРТАНДИНСКИЙ РАЙОН
448102,Продажа электроэнергии ,false,,,,,,,,1006000,1031,,,,,5,"Производство, передача и распределение электроэнергии",АКМОЛИНСКАЯ ОБЛАСТЬ,ШОРТАНДИНСКИЙ РАЙОН
448104,Производство и распределение газообразного топлива по трубопроводам,false,,,,,,4394755000,846,,,,,,,4,"Снабжение электроэнергией, газом, паром, горячей водой и кондиционированным воздухом",АКМОЛИНСКАЯ ОБЛАСТЬ,ШОРТАНДИНСКИЙ РАЙОН
448107,Распределение газообразного топлива по трубопроводам,false,,,,,,4394755000,846,,,,,,,5,Производство и распределение газообразного топлива по трубопроводам,АКМОЛИНСКАЯ ОБЛАСТЬ,ШОРТАНДИНСКИЙ РАЙОН
448111,"Снабжение паром, горячей водой и кондиционированным воздухом",false,,34552000,883,25471000,920,1033000,846,354800000,1031,915692000,994,48733000,957,4,"Снабжение электроэнергией, газом, паром, горячей водой и кондиционированным воздухом",АКМОЛИНСКАЯ ОБЛАСТЬ,ШОРТАНДИНСКИЙ РАЙОН
448112,"Снабжение паром, горячей водой и кондиционированным воздухом",false,,34552000,883,25471000,920,1033000,846,354800000,1031,915692000,994,48733000,957,5,"Снабжение паром, горячей водой и кондиционированным воздухом",АКМОЛИНСКАЯ ОБЛАСТЬ,ШОРТАНДИНСКИЙ РАЙОН
448117,"Водоснабжение; сбор, обработка и удаление отходов, деятельность по ликвидации загрязнений",false,,287026000,883,539947000,920,823423000,846,2437773000,1031,1706166000,994,151020000,957,2,Промышленность,АКМОЛИНСКАЯ ОБЛАСТЬ,ШОРТАНДИНСКИЙ РАЙОН
448118,"Сбор, обработка и распределение воды",false,,280791000,883,521986000,920,814227000,846,2329884000,1031,1308277000,994,109242000,957,3,"Водоснабжение; сбор, обработка и удаление отходов, деятельность по ликвидации загрязнений",АКМОЛИНСКАЯ ОБЛАСТЬ,ШОРТАНДИНСКИЙ РАЙОН
448119,"Сбор, обработка и распределение воды",false,,280791000,883,521986000,920,814227000,846,2329884000,1031,1308277000,994,109242000,957,4,"Сбор, обработка и распределение воды",АКМОЛИНСКАЯ ОБЛАСТЬ,ШОРТАНДИНСКИЙ РАЙОН
448120,"Сбор, обработка и распределение воды",false,,280791000,883,521986000,920,814227000,846,2329884000,1031,1308277000,994,109242000,957,5,"Сбор, обработка и распределение воды",АКМОЛИНСКАЯ ОБЛАСТЬ,ШОРТАНДИНСКИЙ РАЙОН
448122,Сбор и обработка сточных вод,false,,484000,883,13600000,920,6403000,846,106923000,1031,387234000,994,41733000,957,3,"Водоснабжение; сбор, обработка и удаление отходов, деятельность по ликвидации загрязнений",АКМОЛИНСКАЯ ОБЛАСТЬ,ШОРТАНДИНСКИЙ РАЙОН
448123,Сбор и обработка сточных вод,false,,484000,883,13600000,920,6403000,846,106923000,1031,387234000,994,41733000,957,4,Сбор и обработка сточных вод,АКМОЛИНСКАЯ ОБЛАСТЬ,ШОРТАНДИНСКИЙ РАЙОН
448124,Сбор и обработка сточных вод,false,,484000,883,13600000,920,6403000,846,106923000,1031,387234000,994,41733000,957,5,Сбор и обработка сточных вод,АКМОЛИНСКАЯ ОБЛАСТЬ,ШОРТАНДИНСКИЙ РАЙОН
448126,"Сбор, обработка и удаление отходов; утилизация (восстановление) материалов",false,,5751000,883,4361000,920,2793000,846,966000,1031,10655000,994,45000,957,3,"Водоснабжение; сбор, обработка и удаление отходов, деятельность по ликвидации загрязнений",АКМОЛИНСКАЯ ОБЛАСТЬ,ШОРТАНДИНСКИЙ РАЙОН
448132,Обработка и удаление отходов,false,,5751000,883,4361000,920,2793000,846,966000,1031,10655000,994,45000,957,4,"Сбор, обработка и удаление отходов; утилизация (восстановление) материалов",АКМОЛИНСКАЯ ОБЛАСТЬ,ШОРТАНДИНСКИЙ РАЙОН
448133,Обработка и удаление неопасных отходов,false,,4939000,883,,,1689000,846,966000,1031,10655000,994,45000,957,5,Обработка и удаление отходов,АКМОЛИНСКАЯ ОБЛАСТЬ,ШОРТАНДИНСКИЙ РАЙОН
448135,Обработка и удаление опасных отходов,false,,812000,883,4361000,920,1104000,846,,,,,,,5,Обработка и удаление отходов,АКМОЛИНСКАЯ ОБЛАСТЬ,ШОРТАНДИНСКИЙ РАЙОН
741885,Всего,false,,43736886000,883,72990921000,920,36075935000,846,49570223000,1031,38684515000,994,74873565000,957,0,,АКМОЛИНСКАЯ ОБЛАСТЬ,БУРАБАЙСКИЙ РАЙОН
447173,"Сельское, лесное и рыбное хозяйство",false,,1861464000,883,1580162000,920,1016331000,846,527251000,1031,1448490000,994,2676949000,957,1,Всего,АКМОЛИНСКАЯ ОБЛАСТЬ,БУРАБАЙСКИЙ РАЙОН
447174,"Растениеводство и животноводство, охота и предоставление услуг в этих областях",false,,1861464000,883,1580162000,920,1016331000,846,527251000,1031,1448490000,994,2476949000,957,2,"Сельское, лесное и рыбное хозяйство",АКМОЛИНСКАЯ ОБЛАСТЬ,БУРАБАЙСКИЙ РАЙОН
447175,Выращивание одно- или двухлетних культур,false,,1636225000,883,1422947000,920,515209000,846,498835000,1031,1439477000,994,2372101000,957,3,"Растениеводство и животноводство, охота и предоставление услуг в этих областях",АКМОЛИНСКАЯ ОБЛАСТЬ,БУРАБАЙСКИЙ РАЙОН
447176,"Выращивание зерновых (кроме риса), бобовых и масличных культур",false,,1636225000,883,1422947000,920,515209000,846,402232000,1031,1439477000,994,2372101000,957,4,Выращивание одно- или двухлетних культур,АКМОЛИНСКАЯ ОБЛАСТЬ,БУРАБАЙСКИЙ РАЙОН
3783380,"Выращивание зерновых и зернобобовых культур, включая семеноводство",true,,1636225000,883,1422947000,920,515209000,846,318863000,1031,1259517000,994,2372101000,957,5,"Выращивание зерновых (кроме риса), бобовых и масличных культур",АКМОЛИНСКАЯ ОБЛАСТЬ,БУРАБАЙСКИЙ РАЙОН
447178,Выращивание масличных культур и их семян,true,,,,,,,,x,1031,179960000,994,,,5,"Выращивание зерновых (кроме риса), бобовых и масличных культур",АКМОЛИНСКАЯ ОБЛАСТЬ,БУРАБАЙСКИЙ РАЙОН
447181,"Выращивание овощей, бахчевых, корнеплодов и клубнеплодов",false,,,,,,,,96603000,1031,,,,,4,Выращивание одно- или двухлетних культур,АКМОЛИНСКАЯ ОБЛАСТЬ,БУРАБАЙСКИЙ РАЙОН
447182,Выращивание картофеля и посадочного материала,true,,,,,,,,96603000,1031,,,,,5,"Выращивание овощей, бахчевых, корнеплодов и клубнеплодов",АКМОЛИНСКАЯ ОБЛАСТЬ,БУРАБАЙСКИЙ РАЙОН
447196,Выращивание многолетних культур,false,,,,,,3050000,846,,,,,,,3,"Растениеводство и животноводство, охота и предоставление услуг в этих областях",АКМОЛИНСКАЯ ОБЛАСТЬ,БУРАБАЙСКИЙ РАЙОН
447205,"Выращивание прочих плодов, ягод и орехов",false,,,,,,3050000,846,,,,,,,4,Выращивание многолетних культур,АКМОЛИНСКАЯ ОБЛАСТЬ,БУРАБАЙСКИЙ РАЙОН
447206,"Выращивание прочих плодов, ягод и орехов",true,,,,,,3050000,846,,,,,,,5,"Выращивание прочих плодов, ягод и орехов",АКМОЛИНСКАЯ ОБЛАСТЬ,БУРАБАЙСКИЙ РАЙОН
447215,Воспроизводство растений,false,,x,883,x,920,,,,,,,,,3,"Растениеводство и животноводство, охота и предоставление услуг в этих областях",АКМОЛИНСКАЯ ОБЛАСТЬ,БУРАБАЙСКИЙ РАЙОН
447216,Воспроизводство растений,false,,x,883,x,920,,,,,,,,,4,Воспроизводство растений,АКМОЛИНСКАЯ ОБЛАСТЬ,БУРАБАЙСКИЙ РАЙОН
447217,Воспроизводство растений,true,,x,883,x,920,,,,,,,,,5,Воспроизводство растений,АКМОЛИНСКАЯ ОБЛАСТЬ,БУРАБАЙСКИЙ РАЙОН
447218,Животноводство,false,,223351000,883,155416000,920,468627000,846,28416000,1031,5210000,994,58298000,957,3,"Растениеводство и животноводство, охота и предоставление услуг в этих областях",АКМОЛИНСКАЯ ОБЛАСТЬ,БУРАБАЙСКИЙ РАЙОН
447219,Разведение крупного рогатого скота молочного направления,false,,210295000,883,132939000,920,344463000,846,,,5010000,994,56698000,957,4,Животноводство,АКМОЛИНСКАЯ ОБЛАСТЬ,БУРАБАЙСКИЙ РАЙОН
447220,Разведение крупного рогатого скота молочного направления,true,,210295000,883,132939000,920,344463000,846,,,5010000,994,56698000,957,5,Разведение крупного рогатого скота молочного направления,АКМОЛИНСКАЯ ОБЛАСТЬ,БУРАБАЙСКИЙ РАЙОН
447221,Разведение прочего крупного рогатого скота и буйволов,false,,,,21509000,920,112696000,846,12500000,1031,,,1600000,957,4,Животноводство,АКМОЛИНСКАЯ ОБЛАСТЬ,БУРАБАЙСКИЙ РАЙОН
447222,Разведение прочего крупного рогатого скота и буйволов,true,,,,21509000,920,112696000,846,12500000,1031,,,1600000,957,5,Разведение прочего крупного рогатого скота и буйволов,АКМОЛИНСКАЯ ОБЛАСТЬ,БУРАБАЙСКИЙ РАЙОН
447223,Разведение лошадей и прочих животных семейства лошадиных,false,,550000,883,,,,,15916000,1031,200000,994,,,4,Животноводство,АКМОЛИНСКАЯ ОБЛАСТЬ,БУРАБАЙСКИЙ РАЙОН
447224,Разведение лошадей,true,,550000,883,,,,,15916000,1031,200000,994,,,5,Разведение лошадей и прочих животных семейства лошадиных,АКМОЛИНСКАЯ ОБЛАСТЬ,БУРАБАЙСКИЙ РАЙОН
447232,Разведение сельскохозяйственной птицы ,false,,12506000,883,968000,920,2318000,846,,,,,,,4,Животноводство,АКМОЛИНСКАЯ ОБЛАСТЬ,БУРАБАЙСКИЙ РАЙОН
447235,"Производство смешанное, мясояичное",true,,12506000,883,968000,920,2318000,846,,,,,,,5,Разведение сельскохозяйственной птицы ,АКМОЛИНСКАЯ ОБЛАСТЬ,БУРАБАЙСКИЙ РАЙОН
447237,Разведение прочих видов животных,false,,,,,,9150000,846,,,,,,,4,Животноводство,АКМОЛИНСКАЯ ОБЛАСТЬ,БУРАБАЙСКИЙ РАЙОН
447238,Разведение прочих видов животных,true,,,,,,9150000,846,,,,,,,5,Разведение прочих видов животных,АКМОЛИНСКАЯ ОБЛАСТЬ,БУРАБАЙСКИЙ РАЙОН
447239,Смешанное сельское хозяйство,false,,x,883,,,3050000,846,,,3803000,994,46550000,957,3,"Растениеводство и животноводство, охота и предоставление услуг в этих областях",АКМОЛИНСКАЯ ОБЛАСТЬ,БУРАБАЙСКИЙ РАЙОН
447240,Смешанное сельское хозяйство,false,,x,883,,,3050000,846,,,3803000,994,46550000,957,4,Смешанное сельское хозяйство,АКМОЛИНСКАЯ ОБЛАСТЬ,БУРАБАЙСКИЙ РАЙОН
447241,Смешанное сельское хозяйство,true,,x,883,,,3050000,846,,,3803000,994,46550000,957,5,Смешанное сельское хозяйство,АКМОЛИНСКАЯ ОБЛАСТЬ,БУРАБАЙСКИЙ РАЙОН
18683346,"Деятельность, способствующая выращиванию сельскохозяйственных культур и разведению животных и деятельность по обработке урожая",false,,,,,,x,846,,,,,,,3,"Растениеводство и животноводство, охота и предоставление услуг в этих областях",АКМОЛИНСКАЯ ОБЛАСТЬ,БУРАБАЙСКИЙ РАЙОН
18683350,"Деятельность, способствующая животноводству",false,,,,,,x,846,,,,,,,4,"Деятельность, способствующая выращиванию сельскохозяйственных культур и разведению животных и деятельность по обработке урожая",АКМОЛИНСКАЯ ОБЛАСТЬ,БУРАБАЙСКИЙ РАЙОН
18683351,"Деятельность, способствующая животноводству",true,,,,,,x,846,,,,,,,5,"Деятельность, способствующая животноводству",АКМОЛИНСКАЯ ОБЛАСТЬ,БУРАБАЙСКИЙ РАЙОН
447268,Рыболовство и рыбоводство,false,,,,,,,,,,,,x,957,2,"Сельское, лесное и рыбное хозяйство",АКМОЛИНСКАЯ ОБЛАСТЬ,БУРАБАЙСКИЙ РАЙОН
447274,Рыбоводство,false,,,,,,,,,,,,x,957,3,Рыболовство и рыбоводство,АКМОЛИНСКАЯ ОБЛАСТЬ,БУРАБАЙСКИЙ РАЙОН
447277,Пресноводное рыбоводство,false,,,,,,,,,,,,x,957,4,Рыбоводство,АКМОЛИНСКАЯ ОБЛАСТЬ,БУРАБАЙСКИЙ РАЙОН
447278,Пресноводное рыбоводство,true,,,,,,,,,,,,x,957,5,Пресноводное рыбоводство,АКМОЛИНСКАЯ ОБЛАСТЬ,БУРАБАЙСКИЙ РАЙОН
448148,Строительство,false,,,,x,920,992000,846,29124000,1031,x,994,x,957,1,Всего,АКМОЛИНСКАЯ ОБЛАСТЬ,БУРАБАЙСКИЙ РАЙОН
448157,Гражданское строительство,false,,,,,,992000,846,,,,,,,2,Строительство,АКМОЛИНСКАЯ ОБЛАСТЬ,БУРАБАЙСКИЙ РАЙОН
448165,Строительство распределительных инженерных сооружений,false,,,,,,992000,846,,,,,,,3,Гражданское строительство,АКМОЛИНСКАЯ ОБЛАСТЬ,БУРАБАЙСКИЙ РАЙОН
448166,Строительство трубопроводов,false,,,,,,992000,846,,,,,,,4,Строительство распределительных инженерных сооружений,АКМОЛИНСКАЯ ОБЛАСТЬ,БУРАБАЙСКИЙ РАЙОН
448168,Строительство трубопроводов для систем водоснабжения и канализации,true,,,,,,992000,846,,,,,,,5,Строительство трубопроводов,АКМОЛИНСКАЯ ОБЛАСТЬ,БУРАБАЙСКИЙ РАЙОН
448177,Специализированные строительные работы,false,,,,x,920,,,29124000,1031,x,994,x,957,2,Строительство,АКМОЛИНСКАЯ ОБЛАСТЬ,БУРАБАЙСКИЙ РАЙОН
448187,"Монтаж и установка электрического, водопроводного и прочего оборудования",false,,,,,,,,x,1031,x,994,x,957,3,Специализированные строительные работы,АКМОЛИНСКАЯ ОБЛАСТЬ,БУРАБАЙСКИЙ РАЙОН
448188,Электромонтажные работы,false,,,,,,,,x,1031,x,994,x,957,4,"Монтаж и установка электрического, водопроводного и прочего оборудования",АКМОЛИНСКАЯ ОБЛАСТЬ,БУРАБАЙСКИЙ РАЙОН
18951435,Прочие электромонтажные работы,true,,,,,,,,x,1031,x,994,x,957,5,Электромонтажные работы,АКМОЛИНСКАЯ ОБЛАСТЬ,БУРАБАЙСКИЙ РАЙОН
448196,Отделочные работы,false,,,,,,,,x,1031,,,,,3,Специализированные строительные работы,АКМОЛИНСКАЯ ОБЛАСТЬ,БУРАБАЙСКИЙ РАЙОН
448205,Прочие отделочные работы,false,,,,,,,,x,1031,,,,,4,Отделочные работы,АКМОЛИНСКАЯ ОБЛАСТЬ,БУРАБАЙСКИЙ РАЙОН
448206,Прочие отделочные работы,true,,,,,,,,x,1031,,,,,5,Прочие отделочные работы,АКМОЛИНСКАЯ ОБЛАСТЬ,БУРАБАЙСКИЙ РАЙОН
448207,Прочие специализированные строительные работы,false,,,,x,920,,,,,,,,,3,Специализированные строительные работы,АКМОЛИНСКАЯ ОБЛАСТЬ,БУРАБАЙСКИЙ РАЙОН
448210,"Прочие специализированные строительные работы, не включенные в другие группировки",false,,,,x,920,,,,,,,,,4,Прочие специализированные строительные работы,АКМОЛИНСКАЯ ОБЛАСТЬ,БУРАБАЙСКИЙ РАЙОН
448214,"Прочие строительные работы, требующие специальной квалификации",true,,,,x,920,,,,,,,,,5,"Прочие специализированные строительные работы, не включенные в другие группировки",АКМОЛИНСКАЯ ОБЛАСТЬ,БУРАБАЙСКИЙ РАЙОН
448215,Оптовая и розничная торговля; ремонт автомобилей и мотоциклов,false,,573451000,883,487842000,920,385180000,846,496991000,1031,281970000,994,1044675000,957,1,Всего,АКМОЛИНСКАЯ ОБЛАСТЬ,БУРАБАЙСКИЙ РАЙОН
448216,Оптовая и розничная торговля автомобилями и мотоциклами и их ремонт,false,,x,883,19399000,920,,,,,,,,,2,Оптовая и розничная торговля; ремонт автомобилей и мотоциклов,АКМОЛИНСКАЯ ОБЛАСТЬ,БУРАБАЙСКИЙ РАЙОН
448217,Торговля автомобилями,false,,x,883,,,,,,,,,,,3,Оптовая и розничная торговля автомобилями и мотоциклами и их ремонт,АКМОЛИНСКАЯ ОБЛАСТЬ,БУРАБАЙСКИЙ РАЙОН
448221,Торговля прочими автотранспортными средствами,false,,x,883,,,,,,,,,,,4,Торговля автомобилями,АКМОЛИНСКАЯ ОБЛАСТЬ,БУРАБАЙСКИЙ РАЙОН
448222,Оптовая торговля прочими автотранспортными средствами,true,,x,883,,,,,,,,,,,5,Торговля прочими автотранспортными средствами,АКМОЛИНСКАЯ ОБЛАСТЬ,БУРАБАЙСКИЙ РАЙОН
448224,Техническое обслуживание и ремонт автомобилей,false,,,,19399000,920,,,,,,,,,3,Оптовая и розничная торговля автомобилями и мотоциклами и их ремонт,АКМОЛИНСКАЯ ОБЛАСТЬ,БУРАБАЙСКИЙ РАЙОН
448225,Техническое обслуживание и ремонт автомобилей,false,,,,19399000,920,,,,,,,,,4,Техническое обслуживание и ремонт автомобилей,АКМОЛИНСКАЯ ОБЛАСТЬ,БУРАБАЙСКИЙ РАЙОН
20575904,"Техническое обслуживание и ремонт автомобилей, за исключением произведенных станциями технического обслуживания, находящимися на придорожной полосе",true,,,,19399000,920,,,,,,,,,5,Техническое обслуживание и ремонт автомобилей,АКМОЛИНСКАЯ ОБЛАСТЬ,БУРАБАЙСКИЙ РАЙОН
448237,"Оптовая торговля, за исключением торговли автомобилями и мотоциклами",false,,4196000,883,33705000,920,,,24327000,1031,37895000,994,13088000,957,2,Оптовая и розничная торговля; ремонт автомобилей и мотоциклов,АКМОЛИНСКАЯ ОБЛАСТЬ,БУРАБАЙСКИЙ РАЙОН
448238,Оптовая торговля за вознаграждение или на договорной основе,false,,,,223000,920,,,22506000,1031,1029000,994,,,3,"Оптовая торговля, за исключением торговли автомобилями и мотоциклами",АКМОЛИНСКАЯ ОБЛАСТЬ,БУРАБАЙСКИЙ РАЙОН
448243,Деятельность агентов по оптовой торговле древесиной и строительными материалами,false,,,,223000,920,,,22506000,1031,1029000,994,,,4,Оптовая торговля за вознаграждение или на договорной основе,АКМОЛИНСКАЯ ОБЛАСТЬ,БУРАБАЙСКИЙ РАЙОН
448244,Деятельность агентов по оптовой торговле древесиной и строительными материалами,true,,,,223000,920,,,22506000,1031,1029000,994,,,5,Деятельность агентов по оптовой торговле древесиной и строительными материалами,АКМОЛИНСКАЯ ОБЛАСТЬ,БУРАБАЙСКИЙ РАЙОН
448257,Оптовая торговля сельскохозяйственным сырьем и живыми животными,false,,,,x,920,,,,,x,994,,,3,"Оптовая торговля, за исключением торговли автомобилями и мотоциклами",АКМОЛИНСКАЯ ОБЛАСТЬ,БУРАБАЙСКИЙ РАЙОН
448258,"Оптовая торговля зерном, необработанным табаком, семенами и кормами для животных",false,,,,x,920,,,,,x,994,,,4,Оптовая торговля сельскохозяйственным сырьем и живыми животными,АКМОЛИНСКАЯ ОБЛАСТЬ,БУРАБАЙСКИЙ РАЙОН
20575950,"Оптовая торговля зерном, семенами и кормами для животных",true,,,,x,920,,,,,x,994,,,5,"Оптовая торговля зерном, необработанным табаком, семенами и кормами для животных",АКМОЛИНСКАЯ ОБЛАСТЬ,БУРАБАЙСКИЙ РАЙОН
448331,Прочая специализированная оптовая торговля ,false,,4196000,883,,,,,1821000,1031,36000,994,13088000,957,3,"Оптовая торговля, за исключением торговли автомобилями и мотоциклами",АКМОЛИНСКАЯ ОБЛАСТЬ,БУРАБАЙСКИЙ РАЙОН
448332,"Оптовая торговля твердым, жидким и газообразным топливом и подобными продуктами",false,,4196000,883,,,,,1821000,1031,36000,994,13088000,957,4,Прочая специализированная оптовая торговля ,АКМОЛИНСКАЯ ОБЛАСТЬ,БУРАБАЙСКИЙ РАЙОН
448335,Оптовая торговля каменным углем,true,,,,,,,,1821000,1031,36000,994,13088000,957,5,"Оптовая торговля твердым, жидким и газообразным топливом и подобными продуктами",АКМОЛИНСКАЯ ОБЛАСТЬ,БУРАБАЙСКИЙ РАЙОН
448339,Оптовая торговля дизельным топливом,true,,4196000,883,,,,,,,,,,,5,"Оптовая торговля твердым, жидким и газообразным топливом и подобными продуктами",АКМОЛИНСКАЯ ОБЛАСТЬ,БУРАБАЙСКИЙ РАЙОН
448377,"Розничная торговля, кроме торговли автомобилями и мотоциклами",false,,541355000,883,434738000,920,385180000,846,472664000,1031,244075000,994,1031587000,957,2,Оптовая и розничная торговля; ремонт автомобилей и мотоциклов,АКМОЛИНСКАЯ ОБЛАСТЬ,БУРАБАЙСКИЙ РАЙОН
448378,Розничная торговля в неспециализированных магазинах,false,,368900000,883,x,920,313421000,846,436184000,1031,198196000,994,417105000,957,3,"Розничная торговля, кроме торговли автомобилями и мотоциклами",АКМОЛИНСКАЯ ОБЛАСТЬ,БУРАБАЙСКИЙ РАЙОН
448379,"Розничная торговля в неспециализированных магазинах преимущественно продуктами питания, напитками и табачными изделиями",false,,,,,,,,x,1031,,,,,4,Розничная торговля в неспециализированных магазинах,АКМОЛИНСКАЯ ОБЛАСТЬ,БУРАБАЙСКИЙ РАЙОН
3647934,"Розничная торговля преимущественно продуктами питания, напитками и табачными изделиями в неспециализированных магазинах, являющихся торговыми объектами, с торговой площадью менее 2000 кв.м ",true,,,,,,,,x,1031,,,,,5,"Розничная торговля в неспециализированных магазинах преимущественно продуктами питания, напитками и табачными изделиями",АКМОЛИНСКАЯ ОБЛАСТЬ,БУРАБАЙСКИЙ РАЙОН
448381,Прочая розничная торговля в неспециализированных магазинах,false,,368900000,883,x,920,313421000,846,435719000,1031,198196000,994,417105000,957,4,Розничная торговля в неспециализированных магазинах,АКМОЛИНСКАЯ ОБЛАСТЬ,БУРАБАЙСКИЙ РАЙОН
3647936,"Прочая розничная торговля в неспециализированных магазинах, являющихся торговыми объектами, с торговой площадью менее 2000 кв.м ",true,,368900000,883,x,920,313421000,846,221871000,1031,55693000,994,417105000,957,5,Прочая розничная торговля в неспециализированных магазинах,АКМОЛИНСКАЯ ОБЛАСТЬ,БУРАБАЙСКИЙ РАЙОН
3647937,"Прочая розничная торговля в неспециализированных магазинах, являющихся торговыми объектами, с торговой площадью более 2000 кв.м (2000 кв.м и выше)",true,,,,,,,,213848000,1031,142503000,994,,,5,Прочая розничная торговля в неспециализированных магазинах,АКМОЛИНСКАЯ ОБЛАСТЬ,БУРАБАЙСКИЙ РАЙОН
448383,"Розничная торговля продуктами питания, напитками и табачными изделиями в специализированных магазинах",false,,,,x,920,,,,,,,5381000,957,3,"Розничная торговля, кроме торговли автомобилями и мотоциклами",АКМОЛИНСКАЯ ОБЛАСТЬ,БУРАБАЙСКИЙ РАЙОН
448397,Прочая розничная торговля продуктами питания в специализированных магазинах,false,,,,x,920,,,,,,,5381000,957,4,"Розничная торговля продуктами питания, напитками и табачными изделиями в специализированных магазинах",АКМОЛИНСКАЯ ОБЛАСТЬ,БУРАБАЙСКИЙ РАЙОН
3647950,"Прочая розничная торговля продуктами питания в специализированных магазинах, являющихся торговыми объектами, с торговой площадью менее 2000 кв.м",true,,,,x,920,,,,,,,5381000,957,5,Прочая розничная торговля продуктами питания в специализированных магазинах,АКМОЛИНСКАЯ ОБЛАСТЬ,БУРАБАЙСКИЙ РАЙОН
448399,Розничная торговля топливом в специализированных магазинах,false,,170200000,883,420363000,920,64156000,846,34593000,1031,41881000,994,605165000,957,3,"Розничная торговля, кроме торговли автомобилями и мотоциклами",АКМОЛИНСКАЯ ОБЛАСТЬ,БУРАБАЙСКИЙ РАЙОН
448400,Розничная торговля топливом в специализированных магазинах,false,,170200000,883,420363000,920,64156000,846,34593000,1031,41881000,994,605165000,957,4,Розничная торговля топливом в специализированных магазинах,АКМОЛИНСКАЯ ОБЛАСТЬ,БУРАБАЙСКИЙ РАЙОН
20576124,"Розничная торговля моторным топливом в специализированных магазинах, за исключением находящихся на придорожной полосе",true,,170200000,883,420363000,920,,,34593000,1031,41881000,994,605165000,957,5,Розничная торговля топливом в специализированных магазинах,АКМОЛИНСКАЯ ОБЛАСТЬ,БУРАБАЙСКИЙ РАЙОН
18951442,Розничная торговля моторным топливом в специализированных магазинах,true,,,,,,64156000,846,,,,,,,5,Розничная торговля топливом в специализированных магазинах,АКМОЛИНСКАЯ ОБЛАСТЬ,БУРАБАЙСКИЙ РАЙОН
448409,Розничная торговля прочими бытовыми товарами в специализированных магазинах ,false,,,,x,920,,,,,,,x,957,3,"Розничная торговля, кроме торговли автомобилями и мотоциклами",АКМОЛИНСКАЯ ОБЛАСТЬ,БУРАБАЙСКИЙ РАЙОН
448416,Розничная торговля электрическими бытовыми приборами в специализированных магазинах,false,,,,x,920,,,,,,,x,957,4,Розничная торговля прочими бытовыми товарами в специализированных магазинах ,АКМОЛИНСКАЯ ОБЛАСТЬ,БУРАБАЙСКИЙ РАЙОН
3647962,"Розничная торговля электрическими бытовыми приборами в специализированных магазинах, являющихся торговыми объектами, с торговой площадью менее 2000 кв.м",true,,,,x,920,,,,,,,x,957,5,Розничная торговля электрическими бытовыми приборами в специализированных магазинах,АКМОЛИНСКАЯ ОБЛАСТЬ,БУРАБАЙСКИЙ РАЙОН
448433,Розничная торговля прочими товарами в специализированных магазинах,false,,x,883,x,920,7603000,846,1887000,1031,3998000,994,3669000,957,3,"Розничная торговля, кроме торговли автомобилями и мотоциклами",АКМОЛИНСКАЯ ОБЛАСТЬ,БУРАБАЙСКИЙ РАЙОН
448437,Розничная торговля обувью и кожаными изделиями в специализированных магазинах,false,,,,,,,,,,x,994,x,957,4,Розничная торговля прочими товарами в специализированных магазинах,АКМОЛИНСКАЯ ОБЛАСТЬ,БУРАБАЙСКИЙ РАЙОН
448438,"Розничная торговля обувью в специализированных магазинах, являющихся торговыми объектами, с торговой площадью менее 2000 кв.м",true,,,,,,,,,,x,994,x,957,5,Розничная торговля обувью и кожаными изделиями в специализированных магазинах,АКМОЛИНСКАЯ ОБЛАСТЬ,БУРАБАЙСКИЙ РАЙОН
448440,Розничная торговля фармацевтическими товарами в специализированных магазинах,false,,x,883,x,920,7603000,846,1887000,1031,3328000,994,x,957,4,Розничная торговля прочими товарами в специализированных магазинах,АКМОЛИНСКАЯ ОБЛАСТЬ,БУРАБАЙСКИЙ РАЙОН
3647981,"Розничная торговля фармацевтическими товарами в специализированных магазинах, являющихся торговыми объектами, с торговой площадью менее 2000 кв.м",true,,x,883,x,920,7603000,846,1887000,1031,3328000,994,x,957,5,Розничная торговля фармацевтическими товарами в специализированных магазинах,АКМОЛИНСКАЯ ОБЛАСТЬ,БУРАБАЙСКИЙ РАЙОН
448475,Транспорт и складирование,false,,1921299000,883,4462774000,920,2556772000,846,6635622000,1031,7209695000,994,5805131000,957,1,Всего,АКМОЛИНСКАЯ ОБЛАСТЬ,БУРАБАЙСКИЙ РАЙОН
448476,Деятельность сухопутного и трубопроводного транспорта ,false,,x,883,837102000,920,88752000,846,x,1031,802978000,994,x,957,2,Транспорт и складирование,АКМОЛИНСКАЯ ОБЛАСТЬ,БУРАБАЙСКИЙ РАЙОН
448480,Деятельность грузового железнодорожного транспорта,false,,x,883,720796000,920,x,846,x,1031,802978000,994,x,957,3,Деятельность сухопутного и трубопроводного транспорта ,АКМОЛИНСКАЯ ОБЛАСТЬ,БУРАБАЙСКИЙ РАЙОН
448481,Деятельность грузового железнодорожного транспорта,false,,x,883,720796000,920,x,846,x,1031,802978000,994,x,957,4,Деятельность грузового железнодорожного транспорта,АКМОЛИНСКАЯ ОБЛАСТЬ,БУРАБАЙСКИЙ РАЙОН
448482,Деятельность грузового железнодорожного транспорта,true,,x,883,720796000,920,x,846,x,1031,802978000,994,x,957,5,Деятельность грузового железнодорожного транспорта,АКМОЛИНСКАЯ ОБЛАСТЬ,БУРАБАЙСКИЙ РАЙОН
448494,Деятельность грузового автомобильного транспорта и предоставление услуг по переезду ,false,,,,116306000,920,74305000,846,,,,,,,3,Деятельность сухопутного и трубопроводного транспорта ,АКМОЛИНСКАЯ ОБЛАСТЬ,БУРАБАЙСКИЙ РАЙОН
448495,Деятельность грузового автомобильного транспорта,false,,,,116306000,920,74305000,846,,,,,,,4,Деятельность грузового автомобильного транспорта и предоставление услуг по переезду ,АКМОЛИНСКАЯ ОБЛАСТЬ,БУРАБАЙСКИЙ РАЙОН
448496,Деятельность грузового автомобильного транспорта,true,,,,116306000,920,74305000,846,,,,,,,5,Деятельность грузового автомобильного транспорта,АКМОЛИНСКАЯ ОБЛАСТЬ,БУРАБАЙСКИЙ РАЙОН
448527,Складирование грузов и вспомогательная транспортная деятельность,false,,1914910000,883,3625672000,920,2468020000,846,6074455000,1031,6406717000,994,5563426000,957,2,Транспорт и складирование,АКМОЛИНСКАЯ ОБЛАСТЬ,БУРАБАЙСКИЙ РАЙОН
448528,Складирование и хранение грузов,false,,17515000,883,41451000,920,177463000,846,517286000,1031,174940000,994,2162103000,957,3,Складирование грузов и вспомогательная транспортная деятельность,АКМОЛИНСКАЯ ОБЛАСТЬ,БУРАБАЙСКИЙ РАЙОН
448529,Складирование и хранение грузов,false,,17515000,883,41451000,920,177463000,846,517286000,1031,174940000,994,2162103000,957,4,Складирование и хранение грузов,АКМОЛИНСКАЯ ОБЛАСТЬ,БУРАБАЙСКИЙ РАЙОН
448530,Складирование и хранение зерна,true,,17515000,883,35899000,920,177463000,846,405025000,1031,105047000,994,128283000,957,5,Складирование и хранение грузов,АКМОЛИНСКАЯ ОБЛАСТЬ,БУРАБАЙСКИЙ РАЙОН
448531,"Складирование и хранение непродовольственных товаров, кроме зерна и нефти",true,,,,5552000,920,,,,,,,1903074000,957,5,Складирование и хранение грузов,АКМОЛИНСКАЯ ОБЛАСТЬ,БУРАБАЙСКИЙ РАЙОН
20576307,"Складирование и хранение продовольственных товаров, кроме овощей и фруктов",true,,,,,,,,x,1031,x,994,x,957,5,Складирование и хранение грузов,АКМОЛИНСКАЯ ОБЛАСТЬ,БУРАБАЙСКИЙ РАЙОН
20576309,Складирование и хранение овощей и фруктов,true,,,,,,,,,,,,x,957,5,Складирование и хранение грузов,АКМОЛИНСКАЯ ОБЛАСТЬ,БУРАБАЙСКИЙ РАЙОН
448533,Вспомогательная транспортная деятельность,false,,1897395000,883,3584221000,920,2290557000,846,5557169000,1031,6231777000,994,3401323000,957,3,Складирование грузов и вспомогательная транспортная деятельность,АКМОЛИНСКАЯ ОБЛАСТЬ,БУРАБАЙСКИЙ РАЙОН
448534,Вспомогательная деятельность сухопутного транспорта,false,,1897395000,883,3584221000,920,2290557000,846,5557169000,1031,6231777000,994,3401323000,957,4,Вспомогательная транспортная деятельность,АКМОЛИНСКАЯ ОБЛАСТЬ,БУРАБАЙСКИЙ РАЙОН
448535,Эксплуатация железных дорог,true,,x,883,866809000,920,x,846,791955000,1031,919310000,994,1307246000,957,5,Вспомогательная деятельность сухопутного транспорта,АКМОЛИНСКАЯ ОБЛАСТЬ,БУРАБАЙСКИЙ РАЙОН
448536,Эксплуатация автомобильных дорог,true,,1365727000,883,2717412000,920,1408831000,846,4765214000,1031,5312467000,994,2094077000,957,5,Вспомогательная деятельность сухопутного транспорта,АКМОЛИНСКАЯ ОБЛАСТЬ,БУРАБАЙСКИЙ РАЙОН
448538,Деятельность автомобильных стоянок,true,,529500000,883,,,x,846,,,,,,,5,Вспомогательная деятельность сухопутного транспорта,АКМОЛИНСКАЯ ОБЛАСТЬ,БУРАБАЙСКИЙ РАЙОН
448558,Предоставление услуг по проживанию и питанию,false,,8507184000,883,5324664000,920,13179215000,846,4460383000,1031,12472131000,994,3459945000,957,1,Всего,АКМОЛИНСКАЯ ОБЛАСТЬ,БУРАБАЙСКИЙ РАЙОН
3783427,Предоставление услуг по временному проживанию,false,,8507184000,883,5324664000,920,13179215000,846,3836167000,1031,12472131000,994,3425945000,957,2,Предоставление услуг по проживанию и питанию,АКМОЛИНСКАЯ ОБЛАСТЬ,БУРАБАЙСКИЙ РАЙОН
3783428,Предоставление услуг гостиницами и аналогичными местами для проживания,false,,2119752000,883,5248050000,920,12552062000,846,1759604000,1031,4356644000,994,465538000,957,3,Предоставление услуг по временному проживанию,АКМОЛИНСКАЯ ОБЛАСТЬ,БУРАБАЙСКИЙ РАЙОН
3783429,Предоставление услуг гостиницами и аналогичными местами для проживания,false,,2119752000,883,5248050000,920,12552062000,846,1759604000,1031,4356644000,994,465538000,957,4,Предоставление услуг гостиницами и аналогичными местами для проживания,АКМОЛИНСКАЯ ОБЛАСТЬ,БУРАБАЙСКИЙ РАЙОН
3783430,"Предоставление услуг гостиницами с ресторанами, за исключением гостиниц, находящихся на придорожной полосе",true,,1210959000,883,5197926000,920,4605208000,846,1219343000,1031,356644000,994,281538000,957,5,Предоставление услуг гостиницами и аналогичными местами для проживания,АКМОЛИНСКАЯ ОБЛАСТЬ,БУРАБАЙСКИЙ РАЙОН
3783431,"Предоставление услуг гостиницами без ресторанов, за исключением гостиниц, находящихся на придорожной полосе",true,,908793000,883,50124000,920,7946854000,846,540261000,1031,x,994,x,957,5,Предоставление услуг гостиницами и аналогичными местами для проживания,АКМОЛИНСКАЯ ОБЛАСТЬ,БУРАБАЙСКИЙ РАЙОН
3783432,Предоставление жилья на выходные дни и прочие периоды краткосрочного проживания,false,,4323080000,883,76614000,920,482691000,846,2076563000,1031,2468115000,994,2345092000,957,3,Предоставление услуг по временному проживанию,АКМОЛИНСКАЯ ОБЛАСТЬ,БУРАБАЙСКИЙ РАЙОН
3783433,Предоставление жилья на выходные дни и прочие периоды краткосрочного проживания,false,,4323080000,883,76614000,920,482691000,846,2076563000,1031,2468115000,994,2345092000,957,4,Предоставление жилья на выходные дни и прочие периоды краткосрочного проживания,АКМОЛИНСКАЯ ОБЛАСТЬ,БУРАБАЙСКИЙ РАЙОН
3783434,Предоставление жилья на выходные дни и прочие периоды краткосрочного проживания,true,,4323080000,883,76614000,920,482691000,846,2076563000,1031,2468115000,994,2345092000,957,5,Предоставление жилья на выходные дни и прочие периоды краткосрочного проживания,АКМОЛИНСКАЯ ОБЛАСТЬ,БУРАБАЙСКИЙ РАЙОН
3783441,Предоставление услуг прочими местами для проживания,false,,2064352000,883,,,144462000,846,,,5647372000,994,615315000,957,3,Предоставление услуг по временному проживанию,АКМОЛИНСКАЯ ОБЛАСТЬ,БУРАБАЙСКИЙ РАЙОН
3783442,Предоставление услуг прочими местами для проживания,false,,2064352000,883,,,144462000,846,,,5647372000,994,615315000,957,4,Предоставление услуг прочими местами для проживания,АКМОЛИНСКАЯ ОБЛАСТЬ,БУРАБАЙСКИЙ РАЙОН
3783443,Услуги в других видах жилья,true,,,,,,144462000,846,,,,,,,5,Предоставление услуг прочими местами для проживания,АКМОЛИНСКАЯ ОБЛАСТЬ,БУРАБАЙСКИЙ РАЙОН
20576355,Предоставление услуг общежитиями при школах-интернатах,true,,1628905000,883,,,,,,,,,,,5,Предоставление услуг прочими местами для проживания,АКМОЛИНСКАЯ ОБЛАСТЬ,БУРАБАЙСКИЙ РАЙОН
20576357,"Предоставление услуг прочими местами для проживания, не включенными в другие категории",true,,435447000,883,,,,,,,5647372000,994,615315000,957,5,Предоставление услуг прочими местами для проживания,АКМОЛИНСКАЯ ОБЛАСТЬ,БУРАБАЙСКИЙ РАЙОН
448573,Предоставление услуг по обеспечению питанием и напитками,false,,,,,,,,624216000,1031,,,x,957,2,Предоставление услуг по проживанию и питанию,АКМОЛИНСКАЯ ОБЛАСТЬ,БУРАБАЙСКИЙ РАЙОН
448574,Деятельность ресторанов и предоставление услуг по доставке продуктов питания,false,,,,,,,,x,1031,,,x,957,3,Предоставление услуг по обеспечению питанием и напитками,АКМОЛИНСКАЯ ОБЛАСТЬ,БУРАБАЙСКИЙ РАЙОН
448575,Деятельность ресторанов и предоставление услуг по доставке продуктов питания,false,,,,,,,,x,1031,,,x,957,4,Деятельность ресторанов и предоставление услуг по доставке продуктов питания,АКМОЛИНСКАЯ ОБЛАСТЬ,БУРАБАЙСКИЙ РАЙОН
20576362,"Деятельность ресторанов и предоставление услуг по доставке продуктов питания, за исключением деятельности объектов, находящихся на придорожной полосе",true,,,,,,,,x,1031,,,x,957,5,Деятельность ресторанов и предоставление услуг по доставке продуктов питания,АКМОЛИНСКАЯ ОБЛАСТЬ,БУРАБАЙСКИЙ РАЙОН
448577,Доставка готовой пищи на заказ и прочая деятельность по обеспечению питанием,false,,,,,,,,x,1031,,,,,3,Предоставление услуг по обеспечению питанием и напитками,АКМОЛИНСКАЯ ОБЛАСТЬ,БУРАБАЙСКИЙ РАЙОН
448580,Прочая деятельность по обеспечению питанием,false,,,,,,,,x,1031,,,,,4,Доставка готовой пищи на заказ и прочая деятельность по обеспечению питанием,АКМОЛИНСКАЯ ОБЛАСТЬ,БУРАБАЙСКИЙ РАЙОН
18951446,"Прочая деятельность по обеспечению питанием, не включенная в другие группировки",true,,,,,,,,x,1031,,,,,5,Прочая деятельность по обеспечению питанием,АКМОЛИНСКАЯ ОБЛАСТЬ,БУРАБАЙСКИЙ РАЙОН
448585,Информация и связь,false,,244719000,883,109178000,920,237842000,846,284311000,1031,211626000,994,44752000,957,1,Всего,АКМОЛИНСКАЯ ОБЛАСТЬ,БУРАБАЙСКИЙ РАЙОН
448623,Телекоммуникации,false,,244719000,883,109178000,920,237842000,846,284311000,1031,207585000,994,44752000,957,2,Информация и связь,АКМОЛИНСКАЯ ОБЛАСТЬ,БУРАБАЙСКИЙ РАЙОН
18696628,Проводная телекоммуникационная связь,false,,104454000,883,28719000,920,155410000,846,547000,1031,1988000,994,12085000,957,3,Телекоммуникации,АКМОЛИНСКАЯ ОБЛАСТЬ,БУРАБАЙСКИЙ РАЙОН
18696629,Проводная телекоммуникационная связь,false,,104454000,883,28719000,920,155410000,846,547000,1031,1988000,994,12085000,957,4,Проводная телекоммуникационная связь,АКМОЛИНСКАЯ ОБЛАСТЬ,БУРАБАЙСКИЙ РАЙОН
18946146,Прочая проводная телекоммуникационная связь,true,,104454000,883,28719000,920,155410000,846,547000,1031,1988000,994,12085000,957,5,Проводная телекоммуникационная связь,АКМОЛИНСКАЯ ОБЛАСТЬ,БУРАБАЙСКИЙ РАЙОН
448627,Беспроводная телекоммуникационная связь,false,,140265000,883,80459000,920,82432000,846,283764000,1031,205597000,994,32667000,957,3,Телекоммуникации,АКМОЛИНСКАЯ ОБЛАСТЬ,БУРАБАЙСКИЙ РАЙОН
448628,Беспроводная телекоммуникационная связь,false,,140265000,883,80459000,920,82432000,846,283764000,1031,205597000,994,32667000,957,4,Беспроводная телекоммуникационная связь,АКМОЛИНСКАЯ ОБЛАСТЬ,БУРАБАЙСКИЙ РАЙОН
18946147,Беспроводная телекоммуникационная связь посредством единой транспортной среды,true,,,,,,,,,,,,31937000,957,5,Беспроводная телекоммуникационная связь,АКМОЛИНСКАЯ ОБЛАСТЬ,БУРАБАЙСКИЙ РАЙОН
18946149,Прочая беспроводная телекоммуникационная связь,true,,140265000,883,80459000,920,82432000,846,283764000,1031,205597000,994,730000,957,5,Беспроводная телекоммуникационная связь,АКМОЛИНСКАЯ ОБЛАСТЬ,БУРАБАЙСКИЙ РАЙОН
448636,"Компьютерное программирование, консультационные и другие сопутствующие услуги",false,,,,,,,,,,4041000,994,,,2,Информация и связь,АКМОЛИНСКАЯ ОБЛАСТЬ,БУРАБАЙСКИЙ РАЙОН
448637,"Компьютерное программирование, консультационные и другие сопутствующие услуги",false,,,,,,,,,,4041000,994,,,3,"Компьютерное программирование, консультационные и другие сопутствующие услуги",АКМОЛИНСКАЯ ОБЛАСТЬ,БУРАБАЙСКИЙ РАЙОН
448645,Другие виды деятельности в области информационных технологий и информационных систем,false,,,,,,,,,,4041000,994,,,4,"Компьютерное программирование, консультационные и другие сопутствующие услуги",АКМОЛИНСКАЯ ОБЛАСТЬ,БУРАБАЙСКИЙ РАЙОН
20576432,"Другие виды деятельности в области информационных технологий и информационных систем, не включенные в другие группировки",true,,,,,,,,,,4041000,994,,,5,Другие виды деятельности в области информационных технологий и информационных систем,АКМОЛИНСКАЯ ОБЛАСТЬ,БУРАБАЙСКИЙ РАЙОН
448658,Финансовая и страховая деятельность,false,,,,,,,,,,x,994,,,1,Всего,АКМОЛИНСКАЯ ОБЛАСТЬ,БУРАБАЙСКИЙ РАЙОН
448696,Вспомогательная деятельность в сфере финансовых услуг и страхования,false,,,,,,,,,,x,994,,,2,Финансовая и страховая деятельность,АКМОЛИНСКАЯ ОБЛАСТЬ,БУРАБАЙСКИЙ РАЙОН
448697,"Вспомогательная деятельность в сфере финансовых услуг, кроме страхования и пенсионного обеспечения ",false,,,,,,,,,,x,994,,,3,Вспомогательная деятельность в сфере финансовых услуг и страхования,АКМОЛИНСКАЯ ОБЛАСТЬ,БУРАБАЙСКИЙ РАЙОН
448700,Брокерская деятельность по сделкам с ценными бумагами и товарами,false,,,,,,,,,,x,994,,,4,"Вспомогательная деятельность в сфере финансовых услуг, кроме страхования и пенсионного обеспечения ",АКМОЛИНСКАЯ ОБЛАСТЬ,БУРАБАЙСКИЙ РАЙОН
20576501,"Брокерская деятельность по сделкам с ценными бумагами и товарами, за исключением деятельности, связанной с управлением активами Национального фонда, золотовалютными активами Национального Банка, пенсионными активами",true,,,,,,,,,,x,994,,,5,Брокерская деятельность по сделкам с ценными бумагами и товарами,АКМОЛИНСКАЯ ОБЛАСТЬ,БУРАБАЙСКИЙ РАЙОН
448714,Операции с недвижимым имуществом,false,,2237482000,883,2263110000,920,2039211000,846,8013892000,1031,5149382000,994,6045356000,957,1,Всего,АКМОЛИНСКАЯ ОБЛАСТЬ,БУРАБАЙСКИЙ РАЙОН
448715,Операции с недвижимым имуществом,false,,2237482000,883,2263110000,920,2039211000,846,8013892000,1031,5149382000,994,6045356000,957,2,Операции с недвижимым имуществом,АКМОЛИНСКАЯ ОБЛАСТЬ,БУРАБАЙСКИЙ РАЙОН
448716,Покупка и продажа собственного недвижимого имущества ,false,,2213802000,883,2241426000,920,1791274000,846,7831130000,1031,4992137000,994,6044372000,957,3,Операции с недвижимым имуществом,АКМОЛИНСКАЯ ОБЛАСТЬ,БУРАБАЙСКИЙ РАЙОН
448717,Покупка и продажа собственного недвижимого имущества ,false,,2213802000,883,2241426000,920,1791274000,846,7831130000,1031,4992137000,994,6044372000,957,4,Покупка и продажа собственного недвижимого имущества ,АКМОЛИНСКАЯ ОБЛАСТЬ,БУРАБАЙСКИЙ РАЙОН
543091,Покупка и продажа многоквартирных и жилых домов (особняков),true,,2213802000,883,2241426000,920,1791274000,846,7831130000,1031,4960408000,994,6033620000,957,5,Покупка и продажа собственного недвижимого имущества ,АКМОЛИНСКАЯ ОБЛАСТЬ,БУРАБАЙСКИЙ РАЙОН
543092,Покупка и продажа прочей недвижимости,true,,,,,,,,,,x,994,x,957,5,Покупка и продажа собственного недвижимого имущества ,АКМОЛИНСКАЯ ОБЛАСТЬ,БУРАБАЙСКИЙ РАЙОН
448719,Аренда и управление собственной или арендуемой недвижимостью,false,,23680000,883,x,920,247937000,846,x,1031,x,994,x,957,3,Операции с недвижимым имуществом,АКМОЛИНСКАЯ ОБЛАСТЬ,БУРАБАЙСКИЙ РАЙОН
448720,Аренда и управление собственной или арендуемой недвижимостью,false,,23680000,883,x,920,247937000,846,x,1031,x,994,x,957,4,Аренда и управление собственной или арендуемой недвижимостью,АКМОЛИНСКАЯ ОБЛАСТЬ,БУРАБАЙСКИЙ РАЙОН
18946171,Аренда и управление собственной недвижимостью,true,,x,883,x,920,247937000,846,,,x,994,x,957,5,Аренда и управление собственной или арендуемой недвижимостью,АКМОЛИНСКАЯ ОБЛАСТЬ,БУРАБАЙСКИЙ РАЙОН
18951451,Аренда (субаренда) и эксплуатация арендуемой недвижимости,true,,x,883,,,,,,,,,,,5,Аренда и управление собственной или арендуемой недвижимостью,АКМОЛИНСКАЯ ОБЛАСТЬ,БУРАБАЙСКИЙ РАЙОН
448728,"Профессиональная, научная и техническая деятельность",false,,x,883,x,920,,,135333000,1031,50829000,994,x,957,1,Всего,АКМОЛИНСКАЯ ОБЛАСТЬ,БУРАБАЙСКИЙ РАЙОН
448738,Деятельность головных компаний; консультирование по вопросам управления ,false,,,,,,,,78000,1031,,,,,2,"Профессиональная, научная и техническая деятельность",АКМОЛИНСКАЯ ОБЛАСТЬ,БУРАБАЙСКИЙ РАЙОН
448742,Деятельность по консультированию по вопросам управления,false,,,,,,,,78000,1031,,,,,3,Деятельность головных компаний; консультирование по вопросам управления ,АКМОЛИНСКАЯ ОБЛАСТЬ,БУРАБАЙСКИЙ РАЙОН
448745,Консультирование по вопросам коммерческой деятельности и прочее консультирование по вопросам управления,false,,,,,,,,78000,1031,,,,,4,Деятельность по консультированию по вопросам управления,АКМОЛИНСКАЯ ОБЛАСТЬ,БУРАБАЙСКИЙ РАЙОН
18946177,Консультирование по вопросам коммерческой деятельности и управления,true,,,,,,,,78000,1031,,,,,5,Консультирование по вопросам коммерческой деятельности и прочее консультирование по вопросам управления,АКМОЛИНСКАЯ ОБЛАСТЬ,БУРАБАЙСКИЙ РАЙОН
448779,"Прочая профессиональная, научная и техническая деятельность",false,,x,883,x,920,,,x,1031,50829000,994,x,957,2,"Профессиональная, научная и техническая деятельность",АКМОЛИНСКАЯ ОБЛАСТЬ,БУРАБАЙСКИЙ РАЙОН
448789,"Прочая профессиональная, научная и техническая деятельность, не включенная в другие группировки",false,,x,883,x,920,,,x,1031,50829000,994,x,957,3,"Прочая профессиональная, научная и техническая деятельность",АКМОЛИНСКАЯ ОБЛАСТЬ,БУРАБАЙСКИЙ РАЙОН
448790,"Прочая профессиональная, научная и техническая деятельность, не включенная в другие группировки",false,,x,883,x,920,,,x,1031,50829000,994,x,957,4,"Прочая профессиональная, научная и техническая деятельность, не включенная в другие группировки",АКМОЛИНСКАЯ ОБЛАСТЬ,БУРАБАЙСКИЙ РАЙОН
448792,"Иная профессиональная, научная и техническая деятельность, не включенная в другие группировки",true,,x,883,x,920,,,x,1031,50829000,994,x,957,5,"Прочая профессиональная, научная и техническая деятельность, не включенная в другие группировки",АКМОЛИНСКАЯ ОБЛАСТЬ,БУРАБАЙСКИЙ РАЙОН
448797,Деятельность в области административного и вспомогательного обслуживания,false,,791361000,883,621740000,920,1428068000,846,391300000,1031,296400000,994,145135000,957,1,Всего,АКМОЛИНСКАЯ ОБЛАСТЬ,БУРАБАЙСКИЙ РАЙОН
448798,"Аренда, прокат и лизинг",false,,x,883,x,920,691305000,846,250449000,1031,82454000,994,45135000,957,2,Деятельность в области административного и вспомогательного обслуживания,АКМОЛИНСКАЯ ОБЛАСТЬ,БУРАБАЙСКИЙ РАЙОН
448811,"Аренда и лизинг прочих машин, оборудования и материальных активов",false,,x,883,x,920,691305000,846,250449000,1031,82454000,994,45135000,957,3,"Аренда, прокат и лизинг",АКМОЛИНСКАЯ ОБЛАСТЬ,БУРАБАЙСКИЙ РАЙОН
448812,Аренда и лизинг сельскохозяйственных машин и оборудования ,false,,,,,,x,846,,,,,,,4,"Аренда и лизинг прочих машин, оборудования и материальных активов",АКМОЛИНСКАЯ ОБЛАСТЬ,БУРАБАЙСКИЙ РАЙОН
543079,Аренда сельскохозяйственных машин и оборудования ,true,,,,,,x,846,,,,,,,5,Аренда и лизинг сельскохозяйственных машин и оборудования ,АКМОЛИНСКАЯ ОБЛАСТЬ,БУРАБАЙСКИЙ РАЙОН
448822,"Аренда и лизинг прочих машин, оборудования и материальных активов, не включенных в другие группировки",false,,x,883,x,920,691051000,846,250449000,1031,82454000,994,45135000,957,4,"Аренда и лизинг прочих машин, оборудования и материальных активов",АКМОЛИНСКАЯ ОБЛАСТЬ,БУРАБАЙСКИЙ РАЙОН
543089,"Аренда прочих машин, оборудования и материальных активов, не включенных в другие группировки",true,,x,883,x,920,691051000,846,250449000,1031,82454000,994,45135000,957,5,"Аренда и лизинг прочих машин, оборудования и материальных активов, не включенных в другие группировки",АКМОЛИНСКАЯ ОБЛАСТЬ,БУРАБАЙСКИЙ РАЙОН
448837,"Деятельность туристских агентств и операторов, бронирование и сопутствующая деятельность",false,,,,265000,920,,,,,,,,,2,Деятельность в области административного и вспомогательного обслуживания,АКМОЛИНСКАЯ ОБЛАСТЬ,БУРАБАЙСКИЙ РАЙОН
448838,Деятельность туристских агентств и операторов,false,,,,265000,920,,,,,,,,,3,"Деятельность туристских агентств и операторов, бронирование и сопутствующая деятельность",АКМОЛИНСКАЯ ОБЛАСТЬ,БУРАБАЙСКИЙ РАЙОН
448841,Деятельность туристских операторов,false,,,,265000,920,,,,,,,,,4,Деятельность туристских агентств и операторов,АКМОЛИНСКАЯ ОБЛАСТЬ,БУРАБАЙСКИЙ РАЙОН
448842,Деятельность туристских операторов,true,,,,265000,920,,,,,,,,,5,Деятельность туристских операторов,АКМОЛИНСКАЯ ОБЛАСТЬ,БУРАБАЙСКИЙ РАЙОН
448856,Деятельность по обслуживанию зданий и благоустройству территорий,false,,787457000,883,x,920,736763000,846,140851000,1031,213946000,994,x,957,2,Деятельность в области административного и вспомогательного обслуживания,АКМОЛИНСКАЯ ОБЛАСТЬ,БУРАБАЙСКИЙ РАЙОН
448867,Деятельность по благоустройству территорий,false,,787457000,883,x,920,736763000,846,140851000,1031,213946000,994,x,957,3,Деятельность по обслуживанию зданий и благоустройству территорий,АКМОЛИНСКАЯ ОБЛАСТЬ,БУРАБАЙСКИЙ РАЙОН
448868,Деятельность по благоустройству территорий,false,,787457000,883,x,920,736763000,846,140851000,1031,213946000,994,x,957,4,Деятельность по благоустройству территорий,АКМОЛИНСКАЯ ОБЛАСТЬ,БУРАБАЙСКИЙ РАЙОН
448869,Деятельность по благоустройству территорий,true,,787457000,883,x,920,736763000,846,140851000,1031,213946000,994,x,957,5,Деятельность по благоустройству территорий,АКМОЛИНСКАЯ ОБЛАСТЬ,БУРАБАЙСКИЙ РАЙОН
448870,"Деятельность в области офисного административного и вспомогательного обслуживания, направленная на поддержание коммерческой деятельности",false,,,,x,920,,,,,,,,,2,Деятельность в области административного и вспомогательного обслуживания,АКМОЛИНСКАЯ ОБЛАСТЬ,БУРАБАЙСКИЙ РАЙОН
448882,"Деятельность по предоставлению вспомогательных коммерческих услуг, не включенная в другие группировки",false,,,,x,920,,,,,,,,,3,"Деятельность в области офисного административного и вспомогательного обслуживания, направленная на поддержание коммерческой деятельности",АКМОЛИНСКАЯ ОБЛАСТЬ,БУРАБАЙСКИЙ РАЙОН
448887,"Прочая деятельность по предоставлению вспомогательных коммерческих услуг, не включенная в другие группировки",false,,,,x,920,,,,,,,,,4,"Деятельность по предоставлению вспомогательных коммерческих услуг, не включенная в другие группировки",АКМОЛИНСКАЯ ОБЛАСТЬ,БУРАБАЙСКИЙ РАЙОН
448888,"Прочая деятельность по предоставлению вспомогательных коммерческих услуг, не включенная в другие группировки",true,,,,x,920,,,,,,,,,5,"Прочая деятельность по предоставлению вспомогательных коммерческих услуг, не включенная в другие группировки",АКМОЛИНСКАЯ ОБЛАСТЬ,БУРАБАЙСКИЙ РАЙОН
448889,Государственное управление и оборона; обязательное  социальное обеспечение,false,,300000000,883,404079000,920,29695000,846,53081000,1031,,,,,1,Всего,АКМОЛИНСКАЯ ОБЛАСТЬ,БУРАБАЙСКИЙ РАЙОН
448890,Государственное управление и оборона; обязательное социальное обеспечение,false,,300000000,883,404079000,920,29695000,846,53081000,1031,,,,,2,Государственное управление и оборона; обязательное  социальное обеспечение,АКМОЛИНСКАЯ ОБЛАСТЬ,БУРАБАЙСКИЙ РАЙОН
448891,Государственное управление общего характера и управление социально-экономическое политикой общества,false,,,,,,,,53081000,1031,,,,,3,Государственное управление и оборона; обязательное социальное обеспечение,АКМОЛИНСКАЯ ОБЛАСТЬ,БУРАБАЙСКИЙ РАЙОН
448892,Государственное управление общего характера,false,,,,,,,,x,1031,,,,,4,Государственное управление общего характера и управление социально-экономическое политикой общества,АКМОЛИНСКАЯ ОБЛАСТЬ,БУРАБАЙСКИЙ РАЙОН
448894,Деятельность региональных органов управления,true,,,,,,,,x,1031,,,,,5,Государственное управление общего характера,АКМОЛИНСКАЯ ОБЛАСТЬ,БУРАБАЙСКИЙ РАЙОН
448900,"Регулирование деятельности учреждений здравоохранения, образования, культуры и других социальных услуг, кроме социального обеспечения ",false,,,,,,,,6168000,1031,,,,,4,Государственное управление общего характера и управление социально-экономическое политикой общества,АКМОЛИНСКАЯ ОБЛАСТЬ,БУРАБАЙСКИЙ РАЙОН
448901,"Регулирование деятельности учреждений здравоохранения, образования, культуры и других социальных услуг, кроме социального обеспечения ",true,,,,,,,,6168000,1031,,,,,5,"Регулирование деятельности учреждений здравоохранения, образования, культуры и других социальных услуг, кроме социального обеспечения ",АКМОЛИНСКАЯ ОБЛАСТЬ,БУРАБАЙСКИЙ РАЙОН
448904,Предоставление государством услуг обществу в целом,false,,300000000,883,404079000,920,29695000,846,,,,,,,3,Государственное управление и оборона; обязательное социальное обеспечение,АКМОЛИНСКАЯ ОБЛАСТЬ,БУРАБАЙСКИЙ РАЙОН
448911,Деятельность по обеспечению общественного порядка и безопасности,false,,300000000,883,404079000,920,29695000,846,,,,,,,4,Предоставление государством услуг обществу в целом,АКМОЛИНСКАЯ ОБЛАСТЬ,БУРАБАЙСКИЙ РАЙОН
448912,Деятельность по обеспечению общественного порядка и безопасности,true,,300000000,883,404079000,920,29695000,846,,,,,,,5,Деятельность по обеспечению общественного порядка и безопасности,АКМОЛИНСКАЯ ОБЛАСТЬ,БУРАБАЙСКИЙ РАЙОН
448918,Образование,false,,3151538000,883,1224365000,920,551047000,846,3398207000,1031,123290000,994,815477000,957,1,Всего,АКМОЛИНСКАЯ ОБЛАСТЬ,БУРАБАЙСКИЙ РАЙОН
448919,Образование,false,,3151538000,883,1224365000,920,551047000,846,3398207000,1031,123290000,994,815477000,957,2,Образование,АКМОЛИНСКАЯ ОБЛАСТЬ,БУРАБАЙСКИЙ РАЙОН
448920,Дошкольное образование,false,,,,,,26500000,846,,,1578000,994,,,3,Образование,АКМОЛИНСКАЯ ОБЛАСТЬ,БУРАБАЙСКИЙ РАЙОН
448921,Дошкольное образование,false,,,,,,26500000,846,,,1578000,994,,,4,Дошкольное образование,АКМОЛИНСКАЯ ОБЛАСТЬ,БУРАБАЙСКИЙ РАЙОН
448922,Дошкольное образование,true,,,,,,26500000,846,,,1578000,994,,,5,Дошкольное образование,АКМОЛИНСКАЯ ОБЛАСТЬ,БУРАБАЙСКИЙ РАЙОН
448926,Среднее образование (2-й и 3-й уровни),false,,2951297000,883,1223779000,920,524264000,846,736952000,1031,28762000,994,325551000,957,3,Образование,АКМОЛИНСКАЯ ОБЛАСТЬ,БУРАБАЙСКИЙ РАЙОН
448927,Основное и общее среднее образование,false,,2878385000,883,923024000,920,524264000,846,474547000,1031,,,107149000,957,4,Среднее образование (2-й и 3-й уровни),АКМОЛИНСКАЯ ОБЛАСТЬ,БУРАБАЙСКИЙ РАЙОН
448928,Основное и общее среднее образование,true,,2878385000,883,923024000,920,524264000,846,474547000,1031,,,107149000,957,5,Основное и общее среднее образование,АКМОЛИНСКАЯ ОБЛАСТЬ,БУРАБАЙСКИЙ РАЙОН
448929,Техническое и профессиональное среднее образование,false,,72912000,883,300755000,920,,,262405000,1031,28762000,994,218402000,957,4,Среднее образование (2-й и 3-й уровни),АКМОЛИНСКАЯ ОБЛАСТЬ,БУРАБАЙСКИЙ РАЙОН
448931,Среднее специальное образование,true,,72912000,883,300755000,920,,,262405000,1031,28762000,994,218402000,957,5,Техническое и профессиональное среднее образование,АКМОЛИНСКАЯ ОБЛАСТЬ,БУРАБАЙСКИЙ РАЙОН
448932,"Высшее образование (5-й, 6-й, 7-й, 8-й уровни)",false,,200000000,883,,,,,,,,,,,3,Образование,АКМОЛИНСКАЯ ОБЛАСТЬ,БУРАБАЙСКИЙ РАЙОН
448935,Высшее и послевузовское образование,false,,200000000,883,,,,,,,,,,,4,"Высшее образование (5-й, 6-й, 7-й, 8-й уровни)",АКМОЛИНСКАЯ ОБЛАСТЬ,БУРАБАЙСКИЙ РАЙОН
448936,Высшее образование,true,,200000000,883,,,,,,,,,,,5,Высшее и послевузовское образование,АКМОЛИНСКАЯ ОБЛАСТЬ,БУРАБАЙСКИЙ РАЙОН
448937,Прочие виды образования,false,,241000,883,586000,920,283000,846,2661255000,1031,92950000,994,489926000,957,3,Образование,АКМОЛИНСКАЯ ОБЛАСТЬ,БУРАБАЙСКИЙ РАЙОН
448938,Образование в области спорта и отдыха,false,,169000,883,,,,,,,,,,,4,Прочие виды образования,АКМОЛИНСКАЯ ОБЛАСТЬ,БУРАБАЙСКИЙ РАЙОН
448939,Образование в области спорта и отдыха,true,,169000,883,,,,,,,,,,,5,Образование в области спорта и отдыха,АКМОЛИНСКАЯ ОБЛАСТЬ,БУРАБАЙСКИЙ РАЙОН
448942,Деятельность школ подготовки водителей транспортных средств,false,,72000,883,586000,920,x,846,65000,1031,,,196000,957,4,Прочие виды образования,АКМОЛИНСКАЯ ОБЛАСТЬ,БУРАБАЙСКИЙ РАЙОН
448943,Деятельность школ подготовки водителей транспортных средств,true,,72000,883,586000,920,x,846,65000,1031,,,196000,957,5,Деятельность школ подготовки водителей транспортных средств,АКМОЛИНСКАЯ ОБЛАСТЬ,БУРАБАЙСКИЙ РАЙОН
448944,"Прочие виды образования, не включенные в другие группировки",false,,,,,,x,846,2661190000,1031,92950000,994,489730000,957,4,Прочие виды образования,АКМОЛИНСКАЯ ОБЛАСТЬ,БУРАБАЙСКИЙ РАЙОН
448946,"Прочая деятельность в области образования, не включенная в другие группировки",true,,,,,,x,846,2661190000,1031,92950000,994,489730000,957,5,"Прочие виды образования, не включенные в другие группировки",АКМОЛИНСКАЯ ОБЛАСТЬ,БУРАБАЙСКИЙ РАЙОН
448950,Здравоохранение и социальное обслуживание населения,false,,6783840000,883,231995000,920,2008464000,846,235350000,1031,258287000,994,115824000,957,1,Всего,АКМОЛИНСКАЯ ОБЛАСТЬ,БУРАБАЙСКИЙ РАЙОН
448951,Деятельность в области здравоохранения,false,,6783840000,883,231995000,920,1999090000,846,235350000,1031,258287000,994,115824000,957,2,Здравоохранение и социальное обслуживание населения,АКМОЛИНСКАЯ ОБЛАСТЬ,БУРАБАЙСКИЙ РАЙОН
448952,Деятельность больничных организаций,false,,6770723000,883,216585000,920,1993459000,846,188806000,1031,201255000,994,91275000,957,3,Деятельность в области здравоохранения,АКМОЛИНСКАЯ ОБЛАСТЬ,БУРАБАЙСКИЙ РАЙОН
448953,Деятельность больничных организаций,false,,6770723000,883,216585000,920,1993459000,846,188806000,1031,201255000,994,91275000,957,4,Деятельность больничных организаций,АКМОЛИНСКАЯ ОБЛАСТЬ,БУРАБАЙСКИЙ РАЙОН
448954,Деятельность больниц широкого профиля и специализированных больниц,true,,1724902000,883,,,493098000,846,28068000,1031,,,,,5,Деятельность больничных организаций,АКМОЛИНСКАЯ ОБЛАСТЬ,БУРАБАЙСКИЙ РАЙОН
18703670,Деятельность санаторно-курортных организаций,true,,,,21793000,920,151567000,846,47232000,1031,84131000,994,33663000,957,5,Деятельность больничных организаций,АКМОЛИНСКАЯ ОБЛАСТЬ,БУРАБАЙСКИЙ РАЙОН
448958,"Деятельность других лечебных учреждений, имеющих стационары",true,,5045821000,883,194792000,920,1348794000,846,113506000,1031,117124000,994,57612000,957,5,Деятельность больничных организаций,АКМОЛИНСКАЯ ОБЛАСТЬ,БУРАБАЙСКИЙ РАЙОН
448959,Деятельность в области врачебной практики и стоматологии,false,,13117000,883,15410000,920,,,46544000,1031,57032000,994,24549000,957,3,Деятельность в области здравоохранения,АКМОЛИНСКАЯ ОБЛАСТЬ,БУРАБАЙСКИЙ РАЙОН
448960,Общая врачебная практика,false,,x,883,x,920,,,x,1031,x,994,x,957,4,Деятельность в области врачебной практики и стоматологии,АКМОЛИНСКАЯ ОБЛАСТЬ,БУРАБАЙСКИЙ РАЙОН
448961,Общая врачебная практика,true,,x,883,x,920,,,x,1031,x,994,x,957,5,Общая врачебная практика,АКМОЛИНСКАЯ ОБЛАСТЬ,БУРАБАЙСКИЙ РАЙОН
448964,Стоматологическая деятельность,false,,x,883,x,920,,,20139000,1031,32961000,994,x,957,4,Деятельность в области врачебной практики и стоматологии,АКМОЛИНСКАЯ ОБЛАСТЬ,БУРАБАЙСКИЙ РАЙОН
448965,Стоматологическая деятельность,true,,x,883,x,920,,,20139000,1031,32961000,994,x,957,5,Стоматологическая деятельность,АКМОЛИНСКАЯ ОБЛАСТЬ,БУРАБАЙСКИЙ РАЙОН
448966,Прочая деятельность в области здравоохранения ,false,,,,,,x,846,,,,,,,3,Деятельность в области здравоохранения,АКМОЛИНСКАЯ ОБЛАСТЬ,БУРАБАЙСКИЙ РАЙОН
448967,Прочая деятельность в области здравоохранения ,false,,,,,,x,846,,,,,,,4,Прочая деятельность в области здравоохранения ,АКМОЛИНСКАЯ ОБЛАСТЬ,БУРАБАЙСКИЙ РАЙОН
448968,Прочая деятельность в области здравоохранения ,true,,,,,,x,846,,,,,,,5,Прочая деятельность в области здравоохранения ,АКМОЛИНСКАЯ ОБЛАСТЬ,БУРАБАЙСКИЙ РАЙОН
448969,Предоставление социальных услуг с обеспечением проживания,false,,,,,,9374000,846,,,,,,,2,Здравоохранение и социальное обслуживание населения,АКМОЛИНСКАЯ ОБЛАСТЬ,БУРАБАЙСКИЙ РАЙОН
18703671,Предоставление прочих социальных услуг  с обеспечением проживания,false,,,,,,9374000,846,,,,,,,3,Предоставление социальных услуг с обеспечением проживания,АКМОЛИНСКАЯ ОБЛАСТЬ,БУРАБАЙСКИЙ РАЙОН
18703672,Предоставление прочих социальных услуг  с обеспечением проживания,false,,,,,,9374000,846,,,,,,,4,Предоставление прочих социальных услуг  с обеспечением проживания,АКМОЛИНСКАЯ ОБЛАСТЬ,БУРАБАЙСКИЙ РАЙОН
18703673,Предоставление прочих социальных услуг  с обеспечением проживания,true,,,,,,9374000,846,,,,,,,5,Предоставление прочих социальных услуг  с обеспечением проживания,АКМОЛИНСКАЯ ОБЛАСТЬ,БУРАБАЙСКИЙ РАЙОН
448991,"Искусство, развлечения и отдых",false,,4028576000,883,617413000,920,2167102000,846,3691487000,1031,1365187000,994,1123904000,957,1,Всего,АКМОЛИНСКАЯ ОБЛАСТЬ,БУРАБАЙСКИЙ РАЙОН
449018,Деятельность по организации азартных игр и заключению пари ,false,,,,81879000,920,,,x,1031,x,994,4601000,957,2,"Искусство, развлечения и отдых",АКМОЛИНСКАЯ ОБЛАСТЬ,БУРАБАЙСКИЙ РАЙОН
449019,Деятельность по организации азартных игр и заключению пари,false,,,,81879000,920,,,x,1031,x,994,4601000,957,3,Деятельность по организации азартных игр и заключению пари ,АКМОЛИНСКАЯ ОБЛАСТЬ,БУРАБАЙСКИЙ РАЙОН
449020,Деятельность по организации азартных игр и заключению пари,false,,,,81879000,920,,,x,1031,x,994,4601000,957,4,Деятельность по организации азартных игр и заключению пари,АКМОЛИНСКАЯ ОБЛАСТЬ,БУРАБАЙСКИЙ РАЙОН
449021,Деятельность по организации азартных игр и заключению пари,true,,,,81879000,920,,,x,1031,x,994,4601000,957,5,Деятельность по организации азартных игр и заключению пари,АКМОЛИНСКАЯ ОБЛАСТЬ,БУРАБАЙСКИЙ РАЙОН
449022,"Деятельность в области спорта, организации отдыха и развлечений",false,,4028576000,883,535534000,920,2167102000,846,3686958000,1031,1353910000,994,1119303000,957,2,"Искусство, развлечения и отдых",АКМОЛИНСКАЯ ОБЛАСТЬ,БУРАБАЙСКИЙ РАЙОН
449023,Деятельность в области спорта,false,,28797000,883,137920000,920,28104000,846,803983000,1031,634527000,994,500000000,957,3,"Деятельность в области спорта, организации отдыха и развлечений",АКМОЛИНСКАЯ ОБЛАСТЬ,БУРАБАЙСКИЙ РАЙОН
449024,Эксплуатация спортивных сооружений,false,,16684000,883,136440000,920,15994000,846,803983000,1031,634527000,994,500000000,957,4,Деятельность в области спорта,АКМОЛИНСКАЯ ОБЛАСТЬ,БУРАБАЙСКИЙ РАЙОН
449025,Эксплуатация спортивных сооружений,true,,16684000,883,136440000,920,15994000,846,803983000,1031,634527000,994,500000000,957,5,Эксплуатация спортивных сооружений,АКМОЛИНСКАЯ ОБЛАСТЬ,БУРАБАЙСКИЙ РАЙОН
449030,Прочая деятельность в области спорта,false,,12113000,883,1480000,920,12110000,846,,,,,,,4,Деятельность в области спорта,АКМОЛИНСКАЯ ОБЛАСТЬ,БУРАБАЙСКИЙ РАЙОН
449031,Прочая деятельность в области спорта,true,,12113000,883,1480000,920,12110000,846,,,,,,,5,Прочая деятельность в области спорта,АКМОЛИНСКАЯ ОБЛАСТЬ,БУРАБАЙСКИЙ РАЙОН
449032,Деятельность по организации отдыха и развлечений,false,,3999779000,883,397614000,920,2138998000,846,2882975000,1031,719383000,994,619303000,957,3,"Деятельность в области спорта, организации отдыха и развлечений",АКМОЛИНСКАЯ ОБЛАСТЬ,БУРАБАЙСКИЙ РАЙОН
449033,Деятельность развлекательных и тематических парков,false,,336173000,883,54000,920,48500000,846,4485000,1031,44397000,994,22831000,957,4,Деятельность по организации отдыха и развлечений,АКМОЛИНСКАЯ ОБЛАСТЬ,БУРАБАЙСКИЙ РАЙОН
449034,Деятельность развлекательных и тематических парков,true,,336173000,883,54000,920,48500000,846,4485000,1031,44397000,994,22831000,957,5,Деятельность развлекательных и тематических парков,АКМОЛИНСКАЯ ОБЛАСТЬ,БУРАБАЙСКИЙ РАЙОН
449035,Прочая деятельность по организации отдыха и развлечений,false,,3663606000,883,397560000,920,2090498000,846,2878490000,1031,674986000,994,596472000,957,4,Деятельность по организации отдыха и развлечений,АКМОЛИНСКАЯ ОБЛАСТЬ,БУРАБАЙСКИЙ РАЙОН
449039,Прочие виды деятельности по организации отдыха и развлечений,true,,3663606000,883,397560000,920,2090498000,846,2878490000,1031,674986000,994,596472000,957,5,Прочая деятельность по организации отдыха и развлечений,АКМОЛИНСКАЯ ОБЛАСТЬ,БУРАБАЙСКИЙ РАЙОН
449040,Предоставление прочих видов услуг,false,,78992000,883,,,34000000,846,,,,,,,1,Всего,АКМОЛИНСКАЯ ОБЛАСТЬ,БУРАБАЙСКИЙ РАЙОН
449084,Предоставление прочих индивидуальных услуг,false,,78992000,883,,,34000000,846,,,,,,,2,Предоставление прочих видов услуг,АКМОЛИНСКАЯ ОБЛАСТЬ,БУРАБАЙСКИЙ РАЙОН
449085,Предоставление прочих индивидуальных услуг,false,,78992000,883,,,34000000,846,,,,,,,3,Предоставление прочих индивидуальных услуг,АКМОЛИНСКАЯ ОБЛАСТЬ,БУРАБАЙСКИЙ РАЙОН
449093,Деятельность по обеспечению физического комфорта,false,,78992000,883,,,34000000,846,,,,,,,4,Предоставление прочих индивидуальных услуг,АКМОЛИНСКАЯ ОБЛАСТЬ,БУРАБАЙСКИЙ РАЙОН
449094,Деятельность по обеспечению физического комфорта,true,,78992000,883,,,34000000,846,,,,,,,5,Деятельность по обеспечению физического комфорта,АКМОЛИНСКАЯ ОБЛАСТЬ,БУРАБАЙСКИЙ РАЙОН
741340,Промышленность,false,,13254229000,883,55659739000,920,10442016000,846,21217891000,1031,9807228000,994,53560805000,957,1,Всего,АКМОЛИНСКАЯ ОБЛАСТЬ,БУРАБАЙСКИЙ РАЙОН
447279,Горнодобывающая промышленность и разработка карьеров,false,,3489483000,883,7874367000,920,550766000,846,9722794000,1031,4971983000,994,3234834000,957,2,Промышленность,АКМОЛИНСКАЯ ОБЛАСТЬ,БУРАБАЙСКИЙ РАЙОН
447298,Добыча металлических руд,false,,3489483000,883,7874367000,920,550766000,846,9722794000,1031,4971983000,994,3234834000,957,3,Горнодобывающая промышленность и разработка карьеров,АКМОЛИНСКАЯ ОБЛАСТЬ,БУРАБАЙСКИЙ РАЙОН
447303,"Добыча руд, кроме железных ",false,,3489483000,883,7874367000,920,550766000,846,9722794000,1031,4971983000,994,3234834000,957,4,Добыча металлических руд,АКМОЛИНСКАЯ ОБЛАСТЬ,БУРАБАЙСКИЙ РАЙОН
447306,Добыча прочих металлических руд,false,,3489483000,883,7874367000,920,550766000,846,9722794000,1031,4971983000,994,3234834000,957,5,"Добыча руд, кроме железных ",АКМОЛИНСКАЯ ОБЛАСТЬ,БУРАБАЙСКИЙ РАЙОН
447346,Обрабатывающая промышленность,false,,3877321000,883,37894763000,920,3029895000,846,5986237000,1031,2414651000,994,46887614000,957,2,Промышленность,АКМОЛИНСКАЯ ОБЛАСТЬ,БУРАБАЙСКИЙ РАЙОН
447347,Производство продуктов питания,false,,41687000,883,87740000,920,711758000,846,1040812000,1031,71107000,994,83259000,957,3,Обрабатывающая промышленность,АКМОЛИНСКАЯ ОБЛАСТЬ,БУРАБАЙСКИЙ РАЙОН
447348,Переработка и консервирование мяса и производство мясной продукции,false,,41628000,883,87740000,920,678829000,846,996091000,1031,71107000,994,83259000,957,4,Производство продуктов питания,АКМОЛИНСКАЯ ОБЛАСТЬ,БУРАБАЙСКИЙ РАЙОН
447349,Переработка и консервирование мяса,false,,,,,,,,964999000,1031,,,,,5,Переработка и консервирование мяса и производство мясной продукции,АКМОЛИНСКАЯ ОБЛАСТЬ,БУРАБАЙСКИЙ РАЙОН
447353,Производство продуктов из мяса и мяса сельскохозяйственной птицы ,false,,41628000,883,87740000,920,678829000,846,x,1031,71107000,994,83259000,957,5,Переработка и консервирование мяса и производство мясной продукции,АКМОЛИНСКАЯ ОБЛАСТЬ,БУРАБАЙСКИЙ РАЙОН
447355,"Переработка и консервирование рыбы, ракообразных и моллюсков",false,,,,,,,,44721000,1031,,,,,4,Производство продуктов питания,АКМОЛИНСКАЯ ОБЛАСТЬ,БУРАБАЙСКИЙ РАЙОН
447356,"Переработка и консервирование рыбы, ракообразных и моллюсков",false,,,,,,,,44721000,1031,,,,,5,"Переработка и консервирование рыбы, ракообразных и моллюсков",АКМОЛИНСКАЯ ОБЛАСТЬ,БУРАБАЙСКИЙ РАЙОН
447365,Производство растительных и животных масел и жиров,false,,59000,883,,,32929000,846,,,,,,,4,Производство продуктов питания,АКМОЛИНСКАЯ ОБЛАСТЬ,БУРАБАЙСКИЙ РАЙОН
447366,Производство масел и жиров,false,,59000,883,,,32929000,846,,,,,,,5,Производство растительных и животных масел и жиров,АКМОЛИНСКАЯ ОБЛАСТЬ,БУРАБАЙСКИЙ РАЙОН
447413,Производство напитков,false,,,,,,1740000,846,,,,,,,3,Обрабатывающая промышленность,АКМОЛИНСКАЯ ОБЛАСТЬ,БУРАБАЙСКИЙ РАЙОН
447414,Производство напитков,false,,,,,,1740000,846,,,,,,,4,Производство напитков,АКМОЛИНСКАЯ ОБЛАСТЬ,БУРАБАЙСКИЙ РАЙОН
447427,"Производство безалкогольных напитков, минеральных вод и других вод в бутылках",false,,,,,,1740000,846,,,,,,,5,Производство напитков,АКМОЛИНСКАЯ ОБЛАСТЬ,БУРАБАЙСКИЙ РАЙОН
447646,Производство прочей не металлической минеральной продукции,false,,400000,883,487000,920,106541000,846,50335000,1031,23998000,994,26853000,957,3,Обрабатывающая промышленность,АКМОЛИНСКАЯ ОБЛАСТЬ,БУРАБАЙСКИЙ РАЙОН
447688,"Производство изделий из бетона, цемента и строительного гипса ",false,,400000,883,487000,920,106541000,846,50335000,1031,23998000,994,26853000,957,4,Производство прочей не металлической минеральной продукции,АКМОЛИНСКАЯ ОБЛАСТЬ,БУРАБАЙСКИЙ РАЙОН
447689,Производство строительных изделий из бетона,false,,,,,,,,,,20000000,994,,,5,"Производство изделий из бетона, цемента и строительного гипса ",АКМОЛИНСКАЯ ОБЛАСТЬ,БУРАБАЙСКИЙ РАЙОН
447695,Производство товарного бетона ,false,,400000,883,487000,920,106541000,846,50335000,1031,3998000,994,26853000,957,5,"Производство изделий из бетона, цемента и строительного гипса ",АКМОЛИНСКАЯ ОБЛАСТЬ,БУРАБАЙСКИЙ РАЙОН
447717,Металлургическое производство,false,,3786140000,883,37782753000,920,x,846,4693047000,1031,2101508000,994,46721481000,957,3,Обрабатывающая промышленность,АКМОЛИНСКАЯ ОБЛАСТЬ,БУРАБАЙСКИЙ РАЙОН
447733,Производство основных благородных и цветных металлов,false,,3786140000,883,37782753000,920,x,846,4693047000,1031,2101508000,994,46721481000,957,4,Металлургическое производство,АКМОЛИНСКАЯ ОБЛАСТЬ,БУРАБАЙСКИЙ РАЙОН
447734,Производство благородных (драгоценных) металлов,false,,3786140000,883,37782753000,920,x,846,4693047000,1031,2101508000,994,46721481000,957,5,Производство основных благородных и цветных металлов,АКМОЛИНСКАЯ ОБЛАСТЬ,БУРАБАЙСКИЙ РАЙОН
447760,"Производство готовых металлических изделий, кроме машин и оборудования",false,,4691000,883,11599000,920,,,13821000,1031,82207000,994,873000,957,3,Обрабатывающая промышленность,АКМОЛИНСКАЯ ОБЛАСТЬ,БУРАБАЙСКИЙ РАЙОН
447761,Производство строительных металлических конструкций и изделий,false,,,,,,,,,,81562000,994,,,4,"Производство готовых металлических изделий, кроме машин и оборудования",АКМОЛИНСКАЯ ОБЛАСТЬ,БУРАБАЙСКИЙ РАЙОН
447762,Производство строительных металлических конструкций и их частей,false,,,,,,,,,,81562000,994,,,5,Производство строительных металлических конструкций и изделий,АКМОЛИНСКАЯ ОБЛАСТЬ,БУРАБАЙСКИЙ РАЙОН
447769,"Производство металлических цистерн, резервуаров и контейнеров",false,,4691000,883,11599000,920,,,13821000,1031,645000,994,873000,957,4,"Производство готовых металлических изделий, кроме машин и оборудования",АКМОЛИНСКАЯ ОБЛАСТЬ,БУРАБАЙСКИЙ РАЙОН
447770,Производство радиаторов и котлов центрального отопления,false,,4691000,883,11599000,920,,,13821000,1031,645000,994,873000,957,5,"Производство металлических цистерн, резервуаров и контейнеров",АКМОЛИНСКАЯ ОБЛАСТЬ,БУРАБАЙСКИЙ РАЙОН
448050,Ремонт и установка машин и оборудования,false,,44403000,883,12184000,920,51562000,846,188222000,1031,135831000,994,55148000,957,3,Обрабатывающая промышленность,АКМОЛИНСКАЯ ОБЛАСТЬ,БУРАБАЙСКИЙ РАЙОН
448051,"Ремонт готовых металлических изделий, машин и оборудования",false,,44403000,883,12184000,920,51562000,846,188222000,1031,135831000,994,55148000,957,4,Ремонт и установка машин и оборудования,АКМОЛИНСКАЯ ОБЛАСТЬ,БУРАБАЙСКИЙ РАЙОН
448081,Ремонт и техническое обслуживание прочих транспортных средств и оборудования,false,,44403000,883,12184000,920,51562000,846,188222000,1031,135831000,994,55148000,957,5,"Ремонт готовых металлических изделий, машин и оборудования",АКМОЛИНСКАЯ ОБЛАСТЬ,БУРАБАЙСКИЙ РАЙОН
448090,"Снабжение электроэнергией, газом, паром, горячей водой и кондиционированным воздухом",false,,970307000,883,4406902000,920,507881000,846,2481408000,1031,1971251000,994,731850000,957,2,Промышленность,АКМОЛИНСКАЯ ОБЛАСТЬ,БУРАБАЙСКИЙ РАЙОН
448091,"Снабжение электроэнергией, газом, паром, горячей водой и кондиционированным воздухом",false,,970307000,883,4406902000,920,507881000,846,2481408000,1031,1971251000,994,731850000,957,3,"Снабжение электроэнергией, газом, паром, горячей водой и кондиционированным воздухом",АКМОЛИНСКАЯ ОБЛАСТЬ,БУРАБАЙСКИЙ РАЙОН
448092,"Производство, передача и распределение электроэнергии",false,,438063000,883,3965499000,920,291526000,846,692327000,1031,296289000,994,731850000,957,4,"Снабжение электроэнергией, газом, паром, горячей водой и кондиционированным воздухом",АКМОЛИНСКАЯ ОБЛАСТЬ,БУРАБАЙСКИЙ РАЙОН
448098,Передача электроэнергии,false,,,,,,,,2982000,1031,13923000,994,,,5,"Производство, передача и распределение электроэнергии",АКМОЛИНСКАЯ ОБЛАСТЬ,БУРАБАЙСКИЙ РАЙОН
448100,Распределение электроэнергии,false,,438063000,883,3965499000,920,291526000,846,689345000,1031,282366000,994,731850000,957,5,"Производство, передача и распределение электроэнергии",АКМОЛИНСКАЯ ОБЛАСТЬ,БУРАБАЙСКИЙ РАЙОН
448111,"Снабжение паром, горячей водой и кондиционированным воздухом",false,,532244000,883,441403000,920,216355000,846,1789081000,1031,1674962000,994,,,4,"Снабжение электроэнергией, газом, паром, горячей водой и кондиционированным воздухом",АКМОЛИНСКАЯ ОБЛАСТЬ,БУРАБАЙСКИЙ РАЙОН
448112,"Снабжение паром, горячей водой и кондиционированным воздухом",false,,532244000,883,441403000,920,216355000,846,1789081000,1031,1674962000,994,,,5,"Снабжение паром, горячей водой и кондиционированным воздухом",АКМОЛИНСКАЯ ОБЛАСТЬ,БУРАБАЙСКИЙ РАЙОН
448117,"Водоснабжение; сбор, обработка и удаление отходов, деятельность по ликвидации загрязнений",false,,4917118000,883,5483707000,920,6353474000,846,3027452000,1031,449343000,994,2706507000,957,2,Промышленность,АКМОЛИНСКАЯ ОБЛАСТЬ,БУРАБАЙСКИЙ РАЙОН
448118,"Сбор, обработка и распределение воды",false,,3100451000,883,3662213000,920,3014059000,846,2918345000,1031,449343000,994,2611614000,957,3,"Водоснабжение; сбор, обработка и удаление отходов, деятельность по ликвидации загрязнений",АКМОЛИНСКАЯ ОБЛАСТЬ,БУРАБАЙСКИЙ РАЙОН
448119,"Сбор, обработка и распределение воды",false,,3100451000,883,3662213000,920,3014059000,846,2918345000,1031,449343000,994,2611614000,957,4,"Сбор, обработка и распределение воды",АКМОЛИНСКАЯ ОБЛАСТЬ,БУРАБАЙСКИЙ РАЙОН
448120,"Сбор, обработка и распределение воды",false,,3100451000,883,3662213000,920,3014059000,846,2918345000,1031,449343000,994,2611614000,957,5,"Сбор, обработка и распределение воды",АКМОЛИНСКАЯ ОБЛАСТЬ,БУРАБАЙСКИЙ РАЙОН
448122,Сбор и обработка сточных вод,false,,1816667000,883,1821494000,920,3339415000,846,109107000,1031,,,94893000,957,3,"Водоснабжение; сбор, обработка и удаление отходов, деятельность по ликвидации загрязнений",АКМОЛИНСКАЯ ОБЛАСТЬ,БУРАБАЙСКИЙ РАЙОН
448123,Сбор и обработка сточных вод,false,,1816667000,883,1821494000,920,3339415000,846,109107000,1031,,,94893000,957,4,Сбор и обработка сточных вод,АКМОЛИНСКАЯ ОБЛАСТЬ,БУРАБАЙСКИЙ РАЙОН
448124,Сбор и обработка сточных вод,false,,1816667000,883,1821494000,920,3339415000,846,109107000,1031,,,94893000,957,5,Сбор и обработка сточных вод,АКМОЛИНСКАЯ ОБЛАСТЬ,БУРАБАЙСКИЙ РАЙОН
741885,Всего,false,,,,20850254000,920,,,46452646000,1031,45661060000,994,31717436000,957,0,,АКМОЛИНСКАЯ ОБЛАСТЬ,КОСШЫ Г.А.
447173,"Сельское, лесное и рыбное хозяйство",false,,,,,,,,175000000,1031,23214000,994,13178000,957,1,Всего,АКМОЛИНСКАЯ ОБЛАСТЬ,КОСШЫ Г.А.
447174,"Растениеводство и животноводство, охота и предоставление услуг в этих областях",false,,,,,,,,175000000,1031,23214000,994,13178000,957,2,"Сельское, лесное и рыбное хозяйство",АКМОЛИНСКАЯ ОБЛАСТЬ,КОСШЫ Г.А.
447175,Выращивание одно- или двухлетних культур,false,,,,,,,,,,23214000,994,,,3,"Растениеводство и животноводство, охота и предоставление услуг в этих областях",АКМОЛИНСКАЯ ОБЛАСТЬ,КОСШЫ Г.А.
447176,"Выращивание зерновых (кроме риса), бобовых и масличных культур",false,,,,,,,,,,23214000,994,,,4,Выращивание одно- или двухлетних культур,АКМОЛИНСКАЯ ОБЛАСТЬ,КОСШЫ Г.А.
3783380,"Выращивание зерновых и зернобобовых культур, включая семеноводство",true,,,,,,,,,,23214000,994,,,5,"Выращивание зерновых (кроме риса), бобовых и масличных культур",АКМОЛИНСКАЯ ОБЛАСТЬ,КОСШЫ Г.А.
447215,Воспроизводство растений,false,,,,,,,,175000000,1031,,,,,3,"Растениеводство и животноводство, охота и предоставление услуг в этих областях",АКМОЛИНСКАЯ ОБЛАСТЬ,КОСШЫ Г.А.
447216,Воспроизводство растений,false,,,,,,,,175000000,1031,,,,,4,Воспроизводство растений,АКМОЛИНСКАЯ ОБЛАСТЬ,КОСШЫ Г.А.
447217,Воспроизводство растений,true,,,,,,,,175000000,1031,,,,,5,Воспроизводство растений,АКМОЛИНСКАЯ ОБЛАСТЬ,КОСШЫ Г.А.
447218,Животноводство,false,,,,,,,,,,,,13178000,957,3,"Растениеводство и животноводство, охота и предоставление услуг в этих областях",АКМОЛИНСКАЯ ОБЛАСТЬ,КОСШЫ Г.А.
447219,Разведение крупного рогатого скота молочного направления,false,,,,,,,,,,,,13178000,957,4,Животноводство,АКМОЛИНСКАЯ ОБЛАСТЬ,КОСШЫ Г.А.
447220,Разведение крупного рогатого скота молочного направления,true,,,,,,,,,,,,13178000,957,5,Разведение крупного рогатого скота молочного направления,АКМОЛИНСКАЯ ОБЛАСТЬ,КОСШЫ Г.А.
448148,Строительство,false,,,,,,,,402535000,1031,,,4135000,957,1,Всего,АКМОЛИНСКАЯ ОБЛАСТЬ,КОСШЫ Г.А.
18710963,Строительство зданий,false,,,,,,,,,,,,x,957,2,Строительство,АКМОЛИНСКАЯ ОБЛАСТЬ,КОСШЫ Г.А.
18710967,Строительство жилых и нежилых зданий,false,,,,,,,,,,,,x,957,3,Строительство зданий,АКМОЛИНСКАЯ ОБЛАСТЬ,КОСШЫ Г.А.
18710968,Строительство жилых и нежилых зданий,false,,,,,,,,,,,,x,957,4,Строительство жилых и нежилых зданий,АКМОЛИНСКАЯ ОБЛАСТЬ,КОСШЫ Г.А.
18710969,Строительство жилых зданий,true,,,,,,,,,,,,x,957,5,Строительство жилых и нежилых зданий,АКМОЛИНСКАЯ ОБЛАСТЬ,КОСШЫ Г.А.
18801543,"Строительство нежилых зданий, за исключением стационарных торговых объектов категорий 1, 2",true,,,,,,,,,,,,x,957,5,Строительство жилых и нежилых зданий,АКМОЛИНСКАЯ ОБЛАСТЬ,КОСШЫ Г.А.
448157,Гражданское строительство,false,,,,,,,,389814000,1031,,,,,2,Строительство,АКМОЛИНСКАЯ ОБЛАСТЬ,КОСШЫ Г.А.
448165,Строительство распределительных инженерных сооружений,false,,,,,,,,389814000,1031,,,,,3,Гражданское строительство,АКМОЛИНСКАЯ ОБЛАСТЬ,КОСШЫ Г.А.
448166,Строительство трубопроводов,false,,,,,,,,389814000,1031,,,,,4,Строительство распределительных инженерных сооружений,АКМОЛИНСКАЯ ОБЛАСТЬ,КОСШЫ Г.А.
448168,Строительство трубопроводов для систем водоснабжения и канализации,true,,,,,,,,389814000,1031,,,,,5,Строительство трубопроводов,АКМОЛИНСКАЯ ОБЛАСТЬ,КОСШЫ Г.А.
448177,Специализированные строительные работы,false,,,,,,,,x,1031,,,x,957,2,Строительство,АКМОЛИНСКАЯ ОБЛАСТЬ,КОСШЫ Г.А.
448187,"Монтаж и установка электрического, водопроводного и прочего оборудования",false,,,,,,,,x,1031,,,,,3,Специализированные строительные работы,АКМОЛИНСКАЯ ОБЛАСТЬ,КОСШЫ Г.А.
448192,Прочие строительно-монтажные работы,false,,,,,,,,x,1031,,,,,4,"Монтаж и установка электрического, водопроводного и прочего оборудования",АКМОЛИНСКАЯ ОБЛАСТЬ,КОСШЫ Г.А.
448194,"Прочие строительно-монтажные работы, не включенные в другие группировки",true,,,,,,,,x,1031,,,,,5,Прочие строительно-монтажные работы,АКМОЛИНСКАЯ ОБЛАСТЬ,КОСШЫ Г.А.
448196,Отделочные работы,false,,,,,,,,,,,,x,957,3,Специализированные строительные работы,АКМОЛИНСКАЯ ОБЛАСТЬ,КОСШЫ Г.А.
448205,Прочие отделочные работы,false,,,,,,,,,,,,x,957,4,Отделочные работы,АКМОЛИНСКАЯ ОБЛАСТЬ,КОСШЫ Г.А.
448206,Прочие отделочные работы,true,,,,,,,,,,,,x,957,5,Прочие отделочные работы,АКМОЛИНСКАЯ ОБЛАСТЬ,КОСШЫ Г.А.
448215,Оптовая и розничная торговля; ремонт автомобилей и мотоциклов,false,,,,103902000,920,,,896081000,1031,1322847000,994,12481000,957,1,Всего,АКМОЛИНСКАЯ ОБЛАСТЬ,КОСШЫ Г.А.
448216,Оптовая и розничная торговля автомобилями и мотоциклами и их ремонт,false,,,,43000000,920,,,x,1031,,,,,2,Оптовая и розничная торговля; ремонт автомобилей и мотоциклов,АКМОЛИНСКАЯ ОБЛАСТЬ,КОСШЫ Г.А.
448217,Торговля автомобилями,false,,,,,,,,x,1031,,,,,3,Оптовая и розничная торговля автомобилями и мотоциклами и их ремонт,АКМОЛИНСКАЯ ОБЛАСТЬ,КОСШЫ Г.А.
448221,Торговля прочими автотранспортными средствами,false,,,,,,,,x,1031,,,,,4,Торговля автомобилями,АКМОЛИНСКАЯ ОБЛАСТЬ,КОСШЫ Г.А.
448223,Розничная торговля прочими автотранспортными средствами в торговых объектах с торговой площадью менее 2000 кв.м,true,,,,,,,,x,1031,,,,,5,Торговля прочими автотранспортными средствами,АКМОЛИНСКАЯ ОБЛАСТЬ,КОСШЫ Г.А.
448224,Техническое обслуживание и ремонт автомобилей,false,,,,43000000,920,,,,,,,,,3,Оптовая и розничная торговля автомобилями и мотоциклами и их ремонт,АКМОЛИНСКАЯ ОБЛАСТЬ,КОСШЫ Г.А.
448225,Техническое обслуживание и ремонт автомобилей,false,,,,43000000,920,,,,,,,,,4,Техническое обслуживание и ремонт автомобилей,АКМОЛИНСКАЯ ОБЛАСТЬ,КОСШЫ Г.А.
20575904,"Техническое обслуживание и ремонт автомобилей, за исключением произведенных станциями технического обслуживания, находящимися на придорожной полосе",true,,,,43000000,920,,,,,,,,,5,Техническое обслуживание и ремонт автомобилей,АКМОЛИНСКАЯ ОБЛАСТЬ,КОСШЫ Г.А.
448377,"Розничная торговля, кроме торговли автомобилями и мотоциклами",false,,,,60902000,920,,,889956000,1031,1322847000,994,12481000,957,2,Оптовая и розничная торговля; ремонт автомобилей и мотоциклов,АКМОЛИНСКАЯ ОБЛАСТЬ,КОСШЫ Г.А.
448378,Розничная торговля в неспециализированных магазинах,false,,,,56890000,920,,,833825000,1031,1322847000,994,10133000,957,3,"Розничная торговля, кроме торговли автомобилями и мотоциклами",АКМОЛИНСКАЯ ОБЛАСТЬ,КОСШЫ Г.А.
448379,"Розничная торговля в неспециализированных магазинах преимущественно продуктами питания, напитками и табачными изделиями",false,,,,,,,,20000000,1031,,,,,4,Розничная торговля в неспециализированных магазинах,АКМОЛИНСКАЯ ОБЛАСТЬ,КОСШЫ Г.А.
3647934,"Розничная торговля преимущественно продуктами питания, напитками и табачными изделиями в неспециализированных магазинах, являющихся торговыми объектами, с торговой площадью менее 2000 кв.м ",true,,,,,,,,20000000,1031,,,,,5,"Розничная торговля в неспециализированных магазинах преимущественно продуктами питания, напитками и табачными изделиями",АКМОЛИНСКАЯ ОБЛАСТЬ,КОСШЫ Г.А.
448381,Прочая розничная торговля в неспециализированных магазинах,false,,,,56890000,920,,,813825000,1031,1322847000,994,10133000,957,4,Розничная торговля в неспециализированных магазинах,АКМОЛИНСКАЯ ОБЛАСТЬ,КОСШЫ Г.А.
3647936,"Прочая розничная торговля в неспециализированных магазинах, являющихся торговыми объектами, с торговой площадью менее 2000 кв.м ",true,,,,56890000,920,,,132102000,1031,1001000,994,10133000,957,5,Прочая розничная торговля в неспециализированных магазинах,АКМОЛИНСКАЯ ОБЛАСТЬ,КОСШЫ Г.А.
3647937,"Прочая розничная торговля в неспециализированных магазинах, являющихся торговыми объектами, с торговой площадью более 2000 кв.м (2000 кв.м и выше)",true,,,,,,,,x,1031,1321846000,994,,,5,Прочая розничная торговля в неспециализированных магазинах,АКМОЛИНСКАЯ ОБЛАСТЬ,КОСШЫ Г.А.
448399,Розничная торговля топливом в специализированных магазинах,false,,,,,,,,32888000,1031,,,,,3,"Розничная торговля, кроме торговли автомобилями и мотоциклами",АКМОЛИНСКАЯ ОБЛАСТЬ,КОСШЫ Г.А.
448400,Розничная торговля топливом в специализированных магазинах,false,,,,,,,,32888000,1031,,,,,4,Розничная торговля топливом в специализированных магазинах,АКМОЛИНСКАЯ ОБЛАСТЬ,КОСШЫ Г.А.
20576124,"Розничная торговля моторным топливом в специализированных магазинах, за исключением находящихся на придорожной полосе",true,,,,,,,,32888000,1031,,,,,5,Розничная торговля топливом в специализированных магазинах,АКМОЛИНСКАЯ ОБЛАСТЬ,КОСШЫ Г.А.
448409,Розничная торговля прочими бытовыми товарами в специализированных магазинах ,false,,,,x,920,,,,,,,,,3,"Розничная торговля, кроме торговли автомобилями и мотоциклами",АКМОЛИНСКАЯ ОБЛАСТЬ,КОСШЫ Г.А.
448416,Розничная торговля электрическими бытовыми приборами в специализированных магазинах,false,,,,x,920,,,,,,,,,4,Розничная торговля прочими бытовыми товарами в специализированных магазинах ,АКМОЛИНСКАЯ ОБЛАСТЬ,КОСШЫ Г.А.
3647962,"Розничная торговля электрическими бытовыми приборами в специализированных магазинах, являющихся торговыми объектами, с торговой площадью менее 2000 кв.м",true,,,,x,920,,,,,,,,,5,Розничная торговля электрическими бытовыми приборами в специализированных магазинах,АКМОЛИНСКАЯ ОБЛАСТЬ,КОСШЫ Г.А.
448433,Розничная торговля прочими товарами в специализированных магазинах,false,,,,,,,,5879000,1031,,,x,957,3,"Розничная торговля, кроме торговли автомобилями и мотоциклами",АКМОЛИНСКАЯ ОБЛАСТЬ,КОСШЫ Г.А.
448437,Розничная торговля обувью и кожаными изделиями в специализированных магазинах,false,,,,,,,,,,,,x,957,4,Розничная торговля прочими товарами в специализированных магазинах,АКМОЛИНСКАЯ ОБЛАСТЬ,КОСШЫ Г.А.
448438,"Розничная торговля обувью в специализированных магазинах, являющихся торговыми объектами, с торговой площадью менее 2000 кв.м",true,,,,,,,,,,,,x,957,5,Розничная торговля обувью и кожаными изделиями в специализированных магазинах,АКМОЛИНСКАЯ ОБЛАСТЬ,КОСШЫ Г.А.
448440,Розничная торговля фармацевтическими товарами в специализированных магазинах,false,,,,,,,,5879000,1031,,,,,4,Розничная торговля прочими товарами в специализированных магазинах,АКМОЛИНСКАЯ ОБЛАСТЬ,КОСШЫ Г.А.
3647981,"Розничная торговля фармацевтическими товарами в специализированных магазинах, являющихся торговыми объектами, с торговой площадью менее 2000 кв.м",true,,,,,,,,5879000,1031,,,,,5,Розничная торговля фармацевтическими товарами в специализированных магазинах,АКМОЛИНСКАЯ ОБЛАСТЬ,КОСШЫ Г.А.
448468,"Розничная торговля вне магазинов, палаток, киосков или рынков",false,,,,,,,,17364000,1031,,,,,3,"Розничная торговля, кроме торговли автомобилями и мотоциклами",АКМОЛИНСКАЯ ОБЛАСТЬ,КОСШЫ Г.А.
448471,"Прочая розничная торговля вне магазинов, палаток, киосков или рынков",false,,,,,,,,17364000,1031,,,,,4,"Розничная торговля вне магазинов, палаток, киосков или рынков",АКМОЛИНСКАЯ ОБЛАСТЬ,КОСШЫ Г.А.
448474,Прочая розничная торговля вне магазинов,true,,,,,,,,17364000,1031,,,,,5,"Прочая розничная торговля вне магазинов, палаток, киосков или рынков",АКМОЛИНСКАЯ ОБЛАСТЬ,КОСШЫ Г.А.
448475,Транспорт и складирование,false,,,,2405423000,920,,,7163812000,1031,5350136000,994,5941831000,957,1,Всего,АКМОЛИНСКАЯ ОБЛАСТЬ,КОСШЫ Г.А.
448527,Складирование грузов и вспомогательная транспортная деятельность,false,,,,2405423000,920,,,7163812000,1031,5350136000,994,5941831000,957,2,Транспорт и складирование,АКМОЛИНСКАЯ ОБЛАСТЬ,КОСШЫ Г.А.
448528,Складирование и хранение грузов,false,,,,,,,,,,,,x,957,3,Складирование грузов и вспомогательная транспортная деятельность,АКМОЛИНСКАЯ ОБЛАСТЬ,КОСШЫ Г.А.
448529,Складирование и хранение грузов,false,,,,,,,,,,,,x,957,4,Складирование и хранение грузов,АКМОЛИНСКАЯ ОБЛАСТЬ,КОСШЫ Г.А.
448531,"Складирование и хранение непродовольственных товаров, кроме зерна и нефти",true,,,,,,,,,,,,x,957,5,Складирование и хранение грузов,АКМОЛИНСКАЯ ОБЛАСТЬ,КОСШЫ Г.А.
448533,Вспомогательная транспортная деятельность,false,,,,2405423000,920,,,7163812000,1031,5350136000,994,5891831000,957,3,Складирование грузов и вспомогательная транспортная деятельность,АКМОЛИНСКАЯ ОБЛАСТЬ,КОСШЫ Г.А.
448534,Вспомогательная деятельность сухопутного транспорта,false,,,,2405423000,920,,,7163812000,1031,5350136000,994,5891831000,957,4,Вспомогательная транспортная деятельность,АКМОЛИНСКАЯ ОБЛАСТЬ,КОСШЫ Г.А.
448536,Эксплуатация автомобильных дорог,true,,,,2405423000,920,,,7163812000,1031,5350136000,994,5891831000,957,5,Вспомогательная деятельность сухопутного транспорта,АКМОЛИНСКАЯ ОБЛАСТЬ,КОСШЫ Г.А.
448558,Предоставление услуг по проживанию и питанию,false,,,,118900000,920,,,1266345000,1031,150000000,994,,,1,Всего,АКМОЛИНСКАЯ ОБЛАСТЬ,КОСШЫ Г.А.
448573,Предоставление услуг по обеспечению питанием и напитками,false,,,,118900000,920,,,1266345000,1031,150000000,994,,,2,Предоставление услуг по проживанию и питанию,АКМОЛИНСКАЯ ОБЛАСТЬ,КОСШЫ Г.А.
448574,Деятельность ресторанов и предоставление услуг по доставке продуктов питания,false,,,,118900000,920,,,1266345000,1031,150000000,994,,,3,Предоставление услуг по обеспечению питанием и напитками,АКМОЛИНСКАЯ ОБЛАСТЬ,КОСШЫ Г.А.
448575,Деятельность ресторанов и предоставление услуг по доставке продуктов питания,false,,,,118900000,920,,,1266345000,1031,150000000,994,,,4,Деятельность ресторанов и предоставление услуг по доставке продуктов питания,АКМОЛИНСКАЯ ОБЛАСТЬ,КОСШЫ Г.А.
20576362,"Деятельность ресторанов и предоставление услуг по доставке продуктов питания, за исключением деятельности объектов, находящихся на придорожной полосе",true,,,,118900000,920,,,966345000,1031,150000000,994,,,5,Деятельность ресторанов и предоставление услуг по доставке продуктов питания,АКМОЛИНСКАЯ ОБЛАСТЬ,КОСШЫ Г.А.
20576361,"Деятельность ресторанов и предоставление услуг по доставке продуктов питания объектами, находящимися на придорожной полосе",true,,,,,,,,300000000,1031,,,,,5,Деятельность ресторанов и предоставление услуг по доставке продуктов питания,АКМОЛИНСКАЯ ОБЛАСТЬ,КОСШЫ Г.А.
448585,Информация и связь,false,,,,2575306000,920,,,1123564000,1031,x,994,2636042000,957,1,Всего,АКМОЛИНСКАЯ ОБЛАСТЬ,КОСШЫ Г.А.
448603,"Производство кино-, видеофильмов и телевизионных программ, деятельность в сфере звукозаписи и издания музыкальных произведений ",false,,,,,,,,78000,1031,,,,,2,Информация и связь,АКМОЛИНСКАЯ ОБЛАСТЬ,КОСШЫ Г.А.
448604,"Деятельность по производству кино-, видеофильмов и телевизионных программ",false,,,,,,,,78000,1031,,,,,3,"Производство кино-, видеофильмов и телевизионных программ, деятельность в сфере звукозаписи и издания музыкальных произведений ",АКМОЛИНСКАЯ ОБЛАСТЬ,КОСШЫ Г.А.
448605,"Деятельность по производству кино-, видеофильмов и телевизионных программ",false,,,,,,,,78000,1031,,,,,4,"Деятельность по производству кино-, видеофильмов и телевизионных программ",АКМОЛИНСКАЯ ОБЛАСТЬ,КОСШЫ Г.А.
448606,"Деятельность по производству кино-, видеофильмов и телевизионных программ",true,,,,,,,,78000,1031,,,,,5,"Деятельность по производству кино-, видеофильмов и телевизионных программ",АКМОЛИНСКАЯ ОБЛАСТЬ,КОСШЫ Г.А.
448623,Телекоммуникации,false,,,,x,920,,,132456000,1031,x,994,6114000,957,2,Информация и связь,АКМОЛИНСКАЯ ОБЛАСТЬ,КОСШЫ Г.А.
18696628,Проводная телекоммуникационная связь,false,,,,,,,,,,x,994,,,3,Телекоммуникации,АКМОЛИНСКАЯ ОБЛАСТЬ,КОСШЫ Г.А.
18696629,Проводная телекоммуникационная связь,false,,,,,,,,,,x,994,,,4,Проводная телекоммуникационная связь,АКМОЛИНСКАЯ ОБЛАСТЬ,КОСШЫ Г.А.
18946146,Прочая проводная телекоммуникационная связь,true,,,,,,,,,,x,994,,,5,Проводная телекоммуникационная связь,АКМОЛИНСКАЯ ОБЛАСТЬ,КОСШЫ Г.А.
448627,Беспроводная телекоммуникационная связь,false,,,,x,920,,,132456000,1031,,,6114000,957,3,Телекоммуникации,АКМОЛИНСКАЯ ОБЛАСТЬ,КОСШЫ Г.А.
448628,Беспроводная телекоммуникационная связь,false,,,,x,920,,,132456000,1031,,,6114000,957,4,Беспроводная телекоммуникационная связь,АКМОЛИНСКАЯ ОБЛАСТЬ,КОСШЫ Г.А.
18946147,Беспроводная телекоммуникационная связь посредством единой транспортной среды,true,,,,x,920,,,,,,,,,5,Беспроводная телекоммуникационная связь,АКМОЛИНСКАЯ ОБЛАСТЬ,КОСШЫ Г.А.
18946149,Прочая беспроводная телекоммуникационная связь,true,,,,,,,,132456000,1031,,,6114000,957,5,Беспроводная телекоммуникационная связь,АКМОЛИНСКАЯ ОБЛАСТЬ,КОСШЫ Г.А.
448636,"Компьютерное программирование, консультационные и другие сопутствующие услуги",false,,,,2533363000,920,,,x,1031,,,2629928000,957,2,Информация и связь,АКМОЛИНСКАЯ ОБЛАСТЬ,КОСШЫ Г.А.
448637,"Компьютерное программирование, консультационные и другие сопутствующие услуги",false,,,,2533363000,920,,,x,1031,,,2629928000,957,3,"Компьютерное программирование, консультационные и другие сопутствующие услуги",АКМОЛИНСКАЯ ОБЛАСТЬ,КОСШЫ Г.А.
448645,Другие виды деятельности в области информационных технологий и информационных систем,false,,,,2533363000,920,,,x,1031,,,2629928000,957,4,"Компьютерное программирование, консультационные и другие сопутствующие услуги",АКМОЛИНСКАЯ ОБЛАСТЬ,КОСШЫ Г.А.
20576432,"Другие виды деятельности в области информационных технологий и информационных систем, не включенные в другие группировки",true,,,,2533363000,920,,,x,1031,,,2629928000,957,5,Другие виды деятельности в области информационных технологий и информационных систем,АКМОЛИНСКАЯ ОБЛАСТЬ,КОСШЫ Г.А.
448714,Операции с недвижимым имуществом,false,,,,12898570000,920,,,16671630000,1031,25301368000,994,18379089000,957,1,Всего,АКМОЛИНСКАЯ ОБЛАСТЬ,КОСШЫ Г.А.
448715,Операции с недвижимым имуществом,false,,,,12898570000,920,,,16671630000,1031,25301368000,994,18379089000,957,2,Операции с недвижимым имуществом,АКМОЛИНСКАЯ ОБЛАСТЬ,КОСШЫ Г.А.
448716,Покупка и продажа собственного недвижимого имущества ,false,,,,12856805000,920,,,16389630000,1031,25300833000,994,18379089000,957,3,Операции с недвижимым имуществом,АКМОЛИНСКАЯ ОБЛАСТЬ,КОСШЫ Г.А.
448717,Покупка и продажа собственного недвижимого имущества ,false,,,,12856805000,920,,,16389630000,1031,25300833000,994,18379089000,957,4,Покупка и продажа собственного недвижимого имущества ,АКМОЛИНСКАЯ ОБЛАСТЬ,КОСШЫ Г.А.
543091,Покупка и продажа многоквартирных и жилых домов (особняков),true,,,,12856805000,920,,,15774898000,1031,24118544000,994,18347865000,957,5,Покупка и продажа собственного недвижимого имущества ,АКМОЛИНСКАЯ ОБЛАСТЬ,КОСШЫ Г.А.
543092,Покупка и продажа прочей недвижимости,true,,,,,,,,614732000,1031,1182289000,994,x,957,5,Покупка и продажа собственного недвижимого имущества ,АКМОЛИНСКАЯ ОБЛАСТЬ,КОСШЫ Г.А.
448719,Аренда и управление собственной или арендуемой недвижимостью,false,,,,x,920,,,282000000,1031,535000,994,,,3,Операции с недвижимым имуществом,АКМОЛИНСКАЯ ОБЛАСТЬ,КОСШЫ Г.А.
448720,Аренда и управление собственной или арендуемой недвижимостью,false,,,,x,920,,,282000000,1031,535000,994,,,4,Аренда и управление собственной или арендуемой недвижимостью,АКМОЛИНСКАЯ ОБЛАСТЬ,КОСШЫ Г.А.
18946171,Аренда и управление собственной недвижимостью,true,,,,,,,,,,535000,994,,,5,Аренда и управление собственной или арендуемой недвижимостью,АКМОЛИНСКАЯ ОБЛАСТЬ,КОСШЫ Г.А.
18951452,Аренда и эксплуатация торгового рынка,true,,,,x,920,,,,,,,,,5,Аренда и управление собственной или арендуемой недвижимостью,АКМОЛИНСКАЯ ОБЛАСТЬ,КОСШЫ Г.А.
448728,"Профессиональная, научная и техническая деятельность",false,,,,3190000,920,,,,,,,,,1,Всего,АКМОЛИНСКАЯ ОБЛАСТЬ,КОСШЫ Г.А.
448738,Деятельность головных компаний; консультирование по вопросам управления ,false,,,,3190000,920,,,,,,,,,2,"Профессиональная, научная и техническая деятельность",АКМОЛИНСКАЯ ОБЛАСТЬ,КОСШЫ Г.А.
448742,Деятельность по консультированию по вопросам управления,false,,,,3190000,920,,,,,,,,,3,Деятельность головных компаний; консультирование по вопросам управления ,АКМОЛИНСКАЯ ОБЛАСТЬ,КОСШЫ Г.А.
448745,Консультирование по вопросам коммерческой деятельности и прочее консультирование по вопросам управления,false,,,,3190000,920,,,,,,,,,4,Деятельность по консультированию по вопросам управления,АКМОЛИНСКАЯ ОБЛАСТЬ,КОСШЫ Г.А.
18946177,Консультирование по вопросам коммерческой деятельности и управления,true,,,,3190000,920,,,,,,,,,5,Консультирование по вопросам коммерческой деятельности и прочее консультирование по вопросам управления,АКМОЛИНСКАЯ ОБЛАСТЬ,КОСШЫ Г.А.
448797,Деятельность в области административного и вспомогательного обслуживания,false,,,,35700000,920,,,129620000,1031,157141000,994,120681000,957,1,Всего,АКМОЛИНСКАЯ ОБЛАСТЬ,КОСШЫ Г.А.
448798,"Аренда, прокат и лизинг",false,,,,,,,,x,1031,21294000,994,x,957,2,Деятельность в области административного и вспомогательного обслуживания,АКМОЛИНСКАЯ ОБЛАСТЬ,КОСШЫ Г.А.
448799,Аренда и лизинг автомобилей ,false,,,,,,,,x,1031,x,994,,,3,"Аренда, прокат и лизинг",АКМОЛИНСКАЯ ОБЛАСТЬ,КОСШЫ Г.А.
448802,Аренда и лизинг грузовых автомобилей,false,,,,,,,,x,1031,x,994,,,4,Аренда и лизинг автомобилей ,АКМОЛИНСКАЯ ОБЛАСТЬ,КОСШЫ Г.А.
543077,Аренда грузовых автомобилей,true,,,,,,,,x,1031,x,994,,,5,Аренда и лизинг грузовых автомобилей,АКМОЛИНСКАЯ ОБЛАСТЬ,КОСШЫ Г.А.
448811,"Аренда и лизинг прочих машин, оборудования и материальных активов",false,,,,,,,,,,831000,994,x,957,3,"Аренда, прокат и лизинг",АКМОЛИНСКАЯ ОБЛАСТЬ,КОСШЫ Г.А.
448814,Аренда и лизинг строительных машин и оборудования ,false,,,,,,,,,,831000,994,x,957,4,"Аренда и лизинг прочих машин, оборудования и материальных активов",АКМОЛИНСКАЯ ОБЛАСТЬ,КОСШЫ Г.А.
543081,Аренда строительных машин и оборудования ,true,,,,,,,,,,831000,994,x,957,5,Аренда и лизинг строительных машин и оборудования ,АКМОЛИНСКАЯ ОБЛАСТЬ,КОСШЫ Г.А.
448856,Деятельность по обслуживанию зданий и благоустройству территорий,false,,,,35700000,920,,,106098000,1031,135847000,994,99145000,957,2,Деятельность в области административного и вспомогательного обслуживания,АКМОЛИНСКАЯ ОБЛАСТЬ,КОСШЫ Г.А.
448860,Деятельность по уборке,false,,,,35700000,920,,,17332000,1031,,,,,3,Деятельность по обслуживанию зданий и благоустройству территорий,АКМОЛИНСКАЯ ОБЛАСТЬ,КОСШЫ Г.А.
448863,"Прочая деятельность (специализированная) по уборке зданий, чистке промышленных машин и оборудования",false,,,,,,,,17332000,1031,,,,,4,Деятельность по уборке,АКМОЛИНСКАЯ ОБЛАСТЬ,КОСШЫ Г.А.
448864,"Прочая деятельность (специализированная) по уборке зданий, чистке промышленных машин и оборудования",true,,,,,,,,17332000,1031,,,,,5,"Прочая деятельность (специализированная) по уборке зданий, чистке промышленных машин и оборудования",АКМОЛИНСКАЯ ОБЛАСТЬ,КОСШЫ Г.А.
448865,Прочая деятельность по уборке,false,,,,35700000,920,,,,,,,,,4,Деятельность по уборке,АКМОЛИНСКАЯ ОБЛАСТЬ,КОСШЫ Г.А.
448866,Прочая деятельность по уборке,true,,,,35700000,920,,,,,,,,,5,Прочая деятельность по уборке,АКМОЛИНСКАЯ ОБЛАСТЬ,КОСШЫ Г.А.
448867,Деятельность по благоустройству территорий,false,,,,,,,,88766000,1031,135847000,994,99145000,957,3,Деятельность по обслуживанию зданий и благоустройству территорий,АКМОЛИНСКАЯ ОБЛАСТЬ,КОСШЫ Г.А.
448868,Деятельность по благоустройству территорий,false,,,,,,,,88766000,1031,135847000,994,99145000,957,4,Деятельность по благоустройству территорий,АКМОЛИНСКАЯ ОБЛАСТЬ,КОСШЫ Г.А.
448869,Деятельность по благоустройству территорий,true,,,,,,,,88766000,1031,135847000,994,99145000,957,5,Деятельность по благоустройству территорий,АКМОЛИНСКАЯ ОБЛАСТЬ,КОСШЫ Г.А.
448889,Государственное управление и оборона; обязательное  социальное обеспечение,false,,,,,,,,117428000,1031,184098000,994,x,957,1,Всего,АКМОЛИНСКАЯ ОБЛАСТЬ,КОСШЫ Г.А.
448890,Государственное управление и оборона; обязательное социальное обеспечение,false,,,,,,,,117428000,1031,184098000,994,x,957,2,Государственное управление и оборона; обязательное  социальное обеспечение,АКМОЛИНСКАЯ ОБЛАСТЬ,КОСШЫ Г.А.
448904,Предоставление государством услуг обществу в целом,false,,,,,,,,117428000,1031,184098000,994,x,957,3,Государственное управление и оборона; обязательное социальное обеспечение,АКМОЛИНСКАЯ ОБЛАСТЬ,КОСШЫ Г.А.
448909,Деятельность в области юстиции и правосудия,false,,,,,,,,117428000,1031,10164000,994,,,4,Предоставление государством услуг обществу в целом,АКМОЛИНСКАЯ ОБЛАСТЬ,КОСШЫ Г.А.
448910,Деятельность в области юстиции и правосудия,true,,,,,,,,117428000,1031,10164000,994,,,5,Деятельность в области юстиции и правосудия,АКМОЛИНСКАЯ ОБЛАСТЬ,КОСШЫ Г.А.
448911,Деятельность по обеспечению общественного порядка и безопасности,false,,,,,,,,,,10164000,994,,,4,Предоставление государством услуг обществу в целом,АКМОЛИНСКАЯ ОБЛАСТЬ,КОСШЫ Г.А.
448912,Деятельность по обеспечению общественного порядка и безопасности,true,,,,,,,,,,10164000,994,,,5,Деятельность по обеспечению общественного порядка и безопасности,АКМОЛИНСКАЯ ОБЛАСТЬ,КОСШЫ Г.А.
448913,Деятельность по обеспечению безопасности в чрезвычайных ситуациях,false,,,,,,,,,,163770000,994,x,957,4,Предоставление государством услуг обществу в целом,АКМОЛИНСКАЯ ОБЛАСТЬ,КОСШЫ Г.А.
448914,Деятельность по обеспечению безопасности в чрезвычайных ситуациях,true,,,,,,,,,,163770000,994,x,957,5,Деятельность по обеспечению безопасности в чрезвычайных ситуациях,АКМОЛИНСКАЯ ОБЛАСТЬ,КОСШЫ Г.А.
448918,Образование,false,,,,2557432000,920,,,1756582000,1031,9343712000,994,2004308000,957,1,Всего,АКМОЛИНСКАЯ ОБЛАСТЬ,КОСШЫ Г.А.
448919,Образование,false,,,,2557432000,920,,,1756582000,1031,9343712000,994,2004308000,957,2,Образование,АКМОЛИНСКАЯ ОБЛАСТЬ,КОСШЫ Г.А.
448920,Дошкольное образование,false,,,,494408000,920,,,x,1031,66633000,994,x,957,3,Образование,АКМОЛИНСКАЯ ОБЛАСТЬ,КОСШЫ Г.А.
448921,Дошкольное образование,false,,,,494408000,920,,,x,1031,66633000,994,x,957,4,Дошкольное образование,АКМОЛИНСКАЯ ОБЛАСТЬ,КОСШЫ Г.А.
448922,Дошкольное образование,true,,,,494408000,920,,,x,1031,66633000,994,x,957,5,Дошкольное образование,АКМОЛИНСКАЯ ОБЛАСТЬ,КОСШЫ Г.А.
448926,Среднее образование (2-й и 3-й уровни),false,,,,2063024000,920,,,1755974000,1031,9277079000,994,2002247000,957,3,Образование,АКМОЛИНСКАЯ ОБЛАСТЬ,КОСШЫ Г.А.
448927,Основное и общее среднее образование,false,,,,2063024000,920,,,1755974000,1031,9277079000,994,2002247000,957,4,Среднее образование (2-й и 3-й уровни),АКМОЛИНСКАЯ ОБЛАСТЬ,КОСШЫ Г.А.
448928,Основное и общее среднее образование,true,,,,2063024000,920,,,1755974000,1031,9277079000,994,2002247000,957,5,Основное и общее среднее образование,АКМОЛИНСКАЯ ОБЛАСТЬ,КОСШЫ Г.А.
448937,Прочие виды образования,false,,,,,,,,,,,,x,957,3,Образование,АКМОЛИНСКАЯ ОБЛАСТЬ,КОСШЫ Г.А.
448944,"Прочие виды образования, не включенные в другие группировки",false,,,,,,,,,,,,x,957,4,Прочие виды образования,АКМОЛИНСКАЯ ОБЛАСТЬ,КОСШЫ Г.А.
448946,"Прочая деятельность в области образования, не включенная в другие группировки",true,,,,,,,,,,,,x,957,5,"Прочие виды образования, не включенные в другие группировки",АКМОЛИНСКАЯ ОБЛАСТЬ,КОСШЫ Г.А.
448950,Здравоохранение и социальное обслуживание населения,false,,,,26729000,920,,,19805000,1031,32520000,994,49609000,957,1,Всего,АКМОЛИНСКАЯ ОБЛАСТЬ,КОСШЫ Г.А.
448951,Деятельность в области здравоохранения,false,,,,26729000,920,,,19805000,1031,32520000,994,49609000,957,2,Здравоохранение и социальное обслуживание населения,АКМОЛИНСКАЯ ОБЛАСТЬ,КОСШЫ Г.А.
448959,Деятельность в области врачебной практики и стоматологии,false,,,,26729000,920,,,19805000,1031,32520000,994,49609000,957,3,Деятельность в области здравоохранения,АКМОЛИНСКАЯ ОБЛАСТЬ,КОСШЫ Г.А.
448960,Общая врачебная практика,false,,,,26729000,920,,,19805000,1031,32520000,994,49609000,957,4,Деятельность в области врачебной практики и стоматологии,АКМОЛИНСКАЯ ОБЛАСТЬ,КОСШЫ Г.А.
448961,Общая врачебная практика,true,,,,26729000,920,,,19805000,1031,32520000,994,49609000,957,5,Общая врачебная практика,АКМОЛИНСКАЯ ОБЛАСТЬ,КОСШЫ Г.А.
448991,"Искусство, развлечения и отдых",false,,,,,,,,9039199000,1031,1640718000,994,,,1,Всего,АКМОЛИНСКАЯ ОБЛАСТЬ,КОСШЫ Г.А.
449022,"Деятельность в области спорта, организации отдыха и развлечений",false,,,,,,,,9039199000,1031,1640718000,994,,,2,"Искусство, развлечения и отдых",АКМОЛИНСКАЯ ОБЛАСТЬ,КОСШЫ Г.А.
449023,Деятельность в области спорта,false,,,,,,,,456308000,1031,749999000,994,,,3,"Деятельность в области спорта, организации отдыха и развлечений",АКМОЛИНСКАЯ ОБЛАСТЬ,КОСШЫ Г.А.
449024,Эксплуатация спортивных сооружений,false,,,,,,,,456308000,1031,749999000,994,,,4,Деятельность в области спорта,АКМОЛИНСКАЯ ОБЛАСТЬ,КОСШЫ Г.А.
449025,Эксплуатация спортивных сооружений,true,,,,,,,,456308000,1031,749999000,994,,,5,Эксплуатация спортивных сооружений,АКМОЛИНСКАЯ ОБЛАСТЬ,КОСШЫ Г.А.
449032,Деятельность по организации отдыха и развлечений,false,,,,,,,,8582891000,1031,x,994,,,3,"Деятельность в области спорта, организации отдыха и развлечений",АКМОЛИНСКАЯ ОБЛАСТЬ,КОСШЫ Г.А.
449035,Прочая деятельность по организации отдыха и развлечений,false,,,,,,,,8582891000,1031,x,994,,,4,Деятельность по организации отдыха и развлечений,АКМОЛИНСКАЯ ОБЛАСТЬ,КОСШЫ Г.А.
449039,Прочие виды деятельности по организации отдыха и развлечений,true,,,,,,,,8582891000,1031,x,994,,,5,Прочая деятельность по организации отдыха и развлечений,АКМОЛИНСКАЯ ОБЛАСТЬ,КОСШЫ Г.А.
449040,Предоставление прочих видов услуг,false,,,,,,,,,,217350000,994,,,1,Всего,АКМОЛИНСКАЯ ОБЛАСТЬ,КОСШЫ Г.А.
449084,Предоставление прочих индивидуальных услуг,false,,,,,,,,,,217350000,994,,,2,Предоставление прочих видов услуг,АКМОЛИНСКАЯ ОБЛАСТЬ,КОСШЫ Г.А.
449085,Предоставление прочих индивидуальных услуг,false,,,,,,,,,,217350000,994,,,3,Предоставление прочих индивидуальных услуг,АКМОЛИНСКАЯ ОБЛАСТЬ,КОСШЫ Г.А.
449093,Деятельность по обеспечению физического комфорта,false,,,,,,,,,,217350000,994,,,4,Предоставление прочих индивидуальных услуг,АКМОЛИНСКАЯ ОБЛАСТЬ,КОСШЫ Г.А.
449094,Деятельность по обеспечению физического комфорта,true,,,,,,,,,,217350000,994,,,5,Деятельность по обеспечению физического комфорта,АКМОЛИНСКАЯ ОБЛАСТЬ,КОСШЫ Г.А.
741340,Промышленность,false,,,,x,920,,,7691045000,1031,1921419000,994,2054811000,957,1,Всего,АКМОЛИНСКАЯ ОБЛАСТЬ,КОСШЫ Г.А.
447279,Горнодобывающая промышленность и разработка карьеров,false,,,,,,,,x,1031,x,994,x,957,2,Промышленность,АКМОЛИНСКАЯ ОБЛАСТЬ,КОСШЫ Г.А.
447316,Добыча прочих полезных ископаемых,false,,,,,,,,x,1031,x,994,x,957,3,Горнодобывающая промышленность и разработка карьеров,АКМОЛИНСКАЯ ОБЛАСТЬ,КОСШЫ Г.А.
447317,"Добыча камня, песка и глины",false,,,,,,,,x,1031,x,994,x,957,4,Добыча прочих полезных ископаемых,АКМОЛИНСКАЯ ОБЛАСТЬ,КОСШЫ Г.А.
447322,"Разработка гравийных и песчаных карьеров, добыча глины и каолина",false,,,,,,,,x,1031,x,994,x,957,5,"Добыча камня, песка и глины",АКМОЛИНСКАЯ ОБЛАСТЬ,КОСШЫ Г.А.
447346,Обрабатывающая промышленность,false,,,,x,920,,,46699000,1031,1157047000,994,427791000,957,2,Промышленность,АКМОЛИНСКАЯ ОБЛАСТЬ,КОСШЫ Г.А.
447347,Производство продуктов питания,false,,,,x,920,,,44816000,1031,1127081000,994,375037000,957,3,Обрабатывающая промышленность,АКМОЛИНСКАЯ ОБЛАСТЬ,КОСШЫ Г.А.
447348,Переработка и консервирование мяса и производство мясной продукции,false,,,,x,920,,,44816000,1031,1127081000,994,x,957,4,Производство продуктов питания,АКМОЛИНСКАЯ ОБЛАСТЬ,КОСШЫ Г.А.
447349,Переработка и консервирование мяса,false,,,,x,920,,,44816000,1031,1127081000,994,x,957,5,Переработка и консервирование мяса и производство мясной продукции,АКМОЛИНСКАЯ ОБЛАСТЬ,КОСШЫ Г.А.
447384,"Производство  хлебобулочных, макаронных и мучных кондитерских изделий",false,,,,,,,,,,,,300000000,957,4,Производство продуктов питания,АКМОЛИНСКАЯ ОБЛАСТЬ,КОСШЫ Г.А.
447385,Производство хлебобулочных и мучных кондитерских изделий недлительного хранения,false,,,,,,,,,,,,300000000,957,5,"Производство  хлебобулочных, макаронных и мучных кондитерских изделий",АКМОЛИНСКАЯ ОБЛАСТЬ,КОСШЫ Г.А.
447628,Производство резиновых и пластмассовых изделий,false,,,,,,,,953000,1031,,,,,3,Обрабатывающая промышленность,АКМОЛИНСКАЯ ОБЛАСТЬ,КОСШЫ Г.А.
447636,Производство пластмассовых изделий,false,,,,,,,,953000,1031,,,,,4,Производство резиновых и пластмассовых изделий,АКМОЛИНСКАЯ ОБЛАСТЬ,КОСШЫ Г.А.
447641,Производство строительных пластмассовых изделий,false,,,,,,,,953000,1031,,,,,5,Производство пластмассовых изделий,АКМОЛИНСКАЯ ОБЛАСТЬ,КОСШЫ Г.А.
447646,Производство прочей не металлической минеральной продукции,false,,,,,,,,930000,1031,29966000,994,x,957,3,Обрабатывающая промышленность,АКМОЛИНСКАЯ ОБЛАСТЬ,КОСШЫ Г.А.
447661,Производство огнеупорных изделий,false,,,,,,,,930000,1031,19290000,994,,,4,Производство прочей не металлической минеральной продукции,АКМОЛИНСКАЯ ОБЛАСТЬ,КОСШЫ Г.А.
447662,Производство огнеупорных изделий,false,,,,,,,,930000,1031,19290000,994,,,5,Производство огнеупорных изделий,АКМОЛИНСКАЯ ОБЛАСТЬ,КОСШЫ Г.А.
447688,"Производство изделий из бетона, цемента и строительного гипса ",false,,,,,,,,,,x,994,x,957,4,Производство прочей не металлической минеральной продукции,АКМОЛИНСКАЯ ОБЛАСТЬ,КОСШЫ Г.А.
447695,Производство товарного бетона ,false,,,,,,,,,,x,994,x,957,5,"Производство изделий из бетона, цемента и строительного гипса ",АКМОЛИНСКАЯ ОБЛАСТЬ,КОСШЫ Г.А.
448090,"Снабжение электроэнергией, газом, паром, горячей водой и кондиционированным воздухом",false,,,,,,,,4917454000,1031,361239000,994,46886000,957,2,Промышленность,АКМОЛИНСКАЯ ОБЛАСТЬ,КОСШЫ Г.А.
448091,"Снабжение электроэнергией, газом, паром, горячей водой и кондиционированным воздухом",false,,,,,,,,4917454000,1031,361239000,994,46886000,957,3,"Снабжение электроэнергией, газом, паром, горячей водой и кондиционированным воздухом",АКМОЛИНСКАЯ ОБЛАСТЬ,КОСШЫ Г.А.
448092,"Производство, передача и распределение электроэнергии",false,,,,,,,,917817000,1031,109548000,994,24295000,957,4,"Снабжение электроэнергией, газом, паром, горячей водой и кондиционированным воздухом",АКМОЛИНСКАЯ ОБЛАСТЬ,КОСШЫ Г.А.
448100,Распределение электроэнергии,false,,,,,,,,917817000,1031,109548000,994,24295000,957,5,"Производство, передача и распределение электроэнергии",АКМОЛИНСКАЯ ОБЛАСТЬ,КОСШЫ Г.А.
448104,Производство и распределение газообразного топлива по трубопроводам,false,,,,,,,,3999637000,1031,26137000,994,x,957,4,"Снабжение электроэнергией, газом, паром, горячей водой и кондиционированным воздухом",АКМОЛИНСКАЯ ОБЛАСТЬ,КОСШЫ Г.А.
448107,Распределение газообразного топлива по трубопроводам,false,,,,,,,,3999637000,1031,26137000,994,x,957,5,Производство и распределение газообразного топлива по трубопроводам,АКМОЛИНСКАЯ ОБЛАСТЬ,КОСШЫ Г.А.
448111,"Снабжение паром, горячей водой и кондиционированным воздухом",false,,,,,,,,,,x,994,4723000,957,4,"Снабжение электроэнергией, газом, паром, горячей водой и кондиционированным воздухом",АКМОЛИНСКАЯ ОБЛАСТЬ,КОСШЫ Г.А.
448112,"Снабжение паром, горячей водой и кондиционированным воздухом",false,,,,,,,,,,x,994,4723000,957,5,"Снабжение паром, горячей водой и кондиционированным воздухом",АКМОЛИНСКАЯ ОБЛАСТЬ,КОСШЫ Г.А.
448117,"Водоснабжение; сбор, обработка и удаление отходов, деятельность по ликвидации загрязнений",false,,,,,,,,2697106000,1031,325469000,994,1500000000,957,2,Промышленность,АКМОЛИНСКАЯ ОБЛАСТЬ,КОСШЫ Г.А.
448118,"Сбор, обработка и распределение воды",false,,,,,,,,2697106000,1031,325469000,994,1500000000,957,3,"Водоснабжение; сбор, обработка и удаление отходов, деятельность по ликвидации загрязнений",АКМОЛИНСКАЯ ОБЛАСТЬ,КОСШЫ Г.А.
448119,"Сбор, обработка и распределение воды",false,,,,,,,,2697106000,1031,325469000,994,1500000000,957,4,"Сбор, обработка и распределение воды",АКМОЛИНСКАЯ ОБЛАСТЬ,КОСШЫ Г.А.
448120,"Сбор, обработка и распределение воды",false,,,,,,,,2697106000,1031,325469000,994,1500000000,957,5,"Сбор, обработка и распределение воды",АКМОЛИНСКАЯ ОБЛАСТЬ,КОСШЫ Г.А.
