id,text,leaf,measureName,y122020,122020,y122021,122021,y122019,122019,y122024,122024,y122023,122023,y122022,122022,depth,parent_text,oblast,region
741885,Всего,false,,40370240000,883,39786249000,920,34667607000,846,100041974000,1031,91588507000,994,59501835000,957,0,,АЛМАТИНСКАЯ ОБЛАСТЬ,ҚОНАЕВ Г.А.
447173,"Сельское, лесное и рыбное хозяйство",false,,329840000,883,1757933000,920,630281000,846,2039768000,1031,26981078000,994,5084284000,957,1,Всего,АЛМАТИНСКАЯ ОБЛАСТЬ,ҚОНАЕВ Г.А.
447174,"Растениеводство и животноводство, охота и предоставление услуг в этих областях",false,,320196000,883,151750000,920,630281000,846,1189583000,1031,21135631000,994,2035018000,957,2,"Сельское, лесное и рыбное хозяйство",АЛМАТИНСКАЯ ОБЛАСТЬ,ҚОНАЕВ Г.А.
447175,Выращивание одно- или двухлетних культур,false,,x,883,102019000,920,109325000,846,1030102000,1031,21111541000,994,65007000,957,3,"Растениеводство и животноводство, охота и предоставление услуг в этих областях",АЛМАТИНСКАЯ ОБЛАСТЬ,ҚОНАЕВ Г.А.
447176,"Выращивание зерновых (кроме риса), бобовых и масличных культур",false,,,,,,x,846,19300000,1031,144566000,994,3768000,957,4,Выращивание одно- или двухлетних культур,АЛМАТИНСКАЯ ОБЛАСТЬ,ҚОНАЕВ Г.А.
3783380,"Выращивание зерновых и зернобобовых культур, включая семеноводство",true,,,,,,x,846,19300000,1031,144566000,994,3768000,957,5,"Выращивание зерновых (кроме риса), бобовых и масличных культур",АЛМАТИНСКАЯ ОБЛАСТЬ,ҚОНАЕВ Г.А.
447181,"Выращивание овощей, бахчевых, корнеплодов и клубнеплодов",false,,x,883,65019000,920,75833000,846,821806000,1031,20966975000,994,35319000,957,4,Выращивание одно- или двухлетних культур,АЛМАТИНСКАЯ ОБЛАСТЬ,ҚОНАЕВ Г.А.
447183,"Выращивание овощей, их семян и рассады",true,,x,883,65019000,920,x,846,821806000,1031,20966975000,994,35319000,957,5,"Выращивание овощей, бахчевых, корнеплодов и клубнеплодов",АЛМАТИНСКАЯ ОБЛАСТЬ,ҚОНАЕВ Г.А.
447184,Выращивание сахарной свеклы и ее семян,true,,,,,,x,846,,,,,,,5,"Выращивание овощей, бахчевых, корнеплодов и клубнеплодов",АЛМАТИНСКАЯ ОБЛАСТЬ,ҚОНАЕВ Г.А.
447192,Выращивание прочих одно- или двухлетних культур,false,,,,x,920,,,188996000,1031,,,25920000,957,4,Выращивание одно- или двухлетних культур,АЛМАТИНСКАЯ ОБЛАСТЬ,ҚОНАЕВ Г.А.
447193,Выращивание кормовых культур и их семян,true,,,,,,,,x,1031,,,,,5,Выращивание прочих одно- или двухлетних культур,АЛМАТИНСКАЯ ОБЛАСТЬ,ҚОНАЕВ Г.А.
447195,"Выращивание прочих одно- или двухлетних культур, не включенных в другие группировки",true,,,,x,920,,,16327000,1031,,,25920000,957,5,Выращивание прочих одно- или двухлетних культур,АЛМАТИНСКАЯ ОБЛАСТЬ,ҚОНАЕВ Г.А.
447196,Выращивание многолетних культур,false,,,,,,,,,,,,x,957,3,"Растениеводство и животноводство, охота и предоставление услуг в этих областях",АЛМАТИНСКАЯ ОБЛАСТЬ,ҚОНАЕВ Г.А.
447213,Выращивание прочих многолетних культур,false,,,,,,,,,,,,x,957,4,Выращивание многолетних культур,АЛМАТИНСКАЯ ОБЛАСТЬ,ҚОНАЕВ Г.А.
447214,Выращивание прочих многолетних культур,true,,,,,,,,,,,,x,957,5,Выращивание прочих многолетних культур,АЛМАТИНСКАЯ ОБЛАСТЬ,ҚОНАЕВ Г.А.
447218,Животноводство,false,,x,883,x,920,385300000,846,x,1031,,,x,957,3,"Растениеводство и животноводство, охота и предоставление услуг в этих областях",АЛМАТИНСКАЯ ОБЛАСТЬ,ҚОНАЕВ Г.А.
447221,Разведение прочего крупного рогатого скота и буйволов,false,,x,883,x,920,385300000,846,,,,,,,4,Животноводство,АЛМАТИНСКАЯ ОБЛАСТЬ,ҚОНАЕВ Г.А.
447222,Разведение прочего крупного рогатого скота и буйволов,true,,x,883,x,920,385300000,846,,,,,,,5,Разведение прочего крупного рогатого скота и буйволов,АЛМАТИНСКАЯ ОБЛАСТЬ,ҚОНАЕВ Г.А.
447232,Разведение сельскохозяйственной птицы ,false,,,,,,,,x,1031,,,x,957,4,Животноводство,АЛМАТИНСКАЯ ОБЛАСТЬ,ҚОНАЕВ Г.А.
447234,Производство яиц,true,,,,,,,,x,1031,,,x,957,5,Разведение сельскохозяйственной птицы ,АЛМАТИНСКАЯ ОБЛАСТЬ,ҚОНАЕВ Г.А.
447239,Смешанное сельское хозяйство,false,,x,883,5265000,920,109604000,846,15700000,1031,24090000,994,139504000,957,3,"Растениеводство и животноводство, охота и предоставление услуг в этих областях",АЛМАТИНСКАЯ ОБЛАСТЬ,ҚОНАЕВ Г.А.
447240,Смешанное сельское хозяйство,false,,x,883,5265000,920,109604000,846,15700000,1031,24090000,994,139504000,957,4,Смешанное сельское хозяйство,АЛМАТИНСКАЯ ОБЛАСТЬ,ҚОНАЕВ Г.А.
447241,Смешанное сельское хозяйство,true,,x,883,5265000,920,109604000,846,15700000,1031,24090000,994,139504000,957,5,Смешанное сельское хозяйство,АЛМАТИНСКАЯ ОБЛАСТЬ,ҚОНАЕВ Г.А.
18683346,"Деятельность, способствующая выращиванию сельскохозяйственных культур и разведению животных и деятельность по обработке урожая",false,,x,883,x,920,x,846,,,,,,,3,"Растениеводство и животноводство, охота и предоставление услуг в этих областях",АЛМАТИНСКАЯ ОБЛАСТЬ,ҚОНАЕВ Г.А.
18683347,"Деятельность, способствующая растениеводству",false,,x,883,x,920,x,846,,,,,,,4,"Деятельность, способствующая выращиванию сельскохозяйственных культур и разведению животных и деятельность по обработке урожая",АЛМАТИНСКАЯ ОБЛАСТЬ,ҚОНАЕВ Г.А.
18683349,Эксплуатация оросительных систем,true,,x,883,x,920,x,846,,,,,,,5,"Деятельность, способствующая растениеводству",АЛМАТИНСКАЯ ОБЛАСТЬ,ҚОНАЕВ Г.А.
447255,Лесоводство и лесозаготовки,false,,,,,,,,63484000,1031,,,,,2,"Сельское, лесное и рыбное хозяйство",АЛМАТИНСКАЯ ОБЛАСТЬ,ҚОНАЕВ Г.А.
447256,Лесоводство и прочая лесохозяйственная деятельность,false,,,,,,,,63484000,1031,,,,,3,Лесоводство и лесозаготовки,АЛМАТИНСКАЯ ОБЛАСТЬ,ҚОНАЕВ Г.А.
447257,Лесоводство и прочая лесохозяйственная деятельность,false,,,,,,,,63484000,1031,,,,,4,Лесоводство и прочая лесохозяйственная деятельность,АЛМАТИНСКАЯ ОБЛАСТЬ,ҚОНАЕВ Г.А.
447258,Лесоводство и прочая лесохозяйственная деятельность,true,,,,,,,,63484000,1031,,,,,5,Лесоводство и прочая лесохозяйственная деятельность,АЛМАТИНСКАЯ ОБЛАСТЬ,ҚОНАЕВ Г.А.
447268,Рыболовство и рыбоводство,false,,x,883,1606183000,920,,,x,1031,5845447000,994,3049266000,957,2,"Сельское, лесное и рыбное хозяйство",АЛМАТИНСКАЯ ОБЛАСТЬ,ҚОНАЕВ Г.А.
447269,Рыболовство,false,,x,883,1606183000,920,,,x,1031,x,994,3047664000,957,3,Рыболовство и рыбоводство,АЛМАТИНСКАЯ ОБЛАСТЬ,ҚОНАЕВ Г.А.
447272,Пресноводное рыболовство,false,,x,883,1606183000,920,,,x,1031,x,994,3047664000,957,4,Рыболовство,АЛМАТИНСКАЯ ОБЛАСТЬ,ҚОНАЕВ Г.А.
447273,Пресноводное рыболовство,true,,x,883,1606183000,920,,,x,1031,x,994,3047664000,957,5,Пресноводное рыболовство,АЛМАТИНСКАЯ ОБЛАСТЬ,ҚОНАЕВ Г.А.
447274,Рыбоводство,false,,,,,,,,,,1422000,994,x,957,3,Рыболовство и рыбоводство,АЛМАТИНСКАЯ ОБЛАСТЬ,ҚОНАЕВ Г.А.
447277,Пресноводное рыбоводство,false,,,,,,,,,,1422000,994,x,957,4,Рыбоводство,АЛМАТИНСКАЯ ОБЛАСТЬ,ҚОНАЕВ Г.А.
447278,Пресноводное рыбоводство,true,,,,,,,,,,1422000,994,x,957,5,Пресноводное рыбоводство,АЛМАТИНСКАЯ ОБЛАСТЬ,ҚОНАЕВ Г.А.
448148,Строительство,false,,92722000,883,101392000,920,16844000,846,433112000,1031,460289000,994,68919000,957,1,Всего,АЛМАТИНСКАЯ ОБЛАСТЬ,ҚОНАЕВ Г.А.
18710963,Строительство зданий,false,,x,883,6811000,920,x,846,x,1031,3370000,994,3898000,957,2,Строительство,АЛМАТИНСКАЯ ОБЛАСТЬ,ҚОНАЕВ Г.А.
18710964,Разработка строительных проектов,false,,,,,,,,x,1031,,,,,3,Строительство зданий,АЛМАТИНСКАЯ ОБЛАСТЬ,ҚОНАЕВ Г.А.
18710965,Разработка строительных проектов,false,,,,,,,,x,1031,,,,,4,Разработка строительных проектов,АЛМАТИНСКАЯ ОБЛАСТЬ,ҚОНАЕВ Г.А.
18710966,Разработка строительных проектов,true,,,,,,,,x,1031,,,,,5,Разработка строительных проектов,АЛМАТИНСКАЯ ОБЛАСТЬ,ҚОНАЕВ Г.А.
18710967,Строительство жилых и нежилых зданий,false,,x,883,6811000,920,x,846,,,3370000,994,3898000,957,3,Строительство зданий,АЛМАТИНСКАЯ ОБЛАСТЬ,ҚОНАЕВ Г.А.
18710968,Строительство жилых и нежилых зданий,false,,x,883,6811000,920,x,846,,,3370000,994,3898000,957,4,Строительство жилых и нежилых зданий,АЛМАТИНСКАЯ ОБЛАСТЬ,ҚОНАЕВ Г.А.
18710969,Строительство жилых зданий,true,,x,883,6811000,920,x,846,,,x,994,3898000,957,5,Строительство жилых и нежилых зданий,АЛМАТИНСКАЯ ОБЛАСТЬ,ҚОНАЕВ Г.А.
18801543,"Строительство нежилых зданий, за исключением стационарных торговых объектов категорий 1, 2",true,,,,,,,,,,1822000,994,,,5,Строительство жилых и нежилых зданий,АЛМАТИНСКАЯ ОБЛАСТЬ,ҚОНАЕВ Г.А.
448157,Гражданское строительство,false,,80133000,883,94581000,920,1569000,846,,,93000,994,65021000,957,2,Строительство,АЛМАТИНСКАЯ ОБЛАСТЬ,ҚОНАЕВ Г.А.
448158,Строительство автомобильных и железных дорог,false,,80133000,883,92118000,920,876000,846,,,,,61482000,957,3,Гражданское строительство,АЛМАТИНСКАЯ ОБЛАСТЬ,ҚОНАЕВ Г.А.
448161,Строительство железных дорог и метро,false,,69223000,883,75758000,920,,,,,,,60609000,957,4,Строительство автомобильных и железных дорог,АЛМАТИНСКАЯ ОБЛАСТЬ,ҚОНАЕВ Г.А.
448162,Строительство железных дорог и метро,true,,69223000,883,75758000,920,,,,,,,60609000,957,5,Строительство железных дорог и метро,АЛМАТИНСКАЯ ОБЛАСТЬ,ҚОНАЕВ Г.А.
448163,Строительство мостов и туннелей,false,,x,883,x,920,876000,846,,,,,x,957,4,Строительство автомобильных и железных дорог,АЛМАТИНСКАЯ ОБЛАСТЬ,ҚОНАЕВ Г.А.
448164,Строительство мостов и туннелей,true,,x,883,x,920,876000,846,,,,,x,957,5,Строительство мостов и туннелей,АЛМАТИНСКАЯ ОБЛАСТЬ,ҚОНАЕВ Г.А.
448165,Строительство распределительных инженерных сооружений,false,,,,x,920,x,846,,,93000,994,x,957,3,Гражданское строительство,АЛМАТИНСКАЯ ОБЛАСТЬ,ҚОНАЕВ Г.А.
448166,Строительство трубопроводов,false,,,,x,920,x,846,,,93000,994,x,957,4,Строительство распределительных инженерных сооружений,АЛМАТИНСКАЯ ОБЛАСТЬ,ҚОНАЕВ Г.А.
448169,Строительство прочих трубопроводов,true,,,,x,920,x,846,,,93000,994,x,957,5,Строительство трубопроводов,АЛМАТИНСКАЯ ОБЛАСТЬ,ҚОНАЕВ Г.А.
448177,Специализированные строительные работы,false,,1403000,883,,,15005000,846,x,1031,456826000,994,,,2,Строительство,АЛМАТИНСКАЯ ОБЛАСТЬ,ҚОНАЕВ Г.А.
448187,"Монтаж и установка электрического, водопроводного и прочего оборудования",false,,,,,,6875000,846,,,x,994,,,3,Специализированные строительные работы,АЛМАТИНСКАЯ ОБЛАСТЬ,ҚОНАЕВ Г.А.
448188,Электромонтажные работы,false,,,,,,5970000,846,,,,,,,4,"Монтаж и установка электрического, водопроводного и прочего оборудования",АЛМАТИНСКАЯ ОБЛАСТЬ,ҚОНАЕВ Г.А.
18951435,Прочие электромонтажные работы,true,,,,,,5970000,846,,,,,,,5,Электромонтажные работы,АЛМАТИНСКАЯ ОБЛАСТЬ,ҚОНАЕВ Г.А.
448192,Прочие строительно-монтажные работы,false,,,,,,x,846,,,x,994,,,4,"Монтаж и установка электрического, водопроводного и прочего оборудования",АЛМАТИНСКАЯ ОБЛАСТЬ,ҚОНАЕВ Г.А.
448194,"Прочие строительно-монтажные работы, не включенные в другие группировки",true,,,,,,x,846,,,x,994,,,5,Прочие строительно-монтажные работы,АЛМАТИНСКАЯ ОБЛАСТЬ,ҚОНАЕВ Г.А.
448196,Отделочные работы,false,,,,,,x,846,,,,,,,3,Специализированные строительные работы,АЛМАТИНСКАЯ ОБЛАСТЬ,ҚОНАЕВ Г.А.
448205,Прочие отделочные работы,false,,,,,,x,846,,,,,,,4,Отделочные работы,АЛМАТИНСКАЯ ОБЛАСТЬ,ҚОНАЕВ Г.А.
448206,Прочие отделочные работы,true,,,,,,x,846,,,,,,,5,Прочие отделочные работы,АЛМАТИНСКАЯ ОБЛАСТЬ,ҚОНАЕВ Г.А.
448207,Прочие специализированные строительные работы,false,,1403000,883,,,x,846,x,1031,x,994,,,3,Специализированные строительные работы,АЛМАТИНСКАЯ ОБЛАСТЬ,ҚОНАЕВ Г.А.
448210,"Прочие специализированные строительные работы, не включенные в другие группировки",false,,1403000,883,,,x,846,x,1031,x,994,,,4,Прочие специализированные строительные работы,АЛМАТИНСКАЯ ОБЛАСТЬ,ҚОНАЕВ Г.А.
448214,"Прочие строительные работы, требующие специальной квалификации",true,,1403000,883,,,x,846,x,1031,x,994,,,5,"Прочие специализированные строительные работы, не включенные в другие группировки",АЛМАТИНСКАЯ ОБЛАСТЬ,ҚОНАЕВ Г.А.
448215,Оптовая и розничная торговля; ремонт автомобилей и мотоциклов,false,,4043424000,883,5911064000,920,1461688000,846,158013000,1031,3891884000,994,5015113000,957,1,Всего,АЛМАТИНСКАЯ ОБЛАСТЬ,ҚОНАЕВ Г.А.
448216,Оптовая и розничная торговля автомобилями и мотоциклами и их ремонт,false,,,,2015789000,920,479250000,846,,,,,2081000000,957,2,Оптовая и розничная торговля; ремонт автомобилей и мотоциклов,АЛМАТИНСКАЯ ОБЛАСТЬ,ҚОНАЕВ Г.А.
448224,Техническое обслуживание и ремонт автомобилей,false,,,,2015789000,920,109250000,846,,,,,2081000000,957,3,Оптовая и розничная торговля автомобилями и мотоциклами и их ремонт,АЛМАТИНСКАЯ ОБЛАСТЬ,ҚОНАЕВ Г.А.
448225,Техническое обслуживание и ремонт автомобилей,false,,,,2015789000,920,109250000,846,,,,,2081000000,957,4,Техническое обслуживание и ремонт автомобилей,АЛМАТИНСКАЯ ОБЛАСТЬ,ҚОНАЕВ Г.А.
448226,Техобслуживание и ремонт автотранспортных средств,true,,,,,,109250000,846,,,,,,,5,Техническое обслуживание и ремонт автомобилей,АЛМАТИНСКАЯ ОБЛАСТЬ,ҚОНАЕВ Г.А.
20575904,"Техническое обслуживание и ремонт автомобилей, за исключением произведенных станциями технического обслуживания, находящимися на придорожной полосе",true,,,,2015789000,920,,,,,,,2081000000,957,5,Техническое обслуживание и ремонт автомобилей,АЛМАТИНСКАЯ ОБЛАСТЬ,ҚОНАЕВ Г.А.
448227,"Торговля автомобильными деталями, узлами и принадлежностями",false,,,,,,370000000,846,,,,,,,3,Оптовая и розничная торговля автомобилями и мотоциклами и их ремонт,АЛМАТИНСКАЯ ОБЛАСТЬ,ҚОНАЕВ Г.А.
448230,"Розничная торговля автомобильными деталями, узлами и принадлежностями",false,,,,,,370000000,846,,,,,,,4,"Торговля автомобильными деталями, узлами и принадлежностями",АЛМАТИНСКАЯ ОБЛАСТЬ,ҚОНАЕВ Г.А.
18951438,"Розничная торговля автомобильными деталями, узлами и принадлежностями в торговых объектах с торговой площадью менее 2000 кв.м",true,,,,,,370000000,846,,,,,,,5,"Розничная торговля автомобильными деталями, узлами и принадлежностями",АЛМАТИНСКАЯ ОБЛАСТЬ,ҚОНАЕВ Г.А.
448237,"Оптовая торговля, за исключением торговли автомобилями и мотоциклами",false,,13273000,883,29621000,920,4914000,846,,,849000,994,83152000,957,2,Оптовая и розничная торговля; ремонт автомобилей и мотоциклов,АЛМАТИНСКАЯ ОБЛАСТЬ,ҚОНАЕВ Г.А.
448267,"Оптовая торговля продуктами питания, напитками и табачными изделиями",false,,,,,,x,846,,,x,994,x,957,3,"Оптовая торговля, за исключением торговли автомобилями и мотоциклами",АЛМАТИНСКАЯ ОБЛАСТЬ,ҚОНАЕВ Г.А.
448274,Оптовая торговля напитками,false,,,,,,x,846,,,,,,,4,"Оптовая торговля продуктами питания, напитками и табачными изделиями",АЛМАТИНСКАЯ ОБЛАСТЬ,ҚОНАЕВ Г.А.
3647932,"Оптовая торговля напитками в магазинах, являющихся торговыми объектами, с торговой площадью менее 2000 кв.м",true,,,,,,x,846,,,,,,,5,Оптовая торговля напитками,АЛМАТИНСКАЯ ОБЛАСТЬ,ҚОНАЕВ Г.А.
448282,"Оптовая торговля прочими продуктами питания, включая рыбу, ракообразных и моллюсков",false,,,,,,,,,,x,994,x,957,4,"Оптовая торговля продуктами питания, напитками и табачными изделиями",АЛМАТИНСКАЯ ОБЛАСТЬ,ҚОНАЕВ Г.А.
448283,Оптовая торговля рыбой и рыбными продуктами,true,,,,,,,,,,x,994,x,957,5,"Оптовая торговля прочими продуктами питания, включая рыбу, ракообразных и моллюсков",АЛМАТИНСКАЯ ОБЛАСТЬ,ҚОНАЕВ Г.А.
448287,Оптовая торговля непродовольственными товарами потребительского назначения,false,,x,883,x,920,,,,,,,,,3,"Оптовая торговля, за исключением торговли автомобилями и мотоциклами",АЛМАТИНСКАЯ ОБЛАСТЬ,ҚОНАЕВ Г.А.
448301,Оптовая торговля фармацевтическими товарами,false,,x,883,x,920,,,,,,,,,4,Оптовая торговля непродовольственными товарами потребительского назначения,АЛМАТИНСКАЯ ОБЛАСТЬ,ҚОНАЕВ Г.А.
18946138,"Оптовая торговля фармацевтическими товарами, кроме торговли медицинской техникой и ортопедическими  изделиями",true,,x,883,x,920,,,,,,,,,5,Оптовая торговля фармацевтическими товарами,АЛМАТИНСКАЯ ОБЛАСТЬ,ҚОНАЕВ Г.А.
448331,Прочая специализированная оптовая торговля ,false,,x,883,x,920,,,,,,,x,957,3,"Оптовая торговля, за исключением торговли автомобилями и мотоциклами",АЛМАТИНСКАЯ ОБЛАСТЬ,ҚОНАЕВ Г.А.
448358,Оптовая торговля химической продукцией,false,,x,883,x,920,,,,,,,,,4,Прочая специализированная оптовая торговля ,АЛМАТИНСКАЯ ОБЛАСТЬ,ҚОНАЕВ Г.А.
448359,Оптовая торговля химическими веществами и химическими продуктами,true,,x,883,x,920,,,,,,,,,5,Оптовая торговля химической продукцией,АЛМАТИНСКАЯ ОБЛАСТЬ,ҚОНАЕВ Г.А.
448367,Оптовая торговля отходами и ломом,false,,,,,,,,,,,,x,957,4,Прочая специализированная оптовая торговля ,АЛМАТИНСКАЯ ОБЛАСТЬ,ҚОНАЕВ Г.А.
448368,Оптовая торговля ломом и отходами черных и цветных металлов,true,,,,,,,,,,,,x,957,5,Оптовая торговля отходами и ломом,АЛМАТИНСКАЯ ОБЛАСТЬ,ҚОНАЕВ Г.А.
448371,Неспециализированная оптовая торговля,false,,5162000,883,5023000,920,4316000,846,,,393000,994,181000,957,3,"Оптовая торговля, за исключением торговли автомобилями и мотоциклами",АЛМАТИНСКАЯ ОБЛАСТЬ,ҚОНАЕВ Г.А.
448372,Неспециализированная оптовая торговля,false,,5162000,883,5023000,920,4316000,846,,,393000,994,181000,957,4,Неспециализированная оптовая торговля,АЛМАТИНСКАЯ ОБЛАСТЬ,ҚОНАЕВ Г.А.
448376,Оптовая торговля широким ассортиментом товаров без какой-либо конкретизации,true,,5162000,883,5023000,920,4316000,846,,,393000,994,181000,957,5,Неспециализированная оптовая торговля,АЛМАТИНСКАЯ ОБЛАСТЬ,ҚОНАЕВ Г.А.
448377,"Розничная торговля, кроме торговли автомобилями и мотоциклами",false,,4030151000,883,3865654000,920,977524000,846,158013000,1031,3891035000,994,2850961000,957,2,Оптовая и розничная торговля; ремонт автомобилей и мотоциклов,АЛМАТИНСКАЯ ОБЛАСТЬ,ҚОНАЕВ Г.А.
448378,Розничная торговля в неспециализированных магазинах,false,,4012070000,883,3827213000,920,964654000,846,79022000,1031,3871743000,994,2655302000,957,3,"Розничная торговля, кроме торговли автомобилями и мотоциклами",АЛМАТИНСКАЯ ОБЛАСТЬ,ҚОНАЕВ Г.А.
448379,"Розничная торговля в неспециализированных магазинах преимущественно продуктами питания, напитками и табачными изделиями",false,,,,2029770000,920,964654000,846,74300000,1031,,,,,4,Розничная торговля в неспециализированных магазинах,АЛМАТИНСКАЯ ОБЛАСТЬ,ҚОНАЕВ Г.А.
3647934,"Розничная торговля преимущественно продуктами питания, напитками и табачными изделиями в неспециализированных магазинах, являющихся торговыми объектами, с торговой площадью менее 2000 кв.м ",true,,,,2029770000,920,964654000,846,74300000,1031,,,,,5,"Розничная торговля в неспециализированных магазинах преимущественно продуктами питания, напитками и табачными изделиями",АЛМАТИНСКАЯ ОБЛАСТЬ,ҚОНАЕВ Г.А.
448381,Прочая розничная торговля в неспециализированных магазинах,false,,4012070000,883,1797443000,920,,,4722000,1031,3871743000,994,2655302000,957,4,Розничная торговля в неспециализированных магазинах,АЛМАТИНСКАЯ ОБЛАСТЬ,ҚОНАЕВ Г.А.
3647936,"Прочая розничная торговля в неспециализированных магазинах, являющихся торговыми объектами, с торговой площадью менее 2000 кв.м ",true,,,,1797443000,920,,,4722000,1031,x,994,1061402000,957,5,Прочая розничная торговля в неспециализированных магазинах,АЛМАТИНСКАЯ ОБЛАСТЬ,ҚОНАЕВ Г.А.
3647937,"Прочая розничная торговля в неспециализированных магазинах, являющихся торговыми объектами, с торговой площадью более 2000 кв.м (2000 кв.м и выше)",true,,4012070000,883,,,,,,,3868300000,994,1593900000,957,5,Прочая розничная торговля в неспециализированных магазинах,АЛМАТИНСКАЯ ОБЛАСТЬ,ҚОНАЕВ Г.А.
448399,Розничная торговля топливом в специализированных магазинах,false,,17852000,883,38113000,920,11160000,846,78991000,1031,19292000,994,154783000,957,3,"Розничная торговля, кроме торговли автомобилями и мотоциклами",АЛМАТИНСКАЯ ОБЛАСТЬ,ҚОНАЕВ Г.А.
448400,Розничная торговля топливом в специализированных магазинах,false,,17852000,883,38113000,920,11160000,846,78991000,1031,19292000,994,154783000,957,4,Розничная торговля топливом в специализированных магазинах,АЛМАТИНСКАЯ ОБЛАСТЬ,ҚОНАЕВ Г.А.
20576124,"Розничная торговля моторным топливом в специализированных магазинах, за исключением находящихся на придорожной полосе",true,,17852000,883,38113000,920,,,78991000,1031,19292000,994,154783000,957,5,Розничная торговля топливом в специализированных магазинах,АЛМАТИНСКАЯ ОБЛАСТЬ,ҚОНАЕВ Г.А.
18951442,Розничная торговля моторным топливом в специализированных магазинах,true,,,,,,11160000,846,,,,,,,5,Розничная торговля топливом в специализированных магазинах,АЛМАТИНСКАЯ ОБЛАСТЬ,ҚОНАЕВ Г.А.
448409,Розничная торговля прочими бытовыми товарами в специализированных магазинах ,false,,x,883,x,920,x,846,,,,,x,957,3,"Розничная торговля, кроме торговли автомобилями и мотоциклами",АЛМАТИНСКАЯ ОБЛАСТЬ,ҚОНАЕВ Г.А.
448416,Розничная торговля электрическими бытовыми приборами в специализированных магазинах,false,,x,883,x,920,x,846,,,,,x,957,4,Розничная торговля прочими бытовыми товарами в специализированных магазинах ,АЛМАТИНСКАЯ ОБЛАСТЬ,ҚОНАЕВ Г.А.
3647962,"Розничная торговля электрическими бытовыми приборами в специализированных магазинах, являющихся торговыми объектами, с торговой площадью менее 2000 кв.м",true,,x,883,x,920,x,846,,,,,x,957,5,Розничная торговля электрическими бытовыми приборами в специализированных магазинах,АЛМАТИНСКАЯ ОБЛАСТЬ,ҚОНАЕВ Г.А.
448433,Розничная торговля прочими товарами в специализированных магазинах,false,,,,,,,,,,,,x,957,3,"Розничная торговля, кроме торговли автомобилями и мотоциклами",АЛМАТИНСКАЯ ОБЛАСТЬ,ҚОНАЕВ Г.А.
448437,Розничная торговля обувью и кожаными изделиями в специализированных магазинах,false,,,,,,,,,,,,x,957,4,Розничная торговля прочими товарами в специализированных магазинах,АЛМАТИНСКАЯ ОБЛАСТЬ,ҚОНАЕВ Г.А.
448438,"Розничная торговля обувью в специализированных магазинах, являющихся торговыми объектами, с торговой площадью менее 2000 кв.м",true,,,,,,,,,,,,x,957,5,Розничная торговля обувью и кожаными изделиями в специализированных магазинах,АЛМАТИНСКАЯ ОБЛАСТЬ,ҚОНАЕВ Г.А.
448468,"Розничная торговля вне магазинов, палаток, киосков или рынков",false,,,,,,,,,,,,x,957,3,"Розничная торговля, кроме торговли автомобилями и мотоциклами",АЛМАТИНСКАЯ ОБЛАСТЬ,ҚОНАЕВ Г.А.
448471,"Прочая розничная торговля вне магазинов, палаток, киосков или рынков",false,,,,,,,,,,,,x,957,4,"Розничная торговля вне магазинов, палаток, киосков или рынков",АЛМАТИНСКАЯ ОБЛАСТЬ,ҚОНАЕВ Г.А.
448474,Прочая розничная торговля вне магазинов,true,,,,,,,,,,,,x,957,5,"Прочая розничная торговля вне магазинов, палаток, киосков или рынков",АЛМАТИНСКАЯ ОБЛАСТЬ,ҚОНАЕВ Г.А.
448475,Транспорт и складирование,false,,971509000,883,3297109000,920,1082867000,846,3360335000,1031,6239644000,994,4052611000,957,1,Всего,АЛМАТИНСКАЯ ОБЛАСТЬ,ҚОНАЕВ Г.А.
448476,Деятельность сухопутного и трубопроводного транспорта ,false,,x,883,x,920,x,846,x,1031,3550520000,994,,,2,Транспорт и складирование,АЛМАТИНСКАЯ ОБЛАСТЬ,ҚОНАЕВ Г.А.
448477,Деятельность пассажирского железнодорожного транспорта в междугородном сообщении,false,,x,883,,,,,,,1582920000,994,,,3,Деятельность сухопутного и трубопроводного транспорта ,АЛМАТИНСКАЯ ОБЛАСТЬ,ҚОНАЕВ Г.А.
448478,Деятельность пассажирского железнодорожного транспорта в междугородном сообщении,false,,x,883,,,,,,,1582920000,994,,,4,Деятельность пассажирского железнодорожного транспорта в междугородном сообщении,АЛМАТИНСКАЯ ОБЛАСТЬ,ҚОНАЕВ Г.А.
448479,Деятельность пассажирского железнодорожного транспорта в междугородном сообщении,true,,x,883,,,,,,,1582920000,994,,,5,Деятельность пассажирского железнодорожного транспорта в междугородном сообщении,АЛМАТИНСКАЯ ОБЛАСТЬ,ҚОНАЕВ Г.А.
448483,Деятельность прочего пассажирского сухопутного транспорта,false,,,,,,,,,,148767000,994,,,3,Деятельность сухопутного и трубопроводного транспорта ,АЛМАТИНСКАЯ ОБЛАСТЬ,ҚОНАЕВ Г.А.
448484,Деятельность сухопутного транспорта по городским и пригородным пассажирским перевозкам,false,,,,,,,,,,148767000,994,,,4,Деятельность прочего пассажирского сухопутного транспорта,АЛМАТИНСКАЯ ОБЛАСТЬ,ҚОНАЕВ Г.А.
448485,Перевозки автобусами,true,,,,,,,,,,148767000,994,,,5,Деятельность сухопутного транспорта по городским и пригородным пассажирским перевозкам,АЛМАТИНСКАЯ ОБЛАСТЬ,ҚОНАЕВ Г.А.
448494,Деятельность грузового автомобильного транспорта и предоставление услуг по переезду ,false,,,,x,920,x,846,x,1031,1818833000,994,,,3,Деятельность сухопутного и трубопроводного транспорта ,АЛМАТИНСКАЯ ОБЛАСТЬ,ҚОНАЕВ Г.А.
448495,Деятельность грузового автомобильного транспорта,false,,,,x,920,x,846,x,1031,1818833000,994,,,4,Деятельность грузового автомобильного транспорта и предоставление услуг по переезду ,АЛМАТИНСКАЯ ОБЛАСТЬ,ҚОНАЕВ Г.А.
448496,Деятельность грузового автомобильного транспорта,true,,,,x,920,x,846,x,1031,1818833000,994,,,5,Деятельность грузового автомобильного транспорта,АЛМАТИНСКАЯ ОБЛАСТЬ,ҚОНАЕВ Г.А.
448527,Складирование грузов и вспомогательная транспортная деятельность,false,,942096000,883,3081394000,920,1046447000,846,2159298000,1031,2671185000,994,4052611000,957,2,Транспорт и складирование,АЛМАТИНСКАЯ ОБЛАСТЬ,ҚОНАЕВ Г.А.
448528,Складирование и хранение грузов,false,,,,2000537000,920,,,55002000,1031,,,x,957,3,Складирование грузов и вспомогательная транспортная деятельность,АЛМАТИНСКАЯ ОБЛАСТЬ,ҚОНАЕВ Г.А.
448529,Складирование и хранение грузов,false,,,,2000537000,920,,,55002000,1031,,,x,957,4,Складирование и хранение грузов,АЛМАТИНСКАЯ ОБЛАСТЬ,ҚОНАЕВ Г.А.
448531,"Складирование и хранение непродовольственных товаров, кроме зерна и нефти",true,,,,,,,,,,,,x,957,5,Складирование и хранение грузов,АЛМАТИНСКАЯ ОБЛАСТЬ,ҚОНАЕВ Г.А.
20576309,Складирование и хранение овощей и фруктов,true,,,,2000537000,920,,,,,,,,,5,Складирование и хранение грузов,АЛМАТИНСКАЯ ОБЛАСТЬ,ҚОНАЕВ Г.А.
448533,Вспомогательная транспортная деятельность,false,,942096000,883,1080857000,920,1046447000,846,2104296000,1031,2671185000,994,2052611000,957,3,Складирование грузов и вспомогательная транспортная деятельность,АЛМАТИНСКАЯ ОБЛАСТЬ,ҚОНАЕВ Г.А.
448534,Вспомогательная деятельность сухопутного транспорта,false,,942096000,883,1080857000,920,1046447000,846,2104296000,1031,2671185000,994,2052611000,957,4,Вспомогательная транспортная деятельность,АЛМАТИНСКАЯ ОБЛАСТЬ,ҚОНАЕВ Г.А.
448535,Эксплуатация железных дорог,true,,192714000,883,,,x,846,393765000,1031,,,,,5,Вспомогательная деятельность сухопутного транспорта,АЛМАТИНСКАЯ ОБЛАСТЬ,ҚОНАЕВ Г.А.
448536,Эксплуатация автомобильных дорог,true,,749382000,883,1080857000,920,840505000,846,1710531000,1031,2671185000,994,2052611000,957,5,Вспомогательная деятельность сухопутного транспорта,АЛМАТИНСКАЯ ОБЛАСТЬ,ҚОНАЕВ Г.А.
448551,Почтовая и курьерская деятельность,false,,,,,,,,x,1031,17939000,994,,,2,Транспорт и складирование,АЛМАТИНСКАЯ ОБЛАСТЬ,ҚОНАЕВ Г.А.
448552,Почтовая деятельность в рамках предоставления услуг общего пользования,false,,,,,,,,x,1031,17939000,994,,,3,Почтовая и курьерская деятельность,АЛМАТИНСКАЯ ОБЛАСТЬ,ҚОНАЕВ Г.А.
448553,Почтовая деятельность в рамках предоставления услуг общего пользования,false,,,,,,,,x,1031,17939000,994,,,4,Почтовая деятельность в рамках предоставления услуг общего пользования,АЛМАТИНСКАЯ ОБЛАСТЬ,ҚОНАЕВ Г.А.
448554,Почтовая деятельность в рамках предоставления услуг общего пользования,true,,,,,,,,x,1031,17939000,994,,,5,Почтовая деятельность в рамках предоставления услуг общего пользования,АЛМАТИНСКАЯ ОБЛАСТЬ,ҚОНАЕВ Г.А.
448558,Предоставление услуг по проживанию и питанию,false,,10233641000,883,19165582000,920,917912000,846,2747749000,1031,1542344000,994,4658324000,957,1,Всего,АЛМАТИНСКАЯ ОБЛАСТЬ,ҚОНАЕВ Г.А.
3783427,Предоставление услуг по временному проживанию,false,,10233641000,883,10962339000,920,30600000,846,2642549000,1031,1537782000,994,3514749000,957,2,Предоставление услуг по проживанию и питанию,АЛМАТИНСКАЯ ОБЛАСТЬ,ҚОНАЕВ Г.А.
3783428,Предоставление услуг гостиницами и аналогичными местами для проживания,false,,10233641000,883,10805773000,920,,,2642549000,1031,1537782000,994,3491900000,957,3,Предоставление услуг по временному проживанию,АЛМАТИНСКАЯ ОБЛАСТЬ,ҚОНАЕВ Г.А.
3783429,Предоставление услуг гостиницами и аналогичными местами для проживания,false,,10233641000,883,10805773000,920,,,2642549000,1031,1537782000,994,3491900000,957,4,Предоставление услуг гостиницами и аналогичными местами для проживания,АЛМАТИНСКАЯ ОБЛАСТЬ,ҚОНАЕВ Г.А.
3783430,"Предоставление услуг гостиницами с ресторанами, за исключением гостиниц, находящихся на придорожной полосе",true,,10233641000,883,10805773000,920,,,2240396000,1031,1537782000,994,3491900000,957,5,Предоставление услуг гостиницами и аналогичными местами для проживания,АЛМАТИНСКАЯ ОБЛАСТЬ,ҚОНАЕВ Г.А.
3783431,"Предоставление услуг гостиницами без ресторанов, за исключением гостиниц, находящихся на придорожной полосе",true,,,,,,,,402153000,1031,,,,,5,Предоставление услуг гостиницами и аналогичными местами для проживания,АЛМАТИНСКАЯ ОБЛАСТЬ,ҚОНАЕВ Г.А.
3783432,Предоставление жилья на выходные дни и прочие периоды краткосрочного проживания,false,,,,x,920,30600000,846,,,,,x,957,3,Предоставление услуг по временному проживанию,АЛМАТИНСКАЯ ОБЛАСТЬ,ҚОНАЕВ Г.А.
3783433,Предоставление жилья на выходные дни и прочие периоды краткосрочного проживания,false,,,,x,920,30600000,846,,,,,x,957,4,Предоставление жилья на выходные дни и прочие периоды краткосрочного проживания,АЛМАТИНСКАЯ ОБЛАСТЬ,ҚОНАЕВ Г.А.
3783434,Предоставление жилья на выходные дни и прочие периоды краткосрочного проживания,true,,,,x,920,30600000,846,,,,,x,957,5,Предоставление жилья на выходные дни и прочие периоды краткосрочного проживания,АЛМАТИНСКАЯ ОБЛАСТЬ,ҚОНАЕВ Г.А.
448573,Предоставление услуг по обеспечению питанием и напитками,false,,,,8203243000,920,887312000,846,105200000,1031,4562000,994,1143575000,957,2,Предоставление услуг по проживанию и питанию,АЛМАТИНСКАЯ ОБЛАСТЬ,ҚОНАЕВ Г.А.
448574,Деятельность ресторанов и предоставление услуг по доставке продуктов питания,false,,,,8203243000,920,182000,846,105200000,1031,4562000,994,1143575000,957,3,Предоставление услуг по обеспечению питанием и напитками,АЛМАТИНСКАЯ ОБЛАСТЬ,ҚОНАЕВ Г.А.
448575,Деятельность ресторанов и предоставление услуг по доставке продуктов питания,false,,,,8203243000,920,182000,846,105200000,1031,4562000,994,1143575000,957,4,Деятельность ресторанов и предоставление услуг по доставке продуктов питания,АЛМАТИНСКАЯ ОБЛАСТЬ,ҚОНАЕВ Г.А.
448576,Рестораны и услуги по доставке продуктов питания,true,,,,,,182000,846,,,,,,,5,Деятельность ресторанов и предоставление услуг по доставке продуктов питания,АЛМАТИНСКАЯ ОБЛАСТЬ,ҚОНАЕВ Г.А.
20576362,"Деятельность ресторанов и предоставление услуг по доставке продуктов питания, за исключением деятельности объектов, находящихся на придорожной полосе",true,,,,8203243000,920,,,105200000,1031,4562000,994,1143575000,957,5,Деятельность ресторанов и предоставление услуг по доставке продуктов питания,АЛМАТИНСКАЯ ОБЛАСТЬ,ҚОНАЕВ Г.А.
448582,Подача напитков,false,,,,,,887130000,846,,,,,,,3,Предоставление услуг по обеспечению питанием и напитками,АЛМАТИНСКАЯ ОБЛАСТЬ,ҚОНАЕВ Г.А.
448583,Подача напитков,false,,,,,,887130000,846,,,,,,,4,Подача напитков,АЛМАТИНСКАЯ ОБЛАСТЬ,ҚОНАЕВ Г.А.
448584,Подача напитков,true,,,,,,887130000,846,,,,,,,5,Подача напитков,АЛМАТИНСКАЯ ОБЛАСТЬ,ҚОНАЕВ Г.А.
448585,Информация и связь,false,,96964000,883,x,920,,,1981780000,1031,1790668000,994,199447000,957,1,Всего,АЛМАТИНСКАЯ ОБЛАСТЬ,ҚОНАЕВ Г.А.
448586,Издательская деятельность,false,,x,883,,,,,,,10611000,994,,,2,Информация и связь,АЛМАТИНСКАЯ ОБЛАСТЬ,ҚОНАЕВ Г.А.
448587,"Издание книг, периодических публикаций и другие виды издательской деятельности",false,,x,883,,,,,,,10611000,994,,,3,Издательская деятельность,АЛМАТИНСКАЯ ОБЛАСТЬ,ҚОНАЕВ Г.А.
448592,Издание газет,false,,x,883,,,,,,,10611000,994,,,4,"Издание книг, периодических публикаций и другие виды издательской деятельности",АЛМАТИНСКАЯ ОБЛАСТЬ,ҚОНАЕВ Г.А.
448593,Издание газет,true,,x,883,,,,,,,10611000,994,,,5,Издание газет,АЛМАТИНСКАЯ ОБЛАСТЬ,ҚОНАЕВ Г.А.
448623,Телекоммуникации,false,,96917000,883,x,920,,,1576641000,1031,1641839000,994,106483000,957,2,Информация и связь,АЛМАТИНСКАЯ ОБЛАСТЬ,ҚОНАЕВ Г.А.
18696628,Проводная телекоммуникационная связь,false,,60980000,883,,,,,,,,,,,3,Телекоммуникации,АЛМАТИНСКАЯ ОБЛАСТЬ,ҚОНАЕВ Г.А.
18696629,Проводная телекоммуникационная связь,false,,60980000,883,,,,,,,,,,,4,Проводная телекоммуникационная связь,АЛМАТИНСКАЯ ОБЛАСТЬ,ҚОНАЕВ Г.А.
18946146,Прочая проводная телекоммуникационная связь,true,,60980000,883,,,,,,,,,,,5,Проводная телекоммуникационная связь,АЛМАТИНСКАЯ ОБЛАСТЬ,ҚОНАЕВ Г.А.
448627,Беспроводная телекоммуникационная связь,false,,20993000,883,,,,,1414529000,1031,1632120000,994,106483000,957,3,Телекоммуникации,АЛМАТИНСКАЯ ОБЛАСТЬ,ҚОНАЕВ Г.А.
448628,Беспроводная телекоммуникационная связь,false,,20993000,883,,,,,1414529000,1031,1632120000,994,106483000,957,4,Беспроводная телекоммуникационная связь,АЛМАТИНСКАЯ ОБЛАСТЬ,ҚОНАЕВ Г.А.
18946149,Прочая беспроводная телекоммуникационная связь,true,,20993000,883,,,,,1414529000,1031,1632120000,994,106483000,957,5,Беспроводная телекоммуникационная связь,АЛМАТИНСКАЯ ОБЛАСТЬ,ҚОНАЕВ Г.А.
448633,Прочая деятельность в области телекоммуникаций,false,,x,883,x,920,,,162112000,1031,x,994,,,3,Телекоммуникации,АЛМАТИНСКАЯ ОБЛАСТЬ,ҚОНАЕВ Г.А.
448634,Прочая деятельность в области телекоммуникаций,false,,x,883,x,920,,,162112000,1031,x,994,,,4,Прочая деятельность в области телекоммуникаций,АЛМАТИНСКАЯ ОБЛАСТЬ,ҚОНАЕВ Г.А.
18946154,"Прочая деятельность в области телекоммуникаций, не включенная в другие группировки",true,,x,883,x,920,,,162112000,1031,x,994,,,5,Прочая деятельность в области телекоммуникаций,АЛМАТИНСКАЯ ОБЛАСТЬ,ҚОНАЕВ Г.А.
448636,"Компьютерное программирование, консультационные и другие сопутствующие услуги",false,,,,,,,,44997000,1031,108770000,994,x,957,2,Информация и связь,АЛМАТИНСКАЯ ОБЛАСТЬ,ҚОНАЕВ Г.А.
448637,"Компьютерное программирование, консультационные и другие сопутствующие услуги",false,,,,,,,,44997000,1031,108770000,994,x,957,3,"Компьютерное программирование, консультационные и другие сопутствующие услуги",АЛМАТИНСКАЯ ОБЛАСТЬ,ҚОНАЕВ Г.А.
448638,Деятельность в области компьютерного программирования,false,,,,,,,,26182000,1031,,,,,4,"Компьютерное программирование, консультационные и другие сопутствующие услуги",АЛМАТИНСКАЯ ОБЛАСТЬ,ҚОНАЕВ Г.А.
448639,Разработка программного обеспечения,true,,,,,,,,26182000,1031,,,,,5,Деятельность в области компьютерного программирования,АЛМАТИНСКАЯ ОБЛАСТЬ,ҚОНАЕВ Г.А.
448641,Консультационные услуги в области информационных технологий,true,,,,,,,,18815000,1031,,,,,4,"Компьютерное программирование, консультационные и другие сопутствующие услуги",АЛМАТИНСКАЯ ОБЛАСТЬ,ҚОНАЕВ Г.А.
448643,Деятельность по управлению компьютерным оборудованием,false,,,,,,,,,,,,x,957,4,"Компьютерное программирование, консультационные и другие сопутствующие услуги",АЛМАТИНСКАЯ ОБЛАСТЬ,ҚОНАЕВ Г.А.
18946158,Деятельность по управлению информационно-коммуникационным оборудованием,true,,,,,,,,,,,,x,957,5,Деятельность по управлению компьютерным оборудованием,АЛМАТИНСКАЯ ОБЛАСТЬ,ҚОНАЕВ Г.А.
448645,Другие виды деятельности в области информационных технологий и информационных систем,false,,,,,,,,,,108770000,994,x,957,4,"Компьютерное программирование, консультационные и другие сопутствующие услуги",АЛМАТИНСКАЯ ОБЛАСТЬ,ҚОНАЕВ Г.А.
20576431,Деятельность в области кибербезопасности,true,,,,,,,,,,x,994,x,957,5,Другие виды деятельности в области информационных технологий и информационных систем,АЛМАТИНСКАЯ ОБЛАСТЬ,ҚОНАЕВ Г.А.
20576432,"Другие виды деятельности в области информационных технологий и информационных систем, не включенные в другие группировки",true,,,,,,,,,,23667000,994,,,5,Другие виды деятельности в области информационных технологий и информационных систем,АЛМАТИНСКАЯ ОБЛАСТЬ,ҚОНАЕВ Г.А.
448647,Деятельность в области информационного обслуживания,false,,,,,,,,x,1031,29448000,994,,,2,Информация и связь,АЛМАТИНСКАЯ ОБЛАСТЬ,ҚОНАЕВ Г.А.
448648,"Обработка данных, размещение приложений (прикладных программ) и связанная с этим деятельность; деятельность веб-порталов",false,,,,,,,,x,1031,29448000,994,,,3,Деятельность в области информационного обслуживания,АЛМАТИНСКАЯ ОБЛАСТЬ,ҚОНАЕВ Г.А.
448649,"Обработка данных, размещение приложений (прикладных программ) и связанная с этим деятельность ",false,,,,,,,,x,1031,29448000,994,,,4,"Обработка данных, размещение приложений (прикладных программ) и связанная с этим деятельность; деятельность веб-порталов",АЛМАТИНСКАЯ ОБЛАСТЬ,ҚОНАЕВ Г.А.
18946161,Размещение приложений (прикладных программ) и связанная с этим деятельность,true,,,,,,,,,,x,994,,,5,"Обработка данных, размещение приложений (прикладных программ) и связанная с этим деятельность ",АЛМАТИНСКАЯ ОБЛАСТЬ,ҚОНАЕВ Г.А.
18946162,Информационно-методологическое обеспечение с сопровождением информационных систем и баз данных,true,,,,,,,,,,16207000,994,,,5,"Обработка данных, размещение приложений (прикладных программ) и связанная с этим деятельность ",АЛМАТИНСКАЯ ОБЛАСТЬ,ҚОНАЕВ Г.А.
448658,Финансовая и страховая деятельность,false,,24773000,883,61652000,920,41055000,846,564959000,1031,222284000,994,48289000,957,1,Всего,АЛМАТИНСКАЯ ОБЛАСТЬ,ҚОНАЕВ Г.А.
448659,"Финансовое посредничество, кроме страхования и пенсионного обеспечения",false,,24773000,883,61652000,920,41055000,846,564829000,1031,222284000,994,48289000,957,2,Финансовая и страховая деятельность,АЛМАТИНСКАЯ ОБЛАСТЬ,ҚОНАЕВ Г.А.
448660,Денежное посредничество,false,,,,,,,,x,1031,120634000,994,,,3,"Финансовое посредничество, кроме страхования и пенсионного обеспечения",АЛМАТИНСКАЯ ОБЛАСТЬ,ҚОНАЕВ Г.А.
448661,Деятельность национального банка ,false,,,,,,,,,,x,994,,,4,Денежное посредничество,АЛМАТИНСКАЯ ОБЛАСТЬ,ҚОНАЕВ Г.А.
448662,Деятельность национального банка ,true,,,,,,,,,,x,994,,,5,Деятельность национального банка ,АЛМАТИНСКАЯ ОБЛАСТЬ,ҚОНАЕВ Г.А.
448663,Прочее денежное посредничество,false,,,,,,,,x,1031,x,994,,,4,Денежное посредничество,АЛМАТИНСКАЯ ОБЛАСТЬ,ҚОНАЕВ Г.А.
448665,Деятельность сберегательных банков,true,,,,,,,,x,1031,x,994,,,5,Прочее денежное посредничество,АЛМАТИНСКАЯ ОБЛАСТЬ,ҚОНАЕВ Г.А.
448673,"Прочее финансовое посредничество, кроме страхования и пенсионного обеспечения",false,,24773000,883,61652000,920,41055000,846,163829000,1031,101650000,994,48289000,957,3,"Финансовое посредничество, кроме страхования и пенсионного обеспечения",АЛМАТИНСКАЯ ОБЛАСТЬ,ҚОНАЕВ Г.А.
448676,Прочие виды кредитования,false,,24773000,883,61652000,920,41055000,846,163829000,1031,101650000,994,48289000,957,4,"Прочее финансовое посредничество, кроме страхования и пенсионного обеспечения",АЛМАТИНСКАЯ ОБЛАСТЬ,ҚОНАЕВ Г.А.
448677,Деятельность ломбардов,true,,24773000,883,61652000,920,41045000,846,163434000,1031,101296000,994,48289000,957,5,Прочие виды кредитования,АЛМАТИНСКАЯ ОБЛАСТЬ,ҚОНАЕВ Г.А.
448678,"Прочие виды кредитования, не включенные в другие группировки",true,,,,,,x,846,395000,1031,354000,994,,,5,Прочие виды кредитования,АЛМАТИНСКАЯ ОБЛАСТЬ,ҚОНАЕВ Г.А.
448681,"Страхование, перестрахование и пенсионной обеспечение, кроме обязательного социального обеспечения",false,,,,,,,,x,1031,,,,,2,Финансовая и страховая деятельность,АЛМАТИНСКАЯ ОБЛАСТЬ,ҚОНАЕВ Г.А.
448682,Страхование,false,,,,,,,,x,1031,,,,,3,"Страхование, перестрахование и пенсионной обеспечение, кроме обязательного социального обеспечения",АЛМАТИНСКАЯ ОБЛАСТЬ,ҚОНАЕВ Г.А.
448686,Страхование ущерба,false,,,,,,,,x,1031,,,,,4,Страхование,АЛМАТИНСКАЯ ОБЛАСТЬ,ҚОНАЕВ Г.А.
448688,Негосударственное страхование ущерба,true,,,,,,,,x,1031,,,,,5,Страхование ущерба,АЛМАТИНСКАЯ ОБЛАСТЬ,ҚОНАЕВ Г.А.
448714,Операции с недвижимым имуществом,false,,3282799000,883,3989788000,920,4471521000,846,15856582000,1031,17522718000,994,10060354000,957,1,Всего,АЛМАТИНСКАЯ ОБЛАСТЬ,ҚОНАЕВ Г.А.
448715,Операции с недвижимым имуществом,false,,3282799000,883,3989788000,920,4471521000,846,15856582000,1031,17522718000,994,10060354000,957,2,Операции с недвижимым имуществом,АЛМАТИНСКАЯ ОБЛАСТЬ,ҚОНАЕВ Г.А.
448716,Покупка и продажа собственного недвижимого имущества ,false,,3279829000,883,3989788000,920,4457321000,846,12908920000,1031,14539669000,994,10039798000,957,3,Операции с недвижимым имуществом,АЛМАТИНСКАЯ ОБЛАСТЬ,ҚОНАЕВ Г.А.
448717,Покупка и продажа собственного недвижимого имущества ,false,,3279829000,883,3989788000,920,4457321000,846,12908920000,1031,14539669000,994,10039798000,957,4,Покупка и продажа собственного недвижимого имущества ,АЛМАТИНСКАЯ ОБЛАСТЬ,ҚОНАЕВ Г.А.
543091,Покупка и продажа многоквартирных и жилых домов (особняков),true,,3279829000,883,3989788000,920,4457321000,846,12794726000,1031,13152853000,994,10039798000,957,5,Покупка и продажа собственного недвижимого имущества ,АЛМАТИНСКАЯ ОБЛАСТЬ,ҚОНАЕВ Г.А.
543092,Покупка и продажа прочей недвижимости,true,,,,,,,,x,1031,1386816000,994,,,5,Покупка и продажа собственного недвижимого имущества ,АЛМАТИНСКАЯ ОБЛАСТЬ,ҚОНАЕВ Г.А.
448719,Аренда и управление собственной или арендуемой недвижимостью,false,,x,883,,,x,846,2932059000,1031,2983049000,994,20556000,957,3,Операции с недвижимым имуществом,АЛМАТИНСКАЯ ОБЛАСТЬ,ҚОНАЕВ Г.А.
448720,Аренда и управление собственной или арендуемой недвижимостью,false,,x,883,,,x,846,2932059000,1031,2983049000,994,20556000,957,4,Аренда и управление собственной или арендуемой недвижимостью,АЛМАТИНСКАЯ ОБЛАСТЬ,ҚОНАЕВ Г.А.
18946171,Аренда и управление собственной недвижимостью,true,,x,883,,,x,846,,,2518919000,994,20556000,957,5,Аренда и управление собственной или арендуемой недвижимостью,АЛМАТИНСКАЯ ОБЛАСТЬ,ҚОНАЕВ Г.А.
18951451,Аренда (субаренда) и эксплуатация арендуемой недвижимости,true,,,,,,,,,,464130000,994,,,5,Аренда и управление собственной или арендуемой недвижимостью,АЛМАТИНСКАЯ ОБЛАСТЬ,ҚОНАЕВ Г.А.
448722,Операции с недвижимым имуществом за вознаграждение или на договорной основе,false,,,,,,,,x,1031,,,,,3,Операции с недвижимым имуществом,АЛМАТИНСКАЯ ОБЛАСТЬ,ҚОНАЕВ Г.А.
448726,Управление недвижимым имуществом за вознаграждение или на договорной основе,false,,,,,,,,x,1031,,,,,4,Операции с недвижимым имуществом за вознаграждение или на договорной основе,АЛМАТИНСКАЯ ОБЛАСТЬ,ҚОНАЕВ Г.А.
18946173,Управление недвижимостью за вознаграждение или на договорной основе,true,,,,,,,,x,1031,,,,,5,Управление недвижимым имуществом за вознаграждение или на договорной основе,АЛМАТИНСКАЯ ОБЛАСТЬ,ҚОНАЕВ Г.А.
448728,"Профессиональная, научная и техническая деятельность",false,,1746000,883,,,442000,846,x,1031,7579000,994,982000,957,1,Всего,АЛМАТИНСКАЯ ОБЛАСТЬ,ҚОНАЕВ Г.А.
448747,"Деятельность в области архитектуры, инженерных изысканий, технических испытаний и анализа",false,,1746000,883,,,442000,846,x,1031,7579000,994,982000,957,2,"Профессиональная, научная и техническая деятельность",АЛМАТИНСКАЯ ОБЛАСТЬ,ҚОНАЕВ Г.А.
448748,"Деятельность в области архитектуры, инженерных изысканий и предоставление технических консультаций в этих областях",false,,1746000,883,,,442000,846,x,1031,7579000,994,982000,957,3,"Деятельность в области архитектуры, инженерных изысканий, технических испытаний и анализа",АЛМАТИНСКАЯ ОБЛАСТЬ,ҚОНАЕВ Г.А.
448749,Деятельность в области архитектуры,false,,1746000,883,,,442000,846,x,1031,7579000,994,982000,957,4,"Деятельность в области архитектуры, инженерных изысканий и предоставление технических консультаций в этих областях",АЛМАТИНСКАЯ ОБЛАСТЬ,ҚОНАЕВ Г.А.
18951462,"Деятельность в области архитектуры, за исключением объектов атомной промышленности и атомной энергетики  ",true,,1746000,883,,,442000,846,x,1031,7579000,994,982000,957,5,Деятельность в области архитектуры,АЛМАТИНСКАЯ ОБЛАСТЬ,ҚОНАЕВ Г.А.
448797,Деятельность в области административного и вспомогательного обслуживания,false,,624848000,883,910529000,920,10268000,846,10432301000,1031,2031247000,994,18235299000,957,1,Всего,АЛМАТИНСКАЯ ОБЛАСТЬ,ҚОНАЕВ Г.А.
448798,"Аренда, прокат и лизинг",false,,11640000,883,40200000,920,,,,,27746000,994,23400000,957,2,Деятельность в области административного и вспомогательного обслуживания,АЛМАТИНСКАЯ ОБЛАСТЬ,ҚОНАЕВ Г.А.
448799,Аренда и лизинг автомобилей ,false,,11640000,883,40200000,920,,,,,21800000,994,23400000,957,3,"Аренда, прокат и лизинг",АЛМАТИНСКАЯ ОБЛАСТЬ,ҚОНАЕВ Г.А.
448800,Аренда и лизинг легковых автомобилей и легких автотранспортных средств,false,,11640000,883,40200000,920,,,,,21800000,994,23400000,957,4,Аренда и лизинг автомобилей ,АЛМАТИНСКАЯ ОБЛАСТЬ,ҚОНАЕВ Г.А.
543075,Аренда легковых автомобилей и легких автотранспортных средств,true,,11640000,883,40200000,920,,,,,21800000,994,23400000,957,5,Аренда и лизинг легковых автомобилей и легких автотранспортных средств,АЛМАТИНСКАЯ ОБЛАСТЬ,ҚОНАЕВ Г.А.
448811,"Аренда и лизинг прочих машин, оборудования и материальных активов",false,,,,,,,,,,x,994,,,3,"Аренда, прокат и лизинг",АЛМАТИНСКАЯ ОБЛАСТЬ,ҚОНАЕВ Г.А.
448814,Аренда и лизинг строительных машин и оборудования ,false,,,,,,,,,,x,994,,,4,"Аренда и лизинг прочих машин, оборудования и материальных активов",АЛМАТИНСКАЯ ОБЛАСТЬ,ҚОНАЕВ Г.А.
543081,Аренда строительных машин и оборудования ,true,,,,,,,,,,x,994,,,5,Аренда и лизинг строительных машин и оборудования ,АЛМАТИНСКАЯ ОБЛАСТЬ,ҚОНАЕВ Г.А.
448846,Деятельность по обеспечению безопасности и проведению расследований,false,,,,5931000,920,,,3782000,1031,105373000,994,79470000,957,2,Деятельность в области административного и вспомогательного обслуживания,АЛМАТИНСКАЯ ОБЛАСТЬ,ҚОНАЕВ Г.А.
448847,Деятельность по обеспечению безопасности частных лиц и имущества,false,,,,5931000,920,,,3782000,1031,105373000,994,79470000,957,3,Деятельность по обеспечению безопасности и проведению расследований,АЛМАТИНСКАЯ ОБЛАСТЬ,ҚОНАЕВ Г.А.
448848,Деятельность по обеспечению безопасности частных лиц и имущества,false,,,,5931000,920,,,3782000,1031,105373000,994,79470000,957,4,Деятельность по обеспечению безопасности частных лиц и имущества,АЛМАТИНСКАЯ ОБЛАСТЬ,ҚОНАЕВ Г.А.
18946195,Деятельность частных охранных служб,true,,,,5931000,920,,,3782000,1031,105373000,994,79470000,957,5,Деятельность по обеспечению безопасности частных лиц и имущества,АЛМАТИНСКАЯ ОБЛАСТЬ,ҚОНАЕВ Г.А.
448856,Деятельность по обслуживанию зданий и благоустройству территорий,false,,613208000,883,864398000,920,10268000,846,10428519000,1031,1898128000,994,18132429000,957,2,Деятельность в области административного и вспомогательного обслуживания,АЛМАТИНСКАЯ ОБЛАСТЬ,ҚОНАЕВ Г.А.
448857,Комплексное обслуживание объектов,false,,,,x,920,,,,,,,,,3,Деятельность по обслуживанию зданий и благоустройству территорий,АЛМАТИНСКАЯ ОБЛАСТЬ,ҚОНАЕВ Г.А.
448858,Комплексное обслуживание объектов,false,,,,x,920,,,,,,,,,4,Комплексное обслуживание объектов,АЛМАТИНСКАЯ ОБЛАСТЬ,ҚОНАЕВ Г.А.
448859,Комплексное обслуживание объектов,true,,,,x,920,,,,,,,,,5,Комплексное обслуживание объектов,АЛМАТИНСКАЯ ОБЛАСТЬ,ҚОНАЕВ Г.А.
448867,Деятельность по благоустройству территорий,false,,613208000,883,863945000,920,10268000,846,10428519000,1031,1898128000,994,18132429000,957,3,Деятельность по обслуживанию зданий и благоустройству территорий,АЛМАТИНСКАЯ ОБЛАСТЬ,ҚОНАЕВ Г.А.
448868,Деятельность по благоустройству территорий,false,,613208000,883,863945000,920,10268000,846,10428519000,1031,1898128000,994,18132429000,957,4,Деятельность по благоустройству территорий,АЛМАТИНСКАЯ ОБЛАСТЬ,ҚОНАЕВ Г.А.
448869,Деятельность по благоустройству территорий,true,,613208000,883,863945000,920,10268000,846,10428519000,1031,1898128000,994,18132429000,957,5,Деятельность по благоустройству территорий,АЛМАТИНСКАЯ ОБЛАСТЬ,ҚОНАЕВ Г.А.
448889,Государственное управление и оборона; обязательное  социальное обеспечение,false,,90179000,883,x,920,x,846,16422175000,1031,6743656000,994,183572000,957,1,Всего,АЛМАТИНСКАЯ ОБЛАСТЬ,ҚОНАЕВ Г.А.
448890,Государственное управление и оборона; обязательное социальное обеспечение,false,,90179000,883,x,920,x,846,16422175000,1031,6743656000,994,183572000,957,2,Государственное управление и оборона; обязательное  социальное обеспечение,АЛМАТИНСКАЯ ОБЛАСТЬ,ҚОНАЕВ Г.А.
448891,Государственное управление общего характера и управление социально-экономическое политикой общества,false,,x,883,,,,,12646285000,1031,4443818000,994,146143000,957,3,Государственное управление и оборона; обязательное социальное обеспечение,АЛМАТИНСКАЯ ОБЛАСТЬ,ҚОНАЕВ Г.А.
448892,Государственное управление общего характера,false,,x,883,,,,,9879845000,1031,1919489000,994,146143000,957,4,Государственное управление общего характера и управление социально-экономическое политикой общества,АЛМАТИНСКАЯ ОБЛАСТЬ,ҚОНАЕВ Г.А.
448894,Деятельность региональных органов управления,true,,,,,,,,6995556000,1031,1265579000,994,146143000,957,5,Государственное управление общего характера,АЛМАТИНСКАЯ ОБЛАСТЬ,ҚОНАЕВ Г.А.
448895,Деятельность местных органов управления,true,,x,883,,,,,2869973000,1031,621542000,994,,,5,Государственное управление общего характера,АЛМАТИНСКАЯ ОБЛАСТЬ,ҚОНАЕВ Г.А.
448896,Деятельность сельских и поселковых органов управления,true,,,,,,,,405000,1031,,,,,5,Государственное управление общего характера,АЛМАТИНСКАЯ ОБЛАСТЬ,ҚОНАЕВ Г.А.
448897,"Деятельность, связанная с налогообложением",true,,,,,,,,13911000,1031,32368000,994,,,5,Государственное управление общего характера,АЛМАТИНСКАЯ ОБЛАСТЬ,ҚОНАЕВ Г.А.
448900,"Регулирование деятельности учреждений здравоохранения, образования, культуры и других социальных услуг, кроме социального обеспечения ",false,,,,,,,,2571451000,1031,1760539000,994,,,4,Государственное управление общего характера и управление социально-экономическое политикой общества,АЛМАТИНСКАЯ ОБЛАСТЬ,ҚОНАЕВ Г.А.
448901,"Регулирование деятельности учреждений здравоохранения, образования, культуры и других социальных услуг, кроме социального обеспечения ",true,,,,,,,,2571451000,1031,1760539000,994,,,5,"Регулирование деятельности учреждений здравоохранения, образования, культуры и других социальных услуг, кроме социального обеспечения ",АЛМАТИНСКАЯ ОБЛАСТЬ,ҚОНАЕВ Г.А.
448902,Регулирование и содействие эффективному ведению экономической деятельности,false,,,,,,,,194989000,1031,763790000,994,,,4,Государственное управление общего характера и управление социально-экономическое политикой общества,АЛМАТИНСКАЯ ОБЛАСТЬ,ҚОНАЕВ Г.А.
448903,Регулирование и содействие эффективному ведению экономической деятельности,true,,,,,,,,194989000,1031,763790000,994,,,5,Регулирование и содействие эффективному ведению экономической деятельности,АЛМАТИНСКАЯ ОБЛАСТЬ,ҚОНАЕВ Г.А.
448904,Предоставление государством услуг обществу в целом,false,,x,883,x,920,x,846,3775890000,1031,2299838000,994,37429000,957,3,Государственное управление и оборона; обязательное социальное обеспечение,АЛМАТИНСКАЯ ОБЛАСТЬ,ҚОНАЕВ Г.А.
448907,Оборонная деятельность,false,,x,883,x,920,x,846,1570928000,1031,,,,,4,Предоставление государством услуг обществу в целом,АЛМАТИНСКАЯ ОБЛАСТЬ,ҚОНАЕВ Г.А.
448908,Оборонная деятельность,true,,x,883,x,920,x,846,1570928000,1031,,,,,5,Оборонная деятельность,АЛМАТИНСКАЯ ОБЛАСТЬ,ҚОНАЕВ Г.А.
448909,Деятельность в области юстиции и правосудия,false,,,,,,,,124918000,1031,,,,,4,Предоставление государством услуг обществу в целом,АЛМАТИНСКАЯ ОБЛАСТЬ,ҚОНАЕВ Г.А.
448910,Деятельность в области юстиции и правосудия,true,,,,,,,,124918000,1031,,,,,5,Деятельность в области юстиции и правосудия,АЛМАТИНСКАЯ ОБЛАСТЬ,ҚОНАЕВ Г.А.
448911,Деятельность по обеспечению общественного порядка и безопасности,false,,,,,,,,1424840000,1031,2299838000,994,,,4,Предоставление государством услуг обществу в целом,АЛМАТИНСКАЯ ОБЛАСТЬ,ҚОНАЕВ Г.А.
448912,Деятельность по обеспечению общественного порядка и безопасности,true,,,,,,,,1424840000,1031,2299838000,994,,,5,Деятельность по обеспечению общественного порядка и безопасности,АЛМАТИНСКАЯ ОБЛАСТЬ,ҚОНАЕВ Г.А.
448913,Деятельность по обеспечению безопасности в чрезвычайных ситуациях,false,,,,,,,,655204000,1031,,,37429000,957,4,Предоставление государством услуг обществу в целом,АЛМАТИНСКАЯ ОБЛАСТЬ,ҚОНАЕВ Г.А.
448914,Деятельность по обеспечению безопасности в чрезвычайных ситуациях,true,,,,,,,,655204000,1031,,,37429000,957,5,Деятельность по обеспечению безопасности в чрезвычайных ситуациях,АЛМАТИНСКАЯ ОБЛАСТЬ,ҚОНАЕВ Г.А.
448918,Образование,false,,219899000,883,595034000,920,,,2888860000,1031,1581619000,994,1294732000,957,1,Всего,АЛМАТИНСКАЯ ОБЛАСТЬ,ҚОНАЕВ Г.А.
448919,Образование,false,,219899000,883,595034000,920,,,2888860000,1031,1581619000,994,1294732000,957,2,Образование,АЛМАТИНСКАЯ ОБЛАСТЬ,ҚОНАЕВ Г.А.
448926,Среднее образование (2-й и 3-й уровни),false,,214449000,883,594986000,920,,,460915000,1031,1354049000,994,1294732000,957,3,Образование,АЛМАТИНСКАЯ ОБЛАСТЬ,ҚОНАЕВ Г.А.
448927,Основное и общее среднее образование,false,,214449000,883,594986000,920,,,234689000,1031,1354049000,994,1294732000,957,4,Среднее образование (2-й и 3-й уровни),АЛМАТИНСКАЯ ОБЛАСТЬ,ҚОНАЕВ Г.А.
448928,Основное и общее среднее образование,true,,214449000,883,594986000,920,,,234689000,1031,1354049000,994,1294732000,957,5,Основное и общее среднее образование,АЛМАТИНСКАЯ ОБЛАСТЬ,ҚОНАЕВ Г.А.
448929,Техническое и профессиональное среднее образование,false,,,,,,,,226226000,1031,,,,,4,Среднее образование (2-й и 3-й уровни),АЛМАТИНСКАЯ ОБЛАСТЬ,ҚОНАЕВ Г.А.
448930,Профессионально-техническое образование,true,,,,,,,,226226000,1031,,,,,5,Техническое и профессиональное среднее образование,АЛМАТИНСКАЯ ОБЛАСТЬ,ҚОНАЕВ Г.А.
448932,"Высшее образование (5-й, 6-й, 7-й, 8-й уровни)",false,,,,,,,,x,1031,,,,,3,Образование,АЛМАТИНСКАЯ ОБЛАСТЬ,ҚОНАЕВ Г.А.
448935,Высшее и послевузовское образование,false,,,,,,,,x,1031,,,,,4,"Высшее образование (5-й, 6-й, 7-й, 8-й уровни)",АЛМАТИНСКАЯ ОБЛАСТЬ,ҚОНАЕВ Г.А.
448936,Высшее образование,true,,,,,,,,x,1031,,,,,5,Высшее и послевузовское образование,АЛМАТИНСКАЯ ОБЛАСТЬ,ҚОНАЕВ Г.А.
448937,Прочие виды образования,false,,x,883,x,920,,,7945000,1031,227570000,994,,,3,Образование,АЛМАТИНСКАЯ ОБЛАСТЬ,ҚОНАЕВ Г.А.
448938,Образование в области спорта и отдыха,false,,,,,,,,,,190422000,994,,,4,Прочие виды образования,АЛМАТИНСКАЯ ОБЛАСТЬ,ҚОНАЕВ Г.А.
448939,Образование в области спорта и отдыха,true,,,,,,,,,,190422000,994,,,5,Образование в области спорта и отдыха,АЛМАТИНСКАЯ ОБЛАСТЬ,ҚОНАЕВ Г.А.
448940,Образование в области культуры,false,,,,x,920,,,,,,,,,4,Прочие виды образования,АЛМАТИНСКАЯ ОБЛАСТЬ,ҚОНАЕВ Г.А.
448941,Образование в области культуры,true,,,,x,920,,,,,,,,,5,Образование в области культуры,АЛМАТИНСКАЯ ОБЛАСТЬ,ҚОНАЕВ Г.А.
448944,"Прочие виды образования, не включенные в другие группировки",false,,x,883,,,,,7945000,1031,37148000,994,,,4,Прочие виды образования,АЛМАТИНСКАЯ ОБЛАСТЬ,ҚОНАЕВ Г.А.
448946,"Прочая деятельность в области образования, не включенная в другие группировки",true,,x,883,,,,,7945000,1031,37148000,994,,,5,"Прочие виды образования, не включенные в другие группировки",АЛМАТИНСКАЯ ОБЛАСТЬ,ҚОНАЕВ Г.А.
448950,Здравоохранение и социальное обслуживание населения,false,,5423000,883,3378000,920,568000,846,2265614000,1031,331191000,994,757000,957,1,Всего,АЛМАТИНСКАЯ ОБЛАСТЬ,ҚОНАЕВ Г.А.
448951,Деятельность в области здравоохранения,false,,5423000,883,3378000,920,568000,846,824804000,1031,225760000,994,757000,957,2,Здравоохранение и социальное обслуживание населения,АЛМАТИНСКАЯ ОБЛАСТЬ,ҚОНАЕВ Г.А.
448952,Деятельность больничных организаций,false,,,,,,,,821928000,1031,103149000,994,,,3,Деятельность в области здравоохранения,АЛМАТИНСКАЯ ОБЛАСТЬ,ҚОНАЕВ Г.А.
448953,Деятельность больничных организаций,false,,,,,,,,821928000,1031,103149000,994,,,4,Деятельность больничных организаций,АЛМАТИНСКАЯ ОБЛАСТЬ,ҚОНАЕВ Г.А.
448954,Деятельность больниц широкого профиля и специализированных больниц,true,,,,,,,,821928000,1031,103149000,994,,,5,Деятельность больничных организаций,АЛМАТИНСКАЯ ОБЛАСТЬ,ҚОНАЕВ Г.А.
448959,Деятельность в области врачебной практики и стоматологии,false,,5423000,883,3378000,920,568000,846,2876000,1031,122611000,994,757000,957,3,Деятельность в области здравоохранения,АЛМАТИНСКАЯ ОБЛАСТЬ,ҚОНАЕВ Г.А.
448960,Общая врачебная практика,false,,5423000,883,3378000,920,568000,846,496000,1031,55478000,994,757000,957,4,Деятельность в области врачебной практики и стоматологии,АЛМАТИНСКАЯ ОБЛАСТЬ,ҚОНАЕВ Г.А.
448961,Общая врачебная практика,true,,5423000,883,3378000,920,568000,846,496000,1031,55478000,994,757000,957,5,Общая врачебная практика,АЛМАТИНСКАЯ ОБЛАСТЬ,ҚОНАЕВ Г.А.
448964,Стоматологическая деятельность,false,,,,,,,,2380000,1031,67133000,994,,,4,Деятельность в области врачебной практики и стоматологии,АЛМАТИНСКАЯ ОБЛАСТЬ,ҚОНАЕВ Г.А.
448965,Стоматологическая деятельность,true,,,,,,,,2380000,1031,67133000,994,,,5,Стоматологическая деятельность,АЛМАТИНСКАЯ ОБЛАСТЬ,ҚОНАЕВ Г.А.
448969,Предоставление социальных услуг с обеспечением проживания,false,,,,,,,,1404398000,1031,x,994,,,2,Здравоохранение и социальное обслуживание населения,АЛМАТИНСКАЯ ОБЛАСТЬ,ҚОНАЕВ Г.А.
448970,Предоставление социальных услуг с услугами средних медицинских работников с обеспечением проживания,false,,,,,,,,1402682000,1031,,,,,3,Предоставление социальных услуг с обеспечением проживания,АЛМАТИНСКАЯ ОБЛАСТЬ,ҚОНАЕВ Г.А.
448971,Предоставление социальных услуг с услугами средних медицинских работников с обеспечением проживания,false,,,,,,,,1402682000,1031,,,,,4,Предоставление социальных услуг с услугами средних медицинских работников с обеспечением проживания,АЛМАТИНСКАЯ ОБЛАСТЬ,ҚОНАЕВ Г.А.
448972,Предоставление социальных услуг с услугами средних медицинских работников с обеспечением проживания,true,,,,,,,,1402682000,1031,,,,,5,Предоставление социальных услуг с услугами средних медицинских работников с обеспечением проживания,АЛМАТИНСКАЯ ОБЛАСТЬ,ҚОНАЕВ Г.А.
18703671,Предоставление прочих социальных услуг  с обеспечением проживания,false,,,,,,,,1716000,1031,x,994,,,3,Предоставление социальных услуг с обеспечением проживания,АЛМАТИНСКАЯ ОБЛАСТЬ,ҚОНАЕВ Г.А.
18703672,Предоставление прочих социальных услуг  с обеспечением проживания,false,,,,,,,,1716000,1031,x,994,,,4,Предоставление прочих социальных услуг  с обеспечением проживания,АЛМАТИНСКАЯ ОБЛАСТЬ,ҚОНАЕВ Г.А.
18703673,Предоставление прочих социальных услуг  с обеспечением проживания,true,,,,,,,,1716000,1031,x,994,,,5,Предоставление прочих социальных услуг  с обеспечением проживания,АЛМАТИНСКАЯ ОБЛАСТЬ,ҚОНАЕВ Г.А.
448982,Предоставление социальных услуг без обеспечения проживания,false,,,,,,,,36412000,1031,69289000,994,,,2,Здравоохранение и социальное обслуживание населения,АЛМАТИНСКАЯ ОБЛАСТЬ,ҚОНАЕВ Г.А.
448986,Предоставление прочих социальных услуг без обеспечения проживания,false,,,,,,,,36412000,1031,69289000,994,,,3,Предоставление социальных услуг без обеспечения проживания,АЛМАТИНСКАЯ ОБЛАСТЬ,ҚОНАЕВ Г.А.
448987,Дневной уход за детьми,false,,,,,,,,,,x,994,,,4,Предоставление прочих социальных услуг без обеспечения проживания,АЛМАТИНСКАЯ ОБЛАСТЬ,ҚОНАЕВ Г.А.
448988,Дневной уход за детьми,true,,,,,,,,,,x,994,,,5,Дневной уход за детьми,АЛМАТИНСКАЯ ОБЛАСТЬ,ҚОНАЕВ Г.А.
448989,"Предоставление прочих социальных услуг без обеспечения проживания, не включенные в другие группировки",false,,,,,,,,36412000,1031,36412000,994,,,4,Предоставление прочих социальных услуг без обеспечения проживания,АЛМАТИНСКАЯ ОБЛАСТЬ,ҚОНАЕВ Г.А.
448990,"Предоставление прочих социальных услуг без обеспечения проживания, не включенные в другие группировки",true,,,,,,,,36412000,1031,36412000,994,,,5,"Предоставление прочих социальных услуг без обеспечения проживания, не включенные в другие группировки",АЛМАТИНСКАЯ ОБЛАСТЬ,ҚОНАЕВ Г.А.
448991,"Искусство, развлечения и отдых",false,,41124000,883,772627000,920,190001000,846,26996343000,1031,2519833000,994,508413000,957,1,Всего,АЛМАТИНСКАЯ ОБЛАСТЬ,ҚОНАЕВ Г.А.
449004,"Деятельность библиотек, архивов, музеев и прочая деятельность в области культуры",false,,,,,,,,282744000,1031,,,,,2,"Искусство, развлечения и отдых",АЛМАТИНСКАЯ ОБЛАСТЬ,ҚОНАЕВ Г.А.
449005,"Деятельность библиотек, архивов, музеев и прочая деятельность в области культуры",false,,,,,,,,282744000,1031,,,,,3,"Деятельность библиотек, архивов, музеев и прочая деятельность в области культуры",АЛМАТИНСКАЯ ОБЛАСТЬ,ҚОНАЕВ Г.А.
449011,Деятельность музеев,false,,,,,,,,282744000,1031,,,,,4,"Деятельность библиотек, архивов, музеев и прочая деятельность в области культуры",АЛМАТИНСКАЯ ОБЛАСТЬ,ҚОНАЕВ Г.А.
449012,Деятельность музеев,true,,,,,,,,282744000,1031,,,,,5,Деятельность музеев,АЛМАТИНСКАЯ ОБЛАСТЬ,ҚОНАЕВ Г.А.
449018,Деятельность по организации азартных игр и заключению пари ,false,,41124000,883,772627000,920,189512000,846,9099903000,1031,1197187000,994,426415000,957,2,"Искусство, развлечения и отдых",АЛМАТИНСКАЯ ОБЛАСТЬ,ҚОНАЕВ Г.А.
449019,Деятельность по организации азартных игр и заключению пари,false,,41124000,883,772627000,920,189512000,846,9099903000,1031,1197187000,994,426415000,957,3,Деятельность по организации азартных игр и заключению пари ,АЛМАТИНСКАЯ ОБЛАСТЬ,ҚОНАЕВ Г.А.
449020,Деятельность по организации азартных игр и заключению пари,false,,41124000,883,772627000,920,189512000,846,9099903000,1031,1197187000,994,426415000,957,4,Деятельность по организации азартных игр и заключению пари,АЛМАТИНСКАЯ ОБЛАСТЬ,ҚОНАЕВ Г.А.
449021,Деятельность по организации азартных игр и заключению пари,true,,41124000,883,772627000,920,189512000,846,9099903000,1031,1197187000,994,426415000,957,5,Деятельность по организации азартных игр и заключению пари,АЛМАТИНСКАЯ ОБЛАСТЬ,ҚОНАЕВ Г.А.
449022,"Деятельность в области спорта, организации отдыха и развлечений",false,,,,,,x,846,17613696000,1031,1322646000,994,81998000,957,2,"Искусство, развлечения и отдых",АЛМАТИНСКАЯ ОБЛАСТЬ,ҚОНАЕВ Г.А.
449023,Деятельность в области спорта,false,,,,,,,,665256000,1031,166379000,994,,,3,"Деятельность в области спорта, организации отдыха и развлечений",АЛМАТИНСКАЯ ОБЛАСТЬ,ҚОНАЕВ Г.А.
449026,Деятельность спортивных клубов,false,,,,,,,,640277000,1031,6793000,994,,,4,Деятельность в области спорта,АЛМАТИНСКАЯ ОБЛАСТЬ,ҚОНАЕВ Г.А.
449027,Деятельность спортивных клубов,true,,,,,,,,640277000,1031,6793000,994,,,5,Деятельность спортивных клубов,АЛМАТИНСКАЯ ОБЛАСТЬ,ҚОНАЕВ Г.А.
449030,Прочая деятельность в области спорта,false,,,,,,,,24979000,1031,159586000,994,,,4,Деятельность в области спорта,АЛМАТИНСКАЯ ОБЛАСТЬ,ҚОНАЕВ Г.А.
449031,Прочая деятельность в области спорта,true,,,,,,,,24979000,1031,159586000,994,,,5,Прочая деятельность в области спорта,АЛМАТИНСКАЯ ОБЛАСТЬ,ҚОНАЕВ Г.А.
449032,Деятельность по организации отдыха и развлечений,false,,,,,,x,846,16948440000,1031,1156267000,994,81998000,957,3,"Деятельность в области спорта, организации отдыха и развлечений",АЛМАТИНСКАЯ ОБЛАСТЬ,ҚОНАЕВ Г.А.
449035,Прочая деятельность по организации отдыха и развлечений,false,,,,,,x,846,16948440000,1031,1156267000,994,81998000,957,4,Деятельность по организации отдыха и развлечений,АЛМАТИНСКАЯ ОБЛАСТЬ,ҚОНАЕВ Г.А.
449039,Прочие виды деятельности по организации отдыха и развлечений,true,,,,,,x,846,16948440000,1031,1156267000,994,81998000,957,5,Прочая деятельность по организации отдыха и развлечений,АЛМАТИНСКАЯ ОБЛАСТЬ,ҚОНАЕВ Г.А.
449040,Предоставление прочих видов услуг,false,,,,,,,,6956000,1031,,,,,1,Всего,АЛМАТИНСКАЯ ОБЛАСТЬ,ҚОНАЕВ Г.А.
449041,Деятельность общественных объединений (организаций),false,,,,,,,,6956000,1031,,,,,2,Предоставление прочих видов услуг,АЛМАТИНСКАЯ ОБЛАСТЬ,ҚОНАЕВ Г.А.
449042,"Деятельность коммерческих, предпринимательских и профессиональных общественных организаций ",false,,,,,,,,6956000,1031,,,,,3,Деятельность общественных объединений (организаций),АЛМАТИНСКАЯ ОБЛАСТЬ,ҚОНАЕВ Г.А.
449043,Деятельность коммерческих и предпринимательских общественных организаций ,false,,,,,,,,6956000,1031,,,,,4,"Деятельность коммерческих, предпринимательских и профессиональных общественных организаций ",АЛМАТИНСКАЯ ОБЛАСТЬ,ҚОНАЕВ Г.А.
449044,Деятельность коммерческих и предпринимательских общественных организаций ,true,,,,,,,,6956000,1031,,,,,5,Деятельность коммерческих и предпринимательских общественных организаций ,АЛМАТИНСКАЯ ОБЛАСТЬ,ҚОНАЕВ Г.А.
741340,Промышленность,false,,20311349000,883,3148901000,920,25821923000,846,13843086000,1031,19722473000,994,10090739000,957,1,Всего,АЛМАТИНСКАЯ ОБЛАСТЬ,ҚОНАЕВ Г.А.
447279,Горнодобывающая промышленность и разработка карьеров,false,,14465000,883,x,920,8178000,846,x,1031,,,19000000,957,2,Промышленность,АЛМАТИНСКАЯ ОБЛАСТЬ,ҚОНАЕВ Г.А.
447316,Добыча прочих полезных ископаемых,false,,14465000,883,,,8178000,846,x,1031,,,19000000,957,3,Горнодобывающая промышленность и разработка карьеров,АЛМАТИНСКАЯ ОБЛАСТЬ,ҚОНАЕВ Г.А.
447317,"Добыча камня, песка и глины",false,,14465000,883,,,8178000,846,x,1031,,,19000000,957,4,Добыча прочих полезных ископаемых,АЛМАТИНСКАЯ ОБЛАСТЬ,ҚОНАЕВ Г.А.
447318,"Добыча отделочного и строительного камня, известняка, гипса, мела и сланцев",false,,,,,,,,x,1031,,,,,5,"Добыча камня, песка и глины",АЛМАТИНСКАЯ ОБЛАСТЬ,ҚОНАЕВ Г.А.
447322,"Разработка гравийных и песчаных карьеров, добыча глины и каолина",false,,14465000,883,,,8178000,846,,,,,19000000,957,5,"Добыча камня, песка и глины",АЛМАТИНСКАЯ ОБЛАСТЬ,ҚОНАЕВ Г.А.
447339,Предоставление услуг в горнодобывающей промышленности,false,,,,x,920,,,,,,,,,3,Горнодобывающая промышленность и разработка карьеров,АЛМАТИНСКАЯ ОБЛАСТЬ,ҚОНАЕВ Г.А.
447343,"Предоставление услуг, способствующих добыче других полезных ископаемых",false,,,,x,920,,,,,,,,,4,Предоставление услуг в горнодобывающей промышленности,АЛМАТИНСКАЯ ОБЛАСТЬ,ҚОНАЕВ Г.А.
447344,"Предоставление услуг, способствующих добыче других полезных ископаемых",false,,,,x,920,,,,,,,,,5,"Предоставление услуг, способствующих добыче других полезных ископаемых",АЛМАТИНСКАЯ ОБЛАСТЬ,ҚОНАЕВ Г.А.
447346,Обрабатывающая промышленность,false,,6556233000,883,2022751000,920,5788256000,846,2850939000,1031,3488153000,994,6124577000,957,2,Промышленность,АЛМАТИНСКАЯ ОБЛАСТЬ,ҚОНАЕВ Г.А.
447347,Производство продуктов питания,false,,5571928000,883,846249000,920,4277622000,846,1855973000,1031,882104000,994,522851000,957,3,Обрабатывающая промышленность,АЛМАТИНСКАЯ ОБЛАСТЬ,ҚОНАЕВ Г.А.
447355,"Переработка и консервирование рыбы, ракообразных и моллюсков",false,,,,,,1038750000,846,,,x,994,,,4,Производство продуктов питания,АЛМАТИНСКАЯ ОБЛАСТЬ,ҚОНАЕВ Г.А.
447356,"Переработка и консервирование рыбы, ракообразных и моллюсков",false,,,,,,1038750000,846,,,x,994,,,5,"Переработка и консервирование рыбы, ракообразных и моллюсков",АЛМАТИНСКАЯ ОБЛАСТЬ,ҚОНАЕВ Г.А.
447358,Переработка и консервирование фруктов и овощей,false,,,,,,318908000,846,,,,,,,4,Производство продуктов питания,АЛМАТИНСКАЯ ОБЛАСТЬ,ҚОНАЕВ Г.А.
447363,Прочие виды переработки и консервирования фруктов и овощей,false,,,,,,318908000,846,,,,,,,5,Переработка и консервирование фруктов и овощей,АЛМАТИНСКАЯ ОБЛАСТЬ,ҚОНАЕВ Г.А.
447365,Производство растительных и животных масел и жиров,false,,x,883,483015000,920,x,846,x,1031,,,x,957,4,Производство продуктов питания,АЛМАТИНСКАЯ ОБЛАСТЬ,ҚОНАЕВ Г.А.
447366,Производство масел и жиров,false,,x,883,483015000,920,x,846,x,1031,,,x,957,5,Производство растительных и животных масел и жиров,АЛМАТИНСКАЯ ОБЛАСТЬ,ҚОНАЕВ Г.А.
447377,"Производство мукомольно-крупяных продуктов, крахмалов и крахмальных продуктов",false,,308974000,883,203153000,920,241871000,846,573208000,1031,314569000,994,110350000,957,4,Производство продуктов питания,АЛМАТИНСКАЯ ОБЛАСТЬ,ҚОНАЕВ Г.А.
447378,Производство мукомольно-крупяных продуктов,false,,308974000,883,203153000,920,241871000,846,573208000,1031,314569000,994,110350000,957,5,"Производство мукомольно-крупяных продуктов, крахмалов и крахмальных продуктов",АЛМАТИНСКАЯ ОБЛАСТЬ,ҚОНАЕВ Г.А.
447391,Производство прочих продуктов питания,false,,x,883,,,x,846,,,473619000,994,306354000,957,4,Производство продуктов питания,АЛМАТИНСКАЯ ОБЛАСТЬ,ҚОНАЕВ Г.А.
447398,Производство пряностей и приправ,false,,,,,,,,,,7015000,994,,,5,Производство прочих продуктов питания,АЛМАТИНСКАЯ ОБЛАСТЬ,ҚОНАЕВ Г.А.
447400,Производство готовых пищевых продуктов,false,,x,883,,,x,846,,,466604000,994,306354000,957,5,Производство прочих продуктов питания,АЛМАТИНСКАЯ ОБЛАСТЬ,ҚОНАЕВ Г.А.
447408,Производство готовых кормов для животных,false,,177683000,883,160081000,920,x,846,93924000,1031,87453000,994,28998000,957,4,Производство продуктов питания,АЛМАТИНСКАЯ ОБЛАСТЬ,ҚОНАЕВ Г.А.
447409,Производство готовых кормов для сельскохозяйственных животных,false,,177683000,883,160081000,920,x,846,71390000,1031,721000,994,28998000,957,5,Производство готовых кормов для животных,АЛМАТИНСКАЯ ОБЛАСТЬ,ҚОНАЕВ Г.А.
447411,Производство готовых кормов для домашних животных,false,,,,,,,,22534000,1031,86732000,994,,,5,Производство готовых кормов для животных,АЛМАТИНСКАЯ ОБЛАСТЬ,ҚОНАЕВ Г.А.
447413,Производство напитков,false,,84000,883,,,,,,,,,94250000,957,3,Обрабатывающая промышленность,АЛМАТИНСКАЯ ОБЛАСТЬ,ҚОНАЕВ Г.А.
447414,Производство напитков,false,,84000,883,,,,,,,,,94250000,957,4,Производство напитков,АЛМАТИНСКАЯ ОБЛАСТЬ,ҚОНАЕВ Г.А.
447415,"Дистилляция, ректификация и смешивание спиртных напитков",false,,84000,883,,,,,,,,,,,5,Производство напитков,АЛМАТИНСКАЯ ОБЛАСТЬ,ҚОНАЕВ Г.А.
447427,"Производство безалкогольных напитков, минеральных вод и других вод в бутылках",false,,,,,,,,,,,,94250000,957,5,Производство напитков,АЛМАТИНСКАЯ ОБЛАСТЬ,ҚОНАЕВ Г.А.
447508,"Производство деревянных и пробковых изделий, кроме мебели; производство изделий из соломки и материалов для плетения",false,,,,,,1205000,846,,,,,,,3,Обрабатывающая промышленность,АЛМАТИНСКАЯ ОБЛАСТЬ,ҚОНАЕВ Г.А.
447514,"Производство изделий из древесины, пробки, соломки и материалов для плетения ",false,,,,,,1205000,846,,,,,,,4,"Производство деревянных и пробковых изделий, кроме мебели; производство изделий из соломки и материалов для плетения",АЛМАТИНСКАЯ ОБЛАСТЬ,ҚОНАЕВ Г.А.
447523,Производство деревянной тары,false,,,,,,1205000,846,,,,,,,5,"Производство изделий из древесины, пробки, соломки и материалов для плетения ",АЛМАТИНСКАЯ ОБЛАСТЬ,ҚОНАЕВ Г.А.
447572,Производство продуктов химической промышленности,false,,93593000,883,197501000,920,81425000,846,299030000,1031,301663000,994,111325000,957,3,Обрабатывающая промышленность,АЛМАТИНСКАЯ ОБЛАСТЬ,ҚОНАЕВ Г.А.
447573,"Производство основных химических веществ, удобрений и азотных соединений, пластмасс и синтетического каучука в первичных формах",false,,x,883,x,920,x,846,67777000,1031,13931000,994,x,957,4,Производство продуктов химической промышленности,АЛМАТИНСКАЯ ОБЛАСТЬ,ҚОНАЕВ Г.А.
447584,Производство удобрений и азотосодержащих соединений,false,,x,883,x,920,x,846,67777000,1031,13931000,994,x,957,5,"Производство основных химических веществ, удобрений и азотных соединений, пластмасс и синтетического каучука в первичных формах",АЛМАТИНСКАЯ ОБЛАСТЬ,ҚОНАЕВ Г.А.
447603,Производство прочих химических продуктов,false,,x,883,x,920,x,846,231253000,1031,x,994,x,957,4,Производство продуктов химической промышленности,АЛМАТИНСКАЯ ОБЛАСТЬ,ҚОНАЕВ Г.А.
447611,"Производство прочих химических продуктов, не включенных в другие группировки ",false,,x,883,x,920,x,846,231253000,1031,x,994,x,957,5,Производство прочих химических продуктов,АЛМАТИНСКАЯ ОБЛАСТЬ,ҚОНАЕВ Г.А.
447628,Производство резиновых и пластмассовых изделий,false,,164341000,883,771022000,920,246541000,846,173052000,1031,93028000,994,407375000,957,3,Обрабатывающая промышленность,АЛМАТИНСКАЯ ОБЛАСТЬ,ҚОНАЕВ Г.А.
447636,Производство пластмассовых изделий,false,,164341000,883,771022000,920,246541000,846,173052000,1031,93028000,994,407375000,957,4,Производство резиновых и пластмассовых изделий,АЛМАТИНСКАЯ ОБЛАСТЬ,ҚОНАЕВ Г.А.
447637,"Производство пластмассовых плит, листов, труб и профилей",false,,142335000,883,,,240266000,846,,,50253000,994,369491000,957,5,Производство пластмассовых изделий,АЛМАТИНСКАЯ ОБЛАСТЬ,ҚОНАЕВ Г.А.
447639,Производство пластмассовых упаковок для товаров,false,,,,,,6275000,846,x,1031,,,,,5,Производство пластмассовых изделий,АЛМАТИНСКАЯ ОБЛАСТЬ,ҚОНАЕВ Г.А.
447641,Производство строительных пластмассовых изделий,false,,,,,,,,,,4500000,994,x,957,5,Производство пластмассовых изделий,АЛМАТИНСКАЯ ОБЛАСТЬ,ҚОНАЕВ Г.А.
447644,Производство прочих пластмассовых изделий,false,,22006000,883,771022000,920,,,18281000,1031,38275000,994,4058000,957,5,Производство пластмассовых изделий,АЛМАТИНСКАЯ ОБЛАСТЬ,ҚОНАЕВ Г.А.
447646,Производство прочей не металлической минеральной продукции,false,,687360000,883,98579000,920,543758000,846,284181000,1031,1976963000,994,2073895000,957,3,Обрабатывающая промышленность,АЛМАТИНСКАЯ ОБЛАСТЬ,ҚОНАЕВ Г.А.
447664,Производство строительных материалов из глины,false,,,,,,,,x,1031,,,,,4,Производство прочей не металлической минеральной продукции,АЛМАТИНСКАЯ ОБЛАСТЬ,ҚОНАЕВ Г.А.
447667,"Производство кирпича, черепицы и прочих строительных изделий из обожженной глины",false,,,,,,,,x,1031,,,,,5,Производство строительных материалов из глины,АЛМАТИНСКАЯ ОБЛАСТЬ,ҚОНАЕВ Г.А.
447688,"Производство изделий из бетона, цемента и строительного гипса ",false,,631024000,883,x,920,497690000,846,x,1031,1976963000,994,1918062000,957,4,Производство прочей не металлической минеральной продукции,АЛМАТИНСКАЯ ОБЛАСТЬ,ҚОНАЕВ Г.А.
447689,Производство строительных изделий из бетона,false,,x,883,x,920,x,846,x,1031,x,994,x,957,5,"Производство изделий из бетона, цемента и строительного гипса ",АЛМАТИНСКАЯ ОБЛАСТЬ,ҚОНАЕВ Г.А.
447693,Производство изделий из гипса для строительных целей,false,,628834000,883,,,496644000,846,,,1869305000,994,1665681000,957,5,"Производство изделий из бетона, цемента и строительного гипса ",АЛМАТИНСКАЯ ОБЛАСТЬ,ҚОНАЕВ Г.А.
447695,Производство товарного бетона ,false,,,,,,,,,,x,994,,,5,"Производство изделий из бетона, цемента и строительного гипса ",АЛМАТИНСКАЯ ОБЛАСТЬ,ҚОНАЕВ Г.А.
447704,"Резка, обработка и отделка камня",false,,x,883,x,920,x,846,,,,,x,957,4,Производство прочей не металлической минеральной продукции,АЛМАТИНСКАЯ ОБЛАСТЬ,ҚОНАЕВ Г.А.
447705,"Резка, обработка и отделка камня",false,,x,883,x,920,x,846,,,,,x,957,5,"Резка, обработка и отделка камня",АЛМАТИНСКАЯ ОБЛАСТЬ,ҚОНАЕВ Г.А.
447717,Металлургическое производство,false,,38927000,883,99987000,920,46881000,846,38739000,1031,199060000,994,218573000,957,3,Обрабатывающая промышленность,АЛМАТИНСКАЯ ОБЛАСТЬ,ҚОНАЕВ Г.А.
447724,Производство прочих стальных изделий путем первичной обработки,false,,38927000,883,99987000,920,46881000,846,38739000,1031,199060000,994,218573000,957,4,Металлургическое производство,АЛМАТИНСКАЯ ОБЛАСТЬ,ҚОНАЕВ Г.А.
447729,Холодная штамповка или гибка,false,,38927000,883,99987000,920,46881000,846,38739000,1031,199060000,994,218573000,957,5,Производство прочих стальных изделий путем первичной обработки,АЛМАТИНСКАЯ ОБЛАСТЬ,ҚОНАЕВ Г.А.
447760,"Производство готовых металлических изделий, кроме машин и оборудования",false,,,,9413000,920,x,846,x,1031,35335000,994,x,957,3,Обрабатывающая промышленность,АЛМАТИНСКАЯ ОБЛАСТЬ,ҚОНАЕВ Г.А.
447797,Производство прочих готовых металлических изделий,false,,,,9413000,920,x,846,x,1031,35335000,994,x,957,4,"Производство готовых металлических изделий, кроме машин и оборудования",АЛМАТИНСКАЯ ОБЛАСТЬ,ҚОНАЕВ Г.А.
447802,"Производство изделий из проволоки, цепей и пружин",false,,,,9413000,920,x,846,,,235000,994,,,5,Производство прочих готовых металлических изделий,АЛМАТИНСКАЯ ОБЛАСТЬ,ҚОНАЕВ Г.А.
447807,"Производство прочих готовых металлических изделий, не включенных в другие группировки",false,,,,,,,,x,1031,x,994,x,957,5,Производство прочих готовых металлических изделий,АЛМАТИНСКАЯ ОБЛАСТЬ,ҚОНАЕВ Г.А.
447811,"Производство компьютеров, электронного и оптического оборудования",false,,,,,,x,846,65910000,1031,,,,,3,Обрабатывающая промышленность,АЛМАТИНСКАЯ ОБЛАСТЬ,ҚОНАЕВ Г.А.
447827,"Производство инструментов и приборов для измерения, тестирования и навигации; производство часов ",false,,,,,,x,846,65910000,1031,,,,,4,"Производство компьютеров, электронного и оптического оборудования",АЛМАТИНСКАЯ ОБЛАСТЬ,ҚОНАЕВ Г.А.
447828,"Производство инструментов и приборов для измерения, тестирования и навигации",false,,,,,,x,846,65910000,1031,,,,,5,"Производство инструментов и приборов для измерения, тестирования и навигации; производство часов ",АЛМАТИНСКАЯ ОБЛАСТЬ,ҚОНАЕВ Г.А.
447849,Производство электрического оборудования,false,,,,,,,,133238000,1031,,,,,3,Обрабатывающая промышленность,АЛМАТИНСКАЯ ОБЛАСТЬ,ҚОНАЕВ Г.А.
447858,Производство электропроводки и электромонтажных устройств,false,,,,,,,,133238000,1031,,,,,4,Производство электрического оборудования,АЛМАТИНСКАЯ ОБЛАСТЬ,ҚОНАЕВ Г.А.
447863,Производство электромонтажных устройств,false,,,,,,,,133238000,1031,,,,,5,Производство электропроводки и электромонтажных устройств,АЛМАТИНСКАЯ ОБЛАСТЬ,ҚОНАЕВ Г.А.
447881,"Производство машин и оборудования, не включенных в другие группировки ",false,,,,,,,,,,,,x,957,3,Обрабатывающая промышленность,АЛМАТИНСКАЯ ОБЛАСТЬ,ҚОНАЕВ Г.А.
447938,Производство прочих машин и оборудования специального назначения ,false,,,,,,,,,,,,x,957,4,"Производство машин и оборудования, не включенных в другие группировки ",АЛМАТИНСКАЯ ОБЛАСТЬ,ҚОНАЕВ Г.А.
447960,"Производство прочих машин и оборудования специального назначения, не включенных в другие группировки",false,,,,,,,,,,,,x,957,5,Производство прочих машин и оборудования специального назначения ,АЛМАТИНСКАЯ ОБЛАСТЬ,ҚОНАЕВ Г.А.
448090,"Снабжение электроэнергией, газом, паром, горячей водой и кондиционированным воздухом",false,,13071303000,883,1010605000,920,19836306000,846,5001345000,1031,2928244000,994,2860021000,957,2,Промышленность,АЛМАТИНСКАЯ ОБЛАСТЬ,ҚОНАЕВ Г.А.
448091,"Снабжение электроэнергией, газом, паром, горячей водой и кондиционированным воздухом",false,,13071303000,883,1010605000,920,19836306000,846,5001345000,1031,2928244000,994,2860021000,957,3,"Снабжение электроэнергией, газом, паром, горячей водой и кондиционированным воздухом",АЛМАТИНСКАЯ ОБЛАСТЬ,ҚОНАЕВ Г.А.
448092,"Производство, передача и распределение электроэнергии",false,,11717110000,883,763186000,920,19264716000,846,2816278000,1031,822537000,994,2076501000,957,4,"Снабжение электроэнергией, газом, паром, горячей водой и кондиционированным воздухом",АЛМАТИНСКАЯ ОБЛАСТЬ,ҚОНАЕВ Г.А.
448093,Производство электроэнергии,false,,11658994000,883,736190000,920,19022819000,846,1673134000,1031,822537000,994,2076501000,957,5,"Производство, передача и распределение электроэнергии",АЛМАТИНСКАЯ ОБЛАСТЬ,ҚОНАЕВ Г.А.
448098,Передача электроэнергии,false,,,,,,,,411000,1031,,,,,5,"Производство, передача и распределение электроэнергии",АЛМАТИНСКАЯ ОБЛАСТЬ,ҚОНАЕВ Г.А.
448100,Распределение электроэнергии,false,,58116000,883,26996000,920,241897000,846,1142733000,1031,,,,,5,"Производство, передача и распределение электроэнергии",АЛМАТИНСКАЯ ОБЛАСТЬ,ҚОНАЕВ Г.А.
448104,Производство и распределение газообразного топлива по трубопроводам,false,,608614000,883,78191000,920,67896000,846,1583093000,1031,11817000,994,170121000,957,4,"Снабжение электроэнергией, газом, паром, горячей водой и кондиционированным воздухом",АЛМАТИНСКАЯ ОБЛАСТЬ,ҚОНАЕВ Г.А.
448107,Распределение газообразного топлива по трубопроводам,false,,608614000,883,,,67896000,846,1583093000,1031,,,158682000,957,5,Производство и распределение газообразного топлива по трубопроводам,АЛМАТИНСКАЯ ОБЛАСТЬ,ҚОНАЕВ Г.А.
448109,Продажа газообразного топлива по трубопроводам,false,,,,78191000,920,,,,,11817000,994,11439000,957,5,Производство и распределение газообразного топлива по трубопроводам,АЛМАТИНСКАЯ ОБЛАСТЬ,ҚОНАЕВ Г.А.
448111,"Снабжение паром, горячей водой и кондиционированным воздухом",false,,745579000,883,169228000,920,503694000,846,601974000,1031,2093890000,994,613399000,957,4,"Снабжение электроэнергией, газом, паром, горячей водой и кондиционированным воздухом",АЛМАТИНСКАЯ ОБЛАСТЬ,ҚОНАЕВ Г.А.
448112,"Снабжение паром, горячей водой и кондиционированным воздухом",false,,745579000,883,169228000,920,503694000,846,601974000,1031,2093890000,994,613399000,957,5,"Снабжение паром, горячей водой и кондиционированным воздухом",АЛМАТИНСКАЯ ОБЛАСТЬ,ҚОНАЕВ Г.А.
448117,"Водоснабжение; сбор, обработка и удаление отходов, деятельность по ликвидации загрязнений",false,,669348000,883,114993000,920,189183000,846,5940622000,1031,13306076000,994,1087141000,957,2,Промышленность,АЛМАТИНСКАЯ ОБЛАСТЬ,ҚОНАЕВ Г.А.
448118,"Сбор, обработка и распределение воды",false,,639624000,883,108119000,920,181634000,846,5105465000,1031,6280962000,994,1083862000,957,3,"Водоснабжение; сбор, обработка и удаление отходов, деятельность по ликвидации загрязнений",АЛМАТИНСКАЯ ОБЛАСТЬ,ҚОНАЕВ Г.А.
448119,"Сбор, обработка и распределение воды",false,,639624000,883,108119000,920,181634000,846,5105465000,1031,6280962000,994,1083862000,957,4,"Сбор, обработка и распределение воды",АЛМАТИНСКАЯ ОБЛАСТЬ,ҚОНАЕВ Г.А.
448120,"Сбор, обработка и распределение воды",false,,639624000,883,108119000,920,181634000,846,5105465000,1031,6280962000,994,1083862000,957,5,"Сбор, обработка и распределение воды",АЛМАТИНСКАЯ ОБЛАСТЬ,ҚОНАЕВ Г.А.
448122,Сбор и обработка сточных вод,false,,19488000,883,6874000,920,7549000,846,822771000,1031,7024380000,994,3279000,957,3,"Водоснабжение; сбор, обработка и удаление отходов, деятельность по ликвидации загрязнений",АЛМАТИНСКАЯ ОБЛАСТЬ,ҚОНАЕВ Г.А.
448123,Сбор и обработка сточных вод,false,,19488000,883,6874000,920,7549000,846,822771000,1031,7024380000,994,3279000,957,4,Сбор и обработка сточных вод,АЛМАТИНСКАЯ ОБЛАСТЬ,ҚОНАЕВ Г.А.
448124,Сбор и обработка сточных вод,false,,19488000,883,6874000,920,7549000,846,822771000,1031,7024380000,994,3279000,957,5,Сбор и обработка сточных вод,АЛМАТИНСКАЯ ОБЛАСТЬ,ҚОНАЕВ Г.А.
448126,"Сбор, обработка и удаление отходов; утилизация (восстановление) материалов",false,,x,883,,,,,12386000,1031,x,994,,,3,"Водоснабжение; сбор, обработка и удаление отходов, деятельность по ликвидации загрязнений",АЛМАТИНСКАЯ ОБЛАСТЬ,ҚОНАЕВ Г.А.
448127,Сбор отходов,false,,x,883,,,,,12386000,1031,,,,,4,"Сбор, обработка и удаление отходов; утилизация (восстановление) материалов",АЛМАТИНСКАЯ ОБЛАСТЬ,ҚОНАЕВ Г.А.
448128,Сбор неопасных отходов,false,,x,883,,,,,12386000,1031,,,,,5,Сбор отходов,АЛМАТИНСКАЯ ОБЛАСТЬ,ҚОНАЕВ Г.А.
448132,Обработка и удаление отходов,false,,,,,,,,,,x,994,,,4,"Сбор, обработка и удаление отходов; утилизация (восстановление) материалов",АЛМАТИНСКАЯ ОБЛАСТЬ,ҚОНАЕВ Г.А.
448133,Обработка и удаление неопасных отходов,false,,,,,,,,,,x,994,,,5,Обработка и удаление отходов,АЛМАТИНСКАЯ ОБЛАСТЬ,ҚОНАЕВ Г.А.
741885,Всего,false,,8496483000,883,9920361000,920,7716515000,846,8133367000,1031,5663831000,994,4523765000,957,0,,АЛМАТИНСКАЯ ОБЛАСТЬ,БАЛХАШСКИЙ РАЙОН
447173,"Сельское, лесное и рыбное хозяйство",false,,728563000,883,1597255000,920,1575112000,846,803972000,1031,482470000,994,162456000,957,1,Всего,АЛМАТИНСКАЯ ОБЛАСТЬ,БАЛХАШСКИЙ РАЙОН
447174,"Растениеводство и животноводство, охота и предоставление услуг в этих областях",false,,728563000,883,1597255000,920,1575112000,846,803972000,1031,482470000,994,162456000,957,2,"Сельское, лесное и рыбное хозяйство",АЛМАТИНСКАЯ ОБЛАСТЬ,БАЛХАШСКИЙ РАЙОН
447175,Выращивание одно- или двухлетних культур,false,,67317000,883,,,74738000,846,8552000,1031,126124000,994,,,3,"Растениеводство и животноводство, охота и предоставление услуг в этих областях",АЛМАТИНСКАЯ ОБЛАСТЬ,БАЛХАШСКИЙ РАЙОН
447176,"Выращивание зерновых (кроме риса), бобовых и масличных культур",false,,67317000,883,,,74738000,846,8552000,1031,126124000,994,,,4,Выращивание одно- или двухлетних культур,АЛМАТИНСКАЯ ОБЛАСТЬ,БАЛХАШСКИЙ РАЙОН
3783380,"Выращивание зерновых и зернобобовых культур, включая семеноводство",true,,67317000,883,,,74738000,846,8552000,1031,126124000,994,,,5,"Выращивание зерновых (кроме риса), бобовых и масличных культур",АЛМАТИНСКАЯ ОБЛАСТЬ,БАЛХАШСКИЙ РАЙОН
447218,Животноводство,false,,505986000,883,1441915000,920,1500374000,846,179675000,1031,113535000,994,162456000,957,3,"Растениеводство и животноводство, охота и предоставление услуг в этих областях",АЛМАТИНСКАЯ ОБЛАСТЬ,БАЛХАШСКИЙ РАЙОН
447219,Разведение крупного рогатого скота молочного направления,false,,422321000,883,1183614000,920,1050000000,846,,,,,,,4,Животноводство,АЛМАТИНСКАЯ ОБЛАСТЬ,БАЛХАШСКИЙ РАЙОН
447220,Разведение крупного рогатого скота молочного направления,true,,422321000,883,1183614000,920,1050000000,846,,,,,,,5,Разведение крупного рогатого скота молочного направления,АЛМАТИНСКАЯ ОБЛАСТЬ,БАЛХАШСКИЙ РАЙОН
447221,Разведение прочего крупного рогатого скота и буйволов,false,,83665000,883,209781000,920,450374000,846,179675000,1031,113535000,994,162456000,957,4,Животноводство,АЛМАТИНСКАЯ ОБЛАСТЬ,БАЛХАШСКИЙ РАЙОН
447222,Разведение прочего крупного рогатого скота и буйволов,true,,83665000,883,209781000,920,450374000,846,179675000,1031,113535000,994,162456000,957,5,Разведение прочего крупного рогатого скота и буйволов,АЛМАТИНСКАЯ ОБЛАСТЬ,БАЛХАШСКИЙ РАЙОН
447228,Разведение овец и коз,false,,,,x,920,,,,,,,,,4,Животноводство,АЛМАТИНСКАЯ ОБЛАСТЬ,БАЛХАШСКИЙ РАЙОН
447229,Разведение овец и коз,true,,,,x,920,,,,,,,,,5,Разведение овец и коз,АЛМАТИНСКАЯ ОБЛАСТЬ,БАЛХАШСКИЙ РАЙОН
447239,Смешанное сельское хозяйство,false,,x,883,155340000,920,,,615745000,1031,228811000,994,,,3,"Растениеводство и животноводство, охота и предоставление услуг в этих областях",АЛМАТИНСКАЯ ОБЛАСТЬ,БАЛХАШСКИЙ РАЙОН
447240,Смешанное сельское хозяйство,false,,x,883,155340000,920,,,615745000,1031,228811000,994,,,4,Смешанное сельское хозяйство,АЛМАТИНСКАЯ ОБЛАСТЬ,БАЛХАШСКИЙ РАЙОН
447241,Смешанное сельское хозяйство,true,,x,883,155340000,920,,,615745000,1031,228811000,994,,,5,Смешанное сельское хозяйство,АЛМАТИНСКАЯ ОБЛАСТЬ,БАЛХАШСКИЙ РАЙОН
18683346,"Деятельность, способствующая выращиванию сельскохозяйственных культур и разведению животных и деятельность по обработке урожая",false,,,,,,,,,,14000000,994,,,3,"Растениеводство и животноводство, охота и предоставление услуг в этих областях",АЛМАТИНСКАЯ ОБЛАСТЬ,БАЛХАШСКИЙ РАЙОН
18683347,"Деятельность, способствующая растениеводству",false,,,,,,,,,,14000000,994,,,4,"Деятельность, способствующая выращиванию сельскохозяйственных культур и разведению животных и деятельность по обработке урожая",АЛМАТИНСКАЯ ОБЛАСТЬ,БАЛХАШСКИЙ РАЙОН
18683348,"Деятельность, способствующая растениеводству, кроме эксплуатации оросительных систем",true,,,,,,,,,,14000000,994,,,5,"Деятельность, способствующая растениеводству",АЛМАТИНСКАЯ ОБЛАСТЬ,БАЛХАШСКИЙ РАЙОН
448148,Строительство,false,,x,883,x,920,,,,,x,994,x,957,1,Всего,АЛМАТИНСКАЯ ОБЛАСТЬ,БАЛХАШСКИЙ РАЙОН
448157,Гражданское строительство,false,,x,883,x,920,,,,,x,994,x,957,2,Строительство,АЛМАТИНСКАЯ ОБЛАСТЬ,БАЛХАШСКИЙ РАЙОН
448158,Строительство автомобильных и железных дорог,false,,x,883,x,920,,,,,x,994,x,957,3,Гражданское строительство,АЛМАТИНСКАЯ ОБЛАСТЬ,БАЛХАШСКИЙ РАЙОН
18696143,Строительство автомобильных дорог,false,,x,883,x,920,,,,,x,994,x,957,4,Строительство автомобильных и железных дорог,АЛМАТИНСКАЯ ОБЛАСТЬ,БАЛХАШСКИЙ РАЙОН
18946136,Строительство дорог и автомагистралей,true,,x,883,x,920,,,,,x,994,x,957,5,Строительство автомобильных дорог,АЛМАТИНСКАЯ ОБЛАСТЬ,БАЛХАШСКИЙ РАЙОН
448215,Оптовая и розничная торговля; ремонт автомобилей и мотоциклов,false,,,,,,,,7909000,1031,,,13667000,957,1,Всего,АЛМАТИНСКАЯ ОБЛАСТЬ,БАЛХАШСКИЙ РАЙОН
448237,"Оптовая торговля, за исключением торговли автомобилями и мотоциклами",false,,,,,,,,7909000,1031,,,x,957,2,Оптовая и розничная торговля; ремонт автомобилей и мотоциклов,АЛМАТИНСКАЯ ОБЛАСТЬ,БАЛХАШСКИЙ РАЙОН
448287,Оптовая торговля непродовольственными товарами потребительского назначения,false,,,,,,,,7909000,1031,,,x,957,3,"Оптовая торговля, за исключением торговли автомобилями и мотоциклами",АЛМАТИНСКАЯ ОБЛАСТЬ,БАЛХАШСКИЙ РАЙОН
448307,Оптовая торговля прочими непродовольственными товарами потребительского назначения,false,,,,,,,,7909000,1031,,,x,957,4,Оптовая торговля непродовольственными товарами потребительского назначения,АЛМАТИНСКАЯ ОБЛАСТЬ,БАЛХАШСКИЙ РАЙОН
448310,"Оптовая торговля прочими непродовольственными товарами потребительского назначения, не включенными в другие группировки",true,,,,,,,,7909000,1031,,,x,957,5,Оптовая торговля прочими непродовольственными товарами потребительского назначения,АЛМАТИНСКАЯ ОБЛАСТЬ,БАЛХАШСКИЙ РАЙОН
448377,"Розничная торговля, кроме торговли автомобилями и мотоциклами",false,,,,,,,,,,,,x,957,2,Оптовая и розничная торговля; ремонт автомобилей и мотоциклов,АЛМАТИНСКАЯ ОБЛАСТЬ,БАЛХАШСКИЙ РАЙОН
448409,Розничная торговля прочими бытовыми товарами в специализированных магазинах ,false,,,,,,,,,,,,x,957,3,"Розничная торговля, кроме торговли автомобилями и мотоциклами",АЛМАТИНСКАЯ ОБЛАСТЬ,БАЛХАШСКИЙ РАЙОН
448416,Розничная торговля электрическими бытовыми приборами в специализированных магазинах,false,,,,,,,,,,,,x,957,4,Розничная торговля прочими бытовыми товарами в специализированных магазинах ,АЛМАТИНСКАЯ ОБЛАСТЬ,БАЛХАШСКИЙ РАЙОН
3647962,"Розничная торговля электрическими бытовыми приборами в специализированных магазинах, являющихся торговыми объектами, с торговой площадью менее 2000 кв.м",true,,,,,,,,,,,,x,957,5,Розничная торговля электрическими бытовыми приборами в специализированных магазинах,АЛМАТИНСКАЯ ОБЛАСТЬ,БАЛХАШСКИЙ РАЙОН
448475,Транспорт и складирование,false,,1160095000,883,1655745000,920,844211000,846,2188669000,1031,722060000,994,55826000,957,1,Всего,АЛМАТИНСКАЯ ОБЛАСТЬ,БАЛХАШСКИЙ РАЙОН
448527,Складирование грузов и вспомогательная транспортная деятельность,false,,1160095000,883,1655745000,920,844211000,846,2188669000,1031,722060000,994,55826000,957,2,Транспорт и складирование,АЛМАТИНСКАЯ ОБЛАСТЬ,БАЛХАШСКИЙ РАЙОН
448528,Складирование и хранение грузов,false,,,,,,,,14791000,1031,16790000,994,,,3,Складирование грузов и вспомогательная транспортная деятельность,АЛМАТИНСКАЯ ОБЛАСТЬ,БАЛХАШСКИЙ РАЙОН
448529,Складирование и хранение грузов,false,,,,,,,,14791000,1031,16790000,994,,,4,Складирование и хранение грузов,АЛМАТИНСКАЯ ОБЛАСТЬ,БАЛХАШСКИЙ РАЙОН
448531,"Складирование и хранение непродовольственных товаров, кроме зерна и нефти",true,,,,,,,,,,16790000,994,,,5,Складирование и хранение грузов,АЛМАТИНСКАЯ ОБЛАСТЬ,БАЛХАШСКИЙ РАЙОН
448533,Вспомогательная транспортная деятельность,false,,1160095000,883,1655745000,920,844211000,846,2173878000,1031,705270000,994,55826000,957,3,Складирование грузов и вспомогательная транспортная деятельность,АЛМАТИНСКАЯ ОБЛАСТЬ,БАЛХАШСКИЙ РАЙОН
448534,Вспомогательная деятельность сухопутного транспорта,false,,1160095000,883,1655745000,920,844211000,846,2173878000,1031,705270000,994,55826000,957,4,Вспомогательная транспортная деятельность,АЛМАТИНСКАЯ ОБЛАСТЬ,БАЛХАШСКИЙ РАЙОН
448536,Эксплуатация автомобильных дорог,true,,1160095000,883,1655745000,920,844211000,846,2173878000,1031,705270000,994,55826000,957,5,Вспомогательная деятельность сухопутного транспорта,АЛМАТИНСКАЯ ОБЛАСТЬ,БАЛХАШСКИЙ РАЙОН
448558,Предоставление услуг по проживанию и питанию,false,,,,,,,,x,1031,,,x,957,1,Всего,АЛМАТИНСКАЯ ОБЛАСТЬ,БАЛХАШСКИЙ РАЙОН
3783427,Предоставление услуг по временному проживанию,false,,,,,,,,x,1031,,,x,957,2,Предоставление услуг по проживанию и питанию,АЛМАТИНСКАЯ ОБЛАСТЬ,БАЛХАШСКИЙ РАЙОН
3783428,Предоставление услуг гостиницами и аналогичными местами для проживания,false,,,,,,,,x,1031,,,,,3,Предоставление услуг по временному проживанию,АЛМАТИНСКАЯ ОБЛАСТЬ,БАЛХАШСКИЙ РАЙОН
3783429,Предоставление услуг гостиницами и аналогичными местами для проживания,false,,,,,,,,x,1031,,,,,4,Предоставление услуг гостиницами и аналогичными местами для проживания,АЛМАТИНСКАЯ ОБЛАСТЬ,БАЛХАШСКИЙ РАЙОН
3783430,"Предоставление услуг гостиницами с ресторанами, за исключением гостиниц, находящихся на придорожной полосе",true,,,,,,,,x,1031,,,,,5,Предоставление услуг гостиницами и аналогичными местами для проживания,АЛМАТИНСКАЯ ОБЛАСТЬ,БАЛХАШСКИЙ РАЙОН
3783432,Предоставление жилья на выходные дни и прочие периоды краткосрочного проживания,false,,,,,,,,,,,,x,957,3,Предоставление услуг по временному проживанию,АЛМАТИНСКАЯ ОБЛАСТЬ,БАЛХАШСКИЙ РАЙОН
3783433,Предоставление жилья на выходные дни и прочие периоды краткосрочного проживания,false,,,,,,,,,,,,x,957,4,Предоставление жилья на выходные дни и прочие периоды краткосрочного проживания,АЛМАТИНСКАЯ ОБЛАСТЬ,БАЛХАШСКИЙ РАЙОН
3783434,Предоставление жилья на выходные дни и прочие периоды краткосрочного проживания,true,,,,,,,,,,,,x,957,5,Предоставление жилья на выходные дни и прочие периоды краткосрочного проживания,АЛМАТИНСКАЯ ОБЛАСТЬ,БАЛХАШСКИЙ РАЙОН
448585,Информация и связь,false,,398183000,883,x,920,247038000,846,,,,,16389000,957,1,Всего,АЛМАТИНСКАЯ ОБЛАСТЬ,БАЛХАШСКИЙ РАЙОН
448623,Телекоммуникации,false,,398183000,883,x,920,247038000,846,,,,,16389000,957,2,Информация и связь,АЛМАТИНСКАЯ ОБЛАСТЬ,БАЛХАШСКИЙ РАЙОН
448627,Беспроводная телекоммуникационная связь,false,,390729000,883,,,247038000,846,,,,,16389000,957,3,Телекоммуникации,АЛМАТИНСКАЯ ОБЛАСТЬ,БАЛХАШСКИЙ РАЙОН
448628,Беспроводная телекоммуникационная связь,false,,390729000,883,,,247038000,846,,,,,16389000,957,4,Беспроводная телекоммуникационная связь,АЛМАТИНСКАЯ ОБЛАСТЬ,БАЛХАШСКИЙ РАЙОН
18946147,Беспроводная телекоммуникационная связь посредством единой транспортной среды,true,,,,,,,,,,,,x,957,5,Беспроводная телекоммуникационная связь,АЛМАТИНСКАЯ ОБЛАСТЬ,БАЛХАШСКИЙ РАЙОН
18946149,Прочая беспроводная телекоммуникационная связь,true,,390729000,883,,,247038000,846,,,,,5191000,957,5,Беспроводная телекоммуникационная связь,АЛМАТИНСКАЯ ОБЛАСТЬ,БАЛХАШСКИЙ РАЙОН
448633,Прочая деятельность в области телекоммуникаций,false,,x,883,x,920,,,,,,,,,3,Телекоммуникации,АЛМАТИНСКАЯ ОБЛАСТЬ,БАЛХАШСКИЙ РАЙОН
448634,Прочая деятельность в области телекоммуникаций,false,,x,883,x,920,,,,,,,,,4,Прочая деятельность в области телекоммуникаций,АЛМАТИНСКАЯ ОБЛАСТЬ,БАЛХАШСКИЙ РАЙОН
18946154,"Прочая деятельность в области телекоммуникаций, не включенная в другие группировки",true,,x,883,x,920,,,,,,,,,5,Прочая деятельность в области телекоммуникаций,АЛМАТИНСКАЯ ОБЛАСТЬ,БАЛХАШСКИЙ РАЙОН
448714,Операции с недвижимым имуществом,false,,958552000,883,1064880000,920,809456000,846,1443807000,1031,1457895000,994,1475944000,957,1,Всего,АЛМАТИНСКАЯ ОБЛАСТЬ,БАЛХАШСКИЙ РАЙОН
448715,Операции с недвижимым имуществом,false,,958552000,883,1064880000,920,809456000,846,1443807000,1031,1457895000,994,1475944000,957,2,Операции с недвижимым имуществом,АЛМАТИНСКАЯ ОБЛАСТЬ,БАЛХАШСКИЙ РАЙОН
448716,Покупка и продажа собственного недвижимого имущества ,false,,958552000,883,1036390000,920,809456000,846,1443807000,1031,1457895000,994,1475944000,957,3,Операции с недвижимым имуществом,АЛМАТИНСКАЯ ОБЛАСТЬ,БАЛХАШСКИЙ РАЙОН
448717,Покупка и продажа собственного недвижимого имущества ,false,,958552000,883,1036390000,920,809456000,846,1443807000,1031,1457895000,994,1475944000,957,4,Покупка и продажа собственного недвижимого имущества ,АЛМАТИНСКАЯ ОБЛАСТЬ,БАЛХАШСКИЙ РАЙОН
543091,Покупка и продажа многоквартирных и жилых домов (особняков),true,,958552000,883,1036390000,920,809456000,846,1443807000,1031,1457895000,994,1475944000,957,5,Покупка и продажа собственного недвижимого имущества ,АЛМАТИНСКАЯ ОБЛАСТЬ,БАЛХАШСКИЙ РАЙОН
448719,Аренда и управление собственной или арендуемой недвижимостью,false,,,,x,920,,,,,,,,,3,Операции с недвижимым имуществом,АЛМАТИНСКАЯ ОБЛАСТЬ,БАЛХАШСКИЙ РАЙОН
448720,Аренда и управление собственной или арендуемой недвижимостью,false,,,,x,920,,,,,,,,,4,Аренда и управление собственной или арендуемой недвижимостью,АЛМАТИНСКАЯ ОБЛАСТЬ,БАЛХАШСКИЙ РАЙОН
18946171,Аренда и управление собственной недвижимостью,true,,,,x,920,,,,,,,,,5,Аренда и управление собственной или арендуемой недвижимостью,АЛМАТИНСКАЯ ОБЛАСТЬ,БАЛХАШСКИЙ РАЙОН
448797,Деятельность в области административного и вспомогательного обслуживания,false,,76605000,883,715000,920,5268000,846,,,,,,,1,Всего,АЛМАТИНСКАЯ ОБЛАСТЬ,БАЛХАШСКИЙ РАЙОН
448870,"Деятельность в области офисного административного и вспомогательного обслуживания, направленная на поддержание коммерческой деятельности",false,,76605000,883,715000,920,5268000,846,,,,,,,2,Деятельность в области административного и вспомогательного обслуживания,АЛМАТИНСКАЯ ОБЛАСТЬ,БАЛХАШСКИЙ РАЙОН
448871,Деятельность в области офисного административного и вспомогательного обслуживания,false,,76605000,883,715000,920,5268000,846,,,,,,,3,"Деятельность в области офисного административного и вспомогательного обслуживания, направленная на поддержание коммерческой деятельности",АЛМАТИНСКАЯ ОБЛАСТЬ,БАЛХАШСКИЙ РАЙОН
448872,Деятельность по предоставлению комплексных офисных административных услуг,false,,76605000,883,715000,920,5268000,846,,,,,,,4,Деятельность в области офисного административного и вспомогательного обслуживания,АЛМАТИНСКАЯ ОБЛАСТЬ,БАЛХАШСКИЙ РАЙОН
448873,Деятельность по предоставлению комплексных офисных административных услуг,true,,76605000,883,715000,920,5268000,846,,,,,,,5,Деятельность по предоставлению комплексных офисных административных услуг,АЛМАТИНСКАЯ ОБЛАСТЬ,БАЛХАШСКИЙ РАЙОН
448889,Государственное управление и оборона; обязательное  социальное обеспечение,false,,124620000,883,68578000,920,,,175857000,1031,29594000,994,4560000,957,1,Всего,АЛМАТИНСКАЯ ОБЛАСТЬ,БАЛХАШСКИЙ РАЙОН
448890,Государственное управление и оборона; обязательное социальное обеспечение,false,,124620000,883,68578000,920,,,175857000,1031,29594000,994,4560000,957,2,Государственное управление и оборона; обязательное  социальное обеспечение,АЛМАТИНСКАЯ ОБЛАСТЬ,БАЛХАШСКИЙ РАЙОН
448891,Государственное управление общего характера и управление социально-экономическое политикой общества,false,,124620000,883,68578000,920,,,175857000,1031,29594000,994,4560000,957,3,Государственное управление и оборона; обязательное социальное обеспечение,АЛМАТИНСКАЯ ОБЛАСТЬ,БАЛХАШСКИЙ РАЙОН
448892,Государственное управление общего характера,false,,17540000,883,68578000,920,,,131164000,1031,24830000,994,4560000,957,4,Государственное управление общего характера и управление социально-экономическое политикой общества,АЛМАТИНСКАЯ ОБЛАСТЬ,БАЛХАШСКИЙ РАЙОН
448893,Деятельность республиканских органов управления,true,,,,3000000,920,,,,,,,,,5,Государственное управление общего характера,АЛМАТИНСКАЯ ОБЛАСТЬ,БАЛХАШСКИЙ РАЙОН
448894,Деятельность региональных органов управления,true,,5000000,883,,,,,50900000,1031,,,4560000,957,5,Государственное управление общего характера,АЛМАТИНСКАЯ ОБЛАСТЬ,БАЛХАШСКИЙ РАЙОН
448895,Деятельность местных органов управления,true,,12540000,883,16730000,920,,,80264000,1031,24830000,994,,,5,Государственное управление общего характера,АЛМАТИНСКАЯ ОБЛАСТЬ,БАЛХАШСКИЙ РАЙОН
448896,Деятельность сельских и поселковых органов управления,true,,,,48848000,920,,,,,,,,,5,Государственное управление общего характера,АЛМАТИНСКАЯ ОБЛАСТЬ,БАЛХАШСКИЙ РАЙОН
448900,"Регулирование деятельности учреждений здравоохранения, образования, культуры и других социальных услуг, кроме социального обеспечения ",false,,78009000,883,,,,,,,,,,,4,Государственное управление общего характера и управление социально-экономическое политикой общества,АЛМАТИНСКАЯ ОБЛАСТЬ,БАЛХАШСКИЙ РАЙОН
448901,"Регулирование деятельности учреждений здравоохранения, образования, культуры и других социальных услуг, кроме социального обеспечения ",true,,78009000,883,,,,,,,,,,,5,"Регулирование деятельности учреждений здравоохранения, образования, культуры и других социальных услуг, кроме социального обеспечения ",АЛМАТИНСКАЯ ОБЛАСТЬ,БАЛХАШСКИЙ РАЙОН
448902,Регулирование и содействие эффективному ведению экономической деятельности,false,,29071000,883,,,,,44693000,1031,4764000,994,,,4,Государственное управление общего характера и управление социально-экономическое политикой общества,АЛМАТИНСКАЯ ОБЛАСТЬ,БАЛХАШСКИЙ РАЙОН
448903,Регулирование и содействие эффективному ведению экономической деятельности,true,,29071000,883,,,,,44693000,1031,4764000,994,,,5,Регулирование и содействие эффективному ведению экономической деятельности,АЛМАТИНСКАЯ ОБЛАСТЬ,БАЛХАШСКИЙ РАЙОН
448918,Образование,false,,887345000,883,381156000,920,x,846,,,,,366558000,957,1,Всего,АЛМАТИНСКАЯ ОБЛАСТЬ,БАЛХАШСКИЙ РАЙОН
448919,Образование,false,,887345000,883,381156000,920,x,846,,,,,366558000,957,2,Образование,АЛМАТИНСКАЯ ОБЛАСТЬ,БАЛХАШСКИЙ РАЙОН
448920,Дошкольное образование,false,,367200000,883,,,,,,,,,,,3,Образование,АЛМАТИНСКАЯ ОБЛАСТЬ,БАЛХАШСКИЙ РАЙОН
448921,Дошкольное образование,false,,367200000,883,,,,,,,,,,,4,Дошкольное образование,АЛМАТИНСКАЯ ОБЛАСТЬ,БАЛХАШСКИЙ РАЙОН
448922,Дошкольное образование,true,,367200000,883,,,,,,,,,,,5,Дошкольное образование,АЛМАТИНСКАЯ ОБЛАСТЬ,БАЛХАШСКИЙ РАЙОН
448926,Среднее образование (2-й и 3-й уровни),false,,520145000,883,381156000,920,x,846,,,,,366558000,957,3,Образование,АЛМАТИНСКАЯ ОБЛАСТЬ,БАЛХАШСКИЙ РАЙОН
448927,Основное и общее среднее образование,false,,520145000,883,381156000,920,x,846,,,,,366558000,957,4,Среднее образование (2-й и 3-й уровни),АЛМАТИНСКАЯ ОБЛАСТЬ,БАЛХАШСКИЙ РАЙОН
448928,Основное и общее среднее образование,true,,520145000,883,381156000,920,x,846,,,,,366558000,957,5,Основное и общее среднее образование,АЛМАТИНСКАЯ ОБЛАСТЬ,БАЛХАШСКИЙ РАЙОН
448950,Здравоохранение и социальное обслуживание населения,false,,285437000,883,1850706000,920,7089000,846,865828000,1031,119779000,994,5000000,957,1,Всего,АЛМАТИНСКАЯ ОБЛАСТЬ,БАЛХАШСКИЙ РАЙОН
448951,Деятельность в области здравоохранения,false,,285437000,883,1850706000,920,7089000,846,865828000,1031,119779000,994,5000000,957,2,Здравоохранение и социальное обслуживание населения,АЛМАТИНСКАЯ ОБЛАСТЬ,БАЛХАШСКИЙ РАЙОН
448952,Деятельность больничных организаций,false,,,,695635000,920,,,,,19718000,994,,,3,Деятельность в области здравоохранения,АЛМАТИНСКАЯ ОБЛАСТЬ,БАЛХАШСКИЙ РАЙОН
448953,Деятельность больничных организаций,false,,,,695635000,920,,,,,19718000,994,,,4,Деятельность больничных организаций,АЛМАТИНСКАЯ ОБЛАСТЬ,БАЛХАШСКИЙ РАЙОН
448954,Деятельность больниц широкого профиля и специализированных больниц,true,,,,695635000,920,,,,,19718000,994,,,5,Деятельность больничных организаций,АЛМАТИНСКАЯ ОБЛАСТЬ,БАЛХАШСКИЙ РАЙОН
448959,Деятельность в области врачебной практики и стоматологии,false,,285437000,883,1155071000,920,7089000,846,865828000,1031,100061000,994,5000000,957,3,Деятельность в области здравоохранения,АЛМАТИНСКАЯ ОБЛАСТЬ,БАЛХАШСКИЙ РАЙОН
448960,Общая врачебная практика,false,,285437000,883,1155071000,920,7089000,846,865828000,1031,100061000,994,5000000,957,4,Деятельность в области врачебной практики и стоматологии,АЛМАТИНСКАЯ ОБЛАСТЬ,БАЛХАШСКИЙ РАЙОН
448961,Общая врачебная практика,true,,285437000,883,1155071000,920,7089000,846,865828000,1031,100061000,994,5000000,957,5,Общая врачебная практика,АЛМАТИНСКАЯ ОБЛАСТЬ,БАЛХАШСКИЙ РАЙОН
448991,"Искусство, развлечения и отдых",false,,1217933000,883,30796000,920,686006000,846,952021000,1031,793612000,994,294700000,957,1,Всего,АЛМАТИНСКАЯ ОБЛАСТЬ,БАЛХАШСКИЙ РАЙОН
449004,"Деятельность библиотек, архивов, музеев и прочая деятельность в области культуры",false,,364697000,883,,,71166000,846,322763000,1031,233977000,994,,,2,"Искусство, развлечения и отдых",АЛМАТИНСКАЯ ОБЛАСТЬ,БАЛХАШСКИЙ РАЙОН
449005,"Деятельность библиотек, архивов, музеев и прочая деятельность в области культуры",false,,364697000,883,,,71166000,846,322763000,1031,233977000,994,,,3,"Деятельность библиотек, архивов, музеев и прочая деятельность в области культуры",АЛМАТИНСКАЯ ОБЛАСТЬ,БАЛХАШСКИЙ РАЙОН
449013,Деятельность исторических мест и зданий и аналогичных туристических достопримечательностей,false,,364697000,883,,,71166000,846,,,,,,,4,"Деятельность библиотек, архивов, музеев и прочая деятельность в области культуры",АЛМАТИНСКАЯ ОБЛАСТЬ,БАЛХАШСКИЙ РАЙОН
449014,Деятельность исторических мест и зданий и аналогичных туристических достопримечательностей,true,,364697000,883,,,71166000,846,,,,,,,5,Деятельность исторических мест и зданий и аналогичных туристических достопримечательностей,АЛМАТИНСКАЯ ОБЛАСТЬ,БАЛХАШСКИЙ РАЙОН
449015,"Деятельность ботанических садов, зоопарков и природных заповедников ",false,,,,,,,,322763000,1031,233977000,994,,,4,"Деятельность библиотек, архивов, музеев и прочая деятельность в области культуры",АЛМАТИНСКАЯ ОБЛАСТЬ,БАЛХАШСКИЙ РАЙОН
449017,"Деятельность природных заповедников, охрана дикой природы",true,,,,,,,,322763000,1031,233977000,994,,,5,"Деятельность ботанических садов, зоопарков и природных заповедников ",АЛМАТИНСКАЯ ОБЛАСТЬ,БАЛХАШСКИЙ РАЙОН
449022,"Деятельность в области спорта, организации отдыха и развлечений",false,,853236000,883,30796000,920,614840000,846,629258000,1031,559635000,994,294700000,957,2,"Искусство, развлечения и отдых",АЛМАТИНСКАЯ ОБЛАСТЬ,БАЛХАШСКИЙ РАЙОН
449023,Деятельность в области спорта,false,,543054000,883,30796000,920,572848000,846,,,,,,,3,"Деятельность в области спорта, организации отдыха и развлечений",АЛМАТИНСКАЯ ОБЛАСТЬ,БАЛХАШСКИЙ РАЙОН
449026,Деятельность спортивных клубов,false,,543054000,883,30796000,920,572848000,846,,,,,,,4,Деятельность в области спорта,АЛМАТИНСКАЯ ОБЛАСТЬ,БАЛХАШСКИЙ РАЙОН
449027,Деятельность спортивных клубов,true,,543054000,883,30796000,920,572848000,846,,,,,,,5,Деятельность спортивных клубов,АЛМАТИНСКАЯ ОБЛАСТЬ,БАЛХАШСКИЙ РАЙОН
449032,Деятельность по организации отдыха и развлечений,false,,310182000,883,,,x,846,629258000,1031,559635000,994,294700000,957,3,"Деятельность в области спорта, организации отдыха и развлечений",АЛМАТИНСКАЯ ОБЛАСТЬ,БАЛХАШСКИЙ РАЙОН
449033,Деятельность развлекательных и тематических парков,false,,310182000,883,,,x,846,629258000,1031,559635000,994,294700000,957,4,Деятельность по организации отдыха и развлечений,АЛМАТИНСКАЯ ОБЛАСТЬ,БАЛХАШСКИЙ РАЙОН
449034,Деятельность развлекательных и тематических парков,true,,310182000,883,,,x,846,629258000,1031,559635000,994,294700000,957,5,Деятельность развлекательных и тематических парков,АЛМАТИНСКАЯ ОБЛАСТЬ,БАЛХАШСКИЙ РАЙОН
741340,Промышленность,false,,2620940000,883,2999642000,920,3126575000,846,945304000,1031,2034362000,994,2042166000,957,1,Всего,АЛМАТИНСКАЯ ОБЛАСТЬ,БАЛХАШСКИЙ РАЙОН
447279,Горнодобывающая промышленность и разработка карьеров,false,,35554000,883,1932000,920,,,,,,,,,2,Промышленность,АЛМАТИНСКАЯ ОБЛАСТЬ,БАЛХАШСКИЙ РАЙОН
447339,Предоставление услуг в горнодобывающей промышленности,false,,35554000,883,1932000,920,,,,,,,,,3,Горнодобывающая промышленность и разработка карьеров,АЛМАТИНСКАЯ ОБЛАСТЬ,БАЛХАШСКИЙ РАЙОН
447343,"Предоставление услуг, способствующих добыче других полезных ископаемых",false,,35554000,883,1932000,920,,,,,,,,,4,Предоставление услуг в горнодобывающей промышленности,АЛМАТИНСКАЯ ОБЛАСТЬ,БАЛХАШСКИЙ РАЙОН
447344,"Предоставление услуг, способствующих добыче других полезных ископаемых",false,,35554000,883,1932000,920,,,,,,,,,5,"Предоставление услуг, способствующих добыче других полезных ископаемых",АЛМАТИНСКАЯ ОБЛАСТЬ,БАЛХАШСКИЙ РАЙОН
447346,Обрабатывающая промышленность,false,,x,883,,,23666000,846,1682000,1031,,,x,957,2,Промышленность,АЛМАТИНСКАЯ ОБЛАСТЬ,БАЛХАШСКИЙ РАЙОН
447572,Производство продуктов химической промышленности,false,,,,,,,,1682000,1031,,,x,957,3,Обрабатывающая промышленность,АЛМАТИНСКАЯ ОБЛАСТЬ,БАЛХАШСКИЙ РАЙОН
447573,"Производство основных химических веществ, удобрений и азотных соединений, пластмасс и синтетического каучука в первичных формах",false,,,,,,,,1682000,1031,,,x,957,4,Производство продуктов химической промышленности,АЛМАТИНСКАЯ ОБЛАСТЬ,БАЛХАШСКИЙ РАЙОН
447578,Производство прочих основных неорганических химических веществ,false,,,,,,,,1682000,1031,,,x,957,5,"Производство основных химических веществ, удобрений и азотных соединений, пластмасс и синтетического каучука в первичных формах",АЛМАТИНСКАЯ ОБЛАСТЬ,БАЛХАШСКИЙ РАЙОН
447646,Производство прочей не металлической минеральной продукции,false,,,,,,19465000,846,,,,,,,3,Обрабатывающая промышленность,АЛМАТИНСКАЯ ОБЛАСТЬ,БАЛХАШСКИЙ РАЙОН
447688,"Производство изделий из бетона, цемента и строительного гипса ",false,,,,,,19465000,846,,,,,,,4,Производство прочей не металлической минеральной продукции,АЛМАТИНСКАЯ ОБЛАСТЬ,БАЛХАШСКИЙ РАЙОН
447689,Производство строительных изделий из бетона,false,,,,,,19465000,846,,,,,,,5,"Производство изделий из бетона, цемента и строительного гипса ",АЛМАТИНСКАЯ ОБЛАСТЬ,БАЛХАШСКИЙ РАЙОН
448019,Производство прочих готовых изделий,false,,x,883,,,x,846,,,,,,,3,Обрабатывающая промышленность,АЛМАТИНСКАЯ ОБЛАСТЬ,БАЛХАШСКИЙ РАЙОН
448042,"Производство прочих готовых изделий, не включенных в другие группировки",false,,x,883,,,x,846,,,,,,,4,Производство прочих готовых изделий,АЛМАТИНСКАЯ ОБЛАСТЬ,БАЛХАШСКИЙ РАЙОН
448045,"Производство прочей продукции, не включенной в другие группировки",false,,x,883,,,x,846,,,,,,,5,"Производство прочих готовых изделий, не включенных в другие группировки",АЛМАТИНСКАЯ ОБЛАСТЬ,БАЛХАШСКИЙ РАЙОН
448090,"Снабжение электроэнергией, газом, паром, горячей водой и кондиционированным воздухом",false,,919346000,883,2146949000,920,2004437000,846,55197000,1031,820335000,994,1260583000,957,2,Промышленность,АЛМАТИНСКАЯ ОБЛАСТЬ,БАЛХАШСКИЙ РАЙОН
448091,"Снабжение электроэнергией, газом, паром, горячей водой и кондиционированным воздухом",false,,919346000,883,2146949000,920,2004437000,846,55197000,1031,820335000,994,1260583000,957,3,"Снабжение электроэнергией, газом, паром, горячей водой и кондиционированным воздухом",АЛМАТИНСКАЯ ОБЛАСТЬ,БАЛХАШСКИЙ РАЙОН
448092,"Производство, передача и распределение электроэнергии",false,,121479000,883,53268000,920,36189000,846,13917000,1031,465194000,994,310955000,957,4,"Снабжение электроэнергией, газом, паром, горячей водой и кондиционированным воздухом",АЛМАТИНСКАЯ ОБЛАСТЬ,БАЛХАШСКИЙ РАЙОН
448098,Передача электроэнергии,false,,,,,,,,13917000,1031,80327000,994,x,957,5,"Производство, передача и распределение электроэнергии",АЛМАТИНСКАЯ ОБЛАСТЬ,БАЛХАШСКИЙ РАЙОН
448100,Распределение электроэнергии,false,,121479000,883,53268000,920,36189000,846,,,384867000,994,204730000,957,5,"Производство, передача и распределение электроэнергии",АЛМАТИНСКАЯ ОБЛАСТЬ,БАЛХАШСКИЙ РАЙОН
448104,Производство и распределение газообразного топлива по трубопроводам,false,,797867000,883,2093681000,920,1968248000,846,41280000,1031,355141000,994,949628000,957,4,"Снабжение электроэнергией, газом, паром, горячей водой и кондиционированным воздухом",АЛМАТИНСКАЯ ОБЛАСТЬ,БАЛХАШСКИЙ РАЙОН
448107,Распределение газообразного топлива по трубопроводам,false,,797867000,883,2093681000,920,1968248000,846,41280000,1031,355141000,994,949628000,957,5,Производство и распределение газообразного топлива по трубопроводам,АЛМАТИНСКАЯ ОБЛАСТЬ,БАЛХАШСКИЙ РАЙОН
448117,"Водоснабжение; сбор, обработка и удаление отходов, деятельность по ликвидации загрязнений",false,,1665425000,883,850761000,920,1098472000,846,888425000,1031,1214027000,994,750705000,957,2,Промышленность,АЛМАТИНСКАЯ ОБЛАСТЬ,БАЛХАШСКИЙ РАЙОН
448118,"Сбор, обработка и распределение воды",false,,1665425000,883,850761000,920,1098472000,846,888425000,1031,1214027000,994,750705000,957,3,"Водоснабжение; сбор, обработка и удаление отходов, деятельность по ликвидации загрязнений",АЛМАТИНСКАЯ ОБЛАСТЬ,БАЛХАШСКИЙ РАЙОН
448119,"Сбор, обработка и распределение воды",false,,1665425000,883,850761000,920,1098472000,846,888425000,1031,1214027000,994,750705000,957,4,"Сбор, обработка и распределение воды",АЛМАТИНСКАЯ ОБЛАСТЬ,БАЛХАШСКИЙ РАЙОН
448120,"Сбор, обработка и распределение воды",false,,1665425000,883,850761000,920,1098472000,846,888425000,1031,1214027000,994,750705000,957,5,"Сбор, обработка и распределение воды",АЛМАТИНСКАЯ ОБЛАСТЬ,БАЛХАШСКИЙ РАЙОН
741885,Всего,false,,45122551000,883,56487167000,920,36203620000,846,114722506000,1031,94446527000,994,64151220000,957,0,,АЛМАТИНСКАЯ ОБЛАСТЬ,ЕНБЕКШИКАЗАХСКИЙ РАЙОН
447173,"Сельское, лесное и рыбное хозяйство",false,,10224866000,883,8022731000,920,8088195000,846,10299941000,1031,4246979000,994,10883786000,957,1,Всего,АЛМАТИНСКАЯ ОБЛАСТЬ,ЕНБЕКШИКАЗАХСКИЙ РАЙОН
447174,"Растениеводство и животноводство, охота и предоставление услуг в этих областях",false,,10224866000,883,8021257000,920,8087295000,846,10299941000,1031,3995011000,994,10883786000,957,2,"Сельское, лесное и рыбное хозяйство",АЛМАТИНСКАЯ ОБЛАСТЬ,ЕНБЕКШИКАЗАХСКИЙ РАЙОН
447175,Выращивание одно- или двухлетних культур,false,,554391000,883,1369226000,920,222966000,846,1455145000,1031,1139121000,994,2147289000,957,3,"Растениеводство и животноводство, охота и предоставление услуг в этих областях",АЛМАТИНСКАЯ ОБЛАСТЬ,ЕНБЕКШИКАЗАХСКИЙ РАЙОН
447176,"Выращивание зерновых (кроме риса), бобовых и масличных культур",false,,269740000,883,757037000,920,x,846,1199297000,1031,973236000,994,1211426000,957,4,Выращивание одно- или двухлетних культур,АЛМАТИНСКАЯ ОБЛАСТЬ,ЕНБЕКШИКАЗАХСКИЙ РАЙОН
3783380,"Выращивание зерновых и зернобобовых культур, включая семеноводство",true,,259375000,883,757037000,920,x,846,1199297000,1031,964736000,994,1211426000,957,5,"Выращивание зерновых (кроме риса), бобовых и масличных культур",АЛМАТИНСКАЯ ОБЛАСТЬ,ЕНБЕКШИКАЗАХСКИЙ РАЙОН
447178,Выращивание масличных культур и их семян,true,,10365000,883,,,,,,,8500000,994,,,5,"Выращивание зерновых (кроме риса), бобовых и масличных культур",АЛМАТИНСКАЯ ОБЛАСТЬ,ЕНБЕКШИКАЗАХСКИЙ РАЙОН
447181,"Выращивание овощей, бахчевых, корнеплодов и клубнеплодов",false,,x,883,x,920,,,49400000,1031,,,x,957,4,Выращивание одно- или двухлетних культур,АЛМАТИНСКАЯ ОБЛАСТЬ,ЕНБЕКШИКАЗАХСКИЙ РАЙОН
447183,"Выращивание овощей, их семян и рассады",true,,x,883,x,920,,,49400000,1031,,,x,957,5,"Выращивание овощей, бахчевых, корнеплодов и клубнеплодов",АЛМАТИНСКАЯ ОБЛАСТЬ,ЕНБЕКШИКАЗАХСКИЙ РАЙОН
447192,Выращивание прочих одно- или двухлетних культур,false,,69428000,883,488423000,920,219056000,846,206448000,1031,165885000,994,864217000,957,4,Выращивание одно- или двухлетних культур,АЛМАТИНСКАЯ ОБЛАСТЬ,ЕНБЕКШИКАЗАХСКИЙ РАЙОН
447193,Выращивание кормовых культур и их семян,true,,10179000,883,64274000,920,42656000,846,x,1031,53271000,994,,,5,Выращивание прочих одно- или двухлетних культур,АЛМАТИНСКАЯ ОБЛАСТЬ,ЕНБЕКШИКАЗАХСКИЙ РАЙОН
447195,"Выращивание прочих одно- или двухлетних культур, не включенных в другие группировки",true,,59249000,883,424149000,920,176400000,846,144829000,1031,112614000,994,864217000,957,5,Выращивание прочих одно- или двухлетних культур,АЛМАТИНСКАЯ ОБЛАСТЬ,ЕНБЕКШИКАЗАХСКИЙ РАЙОН
447196,Выращивание многолетних культур,false,,7068401000,883,5350147000,920,3021342000,846,397970000,1031,1131273000,994,6237851000,957,3,"Растениеводство и животноводство, охота и предоставление услуг в этих областях",АЛМАТИНСКАЯ ОБЛАСТЬ,ЕНБЕКШИКАЗАХСКИЙ РАЙОН
447197,Выращивание винограда,false,,101892000,883,x,920,x,846,5985000,1031,9730000,994,x,957,4,Выращивание многолетних культур,АЛМАТИНСКАЯ ОБЛАСТЬ,ЕНБЕКШИКАЗАХСКИЙ РАЙОН
447198,Выращивание винограда,true,,101892000,883,x,920,x,846,5985000,1031,9730000,994,x,957,5,Выращивание винограда,АЛМАТИНСКАЯ ОБЛАСТЬ,ЕНБЕКШИКАЗАХСКИЙ РАЙОН
447203,Выращивание семечковых и косточковых плодов,false,,6802983000,883,5216738000,920,2547182000,846,328813000,1031,800416000,994,4803649000,957,4,Выращивание многолетних культур,АЛМАТИНСКАЯ ОБЛАСТЬ,ЕНБЕКШИКАЗАХСКИЙ РАЙОН
447204,Выращивание семечковых и косточковых плодов,true,,6802983000,883,5216738000,920,2547182000,846,328813000,1031,800416000,994,4803649000,957,5,Выращивание семечковых и косточковых плодов,АЛМАТИНСКАЯ ОБЛАСТЬ,ЕНБЕКШИКАЗАХСКИЙ РАЙОН
447205,"Выращивание прочих плодов, ягод и орехов",false,,26684000,883,59556000,920,25198000,846,x,1031,265983000,994,1409414000,957,4,Выращивание многолетних культур,АЛМАТИНСКАЯ ОБЛАСТЬ,ЕНБЕКШИКАЗАХСКИЙ РАЙОН
447206,"Выращивание прочих плодов, ягод и орехов",true,,26684000,883,59556000,920,25198000,846,x,1031,265983000,994,1409414000,957,5,"Выращивание прочих плодов, ягод и орехов",АЛМАТИНСКАЯ ОБЛАСТЬ,ЕНБЕКШИКАЗАХСКИЙ РАЙОН
447213,Выращивание прочих многолетних культур,false,,136842000,883,59104000,920,422232000,846,42170000,1031,55144000,994,8850000,957,4,Выращивание многолетних культур,АЛМАТИНСКАЯ ОБЛАСТЬ,ЕНБЕКШИКАЗАХСКИЙ РАЙОН
447214,Выращивание прочих многолетних культур,true,,136842000,883,59104000,920,422232000,846,42170000,1031,55144000,994,8850000,957,5,Выращивание прочих многолетних культур,АЛМАТИНСКАЯ ОБЛАСТЬ,ЕНБЕКШИКАЗАХСКИЙ РАЙОН
447215,Воспроизводство растений,false,,,,x,920,,,,,,,x,957,3,"Растениеводство и животноводство, охота и предоставление услуг в этих областях",АЛМАТИНСКАЯ ОБЛАСТЬ,ЕНБЕКШИКАЗАХСКИЙ РАЙОН
447216,Воспроизводство растений,false,,,,x,920,,,,,,,x,957,4,Воспроизводство растений,АЛМАТИНСКАЯ ОБЛАСТЬ,ЕНБЕКШИКАЗАХСКИЙ РАЙОН
447217,Воспроизводство растений,true,,,,x,920,,,,,,,x,957,5,Воспроизводство растений,АЛМАТИНСКАЯ ОБЛАСТЬ,ЕНБЕКШИКАЗАХСКИЙ РАЙОН
447218,Животноводство,false,,2251813000,883,1115234000,920,4201371000,846,7170939000,1031,1308984000,994,936039000,957,3,"Растениеводство и животноводство, охота и предоставление услуг в этих областях",АЛМАТИНСКАЯ ОБЛАСТЬ,ЕНБЕКШИКАЗАХСКИЙ РАЙОН
447219,Разведение крупного рогатого скота молочного направления,false,,286477000,883,541736000,920,1368315000,846,2267874000,1031,1058013000,994,584011000,957,4,Животноводство,АЛМАТИНСКАЯ ОБЛАСТЬ,ЕНБЕКШИКАЗАХСКИЙ РАЙОН
447220,Разведение крупного рогатого скота молочного направления,true,,286477000,883,541736000,920,1368315000,846,2267874000,1031,1058013000,994,584011000,957,5,Разведение крупного рогатого скота молочного направления,АЛМАТИНСКАЯ ОБЛАСТЬ,ЕНБЕКШИКАЗАХСКИЙ РАЙОН
447221,Разведение прочего крупного рогатого скота и буйволов,false,,1140132000,883,390863000,920,1379571000,846,2000000000,1031,x,994,x,957,4,Животноводство,АЛМАТИНСКАЯ ОБЛАСТЬ,ЕНБЕКШИКАЗАХСКИЙ РАЙОН
447222,Разведение прочего крупного рогатого скота и буйволов,true,,1140132000,883,390863000,920,1379571000,846,2000000000,1031,x,994,x,957,5,Разведение прочего крупного рогатого скота и буйволов,АЛМАТИНСКАЯ ОБЛАСТЬ,ЕНБЕКШИКАЗАХСКИЙ РАЙОН
447223,Разведение лошадей и прочих животных семейства лошадиных,false,,,,x,920,,,,,x,994,x,957,4,Животноводство,АЛМАТИНСКАЯ ОБЛАСТЬ,ЕНБЕКШИКАЗАХСКИЙ РАЙОН
447224,Разведение лошадей,true,,,,x,920,,,,,x,994,x,957,5,Разведение лошадей и прочих животных семейства лошадиных,АЛМАТИНСКАЯ ОБЛАСТЬ,ЕНБЕКШИКАЗАХСКИЙ РАЙОН
447232,Разведение сельскохозяйственной птицы ,false,,817134000,883,165942000,920,1453485000,846,2886265000,1031,182011000,994,335165000,957,4,Животноводство,АЛМАТИНСКАЯ ОБЛАСТЬ,ЕНБЕКШИКАЗАХСКИЙ РАЙОН
447233,"Разведение птицы на мясо, племенной птицы и молодняка",true,,,,x,920,,,,,,,x,957,5,Разведение сельскохозяйственной птицы ,АЛМАТИНСКАЯ ОБЛАСТЬ,ЕНБЕКШИКАЗАХСКИЙ РАЙОН
447235,"Производство смешанное, мясояичное",true,,817134000,883,149822000,920,1453485000,846,2886265000,1031,182011000,994,280104000,957,5,Разведение сельскохозяйственной птицы ,АЛМАТИНСКАЯ ОБЛАСТЬ,ЕНБЕКШИКАЗАХСКИЙ РАЙОН
447237,Разведение прочих видов животных,false,,8070000,883,10491000,920,,,16800000,1031,24986000,994,,,4,Животноводство,АЛМАТИНСКАЯ ОБЛАСТЬ,ЕНБЕКШИКАЗАХСКИЙ РАЙОН
447238,Разведение прочих видов животных,true,,8070000,883,10491000,920,,,16800000,1031,24986000,994,,,5,Разведение прочих видов животных,АЛМАТИНСКАЯ ОБЛАСТЬ,ЕНБЕКШИКАЗАХСКИЙ РАЙОН
447239,Смешанное сельское хозяйство,false,,242886000,883,122399000,920,616548000,846,1188318000,1031,347091000,994,1496052000,957,3,"Растениеводство и животноводство, охота и предоставление услуг в этих областях",АЛМАТИНСКАЯ ОБЛАСТЬ,ЕНБЕКШИКАЗАХСКИЙ РАЙОН
447240,Смешанное сельское хозяйство,false,,242886000,883,122399000,920,616548000,846,1188318000,1031,347091000,994,1496052000,957,4,Смешанное сельское хозяйство,АЛМАТИНСКАЯ ОБЛАСТЬ,ЕНБЕКШИКАЗАХСКИЙ РАЙОН
447241,Смешанное сельское хозяйство,true,,242886000,883,122399000,920,616548000,846,1188318000,1031,347091000,994,1496052000,957,5,Смешанное сельское хозяйство,АЛМАТИНСКАЯ ОБЛАСТЬ,ЕНБЕКШИКАЗАХСКИЙ РАЙОН
18683346,"Деятельность, способствующая выращиванию сельскохозяйственных культур и разведению животных и деятельность по обработке урожая",false,,107375000,883,43623000,920,25003000,846,68190000,1031,68542000,994,x,957,3,"Растениеводство и животноводство, охота и предоставление услуг в этих областях",АЛМАТИНСКАЯ ОБЛАСТЬ,ЕНБЕКШИКАЗАХСКИЙ РАЙОН
18683347,"Деятельность, способствующая растениеводству",false,,107375000,883,43623000,920,25003000,846,68190000,1031,24050000,994,x,957,4,"Деятельность, способствующая выращиванию сельскохозяйственных культур и разведению животных и деятельность по обработке урожая",АЛМАТИНСКАЯ ОБЛАСТЬ,ЕНБЕКШИКАЗАХСКИЙ РАЙОН
18683348,"Деятельность, способствующая растениеводству, кроме эксплуатации оросительных систем",true,,107375000,883,43623000,920,,,68190000,1031,24050000,994,x,957,5,"Деятельность, способствующая растениеводству",АЛМАТИНСКАЯ ОБЛАСТЬ,ЕНБЕКШИКАЗАХСКИЙ РАЙОН
18683349,Эксплуатация оросительных систем,true,,,,,,25003000,846,,,,,,,5,"Деятельность, способствующая растениеводству",АЛМАТИНСКАЯ ОБЛАСТЬ,ЕНБЕКШИКАЗАХСКИЙ РАЙОН
18683350,"Деятельность, способствующая животноводству",false,,,,,,,,,,x,994,,,4,"Деятельность, способствующая выращиванию сельскохозяйственных культур и разведению животных и деятельность по обработке урожая",АЛМАТИНСКАЯ ОБЛАСТЬ,ЕНБЕКШИКАЗАХСКИЙ РАЙОН
18683351,"Деятельность, способствующая животноводству",true,,,,,,,,,,x,994,,,5,"Деятельность, способствующая животноводству",АЛМАТИНСКАЯ ОБЛАСТЬ,ЕНБЕКШИКАЗАХСКИЙ РАЙОН
447252,"Охота и отлов, включая предоставление услуг в этих областях",false,,,,x,920,x,846,x,1031,,,x,957,3,"Растениеводство и животноводство, охота и предоставление услуг в этих областях",АЛМАТИНСКАЯ ОБЛАСТЬ,ЕНБЕКШИКАЗАХСКИЙ РАЙОН
447253,"Охота и отлов, включая предоставление услуг в этих областях",false,,,,x,920,x,846,x,1031,,,x,957,4,"Охота и отлов, включая предоставление услуг в этих областях",АЛМАТИНСКАЯ ОБЛАСТЬ,ЕНБЕКШИКАЗАХСКИЙ РАЙОН
447254,"Охота и отлов, включая предоставление услуг в этих областях",true,,,,x,920,x,846,x,1031,,,x,957,5,"Охота и отлов, включая предоставление услуг в этих областях",АЛМАТИНСКАЯ ОБЛАСТЬ,ЕНБЕКШИКАЗАХСКИЙ РАЙОН
447268,Рыболовство и рыбоводство,false,,,,x,920,x,846,,,251968000,994,,,2,"Сельское, лесное и рыбное хозяйство",АЛМАТИНСКАЯ ОБЛАСТЬ,ЕНБЕКШИКАЗАХСКИЙ РАЙОН
447274,Рыбоводство,false,,,,x,920,x,846,,,251968000,994,,,3,Рыболовство и рыбоводство,АЛМАТИНСКАЯ ОБЛАСТЬ,ЕНБЕКШИКАЗАХСКИЙ РАЙОН
447277,Пресноводное рыбоводство,false,,,,x,920,x,846,,,251968000,994,,,4,Рыбоводство,АЛМАТИНСКАЯ ОБЛАСТЬ,ЕНБЕКШИКАЗАХСКИЙ РАЙОН
447278,Пресноводное рыбоводство,true,,,,x,920,x,846,,,251968000,994,,,5,Пресноводное рыбоводство,АЛМАТИНСКАЯ ОБЛАСТЬ,ЕНБЕКШИКАЗАХСКИЙ РАЙОН
448148,Строительство,false,,183344000,883,85315000,920,1499190000,846,20513000,1031,x,994,46694000,957,1,Всего,АЛМАТИНСКАЯ ОБЛАСТЬ,ЕНБЕКШИКАЗАХСКИЙ РАЙОН
18710963,Строительство зданий,false,,x,883,x,920,1324923000,846,14112000,1031,x,994,x,957,2,Строительство,АЛМАТИНСКАЯ ОБЛАСТЬ,ЕНБЕКШИКАЗАХСКИЙ РАЙОН
18710964,Разработка строительных проектов,false,,,,,,x,846,,,,,,,3,Строительство зданий,АЛМАТИНСКАЯ ОБЛАСТЬ,ЕНБЕКШИКАЗАХСКИЙ РАЙОН
18710965,Разработка строительных проектов,false,,,,,,x,846,,,,,,,4,Разработка строительных проектов,АЛМАТИНСКАЯ ОБЛАСТЬ,ЕНБЕКШИКАЗАХСКИЙ РАЙОН
18710966,Разработка строительных проектов,true,,,,,,x,846,,,,,,,5,Разработка строительных проектов,АЛМАТИНСКАЯ ОБЛАСТЬ,ЕНБЕКШИКАЗАХСКИЙ РАЙОН
18710967,Строительство жилых и нежилых зданий,false,,x,883,x,920,1320107000,846,14112000,1031,x,994,x,957,3,Строительство зданий,АЛМАТИНСКАЯ ОБЛАСТЬ,ЕНБЕКШИКАЗАХСКИЙ РАЙОН
18710968,Строительство жилых и нежилых зданий,false,,x,883,x,920,1320107000,846,14112000,1031,x,994,x,957,4,Строительство жилых и нежилых зданий,АЛМАТИНСКАЯ ОБЛАСТЬ,ЕНБЕКШИКАЗАХСКИЙ РАЙОН
18710969,Строительство жилых зданий,true,,x,883,,,,,14112000,1031,,,,,5,Строительство жилых и нежилых зданий,АЛМАТИНСКАЯ ОБЛАСТЬ,ЕНБЕКШИКАЗАХСКИЙ РАЙОН
18801543,"Строительство нежилых зданий, за исключением стационарных торговых объектов категорий 1, 2",true,,,,x,920,1320107000,846,,,x,994,x,957,5,Строительство жилых и нежилых зданий,АЛМАТИНСКАЯ ОБЛАСТЬ,ЕНБЕКШИКАЗАХСКИЙ РАЙОН
448157,Гражданское строительство,false,,157944000,883,84921000,920,x,846,x,1031,,,x,957,2,Строительство,АЛМАТИНСКАЯ ОБЛАСТЬ,ЕНБЕКШИКАЗАХСКИЙ РАЙОН
448158,Строительство автомобильных и железных дорог,false,,27414000,883,x,920,,,,,,,x,957,3,Гражданское строительство,АЛМАТИНСКАЯ ОБЛАСТЬ,ЕНБЕКШИКАЗАХСКИЙ РАЙОН
18696143,Строительство автомобильных дорог,false,,27414000,883,x,920,,,,,,,x,957,4,Строительство автомобильных и железных дорог,АЛМАТИНСКАЯ ОБЛАСТЬ,ЕНБЕКШИКАЗАХСКИЙ РАЙОН
18946136,Строительство дорог и автомагистралей,true,,27414000,883,x,920,,,,,,,x,957,5,Строительство автомобильных дорог,АЛМАТИНСКАЯ ОБЛАСТЬ,ЕНБЕКШИКАЗАХСКИЙ РАЙОН
448165,Строительство распределительных инженерных сооружений,false,,x,883,x,920,x,846,x,1031,,,,,3,Гражданское строительство,АЛМАТИНСКАЯ ОБЛАСТЬ,ЕНБЕКШИКАЗАХСКИЙ РАЙОН
448166,Строительство трубопроводов,false,,,,,,,,x,1031,,,,,4,Строительство распределительных инженерных сооружений,АЛМАТИНСКАЯ ОБЛАСТЬ,ЕНБЕКШИКАЗАХСКИЙ РАЙОН
448168,Строительство трубопроводов для систем водоснабжения и канализации,true,,,,,,,,x,1031,,,,,5,Строительство трубопроводов,АЛМАТИНСКАЯ ОБЛАСТЬ,ЕНБЕКШИКАЗАХСКИЙ РАЙОН
448170,Строительство линий электропередач и телекоммуникаций ,false,,x,883,x,920,x,846,,,,,,,4,Строительство распределительных инженерных сооружений,АЛМАТИНСКАЯ ОБЛАСТЬ,ЕНБЕКШИКАЗАХСКИЙ РАЙОН
448171,Строительство линий электропередач и телекоммуникаций ,true,,x,883,x,920,x,846,,,,,,,5,Строительство линий электропередач и телекоммуникаций ,АЛМАТИНСКАЯ ОБЛАСТЬ,ЕНБЕКШИКАЗАХСКИЙ РАЙОН
448215,Оптовая и розничная торговля; ремонт автомобилей и мотоциклов,false,,43171000,883,2713656000,920,270746000,846,3238917000,1031,1065735000,994,1169929000,957,1,Всего,АЛМАТИНСКАЯ ОБЛАСТЬ,ЕНБЕКШИКАЗАХСКИЙ РАЙОН
448216,Оптовая и розничная торговля автомобилями и мотоциклами и их ремонт,false,,,,231760000,920,71892000,846,70560000,1031,100260000,994,467812000,957,2,Оптовая и розничная торговля; ремонт автомобилей и мотоциклов,АЛМАТИНСКАЯ ОБЛАСТЬ,ЕНБЕКШИКАЗАХСКИЙ РАЙОН
448224,Техническое обслуживание и ремонт автомобилей,false,,,,231760000,920,23052000,846,70560000,1031,,,467812000,957,3,Оптовая и розничная торговля автомобилями и мотоциклами и их ремонт,АЛМАТИНСКАЯ ОБЛАСТЬ,ЕНБЕКШИКАЗАХСКИЙ РАЙОН
448225,Техническое обслуживание и ремонт автомобилей,false,,,,231760000,920,23052000,846,70560000,1031,,,467812000,957,4,Техническое обслуживание и ремонт автомобилей,АЛМАТИНСКАЯ ОБЛАСТЬ,ЕНБЕКШИКАЗАХСКИЙ РАЙОН
448226,Техобслуживание и ремонт автотранспортных средств,true,,,,,,23052000,846,,,,,,,5,Техническое обслуживание и ремонт автомобилей,АЛМАТИНСКАЯ ОБЛАСТЬ,ЕНБЕКШИКАЗАХСКИЙ РАЙОН
20575904,"Техническое обслуживание и ремонт автомобилей, за исключением произведенных станциями технического обслуживания, находящимися на придорожной полосе",true,,,,22240000,920,,,70560000,1031,,,467812000,957,5,Техническое обслуживание и ремонт автомобилей,АЛМАТИНСКАЯ ОБЛАСТЬ,ЕНБЕКШИКАЗАХСКИЙ РАЙОН
20575905,"Техническое обслуживание и ремонт автомобилей станциями технического обслуживания, находящимися на придорожной полосе ",true,,,,209520000,920,,,,,,,,,5,Техническое обслуживание и ремонт автомобилей,АЛМАТИНСКАЯ ОБЛАСТЬ,ЕНБЕКШИКАЗАХСКИЙ РАЙОН
448227,"Торговля автомобильными деталями, узлами и принадлежностями",false,,,,,,48840000,846,,,100260000,994,,,3,Оптовая и розничная торговля автомобилями и мотоциклами и их ремонт,АЛМАТИНСКАЯ ОБЛАСТЬ,ЕНБЕКШИКАЗАХСКИЙ РАЙОН
448230,"Розничная торговля автомобильными деталями, узлами и принадлежностями",false,,,,,,48840000,846,,,100260000,994,,,4,"Торговля автомобильными деталями, узлами и принадлежностями",АЛМАТИНСКАЯ ОБЛАСТЬ,ЕНБЕКШИКАЗАХСКИЙ РАЙОН
18951438,"Розничная торговля автомобильными деталями, узлами и принадлежностями в торговых объектах с торговой площадью менее 2000 кв.м",true,,,,,,48840000,846,,,100260000,994,,,5,"Розничная торговля автомобильными деталями, узлами и принадлежностями",АЛМАТИНСКАЯ ОБЛАСТЬ,ЕНБЕКШИКАЗАХСКИЙ РАЙОН
448237,"Оптовая торговля, за исключением торговли автомобилями и мотоциклами",false,,10650000,883,859531000,920,1038000,846,317549000,1031,179749000,994,119480000,957,2,Оптовая и розничная торговля; ремонт автомобилей и мотоциклов,АЛМАТИНСКАЯ ОБЛАСТЬ,ЕНБЕКШИКАЗАХСКИЙ РАЙОН
448267,"Оптовая торговля продуктами питания, напитками и табачными изделиями",false,,,,x,920,,,196971000,1031,26613000,994,x,957,3,"Оптовая торговля, за исключением торговли автомобилями и мотоциклами",АЛМАТИНСКАЯ ОБЛАСТЬ,ЕНБЕКШИКАЗАХСКИЙ РАЙОН
448268,Оптовая торговля фруктами и овощами,false,,,,x,920,,,,,,,x,957,4,"Оптовая торговля продуктами питания, напитками и табачными изделиями",АЛМАТИНСКАЯ ОБЛАСТЬ,ЕНБЕКШИКАЗАХСКИЙ РАЙОН
448269,Оптовая торговля фруктами и овощами,true,,,,x,920,,,,,,,x,957,5,Оптовая торговля фруктами и овощами,АЛМАТИНСКАЯ ОБЛАСТЬ,ЕНБЕКШИКАЗАХСКИЙ РАЙОН
448270,Оптовая торговля мясом и мясными продуктами,false,,,,,,,,196971000,1031,26613000,994,,,4,"Оптовая торговля продуктами питания, напитками и табачными изделиями",АЛМАТИНСКАЯ ОБЛАСТЬ,ЕНБЕКШИКАЗАХСКИЙ РАЙОН
448271,Оптовая торговля мясом и мясными продуктами,true,,,,,,,,196971000,1031,26613000,994,,,5,Оптовая торговля мясом и мясными продуктами,АЛМАТИНСКАЯ ОБЛАСТЬ,ЕНБЕКШИКАЗАХСКИЙ РАЙОН
448287,Оптовая торговля непродовольственными товарами потребительского назначения,false,,,,73860000,920,,,x,1031,107274000,994,x,957,3,"Оптовая торговля, за исключением торговли автомобилями и мотоциклами",АЛМАТИНСКАЯ ОБЛАСТЬ,ЕНБЕКШИКАЗАХСКИЙ РАЙОН
448294,"Оптовая торговля бытовыми электротоварами, радио- и  телевизионным оборудованием",false,,,,,,,,x,1031,33810000,994,x,957,4,Оптовая торговля непродовольственными товарами потребительского назначения,АЛМАТИНСКАЯ ОБЛАСТЬ,ЕНБЕКШИКАЗАХСКИЙ РАЙОН
448295,Оптовая торговля бытовыми электротоварами,true,,,,,,,,x,1031,33810000,994,x,957,5,"Оптовая торговля бытовыми электротоварами, радио- и  телевизионным оборудованием",АЛМАТИНСКАЯ ОБЛАСТЬ,ЕНБЕКШИКАЗАХСКИЙ РАЙОН
448301,Оптовая торговля фармацевтическими товарами,false,,,,73860000,920,,,,,,,,,4,Оптовая торговля непродовольственными товарами потребительского назначения,АЛМАТИНСКАЯ ОБЛАСТЬ,ЕНБЕКШИКАЗАХСКИЙ РАЙОН
18946139,Оптовая реализация фармацевтических и медицинских товаров в рамках гарантированного объема бесплатной медицинской помощи,true,,,,73860000,920,,,,,,,,,5,Оптовая торговля фармацевтическими товарами,АЛМАТИНСКАЯ ОБЛАСТЬ,ЕНБЕКШИКАЗАХСКИЙ РАЙОН
448307,Оптовая торговля прочими непродовольственными товарами потребительского назначения,false,,,,,,,,,,x,994,,,4,Оптовая торговля непродовольственными товарами потребительского назначения,АЛМАТИНСКАЯ ОБЛАСТЬ,ЕНБЕКШИКАЗАХСКИЙ РАЙОН
448310,"Оптовая торговля прочими непродовольственными товарами потребительского назначения, не включенными в другие группировки",true,,,,,,,,,,x,994,,,5,Оптовая торговля прочими непродовольственными товарами потребительского назначения,АЛМАТИНСКАЯ ОБЛАСТЬ,ЕНБЕКШИКАЗАХСКИЙ РАЙОН
448331,Прочая специализированная оптовая торговля ,false,,,,,,x,846,88912000,1031,45862000,994,,,3,"Оптовая торговля, за исключением торговли автомобилями и мотоциклами",АЛМАТИНСКАЯ ОБЛАСТЬ,ЕНБЕКШИКАЗАХСКИЙ РАЙОН
448332,"Оптовая торговля твердым, жидким и газообразным топливом и подобными продуктами",false,,,,,,x,846,,,45360000,994,,,4,Прочая специализированная оптовая торговля ,АЛМАТИНСКАЯ ОБЛАСТЬ,ЕНБЕКШИКАЗАХСКИЙ РАЙОН
448338,Оптовая торговля автомобильным бензином,true,,,,,,,,,,45360000,994,,,5,"Оптовая торговля твердым, жидким и газообразным топливом и подобными продуктами",АЛМАТИНСКАЯ ОБЛАСТЬ,ЕНБЕКШИКАЗАХСКИЙ РАЙОН
448341,Оптовая торговля прочим топливом,true,,,,,,x,846,,,,,,,5,"Оптовая торговля твердым, жидким и газообразным топливом и подобными продуктами",АЛМАТИНСКАЯ ОБЛАСТЬ,ЕНБЕКШИКАЗАХСКИЙ РАЙОН
448347,"Оптовая торговля лесоматериалами, строительными материалами и санитарно-техническим оборудованием",false,,,,,,,,88912000,1031,502000,994,,,4,Прочая специализированная оптовая торговля ,АЛМАТИНСКАЯ ОБЛАСТЬ,ЕНБЕКШИКАЗАХСКИЙ РАЙОН
448349,"Оптовая торговля цементом, песком и гравием",true,,,,,,,,88912000,1031,502000,994,,,5,"Оптовая торговля лесоматериалами, строительными материалами и санитарно-техническим оборудованием",АЛМАТИНСКАЯ ОБЛАСТЬ,ЕНБЕКШИКАЗАХСКИЙ РАЙОН
448371,Неспециализированная оптовая торговля,false,,10650000,883,773391000,920,832000,846,,,,,,,3,"Оптовая торговля, за исключением торговли автомобилями и мотоциклами",АЛМАТИНСКАЯ ОБЛАСТЬ,ЕНБЕКШИКАЗАХСКИЙ РАЙОН
448372,Неспециализированная оптовая торговля,false,,10650000,883,773391000,920,832000,846,,,,,,,4,Неспециализированная оптовая торговля,АЛМАТИНСКАЯ ОБЛАСТЬ,ЕНБЕКШИКАЗАХСКИЙ РАЙОН
448376,Оптовая торговля широким ассортиментом товаров без какой-либо конкретизации,true,,10650000,883,773391000,920,832000,846,,,,,,,5,Неспециализированная оптовая торговля,АЛМАТИНСКАЯ ОБЛАСТЬ,ЕНБЕКШИКАЗАХСКИЙ РАЙОН
448377,"Розничная торговля, кроме торговли автомобилями и мотоциклами",false,,32521000,883,1622365000,920,197816000,846,2850808000,1031,785726000,994,582637000,957,2,Оптовая и розничная торговля; ремонт автомобилей и мотоциклов,АЛМАТИНСКАЯ ОБЛАСТЬ,ЕНБЕКШИКАЗАХСКИЙ РАЙОН
448378,Розничная торговля в неспециализированных магазинах,false,,x,883,302420000,920,164936000,846,2789417000,1031,772555000,994,405336000,957,3,"Розничная торговля, кроме торговли автомобилями и мотоциклами",АЛМАТИНСКАЯ ОБЛАСТЬ,ЕНБЕКШИКАЗАХСКИЙ РАЙОН
448379,"Розничная торговля в неспециализированных магазинах преимущественно продуктами питания, напитками и табачными изделиями",false,,,,188190000,920,127866000,846,2780892000,1031,751736000,994,402520000,957,4,Розничная торговля в неспециализированных магазинах,АЛМАТИНСКАЯ ОБЛАСТЬ,ЕНБЕКШИКАЗАХСКИЙ РАЙОН
3647934,"Розничная торговля преимущественно продуктами питания, напитками и табачными изделиями в неспециализированных магазинах, являющихся торговыми объектами, с торговой площадью менее 2000 кв.м ",true,,,,188190000,920,127866000,846,2365272000,1031,751736000,994,402520000,957,5,"Розничная торговля в неспециализированных магазинах преимущественно продуктами питания, напитками и табачными изделиями",АЛМАТИНСКАЯ ОБЛАСТЬ,ЕНБЕКШИКАЗАХСКИЙ РАЙОН
3647935,"Розничная торговля преимущественно продуктами питания, напитками и табачными изделиями, в неспециализированных магазинах, являющихся торговыми объектами, с торговой площадью более 2000 кв.м (2000 кв.м и выше)",true,,,,,,,,415620000,1031,,,,,5,"Розничная торговля в неспециализированных магазинах преимущественно продуктами питания, напитками и табачными изделиями",АЛМАТИНСКАЯ ОБЛАСТЬ,ЕНБЕКШИКАЗАХСКИЙ РАЙОН
448381,Прочая розничная торговля в неспециализированных магазинах,false,,x,883,114230000,920,37070000,846,8525000,1031,20819000,994,2816000,957,4,Розничная торговля в неспециализированных магазинах,АЛМАТИНСКАЯ ОБЛАСТЬ,ЕНБЕКШИКАЗАХСКИЙ РАЙОН
3647936,"Прочая розничная торговля в неспециализированных магазинах, являющихся торговыми объектами, с торговой площадью менее 2000 кв.м ",true,,x,883,114230000,920,37070000,846,8525000,1031,11838000,994,2816000,957,5,Прочая розничная торговля в неспециализированных магазинах,АЛМАТИНСКАЯ ОБЛАСТЬ,ЕНБЕКШИКАЗАХСКИЙ РАЙОН
3647937,"Прочая розничная торговля в неспециализированных магазинах, являющихся торговыми объектами, с торговой площадью более 2000 кв.м (2000 кв.м и выше)",true,,,,,,,,,,x,994,,,5,Прочая розничная торговля в неспециализированных магазинах,АЛМАТИНСКАЯ ОБЛАСТЬ,ЕНБЕКШИКАЗАХСКИЙ РАЙОН
448383,"Розничная торговля продуктами питания, напитками и табачными изделиями в специализированных магазинах",false,,,,,,,,,,,,31140000,957,3,"Розничная торговля, кроме торговли автомобилями и мотоциклами",АЛМАТИНСКАЯ ОБЛАСТЬ,ЕНБЕКШИКАЗАХСКИЙ РАЙОН
448397,Прочая розничная торговля продуктами питания в специализированных магазинах,false,,,,,,,,,,,,31140000,957,4,"Розничная торговля продуктами питания, напитками и табачными изделиями в специализированных магазинах",АЛМАТИНСКАЯ ОБЛАСТЬ,ЕНБЕКШИКАЗАХСКИЙ РАЙОН
3647950,"Прочая розничная торговля продуктами питания в специализированных магазинах, являющихся торговыми объектами, с торговой площадью менее 2000 кв.м",true,,,,,,,,,,,,31140000,957,5,Прочая розничная торговля продуктами питания в специализированных магазинах,АЛМАТИНСКАЯ ОБЛАСТЬ,ЕНБЕКШИКАЗАХСКИЙ РАЙОН
448399,Розничная торговля топливом в специализированных магазинах,false,,23828000,883,1045352000,920,32880000,846,61391000,1031,13171000,994,146050000,957,3,"Розничная торговля, кроме торговли автомобилями и мотоциклами",АЛМАТИНСКАЯ ОБЛАСТЬ,ЕНБЕКШИКАЗАХСКИЙ РАЙОН
448400,Розничная торговля топливом в специализированных магазинах,false,,23828000,883,1045352000,920,32880000,846,61391000,1031,13171000,994,146050000,957,4,Розничная торговля топливом в специализированных магазинах,АЛМАТИНСКАЯ ОБЛАСТЬ,ЕНБЕКШИКАЗАХСКИЙ РАЙОН
20576124,"Розничная торговля моторным топливом в специализированных магазинах, за исключением находящихся на придорожной полосе",true,,23828000,883,1045352000,920,,,61391000,1031,13171000,994,146050000,957,5,Розничная торговля топливом в специализированных магазинах,АЛМАТИНСКАЯ ОБЛАСТЬ,ЕНБЕКШИКАЗАХСКИЙ РАЙОН
18951442,Розничная торговля моторным топливом в специализированных магазинах,true,,,,,,32880000,846,,,,,,,5,Розничная торговля топливом в специализированных магазинах,АЛМАТИНСКАЯ ОБЛАСТЬ,ЕНБЕКШИКАЗАХСКИЙ РАЙОН
448409,Розничная торговля прочими бытовыми товарами в специализированных магазинах ,false,,1224000,883,x,920,,,,,,,,,3,"Розничная торговля, кроме торговли автомобилями и мотоциклами",АЛМАТИНСКАЯ ОБЛАСТЬ,ЕНБЕКШИКАЗАХСКИЙ РАЙОН
448416,Розничная торговля электрическими бытовыми приборами в специализированных магазинах,false,,1224000,883,x,920,,,,,,,,,4,Розничная торговля прочими бытовыми товарами в специализированных магазинах ,АЛМАТИНСКАЯ ОБЛАСТЬ,ЕНБЕКШИКАЗАХСКИЙ РАЙОН
3647962,"Розничная торговля электрическими бытовыми приборами в специализированных магазинах, являющихся торговыми объектами, с торговой площадью менее 2000 кв.м",true,,1224000,883,x,920,,,,,,,,,5,Розничная торговля электрическими бытовыми приборами в специализированных магазинах,АЛМАТИНСКАЯ ОБЛАСТЬ,ЕНБЕКШИКАЗАХСКИЙ РАЙОН
448422,Розничная торговля товарами культурно-развлекательного характера в специализированных магазинах,false,,,,121600000,920,,,,,,,,,3,"Розничная торговля, кроме торговли автомобилями и мотоциклами",АЛМАТИНСКАЯ ОБЛАСТЬ,ЕНБЕКШИКАЗАХСКИЙ РАЙОН
448423,Розничная торговля книгами в специализированных магазинах,false,,,,121600000,920,,,,,,,,,4,Розничная торговля товарами культурно-развлекательного характера в специализированных магазинах,АЛМАТИНСКАЯ ОБЛАСТЬ,ЕНБЕКШИКАЗАХСКИЙ РАЙОН
3647967,"Розничная торговля книгами в специализированных магазинах, являющихся торговыми объектами, с торговой площадью менее 2000 кв.м",true,,,,121600000,920,,,,,,,,,5,Розничная торговля книгами в специализированных магазинах,АЛМАТИНСКАЯ ОБЛАСТЬ,ЕНБЕКШИКАЗАХСКИЙ РАЙОН
448433,Розничная торговля прочими товарами в специализированных магазинах,false,,,,x,920,,,,,,,x,957,3,"Розничная торговля, кроме торговли автомобилями и мотоциклами",АЛМАТИНСКАЯ ОБЛАСТЬ,ЕНБЕКШИКАЗАХСКИЙ РАЙОН
448437,Розничная торговля обувью и кожаными изделиями в специализированных магазинах,false,,,,x,920,,,,,,,x,957,4,Розничная торговля прочими товарами в специализированных магазинах,АЛМАТИНСКАЯ ОБЛАСТЬ,ЕНБЕКШИКАЗАХСКИЙ РАЙОН
448438,"Розничная торговля обувью в специализированных магазинах, являющихся торговыми объектами, с торговой площадью менее 2000 кв.м",true,,,,x,920,,,,,,,x,957,5,Розничная торговля обувью и кожаными изделиями в специализированных магазинах,АЛМАТИНСКАЯ ОБЛАСТЬ,ЕНБЕКШИКАЗАХСКИЙ РАЙОН
448458,"Розничная торговля в палатках, киосках и на рынках",false,,,,152000000,920,,,,,,,,,3,"Розничная торговля, кроме торговли автомобилями и мотоциклами",АЛМАТИНСКАЯ ОБЛАСТЬ,ЕНБЕКШИКАЗАХСКИЙ РАЙОН
448459,"Розничная торговля продуктами питания, напитками и табачными изделиями в торговых палатках, киосках и на рынках",false,,,,152000000,920,,,,,,,,,4,"Розничная торговля в палатках, киосках и на рынках",АЛМАТИНСКАЯ ОБЛАСТЬ,ЕНБЕКШИКАЗАХСКИЙ РАЙОН
448460,"Розничная торговля продуктами питания, напитками и табачными изделиями в торговых палатках, ларьках и киосках",true,,,,152000000,920,,,,,,,,,5,"Розничная торговля продуктами питания, напитками и табачными изделиями в торговых палатках, киосках и на рынках",АЛМАТИНСКАЯ ОБЛАСТЬ,ЕНБЕКШИКАЗАХСКИЙ РАЙОН
448475,Транспорт и складирование,false,,2102310000,883,2240484000,920,3329869000,846,4693059000,1031,869916000,994,2595371000,957,1,Всего,АЛМАТИНСКАЯ ОБЛАСТЬ,ЕНБЕКШИКАЗАХСКИЙ РАЙОН
448476,Деятельность сухопутного и трубопроводного транспорта ,false,,1114828000,883,x,920,278573000,846,2148000,1031,116331000,994,53213000,957,2,Транспорт и складирование,АЛМАТИНСКАЯ ОБЛАСТЬ,ЕНБЕКШИКАЗАХСКИЙ РАЙОН
448477,Деятельность пассажирского железнодорожного транспорта в междугородном сообщении,false,,,,,,,,,,115860000,994,x,957,3,Деятельность сухопутного и трубопроводного транспорта ,АЛМАТИНСКАЯ ОБЛАСТЬ,ЕНБЕКШИКАЗАХСКИЙ РАЙОН
448478,Деятельность пассажирского железнодорожного транспорта в междугородном сообщении,false,,,,,,,,,,115860000,994,x,957,4,Деятельность пассажирского железнодорожного транспорта в междугородном сообщении,АЛМАТИНСКАЯ ОБЛАСТЬ,ЕНБЕКШИКАЗАХСКИЙ РАЙОН
448479,Деятельность пассажирского железнодорожного транспорта в междугородном сообщении,true,,,,,,,,,,115860000,994,x,957,5,Деятельность пассажирского железнодорожного транспорта в междугородном сообщении,АЛМАТИНСКАЯ ОБЛАСТЬ,ЕНБЕКШИКАЗАХСКИЙ РАЙОН
448483,Деятельность прочего пассажирского сухопутного транспорта,false,,,,,,,,x,1031,,,,,3,Деятельность сухопутного и трубопроводного транспорта ,АЛМАТИНСКАЯ ОБЛАСТЬ,ЕНБЕКШИКАЗАХСКИЙ РАЙОН
448484,Деятельность сухопутного транспорта по городским и пригородным пассажирским перевозкам,false,,,,,,,,x,1031,,,,,4,Деятельность прочего пассажирского сухопутного транспорта,АЛМАТИНСКАЯ ОБЛАСТЬ,ЕНБЕКШИКАЗАХСКИЙ РАЙОН
448485,Перевозки автобусами,true,,,,,,,,x,1031,,,,,5,Деятельность сухопутного транспорта по городским и пригородным пассажирским перевозкам,АЛМАТИНСКАЯ ОБЛАСТЬ,ЕНБЕКШИКАЗАХСКИЙ РАЙОН
448494,Деятельность грузового автомобильного транспорта и предоставление услуг по переезду ,false,,624799000,883,,,278573000,846,,,,,,,3,Деятельность сухопутного и трубопроводного транспорта ,АЛМАТИНСКАЯ ОБЛАСТЬ,ЕНБЕКШИКАЗАХСКИЙ РАЙОН
448495,Деятельность грузового автомобильного транспорта,false,,624799000,883,,,278573000,846,,,,,,,4,Деятельность грузового автомобильного транспорта и предоставление услуг по переезду ,АЛМАТИНСКАЯ ОБЛАСТЬ,ЕНБЕКШИКАЗАХСКИЙ РАЙОН
448496,Деятельность грузового автомобильного транспорта,true,,624799000,883,,,278573000,846,,,,,,,5,Деятельность грузового автомобильного транспорта,АЛМАТИНСКАЯ ОБЛАСТЬ,ЕНБЕКШИКАЗАХСКИЙ РАЙОН
448499,Деятельность трубопроводного транспорта,false,,x,883,x,920,,,1148000,1031,471000,994,36173000,957,3,Деятельность сухопутного и трубопроводного транспорта ,АЛМАТИНСКАЯ ОБЛАСТЬ,ЕНБЕКШИКАЗАХСКИЙ РАЙОН
448500,Деятельность трубопроводного транспорта,false,,x,883,x,920,,,1148000,1031,471000,994,36173000,957,4,Деятельность трубопроводного транспорта,АЛМАТИНСКАЯ ОБЛАСТЬ,ЕНБЕКШИКАЗАХСКИЙ РАЙОН
448501,Деятельность трубопроводного транспорта,true,,x,883,x,920,,,1148000,1031,471000,994,36173000,957,5,Деятельность трубопроводного транспорта,АЛМАТИНСКАЯ ОБЛАСТЬ,ЕНБЕКШИКАЗАХСКИЙ РАЙОН
448527,Складирование грузов и вспомогательная транспортная деятельность,false,,987482000,883,1925839000,920,3051296000,846,4690911000,1031,753585000,994,2542158000,957,2,Транспорт и складирование,АЛМАТИНСКАЯ ОБЛАСТЬ,ЕНБЕКШИКАЗАХСКИЙ РАЙОН
448528,Складирование и хранение грузов,false,,,,295360000,920,1741518000,846,91180000,1031,,,x,957,3,Складирование грузов и вспомогательная транспортная деятельность,АЛМАТИНСКАЯ ОБЛАСТЬ,ЕНБЕКШИКАЗАХСКИЙ РАЙОН
448529,Складирование и хранение грузов,false,,,,295360000,920,1741518000,846,91180000,1031,,,x,957,4,Складирование и хранение грузов,АЛМАТИНСКАЯ ОБЛАСТЬ,ЕНБЕКШИКАЗАХСКИЙ РАЙОН
448530,Складирование и хранение зерна,true,,,,,,20475000,846,,,,,x,957,5,Складирование и хранение грузов,АЛМАТИНСКАЯ ОБЛАСТЬ,ЕНБЕКШИКАЗАХСКИЙ РАЙОН
448531,"Складирование и хранение непродовольственных товаров, кроме зерна и нефти",true,,,,x,920,,,,,,,,,5,Складирование и хранение грузов,АЛМАТИНСКАЯ ОБЛАСТЬ,ЕНБЕКШИКАЗАХСКИЙ РАЙОН
448532,Складирование и хранение продовольственных товаров,true,,,,,,1721043000,846,,,,,,,5,Складирование и хранение грузов,АЛМАТИНСКАЯ ОБЛАСТЬ,ЕНБЕКШИКАЗАХСКИЙ РАЙОН
20576309,Складирование и хранение овощей и фруктов,true,,,,283860000,920,,,,,,,,,5,Складирование и хранение грузов,АЛМАТИНСКАЯ ОБЛАСТЬ,ЕНБЕКШИКАЗАХСКИЙ РАЙОН
448533,Вспомогательная транспортная деятельность,false,,987482000,883,1630479000,920,1309778000,846,4599731000,1031,753585000,994,2498845000,957,3,Складирование грузов и вспомогательная транспортная деятельность,АЛМАТИНСКАЯ ОБЛАСТЬ,ЕНБЕКШИКАЗАХСКИЙ РАЙОН
448534,Вспомогательная деятельность сухопутного транспорта,false,,987482000,883,1575100000,920,1309778000,846,4599731000,1031,753585000,994,2498845000,957,4,Вспомогательная транспортная деятельность,АЛМАТИНСКАЯ ОБЛАСТЬ,ЕНБЕКШИКАЗАХСКИЙ РАЙОН
448535,Эксплуатация железных дорог,true,,,,,,,,201720000,1031,,,,,5,Вспомогательная деятельность сухопутного транспорта,АЛМАТИНСКАЯ ОБЛАСТЬ,ЕНБЕКШИКАЗАХСКИЙ РАЙОН
448536,Эксплуатация автомобильных дорог,true,,987482000,883,1575100000,920,1309778000,846,4398011000,1031,753585000,994,2498845000,957,5,Вспомогательная деятельность сухопутного транспорта,АЛМАТИНСКАЯ ОБЛАСТЬ,ЕНБЕКШИКАЗАХСКИЙ РАЙОН
448547,Прочая вспомогательная транспортная деятельность,false,,,,x,920,,,,,,,,,4,Вспомогательная транспортная деятельность,АЛМАТИНСКАЯ ОБЛАСТЬ,ЕНБЕКШИКАЗАХСКИЙ РАЙОН
448550,Прочая транспортно-экспедиционная деятельность,true,,,,x,920,,,,,,,,,5,Прочая вспомогательная транспортная деятельность,АЛМАТИНСКАЯ ОБЛАСТЬ,ЕНБЕКШИКАЗАХСКИЙ РАЙОН
448558,Предоставление услуг по проживанию и питанию,false,,8978000,883,2056393000,920,1757932000,846,1597904000,1031,878521000,994,x,957,1,Всего,АЛМАТИНСКАЯ ОБЛАСТЬ,ЕНБЕКШИКАЗАХСКИЙ РАЙОН
3783427,Предоставление услуг по временному проживанию,false,,3178000,883,1860913000,920,7576000,846,654524000,1031,74087000,994,x,957,2,Предоставление услуг по проживанию и питанию,АЛМАТИНСКАЯ ОБЛАСТЬ,ЕНБЕКШИКАЗАХСКИЙ РАЙОН
3783432,Предоставление жилья на выходные дни и прочие периоды краткосрочного проживания,false,,,,305460000,920,,,654524000,1031,,,,,3,Предоставление услуг по временному проживанию,АЛМАТИНСКАЯ ОБЛАСТЬ,ЕНБЕКШИКАЗАХСКИЙ РАЙОН
3783433,Предоставление жилья на выходные дни и прочие периоды краткосрочного проживания,false,,,,305460000,920,,,654524000,1031,,,,,4,Предоставление жилья на выходные дни и прочие периоды краткосрочного проживания,АЛМАТИНСКАЯ ОБЛАСТЬ,ЕНБЕКШИКАЗАХСКИЙ РАЙОН
3783434,Предоставление жилья на выходные дни и прочие периоды краткосрочного проживания,true,,,,305460000,920,,,654524000,1031,,,,,5,Предоставление жилья на выходные дни и прочие периоды краткосрочного проживания,АЛМАТИНСКАЯ ОБЛАСТЬ,ЕНБЕКШИКАЗАХСКИЙ РАЙОН
3783435,"Предоставление услуг кемпингами, стоянками для автофургонов и автоприцепов для жилья ",false,,,,,,,,,,x,994,,,3,Предоставление услуг по временному проживанию,АЛМАТИНСКАЯ ОБЛАСТЬ,ЕНБЕКШИКАЗАХСКИЙ РАЙОН
3783436,"Предоставление услуг кемпингами, стоянками для автофургонов и автоприцепов для жилья ",false,,,,,,,,,,x,994,,,4,"Предоставление услуг кемпингами, стоянками для автофургонов и автоприцепов для жилья ",АЛМАТИНСКАЯ ОБЛАСТЬ,ЕНБЕКШИКАЗАХСКИЙ РАЙОН
20576352,"Предоставление услуг кемпингами, стоянками для автофургонов и автоприцепов для жилья, находящимися на придорожной полосе",true,,,,,,,,,,x,994,,,5,"Предоставление услуг кемпингами, стоянками для автофургонов и автоприцепов для жилья ",АЛМАТИНСКАЯ ОБЛАСТЬ,ЕНБЕКШИКАЗАХСКИЙ РАЙОН
3783441,Предоставление услуг прочими местами для проживания,false,,3178000,883,x,920,7576000,846,,,6155000,994,x,957,3,Предоставление услуг по временному проживанию,АЛМАТИНСКАЯ ОБЛАСТЬ,ЕНБЕКШИКАЗАХСКИЙ РАЙОН
3783442,Предоставление услуг прочими местами для проживания,false,,3178000,883,x,920,7576000,846,,,6155000,994,x,957,4,Предоставление услуг прочими местами для проживания,АЛМАТИНСКАЯ ОБЛАСТЬ,ЕНБЕКШИКАЗАХСКИЙ РАЙОН
3783443,Услуги в других видах жилья,true,,,,,,7576000,846,,,,,,,5,Предоставление услуг прочими местами для проживания,АЛМАТИНСКАЯ ОБЛАСТЬ,ЕНБЕКШИКАЗАХСКИЙ РАЙОН
20576356,Предоставление услуг студенческими общежитиями ,true,,3178000,883,,,,,,,,,,,5,Предоставление услуг прочими местами для проживания,АЛМАТИНСКАЯ ОБЛАСТЬ,ЕНБЕКШИКАЗАХСКИЙ РАЙОН
20576357,"Предоставление услуг прочими местами для проживания, не включенными в другие категории",true,,,,x,920,,,,,6155000,994,x,957,5,Предоставление услуг прочими местами для проживания,АЛМАТИНСКАЯ ОБЛАСТЬ,ЕНБЕКШИКАЗАХСКИЙ РАЙОН
448573,Предоставление услуг по обеспечению питанием и напитками,false,,x,883,195480000,920,1750356000,846,943380000,1031,804434000,994,,,2,Предоставление услуг по проживанию и питанию,АЛМАТИНСКАЯ ОБЛАСТЬ,ЕНБЕКШИКАЗАХСКИЙ РАЙОН
448574,Деятельность ресторанов и предоставление услуг по доставке продуктов питания,false,,x,883,195480000,920,1541033000,846,943380000,1031,708174000,994,,,3,Предоставление услуг по обеспечению питанием и напитками,АЛМАТИНСКАЯ ОБЛАСТЬ,ЕНБЕКШИКАЗАХСКИЙ РАЙОН
448575,Деятельность ресторанов и предоставление услуг по доставке продуктов питания,false,,x,883,195480000,920,1541033000,846,943380000,1031,708174000,994,,,4,Деятельность ресторанов и предоставление услуг по доставке продуктов питания,АЛМАТИНСКАЯ ОБЛАСТЬ,ЕНБЕКШИКАЗАХСКИЙ РАЙОН
448576,Рестораны и услуги по доставке продуктов питания,true,,,,,,1541033000,846,,,,,,,5,Деятельность ресторанов и предоставление услуг по доставке продуктов питания,АЛМАТИНСКАЯ ОБЛАСТЬ,ЕНБЕКШИКАЗАХСКИЙ РАЙОН
20576362,"Деятельность ресторанов и предоставление услуг по доставке продуктов питания, за исключением деятельности объектов, находящихся на придорожной полосе",true,,,,,,,,487440000,1031,708174000,994,,,5,Деятельность ресторанов и предоставление услуг по доставке продуктов питания,АЛМАТИНСКАЯ ОБЛАСТЬ,ЕНБЕКШИКАЗАХСКИЙ РАЙОН
20576361,"Деятельность ресторанов и предоставление услуг по доставке продуктов питания объектами, находящимися на придорожной полосе",true,,x,883,195480000,920,,,455940000,1031,,,,,5,Деятельность ресторанов и предоставление услуг по доставке продуктов питания,АЛМАТИНСКАЯ ОБЛАСТЬ,ЕНБЕКШИКАЗАХСКИЙ РАЙОН
448577,Доставка готовой пищи на заказ и прочая деятельность по обеспечению питанием,false,,,,,,84840000,846,,,96260000,994,,,3,Предоставление услуг по обеспечению питанием и напитками,АЛМАТИНСКАЯ ОБЛАСТЬ,ЕНБЕКШИКАЗАХСКИЙ РАЙОН
448580,Прочая деятельность по обеспечению питанием,false,,,,,,84840000,846,,,96260000,994,,,4,Доставка готовой пищи на заказ и прочая деятельность по обеспечению питанием,АЛМАТИНСКАЯ ОБЛАСТЬ,ЕНБЕКШИКАЗАХСКИЙ РАЙОН
18951444,Прочие виды организации питания вне населенных пунктов,true,,,,,,84840000,846,,,96260000,994,,,5,Прочая деятельность по обеспечению питанием,АЛМАТИНСКАЯ ОБЛАСТЬ,ЕНБЕКШИКАЗАХСКИЙ РАЙОН
448582,Подача напитков,false,,,,,,124483000,846,,,,,,,3,Предоставление услуг по обеспечению питанием и напитками,АЛМАТИНСКАЯ ОБЛАСТЬ,ЕНБЕКШИКАЗАХСКИЙ РАЙОН
448583,Подача напитков,false,,,,,,124483000,846,,,,,,,4,Подача напитков,АЛМАТИНСКАЯ ОБЛАСТЬ,ЕНБЕКШИКАЗАХСКИЙ РАЙОН
448584,Подача напитков,true,,,,,,124483000,846,,,,,,,5,Подача напитков,АЛМАТИНСКАЯ ОБЛАСТЬ,ЕНБЕКШИКАЗАХСКИЙ РАЙОН
448585,Информация и связь,false,,412984000,883,42526000,920,133291000,846,25981000,1031,x,994,15494000,957,1,Всего,АЛМАТИНСКАЯ ОБЛАСТЬ,ЕНБЕКШИКАЗАХСКИЙ РАЙОН
448623,Телекоммуникации,false,,412984000,883,42526000,920,133291000,846,25981000,1031,x,994,15494000,957,2,Информация и связь,АЛМАТИНСКАЯ ОБЛАСТЬ,ЕНБЕКШИКАЗАХСКИЙ РАЙОН
18696628,Проводная телекоммуникационная связь,false,,,,,,,,22981000,1031,,,,,3,Телекоммуникации,АЛМАТИНСКАЯ ОБЛАСТЬ,ЕНБЕКШИКАЗАХСКИЙ РАЙОН
18696629,Проводная телекоммуникационная связь,false,,,,,,,,22981000,1031,,,,,4,Проводная телекоммуникационная связь,АЛМАТИНСКАЯ ОБЛАСТЬ,ЕНБЕКШИКАЗАХСКИЙ РАЙОН
18946146,Прочая проводная телекоммуникационная связь,true,,,,,,,,22981000,1031,,,,,5,Проводная телекоммуникационная связь,АЛМАТИНСКАЯ ОБЛАСТЬ,ЕНБЕКШИКАЗАХСКИЙ РАЙОН
448627,Беспроводная телекоммуникационная связь,false,,362981000,883,x,920,108717000,846,x,1031,,,15494000,957,3,Телекоммуникации,АЛМАТИНСКАЯ ОБЛАСТЬ,ЕНБЕКШИКАЗАХСКИЙ РАЙОН
448628,Беспроводная телекоммуникационная связь,false,,362981000,883,x,920,108717000,846,x,1031,,,15494000,957,4,Беспроводная телекоммуникационная связь,АЛМАТИНСКАЯ ОБЛАСТЬ,ЕНБЕКШИКАЗАХСКИЙ РАЙОН
18946147,Беспроводная телекоммуникационная связь посредством единой транспортной среды,true,,x,883,x,920,x,846,,,,,,,5,Беспроводная телекоммуникационная связь,АЛМАТИНСКАЯ ОБЛАСТЬ,ЕНБЕКШИКАЗАХСКИЙ РАЙОН
18946149,Прочая беспроводная телекоммуникационная связь,true,,351848000,883,,,98435000,846,x,1031,,,15494000,957,5,Беспроводная телекоммуникационная связь,АЛМАТИНСКАЯ ОБЛАСТЬ,ЕНБЕКШИКАЗАХСКИЙ РАЙОН
448633,Прочая деятельность в области телекоммуникаций,false,,x,883,x,920,24574000,846,,,x,994,,,3,Телекоммуникации,АЛМАТИНСКАЯ ОБЛАСТЬ,ЕНБЕКШИКАЗАХСКИЙ РАЙОН
448634,Прочая деятельность в области телекоммуникаций,false,,x,883,x,920,24574000,846,,,x,994,,,4,Прочая деятельность в области телекоммуникаций,АЛМАТИНСКАЯ ОБЛАСТЬ,ЕНБЕКШИКАЗАХСКИЙ РАЙОН
18946154,"Прочая деятельность в области телекоммуникаций, не включенная в другие группировки",true,,x,883,x,920,24574000,846,,,x,994,,,5,Прочая деятельность в области телекоммуникаций,АЛМАТИНСКАЯ ОБЛАСТЬ,ЕНБЕКШИКАЗАХСКИЙ РАЙОН
448658,Финансовая и страховая деятельность,false,,763000,883,3470000,920,x,846,9987000,1031,19234000,994,694205000,957,1,Всего,АЛМАТИНСКАЯ ОБЛАСТЬ,ЕНБЕКШИКАЗАХСКИЙ РАЙОН
448659,"Финансовое посредничество, кроме страхования и пенсионного обеспечения",false,,763000,883,3470000,920,x,846,9987000,1031,19234000,994,694205000,957,2,Финансовая и страховая деятельность,АЛМАТИНСКАЯ ОБЛАСТЬ,ЕНБЕКШИКАЗАХСКИЙ РАЙОН
448660,Денежное посредничество,false,,x,883,,,,,,,,,,,3,"Финансовое посредничество, кроме страхования и пенсионного обеспечения",АЛМАТИНСКАЯ ОБЛАСТЬ,ЕНБЕКШИКАЗАХСКИЙ РАЙОН
448663,Прочее денежное посредничество,false,,x,883,,,,,,,,,,,4,Денежное посредничество,АЛМАТИНСКАЯ ОБЛАСТЬ,ЕНБЕКШИКАЗАХСКИЙ РАЙОН
448666,Денежное посредничество прочих финансовых учреждений,true,,x,883,,,,,,,,,,,5,Прочее денежное посредничество,АЛМАТИНСКАЯ ОБЛАСТЬ,ЕНБЕКШИКАЗАХСКИЙ РАЙОН
448673,"Прочее финансовое посредничество, кроме страхования и пенсионного обеспечения",false,,160000,883,3470000,920,x,846,9987000,1031,19234000,994,694205000,957,3,"Финансовое посредничество, кроме страхования и пенсионного обеспечения",АЛМАТИНСКАЯ ОБЛАСТЬ,ЕНБЕКШИКАЗАХСКИЙ РАЙОН
448676,Прочие виды кредитования,false,,160000,883,1793000,920,x,846,1832000,1031,8053000,994,245000,957,4,"Прочее финансовое посредничество, кроме страхования и пенсионного обеспечения",АЛМАТИНСКАЯ ОБЛАСТЬ,ЕНБЕКШИКАЗАХСКИЙ РАЙОН
448677,Деятельность ломбардов,true,,160000,883,1793000,920,x,846,455000,1031,8053000,994,245000,957,5,Прочие виды кредитования,АЛМАТИНСКАЯ ОБЛАСТЬ,ЕНБЕКШИКАЗАХСКИЙ РАЙОН
448678,"Прочие виды кредитования, не включенные в другие группировки",true,,,,,,,,1377000,1031,,,,,5,Прочие виды кредитования,АЛМАТИНСКАЯ ОБЛАСТЬ,ЕНБЕКШИКАЗАХСКИЙ РАЙОН
448679,"Прочее финансовое посредничество, кроме страхования и пенсионного обеспечения, не включенное в другие группировки",false,,,,x,920,,,x,1031,x,994,693960000,957,4,"Прочее финансовое посредничество, кроме страхования и пенсионного обеспечения",АЛМАТИНСКАЯ ОБЛАСТЬ,ЕНБЕКШИКАЗАХСКИЙ РАЙОН
18946169,"Другие финансовые услуги, финансирование в различных отраслях экономики, инвестиционная деятельность",true,,,,x,920,,,x,1031,x,994,693960000,957,5,"Прочее финансовое посредничество, кроме страхования и пенсионного обеспечения, не включенное в другие группировки",АЛМАТИНСКАЯ ОБЛАСТЬ,ЕНБЕКШИКАЗАХСКИЙ РАЙОН
448714,Операции с недвижимым имуществом,false,,7136209000,883,8118558000,920,6917470000,846,15282019000,1031,15338924000,994,11782815000,957,1,Всего,АЛМАТИНСКАЯ ОБЛАСТЬ,ЕНБЕКШИКАЗАХСКИЙ РАЙОН
448715,Операции с недвижимым имуществом,false,,7136209000,883,8118558000,920,6917470000,846,15282019000,1031,15338924000,994,11782815000,957,2,Операции с недвижимым имуществом,АЛМАТИНСКАЯ ОБЛАСТЬ,ЕНБЕКШИКАЗАХСКИЙ РАЙОН
448716,Покупка и продажа собственного недвижимого имущества ,false,,7134136000,883,8118365000,920,6916763000,846,14782142000,1031,15315277000,994,11782685000,957,3,Операции с недвижимым имуществом,АЛМАТИНСКАЯ ОБЛАСТЬ,ЕНБЕКШИКАЗАХСКИЙ РАЙОН
448717,Покупка и продажа собственного недвижимого имущества ,false,,7134136000,883,8118365000,920,6916763000,846,14782142000,1031,15315277000,994,11782685000,957,4,Покупка и продажа собственного недвижимого имущества ,АЛМАТИНСКАЯ ОБЛАСТЬ,ЕНБЕКШИКАЗАХСКИЙ РАЙОН
543091,Покупка и продажа многоквартирных и жилых домов (особняков),true,,7132967000,883,8085747000,920,6916763000,846,14782142000,1031,15307380000,994,11654416000,957,5,Покупка и продажа собственного недвижимого имущества ,АЛМАТИНСКАЯ ОБЛАСТЬ,ЕНБЕКШИКАЗАХСКИЙ РАЙОН
543092,Покупка и продажа прочей недвижимости,true,,x,883,32618000,920,,,,,7897000,994,128269000,957,5,Покупка и продажа собственного недвижимого имущества ,АЛМАТИНСКАЯ ОБЛАСТЬ,ЕНБЕКШИКАЗАХСКИЙ РАЙОН
448719,Аренда и управление собственной или арендуемой недвижимостью,false,,2073000,883,193000,920,707000,846,499877000,1031,23647000,994,130000,957,3,Операции с недвижимым имуществом,АЛМАТИНСКАЯ ОБЛАСТЬ,ЕНБЕКШИКАЗАХСКИЙ РАЙОН
448720,Аренда и управление собственной или арендуемой недвижимостью,false,,2073000,883,193000,920,707000,846,499877000,1031,23647000,994,130000,957,4,Аренда и управление собственной или арендуемой недвижимостью,АЛМАТИНСКАЯ ОБЛАСТЬ,ЕНБЕКШИКАЗАХСКИЙ РАЙОН
18946171,Аренда и управление собственной недвижимостью,true,,979000,883,x,920,,,,,23647000,994,x,957,5,Аренда и управление собственной или арендуемой недвижимостью,АЛМАТИНСКАЯ ОБЛАСТЬ,ЕНБЕКШИКАЗАХСКИЙ РАЙОН
18951451,Аренда (субаренда) и эксплуатация арендуемой недвижимости,true,,x,883,x,920,707000,846,,,,,x,957,5,Аренда и управление собственной или арендуемой недвижимостью,АЛМАТИНСКАЯ ОБЛАСТЬ,ЕНБЕКШИКАЗАХСКИЙ РАЙОН
448728,"Профессиональная, научная и техническая деятельность",false,,362000,883,4678000,920,,,,,2379000,994,x,957,1,Всего,АЛМАТИНСКАЯ ОБЛАСТЬ,ЕНБЕКШИКАЗАХСКИЙ РАЙОН
448738,Деятельность головных компаний; консультирование по вопросам управления ,false,,x,883,x,920,,,,,1779000,994,,,2,"Профессиональная, научная и техническая деятельность",АЛМАТИНСКАЯ ОБЛАСТЬ,ЕНБЕКШИКАЗАХСКИЙ РАЙОН
448739,Деятельность головных компаний,false,,x,883,x,920,,,,,1779000,994,,,3,Деятельность головных компаний; консультирование по вопросам управления ,АЛМАТИНСКАЯ ОБЛАСТЬ,ЕНБЕКШИКАЗАХСКИЙ РАЙОН
448740,Деятельность головных компаний,false,,x,883,x,920,,,,,1779000,994,,,4,Деятельность головных компаний,АЛМАТИНСКАЯ ОБЛАСТЬ,ЕНБЕКШИКАЗАХСКИЙ РАЙОН
18946176,Деятельность прочих головных компаний,true,,x,883,x,920,,,,,1779000,994,,,5,Деятельность головных компаний,АЛМАТИНСКАЯ ОБЛАСТЬ,ЕНБЕКШИКАЗАХСКИЙ РАЙОН
448747,"Деятельность в области архитектуры, инженерных изысканий, технических испытаний и анализа",false,,x,883,3298000,920,,,,,x,994,x,957,2,"Профессиональная, научная и техническая деятельность",АЛМАТИНСКАЯ ОБЛАСТЬ,ЕНБЕКШИКАЗАХСКИЙ РАЙОН
448748,"Деятельность в области архитектуры, инженерных изысканий и предоставление технических консультаций в этих областях",false,,x,883,3298000,920,,,,,x,994,x,957,3,"Деятельность в области архитектуры, инженерных изысканий, технических испытаний и анализа",АЛМАТИНСКАЯ ОБЛАСТЬ,ЕНБЕКШИКАЗАХСКИЙ РАЙОН
448751,Деятельность в области инженерных изысканий и предоставление технических консультаций в этой области,false,,x,883,3298000,920,,,,,x,994,x,957,4,"Деятельность в области архитектуры, инженерных изысканий и предоставление технических консультаций в этих областях",АЛМАТИНСКАЯ ОБЛАСТЬ,ЕНБЕКШИКАЗАХСКИЙ РАЙОН
18951463,"Деятельность в области инженерно-технического проектирования, за исключением объектов атомной промышленности и атомной энергетики",true,,x,883,x,920,,,,,,,,,5,Деятельность в области инженерных изысканий и предоставление технических консультаций в этой области,АЛМАТИНСКАЯ ОБЛАСТЬ,ЕНБЕКШИКАЗАХСКИЙ РАЙОН
448753,Деятельность по проведению геологической разведки и изысканий (без научных исследований и разработок),true,,,,,,,,,,x,994,x,957,5,Деятельность в области инженерных изысканий и предоставление технических консультаций в этой области,АЛМАТИНСКАЯ ОБЛАСТЬ,ЕНБЕКШИКАЗАХСКИЙ РАЙОН
20577250,Деятельность по предоставление инженерно-технических консультаций,true,,,,x,920,,,,,,,,,5,Деятельность в области инженерных изысканий и предоставление технических консультаций в этой области,АЛМАТИНСКАЯ ОБЛАСТЬ,ЕНБЕКШИКАЗАХСКИЙ РАЙОН
448797,Деятельность в области административного и вспомогательного обслуживания,false,,,,417778000,920,,,,,101175000,994,199429000,957,1,Всего,АЛМАТИНСКАЯ ОБЛАСТЬ,ЕНБЕКШИКАЗАХСКИЙ РАЙОН
448798,"Аренда, прокат и лизинг",false,,,,,,,,,,x,994,x,957,2,Деятельность в области административного и вспомогательного обслуживания,АЛМАТИНСКАЯ ОБЛАСТЬ,ЕНБЕКШИКАЗАХСКИЙ РАЙОН
448799,Аренда и лизинг автомобилей ,false,,,,,,,,,,,,x,957,3,"Аренда, прокат и лизинг",АЛМАТИНСКАЯ ОБЛАСТЬ,ЕНБЕКШИКАЗАХСКИЙ РАЙОН
448800,Аренда и лизинг легковых автомобилей и легких автотранспортных средств,false,,,,,,,,,,,,x,957,4,Аренда и лизинг автомобилей ,АЛМАТИНСКАЯ ОБЛАСТЬ,ЕНБЕКШИКАЗАХСКИЙ РАЙОН
543075,Аренда легковых автомобилей и легких автотранспортных средств,true,,,,,,,,,,,,x,957,5,Аренда и лизинг легковых автомобилей и легких автотранспортных средств,АЛМАТИНСКАЯ ОБЛАСТЬ,ЕНБЕКШИКАЗАХСКИЙ РАЙОН
448811,"Аренда и лизинг прочих машин, оборудования и материальных активов",false,,,,,,,,,,x,994,,,3,"Аренда, прокат и лизинг",АЛМАТИНСКАЯ ОБЛАСТЬ,ЕНБЕКШИКАЗАХСКИЙ РАЙОН
448814,Аренда и лизинг строительных машин и оборудования ,false,,,,,,,,,,x,994,,,4,"Аренда и лизинг прочих машин, оборудования и материальных активов",АЛМАТИНСКАЯ ОБЛАСТЬ,ЕНБЕКШИКАЗАХСКИЙ РАЙОН
543081,Аренда строительных машин и оборудования ,true,,,,,,,,,,x,994,,,5,Аренда и лизинг строительных машин и оборудования ,АЛМАТИНСКАЯ ОБЛАСТЬ,ЕНБЕКШИКАЗАХСКИЙ РАЙОН
448856,Деятельность по обслуживанию зданий и благоустройству территорий,false,,,,319176000,920,,,,,100600000,994,198236000,957,2,Деятельность в области административного и вспомогательного обслуживания,АЛМАТИНСКАЯ ОБЛАСТЬ,ЕНБЕКШИКАЗАХСКИЙ РАЙОН
448867,Деятельность по благоустройству территорий,false,,,,319176000,920,,,,,100600000,994,198236000,957,3,Деятельность по обслуживанию зданий и благоустройству территорий,АЛМАТИНСКАЯ ОБЛАСТЬ,ЕНБЕКШИКАЗАХСКИЙ РАЙОН
448868,Деятельность по благоустройству территорий,false,,,,319176000,920,,,,,100600000,994,198236000,957,4,Деятельность по благоустройству территорий,АЛМАТИНСКАЯ ОБЛАСТЬ,ЕНБЕКШИКАЗАХСКИЙ РАЙОН
448869,Деятельность по благоустройству территорий,true,,,,319176000,920,,,,,100600000,994,198236000,957,5,Деятельность по благоустройству территорий,АЛМАТИНСКАЯ ОБЛАСТЬ,ЕНБЕКШИКАЗАХСКИЙ РАЙОН
448870,"Деятельность в области офисного административного и вспомогательного обслуживания, направленная на поддержание коммерческой деятельности",false,,,,98602000,920,,,,,,,,,2,Деятельность в области административного и вспомогательного обслуживания,АЛМАТИНСКАЯ ОБЛАСТЬ,ЕНБЕКШИКАЗАХСКИЙ РАЙОН
448871,Деятельность в области офисного административного и вспомогательного обслуживания,false,,,,98602000,920,,,,,,,,,3,"Деятельность в области офисного административного и вспомогательного обслуживания, направленная на поддержание коммерческой деятельности",АЛМАТИНСКАЯ ОБЛАСТЬ,ЕНБЕКШИКАЗАХСКИЙ РАЙОН
448872,Деятельность по предоставлению комплексных офисных административных услуг,false,,,,98602000,920,,,,,,,,,4,Деятельность в области офисного административного и вспомогательного обслуживания,АЛМАТИНСКАЯ ОБЛАСТЬ,ЕНБЕКШИКАЗАХСКИЙ РАЙОН
448873,Деятельность по предоставлению комплексных офисных административных услуг,true,,,,98602000,920,,,,,,,,,5,Деятельность по предоставлению комплексных офисных административных услуг,АЛМАТИНСКАЯ ОБЛАСТЬ,ЕНБЕКШИКАЗАХСКИЙ РАЙОН
448889,Государственное управление и оборона; обязательное  социальное обеспечение,false,,381584000,883,553221000,920,,,408640000,1031,455828000,994,,,1,Всего,АЛМАТИНСКАЯ ОБЛАСТЬ,ЕНБЕКШИКАЗАХСКИЙ РАЙОН
448890,Государственное управление и оборона; обязательное социальное обеспечение,false,,381584000,883,553221000,920,,,408640000,1031,455828000,994,,,2,Государственное управление и оборона; обязательное  социальное обеспечение,АЛМАТИНСКАЯ ОБЛАСТЬ,ЕНБЕКШИКАЗАХСКИЙ РАЙОН
448891,Государственное управление общего характера и управление социально-экономическое политикой общества,false,,381584000,883,553221000,920,,,408640000,1031,455828000,994,,,3,Государственное управление и оборона; обязательное социальное обеспечение,АЛМАТИНСКАЯ ОБЛАСТЬ,ЕНБЕКШИКАЗАХСКИЙ РАЙОН
448892,Государственное управление общего характера,false,,22000000,883,345685000,920,,,78285000,1031,293400000,994,,,4,Государственное управление общего характера и управление социально-экономическое политикой общества,АЛМАТИНСКАЯ ОБЛАСТЬ,ЕНБЕКШИКАЗАХСКИЙ РАЙОН
448895,Деятельность местных органов управления,true,,,,x,920,,,,,,,,,5,Государственное управление общего характера,АЛМАТИНСКАЯ ОБЛАСТЬ,ЕНБЕКШИКАЗАХСКИЙ РАЙОН
448896,Деятельность сельских и поселковых органов управления,true,,22000000,883,332624000,920,,,78285000,1031,293400000,994,,,5,Государственное управление общего характера,АЛМАТИНСКАЯ ОБЛАСТЬ,ЕНБЕКШИКАЗАХСКИЙ РАЙОН
448900,"Регулирование деятельности учреждений здравоохранения, образования, культуры и других социальных услуг, кроме социального обеспечения ",false,,359584000,883,,,,,261551000,1031,147443000,994,,,4,Государственное управление общего характера и управление социально-экономическое политикой общества,АЛМАТИНСКАЯ ОБЛАСТЬ,ЕНБЕКШИКАЗАХСКИЙ РАЙОН
448901,"Регулирование деятельности учреждений здравоохранения, образования, культуры и других социальных услуг, кроме социального обеспечения ",true,,359584000,883,,,,,261551000,1031,147443000,994,,,5,"Регулирование деятельности учреждений здравоохранения, образования, культуры и других социальных услуг, кроме социального обеспечения ",АЛМАТИНСКАЯ ОБЛАСТЬ,ЕНБЕКШИКАЗАХСКИЙ РАЙОН
448902,Регулирование и содействие эффективному ведению экономической деятельности,false,,,,207536000,920,,,x,1031,x,994,,,4,Государственное управление общего характера и управление социально-экономическое политикой общества,АЛМАТИНСКАЯ ОБЛАСТЬ,ЕНБЕКШИКАЗАХСКИЙ РАЙОН
448903,Регулирование и содействие эффективному ведению экономической деятельности,true,,,,207536000,920,,,x,1031,x,994,,,5,Регулирование и содействие эффективному ведению экономической деятельности,АЛМАТИНСКАЯ ОБЛАСТЬ,ЕНБЕКШИКАЗАХСКИЙ РАЙОН
448918,Образование,false,,2290192000,883,1750547000,920,1275481000,846,33977856000,1031,4233725000,994,4750171000,957,1,Всего,АЛМАТИНСКАЯ ОБЛАСТЬ,ЕНБЕКШИКАЗАХСКИЙ РАЙОН
448919,Образование,false,,2290192000,883,1750547000,920,1275481000,846,33977856000,1031,4233725000,994,4750171000,957,2,Образование,АЛМАТИНСКАЯ ОБЛАСТЬ,ЕНБЕКШИКАЗАХСКИЙ РАЙОН
448926,Среднее образование (2-й и 3-й уровни),false,,2290192000,883,1750547000,920,1271461000,846,33967045000,1031,4207945000,994,4750171000,957,3,Образование,АЛМАТИНСКАЯ ОБЛАСТЬ,ЕНБЕКШИКАЗАХСКИЙ РАЙОН
448927,Основное и общее среднее образование,false,,1570644000,883,1750547000,920,1271461000,846,33307428000,1031,4207945000,994,4750171000,957,4,Среднее образование (2-й и 3-й уровни),АЛМАТИНСКАЯ ОБЛАСТЬ,ЕНБЕКШИКАЗАХСКИЙ РАЙОН
448928,Основное и общее среднее образование,true,,1570644000,883,1750547000,920,1271461000,846,33307428000,1031,4207945000,994,4750171000,957,5,Основное и общее среднее образование,АЛМАТИНСКАЯ ОБЛАСТЬ,ЕНБЕКШИКАЗАХСКИЙ РАЙОН
448929,Техническое и профессиональное среднее образование,false,,719548000,883,,,,,659617000,1031,,,,,4,Среднее образование (2-й и 3-й уровни),АЛМАТИНСКАЯ ОБЛАСТЬ,ЕНБЕКШИКАЗАХСКИЙ РАЙОН
448930,Профессионально-техническое образование,true,,,,,,,,659617000,1031,,,,,5,Техническое и профессиональное среднее образование,АЛМАТИНСКАЯ ОБЛАСТЬ,ЕНБЕКШИКАЗАХСКИЙ РАЙОН
448931,Среднее специальное образование,true,,719548000,883,,,,,,,,,,,5,Техническое и профессиональное среднее образование,АЛМАТИНСКАЯ ОБЛАСТЬ,ЕНБЕКШИКАЗАХСКИЙ РАЙОН
448937,Прочие виды образования,false,,,,,,4020000,846,10811000,1031,25780000,994,,,3,Образование,АЛМАТИНСКАЯ ОБЛАСТЬ,ЕНБЕКШИКАЗАХСКИЙ РАЙОН
448938,Образование в области спорта и отдыха,false,,,,,,,,10811000,1031,25780000,994,,,4,Прочие виды образования,АЛМАТИНСКАЯ ОБЛАСТЬ,ЕНБЕКШИКАЗАХСКИЙ РАЙОН
448939,Образование в области спорта и отдыха,true,,,,,,,,10811000,1031,25780000,994,,,5,Образование в области спорта и отдыха,АЛМАТИНСКАЯ ОБЛАСТЬ,ЕНБЕКШИКАЗАХСКИЙ РАЙОН
448944,"Прочие виды образования, не включенные в другие группировки",false,,,,,,4020000,846,,,,,,,4,Прочие виды образования,АЛМАТИНСКАЯ ОБЛАСТЬ,ЕНБЕКШИКАЗАХСКИЙ РАЙОН
448946,"Прочая деятельность в области образования, не включенная в другие группировки",true,,,,,,4020000,846,,,,,,,5,"Прочие виды образования, не включенные в другие группировки",АЛМАТИНСКАЯ ОБЛАСТЬ,ЕНБЕКШИКАЗАХСКИЙ РАЙОН
448950,Здравоохранение и социальное обслуживание населения,false,,746727000,883,1067829000,920,559925000,846,7507249000,1031,2512714000,994,439461000,957,1,Всего,АЛМАТИНСКАЯ ОБЛАСТЬ,ЕНБЕКШИКАЗАХСКИЙ РАЙОН
448951,Деятельность в области здравоохранения,false,,746727000,883,1067829000,920,559925000,846,7507249000,1031,2460407000,994,439461000,957,2,Здравоохранение и социальное обслуживание населения,АЛМАТИНСКАЯ ОБЛАСТЬ,ЕНБЕКШИКАЗАХСКИЙ РАЙОН
448952,Деятельность больничных организаций,false,,188125000,883,909829000,920,,,7008306000,1031,1927713000,994,,,3,Деятельность в области здравоохранения,АЛМАТИНСКАЯ ОБЛАСТЬ,ЕНБЕКШИКАЗАХСКИЙ РАЙОН
448953,Деятельность больничных организаций,false,,188125000,883,909829000,920,,,7008306000,1031,1927713000,994,,,4,Деятельность больничных организаций,АЛМАТИНСКАЯ ОБЛАСТЬ,ЕНБЕКШИКАЗАХСКИЙ РАЙОН
448954,Деятельность больниц широкого профиля и специализированных больниц,true,,188125000,883,909829000,920,,,,,86818000,994,,,5,Деятельность больничных организаций,АЛМАТИНСКАЯ ОБЛАСТЬ,ЕНБЕКШИКАЗАХСКИЙ РАЙОН
448958,"Деятельность других лечебных учреждений, имеющих стационары",true,,,,,,,,7008306000,1031,1840895000,994,,,5,Деятельность больничных организаций,АЛМАТИНСКАЯ ОБЛАСТЬ,ЕНБЕКШИКАЗАХСКИЙ РАЙОН
448959,Деятельность в области врачебной практики и стоматологии,false,,558602000,883,153000000,920,488807000,846,493043000,1031,437259000,994,432001000,957,3,Деятельность в области здравоохранения,АЛМАТИНСКАЯ ОБЛАСТЬ,ЕНБЕКШИКАЗАХСКИЙ РАЙОН
448960,Общая врачебная практика,false,,558602000,883,153000000,920,488807000,846,493043000,1031,437259000,994,432001000,957,4,Деятельность в области врачебной практики и стоматологии,АЛМАТИНСКАЯ ОБЛАСТЬ,ЕНБЕКШИКАЗАХСКИЙ РАЙОН
448961,Общая врачебная практика,true,,558602000,883,153000000,920,488807000,846,493043000,1031,437259000,994,432001000,957,5,Общая врачебная практика,АЛМАТИНСКАЯ ОБЛАСТЬ,ЕНБЕКШИКАЗАХСКИЙ РАЙОН
448966,Прочая деятельность в области здравоохранения ,false,,,,5000000,920,x,846,5900000,1031,95435000,994,7460000,957,3,Деятельность в области здравоохранения,АЛМАТИНСКАЯ ОБЛАСТЬ,ЕНБЕКШИКАЗАХСКИЙ РАЙОН
448967,Прочая деятельность в области здравоохранения ,false,,,,5000000,920,x,846,5900000,1031,95435000,994,7460000,957,4,Прочая деятельность в области здравоохранения ,АЛМАТИНСКАЯ ОБЛАСТЬ,ЕНБЕКШИКАЗАХСКИЙ РАЙОН
448968,Прочая деятельность в области здравоохранения ,true,,,,5000000,920,x,846,,,95435000,994,7460000,957,5,Прочая деятельность в области здравоохранения ,АЛМАТИНСКАЯ ОБЛАСТЬ,ЕНБЕКШИКАЗАХСКИЙ РАЙОН
448982,Предоставление социальных услуг без обеспечения проживания,false,,,,,,,,,,x,994,,,2,Здравоохранение и социальное обслуживание населения,АЛМАТИНСКАЯ ОБЛАСТЬ,ЕНБЕКШИКАЗАХСКИЙ РАЙОН
448983,Предоставление социальных услуг без обеспечения проживания пожилым гражданам и инвалидам,false,,,,,,,,,,x,994,,,3,Предоставление социальных услуг без обеспечения проживания,АЛМАТИНСКАЯ ОБЛАСТЬ,ЕНБЕКШИКАЗАХСКИЙ РАЙОН
448984,Предоставление социальных услуг без обеспечения проживания пожилым гражданам и инвалидам,false,,,,,,,,,,x,994,,,4,Предоставление социальных услуг без обеспечения проживания пожилым гражданам и инвалидам,АЛМАТИНСКАЯ ОБЛАСТЬ,ЕНБЕКШИКАЗАХСКИЙ РАЙОН
448985,Предоставление социальных услуг без обеспечения проживания пожилым гражданам и инвалидам,true,,,,,,,,,,x,994,,,5,Предоставление социальных услуг без обеспечения проживания пожилым гражданам и инвалидам,АЛМАТИНСКАЯ ОБЛАСТЬ,ЕНБЕКШИКАЗАХСКИЙ РАЙОН
448991,"Искусство, развлечения и отдых",false,,852165000,883,58579000,920,44082000,846,471332000,1031,2048928000,994,1494209000,957,1,Всего,АЛМАТИНСКАЯ ОБЛАСТЬ,ЕНБЕКШИКАЗАХСКИЙ РАЙОН
448992,"Деятельность в области творчества, искусства и развлечений",false,,,,,,,,,,,,45440000,957,2,"Искусство, развлечения и отдых",АЛМАТИНСКАЯ ОБЛАСТЬ,ЕНБЕКШИКАЗАХСКИЙ РАЙОН
448993,"Деятельность в области творчества, искусства и развлечений",false,,,,,,,,,,,,45440000,957,3,"Деятельность в области творчества, искусства и развлечений",АЛМАТИНСКАЯ ОБЛАСТЬ,ЕНБЕКШИКАЗАХСКИЙ РАЙОН
449000,Художественное и литературное творчество,false,,,,,,,,,,,,45440000,957,4,"Деятельность в области творчества, искусства и развлечений",АЛМАТИНСКАЯ ОБЛАСТЬ,ЕНБЕКШИКАЗАХСКИЙ РАЙОН
449001,Художественное и литературное творчество,true,,,,,,,,,,,,45440000,957,5,Художественное и литературное творчество,АЛМАТИНСКАЯ ОБЛАСТЬ,ЕНБЕКШИКАЗАХСКИЙ РАЙОН
449004,"Деятельность библиотек, архивов, музеев и прочая деятельность в области культуры",false,,,,10042000,920,39082000,846,,,234417000,994,355218000,957,2,"Искусство, развлечения и отдых",АЛМАТИНСКАЯ ОБЛАСТЬ,ЕНБЕКШИКАЗАХСКИЙ РАЙОН
449005,"Деятельность библиотек, архивов, музеев и прочая деятельность в области культуры",false,,,,10042000,920,39082000,846,,,234417000,994,355218000,957,3,"Деятельность библиотек, архивов, музеев и прочая деятельность в области культуры",АЛМАТИНСКАЯ ОБЛАСТЬ,ЕНБЕКШИКАЗАХСКИЙ РАЙОН
449011,Деятельность музеев,false,,,,10042000,920,39082000,846,,,234417000,994,355218000,957,4,"Деятельность библиотек, архивов, музеев и прочая деятельность в области культуры",АЛМАТИНСКАЯ ОБЛАСТЬ,ЕНБЕКШИКАЗАХСКИЙ РАЙОН
449012,Деятельность музеев,true,,,,10042000,920,39082000,846,,,234417000,994,355218000,957,5,Деятельность музеев,АЛМАТИНСКАЯ ОБЛАСТЬ,ЕНБЕКШИКАЗАХСКИЙ РАЙОН
449022,"Деятельность в области спорта, организации отдыха и развлечений",false,,852165000,883,48537000,920,5000000,846,471332000,1031,1814511000,994,1093551000,957,2,"Искусство, развлечения и отдых",АЛМАТИНСКАЯ ОБЛАСТЬ,ЕНБЕКШИКАЗАХСКИЙ РАЙОН
449023,Деятельность в области спорта,false,,43017000,883,48537000,920,5000000,846,471332000,1031,1814511000,994,1093551000,957,3,"Деятельность в области спорта, организации отдыха и развлечений",АЛМАТИНСКАЯ ОБЛАСТЬ,ЕНБЕКШИКАЗАХСКИЙ РАЙОН
449026,Деятельность спортивных клубов,false,,43017000,883,6287000,920,5000000,846,471332000,1031,1814511000,994,1093551000,957,4,Деятельность в области спорта,АЛМАТИНСКАЯ ОБЛАСТЬ,ЕНБЕКШИКАЗАХСКИЙ РАЙОН
449027,Деятельность спортивных клубов,true,,43017000,883,6287000,920,5000000,846,471332000,1031,1814511000,994,1093551000,957,5,Деятельность спортивных клубов,АЛМАТИНСКАЯ ОБЛАСТЬ,ЕНБЕКШИКАЗАХСКИЙ РАЙОН
449028,Деятельность фитнес-клубов,false,,,,42250000,920,,,,,,,,,4,Деятельность в области спорта,АЛМАТИНСКАЯ ОБЛАСТЬ,ЕНБЕКШИКАЗАХСКИЙ РАЙОН
449029,Деятельность фитнес-клубов,true,,,,42250000,920,,,,,,,,,5,Деятельность фитнес-клубов,АЛМАТИНСКАЯ ОБЛАСТЬ,ЕНБЕКШИКАЗАХСКИЙ РАЙОН
449032,Деятельность по организации отдыха и развлечений,false,,809148000,883,,,,,,,,,,,3,"Деятельность в области спорта, организации отдыха и развлечений",АЛМАТИНСКАЯ ОБЛАСТЬ,ЕНБЕКШИКАЗАХСКИЙ РАЙОН
449035,Прочая деятельность по организации отдыха и развлечений,false,,809148000,883,,,,,,,,,,,4,Деятельность по организации отдыха и развлечений,АЛМАТИНСКАЯ ОБЛАСТЬ,ЕНБЕКШИКАЗАХСКИЙ РАЙОН
449039,Прочие виды деятельности по организации отдыха и развлечений,true,,809148000,883,,,,,,,,,,,5,Прочая деятельность по организации отдыха и развлечений,АЛМАТИНСКАЯ ОБЛАСТЬ,ЕНБЕКШИКАЗАХСКИЙ РАЙОН
449040,Предоставление прочих видов услуг,false,,,,,,,,,,,,101584000,957,1,Всего,АЛМАТИНСКАЯ ОБЛАСТЬ,ЕНБЕКШИКАЗАХСКИЙ РАЙОН
449084,Предоставление прочих индивидуальных услуг,false,,,,,,,,,,,,101584000,957,2,Предоставление прочих видов услуг,АЛМАТИНСКАЯ ОБЛАСТЬ,ЕНБЕКШИКАЗАХСКИЙ РАЙОН
449085,Предоставление прочих индивидуальных услуг,false,,,,,,,,,,,,101584000,957,3,Предоставление прочих индивидуальных услуг,АЛМАТИНСКАЯ ОБЛАСТЬ,ЕНБЕКШИКАЗАХСКИЙ РАЙОН
449093,Деятельность по обеспечению физического комфорта,false,,,,,,,,,,,,101584000,957,4,Предоставление прочих индивидуальных услуг,АЛМАТИНСКАЯ ОБЛАСТЬ,ЕНБЕКШИКАЗАХСКИЙ РАЙОН
449094,Деятельность по обеспечению физического комфорта,true,,,,,,,,,,,,101584000,957,5,Деятельность по обеспечению физического комфорта,АЛМАТИНСКАЯ ОБЛАСТЬ,ЕНБЕКШИКАЗАХСКИЙ РАЙОН
741340,Промышленность,false,,20738896000,883,29351402000,920,12327404000,846,37189108000,1031,62601531000,994,29960893000,957,1,Всего,АЛМАТИНСКАЯ ОБЛАСТЬ,ЕНБЕКШИКАЗАХСКИЙ РАЙОН
447279,Горнодобывающая промышленность и разработка карьеров,false,,904424000,883,1955251000,920,832070000,846,22727353000,1031,54237306000,994,x,957,2,Промышленность,АЛМАТИНСКАЯ ОБЛАСТЬ,ЕНБЕКШИКАЗАХСКИЙ РАЙОН
447298,Добыча металлических руд,false,,x,883,x,920,x,846,22727353000,1031,54229260000,994,x,957,3,Горнодобывающая промышленность и разработка карьеров,АЛМАТИНСКАЯ ОБЛАСТЬ,ЕНБЕКШИКАЗАХСКИЙ РАЙОН
447299,Добыча железных руд,false,,x,883,x,920,x,846,22727353000,1031,54229260000,994,x,957,4,Добыча металлических руд,АЛМАТИНСКАЯ ОБЛАСТЬ,ЕНБЕКШИКАЗАХСКИЙ РАЙОН
447300,Добыча железных руд,false,,x,883,x,920,x,846,22727353000,1031,54229260000,994,x,957,5,Добыча железных руд,АЛМАТИНСКАЯ ОБЛАСТЬ,ЕНБЕКШИКАЗАХСКИЙ РАЙОН
447316,Добыча прочих полезных ископаемых,false,,312066000,883,x,920,271765000,846,,,8046000,994,,,3,Горнодобывающая промышленность и разработка карьеров,АЛМАТИНСКАЯ ОБЛАСТЬ,ЕНБЕКШИКАЗАХСКИЙ РАЙОН
447317,"Добыча камня, песка и глины",false,,312066000,883,x,920,271765000,846,,,8046000,994,,,4,Добыча прочих полезных ископаемых,АЛМАТИНСКАЯ ОБЛАСТЬ,ЕНБЕКШИКАЗАХСКИЙ РАЙОН
447322,"Разработка гравийных и песчаных карьеров, добыча глины и каолина",false,,312066000,883,x,920,271765000,846,,,8046000,994,,,5,"Добыча камня, песка и глины",АЛМАТИНСКАЯ ОБЛАСТЬ,ЕНБЕКШИКАЗАХСКИЙ РАЙОН
447339,Предоставление услуг в горнодобывающей промышленности,false,,,,x,920,x,846,,,,,,,3,Горнодобывающая промышленность и разработка карьеров,АЛМАТИНСКАЯ ОБЛАСТЬ,ЕНБЕКШИКАЗАХСКИЙ РАЙОН
447343,"Предоставление услуг, способствующих добыче других полезных ископаемых",false,,,,x,920,x,846,,,,,,,4,Предоставление услуг в горнодобывающей промышленности,АЛМАТИНСКАЯ ОБЛАСТЬ,ЕНБЕКШИКАЗАХСКИЙ РАЙОН
447344,"Предоставление услуг, способствующих добыче других полезных ископаемых",false,,,,x,920,x,846,,,,,,,5,"Предоставление услуг, способствующих добыче других полезных ископаемых",АЛМАТИНСКАЯ ОБЛАСТЬ,ЕНБЕКШИКАЗАХСКИЙ РАЙОН
447346,Обрабатывающая промышленность,false,,1175638000,883,5210566000,920,4330971000,846,3097656000,1031,1831526000,994,1051804000,957,2,Промышленность,АЛМАТИНСКАЯ ОБЛАСТЬ,ЕНБЕКШИКАЗАХСКИЙ РАЙОН
447347,Производство продуктов питания,false,,771281000,883,1537182000,920,1053250000,846,1689806000,1031,1152403000,994,460523000,957,3,Обрабатывающая промышленность,АЛМАТИНСКАЯ ОБЛАСТЬ,ЕНБЕКШИКАЗАХСКИЙ РАЙОН
447348,Переработка и консервирование мяса и производство мясной продукции,false,,,,,,x,846,,,,,,,4,Производство продуктов питания,АЛМАТИНСКАЯ ОБЛАСТЬ,ЕНБЕКШИКАЗАХСКИЙ РАЙОН
447349,Переработка и консервирование мяса,false,,,,,,x,846,,,,,,,5,Переработка и консервирование мяса и производство мясной продукции,АЛМАТИНСКАЯ ОБЛАСТЬ,ЕНБЕКШИКАЗАХСКИЙ РАЙОН
447358,Переработка и консервирование фруктов и овощей,false,,x,883,1173615000,920,,,392091000,1031,624807000,994,,,4,Производство продуктов питания,АЛМАТИНСКАЯ ОБЛАСТЬ,ЕНБЕКШИКАЗАХСКИЙ РАЙОН
447363,Прочие виды переработки и консервирования фруктов и овощей,false,,x,883,1173615000,920,,,392091000,1031,624807000,994,,,5,Переработка и консервирование фруктов и овощей,АЛМАТИНСКАЯ ОБЛАСТЬ,ЕНБЕКШИКАЗАХСКИЙ РАЙОН
447365,Производство растительных и животных масел и жиров,false,,,,,,x,846,,,,,,,4,Производство продуктов питания,АЛМАТИНСКАЯ ОБЛАСТЬ,ЕНБЕКШИКАЗАХСКИЙ РАЙОН
447366,Производство масел и жиров,false,,,,,,x,846,,,,,,,5,Производство растительных и животных масел и жиров,АЛМАТИНСКАЯ ОБЛАСТЬ,ЕНБЕКШИКАЗАХСКИЙ РАЙОН
447371,Производство молочных продуктов,false,,471278000,883,235047000,920,433741000,846,1295255000,1031,527596000,994,460523000,957,4,Производство продуктов питания,АЛМАТИНСКАЯ ОБЛАСТЬ,ЕНБЕКШИКАЗАХСКИЙ РАЙОН
447372,Переработка молока и производство сыров,false,,471278000,883,235047000,920,433741000,846,1295255000,1031,527596000,994,460523000,957,5,Производство молочных продуктов,АЛМАТИНСКАЯ ОБЛАСТЬ,ЕНБЕКШИКАЗАХСКИЙ РАЙОН
447384,"Производство  хлебобулочных, макаронных и мучных кондитерских изделий",false,,,,128520000,920,63630000,846,x,1031,,,,,4,Производство продуктов питания,АЛМАТИНСКАЯ ОБЛАСТЬ,ЕНБЕКШИКАЗАХСКИЙ РАЙОН
447385,Производство хлебобулочных и мучных кондитерских изделий недлительного хранения,false,,,,128520000,920,63630000,846,,,,,,,5,"Производство  хлебобулочных, макаронных и мучных кондитерских изделий",АЛМАТИНСКАЯ ОБЛАСТЬ,ЕНБЕКШИКАЗАХСКИЙ РАЙОН
447387,"Производство сухарей и печенья, мучных кондитерских изделий длительного хранения",false,,,,,,,,x,1031,,,,,5,"Производство  хлебобулочных, макаронных и мучных кондитерских изделий",АЛМАТИНСКАЯ ОБЛАСТЬ,ЕНБЕКШИКАЗАХСКИЙ РАЙОН
447413,Производство напитков,false,,5090000,883,48624000,920,116519000,846,17943000,1031,46625000,994,14474000,957,3,Обрабатывающая промышленность,АЛМАТИНСКАЯ ОБЛАСТЬ,ЕНБЕКШИКАЗАХСКИЙ РАЙОН
447414,Производство напитков,false,,5090000,883,48624000,920,116519000,846,17943000,1031,46625000,994,14474000,957,4,Производство напитков,АЛМАТИНСКАЯ ОБЛАСТЬ,ЕНБЕКШИКАЗАХСКИЙ РАЙОН
447417,Производство вина из винограда,false,,5090000,883,48624000,920,116519000,846,17943000,1031,46625000,994,14474000,957,5,Производство напитков,АЛМАТИНСКАЯ ОБЛАСТЬ,ЕНБЕКШИКАЗАХСКИЙ РАЙОН
447529,Производство бумаги и бумажной продукции,false,,,,,,,,x,1031,x,994,x,957,3,Обрабатывающая промышленность,АЛМАТИНСКАЯ ОБЛАСТЬ,ЕНБЕКШИКАЗАХСКИЙ РАЙОН
447535,Производство изделий из бумаги и картона,false,,,,,,,,x,1031,x,994,x,957,4,Производство бумаги и бумажной продукции,АЛМАТИНСКАЯ ОБЛАСТЬ,ЕНБЕКШИКАЗАХСКИЙ РАЙОН
447539,Производство бумажных изделий хозяйственно-бытового и санитарно-гигиенического назначения,false,,,,,,,,x,1031,x,994,x,957,5,Производство изделий из бумаги и картона,АЛМАТИНСКАЯ ОБЛАСТЬ,ЕНБЕКШИКАЗАХСКИЙ РАЙОН
447572,Производство продуктов химической промышленности,false,,,,,,,,x,1031,,,,,3,Обрабатывающая промышленность,АЛМАТИНСКАЯ ОБЛАСТЬ,ЕНБЕКШИКАЗАХСКИЙ РАЙОН
447594,"Производство красок, лаков и аналогичных покрытий, типографской краски и мастик",false,,,,,,,,x,1031,,,,,4,Производство продуктов химической промышленности,АЛМАТИНСКАЯ ОБЛАСТЬ,ЕНБЕКШИКАЗАХСКИЙ РАЙОН
447595,"Производство красок, лаков и аналогичных покрытий, типографской краски и мастик",false,,,,,,,,x,1031,,,,,5,"Производство красок, лаков и аналогичных покрытий, типографской краски и мастик",АЛМАТИНСКАЯ ОБЛАСТЬ,ЕНБЕКШИКАЗАХСКИЙ РАЙОН
447620,Производство основных фармацевтических продуктов и фармацевтических препаратов,false,,13265000,883,8277000,920,x,846,x,1031,x,994,x,957,3,Обрабатывающая промышленность,АЛМАТИНСКАЯ ОБЛАСТЬ,ЕНБЕКШИКАЗАХСКИЙ РАЙОН
447624,Производство фармацевтических препаратов и медицинских материалов,false,,13265000,883,8277000,920,x,846,x,1031,x,994,x,957,4,Производство основных фармацевтических продуктов и фармацевтических препаратов,АЛМАТИНСКАЯ ОБЛАСТЬ,ЕНБЕКШИКАЗАХСКИЙ РАЙОН
447625,Производство фармацевтических препаратов и медицинских материалов,false,,13265000,883,8277000,920,x,846,x,1031,x,994,x,957,5,Производство фармацевтических препаратов и медицинских материалов,АЛМАТИНСКАЯ ОБЛАСТЬ,ЕНБЕКШИКАЗАХСКИЙ РАЙОН
447628,Производство резиновых и пластмассовых изделий,false,,205898000,883,x,920,44494000,846,207662000,1031,94893000,994,129700000,957,3,Обрабатывающая промышленность,АЛМАТИНСКАЯ ОБЛАСТЬ,ЕНБЕКШИКАЗАХСКИЙ РАЙОН
447636,Производство пластмассовых изделий,false,,205898000,883,x,920,44494000,846,207662000,1031,94893000,994,129700000,957,4,Производство резиновых и пластмассовых изделий,АЛМАТИНСКАЯ ОБЛАСТЬ,ЕНБЕКШИКАЗАХСКИЙ РАЙОН
447637,"Производство пластмассовых плит, листов, труб и профилей",false,,,,x,920,,,,,x,994,,,5,Производство пластмассовых изделий,АЛМАТИНСКАЯ ОБЛАСТЬ,ЕНБЕКШИКАЗАХСКИЙ РАЙОН
447644,Производство прочих пластмассовых изделий,false,,205898000,883,,,44494000,846,207662000,1031,94362000,994,129700000,957,5,Производство пластмассовых изделий,АЛМАТИНСКАЯ ОБЛАСТЬ,ЕНБЕКШИКАЗАХСКИЙ РАЙОН
447646,Производство прочей не металлической минеральной продукции,false,,180104000,883,245771000,920,169589000,846,783310000,1031,171338000,994,258461000,957,3,Обрабатывающая промышленность,АЛМАТИНСКАЯ ОБЛАСТЬ,ЕНБЕКШИКАЗАХСКИЙ РАЙОН
447664,Производство строительных материалов из глины,false,,,,,,,,x,1031,,,,,4,Производство прочей не металлической минеральной продукции,АЛМАТИНСКАЯ ОБЛАСТЬ,ЕНБЕКШИКАЗАХСКИЙ РАЙОН
447667,"Производство кирпича, черепицы и прочих строительных изделий из обожженной глины",false,,,,,,,,x,1031,,,,,5,Производство строительных материалов из глины,АЛМАТИНСКАЯ ОБЛАСТЬ,ЕНБЕКШИКАЗАХСКИЙ РАЙОН
447688,"Производство изделий из бетона, цемента и строительного гипса ",false,,180104000,883,x,920,169589000,846,738559000,1031,143891000,994,258101000,957,4,Производство прочей не металлической минеральной продукции,АЛМАТИНСКАЯ ОБЛАСТЬ,ЕНБЕКШИКАЗАХСКИЙ РАЙОН
447695,Производство товарного бетона ,false,,172475000,883,x,920,90195000,846,738559000,1031,124361000,994,258101000,957,5,"Производство изделий из бетона, цемента и строительного гипса ",АЛМАТИНСКАЯ ОБЛАСТЬ,ЕНБЕКШИКАЗАХСКИЙ РАЙОН
447702,"Производство прочих изделий из бетона, строительного гипса и цемента",false,,x,883,,,x,846,,,x,994,,,5,"Производство изделий из бетона, цемента и строительного гипса ",АЛМАТИНСКАЯ ОБЛАСТЬ,ЕНБЕКШИКАЗАХСКИЙ РАЙОН
447707,Производство абразивных изделий и прочей неметаллической минеральной продукции,false,,,,x,920,,,31151000,1031,x,994,x,957,4,Производство прочей не металлической минеральной продукции,АЛМАТИНСКАЯ ОБЛАСТЬ,ЕНБЕКШИКАЗАХСКИЙ РАЙОН
447710,"Производство прочей неметаллической минеральной продукции, не включенной в другие группировки",false,,,,x,920,,,31151000,1031,x,994,x,957,5,Производство абразивных изделий и прочей неметаллической минеральной продукции,АЛМАТИНСКАЯ ОБЛАСТЬ,ЕНБЕКШИКАЗАХСКИЙ РАЙОН
447760,"Производство готовых металлических изделий, кроме машин и оборудования",false,,,,3370668000,920,x,846,x,1031,x,994,x,957,3,Обрабатывающая промышленность,АЛМАТИНСКАЯ ОБЛАСТЬ,ЕНБЕКШИКАЗАХСКИЙ РАЙОН
447761,Производство строительных металлических конструкций и изделий,false,,,,3257690000,920,x,846,,,,,,,4,"Производство готовых металлических изделий, кроме машин и оборудования",АЛМАТИНСКАЯ ОБЛАСТЬ,ЕНБЕКШИКАЗАХСКИЙ РАЙОН
447762,Производство строительных металлических конструкций и их частей,false,,,,3257690000,920,x,846,,,,,,,5,Производство строительных металлических конструкций и изделий,АЛМАТИНСКАЯ ОБЛАСТЬ,ЕНБЕКШИКАЗАХСКИЙ РАЙОН
447797,Производство прочих готовых металлических изделий,false,,,,112978000,920,,,x,1031,x,994,x,957,4,"Производство готовых металлических изделий, кроме машин и оборудования",АЛМАТИНСКАЯ ОБЛАСТЬ,ЕНБЕКШИКАЗАХСКИЙ РАЙОН
447807,"Производство прочих готовых металлических изделий, не включенных в другие группировки",false,,,,112978000,920,,,x,1031,x,994,x,957,5,Производство прочих готовых металлических изделий,АЛМАТИНСКАЯ ОБЛАСТЬ,ЕНБЕКШИКАЗАХСКИЙ РАЙОН
448008,Производство мебели,false,,,,,,x,846,,,97640000,994,,,3,Обрабатывающая промышленность,АЛМАТИНСКАЯ ОБЛАСТЬ,ЕНБЕКШИКАЗАХСКИЙ РАЙОН
448009,Производство мебели,false,,,,,,x,846,,,97640000,994,,,4,Производство мебели,АЛМАТИНСКАЯ ОБЛАСТЬ,ЕНБЕКШИКАЗАХСКИЙ РАЙОН
448010,Производство мебели для офисов и предприятий торговли,false,,,,,,x,846,,,,,,,5,Производство мебели,АЛМАТИНСКАЯ ОБЛАСТЬ,ЕНБЕКШИКАЗАХСКИЙ РАЙОН
448017,Производство прочей мебели,false,,,,,,,,,,97640000,994,,,5,Производство мебели,АЛМАТИНСКАЯ ОБЛАСТЬ,ЕНБЕКШИКАЗАХСКИЙ РАЙОН
448090,"Снабжение электроэнергией, газом, паром, горячей водой и кондиционированным воздухом",false,,16036799000,883,16382938000,920,6038421000,846,2590815000,1031,922247000,994,22302250000,957,2,Промышленность,АЛМАТИНСКАЯ ОБЛАСТЬ,ЕНБЕКШИКАЗАХСКИЙ РАЙОН
448091,"Снабжение электроэнергией, газом, паром, горячей водой и кондиционированным воздухом",false,,16036799000,883,16382938000,920,6038421000,846,2590815000,1031,922247000,994,22302250000,957,3,"Снабжение электроэнергией, газом, паром, горячей водой и кондиционированным воздухом",АЛМАТИНСКАЯ ОБЛАСТЬ,ЕНБЕКШИКАЗАХСКИЙ РАЙОН
448092,"Производство, передача и распределение электроэнергии",false,,15269841000,883,15720467000,920,5295625000,846,913175000,1031,870915000,994,19551003000,957,4,"Снабжение электроэнергией, газом, паром, горячей водой и кондиционированным воздухом",АЛМАТИНСКАЯ ОБЛАСТЬ,ЕНБЕКШИКАЗАХСКИЙ РАЙОН
448093,Производство электроэнергии,false,,14835926000,883,14394793000,920,4894016000,846,168134000,1031,,,18833832000,957,5,"Производство, передача и распределение электроэнергии",АЛМАТИНСКАЯ ОБЛАСТЬ,ЕНБЕКШИКАЗАХСКИЙ РАЙОН
448098,Передача электроэнергии,false,,,,,,x,846,62389000,1031,636190000,994,365040000,957,5,"Производство, передача и распределение электроэнергии",АЛМАТИНСКАЯ ОБЛАСТЬ,ЕНБЕКШИКАЗАХСКИЙ РАЙОН
448100,Распределение электроэнергии,false,,433915000,883,1325674000,920,53709000,846,682652000,1031,234725000,994,352131000,957,5,"Производство, передача и распределение электроэнергии",АЛМАТИНСКАЯ ОБЛАСТЬ,ЕНБЕКШИКАЗАХСКИЙ РАЙОН
448104,Производство и распределение газообразного топлива по трубопроводам,false,,576054000,883,616133000,920,742796000,846,1677640000,1031,51332000,994,x,957,4,"Снабжение электроэнергией, газом, паром, горячей водой и кондиционированным воздухом",АЛМАТИНСКАЯ ОБЛАСТЬ,ЕНБЕКШИКАЗАХСКИЙ РАЙОН
448107,Распределение газообразного топлива по трубопроводам,false,,543218000,883,616133000,920,742796000,846,1677640000,1031,51332000,994,x,957,5,Производство и распределение газообразного топлива по трубопроводам,АЛМАТИНСКАЯ ОБЛАСТЬ,ЕНБЕКШИКАЗАХСКИЙ РАЙОН
448109,Продажа газообразного топлива по трубопроводам,false,,x,883,,,,,,,,,,,5,Производство и распределение газообразного топлива по трубопроводам,АЛМАТИНСКАЯ ОБЛАСТЬ,ЕНБЕКШИКАЗАХСКИЙ РАЙОН
448111,"Снабжение паром, горячей водой и кондиционированным воздухом",false,,190904000,883,46338000,920,,,,,,,x,957,4,"Снабжение электроэнергией, газом, паром, горячей водой и кондиционированным воздухом",АЛМАТИНСКАЯ ОБЛАСТЬ,ЕНБЕКШИКАЗАХСКИЙ РАЙОН
448112,"Снабжение паром, горячей водой и кондиционированным воздухом",false,,190904000,883,46338000,920,,,,,,,x,957,5,"Снабжение паром, горячей водой и кондиционированным воздухом",АЛМАТИНСКАЯ ОБЛАСТЬ,ЕНБЕКШИКАЗАХСКИЙ РАЙОН
448117,"Водоснабжение; сбор, обработка и удаление отходов, деятельность по ликвидации загрязнений",false,,2622035000,883,5802647000,920,1125942000,846,8773284000,1031,5610452000,994,5667977000,957,2,Промышленность,АЛМАТИНСКАЯ ОБЛАСТЬ,ЕНБЕКШИКАЗАХСКИЙ РАЙОН
448118,"Сбор, обработка и распределение воды",false,,2405274000,883,4862926000,920,1122187000,846,7026272000,1031,5610452000,994,5051970000,957,3,"Водоснабжение; сбор, обработка и удаление отходов, деятельность по ликвидации загрязнений",АЛМАТИНСКАЯ ОБЛАСТЬ,ЕНБЕКШИКАЗАХСКИЙ РАЙОН
448119,"Сбор, обработка и распределение воды",false,,2405274000,883,4862926000,920,1122187000,846,7026272000,1031,5610452000,994,5051970000,957,4,"Сбор, обработка и распределение воды",АЛМАТИНСКАЯ ОБЛАСТЬ,ЕНБЕКШИКАЗАХСКИЙ РАЙОН
448120,"Сбор, обработка и распределение воды",false,,2405274000,883,4862926000,920,1122187000,846,7026272000,1031,5610452000,994,5051970000,957,5,"Сбор, обработка и распределение воды",АЛМАТИНСКАЯ ОБЛАСТЬ,ЕНБЕКШИКАЗАХСКИЙ РАЙОН
448122,Сбор и обработка сточных вод,false,,216761000,883,939721000,920,x,846,1747012000,1031,,,616007000,957,3,"Водоснабжение; сбор, обработка и удаление отходов, деятельность по ликвидации загрязнений",АЛМАТИНСКАЯ ОБЛАСТЬ,ЕНБЕКШИКАЗАХСКИЙ РАЙОН
448123,Сбор и обработка сточных вод,false,,216761000,883,939721000,920,x,846,1747012000,1031,,,616007000,957,4,Сбор и обработка сточных вод,АЛМАТИНСКАЯ ОБЛАСТЬ,ЕНБЕКШИКАЗАХСКИЙ РАЙОН
448124,Сбор и обработка сточных вод,false,,216761000,883,939721000,920,x,846,1747012000,1031,,,616007000,957,5,Сбор и обработка сточных вод,АЛМАТИНСКАЯ ОБЛАСТЬ,ЕНБЕКШИКАЗАХСКИЙ РАЙОН
741885,Всего,false,,25643539000,883,26378142000,920,32400376000,846,125958155000,1031,46492057000,994,37982234000,957,0,,АЛМАТИНСКАЯ ОБЛАСТЬ,ЖАМБЫЛСКИЙ РАЙОН
447173,"Сельское, лесное и рыбное хозяйство",false,,2418691000,883,3332597000,920,3758521000,846,584607000,1031,483365000,994,3404545000,957,1,Всего,АЛМАТИНСКАЯ ОБЛАСТЬ,ЖАМБЫЛСКИЙ РАЙОН
447174,"Растениеводство и животноводство, охота и предоставление услуг в этих областях",false,,2384884000,883,3310341000,920,3747842000,846,584607000,1031,460282000,994,3390558000,957,2,"Сельское, лесное и рыбное хозяйство",АЛМАТИНСКАЯ ОБЛАСТЬ,ЖАМБЫЛСКИЙ РАЙОН
447175,Выращивание одно- или двухлетних культур,false,,2222601000,883,3185757000,920,x,846,222197000,1031,358798000,994,x,957,3,"Растениеводство и животноводство, охота и предоставление услуг в этих областях",АЛМАТИНСКАЯ ОБЛАСТЬ,ЖАМБЫЛСКИЙ РАЙОН
447176,"Выращивание зерновых (кроме риса), бобовых и масличных культур",false,,33160000,883,37757000,920,,,192557000,1031,358231000,994,,,4,Выращивание одно- или двухлетних культур,АЛМАТИНСКАЯ ОБЛАСТЬ,ЖАМБЫЛСКИЙ РАЙОН
3783380,"Выращивание зерновых и зернобобовых культур, включая семеноводство",true,,33160000,883,37757000,920,,,192557000,1031,358231000,994,,,5,"Выращивание зерновых (кроме риса), бобовых и масличных культур",АЛМАТИНСКАЯ ОБЛАСТЬ,ЖАМБЫЛСКИЙ РАЙОН
447181,"Выращивание овощей, бахчевых, корнеплодов и клубнеплодов",false,,2104750000,883,3148000000,920,x,846,,,567000,994,x,957,4,Выращивание одно- или двухлетних культур,АЛМАТИНСКАЯ ОБЛАСТЬ,ЖАМБЫЛСКИЙ РАЙОН
447183,"Выращивание овощей, их семян и рассады",true,,2104750000,883,3148000000,920,x,846,,,567000,994,x,957,5,"Выращивание овощей, бахчевых, корнеплодов и клубнеплодов",АЛМАТИНСКАЯ ОБЛАСТЬ,ЖАМБЫЛСКИЙ РАЙОН
447192,Выращивание прочих одно- или двухлетних культур,false,,84691000,883,,,,,29640000,1031,,,,,4,Выращивание одно- или двухлетних культур,АЛМАТИНСКАЯ ОБЛАСТЬ,ЖАМБЫЛСКИЙ РАЙОН
447193,Выращивание кормовых культур и их семян,true,,74941000,883,,,,,18740000,1031,,,,,5,Выращивание прочих одно- или двухлетних культур,АЛМАТИНСКАЯ ОБЛАСТЬ,ЖАМБЫЛСКИЙ РАЙОН
447195,"Выращивание прочих одно- или двухлетних культур, не включенных в другие группировки",true,,9750000,883,,,,,10900000,1031,,,,,5,Выращивание прочих одно- или двухлетних культур,АЛМАТИНСКАЯ ОБЛАСТЬ,ЖАМБЫЛСКИЙ РАЙОН
447196,Выращивание многолетних культур,false,,x,883,x,920,232164000,846,,,,,56000000,957,3,"Растениеводство и животноводство, охота и предоставление услуг в этих областях",АЛМАТИНСКАЯ ОБЛАСТЬ,ЖАМБЫЛСКИЙ РАЙОН
447203,Выращивание семечковых и косточковых плодов,false,,,,,,232164000,846,,,,,,,4,Выращивание многолетних культур,АЛМАТИНСКАЯ ОБЛАСТЬ,ЖАМБЫЛСКИЙ РАЙОН
447204,Выращивание семечковых и косточковых плодов,true,,,,,,232164000,846,,,,,,,5,Выращивание семечковых и косточковых плодов,АЛМАТИНСКАЯ ОБЛАСТЬ,ЖАМБЫЛСКИЙ РАЙОН
447205,"Выращивание прочих плодов, ягод и орехов",false,,x,883,x,920,,,,,,,56000000,957,4,Выращивание многолетних культур,АЛМАТИНСКАЯ ОБЛАСТЬ,ЖАМБЫЛСКИЙ РАЙОН
447206,"Выращивание прочих плодов, ягод и орехов",true,,x,883,x,920,,,,,,,56000000,957,5,"Выращивание прочих плодов, ягод и орехов",АЛМАТИНСКАЯ ОБЛАСТЬ,ЖАМБЫЛСКИЙ РАЙОН
447218,Животноводство,false,,42879000,883,35485000,920,31700000,846,214202000,1031,27280000,994,129703000,957,3,"Растениеводство и животноводство, охота и предоставление услуг в этих областях",АЛМАТИНСКАЯ ОБЛАСТЬ,ЖАМБЫЛСКИЙ РАЙОН
447219,Разведение крупного рогатого скота молочного направления,false,,,,,,x,846,17330000,1031,,,,,4,Животноводство,АЛМАТИНСКАЯ ОБЛАСТЬ,ЖАМБЫЛСКИЙ РАЙОН
447220,Разведение крупного рогатого скота молочного направления,true,,,,,,x,846,17330000,1031,,,,,5,Разведение крупного рогатого скота молочного направления,АЛМАТИНСКАЯ ОБЛАСТЬ,ЖАМБЫЛСКИЙ РАЙОН
447221,Разведение прочего крупного рогатого скота и буйволов,false,,5800000,883,7885000,920,,,35000000,1031,,,121703000,957,4,Животноводство,АЛМАТИНСКАЯ ОБЛАСТЬ,ЖАМБЫЛСКИЙ РАЙОН
447222,Разведение прочего крупного рогатого скота и буйволов,true,,5800000,883,7885000,920,,,35000000,1031,,,121703000,957,5,Разведение прочего крупного рогатого скота и буйволов,АЛМАТИНСКАЯ ОБЛАСТЬ,ЖАМБЫЛСКИЙ РАЙОН
447223,Разведение лошадей и прочих животных семейства лошадиных,false,,14280000,883,,,,,9730000,1031,,,,,4,Животноводство,АЛМАТИНСКАЯ ОБЛАСТЬ,ЖАМБЫЛСКИЙ РАЙОН
447224,Разведение лошадей,true,,14280000,883,,,,,9730000,1031,,,,,5,Разведение лошадей и прочих животных семейства лошадиных,АЛМАТИНСКАЯ ОБЛАСТЬ,ЖАМБЫЛСКИЙ РАЙОН
447228,Разведение овец и коз,false,,22799000,883,19300000,920,22800000,846,133073000,1031,16780000,994,8000000,957,4,Животноводство,АЛМАТИНСКАЯ ОБЛАСТЬ,ЖАМБЫЛСКИЙ РАЙОН
447229,Разведение овец и коз,true,,22799000,883,19300000,920,22800000,846,133073000,1031,16780000,994,8000000,957,5,Разведение овец и коз,АЛМАТИНСКАЯ ОБЛАСТЬ,ЖАМБЫЛСКИЙ РАЙОН
447237,Разведение прочих видов животных,false,,,,8300000,920,,,19069000,1031,10500000,994,,,4,Животноводство,АЛМАТИНСКАЯ ОБЛАСТЬ,ЖАМБЫЛСКИЙ РАЙОН
447238,Разведение прочих видов животных,true,,,,8300000,920,,,19069000,1031,10500000,994,,,5,Разведение прочих видов животных,АЛМАТИНСКАЯ ОБЛАСТЬ,ЖАМБЫЛСКИЙ РАЙОН
447239,Смешанное сельское хозяйство,false,,99179000,883,85813000,920,691590000,846,148208000,1031,68247000,994,95900000,957,3,"Растениеводство и животноводство, охота и предоставление услуг в этих областях",АЛМАТИНСКАЯ ОБЛАСТЬ,ЖАМБЫЛСКИЙ РАЙОН
447240,Смешанное сельское хозяйство,false,,99179000,883,85813000,920,691590000,846,148208000,1031,68247000,994,95900000,957,4,Смешанное сельское хозяйство,АЛМАТИНСКАЯ ОБЛАСТЬ,ЖАМБЫЛСКИЙ РАЙОН
447241,Смешанное сельское хозяйство,true,,99179000,883,85813000,920,691590000,846,148208000,1031,68247000,994,95900000,957,5,Смешанное сельское хозяйство,АЛМАТИНСКАЯ ОБЛАСТЬ,ЖАМБЫЛСКИЙ РАЙОН
18683346,"Деятельность, способствующая выращиванию сельскохозяйственных культур и разведению животных и деятельность по обработке урожая",false,,x,883,,,x,846,,,5957000,994,x,957,3,"Растениеводство и животноводство, охота и предоставление услуг в этих областях",АЛМАТИНСКАЯ ОБЛАСТЬ,ЖАМБЫЛСКИЙ РАЙОН
18683350,"Деятельность, способствующая животноводству",false,,x,883,,,x,846,,,5957000,994,x,957,4,"Деятельность, способствующая выращиванию сельскохозяйственных культур и разведению животных и деятельность по обработке урожая",АЛМАТИНСКАЯ ОБЛАСТЬ,ЖАМБЫЛСКИЙ РАЙОН
18683351,"Деятельность, способствующая животноводству",true,,x,883,,,x,846,,,5957000,994,x,957,5,"Деятельность, способствующая животноводству",АЛМАТИНСКАЯ ОБЛАСТЬ,ЖАМБЫЛСКИЙ РАЙОН
447268,Рыболовство и рыбоводство,false,,33807000,883,22256000,920,10679000,846,,,23083000,994,13987000,957,2,"Сельское, лесное и рыбное хозяйство",АЛМАТИНСКАЯ ОБЛАСТЬ,ЖАМБЫЛСКИЙ РАЙОН
447269,Рыболовство,false,,33807000,883,22256000,920,10679000,846,,,23083000,994,13987000,957,3,Рыболовство и рыбоводство,АЛМАТИНСКАЯ ОБЛАСТЬ,ЖАМБЫЛСКИЙ РАЙОН
447272,Пресноводное рыболовство,false,,33807000,883,22256000,920,10679000,846,,,23083000,994,13987000,957,4,Рыболовство,АЛМАТИНСКАЯ ОБЛАСТЬ,ЖАМБЫЛСКИЙ РАЙОН
447273,Пресноводное рыболовство,true,,33807000,883,22256000,920,10679000,846,,,23083000,994,13987000,957,5,Пресноводное рыболовство,АЛМАТИНСКАЯ ОБЛАСТЬ,ЖАМБЫЛСКИЙ РАЙОН
448148,Строительство,false,,981501000,883,925669000,920,1018278000,846,1707487000,1031,447850000,994,266162000,957,1,Всего,АЛМАТИНСКАЯ ОБЛАСТЬ,ЖАМБЫЛСКИЙ РАЙОН
18710963,Строительство зданий,false,,x,883,39185000,920,,,x,1031,,,,,2,Строительство,АЛМАТИНСКАЯ ОБЛАСТЬ,ЖАМБЫЛСКИЙ РАЙОН
18710967,Строительство жилых и нежилых зданий,false,,x,883,39185000,920,,,x,1031,,,,,3,Строительство зданий,АЛМАТИНСКАЯ ОБЛАСТЬ,ЖАМБЫЛСКИЙ РАЙОН
18710968,Строительство жилых и нежилых зданий,false,,x,883,39185000,920,,,x,1031,,,,,4,Строительство жилых и нежилых зданий,АЛМАТИНСКАЯ ОБЛАСТЬ,ЖАМБЫЛСКИЙ РАЙОН
18710969,Строительство жилых зданий,true,,,,,,,,x,1031,,,,,5,Строительство жилых и нежилых зданий,АЛМАТИНСКАЯ ОБЛАСТЬ,ЖАМБЫЛСКИЙ РАЙОН
18801543,"Строительство нежилых зданий, за исключением стационарных торговых объектов категорий 1, 2",true,,x,883,39185000,920,,,,,,,,,5,Строительство жилых и нежилых зданий,АЛМАТИНСКАЯ ОБЛАСТЬ,ЖАМБЫЛСКИЙ РАЙОН
448157,Гражданское строительство,false,,975827000,883,868268000,920,951731000,846,1648273000,1031,445999000,994,226048000,957,2,Строительство,АЛМАТИНСКАЯ ОБЛАСТЬ,ЖАМБЫЛСКИЙ РАЙОН
448158,Строительство автомобильных и железных дорог,false,,951127000,883,868268000,920,951731000,846,1648273000,1031,445999000,994,226048000,957,3,Гражданское строительство,АЛМАТИНСКАЯ ОБЛАСТЬ,ЖАМБЫЛСКИЙ РАЙОН
18696143,Строительство автомобильных дорог,false,,951127000,883,868268000,920,951731000,846,1648273000,1031,445999000,994,226048000,957,4,Строительство автомобильных и железных дорог,АЛМАТИНСКАЯ ОБЛАСТЬ,ЖАМБЫЛСКИЙ РАЙОН
18946136,Строительство дорог и автомагистралей,true,,951127000,883,868268000,920,858714000,846,1648273000,1031,445999000,994,226048000,957,5,Строительство автомобильных дорог,АЛМАТИНСКАЯ ОБЛАСТЬ,ЖАМБЫЛСКИЙ РАЙОН
18946137,"Деятельность по организации строительства, реконструкции, ремонта, платного движения и содержания автомобильных дорог (участков) общего пользования международного и республиканского значения",true,,,,,,93017000,846,,,,,,,5,Строительство автомобильных дорог,АЛМАТИНСКАЯ ОБЛАСТЬ,ЖАМБЫЛСКИЙ РАЙОН
448165,Строительство распределительных инженерных сооружений,false,,x,883,,,,,,,,,,,3,Гражданское строительство,АЛМАТИНСКАЯ ОБЛАСТЬ,ЖАМБЫЛСКИЙ РАЙОН
448166,Строительство трубопроводов,false,,x,883,,,,,,,,,,,4,Строительство распределительных инженерных сооружений,АЛМАТИНСКАЯ ОБЛАСТЬ,ЖАМБЫЛСКИЙ РАЙОН
448169,Строительство прочих трубопроводов,true,,x,883,,,,,,,,,,,5,Строительство трубопроводов,АЛМАТИНСКАЯ ОБЛАСТЬ,ЖАМБЫЛСКИЙ РАЙОН
448177,Специализированные строительные работы,false,,x,883,18216000,920,66547000,846,39482000,1031,x,994,x,957,2,Строительство,АЛМАТИНСКАЯ ОБЛАСТЬ,ЖАМБЫЛСКИЙ РАЙОН
448187,"Монтаж и установка электрического, водопроводного и прочего оборудования",false,,x,883,18216000,920,66547000,846,x,1031,x,994,x,957,3,Специализированные строительные работы,АЛМАТИНСКАЯ ОБЛАСТЬ,ЖАМБЫЛСКИЙ РАЙОН
448190,"Монтаж систем водоснабжения, отопления и кондиционирования воздуха",false,,,,,,x,846,,,,,,,4,"Монтаж и установка электрического, водопроводного и прочего оборудования",АЛМАТИНСКАЯ ОБЛАСТЬ,ЖАМБЫЛСКИЙ РАЙОН
448191,"Монтаж систем водоснабжения, отопления и кондиционирования воздуха",true,,,,,,x,846,,,,,,,5,"Монтаж систем водоснабжения, отопления и кондиционирования воздуха",АЛМАТИНСКАЯ ОБЛАСТЬ,ЖАМБЫЛСКИЙ РАЙОН
448192,Прочие строительно-монтажные работы,false,,x,883,18216000,920,24047000,846,x,1031,x,994,x,957,4,"Монтаж и установка электрического, водопроводного и прочего оборудования",АЛМАТИНСКАЯ ОБЛАСТЬ,ЖАМБЫЛСКИЙ РАЙОН
448194,"Прочие строительно-монтажные работы, не включенные в другие группировки",true,,x,883,18216000,920,24047000,846,x,1031,x,994,x,957,5,Прочие строительно-монтажные работы,АЛМАТИНСКАЯ ОБЛАСТЬ,ЖАМБЫЛСКИЙ РАЙОН
448207,Прочие специализированные строительные работы,false,,,,,,,,36356000,1031,,,,,3,Специализированные строительные работы,АЛМАТИНСКАЯ ОБЛАСТЬ,ЖАМБЫЛСКИЙ РАЙОН
448210,"Прочие специализированные строительные работы, не включенные в другие группировки",false,,,,,,,,36356000,1031,,,,,4,Прочие специализированные строительные работы,АЛМАТИНСКАЯ ОБЛАСТЬ,ЖАМБЫЛСКИЙ РАЙОН
448214,"Прочие строительные работы, требующие специальной квалификации",true,,,,,,,,36356000,1031,,,,,5,"Прочие специализированные строительные работы, не включенные в другие группировки",АЛМАТИНСКАЯ ОБЛАСТЬ,ЖАМБЫЛСКИЙ РАЙОН
448215,Оптовая и розничная торговля; ремонт автомобилей и мотоциклов,false,,x,883,124094000,920,1459000,846,x,1031,30922000,994,1596684000,957,1,Всего,АЛМАТИНСКАЯ ОБЛАСТЬ,ЖАМБЫЛСКИЙ РАЙОН
448237,"Оптовая торговля, за исключением торговли автомобилями и мотоциклами",false,,,,,,,,x,1031,14463000,994,,,2,Оптовая и розничная торговля; ремонт автомобилей и мотоциклов,АЛМАТИНСКАЯ ОБЛАСТЬ,ЖАМБЫЛСКИЙ РАЙОН
448267,"Оптовая торговля продуктами питания, напитками и табачными изделиями",false,,,,,,,,x,1031,,,,,3,"Оптовая торговля, за исключением торговли автомобилями и мотоциклами",АЛМАТИНСКАЯ ОБЛАСТЬ,ЖАМБЫЛСКИЙ РАЙОН
448272,"Оптовая торговля молочными продуктами, яйцами и пищевыми маслами и жирами",false,,,,,,,,x,1031,,,,,4,"Оптовая торговля продуктами питания, напитками и табачными изделиями",АЛМАТИНСКАЯ ОБЛАСТЬ,ЖАМБЫЛСКИЙ РАЙОН
448273,"Оптовая торговля молочными продуктами, яйцами и пищевыми маслами и жирами",true,,,,,,,,x,1031,,,,,5,"Оптовая торговля молочными продуктами, яйцами и пищевыми маслами и жирами",АЛМАТИНСКАЯ ОБЛАСТЬ,ЖАМБЫЛСКИЙ РАЙОН
448331,Прочая специализированная оптовая торговля ,false,,,,,,,,,,14463000,994,,,3,"Оптовая торговля, за исключением торговли автомобилями и мотоциклами",АЛМАТИНСКАЯ ОБЛАСТЬ,ЖАМБЫЛСКИЙ РАЙОН
448332,"Оптовая торговля твердым, жидким и газообразным топливом и подобными продуктами",false,,,,,,,,,,14463000,994,,,4,Прочая специализированная оптовая торговля ,АЛМАТИНСКАЯ ОБЛАСТЬ,ЖАМБЫЛСКИЙ РАЙОН
448341,Оптовая торговля прочим топливом,true,,,,,,,,,,14463000,994,,,5,"Оптовая торговля твердым, жидким и газообразным топливом и подобными продуктами",АЛМАТИНСКАЯ ОБЛАСТЬ,ЖАМБЫЛСКИЙ РАЙОН
448377,"Розничная торговля, кроме торговли автомобилями и мотоциклами",false,,x,883,124094000,920,1459000,846,,,16459000,994,1596684000,957,2,Оптовая и розничная торговля; ремонт автомобилей и мотоциклов,АЛМАТИНСКАЯ ОБЛАСТЬ,ЖАМБЫЛСКИЙ РАЙОН
448399,Розничная торговля топливом в специализированных магазинах,false,,x,883,x,920,913000,846,,,16459000,994,x,957,3,"Розничная торговля, кроме торговли автомобилями и мотоциклами",АЛМАТИНСКАЯ ОБЛАСТЬ,ЖАМБЫЛСКИЙ РАЙОН
448400,Розничная торговля топливом в специализированных магазинах,false,,x,883,x,920,913000,846,,,16459000,994,x,957,4,Розничная торговля топливом в специализированных магазинах,АЛМАТИНСКАЯ ОБЛАСТЬ,ЖАМБЫЛСКИЙ РАЙОН
20576124,"Розничная торговля моторным топливом в специализированных магазинах, за исключением находящихся на придорожной полосе",true,,x,883,x,920,,,,,16459000,994,x,957,5,Розничная торговля топливом в специализированных магазинах,АЛМАТИНСКАЯ ОБЛАСТЬ,ЖАМБЫЛСКИЙ РАЙОН
18951442,Розничная торговля моторным топливом в специализированных магазинах,true,,,,,,913000,846,,,,,,,5,Розничная торговля топливом в специализированных магазинах,АЛМАТИНСКАЯ ОБЛАСТЬ,ЖАМБЫЛСКИЙ РАЙОН
448409,Розничная торговля прочими бытовыми товарами в специализированных магазинах ,false,,,,x,920,,,,,,,,,3,"Розничная торговля, кроме торговли автомобилями и мотоциклами",АЛМАТИНСКАЯ ОБЛАСТЬ,ЖАМБЫЛСКИЙ РАЙОН
448416,Розничная торговля электрическими бытовыми приборами в специализированных магазинах,false,,,,x,920,,,,,,,,,4,Розничная торговля прочими бытовыми товарами в специализированных магазинах ,АЛМАТИНСКАЯ ОБЛАСТЬ,ЖАМБЫЛСКИЙ РАЙОН
3647962,"Розничная торговля электрическими бытовыми приборами в специализированных магазинах, являющихся торговыми объектами, с торговой площадью менее 2000 кв.м",true,,,,x,920,,,,,,,,,5,Розничная торговля электрическими бытовыми приборами в специализированных магазинах,АЛМАТИНСКАЯ ОБЛАСТЬ,ЖАМБЫЛСКИЙ РАЙОН
448433,Розничная торговля прочими товарами в специализированных магазинах,false,,,,,,x,846,,,,,x,957,3,"Розничная торговля, кроме торговли автомобилями и мотоциклами",АЛМАТИНСКАЯ ОБЛАСТЬ,ЖАМБЫЛСКИЙ РАЙОН
448437,Розничная торговля обувью и кожаными изделиями в специализированных магазинах,false,,,,,,,,,,,,x,957,4,Розничная торговля прочими товарами в специализированных магазинах,АЛМАТИНСКАЯ ОБЛАСТЬ,ЖАМБЫЛСКИЙ РАЙОН
448438,"Розничная торговля обувью в специализированных магазинах, являющихся торговыми объектами, с торговой площадью менее 2000 кв.м",true,,,,,,,,,,,,x,957,5,Розничная торговля обувью и кожаными изделиями в специализированных магазинах,АЛМАТИНСКАЯ ОБЛАСТЬ,ЖАМБЫЛСКИЙ РАЙОН
448440,Розничная торговля фармацевтическими товарами в специализированных магазинах,false,,,,,,x,846,,,,,,,4,Розничная торговля прочими товарами в специализированных магазинах,АЛМАТИНСКАЯ ОБЛАСТЬ,ЖАМБЫЛСКИЙ РАЙОН
3647981,"Розничная торговля фармацевтическими товарами в специализированных магазинах, являющихся торговыми объектами, с торговой площадью менее 2000 кв.м",true,,,,,,x,846,,,,,,,5,Розничная торговля фармацевтическими товарами в специализированных магазинах,АЛМАТИНСКАЯ ОБЛАСТЬ,ЖАМБЫЛСКИЙ РАЙОН
448475,Транспорт и складирование,false,,5987875000,883,10185429000,920,11780566000,846,74055510000,1031,24954190000,994,12882953000,957,1,Всего,АЛМАТИНСКАЯ ОБЛАСТЬ,ЖАМБЫЛСКИЙ РАЙОН
448476,Деятельность сухопутного и трубопроводного транспорта ,false,,860765000,883,659355000,920,x,846,26202000,1031,5162718000,994,579699000,957,2,Транспорт и складирование,АЛМАТИНСКАЯ ОБЛАСТЬ,ЖАМБЫЛСКИЙ РАЙОН
448477,Деятельность пассажирского железнодорожного транспорта в междугородном сообщении,false,,x,883,x,920,,,,,254723000,994,x,957,3,Деятельность сухопутного и трубопроводного транспорта ,АЛМАТИНСКАЯ ОБЛАСТЬ,ЖАМБЫЛСКИЙ РАЙОН
448478,Деятельность пассажирского железнодорожного транспорта в междугородном сообщении,false,,x,883,x,920,,,,,254723000,994,x,957,4,Деятельность пассажирского железнодорожного транспорта в междугородном сообщении,АЛМАТИНСКАЯ ОБЛАСТЬ,ЖАМБЫЛСКИЙ РАЙОН
448479,Деятельность пассажирского железнодорожного транспорта в междугородном сообщении,true,,x,883,x,920,,,,,254723000,994,x,957,5,Деятельность пассажирского железнодорожного транспорта в междугородном сообщении,АЛМАТИНСКАЯ ОБЛАСТЬ,ЖАМБЫЛСКИЙ РАЙОН
448494,Деятельность грузового автомобильного транспорта и предоставление услуг по переезду ,false,,x,883,,,,,,,,,,,3,Деятельность сухопутного и трубопроводного транспорта ,АЛМАТИНСКАЯ ОБЛАСТЬ,ЖАМБЫЛСКИЙ РАЙОН
448495,Деятельность грузового автомобильного транспорта,false,,x,883,,,,,,,,,,,4,Деятельность грузового автомобильного транспорта и предоставление услуг по переезду ,АЛМАТИНСКАЯ ОБЛАСТЬ,ЖАМБЫЛСКИЙ РАЙОН
448496,Деятельность грузового автомобильного транспорта,true,,x,883,,,,,,,,,,,5,Деятельность грузового автомобильного транспорта,АЛМАТИНСКАЯ ОБЛАСТЬ,ЖАМБЫЛСКИЙ РАЙОН
448499,Деятельность трубопроводного транспорта,false,,741572000,883,656165000,920,x,846,26202000,1031,4907995000,994,108360000,957,3,Деятельность сухопутного и трубопроводного транспорта ,АЛМАТИНСКАЯ ОБЛАСТЬ,ЖАМБЫЛСКИЙ РАЙОН
448500,Деятельность трубопроводного транспорта,false,,741572000,883,656165000,920,x,846,26202000,1031,4907995000,994,108360000,957,4,Деятельность трубопроводного транспорта,АЛМАТИНСКАЯ ОБЛАСТЬ,ЖАМБЫЛСКИЙ РАЙОН
448501,Деятельность трубопроводного транспорта,true,,741572000,883,656165000,920,x,846,26202000,1031,4907995000,994,108360000,957,5,Деятельность трубопроводного транспорта,АЛМАТИНСКАЯ ОБЛАСТЬ,ЖАМБЫЛСКИЙ РАЙОН
448527,Складирование грузов и вспомогательная транспортная деятельность,false,,5127110000,883,9526074000,920,11067816000,846,74029308000,1031,19791472000,994,12303254000,957,2,Транспорт и складирование,АЛМАТИНСКАЯ ОБЛАСТЬ,ЖАМБЫЛСКИЙ РАЙОН
448528,Складирование и хранение грузов,false,,,,,,,,,,x,994,,,3,Складирование грузов и вспомогательная транспортная деятельность,АЛМАТИНСКАЯ ОБЛАСТЬ,ЖАМБЫЛСКИЙ РАЙОН
448529,Складирование и хранение грузов,false,,,,,,,,,,x,994,,,4,Складирование и хранение грузов,АЛМАТИНСКАЯ ОБЛАСТЬ,ЖАМБЫЛСКИЙ РАЙОН
20576309,Складирование и хранение овощей и фруктов,true,,,,,,,,,,x,994,,,5,Складирование и хранение грузов,АЛМАТИНСКАЯ ОБЛАСТЬ,ЖАМБЫЛСКИЙ РАЙОН
448533,Вспомогательная транспортная деятельность,false,,5127110000,883,9526074000,920,11067816000,846,74029308000,1031,19713472000,994,12303254000,957,3,Складирование грузов и вспомогательная транспортная деятельность,АЛМАТИНСКАЯ ОБЛАСТЬ,ЖАМБЫЛСКИЙ РАЙОН
448534,Вспомогательная деятельность сухопутного транспорта,false,,5127110000,883,9526074000,920,11067816000,846,74029308000,1031,19713472000,994,12303254000,957,4,Вспомогательная транспортная деятельность,АЛМАТИНСКАЯ ОБЛАСТЬ,ЖАМБЫЛСКИЙ РАЙОН
448535,Эксплуатация железных дорог,true,,,,,,,,6776653000,1031,,,,,5,Вспомогательная деятельность сухопутного транспорта,АЛМАТИНСКАЯ ОБЛАСТЬ,ЖАМБЫЛСКИЙ РАЙОН
448536,Эксплуатация автомобильных дорог,true,,5127110000,883,9526074000,920,11067816000,846,67252655000,1031,19713472000,994,12303254000,957,5,Вспомогательная деятельность сухопутного транспорта,АЛМАТИНСКАЯ ОБЛАСТЬ,ЖАМБЫЛСКИЙ РАЙОН
448558,Предоставление услуг по проживанию и питанию,false,,31923000,883,1015563000,920,x,846,225099000,1031,x,994,918492000,957,1,Всего,АЛМАТИНСКАЯ ОБЛАСТЬ,ЖАМБЫЛСКИЙ РАЙОН
3783427,Предоставление услуг по временному проживанию,false,,31923000,883,1012863000,920,x,846,2466000,1031,x,994,918492000,957,2,Предоставление услуг по проживанию и питанию,АЛМАТИНСКАЯ ОБЛАСТЬ,ЖАМБЫЛСКИЙ РАЙОН
3783432,Предоставление жилья на выходные дни и прочие периоды краткосрочного проживания,false,,x,883,x,920,x,846,2466000,1031,x,994,x,957,3,Предоставление услуг по временному проживанию,АЛМАТИНСКАЯ ОБЛАСТЬ,ЖАМБЫЛСКИЙ РАЙОН
3783433,Предоставление жилья на выходные дни и прочие периоды краткосрочного проживания,false,,x,883,x,920,x,846,2466000,1031,x,994,x,957,4,Предоставление жилья на выходные дни и прочие периоды краткосрочного проживания,АЛМАТИНСКАЯ ОБЛАСТЬ,ЖАМБЫЛСКИЙ РАЙОН
3783434,Предоставление жилья на выходные дни и прочие периоды краткосрочного проживания,true,,x,883,x,920,x,846,2466000,1031,x,994,x,957,5,Предоставление жилья на выходные дни и прочие периоды краткосрочного проживания,АЛМАТИНСКАЯ ОБЛАСТЬ,ЖАМБЫЛСКИЙ РАЙОН
3783441,Предоставление услуг прочими местами для проживания,false,,31169000,883,923000000,920,,,,,,,917512000,957,3,Предоставление услуг по временному проживанию,АЛМАТИНСКАЯ ОБЛАСТЬ,ЖАМБЫЛСКИЙ РАЙОН
3783442,Предоставление услуг прочими местами для проживания,false,,31169000,883,923000000,920,,,,,,,917512000,957,4,Предоставление услуг прочими местами для проживания,АЛМАТИНСКАЯ ОБЛАСТЬ,ЖАМБЫЛСКИЙ РАЙОН
20576357,"Предоставление услуг прочими местами для проживания, не включенными в другие категории",true,,31169000,883,923000000,920,,,,,,,917512000,957,5,Предоставление услуг прочими местами для проживания,АЛМАТИНСКАЯ ОБЛАСТЬ,ЖАМБЫЛСКИЙ РАЙОН
448573,Предоставление услуг по обеспечению питанием и напитками,false,,,,x,920,,,222633000,1031,,,,,2,Предоставление услуг по проживанию и питанию,АЛМАТИНСКАЯ ОБЛАСТЬ,ЖАМБЫЛСКИЙ РАЙОН
448574,Деятельность ресторанов и предоставление услуг по доставке продуктов питания,false,,,,,,,,222633000,1031,,,,,3,Предоставление услуг по обеспечению питанием и напитками,АЛМАТИНСКАЯ ОБЛАСТЬ,ЖАМБЫЛСКИЙ РАЙОН
448575,Деятельность ресторанов и предоставление услуг по доставке продуктов питания,false,,,,,,,,222633000,1031,,,,,4,Деятельность ресторанов и предоставление услуг по доставке продуктов питания,АЛМАТИНСКАЯ ОБЛАСТЬ,ЖАМБЫЛСКИЙ РАЙОН
20576362,"Деятельность ресторанов и предоставление услуг по доставке продуктов питания, за исключением деятельности объектов, находящихся на придорожной полосе",true,,,,,,,,222633000,1031,,,,,5,Деятельность ресторанов и предоставление услуг по доставке продуктов питания,АЛМАТИНСКАЯ ОБЛАСТЬ,ЖАМБЫЛСКИЙ РАЙОН
448577,Доставка готовой пищи на заказ и прочая деятельность по обеспечению питанием,false,,,,x,920,,,,,,,,,3,Предоставление услуг по обеспечению питанием и напитками,АЛМАТИНСКАЯ ОБЛАСТЬ,ЖАМБЫЛСКИЙ РАЙОН
448578,Доставка готовой пищи на заказ,false,,,,x,920,,,,,,,,,4,Доставка готовой пищи на заказ и прочая деятельность по обеспечению питанием,АЛМАТИНСКАЯ ОБЛАСТЬ,ЖАМБЫЛСКИЙ РАЙОН
448579,Доставка готовой пищи на заказ,true,,,,x,920,,,,,,,,,5,Доставка готовой пищи на заказ,АЛМАТИНСКАЯ ОБЛАСТЬ,ЖАМБЫЛСКИЙ РАЙОН
448585,Информация и связь,false,,245412000,883,x,920,11822000,846,255588000,1031,,,8088000,957,1,Всего,АЛМАТИНСКАЯ ОБЛАСТЬ,ЖАМБЫЛСКИЙ РАЙОН
448623,Телекоммуникации,false,,245412000,883,x,920,11822000,846,255588000,1031,,,8088000,957,2,Информация и связь,АЛМАТИНСКАЯ ОБЛАСТЬ,ЖАМБЫЛСКИЙ РАЙОН
18696628,Проводная телекоммуникационная связь,false,,,,,,,,69931000,1031,,,,,3,Телекоммуникации,АЛМАТИНСКАЯ ОБЛАСТЬ,ЖАМБЫЛСКИЙ РАЙОН
18696629,Проводная телекоммуникационная связь,false,,,,,,,,69931000,1031,,,,,4,Проводная телекоммуникационная связь,АЛМАТИНСКАЯ ОБЛАСТЬ,ЖАМБЫЛСКИЙ РАЙОН
18946146,Прочая проводная телекоммуникационная связь,true,,,,,,,,69931000,1031,,,,,5,Проводная телекоммуникационная связь,АЛМАТИНСКАЯ ОБЛАСТЬ,ЖАМБЫЛСКИЙ РАЙОН
448627,Беспроводная телекоммуникационная связь,false,,206965000,883,,,,,,,,,8088000,957,3,Телекоммуникации,АЛМАТИНСКАЯ ОБЛАСТЬ,ЖАМБЫЛСКИЙ РАЙОН
448628,Беспроводная телекоммуникационная связь,false,,206965000,883,,,,,,,,,8088000,957,4,Беспроводная телекоммуникационная связь,АЛМАТИНСКАЯ ОБЛАСТЬ,ЖАМБЫЛСКИЙ РАЙОН
18946149,Прочая беспроводная телекоммуникационная связь,true,,206965000,883,,,,,,,,,8088000,957,5,Беспроводная телекоммуникационная связь,АЛМАТИНСКАЯ ОБЛАСТЬ,ЖАМБЫЛСКИЙ РАЙОН
448633,Прочая деятельность в области телекоммуникаций,false,,x,883,x,920,11822000,846,185657000,1031,,,,,3,Телекоммуникации,АЛМАТИНСКАЯ ОБЛАСТЬ,ЖАМБЫЛСКИЙ РАЙОН
448634,Прочая деятельность в области телекоммуникаций,false,,x,883,x,920,11822000,846,185657000,1031,,,,,4,Прочая деятельность в области телекоммуникаций,АЛМАТИНСКАЯ ОБЛАСТЬ,ЖАМБЫЛСКИЙ РАЙОН
18946154,"Прочая деятельность в области телекоммуникаций, не включенная в другие группировки",true,,x,883,x,920,11822000,846,185657000,1031,,,,,5,Прочая деятельность в области телекоммуникаций,АЛМАТИНСКАЯ ОБЛАСТЬ,ЖАМБЫЛСКИЙ РАЙОН
448658,Финансовая и страховая деятельность,false,,x,883,x,920,x,846,,,x,994,,,1,Всего,АЛМАТИНСКАЯ ОБЛАСТЬ,ЖАМБЫЛСКИЙ РАЙОН
448659,"Финансовое посредничество, кроме страхования и пенсионного обеспечения",false,,x,883,x,920,x,846,,,x,994,,,2,Финансовая и страховая деятельность,АЛМАТИНСКАЯ ОБЛАСТЬ,ЖАМБЫЛСКИЙ РАЙОН
448673,"Прочее финансовое посредничество, кроме страхования и пенсионного обеспечения",false,,x,883,x,920,x,846,,,x,994,,,3,"Финансовое посредничество, кроме страхования и пенсионного обеспечения",АЛМАТИНСКАЯ ОБЛАСТЬ,ЖАМБЫЛСКИЙ РАЙОН
448676,Прочие виды кредитования,false,,x,883,x,920,x,846,,,x,994,,,4,"Прочее финансовое посредничество, кроме страхования и пенсионного обеспечения",АЛМАТИНСКАЯ ОБЛАСТЬ,ЖАМБЫЛСКИЙ РАЙОН
448677,Деятельность ломбардов,true,,x,883,x,920,x,846,,,x,994,,,5,Прочие виды кредитования,АЛМАТИНСКАЯ ОБЛАСТЬ,ЖАМБЫЛСКИЙ РАЙОН
448714,Операции с недвижимым имуществом,false,,2512261000,883,3343787000,920,2343300000,846,8595261000,1031,6938844000,994,4616823000,957,1,Всего,АЛМАТИНСКАЯ ОБЛАСТЬ,ЖАМБЫЛСКИЙ РАЙОН
448715,Операции с недвижимым имуществом,false,,2512261000,883,3343787000,920,2343300000,846,8595261000,1031,6938844000,994,4616823000,957,2,Операции с недвижимым имуществом,АЛМАТИНСКАЯ ОБЛАСТЬ,ЖАМБЫЛСКИЙ РАЙОН
448716,Покупка и продажа собственного недвижимого имущества ,false,,2512261000,883,3343787000,920,2343300000,846,8595261000,1031,6938844000,994,4616823000,957,3,Операции с недвижимым имуществом,АЛМАТИНСКАЯ ОБЛАСТЬ,ЖАМБЫЛСКИЙ РАЙОН
448717,Покупка и продажа собственного недвижимого имущества ,false,,2512261000,883,3343787000,920,2343300000,846,8595261000,1031,6938844000,994,4616823000,957,4,Покупка и продажа собственного недвижимого имущества ,АЛМАТИНСКАЯ ОБЛАСТЬ,ЖАМБЫЛСКИЙ РАЙОН
543091,Покупка и продажа многоквартирных и жилых домов (особняков),true,,2512261000,883,3343787000,920,2343300000,846,8595261000,1031,6938844000,994,4616823000,957,5,Покупка и продажа собственного недвижимого имущества ,АЛМАТИНСКАЯ ОБЛАСТЬ,ЖАМБЫЛСКИЙ РАЙОН
448728,"Профессиональная, научная и техническая деятельность",false,,50487000,883,201797000,920,120639000,846,3669000,1031,6191000,994,56666000,957,1,Всего,АЛМАТИНСКАЯ ОБЛАСТЬ,ЖАМБЫЛСКИЙ РАЙОН
448729,Деятельность в области права и бухгалтерского учета,false,,x,883,x,920,x,846,345000,1031,2799000,994,x,957,2,"Профессиональная, научная и техническая деятельность",АЛМАТИНСКАЯ ОБЛАСТЬ,ЖАМБЫЛСКИЙ РАЙОН
448735,Деятельность в области бухгалтерского учета и аудита; консультирование по налогообложению,false,,x,883,x,920,x,846,345000,1031,2799000,994,x,957,3,Деятельность в области права и бухгалтерского учета,АЛМАТИНСКАЯ ОБЛАСТЬ,ЖАМБЫЛСКИЙ РАЙОН
448736,Деятельность в области бухгалтерского учета и аудита; консультирование по налогообложению,false,,x,883,x,920,x,846,345000,1031,2799000,994,x,957,4,Деятельность в области бухгалтерского учета и аудита; консультирование по налогообложению,АЛМАТИНСКАЯ ОБЛАСТЬ,ЖАМБЫЛСКИЙ РАЙОН
19197023,"Деятельность в области бухгалтерского, налогового учета и казначейских операций для национального управляющего холдинга",true,,x,883,x,920,x,846,345000,1031,2799000,994,x,957,5,Деятельность в области бухгалтерского учета и аудита; консультирование по налогообложению,АЛМАТИНСКАЯ ОБЛАСТЬ,ЖАМБЫЛСКИЙ РАЙОН
448747,"Деятельность в области архитектуры, инженерных изысканий, технических испытаний и анализа",false,,,,201074000,920,,,x,1031,x,994,x,957,2,"Профессиональная, научная и техническая деятельность",АЛМАТИНСКАЯ ОБЛАСТЬ,ЖАМБЫЛСКИЙ РАЙОН
448748,"Деятельность в области архитектуры, инженерных изысканий и предоставление технических консультаций в этих областях",false,,,,201074000,920,,,x,1031,x,994,x,957,3,"Деятельность в области архитектуры, инженерных изысканий, технических испытаний и анализа",АЛМАТИНСКАЯ ОБЛАСТЬ,ЖАМБЫЛСКИЙ РАЙОН
448751,Деятельность в области инженерных изысканий и предоставление технических консультаций в этой области,false,,,,201074000,920,,,x,1031,x,994,x,957,4,"Деятельность в области архитектуры, инженерных изысканий и предоставление технических консультаций в этих областях",АЛМАТИНСКАЯ ОБЛАСТЬ,ЖАМБЫЛСКИЙ РАЙОН
18951463,"Деятельность в области инженерно-технического проектирования, за исключением объектов атомной промышленности и атомной энергетики",true,,,,201074000,920,,,x,1031,x,994,x,957,5,Деятельность в области инженерных изысканий и предоставление технических консультаций в этой области,АЛМАТИНСКАЯ ОБЛАСТЬ,ЖАМБЫЛСКИЙ РАЙОН
448761,Научные исследования и разработки,false,,50285000,883,,,120519000,846,,,,,,,2,"Профессиональная, научная и техническая деятельность",АЛМАТИНСКАЯ ОБЛАСТЬ,ЖАМБЫЛСКИЙ РАЙОН
448762,Научные исследования и экспериментальные разработки в области естественных и технических наук ,false,,50285000,883,,,120519000,846,,,,,,,3,Научные исследования и разработки,АЛМАТИНСКАЯ ОБЛАСТЬ,ЖАМБЫЛСКИЙ РАЙОН
448765,Прочие научные исследования и экспериментальные разработки в области естественных и технических наук ,false,,50285000,883,,,120519000,846,,,,,,,4,Научные исследования и экспериментальные разработки в области естественных и технических наук ,АЛМАТИНСКАЯ ОБЛАСТЬ,ЖАМБЫЛСКИЙ РАЙОН
18946182,"Научные исследования и экспериментальные разработки в области проектирования, строительства, ремонта, содержания и диагностики автомобильных дорог и мостовых сооружений",true,,50285000,883,,,120519000,846,,,,,,,5,Прочие научные исследования и экспериментальные разработки в области естественных и технических наук ,АЛМАТИНСКАЯ ОБЛАСТЬ,ЖАМБЫЛСКИЙ РАЙОН
448797,Деятельность в области административного и вспомогательного обслуживания,false,,,,,,139000,846,,,15159000,994,5994000,957,1,Всего,АЛМАТИНСКАЯ ОБЛАСТЬ,ЖАМБЫЛСКИЙ РАЙОН
448856,Деятельность по обслуживанию зданий и благоустройству территорий,false,,,,,,,,,,15159000,994,5994000,957,2,Деятельность в области административного и вспомогательного обслуживания,АЛМАТИНСКАЯ ОБЛАСТЬ,ЖАМБЫЛСКИЙ РАЙОН
448867,Деятельность по благоустройству территорий,false,,,,,,,,,,15159000,994,5994000,957,3,Деятельность по обслуживанию зданий и благоустройству территорий,АЛМАТИНСКАЯ ОБЛАСТЬ,ЖАМБЫЛСКИЙ РАЙОН
448868,Деятельность по благоустройству территорий,false,,,,,,,,,,15159000,994,5994000,957,4,Деятельность по благоустройству территорий,АЛМАТИНСКАЯ ОБЛАСТЬ,ЖАМБЫЛСКИЙ РАЙОН
448869,Деятельность по благоустройству территорий,true,,,,,,,,,,15159000,994,5994000,957,5,Деятельность по благоустройству территорий,АЛМАТИНСКАЯ ОБЛАСТЬ,ЖАМБЫЛСКИЙ РАЙОН
448870,"Деятельность в области офисного административного и вспомогательного обслуживания, направленная на поддержание коммерческой деятельности",false,,,,,,139000,846,,,,,,,2,Деятельность в области административного и вспомогательного обслуживания,АЛМАТИНСКАЯ ОБЛАСТЬ,ЖАМБЫЛСКИЙ РАЙОН
448882,"Деятельность по предоставлению вспомогательных коммерческих услуг, не включенная в другие группировки",false,,,,,,139000,846,,,,,,,3,"Деятельность в области офисного административного и вспомогательного обслуживания, направленная на поддержание коммерческой деятельности",АЛМАТИНСКАЯ ОБЛАСТЬ,ЖАМБЫЛСКИЙ РАЙОН
448887,"Прочая деятельность по предоставлению вспомогательных коммерческих услуг, не включенная в другие группировки",false,,,,,,139000,846,,,,,,,4,"Деятельность по предоставлению вспомогательных коммерческих услуг, не включенная в другие группировки",АЛМАТИНСКАЯ ОБЛАСТЬ,ЖАМБЫЛСКИЙ РАЙОН
448888,"Прочая деятельность по предоставлению вспомогательных коммерческих услуг, не включенная в другие группировки",true,,,,,,139000,846,,,,,,,5,"Прочая деятельность по предоставлению вспомогательных коммерческих услуг, не включенная в другие группировки",АЛМАТИНСКАЯ ОБЛАСТЬ,ЖАМБЫЛСКИЙ РАЙОН
448889,Государственное управление и оборона; обязательное  социальное обеспечение,false,,156235000,883,215940000,920,11917000,846,70715000,1031,117050000,994,5200000,957,1,Всего,АЛМАТИНСКАЯ ОБЛАСТЬ,ЖАМБЫЛСКИЙ РАЙОН
448890,Государственное управление и оборона; обязательное социальное обеспечение,false,,156235000,883,215940000,920,11917000,846,70715000,1031,117050000,994,5200000,957,2,Государственное управление и оборона; обязательное  социальное обеспечение,АЛМАТИНСКАЯ ОБЛАСТЬ,ЖАМБЫЛСКИЙ РАЙОН
448891,Государственное управление общего характера и управление социально-экономическое политикой общества,false,,156235000,883,215940000,920,11917000,846,70715000,1031,117050000,994,5200000,957,3,Государственное управление и оборона; обязательное социальное обеспечение,АЛМАТИНСКАЯ ОБЛАСТЬ,ЖАМБЫЛСКИЙ РАЙОН
448892,Государственное управление общего характера,false,,155410000,883,214071000,920,11917000,846,57719000,1031,117050000,994,5200000,957,4,Государственное управление общего характера и управление социально-экономическое политикой общества,АЛМАТИНСКАЯ ОБЛАСТЬ,ЖАМБЫЛСКИЙ РАЙОН
448895,Деятельность местных органов управления,true,,,,198184000,920,9560000,846,25752000,1031,115155000,994,5000000,957,5,Государственное управление общего характера,АЛМАТИНСКАЯ ОБЛАСТЬ,ЖАМБЫЛСКИЙ РАЙОН
448896,Деятельность сельских и поселковых органов управления,true,,155410000,883,15887000,920,2357000,846,31967000,1031,1895000,994,x,957,5,Государственное управление общего характера,АЛМАТИНСКАЯ ОБЛАСТЬ,ЖАМБЫЛСКИЙ РАЙОН
448900,"Регулирование деятельности учреждений здравоохранения, образования, культуры и других социальных услуг, кроме социального обеспечения ",false,,x,883,1869000,920,,,,,,,,,4,Государственное управление общего характера и управление социально-экономическое политикой общества,АЛМАТИНСКАЯ ОБЛАСТЬ,ЖАМБЫЛСКИЙ РАЙОН
448901,"Регулирование деятельности учреждений здравоохранения, образования, культуры и других социальных услуг, кроме социального обеспечения ",true,,x,883,1869000,920,,,,,,,,,5,"Регулирование деятельности учреждений здравоохранения, образования, культуры и других социальных услуг, кроме социального обеспечения ",АЛМАТИНСКАЯ ОБЛАСТЬ,ЖАМБЫЛСКИЙ РАЙОН
448902,Регулирование и содействие эффективному ведению экономической деятельности,false,,x,883,,,,,12996000,1031,,,,,4,Государственное управление общего характера и управление социально-экономическое политикой общества,АЛМАТИНСКАЯ ОБЛАСТЬ,ЖАМБЫЛСКИЙ РАЙОН
448903,Регулирование и содействие эффективному ведению экономической деятельности,true,,x,883,,,,,12996000,1031,,,,,5,Регулирование и содействие эффективному ведению экономической деятельности,АЛМАТИНСКАЯ ОБЛАСТЬ,ЖАМБЫЛСКИЙ РАЙОН
448918,Образование,false,,2910043000,883,1681944000,920,926418000,846,13257381000,1031,417581000,994,7005073000,957,1,Всего,АЛМАТИНСКАЯ ОБЛАСТЬ,ЖАМБЫЛСКИЙ РАЙОН
448919,Образование,false,,2910043000,883,1681944000,920,926418000,846,13257381000,1031,417581000,994,7005073000,957,2,Образование,АЛМАТИНСКАЯ ОБЛАСТЬ,ЖАМБЫЛСКИЙ РАЙОН
448920,Дошкольное образование,false,,515186000,883,6474000,920,24302000,846,2827000,1031,,,,,3,Образование,АЛМАТИНСКАЯ ОБЛАСТЬ,ЖАМБЫЛСКИЙ РАЙОН
448921,Дошкольное образование,false,,515186000,883,6474000,920,24302000,846,2827000,1031,,,,,4,Дошкольное образование,АЛМАТИНСКАЯ ОБЛАСТЬ,ЖАМБЫЛСКИЙ РАЙОН
448922,Дошкольное образование,true,,515186000,883,6474000,920,24302000,846,2827000,1031,,,,,5,Дошкольное образование,АЛМАТИНСКАЯ ОБЛАСТЬ,ЖАМБЫЛСКИЙ РАЙОН
448926,Среднее образование (2-й и 3-й уровни),false,,2394857000,883,1672470000,920,890035000,846,13254554000,1031,386485000,994,7005073000,957,3,Образование,АЛМАТИНСКАЯ ОБЛАСТЬ,ЖАМБЫЛСКИЙ РАЙОН
448927,Основное и общее среднее образование,false,,2394857000,883,1672470000,920,823281000,846,13253826000,1031,384200000,994,6991795000,957,4,Среднее образование (2-й и 3-й уровни),АЛМАТИНСКАЯ ОБЛАСТЬ,ЖАМБЫЛСКИЙ РАЙОН
448928,Основное и общее среднее образование,true,,2394857000,883,1672470000,920,823281000,846,13253826000,1031,384200000,994,6991795000,957,5,Основное и общее среднее образование,АЛМАТИНСКАЯ ОБЛАСТЬ,ЖАМБЫЛСКИЙ РАЙОН
448929,Техническое и профессиональное среднее образование,false,,,,,,x,846,728000,1031,2285000,994,13278000,957,4,Среднее образование (2-й и 3-й уровни),АЛМАТИНСКАЯ ОБЛАСТЬ,ЖАМБЫЛСКИЙ РАЙОН
448931,Среднее специальное образование,true,,,,,,x,846,728000,1031,2285000,994,13278000,957,5,Техническое и профессиональное среднее образование,АЛМАТИНСКАЯ ОБЛАСТЬ,ЖАМБЫЛСКИЙ РАЙОН
448937,Прочие виды образования,false,,,,3000000,920,,,,,31096000,994,,,3,Образование,АЛМАТИНСКАЯ ОБЛАСТЬ,ЖАМБЫЛСКИЙ РАЙОН
448938,Образование в области спорта и отдыха,false,,,,,,,,,,31096000,994,,,4,Прочие виды образования,АЛМАТИНСКАЯ ОБЛАСТЬ,ЖАМБЫЛСКИЙ РАЙОН
448939,Образование в области спорта и отдыха,true,,,,,,,,,,31096000,994,,,5,Образование в области спорта и отдыха,АЛМАТИНСКАЯ ОБЛАСТЬ,ЖАМБЫЛСКИЙ РАЙОН
448940,Образование в области культуры,false,,,,3000000,920,,,,,,,,,4,Прочие виды образования,АЛМАТИНСКАЯ ОБЛАСТЬ,ЖАМБЫЛСКИЙ РАЙОН
448941,Образование в области культуры,true,,,,3000000,920,,,,,,,,,5,Образование в области культуры,АЛМАТИНСКАЯ ОБЛАСТЬ,ЖАМБЫЛСКИЙ РАЙОН
448947,Вспомогательная деятельность в области образования,false,,,,,,12081000,846,,,,,,,3,Образование,АЛМАТИНСКАЯ ОБЛАСТЬ,ЖАМБЫЛСКИЙ РАЙОН
448948,Вспомогательная деятельность в области образования,false,,,,,,12081000,846,,,,,,,4,Вспомогательная деятельность в области образования,АЛМАТИНСКАЯ ОБЛАСТЬ,ЖАМБЫЛСКИЙ РАЙОН
18951465,"Вспомогательная деятельность в области образования, предоставляемая национальными компаниями и их дочерними организациями",true,,,,,,12081000,846,,,,,,,5,Вспомогательная деятельность в области образования,АЛМАТИНСКАЯ ОБЛАСТЬ,ЖАМБЫЛСКИЙ РАЙОН
448950,Здравоохранение и социальное обслуживание населения,false,,818325000,883,19658000,920,3404863000,846,5464435000,1031,384371000,994,510795000,957,1,Всего,АЛМАТИНСКАЯ ОБЛАСТЬ,ЖАМБЫЛСКИЙ РАЙОН
448951,Деятельность в области здравоохранения,false,,818325000,883,19658000,920,3404863000,846,5464435000,1031,384371000,994,510795000,957,2,Здравоохранение и социальное обслуживание населения,АЛМАТИНСКАЯ ОБЛАСТЬ,ЖАМБЫЛСКИЙ РАЙОН
448952,Деятельность больничных организаций,false,,182910000,883,,,3192715000,846,2002653000,1031,284085000,994,,,3,Деятельность в области здравоохранения,АЛМАТИНСКАЯ ОБЛАСТЬ,ЖАМБЫЛСКИЙ РАЙОН
448953,Деятельность больничных организаций,false,,182910000,883,,,3192715000,846,2002653000,1031,284085000,994,,,4,Деятельность больничных организаций,АЛМАТИНСКАЯ ОБЛАСТЬ,ЖАМБЫЛСКИЙ РАЙОН
448954,Деятельность больниц широкого профиля и специализированных больниц,true,,,,,,x,846,1102653000,1031,284085000,994,,,5,Деятельность больничных организаций,АЛМАТИНСКАЯ ОБЛАСТЬ,ЖАМБЫЛСКИЙ РАЙОН
448955,Деятельность родильных домов,true,,182910000,883,,,3187925000,846,,,,,,,5,Деятельность больничных организаций,АЛМАТИНСКАЯ ОБЛАСТЬ,ЖАМБЫЛСКИЙ РАЙОН
18703670,Деятельность санаторно-курортных организаций,true,,,,,,,,x,1031,,,,,5,Деятельность больничных организаций,АЛМАТИНСКАЯ ОБЛАСТЬ,ЖАМБЫЛСКИЙ РАЙОН
448959,Деятельность в области врачебной практики и стоматологии,false,,635415000,883,19658000,920,212148000,846,3461782000,1031,100286000,994,510795000,957,3,Деятельность в области здравоохранения,АЛМАТИНСКАЯ ОБЛАСТЬ,ЖАМБЫЛСКИЙ РАЙОН
448960,Общая врачебная практика,false,,635097000,883,19658000,920,212054000,846,3461782000,1031,98488000,994,510095000,957,4,Деятельность в области врачебной практики и стоматологии,АЛМАТИНСКАЯ ОБЛАСТЬ,ЖАМБЫЛСКИЙ РАЙОН
448961,Общая врачебная практика,true,,635097000,883,19658000,920,212054000,846,3461782000,1031,98488000,994,510095000,957,5,Общая врачебная практика,АЛМАТИНСКАЯ ОБЛАСТЬ,ЖАМБЫЛСКИЙ РАЙОН
448964,Стоматологическая деятельность,false,,x,883,,,x,846,,,x,994,x,957,4,Деятельность в области врачебной практики и стоматологии,АЛМАТИНСКАЯ ОБЛАСТЬ,ЖАМБЫЛСКИЙ РАЙОН
448965,Стоматологическая деятельность,true,,x,883,,,x,846,,,x,994,x,957,5,Стоматологическая деятельность,АЛМАТИНСКАЯ ОБЛАСТЬ,ЖАМБЫЛСКИЙ РАЙОН
448991,"Искусство, развлечения и отдых",false,,268448000,883,149857000,920,658648000,846,564064000,1031,1219149000,994,263870000,957,1,Всего,АЛМАТИНСКАЯ ОБЛАСТЬ,ЖАМБЫЛСКИЙ РАЙОН
448992,"Деятельность в области творчества, искусства и развлечений",false,,268448000,883,110458000,920,239245000,846,,,,,79149000,957,2,"Искусство, развлечения и отдых",АЛМАТИНСКАЯ ОБЛАСТЬ,ЖАМБЫЛСКИЙ РАЙОН
448993,"Деятельность в области творчества, искусства и развлечений",false,,268448000,883,110458000,920,239245000,846,,,,,79149000,957,3,"Деятельность в области творчества, искусства и развлечений",АЛМАТИНСКАЯ ОБЛАСТЬ,ЖАМБЫЛСКИЙ РАЙОН
448994,Артистическая деятельность,false,,268448000,883,110458000,920,236985000,846,,,,,79149000,957,4,"Деятельность в области творчества, искусства и развлечений",АЛМАТИНСКАЯ ОБЛАСТЬ,ЖАМБЫЛСКИЙ РАЙОН
448995,Театральная деятельность,true,,268448000,883,110458000,920,236985000,846,,,,,79149000,957,5,Артистическая деятельность,АЛМАТИНСКАЯ ОБЛАСТЬ,ЖАМБЫЛСКИЙ РАЙОН
449000,Художественное и литературное творчество,false,,,,,,x,846,,,,,,,4,"Деятельность в области творчества, искусства и развлечений",АЛМАТИНСКАЯ ОБЛАСТЬ,ЖАМБЫЛСКИЙ РАЙОН
449001,Художественное и литературное творчество,true,,,,,,x,846,,,,,,,5,Художественное и литературное творчество,АЛМАТИНСКАЯ ОБЛАСТЬ,ЖАМБЫЛСКИЙ РАЙОН
449004,"Деятельность библиотек, архивов, музеев и прочая деятельность в области культуры",false,,,,13299000,920,419403000,846,,,32150000,994,,,2,"Искусство, развлечения и отдых",АЛМАТИНСКАЯ ОБЛАСТЬ,ЖАМБЫЛСКИЙ РАЙОН
449005,"Деятельность библиотек, архивов, музеев и прочая деятельность в области культуры",false,,,,13299000,920,419403000,846,,,32150000,994,,,3,"Деятельность библиотек, архивов, музеев и прочая деятельность в области культуры",АЛМАТИНСКАЯ ОБЛАСТЬ,ЖАМБЫЛСКИЙ РАЙОН
449011,Деятельность музеев,false,,,,13299000,920,419403000,846,,,32150000,994,,,4,"Деятельность библиотек, архивов, музеев и прочая деятельность в области культуры",АЛМАТИНСКАЯ ОБЛАСТЬ,ЖАМБЫЛСКИЙ РАЙОН
449012,Деятельность музеев,true,,,,13299000,920,419403000,846,,,32150000,994,,,5,Деятельность музеев,АЛМАТИНСКАЯ ОБЛАСТЬ,ЖАМБЫЛСКИЙ РАЙОН
449022,"Деятельность в области спорта, организации отдыха и развлечений",false,,,,26100000,920,,,564064000,1031,1186999000,994,184721000,957,2,"Искусство, развлечения и отдых",АЛМАТИНСКАЯ ОБЛАСТЬ,ЖАМБЫЛСКИЙ РАЙОН
449023,Деятельность в области спорта,false,,,,26100000,920,,,19155000,1031,464815000,994,171271000,957,3,"Деятельность в области спорта, организации отдыха и развлечений",АЛМАТИНСКАЯ ОБЛАСТЬ,ЖАМБЫЛСКИЙ РАЙОН
449026,Деятельность спортивных клубов,false,,,,26100000,920,,,19155000,1031,464815000,994,171271000,957,4,Деятельность в области спорта,АЛМАТИНСКАЯ ОБЛАСТЬ,ЖАМБЫЛСКИЙ РАЙОН
449027,Деятельность спортивных клубов,true,,,,26100000,920,,,19155000,1031,464815000,994,171271000,957,5,Деятельность спортивных клубов,АЛМАТИНСКАЯ ОБЛАСТЬ,ЖАМБЫЛСКИЙ РАЙОН
449032,Деятельность по организации отдыха и развлечений,false,,,,,,,,544909000,1031,722184000,994,13450000,957,3,"Деятельность в области спорта, организации отдыха и развлечений",АЛМАТИНСКАЯ ОБЛАСТЬ,ЖАМБЫЛСКИЙ РАЙОН
449035,Прочая деятельность по организации отдыха и развлечений,false,,,,,,,,544909000,1031,722184000,994,13450000,957,4,Деятельность по организации отдыха и развлечений,АЛМАТИНСКАЯ ОБЛАСТЬ,ЖАМБЫЛСКИЙ РАЙОН
449039,Прочие виды деятельности по организации отдыха и развлечений,true,,,,,,,,544909000,1031,722184000,994,13450000,957,5,Прочая деятельность по организации отдыха и развлечений,АЛМАТИНСКАЯ ОБЛАСТЬ,ЖАМБЫЛСКИЙ РАЙОН
449040,Предоставление прочих видов услуг,false,,,,,,x,846,,,,,,,1,Всего,АЛМАТИНСКАЯ ОБЛАСТЬ,ЖАМБЫЛСКИЙ РАЙОН
449084,Предоставление прочих индивидуальных услуг,false,,,,,,x,846,,,,,,,2,Предоставление прочих видов услуг,АЛМАТИНСКАЯ ОБЛАСТЬ,ЖАМБЫЛСКИЙ РАЙОН
449085,Предоставление прочих индивидуальных услуг,false,,,,,,x,846,,,,,,,3,Предоставление прочих индивидуальных услуг,АЛМАТИНСКАЯ ОБЛАСТЬ,ЖАМБЫЛСКИЙ РАЙОН
449093,Деятельность по обеспечению физического комфорта,false,,,,,,x,846,,,,,,,4,Предоставление прочих индивидуальных услуг,АЛМАТИНСКАЯ ОБЛАСТЬ,ЖАМБЫЛСКИЙ РАЙОН
449094,Деятельность по обеспечению физического комфорта,true,,,,,,x,846,,,,,,,5,Деятельность по обеспечению физического комфорта,АЛМАТИНСКАЯ ОБЛАСТЬ,ЖАМБЫЛСКИЙ РАЙОН
741340,Промышленность,false,,9261394000,883,5163028000,920,8356644000,846,21091225000,1031,11476147000,994,6440889000,957,1,Всего,АЛМАТИНСКАЯ ОБЛАСТЬ,ЖАМБЫЛСКИЙ РАЙОН
447279,Горнодобывающая промышленность и разработка карьеров,false,,3993690000,883,1175847000,920,1227290000,846,163939000,1031,45490000,994,1063928000,957,2,Промышленность,АЛМАТИНСКАЯ ОБЛАСТЬ,ЖАМБЫЛСКИЙ РАЙОН
447298,Добыча металлических руд,false,,x,883,,,37424000,846,,,,,x,957,3,Горнодобывающая промышленность и разработка карьеров,АЛМАТИНСКАЯ ОБЛАСТЬ,ЖАМБЫЛСКИЙ РАЙОН
447303,"Добыча руд, кроме железных ",false,,x,883,,,37424000,846,,,,,x,957,4,Добыча металлических руд,АЛМАТИНСКАЯ ОБЛАСТЬ,ЖАМБЫЛСКИЙ РАЙОН
447306,Добыча прочих металлических руд,false,,x,883,,,37424000,846,,,,,x,957,5,"Добыча руд, кроме железных ",АЛМАТИНСКАЯ ОБЛАСТЬ,ЖАМБЫЛСКИЙ РАЙОН
447316,Добыча прочих полезных ископаемых,false,,3983511000,883,1175150000,920,1154666000,846,163939000,1031,45490000,994,95881000,957,3,Горнодобывающая промышленность и разработка карьеров,АЛМАТИНСКАЯ ОБЛАСТЬ,ЖАМБЫЛСКИЙ РАЙОН
447317,"Добыча камня, песка и глины",false,,3977757000,883,1057382000,920,1061848000,846,163939000,1031,45490000,994,95881000,957,4,Добыча прочих полезных ископаемых,АЛМАТИНСКАЯ ОБЛАСТЬ,ЖАМБЫЛСКИЙ РАЙОН
447318,"Добыча отделочного и строительного камня, известняка, гипса, мела и сланцев",false,,3501911000,883,1057382000,920,1061848000,846,12792000,1031,44938000,994,95881000,957,5,"Добыча камня, песка и глины",АЛМАТИНСКАЯ ОБЛАСТЬ,ЖАМБЫЛСКИЙ РАЙОН
447322,"Разработка гравийных и песчаных карьеров, добыча глины и каолина",false,,475846000,883,,,,,x,1031,x,994,,,5,"Добыча камня, песка и глины",АЛМАТИНСКАЯ ОБЛАСТЬ,ЖАМБЫЛСКИЙ РАЙОН
447325,"Добыча полезных ископаемых, не включенных в другие группировки",false,,5754000,883,x,920,92818000,846,,,,,,,4,Добыча прочих полезных ископаемых,АЛМАТИНСКАЯ ОБЛАСТЬ,ЖАМБЫЛСКИЙ РАЙОН
447326,Добыча минерального сырья для химической промышленности и производства удобрений,false,,5754000,883,x,920,92818000,846,,,,,,,5,"Добыча полезных ископаемых, не включенных в другие группировки",АЛМАТИНСКАЯ ОБЛАСТЬ,ЖАМБЫЛСКИЙ РАЙОН
447339,Предоставление услуг в горнодобывающей промышленности,false,,,,x,920,x,846,,,,,,,3,Горнодобывающая промышленность и разработка карьеров,АЛМАТИНСКАЯ ОБЛАСТЬ,ЖАМБЫЛСКИЙ РАЙОН
447343,"Предоставление услуг, способствующих добыче других полезных ископаемых",false,,,,x,920,x,846,,,,,,,4,Предоставление услуг в горнодобывающей промышленности,АЛМАТИНСКАЯ ОБЛАСТЬ,ЖАМБЫЛСКИЙ РАЙОН
447344,"Предоставление услуг, способствующих добыче других полезных ископаемых",false,,,,x,920,x,846,,,,,,,5,"Предоставление услуг, способствующих добыче других полезных ископаемых",АЛМАТИНСКАЯ ОБЛАСТЬ,ЖАМБЫЛСКИЙ РАЙОН
447346,Обрабатывающая промышленность,false,,584291000,883,1117395000,920,4328063000,846,4898520000,1031,1796313000,994,450582000,957,2,Промышленность,АЛМАТИНСКАЯ ОБЛАСТЬ,ЖАМБЫЛСКИЙ РАЙОН
447347,Производство продуктов питания,false,,895000,883,2966000,920,40575000,846,122777000,1031,3314000,994,,,3,Обрабатывающая промышленность,АЛМАТИНСКАЯ ОБЛАСТЬ,ЖАМБЫЛСКИЙ РАЙОН
447348,Переработка и консервирование мяса и производство мясной продукции,false,,,,,,,,10431000,1031,3314000,994,,,4,Производство продуктов питания,АЛМАТИНСКАЯ ОБЛАСТЬ,ЖАМБЫЛСКИЙ РАЙОН
447351,Переработка и консервирование мяса сельскохозяйственной птицы ,false,,,,,,,,10431000,1031,3314000,994,,,5,Переработка и консервирование мяса и производство мясной продукции,АЛМАТИНСКАЯ ОБЛАСТЬ,ЖАМБЫЛСКИЙ РАЙОН
447391,Производство прочих продуктов питания,false,,895000,883,2966000,920,40575000,846,44179000,1031,,,,,4,Производство продуктов питания,АЛМАТИНСКАЯ ОБЛАСТЬ,ЖАМБЫЛСКИЙ РАЙОН
447394,"Производство какао, шоколада и сахаристых кондитерских изделий",false,,895000,883,2966000,920,40575000,846,44179000,1031,,,,,5,Производство прочих продуктов питания,АЛМАТИНСКАЯ ОБЛАСТЬ,ЖАМБЫЛСКИЙ РАЙОН
447408,Производство готовых кормов для животных,false,,,,,,,,68167000,1031,,,,,4,Производство продуктов питания,АЛМАТИНСКАЯ ОБЛАСТЬ,ЖАМБЫЛСКИЙ РАЙОН
447409,Производство готовых кормов для сельскохозяйственных животных,false,,,,,,,,68167000,1031,,,,,5,Производство готовых кормов для животных,АЛМАТИНСКАЯ ОБЛАСТЬ,ЖАМБЫЛСКИЙ РАЙОН
447413,Производство напитков,false,,,,x,920,,,,,,,,,3,Обрабатывающая промышленность,АЛМАТИНСКАЯ ОБЛАСТЬ,ЖАМБЫЛСКИЙ РАЙОН
447414,Производство напитков,false,,,,x,920,,,,,,,,,4,Производство напитков,АЛМАТИНСКАЯ ОБЛАСТЬ,ЖАМБЫЛСКИЙ РАЙОН
447427,"Производство безалкогольных напитков, минеральных вод и других вод в бутылках",false,,,,x,920,,,,,,,,,5,Производство напитков,АЛМАТИНСКАЯ ОБЛАСТЬ,ЖАМБЫЛСКИЙ РАЙОН
447628,Производство резиновых и пластмассовых изделий,false,,x,883,x,920,x,846,,,x,994,,,3,Обрабатывающая промышленность,АЛМАТИНСКАЯ ОБЛАСТЬ,ЖАМБЫЛСКИЙ РАЙОН
447636,Производство пластмассовых изделий,false,,x,883,x,920,x,846,,,x,994,,,4,Производство резиновых и пластмассовых изделий,АЛМАТИНСКАЯ ОБЛАСТЬ,ЖАМБЫЛСКИЙ РАЙОН
447637,"Производство пластмассовых плит, листов, труб и профилей",false,,x,883,x,920,x,846,,,x,994,,,5,Производство пластмассовых изделий,АЛМАТИНСКАЯ ОБЛАСТЬ,ЖАМБЫЛСКИЙ РАЙОН
447646,Производство прочей не металлической минеральной продукции,false,,535946000,883,391782000,920,4233328000,846,4775743000,1031,1738585000,994,450582000,957,3,Обрабатывающая промышленность,АЛМАТИНСКАЯ ОБЛАСТЬ,ЖАМБЫЛСКИЙ РАЙОН
447664,Производство строительных материалов из глины,false,,,,,,25000000,846,,,,,x,957,4,Производство прочей не металлической минеральной продукции,АЛМАТИНСКАЯ ОБЛАСТЬ,ЖАМБЫЛСКИЙ РАЙОН
447667,"Производство кирпича, черепицы и прочих строительных изделий из обожженной глины",false,,,,,,25000000,846,,,,,x,957,5,Производство строительных материалов из глины,АЛМАТИНСКАЯ ОБЛАСТЬ,ЖАМБЫЛСКИЙ РАЙОН
447681,"Производство цемента, извести и строительного гипса",false,,x,883,x,920,x,846,432011000,1031,,,227034000,957,4,Производство прочей не металлической минеральной продукции,АЛМАТИНСКАЯ ОБЛАСТЬ,ЖАМБЫЛСКИЙ РАЙОН
447682,Производство цемента,false,,x,883,x,920,x,846,432011000,1031,,,227034000,957,5,"Производство цемента, извести и строительного гипса",АЛМАТИНСКАЯ ОБЛАСТЬ,ЖАМБЫЛСКИЙ РАЙОН
447688,"Производство изделий из бетона, цемента и строительного гипса ",false,,x,883,25501000,920,,,,,5692000,994,x,957,4,Производство прочей не металлической минеральной продукции,АЛМАТИНСКАЯ ОБЛАСТЬ,ЖАМБЫЛСКИЙ РАЙОН
447695,Производство товарного бетона ,false,,x,883,25501000,920,,,,,5692000,994,x,957,5,"Производство изделий из бетона, цемента и строительного гипса ",АЛМАТИНСКАЯ ОБЛАСТЬ,ЖАМБЫЛСКИЙ РАЙОН
447704,"Резка, обработка и отделка камня",false,,65502000,883,x,920,25625000,846,x,1031,x,994,x,957,4,Производство прочей не металлической минеральной продукции,АЛМАТИНСКАЯ ОБЛАСТЬ,ЖАМБЫЛСКИЙ РАЙОН
447705,"Резка, обработка и отделка камня",false,,65502000,883,x,920,25625000,846,x,1031,x,994,x,957,5,"Резка, обработка и отделка камня",АЛМАТИНСКАЯ ОБЛАСТЬ,ЖАМБЫЛСКИЙ РАЙОН
447707,Производство абразивных изделий и прочей неметаллической минеральной продукции,false,,400000000,883,304459000,920,,,,,,,,,4,Производство прочей не металлической минеральной продукции,АЛМАТИНСКАЯ ОБЛАСТЬ,ЖАМБЫЛСКИЙ РАЙОН
447710,"Производство прочей неметаллической минеральной продукции, не включенной в другие группировки",false,,400000000,883,304459000,920,,,,,,,,,5,Производство абразивных изделий и прочей неметаллической минеральной продукции,АЛМАТИНСКАЯ ОБЛАСТЬ,ЖАМБЫЛСКИЙ РАЙОН
447717,Металлургическое производство,false,,,,,,,,,,2143000,994,,,3,Обрабатывающая промышленность,АЛМАТИНСКАЯ ОБЛАСТЬ,ЖАМБЫЛСКИЙ РАЙОН
447733,Производство основных благородных и цветных металлов,false,,,,,,,,,,2143000,994,,,4,Металлургическое производство,АЛМАТИНСКАЯ ОБЛАСТЬ,ЖАМБЫЛСКИЙ РАЙОН
447734,Производство благородных (драгоценных) металлов,false,,,,,,,,,,2143000,994,,,5,Производство основных благородных и цветных металлов,АЛМАТИНСКАЯ ОБЛАСТЬ,ЖАМБЫЛСКИЙ РАЙОН
447760,"Производство готовых металлических изделий, кроме машин и оборудования",false,,,,,,x,846,,,,,,,3,Обрабатывающая промышленность,АЛМАТИНСКАЯ ОБЛАСТЬ,ЖАМБЫЛСКИЙ РАЙОН
447761,Производство строительных металлических конструкций и изделий,false,,,,,,x,846,,,,,,,4,"Производство готовых металлических изделий, кроме машин и оборудования",АЛМАТИНСКАЯ ОБЛАСТЬ,ЖАМБЫЛСКИЙ РАЙОН
447762,Производство строительных металлических конструкций и их частей,false,,,,,,x,846,,,,,,,5,Производство строительных металлических конструкций и изделий,АЛМАТИНСКАЯ ОБЛАСТЬ,ЖАМБЫЛСКИЙ РАЙОН
448090,"Снабжение электроэнергией, газом, паром, горячей водой и кондиционированным воздухом",false,,1200795000,883,1251385000,920,1116726000,846,10753113000,1031,1839902000,994,3247835000,957,2,Промышленность,АЛМАТИНСКАЯ ОБЛАСТЬ,ЖАМБЫЛСКИЙ РАЙОН
448091,"Снабжение электроэнергией, газом, паром, горячей водой и кондиционированным воздухом",false,,1200795000,883,1251385000,920,1116726000,846,10753113000,1031,1839902000,994,3247835000,957,3,"Снабжение электроэнергией, газом, паром, горячей водой и кондиционированным воздухом",АЛМАТИНСКАЯ ОБЛАСТЬ,ЖАМБЫЛСКИЙ РАЙОН
448092,"Производство, передача и распределение электроэнергии",false,,1114412000,883,775596000,920,1113208000,846,3294397000,1031,1147844000,994,1109078000,957,4,"Снабжение электроэнергией, газом, паром, горячей водой и кондиционированным воздухом",АЛМАТИНСКАЯ ОБЛАСТЬ,ЖАМБЫЛСКИЙ РАЙОН
448093,Производство электроэнергии,false,,,,,,,,,,x,994,x,957,5,"Производство, передача и распределение электроэнергии",АЛМАТИНСКАЯ ОБЛАСТЬ,ЖАМБЫЛСКИЙ РАЙОН
448098,Передача электроэнергии,false,,,,x,920,x,846,900652000,1031,463646000,994,,,5,"Производство, передача и распределение электроэнергии",АЛМАТИНСКАЯ ОБЛАСТЬ,ЖАМБЫЛСКИЙ РАЙОН
448100,Распределение электроэнергии,false,,1114412000,883,575596000,920,1063639000,846,2393745000,1031,682484000,994,1105460000,957,5,"Производство, передача и распределение электроэнергии",АЛМАТИНСКАЯ ОБЛАСТЬ,ЖАМБЫЛСКИЙ РАЙОН
448104,Производство и распределение газообразного топлива по трубопроводам,false,,86383000,883,475789000,920,x,846,7458716000,1031,692058000,994,2132069000,957,4,"Снабжение электроэнергией, газом, паром, горячей водой и кондиционированным воздухом",АЛМАТИНСКАЯ ОБЛАСТЬ,ЖАМБЫЛСКИЙ РАЙОН
448105,Производство газообразного топлива,false,,,,,,,,,,,,33829000,957,5,Производство и распределение газообразного топлива по трубопроводам,АЛМАТИНСКАЯ ОБЛАСТЬ,ЖАМБЫЛСКИЙ РАЙОН
448107,Распределение газообразного топлива по трубопроводам,false,,86383000,883,475789000,920,x,846,7458716000,1031,692058000,994,2098240000,957,5,Производство и распределение газообразного топлива по трубопроводам,АЛМАТИНСКАЯ ОБЛАСТЬ,ЖАМБЫЛСКИЙ РАЙОН
448111,"Снабжение паром, горячей водой и кондиционированным воздухом",false,,,,,,,,,,,,6688000,957,4,"Снабжение электроэнергией, газом, паром, горячей водой и кондиционированным воздухом",АЛМАТИНСКАЯ ОБЛАСТЬ,ЖАМБЫЛСКИЙ РАЙОН
448112,"Снабжение паром, горячей водой и кондиционированным воздухом",false,,,,,,,,,,,,6688000,957,5,"Снабжение паром, горячей водой и кондиционированным воздухом",АЛМАТИНСКАЯ ОБЛАСТЬ,ЖАМБЫЛСКИЙ РАЙОН
448117,"Водоснабжение; сбор, обработка и удаление отходов, деятельность по ликвидации загрязнений",false,,3482618000,883,1618401000,920,1684565000,846,5275653000,1031,7794442000,994,1678544000,957,2,Промышленность,АЛМАТИНСКАЯ ОБЛАСТЬ,ЖАМБЫЛСКИЙ РАЙОН
448118,"Сбор, обработка и распределение воды",false,,3482618000,883,1535804000,920,1684565000,846,4574654000,1031,6435434000,994,1662855000,957,3,"Водоснабжение; сбор, обработка и удаление отходов, деятельность по ликвидации загрязнений",АЛМАТИНСКАЯ ОБЛАСТЬ,ЖАМБЫЛСКИЙ РАЙОН
448119,"Сбор, обработка и распределение воды",false,,3482618000,883,1535804000,920,1684565000,846,4574654000,1031,6435434000,994,1662855000,957,4,"Сбор, обработка и распределение воды",АЛМАТИНСКАЯ ОБЛАСТЬ,ЖАМБЫЛСКИЙ РАЙОН
448120,"Сбор, обработка и распределение воды",false,,3482618000,883,1535804000,920,1684565000,846,4574654000,1031,6435434000,994,1662855000,957,5,"Сбор, обработка и распределение воды",АЛМАТИНСКАЯ ОБЛАСТЬ,ЖАМБЫЛСКИЙ РАЙОН
448122,Сбор и обработка сточных вод,false,,,,82597000,920,,,698241000,1031,1359008000,994,15689000,957,3,"Водоснабжение; сбор, обработка и удаление отходов, деятельность по ликвидации загрязнений",АЛМАТИНСКАЯ ОБЛАСТЬ,ЖАМБЫЛСКИЙ РАЙОН
448123,Сбор и обработка сточных вод,false,,,,82597000,920,,,698241000,1031,1359008000,994,15689000,957,4,Сбор и обработка сточных вод,АЛМАТИНСКАЯ ОБЛАСТЬ,ЖАМБЫЛСКИЙ РАЙОН
448124,Сбор и обработка сточных вод,false,,,,82597000,920,,,698241000,1031,1359008000,994,15689000,957,5,Сбор и обработка сточных вод,АЛМАТИНСКАЯ ОБЛАСТЬ,ЖАМБЫЛСКИЙ РАЙОН
448126,"Сбор, обработка и удаление отходов; утилизация (восстановление) материалов",false,,,,,,,,2758000,1031,,,,,3,"Водоснабжение; сбор, обработка и удаление отходов, деятельность по ликвидации загрязнений",АЛМАТИНСКАЯ ОБЛАСТЬ,ЖАМБЫЛСКИЙ РАЙОН
448127,Сбор отходов,false,,,,,,,,2758000,1031,,,,,4,"Сбор, обработка и удаление отходов; утилизация (восстановление) материалов",АЛМАТИНСКАЯ ОБЛАСТЬ,ЖАМБЫЛСКИЙ РАЙОН
448128,Сбор неопасных отходов,false,,,,,,,,2758000,1031,,,,,5,Сбор отходов,АЛМАТИНСКАЯ ОБЛАСТЬ,ЖАМБЫЛСКИЙ РАЙОН
741885,Всего,false,,126120698000,883,141564546000,920,119083642000,846,230172112000,1031,156686784000,994,168583033000,957,0,,АЛМАТИНСКАЯ ОБЛАСТЬ,КАРАСАЙСКИЙ РАЙОН
447173,"Сельское, лесное и рыбное хозяйство",false,,2897756000,883,5645321000,920,11565880000,846,821908000,1031,158647000,994,914602000,957,1,Всего,АЛМАТИНСКАЯ ОБЛАСТЬ,КАРАСАЙСКИЙ РАЙОН
447174,"Растениеводство и животноводство, охота и предоставление услуг в этих областях",false,,2897756000,883,5645321000,920,11565880000,846,811008000,1031,158647000,994,914602000,957,2,"Сельское, лесное и рыбное хозяйство",АЛМАТИНСКАЯ ОБЛАСТЬ,КАРАСАЙСКИЙ РАЙОН
447175,Выращивание одно- или двухлетних культур,false,,2192031000,883,4853091000,920,8600314000,846,116198000,1031,,,,,3,"Растениеводство и животноводство, охота и предоставление услуг в этих областях",АЛМАТИНСКАЯ ОБЛАСТЬ,КАРАСАЙСКИЙ РАЙОН
447176,"Выращивание зерновых (кроме риса), бобовых и масличных культур",false,,430000,883,75581000,920,581166000,846,,,,,,,4,Выращивание одно- или двухлетних культур,АЛМАТИНСКАЯ ОБЛАСТЬ,КАРАСАЙСКИЙ РАЙОН
3783380,"Выращивание зерновых и зернобобовых культур, включая семеноводство",true,,430000,883,75581000,920,581166000,846,,,,,,,5,"Выращивание зерновых (кроме риса), бобовых и масличных культур",АЛМАТИНСКАЯ ОБЛАСТЬ,КАРАСАЙСКИЙ РАЙОН
447181,"Выращивание овощей, бахчевых, корнеплодов и клубнеплодов",false,,2156249000,883,4279184000,920,8019148000,846,5800000,1031,,,,,4,Выращивание одно- или двухлетних культур,АЛМАТИНСКАЯ ОБЛАСТЬ,КАРАСАЙСКИЙ РАЙОН
447182,Выращивание картофеля и посадочного материала,true,,x,883,,,x,846,5800000,1031,,,,,5,"Выращивание овощей, бахчевых, корнеплодов и клубнеплодов",АЛМАТИНСКАЯ ОБЛАСТЬ,КАРАСАЙСКИЙ РАЙОН
447183,"Выращивание овощей, их семян и рассады",true,,2084487000,883,4279184000,920,8018840000,846,,,,,,,5,"Выращивание овощей, бахчевых, корнеплодов и клубнеплодов",АЛМАТИНСКАЯ ОБЛАСТЬ,КАРАСАЙСКИЙ РАЙОН
447192,Выращивание прочих одно- или двухлетних культур,false,,35352000,883,x,920,,,x,1031,,,,,4,Выращивание одно- или двухлетних культур,АЛМАТИНСКАЯ ОБЛАСТЬ,КАРАСАЙСКИЙ РАЙОН
447193,Выращивание кормовых культур и их семян,true,,16630000,883,,,,,,,,,,,5,Выращивание прочих одно- или двухлетних культур,АЛМАТИНСКАЯ ОБЛАСТЬ,КАРАСАЙСКИЙ РАЙОН
447194,"Выращивание цветов, семеноводство цветочных культур",true,,x,883,x,920,,,,,,,,,5,Выращивание прочих одно- или двухлетних культур,АЛМАТИНСКАЯ ОБЛАСТЬ,КАРАСАЙСКИЙ РАЙОН
447195,"Выращивание прочих одно- или двухлетних культур, не включенных в другие группировки",true,,4900000,883,,,,,x,1031,,,,,5,Выращивание прочих одно- или двухлетних культур,АЛМАТИНСКАЯ ОБЛАСТЬ,КАРАСАЙСКИЙ РАЙОН
447196,Выращивание многолетних культур,false,,142418000,883,,,582902000,846,,,,,,,3,"Растениеводство и животноводство, охота и предоставление услуг в этих областях",АЛМАТИНСКАЯ ОБЛАСТЬ,КАРАСАЙСКИЙ РАЙОН
447203,Выращивание семечковых и косточковых плодов,false,,,,,,x,846,,,,,,,4,Выращивание многолетних культур,АЛМАТИНСКАЯ ОБЛАСТЬ,КАРАСАЙСКИЙ РАЙОН
447204,Выращивание семечковых и косточковых плодов,true,,,,,,x,846,,,,,,,5,Выращивание семечковых и косточковых плодов,АЛМАТИНСКАЯ ОБЛАСТЬ,КАРАСАЙСКИЙ РАЙОН
447205,"Выращивание прочих плодов, ягод и орехов",false,,142418000,883,,,x,846,,,,,,,4,Выращивание многолетних культур,АЛМАТИНСКАЯ ОБЛАСТЬ,КАРАСАЙСКИЙ РАЙОН
447206,"Выращивание прочих плодов, ягод и орехов",true,,142418000,883,,,x,846,,,,,,,5,"Выращивание прочих плодов, ягод и орехов",АЛМАТИНСКАЯ ОБЛАСТЬ,КАРАСАЙСКИЙ РАЙОН
447215,Воспроизводство растений,false,,x,883,,,x,846,,,,,x,957,3,"Растениеводство и животноводство, охота и предоставление услуг в этих областях",АЛМАТИНСКАЯ ОБЛАСТЬ,КАРАСАЙСКИЙ РАЙОН
447216,Воспроизводство растений,false,,x,883,,,x,846,,,,,x,957,4,Воспроизводство растений,АЛМАТИНСКАЯ ОБЛАСТЬ,КАРАСАЙСКИЙ РАЙОН
447217,Воспроизводство растений,true,,x,883,,,x,846,,,,,x,957,5,Воспроизводство растений,АЛМАТИНСКАЯ ОБЛАСТЬ,КАРАСАЙСКИЙ РАЙОН
447218,Животноводство,false,,520280000,883,258814000,920,1814584000,846,644108000,1031,157852000,994,155528000,957,3,"Растениеводство и животноводство, охота и предоставление услуг в этих областях",АЛМАТИНСКАЯ ОБЛАСТЬ,КАРАСАЙСКИЙ РАЙОН
447219,Разведение крупного рогатого скота молочного направления,false,,,,,,,,,,,,x,957,4,Животноводство,АЛМАТИНСКАЯ ОБЛАСТЬ,КАРАСАЙСКИЙ РАЙОН
447220,Разведение крупного рогатого скота молочного направления,true,,,,,,,,,,,,x,957,5,Разведение крупного рогатого скота молочного направления,АЛМАТИНСКАЯ ОБЛАСТЬ,КАРАСАЙСКИЙ РАЙОН
447223,Разведение лошадей и прочих животных семейства лошадиных,false,,,,,,x,846,,,,,,,4,Животноводство,АЛМАТИНСКАЯ ОБЛАСТЬ,КАРАСАЙСКИЙ РАЙОН
447224,Разведение лошадей,true,,,,,,x,846,,,,,,,5,Разведение лошадей и прочих животных семейства лошадиных,АЛМАТИНСКАЯ ОБЛАСТЬ,КАРАСАЙСКИЙ РАЙОН
447232,Разведение сельскохозяйственной птицы ,false,,520280000,883,258814000,920,1220095000,846,644108000,1031,157852000,994,152054000,957,4,Животноводство,АЛМАТИНСКАЯ ОБЛАСТЬ,КАРАСАЙСКИЙ РАЙОН
447234,Производство яиц,true,,x,883,x,920,944372000,846,x,1031,x,994,x,957,5,Разведение сельскохозяйственной птицы ,АЛМАТИНСКАЯ ОБЛАСТЬ,КАРАСАЙСКИЙ РАЙОН
447235,"Производство смешанное, мясояичное",true,,119061000,883,223297000,920,275723000,846,489809000,1031,53471000,994,131820000,957,5,Разведение сельскохозяйственной птицы ,АЛМАТИНСКАЯ ОБЛАСТЬ,КАРАСАЙСКИЙ РАЙОН
447237,Разведение прочих видов животных,false,,,,,,x,846,,,,,,,4,Животноводство,АЛМАТИНСКАЯ ОБЛАСТЬ,КАРАСАЙСКИЙ РАЙОН
447238,Разведение прочих видов животных,true,,,,,,x,846,,,,,,,5,Разведение прочих видов животных,АЛМАТИНСКАЯ ОБЛАСТЬ,КАРАСАЙСКИЙ РАЙОН
447239,Смешанное сельское хозяйство,false,,33150000,883,533416000,920,x,846,43352000,1031,795000,994,747946000,957,3,"Растениеводство и животноводство, охота и предоставление услуг в этих областях",АЛМАТИНСКАЯ ОБЛАСТЬ,КАРАСАЙСКИЙ РАЙОН
447240,Смешанное сельское хозяйство,false,,33150000,883,533416000,920,x,846,43352000,1031,795000,994,747946000,957,4,Смешанное сельское хозяйство,АЛМАТИНСКАЯ ОБЛАСТЬ,КАРАСАЙСКИЙ РАЙОН
447241,Смешанное сельское хозяйство,true,,33150000,883,533416000,920,x,846,43352000,1031,795000,994,747946000,957,5,Смешанное сельское хозяйство,АЛМАТИНСКАЯ ОБЛАСТЬ,КАРАСАЙСКИЙ РАЙОН
18683346,"Деятельность, способствующая выращиванию сельскохозяйственных культур и разведению животных и деятельность по обработке урожая",false,,,,,,418614000,846,x,1031,,,x,957,3,"Растениеводство и животноводство, охота и предоставление услуг в этих областях",АЛМАТИНСКАЯ ОБЛАСТЬ,КАРАСАЙСКИЙ РАЙОН
18683352,Деятельность по обработке урожая,false,,,,,,418614000,846,x,1031,,,x,957,4,"Деятельность, способствующая выращиванию сельскохозяйственных культур и разведению животных и деятельность по обработке урожая",АЛМАТИНСКАЯ ОБЛАСТЬ,КАРАСАЙСКИЙ РАЙОН
18683353,Деятельность по обработке урожая,true,,,,,,418614000,846,x,1031,,,x,957,5,Деятельность по обработке урожая,АЛМАТИНСКАЯ ОБЛАСТЬ,КАРАСАЙСКИЙ РАЙОН
447255,Лесоводство и лесозаготовки,false,,,,,,,,10900000,1031,,,,,2,"Сельское, лесное и рыбное хозяйство",АЛМАТИНСКАЯ ОБЛАСТЬ,КАРАСАЙСКИЙ РАЙОН
447262,Сбор дикорастущей недревесной продукции,false,,,,,,,,10900000,1031,,,,,3,Лесоводство и лесозаготовки,АЛМАТИНСКАЯ ОБЛАСТЬ,КАРАСАЙСКИЙ РАЙОН
447263,Сбор дикорастущей недревесной продукции,false,,,,,,,,10900000,1031,,,,,4,Сбор дикорастущей недревесной продукции,АЛМАТИНСКАЯ ОБЛАСТЬ,КАРАСАЙСКИЙ РАЙОН
447264,Сбор дикорастущей недревесной продукции,true,,,,,,,,10900000,1031,,,,,5,Сбор дикорастущей недревесной продукции,АЛМАТИНСКАЯ ОБЛАСТЬ,КАРАСАЙСКИЙ РАЙОН
448148,Строительство,false,,1563246000,883,1580086000,920,7626892000,846,441726000,1031,1508071000,994,3581416000,957,1,Всего,АЛМАТИНСКАЯ ОБЛАСТЬ,КАРАСАЙСКИЙ РАЙОН
18710963,Строительство зданий,false,,113122000,883,407278000,920,3370783000,846,357872000,1031,50289000,994,235927000,957,2,Строительство,АЛМАТИНСКАЯ ОБЛАСТЬ,КАРАСАЙСКИЙ РАЙОН
18710964,Разработка строительных проектов,false,,x,883,,,668139000,846,,,7290000,994,,,3,Строительство зданий,АЛМАТИНСКАЯ ОБЛАСТЬ,КАРАСАЙСКИЙ РАЙОН
18710965,Разработка строительных проектов,false,,x,883,,,668139000,846,,,7290000,994,,,4,Разработка строительных проектов,АЛМАТИНСКАЯ ОБЛАСТЬ,КАРАСАЙСКИЙ РАЙОН
18710966,Разработка строительных проектов,true,,x,883,,,668139000,846,,,7290000,994,,,5,Разработка строительных проектов,АЛМАТИНСКАЯ ОБЛАСТЬ,КАРАСАЙСКИЙ РАЙОН
18710967,Строительство жилых и нежилых зданий,false,,67115000,883,407278000,920,2702644000,846,357872000,1031,42999000,994,235927000,957,3,Строительство зданий,АЛМАТИНСКАЯ ОБЛАСТЬ,КАРАСАЙСКИЙ РАЙОН
18710968,Строительство жилых и нежилых зданий,false,,67115000,883,407278000,920,2702644000,846,357872000,1031,42999000,994,235927000,957,4,Строительство жилых и нежилых зданий,АЛМАТИНСКАЯ ОБЛАСТЬ,КАРАСАЙСКИЙ РАЙОН
18710969,Строительство жилых зданий,true,,67115000,883,191881000,920,2462708000,846,225448000,1031,10902000,994,6825000,957,5,Строительство жилых и нежилых зданий,АЛМАТИНСКАЯ ОБЛАСТЬ,КАРАСАЙСКИЙ РАЙОН
18801543,"Строительство нежилых зданий, за исключением стационарных торговых объектов категорий 1, 2",true,,,,215397000,920,239936000,846,132424000,1031,32097000,994,229102000,957,5,Строительство жилых и нежилых зданий,АЛМАТИНСКАЯ ОБЛАСТЬ,КАРАСАЙСКИЙ РАЙОН
448157,Гражданское строительство,false,,1444350000,883,786219000,920,2984475000,846,83854000,1031,161924000,994,176117000,957,2,Строительство,АЛМАТИНСКАЯ ОБЛАСТЬ,КАРАСАЙСКИЙ РАЙОН
448158,Строительство автомобильных и железных дорог,false,,1400778000,883,785399000,920,2984200000,846,83854000,1031,153497000,994,176117000,957,3,Гражданское строительство,АЛМАТИНСКАЯ ОБЛАСТЬ,КАРАСАЙСКИЙ РАЙОН
18696143,Строительство автомобильных дорог,false,,1400778000,883,785399000,920,2984200000,846,32633000,1031,66109000,994,176117000,957,4,Строительство автомобильных и железных дорог,АЛМАТИНСКАЯ ОБЛАСТЬ,КАРАСАЙСКИЙ РАЙОН
18946136,Строительство дорог и автомагистралей,true,,1400778000,883,785399000,920,2984200000,846,32633000,1031,66109000,994,176117000,957,5,Строительство автомобильных дорог,АЛМАТИНСКАЯ ОБЛАСТЬ,КАРАСАЙСКИЙ РАЙОН
448161,Строительство железных дорог и метро,false,,,,,,,,x,1031,x,994,,,4,Строительство автомобильных и железных дорог,АЛМАТИНСКАЯ ОБЛАСТЬ,КАРАСАЙСКИЙ РАЙОН
448162,Строительство железных дорог и метро,true,,,,,,,,x,1031,x,994,,,5,Строительство железных дорог и метро,АЛМАТИНСКАЯ ОБЛАСТЬ,КАРАСАЙСКИЙ РАЙОН
448165,Строительство распределительных инженерных сооружений,false,,x,883,520000,920,x,846,,,8427000,994,,,3,Гражданское строительство,АЛМАТИНСКАЯ ОБЛАСТЬ,КАРАСАЙСКИЙ РАЙОН
448166,Строительство трубопроводов,false,,x,883,520000,920,x,846,,,8427000,994,,,4,Строительство распределительных инженерных сооружений,АЛМАТИНСКАЯ ОБЛАСТЬ,КАРАСАЙСКИЙ РАЙОН
448168,Строительство трубопроводов для систем водоснабжения и канализации,true,,,,520000,920,x,846,,,,,,,5,Строительство трубопроводов,АЛМАТИНСКАЯ ОБЛАСТЬ,КАРАСАЙСКИЙ РАЙОН
448169,Строительство прочих трубопроводов,true,,x,883,,,,,,,8427000,994,,,5,Строительство трубопроводов,АЛМАТИНСКАЯ ОБЛАСТЬ,КАРАСАЙСКИЙ РАЙОН
18696516,Строительство прочих инженерных сооружений,false,,43372000,883,x,920,,,,,,,,,3,Гражданское строительство,АЛМАТИНСКАЯ ОБЛАСТЬ,КАРАСАЙСКИЙ РАЙОН
18696517,"Строительство прочих инженерных сооружений, не включенных в другие группировки",false,,43372000,883,x,920,,,,,,,,,4,Строительство прочих инженерных сооружений,АЛМАТИНСКАЯ ОБЛАСТЬ,КАРАСАЙСКИЙ РАЙОН
18696518,"Строительство прочих инженерных сооружений, не включенных в другие группировки",true,,43372000,883,x,920,,,,,,,,,5,"Строительство прочих инженерных сооружений, не включенных в другие группировки",АЛМАТИНСКАЯ ОБЛАСТЬ,КАРАСАЙСКИЙ РАЙОН
448177,Специализированные строительные работы,false,,5774000,883,386589000,920,1271634000,846,,,1295858000,994,3169372000,957,2,Строительство,АЛМАТИНСКАЯ ОБЛАСТЬ,КАРАСАЙСКИЙ РАЙОН
448178,"Снос  зданий и сооружений, подготовка строительного участка",false,,,,x,920,290249000,846,,,,,,,3,Специализированные строительные работы,АЛМАТИНСКАЯ ОБЛАСТЬ,КАРАСАЙСКИЙ РАЙОН
448181,Подготовка строительного участка,false,,,,x,920,,,,,,,,,4,"Снос  зданий и сооружений, подготовка строительного участка",АЛМАТИНСКАЯ ОБЛАСТЬ,КАРАСАЙСКИЙ РАЙОН
448183,Взрывные работы,true,,,,x,920,,,,,,,,,5,Подготовка строительного участка,АЛМАТИНСКАЯ ОБЛАСТЬ,КАРАСАЙСКИЙ РАЙОН
448185,Разведочное бурение,false,,,,,,290249000,846,,,,,,,4,"Снос  зданий и сооружений, подготовка строительного участка",АЛМАТИНСКАЯ ОБЛАСТЬ,КАРАСАЙСКИЙ РАЙОН
448186,Разведочное бурение,true,,,,,,290249000,846,,,,,,,5,Разведочное бурение,АЛМАТИНСКАЯ ОБЛАСТЬ,КАРАСАЙСКИЙ РАЙОН
448187,"Монтаж и установка электрического, водопроводного и прочего оборудования",false,,3716000,883,21285000,920,979674000,846,,,1294487000,994,3169372000,957,3,Специализированные строительные работы,АЛМАТИНСКАЯ ОБЛАСТЬ,КАРАСАЙСКИЙ РАЙОН
448188,Электромонтажные работы,false,,3716000,883,,,483913000,846,,,370000,994,777288000,957,4,"Монтаж и установка электрического, водопроводного и прочего оборудования",АЛМАТИНСКАЯ ОБЛАСТЬ,КАРАСАЙСКИЙ РАЙОН
18951434,"Электромонтажные работы по прокладке телекоммуникационных, компьютерных и телевизионных сетей",true,,x,883,,,,,,,,,,,5,Электромонтажные работы,АЛМАТИНСКАЯ ОБЛАСТЬ,КАРАСАЙСКИЙ РАЙОН
18951435,Прочие электромонтажные работы,true,,1365000,883,,,483913000,846,,,370000,994,777288000,957,5,Электромонтажные работы,АЛМАТИНСКАЯ ОБЛАСТЬ,КАРАСАЙСКИЙ РАЙОН
448190,"Монтаж систем водоснабжения, отопления и кондиционирования воздуха",false,,,,498000,920,264093000,846,,,,,,,4,"Монтаж и установка электрического, водопроводного и прочего оборудования",АЛМАТИНСКАЯ ОБЛАСТЬ,КАРАСАЙСКИЙ РАЙОН
448191,"Монтаж систем водоснабжения, отопления и кондиционирования воздуха",true,,,,498000,920,264093000,846,,,,,,,5,"Монтаж систем водоснабжения, отопления и кондиционирования воздуха",АЛМАТИНСКАЯ ОБЛАСТЬ,КАРАСАЙСКИЙ РАЙОН
448192,Прочие строительно-монтажные работы,false,,,,x,920,231668000,846,,,x,994,2392084000,957,4,"Монтаж и установка электрического, водопроводного и прочего оборудования",АЛМАТИНСКАЯ ОБЛАСТЬ,КАРАСАЙСКИЙ РАЙОН
448193,Изоляционные работы,true,,,,x,920,,,,,,,,,5,Прочие строительно-монтажные работы,АЛМАТИНСКАЯ ОБЛАСТЬ,КАРАСАЙСКИЙ РАЙОН
448194,"Прочие строительно-монтажные работы, не включенные в другие группировки",true,,,,,,231668000,846,,,x,994,2392084000,957,5,Прочие строительно-монтажные работы,АЛМАТИНСКАЯ ОБЛАСТЬ,КАРАСАЙСКИЙ РАЙОН
448207,Прочие специализированные строительные работы,false,,x,883,,,1711000,846,,,1371000,994,,,3,Специализированные строительные работы,АЛМАТИНСКАЯ ОБЛАСТЬ,КАРАСАЙСКИЙ РАЙОН
448208,Кровельные работы,false,,x,883,,,,,,,,,,,4,Прочие специализированные строительные работы,АЛМАТИНСКАЯ ОБЛАСТЬ,КАРАСАЙСКИЙ РАЙОН
448209,Кровельные работы,true,,x,883,,,,,,,,,,,5,Кровельные работы,АЛМАТИНСКАЯ ОБЛАСТЬ,КАРАСАЙСКИЙ РАЙОН
448210,"Прочие специализированные строительные работы, не включенные в другие группировки",false,,,,,,1711000,846,,,1371000,994,,,4,Прочие специализированные строительные работы,АЛМАТИНСКАЯ ОБЛАСТЬ,КАРАСАЙСКИЙ РАЙОН
448213,Аренда строительного оборудования с оператором,true,,,,,,,,,,1371000,994,,,5,"Прочие специализированные строительные работы, не включенные в другие группировки",АЛМАТИНСКАЯ ОБЛАСТЬ,КАРАСАЙСКИЙ РАЙОН
448214,"Прочие строительные работы, требующие специальной квалификации",true,,,,,,1711000,846,,,,,,,5,"Прочие специализированные строительные работы, не включенные в другие группировки",АЛМАТИНСКАЯ ОБЛАСТЬ,КАРАСАЙСКИЙ РАЙОН
448215,Оптовая и розничная торговля; ремонт автомобилей и мотоциклов,false,,6065964000,883,3178000000,920,5011996000,846,1279251000,1031,5335713000,994,4427187000,957,1,Всего,АЛМАТИНСКАЯ ОБЛАСТЬ,КАРАСАЙСКИЙ РАЙОН
448216,Оптовая и розничная торговля автомобилями и мотоциклами и их ремонт,false,,361500000,883,x,920,72800000,846,10000000,1031,1108370000,994,678136000,957,2,Оптовая и розничная торговля; ремонт автомобилей и мотоциклов,АЛМАТИНСКАЯ ОБЛАСТЬ,КАРАСАЙСКИЙ РАЙОН
448217,Торговля автомобилями,false,,,,x,920,,,,,,,,,3,Оптовая и розничная торговля автомобилями и мотоциклами и их ремонт,АЛМАТИНСКАЯ ОБЛАСТЬ,КАРАСАЙСКИЙ РАЙОН
448218,Торговля автомобилями и легкими автотранспортными средствами,false,,,,x,920,,,,,,,,,4,Торговля автомобилями,АЛМАТИНСКАЯ ОБЛАСТЬ,КАРАСАЙСКИЙ РАЙОН
448220,Розничная торговля автомобилями и легкими автотранспортными средствами  в торговых объектах с торговой площадью менее 2000 кв.м,true,,,,x,920,,,,,,,,,5,Торговля автомобилями и легкими автотранспортными средствами,АЛМАТИНСКАЯ ОБЛАСТЬ,КАРАСАЙСКИЙ РАЙОН
448224,Техническое обслуживание и ремонт автомобилей,false,,350000000,883,,,,,10000000,1031,1108370000,994,678136000,957,3,Оптовая и розничная торговля автомобилями и мотоциклами и их ремонт,АЛМАТИНСКАЯ ОБЛАСТЬ,КАРАСАЙСКИЙ РАЙОН
448225,Техническое обслуживание и ремонт автомобилей,false,,350000000,883,,,,,10000000,1031,1108370000,994,678136000,957,4,Техническое обслуживание и ремонт автомобилей,АЛМАТИНСКАЯ ОБЛАСТЬ,КАРАСАЙСКИЙ РАЙОН
20575904,"Техническое обслуживание и ремонт автомобилей, за исключением произведенных станциями технического обслуживания, находящимися на придорожной полосе",true,,350000000,883,,,,,10000000,1031,1108370000,994,678136000,957,5,Техническое обслуживание и ремонт автомобилей,АЛМАТИНСКАЯ ОБЛАСТЬ,КАРАСАЙСКИЙ РАЙОН
448227,"Торговля автомобильными деталями, узлами и принадлежностями",false,,11500000,883,,,,,,,,,,,3,Оптовая и розничная торговля автомобилями и мотоциклами и их ремонт,АЛМАТИНСКАЯ ОБЛАСТЬ,КАРАСАЙСКИЙ РАЙОН
448230,"Розничная торговля автомобильными деталями, узлами и принадлежностями",false,,11500000,883,,,,,,,,,,,4,"Торговля автомобильными деталями, узлами и принадлежностями",АЛМАТИНСКАЯ ОБЛАСТЬ,КАРАСАЙСКИЙ РАЙОН
18951438,"Розничная торговля автомобильными деталями, узлами и принадлежностями в торговых объектах с торговой площадью менее 2000 кв.м",true,,11500000,883,,,,,,,,,,,5,"Розничная торговля автомобильными деталями, узлами и принадлежностями",АЛМАТИНСКАЯ ОБЛАСТЬ,КАРАСАЙСКИЙ РАЙОН
448232,"Торговля мотоциклами, их деталями, узлами и принадлежностями; техническое обслуживание и ремонт мотоциклов",false,,,,,,72800000,846,,,,,,,3,Оптовая и розничная торговля автомобилями и мотоциклами и их ремонт,АЛМАТИНСКАЯ ОБЛАСТЬ,КАРАСАЙСКИЙ РАЙОН
448233,"Торговля мотоциклами, их деталями, узлами и принадлежностями; техническое обслуживание и ремонт мотоциклов",false,,,,,,72800000,846,,,,,,,4,"Торговля мотоциклами, их деталями, узлами и принадлежностями; техническое обслуживание и ремонт мотоциклов",АЛМАТИНСКАЯ ОБЛАСТЬ,КАРАСАЙСКИЙ РАЙОН
448235,"Розничная торговля мотоциклами, мотороллерами, деталями и принадлежностями к ним",true,,,,,,72800000,846,,,,,,,5,"Торговля мотоциклами, их деталями, узлами и принадлежностями; техническое обслуживание и ремонт мотоциклов",АЛМАТИНСКАЯ ОБЛАСТЬ,КАРАСАЙСКИЙ РАЙОН
448237,"Оптовая торговля, за исключением торговли автомобилями и мотоциклами",false,,1409899000,883,1502626000,920,3051252000,846,605740000,1031,530997000,994,133919000,957,2,Оптовая и розничная торговля; ремонт автомобилей и мотоциклов,АЛМАТИНСКАЯ ОБЛАСТЬ,КАРАСАЙСКИЙ РАЙОН
448267,"Оптовая торговля продуктами питания, напитками и табачными изделиями",false,,495338000,883,361997000,920,1301211000,846,26428000,1031,213772000,994,68169000,957,3,"Оптовая торговля, за исключением торговли автомобилями и мотоциклами",АЛМАТИНСКАЯ ОБЛАСТЬ,КАРАСАЙСКИЙ РАЙОН
448268,Оптовая торговля фруктами и овощами,false,,,,,,,,,,,,x,957,4,"Оптовая торговля продуктами питания, напитками и табачными изделиями",АЛМАТИНСКАЯ ОБЛАСТЬ,КАРАСАЙСКИЙ РАЙОН
448269,Оптовая торговля фруктами и овощами,true,,,,,,,,,,,,x,957,5,Оптовая торговля фруктами и овощами,АЛМАТИНСКАЯ ОБЛАСТЬ,КАРАСАЙСКИЙ РАЙОН
448270,Оптовая торговля мясом и мясными продуктами,false,,,,x,920,,,,,,,,,4,"Оптовая торговля продуктами питания, напитками и табачными изделиями",АЛМАТИНСКАЯ ОБЛАСТЬ,КАРАСАЙСКИЙ РАЙОН
448271,Оптовая торговля мясом и мясными продуктами,true,,,,x,920,,,,,,,,,5,Оптовая торговля мясом и мясными продуктами,АЛМАТИНСКАЯ ОБЛАСТЬ,КАРАСАЙСКИЙ РАЙОН
448274,Оптовая торговля напитками,false,,421399000,883,x,920,1073358000,846,x,1031,206253000,994,x,957,4,"Оптовая торговля продуктами питания, напитками и табачными изделиями",АЛМАТИНСКАЯ ОБЛАСТЬ,КАРАСАЙСКИЙ РАЙОН
3647932,"Оптовая торговля напитками в магазинах, являющихся торговыми объектами, с торговой площадью менее 2000 кв.м",true,,421399000,883,x,920,1073358000,846,x,1031,206253000,994,x,957,5,Оптовая торговля напитками,АЛМАТИНСКАЯ ОБЛАСТЬ,КАРАСАЙСКИЙ РАЙОН
448278,"Оптовая торговля сахаром, шоколадом и сахаристыми кондитерскими изделиями",false,,x,883,,,x,846,,,,,,,4,"Оптовая торговля продуктами питания, напитками и табачными изделиями",АЛМАТИНСКАЯ ОБЛАСТЬ,КАРАСАЙСКИЙ РАЙОН
448279,"Оптовая торговля сахаром, шоколадом и сахаристыми кондитерскими изделиями",true,,x,883,,,x,846,,,,,,,5,"Оптовая торговля сахаром, шоколадом и сахаристыми кондитерскими изделиями",АЛМАТИНСКАЯ ОБЛАСТЬ,КАРАСАЙСКИЙ РАЙОН
448282,"Оптовая торговля прочими продуктами питания, включая рыбу, ракообразных и моллюсков",false,,x,883,x,920,226976000,846,x,1031,x,994,x,957,4,"Оптовая торговля продуктами питания, напитками и табачными изделиями",АЛМАТИНСКАЯ ОБЛАСТЬ,КАРАСАЙСКИЙ РАЙОН
448284,Оптовая торговля прочими продуктами питания,true,,x,883,x,920,226976000,846,x,1031,x,994,x,957,5,"Оптовая торговля прочими продуктами питания, включая рыбу, ракообразных и моллюсков",АЛМАТИНСКАЯ ОБЛАСТЬ,КАРАСАЙСКИЙ РАЙОН
448285,"Неспециализированная оптовая торговля продуктами питания, напитками и табачными изделиями",false,,,,,,x,846,,,,,,,4,"Оптовая торговля продуктами питания, напитками и табачными изделиями",АЛМАТИНСКАЯ ОБЛАСТЬ,КАРАСАЙСКИЙ РАЙОН
448286,"Неспециализированная оптовая торговля продуктами питания, напитками и табачными изделиями",true,,,,,,x,846,,,,,,,5,"Неспециализированная оптовая торговля продуктами питания, напитками и табачными изделиями",АЛМАТИНСКАЯ ОБЛАСТЬ,КАРАСАЙСКИЙ РАЙОН
448287,Оптовая торговля непродовольственными товарами потребительского назначения,false,,68112000,883,49480000,920,x,846,35539000,1031,10146000,994,10273000,957,3,"Оптовая торговля, за исключением торговли автомобилями и мотоциклами",АЛМАТИНСКАЯ ОБЛАСТЬ,КАРАСАЙСКИЙ РАЙОН
448301,Оптовая торговля фармацевтическими товарами,false,,68112000,883,49480000,920,x,846,35539000,1031,10146000,994,10273000,957,4,Оптовая торговля непродовольственными товарами потребительского назначения,АЛМАТИНСКАЯ ОБЛАСТЬ,КАРАСАЙСКИЙ РАЙОН
18946138,"Оптовая торговля фармацевтическими товарами, кроме торговли медицинской техникой и ортопедическими  изделиями",true,,60612000,883,27386000,920,x,846,35539000,1031,7096000,994,10228000,957,5,Оптовая торговля фармацевтическими товарами,АЛМАТИНСКАЯ ОБЛАСТЬ,КАРАСАЙСКИЙ РАЙОН
18951440,Оптовая торговля медицинской техникой и ортопедическими  изделиями,true,,7500000,883,22094000,920,,,,,x,994,x,957,5,Оптовая торговля фармацевтическими товарами,АЛМАТИНСКАЯ ОБЛАСТЬ,КАРАСАЙСКИЙ РАЙОН
448311,Оптовая торговля компьютерами и коммуникационным оборудованием,false,,,,,,,,,,2429000,994,x,957,3,"Оптовая торговля, за исключением торговли автомобилями и мотоциклами",АЛМАТИНСКАЯ ОБЛАСТЬ,КАРАСАЙСКИЙ РАЙОН
448314,Оптовая торговля электронным и телекоммуникационным оборудованием и их частями ,false,,,,,,,,,,2429000,994,x,957,4,Оптовая торговля компьютерами и коммуникационным оборудованием,АЛМАТИНСКАЯ ОБЛАСТЬ,КАРАСАЙСКИЙ РАЙОН
448315,Оптовая торговля электронным и телекоммуникационным оборудованием и их частями ,true,,,,,,,,,,2429000,994,x,957,5,Оптовая торговля электронным и телекоммуникационным оборудованием и их частями ,АЛМАТИНСКАЯ ОБЛАСТЬ,КАРАСАЙСКИЙ РАЙОН
448316,"Оптовая торговля прочими машинами, оборудованием и деталями и принадлежностями к ним",false,,,,,,,,289235000,1031,290065000,994,x,957,3,"Оптовая торговля, за исключением торговли автомобилями и мотоциклами",АЛМАТИНСКАЯ ОБЛАСТЬ,КАРАСАЙСКИЙ РАЙОН
448317,"Оптовая торговля сельскохозяйственной техникой, оборудованием,  деталями и принадлежностями к ним",false,,,,,,,,x,1031,x,994,x,957,4,"Оптовая торговля прочими машинами, оборудованием и деталями и принадлежностями к ним",АЛМАТИНСКАЯ ОБЛАСТЬ,КАРАСАЙСКИЙ РАЙОН
448318,"Оптовая торговля сельскохозяйственной техникой, оборудованием,  деталями и принадлежностями к ним",true,,,,,,,,x,1031,x,994,x,957,5,"Оптовая торговля сельскохозяйственной техникой, оборудованием,  деталями и принадлежностями к ним",АЛМАТИНСКАЯ ОБЛАСТЬ,КАРАСАЙСКИЙ РАЙОН
448329,Оптовая торговля прочими машинами и оборудованием,false,,,,,,,,x,1031,x,994,,,4,"Оптовая торговля прочими машинами, оборудованием и деталями и принадлежностями к ним",АЛМАТИНСКАЯ ОБЛАСТЬ,КАРАСАЙСКИЙ РАЙОН
448330,Оптовая торговля прочими машинами и оборудованием,true,,,,,,,,x,1031,x,994,,,5,Оптовая торговля прочими машинами и оборудованием,АЛМАТИНСКАЯ ОБЛАСТЬ,КАРАСАЙСКИЙ РАЙОН
448331,Прочая специализированная оптовая торговля ,false,,,,,,x,846,x,1031,,,,,3,"Оптовая торговля, за исключением торговли автомобилями и мотоциклами",АЛМАТИНСКАЯ ОБЛАСТЬ,КАРАСАЙСКИЙ РАЙОН
448332,"Оптовая торговля твердым, жидким и газообразным топливом и подобными продуктами",false,,,,,,x,846,x,1031,,,,,4,Прочая специализированная оптовая торговля ,АЛМАТИНСКАЯ ОБЛАСТЬ,КАРАСАЙСКИЙ РАЙОН
448341,Оптовая торговля прочим топливом,true,,,,,,x,846,x,1031,,,,,5,"Оптовая торговля твердым, жидким и газообразным топливом и подобными продуктами",АЛМАТИНСКАЯ ОБЛАСТЬ,КАРАСАЙСКИЙ РАЙОН
448371,Неспециализированная оптовая торговля,false,,846449000,883,1091149000,920,1667292000,846,254300000,1031,14585000,994,11839000,957,3,"Оптовая торговля, за исключением торговли автомобилями и мотоциклами",АЛМАТИНСКАЯ ОБЛАСТЬ,КАРАСАЙСКИЙ РАЙОН
448372,Неспециализированная оптовая торговля,false,,846449000,883,1091149000,920,1667292000,846,254300000,1031,14585000,994,11839000,957,4,Неспециализированная оптовая торговля,АЛМАТИНСКАЯ ОБЛАСТЬ,КАРАСАЙСКИЙ РАЙОН
448376,Оптовая торговля широким ассортиментом товаров без какой-либо конкретизации,true,,846449000,883,1091149000,920,1667292000,846,254300000,1031,14585000,994,11839000,957,5,Неспециализированная оптовая торговля,АЛМАТИНСКАЯ ОБЛАСТЬ,КАРАСАЙСКИЙ РАЙОН
448377,"Розничная торговля, кроме торговли автомобилями и мотоциклами",false,,4294565000,883,1628540000,920,1887944000,846,663511000,1031,3696346000,994,3615132000,957,2,Оптовая и розничная торговля; ремонт автомобилей и мотоциклов,АЛМАТИНСКАЯ ОБЛАСТЬ,КАРАСАЙСКИЙ РАЙОН
448378,Розничная торговля в неспециализированных магазинах,false,,3086510000,883,680981000,920,820143000,846,176483000,1031,1756491000,994,2322809000,957,3,"Розничная торговля, кроме торговли автомобилями и мотоциклами",АЛМАТИНСКАЯ ОБЛАСТЬ,КАРАСАЙСКИЙ РАЙОН
448379,"Розничная торговля в неспециализированных магазинах преимущественно продуктами питания, напитками и табачными изделиями",false,,1585391000,883,,,32000000,846,,,1639680000,994,2263780000,957,4,Розничная торговля в неспециализированных магазинах,АЛМАТИНСКАЯ ОБЛАСТЬ,КАРАСАЙСКИЙ РАЙОН
3647934,"Розничная торговля преимущественно продуктами питания, напитками и табачными изделиями в неспециализированных магазинах, являющихся торговыми объектами, с торговой площадью менее 2000 кв.м ",true,,1585391000,883,,,32000000,846,,,1639680000,994,2263780000,957,5,"Розничная торговля в неспециализированных магазинах преимущественно продуктами питания, напитками и табачными изделиями",АЛМАТИНСКАЯ ОБЛАСТЬ,КАРАСАЙСКИЙ РАЙОН
448381,Прочая розничная торговля в неспециализированных магазинах,false,,1501119000,883,680981000,920,788143000,846,176483000,1031,116811000,994,59029000,957,4,Розничная торговля в неспециализированных магазинах,АЛМАТИНСКАЯ ОБЛАСТЬ,КАРАСАЙСКИЙ РАЙОН
3647936,"Прочая розничная торговля в неспециализированных магазинах, являющихся торговыми объектами, с торговой площадью менее 2000 кв.м ",true,,640068000,883,168505000,920,10553000,846,163284000,1031,95086000,994,50051000,957,5,Прочая розничная торговля в неспециализированных магазинах,АЛМАТИНСКАЯ ОБЛАСТЬ,КАРАСАЙСКИЙ РАЙОН
3647937,"Прочая розничная торговля в неспециализированных магазинах, являющихся торговыми объектами, с торговой площадью более 2000 кв.м (2000 кв.м и выше)",true,,x,883,x,920,x,846,x,1031,21725000,994,8978000,957,5,Прочая розничная торговля в неспециализированных магазинах,АЛМАТИНСКАЯ ОБЛАСТЬ,КАРАСАЙСКИЙ РАЙОН
448383,"Розничная торговля продуктами питания, напитками и табачными изделиями в специализированных магазинах",false,,x,883,,,415156000,846,,,,,,,3,"Розничная торговля, кроме торговли автомобилями и мотоциклами",АЛМАТИНСКАЯ ОБЛАСТЬ,КАРАСАЙСКИЙ РАЙОН
448391,"Розничная торговля хлебобулочными, мучными и сахаристыми кондитерскими изделиями в специализированных магазинах",false,,x,883,,,,,,,,,,,4,"Розничная торговля продуктами питания, напитками и табачными изделиями в специализированных магазинах",АЛМАТИНСКАЯ ОБЛАСТЬ,КАРАСАЙСКИЙ РАЙОН
3647944,"Розничная торговля хлебобулочными, мучными и сахаристыми кондитерскими изделиями в специализированных магазинах, являющихся торговыми объектами, с торговой площадью менее 2000 кв.м",true,,x,883,,,,,,,,,,,5,"Розничная торговля хлебобулочными, мучными и сахаристыми кондитерскими изделиями в специализированных магазинах",АЛМАТИНСКАЯ ОБЛАСТЬ,КАРАСАЙСКИЙ РАЙОН
448393,Розничная торговля напитками в специализированных магазинах,false,,,,,,x,846,,,,,,,4,"Розничная торговля продуктами питания, напитками и табачными изделиями в специализированных магазинах",АЛМАТИНСКАЯ ОБЛАСТЬ,КАРАСАЙСКИЙ РАЙОН
3647946,"Розничная торговля напитками в специализированных магазинах, являющихся торговыми объектами, с торговой площадью менее 2000 кв.м",true,,,,,,x,846,,,,,,,5,Розничная торговля напитками в специализированных магазинах,АЛМАТИНСКАЯ ОБЛАСТЬ,КАРАСАЙСКИЙ РАЙОН
448397,Прочая розничная торговля продуктами питания в специализированных магазинах,false,,,,,,x,846,,,,,,,4,"Розничная торговля продуктами питания, напитками и табачными изделиями в специализированных магазинах",АЛМАТИНСКАЯ ОБЛАСТЬ,КАРАСАЙСКИЙ РАЙОН
3647950,"Прочая розничная торговля продуктами питания в специализированных магазинах, являющихся торговыми объектами, с торговой площадью менее 2000 кв.м",true,,,,,,x,846,,,,,,,5,Прочая розничная торговля продуктами питания в специализированных магазинах,АЛМАТИНСКАЯ ОБЛАСТЬ,КАРАСАЙСКИЙ РАЙОН
448399,Розничная торговля топливом в специализированных магазинах,false,,63971000,883,840099000,920,406076000,846,86433000,1031,1734126000,994,903912000,957,3,"Розничная торговля, кроме торговли автомобилями и мотоциклами",АЛМАТИНСКАЯ ОБЛАСТЬ,КАРАСАЙСКИЙ РАЙОН
448400,Розничная торговля топливом в специализированных магазинах,false,,63971000,883,840099000,920,406076000,846,86433000,1031,1734126000,994,903912000,957,4,Розничная торговля топливом в специализированных магазинах,АЛМАТИНСКАЯ ОБЛАСТЬ,КАРАСАЙСКИЙ РАЙОН
20576124,"Розничная торговля моторным топливом в специализированных магазинах, за исключением находящихся на придорожной полосе",true,,63971000,883,840099000,920,,,86433000,1031,1734126000,994,903912000,957,5,Розничная торговля топливом в специализированных магазинах,АЛМАТИНСКАЯ ОБЛАСТЬ,КАРАСАЙСКИЙ РАЙОН
18951442,Розничная торговля моторным топливом в специализированных магазинах,true,,,,,,406076000,846,,,,,,,5,Розничная торговля топливом в специализированных магазинах,АЛМАТИНСКАЯ ОБЛАСТЬ,КАРАСАЙСКИЙ РАЙОН
448409,Розничная торговля прочими бытовыми товарами в специализированных магазинах ,false,,x,883,793000,920,x,846,1520000,1031,3993000,994,x,957,3,"Розничная торговля, кроме торговли автомобилями и мотоциклами",АЛМАТИНСКАЯ ОБЛАСТЬ,КАРАСАЙСКИЙ РАЙОН
448416,Розничная торговля электрическими бытовыми приборами в специализированных магазинах,false,,x,883,793000,920,x,846,1520000,1031,3993000,994,x,957,4,Розничная торговля прочими бытовыми товарами в специализированных магазинах ,АЛМАТИНСКАЯ ОБЛАСТЬ,КАРАСАЙСКИЙ РАЙОН
3647962,"Розничная торговля электрическими бытовыми приборами в специализированных магазинах, являющихся торговыми объектами, с торговой площадью менее 2000 кв.м",true,,x,883,793000,920,x,846,1520000,1031,3993000,994,x,957,5,Розничная торговля электрическими бытовыми приборами в специализированных магазинах,АЛМАТИНСКАЯ ОБЛАСТЬ,КАРАСАЙСКИЙ РАЙОН
448422,Розничная торговля товарами культурно-развлекательного характера в специализированных магазинах,false,,,,,,,,x,1031,,,,,3,"Розничная торговля, кроме торговли автомобилями и мотоциклами",АЛМАТИНСКАЯ ОБЛАСТЬ,КАРАСАЙСКИЙ РАЙОН
448429,Розничная торговля спортивным оборудованием в специализированных магазинах,false,,,,,,,,x,1031,,,,,4,Розничная торговля товарами культурно-развлекательного характера в специализированных магазинах,АЛМАТИНСКАЯ ОБЛАСТЬ,КАРАСАЙСКИЙ РАЙОН
3647973,"Розничная торговля спортивным оборудованием в специализированных магазинах, являющихся торговыми объектами, с торговой площадью менее 2000 кв.м",true,,,,,,,,x,1031,,,,,5,Розничная торговля спортивным оборудованием в специализированных магазинах,АЛМАТИНСКАЯ ОБЛАСТЬ,КАРАСАЙСКИЙ РАЙОН
448433,Розничная торговля прочими товарами в специализированных магазинах,false,,1136976000,883,106410000,920,x,846,55939000,1031,201736000,994,386942000,957,3,"Розничная торговля, кроме торговли автомобилями и мотоциклами",АЛМАТИНСКАЯ ОБЛАСТЬ,КАРАСАЙСКИЙ РАЙОН
448434,Розничная торговля одеждой в специализированных магазинах,false,,x,883,,,,,,,,,,,4,Розничная торговля прочими товарами в специализированных магазинах,АЛМАТИНСКАЯ ОБЛАСТЬ,КАРАСАЙСКИЙ РАЙОН
448436,"Розничная торговля одеждой, кроме трикотажных и чулочно-носочных изделий, в специализированных магазинах, являющихся торговыми объектами, с торговой площадью менее 2000 кв.м",true,,x,883,,,,,,,,,,,5,Розничная торговля одеждой в специализированных магазинах,АЛМАТИНСКАЯ ОБЛАСТЬ,КАРАСАЙСКИЙ РАЙОН
448437,Розничная торговля обувью и кожаными изделиями в специализированных магазинах,false,,,,14699000,920,,,,,,,2554000,957,4,Розничная торговля прочими товарами в специализированных магазинах,АЛМАТИНСКАЯ ОБЛАСТЬ,КАРАСАЙСКИЙ РАЙОН
448438,"Розничная торговля обувью в специализированных магазинах, являющихся торговыми объектами, с торговой площадью менее 2000 кв.м",true,,,,14699000,920,,,,,,,2554000,957,5,Розничная торговля обувью и кожаными изделиями в специализированных магазинах,АЛМАТИНСКАЯ ОБЛАСТЬ,КАРАСАЙСКИЙ РАЙОН
448440,Розничная торговля фармацевтическими товарами в специализированных магазинах,false,,1134639000,883,600000,920,x,846,,,,,x,957,4,Розничная торговля прочими товарами в специализированных магазинах,АЛМАТИНСКАЯ ОБЛАСТЬ,КАРАСАЙСКИЙ РАЙОН
3647981,"Розничная торговля фармацевтическими товарами в специализированных магазинах, являющихся торговыми объектами, с торговой площадью менее 2000 кв.м",true,,1134639000,883,600000,920,x,846,,,,,x,957,5,Розничная торговля фармацевтическими товарами в специализированных магазинах,АЛМАТИНСКАЯ ОБЛАСТЬ,КАРАСАЙСКИЙ РАЙОН
448452,Прочая розничная торговля новыми товарами в специализированных магазинах,false,,,,91111000,920,,,55939000,1031,201736000,994,383750000,957,4,Розничная торговля прочими товарами в специализированных магазинах,АЛМАТИНСКАЯ ОБЛАСТЬ,КАРАСАЙСКИЙ РАЙОН
3648273,"Прочая розничная торговля в специализированных магазинах, являющихся торговыми объектами, с торговой площадью более 2000 кв.м (2000 кв.м и выше)",true,,,,x,920,,,55939000,1031,201436000,994,371780000,957,5,Прочая розничная торговля новыми товарами в специализированных магазинах,АЛМАТИНСКАЯ ОБЛАСТЬ,КАРАСАЙСКИЙ РАЙОН
448455,"Прочая розничная торговля в специализированных магазинах, являющихся торговыми объектами, с торговой площадью менее 2000 кв.м",true,,,,56340000,920,,,,,300000,994,11970000,957,5,Прочая розничная торговля новыми товарами в специализированных магазинах,АЛМАТИНСКАЯ ОБЛАСТЬ,КАРАСАЙСКИЙ РАЙОН
448468,"Розничная торговля вне магазинов, палаток, киосков или рынков",false,,,,x,920,,,28290000,1031,,,x,957,3,"Розничная торговля, кроме торговли автомобилями и мотоциклами",АЛМАТИНСКАЯ ОБЛАСТЬ,КАРАСАЙСКИЙ РАЙОН
448469,Розничная торговля путем заказа товаров по почте или через сеть Интернет,false,,,,,,,,x,1031,,,,,4,"Розничная торговля вне магазинов, палаток, киосков или рынков",АЛМАТИНСКАЯ ОБЛАСТЬ,КАРАСАЙСКИЙ РАЙОН
448470,Розничная торговля путем заказа товаров по почте или через сеть Интернет,true,,,,,,,,x,1031,,,,,5,Розничная торговля путем заказа товаров по почте или через сеть Интернет,АЛМАТИНСКАЯ ОБЛАСТЬ,КАРАСАЙСКИЙ РАЙОН
448471,"Прочая розничная торговля вне магазинов, палаток, киосков или рынков",false,,,,x,920,,,x,1031,,,x,957,4,"Розничная торговля вне магазинов, палаток, киосков или рынков",АЛМАТИНСКАЯ ОБЛАСТЬ,КАРАСАЙСКИЙ РАЙОН
448474,Прочая розничная торговля вне магазинов,true,,,,x,920,,,x,1031,,,x,957,5,"Прочая розничная торговля вне магазинов, палаток, киосков или рынков",АЛМАТИНСКАЯ ОБЛАСТЬ,КАРАСАЙСКИЙ РАЙОН
448475,Транспорт и складирование,false,,33845857000,883,44827974000,920,15550783000,846,43937613000,1031,32334469000,994,54113252000,957,1,Всего,АЛМАТИНСКАЯ ОБЛАСТЬ,КАРАСАЙСКИЙ РАЙОН
448476,Деятельность сухопутного и трубопроводного транспорта ,false,,3267682000,883,498137000,920,2104819000,846,11473429000,1031,15490779000,994,340906000,957,2,Транспорт и складирование,АЛМАТИНСКАЯ ОБЛАСТЬ,КАРАСАЙСКИЙ РАЙОН
448477,Деятельность пассажирского железнодорожного транспорта в междугородном сообщении,false,,,,x,920,,,,,107179000,994,x,957,3,Деятельность сухопутного и трубопроводного транспорта ,АЛМАТИНСКАЯ ОБЛАСТЬ,КАРАСАЙСКИЙ РАЙОН
448478,Деятельность пассажирского железнодорожного транспорта в междугородном сообщении,false,,,,x,920,,,,,107179000,994,x,957,4,Деятельность пассажирского железнодорожного транспорта в междугородном сообщении,АЛМАТИНСКАЯ ОБЛАСТЬ,КАРАСАЙСКИЙ РАЙОН
448479,Деятельность пассажирского железнодорожного транспорта в междугородном сообщении,true,,,,x,920,,,,,107179000,994,x,957,5,Деятельность пассажирского железнодорожного транспорта в междугородном сообщении,АЛМАТИНСКАЯ ОБЛАСТЬ,КАРАСАЙСКИЙ РАЙОН
448483,Деятельность прочего пассажирского сухопутного транспорта,false,,x,883,x,920,1637393000,846,1772000,1031,x,994,x,957,3,Деятельность сухопутного и трубопроводного транспорта ,АЛМАТИНСКАЯ ОБЛАСТЬ,КАРАСАЙСКИЙ РАЙОН
448484,Деятельность сухопутного транспорта по городским и пригородным пассажирским перевозкам,false,,x,883,x,920,1637393000,846,1772000,1031,x,994,x,957,4,Деятельность прочего пассажирского сухопутного транспорта,АЛМАТИНСКАЯ ОБЛАСТЬ,КАРАСАЙСКИЙ РАЙОН
448485,Перевозки автобусами,true,,x,883,x,920,1637393000,846,1772000,1031,x,994,x,957,5,Деятельность сухопутного транспорта по городским и пригородным пассажирским перевозкам,АЛМАТИНСКАЯ ОБЛАСТЬ,КАРАСАЙСКИЙ РАЙОН
448494,Деятельность грузового автомобильного транспорта и предоставление услуг по переезду ,false,,x,883,x,920,x,846,229496000,1031,209405000,994,,,3,Деятельность сухопутного и трубопроводного транспорта ,АЛМАТИНСКАЯ ОБЛАСТЬ,КАРАСАЙСКИЙ РАЙОН
448495,Деятельность грузового автомобильного транспорта,false,,x,883,x,920,x,846,229496000,1031,209405000,994,,,4,Деятельность грузового автомобильного транспорта и предоставление услуг по переезду ,АЛМАТИНСКАЯ ОБЛАСТЬ,КАРАСАЙСКИЙ РАЙОН
448496,Деятельность грузового автомобильного транспорта,true,,x,883,x,920,x,846,229496000,1031,209405000,994,,,5,Деятельность грузового автомобильного транспорта,АЛМАТИНСКАЯ ОБЛАСТЬ,КАРАСАЙСКИЙ РАЙОН
448499,Деятельность трубопроводного транспорта,false,,x,883,87678000,920,x,846,11242161000,1031,13837684000,994,17664000,957,3,Деятельность сухопутного и трубопроводного транспорта ,АЛМАТИНСКАЯ ОБЛАСТЬ,КАРАСАЙСКИЙ РАЙОН
448500,Деятельность трубопроводного транспорта,false,,x,883,87678000,920,x,846,11242161000,1031,13837684000,994,17664000,957,4,Деятельность трубопроводного транспорта,АЛМАТИНСКАЯ ОБЛАСТЬ,КАРАСАЙСКИЙ РАЙОН
448501,Деятельность трубопроводного транспорта,true,,x,883,87678000,920,x,846,11242161000,1031,13837684000,994,17664000,957,5,Деятельность трубопроводного транспорта,АЛМАТИНСКАЯ ОБЛАСТЬ,КАРАСАЙСКИЙ РАЙОН
448527,Складирование грузов и вспомогательная транспортная деятельность,false,,30578175000,883,44329837000,920,13445964000,846,32464184000,1031,16843690000,994,53772346000,957,2,Транспорт и складирование,АЛМАТИНСКАЯ ОБЛАСТЬ,КАРАСАЙСКИЙ РАЙОН
448528,Складирование и хранение грузов,false,,74556000,883,x,920,809239000,846,27076888000,1031,x,994,504892000,957,3,Складирование грузов и вспомогательная транспортная деятельность,АЛМАТИНСКАЯ ОБЛАСТЬ,КАРАСАЙСКИЙ РАЙОН
448529,Складирование и хранение грузов,false,,74556000,883,x,920,809239000,846,27076888000,1031,x,994,504892000,957,4,Складирование и хранение грузов,АЛМАТИНСКАЯ ОБЛАСТЬ,КАРАСАЙСКИЙ РАЙОН
448530,Складирование и хранение зерна,true,,,,,,11617000,846,,,,,,,5,Складирование и хранение грузов,АЛМАТИНСКАЯ ОБЛАСТЬ,КАРАСАЙСКИЙ РАЙОН
448531,"Складирование и хранение непродовольственных товаров, кроме зерна и нефти",true,,16092000,883,,,797622000,846,,,x,994,x,957,5,Складирование и хранение грузов,АЛМАТИНСКАЯ ОБЛАСТЬ,КАРАСАЙСКИЙ РАЙОН
20576307,"Складирование и хранение продовольственных товаров, кроме овощей и фруктов",true,,58464000,883,x,920,,,x,1031,,,194853000,957,5,Складирование и хранение грузов,АЛМАТИНСКАЯ ОБЛАСТЬ,КАРАСАЙСКИЙ РАЙОН
20576308,Хранение нефти,true,,,,,,,,,,,,x,957,5,Складирование и хранение грузов,АЛМАТИНСКАЯ ОБЛАСТЬ,КАРАСАЙСКИЙ РАЙОН
448533,Вспомогательная транспортная деятельность,false,,30503619000,883,44328166000,920,12636725000,846,5387296000,1031,16509515000,994,53267454000,957,3,Складирование грузов и вспомогательная транспортная деятельность,АЛМАТИНСКАЯ ОБЛАСТЬ,КАРАСАЙСКИЙ РАЙОН
448534,Вспомогательная деятельность сухопутного транспорта,false,,29745270000,883,42987160000,920,11439761000,846,2767912000,1031,16268366000,994,53267454000,957,4,Вспомогательная транспортная деятельность,АЛМАТИНСКАЯ ОБЛАСТЬ,КАРАСАЙСКИЙ РАЙОН
448535,Эксплуатация железных дорог,true,,,,,,,,165437000,1031,x,994,1406378000,957,5,Вспомогательная деятельность сухопутного транспорта,АЛМАТИНСКАЯ ОБЛАСТЬ,КАРАСАЙСКИЙ РАЙОН
448536,Эксплуатация автомобильных дорог,true,,29128959000,883,42987160000,920,11439761000,846,2602475000,1031,16034429000,994,51861076000,957,5,Вспомогательная деятельность сухопутного транспорта,АЛМАТИНСКАЯ ОБЛАСТЬ,КАРАСАЙСКИЙ РАЙОН
448537,Деятельность терминалов,true,,616311000,883,,,,,,,,,,,5,Вспомогательная деятельность сухопутного транспорта,АЛМАТИНСКАЯ ОБЛАСТЬ,КАРАСАЙСКИЙ РАЙОН
448545,Транспортная обработка грузов,false,,,,x,920,x,846,,,,,,,4,Вспомогательная транспортная деятельность,АЛМАТИНСКАЯ ОБЛАСТЬ,КАРАСАЙСКИЙ РАЙОН
448546,Транспортная обработка грузов,true,,,,x,920,x,846,,,,,,,5,Транспортная обработка грузов,АЛМАТИНСКАЯ ОБЛАСТЬ,КАРАСАЙСКИЙ РАЙОН
448547,Прочая вспомогательная транспортная деятельность,false,,758349000,883,x,920,185885000,846,2619384000,1031,241149000,994,,,4,Вспомогательная транспортная деятельность,АЛМАТИНСКАЯ ОБЛАСТЬ,КАРАСАЙСКИЙ РАЙОН
448548,Транспортно-экспедиционные  услуги,true,,x,883,,,182105000,846,2619384000,1031,x,994,,,5,Прочая вспомогательная транспортная деятельность,АЛМАТИНСКАЯ ОБЛАСТЬ,КАРАСАЙСКИЙ РАЙОН
448550,Прочая транспортно-экспедиционная деятельность,true,,x,883,x,920,x,846,,,x,994,,,5,Прочая вспомогательная транспортная деятельность,АЛМАТИНСКАЯ ОБЛАСТЬ,КАРАСАЙСКИЙ РАЙОН
448558,Предоставление услуг по проживанию и питанию,false,,500216000,883,1030787000,920,523713000,846,77505000,1031,12378214000,994,6807272000,957,1,Всего,АЛМАТИНСКАЯ ОБЛАСТЬ,КАРАСАЙСКИЙ РАЙОН
3783427,Предоставление услуг по временному проживанию,false,,x,883,220000000,920,x,846,,,3980527000,994,2175000000,957,2,Предоставление услуг по проживанию и питанию,АЛМАТИНСКАЯ ОБЛАСТЬ,КАРАСАЙСКИЙ РАЙОН
3783428,Предоставление услуг гостиницами и аналогичными местами для проживания,false,,,,220000000,920,,,,,3980527000,994,2175000000,957,3,Предоставление услуг по временному проживанию,АЛМАТИНСКАЯ ОБЛАСТЬ,КАРАСАЙСКИЙ РАЙОН
3783429,Предоставление услуг гостиницами и аналогичными местами для проживания,false,,,,220000000,920,,,,,3980527000,994,2175000000,957,4,Предоставление услуг гостиницами и аналогичными местами для проживания,АЛМАТИНСКАЯ ОБЛАСТЬ,КАРАСАЙСКИЙ РАЙОН
3783430,"Предоставление услуг гостиницами с ресторанами, за исключением гостиниц, находящихся на придорожной полосе",true,,,,,,,,,,2086127000,994,,,5,Предоставление услуг гостиницами и аналогичными местами для проживания,АЛМАТИНСКАЯ ОБЛАСТЬ,КАРАСАЙСКИЙ РАЙОН
3783431,"Предоставление услуг гостиницами без ресторанов, за исключением гостиниц, находящихся на придорожной полосе",true,,,,220000000,920,,,,,1894400000,994,2175000000,957,5,Предоставление услуг гостиницами и аналогичными местами для проживания,АЛМАТИНСКАЯ ОБЛАСТЬ,КАРАСАЙСКИЙ РАЙОН
3783441,Предоставление услуг прочими местами для проживания,false,,x,883,,,x,846,,,,,,,3,Предоставление услуг по временному проживанию,АЛМАТИНСКАЯ ОБЛАСТЬ,КАРАСАЙСКИЙ РАЙОН
3783442,Предоставление услуг прочими местами для проживания,false,,x,883,,,x,846,,,,,,,4,Предоставление услуг прочими местами для проживания,АЛМАТИНСКАЯ ОБЛАСТЬ,КАРАСАЙСКИЙ РАЙОН
3783443,Услуги в других видах жилья,true,,,,,,x,846,,,,,,,5,Предоставление услуг прочими местами для проживания,АЛМАТИНСКАЯ ОБЛАСТЬ,КАРАСАЙСКИЙ РАЙОН
20576357,"Предоставление услуг прочими местами для проживания, не включенными в другие категории",true,,x,883,,,,,,,,,,,5,Предоставление услуг прочими местами для проживания,АЛМАТИНСКАЯ ОБЛАСТЬ,КАРАСАЙСКИЙ РАЙОН
448573,Предоставление услуг по обеспечению питанием и напитками,false,,440987000,883,810787000,920,325643000,846,77505000,1031,8397687000,994,4632272000,957,2,Предоставление услуг по проживанию и питанию,АЛМАТИНСКАЯ ОБЛАСТЬ,КАРАСАЙСКИЙ РАЙОН
448574,Деятельность ресторанов и предоставление услуг по доставке продуктов питания,false,,440987000,883,79427000,920,325643000,846,77505000,1031,8397687000,994,3493736000,957,3,Предоставление услуг по обеспечению питанием и напитками,АЛМАТИНСКАЯ ОБЛАСТЬ,КАРАСАЙСКИЙ РАЙОН
448575,Деятельность ресторанов и предоставление услуг по доставке продуктов питания,false,,440987000,883,79427000,920,325643000,846,77505000,1031,8397687000,994,3493736000,957,4,Деятельность ресторанов и предоставление услуг по доставке продуктов питания,АЛМАТИНСКАЯ ОБЛАСТЬ,КАРАСАЙСКИЙ РАЙОН
448576,Рестораны и услуги по доставке продуктов питания,true,,,,,,325643000,846,,,,,,,5,Деятельность ресторанов и предоставление услуг по доставке продуктов питания,АЛМАТИНСКАЯ ОБЛАСТЬ,КАРАСАЙСКИЙ РАЙОН
20576362,"Деятельность ресторанов и предоставление услуг по доставке продуктов питания, за исключением деятельности объектов, находящихся на придорожной полосе",true,,440987000,883,79427000,920,,,77505000,1031,6450887000,994,3493736000,957,5,Деятельность ресторанов и предоставление услуг по доставке продуктов питания,АЛМАТИНСКАЯ ОБЛАСТЬ,КАРАСАЙСКИЙ РАЙОН
20576361,"Деятельность ресторанов и предоставление услуг по доставке продуктов питания объектами, находящимися на придорожной полосе",true,,,,,,,,,,1946800000,994,,,5,Деятельность ресторанов и предоставление услуг по доставке продуктов питания,АЛМАТИНСКАЯ ОБЛАСТЬ,КАРАСАЙСКИЙ РАЙОН
448577,Доставка готовой пищи на заказ и прочая деятельность по обеспечению питанием,false,,,,x,920,,,,,,,1138536000,957,3,Предоставление услуг по обеспечению питанием и напитками,АЛМАТИНСКАЯ ОБЛАСТЬ,КАРАСАЙСКИЙ РАЙОН
448580,Прочая деятельность по обеспечению питанием,false,,,,x,920,,,,,,,1138536000,957,4,Доставка готовой пищи на заказ и прочая деятельность по обеспечению питанием,АЛМАТИНСКАЯ ОБЛАСТЬ,КАРАСАЙСКИЙ РАЙОН
18951446,"Прочая деятельность по обеспечению питанием, не включенная в другие группировки",true,,,,x,920,,,,,,,1138536000,957,5,Прочая деятельность по обеспечению питанием,АЛМАТИНСКАЯ ОБЛАСТЬ,КАРАСАЙСКИЙ РАЙОН
448585,Информация и связь,false,,378377000,883,98733000,920,510561000,846,2064460000,1031,157106000,994,26629000,957,1,Всего,АЛМАТИНСКАЯ ОБЛАСТЬ,КАРАСАЙСКИЙ РАЙОН
448603,"Производство кино-, видеофильмов и телевизионных программ, деятельность в сфере звукозаписи и издания музыкальных произведений ",false,,,,,,x,846,,,,,,,2,Информация и связь,АЛМАТИНСКАЯ ОБЛАСТЬ,КАРАСАЙСКИЙ РАЙОН
448604,"Деятельность по производству кино-, видеофильмов и телевизионных программ",false,,,,,,x,846,,,,,,,3,"Производство кино-, видеофильмов и телевизионных программ, деятельность в сфере звукозаписи и издания музыкальных произведений ",АЛМАТИНСКАЯ ОБЛАСТЬ,КАРАСАЙСКИЙ РАЙОН
448611,Деятельность по показу кинофильмов,false,,,,,,x,846,,,,,,,4,"Деятельность по производству кино-, видеофильмов и телевизионных программ",АЛМАТИНСКАЯ ОБЛАСТЬ,КАРАСАЙСКИЙ РАЙОН
448612,Деятельность по показу кинофильмов,true,,,,,,x,846,,,,,,,5,Деятельность по показу кинофильмов,АЛМАТИНСКАЯ ОБЛАСТЬ,КАРАСАЙСКИЙ РАЙОН
448623,Телекоммуникации,false,,378377000,883,98733000,920,155993000,846,2064460000,1031,157106000,994,26629000,957,2,Информация и связь,АЛМАТИНСКАЯ ОБЛАСТЬ,КАРАСАЙСКИЙ РАЙОН
18696628,Проводная телекоммуникационная связь,false,,138877000,883,861000,920,100000000,846,200641000,1031,157106000,994,,,3,Телекоммуникации,АЛМАТИНСКАЯ ОБЛАСТЬ,КАРАСАЙСКИЙ РАЙОН
18696629,Проводная телекоммуникационная связь,false,,138877000,883,861000,920,100000000,846,200641000,1031,157106000,994,,,4,Проводная телекоммуникационная связь,АЛМАТИНСКАЯ ОБЛАСТЬ,КАРАСАЙСКИЙ РАЙОН
18946146,Прочая проводная телекоммуникационная связь,true,,138877000,883,861000,920,100000000,846,200641000,1031,157106000,994,,,5,Проводная телекоммуникационная связь,АЛМАТИНСКАЯ ОБЛАСТЬ,КАРАСАЙСКИЙ РАЙОН
448627,Беспроводная телекоммуникационная связь,false,,180805000,883,36612000,920,x,846,88280000,1031,,,26629000,957,3,Телекоммуникации,АЛМАТИНСКАЯ ОБЛАСТЬ,КАРАСАЙСКИЙ РАЙОН
448628,Беспроводная телекоммуникационная связь,false,,180805000,883,36612000,920,x,846,88280000,1031,,,26629000,957,4,Беспроводная телекоммуникационная связь,АЛМАТИНСКАЯ ОБЛАСТЬ,КАРАСАЙСКИЙ РАЙОН
18946147,Беспроводная телекоммуникационная связь посредством единой транспортной среды,true,,,,36612000,920,x,846,,,,,17019000,957,5,Беспроводная телекоммуникационная связь,АЛМАТИНСКАЯ ОБЛАСТЬ,КАРАСАЙСКИЙ РАЙОН
18946149,Прочая беспроводная телекоммуникационная связь,true,,180805000,883,,,,,88280000,1031,,,9610000,957,5,Беспроводная телекоммуникационная связь,АЛМАТИНСКАЯ ОБЛАСТЬ,КАРАСАЙСКИЙ РАЙОН
448633,Прочая деятельность в области телекоммуникаций,false,,x,883,x,920,43008000,846,1775539000,1031,,,,,3,Телекоммуникации,АЛМАТИНСКАЯ ОБЛАСТЬ,КАРАСАЙСКИЙ РАЙОН
448634,Прочая деятельность в области телекоммуникаций,false,,x,883,x,920,43008000,846,1775539000,1031,,,,,4,Прочая деятельность в области телекоммуникаций,АЛМАТИНСКАЯ ОБЛАСТЬ,КАРАСАЙСКИЙ РАЙОН
18946154,"Прочая деятельность в области телекоммуникаций, не включенная в другие группировки",true,,x,883,x,920,43008000,846,1775539000,1031,,,,,5,Прочая деятельность в области телекоммуникаций,АЛМАТИНСКАЯ ОБЛАСТЬ,КАРАСАЙСКИЙ РАЙОН
448636,"Компьютерное программирование, консультационные и другие сопутствующие услуги",false,,,,,,150000,846,,,,,,,2,Информация и связь,АЛМАТИНСКАЯ ОБЛАСТЬ,КАРАСАЙСКИЙ РАЙОН
448637,"Компьютерное программирование, консультационные и другие сопутствующие услуги",false,,,,,,150000,846,,,,,,,3,"Компьютерное программирование, консультационные и другие сопутствующие услуги",АЛМАТИНСКАЯ ОБЛАСТЬ,КАРАСАЙСКИЙ РАЙОН
448643,Деятельность по управлению компьютерным оборудованием,false,,,,,,150000,846,,,,,,,4,"Компьютерное программирование, консультационные и другие сопутствующие услуги",АЛМАТИНСКАЯ ОБЛАСТЬ,КАРАСАЙСКИЙ РАЙОН
18946157,Деятельность по управлению информационно-коммуникационной инфраструктурой  в рамках формирования и развития государственных электронных информационных ресурсов и систем,true,,,,,,150000,846,,,,,,,5,Деятельность по управлению компьютерным оборудованием,АЛМАТИНСКАЯ ОБЛАСТЬ,КАРАСАЙСКИЙ РАЙОН
448658,Финансовая и страховая деятельность,false,,485857000,883,1759037000,920,743531000,846,48197000,1031,111933000,994,66205000,957,1,Всего,АЛМАТИНСКАЯ ОБЛАСТЬ,КАРАСАЙСКИЙ РАЙОН
448659,"Финансовое посредничество, кроме страхования и пенсионного обеспечения",false,,485857000,883,1759037000,920,743531000,846,48197000,1031,111933000,994,66205000,957,2,Финансовая и страховая деятельность,АЛМАТИНСКАЯ ОБЛАСТЬ,КАРАСАЙСКИЙ РАЙОН
448660,Денежное посредничество,false,,460696000,883,1678030000,920,400767000,846,42824000,1031,105758000,994,46646000,957,3,"Финансовое посредничество, кроме страхования и пенсионного обеспечения",АЛМАТИНСКАЯ ОБЛАСТЬ,КАРАСАЙСКИЙ РАЙОН
448663,Прочее денежное посредничество,false,,460696000,883,1678030000,920,400767000,846,42824000,1031,105758000,994,46646000,957,4,Денежное посредничество,АЛМАТИНСКАЯ ОБЛАСТЬ,КАРАСАЙСКИЙ РАЙОН
18946163,"Деятельность банков, за исключением, банка, являющегося национальным институтом развития, и его дочерней организации-лизингодателя",true,,460696000,883,x,920,400767000,846,30453000,1031,105570000,994,46646000,957,5,Прочее денежное посредничество,АЛМАТИНСКАЯ ОБЛАСТЬ,КАРАСАЙСКИЙ РАЙОН
448665,Деятельность сберегательных банков,true,,,,,,,,x,1031,x,994,,,5,Прочее денежное посредничество,АЛМАТИНСКАЯ ОБЛАСТЬ,КАРАСАЙСКИЙ РАЙОН
448666,Денежное посредничество прочих финансовых учреждений,true,,,,x,920,,,,,,,,,5,Прочее денежное посредничество,АЛМАТИНСКАЯ ОБЛАСТЬ,КАРАСАЙСКИЙ РАЙОН
448673,"Прочее финансовое посредничество, кроме страхования и пенсионного обеспечения",false,,25161000,883,81007000,920,342764000,846,5373000,1031,6175000,994,19559000,957,3,"Финансовое посредничество, кроме страхования и пенсионного обеспечения",АЛМАТИНСКАЯ ОБЛАСТЬ,КАРАСАЙСКИЙ РАЙОН
448676,Прочие виды кредитования,false,,25161000,883,81007000,920,342764000,846,4337000,1031,5406000,994,13561000,957,4,"Прочее финансовое посредничество, кроме страхования и пенсионного обеспечения",АЛМАТИНСКАЯ ОБЛАСТЬ,КАРАСАЙСКИЙ РАЙОН
448677,Деятельность ломбардов,true,,222000,883,3857000,920,336759000,846,1609000,1031,1538000,994,1205000,957,5,Прочие виды кредитования,АЛМАТИНСКАЯ ОБЛАСТЬ,КАРАСАЙСКИЙ РАЙОН
448678,"Прочие виды кредитования, не включенные в другие группировки",true,,24939000,883,77150000,920,6005000,846,2728000,1031,3868000,994,12356000,957,5,Прочие виды кредитования,АЛМАТИНСКАЯ ОБЛАСТЬ,КАРАСАЙСКИЙ РАЙОН
448679,"Прочее финансовое посредничество, кроме страхования и пенсионного обеспечения, не включенное в другие группировки",false,,,,,,,,1036000,1031,769000,994,x,957,4,"Прочее финансовое посредничество, кроме страхования и пенсионного обеспечения",АЛМАТИНСКАЯ ОБЛАСТЬ,КАРАСАЙСКИЙ РАЙОН
18946170,"Другие виды финансовых услуг, кроме страхования и пенсионного обеспечения, не включенные в другие группировки",true,,,,,,,,1036000,1031,769000,994,x,957,5,"Прочее финансовое посредничество, кроме страхования и пенсионного обеспечения, не включенное в другие группировки",АЛМАТИНСКАЯ ОБЛАСТЬ,КАРАСАЙСКИЙ РАЙОН
448714,Операции с недвижимым имуществом,false,,30493714000,883,31564532000,920,29707893000,846,51415675000,1031,43237282000,994,39687863000,957,1,Всего,АЛМАТИНСКАЯ ОБЛАСТЬ,КАРАСАЙСКИЙ РАЙОН
448715,Операции с недвижимым имуществом,false,,30493714000,883,31564532000,920,29707893000,846,51415675000,1031,43237282000,994,39687863000,957,2,Операции с недвижимым имуществом,АЛМАТИНСКАЯ ОБЛАСТЬ,КАРАСАЙСКИЙ РАЙОН
448716,Покупка и продажа собственного недвижимого имущества ,false,,28856361000,883,30092067000,920,25948826000,846,49773463000,1031,42504305000,994,39499155000,957,3,Операции с недвижимым имуществом,АЛМАТИНСКАЯ ОБЛАСТЬ,КАРАСАЙСКИЙ РАЙОН
448717,Покупка и продажа собственного недвижимого имущества ,false,,28856361000,883,30092067000,920,25948826000,846,49773463000,1031,42504305000,994,39499155000,957,4,Покупка и продажа собственного недвижимого имущества ,АЛМАТИНСКАЯ ОБЛАСТЬ,КАРАСАЙСКИЙ РАЙОН
543091,Покупка и продажа многоквартирных и жилых домов (особняков),true,,28811633000,883,30092067000,920,25847286000,846,49698750000,1031,41592505000,994,38856355000,957,5,Покупка и продажа собственного недвижимого имущества ,АЛМАТИНСКАЯ ОБЛАСТЬ,КАРАСАЙСКИЙ РАЙОН
543092,Покупка и продажа прочей недвижимости,true,,44728000,883,,,101540000,846,74713000,1031,911800000,994,642800000,957,5,Покупка и продажа собственного недвижимого имущества ,АЛМАТИНСКАЯ ОБЛАСТЬ,КАРАСАЙСКИЙ РАЙОН
448719,Аренда и управление собственной или арендуемой недвижимостью,false,,1637353000,883,1472465000,920,3314442000,846,1642212000,1031,732977000,994,188708000,957,3,Операции с недвижимым имуществом,АЛМАТИНСКАЯ ОБЛАСТЬ,КАРАСАЙСКИЙ РАЙОН
448720,Аренда и управление собственной или арендуемой недвижимостью,false,,1637353000,883,1472465000,920,3314442000,846,1642212000,1031,732977000,994,188708000,957,4,Аренда и управление собственной или арендуемой недвижимостью,АЛМАТИНСКАЯ ОБЛАСТЬ,КАРАСАЙСКИЙ РАЙОН
18946171,Аренда и управление собственной недвижимостью,true,,1248374000,883,1453847000,920,3299289000,846,,,732832000,994,187296000,957,5,Аренда и управление собственной или арендуемой недвижимостью,АЛМАТИНСКАЯ ОБЛАСТЬ,КАРАСАЙСКИЙ РАЙОН
18951452,Аренда и эксплуатация торгового рынка,true,,388979000,883,18618000,920,15153000,846,x,1031,x,994,x,957,5,Аренда и управление собственной или арендуемой недвижимостью,АЛМАТИНСКАЯ ОБЛАСТЬ,КАРАСАЙСКИЙ РАЙОН
448722,Операции с недвижимым имуществом за вознаграждение или на договорной основе,false,,,,,,444625000,846,,,,,,,3,Операции с недвижимым имуществом,АЛМАТИНСКАЯ ОБЛАСТЬ,КАРАСАЙСКИЙ РАЙОН
448723,Деятельность агентств по операциям с недвижимым имуществом,false,,,,,,444625000,846,,,,,,,4,Операции с недвижимым имуществом за вознаграждение или на договорной основе,АЛМАТИНСКАЯ ОБЛАСТЬ,КАРАСАЙСКИЙ РАЙОН
448724,Посреднические услуги при купле-продаже и сдаче внаем недвижимого имущества производственно-технического назначения,true,,,,,,444625000,846,,,,,,,5,Деятельность агентств по операциям с недвижимым имуществом,АЛМАТИНСКАЯ ОБЛАСТЬ,КАРАСАЙСКИЙ РАЙОН
448728,"Профессиональная, научная и техническая деятельность",false,,931176000,883,2338757000,920,2490782000,846,631341000,1031,576415000,994,116736000,957,1,Всего,АЛМАТИНСКАЯ ОБЛАСТЬ,КАРАСАЙСКИЙ РАЙОН
448738,Деятельность головных компаний; консультирование по вопросам управления ,false,,5392000,883,,,13890000,846,,,20749000,994,,,2,"Профессиональная, научная и техническая деятельность",АЛМАТИНСКАЯ ОБЛАСТЬ,КАРАСАЙСКИЙ РАЙОН
448739,Деятельность головных компаний,false,,,,,,,,,,20749000,994,,,3,Деятельность головных компаний; консультирование по вопросам управления ,АЛМАТИНСКАЯ ОБЛАСТЬ,КАРАСАЙСКИЙ РАЙОН
448740,Деятельность головных компаний,false,,,,,,,,,,20749000,994,,,4,Деятельность головных компаний,АЛМАТИНСКАЯ ОБЛАСТЬ,КАРАСАЙСКИЙ РАЙОН
18946176,Деятельность прочих головных компаний,true,,,,,,,,,,20749000,994,,,5,Деятельность головных компаний,АЛМАТИНСКАЯ ОБЛАСТЬ,КАРАСАЙСКИЙ РАЙОН
448742,Деятельность по консультированию по вопросам управления,false,,5392000,883,,,13890000,846,,,,,,,3,Деятельность головных компаний; консультирование по вопросам управления ,АЛМАТИНСКАЯ ОБЛАСТЬ,КАРАСАЙСКИЙ РАЙОН
448745,Консультирование по вопросам коммерческой деятельности и прочее консультирование по вопросам управления,false,,5392000,883,,,13890000,846,,,,,,,4,Деятельность по консультированию по вопросам управления,АЛМАТИНСКАЯ ОБЛАСТЬ,КАРАСАЙСКИЙ РАЙОН
18946177,Консультирование по вопросам коммерческой деятельности и управления,true,,5392000,883,,,13890000,846,,,,,,,5,Консультирование по вопросам коммерческой деятельности и прочее консультирование по вопросам управления,АЛМАТИНСКАЯ ОБЛАСТЬ,КАРАСАЙСКИЙ РАЙОН
448747,"Деятельность в области архитектуры, инженерных изысканий, технических испытаний и анализа",false,,,,x,920,603298000,846,x,1031,,,,,2,"Профессиональная, научная и техническая деятельность",АЛМАТИНСКАЯ ОБЛАСТЬ,КАРАСАЙСКИЙ РАЙОН
448756,Технические испытания и анализы,false,,,,x,920,603298000,846,x,1031,,,,,3,"Деятельность в области архитектуры, инженерных изысканий, технических испытаний и анализа",АЛМАТИНСКАЯ ОБЛАСТЬ,КАРАСАЙСКИЙ РАЙОН
448757,Технические испытания и анализы,false,,,,x,920,603298000,846,x,1031,,,,,4,Технические испытания и анализы,АЛМАТИНСКАЯ ОБЛАСТЬ,КАРАСАЙСКИЙ РАЙОН
448758,Деятельность санитарно-эпидемиологических организаций,true,,,,x,920,,,,,,,,,5,Технические испытания и анализы,АЛМАТИНСКАЯ ОБЛАСТЬ,КАРАСАЙСКИЙ РАЙОН
448760,"Деятельность прочих учреждений, осуществляющих технические испытания и анализы",true,,,,,,603298000,846,x,1031,,,,,5,Технические испытания и анализы,АЛМАТИНСКАЯ ОБЛАСТЬ,КАРАСАЙСКИЙ РАЙОН
448761,Научные исследования и разработки,false,,544294000,883,1064370000,920,1053853000,846,413244000,1031,275564000,994,48994000,957,2,"Профессиональная, научная и техническая деятельность",АЛМАТИНСКАЯ ОБЛАСТЬ,КАРАСАЙСКИЙ РАЙОН
448762,Научные исследования и экспериментальные разработки в области естественных и технических наук ,false,,x,883,x,920,2091000,846,34224000,1031,x,994,x,957,3,Научные исследования и разработки,АЛМАТИНСКАЯ ОБЛАСТЬ,КАРАСАЙСКИЙ РАЙОН
448763,Научные исследования и экспериментальные разработки в области биотехнологий,false,,x,883,x,920,x,846,34224000,1031,x,994,x,957,4,Научные исследования и экспериментальные разработки в области естественных и технических наук ,АЛМАТИНСКАЯ ОБЛАСТЬ,КАРАСАЙСКИЙ РАЙОН
448764,Научные исследования и экспериментальные разработки в области биотехнологий,true,,x,883,x,920,x,846,34224000,1031,x,994,x,957,5,Научные исследования и экспериментальные разработки в области биотехнологий,АЛМАТИНСКАЯ ОБЛАСТЬ,КАРАСАЙСКИЙ РАЙОН
448765,Прочие научные исследования и экспериментальные разработки в области естественных и технических наук ,false,,,,,,1278000,846,,,,,,,4,Научные исследования и экспериментальные разработки в области естественных и технических наук ,АЛМАТИНСКАЯ ОБЛАСТЬ,КАРАСАЙСКИЙ РАЙОН
18946186,Исследования и разработки в области противоинфекционных препаратов,true,,,,,,1278000,846,,,,,,,5,Прочие научные исследования и экспериментальные разработки в области естественных и технических наук ,АЛМАТИНСКАЯ ОБЛАСТЬ,КАРАСАЙСКИЙ РАЙОН
448767,Исследования и экспериментальные разработки в области общественных и гуманитарных наук,false,,526694000,883,739185000,920,x,846,379020000,1031,243984000,994,26807000,957,3,Научные исследования и разработки,АЛМАТИНСКАЯ ОБЛАСТЬ,КАРАСАЙСКИЙ РАЙОН
448768,Исследования и экспериментальные разработки в области общественных и гуманитарных наук,false,,526694000,883,739185000,920,x,846,379020000,1031,243984000,994,26807000,957,4,Исследования и экспериментальные разработки в области общественных и гуманитарных наук,АЛМАТИНСКАЯ ОБЛАСТЬ,КАРАСАЙСКИЙ РАЙОН
18946192,"Исследования и экспериментальные разработки в области общественных и гуманитарных наук, не включенные в другие группировки",true,,526694000,883,739185000,920,x,846,379020000,1031,243984000,994,26807000,957,5,Исследования и экспериментальные разработки в области общественных и гуманитарных наук,АЛМАТИНСКАЯ ОБЛАСТЬ,КАРАСАЙСКИЙ РАЙОН
448779,"Прочая профессиональная, научная и техническая деятельность",false,,381490000,883,945683000,920,x,846,211507000,1031,x,994,x,957,2,"Профессиональная, научная и техническая деятельность",АЛМАТИНСКАЯ ОБЛАСТЬ,КАРАСАЙСКИЙ РАЙОН
448789,"Прочая профессиональная, научная и техническая деятельность, не включенная в другие группировки",false,,381490000,883,945683000,920,x,846,211507000,1031,x,994,x,957,3,"Прочая профессиональная, научная и техническая деятельность",АЛМАТИНСКАЯ ОБЛАСТЬ,КАРАСАЙСКИЙ РАЙОН
448790,"Прочая профессиональная, научная и техническая деятельность, не включенная в другие группировки",false,,381490000,883,945683000,920,x,846,211507000,1031,x,994,x,957,4,"Прочая профессиональная, научная и техническая деятельность, не включенная в другие группировки",АЛМАТИНСКАЯ ОБЛАСТЬ,КАРАСАЙСКИЙ РАЙОН
448792,"Иная профессиональная, научная и техническая деятельность, не включенная в другие группировки",true,,381490000,883,945683000,920,x,846,211507000,1031,x,994,x,957,5,"Прочая профессиональная, научная и техническая деятельность, не включенная в другие группировки",АЛМАТИНСКАЯ ОБЛАСТЬ,КАРАСАЙСКИЙ РАЙОН
448793,Ветеринарная деятельность,false,,,,,,x,846,,,,,,,2,"Профессиональная, научная и техническая деятельность",АЛМАТИНСКАЯ ОБЛАСТЬ,КАРАСАЙСКИЙ РАЙОН
448794,Ветеринарная деятельность,false,,,,,,x,846,,,,,,,3,Ветеринарная деятельность,АЛМАТИНСКАЯ ОБЛАСТЬ,КАРАСАЙСКИЙ РАЙОН
448795,Ветеринарная деятельность,false,,,,,,x,846,,,,,,,4,Ветеринарная деятельность,АЛМАТИНСКАЯ ОБЛАСТЬ,КАРАСАЙСКИЙ РАЙОН
448796,Ветеринарная деятельность,true,,,,,,x,846,,,,,,,5,Ветеринарная деятельность,АЛМАТИНСКАЯ ОБЛАСТЬ,КАРАСАЙСКИЙ РАЙОН
448797,Деятельность в области административного и вспомогательного обслуживания,false,,25961000,883,1901318000,920,875851000,846,119288000,1031,38955000,994,17556000,957,1,Всего,АЛМАТИНСКАЯ ОБЛАСТЬ,КАРАСАЙСКИЙ РАЙОН
448798,"Аренда, прокат и лизинг",false,,x,883,16673000,920,x,846,87454000,1031,x,994,x,957,2,Деятельность в области административного и вспомогательного обслуживания,АЛМАТИНСКАЯ ОБЛАСТЬ,КАРАСАЙСКИЙ РАЙОН
448799,Аренда и лизинг автомобилей ,false,,x,883,16673000,920,x,846,87454000,1031,x,994,x,957,3,"Аренда, прокат и лизинг",АЛМАТИНСКАЯ ОБЛАСТЬ,КАРАСАЙСКИЙ РАЙОН
448800,Аренда и лизинг легковых автомобилей и легких автотранспортных средств,false,,,,,,,,1500000,1031,,,,,4,Аренда и лизинг автомобилей ,АЛМАТИНСКАЯ ОБЛАСТЬ,КАРАСАЙСКИЙ РАЙОН
543075,Аренда легковых автомобилей и легких автотранспортных средств,true,,,,,,,,1500000,1031,,,,,5,Аренда и лизинг легковых автомобилей и легких автотранспортных средств,АЛМАТИНСКАЯ ОБЛАСТЬ,КАРАСАЙСКИЙ РАЙОН
448802,Аренда и лизинг грузовых автомобилей,false,,x,883,16673000,920,x,846,85954000,1031,x,994,x,957,4,Аренда и лизинг автомобилей ,АЛМАТИНСКАЯ ОБЛАСТЬ,КАРАСАЙСКИЙ РАЙОН
543077,Аренда грузовых автомобилей,true,,x,883,16673000,920,x,846,85954000,1031,x,994,x,957,5,Аренда и лизинг грузовых автомобилей,АЛМАТИНСКАЯ ОБЛАСТЬ,КАРАСАЙСКИЙ РАЙОН
448846,Деятельность по обеспечению безопасности и проведению расследований,false,,,,1710531000,920,x,846,,,1500000,994,,,2,Деятельность в области административного и вспомогательного обслуживания,АЛМАТИНСКАЯ ОБЛАСТЬ,КАРАСАЙСКИЙ РАЙОН
448847,Деятельность по обеспечению безопасности частных лиц и имущества,false,,,,1709865000,920,x,846,,,,,,,3,Деятельность по обеспечению безопасности и проведению расследований,АЛМАТИНСКАЯ ОБЛАСТЬ,КАРАСАЙСКИЙ РАЙОН
448848,Деятельность по обеспечению безопасности частных лиц и имущества,false,,,,1709865000,920,x,846,,,,,,,4,Деятельность по обеспечению безопасности частных лиц и имущества,АЛМАТИНСКАЯ ОБЛАСТЬ,КАРАСАЙСКИЙ РАЙОН
18946195,Деятельность частных охранных служб,true,,,,1709865000,920,x,846,,,,,,,5,Деятельность по обеспечению безопасности частных лиц и имущества,АЛМАТИНСКАЯ ОБЛАСТЬ,КАРАСАЙСКИЙ РАЙОН
448850,Деятельность в области систем обеспечения безопасности,false,,,,666000,920,,,,,1500000,994,,,3,Деятельность по обеспечению безопасности и проведению расследований,АЛМАТИНСКАЯ ОБЛАСТЬ,КАРАСАЙСКИЙ РАЙОН
448851,Деятельность в области систем обеспечения безопасности,false,,,,666000,920,,,,,1500000,994,,,4,Деятельность в области систем обеспечения безопасности,АЛМАТИНСКАЯ ОБЛАСТЬ,КАРАСАЙСКИЙ РАЙОН
448852,Деятельность в области систем обеспечения безопасности,true,,,,666000,920,,,,,1500000,994,,,5,Деятельность в области систем обеспечения безопасности,АЛМАТИНСКАЯ ОБЛАСТЬ,КАРАСАЙСКИЙ РАЙОН
448856,Деятельность по обслуживанию зданий и благоустройству территорий,false,,15890000,883,174114000,920,403128000,846,31834000,1031,28760000,994,8228000,957,2,Деятельность в области административного и вспомогательного обслуживания,АЛМАТИНСКАЯ ОБЛАСТЬ,КАРАСАЙСКИЙ РАЙОН
448860,Деятельность по уборке,false,,,,,,267052000,846,,,,,,,3,Деятельность по обслуживанию зданий и благоустройству территорий,АЛМАТИНСКАЯ ОБЛАСТЬ,КАРАСАЙСКИЙ РАЙОН
448861,Общая уборка зданий,false,,,,,,x,846,,,,,,,4,Деятельность по уборке,АЛМАТИНСКАЯ ОБЛАСТЬ,КАРАСАЙСКИЙ РАЙОН
448862,Общая уборка зданий,true,,,,,,x,846,,,,,,,5,Общая уборка зданий,АЛМАТИНСКАЯ ОБЛАСТЬ,КАРАСАЙСКИЙ РАЙОН
448865,Прочая деятельность по уборке,false,,,,,,x,846,,,,,,,4,Деятельность по уборке,АЛМАТИНСКАЯ ОБЛАСТЬ,КАРАСАЙСКИЙ РАЙОН
448866,Прочая деятельность по уборке,true,,,,,,x,846,,,,,,,5,Прочая деятельность по уборке,АЛМАТИНСКАЯ ОБЛАСТЬ,КАРАСАЙСКИЙ РАЙОН
448867,Деятельность по благоустройству территорий,false,,15890000,883,174114000,920,136076000,846,31834000,1031,28760000,994,8228000,957,3,Деятельность по обслуживанию зданий и благоустройству территорий,АЛМАТИНСКАЯ ОБЛАСТЬ,КАРАСАЙСКИЙ РАЙОН
448868,Деятельность по благоустройству территорий,false,,15890000,883,174114000,920,136076000,846,31834000,1031,28760000,994,8228000,957,4,Деятельность по благоустройству территорий,АЛМАТИНСКАЯ ОБЛАСТЬ,КАРАСАЙСКИЙ РАЙОН
448869,Деятельность по благоустройству территорий,true,,15890000,883,174114000,920,136076000,846,31834000,1031,28760000,994,8228000,957,5,Деятельность по благоустройству территорий,АЛМАТИНСКАЯ ОБЛАСТЬ,КАРАСАЙСКИЙ РАЙОН
448889,Государственное управление и оборона; обязательное  социальное обеспечение,false,,30007000,883,467791000,920,499343000,846,123186000,1031,95860000,994,1000000,957,1,Всего,АЛМАТИНСКАЯ ОБЛАСТЬ,КАРАСАЙСКИЙ РАЙОН
448890,Государственное управление и оборона; обязательное социальное обеспечение,false,,30007000,883,467791000,920,499343000,846,123186000,1031,95860000,994,1000000,957,2,Государственное управление и оборона; обязательное  социальное обеспечение,АЛМАТИНСКАЯ ОБЛАСТЬ,КАРАСАЙСКИЙ РАЙОН
448891,Государственное управление общего характера и управление социально-экономическое политикой общества,false,,22448000,883,455145000,920,463443000,846,119969000,1031,49405000,994,1000000,957,3,Государственное управление и оборона; обязательное социальное обеспечение,АЛМАТИНСКАЯ ОБЛАСТЬ,КАРАСАЙСКИЙ РАЙОН
448892,Государственное управление общего характера,false,,14171000,883,438355000,920,99070000,846,119969000,1031,49405000,994,1000000,957,4,Государственное управление общего характера и управление социально-экономическое политикой общества,АЛМАТИНСКАЯ ОБЛАСТЬ,КАРАСАЙСКИЙ РАЙОН
448894,Деятельность региональных органов управления,true,,14171000,883,8381000,920,13000000,846,,,,,,,5,Государственное управление общего характера,АЛМАТИНСКАЯ ОБЛАСТЬ,КАРАСАЙСКИЙ РАЙОН
448895,Деятельность местных органов управления,true,,,,299494000,920,,,44831000,1031,,,,,5,Государственное управление общего характера,АЛМАТИНСКАЯ ОБЛАСТЬ,КАРАСАЙСКИЙ РАЙОН
448896,Деятельность сельских и поселковых органов управления,true,,,,130480000,920,86070000,846,75138000,1031,49405000,994,1000000,957,5,Государственное управление общего характера,АЛМАТИНСКАЯ ОБЛАСТЬ,КАРАСАЙСКИЙ РАЙОН
448902,Регулирование и содействие эффективному ведению экономической деятельности,false,,x,883,x,920,364373000,846,,,,,,,4,Государственное управление общего характера и управление социально-экономическое политикой общества,АЛМАТИНСКАЯ ОБЛАСТЬ,КАРАСАЙСКИЙ РАЙОН
448903,Регулирование и содействие эффективному ведению экономической деятельности,true,,x,883,x,920,364373000,846,,,,,,,5,Регулирование и содействие эффективному ведению экономической деятельности,АЛМАТИНСКАЯ ОБЛАСТЬ,КАРАСАЙСКИЙ РАЙОН
448904,Предоставление государством услуг обществу в целом,false,,7559000,883,12646000,920,35900000,846,3217000,1031,46455000,994,,,3,Государственное управление и оборона; обязательное социальное обеспечение,АЛМАТИНСКАЯ ОБЛАСТЬ,КАРАСАЙСКИЙ РАЙОН
448909,Деятельность в области юстиции и правосудия,false,,,,11984000,920,35900000,846,1717000,1031,46380000,994,,,4,Предоставление государством услуг обществу в целом,АЛМАТИНСКАЯ ОБЛАСТЬ,КАРАСАЙСКИЙ РАЙОН
448910,Деятельность в области юстиции и правосудия,true,,,,11984000,920,35900000,846,1717000,1031,46380000,994,,,5,Деятельность в области юстиции и правосудия,АЛМАТИНСКАЯ ОБЛАСТЬ,КАРАСАЙСКИЙ РАЙОН
448913,Деятельность по обеспечению безопасности в чрезвычайных ситуациях,false,,7559000,883,662000,920,,,1500000,1031,75000,994,,,4,Предоставление государством услуг обществу в целом,АЛМАТИНСКАЯ ОБЛАСТЬ,КАРАСАЙСКИЙ РАЙОН
448914,Деятельность по обеспечению безопасности в чрезвычайных ситуациях,true,,7559000,883,662000,920,,,1500000,1031,75000,994,,,5,Деятельность по обеспечению безопасности в чрезвычайных ситуациях,АЛМАТИНСКАЯ ОБЛАСТЬ,КАРАСАЙСКИЙ РАЙОН
448918,Образование,false,,4614330000,883,5986341000,920,15532000000,846,54263903000,1031,3057571000,994,9270118000,957,1,Всего,АЛМАТИНСКАЯ ОБЛАСТЬ,КАРАСАЙСКИЙ РАЙОН
448919,Образование,false,,4614330000,883,5986341000,920,15532000000,846,54263903000,1031,3057571000,994,9270118000,957,2,Образование,АЛМАТИНСКАЯ ОБЛАСТЬ,КАРАСАЙСКИЙ РАЙОН
448920,Дошкольное образование,false,,2700511000,883,18075000,920,9703938000,846,,,,,,,3,Образование,АЛМАТИНСКАЯ ОБЛАСТЬ,КАРАСАЙСКИЙ РАЙОН
448921,Дошкольное образование,false,,2700511000,883,18075000,920,9703938000,846,,,,,,,4,Дошкольное образование,АЛМАТИНСКАЯ ОБЛАСТЬ,КАРАСАЙСКИЙ РАЙОН
448922,Дошкольное образование,true,,2700511000,883,18075000,920,9703938000,846,,,,,,,5,Дошкольное образование,АЛМАТИНСКАЯ ОБЛАСТЬ,КАРАСАЙСКИЙ РАЙОН
448923,Начальное образование (1-й уровень),false,,,,,,,,x,1031,,,,,3,Образование,АЛМАТИНСКАЯ ОБЛАСТЬ,КАРАСАЙСКИЙ РАЙОН
448924,Начальное образование (1-й уровень),false,,,,,,,,x,1031,,,,,4,Начальное образование (1-й уровень),АЛМАТИНСКАЯ ОБЛАСТЬ,КАРАСАЙСКИЙ РАЙОН
448925,Начальное образование (1-й уровень),true,,,,,,,,x,1031,,,,,5,Начальное образование (1-й уровень),АЛМАТИНСКАЯ ОБЛАСТЬ,КАРАСАЙСКИЙ РАЙОН
448926,Среднее образование (2-й и 3-й уровни),false,,1799172000,883,5696821000,920,5247174000,846,53193200000,1031,2224653000,994,8743057000,957,3,Образование,АЛМАТИНСКАЯ ОБЛАСТЬ,КАРАСАЙСКИЙ РАЙОН
448927,Основное и общее среднее образование,false,,1655562000,883,5694352000,920,5228472000,846,53188315000,1031,2208152000,994,8722243000,957,4,Среднее образование (2-й и 3-й уровни),АЛМАТИНСКАЯ ОБЛАСТЬ,КАРАСАЙСКИЙ РАЙОН
448928,Основное и общее среднее образование,true,,1655562000,883,5694352000,920,5228472000,846,53188315000,1031,2208152000,994,8722243000,957,5,Основное и общее среднее образование,АЛМАТИНСКАЯ ОБЛАСТЬ,КАРАСАЙСКИЙ РАЙОН
448929,Техническое и профессиональное среднее образование,false,,143610000,883,2469000,920,18702000,846,4885000,1031,16501000,994,20814000,957,4,Среднее образование (2-й и 3-й уровни),АЛМАТИНСКАЯ ОБЛАСТЬ,КАРАСАЙСКИЙ РАЙОН
448931,Среднее специальное образование,true,,143610000,883,2469000,920,18702000,846,4885000,1031,16501000,994,20814000,957,5,Техническое и профессиональное среднее образование,АЛМАТИНСКАЯ ОБЛАСТЬ,КАРАСАЙСКИЙ РАЙОН
448932,"Высшее образование (5-й, 6-й, 7-й, 8-й уровни)",false,,104506000,883,221445000,920,x,846,534562000,1031,793819000,994,527061000,957,3,Образование,АЛМАТИНСКАЯ ОБЛАСТЬ,КАРАСАЙСКИЙ РАЙОН
448935,Высшее и послевузовское образование,false,,104506000,883,221445000,920,x,846,534562000,1031,793819000,994,527061000,957,4,"Высшее образование (5-й, 6-й, 7-й, 8-й уровни)",АЛМАТИНСКАЯ ОБЛАСТЬ,КАРАСАЙСКИЙ РАЙОН
448936,Высшее образование,true,,104506000,883,221445000,920,x,846,534562000,1031,793819000,994,527061000,957,5,Высшее и послевузовское образование,АЛМАТИНСКАЯ ОБЛАСТЬ,КАРАСАЙСКИЙ РАЙОН
448937,Прочие виды образования,false,,x,883,x,920,220293000,846,32189000,1031,39099000,994,,,3,Образование,АЛМАТИНСКАЯ ОБЛАСТЬ,КАРАСАЙСКИЙ РАЙОН
448938,Образование в области спорта и отдыха,false,,x,883,,,,,32189000,1031,39099000,994,,,4,Прочие виды образования,АЛМАТИНСКАЯ ОБЛАСТЬ,КАРАСАЙСКИЙ РАЙОН
448939,Образование в области спорта и отдыха,true,,x,883,,,,,32189000,1031,39099000,994,,,5,Образование в области спорта и отдыха,АЛМАТИНСКАЯ ОБЛАСТЬ,КАРАСАЙСКИЙ РАЙОН
448944,"Прочие виды образования, не включенные в другие группировки",false,,,,x,920,220293000,846,,,,,,,4,Прочие виды образования,АЛМАТИНСКАЯ ОБЛАСТЬ,КАРАСАЙСКИЙ РАЙОН
448946,"Прочая деятельность в области образования, не включенная в другие группировки",true,,,,x,920,220293000,846,,,,,,,5,"Прочие виды образования, не включенные в другие группировки",АЛМАТИНСКАЯ ОБЛАСТЬ,КАРАСАЙСКИЙ РАЙОН
448947,Вспомогательная деятельность в области образования,false,,,,,,x,846,,,,,,,3,Образование,АЛМАТИНСКАЯ ОБЛАСТЬ,КАРАСАЙСКИЙ РАЙОН
448948,Вспомогательная деятельность в области образования,false,,,,,,x,846,,,,,,,4,Вспомогательная деятельность в области образования,АЛМАТИНСКАЯ ОБЛАСТЬ,КАРАСАЙСКИЙ РАЙОН
18951466,Прочая вспомогательная деятельность в области образования,true,,,,,,x,846,,,,,,,5,Вспомогательная деятельность в области образования,АЛМАТИНСКАЯ ОБЛАСТЬ,КАРАСАЙСКИЙ РАЙОН
448950,Здравоохранение и социальное обслуживание населения,false,,9195475000,883,944680000,920,3980324000,846,1495870000,1031,1311035000,994,763946000,957,1,Всего,АЛМАТИНСКАЯ ОБЛАСТЬ,КАРАСАЙСКИЙ РАЙОН
448951,Деятельность в области здравоохранения,false,,7994758000,883,944170000,920,3784584000,846,1495870000,1031,1311035000,994,763946000,957,2,Здравоохранение и социальное обслуживание населения,АЛМАТИНСКАЯ ОБЛАСТЬ,КАРАСАЙСКИЙ РАЙОН
448952,Деятельность больничных организаций,false,,,,,,969405000,846,71021000,1031,,,x,957,3,Деятельность в области здравоохранения,АЛМАТИНСКАЯ ОБЛАСТЬ,КАРАСАЙСКИЙ РАЙОН
448953,Деятельность больничных организаций,false,,,,,,969405000,846,71021000,1031,,,x,957,4,Деятельность больничных организаций,АЛМАТИНСКАЯ ОБЛАСТЬ,КАРАСАЙСКИЙ РАЙОН
448954,Деятельность больниц широкого профиля и специализированных больниц,true,,,,,,,,71021000,1031,,,x,957,5,Деятельность больничных организаций,АЛМАТИНСКАЯ ОБЛАСТЬ,КАРАСАЙСКИЙ РАЙОН
448958,"Деятельность других лечебных учреждений, имеющих стационары",true,,,,,,969405000,846,,,,,,,5,Деятельность больничных организаций,АЛМАТИНСКАЯ ОБЛАСТЬ,КАРАСАЙСКИЙ РАЙОН
448959,Деятельность в области врачебной практики и стоматологии,false,,5577500000,883,944170000,920,1770102000,846,529782000,1031,1310681000,994,166106000,957,3,Деятельность в области здравоохранения,АЛМАТИНСКАЯ ОБЛАСТЬ,КАРАСАЙСКИЙ РАЙОН
448960,Общая врачебная практика,false,,2028509000,883,503563000,920,1122248000,846,512113000,1031,1290339000,994,78692000,957,4,Деятельность в области врачебной практики и стоматологии,АЛМАТИНСКАЯ ОБЛАСТЬ,КАРАСАЙСКИЙ РАЙОН
448961,Общая врачебная практика,true,,2028509000,883,503563000,920,1122248000,846,512113000,1031,1290339000,994,78692000,957,5,Общая врачебная практика,АЛМАТИНСКАЯ ОБЛАСТЬ,КАРАСАЙСКИЙ РАЙОН
448962,Специальная врачебная практика,false,,3286535000,883,67192000,920,x,846,x,1031,x,994,87414000,957,4,Деятельность в области врачебной практики и стоматологии,АЛМАТИНСКАЯ ОБЛАСТЬ,КАРАСАЙСКИЙ РАЙОН
448963,Специальная врачебная практика,true,,3286535000,883,67192000,920,x,846,x,1031,x,994,87414000,957,5,Специальная врачебная практика,АЛМАТИНСКАЯ ОБЛАСТЬ,КАРАСАЙСКИЙ РАЙОН
448964,Стоматологическая деятельность,false,,x,883,373415000,920,,,,,,,,,4,Деятельность в области врачебной практики и стоматологии,АЛМАТИНСКАЯ ОБЛАСТЬ,КАРАСАЙСКИЙ РАЙОН
448965,Стоматологическая деятельность,true,,x,883,373415000,920,,,,,,,,,5,Стоматологическая деятельность,АЛМАТИНСКАЯ ОБЛАСТЬ,КАРАСАЙСКИЙ РАЙОН
448966,Прочая деятельность в области здравоохранения ,false,,2417258000,883,,,1045077000,846,895067000,1031,x,994,,,3,Деятельность в области здравоохранения,АЛМАТИНСКАЯ ОБЛАСТЬ,КАРАСАЙСКИЙ РАЙОН
448967,Прочая деятельность в области здравоохранения ,false,,2417258000,883,,,1045077000,846,895067000,1031,x,994,,,4,Прочая деятельность в области здравоохранения ,АЛМАТИНСКАЯ ОБЛАСТЬ,КАРАСАЙСКИЙ РАЙОН
448968,Прочая деятельность в области здравоохранения ,true,,2417258000,883,,,1045077000,846,,,x,994,,,5,Прочая деятельность в области здравоохранения ,АЛМАТИНСКАЯ ОБЛАСТЬ,КАРАСАЙСКИЙ РАЙОН
448969,Предоставление социальных услуг с обеспечением проживания,false,,779405000,883,510000,920,x,846,,,,,,,2,Здравоохранение и социальное обслуживание населения,АЛМАТИНСКАЯ ОБЛАСТЬ,КАРАСАЙСКИЙ РАЙОН
18703671,Предоставление прочих социальных услуг  с обеспечением проживания,false,,779405000,883,510000,920,x,846,,,,,,,3,Предоставление социальных услуг с обеспечением проживания,АЛМАТИНСКАЯ ОБЛАСТЬ,КАРАСАЙСКИЙ РАЙОН
18703672,Предоставление прочих социальных услуг  с обеспечением проживания,false,,779405000,883,510000,920,x,846,,,,,,,4,Предоставление прочих социальных услуг  с обеспечением проживания,АЛМАТИНСКАЯ ОБЛАСТЬ,КАРАСАЙСКИЙ РАЙОН
18703673,Предоставление прочих социальных услуг  с обеспечением проживания,true,,779405000,883,510000,920,x,846,,,,,,,5,Предоставление прочих социальных услуг  с обеспечением проживания,АЛМАТИНСКАЯ ОБЛАСТЬ,КАРАСАЙСКИЙ РАЙОН
448982,Предоставление социальных услуг без обеспечения проживания,false,,421312000,883,,,2126000,846,,,,,,,2,Здравоохранение и социальное обслуживание населения,АЛМАТИНСКАЯ ОБЛАСТЬ,КАРАСАЙСКИЙ РАЙОН
448986,Предоставление прочих социальных услуг без обеспечения проживания,false,,421312000,883,,,2126000,846,,,,,,,3,Предоставление социальных услуг без обеспечения проживания,АЛМАТИНСКАЯ ОБЛАСТЬ,КАРАСАЙСКИЙ РАЙОН
448989,"Предоставление прочих социальных услуг без обеспечения проживания, не включенные в другие группировки",false,,421312000,883,,,2126000,846,,,,,,,4,Предоставление прочих социальных услуг без обеспечения проживания,АЛМАТИНСКАЯ ОБЛАСТЬ,КАРАСАЙСКИЙ РАЙОН
448990,"Предоставление прочих социальных услуг без обеспечения проживания, не включенные в другие группировки",true,,421312000,883,,,2126000,846,,,,,,,5,"Предоставление прочих социальных услуг без обеспечения проживания, не включенные в другие группировки",АЛМАТИНСКАЯ ОБЛАСТЬ,КАРАСАЙСКИЙ РАЙОН
448991,"Искусство, развлечения и отдых",false,,10613459000,883,12861955000,920,7665933000,846,383401000,1031,33274757000,994,19626875000,957,1,Всего,АЛМАТИНСКАЯ ОБЛАСТЬ,КАРАСАЙСКИЙ РАЙОН
449004,"Деятельность библиотек, архивов, музеев и прочая деятельность в области культуры",false,,,,x,920,x,846,x,1031,x,994,,,2,"Искусство, развлечения и отдых",АЛМАТИНСКАЯ ОБЛАСТЬ,КАРАСАЙСКИЙ РАЙОН
449005,"Деятельность библиотек, архивов, музеев и прочая деятельность в области культуры",false,,,,x,920,x,846,x,1031,x,994,,,3,"Деятельность библиотек, архивов, музеев и прочая деятельность в области культуры",АЛМАТИНСКАЯ ОБЛАСТЬ,КАРАСАЙСКИЙ РАЙОН
449006,Деятельность библиотек и архивов,false,,,,x,920,x,846,x,1031,x,994,,,4,"Деятельность библиотек, архивов, музеев и прочая деятельность в области культуры",АЛМАТИНСКАЯ ОБЛАСТЬ,КАРАСАЙСКИЙ РАЙОН
449008,"Библиотечная деятельность, включая деятельность читальных залов, лекториев, демонстрационных залов",true,,,,,,x,846,,,,,,,5,Деятельность библиотек и архивов,АЛМАТИНСКАЯ ОБЛАСТЬ,КАРАСАЙСКИЙ РАЙОН
449009,Деятельность архивов,true,,,,x,920,,,x,1031,x,994,,,5,Деятельность библиотек и архивов,АЛМАТИНСКАЯ ОБЛАСТЬ,КАРАСАЙСКИЙ РАЙОН
449022,"Деятельность в области спорта, организации отдыха и развлечений",false,,10613459000,883,12710255000,920,7551332000,846,367301000,1031,32968657000,994,19626875000,957,2,"Искусство, развлечения и отдых",АЛМАТИНСКАЯ ОБЛАСТЬ,КАРАСАЙСКИЙ РАЙОН
449023,Деятельность в области спорта,false,,10369528000,883,12685672000,920,6533128000,846,49711000,1031,32912741000,994,19410820000,957,3,"Деятельность в области спорта, организации отдыха и развлечений",АЛМАТИНСКАЯ ОБЛАСТЬ,КАРАСАЙСКИЙ РАЙОН
449024,Эксплуатация спортивных сооружений,false,,10280426000,883,12685672000,920,,,5000000,1031,32902565000,994,19402020000,957,4,Деятельность в области спорта,АЛМАТИНСКАЯ ОБЛАСТЬ,КАРАСАЙСКИЙ РАЙОН
449025,Эксплуатация спортивных сооружений,true,,10280426000,883,12685672000,920,,,5000000,1031,32902565000,994,19402020000,957,5,Эксплуатация спортивных сооружений,АЛМАТИНСКАЯ ОБЛАСТЬ,КАРАСАЙСКИЙ РАЙОН
449026,Деятельность спортивных клубов,false,,89102000,883,,,6533128000,846,44711000,1031,10176000,994,x,957,4,Деятельность в области спорта,АЛМАТИНСКАЯ ОБЛАСТЬ,КАРАСАЙСКИЙ РАЙОН
449027,Деятельность спортивных клубов,true,,89102000,883,,,6533128000,846,44711000,1031,10176000,994,x,957,5,Деятельность спортивных клубов,АЛМАТИНСКАЯ ОБЛАСТЬ,КАРАСАЙСКИЙ РАЙОН
449032,Деятельность по организации отдыха и развлечений,false,,243931000,883,24583000,920,1018204000,846,317590000,1031,55916000,994,216055000,957,3,"Деятельность в области спорта, организации отдыха и развлечений",АЛМАТИНСКАЯ ОБЛАСТЬ,КАРАСАЙСКИЙ РАЙОН
449033,Деятельность развлекательных и тематических парков,false,,243931000,883,18583000,920,1018204000,846,31839000,1031,18136000,994,139956000,957,4,Деятельность по организации отдыха и развлечений,АЛМАТИНСКАЯ ОБЛАСТЬ,КАРАСАЙСКИЙ РАЙОН
449034,Деятельность развлекательных и тематических парков,true,,243931000,883,18583000,920,1018204000,846,31839000,1031,18136000,994,139956000,957,5,Деятельность развлекательных и тематических парков,АЛМАТИНСКАЯ ОБЛАСТЬ,КАРАСАЙСКИЙ РАЙОН
449035,Прочая деятельность по организации отдыха и развлечений,false,,,,6000000,920,,,285751000,1031,37780000,994,76099000,957,4,Деятельность по организации отдыха и развлечений,АЛМАТИНСКАЯ ОБЛАСТЬ,КАРАСАЙСКИЙ РАЙОН
449039,Прочие виды деятельности по организации отдыха и развлечений,true,,,,6000000,920,,,285751000,1031,37780000,994,76099000,957,5,Прочая деятельность по организации отдыха и развлечений,АЛМАТИНСКАЯ ОБЛАСТЬ,КАРАСАЙСКИЙ РАЙОН
449040,Предоставление прочих видов услуг,false,,224630000,883,239277000,920,x,846,18755000,1031,3324724000,994,111822000,957,1,Всего,АЛМАТИНСКАЯ ОБЛАСТЬ,КАРАСАЙСКИЙ РАЙОН
449084,Предоставление прочих индивидуальных услуг,false,,224630000,883,239277000,920,x,846,18755000,1031,3324724000,994,111822000,957,2,Предоставление прочих видов услуг,АЛМАТИНСКАЯ ОБЛАСТЬ,КАРАСАЙСКИЙ РАЙОН
449085,Предоставление прочих индивидуальных услуг,false,,224630000,883,239277000,920,x,846,18755000,1031,3324724000,994,111822000,957,3,Предоставление прочих индивидуальных услуг,АЛМАТИНСКАЯ ОБЛАСТЬ,КАРАСАЙСКИЙ РАЙОН
449086,Стирка и (химическая) чистка текстильных и меховых изделий ,false,,,,202321000,920,,,,,,,93801000,957,4,Предоставление прочих индивидуальных услуг,АЛМАТИНСКАЯ ОБЛАСТЬ,КАРАСАЙСКИЙ РАЙОН
449087,Стирка и обработка белья,true,,,,202321000,920,,,,,,,x,957,5,Стирка и (химическая) чистка текстильных и меховых изделий ,АЛМАТИНСКАЯ ОБЛАСТЬ,КАРАСАЙСКИЙ РАЙОН
449088,Химическая чистка и крашение,true,,,,,,,,,,,,52400000,957,5,Стирка и (химическая) чистка текстильных и меховых изделий ,АЛМАТИНСКАЯ ОБЛАСТЬ,КАРАСАЙСКИЙ РАЙОН
449093,Деятельность по обеспечению физического комфорта,false,,224630000,883,x,920,,,16694000,1031,3324724000,994,x,957,4,Предоставление прочих индивидуальных услуг,АЛМАТИНСКАЯ ОБЛАСТЬ,КАРАСАЙСКИЙ РАЙОН
449094,Деятельность по обеспечению физического комфорта,true,,224630000,883,x,920,,,16694000,1031,3324724000,994,x,957,5,Деятельность по обеспечению физического комфорта,АЛМАТИНСКАЯ ОБЛАСТЬ,КАРАСАЙСКИЙ РАЙОН
449095,"Предоставление прочих индивидуальных услуг, не включенных в другие группировки",false,,,,36439000,920,x,846,2061000,1031,,,x,957,4,Предоставление прочих индивидуальных услуг,АЛМАТИНСКАЯ ОБЛАСТЬ,КАРАСАЙСКИЙ РАЙОН
449096,"Предоставление прочих индивидуальных услуг, не включенных в другие группировки",true,,,,36439000,920,x,846,2061000,1031,,,x,957,5,"Предоставление прочих индивидуальных услуг, не включенных в другие группировки",АЛМАТИНСКАЯ ОБЛАСТЬ,КАРАСАЙСКИЙ РАЙОН
741340,Промышленность,false,,24254673000,883,27139957000,920,16798044000,846,73050033000,1031,19786032000,994,29050554000,957,1,Всего,АЛМАТИНСКАЯ ОБЛАСТЬ,КАРАСАЙСКИЙ РАЙОН
447279,Горнодобывающая промышленность и разработка карьеров,false,,677364000,883,1337245000,920,989000,846,,,72710000,994,13506000,957,2,Промышленность,АЛМАТИНСКАЯ ОБЛАСТЬ,КАРАСАЙСКИЙ РАЙОН
447316,Добыча прочих полезных ископаемых,false,,677364000,883,1337245000,920,989000,846,,,72710000,994,13506000,957,3,Горнодобывающая промышленность и разработка карьеров,АЛМАТИНСКАЯ ОБЛАСТЬ,КАРАСАЙСКИЙ РАЙОН
447317,"Добыча камня, песка и глины",false,,677364000,883,1337245000,920,989000,846,,,72710000,994,13506000,957,4,Добыча прочих полезных ископаемых,АЛМАТИНСКАЯ ОБЛАСТЬ,КАРАСАЙСКИЙ РАЙОН
447322,"Разработка гравийных и песчаных карьеров, добыча глины и каолина",false,,677364000,883,1337245000,920,989000,846,,,72710000,994,13506000,957,5,"Добыча камня, песка и глины",АЛМАТИНСКАЯ ОБЛАСТЬ,КАРАСАЙСКИЙ РАЙОН
447346,Обрабатывающая промышленность,false,,17492416000,883,12997188000,920,13982338000,846,67717111000,1031,16556145000,994,10631799000,957,2,Промышленность,АЛМАТИНСКАЯ ОБЛАСТЬ,КАРАСАЙСКИЙ РАЙОН
447347,Производство продуктов питания,false,,2645982000,883,920484000,920,4416727000,846,1160657000,1031,982472000,994,1869007000,957,3,Обрабатывающая промышленность,АЛМАТИНСКАЯ ОБЛАСТЬ,КАРАСАЙСКИЙ РАЙОН
447348,Переработка и консервирование мяса и производство мясной продукции,false,,,,,,x,846,,,,,,,4,Производство продуктов питания,АЛМАТИНСКАЯ ОБЛАСТЬ,КАРАСАЙСКИЙ РАЙОН
447353,Производство продуктов из мяса и мяса сельскохозяйственной птицы ,false,,,,,,x,846,,,,,,,5,Переработка и консервирование мяса и производство мясной продукции,АЛМАТИНСКАЯ ОБЛАСТЬ,КАРАСАЙСКИЙ РАЙОН
447355,"Переработка и консервирование рыбы, ракообразных и моллюсков",false,,,,,,,,x,1031,,,,,4,Производство продуктов питания,АЛМАТИНСКАЯ ОБЛАСТЬ,КАРАСАЙСКИЙ РАЙОН
447356,"Переработка и консервирование рыбы, ракообразных и моллюсков",false,,,,,,,,x,1031,,,,,5,"Переработка и консервирование рыбы, ракообразных и моллюсков",АЛМАТИНСКАЯ ОБЛАСТЬ,КАРАСАЙСКИЙ РАЙОН
447358,Переработка и консервирование фруктов и овощей,false,,,,x,920,,,,,,,,,4,Производство продуктов питания,АЛМАТИНСКАЯ ОБЛАСТЬ,КАРАСАЙСКИЙ РАЙОН
447359,Переработка и консервирование картофеля,false,,,,x,920,,,,,,,,,5,Переработка и консервирование фруктов и овощей,АЛМАТИНСКАЯ ОБЛАСТЬ,КАРАСАЙСКИЙ РАЙОН
447371,Производство молочных продуктов,false,,651861000,883,,,x,846,,,x,994,x,957,4,Производство продуктов питания,АЛМАТИНСКАЯ ОБЛАСТЬ,КАРАСАЙСКИЙ РАЙОН
447372,Переработка молока и производство сыров,false,,651861000,883,,,,,,,,,x,957,5,Производство молочных продуктов,АЛМАТИНСКАЯ ОБЛАСТЬ,КАРАСАЙСКИЙ РАЙОН
447375,Производство мороженого,false,,,,,,x,846,,,x,994,,,5,Производство молочных продуктов,АЛМАТИНСКАЯ ОБЛАСТЬ,КАРАСАЙСКИЙ РАЙОН
447377,"Производство мукомольно-крупяных продуктов, крахмалов и крахмальных продуктов",false,,1037212000,883,229942000,920,1214455000,846,x,1031,426019000,994,313087000,957,4,Производство продуктов питания,АЛМАТИНСКАЯ ОБЛАСТЬ,КАРАСАЙСКИЙ РАЙОН
447378,Производство мукомольно-крупяных продуктов,false,,1037212000,883,229942000,920,1214455000,846,x,1031,426019000,994,313087000,957,5,"Производство мукомольно-крупяных продуктов, крахмалов и крахмальных продуктов",АЛМАТИНСКАЯ ОБЛАСТЬ,КАРАСАЙСКИЙ РАЙОН
447384,"Производство  хлебобулочных, макаронных и мучных кондитерских изделий",false,,500612000,883,167390000,920,1448806000,846,822842000,1031,379363000,994,1011222000,957,4,Производство продуктов питания,АЛМАТИНСКАЯ ОБЛАСТЬ,КАРАСАЙСКИЙ РАЙОН
447385,Производство хлебобулочных и мучных кондитерских изделий недлительного хранения,false,,x,883,x,920,430389000,846,,,,,x,957,5,"Производство  хлебобулочных, макаронных и мучных кондитерских изделий",АЛМАТИНСКАЯ ОБЛАСТЬ,КАРАСАЙСКИЙ РАЙОН
447387,"Производство сухарей и печенья, мучных кондитерских изделий длительного хранения",false,,479902000,883,167001000,920,837115000,846,822842000,1031,379363000,994,1010042000,957,5,"Производство  хлебобулочных, макаронных и мучных кондитерских изделий",АЛМАТИНСКАЯ ОБЛАСТЬ,КАРАСАЙСКИЙ РАЙОН
447389,Производство макаронных изделий,false,,,,,,x,846,,,,,,,5,"Производство  хлебобулочных, макаронных и мучных кондитерских изделий",АЛМАТИНСКАЯ ОБЛАСТЬ,КАРАСАЙСКИЙ РАЙОН
447391,Производство прочих продуктов питания,false,,456297000,883,112395000,920,902620000,846,171053000,1031,173910000,994,542941000,957,4,Производство продуктов питания,АЛМАТИНСКАЯ ОБЛАСТЬ,КАРАСАЙСКИЙ РАЙОН
447394,"Производство какао, шоколада и сахаристых кондитерских изделий",false,,456297000,883,112395000,920,700974000,846,171053000,1031,173910000,994,542941000,957,5,Производство прочих продуктов питания,АЛМАТИНСКАЯ ОБЛАСТЬ,КАРАСАЙСКИЙ РАЙОН
447396,Производство чая и кофе,false,,,,,,x,846,,,,,,,5,Производство прочих продуктов питания,АЛМАТИНСКАЯ ОБЛАСТЬ,КАРАСАЙСКИЙ РАЙОН
447413,Производство напитков,false,,3373290000,883,4081740000,920,4374504000,846,12504840000,1031,9542115000,994,6952094000,957,3,Обрабатывающая промышленность,АЛМАТИНСКАЯ ОБЛАСТЬ,КАРАСАЙСКИЙ РАЙОН
447414,Производство напитков,false,,3373290000,883,4081740000,920,4374504000,846,12504840000,1031,9542115000,994,6952094000,957,4,Производство напитков,АЛМАТИНСКАЯ ОБЛАСТЬ,КАРАСАЙСКИЙ РАЙОН
447415,"Дистилляция, ректификация и смешивание спиртных напитков",false,,,,,,x,846,,,,,,,5,Производство напитков,АЛМАТИНСКАЯ ОБЛАСТЬ,КАРАСАЙСКИЙ РАЙОН
447417,Производство вина из винограда,false,,474780000,883,x,920,x,846,2645000,1031,585000,994,,,5,Производство напитков,АЛМАТИНСКАЯ ОБЛАСТЬ,КАРАСАЙСКИЙ РАЙОН
447423,Производство пива,false,,1366768000,883,3123611000,920,2178641000,846,2873331000,1031,3130942000,994,2220940000,957,5,Производство напитков,АЛМАТИНСКАЯ ОБЛАСТЬ,КАРАСАЙСКИЙ РАЙОН
447427,"Производство безалкогольных напитков, минеральных вод и других вод в бутылках",false,,1531742000,883,948100000,920,2000733000,846,9628864000,1031,6410588000,994,4731154000,957,5,Производство напитков,АЛМАТИНСКАЯ ОБЛАСТЬ,КАРАСАЙСКИЙ РАЙОН
447429,Производство табачных изделий,false,,,,,,,,x,1031,x,994,,,3,Обрабатывающая промышленность,АЛМАТИНСКАЯ ОБЛАСТЬ,КАРАСАЙСКИЙ РАЙОН
447430,Производство табачных изделий,false,,,,,,,,x,1031,x,994,,,4,Производство табачных изделий,АЛМАТИНСКАЯ ОБЛАСТЬ,КАРАСАЙСКИЙ РАЙОН
447431,Производство табачных изделий,false,,,,,,,,x,1031,x,994,,,5,Производство табачных изделий,АЛМАТИНСКАЯ ОБЛАСТЬ,КАРАСАЙСКИЙ РАЙОН
447434,Производство текстильных изделий,false,,,,,,x,846,x,1031,,,,,3,Обрабатывающая промышленность,АЛМАТИНСКАЯ ОБЛАСТЬ,КАРАСАЙСКИЙ РАЙОН
447456,Производство прочих текстильных изделий,false,,,,,,x,846,x,1031,,,,,4,Производство текстильных изделий,АЛМАТИНСКАЯ ОБЛАСТЬ,КАРАСАЙСКИЙ РАЙОН
447464,"Производство веревок, канатов, бечевок, шпагата и сетей",false,,,,,,x,846,x,1031,,,,,5,Производство прочих текстильных изделий,АЛМАТИНСКАЯ ОБЛАСТЬ,КАРАСАЙСКИЙ РАЙОН
447496,Производство кожаной и относящейся к ней продукции,false,,x,883,x,920,x,846,x,1031,136041000,994,x,957,3,Обрабатывающая промышленность,АЛМАТИНСКАЯ ОБЛАСТЬ,КАРАСАЙСКИЙ РАЙОН
447497,"Дубление и выделка кожи; производство дорожных принадлежностей, шорно-седельных изделий; выделка и крашение меха",false,,x,883,x,920,x,846,x,1031,108111000,994,x,957,4,Производство кожаной и относящейся к ней продукции,АЛМАТИНСКАЯ ОБЛАСТЬ,КАРАСАЙСКИЙ РАЙОН
447498,Дубление и выделка кожи; выделка и крашение меха,false,,x,883,x,920,x,846,x,1031,108111000,994,x,957,5,"Дубление и выделка кожи; производство дорожных принадлежностей, шорно-седельных изделий; выделка и крашение меха",АЛМАТИНСКАЯ ОБЛАСТЬ,КАРАСАЙСКИЙ РАЙОН
447505,Производство обуви,false,,,,,,,,,,27930000,994,,,4,Производство кожаной и относящейся к ней продукции,АЛМАТИНСКАЯ ОБЛАСТЬ,КАРАСАЙСКИЙ РАЙОН
447506,Производство обуви,false,,,,,,,,,,27930000,994,,,5,Производство обуви,АЛМАТИНСКАЯ ОБЛАСТЬ,КАРАСАЙСКИЙ РАЙОН
447508,"Производство деревянных и пробковых изделий, кроме мебели; производство изделий из соломки и материалов для плетения",false,,,,,,x,846,,,x,994,,,3,Обрабатывающая промышленность,АЛМАТИНСКАЯ ОБЛАСТЬ,КАРАСАЙСКИЙ РАЙОН
447514,"Производство изделий из древесины, пробки, соломки и материалов для плетения ",false,,,,,,x,846,,,x,994,,,4,"Производство деревянных и пробковых изделий, кроме мебели; производство изделий из соломки и материалов для плетения",АЛМАТИНСКАЯ ОБЛАСТЬ,КАРАСАЙСКИЙ РАЙОН
447519,Производство прочих деревянных строительных конструкций и столярных  изделий,false,,,,,,x,846,,,,,,,5,"Производство изделий из древесины, пробки, соломки и материалов для плетения ",АЛМАТИНСКАЯ ОБЛАСТЬ,КАРАСАЙСКИЙ РАЙОН
447523,Производство деревянной тары,false,,,,,,,,,,x,994,,,5,"Производство изделий из древесины, пробки, соломки и материалов для плетения ",АЛМАТИНСКАЯ ОБЛАСТЬ,КАРАСАЙСКИЙ РАЙОН
447529,Производство бумаги и бумажной продукции,false,,1948329000,883,611105000,920,904035000,846,x,1031,1150187000,994,300603000,957,3,Обрабатывающая промышленность,АЛМАТИНСКАЯ ОБЛАСТЬ,КАРАСАЙСКИЙ РАЙОН
447535,Производство изделий из бумаги и картона,false,,1948329000,883,611105000,920,904035000,846,x,1031,1150187000,994,300603000,957,4,Производство бумаги и бумажной продукции,АЛМАТИНСКАЯ ОБЛАСТЬ,КАРАСАЙСКИЙ РАЙОН
447536,"Производство гофрированной бумаги и картона, бумажной и картонной тары",false,,x,883,x,920,x,846,x,1031,1150187000,994,300603000,957,5,Производство изделий из бумаги и картона,АЛМАТИНСКАЯ ОБЛАСТЬ,КАРАСАЙСКИЙ РАЙОН
447545,Производство прочих изделий из бумаги и картона,false,,20547000,883,296105000,920,x,846,,,,,,,5,Производство изделий из бумаги и картона,АЛМАТИНСКАЯ ОБЛАСТЬ,КАРАСАЙСКИЙ РАЙОН
447562,Производство кокса и продуктов нефтепереработки,false,,x,883,x,920,x,846,,,,,,,3,Обрабатывающая промышленность,АЛМАТИНСКАЯ ОБЛАСТЬ,КАРАСАЙСКИЙ РАЙОН
447566,"Производство продуктов нефтепереработки, брикетов из торфа и угля",false,,x,883,x,920,x,846,,,,,,,4,Производство кокса и продуктов нефтепереработки,АЛМАТИНСКАЯ ОБЛАСТЬ,КАРАСАЙСКИЙ РАЙОН
447567,"Производство продуктов нефтепереработки, брикетов из торфа и угля",false,,x,883,x,920,x,846,,,,,,,5,"Производство продуктов нефтепереработки, брикетов из торфа и угля",АЛМАТИНСКАЯ ОБЛАСТЬ,КАРАСАЙСКИЙ РАЙОН
447572,Производство продуктов химической промышленности,false,,,,x,920,,,35626000,1031,,,,,3,Обрабатывающая промышленность,АЛМАТИНСКАЯ ОБЛАСТЬ,КАРАСАЙСКИЙ РАЙОН
447573,"Производство основных химических веществ, удобрений и азотных соединений, пластмасс и синтетического каучука в первичных формах",false,,,,x,920,,,,,,,,,4,Производство продуктов химической промышленности,АЛМАТИНСКАЯ ОБЛАСТЬ,КАРАСАЙСКИЙ РАЙОН
447587,Производство пластмасс в первичных формах,false,,,,x,920,,,,,,,,,5,"Производство основных химических веществ, удобрений и азотных соединений, пластмасс и синтетического каучука в первичных формах",АЛМАТИНСКАЯ ОБЛАСТЬ,КАРАСАЙСКИЙ РАЙОН
447598,"Производство мыла, моющих, чистящих, полирующих, парфюмерных и косметических средств",false,,,,,,,,35626000,1031,,,,,4,Производство продуктов химической промышленности,АЛМАТИНСКАЯ ОБЛАСТЬ,КАРАСАЙСКИЙ РАЙОН
447599,"Производство мыла и моющих, чистящих и полирующих средств",false,,,,,,,,35626000,1031,,,,,5,"Производство мыла, моющих, чистящих, полирующих, парфюмерных и косметических средств",АЛМАТИНСКАЯ ОБЛАСТЬ,КАРАСАЙСКИЙ РАЙОН
447620,Производство основных фармацевтических продуктов и фармацевтических препаратов,false,,4181628000,883,1722762000,920,876318000,846,1383453000,1031,88033000,994,116337000,957,3,Обрабатывающая промышленность,АЛМАТИНСКАЯ ОБЛАСТЬ,КАРАСАЙСКИЙ РАЙОН
447621,Производство основных фармацевтических продуктов,false,,,,x,920,,,x,1031,37700000,994,x,957,4,Производство основных фармацевтических продуктов и фармацевтических препаратов,АЛМАТИНСКАЯ ОБЛАСТЬ,КАРАСАЙСКИЙ РАЙОН
447622,Производство основных фармацевтических продуктов,false,,,,x,920,,,x,1031,37700000,994,x,957,5,Производство основных фармацевтических продуктов,АЛМАТИНСКАЯ ОБЛАСТЬ,КАРАСАЙСКИЙ РАЙОН
447624,Производство фармацевтических препаратов и медицинских материалов,false,,4181628000,883,1346334000,920,876318000,846,1166207000,1031,x,994,x,957,4,Производство основных фармацевтических продуктов и фармацевтических препаратов,АЛМАТИНСКАЯ ОБЛАСТЬ,КАРАСАЙСКИЙ РАЙОН
447625,Производство фармацевтических препаратов и медицинских материалов,false,,4181628000,883,1346334000,920,876318000,846,1166207000,1031,x,994,x,957,5,Производство фармацевтических препаратов и медицинских материалов,АЛМАТИНСКАЯ ОБЛАСТЬ,КАРАСАЙСКИЙ РАЙОН
447628,Производство резиновых и пластмассовых изделий,false,,1723557000,883,136916000,920,141415000,846,43752000,1031,261679000,994,60372000,957,3,Обрабатывающая промышленность,АЛМАТИНСКАЯ ОБЛАСТЬ,КАРАСАЙСКИЙ РАЙОН
447636,Производство пластмассовых изделий,false,,1723557000,883,136916000,920,141415000,846,43752000,1031,261679000,994,60372000,957,4,Производство резиновых и пластмассовых изделий,АЛМАТИНСКАЯ ОБЛАСТЬ,КАРАСАЙСКИЙ РАЙОН
447637,"Производство пластмассовых плит, листов, труб и профилей",false,,x,883,x,920,x,846,,,x,994,x,957,5,Производство пластмассовых изделий,АЛМАТИНСКАЯ ОБЛАСТЬ,КАРАСАЙСКИЙ РАЙОН
447639,Производство пластмассовых упаковок для товаров,false,,x,883,,,,,,,147285000,994,,,5,Производство пластмассовых изделий,АЛМАТИНСКАЯ ОБЛАСТЬ,КАРАСАЙСКИЙ РАЙОН
447644,Производство прочих пластмассовых изделий,false,,384504000,883,x,920,131883000,846,43752000,1031,x,994,x,957,5,Производство пластмассовых изделий,АЛМАТИНСКАЯ ОБЛАСТЬ,КАРАСАЙСКИЙ РАЙОН
447646,Производство прочей не металлической минеральной продукции,false,,2303223000,883,3129626000,920,1533780000,846,3775437000,1031,321395000,994,332516000,957,3,Обрабатывающая промышленность,АЛМАТИНСКАЯ ОБЛАСТЬ,КАРАСАЙСКИЙ РАЙОН
447647,Производство стекла и изделий из стекла,false,,217119000,883,1034329000,920,146074000,846,x,1031,x,994,x,957,4,Производство прочей не металлической минеральной продукции,АЛМАТИНСКАЯ ОБЛАСТЬ,КАРАСАЙСКИЙ РАЙОН
447652,Производство полых стеклянных изделий,false,,217119000,883,1034329000,920,146074000,846,x,1031,x,994,x,957,5,Производство стекла и изделий из стекла,АЛМАТИНСКАЯ ОБЛАСТЬ,КАРАСАЙСКИЙ РАЙОН
447664,Производство строительных материалов из глины,false,,2040751000,883,1699123000,920,1195851000,846,,,,,106389000,957,4,Производство прочей не металлической минеральной продукции,АЛМАТИНСКАЯ ОБЛАСТЬ,КАРАСАЙСКИЙ РАЙОН
447667,"Производство кирпича, черепицы и прочих строительных изделий из обожженной глины",false,,2040751000,883,1699123000,920,1195851000,846,,,,,106389000,957,5,Производство строительных материалов из глины,АЛМАТИНСКАЯ ОБЛАСТЬ,КАРАСАЙСКИЙ РАЙОН
447688,"Производство изделий из бетона, цемента и строительного гипса ",false,,42466000,883,210526000,920,191366000,846,3659893000,1031,212664000,994,,,4,Производство прочей не металлической минеральной продукции,АЛМАТИНСКАЯ ОБЛАСТЬ,КАРАСАЙСКИЙ РАЙОН
447689,Производство строительных изделий из бетона,false,,,,206617000,920,,,3628956000,1031,156437000,994,,,5,"Производство изделий из бетона, цемента и строительного гипса ",АЛМАТИНСКАЯ ОБЛАСТЬ,КАРАСАЙСКИЙ РАЙОН
447695,Производство товарного бетона ,false,,25362000,883,3909000,920,x,846,x,1031,x,994,,,5,"Производство изделий из бетона, цемента и строительного гипса ",АЛМАТИНСКАЯ ОБЛАСТЬ,КАРАСАЙСКИЙ РАЙОН
447702,"Производство прочих изделий из бетона, строительного гипса и цемента",false,,x,883,,,x,846,,,,,,,5,"Производство изделий из бетона, цемента и строительного гипса ",АЛМАТИНСКАЯ ОБЛАСТЬ,КАРАСАЙСКИЙ РАЙОН
447707,Производство абразивных изделий и прочей неметаллической минеральной продукции,false,,2887000,883,185648000,920,x,846,,,,,,,4,Производство прочей не металлической минеральной продукции,АЛМАТИНСКАЯ ОБЛАСТЬ,КАРАСАЙСКИЙ РАЙОН
447710,"Производство прочей неметаллической минеральной продукции, не включенной в другие группировки",false,,2887000,883,185648000,920,x,846,,,,,,,5,Производство абразивных изделий и прочей неметаллической минеральной продукции,АЛМАТИНСКАЯ ОБЛАСТЬ,КАРАСАЙСКИЙ РАЙОН
447717,Металлургическое производство,false,,,,,,,,242827000,1031,,,,,3,Обрабатывающая промышленность,АЛМАТИНСКАЯ ОБЛАСТЬ,КАРАСАЙСКИЙ РАЙОН
447721,"Производство труб, трубок, полых профилей, фитингов из стали",false,,,,,,,,x,1031,,,,,4,Металлургическое производство,АЛМАТИНСКАЯ ОБЛАСТЬ,КАРАСАЙСКИЙ РАЙОН
447722,"Производство труб, трубок, полых профилей, фитингов из стали",false,,,,,,,,x,1031,,,,,5,"Производство труб, трубок, полых профилей, фитингов из стали",АЛМАТИНСКАЯ ОБЛАСТЬ,КАРАСАЙСКИЙ РАЙОН
447724,Производство прочих стальных изделий путем первичной обработки,false,,,,,,,,11761000,1031,,,,,4,Металлургическое производство,АЛМАТИНСКАЯ ОБЛАСТЬ,КАРАСАЙСКИЙ РАЙОН
447729,Холодная штамповка или гибка,false,,,,,,,,11761000,1031,,,,,5,Производство прочих стальных изделий путем первичной обработки,АЛМАТИНСКАЯ ОБЛАСТЬ,КАРАСАЙСКИЙ РАЙОН
447760,"Производство готовых металлических изделий, кроме машин и оборудования",false,,59939000,883,1498743000,920,149268000,846,x,1031,55954000,994,622111000,957,3,Обрабатывающая промышленность,АЛМАТИНСКАЯ ОБЛАСТЬ,КАРАСАЙСКИЙ РАЙОН
447761,Производство строительных металлических конструкций и изделий,false,,12431000,883,x,920,x,846,,,,,x,957,4,"Производство готовых металлических изделий, кроме машин и оборудования",АЛМАТИНСКАЯ ОБЛАСТЬ,КАРАСАЙСКИЙ РАЙОН
447762,Производство строительных металлических конструкций и их частей,false,,12431000,883,x,920,x,846,,,,,x,957,5,Производство строительных металлических конструкций и изделий,АЛМАТИНСКАЯ ОБЛАСТЬ,КАРАСАЙСКИЙ РАЙОН
447777,Производство оружия и боеприпасов,false,,,,x,920,,,,,,,,,4,"Производство готовых металлических изделий, кроме машин и оборудования",АЛМАТИНСКАЯ ОБЛАСТЬ,КАРАСАЙСКИЙ РАЙОН
447778,Производство оружия и боеприпасов,false,,,,x,920,,,,,,,,,5,Производство оружия и боеприпасов,АЛМАТИНСКАЯ ОБЛАСТЬ,КАРАСАЙСКИЙ РАЙОН
447784,Обработка металлов и нанесение покрытий на металлы; основные технологические процессы машиностроения,false,,15879000,883,2066000,920,13254000,846,x,1031,55954000,994,16203000,957,4,"Производство готовых металлических изделий, кроме машин и оборудования",АЛМАТИНСКАЯ ОБЛАСТЬ,КАРАСАЙСКИЙ РАЙОН
447785,Обработка металлов и нанесение покрытий на металлы,false,,,,,,,,,,55954000,994,16203000,957,5,Обработка металлов и нанесение покрытий на металлы; основные технологические процессы машиностроения,АЛМАТИНСКАЯ ОБЛАСТЬ,КАРАСАЙСКИЙ РАЙОН
447787,Основные технологические процессы машиностроения,false,,15879000,883,2066000,920,13254000,846,x,1031,,,,,5,Обработка металлов и нанесение покрытий на металлы; основные технологические процессы машиностроения,АЛМАТИНСКАЯ ОБЛАСТЬ,КАРАСАЙСКИЙ РАЙОН
447797,Производство прочих готовых металлических изделий,false,,31629000,883,x,920,78214000,846,,,,,,,4,"Производство готовых металлических изделий, кроме машин и оборудования",АЛМАТИНСКАЯ ОБЛАСТЬ,КАРАСАЙСКИЙ РАЙОН
447807,"Производство прочих готовых металлических изделий, не включенных в другие группировки",false,,31629000,883,x,920,78214000,846,,,,,,,5,Производство прочих готовых металлических изделий,АЛМАТИНСКАЯ ОБЛАСТЬ,КАРАСАЙСКИЙ РАЙОН
447849,Производство электрического оборудования,false,,214622000,883,210163000,920,642060000,846,131535000,1031,194963000,994,202385000,957,3,Обрабатывающая промышленность,АЛМАТИНСКАЯ ОБЛАСТЬ,КАРАСАЙСКИЙ РАЙОН
447850,"Производство электродвигателей, генераторов, трансформаторов и электрораспределительной и регулирующей аппаратуры",false,,,,,,,,x,1031,x,994,x,957,4,Производство электрического оборудования,АЛМАТИНСКАЯ ОБЛАСТЬ,КАРАСАЙСКИЙ РАЙОН
447853,Производство электрораспределительной и регулирующей аппаратуры,false,,,,,,,,x,1031,x,994,x,957,5,"Производство электродвигателей, генераторов, трансформаторов и электрораспределительной и регулирующей аппаратуры",АЛМАТИНСКАЯ ОБЛАСТЬ,КАРАСАЙСКИЙ РАЙОН
447865,Производство электроосветительного оборудования,false,,x,883,x,920,x,846,x,1031,x,994,x,957,4,Производство электрического оборудования,АЛМАТИНСКАЯ ОБЛАСТЬ,КАРАСАЙСКИЙ РАЙОН
447866,Производство электроосветительного оборудования,false,,x,883,x,920,x,846,x,1031,x,994,x,957,5,Производство электроосветительного оборудования,АЛМАТИНСКАЯ ОБЛАСТЬ,КАРАСАЙСКИЙ РАЙОН
447869,Производство бытовых приборов,false,,187302000,883,x,920,623118000,846,118485000,1031,83841000,994,44934000,957,4,Производство электрического оборудования,АЛМАТИНСКАЯ ОБЛАСТЬ,КАРАСАЙСКИЙ РАЙОН
447873,Производство неэлектрических бытовых приборов,false,,187302000,883,x,920,623118000,846,118485000,1031,83841000,994,44934000,957,5,Производство бытовых приборов,АЛМАТИНСКАЯ ОБЛАСТЬ,КАРАСАЙСКИЙ РАЙОН
447881,"Производство машин и оборудования, не включенных в другие группировки ",false,,x,883,x,920,x,846,x,1031,883057000,994,7322000,957,3,Обрабатывающая промышленность,АЛМАТИНСКАЯ ОБЛАСТЬ,КАРАСАЙСКИЙ РАЙОН
447882,Производство оборудования общего назначения,false,,x,883,,,x,846,x,1031,,,x,957,4,"Производство машин и оборудования, не включенных в другие группировки ",АЛМАТИНСКАЯ ОБЛАСТЬ,КАРАСАЙСКИЙ РАЙОН
447891,"Производство прочих кранов, клапанов и вентилей",false,,x,883,,,x,846,x,1031,,,x,957,5,Производство оборудования общего назначения,АЛМАТИНСКАЯ ОБЛАСТЬ,КАРАСАЙСКИЙ РАЙОН
447896,Производство прочих машин и оборудования общего назначения ,false,,,,x,920,,,,,883057000,994,,,4,"Производство машин и оборудования, не включенных в другие группировки ",АЛМАТИНСКАЯ ОБЛАСТЬ,КАРАСАЙСКИЙ РАЙОН
447897,"Производство плит, печей и печных горелок",false,,,,x,920,,,,,883057000,994,,,5,Производство прочих машин и оборудования общего назначения ,АЛМАТИНСКАЯ ОБЛАСТЬ,КАРАСАЙСКИЙ РАЙОН
447938,Производство прочих машин и оборудования специального назначения ,false,,,,,,,,,,,,x,957,4,"Производство машин и оборудования, не включенных в другие группировки ",АЛМАТИНСКАЯ ОБЛАСТЬ,КАРАСАЙСКИЙ РАЙОН
447960,"Производство прочих машин и оборудования специального назначения, не включенных в другие группировки",false,,,,,,,,,,,,x,957,5,Производство прочих машин и оборудования специального назначения ,АЛМАТИНСКАЯ ОБЛАСТЬ,КАРАСАЙСКИЙ РАЙОН
448019,Производство прочих готовых изделий,false,,1821000,883,,,634837000,846,381381000,1031,201689000,994,147275000,957,3,Обрабатывающая промышленность,АЛМАТИНСКАЯ ОБЛАСТЬ,КАРАСАЙСКИЙ РАЙОН
448036,Производство медицинских и стоматологических инструментов и принадлежностей,false,,1821000,883,,,54480000,846,381381000,1031,201689000,994,147275000,957,4,Производство прочих готовых изделий,АЛМАТИНСКАЯ ОБЛАСТЬ,КАРАСАЙСКИЙ РАЙОН
448037,Производство медицинских и стоматологических инструментов и принадлежностей,false,,1821000,883,,,54480000,846,381381000,1031,201689000,994,147275000,957,5,Производство медицинских и стоматологических инструментов и принадлежностей,АЛМАТИНСКАЯ ОБЛАСТЬ,КАРАСАЙСКИЙ РАЙОН
448042,"Производство прочих готовых изделий, не включенных в другие группировки",false,,,,,,x,846,,,,,,,4,Производство прочих готовых изделий,АЛМАТИНСКАЯ ОБЛАСТЬ,КАРАСАЙСКИЙ РАЙОН
448045,"Производство прочей продукции, не включенной в другие группировки",false,,,,,,x,846,,,,,,,5,"Производство прочих готовых изделий, не включенных в другие группировки",АЛМАТИНСКАЯ ОБЛАСТЬ,КАРАСАЙСКИЙ РАЙОН
448050,Ремонт и установка машин и оборудования,false,,1100000,883,,,,,,,x,994,,,3,Обрабатывающая промышленность,АЛМАТИНСКАЯ ОБЛАСТЬ,КАРАСАЙСКИЙ РАЙОН
448051,"Ремонт готовых металлических изделий, машин и оборудования",false,,,,,,,,,,x,994,,,4,Ремонт и установка машин и оборудования,АЛМАТИНСКАЯ ОБЛАСТЬ,КАРАСАЙСКИЙ РАЙОН
448059,Ремонт машин и оборудования,false,,,,,,,,,,x,994,,,5,"Ремонт готовых металлических изделий, машин и оборудования",АЛМАТИНСКАЯ ОБЛАСТЬ,КАРАСАЙСКИЙ РАЙОН
448087,"Монтаж, установка промышленных машин и оборудования",false,,1100000,883,,,,,,,,,,,4,Ремонт и установка машин и оборудования,АЛМАТИНСКАЯ ОБЛАСТЬ,КАРАСАЙСКИЙ РАЙОН
448088,"Монтаж, установка промышленных машин и оборудования",false,,1100000,883,,,,,,,,,,,5,"Монтаж, установка промышленных машин и оборудования",АЛМАТИНСКАЯ ОБЛАСТЬ,КАРАСАЙСКИЙ РАЙОН
448090,"Снабжение электроэнергией, газом, паром, горячей водой и кондиционированным воздухом",false,,1741642000,883,5690597000,920,1296774000,846,4438387000,1031,1561055000,994,5929323000,957,2,Промышленность,АЛМАТИНСКАЯ ОБЛАСТЬ,КАРАСАЙСКИЙ РАЙОН
448091,"Снабжение электроэнергией, газом, паром, горячей водой и кондиционированным воздухом",false,,1741642000,883,5690597000,920,1296774000,846,4438387000,1031,1561055000,994,5929323000,957,3,"Снабжение электроэнергией, газом, паром, горячей водой и кондиционированным воздухом",АЛМАТИНСКАЯ ОБЛАСТЬ,КАРАСАЙСКИЙ РАЙОН
448092,"Производство, передача и распределение электроэнергии",false,,1240042000,883,3682690000,920,359929000,846,2466659000,1031,836317000,994,1684575000,957,4,"Снабжение электроэнергией, газом, паром, горячей водой и кондиционированным воздухом",АЛМАТИНСКАЯ ОБЛАСТЬ,КАРАСАЙСКИЙ РАЙОН
448093,Производство электроэнергии,false,,x,883,,,,,,,,,,,5,"Производство, передача и распределение электроэнергии",АЛМАТИНСКАЯ ОБЛАСТЬ,КАРАСАЙСКИЙ РАЙОН
448098,Передача электроэнергии,false,,x,883,3017994000,920,x,846,2466659000,1031,388287000,994,1684575000,957,5,"Производство, передача и распределение электроэнергии",АЛМАТИНСКАЯ ОБЛАСТЬ,КАРАСАЙСКИЙ РАЙОН
448100,Распределение электроэнергии,false,,97075000,883,664696000,920,350204000,846,,,448030000,994,,,5,"Производство, передача и распределение электроэнергии",АЛМАТИНСКАЯ ОБЛАСТЬ,КАРАСАЙСКИЙ РАЙОН
448104,Производство и распределение газообразного топлива по трубопроводам,false,,499643000,883,1991954000,920,928941000,846,1848691000,1031,508711000,994,4244748000,957,4,"Снабжение электроэнергией, газом, паром, горячей водой и кондиционированным воздухом",АЛМАТИНСКАЯ ОБЛАСТЬ,КАРАСАЙСКИЙ РАЙОН
448107,Распределение газообразного топлива по трубопроводам,false,,499643000,883,1991954000,920,928941000,846,1848691000,1031,508711000,994,4244748000,957,5,Производство и распределение газообразного топлива по трубопроводам,АЛМАТИНСКАЯ ОБЛАСТЬ,КАРАСАЙСКИЙ РАЙОН
448111,"Снабжение паром, горячей водой и кондиционированным воздухом",false,,1957000,883,15953000,920,7904000,846,123037000,1031,216027000,994,,,4,"Снабжение электроэнергией, газом, паром, горячей водой и кондиционированным воздухом",АЛМАТИНСКАЯ ОБЛАСТЬ,КАРАСАЙСКИЙ РАЙОН
448112,"Снабжение паром, горячей водой и кондиционированным воздухом",false,,1957000,883,15953000,920,7904000,846,123037000,1031,216027000,994,,,5,"Снабжение паром, горячей водой и кондиционированным воздухом",АЛМАТИНСКАЯ ОБЛАСТЬ,КАРАСАЙСКИЙ РАЙОН
448117,"Водоснабжение; сбор, обработка и удаление отходов, деятельность по ликвидации загрязнений",false,,4343251000,883,7114927000,920,1517943000,846,894535000,1031,1596122000,994,12475926000,957,2,Промышленность,АЛМАТИНСКАЯ ОБЛАСТЬ,КАРАСАЙСКИЙ РАЙОН
448118,"Сбор, обработка и распределение воды",false,,3959646000,883,7108427000,920,1405378000,846,875952000,1031,1319422000,994,12475926000,957,3,"Водоснабжение; сбор, обработка и удаление отходов, деятельность по ликвидации загрязнений",АЛМАТИНСКАЯ ОБЛАСТЬ,КАРАСАЙСКИЙ РАЙОН
448119,"Сбор, обработка и распределение воды",false,,3959646000,883,7108427000,920,1405378000,846,875952000,1031,1319422000,994,12475926000,957,4,"Сбор, обработка и распределение воды",АЛМАТИНСКАЯ ОБЛАСТЬ,КАРАСАЙСКИЙ РАЙОН
448120,"Сбор, обработка и распределение воды",false,,3959646000,883,7108427000,920,1405378000,846,875952000,1031,1319422000,994,12475926000,957,5,"Сбор, обработка и распределение воды",АЛМАТИНСКАЯ ОБЛАСТЬ,КАРАСАЙСКИЙ РАЙОН
448122,Сбор и обработка сточных вод,false,,376403000,883,,,100000000,846,18425000,1031,276700000,994,,,3,"Водоснабжение; сбор, обработка и удаление отходов, деятельность по ликвидации загрязнений",АЛМАТИНСКАЯ ОБЛАСТЬ,КАРАСАЙСКИЙ РАЙОН
448123,Сбор и обработка сточных вод,false,,376403000,883,,,100000000,846,18425000,1031,276700000,994,,,4,Сбор и обработка сточных вод,АЛМАТИНСКАЯ ОБЛАСТЬ,КАРАСАЙСКИЙ РАЙОН
448124,Сбор и обработка сточных вод,false,,376403000,883,,,100000000,846,18425000,1031,276700000,994,,,5,Сбор и обработка сточных вод,АЛМАТИНСКАЯ ОБЛАСТЬ,КАРАСАЙСКИЙ РАЙОН
448126,"Сбор, обработка и удаление отходов; утилизация (восстановление) материалов",false,,7202000,883,6500000,920,12565000,846,158000,1031,,,,,3,"Водоснабжение; сбор, обработка и удаление отходов, деятельность по ликвидации загрязнений",АЛМАТИНСКАЯ ОБЛАСТЬ,КАРАСАЙСКИЙ РАЙОН
448132,Обработка и удаление отходов,false,,7202000,883,6500000,920,,,158000,1031,,,,,4,"Сбор, обработка и удаление отходов; утилизация (восстановление) материалов",АЛМАТИНСКАЯ ОБЛАСТЬ,КАРАСАЙСКИЙ РАЙОН
448133,Обработка и удаление неопасных отходов,false,,7202000,883,6500000,920,,,158000,1031,,,,,5,Обработка и удаление отходов,АЛМАТИНСКАЯ ОБЛАСТЬ,КАРАСАЙСКИЙ РАЙОН
448137,Утилизация (восстановление) материалов ,false,,,,,,12565000,846,,,,,,,4,"Сбор, обработка и удаление отходов; утилизация (восстановление) материалов",АЛМАТИНСКАЯ ОБЛАСТЬ,КАРАСАЙСКИЙ РАЙОН
448140,Переработка отсортированных материалов,false,,,,,,12565000,846,,,,,,,5,Утилизация (восстановление) материалов ,АЛМАТИНСКАЯ ОБЛАСТЬ,КАРАСАЙСКИЙ РАЙОН
741885,Всего,false,,9076338000,883,5423375000,920,4850775000,846,8885286000,1031,8044321000,994,9295161000,957,0,,АЛМАТИНСКАЯ ОБЛАСТЬ,РАЙЫМБЕКСКИЙ РАЙОН
447173,"Сельское, лесное и рыбное хозяйство",false,,634281000,883,229941000,920,769492000,846,864243000,1031,55494000,994,404172000,957,1,Всего,АЛМАТИНСКАЯ ОБЛАСТЬ,РАЙЫМБЕКСКИЙ РАЙОН
447174,"Растениеводство и животноводство, охота и предоставление услуг в этих областях",false,,634281000,883,224467000,920,769492000,846,864243000,1031,55494000,994,404172000,957,2,"Сельское, лесное и рыбное хозяйство",АЛМАТИНСКАЯ ОБЛАСТЬ,РАЙЫМБЕКСКИЙ РАЙОН
447196,Выращивание многолетних культур,false,,,,,,x,846,x,1031,,,,,3,"Растениеводство и животноводство, охота и предоставление услуг в этих областях",АЛМАТИНСКАЯ ОБЛАСТЬ,РАЙЫМБЕКСКИЙ РАЙОН
447205,"Выращивание прочих плодов, ягод и орехов",false,,,,,,x,846,,,,,,,4,Выращивание многолетних культур,АЛМАТИНСКАЯ ОБЛАСТЬ,РАЙЫМБЕКСКИЙ РАЙОН
447206,"Выращивание прочих плодов, ягод и орехов",true,,,,,,x,846,,,,,,,5,"Выращивание прочих плодов, ягод и орехов",АЛМАТИНСКАЯ ОБЛАСТЬ,РАЙЫМБЕКСКИЙ РАЙОН
447213,Выращивание прочих многолетних культур,false,,,,,,,,x,1031,,,,,4,Выращивание многолетних культур,АЛМАТИНСКАЯ ОБЛАСТЬ,РАЙЫМБЕКСКИЙ РАЙОН
447214,Выращивание прочих многолетних культур,true,,,,,,,,x,1031,,,,,5,Выращивание прочих многолетних культур,АЛМАТИНСКАЯ ОБЛАСТЬ,РАЙЫМБЕКСКИЙ РАЙОН
447218,Животноводство,false,,x,883,60441000,920,10000000,846,15268000,1031,9536000,994,,,3,"Растениеводство и животноводство, охота и предоставление услуг в этих областях",АЛМАТИНСКАЯ ОБЛАСТЬ,РАЙЫМБЕКСКИЙ РАЙОН
447219,Разведение крупного рогатого скота молочного направления,false,,,,,,10000000,846,,,,,,,4,Животноводство,АЛМАТИНСКАЯ ОБЛАСТЬ,РАЙЫМБЕКСКИЙ РАЙОН
447220,Разведение крупного рогатого скота молочного направления,true,,,,,,10000000,846,,,,,,,5,Разведение крупного рогатого скота молочного направления,АЛМАТИНСКАЯ ОБЛАСТЬ,РАЙЫМБЕКСКИЙ РАЙОН
447221,Разведение прочего крупного рогатого скота и буйволов,false,,x,883,60441000,920,,,,,,,,,4,Животноводство,АЛМАТИНСКАЯ ОБЛАСТЬ,РАЙЫМБЕКСКИЙ РАЙОН
447222,Разведение прочего крупного рогатого скота и буйволов,true,,x,883,60441000,920,,,,,,,,,5,Разведение прочего крупного рогатого скота и буйволов,АЛМАТИНСКАЯ ОБЛАСТЬ,РАЙЫМБЕКСКИЙ РАЙОН
447228,Разведение овец и коз,false,,,,,,,,,,9536000,994,,,4,Животноводство,АЛМАТИНСКАЯ ОБЛАСТЬ,РАЙЫМБЕКСКИЙ РАЙОН
447229,Разведение овец и коз,true,,,,,,,,,,9536000,994,,,5,Разведение овец и коз,АЛМАТИНСКАЯ ОБЛАСТЬ,РАЙЫМБЕКСКИЙ РАЙОН
447237,Разведение прочих видов животных,false,,,,,,,,15268000,1031,,,,,4,Животноводство,АЛМАТИНСКАЯ ОБЛАСТЬ,РАЙЫМБЕКСКИЙ РАЙОН
447238,Разведение прочих видов животных,true,,,,,,,,15268000,1031,,,,,5,Разведение прочих видов животных,АЛМАТИНСКАЯ ОБЛАСТЬ,РАЙЫМБЕКСКИЙ РАЙОН
447239,Смешанное сельское хозяйство,false,,564281000,883,164026000,920,81981000,846,400839000,1031,45958000,994,404172000,957,3,"Растениеводство и животноводство, охота и предоставление услуг в этих областях",АЛМАТИНСКАЯ ОБЛАСТЬ,РАЙЫМБЕКСКИЙ РАЙОН
447240,Смешанное сельское хозяйство,false,,564281000,883,164026000,920,81981000,846,400839000,1031,45958000,994,404172000,957,4,Смешанное сельское хозяйство,АЛМАТИНСКАЯ ОБЛАСТЬ,РАЙЫМБЕКСКИЙ РАЙОН
447241,Смешанное сельское хозяйство,true,,564281000,883,164026000,920,81981000,846,400839000,1031,45958000,994,404172000,957,5,Смешанное сельское хозяйство,АЛМАТИНСКАЯ ОБЛАСТЬ,РАЙЫМБЕКСКИЙ РАЙОН
447268,Рыболовство и рыбоводство,false,,,,x,920,,,,,,,,,2,"Сельское, лесное и рыбное хозяйство",АЛМАТИНСКАЯ ОБЛАСТЬ,РАЙЫМБЕКСКИЙ РАЙОН
447274,Рыбоводство,false,,,,x,920,,,,,,,,,3,Рыболовство и рыбоводство,АЛМАТИНСКАЯ ОБЛАСТЬ,РАЙЫМБЕКСКИЙ РАЙОН
447277,Пресноводное рыбоводство,false,,,,x,920,,,,,,,,,4,Рыбоводство,АЛМАТИНСКАЯ ОБЛАСТЬ,РАЙЫМБЕКСКИЙ РАЙОН
447278,Пресноводное рыбоводство,true,,,,x,920,,,,,,,,,5,Пресноводное рыбоводство,АЛМАТИНСКАЯ ОБЛАСТЬ,РАЙЫМБЕКСКИЙ РАЙОН
448215,Оптовая и розничная торговля; ремонт автомобилей и мотоциклов,false,,,,,,,,,,982000,994,x,957,1,Всего,АЛМАТИНСКАЯ ОБЛАСТЬ,РАЙЫМБЕКСКИЙ РАЙОН
448237,"Оптовая торговля, за исключением торговли автомобилями и мотоциклами",false,,,,,,,,,,982000,994,x,957,2,Оптовая и розничная торговля; ремонт автомобилей и мотоциклов,АЛМАТИНСКАЯ ОБЛАСТЬ,РАЙЫМБЕКСКИЙ РАЙОН
448267,"Оптовая торговля продуктами питания, напитками и табачными изделиями",false,,,,,,,,,,982000,994,,,3,"Оптовая торговля, за исключением торговли автомобилями и мотоциклами",АЛМАТИНСКАЯ ОБЛАСТЬ,РАЙЫМБЕКСКИЙ РАЙОН
448272,"Оптовая торговля молочными продуктами, яйцами и пищевыми маслами и жирами",false,,,,,,,,,,982000,994,,,4,"Оптовая торговля продуктами питания, напитками и табачными изделиями",АЛМАТИНСКАЯ ОБЛАСТЬ,РАЙЫМБЕКСКИЙ РАЙОН
448273,"Оптовая торговля молочными продуктами, яйцами и пищевыми маслами и жирами",true,,,,,,,,,,982000,994,,,5,"Оптовая торговля молочными продуктами, яйцами и пищевыми маслами и жирами",АЛМАТИНСКАЯ ОБЛАСТЬ,РАЙЫМБЕКСКИЙ РАЙОН
448371,Неспециализированная оптовая торговля,false,,,,,,,,,,,,x,957,3,"Оптовая торговля, за исключением торговли автомобилями и мотоциклами",АЛМАТИНСКАЯ ОБЛАСТЬ,РАЙЫМБЕКСКИЙ РАЙОН
448372,Неспециализированная оптовая торговля,false,,,,,,,,,,,,x,957,4,Неспециализированная оптовая торговля,АЛМАТИНСКАЯ ОБЛАСТЬ,РАЙЫМБЕКСКИЙ РАЙОН
448376,Оптовая торговля широким ассортиментом товаров без какой-либо конкретизации,true,,,,,,,,,,,,x,957,5,Неспециализированная оптовая торговля,АЛМАТИНСКАЯ ОБЛАСТЬ,РАЙЫМБЕКСКИЙ РАЙОН
448475,Транспорт и складирование,false,,477100000,883,1600940000,920,979735000,846,2262613000,1031,692639000,994,1319030000,957,1,Всего,АЛМАТИНСКАЯ ОБЛАСТЬ,РАЙЫМБЕКСКИЙ РАЙОН
448527,Складирование грузов и вспомогательная транспортная деятельность,false,,477100000,883,1600940000,920,979735000,846,2262613000,1031,692639000,994,1319030000,957,2,Транспорт и складирование,АЛМАТИНСКАЯ ОБЛАСТЬ,РАЙЫМБЕКСКИЙ РАЙОН
448528,Складирование и хранение грузов,false,,x,883,,,,,,,,,,,3,Складирование грузов и вспомогательная транспортная деятельность,АЛМАТИНСКАЯ ОБЛАСТЬ,РАЙЫМБЕКСКИЙ РАЙОН
448529,Складирование и хранение грузов,false,,x,883,,,,,,,,,,,4,Складирование и хранение грузов,АЛМАТИНСКАЯ ОБЛАСТЬ,РАЙЫМБЕКСКИЙ РАЙОН
448531,"Складирование и хранение непродовольственных товаров, кроме зерна и нефти",true,,x,883,,,,,,,,,,,5,Складирование и хранение грузов,АЛМАТИНСКАЯ ОБЛАСТЬ,РАЙЫМБЕКСКИЙ РАЙОН
448533,Вспомогательная транспортная деятельность,false,,244300000,883,1600940000,920,979735000,846,2262613000,1031,692639000,994,1319030000,957,3,Складирование грузов и вспомогательная транспортная деятельность,АЛМАТИНСКАЯ ОБЛАСТЬ,РАЙЫМБЕКСКИЙ РАЙОН
448534,Вспомогательная деятельность сухопутного транспорта,false,,244300000,883,1600940000,920,979735000,846,2262613000,1031,692639000,994,1319030000,957,4,Вспомогательная транспортная деятельность,АЛМАТИНСКАЯ ОБЛАСТЬ,РАЙЫМБЕКСКИЙ РАЙОН
448536,Эксплуатация автомобильных дорог,true,,244300000,883,1600940000,920,979735000,846,2262613000,1031,692639000,994,1319030000,957,5,Вспомогательная деятельность сухопутного транспорта,АЛМАТИНСКАЯ ОБЛАСТЬ,РАЙЫМБЕКСКИЙ РАЙОН
448558,Предоставление услуг по проживанию и питанию,false,,,,,,,,x,1031,,,x,957,1,Всего,АЛМАТИНСКАЯ ОБЛАСТЬ,РАЙЫМБЕКСКИЙ РАЙОН
3783427,Предоставление услуг по временному проживанию,false,,,,,,,,x,1031,,,,,2,Предоставление услуг по проживанию и питанию,АЛМАТИНСКАЯ ОБЛАСТЬ,РАЙЫМБЕКСКИЙ РАЙОН
3783432,Предоставление жилья на выходные дни и прочие периоды краткосрочного проживания,false,,,,,,,,x,1031,,,,,3,Предоставление услуг по временному проживанию,АЛМАТИНСКАЯ ОБЛАСТЬ,РАЙЫМБЕКСКИЙ РАЙОН
3783433,Предоставление жилья на выходные дни и прочие периоды краткосрочного проживания,false,,,,,,,,x,1031,,,,,4,Предоставление жилья на выходные дни и прочие периоды краткосрочного проживания,АЛМАТИНСКАЯ ОБЛАСТЬ,РАЙЫМБЕКСКИЙ РАЙОН
3783434,Предоставление жилья на выходные дни и прочие периоды краткосрочного проживания,true,,,,,,,,x,1031,,,,,5,Предоставление жилья на выходные дни и прочие периоды краткосрочного проживания,АЛМАТИНСКАЯ ОБЛАСТЬ,РАЙЫМБЕКСКИЙ РАЙОН
448573,Предоставление услуг по обеспечению питанием и напитками,false,,,,,,,,,,,,x,957,2,Предоставление услуг по проживанию и питанию,АЛМАТИНСКАЯ ОБЛАСТЬ,РАЙЫМБЕКСКИЙ РАЙОН
448577,Доставка готовой пищи на заказ и прочая деятельность по обеспечению питанием,false,,,,,,,,,,,,x,957,3,Предоставление услуг по обеспечению питанием и напитками,АЛМАТИНСКАЯ ОБЛАСТЬ,РАЙЫМБЕКСКИЙ РАЙОН
448580,Прочая деятельность по обеспечению питанием,false,,,,,,,,,,,,x,957,4,Доставка готовой пищи на заказ и прочая деятельность по обеспечению питанием,АЛМАТИНСКАЯ ОБЛАСТЬ,РАЙЫМБЕКСКИЙ РАЙОН
18951444,Прочие виды организации питания вне населенных пунктов,true,,,,,,,,,,,,x,957,5,Прочая деятельность по обеспечению питанием,АЛМАТИНСКАЯ ОБЛАСТЬ,РАЙЫМБЕКСКИЙ РАЙОН
448585,Информация и связь,false,,315491000,883,20561000,920,3530000,846,7200000,1031,12206000,994,x,957,1,Всего,АЛМАТИНСКАЯ ОБЛАСТЬ,РАЙЫМБЕКСКИЙ РАЙОН
448623,Телекоммуникации,false,,315491000,883,20561000,920,3530000,846,7200000,1031,12206000,994,x,957,2,Информация и связь,АЛМАТИНСКАЯ ОБЛАСТЬ,РАЙЫМБЕКСКИЙ РАЙОН
448627,Беспроводная телекоммуникационная связь,false,,295351000,883,47000,920,x,846,,,12206000,994,x,957,3,Телекоммуникации,АЛМАТИНСКАЯ ОБЛАСТЬ,РАЙЫМБЕКСКИЙ РАЙОН
448628,Беспроводная телекоммуникационная связь,false,,295351000,883,47000,920,x,846,,,12206000,994,x,957,4,Беспроводная телекоммуникационная связь,АЛМАТИНСКАЯ ОБЛАСТЬ,РАЙЫМБЕКСКИЙ РАЙОН
18946147,Беспроводная телекоммуникационная связь посредством единой транспортной среды,true,,,,,,,,,,12206000,994,x,957,5,Беспроводная телекоммуникационная связь,АЛМАТИНСКАЯ ОБЛАСТЬ,РАЙЫМБЕКСКИЙ РАЙОН
18946149,Прочая беспроводная телекоммуникационная связь,true,,295351000,883,47000,920,x,846,,,,,,,5,Беспроводная телекоммуникационная связь,АЛМАТИНСКАЯ ОБЛАСТЬ,РАЙЫМБЕКСКИЙ РАЙОН
448630,Деятельность в области спутниковых телекоммуникаций,false,,,,,,,,7200000,1031,,,,,3,Телекоммуникации,АЛМАТИНСКАЯ ОБЛАСТЬ,РАЙЫМБЕКСКИЙ РАЙОН
448631,Деятельность в области спутниковых телекоммуникаций,false,,,,,,,,7200000,1031,,,,,4,Деятельность в области спутниковых телекоммуникаций,АЛМАТИНСКАЯ ОБЛАСТЬ,РАЙЫМБЕКСКИЙ РАЙОН
18946150,Деятельность в области спутниковых телекоммуникаций для государственных органов посредством единой транспортной среды,true,,,,,,,,7200000,1031,,,,,5,Деятельность в области спутниковых телекоммуникаций,АЛМАТИНСКАЯ ОБЛАСТЬ,РАЙЫМБЕКСКИЙ РАЙОН
448633,Прочая деятельность в области телекоммуникаций,false,,x,883,x,920,x,846,,,,,,,3,Телекоммуникации,АЛМАТИНСКАЯ ОБЛАСТЬ,РАЙЫМБЕКСКИЙ РАЙОН
448634,Прочая деятельность в области телекоммуникаций,false,,x,883,x,920,x,846,,,,,,,4,Прочая деятельность в области телекоммуникаций,АЛМАТИНСКАЯ ОБЛАСТЬ,РАЙЫМБЕКСКИЙ РАЙОН
18946154,"Прочая деятельность в области телекоммуникаций, не включенная в другие группировки",true,,x,883,x,920,x,846,,,,,,,5,Прочая деятельность в области телекоммуникаций,АЛМАТИНСКАЯ ОБЛАСТЬ,РАЙЫМБЕКСКИЙ РАЙОН
448714,Операции с недвижимым имуществом,false,,2105566000,883,582913000,920,361439000,846,719429000,1031,570477000,994,549470000,957,1,Всего,АЛМАТИНСКАЯ ОБЛАСТЬ,РАЙЫМБЕКСКИЙ РАЙОН
448715,Операции с недвижимым имуществом,false,,2105566000,883,582913000,920,361439000,846,719429000,1031,570477000,994,549470000,957,2,Операции с недвижимым имуществом,АЛМАТИНСКАЯ ОБЛАСТЬ,РАЙЫМБЕКСКИЙ РАЙОН
448716,Покупка и продажа собственного недвижимого имущества ,false,,2105566000,883,582913000,920,361439000,846,719429000,1031,570477000,994,549470000,957,3,Операции с недвижимым имуществом,АЛМАТИНСКАЯ ОБЛАСТЬ,РАЙЫМБЕКСКИЙ РАЙОН
448717,Покупка и продажа собственного недвижимого имущества ,false,,2105566000,883,582913000,920,361439000,846,719429000,1031,570477000,994,549470000,957,4,Покупка и продажа собственного недвижимого имущества ,АЛМАТИНСКАЯ ОБЛАСТЬ,РАЙЫМБЕКСКИЙ РАЙОН
543091,Покупка и продажа многоквартирных и жилых домов (особняков),true,,2105566000,883,582913000,920,361439000,846,719429000,1031,570477000,994,549470000,957,5,Покупка и продажа собственного недвижимого имущества ,АЛМАТИНСКАЯ ОБЛАСТЬ,РАЙЫМБЕКСКИЙ РАЙОН
448797,Деятельность в области административного и вспомогательного обслуживания,false,,,,141284000,920,,,,,,,1314000,957,1,Всего,АЛМАТИНСКАЯ ОБЛАСТЬ,РАЙЫМБЕКСКИЙ РАЙОН
448846,Деятельность по обеспечению безопасности и проведению расследований,false,,,,141284000,920,,,,,,,1314000,957,2,Деятельность в области административного и вспомогательного обслуживания,АЛМАТИНСКАЯ ОБЛАСТЬ,РАЙЫМБЕКСКИЙ РАЙОН
448850,Деятельность в области систем обеспечения безопасности,false,,,,141284000,920,,,,,,,1314000,957,3,Деятельность по обеспечению безопасности и проведению расследований,АЛМАТИНСКАЯ ОБЛАСТЬ,РАЙЫМБЕКСКИЙ РАЙОН
448851,Деятельность в области систем обеспечения безопасности,false,,,,141284000,920,,,,,,,1314000,957,4,Деятельность в области систем обеспечения безопасности,АЛМАТИНСКАЯ ОБЛАСТЬ,РАЙЫМБЕКСКИЙ РАЙОН
448852,Деятельность в области систем обеспечения безопасности,true,,,,141284000,920,,,,,,,1314000,957,5,Деятельность в области систем обеспечения безопасности,АЛМАТИНСКАЯ ОБЛАСТЬ,РАЙЫМБЕКСКИЙ РАЙОН
448889,Государственное управление и оборона; обязательное  социальное обеспечение,false,,681802000,883,644000000,920,1043265000,846,374883000,1031,1103762000,994,1162438000,957,1,Всего,АЛМАТИНСКАЯ ОБЛАСТЬ,РАЙЫМБЕКСКИЙ РАЙОН
448890,Государственное управление и оборона; обязательное социальное обеспечение,false,,681802000,883,644000000,920,1043265000,846,374883000,1031,1103762000,994,1162438000,957,2,Государственное управление и оборона; обязательное  социальное обеспечение,АЛМАТИНСКАЯ ОБЛАСТЬ,РАЙЫМБЕКСКИЙ РАЙОН
448891,Государственное управление общего характера и управление социально-экономическое политикой общества,false,,345175000,883,173879000,920,730674000,846,311672000,1031,648536000,994,351371000,957,3,Государственное управление и оборона; обязательное социальное обеспечение,АЛМАТИНСКАЯ ОБЛАСТЬ,РАЙЫМБЕКСКИЙ РАЙОН
448892,Государственное управление общего характера,false,,334675000,883,173879000,920,696299000,846,21870000,1031,614228000,994,351371000,957,4,Государственное управление общего характера и управление социально-экономическое политикой общества,АЛМАТИНСКАЯ ОБЛАСТЬ,РАЙЫМБЕКСКИЙ РАЙОН
448894,Деятельность региональных органов управления,true,,5000000,883,3000000,920,304664000,846,,,,,4590000,957,5,Государственное управление общего характера,АЛМАТИНСКАЯ ОБЛАСТЬ,РАЙЫМБЕКСКИЙ РАЙОН
448895,Деятельность местных органов управления,true,,329675000,883,72697000,920,391635000,846,21870000,1031,,,,,5,Государственное управление общего характера,АЛМАТИНСКАЯ ОБЛАСТЬ,РАЙЫМБЕКСКИЙ РАЙОН
448896,Деятельность сельских и поселковых органов управления,true,,,,98182000,920,,,,,614228000,994,346781000,957,5,Государственное управление общего характера,АЛМАТИНСКАЯ ОБЛАСТЬ,РАЙЫМБЕКСКИЙ РАЙОН
448900,"Регулирование деятельности учреждений здравоохранения, образования, культуры и других социальных услуг, кроме социального обеспечения ",false,,,,,,,,248911000,1031,,,,,4,Государственное управление общего характера и управление социально-экономическое политикой общества,АЛМАТИНСКАЯ ОБЛАСТЬ,РАЙЫМБЕКСКИЙ РАЙОН
448901,"Регулирование деятельности учреждений здравоохранения, образования, культуры и других социальных услуг, кроме социального обеспечения ",true,,,,,,,,248911000,1031,,,,,5,"Регулирование деятельности учреждений здравоохранения, образования, культуры и других социальных услуг, кроме социального обеспечения ",АЛМАТИНСКАЯ ОБЛАСТЬ,РАЙЫМБЕКСКИЙ РАЙОН
448902,Регулирование и содействие эффективному ведению экономической деятельности,false,,x,883,,,x,846,40891000,1031,34308000,994,,,4,Государственное управление общего характера и управление социально-экономическое политикой общества,АЛМАТИНСКАЯ ОБЛАСТЬ,РАЙЫМБЕКСКИЙ РАЙОН
448903,Регулирование и содействие эффективному ведению экономической деятельности,true,,x,883,,,x,846,40891000,1031,34308000,994,,,5,Регулирование и содействие эффективному ведению экономической деятельности,АЛМАТИНСКАЯ ОБЛАСТЬ,РАЙЫМБЕКСКИЙ РАЙОН
448904,Предоставление государством услуг обществу в целом,false,,336627000,883,470121000,920,312591000,846,63211000,1031,455226000,994,811067000,957,3,Государственное управление и оборона; обязательное социальное обеспечение,АЛМАТИНСКАЯ ОБЛАСТЬ,РАЙЫМБЕКСКИЙ РАЙОН
448907,Оборонная деятельность,false,,,,,,15264000,846,,,,,,,4,Предоставление государством услуг обществу в целом,АЛМАТИНСКАЯ ОБЛАСТЬ,РАЙЫМБЕКСКИЙ РАЙОН
448908,Оборонная деятельность,true,,,,,,15264000,846,,,,,,,5,Оборонная деятельность,АЛМАТИНСКАЯ ОБЛАСТЬ,РАЙЫМБЕКСКИЙ РАЙОН
448909,Деятельность в области юстиции и правосудия,false,,336627000,883,397256000,920,294151000,846,,,3042000,994,167378000,957,4,Предоставление государством услуг обществу в целом,АЛМАТИНСКАЯ ОБЛАСТЬ,РАЙЫМБЕКСКИЙ РАЙОН
448910,Деятельность в области юстиции и правосудия,true,,336627000,883,397256000,920,294151000,846,,,3042000,994,167378000,957,5,Деятельность в области юстиции и правосудия,АЛМАТИНСКАЯ ОБЛАСТЬ,РАЙЫМБЕКСКИЙ РАЙОН
448913,Деятельность по обеспечению безопасности в чрезвычайных ситуациях,false,,,,72865000,920,3176000,846,63211000,1031,452184000,994,643689000,957,4,Предоставление государством услуг обществу в целом,АЛМАТИНСКАЯ ОБЛАСТЬ,РАЙЫМБЕКСКИЙ РАЙОН
448914,Деятельность по обеспечению безопасности в чрезвычайных ситуациях,true,,,,72865000,920,3176000,846,63211000,1031,452184000,994,643689000,957,5,Деятельность по обеспечению безопасности в чрезвычайных ситуациях,АЛМАТИНСКАЯ ОБЛАСТЬ,РАЙЫМБЕКСКИЙ РАЙОН
448918,Образование,false,,1877612000,883,477762000,920,240212000,846,,,929083000,994,1537549000,957,1,Всего,АЛМАТИНСКАЯ ОБЛАСТЬ,РАЙЫМБЕКСКИЙ РАЙОН
448919,Образование,false,,1877612000,883,477762000,920,240212000,846,,,929083000,994,1537549000,957,2,Образование,АЛМАТИНСКАЯ ОБЛАСТЬ,РАЙЫМБЕКСКИЙ РАЙОН
448920,Дошкольное образование,false,,456569000,883,,,,,,,,,,,3,Образование,АЛМАТИНСКАЯ ОБЛАСТЬ,РАЙЫМБЕКСКИЙ РАЙОН
448921,Дошкольное образование,false,,456569000,883,,,,,,,,,,,4,Дошкольное образование,АЛМАТИНСКАЯ ОБЛАСТЬ,РАЙЫМБЕКСКИЙ РАЙОН
448922,Дошкольное образование,true,,456569000,883,,,,,,,,,,,5,Дошкольное образование,АЛМАТИНСКАЯ ОБЛАСТЬ,РАЙЫМБЕКСКИЙ РАЙОН
448926,Среднее образование (2-й и 3-й уровни),false,,1421043000,883,467762000,920,240212000,846,,,492910000,994,1525011000,957,3,Образование,АЛМАТИНСКАЯ ОБЛАСТЬ,РАЙЫМБЕКСКИЙ РАЙОН
448927,Основное и общее среднее образование,false,,1421043000,883,467762000,920,240212000,846,,,492910000,994,1525011000,957,4,Среднее образование (2-й и 3-й уровни),АЛМАТИНСКАЯ ОБЛАСТЬ,РАЙЫМБЕКСКИЙ РАЙОН
448928,Основное и общее среднее образование,true,,1421043000,883,467762000,920,240212000,846,,,492910000,994,1525011000,957,5,Основное и общее среднее образование,АЛМАТИНСКАЯ ОБЛАСТЬ,РАЙЫМБЕКСКИЙ РАЙОН
448937,Прочие виды образования,false,,,,10000000,920,,,,,436173000,994,12538000,957,3,Образование,АЛМАТИНСКАЯ ОБЛАСТЬ,РАЙЫМБЕКСКИЙ РАЙОН
448940,Образование в области культуры,false,,,,10000000,920,,,,,436173000,994,12538000,957,4,Прочие виды образования,АЛМАТИНСКАЯ ОБЛАСТЬ,РАЙЫМБЕКСКИЙ РАЙОН
448941,Образование в области культуры,true,,,,10000000,920,,,,,436173000,994,12538000,957,5,Образование в области культуры,АЛМАТИНСКАЯ ОБЛАСТЬ,РАЙЫМБЕКСКИЙ РАЙОН
448950,Здравоохранение и социальное обслуживание населения,false,,44848000,883,8107000,920,583237000,846,1464693000,1031,864386000,994,655544000,957,1,Всего,АЛМАТИНСКАЯ ОБЛАСТЬ,РАЙЫМБЕКСКИЙ РАЙОН
448951,Деятельность в области здравоохранения,false,,44848000,883,8107000,920,583237000,846,1464693000,1031,864386000,994,655544000,957,2,Здравоохранение и социальное обслуживание населения,АЛМАТИНСКАЯ ОБЛАСТЬ,РАЙЫМБЕКСКИЙ РАЙОН
448952,Деятельность больничных организаций,false,,,,,,,,80129000,1031,135027000,994,,,3,Деятельность в области здравоохранения,АЛМАТИНСКАЯ ОБЛАСТЬ,РАЙЫМБЕКСКИЙ РАЙОН
448953,Деятельность больничных организаций,false,,,,,,,,80129000,1031,135027000,994,,,4,Деятельность больничных организаций,АЛМАТИНСКАЯ ОБЛАСТЬ,РАЙЫМБЕКСКИЙ РАЙОН
448954,Деятельность больниц широкого профиля и специализированных больниц,true,,,,,,,,80129000,1031,135027000,994,,,5,Деятельность больничных организаций,АЛМАТИНСКАЯ ОБЛАСТЬ,РАЙЫМБЕКСКИЙ РАЙОН
448959,Деятельность в области врачебной практики и стоматологии,false,,44848000,883,8107000,920,583237000,846,1384564000,1031,729359000,994,655544000,957,3,Деятельность в области здравоохранения,АЛМАТИНСКАЯ ОБЛАСТЬ,РАЙЫМБЕКСКИЙ РАЙОН
448960,Общая врачебная практика,false,,44848000,883,8107000,920,583237000,846,1384564000,1031,729359000,994,655544000,957,4,Деятельность в области врачебной практики и стоматологии,АЛМАТИНСКАЯ ОБЛАСТЬ,РАЙЫМБЕКСКИЙ РАЙОН
448961,Общая врачебная практика,true,,44848000,883,8107000,920,583237000,846,1384564000,1031,729359000,994,655544000,957,5,Общая врачебная практика,АЛМАТИНСКАЯ ОБЛАСТЬ,РАЙЫМБЕКСКИЙ РАЙОН
448991,"Искусство, развлечения и отдых",false,,908944000,883,364567000,920,365524000,846,1881690000,1031,958464000,994,2038462000,957,1,Всего,АЛМАТИНСКАЯ ОБЛАСТЬ,РАЙЫМБЕКСКИЙ РАЙОН
448992,"Деятельность в области творчества, искусства и развлечений",false,,,,116993000,920,,,,,,,20000000,957,2,"Искусство, развлечения и отдых",АЛМАТИНСКАЯ ОБЛАСТЬ,РАЙЫМБЕКСКИЙ РАЙОН
448993,"Деятельность в области творчества, искусства и развлечений",false,,,,116993000,920,,,,,,,20000000,957,3,"Деятельность в области творчества, искусства и развлечений",АЛМАТИНСКАЯ ОБЛАСТЬ,РАЙЫМБЕКСКИЙ РАЙОН
449002,Деятельность концертных и театральных залов,false,,,,116993000,920,,,,,,,20000000,957,4,"Деятельность в области творчества, искусства и развлечений",АЛМАТИНСКАЯ ОБЛАСТЬ,РАЙЫМБЕКСКИЙ РАЙОН
449003,Деятельность концертных и театральных залов,true,,,,116993000,920,,,,,,,20000000,957,5,Деятельность концертных и театральных залов,АЛМАТИНСКАЯ ОБЛАСТЬ,РАЙЫМБЕКСКИЙ РАЙОН
449004,"Деятельность библиотек, архивов, музеев и прочая деятельность в области культуры",false,,,,184233000,920,,,x,1031,,,103972000,957,2,"Искусство, развлечения и отдых",АЛМАТИНСКАЯ ОБЛАСТЬ,РАЙЫМБЕКСКИЙ РАЙОН
449005,"Деятельность библиотек, архивов, музеев и прочая деятельность в области культуры",false,,,,184233000,920,,,x,1031,,,103972000,957,3,"Деятельность библиотек, архивов, музеев и прочая деятельность в области культуры",АЛМАТИНСКАЯ ОБЛАСТЬ,РАЙЫМБЕКСКИЙ РАЙОН
449006,Деятельность библиотек и архивов,false,,,,184233000,920,,,,,,,89972000,957,4,"Деятельность библиотек, архивов, музеев и прочая деятельность в области культуры",АЛМАТИНСКАЯ ОБЛАСТЬ,РАЙЫМБЕКСКИЙ РАЙОН
449009,Деятельность архивов,true,,,,184233000,920,,,,,,,89972000,957,5,Деятельность библиотек и архивов,АЛМАТИНСКАЯ ОБЛАСТЬ,РАЙЫМБЕКСКИЙ РАЙОН
449013,Деятельность исторических мест и зданий и аналогичных туристических достопримечательностей,false,,,,,,,,x,1031,,,x,957,4,"Деятельность библиотек, архивов, музеев и прочая деятельность в области культуры",АЛМАТИНСКАЯ ОБЛАСТЬ,РАЙЫМБЕКСКИЙ РАЙОН
449014,Деятельность исторических мест и зданий и аналогичных туристических достопримечательностей,true,,,,,,,,x,1031,,,x,957,5,Деятельность исторических мест и зданий и аналогичных туристических достопримечательностей,АЛМАТИНСКАЯ ОБЛАСТЬ,РАЙЫМБЕКСКИЙ РАЙОН
449022,"Деятельность в области спорта, организации отдыха и развлечений",false,,908944000,883,63341000,920,365524000,846,1802965000,1031,958464000,994,1914490000,957,2,"Искусство, развлечения и отдых",АЛМАТИНСКАЯ ОБЛАСТЬ,РАЙЫМБЕКСКИЙ РАЙОН
449023,Деятельность в области спорта,false,,887078000,883,63341000,920,365524000,846,938468000,1031,807453000,994,1077040000,957,3,"Деятельность в области спорта, организации отдыха и развлечений",АЛМАТИНСКАЯ ОБЛАСТЬ,РАЙЫМБЕКСКИЙ РАЙОН
449024,Эксплуатация спортивных сооружений,false,,,,,,,,23780000,1031,,,,,4,Деятельность в области спорта,АЛМАТИНСКАЯ ОБЛАСТЬ,РАЙЫМБЕКСКИЙ РАЙОН
449025,Эксплуатация спортивных сооружений,true,,,,,,,,23780000,1031,,,,,5,Эксплуатация спортивных сооружений,АЛМАТИНСКАЯ ОБЛАСТЬ,РАЙЫМБЕКСКИЙ РАЙОН
449026,Деятельность спортивных клубов,false,,887078000,883,63341000,920,365524000,846,914688000,1031,807453000,994,1077040000,957,4,Деятельность в области спорта,АЛМАТИНСКАЯ ОБЛАСТЬ,РАЙЫМБЕКСКИЙ РАЙОН
449027,Деятельность спортивных клубов,true,,887078000,883,63341000,920,365524000,846,914688000,1031,807453000,994,1077040000,957,5,Деятельность спортивных клубов,АЛМАТИНСКАЯ ОБЛАСТЬ,РАЙЫМБЕКСКИЙ РАЙОН
449032,Деятельность по организации отдыха и развлечений,false,,21866000,883,,,,,864497000,1031,151011000,994,837450000,957,3,"Деятельность в области спорта, организации отдыха и развлечений",АЛМАТИНСКАЯ ОБЛАСТЬ,РАЙЫМБЕКСКИЙ РАЙОН
449033,Деятельность развлекательных и тематических парков,false,,,,,,,,,,58553000,994,,,4,Деятельность по организации отдыха и развлечений,АЛМАТИНСКАЯ ОБЛАСТЬ,РАЙЫМБЕКСКИЙ РАЙОН
449034,Деятельность развлекательных и тематических парков,true,,,,,,,,,,58553000,994,,,5,Деятельность развлекательных и тематических парков,АЛМАТИНСКАЯ ОБЛАСТЬ,РАЙЫМБЕКСКИЙ РАЙОН
449035,Прочая деятельность по организации отдыха и развлечений,false,,21866000,883,,,,,864497000,1031,92458000,994,837450000,957,4,Деятельность по организации отдыха и развлечений,АЛМАТИНСКАЯ ОБЛАСТЬ,РАЙЫМБЕКСКИЙ РАЙОН
449039,Прочие виды деятельности по организации отдыха и развлечений,true,,21866000,883,,,,,864497000,1031,92458000,994,837450000,957,5,Прочая деятельность по организации отдыха и развлечений,АЛМАТИНСКАЯ ОБЛАСТЬ,РАЙЫМБЕКСКИЙ РАЙОН
741340,Промышленность,false,,2030694000,883,1353300000,920,504341000,846,1010535000,1031,2856828000,994,1469715000,957,1,Всего,АЛМАТИНСКАЯ ОБЛАСТЬ,РАЙЫМБЕКСКИЙ РАЙОН
447279,Горнодобывающая промышленность и разработка карьеров,false,,36290000,883,42154000,920,111632000,846,x,1031,x,994,x,957,2,Промышленность,АЛМАТИНСКАЯ ОБЛАСТЬ,РАЙЫМБЕКСКИЙ РАЙОН
447280,Добыча угля ,false,,x,883,x,920,x,846,x,1031,x,994,x,957,3,Горнодобывающая промышленность и разработка карьеров,АЛМАТИНСКАЯ ОБЛАСТЬ,РАЙЫМБЕКСКИЙ РАЙОН
447286,Добыча лигнита (бурого угля),false,,x,883,x,920,x,846,x,1031,x,994,x,957,4,Добыча угля ,АЛМАТИНСКАЯ ОБЛАСТЬ,РАЙЫМБЕКСКИЙ РАЙОН
447287,Добыча лигнита (бурого угля),false,,x,883,x,920,x,846,x,1031,x,994,x,957,5,Добыча лигнита (бурого угля),АЛМАТИНСКАЯ ОБЛАСТЬ,РАЙЫМБЕКСКИЙ РАЙОН
447298,Добыча металлических руд,false,,,,2200000,920,x,846,,,,,,,3,Горнодобывающая промышленность и разработка карьеров,АЛМАТИНСКАЯ ОБЛАСТЬ,РАЙЫМБЕКСКИЙ РАЙОН
447299,Добыча железных руд,false,,,,2200000,920,,,,,,,,,4,Добыча металлических руд,АЛМАТИНСКАЯ ОБЛАСТЬ,РАЙЫМБЕКСКИЙ РАЙОН
447300,Добыча железных руд,false,,,,2200000,920,,,,,,,,,5,Добыча железных руд,АЛМАТИНСКАЯ ОБЛАСТЬ,РАЙЫМБЕКСКИЙ РАЙОН
447303,"Добыча руд, кроме железных ",false,,,,,,x,846,,,,,,,4,Добыча металлических руд,АЛМАТИНСКАЯ ОБЛАСТЬ,РАЙЫМБЕКСКИЙ РАЙОН
447306,Добыча прочих металлических руд,false,,,,,,x,846,,,,,,,5,"Добыча руд, кроме железных ",АЛМАТИНСКАЯ ОБЛАСТЬ,РАЙЫМБЕКСКИЙ РАЙОН
447339,Предоставление услуг в горнодобывающей промышленности,false,,x,883,x,920,x,846,,,,,,,3,Горнодобывающая промышленность и разработка карьеров,АЛМАТИНСКАЯ ОБЛАСТЬ,РАЙЫМБЕКСКИЙ РАЙОН
447343,"Предоставление услуг, способствующих добыче других полезных ископаемых",false,,x,883,x,920,x,846,,,,,,,4,Предоставление услуг в горнодобывающей промышленности,АЛМАТИНСКАЯ ОБЛАСТЬ,РАЙЫМБЕКСКИЙ РАЙОН
447344,"Предоставление услуг, способствующих добыче других полезных ископаемых",false,,x,883,x,920,x,846,,,,,,,5,"Предоставление услуг, способствующих добыче других полезных ископаемых",АЛМАТИНСКАЯ ОБЛАСТЬ,РАЙЫМБЕКСКИЙ РАЙОН
447346,Обрабатывающая промышленность,false,,x,883,x,920,,,,,125169000,994,,,2,Промышленность,АЛМАТИНСКАЯ ОБЛАСТЬ,РАЙЫМБЕКСКИЙ РАЙОН
447347,Производство продуктов питания,false,,x,883,x,920,,,,,125169000,994,,,3,Обрабатывающая промышленность,АЛМАТИНСКАЯ ОБЛАСТЬ,РАЙЫМБЕКСКИЙ РАЙОН
447358,Переработка и консервирование фруктов и овощей,false,,x,883,,,,,,,,,,,4,Производство продуктов питания,АЛМАТИНСКАЯ ОБЛАСТЬ,РАЙЫМБЕКСКИЙ РАЙОН
447359,Переработка и консервирование картофеля,false,,x,883,,,,,,,,,,,5,Переработка и консервирование фруктов и овощей,АЛМАТИНСКАЯ ОБЛАСТЬ,РАЙЫМБЕКСКИЙ РАЙОН
447371,Производство молочных продуктов,false,,x,883,x,920,,,,,125169000,994,,,4,Производство продуктов питания,АЛМАТИНСКАЯ ОБЛАСТЬ,РАЙЫМБЕКСКИЙ РАЙОН
447372,Переработка молока и производство сыров,false,,x,883,x,920,,,,,125169000,994,,,5,Производство молочных продуктов,АЛМАТИНСКАЯ ОБЛАСТЬ,РАЙЫМБЕКСКИЙ РАЙОН
448090,"Снабжение электроэнергией, газом, паром, горячей водой и кондиционированным воздухом",false,,1196047000,883,433164000,920,,,13533000,1031,1017711000,994,644461000,957,2,Промышленность,АЛМАТИНСКАЯ ОБЛАСТЬ,РАЙЫМБЕКСКИЙ РАЙОН
448091,"Снабжение электроэнергией, газом, паром, горячей водой и кондиционированным воздухом",false,,1196047000,883,433164000,920,,,13533000,1031,1017711000,994,644461000,957,3,"Снабжение электроэнергией, газом, паром, горячей водой и кондиционированным воздухом",АЛМАТИНСКАЯ ОБЛАСТЬ,РАЙЫМБЕКСКИЙ РАЙОН
448092,"Производство, передача и распределение электроэнергии",false,,1196047000,883,433164000,920,,,13533000,1031,1017711000,994,644461000,957,4,"Снабжение электроэнергией, газом, паром, горячей водой и кондиционированным воздухом",АЛМАТИНСКАЯ ОБЛАСТЬ,РАЙЫМБЕКСКИЙ РАЙОН
448093,Производство электроэнергии,false,,,,,,,,,,633787000,994,x,957,5,"Производство, передача и распределение электроэнергии",АЛМАТИНСКАЯ ОБЛАСТЬ,РАЙЫМБЕКСКИЙ РАЙОН
448100,Распределение электроэнергии,false,,1196047000,883,433164000,920,,,13533000,1031,383924000,994,144461000,957,5,"Производство, передача и распределение электроэнергии",АЛМАТИНСКАЯ ОБЛАСТЬ,РАЙЫМБЕКСКИЙ РАЙОН
448117,"Водоснабжение; сбор, обработка и удаление отходов, деятельность по ликвидации загрязнений",false,,701357000,883,506536000,920,392709000,846,937298000,1031,1688948000,994,813014000,957,2,Промышленность,АЛМАТИНСКАЯ ОБЛАСТЬ,РАЙЫМБЕКСКИЙ РАЙОН
448118,"Сбор, обработка и распределение воды",false,,701357000,883,506536000,920,392709000,846,937298000,1031,1688948000,994,813014000,957,3,"Водоснабжение; сбор, обработка и удаление отходов, деятельность по ликвидации загрязнений",АЛМАТИНСКАЯ ОБЛАСТЬ,РАЙЫМБЕКСКИЙ РАЙОН
448119,"Сбор, обработка и распределение воды",false,,701357000,883,506536000,920,392709000,846,937298000,1031,1688948000,994,813014000,957,4,"Сбор, обработка и распределение воды",АЛМАТИНСКАЯ ОБЛАСТЬ,РАЙЫМБЕКСКИЙ РАЙОН
448120,"Сбор, обработка и распределение воды",false,,701357000,883,506536000,920,392709000,846,937298000,1031,1688948000,994,813014000,957,5,"Сбор, обработка и распределение воды",АЛМАТИНСКАЯ ОБЛАСТЬ,РАЙЫМБЕКСКИЙ РАЙОН
741885,Всего,false,,78733222000,883,85489955000,920,68689948000,846,141000139000,1031,114426554000,994,77215142000,957,0,,АЛМАТИНСКАЯ ОБЛАСТЬ,ТАЛГАРСКИЙ РАЙОН
447173,"Сельское, лесное и рыбное хозяйство",false,,1689196000,883,2633008000,920,4773873000,846,4287445000,1031,5341018000,994,2539423000,957,1,Всего,АЛМАТИНСКАЯ ОБЛАСТЬ,ТАЛГАРСКИЙ РАЙОН
447174,"Растениеводство и животноводство, охота и предоставление услуг в этих областях",false,,1492933000,883,2489048000,920,4492683000,846,4287445000,1031,4424018000,994,2518137000,957,2,"Сельское, лесное и рыбное хозяйство",АЛМАТИНСКАЯ ОБЛАСТЬ,ТАЛГАРСКИЙ РАЙОН
447175,Выращивание одно- или двухлетних культур,false,,717345000,883,145430000,920,1777007000,846,254546000,1031,386681000,994,44960000,957,3,"Растениеводство и животноводство, охота и предоставление услуг в этих областях",АЛМАТИНСКАЯ ОБЛАСТЬ,ТАЛГАРСКИЙ РАЙОН
447176,"Выращивание зерновых (кроме риса), бобовых и масличных культур",false,,262995000,883,138362000,920,126587000,846,,,299816000,994,22660000,957,4,Выращивание одно- или двухлетних культур,АЛМАТИНСКАЯ ОБЛАСТЬ,ТАЛГАРСКИЙ РАЙОН
3783380,"Выращивание зерновых и зернобобовых культур, включая семеноводство",true,,,,138362000,920,x,846,,,299816000,994,22660000,957,5,"Выращивание зерновых (кроме риса), бобовых и масличных культур",АЛМАТИНСКАЯ ОБЛАСТЬ,ТАЛГАРСКИЙ РАЙОН
447178,Выращивание масличных культур и их семян,true,,262995000,883,,,x,846,,,,,,,5,"Выращивание зерновых (кроме риса), бобовых и масличных культур",АЛМАТИНСКАЯ ОБЛАСТЬ,ТАЛГАРСКИЙ РАЙОН
447181,"Выращивание овощей, бахчевых, корнеплодов и клубнеплодов",false,,454350000,883,,,1650420000,846,239716000,1031,86865000,994,,,4,Выращивание одно- или двухлетних культур,АЛМАТИНСКАЯ ОБЛАСТЬ,ТАЛГАРСКИЙ РАЙОН
447183,"Выращивание овощей, их семян и рассады",true,,454350000,883,,,1650420000,846,239716000,1031,86865000,994,,,5,"Выращивание овощей, бахчевых, корнеплодов и клубнеплодов",АЛМАТИНСКАЯ ОБЛАСТЬ,ТАЛГАРСКИЙ РАЙОН
447192,Выращивание прочих одно- или двухлетних культур,false,,,,x,920,,,14830000,1031,,,x,957,4,Выращивание одно- или двухлетних культур,АЛМАТИНСКАЯ ОБЛАСТЬ,ТАЛГАРСКИЙ РАЙОН
447195,"Выращивание прочих одно- или двухлетних культур, не включенных в другие группировки",true,,,,x,920,,,14830000,1031,,,x,957,5,Выращивание прочих одно- или двухлетних культур,АЛМАТИНСКАЯ ОБЛАСТЬ,ТАЛГАРСКИЙ РАЙОН
447196,Выращивание многолетних культур,false,,x,883,351118000,920,x,846,x,1031,277472000,994,408860000,957,3,"Растениеводство и животноводство, охота и предоставление услуг в этих областях",АЛМАТИНСКАЯ ОБЛАСТЬ,ТАЛГАРСКИЙ РАЙОН
447203,Выращивание семечковых и косточковых плодов,false,,,,x,920,x,846,x,1031,x,994,408860000,957,4,Выращивание многолетних культур,АЛМАТИНСКАЯ ОБЛАСТЬ,ТАЛГАРСКИЙ РАЙОН
447204,Выращивание семечковых и косточковых плодов,true,,,,x,920,x,846,x,1031,x,994,408860000,957,5,Выращивание семечковых и косточковых плодов,АЛМАТИНСКАЯ ОБЛАСТЬ,ТАЛГАРСКИЙ РАЙОН
447205,"Выращивание прочих плодов, ягод и орехов",false,,x,883,x,920,,,,,x,994,,,4,Выращивание многолетних культур,АЛМАТИНСКАЯ ОБЛАСТЬ,ТАЛГАРСКИЙ РАЙОН
447206,"Выращивание прочих плодов, ягод и орехов",true,,x,883,x,920,,,,,x,994,,,5,"Выращивание прочих плодов, ягод и орехов",АЛМАТИНСКАЯ ОБЛАСТЬ,ТАЛГАРСКИЙ РАЙОН
447218,Животноводство,false,,629208000,883,1570511000,920,2252486000,846,3145918000,1031,3526960000,994,2046602000,957,3,"Растениеводство и животноводство, охота и предоставление услуг в этих областях",АЛМАТИНСКАЯ ОБЛАСТЬ,ТАЛГАРСКИЙ РАЙОН
447219,Разведение крупного рогатого скота молочного направления,false,,568056000,883,,,851205000,846,1935593000,1031,1884771000,994,x,957,4,Животноводство,АЛМАТИНСКАЯ ОБЛАСТЬ,ТАЛГАРСКИЙ РАЙОН
447220,Разведение крупного рогатого скота молочного направления,true,,568056000,883,,,851205000,846,1935593000,1031,1884771000,994,x,957,5,Разведение крупного рогатого скота молочного направления,АЛМАТИНСКАЯ ОБЛАСТЬ,ТАЛГАРСКИЙ РАЙОН
447221,Разведение прочего крупного рогатого скота и буйволов,false,,2220000,883,x,920,x,846,17640000,1031,,,,,4,Животноводство,АЛМАТИНСКАЯ ОБЛАСТЬ,ТАЛГАРСКИЙ РАЙОН
447222,Разведение прочего крупного рогатого скота и буйволов,true,,2220000,883,x,920,x,846,17640000,1031,,,,,5,Разведение прочего крупного рогатого скота и буйволов,АЛМАТИНСКАЯ ОБЛАСТЬ,ТАЛГАРСКИЙ РАЙОН
447228,Разведение овец и коз,false,,7135000,883,,,,,6960000,1031,x,994,,,4,Животноводство,АЛМАТИНСКАЯ ОБЛАСТЬ,ТАЛГАРСКИЙ РАЙОН
447229,Разведение овец и коз,true,,7135000,883,,,,,6960000,1031,x,994,,,5,Разведение овец и коз,АЛМАТИНСКАЯ ОБЛАСТЬ,ТАЛГАРСКИЙ РАЙОН
447232,Разведение сельскохозяйственной птицы ,false,,51797000,883,1121857000,920,1397659000,846,1185725000,1031,1641189000,994,1983625000,957,4,Животноводство,АЛМАТИНСКАЯ ОБЛАСТЬ,ТАЛГАРСКИЙ РАЙОН
447233,"Разведение птицы на мясо, племенной птицы и молодняка",true,,,,,,x,846,,,,,,,5,Разведение сельскохозяйственной птицы ,АЛМАТИНСКАЯ ОБЛАСТЬ,ТАЛГАРСКИЙ РАЙОН
447235,"Производство смешанное, мясояичное",true,,51797000,883,1121857000,920,270744000,846,1185725000,1031,1641189000,994,1983625000,957,5,Разведение сельскохозяйственной птицы ,АЛМАТИНСКАЯ ОБЛАСТЬ,ТАЛГАРСКИЙ РАЙОН
447239,Смешанное сельское хозяйство,false,,133827000,883,421989000,920,63371000,846,630428000,1031,232905000,994,x,957,3,"Растениеводство и животноводство, охота и предоставление услуг в этих областях",АЛМАТИНСКАЯ ОБЛАСТЬ,ТАЛГАРСКИЙ РАЙОН
447240,Смешанное сельское хозяйство,false,,133827000,883,421989000,920,63371000,846,630428000,1031,232905000,994,x,957,4,Смешанное сельское хозяйство,АЛМАТИНСКАЯ ОБЛАСТЬ,ТАЛГАРСКИЙ РАЙОН
447241,Смешанное сельское хозяйство,true,,133827000,883,421989000,920,63371000,846,630428000,1031,232905000,994,x,957,5,Смешанное сельское хозяйство,АЛМАТИНСКАЯ ОБЛАСТЬ,ТАЛГАРСКИЙ РАЙОН
18683346,"Деятельность, способствующая выращиванию сельскохозяйственных культур и разведению животных и деятельность по обработке урожая",false,,,,,,x,846,,,,,,,3,"Растениеводство и животноводство, охота и предоставление услуг в этих областях",АЛМАТИНСКАЯ ОБЛАСТЬ,ТАЛГАРСКИЙ РАЙОН
18683347,"Деятельность, способствующая растениеводству",false,,,,,,x,846,,,,,,,4,"Деятельность, способствующая выращиванию сельскохозяйственных культур и разведению животных и деятельность по обработке урожая",АЛМАТИНСКАЯ ОБЛАСТЬ,ТАЛГАРСКИЙ РАЙОН
18683349,Эксплуатация оросительных систем,true,,,,,,x,846,,,,,,,5,"Деятельность, способствующая растениеводству",АЛМАТИНСКАЯ ОБЛАСТЬ,ТАЛГАРСКИЙ РАЙОН
447255,Лесоводство и лесозаготовки,false,,x,883,143960000,920,x,846,,,,,21286000,957,2,"Сельское, лесное и рыбное хозяйство",АЛМАТИНСКАЯ ОБЛАСТЬ,ТАЛГАРСКИЙ РАЙОН
18689924,"Услуги, связанные с лесоводством и лесозаготовками",false,,x,883,143960000,920,x,846,,,,,21286000,957,3,Лесоводство и лесозаготовки,АЛМАТИНСКАЯ ОБЛАСТЬ,ТАЛГАРСКИЙ РАЙОН
18689925,"Услуги, связанные с лесоводством и лесозаготовками",false,,x,883,143960000,920,x,846,,,,,21286000,957,4,"Услуги, связанные с лесоводством и лесозаготовками",АЛМАТИНСКАЯ ОБЛАСТЬ,ТАЛГАРСКИЙ РАЙОН
18689926,"Услуги, связанные с лесоводством и лесозаготовками",true,,x,883,143960000,920,x,846,,,,,21286000,957,5,"Услуги, связанные с лесоводством и лесозаготовками",АЛМАТИНСКАЯ ОБЛАСТЬ,ТАЛГАРСКИЙ РАЙОН
447268,Рыболовство и рыбоводство,false,,,,,,,,,,x,994,,,2,"Сельское, лесное и рыбное хозяйство",АЛМАТИНСКАЯ ОБЛАСТЬ,ТАЛГАРСКИЙ РАЙОН
447274,Рыбоводство,false,,,,,,,,,,x,994,,,3,Рыболовство и рыбоводство,АЛМАТИНСКАЯ ОБЛАСТЬ,ТАЛГАРСКИЙ РАЙОН
447277,Пресноводное рыбоводство,false,,,,,,,,,,x,994,,,4,Рыбоводство,АЛМАТИНСКАЯ ОБЛАСТЬ,ТАЛГАРСКИЙ РАЙОН
447278,Пресноводное рыбоводство,true,,,,,,,,,,x,994,,,5,Пресноводное рыбоводство,АЛМАТИНСКАЯ ОБЛАСТЬ,ТАЛГАРСКИЙ РАЙОН
448148,Строительство,false,,970054000,883,3704737000,920,1082704000,846,714783000,1031,421583000,994,317848000,957,1,Всего,АЛМАТИНСКАЯ ОБЛАСТЬ,ТАЛГАРСКИЙ РАЙОН
18710963,Строительство зданий,false,,70297000,883,17107000,920,49804000,846,48787000,1031,24824000,994,,,2,Строительство,АЛМАТИНСКАЯ ОБЛАСТЬ,ТАЛГАРСКИЙ РАЙОН
18710964,Разработка строительных проектов,false,,x,883,,,x,846,,,x,994,,,3,Строительство зданий,АЛМАТИНСКАЯ ОБЛАСТЬ,ТАЛГАРСКИЙ РАЙОН
18710965,Разработка строительных проектов,false,,x,883,,,x,846,,,x,994,,,4,Разработка строительных проектов,АЛМАТИНСКАЯ ОБЛАСТЬ,ТАЛГАРСКИЙ РАЙОН
18710966,Разработка строительных проектов,true,,x,883,,,x,846,,,x,994,,,5,Разработка строительных проектов,АЛМАТИНСКАЯ ОБЛАСТЬ,ТАЛГАРСКИЙ РАЙОН
18710967,Строительство жилых и нежилых зданий,false,,x,883,17107000,920,48204000,846,48787000,1031,x,994,,,3,Строительство зданий,АЛМАТИНСКАЯ ОБЛАСТЬ,ТАЛГАРСКИЙ РАЙОН
18710968,Строительство жилых и нежилых зданий,false,,x,883,17107000,920,48204000,846,48787000,1031,x,994,,,4,Строительство жилых и нежилых зданий,АЛМАТИНСКАЯ ОБЛАСТЬ,ТАЛГАРСКИЙ РАЙОН
18710969,Строительство жилых зданий,true,,x,883,x,920,x,846,48787000,1031,x,994,,,5,Строительство жилых и нежилых зданий,АЛМАТИНСКАЯ ОБЛАСТЬ,ТАЛГАРСКИЙ РАЙОН
18801543,"Строительство нежилых зданий, за исключением стационарных торговых объектов категорий 1, 2",true,,,,x,920,x,846,,,,,,,5,Строительство жилых и нежилых зданий,АЛМАТИНСКАЯ ОБЛАСТЬ,ТАЛГАРСКИЙ РАЙОН
448157,Гражданское строительство,false,,199173000,883,1237537000,920,248536000,846,135703000,1031,331229000,994,299727000,957,2,Строительство,АЛМАТИНСКАЯ ОБЛАСТЬ,ТАЛГАРСКИЙ РАЙОН
448158,Строительство автомобильных и железных дорог,false,,198716000,883,1237537000,920,x,846,135703000,1031,331229000,994,299727000,957,3,Гражданское строительство,АЛМАТИНСКАЯ ОБЛАСТЬ,ТАЛГАРСКИЙ РАЙОН
18696143,Строительство автомобильных дорог,false,,198716000,883,1237537000,920,x,846,135703000,1031,331229000,994,299727000,957,4,Строительство автомобильных и железных дорог,АЛМАТИНСКАЯ ОБЛАСТЬ,ТАЛГАРСКИЙ РАЙОН
18946136,Строительство дорог и автомагистралей,true,,198716000,883,1237537000,920,x,846,135703000,1031,331229000,994,299727000,957,5,Строительство автомобильных дорог,АЛМАТИНСКАЯ ОБЛАСТЬ,ТАЛГАРСКИЙ РАЙОН
448165,Строительство распределительных инженерных сооружений,false,,457000,883,,,,,,,,,,,3,Гражданское строительство,АЛМАТИНСКАЯ ОБЛАСТЬ,ТАЛГАРСКИЙ РАЙОН
448166,Строительство трубопроводов,false,,457000,883,,,,,,,,,,,4,Строительство распределительных инженерных сооружений,АЛМАТИНСКАЯ ОБЛАСТЬ,ТАЛГАРСКИЙ РАЙОН
448169,Строительство прочих трубопроводов,true,,457000,883,,,,,,,,,,,5,Строительство трубопроводов,АЛМАТИНСКАЯ ОБЛАСТЬ,ТАЛГАРСКИЙ РАЙОН
18696516,Строительство прочих инженерных сооружений,false,,,,,,x,846,,,,,,,3,Гражданское строительство,АЛМАТИНСКАЯ ОБЛАСТЬ,ТАЛГАРСКИЙ РАЙОН
18696517,"Строительство прочих инженерных сооружений, не включенных в другие группировки",false,,,,,,x,846,,,,,,,4,Строительство прочих инженерных сооружений,АЛМАТИНСКАЯ ОБЛАСТЬ,ТАЛГАРСКИЙ РАЙОН
18696518,"Строительство прочих инженерных сооружений, не включенных в другие группировки",true,,,,,,x,846,,,,,,,5,"Строительство прочих инженерных сооружений, не включенных в другие группировки",АЛМАТИНСКАЯ ОБЛАСТЬ,ТАЛГАРСКИЙ РАЙОН
448177,Специализированные строительные работы,false,,700584000,883,2450093000,920,784364000,846,x,1031,65530000,994,18121000,957,2,Строительство,АЛМАТИНСКАЯ ОБЛАСТЬ,ТАЛГАРСКИЙ РАЙОН
448178,"Снос  зданий и сооружений, подготовка строительного участка",false,,x,883,x,920,x,846,x,1031,,,,,3,Специализированные строительные работы,АЛМАТИНСКАЯ ОБЛАСТЬ,ТАЛГАРСКИЙ РАЙОН
448181,Подготовка строительного участка,false,,x,883,x,920,x,846,x,1031,,,,,4,"Снос  зданий и сооружений, подготовка строительного участка",АЛМАТИНСКАЯ ОБЛАСТЬ,ТАЛГАРСКИЙ РАЙОН
448183,Взрывные работы,true,,x,883,x,920,x,846,x,1031,,,,,5,Подготовка строительного участка,АЛМАТИНСКАЯ ОБЛАСТЬ,ТАЛГАРСКИЙ РАЙОН
448187,"Монтаж и установка электрического, водопроводного и прочего оборудования",false,,66842000,883,29207000,920,87473000,846,,,65081000,994,4192000,957,3,Специализированные строительные работы,АЛМАТИНСКАЯ ОБЛАСТЬ,ТАЛГАРСКИЙ РАЙОН
448192,Прочие строительно-монтажные работы,false,,66842000,883,29207000,920,87473000,846,,,65081000,994,4192000,957,4,"Монтаж и установка электрического, водопроводного и прочего оборудования",АЛМАТИНСКАЯ ОБЛАСТЬ,ТАЛГАРСКИЙ РАЙОН
448194,"Прочие строительно-монтажные работы, не включенные в другие группировки",true,,66842000,883,29207000,920,87473000,846,,,65081000,994,4192000,957,5,Прочие строительно-монтажные работы,АЛМАТИНСКАЯ ОБЛАСТЬ,ТАЛГАРСКИЙ РАЙОН
448196,Отделочные работы,false,,x,883,396000,920,,,,,,,,,3,Специализированные строительные работы,АЛМАТИНСКАЯ ОБЛАСТЬ,ТАЛГАРСКИЙ РАЙОН
448201,Покрытие полов и облицовка стен,false,,x,883,396000,920,,,,,,,,,4,Отделочные работы,АЛМАТИНСКАЯ ОБЛАСТЬ,ТАЛГАРСКИЙ РАЙОН
448202,Покрытие полов и облицовка стен,true,,x,883,396000,920,,,,,,,,,5,Покрытие полов и облицовка стен,АЛМАТИНСКАЯ ОБЛАСТЬ,ТАЛГАРСКИЙ РАЙОН
448207,Прочие специализированные строительные работы,false,,,,72042000,920,,,,,449000,994,x,957,3,Специализированные строительные работы,АЛМАТИНСКАЯ ОБЛАСТЬ,ТАЛГАРСКИЙ РАЙОН
448210,"Прочие специализированные строительные работы, не включенные в другие группировки",false,,,,72042000,920,,,,,449000,994,x,957,4,Прочие специализированные строительные работы,АЛМАТИНСКАЯ ОБЛАСТЬ,ТАЛГАРСКИЙ РАЙОН
448214,"Прочие строительные работы, требующие специальной квалификации",true,,,,72042000,920,,,,,449000,994,x,957,5,"Прочие специализированные строительные работы, не включенные в другие группировки",АЛМАТИНСКАЯ ОБЛАСТЬ,ТАЛГАРСКИЙ РАЙОН
448215,Оптовая и розничная торговля; ремонт автомобилей и мотоциклов,false,,1582980000,883,1496588000,920,7491489000,846,1782978000,1031,1755630000,994,1331907000,957,1,Всего,АЛМАТИНСКАЯ ОБЛАСТЬ,ТАЛГАРСКИЙ РАЙОН
448216,Оптовая и розничная торговля автомобилями и мотоциклами и их ремонт,false,,294859000,883,542639000,920,6808878000,846,659050000,1031,910302000,994,1098441000,957,2,Оптовая и розничная торговля; ремонт автомобилей и мотоциклов,АЛМАТИНСКАЯ ОБЛАСТЬ,ТАЛГАРСКИЙ РАЙОН
448217,Торговля автомобилями,false,,36112000,883,542639000,920,6187546000,846,484050000,1031,889468000,994,721051000,957,3,Оптовая и розничная торговля автомобилями и мотоциклами и их ремонт,АЛМАТИНСКАЯ ОБЛАСТЬ,ТАЛГАРСКИЙ РАЙОН
448218,Торговля автомобилями и легкими автотранспортными средствами,false,,36112000,883,542639000,920,x,846,484050000,1031,889468000,994,721051000,957,4,Торговля автомобилями,АЛМАТИНСКАЯ ОБЛАСТЬ,ТАЛГАРСКИЙ РАЙОН
448219,Оптовая торговля автомобилями и легкими автотранспортными средствами,true,,x,883,x,920,x,846,,,x,994,x,957,5,Торговля автомобилями и легкими автотранспортными средствами,АЛМАТИНСКАЯ ОБЛАСТЬ,ТАЛГАРСКИЙ РАЙОН
448220,Розничная торговля автомобилями и легкими автотранспортными средствами  в торговых объектах с торговой площадью менее 2000 кв.м,true,,,,,,,,108570000,1031,x,994,,,5,Торговля автомобилями и легкими автотранспортными средствами,АЛМАТИНСКАЯ ОБЛАСТЬ,ТАЛГАРСКИЙ РАЙОН
18951436,Розничная торговля автомобилями и легкими автотранспортными средствами  в торговых объектах с торговой площадью более 2000 кв.м (2000 кв.м и выше),true,,x,883,397612000,920,,,x,1031,x,994,x,957,5,Торговля автомобилями и легкими автотранспортными средствами,АЛМАТИНСКАЯ ОБЛАСТЬ,ТАЛГАРСКИЙ РАЙОН
448221,Торговля прочими автотранспортными средствами,false,,,,,,x,846,,,,,,,4,Торговля автомобилями,АЛМАТИНСКАЯ ОБЛАСТЬ,ТАЛГАРСКИЙ РАЙОН
448223,Розничная торговля прочими автотранспортными средствами в торговых объектах с торговой площадью менее 2000 кв.м,true,,,,,,x,846,,,,,,,5,Торговля прочими автотранспортными средствами,АЛМАТИНСКАЯ ОБЛАСТЬ,ТАЛГАРСКИЙ РАЙОН
448224,Техническое обслуживание и ремонт автомобилей,false,,258747000,883,,,620735000,846,175000000,1031,20756000,994,377390000,957,3,Оптовая и розничная торговля автомобилями и мотоциклами и их ремонт,АЛМАТИНСКАЯ ОБЛАСТЬ,ТАЛГАРСКИЙ РАЙОН
448225,Техническое обслуживание и ремонт автомобилей,false,,258747000,883,,,620735000,846,175000000,1031,20756000,994,377390000,957,4,Техническое обслуживание и ремонт автомобилей,АЛМАТИНСКАЯ ОБЛАСТЬ,ТАЛГАРСКИЙ РАЙОН
448226,Техобслуживание и ремонт автотранспортных средств,true,,,,,,620735000,846,,,,,,,5,Техническое обслуживание и ремонт автомобилей,АЛМАТИНСКАЯ ОБЛАСТЬ,ТАЛГАРСКИЙ РАЙОН
20575904,"Техническое обслуживание и ремонт автомобилей, за исключением произведенных станциями технического обслуживания, находящимися на придорожной полосе",true,,251500000,883,,,,,,,20756000,994,31000000,957,5,Техническое обслуживание и ремонт автомобилей,АЛМАТИНСКАЯ ОБЛАСТЬ,ТАЛГАРСКИЙ РАЙОН
20575905,"Техническое обслуживание и ремонт автомобилей станциями технического обслуживания, находящимися на придорожной полосе ",true,,x,883,,,,,175000000,1031,,,346390000,957,5,Техническое обслуживание и ремонт автомобилей,АЛМАТИНСКАЯ ОБЛАСТЬ,ТАЛГАРСКИЙ РАЙОН
448227,"Торговля автомобильными деталями, узлами и принадлежностями",false,,,,,,x,846,,,78000,994,,,3,Оптовая и розничная торговля автомобилями и мотоциклами и их ремонт,АЛМАТИНСКАЯ ОБЛАСТЬ,ТАЛГАРСКИЙ РАЙОН
448228,"Оптовая торговля автомобильными деталями, узлами и принадлежностями",false,,,,,,x,846,,,78000,994,,,4,"Торговля автомобильными деталями, узлами и принадлежностями",АЛМАТИНСКАЯ ОБЛАСТЬ,ТАЛГАРСКИЙ РАЙОН
448229,"Оптовая торговля автомобильными деталями, узлами и принадлежностями",true,,,,,,x,846,,,78000,994,,,5,"Оптовая торговля автомобильными деталями, узлами и принадлежностями",АЛМАТИНСКАЯ ОБЛАСТЬ,ТАЛГАРСКИЙ РАЙОН
448237,"Оптовая торговля, за исключением торговли автомобилями и мотоциклами",false,,803338000,883,745674000,920,522156000,846,285667000,1031,660075000,994,165488000,957,2,Оптовая и розничная торговля; ремонт автомобилей и мотоциклов,АЛМАТИНСКАЯ ОБЛАСТЬ,ТАЛГАРСКИЙ РАЙОН
448257,Оптовая торговля сельскохозяйственным сырьем и живыми животными,false,,,,,,x,846,,,,,,,3,"Оптовая торговля, за исключением торговли автомобилями и мотоциклами",АЛМАТИНСКАЯ ОБЛАСТЬ,ТАЛГАРСКИЙ РАЙОН
448258,"Оптовая торговля зерном, необработанным табаком, семенами и кормами для животных",false,,,,,,x,846,,,,,,,4,Оптовая торговля сельскохозяйственным сырьем и живыми животными,АЛМАТИНСКАЯ ОБЛАСТЬ,ТАЛГАРСКИЙ РАЙОН
448259,"Оптовая торговля зерном, семенами и кормами для животных",true,,,,,,x,846,,,,,,,5,"Оптовая торговля зерном, необработанным табаком, семенами и кормами для животных",АЛМАТИНСКАЯ ОБЛАСТЬ,ТАЛГАРСКИЙ РАЙОН
448267,"Оптовая торговля продуктами питания, напитками и табачными изделиями",false,,517247000,883,233855000,920,420932000,846,256057000,1031,501044000,994,68576000,957,3,"Оптовая торговля, за исключением торговли автомобилями и мотоциклами",АЛМАТИНСКАЯ ОБЛАСТЬ,ТАЛГАРСКИЙ РАЙОН
448268,Оптовая торговля фруктами и овощами,false,,x,883,x,920,x,846,,,x,994,x,957,4,"Оптовая торговля продуктами питания, напитками и табачными изделиями",АЛМАТИНСКАЯ ОБЛАСТЬ,ТАЛГАРСКИЙ РАЙОН
448269,Оптовая торговля фруктами и овощами,true,,x,883,x,920,x,846,,,x,994,x,957,5,Оптовая торговля фруктами и овощами,АЛМАТИНСКАЯ ОБЛАСТЬ,ТАЛГАРСКИЙ РАЙОН
448270,Оптовая торговля мясом и мясными продуктами,false,,,,,,x,846,,,,,,,4,"Оптовая торговля продуктами питания, напитками и табачными изделиями",АЛМАТИНСКАЯ ОБЛАСТЬ,ТАЛГАРСКИЙ РАЙОН
448271,Оптовая торговля мясом и мясными продуктами,true,,,,,,x,846,,,,,,,5,Оптовая торговля мясом и мясными продуктами,АЛМАТИНСКАЯ ОБЛАСТЬ,ТАЛГАРСКИЙ РАЙОН
448272,"Оптовая торговля молочными продуктами, яйцами и пищевыми маслами и жирами",false,,430345000,883,232070000,920,417669000,846,256057000,1031,480510000,994,66392000,957,4,"Оптовая торговля продуктами питания, напитками и табачными изделиями",АЛМАТИНСКАЯ ОБЛАСТЬ,ТАЛГАРСКИЙ РАЙОН
448273,"Оптовая торговля молочными продуктами, яйцами и пищевыми маслами и жирами",true,,430345000,883,232070000,920,417669000,846,256057000,1031,480510000,994,66392000,957,5,"Оптовая торговля молочными продуктами, яйцами и пищевыми маслами и жирами",АЛМАТИНСКАЯ ОБЛАСТЬ,ТАЛГАРСКИЙ РАЙОН
448285,"Неспециализированная оптовая торговля продуктами питания, напитками и табачными изделиями",false,,,,,,,,,,x,994,,,4,"Оптовая торговля продуктами питания, напитками и табачными изделиями",АЛМАТИНСКАЯ ОБЛАСТЬ,ТАЛГАРСКИЙ РАЙОН
448286,"Неспециализированная оптовая торговля продуктами питания, напитками и табачными изделиями",true,,,,,,,,,,x,994,,,5,"Неспециализированная оптовая торговля продуктами питания, напитками и табачными изделиями",АЛМАТИНСКАЯ ОБЛАСТЬ,ТАЛГАРСКИЙ РАЙОН
448287,Оптовая торговля непродовольственными товарами потребительского назначения,false,,,,,,,,x,1031,30246000,994,,,3,"Оптовая торговля, за исключением торговли автомобилями и мотоциклами",АЛМАТИНСКАЯ ОБЛАСТЬ,ТАЛГАРСКИЙ РАЙОН
448301,Оптовая торговля фармацевтическими товарами,false,,,,,,,,x,1031,x,994,,,4,Оптовая торговля непродовольственными товарами потребительского назначения,АЛМАТИНСКАЯ ОБЛАСТЬ,ТАЛГАРСКИЙ РАЙОН
18946138,"Оптовая торговля фармацевтическими товарами, кроме торговли медицинской техникой и ортопедическими  изделиями",true,,,,,,,,x,1031,x,994,,,5,Оптовая торговля фармацевтическими товарами,АЛМАТИНСКАЯ ОБЛАСТЬ,ТАЛГАРСКИЙ РАЙОН
448307,Оптовая торговля прочими непродовольственными товарами потребительского назначения,false,,,,,,,,,,30018000,994,,,4,Оптовая торговля непродовольственными товарами потребительского назначения,АЛМАТИНСКАЯ ОБЛАСТЬ,ТАЛГАРСКИЙ РАЙОН
448310,"Оптовая торговля прочими непродовольственными товарами потребительского назначения, не включенными в другие группировки",true,,,,,,,,,,30018000,994,,,5,Оптовая торговля прочими непродовольственными товарами потребительского назначения,АЛМАТИНСКАЯ ОБЛАСТЬ,ТАЛГАРСКИЙ РАЙОН
448331,Прочая специализированная оптовая торговля ,false,,285749000,883,423455000,920,x,846,24388000,1031,x,994,32136000,957,3,"Оптовая торговля, за исключением торговли автомобилями и мотоциклами",АЛМАТИНСКАЯ ОБЛАСТЬ,ТАЛГАРСКИЙ РАЙОН
448342,Оптовая торговля металлами и металлическими рудами,false,,,,,,,,24388000,1031,,,x,957,4,Прочая специализированная оптовая торговля ,АЛМАТИНСКАЯ ОБЛАСТЬ,ТАЛГАРСКИЙ РАЙОН
448343,Оптовая торговля рудами черных и цветных металлов,true,,,,,,,,24388000,1031,,,x,957,5,Оптовая торговля металлами и металлическими рудами,АЛМАТИНСКАЯ ОБЛАСТЬ,ТАЛГАРСКИЙ РАЙОН
448347,"Оптовая торговля лесоматериалами, строительными материалами и санитарно-техническим оборудованием",false,,285749000,883,422098000,920,,,,,x,994,30376000,957,4,Прочая специализированная оптовая торговля ,АЛМАТИНСКАЯ ОБЛАСТЬ,ТАЛГАРСКИЙ РАЙОН
448349,"Оптовая торговля цементом, песком и гравием",true,,34214000,883,353041000,920,,,,,x,994,7143000,957,5,"Оптовая торговля лесоматериалами, строительными материалами и санитарно-техническим оборудованием",АЛМАТИНСКАЯ ОБЛАСТЬ,ТАЛГАРСКИЙ РАЙОН
448350,"Оптовая торговля изделиями из бетона, цемента, гипса и аналогичных материалов",true,,x,883,x,920,,,,,,,x,957,5,"Оптовая торговля лесоматериалами, строительными материалами и санитарно-техническим оборудованием",АЛМАТИНСКАЯ ОБЛАСТЬ,ТАЛГАРСКИЙ РАЙОН
448356,"Оптовая торговля скобяными изделиями, водопроводным и отопительным оборудованием и  инвентарем",false,,,,x,920,,,,,,,x,957,4,Прочая специализированная оптовая торговля ,АЛМАТИНСКАЯ ОБЛАСТЬ,ТАЛГАРСКИЙ РАЙОН
448357,"Оптовая торговля скобяными изделиями, водопроводным и отопительным оборудованием и  инвентарем",true,,,,x,920,,,,,,,x,957,5,"Оптовая торговля скобяными изделиями, водопроводным и отопительным оборудованием и  инвентарем",АЛМАТИНСКАЯ ОБЛАСТЬ,ТАЛГАРСКИЙ РАЙОН
448358,Оптовая торговля химической продукцией,false,,,,,,x,846,,,,,,,4,Прочая специализированная оптовая торговля ,АЛМАТИНСКАЯ ОБЛАСТЬ,ТАЛГАРСКИЙ РАЙОН
448359,Оптовая торговля химическими веществами и химическими продуктами,true,,,,,,x,846,,,,,,,5,Оптовая торговля химической продукцией,АЛМАТИНСКАЯ ОБЛАСТЬ,ТАЛГАРСКИЙ РАЙОН
448371,Неспециализированная оптовая торговля,false,,342000,883,88364000,920,96399000,846,4331000,1031,17874000,994,64776000,957,3,"Оптовая торговля, за исключением торговли автомобилями и мотоциклами",АЛМАТИНСКАЯ ОБЛАСТЬ,ТАЛГАРСКИЙ РАЙОН
448372,Неспециализированная оптовая торговля,false,,342000,883,88364000,920,96399000,846,4331000,1031,17874000,994,64776000,957,4,Неспециализированная оптовая торговля,АЛМАТИНСКАЯ ОБЛАСТЬ,ТАЛГАРСКИЙ РАЙОН
448376,Оптовая торговля широким ассортиментом товаров без какой-либо конкретизации,true,,342000,883,88364000,920,96399000,846,4331000,1031,17874000,994,64776000,957,5,Неспециализированная оптовая торговля,АЛМАТИНСКАЯ ОБЛАСТЬ,ТАЛГАРСКИЙ РАЙОН
448377,"Розничная торговля, кроме торговли автомобилями и мотоциклами",false,,484783000,883,208275000,920,160455000,846,838261000,1031,185253000,994,67978000,957,2,Оптовая и розничная торговля; ремонт автомобилей и мотоциклов,АЛМАТИНСКАЯ ОБЛАСТЬ,ТАЛГАРСКИЙ РАЙОН
448378,Розничная торговля в неспециализированных магазинах,false,,92367000,883,147294000,920,78000000,846,17303000,1031,x,994,x,957,3,"Розничная торговля, кроме торговли автомобилями и мотоциклами",АЛМАТИНСКАЯ ОБЛАСТЬ,ТАЛГАРСКИЙ РАЙОН
448379,"Розничная торговля в неспециализированных магазинах преимущественно продуктами питания, напитками и табачными изделиями",false,,92367000,883,117718000,920,78000000,846,,,,,,,4,Розничная торговля в неспециализированных магазинах,АЛМАТИНСКАЯ ОБЛАСТЬ,ТАЛГАРСКИЙ РАЙОН
3647934,"Розничная торговля преимущественно продуктами питания, напитками и табачными изделиями в неспециализированных магазинах, являющихся торговыми объектами, с торговой площадью менее 2000 кв.м ",true,,92367000,883,117718000,920,78000000,846,,,,,,,5,"Розничная торговля в неспециализированных магазинах преимущественно продуктами питания, напитками и табачными изделиями",АЛМАТИНСКАЯ ОБЛАСТЬ,ТАЛГАРСКИЙ РАЙОН
448381,Прочая розничная торговля в неспециализированных магазинах,false,,,,x,920,,,17303000,1031,x,994,x,957,4,Розничная торговля в неспециализированных магазинах,АЛМАТИНСКАЯ ОБЛАСТЬ,ТАЛГАРСКИЙ РАЙОН
3647936,"Прочая розничная торговля в неспециализированных магазинах, являющихся торговыми объектами, с торговой площадью менее 2000 кв.м ",true,,,,x,920,,,17303000,1031,,,x,957,5,Прочая розничная торговля в неспециализированных магазинах,АЛМАТИНСКАЯ ОБЛАСТЬ,ТАЛГАРСКИЙ РАЙОН
3647937,"Прочая розничная торговля в неспециализированных магазинах, являющихся торговыми объектами, с торговой площадью более 2000 кв.м (2000 кв.м и выше)",true,,,,,,,,,,x,994,,,5,Прочая розничная торговля в неспециализированных магазинах,АЛМАТИНСКАЯ ОБЛАСТЬ,ТАЛГАРСКИЙ РАЙОН
448383,"Розничная торговля продуктами питания, напитками и табачными изделиями в специализированных магазинах",false,,,,,,,,735580000,1031,,,,,3,"Розничная торговля, кроме торговли автомобилями и мотоциклами",АЛМАТИНСКАЯ ОБЛАСТЬ,ТАЛГАРСКИЙ РАЙОН
448393,Розничная торговля напитками в специализированных магазинах,false,,,,,,,,735580000,1031,,,,,4,"Розничная торговля продуктами питания, напитками и табачными изделиями в специализированных магазинах",АЛМАТИНСКАЯ ОБЛАСТЬ,ТАЛГАРСКИЙ РАЙОН
3647946,"Розничная торговля напитками в специализированных магазинах, являющихся торговыми объектами, с торговой площадью менее 2000 кв.м",true,,,,,,,,735580000,1031,,,,,5,Розничная торговля напитками в специализированных магазинах,АЛМАТИНСКАЯ ОБЛАСТЬ,ТАЛГАРСКИЙ РАЙОН
448399,Розничная торговля топливом в специализированных магазинах,false,,390706000,883,60770000,920,68626000,846,32557000,1031,55336000,994,61356000,957,3,"Розничная торговля, кроме торговли автомобилями и мотоциклами",АЛМАТИНСКАЯ ОБЛАСТЬ,ТАЛГАРСКИЙ РАЙОН
448400,Розничная торговля топливом в специализированных магазинах,false,,390706000,883,60770000,920,68626000,846,32557000,1031,55336000,994,61356000,957,4,Розничная торговля топливом в специализированных магазинах,АЛМАТИНСКАЯ ОБЛАСТЬ,ТАЛГАРСКИЙ РАЙОН
20576124,"Розничная торговля моторным топливом в специализированных магазинах, за исключением находящихся на придорожной полосе",true,,390706000,883,60770000,920,,,32557000,1031,55336000,994,61356000,957,5,Розничная торговля топливом в специализированных магазинах,АЛМАТИНСКАЯ ОБЛАСТЬ,ТАЛГАРСКИЙ РАЙОН
18951442,Розничная торговля моторным топливом в специализированных магазинах,true,,,,,,68626000,846,,,,,,,5,Розничная торговля топливом в специализированных магазинах,АЛМАТИНСКАЯ ОБЛАСТЬ,ТАЛГАРСКИЙ РАЙОН
448409,Розничная торговля прочими бытовыми товарами в специализированных магазинах ,false,,,,,,x,846,,,,,,,3,"Розничная торговля, кроме торговли автомобилями и мотоциклами",АЛМАТИНСКАЯ ОБЛАСТЬ,ТАЛГАРСКИЙ РАЙОН
448416,Розничная торговля электрическими бытовыми приборами в специализированных магазинах,false,,,,,,x,846,,,,,,,4,Розничная торговля прочими бытовыми товарами в специализированных магазинах ,АЛМАТИНСКАЯ ОБЛАСТЬ,ТАЛГАРСКИЙ РАЙОН
3647962,"Розничная торговля электрическими бытовыми приборами в специализированных магазинах, являющихся торговыми объектами, с торговой площадью менее 2000 кв.м",true,,,,,,x,846,,,,,,,5,Розничная торговля электрическими бытовыми приборами в специализированных магазинах,АЛМАТИНСКАЯ ОБЛАСТЬ,ТАЛГАРСКИЙ РАЙОН
448433,Розничная торговля прочими товарами в специализированных магазинах,false,,x,883,211000,920,12198000,846,43904000,1031,x,994,x,957,3,"Розничная торговля, кроме торговли автомобилями и мотоциклами",АЛМАТИНСКАЯ ОБЛАСТЬ,ТАЛГАРСКИЙ РАЙОН
448434,Розничная торговля одеждой в специализированных магазинах,false,,,,,,,,x,1031,,,,,4,Розничная торговля прочими товарами в специализированных магазинах,АЛМАТИНСКАЯ ОБЛАСТЬ,ТАЛГАРСКИЙ РАЙОН
3647978,"Розничная торговля одеждой, кроме трикотажных и чулочно-носочных изделий, в специализированных магазинах, являющихся торговыми объектами, с торговой площадью более 2000 кв.м (2000 кв.м и выше)",true,,,,,,,,x,1031,,,,,5,Розничная торговля одеждой в специализированных магазинах,АЛМАТИНСКАЯ ОБЛАСТЬ,ТАЛГАРСКИЙ РАЙОН
448437,Розничная торговля обувью и кожаными изделиями в специализированных магазинах,false,,,,x,920,,,,,,,x,957,4,Розничная торговля прочими товарами в специализированных магазинах,АЛМАТИНСКАЯ ОБЛАСТЬ,ТАЛГАРСКИЙ РАЙОН
448438,"Розничная торговля обувью в специализированных магазинах, являющихся торговыми объектами, с торговой площадью менее 2000 кв.м",true,,,,x,920,,,,,,,x,957,5,Розничная торговля обувью и кожаными изделиями в специализированных магазинах,АЛМАТИНСКАЯ ОБЛАСТЬ,ТАЛГАРСКИЙ РАЙОН
448440,Розничная торговля фармацевтическими товарами в специализированных магазинах,false,,,,x,920,,,6368000,1031,,,,,4,Розничная торговля прочими товарами в специализированных магазинах,АЛМАТИНСКАЯ ОБЛАСТЬ,ТАЛГАРСКИЙ РАЙОН
3647981,"Розничная торговля фармацевтическими товарами в специализированных магазинах, являющихся торговыми объектами, с торговой площадью менее 2000 кв.м",true,,,,x,920,,,6368000,1031,,,,,5,Розничная торговля фармацевтическими товарами в специализированных магазинах,АЛМАТИНСКАЯ ОБЛАСТЬ,ТАЛГАРСКИЙ РАЙОН
448450,Розничная торговля часами и ювелирными изделиями в специализированных магазинах,false,,x,883,,,x,846,,,,,,,4,Розничная торговля прочими товарами в специализированных магазинах,АЛМАТИНСКАЯ ОБЛАСТЬ,ТАЛГАРСКИЙ РАЙОН
3647990,"Розничная торговля часами и ювелирными изделиями в специализированных магазинах, являющихся торговыми объектами, с торговой площадью менее 2000 кв.м",true,,x,883,,,x,846,,,,,,,5,Розничная торговля часами и ювелирными изделиями в специализированных магазинах,АЛМАТИНСКАЯ ОБЛАСТЬ,ТАЛГАРСКИЙ РАЙОН
448452,Прочая розничная торговля новыми товарами в специализированных магазинах,false,,,,,,x,846,x,1031,x,994,,,4,Розничная торговля прочими товарами в специализированных магазинах,АЛМАТИНСКАЯ ОБЛАСТЬ,ТАЛГАРСКИЙ РАЙОН
448455,"Прочая розничная торговля в специализированных магазинах, являющихся торговыми объектами, с торговой площадью менее 2000 кв.м",true,,,,,,x,846,x,1031,x,994,,,5,Прочая розничная торговля новыми товарами в специализированных магазинах,АЛМАТИНСКАЯ ОБЛАСТЬ,ТАЛГАРСКИЙ РАЙОН
448468,"Розничная торговля вне магазинов, палаток, киосков или рынков",false,,,,,,,,8917000,1031,98953000,994,x,957,3,"Розничная торговля, кроме торговли автомобилями и мотоциклами",АЛМАТИНСКАЯ ОБЛАСТЬ,ТАЛГАРСКИЙ РАЙОН
448471,"Прочая розничная торговля вне магазинов, палаток, киосков или рынков",false,,,,,,,,8917000,1031,98953000,994,x,957,4,"Розничная торговля вне магазинов, палаток, киосков или рынков",АЛМАТИНСКАЯ ОБЛАСТЬ,ТАЛГАРСКИЙ РАЙОН
448474,Прочая розничная торговля вне магазинов,true,,,,,,,,8917000,1031,98953000,994,x,957,5,"Прочая розничная торговля вне магазинов, палаток, киосков или рынков",АЛМАТИНСКАЯ ОБЛАСТЬ,ТАЛГАРСКИЙ РАЙОН
448475,Транспорт и складирование,false,,15054657000,883,25274836000,920,1794571000,846,39053044000,1031,8898608000,994,20255000000,957,1,Всего,АЛМАТИНСКАЯ ОБЛАСТЬ,ТАЛГАРСКИЙ РАЙОН
448476,Деятельность сухопутного и трубопроводного транспорта ,false,,x,883,258123000,920,246904000,846,29955712000,1031,2465326000,994,767255000,957,2,Транспорт и складирование,АЛМАТИНСКАЯ ОБЛАСТЬ,ТАЛГАРСКИЙ РАЙОН
448477,Деятельность пассажирского железнодорожного транспорта в междугородном сообщении,false,,,,,,,,,,86201000,994,,,3,Деятельность сухопутного и трубопроводного транспорта ,АЛМАТИНСКАЯ ОБЛАСТЬ,ТАЛГАРСКИЙ РАЙОН
448478,Деятельность пассажирского железнодорожного транспорта в междугородном сообщении,false,,,,,,,,,,86201000,994,,,4,Деятельность пассажирского железнодорожного транспорта в междугородном сообщении,АЛМАТИНСКАЯ ОБЛАСТЬ,ТАЛГАРСКИЙ РАЙОН
448479,Деятельность пассажирского железнодорожного транспорта в междугородном сообщении,true,,,,,,,,,,86201000,994,,,5,Деятельность пассажирского железнодорожного транспорта в междугородном сообщении,АЛМАТИНСКАЯ ОБЛАСТЬ,ТАЛГАРСКИЙ РАЙОН
448483,Деятельность прочего пассажирского сухопутного транспорта,false,,,,108040000,920,x,846,172388000,1031,239165000,994,141687000,957,3,Деятельность сухопутного и трубопроводного транспорта ,АЛМАТИНСКАЯ ОБЛАСТЬ,ТАЛГАРСКИЙ РАЙОН
448490,Деятельность такси,false,,,,108040000,920,,,172388000,1031,239165000,994,141687000,957,4,Деятельность прочего пассажирского сухопутного транспорта,АЛМАТИНСКАЯ ОБЛАСТЬ,ТАЛГАРСКИЙ РАЙОН
448491,Деятельность такси,true,,,,108040000,920,,,172388000,1031,239165000,994,141687000,957,5,Деятельность такси,АЛМАТИНСКАЯ ОБЛАСТЬ,ТАЛГАРСКИЙ РАЙОН
448492,"Деятельность прочего пассажирского сухопутного транспорта, не включенного в другие группировки",false,,,,,,x,846,,,,,,,4,Деятельность прочего пассажирского сухопутного транспорта,АЛМАТИНСКАЯ ОБЛАСТЬ,ТАЛГАРСКИЙ РАЙОН
448493,"Деятельность прочего пассажирского сухопутного транспорта, не включенного в другие группировки",true,,,,,,x,846,,,,,,,5,"Деятельность прочего пассажирского сухопутного транспорта, не включенного в другие группировки",АЛМАТИНСКАЯ ОБЛАСТЬ,ТАЛГАРСКИЙ РАЙОН
448494,Деятельность грузового автомобильного транспорта и предоставление услуг по переезду ,false,,x,883,150083000,920,241565000,846,1233846000,1031,1034824000,994,625568000,957,3,Деятельность сухопутного и трубопроводного транспорта ,АЛМАТИНСКАЯ ОБЛАСТЬ,ТАЛГАРСКИЙ РАЙОН
448495,Деятельность грузового автомобильного транспорта,false,,x,883,150083000,920,240967000,846,1233846000,1031,1034824000,994,625568000,957,4,Деятельность грузового автомобильного транспорта и предоставление услуг по переезду ,АЛМАТИНСКАЯ ОБЛАСТЬ,ТАЛГАРСКИЙ РАЙОН
448496,Деятельность грузового автомобильного транспорта,true,,x,883,150083000,920,240967000,846,1233846000,1031,1034824000,994,625568000,957,5,Деятельность грузового автомобильного транспорта,АЛМАТИНСКАЯ ОБЛАСТЬ,ТАЛГАРСКИЙ РАЙОН
448497,Предоставление услуг по переезду,false,,,,,,x,846,,,,,,,4,Деятельность грузового автомобильного транспорта и предоставление услуг по переезду ,АЛМАТИНСКАЯ ОБЛАСТЬ,ТАЛГАРСКИЙ РАЙОН
448498,Предоставление услуг по переезду,true,,,,,,x,846,,,,,,,5,Предоставление услуг по переезду,АЛМАТИНСКАЯ ОБЛАСТЬ,ТАЛГАРСКИЙ РАЙОН
448499,Деятельность трубопроводного транспорта,false,,,,,,,,28549478000,1031,1105136000,994,,,3,Деятельность сухопутного и трубопроводного транспорта ,АЛМАТИНСКАЯ ОБЛАСТЬ,ТАЛГАРСКИЙ РАЙОН
448500,Деятельность трубопроводного транспорта,false,,,,,,,,28549478000,1031,1105136000,994,,,4,Деятельность трубопроводного транспорта,АЛМАТИНСКАЯ ОБЛАСТЬ,ТАЛГАРСКИЙ РАЙОН
448501,Деятельность трубопроводного транспорта,true,,,,,,,,28549478000,1031,1105136000,994,,,5,Деятельность трубопроводного транспорта,АЛМАТИНСКАЯ ОБЛАСТЬ,ТАЛГАРСКИЙ РАЙОН
448516,Деятельность воздушного транспорта ,false,,,,,,,,19135000,1031,27387000,994,,,2,Транспорт и складирование,АЛМАТИНСКАЯ ОБЛАСТЬ,ТАЛГАРСКИЙ РАЙОН
448517,Деятельность воздушного пассажирского транспорта,false,,,,,,,,19135000,1031,27387000,994,,,3,Деятельность воздушного транспорта ,АЛМАТИНСКАЯ ОБЛАСТЬ,ТАЛГАРСКИЙ РАЙОН
448518,Деятельность воздушного пассажирского транспорта,false,,,,,,,,19135000,1031,27387000,994,,,4,Деятельность воздушного пассажирского транспорта,АЛМАТИНСКАЯ ОБЛАСТЬ,ТАЛГАРСКИЙ РАЙОН
448520,"Деятельность  воздушного пассажирского транспорта, не подчиняющегося расписанию",true,,,,,,,,19135000,1031,27387000,994,,,5,Деятельность воздушного пассажирского транспорта,АЛМАТИНСКАЯ ОБЛАСТЬ,ТАЛГАРСКИЙ РАЙОН
448527,Складирование грузов и вспомогательная транспортная деятельность,false,,14458589000,883,25016713000,920,1547667000,846,9078197000,1031,6405895000,994,19487745000,957,2,Транспорт и складирование,АЛМАТИНСКАЯ ОБЛАСТЬ,ТАЛГАРСКИЙ РАЙОН
448528,Складирование и хранение грузов,false,,,,357671000,920,736175000,846,6119148000,1031,,,208116000,957,3,Складирование грузов и вспомогательная транспортная деятельность,АЛМАТИНСКАЯ ОБЛАСТЬ,ТАЛГАРСКИЙ РАЙОН
448529,Складирование и хранение грузов,false,,,,357671000,920,736175000,846,6119148000,1031,,,208116000,957,4,Складирование и хранение грузов,АЛМАТИНСКАЯ ОБЛАСТЬ,ТАЛГАРСКИЙ РАЙОН
448531,"Складирование и хранение непродовольственных товаров, кроме зерна и нефти",true,,,,,,171449000,846,,,,,,,5,Складирование и хранение грузов,АЛМАТИНСКАЯ ОБЛАСТЬ,ТАЛГАРСКИЙ РАЙОН
20576307,"Складирование и хранение продовольственных товаров, кроме овощей и фруктов",true,,,,357671000,920,,,68850000,1031,,,208116000,957,5,Складирование и хранение грузов,АЛМАТИНСКАЯ ОБЛАСТЬ,ТАЛГАРСКИЙ РАЙОН
448532,Складирование и хранение продовольственных товаров,true,,,,,,564726000,846,,,,,,,5,Складирование и хранение грузов,АЛМАТИНСКАЯ ОБЛАСТЬ,ТАЛГАРСКИЙ РАЙОН
20576309,Складирование и хранение овощей и фруктов,true,,,,,,,,676525000,1031,,,,,5,Складирование и хранение грузов,АЛМАТИНСКАЯ ОБЛАСТЬ,ТАЛГАРСКИЙ РАЙОН
448533,Вспомогательная транспортная деятельность,false,,14458589000,883,24659042000,920,811492000,846,2959049000,1031,6405895000,994,19279629000,957,3,Складирование грузов и вспомогательная транспортная деятельность,АЛМАТИНСКАЯ ОБЛАСТЬ,ТАЛГАРСКИЙ РАЙОН
448534,Вспомогательная деятельность сухопутного транспорта,false,,14234795000,883,24647610000,920,805288000,846,2959049000,1031,6405895000,994,19279629000,957,4,Вспомогательная транспортная деятельность,АЛМАТИНСКАЯ ОБЛАСТЬ,ТАЛГАРСКИЙ РАЙОН
448535,Эксплуатация железных дорог,true,,40423000,883,,,x,846,782443000,1031,,,,,5,Вспомогательная деятельность сухопутного транспорта,АЛМАТИНСКАЯ ОБЛАСТЬ,ТАЛГАРСКИЙ РАЙОН
448536,Эксплуатация автомобильных дорог,true,,14194372000,883,24647610000,920,515096000,846,2176606000,1031,6405895000,994,19279629000,957,5,Вспомогательная деятельность сухопутного транспорта,АЛМАТИНСКАЯ ОБЛАСТЬ,ТАЛГАРСКИЙ РАЙОН
448539,Прочая вспомогательная деятельность сухопутного транспорта ,true,,,,,,x,846,,,,,,,5,Вспомогательная деятельность сухопутного транспорта,АЛМАТИНСКАЯ ОБЛАСТЬ,ТАЛГАРСКИЙ РАЙОН
448547,Прочая вспомогательная транспортная деятельность,false,,223794000,883,11432000,920,6204000,846,,,,,,,4,Вспомогательная транспортная деятельность,АЛМАТИНСКАЯ ОБЛАСТЬ,ТАЛГАРСКИЙ РАЙОН
448548,Транспортно-экспедиционные  услуги,true,,223794000,883,x,920,6204000,846,,,,,,,5,Прочая вспомогательная транспортная деятельность,АЛМАТИНСКАЯ ОБЛАСТЬ,ТАЛГАРСКИЙ РАЙОН
448550,Прочая транспортно-экспедиционная деятельность,true,,,,x,920,,,,,,,,,5,Прочая вспомогательная транспортная деятельность,АЛМАТИНСКАЯ ОБЛАСТЬ,ТАЛГАРСКИЙ РАЙОН
448558,Предоставление услуг по проживанию и питанию,false,,1961193000,883,3838190000,920,3598593000,846,35985000,1031,33506000,994,1375215000,957,1,Всего,АЛМАТИНСКАЯ ОБЛАСТЬ,ТАЛГАРСКИЙ РАЙОН
3783427,Предоставление услуг по временному проживанию,false,,1019407000,883,258190000,920,1364925000,846,35985000,1031,33506000,994,586295000,957,2,Предоставление услуг по проживанию и питанию,АЛМАТИНСКАЯ ОБЛАСТЬ,ТАЛГАРСКИЙ РАЙОН
3783428,Предоставление услуг гостиницами и аналогичными местами для проживания,false,,964258000,883,46220000,920,1006411000,846,32659000,1031,33506000,994,586295000,957,3,Предоставление услуг по временному проживанию,АЛМАТИНСКАЯ ОБЛАСТЬ,ТАЛГАРСКИЙ РАЙОН
3783429,Предоставление услуг гостиницами и аналогичными местами для проживания,false,,964258000,883,46220000,920,1006411000,846,32659000,1031,33506000,994,586295000,957,4,Предоставление услуг гостиницами и аналогичными местами для проживания,АЛМАТИНСКАЯ ОБЛАСТЬ,ТАЛГАРСКИЙ РАЙОН
3783430,"Предоставление услуг гостиницами с ресторанами, за исключением гостиниц, находящихся на придорожной полосе",true,,947172000,883,12706000,920,x,846,,,,,,,5,Предоставление услуг гостиницами и аналогичными местами для проживания,АЛМАТИНСКАЯ ОБЛАСТЬ,ТАЛГАРСКИЙ РАЙОН
3783431,"Предоставление услуг гостиницами без ресторанов, за исключением гостиниц, находящихся на придорожной полосе",true,,17086000,883,33514000,920,726411000,846,32659000,1031,33506000,994,586295000,957,5,Предоставление услуг гостиницами и аналогичными местами для проживания,АЛМАТИНСКАЯ ОБЛАСТЬ,ТАЛГАРСКИЙ РАЙОН
3783432,Предоставление жилья на выходные дни и прочие периоды краткосрочного проживания,false,,,,198677000,920,1901000,846,3326000,1031,,,,,3,Предоставление услуг по временному проживанию,АЛМАТИНСКАЯ ОБЛАСТЬ,ТАЛГАРСКИЙ РАЙОН
3783433,Предоставление жилья на выходные дни и прочие периоды краткосрочного проживания,false,,,,198677000,920,1901000,846,3326000,1031,,,,,4,Предоставление жилья на выходные дни и прочие периоды краткосрочного проживания,АЛМАТИНСКАЯ ОБЛАСТЬ,ТАЛГАРСКИЙ РАЙОН
3783434,Предоставление жилья на выходные дни и прочие периоды краткосрочного проживания,true,,,,198677000,920,1901000,846,3326000,1031,,,,,5,Предоставление жилья на выходные дни и прочие периоды краткосрочного проживания,АЛМАТИНСКАЯ ОБЛАСТЬ,ТАЛГАРСКИЙ РАЙОН
3783441,Предоставление услуг прочими местами для проживания,false,,55149000,883,13293000,920,356613000,846,,,,,,,3,Предоставление услуг по временному проживанию,АЛМАТИНСКАЯ ОБЛАСТЬ,ТАЛГАРСКИЙ РАЙОН
3783442,Предоставление услуг прочими местами для проживания,false,,55149000,883,13293000,920,356613000,846,,,,,,,4,Предоставление услуг прочими местами для проживания,АЛМАТИНСКАЯ ОБЛАСТЬ,ТАЛГАРСКИЙ РАЙОН
3783443,Услуги в других видах жилья,true,,,,,,356613000,846,,,,,,,5,Предоставление услуг прочими местами для проживания,АЛМАТИНСКАЯ ОБЛАСТЬ,ТАЛГАРСКИЙ РАЙОН
20576356,Предоставление услуг студенческими общежитиями ,true,,22198000,883,13293000,920,,,,,,,,,5,Предоставление услуг прочими местами для проживания,АЛМАТИНСКАЯ ОБЛАСТЬ,ТАЛГАРСКИЙ РАЙОН
20576357,"Предоставление услуг прочими местами для проживания, не включенными в другие категории",true,,x,883,,,,,,,,,,,5,Предоставление услуг прочими местами для проживания,АЛМАТИНСКАЯ ОБЛАСТЬ,ТАЛГАРСКИЙ РАЙОН
448573,Предоставление услуг по обеспечению питанием и напитками,false,,941786000,883,3580000000,920,2233668000,846,,,,,788920000,957,2,Предоставление услуг по проживанию и питанию,АЛМАТИНСКАЯ ОБЛАСТЬ,ТАЛГАРСКИЙ РАЙОН
448574,Деятельность ресторанов и предоставление услуг по доставке продуктов питания,false,,674500000,883,3580000000,920,1522978000,846,,,,,788920000,957,3,Предоставление услуг по обеспечению питанием и напитками,АЛМАТИНСКАЯ ОБЛАСТЬ,ТАЛГАРСКИЙ РАЙОН
448575,Деятельность ресторанов и предоставление услуг по доставке продуктов питания,false,,674500000,883,3580000000,920,1522978000,846,,,,,788920000,957,4,Деятельность ресторанов и предоставление услуг по доставке продуктов питания,АЛМАТИНСКАЯ ОБЛАСТЬ,ТАЛГАРСКИЙ РАЙОН
448576,Рестораны и услуги по доставке продуктов питания,true,,,,,,1522978000,846,,,,,,,5,Деятельность ресторанов и предоставление услуг по доставке продуктов питания,АЛМАТИНСКАЯ ОБЛАСТЬ,ТАЛГАРСКИЙ РАЙОН
20576362,"Деятельность ресторанов и предоставление услуг по доставке продуктов питания, за исключением деятельности объектов, находящихся на придорожной полосе",true,,674500000,883,3580000000,920,,,,,,,788920000,957,5,Деятельность ресторанов и предоставление услуг по доставке продуктов питания,АЛМАТИНСКАЯ ОБЛАСТЬ,ТАЛГАРСКИЙ РАЙОН
448582,Подача напитков,false,,267286000,883,,,710690000,846,,,,,,,3,Предоставление услуг по обеспечению питанием и напитками,АЛМАТИНСКАЯ ОБЛАСТЬ,ТАЛГАРСКИЙ РАЙОН
448583,Подача напитков,false,,267286000,883,,,710690000,846,,,,,,,4,Подача напитков,АЛМАТИНСКАЯ ОБЛАСТЬ,ТАЛГАРСКИЙ РАЙОН
448584,Подача напитков,true,,267286000,883,,,710690000,846,,,,,,,5,Подача напитков,АЛМАТИНСКАЯ ОБЛАСТЬ,ТАЛГАРСКИЙ РАЙОН
448585,Информация и связь,false,,199426000,883,108372000,920,56448000,846,31813000,1031,31939000,994,26502000,957,1,Всего,АЛМАТИНСКАЯ ОБЛАСТЬ,ТАЛГАРСКИЙ РАЙОН
448623,Телекоммуникации,false,,199426000,883,108372000,920,56448000,846,27827000,1031,31939000,994,26502000,957,2,Информация и связь,АЛМАТИНСКАЯ ОБЛАСТЬ,ТАЛГАРСКИЙ РАЙОН
18696628,Проводная телекоммуникационная связь,false,,94009000,883,43421000,920,240000,846,,,,,17600000,957,3,Телекоммуникации,АЛМАТИНСКАЯ ОБЛАСТЬ,ТАЛГАРСКИЙ РАЙОН
18696629,Проводная телекоммуникационная связь,false,,94009000,883,43421000,920,240000,846,,,,,17600000,957,4,Проводная телекоммуникационная связь,АЛМАТИНСКАЯ ОБЛАСТЬ,ТАЛГАРСКИЙ РАЙОН
18946146,Прочая проводная телекоммуникационная связь,true,,94009000,883,43421000,920,240000,846,,,,,17600000,957,5,Проводная телекоммуникационная связь,АЛМАТИНСКАЯ ОБЛАСТЬ,ТАЛГАРСКИЙ РАЙОН
448627,Беспроводная телекоммуникационная связь,false,,8000,883,4000,920,14065000,846,27827000,1031,31939000,994,8902000,957,3,Телекоммуникации,АЛМАТИНСКАЯ ОБЛАСТЬ,ТАЛГАРСКИЙ РАЙОН
448628,Беспроводная телекоммуникационная связь,false,,8000,883,4000,920,14065000,846,27827000,1031,31939000,994,8902000,957,4,Беспроводная телекоммуникационная связь,АЛМАТИНСКАЯ ОБЛАСТЬ,ТАЛГАРСКИЙ РАЙОН
18946147,Беспроводная телекоммуникационная связь посредством единой транспортной среды,true,,,,,,x,846,,,,,,,5,Беспроводная телекоммуникационная связь,АЛМАТИНСКАЯ ОБЛАСТЬ,ТАЛГАРСКИЙ РАЙОН
18946149,Прочая беспроводная телекоммуникационная связь,true,,8000,883,4000,920,2683000,846,27827000,1031,31939000,994,8902000,957,5,Беспроводная телекоммуникационная связь,АЛМАТИНСКАЯ ОБЛАСТЬ,ТАЛГАРСКИЙ РАЙОН
448633,Прочая деятельность в области телекоммуникаций,false,,105409000,883,x,920,x,846,,,,,,,3,Телекоммуникации,АЛМАТИНСКАЯ ОБЛАСТЬ,ТАЛГАРСКИЙ РАЙОН
448634,Прочая деятельность в области телекоммуникаций,false,,105409000,883,x,920,x,846,,,,,,,4,Прочая деятельность в области телекоммуникаций,АЛМАТИНСКАЯ ОБЛАСТЬ,ТАЛГАРСКИЙ РАЙОН
18946153,Деятельность по распространению телерадиопрограмм  посредством  сети Интернет,true,,6981000,883,,,,,,,,,,,5,Прочая деятельность в области телекоммуникаций,АЛМАТИНСКАЯ ОБЛАСТЬ,ТАЛГАРСКИЙ РАЙОН
18946154,"Прочая деятельность в области телекоммуникаций, не включенная в другие группировки",true,,x,883,x,920,x,846,,,,,,,5,Прочая деятельность в области телекоммуникаций,АЛМАТИНСКАЯ ОБЛАСТЬ,ТАЛГАРСКИЙ РАЙОН
448636,"Компьютерное программирование, консультационные и другие сопутствующие услуги",false,,,,,,,,x,1031,,,,,2,Информация и связь,АЛМАТИНСКАЯ ОБЛАСТЬ,ТАЛГАРСКИЙ РАЙОН
448637,"Компьютерное программирование, консультационные и другие сопутствующие услуги",false,,,,,,,,x,1031,,,,,3,"Компьютерное программирование, консультационные и другие сопутствующие услуги",АЛМАТИНСКАЯ ОБЛАСТЬ,ТАЛГАРСКИЙ РАЙОН
448638,Деятельность в области компьютерного программирования,false,,,,,,,,x,1031,,,,,4,"Компьютерное программирование, консультационные и другие сопутствующие услуги",АЛМАТИНСКАЯ ОБЛАСТЬ,ТАЛГАРСКИЙ РАЙОН
448639,Разработка программного обеспечения,true,,,,,,,,x,1031,,,,,5,Деятельность в области компьютерного программирования,АЛМАТИНСКАЯ ОБЛАСТЬ,ТАЛГАРСКИЙ РАЙОН
448658,Финансовая и страховая деятельность,false,,225000,883,2347000,920,751251000,846,1805000,1031,6262000,994,194000,957,1,Всего,АЛМАТИНСКАЯ ОБЛАСТЬ,ТАЛГАРСКИЙ РАЙОН
448659,"Финансовое посредничество, кроме страхования и пенсионного обеспечения",false,,225000,883,2347000,920,751251000,846,1805000,1031,6262000,994,194000,957,2,Финансовая и страховая деятельность,АЛМАТИНСКАЯ ОБЛАСТЬ,ТАЛГАРСКИЙ РАЙОН
448660,Денежное посредничество,false,,,,,,x,846,,,,,x,957,3,"Финансовое посредничество, кроме страхования и пенсионного обеспечения",АЛМАТИНСКАЯ ОБЛАСТЬ,ТАЛГАРСКИЙ РАЙОН
448663,Прочее денежное посредничество,false,,,,,,x,846,,,,,x,957,4,Денежное посредничество,АЛМАТИНСКАЯ ОБЛАСТЬ,ТАЛГАРСКИЙ РАЙОН
18946163,"Деятельность банков, за исключением, банка, являющегося национальным институтом развития, и его дочерней организации-лизингодателя",true,,,,,,x,846,,,,,,,5,Прочее денежное посредничество,АЛМАТИНСКАЯ ОБЛАСТЬ,ТАЛГАРСКИЙ РАЙОН
448666,Денежное посредничество прочих финансовых учреждений,true,,,,,,,,,,,,x,957,5,Прочее денежное посредничество,АЛМАТИНСКАЯ ОБЛАСТЬ,ТАЛГАРСКИЙ РАЙОН
448673,"Прочее финансовое посредничество, кроме страхования и пенсионного обеспечения",false,,225000,883,2347000,920,747530000,846,1805000,1031,6262000,994,101000,957,3,"Финансовое посредничество, кроме страхования и пенсионного обеспечения",АЛМАТИНСКАЯ ОБЛАСТЬ,ТАЛГАРСКИЙ РАЙОН
448676,Прочие виды кредитования,false,,225000,883,2347000,920,3015000,846,1805000,1031,6262000,994,101000,957,4,"Прочее финансовое посредничество, кроме страхования и пенсионного обеспечения",АЛМАТИНСКАЯ ОБЛАСТЬ,ТАЛГАРСКИЙ РАЙОН
448677,Деятельность ломбардов,true,,225000,883,2224000,920,3006000,846,1298000,1031,5888000,994,,,5,Прочие виды кредитования,АЛМАТИНСКАЯ ОБЛАСТЬ,ТАЛГАРСКИЙ РАЙОН
448678,"Прочие виды кредитования, не включенные в другие группировки",true,,,,123000,920,x,846,507000,1031,374000,994,101000,957,5,Прочие виды кредитования,АЛМАТИНСКАЯ ОБЛАСТЬ,ТАЛГАРСКИЙ РАЙОН
448679,"Прочее финансовое посредничество, кроме страхования и пенсионного обеспечения, не включенное в другие группировки",false,,,,,,x,846,,,,,,,4,"Прочее финансовое посредничество, кроме страхования и пенсионного обеспечения",АЛМАТИНСКАЯ ОБЛАСТЬ,ТАЛГАРСКИЙ РАЙОН
18946169,"Другие финансовые услуги, финансирование в различных отраслях экономики, инвестиционная деятельность",true,,,,,,x,846,,,,,,,5,"Прочее финансовое посредничество, кроме страхования и пенсионного обеспечения, не включенное в другие группировки",АЛМАТИНСКАЯ ОБЛАСТЬ,ТАЛГАРСКИЙ РАЙОН
448714,Операции с недвижимым имуществом,false,,33741701000,883,36106379000,920,32730749000,846,44100637000,1031,51356058000,994,40385777000,957,1,Всего,АЛМАТИНСКАЯ ОБЛАСТЬ,ТАЛГАРСКИЙ РАЙОН
448715,Операции с недвижимым имуществом,false,,33741701000,883,36106379000,920,32730749000,846,44100637000,1031,51356058000,994,40385777000,957,2,Операции с недвижимым имуществом,АЛМАТИНСКАЯ ОБЛАСТЬ,ТАЛГАРСКИЙ РАЙОН
448716,Покупка и продажа собственного недвижимого имущества ,false,,33660537000,883,36103005000,920,32679047000,846,43544998000,1031,51239209000,994,40356749000,957,3,Операции с недвижимым имуществом,АЛМАТИНСКАЯ ОБЛАСТЬ,ТАЛГАРСКИЙ РАЙОН
448717,Покупка и продажа собственного недвижимого имущества ,false,,33660537000,883,36103005000,920,32679047000,846,43544998000,1031,51239209000,994,40356749000,957,4,Покупка и продажа собственного недвижимого имущества ,АЛМАТИНСКАЯ ОБЛАСТЬ,ТАЛГАРСКИЙ РАЙОН
543091,Покупка и продажа многоквартирных и жилых домов (особняков),true,,33555906000,883,36027355000,920,32211897000,846,43349225000,1031,51239209000,994,40356749000,957,5,Покупка и продажа собственного недвижимого имущества ,АЛМАТИНСКАЯ ОБЛАСТЬ,ТАЛГАРСКИЙ РАЙОН
543092,Покупка и продажа прочей недвижимости,true,,104631000,883,75650000,920,467150000,846,x,1031,,,,,5,Покупка и продажа собственного недвижимого имущества ,АЛМАТИНСКАЯ ОБЛАСТЬ,ТАЛГАРСКИЙ РАЙОН
448719,Аренда и управление собственной или арендуемой недвижимостью,false,,81164000,883,3374000,920,51702000,846,555639000,1031,116849000,994,29028000,957,3,Операции с недвижимым имуществом,АЛМАТИНСКАЯ ОБЛАСТЬ,ТАЛГАРСКИЙ РАЙОН
448720,Аренда и управление собственной или арендуемой недвижимостью,false,,81164000,883,3374000,920,51702000,846,555639000,1031,116849000,994,29028000,957,4,Аренда и управление собственной или арендуемой недвижимостью,АЛМАТИНСКАЯ ОБЛАСТЬ,ТАЛГАРСКИЙ РАЙОН
18946171,Аренда и управление собственной недвижимостью,true,,9144000,883,1490000,920,x,846,,,103040000,994,9963000,957,5,Аренда и управление собственной или арендуемой недвижимостью,АЛМАТИНСКАЯ ОБЛАСТЬ,ТАЛГАРСКИЙ РАЙОН
18951451,Аренда (субаренда) и эксплуатация арендуемой недвижимости,true,,x,883,,,,,,,x,994,,,5,Аренда и управление собственной или арендуемой недвижимостью,АЛМАТИНСКАЯ ОБЛАСТЬ,ТАЛГАРСКИЙ РАЙОН
18951452,Аренда и эксплуатация торгового рынка,true,,x,883,x,920,x,846,x,1031,x,994,x,957,5,Аренда и управление собственной или арендуемой недвижимостью,АЛМАТИНСКАЯ ОБЛАСТЬ,ТАЛГАРСКИЙ РАЙОН
448728,"Профессиональная, научная и техническая деятельность",false,,19823000,883,141316000,920,15071000,846,1525000,1031,74446000,994,821000,957,1,Всего,АЛМАТИНСКАЯ ОБЛАСТЬ,ТАЛГАРСКИЙ РАЙОН
448729,Деятельность в области права и бухгалтерского учета,false,,x,883,x,920,,,1525000,1031,400000,994,821000,957,2,"Профессиональная, научная и техническая деятельность",АЛМАТИНСКАЯ ОБЛАСТЬ,ТАЛГАРСКИЙ РАЙОН
448735,Деятельность в области бухгалтерского учета и аудита; консультирование по налогообложению,false,,x,883,x,920,,,1525000,1031,400000,994,821000,957,3,Деятельность в области права и бухгалтерского учета,АЛМАТИНСКАЯ ОБЛАСТЬ,ТАЛГАРСКИЙ РАЙОН
448736,Деятельность в области бухгалтерского учета и аудита; консультирование по налогообложению,false,,x,883,x,920,,,1525000,1031,400000,994,821000,957,4,Деятельность в области бухгалтерского учета и аудита; консультирование по налогообложению,АЛМАТИНСКАЯ ОБЛАСТЬ,ТАЛГАРСКИЙ РАЙОН
19197019,Деятельность в области составления счетов и бухгалтерского учета,true,,x,883,x,920,,,1525000,1031,400000,994,x,957,5,Деятельность в области бухгалтерского учета и аудита; консультирование по налогообложению,АЛМАТИНСКАЯ ОБЛАСТЬ,ТАЛГАРСКИЙ РАЙОН
19197022,Консультирование в области налогообложения,true,,,,,,,,,,,,x,957,5,Деятельность в области бухгалтерского учета и аудита; консультирование по налогообложению,АЛМАТИНСКАЯ ОБЛАСТЬ,ТАЛГАРСКИЙ РАЙОН
448738,Деятельность головных компаний; консультирование по вопросам управления ,false,,x,883,x,920,,,,,x,994,,,2,"Профессиональная, научная и техническая деятельность",АЛМАТИНСКАЯ ОБЛАСТЬ,ТАЛГАРСКИЙ РАЙОН
448739,Деятельность головных компаний,false,,x,883,x,920,,,,,x,994,,,3,Деятельность головных компаний; консультирование по вопросам управления ,АЛМАТИНСКАЯ ОБЛАСТЬ,ТАЛГАРСКИЙ РАЙОН
448740,Деятельность головных компаний,false,,x,883,x,920,,,,,x,994,,,4,Деятельность головных компаний,АЛМАТИНСКАЯ ОБЛАСТЬ,ТАЛГАРСКИЙ РАЙОН
18946176,Деятельность прочих головных компаний,true,,x,883,x,920,,,,,x,994,,,5,Деятельность головных компаний,АЛМАТИНСКАЯ ОБЛАСТЬ,ТАЛГАРСКИЙ РАЙОН
448747,"Деятельность в области архитектуры, инженерных изысканий, технических испытаний и анализа",false,,2876000,883,15628000,920,9986000,846,,,x,994,,,2,"Профессиональная, научная и техническая деятельность",АЛМАТИНСКАЯ ОБЛАСТЬ,ТАЛГАРСКИЙ РАЙОН
448748,"Деятельность в области архитектуры, инженерных изысканий и предоставление технических консультаций в этих областях",false,,2876000,883,15628000,920,9986000,846,,,x,994,,,3,"Деятельность в области архитектуры, инженерных изысканий, технических испытаний и анализа",АЛМАТИНСКАЯ ОБЛАСТЬ,ТАЛГАРСКИЙ РАЙОН
448749,Деятельность в области архитектуры,false,,,,12429000,920,x,846,,,,,,,4,"Деятельность в области архитектуры, инженерных изысканий и предоставление технических консультаций в этих областях",АЛМАТИНСКАЯ ОБЛАСТЬ,ТАЛГАРСКИЙ РАЙОН
18951461,Деятельность в области архитектуры для объектов атомной промышленности и атомной энергетики,true,,,,x,920,,,,,,,,,5,Деятельность в области архитектуры,АЛМАТИНСКАЯ ОБЛАСТЬ,ТАЛГАРСКИЙ РАЙОН
18951462,"Деятельность в области архитектуры, за исключением объектов атомной промышленности и атомной энергетики  ",true,,,,x,920,x,846,,,,,,,5,Деятельность в области архитектуры,АЛМАТИНСКАЯ ОБЛАСТЬ,ТАЛГАРСКИЙ РАЙОН
448751,Деятельность в области инженерных изысканий и предоставление технических консультаций в этой области,false,,2876000,883,3199000,920,3681000,846,,,x,994,,,4,"Деятельность в области архитектуры, инженерных изысканий и предоставление технических консультаций в этих областях",АЛМАТИНСКАЯ ОБЛАСТЬ,ТАЛГАРСКИЙ РАЙОН
18951463,"Деятельность в области инженерно-технического проектирования, за исключением объектов атомной промышленности и атомной энергетики",true,,x,883,850000,920,x,846,,,x,994,,,5,Деятельность в области инженерных изысканий и предоставление технических консультаций в этой области,АЛМАТИНСКАЯ ОБЛАСТЬ,ТАЛГАРСКИЙ РАЙОН
448754,Геодезическая деятельность,true,,x,883,2349000,920,x,846,,,,,,,5,Деятельность в области инженерных изысканий и предоставление технических консультаций в этой области,АЛМАТИНСКАЯ ОБЛАСТЬ,ТАЛГАРСКИЙ РАЙОН
448755,Землеустройство,true,,,,,,x,846,,,,,,,5,Деятельность в области инженерных изысканий и предоставление технических консультаций в этой области,АЛМАТИНСКАЯ ОБЛАСТЬ,ТАЛГАРСКИЙ РАЙОН
448761,Научные исследования и разработки,false,,,,,,x,846,,,,,,,2,"Профессиональная, научная и техническая деятельность",АЛМАТИНСКАЯ ОБЛАСТЬ,ТАЛГАРСКИЙ РАЙОН
448762,Научные исследования и экспериментальные разработки в области естественных и технических наук ,false,,,,,,x,846,,,,,,,3,Научные исследования и разработки,АЛМАТИНСКАЯ ОБЛАСТЬ,ТАЛГАРСКИЙ РАЙОН
448765,Прочие научные исследования и экспериментальные разработки в области естественных и технических наук ,false,,,,,,x,846,,,,,,,4,Научные исследования и экспериментальные разработки в области естественных и технических наук ,АЛМАТИНСКАЯ ОБЛАСТЬ,ТАЛГАРСКИЙ РАЙОН
18946183,"Научно-исследовательские, опытно-методические и опытно-конструкторские работы в геологической отрасли",true,,,,,,x,846,,,,,,,5,Прочие научные исследования и экспериментальные разработки в области естественных и технических наук ,АЛМАТИНСКАЯ ОБЛАСТЬ,ТАЛГАРСКИЙ РАЙОН
448770,Рекламная деятельность и исследование конъюнктуры рынка,false,,,,,,x,846,,,,,,,2,"Профессиональная, научная и техническая деятельность",АЛМАТИНСКАЯ ОБЛАСТЬ,ТАЛГАРСКИЙ РАЙОН
448771,Рекламная деятельность,false,,,,,,x,846,,,,,,,3,Рекламная деятельность и исследование конъюнктуры рынка,АЛМАТИНСКАЯ ОБЛАСТЬ,ТАЛГАРСКИЙ РАЙОН
448772,Деятельность рекламных агентств,false,,,,,,x,846,,,,,,,4,Рекламная деятельность,АЛМАТИНСКАЯ ОБЛАСТЬ,ТАЛГАРСКИЙ РАЙОН
448773,Деятельность рекламных агентств,true,,,,,,x,846,,,,,,,5,Деятельность рекламных агентств,АЛМАТИНСКАЯ ОБЛАСТЬ,ТАЛГАРСКИЙ РАЙОН
448779,"Прочая профессиональная, научная и техническая деятельность",false,,,,,,,,,,x,994,,,2,"Профессиональная, научная и техническая деятельность",АЛМАТИНСКАЯ ОБЛАСТЬ,ТАЛГАРСКИЙ РАЙОН
448789,"Прочая профессиональная, научная и техническая деятельность, не включенная в другие группировки",false,,,,,,,,,,x,994,,,3,"Прочая профессиональная, научная и техническая деятельность",АЛМАТИНСКАЯ ОБЛАСТЬ,ТАЛГАРСКИЙ РАЙОН
448790,"Прочая профессиональная, научная и техническая деятельность, не включенная в другие группировки",false,,,,,,,,,,x,994,,,4,"Прочая профессиональная, научная и техническая деятельность, не включенная в другие группировки",АЛМАТИНСКАЯ ОБЛАСТЬ,ТАЛГАРСКИЙ РАЙОН
448792,"Иная профессиональная, научная и техническая деятельность, не включенная в другие группировки",true,,,,,,,,,,x,994,,,5,"Прочая профессиональная, научная и техническая деятельность, не включенная в другие группировки",АЛМАТИНСКАЯ ОБЛАСТЬ,ТАЛГАРСКИЙ РАЙОН
448797,Деятельность в области административного и вспомогательного обслуживания,false,,2347639000,883,495143000,920,235996000,846,336491000,1031,24585000,994,445168000,957,1,Всего,АЛМАТИНСКАЯ ОБЛАСТЬ,ТАЛГАРСКИЙ РАЙОН
448798,"Аренда, прокат и лизинг",false,,x,883,,,2589000,846,,,,,,,2,Деятельность в области административного и вспомогательного обслуживания,АЛМАТИНСКАЯ ОБЛАСТЬ,ТАЛГАРСКИЙ РАЙОН
448799,Аренда и лизинг автомобилей ,false,,,,,,x,846,,,,,,,3,"Аренда, прокат и лизинг",АЛМАТИНСКАЯ ОБЛАСТЬ,ТАЛГАРСКИЙ РАЙОН
448800,Аренда и лизинг легковых автомобилей и легких автотранспортных средств,false,,,,,,x,846,,,,,,,4,Аренда и лизинг автомобилей ,АЛМАТИНСКАЯ ОБЛАСТЬ,ТАЛГАРСКИЙ РАЙОН
543075,Аренда легковых автомобилей и легких автотранспортных средств,true,,,,,,x,846,,,,,,,5,Аренда и лизинг легковых автомобилей и легких автотранспортных средств,АЛМАТИНСКАЯ ОБЛАСТЬ,ТАЛГАРСКИЙ РАЙОН
448811,"Аренда и лизинг прочих машин, оборудования и материальных активов",false,,x,883,,,x,846,,,,,,,3,"Аренда, прокат и лизинг",АЛМАТИНСКАЯ ОБЛАСТЬ,ТАЛГАРСКИЙ РАЙОН
448814,Аренда и лизинг строительных машин и оборудования ,false,,x,883,,,x,846,,,,,,,4,"Аренда и лизинг прочих машин, оборудования и материальных активов",АЛМАТИНСКАЯ ОБЛАСТЬ,ТАЛГАРСКИЙ РАЙОН
543081,Аренда строительных машин и оборудования ,true,,x,883,,,x,846,,,,,,,5,Аренда и лизинг строительных машин и оборудования ,АЛМАТИНСКАЯ ОБЛАСТЬ,ТАЛГАРСКИЙ РАЙОН
448846,Деятельность по обеспечению безопасности и проведению расследований,false,,,,1772000,920,,,,,,,,,2,Деятельность в области административного и вспомогательного обслуживания,АЛМАТИНСКАЯ ОБЛАСТЬ,ТАЛГАРСКИЙ РАЙОН
448850,Деятельность в области систем обеспечения безопасности,false,,,,1772000,920,,,,,,,,,3,Деятельность по обеспечению безопасности и проведению расследований,АЛМАТИНСКАЯ ОБЛАСТЬ,ТАЛГАРСКИЙ РАЙОН
448851,Деятельность в области систем обеспечения безопасности,false,,,,1772000,920,,,,,,,,,4,Деятельность в области систем обеспечения безопасности,АЛМАТИНСКАЯ ОБЛАСТЬ,ТАЛГАРСКИЙ РАЙОН
448852,Деятельность в области систем обеспечения безопасности,true,,,,1772000,920,,,,,,,,,5,Деятельность в области систем обеспечения безопасности,АЛМАТИНСКАЯ ОБЛАСТЬ,ТАЛГАРСКИЙ РАЙОН
448856,Деятельность по обслуживанию зданий и благоустройству территорий,false,,2330923000,883,493371000,920,233407000,846,211491000,1031,24585000,994,445168000,957,2,Деятельность в области административного и вспомогательного обслуживания,АЛМАТИНСКАЯ ОБЛАСТЬ,ТАЛГАРСКИЙ РАЙОН
448857,Комплексное обслуживание объектов,false,,,,,,,,120000000,1031,,,x,957,3,Деятельность по обслуживанию зданий и благоустройству территорий,АЛМАТИНСКАЯ ОБЛАСТЬ,ТАЛГАРСКИЙ РАЙОН
448858,Комплексное обслуживание объектов,false,,,,,,,,120000000,1031,,,x,957,4,Комплексное обслуживание объектов,АЛМАТИНСКАЯ ОБЛАСТЬ,ТАЛГАРСКИЙ РАЙОН
448859,Комплексное обслуживание объектов,true,,,,,,,,,,,,x,957,5,Комплексное обслуживание объектов,АЛМАТИНСКАЯ ОБЛАСТЬ,ТАЛГАРСКИЙ РАЙОН
448860,Деятельность по уборке,false,,,,,,,,x,1031,,,,,3,Деятельность по обслуживанию зданий и благоустройству территорий,АЛМАТИНСКАЯ ОБЛАСТЬ,ТАЛГАРСКИЙ РАЙОН
448861,Общая уборка зданий,true,,,,,,,,x,1031,,,,,4,Деятельность по уборке,АЛМАТИНСКАЯ ОБЛАСТЬ,ТАЛГАРСКИЙ РАЙОН
448867,Деятельность по благоустройству территорий,false,,2330923000,883,493371000,920,233407000,846,,,24585000,994,396871000,957,3,Деятельность по обслуживанию зданий и благоустройству территорий,АЛМАТИНСКАЯ ОБЛАСТЬ,ТАЛГАРСКИЙ РАЙОН
448868,Деятельность по благоустройству территорий,false,,2330923000,883,493371000,920,233407000,846,,,24585000,994,396871000,957,4,Деятельность по благоустройству территорий,АЛМАТИНСКАЯ ОБЛАСТЬ,ТАЛГАРСКИЙ РАЙОН
448869,Деятельность по благоустройству территорий,true,,2330923000,883,493371000,920,233407000,846,,,24585000,994,396871000,957,5,Деятельность по благоустройству территорий,АЛМАТИНСКАЯ ОБЛАСТЬ,ТАЛГАРСКИЙ РАЙОН
448870,"Деятельность в области офисного административного и вспомогательного обслуживания, направленная на поддержание коммерческой деятельности",false,,,,,,,,125000000,1031,,,,,2,Деятельность в области административного и вспомогательного обслуживания,АЛМАТИНСКАЯ ОБЛАСТЬ,ТАЛГАРСКИЙ РАЙОН
448871,Деятельность в области офисного административного и вспомогательного обслуживания,false,,,,,,,,125000000,1031,,,,,3,"Деятельность в области офисного административного и вспомогательного обслуживания, направленная на поддержание коммерческой деятельности",АЛМАТИНСКАЯ ОБЛАСТЬ,ТАЛГАРСКИЙ РАЙОН
448872,Деятельность по предоставлению комплексных офисных административных услуг,false,,,,,,,,125000000,1031,,,,,4,Деятельность в области офисного административного и вспомогательного обслуживания,АЛМАТИНСКАЯ ОБЛАСТЬ,ТАЛГАРСКИЙ РАЙОН
448873,Деятельность по предоставлению комплексных офисных административных услуг,true,,,,,,,,125000000,1031,,,,,5,Деятельность по предоставлению комплексных офисных административных услуг,АЛМАТИНСКАЯ ОБЛАСТЬ,ТАЛГАРСКИЙ РАЙОН
448889,Государственное управление и оборона; обязательное  социальное обеспечение,false,,414903000,883,762549000,920,91784000,846,880420000,1031,595672000,994,129454000,957,1,Всего,АЛМАТИНСКАЯ ОБЛАСТЬ,ТАЛГАРСКИЙ РАЙОН
448890,Государственное управление и оборона; обязательное социальное обеспечение,false,,414903000,883,762549000,920,91784000,846,880420000,1031,595672000,994,129454000,957,2,Государственное управление и оборона; обязательное  социальное обеспечение,АЛМАТИНСКАЯ ОБЛАСТЬ,ТАЛГАРСКИЙ РАЙОН
448891,Государственное управление общего характера и управление социально-экономическое политикой общества,false,,40155000,883,253187000,920,86784000,846,880420000,1031,77110000,994,119561000,957,3,Государственное управление и оборона; обязательное социальное обеспечение,АЛМАТИНСКАЯ ОБЛАСТЬ,ТАЛГАРСКИЙ РАЙОН
448892,Государственное управление общего характера,false,,40155000,883,253187000,920,86784000,846,,,12815000,994,22616000,957,4,Государственное управление общего характера и управление социально-экономическое политикой общества,АЛМАТИНСКАЯ ОБЛАСТЬ,ТАЛГАРСКИЙ РАЙОН
448895,Деятельность местных органов управления,true,,40155000,883,20187000,920,86784000,846,,,12815000,994,10578000,957,5,Государственное управление общего характера,АЛМАТИНСКАЯ ОБЛАСТЬ,ТАЛГАРСКИЙ РАЙОН
448896,Деятельность сельских и поселковых органов управления,true,,,,233000000,920,,,,,,,12038000,957,5,Государственное управление общего характера,АЛМАТИНСКАЯ ОБЛАСТЬ,ТАЛГАРСКИЙ РАЙОН
448902,Регулирование и содействие эффективному ведению экономической деятельности,false,,,,,,,,880420000,1031,64295000,994,96945000,957,4,Государственное управление общего характера и управление социально-экономическое политикой общества,АЛМАТИНСКАЯ ОБЛАСТЬ,ТАЛГАРСКИЙ РАЙОН
448903,Регулирование и содействие эффективному ведению экономической деятельности,true,,,,,,,,880420000,1031,64295000,994,96945000,957,5,Регулирование и содействие эффективному ведению экономической деятельности,АЛМАТИНСКАЯ ОБЛАСТЬ,ТАЛГАРСКИЙ РАЙОН
448904,Предоставление государством услуг обществу в целом,false,,374748000,883,509362000,920,x,846,,,518562000,994,9893000,957,3,Государственное управление и оборона; обязательное социальное обеспечение,АЛМАТИНСКАЯ ОБЛАСТЬ,ТАЛГАРСКИЙ РАЙОН
448909,Деятельность в области юстиции и правосудия,false,,,,336572000,920,,,,,53771000,994,,,4,Предоставление государством услуг обществу в целом,АЛМАТИНСКАЯ ОБЛАСТЬ,ТАЛГАРСКИЙ РАЙОН
448910,Деятельность в области юстиции и правосудия,true,,,,336572000,920,,,,,53771000,994,,,5,Деятельность в области юстиции и правосудия,АЛМАТИНСКАЯ ОБЛАСТЬ,ТАЛГАРСКИЙ РАЙОН
448911,Деятельность по обеспечению общественного порядка и безопасности,false,,,,,,,,,,234089000,994,4977000,957,4,Предоставление государством услуг обществу в целом,АЛМАТИНСКАЯ ОБЛАСТЬ,ТАЛГАРСКИЙ РАЙОН
448912,Деятельность по обеспечению общественного порядка и безопасности,true,,,,,,,,,,234089000,994,4977000,957,5,Деятельность по обеспечению общественного порядка и безопасности,АЛМАТИНСКАЯ ОБЛАСТЬ,ТАЛГАРСКИЙ РАЙОН
448913,Деятельность по обеспечению безопасности в чрезвычайных ситуациях,false,,374748000,883,172790000,920,x,846,,,230702000,994,4916000,957,4,Предоставление государством услуг обществу в целом,АЛМАТИНСКАЯ ОБЛАСТЬ,ТАЛГАРСКИЙ РАЙОН
448914,Деятельность по обеспечению безопасности в чрезвычайных ситуациях,true,,374748000,883,172790000,920,x,846,,,230702000,994,4916000,957,5,Деятельность по обеспечению безопасности в чрезвычайных ситуациях,АЛМАТИНСКАЯ ОБЛАСТЬ,ТАЛГАРСКИЙ РАЙОН
448918,Образование,false,,3064569000,883,2568700000,920,2669257000,846,14360920000,1031,2325227000,994,2913027000,957,1,Всего,АЛМАТИНСКАЯ ОБЛАСТЬ,ТАЛГАРСКИЙ РАЙОН
448919,Образование,false,,3064569000,883,2568700000,920,2669257000,846,14360920000,1031,2325227000,994,2913027000,957,2,Образование,АЛМАТИНСКАЯ ОБЛАСТЬ,ТАЛГАРСКИЙ РАЙОН
448920,Дошкольное образование,false,,x,883,53665000,920,256590000,846,363322000,1031,401565000,994,6221000,957,3,Образование,АЛМАТИНСКАЯ ОБЛАСТЬ,ТАЛГАРСКИЙ РАЙОН
448921,Дошкольное образование,false,,x,883,53665000,920,256590000,846,363322000,1031,401565000,994,6221000,957,4,Дошкольное образование,АЛМАТИНСКАЯ ОБЛАСТЬ,ТАЛГАРСКИЙ РАЙОН
448922,Дошкольное образование,true,,x,883,53665000,920,256590000,846,363322000,1031,401565000,994,6221000,957,5,Дошкольное образование,АЛМАТИНСКАЯ ОБЛАСТЬ,ТАЛГАРСКИЙ РАЙОН
448926,Среднее образование (2-й и 3-й уровни),false,,3064520000,883,2515035000,920,2412667000,846,13959040000,1031,1852632000,994,2906806000,957,3,Образование,АЛМАТИНСКАЯ ОБЛАСТЬ,ТАЛГАРСКИЙ РАЙОН
448927,Основное и общее среднее образование,false,,3064291000,883,2510380000,920,2404148000,846,13290481000,1031,1836020000,994,2901029000,957,4,Среднее образование (2-й и 3-й уровни),АЛМАТИНСКАЯ ОБЛАСТЬ,ТАЛГАРСКИЙ РАЙОН
448928,Основное и общее среднее образование,true,,3064291000,883,2510380000,920,2404148000,846,13290481000,1031,1836020000,994,2901029000,957,5,Основное и общее среднее образование,АЛМАТИНСКАЯ ОБЛАСТЬ,ТАЛГАРСКИЙ РАЙОН
448929,Техническое и профессиональное среднее образование,false,,229000,883,4655000,920,8519000,846,668559000,1031,16612000,994,5777000,957,4,Среднее образование (2-й и 3-й уровни),АЛМАТИНСКАЯ ОБЛАСТЬ,ТАЛГАРСКИЙ РАЙОН
448930,Профессионально-техническое образование,true,,,,,,7956000,846,633923000,1031,,,,,5,Техническое и профессиональное среднее образование,АЛМАТИНСКАЯ ОБЛАСТЬ,ТАЛГАРСКИЙ РАЙОН
448931,Среднее специальное образование,true,,229000,883,4655000,920,563000,846,34636000,1031,16612000,994,5777000,957,5,Техническое и профессиональное среднее образование,АЛМАТИНСКАЯ ОБЛАСТЬ,ТАЛГАРСКИЙ РАЙОН
448937,Прочие виды образования,false,,,,,,,,38558000,1031,71030000,994,,,3,Образование,АЛМАТИНСКАЯ ОБЛАСТЬ,ТАЛГАРСКИЙ РАЙОН
448938,Образование в области спорта и отдыха,false,,,,,,,,38558000,1031,71030000,994,,,4,Прочие виды образования,АЛМАТИНСКАЯ ОБЛАСТЬ,ТАЛГАРСКИЙ РАЙОН
448939,Образование в области спорта и отдыха,true,,,,,,,,38558000,1031,71030000,994,,,5,Образование в области спорта и отдыха,АЛМАТИНСКАЯ ОБЛАСТЬ,ТАЛГАРСКИЙ РАЙОН
448950,Здравоохранение и социальное обслуживание населения,false,,149685000,883,965828000,920,5855000,846,102268000,1031,336548000,994,149001000,957,1,Всего,АЛМАТИНСКАЯ ОБЛАСТЬ,ТАЛГАРСКИЙ РАЙОН
448951,Деятельность в области здравоохранения,false,,109743000,883,781625000,920,5855000,846,102268000,1031,285495000,994,110055000,957,2,Здравоохранение и социальное обслуживание населения,АЛМАТИНСКАЯ ОБЛАСТЬ,ТАЛГАРСКИЙ РАЙОН
448952,Деятельность больничных организаций,false,,103743000,883,727342000,920,2375000,846,73268000,1031,213669000,994,24069000,957,3,Деятельность в области здравоохранения,АЛМАТИНСКАЯ ОБЛАСТЬ,ТАЛГАРСКИЙ РАЙОН
448953,Деятельность больничных организаций,false,,103743000,883,727342000,920,2375000,846,73268000,1031,213669000,994,24069000,957,4,Деятельность больничных организаций,АЛМАТИНСКАЯ ОБЛАСТЬ,ТАЛГАРСКИЙ РАЙОН
448954,Деятельность больниц широкого профиля и специализированных больниц,true,,18500000,883,725320000,920,,,73268000,1031,213669000,994,23289000,957,5,Деятельность больничных организаций,АЛМАТИНСКАЯ ОБЛАСТЬ,ТАЛГАРСКИЙ РАЙОН
448955,Деятельность родильных домов,true,,,,,,,,,,,,780000,957,5,Деятельность больничных организаций,АЛМАТИНСКАЯ ОБЛАСТЬ,ТАЛГАРСКИЙ РАЙОН
18703670,Деятельность санаторно-курортных организаций,true,,85000000,883,,,,,,,,,,,5,Деятельность больничных организаций,АЛМАТИНСКАЯ ОБЛАСТЬ,ТАЛГАРСКИЙ РАЙОН
448958,"Деятельность других лечебных учреждений, имеющих стационары",true,,243000,883,2022000,920,2375000,846,,,,,,,5,Деятельность больничных организаций,АЛМАТИНСКАЯ ОБЛАСТЬ,ТАЛГАРСКИЙ РАЙОН
448959,Деятельность в области врачебной практики и стоматологии,false,,6000000,883,6150000,920,3480000,846,29000000,1031,45000000,994,85986000,957,3,Деятельность в области здравоохранения,АЛМАТИНСКАЯ ОБЛАСТЬ,ТАЛГАРСКИЙ РАЙОН
448960,Общая врачебная практика,false,,,,5000000,920,,,,,,,34321000,957,4,Деятельность в области врачебной практики и стоматологии,АЛМАТИНСКАЯ ОБЛАСТЬ,ТАЛГАРСКИЙ РАЙОН
448961,Общая врачебная практика,true,,,,5000000,920,,,,,,,34321000,957,5,Общая врачебная практика,АЛМАТИНСКАЯ ОБЛАСТЬ,ТАЛГАРСКИЙ РАЙОН
448962,Специальная врачебная практика,false,,,,,,,,,,,,6240000,957,4,Деятельность в области врачебной практики и стоматологии,АЛМАТИНСКАЯ ОБЛАСТЬ,ТАЛГАРСКИЙ РАЙОН
448963,Специальная врачебная практика,true,,,,,,,,,,,,6240000,957,5,Специальная врачебная практика,АЛМАТИНСКАЯ ОБЛАСТЬ,ТАЛГАРСКИЙ РАЙОН
448964,Стоматологическая деятельность,false,,6000000,883,1150000,920,3480000,846,29000000,1031,45000000,994,45425000,957,4,Деятельность в области врачебной практики и стоматологии,АЛМАТИНСКАЯ ОБЛАСТЬ,ТАЛГАРСКИЙ РАЙОН
448965,Стоматологическая деятельность,true,,6000000,883,1150000,920,3480000,846,29000000,1031,45000000,994,45425000,957,5,Стоматологическая деятельность,АЛМАТИНСКАЯ ОБЛАСТЬ,ТАЛГАРСКИЙ РАЙОН
448966,Прочая деятельность в области здравоохранения ,false,,,,x,920,,,,,26826000,994,,,3,Деятельность в области здравоохранения,АЛМАТИНСКАЯ ОБЛАСТЬ,ТАЛГАРСКИЙ РАЙОН
448967,Прочая деятельность в области здравоохранения ,false,,,,x,920,,,,,26826000,994,,,4,Прочая деятельность в области здравоохранения ,АЛМАТИНСКАЯ ОБЛАСТЬ,ТАЛГАРСКИЙ РАЙОН
448968,Прочая деятельность в области здравоохранения ,true,,,,x,920,,,,,26826000,994,,,5,Прочая деятельность в области здравоохранения ,АЛМАТИНСКАЯ ОБЛАСТЬ,ТАЛГАРСКИЙ РАЙОН
448969,Предоставление социальных услуг с обеспечением проживания,false,,,,,,,,,,51053000,994,,,2,Здравоохранение и социальное обслуживание населения,АЛМАТИНСКАЯ ОБЛАСТЬ,ТАЛГАРСКИЙ РАЙОН
448973,"Предоставление социальных услуг с обеспечением проживания лицам, страдающим психическими расстройствами (заболеваниями), с умственными и физическими недостатками, алкогольной или наркотической зависимостью",false,,,,,,,,,,51053000,994,,,3,Предоставление социальных услуг с обеспечением проживания,АЛМАТИНСКАЯ ОБЛАСТЬ,ТАЛГАРСКИЙ РАЙОН
448974,"Предоставление социальных услуг с обеспечением проживания лицам, страдающим психическими расстройствами (заболеваниями), с умственными и физическими недостатками, алкогольной или наркотической зависимостью",false,,,,,,,,,,51053000,994,,,4,"Предоставление социальных услуг с обеспечением проживания лицам, страдающим психическими расстройствами (заболеваниями), с умственными и физическими недостатками, алкогольной или наркотической зависимостью",АЛМАТИНСКАЯ ОБЛАСТЬ,ТАЛГАРСКИЙ РАЙОН
448975,"Предоставление социальных услуг с обеспечением проживания лицам, страдающим психическими расстройствами (заболеваниями), с умственными и физическими недостатками, алкогольной или наркотической зависимостью",true,,,,,,,,,,51053000,994,,,5,"Предоставление социальных услуг с обеспечением проживания лицам, страдающим психическими расстройствами (заболеваниями), с умственными и физическими недостатками, алкогольной или наркотической зависимостью",АЛМАТИНСКАЯ ОБЛАСТЬ,ТАЛГАРСКИЙ РАЙОН
448982,Предоставление социальных услуг без обеспечения проживания,false,,39942000,883,184203000,920,,,,,,,38946000,957,2,Здравоохранение и социальное обслуживание населения,АЛМАТИНСКАЯ ОБЛАСТЬ,ТАЛГАРСКИЙ РАЙОН
448986,Предоставление прочих социальных услуг без обеспечения проживания,false,,39942000,883,184203000,920,,,,,,,38946000,957,3,Предоставление социальных услуг без обеспечения проживания,АЛМАТИНСКАЯ ОБЛАСТЬ,ТАЛГАРСКИЙ РАЙОН
448987,Дневной уход за детьми,false,,39942000,883,184203000,920,,,,,,,38946000,957,4,Предоставление прочих социальных услуг без обеспечения проживания,АЛМАТИНСКАЯ ОБЛАСТЬ,ТАЛГАРСКИЙ РАЙОН
448988,Дневной уход за детьми,true,,39942000,883,184203000,920,,,,,,,38946000,957,5,Дневной уход за детьми,АЛМАТИНСКАЯ ОБЛАСТЬ,ТАЛГАРСКИЙ РАЙОН
448991,"Искусство, развлечения и отдых",false,,4800048000,883,1930020000,920,2685026000,846,1220804000,1031,435606000,994,409304000,957,1,Всего,АЛМАТИНСКАЯ ОБЛАСТЬ,ТАЛГАРСКИЙ РАЙОН
448992,"Деятельность в области творчества, искусства и развлечений",false,,,,,,,,32468000,1031,x,994,,,2,"Искусство, развлечения и отдых",АЛМАТИНСКАЯ ОБЛАСТЬ,ТАЛГАРСКИЙ РАЙОН
448993,"Деятельность в области творчества, искусства и развлечений",false,,,,,,,,32468000,1031,x,994,,,3,"Деятельность в области творчества, искусства и развлечений",АЛМАТИНСКАЯ ОБЛАСТЬ,ТАЛГАРСКИЙ РАЙОН
448994,Артистическая деятельность,false,,,,,,,,10427000,1031,x,994,,,4,"Деятельность в области творчества, искусства и развлечений",АЛМАТИНСКАЯ ОБЛАСТЬ,ТАЛГАРСКИЙ РАЙОН
448996,Концертная деятельность,true,,,,,,,,10427000,1031,x,994,,,5,Артистическая деятельность,АЛМАТИНСКАЯ ОБЛАСТЬ,ТАЛГАРСКИЙ РАЙОН
449000,Художественное и литературное творчество,false,,,,,,,,x,1031,,,,,4,"Деятельность в области творчества, искусства и развлечений",АЛМАТИНСКАЯ ОБЛАСТЬ,ТАЛГАРСКИЙ РАЙОН
449001,Художественное и литературное творчество,true,,,,,,,,x,1031,,,,,5,Художественное и литературное творчество,АЛМАТИНСКАЯ ОБЛАСТЬ,ТАЛГАРСКИЙ РАЙОН
449004,"Деятельность библиотек, архивов, музеев и прочая деятельность в области культуры",false,,,,,,,,60755000,1031,,,,,2,"Искусство, развлечения и отдых",АЛМАТИНСКАЯ ОБЛАСТЬ,ТАЛГАРСКИЙ РАЙОН
449005,"Деятельность библиотек, архивов, музеев и прочая деятельность в области культуры",false,,,,,,,,60755000,1031,,,,,3,"Деятельность библиотек, архивов, музеев и прочая деятельность в области культуры",АЛМАТИНСКАЯ ОБЛАСТЬ,ТАЛГАРСКИЙ РАЙОН
449015,"Деятельность ботанических садов, зоопарков и природных заповедников ",false,,,,,,,,60755000,1031,,,,,4,"Деятельность библиотек, архивов, музеев и прочая деятельность в области культуры",АЛМАТИНСКАЯ ОБЛАСТЬ,ТАЛГАРСКИЙ РАЙОН
449017,"Деятельность природных заповедников, охрана дикой природы",true,,,,,,,,60755000,1031,,,,,5,"Деятельность ботанических садов, зоопарков и природных заповедников ",АЛМАТИНСКАЯ ОБЛАСТЬ,ТАЛГАРСКИЙ РАЙОН
449022,"Деятельность в области спорта, организации отдыха и развлечений",false,,4800048000,883,1930020000,920,2685026000,846,1127581000,1031,358769000,994,409304000,957,2,"Искусство, развлечения и отдых",АЛМАТИНСКАЯ ОБЛАСТЬ,ТАЛГАРСКИЙ РАЙОН
449023,Деятельность в области спорта,false,,152419000,883,,,363647000,846,19876000,1031,39490000,994,,,3,"Деятельность в области спорта, организации отдыха и развлечений",АЛМАТИНСКАЯ ОБЛАСТЬ,ТАЛГАРСКИЙ РАЙОН
449024,Эксплуатация спортивных сооружений,false,,,,,,x,846,,,,,,,4,Деятельность в области спорта,АЛМАТИНСКАЯ ОБЛАСТЬ,ТАЛГАРСКИЙ РАЙОН
449025,Эксплуатация спортивных сооружений,true,,,,,,x,846,,,,,,,5,Эксплуатация спортивных сооружений,АЛМАТИНСКАЯ ОБЛАСТЬ,ТАЛГАРСКИЙ РАЙОН
449026,Деятельность спортивных клубов,false,,117419000,883,,,27647000,846,19876000,1031,,,,,4,Деятельность в области спорта,АЛМАТИНСКАЯ ОБЛАСТЬ,ТАЛГАРСКИЙ РАЙОН
449027,Деятельность спортивных клубов,true,,117419000,883,,,27647000,846,19876000,1031,,,,,5,Деятельность спортивных клубов,АЛМАТИНСКАЯ ОБЛАСТЬ,ТАЛГАРСКИЙ РАЙОН
449028,Деятельность фитнес-клубов,false,,35000000,883,,,15000000,846,,,,,,,4,Деятельность в области спорта,АЛМАТИНСКАЯ ОБЛАСТЬ,ТАЛГАРСКИЙ РАЙОН
449029,Деятельность фитнес-клубов,true,,35000000,883,,,15000000,846,,,,,,,5,Деятельность фитнес-клубов,АЛМАТИНСКАЯ ОБЛАСТЬ,ТАЛГАРСКИЙ РАЙОН
449030,Прочая деятельность в области спорта,false,,,,,,,,,,39490000,994,,,4,Деятельность в области спорта,АЛМАТИНСКАЯ ОБЛАСТЬ,ТАЛГАРСКИЙ РАЙОН
449031,Прочая деятельность в области спорта,true,,,,,,,,,,39490000,994,,,5,Прочая деятельность в области спорта,АЛМАТИНСКАЯ ОБЛАСТЬ,ТАЛГАРСКИЙ РАЙОН
449032,Деятельность по организации отдыха и развлечений,false,,4647629000,883,1930020000,920,2321379000,846,1107705000,1031,319279000,994,409304000,957,3,"Деятельность в области спорта, организации отдыха и развлечений",АЛМАТИНСКАЯ ОБЛАСТЬ,ТАЛГАРСКИЙ РАЙОН
449033,Деятельность развлекательных и тематических парков,false,,,,,,193259000,846,,,,,,,4,Деятельность по организации отдыха и развлечений,АЛМАТИНСКАЯ ОБЛАСТЬ,ТАЛГАРСКИЙ РАЙОН
449034,Деятельность развлекательных и тематических парков,true,,,,,,193259000,846,,,,,,,5,Деятельность развлекательных и тематических парков,АЛМАТИНСКАЯ ОБЛАСТЬ,ТАЛГАРСКИЙ РАЙОН
449035,Прочая деятельность по организации отдыха и развлечений,false,,4647629000,883,1930020000,920,2128120000,846,1107705000,1031,319279000,994,409304000,957,4,Деятельность по организации отдыха и развлечений,АЛМАТИНСКАЯ ОБЛАСТЬ,ТАЛГАРСКИЙ РАЙОН
449039,Прочие виды деятельности по организации отдыха и развлечений,true,,4647629000,883,1930020000,920,2128120000,846,1107705000,1031,319279000,994,409304000,957,5,Прочая деятельность по организации отдыха и развлечений,АЛМАТИНСКАЯ ОБЛАСТЬ,ТАЛГАРСКИЙ РАЙОН
449040,Предоставление прочих видов услуг,false,,55000000,883,,,x,846,x,1031,x,994,39324000,957,1,Всего,АЛМАТИНСКАЯ ОБЛАСТЬ,ТАЛГАРСКИЙ РАЙОН
449041,Деятельность общественных объединений (организаций),false,,,,,,,,x,1031,,,,,2,Предоставление прочих видов услуг,АЛМАТИНСКАЯ ОБЛАСТЬ,ТАЛГАРСКИЙ РАЙОН
449050,Деятельность прочих общественных  объединений,false,,,,,,,,x,1031,,,,,3,Деятельность общественных объединений (организаций),АЛМАТИНСКАЯ ОБЛАСТЬ,ТАЛГАРСКИЙ РАЙОН
449055,"Деятельность прочих общественных организаций, не включенных в другие группировки",false,,,,,,,,x,1031,,,,,4,Деятельность прочих общественных  объединений,АЛМАТИНСКАЯ ОБЛАСТЬ,ТАЛГАРСКИЙ РАЙОН
449056,"Деятельность прочих общественных организаций, не включенных в другие группировки",true,,,,,,,,x,1031,,,,,5,"Деятельность прочих общественных организаций, не включенных в другие группировки",АЛМАТИНСКАЯ ОБЛАСТЬ,ТАЛГАРСКИЙ РАЙОН
449084,Предоставление прочих индивидуальных услуг,false,,55000000,883,,,x,846,,,x,994,39324000,957,2,Предоставление прочих видов услуг,АЛМАТИНСКАЯ ОБЛАСТЬ,ТАЛГАРСКИЙ РАЙОН
449085,Предоставление прочих индивидуальных услуг,false,,55000000,883,,,x,846,,,x,994,39324000,957,3,Предоставление прочих индивидуальных услуг,АЛМАТИНСКАЯ ОБЛАСТЬ,ТАЛГАРСКИЙ РАЙОН
449086,Стирка и (химическая) чистка текстильных и меховых изделий ,false,,5000000,883,,,,,,,,,,,4,Предоставление прочих индивидуальных услуг,АЛМАТИНСКАЯ ОБЛАСТЬ,ТАЛГАРСКИЙ РАЙОН
449088,Химическая чистка и крашение,true,,5000000,883,,,,,,,,,,,5,Стирка и (химическая) чистка текстильных и меховых изделий ,АЛМАТИНСКАЯ ОБЛАСТЬ,ТАЛГАРСКИЙ РАЙОН
449093,Деятельность по обеспечению физического комфорта,false,,50000000,883,,,,,,,,,,,4,Предоставление прочих индивидуальных услуг,АЛМАТИНСКАЯ ОБЛАСТЬ,ТАЛГАРСКИЙ РАЙОН
449094,Деятельность по обеспечению физического комфорта,true,,50000000,883,,,,,,,,,,,5,Деятельность по обеспечению физического комфорта,АЛМАТИНСКАЯ ОБЛАСТЬ,ТАЛГАРСКИЙ РАЙОН
449095,"Предоставление прочих индивидуальных услуг, не включенных в другие группировки",false,,,,,,x,846,,,x,994,39324000,957,4,Предоставление прочих индивидуальных услуг,АЛМАТИНСКАЯ ОБЛАСТЬ,ТАЛГАРСКИЙ РАЙОН
449096,"Предоставление прочих индивидуальных услуг, не включенных в другие группировки",true,,,,,,x,846,,,x,994,39324000,957,5,"Предоставление прочих индивидуальных услуг, не включенных в другие группировки",АЛМАТИНСКАЯ ОБЛАСТЬ,ТАЛГАРСКИЙ РАЙОН
741340,Промышленность,false,,12682123000,883,5461942000,920,10474636000,846,34089161000,1031,42483371000,994,6897177000,957,1,Всего,АЛМАТИНСКАЯ ОБЛАСТЬ,ТАЛГАРСКИЙ РАЙОН
447279,Горнодобывающая промышленность и разработка карьеров,false,,x,883,96117000,920,122335000,846,115453000,1031,172928000,994,621011000,957,2,Промышленность,АЛМАТИНСКАЯ ОБЛАСТЬ,ТАЛГАРСКИЙ РАЙОН
447316,Добыча прочих полезных ископаемых,false,,x,883,96117000,920,x,846,115453000,1031,172928000,994,621011000,957,3,Горнодобывающая промышленность и разработка карьеров,АЛМАТИНСКАЯ ОБЛАСТЬ,ТАЛГАРСКИЙ РАЙОН
447317,"Добыча камня, песка и глины",false,,x,883,96117000,920,x,846,115453000,1031,172928000,994,621011000,957,4,Добыча прочих полезных ископаемых,АЛМАТИНСКАЯ ОБЛАСТЬ,ТАЛГАРСКИЙ РАЙОН
447318,"Добыча отделочного и строительного камня, известняка, гипса, мела и сланцев",false,,x,883,x,920,x,846,x,1031,x,994,x,957,5,"Добыча камня, песка и глины",АЛМАТИНСКАЯ ОБЛАСТЬ,ТАЛГАРСКИЙ РАЙОН
447322,"Разработка гравийных и песчаных карьеров, добыча глины и каолина",false,,,,x,920,,,x,1031,35042000,994,505984000,957,5,"Добыча камня, песка и глины",АЛМАТИНСКАЯ ОБЛАСТЬ,ТАЛГАРСКИЙ РАЙОН
447339,Предоставление услуг в горнодобывающей промышленности,false,,,,,,x,846,,,,,,,3,Горнодобывающая промышленность и разработка карьеров,АЛМАТИНСКАЯ ОБЛАСТЬ,ТАЛГАРСКИЙ РАЙОН
447343,"Предоставление услуг, способствующих добыче других полезных ископаемых",false,,,,,,x,846,,,,,,,4,Предоставление услуг в горнодобывающей промышленности,АЛМАТИНСКАЯ ОБЛАСТЬ,ТАЛГАРСКИЙ РАЙОН
447344,"Предоставление услуг, способствующих добыче других полезных ископаемых",false,,,,,,x,846,,,,,,,5,"Предоставление услуг, способствующих добыче других полезных ископаемых",АЛМАТИНСКАЯ ОБЛАСТЬ,ТАЛГАРСКИЙ РАЙОН
447346,Обрабатывающая промышленность,false,,1351429000,883,2036950000,920,3639844000,846,27075753000,1031,32398254000,994,866350000,957,2,Промышленность,АЛМАТИНСКАЯ ОБЛАСТЬ,ТАЛГАРСКИЙ РАЙОН
447347,Производство продуктов питания,false,,149718000,883,199971000,920,1237268000,846,774185000,1031,595474000,994,266145000,957,3,Обрабатывающая промышленность,АЛМАТИНСКАЯ ОБЛАСТЬ,ТАЛГАРСКИЙ РАЙОН
447358,Переработка и консервирование фруктов и овощей,false,,,,,,,,x,1031,x,994,,,4,Производство продуктов питания,АЛМАТИНСКАЯ ОБЛАСТЬ,ТАЛГАРСКИЙ РАЙОН
447359,Переработка и консервирование картофеля,false,,,,,,,,x,1031,x,994,,,5,Переработка и консервирование фруктов и овощей,АЛМАТИНСКАЯ ОБЛАСТЬ,ТАЛГАРСКИЙ РАЙОН
447365,Производство растительных и животных масел и жиров,false,,,,,,x,846,,,,,,,4,Производство продуктов питания,АЛМАТИНСКАЯ ОБЛАСТЬ,ТАЛГАРСКИЙ РАЙОН
447369,Производство маргарина и аналогичных пищевых жиров,false,,,,,,x,846,,,,,,,5,Производство растительных и животных масел и жиров,АЛМАТИНСКАЯ ОБЛАСТЬ,ТАЛГАРСКИЙ РАЙОН
447371,Производство молочных продуктов,false,,,,,,x,846,,,x,994,,,4,Производство продуктов питания,АЛМАТИНСКАЯ ОБЛАСТЬ,ТАЛГАРСКИЙ РАЙОН
447372,Переработка молока и производство сыров,false,,,,,,x,846,,,x,994,,,5,Производство молочных продуктов,АЛМАТИНСКАЯ ОБЛАСТЬ,ТАЛГАРСКИЙ РАЙОН
447384,"Производство  хлебобулочных, макаронных и мучных кондитерских изделий",false,,x,883,,,,,,,,,,,4,Производство продуктов питания,АЛМАТИНСКАЯ ОБЛАСТЬ,ТАЛГАРСКИЙ РАЙОН
447385,Производство хлебобулочных и мучных кондитерских изделий недлительного хранения,false,,x,883,,,,,,,,,,,5,"Производство  хлебобулочных, макаронных и мучных кондитерских изделий",АЛМАТИНСКАЯ ОБЛАСТЬ,ТАЛГАРСКИЙ РАЙОН
447391,Производство прочих продуктов питания,false,,125272000,883,199971000,920,109156000,846,497131000,1031,186582000,994,266145000,957,4,Производство продуктов питания,АЛМАТИНСКАЯ ОБЛАСТЬ,ТАЛГАРСКИЙ РАЙОН
447400,Производство готовых пищевых продуктов,false,,90152000,883,x,920,x,846,491467000,1031,160120000,994,x,957,5,Производство прочих продуктов питания,АЛМАТИНСКАЯ ОБЛАСТЬ,ТАЛГАРСКИЙ РАЙОН
447404,"Производство прочих продуктов питания, не включенных в другие группировки",false,,35120000,883,x,920,x,846,x,1031,x,994,x,957,5,Производство прочих продуктов питания,АЛМАТИНСКАЯ ОБЛАСТЬ,ТАЛГАРСКИЙ РАЙОН
447408,Производство готовых кормов для животных,false,,,,,,1126804000,846,,,,,,,4,Производство продуктов питания,АЛМАТИНСКАЯ ОБЛАСТЬ,ТАЛГАРСКИЙ РАЙОН
447409,Производство готовых кормов для сельскохозяйственных животных,false,,,,,,1126804000,846,,,,,,,5,Производство готовых кормов для животных,АЛМАТИНСКАЯ ОБЛАСТЬ,ТАЛГАРСКИЙ РАЙОН
447413,Производство напитков,false,,x,883,,,x,846,,,,,,,3,Обрабатывающая промышленность,АЛМАТИНСКАЯ ОБЛАСТЬ,ТАЛГАРСКИЙ РАЙОН
447414,Производство напитков,false,,x,883,,,x,846,,,,,,,4,Производство напитков,АЛМАТИНСКАЯ ОБЛАСТЬ,ТАЛГАРСКИЙ РАЙОН
447427,"Производство безалкогольных напитков, минеральных вод и других вод в бутылках",false,,x,883,,,x,846,,,,,,,5,Производство напитков,АЛМАТИНСКАЯ ОБЛАСТЬ,ТАЛГАРСКИЙ РАЙОН
447475,Производство одежды,false,,79228000,883,66102000,920,144007000,846,71872000,1031,51783000,994,63553000,957,3,Обрабатывающая промышленность,АЛМАТИНСКАЯ ОБЛАСТЬ,ТАЛГАРСКИЙ РАЙОН
447476,"Производство одежды, кроме одежды из меха",false,,79052000,883,66102000,920,142647000,846,71872000,1031,51783000,994,63553000,957,4,Производство одежды,АЛМАТИНСКАЯ ОБЛАСТЬ,ТАЛГАРСКИЙ РАЙОН
447479,Производство спецодежды,false,,x,883,16592000,920,x,846,,,,,8566000,957,5,"Производство одежды, кроме одежды из меха",АЛМАТИНСКАЯ ОБЛАСТЬ,ТАЛГАРСКИЙ РАЙОН
447481,Производство прочей верхней одежды,false,,x,883,49510000,920,x,846,71872000,1031,51783000,994,54987000,957,5,"Производство одежды, кроме одежды из меха",АЛМАТИНСКАЯ ОБЛАСТЬ,ТАЛГАРСКИЙ РАЙОН
447491,Производство вязаной и трикотажной одежды,false,,176000,883,,,1360000,846,,,,,,,4,Производство одежды,АЛМАТИНСКАЯ ОБЛАСТЬ,ТАЛГАРСКИЙ РАЙОН
447494,Производство прочей вязаной и трикотажной одежды,false,,176000,883,,,1360000,846,,,,,,,5,Производство вязаной и трикотажной одежды,АЛМАТИНСКАЯ ОБЛАСТЬ,ТАЛГАРСКИЙ РАЙОН
447529,Производство бумаги и бумажной продукции,false,,46412000,883,156467000,920,152290000,846,x,1031,134893000,994,12216000,957,3,Обрабатывающая промышленность,АЛМАТИНСКАЯ ОБЛАСТЬ,ТАЛГАРСКИЙ РАЙОН
447535,Производство изделий из бумаги и картона,false,,46412000,883,156467000,920,152290000,846,x,1031,134893000,994,12216000,957,4,Производство бумаги и бумажной продукции,АЛМАТИНСКАЯ ОБЛАСТЬ,ТАЛГАРСКИЙ РАЙОН
447536,"Производство гофрированной бумаги и картона, бумажной и картонной тары",false,,46412000,883,,,149581000,846,x,1031,,,,,5,Производство изделий из бумаги и картона,АЛМАТИНСКАЯ ОБЛАСТЬ,ТАЛГАРСКИЙ РАЙОН
447539,Производство бумажных изделий хозяйственно-бытового и санитарно-гигиенического назначения,false,,,,x,920,,,x,1031,134893000,994,10666000,957,5,Производство изделий из бумаги и картона,АЛМАТИНСКАЯ ОБЛАСТЬ,ТАЛГАРСКИЙ РАЙОН
447541,Производство писчебумажных изделий,false,,,,x,920,x,846,,,,,x,957,5,Производство изделий из бумаги и картона,АЛМАТИНСКАЯ ОБЛАСТЬ,ТАЛГАРСКИЙ РАЙОН
447547,Полиграфическая деятельность и воспроизведение записанных носителей информации,false,,x,883,,,x,846,,,,,3632000,957,3,Обрабатывающая промышленность,АЛМАТИНСКАЯ ОБЛАСТЬ,ТАЛГАРСКИЙ РАЙОН
447548,Полиграфическая деятельность и предоставление услуг в этой области,false,,x,883,,,x,846,,,,,3632000,957,4,Полиграфическая деятельность и воспроизведение записанных носителей информации,АЛМАТИНСКАЯ ОБЛАСТЬ,ТАЛГАРСКИЙ РАЙОН
447551,Прочие виды печатного производства,false,,x,883,,,x,846,,,,,3632000,957,5,Полиграфическая деятельность и предоставление услуг в этой области,АЛМАТИНСКАЯ ОБЛАСТЬ,ТАЛГАРСКИЙ РАЙОН
447562,Производство кокса и продуктов нефтепереработки,false,,,,,,x,846,,,,,,,3,Обрабатывающая промышленность,АЛМАТИНСКАЯ ОБЛАСТЬ,ТАЛГАРСКИЙ РАЙОН
447566,"Производство продуктов нефтепереработки, брикетов из торфа и угля",false,,,,,,x,846,,,,,,,4,Производство кокса и продуктов нефтепереработки,АЛМАТИНСКАЯ ОБЛАСТЬ,ТАЛГАРСКИЙ РАЙОН
447567,"Производство продуктов нефтепереработки, брикетов из торфа и угля",false,,,,,,x,846,,,,,,,5,"Производство продуктов нефтепереработки, брикетов из торфа и угля",АЛМАТИНСКАЯ ОБЛАСТЬ,ТАЛГАРСКИЙ РАЙОН
447572,Производство продуктов химической промышленности,false,,x,883,x,920,x,846,x,1031,x,994,x,957,3,Обрабатывающая промышленность,АЛМАТИНСКАЯ ОБЛАСТЬ,ТАЛГАРСКИЙ РАЙОН
447573,"Производство основных химических веществ, удобрений и азотных соединений, пластмасс и синтетического каучука в первичных формах",false,,x,883,x,920,x,846,x,1031,x,994,x,957,4,Производство продуктов химической промышленности,АЛМАТИНСКАЯ ОБЛАСТЬ,ТАЛГАРСКИЙ РАЙОН
447580,Производство прочих основных органических химических веществ,false,,x,883,x,920,x,846,x,1031,x,994,x,957,5,"Производство основных химических веществ, удобрений и азотных соединений, пластмасс и синтетического каучука в первичных формах",АЛМАТИНСКАЯ ОБЛАСТЬ,ТАЛГАРСКИЙ РАЙОН
447620,Производство основных фармацевтических продуктов и фармацевтических препаратов,false,,x,883,,,,,,,,,,,3,Обрабатывающая промышленность,АЛМАТИНСКАЯ ОБЛАСТЬ,ТАЛГАРСКИЙ РАЙОН
447624,Производство фармацевтических препаратов и медицинских материалов,false,,x,883,,,,,,,,,,,4,Производство основных фармацевтических продуктов и фармацевтических препаратов,АЛМАТИНСКАЯ ОБЛАСТЬ,ТАЛГАРСКИЙ РАЙОН
447625,Производство фармацевтических препаратов и медицинских материалов,false,,x,883,,,,,,,,,,,5,Производство фармацевтических препаратов и медицинских материалов,АЛМАТИНСКАЯ ОБЛАСТЬ,ТАЛГАРСКИЙ РАЙОН
447628,Производство резиновых и пластмассовых изделий,false,,275941000,883,343440000,920,,,41215000,1031,5247000,994,74000,957,3,Обрабатывающая промышленность,АЛМАТИНСКАЯ ОБЛАСТЬ,ТАЛГАРСКИЙ РАЙОН
447636,Производство пластмассовых изделий,false,,275941000,883,343440000,920,,,41215000,1031,5247000,994,74000,957,4,Производство резиновых и пластмассовых изделий,АЛМАТИНСКАЯ ОБЛАСТЬ,ТАЛГАРСКИЙ РАЙОН
447637,"Производство пластмассовых плит, листов, труб и профилей",false,,,,,,,,41215000,1031,,,,,5,Производство пластмассовых изделий,АЛМАТИНСКАЯ ОБЛАСТЬ,ТАЛГАРСКИЙ РАЙОН
447639,Производство пластмассовых упаковок для товаров,false,,275941000,883,,,,,,,,,,,5,Производство пластмассовых изделий,АЛМАТИНСКАЯ ОБЛАСТЬ,ТАЛГАРСКИЙ РАЙОН
447641,Производство строительных пластмассовых изделий,false,,,,343440000,920,,,,,x,994,,,5,Производство пластмассовых изделий,АЛМАТИНСКАЯ ОБЛАСТЬ,ТАЛГАРСКИЙ РАЙОН
447644,Производство прочих пластмассовых изделий,false,,,,,,,,,,1590000,994,74000,957,5,Производство пластмассовых изделий,АЛМАТИНСКАЯ ОБЛАСТЬ,ТАЛГАРСКИЙ РАЙОН
447646,Производство прочей не металлической минеральной продукции,false,,165156000,883,815922000,920,80994000,846,24074516000,1031,31479257000,994,275991000,957,3,Обрабатывающая промышленность,АЛМАТИНСКАЯ ОБЛАСТЬ,ТАЛГАРСКИЙ РАЙОН
447681,"Производство цемента, извести и строительного гипса",false,,,,,,x,846,,,,,,,4,Производство прочей не металлической минеральной продукции,АЛМАТИНСКАЯ ОБЛАСТЬ,ТАЛГАРСКИЙ РАЙОН
447684,Производство извести и строительного гипса,false,,,,,,x,846,,,,,,,5,"Производство цемента, извести и строительного гипса",АЛМАТИНСКАЯ ОБЛАСТЬ,ТАЛГАРСКИЙ РАЙОН
447688,"Производство изделий из бетона, цемента и строительного гипса ",false,,165156000,883,256896000,920,79877000,846,204713000,1031,122235000,994,275991000,957,4,Производство прочей не металлической минеральной продукции,АЛМАТИНСКАЯ ОБЛАСТЬ,ТАЛГАРСКИЙ РАЙОН
447689,Производство строительных изделий из бетона,false,,x,883,x,920,,,,,,,x,957,5,"Производство изделий из бетона, цемента и строительного гипса ",АЛМАТИНСКАЯ ОБЛАСТЬ,ТАЛГАРСКИЙ РАЙОН
447695,Производство товарного бетона ,false,,141358000,883,115945000,920,25258000,846,59136000,1031,41746000,994,188797000,957,5,"Производство изделий из бетона, цемента и строительного гипса ",АЛМАТИНСКАЯ ОБЛАСТЬ,ТАЛГАРСКИЙ РАЙОН
447702,"Производство прочих изделий из бетона, строительного гипса и цемента",false,,x,883,x,920,x,846,x,1031,x,994,x,957,5,"Производство изделий из бетона, цемента и строительного гипса ",АЛМАТИНСКАЯ ОБЛАСТЬ,ТАЛГАРСКИЙ РАЙОН
447707,Производство абразивных изделий и прочей неметаллической минеральной продукции,false,,,,x,920,,,x,1031,31357022000,994,,,4,Производство прочей не металлической минеральной продукции,АЛМАТИНСКАЯ ОБЛАСТЬ,ТАЛГАРСКИЙ РАЙОН
447710,"Производство прочей неметаллической минеральной продукции, не включенной в другие группировки",false,,,,x,920,,,x,1031,31357022000,994,,,5,Производство абразивных изделий и прочей неметаллической минеральной продукции,АЛМАТИНСКАЯ ОБЛАСТЬ,ТАЛГАРСКИЙ РАЙОН
447717,Металлургическое производство,false,,68372000,883,,,127000,846,,,,,,,3,Обрабатывающая промышленность,АЛМАТИНСКАЯ ОБЛАСТЬ,ТАЛГАРСКИЙ РАЙОН
447733,Производство основных благородных и цветных металлов,false,,68372000,883,,,127000,846,,,,,,,4,Металлургическое производство,АЛМАТИНСКАЯ ОБЛАСТЬ,ТАЛГАРСКИЙ РАЙОН
447736,Производство алюминия,false,,68372000,883,,,127000,846,,,,,,,5,Производство основных благородных и цветных металлов,АЛМАТИНСКАЯ ОБЛАСТЬ,ТАЛГАРСКИЙ РАЙОН
447760,"Производство готовых металлических изделий, кроме машин и оборудования",false,,115950000,883,x,920,388574000,846,348607000,1031,x,994,x,957,3,Обрабатывающая промышленность,АЛМАТИНСКАЯ ОБЛАСТЬ,ТАЛГАРСКИЙ РАЙОН
447761,Производство строительных металлических конструкций и изделий,false,,22805000,883,,,388574000,846,348607000,1031,,,,,4,"Производство готовых металлических изделий, кроме машин и оборудования",АЛМАТИНСКАЯ ОБЛАСТЬ,ТАЛГАРСКИЙ РАЙОН
447762,Производство строительных металлических конструкций и их частей,false,,22805000,883,,,x,846,,,,,,,5,Производство строительных металлических конструкций и изделий,АЛМАТИНСКАЯ ОБЛАСТЬ,ТАЛГАРСКИЙ РАЙОН
447767,Производство металлических дверей и окон,false,,,,,,x,846,348607000,1031,,,,,5,Производство строительных металлических конструкций и изделий,АЛМАТИНСКАЯ ОБЛАСТЬ,ТАЛГАРСКИЙ РАЙОН
447797,Производство прочих готовых металлических изделий,false,,93145000,883,x,920,,,,,x,994,x,957,4,"Производство готовых металлических изделий, кроме машин и оборудования",АЛМАТИНСКАЯ ОБЛАСТЬ,ТАЛГАРСКИЙ РАЙОН
447807,"Производство прочих готовых металлических изделий, не включенных в другие группировки",false,,93145000,883,x,920,,,,,x,994,x,957,5,Производство прочих готовых металлических изделий,АЛМАТИНСКАЯ ОБЛАСТЬ,ТАЛГАРСКИЙ РАЙОН
447849,Производство электрического оборудования,false,,,,x,920,x,846,x,1031,x,994,x,957,3,Обрабатывающая промышленность,АЛМАТИНСКАЯ ОБЛАСТЬ,ТАЛГАРСКИЙ РАЙОН
447865,Производство электроосветительного оборудования,false,,,,x,920,x,846,x,1031,x,994,x,957,4,Производство электрического оборудования,АЛМАТИНСКАЯ ОБЛАСТЬ,ТАЛГАРСКИЙ РАЙОН
447866,Производство электроосветительного оборудования,false,,,,x,920,x,846,x,1031,x,994,x,957,5,Производство электроосветительного оборудования,АЛМАТИНСКАЯ ОБЛАСТЬ,ТАЛГАРСКИЙ РАЙОН
447881,"Производство машин и оборудования, не включенных в другие группировки ",false,,104753000,883,40293000,920,471266000,846,6303000,1031,47069000,994,x,957,3,Обрабатывающая промышленность,АЛМАТИНСКАЯ ОБЛАСТЬ,ТАЛГАРСКИЙ РАЙОН
447882,Производство оборудования общего назначения,false,,x,883,x,920,x,846,,,,,,,4,"Производство машин и оборудования, не включенных в другие группировки ",АЛМАТИНСКАЯ ОБЛАСТЬ,ТАЛГАРСКИЙ РАЙОН
447891,"Производство прочих кранов, клапанов и вентилей",false,,x,883,x,920,x,846,,,,,,,5,Производство оборудования общего назначения,АЛМАТИНСКАЯ ОБЛАСТЬ,ТАЛГАРСКИЙ РАЙОН
447896,Производство прочих машин и оборудования общего назначения ,false,,,,,,x,846,,,,,,,4,"Производство машин и оборудования, не включенных в другие группировки ",АЛМАТИНСКАЯ ОБЛАСТЬ,ТАЛГАРСКИЙ РАЙОН
447900,Производство подъемно-транспортного оборудования,false,,,,,,x,846,,,,,,,5,Производство прочих машин и оборудования общего назначения ,АЛМАТИНСКАЯ ОБЛАСТЬ,ТАЛГАРСКИЙ РАЙОН
447938,Производство прочих машин и оборудования специального назначения ,false,,x,883,x,920,,,6303000,1031,47069000,994,x,957,4,"Производство машин и оборудования, не включенных в другие группировки ",АЛМАТИНСКАЯ ОБЛАСТЬ,ТАЛГАРСКИЙ РАЙОН
447947,"Производство машин и оборудования для производства и переработки продуктов питания, напитков и табачных изделий  ",false,,x,883,x,920,,,5816000,1031,45986000,994,x,957,5,Производство прочих машин и оборудования специального назначения ,АЛМАТИНСКАЯ ОБЛАСТЬ,ТАЛГАРСКИЙ РАЙОН
447960,"Производство прочих машин и оборудования специального назначения, не включенных в другие группировки",false,,,,,,,,487000,1031,1083000,994,,,5,Производство прочих машин и оборудования специального назначения ,АЛМАТИНСКАЯ ОБЛАСТЬ,ТАЛГАРСКИЙ РАЙОН
448008,Производство мебели,false,,211576000,883,394104000,920,363895000,846,656376000,1031,x,994,x,957,3,Обрабатывающая промышленность,АЛМАТИНСКАЯ ОБЛАСТЬ,ТАЛГАРСКИЙ РАЙОН
448009,Производство мебели,false,,211576000,883,394104000,920,363895000,846,656376000,1031,x,994,x,957,4,Производство мебели,АЛМАТИНСКАЯ ОБЛАСТЬ,ТАЛГАРСКИЙ РАЙОН
448010,Производство мебели для офисов и предприятий торговли,false,,211576000,883,394104000,920,363895000,846,561376000,1031,x,994,x,957,5,Производство мебели,АЛМАТИНСКАЯ ОБЛАСТЬ,ТАЛГАРСКИЙ РАЙОН
448015,Производство матрасов,false,,,,,,,,95000000,1031,,,,,5,Производство мебели,АЛМАТИНСКАЯ ОБЛАСТЬ,ТАЛГАРСКИЙ РАЙОН
448019,Производство прочих готовых изделий,false,,,,,,x,846,4147000,1031,39335000,994,93559000,957,3,Обрабатывающая промышленность,АЛМАТИНСКАЯ ОБЛАСТЬ,ТАЛГАРСКИЙ РАЙОН
448036,Производство медицинских и стоматологических инструментов и принадлежностей,false,,,,,,,,4147000,1031,19455000,994,93559000,957,4,Производство прочих готовых изделий,АЛМАТИНСКАЯ ОБЛАСТЬ,ТАЛГАРСКИЙ РАЙОН
448037,Производство медицинских и стоматологических инструментов и принадлежностей,false,,,,,,,,4147000,1031,19455000,994,93559000,957,5,Производство медицинских и стоматологических инструментов и принадлежностей,АЛМАТИНСКАЯ ОБЛАСТЬ,ТАЛГАРСКИЙ РАЙОН
448042,"Производство прочих готовых изделий, не включенных в другие группировки",false,,,,,,x,846,,,19880000,994,,,4,Производство прочих готовых изделий,АЛМАТИНСКАЯ ОБЛАСТЬ,ТАЛГАРСКИЙ РАЙОН
448045,"Производство прочей продукции, не включенной в другие группировки",false,,,,,,x,846,,,19880000,994,,,5,"Производство прочих готовых изделий, не включенных в другие группировки",АЛМАТИНСКАЯ ОБЛАСТЬ,ТАЛГАРСКИЙ РАЙОН
448090,"Снабжение электроэнергией, газом, паром, горячей водой и кондиционированным воздухом",false,,8348455000,883,2682829000,920,2719959000,846,3540652000,1031,7070022000,994,3328769000,957,2,Промышленность,АЛМАТИНСКАЯ ОБЛАСТЬ,ТАЛГАРСКИЙ РАЙОН
448091,"Снабжение электроэнергией, газом, паром, горячей водой и кондиционированным воздухом",false,,8348455000,883,2682829000,920,2719959000,846,3540652000,1031,7070022000,994,3328769000,957,3,"Снабжение электроэнергией, газом, паром, горячей водой и кондиционированным воздухом",АЛМАТИНСКАЯ ОБЛАСТЬ,ТАЛГАРСКИЙ РАЙОН
448092,"Производство, передача и распределение электроэнергии",false,,2091490000,883,861796000,920,1768366000,846,1221087000,1031,534327000,994,1060852000,957,4,"Снабжение электроэнергией, газом, паром, горячей водой и кондиционированным воздухом",АЛМАТИНСКАЯ ОБЛАСТЬ,ТАЛГАРСКИЙ РАЙОН
448098,Передача электроэнергии,false,,x,883,248120000,920,1409396000,846,94773000,1031,534327000,994,x,957,5,"Производство, передача и распределение электроэнергии",АЛМАТИНСКАЯ ОБЛАСТЬ,ТАЛГАРСКИЙ РАЙОН
448100,Распределение электроэнергии,false,,1879116000,883,613676000,920,358970000,846,1126314000,1031,,,470532000,957,5,"Производство, передача и распределение электроэнергии",АЛМАТИНСКАЯ ОБЛАСТЬ,ТАЛГАРСКИЙ РАЙОН
448104,Производство и распределение газообразного топлива по трубопроводам,false,,115045000,883,1620706000,920,217312000,846,1441977000,1031,6434612000,994,431095000,957,4,"Снабжение электроэнергией, газом, паром, горячей водой и кондиционированным воздухом",АЛМАТИНСКАЯ ОБЛАСТЬ,ТАЛГАРСКИЙ РАЙОН
448107,Распределение газообразного топлива по трубопроводам,false,,115045000,883,1620706000,920,217312000,846,1441977000,1031,6434612000,994,431095000,957,5,Производство и распределение газообразного топлива по трубопроводам,АЛМАТИНСКАЯ ОБЛАСТЬ,ТАЛГАРСКИЙ РАЙОН
448111,"Снабжение паром, горячей водой и кондиционированным воздухом",false,,6141920000,883,200327000,920,734281000,846,877588000,1031,101083000,994,1836822000,957,4,"Снабжение электроэнергией, газом, паром, горячей водой и кондиционированным воздухом",АЛМАТИНСКАЯ ОБЛАСТЬ,ТАЛГАРСКИЙ РАЙОН
448112,"Снабжение паром, горячей водой и кондиционированным воздухом",false,,6141920000,883,200327000,920,734281000,846,877588000,1031,101083000,994,1836822000,957,5,"Снабжение паром, горячей водой и кондиционированным воздухом",АЛМАТИНСКАЯ ОБЛАСТЬ,ТАЛГАРСКИЙ РАЙОН
448117,"Водоснабжение; сбор, обработка и удаление отходов, деятельность по ликвидации загрязнений",false,,2815618000,883,646046000,920,3992498000,846,3357303000,1031,2842167000,994,2081047000,957,2,Промышленность,АЛМАТИНСКАЯ ОБЛАСТЬ,ТАЛГАРСКИЙ РАЙОН
448118,"Сбор, обработка и распределение воды",false,,2350385000,883,570452000,920,3073908000,846,3321678000,1031,2722092000,994,1721216000,957,3,"Водоснабжение; сбор, обработка и удаление отходов, деятельность по ликвидации загрязнений",АЛМАТИНСКАЯ ОБЛАСТЬ,ТАЛГАРСКИЙ РАЙОН
448119,"Сбор, обработка и распределение воды",false,,2350385000,883,570452000,920,3073908000,846,3321678000,1031,2722092000,994,1721216000,957,4,"Сбор, обработка и распределение воды",АЛМАТИНСКАЯ ОБЛАСТЬ,ТАЛГАРСКИЙ РАЙОН
448120,"Сбор, обработка и распределение воды",false,,2350385000,883,570452000,920,3073908000,846,3321678000,1031,2722092000,994,1721216000,957,5,"Сбор, обработка и распределение воды",АЛМАТИНСКАЯ ОБЛАСТЬ,ТАЛГАРСКИЙ РАЙОН
448122,Сбор и обработка сточных вод,false,,326136000,883,74385000,920,914299000,846,,,108071000,994,359831000,957,3,"Водоснабжение; сбор, обработка и удаление отходов, деятельность по ликвидации загрязнений",АЛМАТИНСКАЯ ОБЛАСТЬ,ТАЛГАРСКИЙ РАЙОН
448123,Сбор и обработка сточных вод,false,,326136000,883,74385000,920,914299000,846,,,108071000,994,359831000,957,4,Сбор и обработка сточных вод,АЛМАТИНСКАЯ ОБЛАСТЬ,ТАЛГАРСКИЙ РАЙОН
448124,Сбор и обработка сточных вод,false,,326136000,883,74385000,920,914299000,846,,,108071000,994,359831000,957,5,Сбор и обработка сточных вод,АЛМАТИНСКАЯ ОБЛАСТЬ,ТАЛГАРСКИЙ РАЙОН
448126,"Сбор, обработка и удаление отходов; утилизация (восстановление) материалов",false,,139097000,883,x,920,x,846,x,1031,x,994,,,3,"Водоснабжение; сбор, обработка и удаление отходов, деятельность по ликвидации загрязнений",АЛМАТИНСКАЯ ОБЛАСТЬ,ТАЛГАРСКИЙ РАЙОН
448127,Сбор отходов,false,,139097000,883,x,920,x,846,x,1031,x,994,,,4,"Сбор, обработка и удаление отходов; утилизация (восстановление) материалов",АЛМАТИНСКАЯ ОБЛАСТЬ,ТАЛГАРСКИЙ РАЙОН
448128,Сбор неопасных отходов,false,,139097000,883,x,920,x,846,x,1031,x,994,,,5,Сбор отходов,АЛМАТИНСКАЯ ОБЛАСТЬ,ТАЛГАРСКИЙ РАЙОН
741885,Всего,false,,15191133000,883,12583166000,920,11469096000,846,24544873000,1031,23235329000,994,20846904000,957,0,,АЛМАТИНСКАЯ ОБЛАСТЬ,УЙГУРСКИЙ РАЙОН
447173,"Сельское, лесное и рыбное хозяйство",false,,8337085000,883,8362868000,920,4929642000,846,2619505000,1031,12347037000,994,16495108000,957,1,Всего,АЛМАТИНСКАЯ ОБЛАСТЬ,УЙГУРСКИЙ РАЙОН
447174,"Растениеводство и животноводство, охота и предоставление услуг в этих областях",false,,8337085000,883,8362868000,920,4929642000,846,2619505000,1031,12347037000,994,16495108000,957,2,"Сельское, лесное и рыбное хозяйство",АЛМАТИНСКАЯ ОБЛАСТЬ,УЙГУРСКИЙ РАЙОН
447175,Выращивание одно- или двухлетних культур,false,,483433000,883,437018000,920,632869000,846,424424000,1031,4849913000,994,271169000,957,3,"Растениеводство и животноводство, охота и предоставление услуг в этих областях",АЛМАТИНСКАЯ ОБЛАСТЬ,УЙГУРСКИЙ РАЙОН
447176,"Выращивание зерновых (кроме риса), бобовых и масличных культур",false,,138613000,883,416518000,920,40609000,846,345255000,1031,183034000,994,257339000,957,4,Выращивание одно- или двухлетних культур,АЛМАТИНСКАЯ ОБЛАСТЬ,УЙГУРСКИЙ РАЙОН
3783380,"Выращивание зерновых и зернобобовых культур, включая семеноводство",true,,138613000,883,416518000,920,40609000,846,345255000,1031,183034000,994,257339000,957,5,"Выращивание зерновых (кроме риса), бобовых и масличных культур",АЛМАТИНСКАЯ ОБЛАСТЬ,УЙГУРСКИЙ РАЙОН
447181,"Выращивание овощей, бахчевых, корнеплодов и клубнеплодов",false,,x,883,,,573750000,846,x,1031,4644429000,994,9330000,957,4,Выращивание одно- или двухлетних культур,АЛМАТИНСКАЯ ОБЛАСТЬ,УЙГУРСКИЙ РАЙОН
447182,Выращивание картофеля и посадочного материала,true,,,,,,x,846,,,,,,,5,"Выращивание овощей, бахчевых, корнеплодов и клубнеплодов",АЛМАТИНСКАЯ ОБЛАСТЬ,УЙГУРСКИЙ РАЙОН
447183,"Выращивание овощей, их семян и рассады",true,,x,883,,,558750000,846,x,1031,4644429000,994,9330000,957,5,"Выращивание овощей, бахчевых, корнеплодов и клубнеплодов",АЛМАТИНСКАЯ ОБЛАСТЬ,УЙГУРСКИЙ РАЙОН
447192,Выращивание прочих одно- или двухлетних культур,false,,13520000,883,20500000,920,x,846,78472000,1031,22450000,994,x,957,4,Выращивание одно- или двухлетних культур,АЛМАТИНСКАЯ ОБЛАСТЬ,УЙГУРСКИЙ РАЙОН
447193,Выращивание кормовых культур и их семян,true,,13520000,883,20500000,920,x,846,55650000,1031,22450000,994,x,957,5,Выращивание прочих одно- или двухлетних культур,АЛМАТИНСКАЯ ОБЛАСТЬ,УЙГУРСКИЙ РАЙОН
447195,"Выращивание прочих одно- или двухлетних культур, не включенных в другие группировки",true,,,,,,,,22822000,1031,,,,,5,Выращивание прочих одно- или двухлетних культур,АЛМАТИНСКАЯ ОБЛАСТЬ,УЙГУРСКИЙ РАЙОН
447196,Выращивание многолетних культур,false,,9689000,883,142534000,920,353999000,846,170343000,1031,x,994,,,3,"Растениеводство и животноводство, охота и предоставление услуг в этих областях",АЛМАТИНСКАЯ ОБЛАСТЬ,УЙГУРСКИЙ РАЙОН
447203,Выращивание семечковых и косточковых плодов,false,,9689000,883,131184000,920,353304000,846,170343000,1031,x,994,,,4,Выращивание многолетних культур,АЛМАТИНСКАЯ ОБЛАСТЬ,УЙГУРСКИЙ РАЙОН
447204,Выращивание семечковых и косточковых плодов,true,,9689000,883,131184000,920,353304000,846,170343000,1031,x,994,,,5,Выращивание семечковых и косточковых плодов,АЛМАТИНСКАЯ ОБЛАСТЬ,УЙГУРСКИЙ РАЙОН
447205,"Выращивание прочих плодов, ягод и орехов",false,,,,11350000,920,x,846,,,,,,,4,Выращивание многолетних культур,АЛМАТИНСКАЯ ОБЛАСТЬ,УЙГУРСКИЙ РАЙОН
447206,"Выращивание прочих плодов, ягод и орехов",true,,,,11350000,920,x,846,,,,,,,5,"Выращивание прочих плодов, ягод и орехов",АЛМАТИНСКАЯ ОБЛАСТЬ,УЙГУРСКИЙ РАЙОН
447218,Животноводство,false,,5416175000,883,7229951000,920,255482000,846,1431158000,1031,7478329000,994,16210839000,957,3,"Растениеводство и животноводство, охота и предоставление услуг в этих областях",АЛМАТИНСКАЯ ОБЛАСТЬ,УЙГУРСКИЙ РАЙОН
447221,Разведение прочего крупного рогатого скота и буйволов,false,,,,16170000,920,x,846,,,11410000,994,4880000,957,4,Животноводство,АЛМАТИНСКАЯ ОБЛАСТЬ,УЙГУРСКИЙ РАЙОН
447222,Разведение прочего крупного рогатого скота и буйволов,true,,,,16170000,920,x,846,,,11410000,994,4880000,957,5,Разведение прочего крупного рогатого скота и буйволов,АЛМАТИНСКАЯ ОБЛАСТЬ,УЙГУРСКИЙ РАЙОН
447228,Разведение овец и коз,false,,,,x,920,30763000,846,,,,,,,4,Животноводство,АЛМАТИНСКАЯ ОБЛАСТЬ,УЙГУРСКИЙ РАЙОН
447229,Разведение овец и коз,true,,,,x,920,30763000,846,,,,,,,5,Разведение овец и коз,АЛМАТИНСКАЯ ОБЛАСТЬ,УЙГУРСКИЙ РАЙОН
447232,Разведение сельскохозяйственной птицы ,false,,5416175000,883,7194781000,920,x,846,1431158000,1031,7466919000,994,16205959000,957,4,Животноводство,АЛМАТИНСКАЯ ОБЛАСТЬ,УЙГУРСКИЙ РАЙОН
447233,"Разведение птицы на мясо, племенной птицы и молодняка",true,,x,883,x,920,,,x,1031,368887000,994,324103000,957,5,Разведение сельскохозяйственной птицы ,АЛМАТИНСКАЯ ОБЛАСТЬ,УЙГУРСКИЙ РАЙОН
447235,"Производство смешанное, мясояичное",true,,3131259000,883,x,920,x,846,1373231000,1031,7098032000,994,15881856000,957,5,Разведение сельскохозяйственной птицы ,АЛМАТИНСКАЯ ОБЛАСТЬ,УЙГУРСКИЙ РАЙОН
447239,Смешанное сельское хозяйство,false,,2427788000,883,553365000,920,3456002000,846,593580000,1031,x,994,13100000,957,3,"Растениеводство и животноводство, охота и предоставление услуг в этих областях",АЛМАТИНСКАЯ ОБЛАСТЬ,УЙГУРСКИЙ РАЙОН
447240,Смешанное сельское хозяйство,false,,2427788000,883,553365000,920,3456002000,846,593580000,1031,x,994,13100000,957,4,Смешанное сельское хозяйство,АЛМАТИНСКАЯ ОБЛАСТЬ,УЙГУРСКИЙ РАЙОН
447241,Смешанное сельское хозяйство,true,,2427788000,883,553365000,920,3456002000,846,593580000,1031,x,994,13100000,957,5,Смешанное сельское хозяйство,АЛМАТИНСКАЯ ОБЛАСТЬ,УЙГУРСКИЙ РАЙОН
18683346,"Деятельность, способствующая выращиванию сельскохозяйственных культур и разведению животных и деятельность по обработке урожая",false,,,,,,231290000,846,,,,,,,3,"Растениеводство и животноводство, охота и предоставление услуг в этих областях",АЛМАТИНСКАЯ ОБЛАСТЬ,УЙГУРСКИЙ РАЙОН
18683347,"Деятельность, способствующая растениеводству",false,,,,,,231290000,846,,,,,,,4,"Деятельность, способствующая выращиванию сельскохозяйственных культур и разведению животных и деятельность по обработке урожая",АЛМАТИНСКАЯ ОБЛАСТЬ,УЙГУРСКИЙ РАЙОН
18683348,"Деятельность, способствующая растениеводству, кроме эксплуатации оросительных систем",true,,,,,,231290000,846,,,,,,,5,"Деятельность, способствующая растениеводству",АЛМАТИНСКАЯ ОБЛАСТЬ,УЙГУРСКИЙ РАЙОН
448148,Строительство,false,,,,,,1093000,846,x,1031,x,994,,,1,Всего,АЛМАТИНСКАЯ ОБЛАСТЬ,УЙГУРСКИЙ РАЙОН
18710963,Строительство зданий,false,,,,,,,,x,1031,x,994,,,2,Строительство,АЛМАТИНСКАЯ ОБЛАСТЬ,УЙГУРСКИЙ РАЙОН
18710967,Строительство жилых и нежилых зданий,false,,,,,,,,x,1031,x,994,,,3,Строительство зданий,АЛМАТИНСКАЯ ОБЛАСТЬ,УЙГУРСКИЙ РАЙОН
18710968,Строительство жилых и нежилых зданий,false,,,,,,,,x,1031,x,994,,,4,Строительство жилых и нежилых зданий,АЛМАТИНСКАЯ ОБЛАСТЬ,УЙГУРСКИЙ РАЙОН
18710969,Строительство жилых зданий,true,,,,,,,,x,1031,x,994,,,5,Строительство жилых и нежилых зданий,АЛМАТИНСКАЯ ОБЛАСТЬ,УЙГУРСКИЙ РАЙОН
448157,Гражданское строительство,false,,,,,,1093000,846,,,,,,,2,Строительство,АЛМАТИНСКАЯ ОБЛАСТЬ,УЙГУРСКИЙ РАЙОН
18696516,Строительство прочих инженерных сооружений,false,,,,,,1093000,846,,,,,,,3,Гражданское строительство,АЛМАТИНСКАЯ ОБЛАСТЬ,УЙГУРСКИЙ РАЙОН
18696517,"Строительство прочих инженерных сооружений, не включенных в другие группировки",false,,,,,,1093000,846,,,,,,,4,Строительство прочих инженерных сооружений,АЛМАТИНСКАЯ ОБЛАСТЬ,УЙГУРСКИЙ РАЙОН
18696518,"Строительство прочих инженерных сооружений, не включенных в другие группировки",true,,,,,,1093000,846,,,,,,,5,"Строительство прочих инженерных сооружений, не включенных в другие группировки",АЛМАТИНСКАЯ ОБЛАСТЬ,УЙГУРСКИЙ РАЙОН
448215,Оптовая и розничная торговля; ремонт автомобилей и мотоциклов,false,,x,883,x,920,,,x,1031,,,,,1,Всего,АЛМАТИНСКАЯ ОБЛАСТЬ,УЙГУРСКИЙ РАЙОН
448377,"Розничная торговля, кроме торговли автомобилями и мотоциклами",false,,x,883,x,920,,,x,1031,,,,,2,Оптовая и розничная торговля; ремонт автомобилей и мотоциклов,АЛМАТИНСКАЯ ОБЛАСТЬ,УЙГУРСКИЙ РАЙОН
448399,Розничная торговля топливом в специализированных магазинах,false,,,,,,,,x,1031,,,,,3,"Розничная торговля, кроме торговли автомобилями и мотоциклами",АЛМАТИНСКАЯ ОБЛАСТЬ,УЙГУРСКИЙ РАЙОН
448400,Розничная торговля топливом в специализированных магазинах,false,,,,,,,,x,1031,,,,,4,Розничная торговля топливом в специализированных магазинах,АЛМАТИНСКАЯ ОБЛАСТЬ,УЙГУРСКИЙ РАЙОН
20576124,"Розничная торговля моторным топливом в специализированных магазинах, за исключением находящихся на придорожной полосе",true,,,,,,,,x,1031,,,,,5,Розничная торговля топливом в специализированных магазинах,АЛМАТИНСКАЯ ОБЛАСТЬ,УЙГУРСКИЙ РАЙОН
448409,Розничная торговля прочими бытовыми товарами в специализированных магазинах ,false,,x,883,x,920,,,,,,,,,3,"Розничная торговля, кроме торговли автомобилями и мотоциклами",АЛМАТИНСКАЯ ОБЛАСТЬ,УЙГУРСКИЙ РАЙОН
448416,Розничная торговля электрическими бытовыми приборами в специализированных магазинах,false,,x,883,x,920,,,,,,,,,4,Розничная торговля прочими бытовыми товарами в специализированных магазинах ,АЛМАТИНСКАЯ ОБЛАСТЬ,УЙГУРСКИЙ РАЙОН
3647962,"Розничная торговля электрическими бытовыми приборами в специализированных магазинах, являющихся торговыми объектами, с торговой площадью менее 2000 кв.м",true,,x,883,x,920,,,,,,,,,5,Розничная торговля электрическими бытовыми приборами в специализированных магазинах,АЛМАТИНСКАЯ ОБЛАСТЬ,УЙГУРСКИЙ РАЙОН
448475,Транспорт и складирование,false,,957741000,883,445702000,920,1459176000,846,2180324000,1031,102181000,994,312000,957,1,Всего,АЛМАТИНСКАЯ ОБЛАСТЬ,УЙГУРСКИЙ РАЙОН
448476,Деятельность сухопутного и трубопроводного транспорта ,false,,x,883,,,,,80000000,1031,1798000,994,,,2,Транспорт и складирование,АЛМАТИНСКАЯ ОБЛАСТЬ,УЙГУРСКИЙ РАЙОН
448477,Деятельность пассажирского железнодорожного транспорта в междугородном сообщении,false,,,,,,,,,,1798000,994,,,3,Деятельность сухопутного и трубопроводного транспорта ,АЛМАТИНСКАЯ ОБЛАСТЬ,УЙГУРСКИЙ РАЙОН
448478,Деятельность пассажирского железнодорожного транспорта в междугородном сообщении,false,,,,,,,,,,1798000,994,,,4,Деятельность пассажирского железнодорожного транспорта в междугородном сообщении,АЛМАТИНСКАЯ ОБЛАСТЬ,УЙГУРСКИЙ РАЙОН
448479,Деятельность пассажирского железнодорожного транспорта в междугородном сообщении,true,,,,,,,,,,1798000,994,,,5,Деятельность пассажирского железнодорожного транспорта в междугородном сообщении,АЛМАТИНСКАЯ ОБЛАСТЬ,УЙГУРСКИЙ РАЙОН
448483,Деятельность прочего пассажирского сухопутного транспорта,false,,,,,,,,80000000,1031,,,,,3,Деятельность сухопутного и трубопроводного транспорта ,АЛМАТИНСКАЯ ОБЛАСТЬ,УЙГУРСКИЙ РАЙОН
448484,Деятельность сухопутного транспорта по городским и пригородным пассажирским перевозкам,false,,,,,,,,80000000,1031,,,,,4,Деятельность прочего пассажирского сухопутного транспорта,АЛМАТИНСКАЯ ОБЛАСТЬ,УЙГУРСКИЙ РАЙОН
448485,Перевозки автобусами,true,,,,,,,,80000000,1031,,,,,5,Деятельность сухопутного транспорта по городским и пригородным пассажирским перевозкам,АЛМАТИНСКАЯ ОБЛАСТЬ,УЙГУРСКИЙ РАЙОН
448499,Деятельность трубопроводного транспорта,false,,x,883,,,,,,,,,,,3,Деятельность сухопутного и трубопроводного транспорта ,АЛМАТИНСКАЯ ОБЛАСТЬ,УЙГУРСКИЙ РАЙОН
448500,Деятельность трубопроводного транспорта,false,,x,883,,,,,,,,,,,4,Деятельность трубопроводного транспорта,АЛМАТИНСКАЯ ОБЛАСТЬ,УЙГУРСКИЙ РАЙОН
448501,Деятельность трубопроводного транспорта,true,,x,883,,,,,,,,,,,5,Деятельность трубопроводного транспорта,АЛМАТИНСКАЯ ОБЛАСТЬ,УЙГУРСКИЙ РАЙОН
448527,Складирование грузов и вспомогательная транспортная деятельность,false,,942375000,883,445702000,920,1459176000,846,2100324000,1031,100383000,994,312000,957,2,Транспорт и складирование,АЛМАТИНСКАЯ ОБЛАСТЬ,УЙГУРСКИЙ РАЙОН
448528,Складирование и хранение грузов,false,,,,,,x,846,,,,,,,3,Складирование грузов и вспомогательная транспортная деятельность,АЛМАТИНСКАЯ ОБЛАСТЬ,УЙГУРСКИЙ РАЙОН
448529,Складирование и хранение грузов,false,,,,,,x,846,,,,,,,4,Складирование и хранение грузов,АЛМАТИНСКАЯ ОБЛАСТЬ,УЙГУРСКИЙ РАЙОН
448531,"Складирование и хранение непродовольственных товаров, кроме зерна и нефти",true,,,,,,x,846,,,,,,,5,Складирование и хранение грузов,АЛМАТИНСКАЯ ОБЛАСТЬ,УЙГУРСКИЙ РАЙОН
448533,Вспомогательная транспортная деятельность,false,,942375000,883,445702000,920,1449904000,846,2100324000,1031,100383000,994,312000,957,3,Складирование грузов и вспомогательная транспортная деятельность,АЛМАТИНСКАЯ ОБЛАСТЬ,УЙГУРСКИЙ РАЙОН
448534,Вспомогательная деятельность сухопутного транспорта,false,,942375000,883,445702000,920,1449904000,846,2100324000,1031,100383000,994,312000,957,4,Вспомогательная транспортная деятельность,АЛМАТИНСКАЯ ОБЛАСТЬ,УЙГУРСКИЙ РАЙОН
448535,Эксплуатация железных дорог,true,,,,88679000,920,,,45524000,1031,,,,,5,Вспомогательная деятельность сухопутного транспорта,АЛМАТИНСКАЯ ОБЛАСТЬ,УЙГУРСКИЙ РАЙОН
448536,Эксплуатация автомобильных дорог,true,,942375000,883,357023000,920,1449904000,846,1973230000,1031,100383000,994,312000,957,5,Вспомогательная деятельность сухопутного транспорта,АЛМАТИНСКАЯ ОБЛАСТЬ,УЙГУРСКИЙ РАЙОН
448538,Деятельность автомобильных стоянок,true,,,,,,,,x,1031,,,,,5,Вспомогательная деятельность сухопутного транспорта,АЛМАТИНСКАЯ ОБЛАСТЬ,УЙГУРСКИЙ РАЙОН
448558,Предоставление услуг по проживанию и питанию,false,,x,883,6283000,920,695020000,846,541710000,1031,455078000,994,x,957,1,Всего,АЛМАТИНСКАЯ ОБЛАСТЬ,УЙГУРСКИЙ РАЙОН
3783427,Предоставление услуг по временному проживанию,false,,x,883,6283000,920,695020000,846,538258000,1031,417220000,994,x,957,2,Предоставление услуг по проживанию и питанию,АЛМАТИНСКАЯ ОБЛАСТЬ,УЙГУРСКИЙ РАЙОН
3783428,Предоставление услуг гостиницами и аналогичными местами для проживания,false,,,,,,,,200031000,1031,,,,,3,Предоставление услуг по временному проживанию,АЛМАТИНСКАЯ ОБЛАСТЬ,УЙГУРСКИЙ РАЙОН
3783429,Предоставление услуг гостиницами и аналогичными местами для проживания,false,,,,,,,,200031000,1031,,,,,4,Предоставление услуг гостиницами и аналогичными местами для проживания,АЛМАТИНСКАЯ ОБЛАСТЬ,УЙГУРСКИЙ РАЙОН
3783430,"Предоставление услуг гостиницами с ресторанами, за исключением гостиниц, находящихся на придорожной полосе",true,,,,,,,,200031000,1031,,,,,5,Предоставление услуг гостиницами и аналогичными местами для проживания,АЛМАТИНСКАЯ ОБЛАСТЬ,УЙГУРСКИЙ РАЙОН
3783432,Предоставление жилья на выходные дни и прочие периоды краткосрочного проживания,false,,x,883,6283000,920,695020000,846,338227000,1031,417220000,994,x,957,3,Предоставление услуг по временному проживанию,АЛМАТИНСКАЯ ОБЛАСТЬ,УЙГУРСКИЙ РАЙОН
3783433,Предоставление жилья на выходные дни и прочие периоды краткосрочного проживания,false,,x,883,6283000,920,695020000,846,338227000,1031,417220000,994,x,957,4,Предоставление жилья на выходные дни и прочие периоды краткосрочного проживания,АЛМАТИНСКАЯ ОБЛАСТЬ,УЙГУРСКИЙ РАЙОН
3783434,Предоставление жилья на выходные дни и прочие периоды краткосрочного проживания,true,,x,883,6283000,920,695020000,846,338227000,1031,417220000,994,x,957,5,Предоставление жилья на выходные дни и прочие периоды краткосрочного проживания,АЛМАТИНСКАЯ ОБЛАСТЬ,УЙГУРСКИЙ РАЙОН
448573,Предоставление услуг по обеспечению питанием и напитками,false,,,,,,,,3452000,1031,37858000,994,,,2,Предоставление услуг по проживанию и питанию,АЛМАТИНСКАЯ ОБЛАСТЬ,УЙГУРСКИЙ РАЙОН
448574,Деятельность ресторанов и предоставление услуг по доставке продуктов питания,false,,,,,,,,x,1031,37858000,994,,,3,Предоставление услуг по обеспечению питанием и напитками,АЛМАТИНСКАЯ ОБЛАСТЬ,УЙГУРСКИЙ РАЙОН
448575,Деятельность ресторанов и предоставление услуг по доставке продуктов питания,false,,,,,,,,x,1031,37858000,994,,,4,Деятельность ресторанов и предоставление услуг по доставке продуктов питания,АЛМАТИНСКАЯ ОБЛАСТЬ,УЙГУРСКИЙ РАЙОН
20576362,"Деятельность ресторанов и предоставление услуг по доставке продуктов питания, за исключением деятельности объектов, находящихся на придорожной полосе",true,,,,,,,,x,1031,37858000,994,,,5,Деятельность ресторанов и предоставление услуг по доставке продуктов питания,АЛМАТИНСКАЯ ОБЛАСТЬ,УЙГУРСКИЙ РАЙОН
448577,Доставка готовой пищи на заказ и прочая деятельность по обеспечению питанием,false,,,,,,,,342000,1031,,,,,3,Предоставление услуг по обеспечению питанием и напитками,АЛМАТИНСКАЯ ОБЛАСТЬ,УЙГУРСКИЙ РАЙОН
448580,Прочая деятельность по обеспечению питанием,false,,,,,,,,342000,1031,,,,,4,Доставка готовой пищи на заказ и прочая деятельность по обеспечению питанием,АЛМАТИНСКАЯ ОБЛАСТЬ,УЙГУРСКИЙ РАЙОН
18951446,"Прочая деятельность по обеспечению питанием, не включенная в другие группировки",true,,,,,,,,342000,1031,,,,,5,Прочая деятельность по обеспечению питанием,АЛМАТИНСКАЯ ОБЛАСТЬ,УЙГУРСКИЙ РАЙОН
448585,Информация и связь,false,,542109000,883,80783000,920,268090000,846,,,,,290000,957,1,Всего,АЛМАТИНСКАЯ ОБЛАСТЬ,УЙГУРСКИЙ РАЙОН
448623,Телекоммуникации,false,,542109000,883,80783000,920,268090000,846,,,,,290000,957,2,Информация и связь,АЛМАТИНСКАЯ ОБЛАСТЬ,УЙГУРСКИЙ РАЙОН
18696628,Проводная телекоммуникационная связь,false,,,,62156000,920,,,,,,,,,3,Телекоммуникации,АЛМАТИНСКАЯ ОБЛАСТЬ,УЙГУРСКИЙ РАЙОН
18696629,Проводная телекоммуникационная связь,false,,,,62156000,920,,,,,,,,,4,Проводная телекоммуникационная связь,АЛМАТИНСКАЯ ОБЛАСТЬ,УЙГУРСКИЙ РАЙОН
18946146,Прочая проводная телекоммуникационная связь,true,,,,62156000,920,,,,,,,,,5,Проводная телекоммуникационная связь,АЛМАТИНСКАЯ ОБЛАСТЬ,УЙГУРСКИЙ РАЙОН
448627,Беспроводная телекоммуникационная связь,false,,526129000,883,4937000,920,258650000,846,,,,,290000,957,3,Телекоммуникации,АЛМАТИНСКАЯ ОБЛАСТЬ,УЙГУРСКИЙ РАЙОН
448628,Беспроводная телекоммуникационная связь,false,,526129000,883,4937000,920,258650000,846,,,,,290000,957,4,Беспроводная телекоммуникационная связь,АЛМАТИНСКАЯ ОБЛАСТЬ,УЙГУРСКИЙ РАЙОН
18946149,Прочая беспроводная телекоммуникационная связь,true,,526129000,883,4937000,920,258650000,846,,,,,290000,957,5,Беспроводная телекоммуникационная связь,АЛМАТИНСКАЯ ОБЛАСТЬ,УЙГУРСКИЙ РАЙОН
448633,Прочая деятельность в области телекоммуникаций,false,,x,883,x,920,9440000,846,,,,,,,3,Телекоммуникации,АЛМАТИНСКАЯ ОБЛАСТЬ,УЙГУРСКИЙ РАЙОН
448634,Прочая деятельность в области телекоммуникаций,false,,x,883,x,920,9440000,846,,,,,,,4,Прочая деятельность в области телекоммуникаций,АЛМАТИНСКАЯ ОБЛАСТЬ,УЙГУРСКИЙ РАЙОН
18946154,"Прочая деятельность в области телекоммуникаций, не включенная в другие группировки",true,,x,883,x,920,9440000,846,,,,,,,5,Прочая деятельность в области телекоммуникаций,АЛМАТИНСКАЯ ОБЛАСТЬ,УЙГУРСКИЙ РАЙОН
448714,Операции с недвижимым имуществом,false,,819700000,883,1425631000,920,687672000,846,2896730000,1031,2292590000,994,1479237000,957,1,Всего,АЛМАТИНСКАЯ ОБЛАСТЬ,УЙГУРСКИЙ РАЙОН
448715,Операции с недвижимым имуществом,false,,819700000,883,1425631000,920,687672000,846,2896730000,1031,2292590000,994,1479237000,957,2,Операции с недвижимым имуществом,АЛМАТИНСКАЯ ОБЛАСТЬ,УЙГУРСКИЙ РАЙОН
448716,Покупка и продажа собственного недвижимого имущества ,false,,819700000,883,1425631000,920,687672000,846,2896730000,1031,2292590000,994,1479237000,957,3,Операции с недвижимым имуществом,АЛМАТИНСКАЯ ОБЛАСТЬ,УЙГУРСКИЙ РАЙОН
448717,Покупка и продажа собственного недвижимого имущества ,false,,819700000,883,1425631000,920,687672000,846,2896730000,1031,2292590000,994,1479237000,957,4,Покупка и продажа собственного недвижимого имущества ,АЛМАТИНСКАЯ ОБЛАСТЬ,УЙГУРСКИЙ РАЙОН
543091,Покупка и продажа многоквартирных и жилых домов (особняков),true,,819700000,883,1425631000,920,687504000,846,2896730000,1031,2292590000,994,1479237000,957,5,Покупка и продажа собственного недвижимого имущества ,АЛМАТИНСКАЯ ОБЛАСТЬ,УЙГУРСКИЙ РАЙОН
543092,Покупка и продажа прочей недвижимости,true,,,,,,x,846,,,,,,,5,Покупка и продажа собственного недвижимого имущества ,АЛМАТИНСКАЯ ОБЛАСТЬ,УЙГУРСКИЙ РАЙОН
448728,"Профессиональная, научная и техническая деятельность",false,,x,883,,,,,,,,,,,1,Всего,АЛМАТИНСКАЯ ОБЛАСТЬ,УЙГУРСКИЙ РАЙОН
448738,Деятельность головных компаний; консультирование по вопросам управления ,false,,x,883,,,,,,,,,,,2,"Профессиональная, научная и техническая деятельность",АЛМАТИНСКАЯ ОБЛАСТЬ,УЙГУРСКИЙ РАЙОН
448739,Деятельность головных компаний,false,,x,883,,,,,,,,,,,3,Деятельность головных компаний; консультирование по вопросам управления ,АЛМАТИНСКАЯ ОБЛАСТЬ,УЙГУРСКИЙ РАЙОН
448740,Деятельность головных компаний,false,,x,883,,,,,,,,,,,4,Деятельность головных компаний,АЛМАТИНСКАЯ ОБЛАСТЬ,УЙГУРСКИЙ РАЙОН
18946176,Деятельность прочих головных компаний,true,,x,883,,,,,,,,,,,5,Деятельность головных компаний,АЛМАТИНСКАЯ ОБЛАСТЬ,УЙГУРСКИЙ РАЙОН
448797,Деятельность в области административного и вспомогательного обслуживания,false,,103200000,883,x,920,,,458677000,1031,,,,,1,Всего,АЛМАТИНСКАЯ ОБЛАСТЬ,УЙГУРСКИЙ РАЙОН
448856,Деятельность по обслуживанию зданий и благоустройству территорий,false,,103200000,883,x,920,,,458677000,1031,,,,,2,Деятельность в области административного и вспомогательного обслуживания,АЛМАТИНСКАЯ ОБЛАСТЬ,УЙГУРСКИЙ РАЙОН
448867,Деятельность по благоустройству территорий,false,,103200000,883,x,920,,,458677000,1031,,,,,3,Деятельность по обслуживанию зданий и благоустройству территорий,АЛМАТИНСКАЯ ОБЛАСТЬ,УЙГУРСКИЙ РАЙОН
448868,Деятельность по благоустройству территорий,false,,103200000,883,x,920,,,458677000,1031,,,,,4,Деятельность по благоустройству территорий,АЛМАТИНСКАЯ ОБЛАСТЬ,УЙГУРСКИЙ РАЙОН
448869,Деятельность по благоустройству территорий,true,,103200000,883,x,920,,,458677000,1031,,,,,5,Деятельность по благоустройству территорий,АЛМАТИНСКАЯ ОБЛАСТЬ,УЙГУРСКИЙ РАЙОН
448889,Государственное управление и оборона; обязательное  социальное обеспечение,false,,x,883,,,,,3354412000,1031,2231438000,994,161038000,957,1,Всего,АЛМАТИНСКАЯ ОБЛАСТЬ,УЙГУРСКИЙ РАЙОН
448890,Государственное управление и оборона; обязательное социальное обеспечение,false,,x,883,,,,,3354412000,1031,2231438000,994,161038000,957,2,Государственное управление и оборона; обязательное  социальное обеспечение,АЛМАТИНСКАЯ ОБЛАСТЬ,УЙГУРСКИЙ РАЙОН
448891,Государственное управление общего характера и управление социально-экономическое политикой общества,false,,x,883,,,,,3204412000,1031,2103730000,994,161038000,957,3,Государственное управление и оборона; обязательное социальное обеспечение,АЛМАТИНСКАЯ ОБЛАСТЬ,УЙГУРСКИЙ РАЙОН
448892,Государственное управление общего характера,false,,,,,,,,3169342000,1031,2099055000,994,161038000,957,4,Государственное управление общего характера и управление социально-экономическое политикой общества,АЛМАТИНСКАЯ ОБЛАСТЬ,УЙГУРСКИЙ РАЙОН
448894,Деятельность региональных органов управления,true,,,,,,,,209495000,1031,,,,,5,Государственное управление общего характера,АЛМАТИНСКАЯ ОБЛАСТЬ,УЙГУРСКИЙ РАЙОН
448895,Деятельность местных органов управления,true,,,,,,,,170164000,1031,,,,,5,Государственное управление общего характера,АЛМАТИНСКАЯ ОБЛАСТЬ,УЙГУРСКИЙ РАЙОН
448898,Деятельность таможни,true,,,,,,,,2789683000,1031,2099055000,994,161038000,957,5,Государственное управление общего характера,АЛМАТИНСКАЯ ОБЛАСТЬ,УЙГУРСКИЙ РАЙОН
448900,"Регулирование деятельности учреждений здравоохранения, образования, культуры и других социальных услуг, кроме социального обеспечения ",false,,x,883,,,,,,,,,,,4,Государственное управление общего характера и управление социально-экономическое политикой общества,АЛМАТИНСКАЯ ОБЛАСТЬ,УЙГУРСКИЙ РАЙОН
448901,"Регулирование деятельности учреждений здравоохранения, образования, культуры и других социальных услуг, кроме социального обеспечения ",true,,x,883,,,,,,,,,,,5,"Регулирование деятельности учреждений здравоохранения, образования, культуры и других социальных услуг, кроме социального обеспечения ",АЛМАТИНСКАЯ ОБЛАСТЬ,УЙГУРСКИЙ РАЙОН
448902,Регулирование и содействие эффективному ведению экономической деятельности,false,,,,,,,,35070000,1031,4675000,994,,,4,Государственное управление общего характера и управление социально-экономическое политикой общества,АЛМАТИНСКАЯ ОБЛАСТЬ,УЙГУРСКИЙ РАЙОН
448903,Регулирование и содействие эффективному ведению экономической деятельности,true,,,,,,,,35070000,1031,4675000,994,,,5,Регулирование и содействие эффективному ведению экономической деятельности,АЛМАТИНСКАЯ ОБЛАСТЬ,УЙГУРСКИЙ РАЙОН
448904,Предоставление государством услуг обществу в целом,false,,,,,,,,150000000,1031,127708000,994,,,3,Государственное управление и оборона; обязательное социальное обеспечение,АЛМАТИНСКАЯ ОБЛАСТЬ,УЙГУРСКИЙ РАЙОН
448909,Деятельность в области юстиции и правосудия,false,,,,,,,,150000000,1031,127708000,994,,,4,Предоставление государством услуг обществу в целом,АЛМАТИНСКАЯ ОБЛАСТЬ,УЙГУРСКИЙ РАЙОН
448910,Деятельность в области юстиции и правосудия,true,,,,,,,,150000000,1031,127708000,994,,,5,Деятельность в области юстиции и правосудия,АЛМАТИНСКАЯ ОБЛАСТЬ,УЙГУРСКИЙ РАЙОН
448918,Образование,false,,551539000,883,302000000,920,789968000,846,1076992000,1031,1634617000,994,1086197000,957,1,Всего,АЛМАТИНСКАЯ ОБЛАСТЬ,УЙГУРСКИЙ РАЙОН
448919,Образование,false,,551539000,883,302000000,920,789968000,846,1076992000,1031,1634617000,994,1086197000,957,2,Образование,АЛМАТИНСКАЯ ОБЛАСТЬ,УЙГУРСКИЙ РАЙОН
448923,Начальное образование (1-й уровень),false,,,,,,,,1008098000,1031,,,,,3,Образование,АЛМАТИНСКАЯ ОБЛАСТЬ,УЙГУРСКИЙ РАЙОН
448924,Начальное образование (1-й уровень),false,,,,,,,,1008098000,1031,,,,,4,Начальное образование (1-й уровень),АЛМАТИНСКАЯ ОБЛАСТЬ,УЙГУРСКИЙ РАЙОН
448925,Начальное образование (1-й уровень),true,,,,,,,,1008098000,1031,,,,,5,Начальное образование (1-й уровень),АЛМАТИНСКАЯ ОБЛАСТЬ,УЙГУРСКИЙ РАЙОН
448926,Среднее образование (2-й и 3-й уровни),false,,551539000,883,302000000,920,789968000,846,68894000,1031,1634617000,994,1086197000,957,3,Образование,АЛМАТИНСКАЯ ОБЛАСТЬ,УЙГУРСКИЙ РАЙОН
448927,Основное и общее среднее образование,false,,551539000,883,302000000,920,789968000,846,68894000,1031,1634617000,994,1086197000,957,4,Среднее образование (2-й и 3-й уровни),АЛМАТИНСКАЯ ОБЛАСТЬ,УЙГУРСКИЙ РАЙОН
448928,Основное и общее среднее образование,true,,551539000,883,302000000,920,789968000,846,68894000,1031,1634617000,994,1086197000,957,5,Основное и общее среднее образование,АЛМАТИНСКАЯ ОБЛАСТЬ,УЙГУРСКИЙ РАЙОН
448950,Здравоохранение и социальное обслуживание населения,false,,78905000,883,8013000,920,255170000,846,1878155000,1031,294767000,994,14078000,957,1,Всего,АЛМАТИНСКАЯ ОБЛАСТЬ,УЙГУРСКИЙ РАЙОН
448951,Деятельность в области здравоохранения,false,,78905000,883,8013000,920,255170000,846,1878155000,1031,294767000,994,14078000,957,2,Здравоохранение и социальное обслуживание населения,АЛМАТИНСКАЯ ОБЛАСТЬ,УЙГУРСКИЙ РАЙОН
448952,Деятельность больничных организаций,false,,,,,,,,,,284767000,994,x,957,3,Деятельность в области здравоохранения,АЛМАТИНСКАЯ ОБЛАСТЬ,УЙГУРСКИЙ РАЙОН
448953,Деятельность больничных организаций,false,,,,,,,,,,284767000,994,x,957,4,Деятельность больничных организаций,АЛМАТИНСКАЯ ОБЛАСТЬ,УЙГУРСКИЙ РАЙОН
448954,Деятельность больниц широкого профиля и специализированных больниц,true,,,,,,,,,,284767000,994,x,957,5,Деятельность больничных организаций,АЛМАТИНСКАЯ ОБЛАСТЬ,УЙГУРСКИЙ РАЙОН
448959,Деятельность в области врачебной практики и стоматологии,false,,78905000,883,,,255170000,846,1878155000,1031,10000000,994,,,3,Деятельность в области здравоохранения,АЛМАТИНСКАЯ ОБЛАСТЬ,УЙГУРСКИЙ РАЙОН
448960,Общая врачебная практика,false,,78905000,883,,,255170000,846,1878155000,1031,10000000,994,,,4,Деятельность в области врачебной практики и стоматологии,АЛМАТИНСКАЯ ОБЛАСТЬ,УЙГУРСКИЙ РАЙОН
448961,Общая врачебная практика,true,,78905000,883,,,255170000,846,1878155000,1031,10000000,994,,,5,Общая врачебная практика,АЛМАТИНСКАЯ ОБЛАСТЬ,УЙГУРСКИЙ РАЙОН
448966,Прочая деятельность в области здравоохранения ,false,,,,8013000,920,,,,,,,1000000,957,3,Деятельность в области здравоохранения,АЛМАТИНСКАЯ ОБЛАСТЬ,УЙГУРСКИЙ РАЙОН
448967,Прочая деятельность в области здравоохранения ,false,,,,8013000,920,,,,,,,1000000,957,4,Прочая деятельность в области здравоохранения ,АЛМАТИНСКАЯ ОБЛАСТЬ,УЙГУРСКИЙ РАЙОН
448968,Прочая деятельность в области здравоохранения ,true,,,,8013000,920,,,,,,,1000000,957,5,Прочая деятельность в области здравоохранения ,АЛМАТИНСКАЯ ОБЛАСТЬ,УЙГУРСКИЙ РАЙОН
448991,"Искусство, развлечения и отдых",false,,520437000,883,2941000,920,318825000,846,1887019000,1031,287994000,994,747505000,957,1,Всего,АЛМАТИНСКАЯ ОБЛАСТЬ,УЙГУРСКИЙ РАЙОН
449022,"Деятельность в области спорта, организации отдыха и развлечений",false,,520437000,883,2941000,920,318825000,846,1887019000,1031,287994000,994,747505000,957,2,"Искусство, развлечения и отдых",АЛМАТИНСКАЯ ОБЛАСТЬ,УЙГУРСКИЙ РАЙОН
449023,Деятельность в области спорта,false,,520437000,883,2941000,920,318825000,846,1450646000,1031,270432000,994,503779000,957,3,"Деятельность в области спорта, организации отдыха и развлечений",АЛМАТИНСКАЯ ОБЛАСТЬ,УЙГУРСКИЙ РАЙОН
449026,Деятельность спортивных клубов,false,,520437000,883,2941000,920,318825000,846,12876000,1031,209190000,994,503779000,957,4,Деятельность в области спорта,АЛМАТИНСКАЯ ОБЛАСТЬ,УЙГУРСКИЙ РАЙОН
449027,Деятельность спортивных клубов,true,,520437000,883,2941000,920,318825000,846,12876000,1031,209190000,994,503779000,957,5,Деятельность спортивных клубов,АЛМАТИНСКАЯ ОБЛАСТЬ,УЙГУРСКИЙ РАЙОН
449028,Деятельность фитнес-клубов,false,,,,,,,,x,1031,x,994,,,4,Деятельность в области спорта,АЛМАТИНСКАЯ ОБЛАСТЬ,УЙГУРСКИЙ РАЙОН
449029,Деятельность фитнес-клубов,true,,,,,,,,x,1031,x,994,,,5,Деятельность фитнес-клубов,АЛМАТИНСКАЯ ОБЛАСТЬ,УЙГУРСКИЙ РАЙОН
449032,Деятельность по организации отдыха и развлечений,false,,,,,,,,436373000,1031,17562000,994,243726000,957,3,"Деятельность в области спорта, организации отдыха и развлечений",АЛМАТИНСКАЯ ОБЛАСТЬ,УЙГУРСКИЙ РАЙОН
449035,Прочая деятельность по организации отдыха и развлечений,false,,,,,,,,436373000,1031,17562000,994,243726000,957,4,Деятельность по организации отдыха и развлечений,АЛМАТИНСКАЯ ОБЛАСТЬ,УЙГУРСКИЙ РАЙОН
449036,"Деятельность танцевальных залов, дискотек",true,,,,,,,,,,,,243726000,957,5,Прочая деятельность по организации отдыха и развлечений,АЛМАТИНСКАЯ ОБЛАСТЬ,УЙГУРСКИЙ РАЙОН
449039,Прочие виды деятельности по организации отдыха и развлечений,true,,,,,,,,436373000,1031,17562000,994,,,5,Прочая деятельность по организации отдыха и развлечений,АЛМАТИНСКАЯ ОБЛАСТЬ,УЙГУРСКИЙ РАЙОН
741340,Промышленность,false,,2874840000,883,1909705000,920,2064440000,846,7531806000,1031,3321752000,994,856532000,957,1,Всего,АЛМАТИНСКАЯ ОБЛАСТЬ,УЙГУРСКИЙ РАЙОН
447279,Горнодобывающая промышленность и разработка карьеров,false,,,,,,x,846,285641000,1031,,,,,2,Промышленность,АЛМАТИНСКАЯ ОБЛАСТЬ,УЙГУРСКИЙ РАЙОН
447316,Добыча прочих полезных ископаемых,false,,,,,,,,285641000,1031,,,,,3,Горнодобывающая промышленность и разработка карьеров,АЛМАТИНСКАЯ ОБЛАСТЬ,УЙГУРСКИЙ РАЙОН
447325,"Добыча полезных ископаемых, не включенных в другие группировки",false,,,,,,,,285641000,1031,,,,,4,Добыча прочих полезных ископаемых,АЛМАТИНСКАЯ ОБЛАСТЬ,УЙГУРСКИЙ РАЙОН
447330,Добыча соли,false,,,,,,,,285641000,1031,,,,,5,"Добыча полезных ископаемых, не включенных в другие группировки",АЛМАТИНСКАЯ ОБЛАСТЬ,УЙГУРСКИЙ РАЙОН
447339,Предоставление услуг в горнодобывающей промышленности,false,,,,,,x,846,,,,,,,3,Горнодобывающая промышленность и разработка карьеров,АЛМАТИНСКАЯ ОБЛАСТЬ,УЙГУРСКИЙ РАЙОН
447343,"Предоставление услуг, способствующих добыче других полезных ископаемых",false,,,,,,x,846,,,,,,,4,Предоставление услуг в горнодобывающей промышленности,АЛМАТИНСКАЯ ОБЛАСТЬ,УЙГУРСКИЙ РАЙОН
447344,"Предоставление услуг, способствующих добыче других полезных ископаемых",false,,,,,,x,846,,,,,,,5,"Предоставление услуг, способствующих добыче других полезных ископаемых",АЛМАТИНСКАЯ ОБЛАСТЬ,УЙГУРСКИЙ РАЙОН
447346,Обрабатывающая промышленность,false,,x,883,676414000,920,17318000,846,9998000,1031,337843000,994,x,957,2,Промышленность,АЛМАТИНСКАЯ ОБЛАСТЬ,УЙГУРСКИЙ РАЙОН
447413,Производство напитков,false,,,,,,x,846,,,,,,,3,Обрабатывающая промышленность,АЛМАТИНСКАЯ ОБЛАСТЬ,УЙГУРСКИЙ РАЙОН
447414,Производство напитков,false,,,,,,x,846,,,,,,,4,Производство напитков,АЛМАТИНСКАЯ ОБЛАСТЬ,УЙГУРСКИЙ РАЙОН
447417,Производство вина из винограда,false,,,,,,x,846,,,,,,,5,Производство напитков,АЛМАТИНСКАЯ ОБЛАСТЬ,УЙГУРСКИЙ РАЙОН
447646,Производство прочей не металлической минеральной продукции,false,,x,883,676414000,920,x,846,9998000,1031,337843000,994,x,957,3,Обрабатывающая промышленность,АЛМАТИНСКАЯ ОБЛАСТЬ,УЙГУРСКИЙ РАЙОН
447688,"Производство изделий из бетона, цемента и строительного гипса ",false,,x,883,676414000,920,x,846,9998000,1031,337843000,994,x,957,4,Производство прочей не металлической минеральной продукции,АЛМАТИНСКАЯ ОБЛАСТЬ,УЙГУРСКИЙ РАЙОН
447695,Производство товарного бетона ,false,,x,883,676414000,920,x,846,9998000,1031,337843000,994,x,957,5,"Производство изделий из бетона, цемента и строительного гипса ",АЛМАТИНСКАЯ ОБЛАСТЬ,УЙГУРСКИЙ РАЙОН
448090,"Снабжение электроэнергией, газом, паром, горячей водой и кондиционированным воздухом",false,,2107250000,883,635469000,920,1666352000,846,380384000,1031,1473468000,994,664596000,957,2,Промышленность,АЛМАТИНСКАЯ ОБЛАСТЬ,УЙГУРСКИЙ РАЙОН
448091,"Снабжение электроэнергией, газом, паром, горячей водой и кондиционированным воздухом",false,,2107250000,883,635469000,920,1666352000,846,380384000,1031,1473468000,994,664596000,957,3,"Снабжение электроэнергией, газом, паром, горячей водой и кондиционированным воздухом",АЛМАТИНСКАЯ ОБЛАСТЬ,УЙГУРСКИЙ РАЙОН
448092,"Производство, передача и распределение электроэнергии",false,,10500000,883,516875000,920,,,189614000,1031,82998000,994,24160000,957,4,"Снабжение электроэнергией, газом, паром, горячей водой и кондиционированным воздухом",АЛМАТИНСКАЯ ОБЛАСТЬ,УЙГУРСКИЙ РАЙОН
448098,Передача электроэнергии,false,,,,,,,,16988000,1031,82998000,994,,,5,"Производство, передача и распределение электроэнергии",АЛМАТИНСКАЯ ОБЛАСТЬ,УЙГУРСКИЙ РАЙОН
448100,Распределение электроэнергии,false,,10500000,883,516875000,920,,,172626000,1031,,,24160000,957,5,"Производство, передача и распределение электроэнергии",АЛМАТИНСКАЯ ОБЛАСТЬ,УЙГУРСКИЙ РАЙОН
448104,Производство и распределение газообразного топлива по трубопроводам,false,,2096750000,883,118594000,920,1666352000,846,190770000,1031,1390470000,994,640436000,957,4,"Снабжение электроэнергией, газом, паром, горячей водой и кондиционированным воздухом",АЛМАТИНСКАЯ ОБЛАСТЬ,УЙГУРСКИЙ РАЙОН
448105,Производство газообразного топлива,false,,,,1968000,920,,,,,,,,,5,Производство и распределение газообразного топлива по трубопроводам,АЛМАТИНСКАЯ ОБЛАСТЬ,УЙГУРСКИЙ РАЙОН
448107,Распределение газообразного топлива по трубопроводам,false,,881883000,883,71360000,920,1666352000,846,190770000,1031,1326987000,994,639504000,957,5,Производство и распределение газообразного топлива по трубопроводам,АЛМАТИНСКАЯ ОБЛАСТЬ,УЙГУРСКИЙ РАЙОН
448109,Продажа газообразного топлива по трубопроводам,false,,1214867000,883,45266000,920,,,,,63483000,994,932000,957,5,Производство и распределение газообразного топлива по трубопроводам,АЛМАТИНСКАЯ ОБЛАСТЬ,УЙГУРСКИЙ РАЙОН
448117,"Водоснабжение; сбор, обработка и удаление отходов, деятельность по ликвидации загрязнений",false,,759524000,883,597822000,920,380287000,846,6855783000,1031,1510441000,994,107007000,957,2,Промышленность,АЛМАТИНСКАЯ ОБЛАСТЬ,УЙГУРСКИЙ РАЙОН
448118,"Сбор, обработка и распределение воды",false,,744906000,883,583354000,920,380287000,846,6855783000,1031,1510441000,994,107007000,957,3,"Водоснабжение; сбор, обработка и удаление отходов, деятельность по ликвидации загрязнений",АЛМАТИНСКАЯ ОБЛАСТЬ,УЙГУРСКИЙ РАЙОН
448119,"Сбор, обработка и распределение воды",false,,744906000,883,583354000,920,380287000,846,6855783000,1031,1510441000,994,107007000,957,4,"Сбор, обработка и распределение воды",АЛМАТИНСКАЯ ОБЛАСТЬ,УЙГУРСКИЙ РАЙОН
448120,"Сбор, обработка и распределение воды",false,,744906000,883,583354000,920,380287000,846,6855783000,1031,1510441000,994,107007000,957,5,"Сбор, обработка и распределение воды",АЛМАТИНСКАЯ ОБЛАСТЬ,УЙГУРСКИЙ РАЙОН
448122,Сбор и обработка сточных вод,false,,,,14468000,920,,,,,,,,,3,"Водоснабжение; сбор, обработка и удаление отходов, деятельность по ликвидации загрязнений",АЛМАТИНСКАЯ ОБЛАСТЬ,УЙГУРСКИЙ РАЙОН
448123,Сбор и обработка сточных вод,false,,,,14468000,920,,,,,,,,,4,Сбор и обработка сточных вод,АЛМАТИНСКАЯ ОБЛАСТЬ,УЙГУРСКИЙ РАЙОН
448124,Сбор и обработка сточных вод,false,,,,14468000,920,,,,,,,,,5,Сбор и обработка сточных вод,АЛМАТИНСКАЯ ОБЛАСТЬ,УЙГУРСКИЙ РАЙОН
448126,"Сбор, обработка и удаление отходов; утилизация (восстановление) материалов",false,,x,883,,,,,,,,,,,3,"Водоснабжение; сбор, обработка и удаление отходов, деятельность по ликвидации загрязнений",АЛМАТИНСКАЯ ОБЛАСТЬ,УЙГУРСКИЙ РАЙОН
448127,Сбор отходов,false,,x,883,,,,,,,,,,,4,"Сбор, обработка и удаление отходов; утилизация (восстановление) материалов",АЛМАТИНСКАЯ ОБЛАСТЬ,УЙГУРСКИЙ РАЙОН
448128,Сбор неопасных отходов,false,,x,883,,,,,,,,,,,5,Сбор отходов,АЛМАТИНСКАЯ ОБЛАСТЬ,УЙГУРСКИЙ РАЙОН
741885,Всего,false,,100990121000,883,128515616000,920,84013526000,846,213430327000,1031,186611910000,994,164514646000,957,0,,АЛМАТИНСКАЯ ОБЛАСТЬ,ИЛИЙСКИЙ РАЙОН
447173,"Сельское, лесное и рыбное хозяйство",false,,13486332000,883,9025020000,920,4677691000,846,4454457000,1031,9572174000,994,8192712000,957,1,Всего,АЛМАТИНСКАЯ ОБЛАСТЬ,ИЛИЙСКИЙ РАЙОН
447174,"Растениеводство и животноводство, охота и предоставление услуг в этих областях",false,,13486332000,883,9025020000,920,4677691000,846,4454457000,1031,9572174000,994,8192712000,957,2,"Сельское, лесное и рыбное хозяйство",АЛМАТИНСКАЯ ОБЛАСТЬ,ИЛИЙСКИЙ РАЙОН
447175,Выращивание одно- или двухлетних культур,false,,27323000,883,,,x,846,x,1031,7500000,994,x,957,3,"Растениеводство и животноводство, охота и предоставление услуг в этих областях",АЛМАТИНСКАЯ ОБЛАСТЬ,ИЛИЙСКИЙ РАЙОН
447176,"Выращивание зерновых (кроме риса), бобовых и масличных культур",false,,10500000,883,,,,,x,1031,,,x,957,4,Выращивание одно- или двухлетних культур,АЛМАТИНСКАЯ ОБЛАСТЬ,ИЛИЙСКИЙ РАЙОН
3783380,"Выращивание зерновых и зернобобовых культур, включая семеноводство",true,,10500000,883,,,,,x,1031,,,x,957,5,"Выращивание зерновых (кроме риса), бобовых и масличных культур",АЛМАТИНСКАЯ ОБЛАСТЬ,ИЛИЙСКИЙ РАЙОН
447192,Выращивание прочих одно- или двухлетних культур,false,,16823000,883,,,x,846,,,7500000,994,,,4,Выращивание одно- или двухлетних культур,АЛМАТИНСКАЯ ОБЛАСТЬ,ИЛИЙСКИЙ РАЙОН
447193,Выращивание кормовых культур и их семян,true,,,,,,,,,,7500000,994,,,5,Выращивание прочих одно- или двухлетних культур,АЛМАТИНСКАЯ ОБЛАСТЬ,ИЛИЙСКИЙ РАЙОН
447194,"Выращивание цветов, семеноводство цветочных культур",true,,x,883,,,x,846,,,,,,,5,Выращивание прочих одно- или двухлетних культур,АЛМАТИНСКАЯ ОБЛАСТЬ,ИЛИЙСКИЙ РАЙОН
447195,"Выращивание прочих одно- или двухлетних культур, не включенных в другие группировки",true,,10000000,883,,,,,,,,,,,5,Выращивание прочих одно- или двухлетних культур,АЛМАТИНСКАЯ ОБЛАСТЬ,ИЛИЙСКИЙ РАЙОН
447196,Выращивание многолетних культур,false,,,,x,920,x,846,,,3561006000,994,x,957,3,"Растениеводство и животноводство, охота и предоставление услуг в этих областях",АЛМАТИНСКАЯ ОБЛАСТЬ,ИЛИЙСКИЙ РАЙОН
447203,Выращивание семечковых и косточковых плодов,false,,,,,,,,,,x,994,,,4,Выращивание многолетних культур,АЛМАТИНСКАЯ ОБЛАСТЬ,ИЛИЙСКИЙ РАЙОН
447204,Выращивание семечковых и косточковых плодов,true,,,,,,,,,,x,994,,,5,Выращивание семечковых и косточковых плодов,АЛМАТИНСКАЯ ОБЛАСТЬ,ИЛИЙСКИЙ РАЙОН
447205,"Выращивание прочих плодов, ягод и орехов",false,,,,x,920,x,846,,,3554056000,994,x,957,4,Выращивание многолетних культур,АЛМАТИНСКАЯ ОБЛАСТЬ,ИЛИЙСКИЙ РАЙОН
447206,"Выращивание прочих плодов, ягод и орехов",true,,,,x,920,x,846,,,3554056000,994,x,957,5,"Выращивание прочих плодов, ягод и орехов",АЛМАТИНСКАЯ ОБЛАСТЬ,ИЛИЙСКИЙ РАЙОН
447218,Животноводство,false,,13272817000,883,8663971000,920,4395411000,846,4009977000,1031,5717715000,994,7211130000,957,3,"Растениеводство и животноводство, охота и предоставление услуг в этих областях",АЛМАТИНСКАЯ ОБЛАСТЬ,ИЛИЙСКИЙ РАЙОН
447221,Разведение прочего крупного рогатого скота и буйволов,false,,16241000,883,,,,,x,1031,x,994,,,4,Животноводство,АЛМАТИНСКАЯ ОБЛАСТЬ,ИЛИЙСКИЙ РАЙОН
447222,Разведение прочего крупного рогатого скота и буйволов,true,,16241000,883,,,,,x,1031,x,994,,,5,Разведение прочего крупного рогатого скота и буйволов,АЛМАТИНСКАЯ ОБЛАСТЬ,ИЛИЙСКИЙ РАЙОН
447226,Разведение верблюдов и прочих животных семейства верблюжьих,false,,x,883,1372978000,920,x,846,254354000,1031,181511000,994,x,957,4,Животноводство,АЛМАТИНСКАЯ ОБЛАСТЬ,ИЛИЙСКИЙ РАЙОН
447227,Разведение верблюдов и прочих животных семейства верблюжьих,true,,x,883,1372978000,920,x,846,254354000,1031,181511000,994,x,957,5,Разведение верблюдов и прочих животных семейства верблюжьих,АЛМАТИНСКАЯ ОБЛАСТЬ,ИЛИЙСКИЙ РАЙОН
447228,Разведение овец и коз,false,,x,883,x,920,,,x,1031,x,994,x,957,4,Животноводство,АЛМАТИНСКАЯ ОБЛАСТЬ,ИЛИЙСКИЙ РАЙОН
447229,Разведение овец и коз,true,,x,883,x,920,,,x,1031,x,994,x,957,5,Разведение овец и коз,АЛМАТИНСКАЯ ОБЛАСТЬ,ИЛИЙСКИЙ РАЙОН
447230,Разведение свиней,false,,x,883,38309000,920,,,,,,,,,4,Животноводство,АЛМАТИНСКАЯ ОБЛАСТЬ,ИЛИЙСКИЙ РАЙОН
447231,Разведение свиней,true,,x,883,38309000,920,,,,,,,,,5,Разведение свиней,АЛМАТИНСКАЯ ОБЛАСТЬ,ИЛИЙСКИЙ РАЙОН
447232,Разведение сельскохозяйственной птицы ,false,,12961982000,883,7233629000,920,4364508000,846,3165506000,1031,5041158000,994,7191727000,957,4,Животноводство,АЛМАТИНСКАЯ ОБЛАСТЬ,ИЛИЙСКИЙ РАЙОН
447233,"Разведение птицы на мясо, племенной птицы и молодняка",true,,5674072000,883,x,920,,,,,,,x,957,5,Разведение сельскохозяйственной птицы ,АЛМАТИНСКАЯ ОБЛАСТЬ,ИЛИЙСКИЙ РАЙОН
447234,Производство яиц,true,,24371000,883,,,x,846,,,x,994,x,957,5,Разведение сельскохозяйственной птицы ,АЛМАТИНСКАЯ ОБЛАСТЬ,ИЛИЙСКИЙ РАЙОН
447235,"Производство смешанное, мясояичное",true,,7263539000,883,4299120000,920,4364008000,846,3165506000,1031,4423074000,994,3421128000,957,5,Разведение сельскохозяйственной птицы ,АЛМАТИНСКАЯ ОБЛАСТЬ,ИЛИЙСКИЙ РАЙОН
447237,Разведение прочих видов животных,false,,,,18850000,920,,,,,x,994,,,4,Животноводство,АЛМАТИНСКАЯ ОБЛАСТЬ,ИЛИЙСКИЙ РАЙОН
447238,Разведение прочих видов животных,true,,,,18850000,920,,,,,x,994,,,5,Разведение прочих видов животных,АЛМАТИНСКАЯ ОБЛАСТЬ,ИЛИЙСКИЙ РАЙОН
447239,Смешанное сельское хозяйство,false,,186192000,883,360692000,920,278962000,846,347264000,1031,232793000,994,686280000,957,3,"Растениеводство и животноводство, охота и предоставление услуг в этих областях",АЛМАТИНСКАЯ ОБЛАСТЬ,ИЛИЙСКИЙ РАЙОН
447240,Смешанное сельское хозяйство,false,,186192000,883,360692000,920,278962000,846,347264000,1031,232793000,994,686280000,957,4,Смешанное сельское хозяйство,АЛМАТИНСКАЯ ОБЛАСТЬ,ИЛИЙСКИЙ РАЙОН
447241,Смешанное сельское хозяйство,true,,186192000,883,360692000,920,278962000,846,347264000,1031,232793000,994,686280000,957,5,Смешанное сельское хозяйство,АЛМАТИНСКАЯ ОБЛАСТЬ,ИЛИЙСКИЙ РАЙОН
18683346,"Деятельность, способствующая выращиванию сельскохозяйственных культур и разведению животных и деятельность по обработке урожая",false,,,,,,,,86836000,1031,53160000,994,,,3,"Растениеводство и животноводство, охота и предоставление услуг в этих областях",АЛМАТИНСКАЯ ОБЛАСТЬ,ИЛИЙСКИЙ РАЙОН
18683352,Деятельность по обработке урожая,false,,,,,,,,86836000,1031,53160000,994,,,4,"Деятельность, способствующая выращиванию сельскохозяйственных культур и разведению животных и деятельность по обработке урожая",АЛМАТИНСКАЯ ОБЛАСТЬ,ИЛИЙСКИЙ РАЙОН
18683353,Деятельность по обработке урожая,true,,,,,,,,86836000,1031,53160000,994,,,5,Деятельность по обработке урожая,АЛМАТИНСКАЯ ОБЛАСТЬ,ИЛИЙСКИЙ РАЙОН
448148,Строительство,false,,1233528000,883,508151000,920,243458000,846,1056257000,1031,535946000,994,330456000,957,1,Всего,АЛМАТИНСКАЯ ОБЛАСТЬ,ИЛИЙСКИЙ РАЙОН
18710963,Строительство зданий,false,,557751000,883,10339000,920,994000,846,22940000,1031,37160000,994,41348000,957,2,Строительство,АЛМАТИНСКАЯ ОБЛАСТЬ,ИЛИЙСКИЙ РАЙОН
18710964,Разработка строительных проектов,false,,x,883,,,,,,,,,,,3,Строительство зданий,АЛМАТИНСКАЯ ОБЛАСТЬ,ИЛИЙСКИЙ РАЙОН
18710965,Разработка строительных проектов,false,,x,883,,,,,,,,,,,4,Разработка строительных проектов,АЛМАТИНСКАЯ ОБЛАСТЬ,ИЛИЙСКИЙ РАЙОН
18710966,Разработка строительных проектов,true,,x,883,,,,,,,,,,,5,Разработка строительных проектов,АЛМАТИНСКАЯ ОБЛАСТЬ,ИЛИЙСКИЙ РАЙОН
18710967,Строительство жилых и нежилых зданий,false,,57751000,883,10339000,920,994000,846,22940000,1031,37160000,994,41348000,957,3,Строительство зданий,АЛМАТИНСКАЯ ОБЛАСТЬ,ИЛИЙСКИЙ РАЙОН
18710968,Строительство жилых и нежилых зданий,false,,57751000,883,10339000,920,994000,846,22940000,1031,37160000,994,41348000,957,4,Строительство жилых и нежилых зданий,АЛМАТИНСКАЯ ОБЛАСТЬ,ИЛИЙСКИЙ РАЙОН
18710969,Строительство жилых зданий,true,,42680000,883,10339000,920,780000,846,4847000,1031,19188000,994,x,957,5,Строительство жилых и нежилых зданий,АЛМАТИНСКАЯ ОБЛАСТЬ,ИЛИЙСКИЙ РАЙОН
18801543,"Строительство нежилых зданий, за исключением стационарных торговых объектов категорий 1, 2",true,,15071000,883,,,x,846,x,1031,x,994,x,957,5,Строительство жилых и нежилых зданий,АЛМАТИНСКАЯ ОБЛАСТЬ,ИЛИЙСКИЙ РАЙОН
448157,Гражданское строительство,false,,305341000,883,116395000,920,236038000,846,721178000,1031,451826000,994,141334000,957,2,Строительство,АЛМАТИНСКАЯ ОБЛАСТЬ,ИЛИЙСКИЙ РАЙОН
448158,Строительство автомобильных и железных дорог,false,,300001000,883,113771000,920,227403000,846,705081000,1031,355328000,994,130782000,957,3,Гражданское строительство,АЛМАТИНСКАЯ ОБЛАСТЬ,ИЛИЙСКИЙ РАЙОН
18696143,Строительство автомобильных дорог,false,,267263000,883,72845000,920,145023000,846,71454000,1031,68081000,994,1595000,957,4,Строительство автомобильных и железных дорог,АЛМАТИНСКАЯ ОБЛАСТЬ,ИЛИЙСКИЙ РАЙОН
18946136,Строительство дорог и автомагистралей,true,,267263000,883,x,920,145023000,846,,,58193000,994,x,957,5,Строительство автомобильных дорог,АЛМАТИНСКАЯ ОБЛАСТЬ,ИЛИЙСКИЙ РАЙОН
18946137,"Деятельность по организации строительства, реконструкции, ремонта, платного движения и содержания автомобильных дорог (участков) общего пользования международного и республиканского значения",true,,,,x,920,,,71454000,1031,x,994,x,957,5,Строительство автомобильных дорог,АЛМАТИНСКАЯ ОБЛАСТЬ,ИЛИЙСКИЙ РАЙОН
448161,Строительство железных дорог и метро,false,,x,883,x,920,x,846,x,1031,x,994,x,957,4,Строительство автомобильных и железных дорог,АЛМАТИНСКАЯ ОБЛАСТЬ,ИЛИЙСКИЙ РАЙОН
448162,Строительство железных дорог и метро,true,,x,883,x,920,x,846,x,1031,x,994,x,957,5,Строительство железных дорог и метро,АЛМАТИНСКАЯ ОБЛАСТЬ,ИЛИЙСКИЙ РАЙОН
448163,Строительство мостов и туннелей,false,,,,x,920,,,,,,,,,4,Строительство автомобильных и железных дорог,АЛМАТИНСКАЯ ОБЛАСТЬ,ИЛИЙСКИЙ РАЙОН
448164,Строительство мостов и туннелей,true,,,,x,920,,,,,,,,,5,Строительство мостов и туннелей,АЛМАТИНСКАЯ ОБЛАСТЬ,ИЛИЙСКИЙ РАЙОН
448165,Строительство распределительных инженерных сооружений,false,,5340000,883,2624000,920,6527000,846,16097000,1031,12261000,994,x,957,3,Гражданское строительство,АЛМАТИНСКАЯ ОБЛАСТЬ,ИЛИЙСКИЙ РАЙОН
448166,Строительство трубопроводов,false,,1362000,883,2624000,920,6527000,846,,,,,,,4,Строительство распределительных инженерных сооружений,АЛМАТИНСКАЯ ОБЛАСТЬ,ИЛИЙСКИЙ РАЙОН
448168,Строительство трубопроводов для систем водоснабжения и канализации,true,,1362000,883,x,920,x,846,,,,,,,5,Строительство трубопроводов,АЛМАТИНСКАЯ ОБЛАСТЬ,ИЛИЙСКИЙ РАЙОН
448169,Строительство прочих трубопроводов,true,,,,2272000,920,x,846,,,,,,,5,Строительство трубопроводов,АЛМАТИНСКАЯ ОБЛАСТЬ,ИЛИЙСКИЙ РАЙОН
448170,Строительство линий электропередач и телекоммуникаций ,false,,x,883,,,,,16097000,1031,12261000,994,x,957,4,Строительство распределительных инженерных сооружений,АЛМАТИНСКАЯ ОБЛАСТЬ,ИЛИЙСКИЙ РАЙОН
448171,Строительство линий электропередач и телекоммуникаций ,true,,x,883,,,,,16097000,1031,12261000,994,x,957,5,Строительство линий электропередач и телекоммуникаций ,АЛМАТИНСКАЯ ОБЛАСТЬ,ИЛИЙСКИЙ РАЙОН
18696516,Строительство прочих инженерных сооружений,false,,,,,,x,846,,,84237000,994,5880000,957,3,Гражданское строительство,АЛМАТИНСКАЯ ОБЛАСТЬ,ИЛИЙСКИЙ РАЙОН
18696517,"Строительство прочих инженерных сооружений, не включенных в другие группировки",false,,,,,,x,846,,,84237000,994,5880000,957,4,Строительство прочих инженерных сооружений,АЛМАТИНСКАЯ ОБЛАСТЬ,ИЛИЙСКИЙ РАЙОН
18696518,"Строительство прочих инженерных сооружений, не включенных в другие группировки",true,,,,,,x,846,,,84237000,994,5880000,957,5,"Строительство прочих инженерных сооружений, не включенных в другие группировки",АЛМАТИНСКАЯ ОБЛАСТЬ,ИЛИЙСКИЙ РАЙОН
448177,Специализированные строительные работы,false,,370436000,883,381417000,920,6426000,846,312139000,1031,46960000,994,147774000,957,2,Строительство,АЛМАТИНСКАЯ ОБЛАСТЬ,ИЛИЙСКИЙ РАЙОН
448187,"Монтаж и установка электрического, водопроводного и прочего оборудования",false,,313537000,883,329989000,920,3468000,846,x,1031,5482000,994,123014000,957,3,Специализированные строительные работы,АЛМАТИНСКАЯ ОБЛАСТЬ,ИЛИЙСКИЙ РАЙОН
448188,Электромонтажные работы,false,,x,883,,,,,,,,,,,4,"Монтаж и установка электрического, водопроводного и прочего оборудования",АЛМАТИНСКАЯ ОБЛАСТЬ,ИЛИЙСКИЙ РАЙОН
18951435,Прочие электромонтажные работы,true,,x,883,,,,,,,,,,,5,Электромонтажные работы,АЛМАТИНСКАЯ ОБЛАСТЬ,ИЛИЙСКИЙ РАЙОН
448192,Прочие строительно-монтажные работы,false,,311201000,883,329989000,920,3468000,846,x,1031,5482000,994,123014000,957,4,"Монтаж и установка электрического, водопроводного и прочего оборудования",АЛМАТИНСКАЯ ОБЛАСТЬ,ИЛИЙСКИЙ РАЙОН
448194,"Прочие строительно-монтажные работы, не включенные в другие группировки",true,,311201000,883,329989000,920,3468000,846,x,1031,5482000,994,123014000,957,5,Прочие строительно-монтажные работы,АЛМАТИНСКАЯ ОБЛАСТЬ,ИЛИЙСКИЙ РАЙОН
448196,Отделочные работы,false,,,,,,,,x,1031,x,994,,,3,Специализированные строительные работы,АЛМАТИНСКАЯ ОБЛАСТЬ,ИЛИЙСКИЙ РАЙОН
448199,Столярные и плотницкие работы,false,,,,,,,,x,1031,x,994,,,4,Отделочные работы,АЛМАТИНСКАЯ ОБЛАСТЬ,ИЛИЙСКИЙ РАЙОН
448200,Столярные и плотницкие работы,true,,,,,,,,x,1031,x,994,,,5,Столярные и плотницкие работы,АЛМАТИНСКАЯ ОБЛАСТЬ,ИЛИЙСКИЙ РАЙОН
448207,Прочие специализированные строительные работы,false,,x,883,x,920,x,846,,,x,994,x,957,3,Специализированные строительные работы,АЛМАТИНСКАЯ ОБЛАСТЬ,ИЛИЙСКИЙ РАЙОН
448210,"Прочие специализированные строительные работы, не включенные в другие группировки",false,,x,883,x,920,x,846,,,x,994,x,957,4,Прочие специализированные строительные работы,АЛМАТИНСКАЯ ОБЛАСТЬ,ИЛИЙСКИЙ РАЙОН
448214,"Прочие строительные работы, требующие специальной квалификации",true,,x,883,x,920,x,846,,,x,994,x,957,5,"Прочие специализированные строительные работы, не включенные в другие группировки",АЛМАТИНСКАЯ ОБЛАСТЬ,ИЛИЙСКИЙ РАЙОН
448215,Оптовая и розничная торговля; ремонт автомобилей и мотоциклов,false,,1850944000,883,3103995000,920,4808636000,846,7500493000,1031,3397556000,994,2862147000,957,1,Всего,АЛМАТИНСКАЯ ОБЛАСТЬ,ИЛИЙСКИЙ РАЙОН
448216,Оптовая и розничная торговля автомобилями и мотоциклами и их ремонт,false,,102687000,883,312176000,920,93588000,846,2657774000,1031,326767000,994,173677000,957,2,Оптовая и розничная торговля; ремонт автомобилей и мотоциклов,АЛМАТИНСКАЯ ОБЛАСТЬ,ИЛИЙСКИЙ РАЙОН
448217,Торговля автомобилями,false,,x,883,x,920,x,846,2601085000,1031,152142000,994,x,957,3,Оптовая и розничная торговля автомобилями и мотоциклами и их ремонт,АЛМАТИНСКАЯ ОБЛАСТЬ,ИЛИЙСКИЙ РАЙОН
448221,Торговля прочими автотранспортными средствами,false,,x,883,x,920,x,846,2601085000,1031,152142000,994,x,957,4,Торговля автомобилями,АЛМАТИНСКАЯ ОБЛАСТЬ,ИЛИЙСКИЙ РАЙОН
448223,Розничная торговля прочими автотранспортными средствами в торговых объектах с торговой площадью менее 2000 кв.м,true,,x,883,x,920,x,846,2601085000,1031,152142000,994,x,957,5,Торговля прочими автотранспортными средствами,АЛМАТИНСКАЯ ОБЛАСТЬ,ИЛИЙСКИЙ РАЙОН
448224,Техническое обслуживание и ремонт автомобилей,false,,,,,,,,,,,,x,957,3,Оптовая и розничная торговля автомобилями и мотоциклами и их ремонт,АЛМАТИНСКАЯ ОБЛАСТЬ,ИЛИЙСКИЙ РАЙОН
448225,Техническое обслуживание и ремонт автомобилей,false,,,,,,,,,,,,x,957,4,Техническое обслуживание и ремонт автомобилей,АЛМАТИНСКАЯ ОБЛАСТЬ,ИЛИЙСКИЙ РАЙОН
20575904,"Техническое обслуживание и ремонт автомобилей, за исключением произведенных станциями технического обслуживания, находящимися на придорожной полосе",true,,,,,,,,,,,,x,957,5,Техническое обслуживание и ремонт автомобилей,АЛМАТИНСКАЯ ОБЛАСТЬ,ИЛИЙСКИЙ РАЙОН
448227,"Торговля автомобильными деталями, узлами и принадлежностями",false,,84130000,883,67881000,920,89371000,846,56689000,1031,174625000,994,107769000,957,3,Оптовая и розничная торговля автомобилями и мотоциклами и их ремонт,АЛМАТИНСКАЯ ОБЛАСТЬ,ИЛИЙСКИЙ РАЙОН
448228,"Оптовая торговля автомобильными деталями, узлами и принадлежностями",false,,67082000,883,21441000,920,79683000,846,17053000,1031,143090000,994,77054000,957,4,"Торговля автомобильными деталями, узлами и принадлежностями",АЛМАТИНСКАЯ ОБЛАСТЬ,ИЛИЙСКИЙ РАЙОН
448229,"Оптовая торговля автомобильными деталями, узлами и принадлежностями",true,,67082000,883,21441000,920,79683000,846,17053000,1031,143090000,994,77054000,957,5,"Оптовая торговля автомобильными деталями, узлами и принадлежностями",АЛМАТИНСКАЯ ОБЛАСТЬ,ИЛИЙСКИЙ РАЙОН
448230,"Розничная торговля автомобильными деталями, узлами и принадлежностями",false,,x,883,x,920,x,846,39636000,1031,31535000,994,30715000,957,4,"Торговля автомобильными деталями, узлами и принадлежностями",АЛМАТИНСКАЯ ОБЛАСТЬ,ИЛИЙСКИЙ РАЙОН
18951438,"Розничная торговля автомобильными деталями, узлами и принадлежностями в торговых объектах с торговой площадью менее 2000 кв.м",true,,x,883,x,920,x,846,39636000,1031,31535000,994,30715000,957,5,"Розничная торговля автомобильными деталями, узлами и принадлежностями",АЛМАТИНСКАЯ ОБЛАСТЬ,ИЛИЙСКИЙ РАЙОН
448237,"Оптовая торговля, за исключением торговли автомобилями и мотоциклами",false,,655434000,883,1402850000,920,3017976000,846,3201635000,1031,2598703000,994,1399411000,957,2,Оптовая и розничная торговля; ремонт автомобилей и мотоциклов,АЛМАТИНСКАЯ ОБЛАСТЬ,ИЛИЙСКИЙ РАЙОН
448238,Оптовая торговля за вознаграждение или на договорной основе,false,,x,883,,,5341000,846,6045000,1031,,,49366000,957,3,"Оптовая торговля, за исключением торговли автомобилями и мотоциклами",АЛМАТИНСКАЯ ОБЛАСТЬ,ИЛИЙСКИЙ РАЙОН
448243,Деятельность агентов по оптовой торговле древесиной и строительными материалами,false,,,,,,,,,,,,x,957,4,Оптовая торговля за вознаграждение или на договорной основе,АЛМАТИНСКАЯ ОБЛАСТЬ,ИЛИЙСКИЙ РАЙОН
448244,Деятельность агентов по оптовой торговле древесиной и строительными материалами,true,,,,,,,,,,,,x,957,5,Деятельность агентов по оптовой торговле древесиной и строительными материалами,АЛМАТИНСКАЯ ОБЛАСТЬ,ИЛИЙСКИЙ РАЙОН
448255,Деятельность агентов по оптовой торговле товарами широкого ассортимента,false,,x,883,,,5341000,846,6045000,1031,,,x,957,4,Оптовая торговля за вознаграждение или на договорной основе,АЛМАТИНСКАЯ ОБЛАСТЬ,ИЛИЙСКИЙ РАЙОН
448256,Деятельность агентов по оптовой торговле товарами широкого ассортимента,true,,x,883,,,5341000,846,6045000,1031,,,x,957,5,Деятельность агентов по оптовой торговле товарами широкого ассортимента,АЛМАТИНСКАЯ ОБЛАСТЬ,ИЛИЙСКИЙ РАЙОН
448267,"Оптовая торговля продуктами питания, напитками и табачными изделиями",false,,290416000,883,512909000,920,152887000,846,1618016000,1031,1041089000,994,910890000,957,3,"Оптовая торговля, за исключением торговли автомобилями и мотоциклами",АЛМАТИНСКАЯ ОБЛАСТЬ,ИЛИЙСКИЙ РАЙОН
448270,Оптовая торговля мясом и мясными продуктами,false,,x,883,124379000,920,x,846,42090000,1031,26773000,994,191184000,957,4,"Оптовая торговля продуктами питания, напитками и табачными изделиями",АЛМАТИНСКАЯ ОБЛАСТЬ,ИЛИЙСКИЙ РАЙОН
448271,Оптовая торговля мясом и мясными продуктами,true,,x,883,124379000,920,x,846,42090000,1031,26773000,994,191184000,957,5,Оптовая торговля мясом и мясными продуктами,АЛМАТИНСКАЯ ОБЛАСТЬ,ИЛИЙСКИЙ РАЙОН
448278,"Оптовая торговля сахаром, шоколадом и сахаристыми кондитерскими изделиями",false,,,,,,x,846,,,,,,,4,"Оптовая торговля продуктами питания, напитками и табачными изделиями",АЛМАТИНСКАЯ ОБЛАСТЬ,ИЛИЙСКИЙ РАЙОН
448279,"Оптовая торговля сахаром, шоколадом и сахаристыми кондитерскими изделиями",true,,,,,,x,846,,,,,,,5,"Оптовая торговля сахаром, шоколадом и сахаристыми кондитерскими изделиями",АЛМАТИНСКАЯ ОБЛАСТЬ,ИЛИЙСКИЙ РАЙОН
448282,"Оптовая торговля прочими продуктами питания, включая рыбу, ракообразных и моллюсков",false,,214518000,883,388530000,920,110577000,846,1565866000,1031,1003247000,994,718576000,957,4,"Оптовая торговля продуктами питания, напитками и табачными изделиями",АЛМАТИНСКАЯ ОБЛАСТЬ,ИЛИЙСКИЙ РАЙОН
448284,Оптовая торговля прочими продуктами питания,true,,214518000,883,388530000,920,110577000,846,1565866000,1031,1003247000,994,718576000,957,5,"Оптовая торговля прочими продуктами питания, включая рыбу, ракообразных и моллюсков",АЛМАТИНСКАЯ ОБЛАСТЬ,ИЛИЙСКИЙ РАЙОН
448285,"Неспециализированная оптовая торговля продуктами питания, напитками и табачными изделиями",false,,,,,,,,x,1031,x,994,x,957,4,"Оптовая торговля продуктами питания, напитками и табачными изделиями",АЛМАТИНСКАЯ ОБЛАСТЬ,ИЛИЙСКИЙ РАЙОН
448286,"Неспециализированная оптовая торговля продуктами питания, напитками и табачными изделиями",true,,,,,,,,x,1031,x,994,x,957,5,"Неспециализированная оптовая торговля продуктами питания, напитками и табачными изделиями",АЛМАТИНСКАЯ ОБЛАСТЬ,ИЛИЙСКИЙ РАЙОН
448287,Оптовая торговля непродовольственными товарами потребительского назначения,false,,x,883,2996000,920,940000,846,x,1031,2380000,994,10533000,957,3,"Оптовая торговля, за исключением торговли автомобилями и мотоциклами",АЛМАТИНСКАЯ ОБЛАСТЬ,ИЛИЙСКИЙ РАЙОН
448301,Оптовая торговля фармацевтическими товарами,false,,x,883,2996000,920,682000,846,x,1031,2380000,994,10533000,957,4,Оптовая торговля непродовольственными товарами потребительского назначения,АЛМАТИНСКАЯ ОБЛАСТЬ,ИЛИЙСКИЙ РАЙОН
18946138,"Оптовая торговля фармацевтическими товарами, кроме торговли медицинской техникой и ортопедическими  изделиями",true,,x,883,2996000,920,,,x,1031,x,994,10533000,957,5,Оптовая торговля фармацевтическими товарами,АЛМАТИНСКАЯ ОБЛАСТЬ,ИЛИЙСКИЙ РАЙОН
18946139,Оптовая реализация фармацевтических и медицинских товаров в рамках гарантированного объема бесплатной медицинской помощи,true,,,,,,x,846,,,x,994,,,5,Оптовая торговля фармацевтическими товарами,АЛМАТИНСКАЯ ОБЛАСТЬ,ИЛИЙСКИЙ РАЙОН
18951440,Оптовая торговля медицинской техникой и ортопедическими  изделиями,true,,,,,,x,846,,,,,,,5,Оптовая торговля фармацевтическими товарами,АЛМАТИНСКАЯ ОБЛАСТЬ,ИЛИЙСКИЙ РАЙОН
448307,Оптовая торговля прочими непродовольственными товарами потребительского назначения,false,,,,,,x,846,,,,,,,4,Оптовая торговля непродовольственными товарами потребительского назначения,АЛМАТИНСКАЯ ОБЛАСТЬ,ИЛИЙСКИЙ РАЙОН
448310,"Оптовая торговля прочими непродовольственными товарами потребительского назначения, не включенными в другие группировки",true,,,,,,x,846,,,,,,,5,Оптовая торговля прочими непродовольственными товарами потребительского назначения,АЛМАТИНСКАЯ ОБЛАСТЬ,ИЛИЙСКИЙ РАЙОН
448316,"Оптовая торговля прочими машинами, оборудованием и деталями и принадлежностями к ним",false,,30130000,883,x,920,20672000,846,x,1031,x,994,x,957,3,"Оптовая торговля, за исключением торговли автомобилями и мотоциклами",АЛМАТИНСКАЯ ОБЛАСТЬ,ИЛИЙСКИЙ РАЙОН
448329,Оптовая торговля прочими машинами и оборудованием,false,,30130000,883,x,920,20672000,846,x,1031,x,994,x,957,4,"Оптовая торговля прочими машинами, оборудованием и деталями и принадлежностями к ним",АЛМАТИНСКАЯ ОБЛАСТЬ,ИЛИЙСКИЙ РАЙОН
448330,Оптовая торговля прочими машинами и оборудованием,true,,30130000,883,x,920,20672000,846,x,1031,x,994,x,957,5,Оптовая торговля прочими машинами и оборудованием,АЛМАТИНСКАЯ ОБЛАСТЬ,ИЛИЙСКИЙ РАЙОН
448331,Прочая специализированная оптовая торговля ,false,,10742000,883,285488000,920,929000,846,86574000,1031,447111000,994,x,957,3,"Оптовая торговля, за исключением торговли автомобилями и мотоциклами",АЛМАТИНСКАЯ ОБЛАСТЬ,ИЛИЙСКИЙ РАЙОН
448332,"Оптовая торговля твердым, жидким и газообразным топливом и подобными продуктами",false,,,,,,x,846,,,446428000,994,,,4,Прочая специализированная оптовая торговля ,АЛМАТИНСКАЯ ОБЛАСТЬ,ИЛИЙСКИЙ РАЙОН
448333,Оптовая торговля сырой нефтью и попутным газом,true,,,,,,x,846,,,446428000,994,,,5,"Оптовая торговля твердым, жидким и газообразным топливом и подобными продуктами",АЛМАТИНСКАЯ ОБЛАСТЬ,ИЛИЙСКИЙ РАЙОН
448342,Оптовая торговля металлами и металлическими рудами,false,,,,,,,,x,1031,x,994,,,4,Прочая специализированная оптовая торговля ,АЛМАТИНСКАЯ ОБЛАСТЬ,ИЛИЙСКИЙ РАЙОН
448344,"Оптовая торговля чугуном, сталью и их литьем",true,,,,,,,,x,1031,x,994,,,5,Оптовая торговля металлами и металлическими рудами,АЛМАТИНСКАЯ ОБЛАСТЬ,ИЛИЙСКИЙ РАЙОН
448347,"Оптовая торговля лесоматериалами, строительными материалами и санитарно-техническим оборудованием",false,,,,,,,,x,1031,,,x,957,4,Прочая специализированная оптовая торговля ,АЛМАТИНСКАЯ ОБЛАСТЬ,ИЛИЙСКИЙ РАЙОН
448352,Оптовая торговля древесиной и продукцией обработки древесины,true,,,,,,,,x,1031,,,,,5,"Оптовая торговля лесоматериалами, строительными материалами и санитарно-техническим оборудованием",АЛМАТИНСКАЯ ОБЛАСТЬ,ИЛИЙСКИЙ РАЙОН
448354,Оптовая торговля санитарно-техническим оборудованием,true,,,,,,,,,,,,x,957,5,"Оптовая торговля лесоматериалами, строительными материалами и санитарно-техническим оборудованием",АЛМАТИНСКАЯ ОБЛАСТЬ,ИЛИЙСКИЙ РАЙОН
448356,"Оптовая торговля скобяными изделиями, водопроводным и отопительным оборудованием и  инвентарем",false,,x,883,285103000,920,,,,,,,,,4,Прочая специализированная оптовая торговля ,АЛМАТИНСКАЯ ОБЛАСТЬ,ИЛИЙСКИЙ РАЙОН
448357,"Оптовая торговля скобяными изделиями, водопроводным и отопительным оборудованием и  инвентарем",true,,x,883,285103000,920,,,,,,,,,5,"Оптовая торговля скобяными изделиями, водопроводным и отопительным оборудованием и  инвентарем",АЛМАТИНСКАЯ ОБЛАСТЬ,ИЛИЙСКИЙ РАЙОН
448363,Оптовая торговля прочими промежуточными продуктами,false,,,,,,,,x,1031,x,994,,,4,Прочая специализированная оптовая торговля ,АЛМАТИНСКАЯ ОБЛАСТЬ,ИЛИЙСКИЙ РАЙОН
448365,Оптовая торговля прочими промежуточными продуктами,true,,,,,,,,x,1031,x,994,,,5,Оптовая торговля прочими промежуточными продуктами,АЛМАТИНСКАЯ ОБЛАСТЬ,ИЛИЙСКИЙ РАЙОН
448367,Оптовая торговля отходами и ломом,false,,x,883,385000,920,x,846,,,,,,,4,Прочая специализированная оптовая торговля ,АЛМАТИНСКАЯ ОБЛАСТЬ,ИЛИЙСКИЙ РАЙОН
448368,Оптовая торговля ломом и отходами черных и цветных металлов,true,,x,883,385000,920,x,846,,,,,,,5,Оптовая торговля отходами и ломом,АЛМАТИНСКАЯ ОБЛАСТЬ,ИЛИЙСКИЙ РАЙОН
448371,Неспециализированная оптовая торговля,false,,314080000,883,519574000,920,2837207000,846,1375087000,1031,994522000,994,331508000,957,3,"Оптовая торговля, за исключением торговли автомобилями и мотоциклами",АЛМАТИНСКАЯ ОБЛАСТЬ,ИЛИЙСКИЙ РАЙОН
448372,Неспециализированная оптовая торговля,false,,314080000,883,519574000,920,2837207000,846,1375087000,1031,994522000,994,331508000,957,4,Неспециализированная оптовая торговля,АЛМАТИНСКАЯ ОБЛАСТЬ,ИЛИЙСКИЙ РАЙОН
3648016,"Оптовая торговля широким ассортиментом товаров без какой-либо конкретизации в торговых объектах с торговой площадью более 2000 кв.м (2000 кв.м и выше), включая оптово-продовольственные распределительные центры",true,,,,,,,,,,180000,994,,,5,Неспециализированная оптовая торговля,АЛМАТИНСКАЯ ОБЛАСТЬ,ИЛИЙСКИЙ РАЙОН
448375,"Специализированная оптовая торговля товарами, не включенными в другие группировки",true,,,,,,,,x,1031,6253000,994,x,957,5,Неспециализированная оптовая торговля,АЛМАТИНСКАЯ ОБЛАСТЬ,ИЛИЙСКИЙ РАЙОН
448376,Оптовая торговля широким ассортиментом товаров без какой-либо конкретизации,true,,314080000,883,519574000,920,2837207000,846,1374720000,1031,988089000,994,329764000,957,5,Неспециализированная оптовая торговля,АЛМАТИНСКАЯ ОБЛАСТЬ,ИЛИЙСКИЙ РАЙОН
448377,"Розничная торговля, кроме торговли автомобилями и мотоциклами",false,,1092823000,883,1388969000,920,1697072000,846,1641084000,1031,472086000,994,1289059000,957,2,Оптовая и розничная торговля; ремонт автомобилей и мотоциклов,АЛМАТИНСКАЯ ОБЛАСТЬ,ИЛИЙСКИЙ РАЙОН
448378,Розничная торговля в неспециализированных магазинах,false,,61000000,883,160912000,920,55305000,846,52827000,1031,82783000,994,39405000,957,3,"Розничная торговля, кроме торговли автомобилями и мотоциклами",АЛМАТИНСКАЯ ОБЛАСТЬ,ИЛИЙСКИЙ РАЙОН
448379,"Розничная торговля в неспециализированных магазинах преимущественно продуктами питания, напитками и табачными изделиями",false,,61000000,883,x,920,50000000,846,21255000,1031,71280000,994,,,4,Розничная торговля в неспециализированных магазинах,АЛМАТИНСКАЯ ОБЛАСТЬ,ИЛИЙСКИЙ РАЙОН
3647934,"Розничная торговля преимущественно продуктами питания, напитками и табачными изделиями в неспециализированных магазинах, являющихся торговыми объектами, с торговой площадью менее 2000 кв.м ",true,,61000000,883,,,50000000,846,21255000,1031,71280000,994,,,5,"Розничная торговля в неспециализированных магазинах преимущественно продуктами питания, напитками и табачными изделиями",АЛМАТИНСКАЯ ОБЛАСТЬ,ИЛИЙСКИЙ РАЙОН
3647935,"Розничная торговля преимущественно продуктами питания, напитками и табачными изделиями, в неспециализированных магазинах, являющихся торговыми объектами, с торговой площадью более 2000 кв.м (2000 кв.м и выше)",true,,,,x,920,,,,,,,,,5,"Розничная торговля в неспециализированных магазинах преимущественно продуктами питания, напитками и табачными изделиями",АЛМАТИНСКАЯ ОБЛАСТЬ,ИЛИЙСКИЙ РАЙОН
448381,Прочая розничная торговля в неспециализированных магазинах,false,,,,101791000,920,x,846,31572000,1031,11503000,994,39405000,957,4,Розничная торговля в неспециализированных магазинах,АЛМАТИНСКАЯ ОБЛАСТЬ,ИЛИЙСКИЙ РАЙОН
3647936,"Прочая розничная торговля в неспециализированных магазинах, являющихся торговыми объектами, с торговой площадью менее 2000 кв.м ",true,,,,101791000,920,x,846,31572000,1031,9007000,994,39405000,957,5,Прочая розничная торговля в неспециализированных магазинах,АЛМАТИНСКАЯ ОБЛАСТЬ,ИЛИЙСКИЙ РАЙОН
3647937,"Прочая розничная торговля в неспециализированных магазинах, являющихся торговыми объектами, с торговой площадью более 2000 кв.м (2000 кв.м и выше)",true,,,,,,,,,,x,994,,,5,Прочая розничная торговля в неспециализированных магазинах,АЛМАТИНСКАЯ ОБЛАСТЬ,ИЛИЙСКИЙ РАЙОН
448399,Розничная торговля топливом в специализированных магазинах,false,,998851000,883,1221623000,920,173451000,846,1161690000,1031,365745000,994,1240765000,957,3,"Розничная торговля, кроме торговли автомобилями и мотоциклами",АЛМАТИНСКАЯ ОБЛАСТЬ,ИЛИЙСКИЙ РАЙОН
448400,Розничная торговля топливом в специализированных магазинах,false,,998851000,883,1221623000,920,173451000,846,1161690000,1031,365745000,994,1240765000,957,4,Розничная торговля топливом в специализированных магазинах,АЛМАТИНСКАЯ ОБЛАСТЬ,ИЛИЙСКИЙ РАЙОН
20576124,"Розничная торговля моторным топливом в специализированных магазинах, за исключением находящихся на придорожной полосе",true,,998851000,883,1221623000,920,,,1161690000,1031,365745000,994,1240765000,957,5,Розничная торговля топливом в специализированных магазинах,АЛМАТИНСКАЯ ОБЛАСТЬ,ИЛИЙСКИЙ РАЙОН
18951442,Розничная торговля моторным топливом в специализированных магазинах,true,,,,,,173451000,846,,,,,,,5,Розничная торговля топливом в специализированных магазинах,АЛМАТИНСКАЯ ОБЛАСТЬ,ИЛИЙСКИЙ РАЙОН
448409,Розничная торговля прочими бытовыми товарами в специализированных магазинах ,false,,,,2748000,920,,,x,1031,,,,,3,"Розничная торговля, кроме торговли автомобилями и мотоциклами",АЛМАТИНСКАЯ ОБЛАСТЬ,ИЛИЙСКИЙ РАЙОН
448416,Розничная торговля электрическими бытовыми приборами в специализированных магазинах,false,,,,x,920,,,x,1031,,,,,4,Розничная торговля прочими бытовыми товарами в специализированных магазинах ,АЛМАТИНСКАЯ ОБЛАСТЬ,ИЛИЙСКИЙ РАЙОН
3647962,"Розничная торговля электрическими бытовыми приборами в специализированных магазинах, являющихся торговыми объектами, с торговой площадью менее 2000 кв.м",true,,,,x,920,,,x,1031,,,,,5,Розничная торговля электрическими бытовыми приборами в специализированных магазинах,АЛМАТИНСКАЯ ОБЛАСТЬ,ИЛИЙСКИЙ РАЙОН
448418,"Розничная торговля мебелью, осветительным оборудованием и прочими бытовыми товарами в специализированных магазинах",false,,,,x,920,,,,,,,,,4,Розничная торговля прочими бытовыми товарами в специализированных магазинах ,АЛМАТИНСКАЯ ОБЛАСТЬ,ИЛИЙСКИЙ РАЙОН
3647964,"Розничная торговля мебелью в специализированных магазинах, являющихся торговыми объектами, с торговой площадью более 2000 кв.м (2000 кв.м и выше)",true,,,,x,920,,,,,,,,,5,"Розничная торговля мебелью, осветительным оборудованием и прочими бытовыми товарами в специализированных магазинах",АЛМАТИНСКАЯ ОБЛАСТЬ,ИЛИЙСКИЙ РАЙОН
448433,Розничная торговля прочими товарами в специализированных магазинах,false,,31359000,883,x,920,,,415538000,1031,10936000,994,x,957,3,"Розничная торговля, кроме торговли автомобилями и мотоциклами",АЛМАТИНСКАЯ ОБЛАСТЬ,ИЛИЙСКИЙ РАЙОН
448437,Розничная торговля обувью и кожаными изделиями в специализированных магазинах,false,,,,x,920,,,5824000,1031,8263000,994,x,957,4,Розничная торговля прочими товарами в специализированных магазинах,АЛМАТИНСКАЯ ОБЛАСТЬ,ИЛИЙСКИЙ РАЙОН
448438,"Розничная торговля обувью в специализированных магазинах, являющихся торговыми объектами, с торговой площадью менее 2000 кв.м",true,,,,x,920,,,5824000,1031,8263000,994,x,957,5,Розничная торговля обувью и кожаными изделиями в специализированных магазинах,АЛМАТИНСКАЯ ОБЛАСТЬ,ИЛИЙСКИЙ РАЙОН
448440,Розничная торговля фармацевтическими товарами в специализированных магазинах,false,,,,,,,,,,x,994,,,4,Розничная торговля прочими товарами в специализированных магазинах,АЛМАТИНСКАЯ ОБЛАСТЬ,ИЛИЙСКИЙ РАЙОН
3647981,"Розничная торговля фармацевтическими товарами в специализированных магазинах, являющихся торговыми объектами, с торговой площадью менее 2000 кв.м",true,,,,,,,,,,x,994,,,5,Розничная торговля фармацевтическими товарами в специализированных магазинах,АЛМАТИНСКАЯ ОБЛАСТЬ,ИЛИЙСКИЙ РАЙОН
448444,Розничная торговля косметическими товарами и туалетными принадлежностями в специализированных магазинах ,false,,,,,,,,x,1031,x,994,,,4,Розничная торговля прочими товарами в специализированных магазинах,АЛМАТИНСКАЯ ОБЛАСТЬ,ИЛИЙСКИЙ РАЙОН
3647985,"Розничная торговля косметическими товарами и туалетными принадлежностями в специализированных магазинах,  являющихся торговыми объектами, с торговой площадью менее 2000 кв.м",true,,,,,,,,x,1031,x,994,,,5,Розничная торговля косметическими товарами и туалетными принадлежностями в специализированных магазинах ,АЛМАТИНСКАЯ ОБЛАСТЬ,ИЛИЙСКИЙ РАЙОН
448452,Прочая розничная торговля новыми товарами в специализированных магазинах,false,,31359000,883,,,,,,,,,,,4,Розничная торговля прочими товарами в специализированных магазинах,АЛМАТИНСКАЯ ОБЛАСТЬ,ИЛИЙСКИЙ РАЙОН
448455,"Прочая розничная торговля в специализированных магазинах, являющихся торговыми объектами, с торговой площадью менее 2000 кв.м",true,,31359000,883,,,,,,,,,,,5,Прочая розничная торговля новыми товарами в специализированных магазинах,АЛМАТИНСКАЯ ОБЛАСТЬ,ИЛИЙСКИЙ РАЙОН
448468,"Розничная торговля вне магазинов, палаток, киосков или рынков",false,,1613000,883,1286000,920,1468316000,846,10168000,1031,x,994,x,957,3,"Розничная торговля, кроме торговли автомобилями и мотоциклами",АЛМАТИНСКАЯ ОБЛАСТЬ,ИЛИЙСКИЙ РАЙОН
448471,"Прочая розничная торговля вне магазинов, палаток, киосков или рынков",false,,1613000,883,1286000,920,1468316000,846,10168000,1031,x,994,x,957,4,"Розничная торговля вне магазинов, палаток, киосков или рынков",АЛМАТИНСКАЯ ОБЛАСТЬ,ИЛИЙСКИЙ РАЙОН
448473,Розничная торговля через сетевой маркетинг,true,,x,883,150000,920,x,846,,,,,,,5,"Прочая розничная торговля вне магазинов, палаток, киосков или рынков",АЛМАТИНСКАЯ ОБЛАСТЬ,ИЛИЙСКИЙ РАЙОН
448474,Прочая розничная торговля вне магазинов,true,,x,883,x,920,1460852000,846,10168000,1031,x,994,x,957,5,"Прочая розничная торговля вне магазинов, палаток, киосков или рынков",АЛМАТИНСКАЯ ОБЛАСТЬ,ИЛИЙСКИЙ РАЙОН
448475,Транспорт и складирование,false,,6466543000,883,46062185000,920,4637911000,846,68958001000,1031,37562824000,994,55211287000,957,1,Всего,АЛМАТИНСКАЯ ОБЛАСТЬ,ИЛИЙСКИЙ РАЙОН
448476,Деятельность сухопутного и трубопроводного транспорта ,false,,124585000,883,293665000,920,54363000,846,17948235000,1031,501447000,994,265967000,957,2,Транспорт и складирование,АЛМАТИНСКАЯ ОБЛАСТЬ,ИЛИЙСКИЙ РАЙОН
448477,Деятельность пассажирского железнодорожного транспорта в междугородном сообщении,false,,,,,,,,,,131883000,994,x,957,3,Деятельность сухопутного и трубопроводного транспорта ,АЛМАТИНСКАЯ ОБЛАСТЬ,ИЛИЙСКИЙ РАЙОН
448478,Деятельность пассажирского железнодорожного транспорта в междугородном сообщении,false,,,,,,,,,,131883000,994,x,957,4,Деятельность пассажирского железнодорожного транспорта в междугородном сообщении,АЛМАТИНСКАЯ ОБЛАСТЬ,ИЛИЙСКИЙ РАЙОН
448479,Деятельность пассажирского железнодорожного транспорта в междугородном сообщении,true,,,,,,,,,,131883000,994,x,957,5,Деятельность пассажирского железнодорожного транспорта в междугородном сообщении,АЛМАТИНСКАЯ ОБЛАСТЬ,ИЛИЙСКИЙ РАЙОН
448483,Деятельность прочего пассажирского сухопутного транспорта,false,,x,883,x,920,x,846,,,,,x,957,3,Деятельность сухопутного и трубопроводного транспорта ,АЛМАТИНСКАЯ ОБЛАСТЬ,ИЛИЙСКИЙ РАЙОН
448484,Деятельность сухопутного транспорта по городским и пригородным пассажирским перевозкам,false,,x,883,x,920,x,846,,,,,x,957,4,Деятельность прочего пассажирского сухопутного транспорта,АЛМАТИНСКАЯ ОБЛАСТЬ,ИЛИЙСКИЙ РАЙОН
448485,Перевозки автобусами,true,,x,883,x,920,x,846,,,,,x,957,5,Деятельность сухопутного транспорта по городским и пригородным пассажирским перевозкам,АЛМАТИНСКАЯ ОБЛАСТЬ,ИЛИЙСКИЙ РАЙОН
448494,Деятельность грузового автомобильного транспорта и предоставление услуг по переезду ,false,,x,883,190029000,920,52938000,846,1343811000,1031,307763000,994,x,957,3,Деятельность сухопутного и трубопроводного транспорта ,АЛМАТИНСКАЯ ОБЛАСТЬ,ИЛИЙСКИЙ РАЙОН
448495,Деятельность грузового автомобильного транспорта,false,,x,883,190029000,920,52938000,846,1343811000,1031,307763000,994,x,957,4,Деятельность грузового автомобильного транспорта и предоставление услуг по переезду ,АЛМАТИНСКАЯ ОБЛАСТЬ,ИЛИЙСКИЙ РАЙОН
448496,Деятельность грузового автомобильного транспорта,true,,x,883,190029000,920,52938000,846,1343811000,1031,307763000,994,x,957,5,Деятельность грузового автомобильного транспорта,АЛМАТИНСКАЯ ОБЛАСТЬ,ИЛИЙСКИЙ РАЙОН
448499,Деятельность трубопроводного транспорта,false,,x,883,85562000,920,,,16604424000,1031,61801000,994,481000,957,3,Деятельность сухопутного и трубопроводного транспорта ,АЛМАТИНСКАЯ ОБЛАСТЬ,ИЛИЙСКИЙ РАЙОН
448500,Деятельность трубопроводного транспорта,false,,x,883,85562000,920,,,16604424000,1031,61801000,994,481000,957,4,Деятельность трубопроводного транспорта,АЛМАТИНСКАЯ ОБЛАСТЬ,ИЛИЙСКИЙ РАЙОН
448501,Деятельность трубопроводного транспорта,true,,x,883,85562000,920,,,16604424000,1031,61801000,994,481000,957,5,Деятельность трубопроводного транспорта,АЛМАТИНСКАЯ ОБЛАСТЬ,ИЛИЙСКИЙ РАЙОН
448516,Деятельность воздушного транспорта ,false,,,,,,x,846,,,,,x,957,2,Транспорт и складирование,АЛМАТИНСКАЯ ОБЛАСТЬ,ИЛИЙСКИЙ РАЙОН
448517,Деятельность воздушного пассажирского транспорта,false,,,,,,x,846,,,,,x,957,3,Деятельность воздушного транспорта ,АЛМАТИНСКАЯ ОБЛАСТЬ,ИЛИЙСКИЙ РАЙОН
448518,Деятельность воздушного пассажирского транспорта,false,,,,,,x,846,,,,,x,957,4,Деятельность воздушного пассажирского транспорта,АЛМАТИНСКАЯ ОБЛАСТЬ,ИЛИЙСКИЙ РАЙОН
448520,"Деятельность  воздушного пассажирского транспорта, не подчиняющегося расписанию",true,,,,,,x,846,,,,,x,957,5,Деятельность воздушного пассажирского транспорта,АЛМАТИНСКАЯ ОБЛАСТЬ,ИЛИЙСКИЙ РАЙОН
448527,Складирование грузов и вспомогательная транспортная деятельность,false,,6341958000,883,45768520000,920,4583301000,846,51009766000,1031,37061377000,994,54942374000,957,2,Транспорт и складирование,АЛМАТИНСКАЯ ОБЛАСТЬ,ИЛИЙСКИЙ РАЙОН
448528,Складирование и хранение грузов,false,,78705000,883,108336000,920,181341000,846,7668679000,1031,9094703000,994,524117000,957,3,Складирование грузов и вспомогательная транспортная деятельность,АЛМАТИНСКАЯ ОБЛАСТЬ,ИЛИЙСКИЙ РАЙОН
448529,Складирование и хранение грузов,false,,78705000,883,108336000,920,181341000,846,7668679000,1031,9094703000,994,524117000,957,4,Складирование и хранение грузов,АЛМАТИНСКАЯ ОБЛАСТЬ,ИЛИЙСКИЙ РАЙОН
448531,"Складирование и хранение непродовольственных товаров, кроме зерна и нефти",true,,61964000,883,83801000,920,180981000,846,,,3890101000,994,475571000,957,5,Складирование и хранение грузов,АЛМАТИНСКАЯ ОБЛАСТЬ,ИЛИЙСКИЙ РАЙОН
20576307,"Складирование и хранение продовольственных товаров, кроме овощей и фруктов",true,,x,883,24535000,920,,,15316000,1031,19042000,994,48546000,957,5,Складирование и хранение грузов,АЛМАТИНСКАЯ ОБЛАСТЬ,ИЛИЙСКИЙ РАЙОН
448532,Складирование и хранение продовольственных товаров,true,,,,,,x,846,,,,,,,5,Складирование и хранение грузов,АЛМАТИНСКАЯ ОБЛАСТЬ,ИЛИЙСКИЙ РАЙОН
20576309,Складирование и хранение овощей и фруктов,true,,,,,,,,,,x,994,,,5,Складирование и хранение грузов,АЛМАТИНСКАЯ ОБЛАСТЬ,ИЛИЙСКИЙ РАЙОН
448533,Вспомогательная транспортная деятельность,false,,6263253000,883,45660184000,920,4401960000,846,43341087000,1031,27966674000,994,54418257000,957,3,Складирование грузов и вспомогательная транспортная деятельность,АЛМАТИНСКАЯ ОБЛАСТЬ,ИЛИЙСКИЙ РАЙОН
448534,Вспомогательная деятельность сухопутного транспорта,false,,6261230000,883,45660184000,920,4395563000,846,43314256000,1031,18743298000,994,54395941000,957,4,Вспомогательная транспортная деятельность,АЛМАТИНСКАЯ ОБЛАСТЬ,ИЛИЙСКИЙ РАЙОН
448535,Эксплуатация железных дорог,true,,,,,,x,846,28091654000,1031,,,138135000,957,5,Вспомогательная деятельность сухопутного транспорта,АЛМАТИНСКАЯ ОБЛАСТЬ,ИЛИЙСКИЙ РАЙОН
448536,Эксплуатация автомобильных дорог,true,,6261230000,883,45660184000,920,4390957000,846,15222602000,1031,18743298000,994,54257806000,957,5,Вспомогательная деятельность сухопутного транспорта,АЛМАТИНСКАЯ ОБЛАСТЬ,ИЛИЙСКИЙ РАЙОН
448545,Транспортная обработка грузов,false,,,,,,,,x,1031,,,,,4,Вспомогательная транспортная деятельность,АЛМАТИНСКАЯ ОБЛАСТЬ,ИЛИЙСКИЙ РАЙОН
448546,Транспортная обработка грузов,true,,,,,,,,x,1031,,,,,5,Транспортная обработка грузов,АЛМАТИНСКАЯ ОБЛАСТЬ,ИЛИЙСКИЙ РАЙОН
448547,Прочая вспомогательная транспортная деятельность,false,,x,883,,,6397000,846,x,1031,9223376000,994,22316000,957,4,Вспомогательная транспортная деятельность,АЛМАТИНСКАЯ ОБЛАСТЬ,ИЛИЙСКИЙ РАЙОН
448548,Транспортно-экспедиционные  услуги,true,,,,,,6060000,846,,,x,994,x,957,5,Прочая вспомогательная транспортная деятельность,АЛМАТИНСКАЯ ОБЛАСТЬ,ИЛИЙСКИЙ РАЙОН
448550,Прочая транспортно-экспедиционная деятельность,true,,x,883,,,x,846,x,1031,8901969000,994,x,957,5,Прочая вспомогательная транспортная деятельность,АЛМАТИНСКАЯ ОБЛАСТЬ,ИЛИЙСКИЙ РАЙОН
448558,Предоставление услуг по проживанию и питанию,false,,713875000,883,219549000,920,222393000,846,21783000,1031,736618000,994,x,957,1,Всего,АЛМАТИНСКАЯ ОБЛАСТЬ,ИЛИЙСКИЙ РАЙОН
3783427,Предоставление услуг по временному проживанию,false,,,,,,25000000,846,12158000,1031,732524000,994,,,2,Предоставление услуг по проживанию и питанию,АЛМАТИНСКАЯ ОБЛАСТЬ,ИЛИЙСКИЙ РАЙОН
3783428,Предоставление услуг гостиницами и аналогичными местами для проживания,false,,,,,,25000000,846,12158000,1031,703330000,994,,,3,Предоставление услуг по временному проживанию,АЛМАТИНСКАЯ ОБЛАСТЬ,ИЛИЙСКИЙ РАЙОН
3783429,Предоставление услуг гостиницами и аналогичными местами для проживания,false,,,,,,25000000,846,12158000,1031,703330000,994,,,4,Предоставление услуг гостиницами и аналогичными местами для проживания,АЛМАТИНСКАЯ ОБЛАСТЬ,ИЛИЙСКИЙ РАЙОН
3783430,"Предоставление услуг гостиницами с ресторанами, за исключением гостиниц, находящихся на придорожной полосе",true,,,,,,25000000,846,,,,,,,5,Предоставление услуг гостиницами и аналогичными местами для проживания,АЛМАТИНСКАЯ ОБЛАСТЬ,ИЛИЙСКИЙ РАЙОН
3783431,"Предоставление услуг гостиницами без ресторанов, за исключением гостиниц, находящихся на придорожной полосе",true,,,,,,,,12158000,1031,703330000,994,,,5,Предоставление услуг гостиницами и аналогичными местами для проживания,АЛМАТИНСКАЯ ОБЛАСТЬ,ИЛИЙСКИЙ РАЙОН
3783432,Предоставление жилья на выходные дни и прочие периоды краткосрочного проживания,false,,,,,,,,,,x,994,,,3,Предоставление услуг по временному проживанию,АЛМАТИНСКАЯ ОБЛАСТЬ,ИЛИЙСКИЙ РАЙОН
3783433,Предоставление жилья на выходные дни и прочие периоды краткосрочного проживания,false,,,,,,,,,,x,994,,,4,Предоставление жилья на выходные дни и прочие периоды краткосрочного проживания,АЛМАТИНСКАЯ ОБЛАСТЬ,ИЛИЙСКИЙ РАЙОН
3783434,Предоставление жилья на выходные дни и прочие периоды краткосрочного проживания,true,,,,,,,,,,x,994,,,5,Предоставление жилья на выходные дни и прочие периоды краткосрочного проживания,АЛМАТИНСКАЯ ОБЛАСТЬ,ИЛИЙСКИЙ РАЙОН
448573,Предоставление услуг по обеспечению питанием и напитками,false,,713875000,883,219549000,920,197393000,846,x,1031,x,994,x,957,2,Предоставление услуг по проживанию и питанию,АЛМАТИНСКАЯ ОБЛАСТЬ,ИЛИЙСКИЙ РАЙОН
448574,Деятельность ресторанов и предоставление услуг по доставке продуктов питания,false,,704107000,883,219549000,920,152137000,846,x,1031,x,994,x,957,3,Предоставление услуг по обеспечению питанием и напитками,АЛМАТИНСКАЯ ОБЛАСТЬ,ИЛИЙСКИЙ РАЙОН
448575,Деятельность ресторанов и предоставление услуг по доставке продуктов питания,false,,704107000,883,219549000,920,152137000,846,x,1031,x,994,x,957,4,Деятельность ресторанов и предоставление услуг по доставке продуктов питания,АЛМАТИНСКАЯ ОБЛАСТЬ,ИЛИЙСКИЙ РАЙОН
448576,Рестораны и услуги по доставке продуктов питания,true,,,,,,152137000,846,,,,,,,5,Деятельность ресторанов и предоставление услуг по доставке продуктов питания,АЛМАТИНСКАЯ ОБЛАСТЬ,ИЛИЙСКИЙ РАЙОН
20576361,"Деятельность ресторанов и предоставление услуг по доставке продуктов питания объектами, находящимися на придорожной полосе",true,,704107000,883,219549000,920,,,x,1031,x,994,x,957,5,Деятельность ресторанов и предоставление услуг по доставке продуктов питания,АЛМАТИНСКАЯ ОБЛАСТЬ,ИЛИЙСКИЙ РАЙОН
448577,Доставка готовой пищи на заказ и прочая деятельность по обеспечению питанием,false,,9768000,883,,,30256000,846,,,,,,,3,Предоставление услуг по обеспечению питанием и напитками,АЛМАТИНСКАЯ ОБЛАСТЬ,ИЛИЙСКИЙ РАЙОН
448580,Прочая деятельность по обеспечению питанием,false,,9768000,883,,,30256000,846,,,,,,,4,Доставка готовой пищи на заказ и прочая деятельность по обеспечению питанием,АЛМАТИНСКАЯ ОБЛАСТЬ,ИЛИЙСКИЙ РАЙОН
18951444,Прочие виды организации питания вне населенных пунктов,true,,,,,,30000000,846,,,,,,,5,Прочая деятельность по обеспечению питанием,АЛМАТИНСКАЯ ОБЛАСТЬ,ИЛИЙСКИЙ РАЙОН
18951446,"Прочая деятельность по обеспечению питанием, не включенная в другие группировки",true,,9768000,883,,,x,846,,,,,,,5,Прочая деятельность по обеспечению питанием,АЛМАТИНСКАЯ ОБЛАСТЬ,ИЛИЙСКИЙ РАЙОН
448582,Подача напитков,false,,,,,,15000000,846,,,,,,,3,Предоставление услуг по обеспечению питанием и напитками,АЛМАТИНСКАЯ ОБЛАСТЬ,ИЛИЙСКИЙ РАЙОН
448583,Подача напитков,false,,,,,,15000000,846,,,,,,,4,Подача напитков,АЛМАТИНСКАЯ ОБЛАСТЬ,ИЛИЙСКИЙ РАЙОН
448584,Подача напитков,true,,,,,,15000000,846,,,,,,,5,Подача напитков,АЛМАТИНСКАЯ ОБЛАСТЬ,ИЛИЙСКИЙ РАЙОН
448585,Информация и связь,false,,81860000,883,208895000,920,168320000,846,2929228000,1031,981505000,994,65801000,957,1,Всего,АЛМАТИНСКАЯ ОБЛАСТЬ,ИЛИЙСКИЙ РАЙОН
448623,Телекоммуникации,false,,81860000,883,208895000,920,168320000,846,2929228000,1031,981505000,994,65801000,957,2,Информация и связь,АЛМАТИНСКАЯ ОБЛАСТЬ,ИЛИЙСКИЙ РАЙОН
18696628,Проводная телекоммуникационная связь,false,,23942000,883,,,,,,,,,,,3,Телекоммуникации,АЛМАТИНСКАЯ ОБЛАСТЬ,ИЛИЙСКИЙ РАЙОН
18696629,Проводная телекоммуникационная связь,false,,23942000,883,,,,,,,,,,,4,Проводная телекоммуникационная связь,АЛМАТИНСКАЯ ОБЛАСТЬ,ИЛИЙСКИЙ РАЙОН
18946146,Прочая проводная телекоммуникационная связь,true,,23942000,883,,,,,,,,,,,5,Проводная телекоммуникационная связь,АЛМАТИНСКАЯ ОБЛАСТЬ,ИЛИЙСКИЙ РАЙОН
448627,Беспроводная телекоммуникационная связь,false,,87000,883,30909000,920,12311000,846,43223000,1031,x,994,21419000,957,3,Телекоммуникации,АЛМАТИНСКАЯ ОБЛАСТЬ,ИЛИЙСКИЙ РАЙОН
448628,Беспроводная телекоммуникационная связь,false,,87000,883,30909000,920,12311000,846,43223000,1031,x,994,21419000,957,4,Беспроводная телекоммуникационная связь,АЛМАТИНСКАЯ ОБЛАСТЬ,ИЛИЙСКИЙ РАЙОН
18946147,Беспроводная телекоммуникационная связь посредством единой транспортной среды,true,,,,30909000,920,,,,,,,x,957,5,Беспроводная телекоммуникационная связь,АЛМАТИНСКАЯ ОБЛАСТЬ,ИЛИЙСКИЙ РАЙОН
18946149,Прочая беспроводная телекоммуникационная связь,true,,87000,883,,,12311000,846,43223000,1031,x,994,13696000,957,5,Беспроводная телекоммуникационная связь,АЛМАТИНСКАЯ ОБЛАСТЬ,ИЛИЙСКИЙ РАЙОН
448630,Деятельность в области спутниковых телекоммуникаций,false,,2357000,883,91166000,920,76043000,846,2886005000,1031,979505000,994,44382000,957,3,Телекоммуникации,АЛМАТИНСКАЯ ОБЛАСТЬ,ИЛИЙСКИЙ РАЙОН
448631,Деятельность в области спутниковых телекоммуникаций,false,,2357000,883,91166000,920,76043000,846,2886005000,1031,979505000,994,44382000,957,4,Деятельность в области спутниковых телекоммуникаций,АЛМАТИНСКАЯ ОБЛАСТЬ,ИЛИЙСКИЙ РАЙОН
18946152,Деятельность в области спутниковых телекоммуникаций для организации связи,true,,2357000,883,91166000,920,76043000,846,2886005000,1031,979505000,994,44382000,957,5,Деятельность в области спутниковых телекоммуникаций,АЛМАТИНСКАЯ ОБЛАСТЬ,ИЛИЙСКИЙ РАЙОН
448633,Прочая деятельность в области телекоммуникаций,false,,x,883,x,920,79966000,846,,,,,,,3,Телекоммуникации,АЛМАТИНСКАЯ ОБЛАСТЬ,ИЛИЙСКИЙ РАЙОН
448634,Прочая деятельность в области телекоммуникаций,false,,x,883,x,920,79966000,846,,,,,,,4,Прочая деятельность в области телекоммуникаций,АЛМАТИНСКАЯ ОБЛАСТЬ,ИЛИЙСКИЙ РАЙОН
18946154,"Прочая деятельность в области телекоммуникаций, не включенная в другие группировки",true,,x,883,x,920,79966000,846,,,,,,,5,Прочая деятельность в области телекоммуникаций,АЛМАТИНСКАЯ ОБЛАСТЬ,ИЛИЙСКИЙ РАЙОН
448658,Финансовая и страховая деятельность,false,,202000,883,3143000,920,630000,846,89121000,1031,86999000,994,37114000,957,1,Всего,АЛМАТИНСКАЯ ОБЛАСТЬ,ИЛИЙСКИЙ РАЙОН
448659,"Финансовое посредничество, кроме страхования и пенсионного обеспечения",false,,202000,883,3143000,920,420000,846,89121000,1031,86999000,994,37114000,957,2,Финансовая и страховая деятельность,АЛМАТИНСКАЯ ОБЛАСТЬ,ИЛИЙСКИЙ РАЙОН
448660,Денежное посредничество,false,,,,,,,,x,1031,x,994,x,957,3,"Финансовое посредничество, кроме страхования и пенсионного обеспечения",АЛМАТИНСКАЯ ОБЛАСТЬ,ИЛИЙСКИЙ РАЙОН
448663,Прочее денежное посредничество,false,,,,,,,,x,1031,x,994,x,957,4,Денежное посредничество,АЛМАТИНСКАЯ ОБЛАСТЬ,ИЛИЙСКИЙ РАЙОН
18946163,"Деятельность банков, за исключением, банка, являющегося национальным институтом развития, и его дочерней организации-лизингодателя",true,,,,,,,,x,1031,x,994,x,957,5,Прочее денежное посредничество,АЛМАТИНСКАЯ ОБЛАСТЬ,ИЛИЙСКИЙ РАЙОН
448673,"Прочее финансовое посредничество, кроме страхования и пенсионного обеспечения",false,,202000,883,3143000,920,420000,846,x,1031,2006000,994,314000,957,3,"Финансовое посредничество, кроме страхования и пенсионного обеспечения",АЛМАТИНСКАЯ ОБЛАСТЬ,ИЛИЙСКИЙ РАЙОН
448676,Прочие виды кредитования,false,,202000,883,3143000,920,420000,846,x,1031,2006000,994,314000,957,4,"Прочее финансовое посредничество, кроме страхования и пенсионного обеспечения",АЛМАТИНСКАЯ ОБЛАСТЬ,ИЛИЙСКИЙ РАЙОН
448677,Деятельность ломбардов,true,,202000,883,3020000,920,420000,846,x,1031,1650000,994,140000,957,5,Прочие виды кредитования,АЛМАТИНСКАЯ ОБЛАСТЬ,ИЛИЙСКИЙ РАЙОН
448678,"Прочие виды кредитования, не включенные в другие группировки",true,,,,123000,920,,,,,356000,994,174000,957,5,Прочие виды кредитования,АЛМАТИНСКАЯ ОБЛАСТЬ,ИЛИЙСКИЙ РАЙОН
448696,Вспомогательная деятельность в сфере финансовых услуг и страхования,false,,,,,,x,846,,,,,,,2,Финансовая и страховая деятельность,АЛМАТИНСКАЯ ОБЛАСТЬ,ИЛИЙСКИЙ РАЙОН
448697,"Вспомогательная деятельность в сфере финансовых услуг, кроме страхования и пенсионного обеспечения ",false,,,,,,x,846,,,,,,,3,Вспомогательная деятельность в сфере финансовых услуг и страхования,АЛМАТИНСКАЯ ОБЛАСТЬ,ИЛИЙСКИЙ РАЙОН
448702,"Прочая вспомогательная деятельность в сфере финансовых услуг, кроме страхования и пенсионного обеспечения ",false,,,,,,x,846,,,,,,,4,"Вспомогательная деятельность в сфере финансовых услуг, кроме страхования и пенсионного обеспечения ",АЛМАТИНСКАЯ ОБЛАСТЬ,ИЛИЙСКИЙ РАЙОН
448703,"Прочая вспомогательная деятельность в сфере финансовых услуг, кроме страхования и пенсионного обеспечения ",true,,,,,,x,846,,,,,,,5,"Прочая вспомогательная деятельность в сфере финансовых услуг, кроме страхования и пенсионного обеспечения ",АЛМАТИНСКАЯ ОБЛАСТЬ,ИЛИЙСКИЙ РАЙОН
448714,Операции с недвижимым имуществом,false,,19632199000,883,20594902000,920,19117595000,846,29264902000,1031,35978756000,994,30396709000,957,1,Всего,АЛМАТИНСКАЯ ОБЛАСТЬ,ИЛИЙСКИЙ РАЙОН
448715,Операции с недвижимым имуществом,false,,19632199000,883,20594902000,920,19117595000,846,29264902000,1031,35978756000,994,30396709000,957,2,Операции с недвижимым имуществом,АЛМАТИНСКАЯ ОБЛАСТЬ,ИЛИЙСКИЙ РАЙОН
448716,Покупка и продажа собственного недвижимого имущества ,false,,18013579000,883,20346056000,920,17861566000,846,24239384000,1031,35608405000,994,30189755000,957,3,Операции с недвижимым имуществом,АЛМАТИНСКАЯ ОБЛАСТЬ,ИЛИЙСКИЙ РАЙОН
448717,Покупка и продажа собственного недвижимого имущества ,false,,18013579000,883,20346056000,920,17861566000,846,24239384000,1031,35608405000,994,30189755000,957,4,Покупка и продажа собственного недвижимого имущества ,АЛМАТИНСКАЯ ОБЛАСТЬ,ИЛИЙСКИЙ РАЙОН
543091,Покупка и продажа многоквартирных и жилых домов (особняков),true,,17988199000,883,19595956000,920,17861566000,846,23374455000,1031,35608405000,994,30189755000,957,5,Покупка и продажа собственного недвижимого имущества ,АЛМАТИНСКАЯ ОБЛАСТЬ,ИЛИЙСКИЙ РАЙОН
543092,Покупка и продажа прочей недвижимости,true,,25380000,883,x,920,,,864929000,1031,,,,,5,Покупка и продажа собственного недвижимого имущества ,АЛМАТИНСКАЯ ОБЛАСТЬ,ИЛИЙСКИЙ РАЙОН
448719,Аренда и управление собственной или арендуемой недвижимостью,false,,1618620000,883,248846000,920,1256029000,846,5025518000,1031,292285000,994,206954000,957,3,Операции с недвижимым имуществом,АЛМАТИНСКАЯ ОБЛАСТЬ,ИЛИЙСКИЙ РАЙОН
448720,Аренда и управление собственной или арендуемой недвижимостью,false,,1618620000,883,248846000,920,1256029000,846,5025518000,1031,292285000,994,206954000,957,4,Аренда и управление собственной или арендуемой недвижимостью,АЛМАТИНСКАЯ ОБЛАСТЬ,ИЛИЙСКИЙ РАЙОН
18946171,Аренда и управление собственной недвижимостью,true,,1618458000,883,245124000,920,1255892000,846,,,250052000,994,199394000,957,5,Аренда и управление собственной или арендуемой недвижимостью,АЛМАТИНСКАЯ ОБЛАСТЬ,ИЛИЙСКИЙ РАЙОН
18951451,Аренда (субаренда) и эксплуатация арендуемой недвижимости,true,,x,883,3722000,920,x,846,,,42233000,994,7560000,957,5,Аренда и управление собственной или арендуемой недвижимостью,АЛМАТИНСКАЯ ОБЛАСТЬ,ИЛИЙСКИЙ РАЙОН
448722,Операции с недвижимым имуществом за вознаграждение или на договорной основе,false,,,,,,,,,,78066000,994,,,3,Операции с недвижимым имуществом,АЛМАТИНСКАЯ ОБЛАСТЬ,ИЛИЙСКИЙ РАЙОН
448726,Управление недвижимым имуществом за вознаграждение или на договорной основе,false,,,,,,,,,,78066000,994,,,4,Операции с недвижимым имуществом за вознаграждение или на договорной основе,АЛМАТИНСКАЯ ОБЛАСТЬ,ИЛИЙСКИЙ РАЙОН
18946173,Управление недвижимостью за вознаграждение или на договорной основе,true,,,,,,,,,,78066000,994,,,5,Управление недвижимым имуществом за вознаграждение или на договорной основе,АЛМАТИНСКАЯ ОБЛАСТЬ,ИЛИЙСКИЙ РАЙОН
448728,"Профессиональная, научная и техническая деятельность",false,,210937000,883,155193000,920,205936000,846,919410000,1031,394035000,994,223989000,957,1,Всего,АЛМАТИНСКАЯ ОБЛАСТЬ,ИЛИЙСКИЙ РАЙОН
448738,Деятельность головных компаний; консультирование по вопросам управления ,false,,15980000,883,,,x,846,x,1031,,,,,2,"Профессиональная, научная и техническая деятельность",АЛМАТИНСКАЯ ОБЛАСТЬ,ИЛИЙСКИЙ РАЙОН
448742,Деятельность по консультированию по вопросам управления,false,,15980000,883,,,x,846,x,1031,,,,,3,Деятельность головных компаний; консультирование по вопросам управления ,АЛМАТИНСКАЯ ОБЛАСТЬ,ИЛИЙСКИЙ РАЙОН
448743,Деятельность по взаимоотношениям и связью с общественностью,false,,,,,,,,x,1031,,,,,4,Деятельность по консультированию по вопросам управления,АЛМАТИНСКАЯ ОБЛАСТЬ,ИЛИЙСКИЙ РАЙОН
448744,Деятельность по взаимоотношениям и связью с общественностью,true,,,,,,,,x,1031,,,,,5,Деятельность по взаимоотношениям и связью с общественностью,АЛМАТИНСКАЯ ОБЛАСТЬ,ИЛИЙСКИЙ РАЙОН
448745,Консультирование по вопросам коммерческой деятельности и прочее консультирование по вопросам управления,false,,15980000,883,,,x,846,,,,,,,4,Деятельность по консультированию по вопросам управления,АЛМАТИНСКАЯ ОБЛАСТЬ,ИЛИЙСКИЙ РАЙОН
18946177,Консультирование по вопросам коммерческой деятельности и управления,true,,15980000,883,,,x,846,,,,,,,5,Консультирование по вопросам коммерческой деятельности и прочее консультирование по вопросам управления,АЛМАТИНСКАЯ ОБЛАСТЬ,ИЛИЙСКИЙ РАЙОН
448747,"Деятельность в области архитектуры, инженерных изысканий, технических испытаний и анализа",false,,194957000,883,155086000,920,201924000,846,209104000,1031,92922000,994,223989000,957,2,"Профессиональная, научная и техническая деятельность",АЛМАТИНСКАЯ ОБЛАСТЬ,ИЛИЙСКИЙ РАЙОН
448748,"Деятельность в области архитектуры, инженерных изысканий и предоставление технических консультаций в этих областях",false,,194957000,883,153335000,920,x,846,209104000,1031,92922000,994,222527000,957,3,"Деятельность в области архитектуры, инженерных изысканий, технических испытаний и анализа",АЛМАТИНСКАЯ ОБЛАСТЬ,ИЛИЙСКИЙ РАЙОН
448751,Деятельность в области инженерных изысканий и предоставление технических консультаций в этой области,false,,194957000,883,153335000,920,x,846,209104000,1031,92922000,994,222527000,957,4,"Деятельность в области архитектуры, инженерных изысканий и предоставление технических консультаций в этих областях",АЛМАТИНСКАЯ ОБЛАСТЬ,ИЛИЙСКИЙ РАЙОН
18951463,"Деятельность в области инженерно-технического проектирования, за исключением объектов атомной промышленности и атомной энергетики",true,,x,883,,,,,,,,,,,5,Деятельность в области инженерных изысканий и предоставление технических консультаций в этой области,АЛМАТИНСКАЯ ОБЛАСТЬ,ИЛИЙСКИЙ РАЙОН
448753,Деятельность по проведению геологической разведки и изысканий (без научных исследований и разработок),true,,x,883,153335000,920,x,846,209104000,1031,92922000,994,222527000,957,5,Деятельность в области инженерных изысканий и предоставление технических консультаций в этой области,АЛМАТИНСКАЯ ОБЛАСТЬ,ИЛИЙСКИЙ РАЙОН
448756,Технические испытания и анализы,false,,,,x,920,x,846,,,,,x,957,3,"Деятельность в области архитектуры, инженерных изысканий, технических испытаний и анализа",АЛМАТИНСКАЯ ОБЛАСТЬ,ИЛИЙСКИЙ РАЙОН
448757,Технические испытания и анализы,false,,,,x,920,x,846,,,,,x,957,4,Технические испытания и анализы,АЛМАТИНСКАЯ ОБЛАСТЬ,ИЛИЙСКИЙ РАЙОН
448760,"Деятельность прочих учреждений, осуществляющих технические испытания и анализы",true,,,,x,920,x,846,,,,,x,957,5,Технические испытания и анализы,АЛМАТИНСКАЯ ОБЛАСТЬ,ИЛИЙСКИЙ РАЙОН
448761,Научные исследования и разработки,false,,,,x,920,x,846,,,,,,,2,"Профессиональная, научная и техническая деятельность",АЛМАТИНСКАЯ ОБЛАСТЬ,ИЛИЙСКИЙ РАЙОН
448762,Научные исследования и экспериментальные разработки в области естественных и технических наук ,false,,,,x,920,,,,,,,,,3,Научные исследования и разработки,АЛМАТИНСКАЯ ОБЛАСТЬ,ИЛИЙСКИЙ РАЙОН
448763,Научные исследования и экспериментальные разработки в области биотехнологий,false,,,,x,920,,,,,,,,,4,Научные исследования и экспериментальные разработки в области естественных и технических наук ,АЛМАТИНСКАЯ ОБЛАСТЬ,ИЛИЙСКИЙ РАЙОН
448764,Научные исследования и экспериментальные разработки в области биотехнологий,true,,,,x,920,,,,,,,,,5,Научные исследования и экспериментальные разработки в области биотехнологий,АЛМАТИНСКАЯ ОБЛАСТЬ,ИЛИЙСКИЙ РАЙОН
448767,Исследования и экспериментальные разработки в области общественных и гуманитарных наук,false,,,,,,x,846,,,,,,,3,Научные исследования и разработки,АЛМАТИНСКАЯ ОБЛАСТЬ,ИЛИЙСКИЙ РАЙОН
448768,Исследования и экспериментальные разработки в области общественных и гуманитарных наук,false,,,,,,x,846,,,,,,,4,Исследования и экспериментальные разработки в области общественных и гуманитарных наук,АЛМАТИНСКАЯ ОБЛАСТЬ,ИЛИЙСКИЙ РАЙОН
18946188,"Прикладные исследования в области общественных и гуманитарных наук, направленные на содействие развитию отечественных производств ",true,,,,,,x,846,,,,,,,5,Исследования и экспериментальные разработки в области общественных и гуманитарных наук,АЛМАТИНСКАЯ ОБЛАСТЬ,ИЛИЙСКИЙ РАЙОН
448770,Рекламная деятельность и исследование конъюнктуры рынка,false,,,,,,,,,,x,994,,,2,"Профессиональная, научная и техническая деятельность",АЛМАТИНСКАЯ ОБЛАСТЬ,ИЛИЙСКИЙ РАЙОН
448771,Рекламная деятельность,false,,,,,,,,,,x,994,,,3,Рекламная деятельность и исследование конъюнктуры рынка,АЛМАТИНСКАЯ ОБЛАСТЬ,ИЛИЙСКИЙ РАЙОН
448772,Деятельность рекламных агентств,false,,,,,,,,,,x,994,,,4,Рекламная деятельность,АЛМАТИНСКАЯ ОБЛАСТЬ,ИЛИЙСКИЙ РАЙОН
448773,Деятельность рекламных агентств,true,,,,,,,,,,x,994,,,5,Деятельность рекламных агентств,АЛМАТИНСКАЯ ОБЛАСТЬ,ИЛИЙСКИЙ РАЙОН
448779,"Прочая профессиональная, научная и техническая деятельность",false,,,,,,,,x,1031,,,,,2,"Профессиональная, научная и техническая деятельность",АЛМАТИНСКАЯ ОБЛАСТЬ,ИЛИЙСКИЙ РАЙОН
448789,"Прочая профессиональная, научная и техническая деятельность, не включенная в другие группировки",false,,,,,,,,x,1031,,,,,3,"Прочая профессиональная, научная и техническая деятельность",АЛМАТИНСКАЯ ОБЛАСТЬ,ИЛИЙСКИЙ РАЙОН
448790,"Прочая профессиональная, научная и техническая деятельность, не включенная в другие группировки",false,,,,,,,,x,1031,,,,,4,"Прочая профессиональная, научная и техническая деятельность, не включенная в другие группировки",АЛМАТИНСКАЯ ОБЛАСТЬ,ИЛИЙСКИЙ РАЙОН
448792,"Иная профессиональная, научная и техническая деятельность, не включенная в другие группировки",true,,,,,,,,x,1031,,,,,5,"Прочая профессиональная, научная и техническая деятельность, не включенная в другие группировки",АЛМАТИНСКАЯ ОБЛАСТЬ,ИЛИЙСКИЙ РАЙОН
448797,Деятельность в области административного и вспомогательного обслуживания,false,,34140000,883,125030000,920,833140000,846,36838000,1031,76133000,994,9497000,957,1,Всего,АЛМАТИНСКАЯ ОБЛАСТЬ,ИЛИЙСКИЙ РАЙОН
448798,"Аренда, прокат и лизинг",false,,x,883,,,72292000,846,,,,,x,957,2,Деятельность в области административного и вспомогательного обслуживания,АЛМАТИНСКАЯ ОБЛАСТЬ,ИЛИЙСКИЙ РАЙОН
448804,Аренда и лизинг предметов личного потребления и бытовых товаров,false,,,,,,,,,,,,x,957,3,"Аренда, прокат и лизинг",АЛМАТИНСКАЯ ОБЛАСТЬ,ИЛИЙСКИЙ РАЙОН
448805,Аренда и лизинг развлекательного и спортивного оборудования,false,,,,,,,,,,,,x,957,4,Аренда и лизинг предметов личного потребления и бытовых товаров,АЛМАТИНСКАЯ ОБЛАСТЬ,ИЛИЙСКИЙ РАЙОН
448806,Аренда и лизинг развлекательного и спортивного оборудования,true,,,,,,,,,,,,x,957,5,Аренда и лизинг развлекательного и спортивного оборудования,АЛМАТИНСКАЯ ОБЛАСТЬ,ИЛИЙСКИЙ РАЙОН
448811,"Аренда и лизинг прочих машин, оборудования и материальных активов",false,,x,883,,,72292000,846,,,,,,,3,"Аренда, прокат и лизинг",АЛМАТИНСКАЯ ОБЛАСТЬ,ИЛИЙСКИЙ РАЙОН
448814,Аренда и лизинг строительных машин и оборудования ,false,,x,883,,,x,846,,,,,,,4,"Аренда и лизинг прочих машин, оборудования и материальных активов",АЛМАТИНСКАЯ ОБЛАСТЬ,ИЛИЙСКИЙ РАЙОН
543081,Аренда строительных машин и оборудования ,true,,x,883,,,x,846,,,,,,,5,Аренда и лизинг строительных машин и оборудования ,АЛМАТИНСКАЯ ОБЛАСТЬ,ИЛИЙСКИЙ РАЙОН
448822,"Аренда и лизинг прочих машин, оборудования и материальных активов, не включенных в другие группировки",false,,,,,,x,846,,,,,,,4,"Аренда и лизинг прочих машин, оборудования и материальных активов",АЛМАТИНСКАЯ ОБЛАСТЬ,ИЛИЙСКИЙ РАЙОН
543089,"Аренда прочих машин, оборудования и материальных активов, не включенных в другие группировки",true,,,,,,x,846,,,,,,,5,"Аренда и лизинг прочих машин, оборудования и материальных активов, не включенных в другие группировки",АЛМАТИНСКАЯ ОБЛАСТЬ,ИЛИЙСКИЙ РАЙОН
448827,Деятельность в области трудоустройства,false,,,,,,,,x,1031,,,,,2,Деятельность в области административного и вспомогательного обслуживания,АЛМАТИНСКАЯ ОБЛАСТЬ,ИЛИЙСКИЙ РАЙОН
448834,Прочая деятельность по обеспечению трудовыми ресурсами (персоналом),false,,,,,,,,x,1031,,,,,3,Деятельность в области трудоустройства,АЛМАТИНСКАЯ ОБЛАСТЬ,ИЛИЙСКИЙ РАЙОН
448835,Прочая деятельность по обеспечению трудовыми ресурсами (персоналом),false,,,,,,,,x,1031,,,,,4,Прочая деятельность по обеспечению трудовыми ресурсами (персоналом),АЛМАТИНСКАЯ ОБЛАСТЬ,ИЛИЙСКИЙ РАЙОН
18951507,"Прочая деятельность по обеспечению трудовыми ресурсами (персоналом), кроме деятельности организаций, учрежденных национальными компаниями",true,,,,,,,,x,1031,,,,,5,Прочая деятельность по обеспечению трудовыми ресурсами (персоналом),АЛМАТИНСКАЯ ОБЛАСТЬ,ИЛИЙСКИЙ РАЙОН
448837,"Деятельность туристских агентств и операторов, бронирование и сопутствующая деятельность",false,,,,x,920,,,,,,,x,957,2,Деятельность в области административного и вспомогательного обслуживания,АЛМАТИНСКАЯ ОБЛАСТЬ,ИЛИЙСКИЙ РАЙОН
448838,Деятельность туристских агентств и операторов,false,,,,x,920,,,,,,,x,957,3,"Деятельность туристских агентств и операторов, бронирование и сопутствующая деятельность",АЛМАТИНСКАЯ ОБЛАСТЬ,ИЛИЙСКИЙ РАЙОН
448839,Деятельность туристских агентств,false,,,,x,920,,,,,,,x,957,4,Деятельность туристских агентств и операторов,АЛМАТИНСКАЯ ОБЛАСТЬ,ИЛИЙСКИЙ РАЙОН
448840,Деятельность туристских агентств,true,,,,x,920,,,,,,,x,957,5,Деятельность туристских агентств,АЛМАТИНСКАЯ ОБЛАСТЬ,ИЛИЙСКИЙ РАЙОН
448846,Деятельность по обеспечению безопасности и проведению расследований,false,,x,883,,,24925000,846,,,,,,,2,Деятельность в области административного и вспомогательного обслуживания,АЛМАТИНСКАЯ ОБЛАСТЬ,ИЛИЙСКИЙ РАЙОН
448847,Деятельность по обеспечению безопасности частных лиц и имущества,false,,x,883,,,24925000,846,,,,,,,3,Деятельность по обеспечению безопасности и проведению расследований,АЛМАТИНСКАЯ ОБЛАСТЬ,ИЛИЙСКИЙ РАЙОН
448848,Деятельность по обеспечению безопасности частных лиц и имущества,false,,x,883,,,24925000,846,,,,,,,4,Деятельность по обеспечению безопасности частных лиц и имущества,АЛМАТИНСКАЯ ОБЛАСТЬ,ИЛИЙСКИЙ РАЙОН
18946195,Деятельность частных охранных служб,true,,x,883,,,x,846,,,,,,,5,Деятельность по обеспечению безопасности частных лиц и имущества,АЛМАТИНСКАЯ ОБЛАСТЬ,ИЛИЙСКИЙ РАЙОН
18946196,"Деятельность охранных организаций, учрежденных национальными компаниями",true,,,,,,x,846,,,,,,,5,Деятельность по обеспечению безопасности частных лиц и имущества,АЛМАТИНСКАЯ ОБЛАСТЬ,ИЛИЙСКИЙ РАЙОН
448856,Деятельность по обслуживанию зданий и благоустройству территорий,false,,,,124171000,920,562500000,846,10596000,1031,76133000,994,,,2,Деятельность в области административного и вспомогательного обслуживания,АЛМАТИНСКАЯ ОБЛАСТЬ,ИЛИЙСКИЙ РАЙОН
448857,Комплексное обслуживание объектов,false,,,,,,,,10596000,1031,,,,,3,Деятельность по обслуживанию зданий и благоустройству территорий,АЛМАТИНСКАЯ ОБЛАСТЬ,ИЛИЙСКИЙ РАЙОН
448858,Комплексное обслуживание объектов,true,,,,,,,,10596000,1031,,,,,4,Комплексное обслуживание объектов,АЛМАТИНСКАЯ ОБЛАСТЬ,ИЛИЙСКИЙ РАЙОН
448867,Деятельность по благоустройству территорий,false,,,,124171000,920,562500000,846,,,76133000,994,,,3,Деятельность по обслуживанию зданий и благоустройству территорий,АЛМАТИНСКАЯ ОБЛАСТЬ,ИЛИЙСКИЙ РАЙОН
448868,Деятельность по благоустройству территорий,false,,,,124171000,920,562500000,846,,,76133000,994,,,4,Деятельность по благоустройству территорий,АЛМАТИНСКАЯ ОБЛАСТЬ,ИЛИЙСКИЙ РАЙОН
448869,Деятельность по благоустройству территорий,true,,,,124171000,920,562500000,846,,,76133000,994,,,5,Деятельность по благоустройству территорий,АЛМАТИНСКАЯ ОБЛАСТЬ,ИЛИЙСКИЙ РАЙОН
448870,"Деятельность в области офисного административного и вспомогательного обслуживания, направленная на поддержание коммерческой деятельности",false,,x,883,,,173423000,846,26085000,1031,,,,,2,Деятельность в области административного и вспомогательного обслуживания,АЛМАТИНСКАЯ ОБЛАСТЬ,ИЛИЙСКИЙ РАЙОН
448871,Деятельность в области офисного административного и вспомогательного обслуживания,false,,,,,,147000000,846,26085000,1031,,,,,3,"Деятельность в области офисного административного и вспомогательного обслуживания, направленная на поддержание коммерческой деятельности",АЛМАТИНСКАЯ ОБЛАСТЬ,ИЛИЙСКИЙ РАЙОН
448872,Деятельность по предоставлению комплексных офисных административных услуг,false,,,,,,147000000,846,26085000,1031,,,,,4,Деятельность в области офисного административного и вспомогательного обслуживания,АЛМАТИНСКАЯ ОБЛАСТЬ,ИЛИЙСКИЙ РАЙОН
448873,Деятельность по предоставлению комплексных офисных административных услуг,true,,,,,,147000000,846,26085000,1031,,,,,5,Деятельность по предоставлению комплексных офисных административных услуг,АЛМАТИНСКАЯ ОБЛАСТЬ,ИЛИЙСКИЙ РАЙОН
448882,"Деятельность по предоставлению вспомогательных коммерческих услуг, не включенная в другие группировки",false,,x,883,,,x,846,,,,,,,3,"Деятельность в области офисного административного и вспомогательного обслуживания, направленная на поддержание коммерческой деятельности",АЛМАТИНСКАЯ ОБЛАСТЬ,ИЛИЙСКИЙ РАЙОН
448885,Упаковывание,false,,x,883,,,x,846,,,,,,,4,"Деятельность по предоставлению вспомогательных коммерческих услуг, не включенная в другие группировки",АЛМАТИНСКАЯ ОБЛАСТЬ,ИЛИЙСКИЙ РАЙОН
448886,Упаковывание,true,,x,883,,,x,846,,,,,,,5,Упаковывание,АЛМАТИНСКАЯ ОБЛАСТЬ,ИЛИЙСКИЙ РАЙОН
448889,Государственное управление и оборона; обязательное  социальное обеспечение,false,,2292309000,883,,,1301029000,846,34164000,1031,1284427000,994,,,1,Всего,АЛМАТИНСКАЯ ОБЛАСТЬ,ИЛИЙСКИЙ РАЙОН
448890,Государственное управление и оборона; обязательное социальное обеспечение,false,,2292309000,883,,,1301029000,846,34164000,1031,1284427000,994,,,2,Государственное управление и оборона; обязательное  социальное обеспечение,АЛМАТИНСКАЯ ОБЛАСТЬ,ИЛИЙСКИЙ РАЙОН
448891,Государственное управление общего характера и управление социально-экономическое политикой общества,false,,2199570000,883,,,997454000,846,34164000,1031,1284427000,994,,,3,Государственное управление и оборона; обязательное социальное обеспечение,АЛМАТИНСКАЯ ОБЛАСТЬ,ИЛИЙСКИЙ РАЙОН
448892,Государственное управление общего характера,false,,x,883,,,,,,,,,,,4,Государственное управление общего характера и управление социально-экономическое политикой общества,АЛМАТИНСКАЯ ОБЛАСТЬ,ИЛИЙСКИЙ РАЙОН
448896,Деятельность сельских и поселковых органов управления,true,,x,883,,,,,,,,,,,5,Государственное управление общего характера,АЛМАТИНСКАЯ ОБЛАСТЬ,ИЛИЙСКИЙ РАЙОН
448900,"Регулирование деятельности учреждений здравоохранения, образования, культуры и других социальных услуг, кроме социального обеспечения ",false,,2140445000,883,,,997454000,846,,,1267170000,994,,,4,Государственное управление общего характера и управление социально-экономическое политикой общества,АЛМАТИНСКАЯ ОБЛАСТЬ,ИЛИЙСКИЙ РАЙОН
448901,"Регулирование деятельности учреждений здравоохранения, образования, культуры и других социальных услуг, кроме социального обеспечения ",true,,2140445000,883,,,997454000,846,,,1267170000,994,,,5,"Регулирование деятельности учреждений здравоохранения, образования, культуры и других социальных услуг, кроме социального обеспечения ",АЛМАТИНСКАЯ ОБЛАСТЬ,ИЛИЙСКИЙ РАЙОН
448902,Регулирование и содействие эффективному ведению экономической деятельности,false,,,,,,,,34164000,1031,17257000,994,,,4,Государственное управление общего характера и управление социально-экономическое политикой общества,АЛМАТИНСКАЯ ОБЛАСТЬ,ИЛИЙСКИЙ РАЙОН
448903,Регулирование и содействие эффективному ведению экономической деятельности,true,,,,,,,,34164000,1031,17257000,994,,,5,Регулирование и содействие эффективному ведению экономической деятельности,АЛМАТИНСКАЯ ОБЛАСТЬ,ИЛИЙСКИЙ РАЙОН
448904,Предоставление государством услуг обществу в целом,false,,x,883,,,x,846,,,,,,,3,Государственное управление и оборона; обязательное социальное обеспечение,АЛМАТИНСКАЯ ОБЛАСТЬ,ИЛИЙСКИЙ РАЙОН
448907,Оборонная деятельность,false,,x,883,,,x,846,,,,,,,4,Предоставление государством услуг обществу в целом,АЛМАТИНСКАЯ ОБЛАСТЬ,ИЛИЙСКИЙ РАЙОН
448908,Оборонная деятельность,true,,x,883,,,x,846,,,,,,,5,Оборонная деятельность,АЛМАТИНСКАЯ ОБЛАСТЬ,ИЛИЙСКИЙ РАЙОН
448918,Образование,false,,4801236000,883,7499076000,920,1298118000,846,2034262000,1031,2737641000,994,11094806000,957,1,Всего,АЛМАТИНСКАЯ ОБЛАСТЬ,ИЛИЙСКИЙ РАЙОН
448919,Образование,false,,4801236000,883,7499076000,920,1298118000,846,2034262000,1031,2737641000,994,11094806000,957,2,Образование,АЛМАТИНСКАЯ ОБЛАСТЬ,ИЛИЙСКИЙ РАЙОН
448920,Дошкольное образование,false,,9112000,883,,,x,846,865000,1031,3540000,994,1455000,957,3,Образование,АЛМАТИНСКАЯ ОБЛАСТЬ,ИЛИЙСКИЙ РАЙОН
448921,Дошкольное образование,false,,9112000,883,,,x,846,865000,1031,3540000,994,1455000,957,4,Дошкольное образование,АЛМАТИНСКАЯ ОБЛАСТЬ,ИЛИЙСКИЙ РАЙОН
448922,Дошкольное образование,true,,9112000,883,,,x,846,865000,1031,3540000,994,1455000,957,5,Дошкольное образование,АЛМАТИНСКАЯ ОБЛАСТЬ,ИЛИЙСКИЙ РАЙОН
448926,Среднее образование (2-й и 3-й уровни),false,,4792124000,883,7499076000,920,1297873000,846,2033397000,1031,2703380000,994,11093006000,957,3,Образование,АЛМАТИНСКАЯ ОБЛАСТЬ,ИЛИЙСКИЙ РАЙОН
448927,Основное и общее среднее образование,false,,4792124000,883,7499076000,920,1297873000,846,2033397000,1031,2703380000,994,11093006000,957,4,Среднее образование (2-й и 3-й уровни),АЛМАТИНСКАЯ ОБЛАСТЬ,ИЛИЙСКИЙ РАЙОН
448928,Основное и общее среднее образование,true,,4792124000,883,7499076000,920,1297873000,846,2033397000,1031,2703380000,994,11093006000,957,5,Основное и общее среднее образование,АЛМАТИНСКАЯ ОБЛАСТЬ,ИЛИЙСКИЙ РАЙОН
448937,Прочие виды образования,false,,,,,,,,,,30721000,994,,,3,Образование,АЛМАТИНСКАЯ ОБЛАСТЬ,ИЛИЙСКИЙ РАЙОН
448938,Образование в области спорта и отдыха,false,,,,,,,,,,21150000,994,,,4,Прочие виды образования,АЛМАТИНСКАЯ ОБЛАСТЬ,ИЛИЙСКИЙ РАЙОН
448939,Образование в области спорта и отдыха,true,,,,,,,,,,21150000,994,,,5,Образование в области спорта и отдыха,АЛМАТИНСКАЯ ОБЛАСТЬ,ИЛИЙСКИЙ РАЙОН
448944,"Прочие виды образования, не включенные в другие группировки",false,,,,,,,,,,9571000,994,,,4,Прочие виды образования,АЛМАТИНСКАЯ ОБЛАСТЬ,ИЛИЙСКИЙ РАЙОН
448946,"Прочая деятельность в области образования, не включенная в другие группировки",true,,,,,,,,,,9571000,994,,,5,"Прочие виды образования, не включенные в другие группировки",АЛМАТИНСКАЯ ОБЛАСТЬ,ИЛИЙСКИЙ РАЙОН
448947,Вспомогательная деятельность в области образования,false,,,,,,,,,,,,x,957,3,Образование,АЛМАТИНСКАЯ ОБЛАСТЬ,ИЛИЙСКИЙ РАЙОН
448948,Вспомогательная деятельность в области образования,false,,,,,,,,,,,,x,957,4,Вспомогательная деятельность в области образования,АЛМАТИНСКАЯ ОБЛАСТЬ,ИЛИЙСКИЙ РАЙОН
18951466,Прочая вспомогательная деятельность в области образования,true,,,,,,,,,,,,x,957,5,Вспомогательная деятельность в области образования,АЛМАТИНСКАЯ ОБЛАСТЬ,ИЛИЙСКИЙ РАЙОН
448950,Здравоохранение и социальное обслуживание населения,false,,364878000,883,66403000,920,306077000,846,706484000,1031,1097716000,994,87447000,957,1,Всего,АЛМАТИНСКАЯ ОБЛАСТЬ,ИЛИЙСКИЙ РАЙОН
448951,Деятельность в области здравоохранения,false,,364878000,883,66403000,920,306077000,846,706484000,1031,1027716000,994,87447000,957,2,Здравоохранение и социальное обслуживание населения,АЛМАТИНСКАЯ ОБЛАСТЬ,ИЛИЙСКИЙ РАЙОН
448952,Деятельность больничных организаций,false,,1853000,883,20000000,920,,,482659000,1031,950096000,994,,,3,Деятельность в области здравоохранения,АЛМАТИНСКАЯ ОБЛАСТЬ,ИЛИЙСКИЙ РАЙОН
448953,Деятельность больничных организаций,false,,1853000,883,20000000,920,,,482659000,1031,950096000,994,,,4,Деятельность больничных организаций,АЛМАТИНСКАЯ ОБЛАСТЬ,ИЛИЙСКИЙ РАЙОН
448954,Деятельность больниц широкого профиля и специализированных больниц,true,,,,,,,,482659000,1031,950096000,994,,,5,Деятельность больничных организаций,АЛМАТИНСКАЯ ОБЛАСТЬ,ИЛИЙСКИЙ РАЙОН
448955,Деятельность родильных домов,true,,1853000,883,20000000,920,,,,,,,,,5,Деятельность больничных организаций,АЛМАТИНСКАЯ ОБЛАСТЬ,ИЛИЙСКИЙ РАЙОН
448959,Деятельность в области врачебной практики и стоматологии,false,,363025000,883,46403000,920,306077000,846,217954000,1031,47620000,994,87447000,957,3,Деятельность в области здравоохранения,АЛМАТИНСКАЯ ОБЛАСТЬ,ИЛИЙСКИЙ РАЙОН
448960,Общая врачебная практика,false,,363025000,883,46403000,920,294051000,846,217954000,1031,47620000,994,87447000,957,4,Деятельность в области врачебной практики и стоматологии,АЛМАТИНСКАЯ ОБЛАСТЬ,ИЛИЙСКИЙ РАЙОН
448961,Общая врачебная практика,true,,363025000,883,46403000,920,294051000,846,217954000,1031,47620000,994,87447000,957,5,Общая врачебная практика,АЛМАТИНСКАЯ ОБЛАСТЬ,ИЛИЙСКИЙ РАЙОН
448962,Специальная врачебная практика,false,,,,,,12026000,846,,,,,,,4,Деятельность в области врачебной практики и стоматологии,АЛМАТИНСКАЯ ОБЛАСТЬ,ИЛИЙСКИЙ РАЙОН
448963,Специальная врачебная практика,true,,,,,,12026000,846,,,,,,,5,Специальная врачебная практика,АЛМАТИНСКАЯ ОБЛАСТЬ,ИЛИЙСКИЙ РАЙОН
448966,Прочая деятельность в области здравоохранения ,false,,,,,,,,5871000,1031,30000000,994,,,3,Деятельность в области здравоохранения,АЛМАТИНСКАЯ ОБЛАСТЬ,ИЛИЙСКИЙ РАЙОН
448967,Прочая деятельность в области здравоохранения ,false,,,,,,,,5871000,1031,30000000,994,,,4,Прочая деятельность в области здравоохранения ,АЛМАТИНСКАЯ ОБЛАСТЬ,ИЛИЙСКИЙ РАЙОН
448968,Прочая деятельность в области здравоохранения ,true,,,,,,,,,,30000000,994,,,5,Прочая деятельность в области здравоохранения ,АЛМАТИНСКАЯ ОБЛАСТЬ,ИЛИЙСКИЙ РАЙОН
448969,Предоставление социальных услуг с обеспечением проживания,false,,,,,,,,,,70000000,994,,,2,Здравоохранение и социальное обслуживание населения,АЛМАТИНСКАЯ ОБЛАСТЬ,ИЛИЙСКИЙ РАЙОН
448970,Предоставление социальных услуг с услугами средних медицинских работников с обеспечением проживания,false,,,,,,,,,,70000000,994,,,3,Предоставление социальных услуг с обеспечением проживания,АЛМАТИНСКАЯ ОБЛАСТЬ,ИЛИЙСКИЙ РАЙОН
448971,Предоставление социальных услуг с услугами средних медицинских работников с обеспечением проживания,false,,,,,,,,,,70000000,994,,,4,Предоставление социальных услуг с услугами средних медицинских работников с обеспечением проживания,АЛМАТИНСКАЯ ОБЛАСТЬ,ИЛИЙСКИЙ РАЙОН
448972,Предоставление социальных услуг с услугами средних медицинских работников с обеспечением проживания,true,,,,,,,,,,70000000,994,,,5,Предоставление социальных услуг с услугами средних медицинских работников с обеспечением проживания,АЛМАТИНСКАЯ ОБЛАСТЬ,ИЛИЙСКИЙ РАЙОН
448991,"Искусство, развлечения и отдых",false,,4483482000,883,1869654000,920,7403313000,846,576505000,1031,1986686000,994,587389000,957,1,Всего,АЛМАТИНСКАЯ ОБЛАСТЬ,ИЛИЙСКИЙ РАЙОН
448992,"Деятельность в области творчества, искусства и развлечений",false,,,,50891000,920,,,,,,,,,2,"Искусство, развлечения и отдых",АЛМАТИНСКАЯ ОБЛАСТЬ,ИЛИЙСКИЙ РАЙОН
448993,"Деятельность в области творчества, искусства и развлечений",false,,,,50891000,920,,,,,,,,,3,"Деятельность в области творчества, искусства и развлечений",АЛМАТИНСКАЯ ОБЛАСТЬ,ИЛИЙСКИЙ РАЙОН
449002,Деятельность концертных и театральных залов,false,,,,50891000,920,,,,,,,,,4,"Деятельность в области творчества, искусства и развлечений",АЛМАТИНСКАЯ ОБЛАСТЬ,ИЛИЙСКИЙ РАЙОН
449003,Деятельность концертных и театральных залов,true,,,,50891000,920,,,,,,,,,5,Деятельность концертных и театральных залов,АЛМАТИНСКАЯ ОБЛАСТЬ,ИЛИЙСКИЙ РАЙОН
449004,"Деятельность библиотек, архивов, музеев и прочая деятельность в области культуры",false,,,,1160000,920,x,846,675000,1031,999000,994,625000,957,2,"Искусство, развлечения и отдых",АЛМАТИНСКАЯ ОБЛАСТЬ,ИЛИЙСКИЙ РАЙОН
449005,"Деятельность библиотек, архивов, музеев и прочая деятельность в области культуры",false,,,,1160000,920,x,846,675000,1031,999000,994,625000,957,3,"Деятельность библиотек, архивов, музеев и прочая деятельность в области культуры",АЛМАТИНСКАЯ ОБЛАСТЬ,ИЛИЙСКИЙ РАЙОН
449006,Деятельность библиотек и архивов,false,,,,1160000,920,x,846,675000,1031,999000,994,625000,957,4,"Деятельность библиотек, архивов, музеев и прочая деятельность в области культуры",АЛМАТИНСКАЯ ОБЛАСТЬ,ИЛИЙСКИЙ РАЙОН
449009,Деятельность архивов,true,,,,1160000,920,x,846,675000,1031,999000,994,625000,957,5,Деятельность библиотек и архивов,АЛМАТИНСКАЯ ОБЛАСТЬ,ИЛИЙСКИЙ РАЙОН
449022,"Деятельность в области спорта, организации отдыха и развлечений",false,,4483482000,883,1817603000,920,7398703000,846,575830000,1031,1985687000,994,586764000,957,2,"Искусство, развлечения и отдых",АЛМАТИНСКАЯ ОБЛАСТЬ,ИЛИЙСКИЙ РАЙОН
449023,Деятельность в области спорта,false,,4479836000,883,1817603000,920,5448575000,846,575830000,1031,1985687000,994,586764000,957,3,"Деятельность в области спорта, организации отдыха и развлечений",АЛМАТИНСКАЯ ОБЛАСТЬ,ИЛИЙСКИЙ РАЙОН
449024,Эксплуатация спортивных сооружений,false,,4479836000,883,x,920,x,846,x,1031,x,994,x,957,4,Деятельность в области спорта,АЛМАТИНСКАЯ ОБЛАСТЬ,ИЛИЙСКИЙ РАЙОН
449025,Эксплуатация спортивных сооружений,true,,4479836000,883,x,920,x,846,x,1031,x,994,x,957,5,Эксплуатация спортивных сооружений,АЛМАТИНСКАЯ ОБЛАСТЬ,ИЛИЙСКИЙ РАЙОН
449026,Деятельность спортивных клубов,false,,,,23045000,920,5000000,846,18800000,1031,47106000,994,10000000,957,4,Деятельность в области спорта,АЛМАТИНСКАЯ ОБЛАСТЬ,ИЛИЙСКИЙ РАЙОН
449027,Деятельность спортивных клубов,true,,,,23045000,920,5000000,846,18800000,1031,47106000,994,10000000,957,5,Деятельность спортивных клубов,АЛМАТИНСКАЯ ОБЛАСТЬ,ИЛИЙСКИЙ РАЙОН
449032,Деятельность по организации отдыха и развлечений,false,,x,883,,,x,846,,,,,,,3,"Деятельность в области спорта, организации отдыха и развлечений",АЛМАТИНСКАЯ ОБЛАСТЬ,ИЛИЙСКИЙ РАЙОН
449035,Прочая деятельность по организации отдыха и развлечений,false,,x,883,,,x,846,,,,,,,4,Деятельность по организации отдыха и развлечений,АЛМАТИНСКАЯ ОБЛАСТЬ,ИЛИЙСКИЙ РАЙОН
449039,Прочие виды деятельности по организации отдыха и развлечений,true,,x,883,,,x,846,,,,,,,5,Прочая деятельность по организации отдыха и развлечений,АЛМАТИНСКАЯ ОБЛАСТЬ,ИЛИЙСКИЙ РАЙОН
449040,Предоставление прочих видов услуг,false,,,,,,5108000,846,x,1031,,,268378000,957,1,Всего,АЛМАТИНСКАЯ ОБЛАСТЬ,ИЛИЙСКИЙ РАЙОН
449041,Деятельность общественных объединений (организаций),false,,,,,,x,846,,,,,,,2,Предоставление прочих видов услуг,АЛМАТИНСКАЯ ОБЛАСТЬ,ИЛИЙСКИЙ РАЙОН
449042,"Деятельность коммерческих, предпринимательских и профессиональных общественных организаций ",false,,,,,,x,846,,,,,,,3,Деятельность общественных объединений (организаций),АЛМАТИНСКАЯ ОБЛАСТЬ,ИЛИЙСКИЙ РАЙОН
449043,Деятельность коммерческих и предпринимательских общественных организаций ,false,,,,,,x,846,,,,,,,4,"Деятельность коммерческих, предпринимательских и профессиональных общественных организаций ",АЛМАТИНСКАЯ ОБЛАСТЬ,ИЛИЙСКИЙ РАЙОН
449044,Деятельность коммерческих и предпринимательских общественных организаций ,true,,,,,,x,846,,,,,,,5,Деятельность коммерческих и предпринимательских общественных организаций ,АЛМАТИНСКАЯ ОБЛАСТЬ,ИЛИЙСКИЙ РАЙОН
449084,Предоставление прочих индивидуальных услуг,false,,,,,,x,846,x,1031,,,268378000,957,2,Предоставление прочих видов услуг,АЛМАТИНСКАЯ ОБЛАСТЬ,ИЛИЙСКИЙ РАЙОН
449085,Предоставление прочих индивидуальных услуг,false,,,,,,x,846,x,1031,,,268378000,957,3,Предоставление прочих индивидуальных услуг,АЛМАТИНСКАЯ ОБЛАСТЬ,ИЛИЙСКИЙ РАЙОН
449095,"Предоставление прочих индивидуальных услуг, не включенных в другие группировки",false,,,,,,x,846,x,1031,,,268378000,957,4,Предоставление прочих индивидуальных услуг,АЛМАТИНСКАЯ ОБЛАСТЬ,ИЛИЙСКИЙ РАЙОН
449096,"Предоставление прочих индивидуальных услуг, не включенных в другие группировки",true,,,,,,x,846,x,1031,,,268378000,957,5,"Предоставление прочих индивидуальных услуг, не включенных в другие группировки",АЛМАТИНСКАЯ ОБЛАСТЬ,ИЛИЙСКИЙ РАЙОН
741340,Промышленность,false,,45337656000,883,39074420000,920,38784171000,846,94847672000,1031,90182894000,994,55106505000,957,1,Всего,АЛМАТИНСКАЯ ОБЛАСТЬ,ИЛИЙСКИЙ РАЙОН
447279,Горнодобывающая промышленность и разработка карьеров,false,,23609000,883,81053000,920,4194913000,846,,,,,33643000,957,2,Промышленность,АЛМАТИНСКАЯ ОБЛАСТЬ,ИЛИЙСКИЙ РАЙОН
447316,Добыча прочих полезных ископаемых,false,,x,883,81053000,920,x,846,,,,,,,3,Горнодобывающая промышленность и разработка карьеров,АЛМАТИНСКАЯ ОБЛАСТЬ,ИЛИЙСКИЙ РАЙОН
447317,"Добыча камня, песка и глины",false,,x,883,81053000,920,x,846,,,,,,,4,Добыча прочих полезных ископаемых,АЛМАТИНСКАЯ ОБЛАСТЬ,ИЛИЙСКИЙ РАЙОН
447322,"Разработка гравийных и песчаных карьеров, добыча глины и каолина",false,,x,883,81053000,920,x,846,,,,,,,5,"Добыча камня, песка и глины",АЛМАТИНСКАЯ ОБЛАСТЬ,ИЛИЙСКИЙ РАЙОН
447339,Предоставление услуг в горнодобывающей промышленности,false,,x,883,,,4194286000,846,,,,,33643000,957,3,Горнодобывающая промышленность и разработка карьеров,АЛМАТИНСКАЯ ОБЛАСТЬ,ИЛИЙСКИЙ РАЙОН
447343,"Предоставление услуг, способствующих добыче других полезных ископаемых",false,,x,883,,,4194286000,846,,,,,33643000,957,4,Предоставление услуг в горнодобывающей промышленности,АЛМАТИНСКАЯ ОБЛАСТЬ,ИЛИЙСКИЙ РАЙОН
447344,"Предоставление услуг, способствующих добыче других полезных ископаемых",false,,x,883,,,4194286000,846,,,,,33643000,957,5,"Предоставление услуг, способствующих добыче других полезных ископаемых",АЛМАТИНСКАЯ ОБЛАСТЬ,ИЛИЙСКИЙ РАЙОН
447346,Обрабатывающая промышленность,false,,29964918000,883,35308402000,920,26117448000,846,78610288000,1031,80935608000,994,43479321000,957,2,Промышленность,АЛМАТИНСКАЯ ОБЛАСТЬ,ИЛИЙСКИЙ РАЙОН
447347,Производство продуктов питания,false,,9219598000,883,9685061000,920,6524391000,846,9216408000,1031,41836227000,994,22073461000,957,3,Обрабатывающая промышленность,АЛМАТИНСКАЯ ОБЛАСТЬ,ИЛИЙСКИЙ РАЙОН
447348,Переработка и консервирование мяса и производство мясной продукции,false,,3813000,883,10364000,920,217717000,846,,,61115000,994,48083000,957,4,Производство продуктов питания,АЛМАТИНСКАЯ ОБЛАСТЬ,ИЛИЙСКИЙ РАЙОН
447349,Переработка и консервирование мяса,false,,,,,,x,846,,,,,,,5,Переработка и консервирование мяса и производство мясной продукции,АЛМАТИНСКАЯ ОБЛАСТЬ,ИЛИЙСКИЙ РАЙОН
447353,Производство продуктов из мяса и мяса сельскохозяйственной птицы ,false,,3813000,883,10364000,920,214155000,846,,,61115000,994,48083000,957,5,Переработка и консервирование мяса и производство мясной продукции,АЛМАТИНСКАЯ ОБЛАСТЬ,ИЛИЙСКИЙ РАЙОН
447358,Переработка и консервирование фруктов и овощей,false,,x,883,x,920,,,22274000,1031,34297369000,994,10608040000,957,4,Производство продуктов питания,АЛМАТИНСКАЯ ОБЛАСТЬ,ИЛИЙСКИЙ РАЙОН
447359,Переработка и консервирование картофеля,false,,,,,,,,,,x,994,,,5,Переработка и консервирование фруктов и овощей,АЛМАТИНСКАЯ ОБЛАСТЬ,ИЛИЙСКИЙ РАЙОН
447361,Производство фруктовых и овощных соков,false,,x,883,x,920,,,x,1031,x,994,x,957,5,Переработка и консервирование фруктов и овощей,АЛМАТИНСКАЯ ОБЛАСТЬ,ИЛИЙСКИЙ РАЙОН
447363,Прочие виды переработки и консервирования фруктов и овощей,false,,,,,,,,x,1031,33652067000,994,x,957,5,Переработка и консервирование фруктов и овощей,АЛМАТИНСКАЯ ОБЛАСТЬ,ИЛИЙСКИЙ РАЙОН
447365,Производство растительных и животных масел и жиров,false,,,,,,x,846,,,,,,,4,Производство продуктов питания,АЛМАТИНСКАЯ ОБЛАСТЬ,ИЛИЙСКИЙ РАЙОН
447366,Производство масел и жиров,false,,,,,,x,846,,,,,,,5,Производство растительных и животных масел и жиров,АЛМАТИНСКАЯ ОБЛАСТЬ,ИЛИЙСКИЙ РАЙОН
447371,Производство молочных продуктов,false,,5995526000,883,9209604000,920,4511835000,846,9120920000,1031,7308641000,994,10919854000,957,4,Производство продуктов питания,АЛМАТИНСКАЯ ОБЛАСТЬ,ИЛИЙСКИЙ РАЙОН
447372,Переработка молока и производство сыров,false,,883972000,883,579992000,920,2580779000,846,67904000,1031,223056000,994,131834000,957,5,Производство молочных продуктов,АЛМАТИНСКАЯ ОБЛАСТЬ,ИЛИЙСКИЙ РАЙОН
447375,Производство мороженого,false,,x,883,x,920,1931056000,846,9053016000,1031,x,994,10788020000,957,5,Производство молочных продуктов,АЛМАТИНСКАЯ ОБЛАСТЬ,ИЛИЙСКИЙ РАЙОН
447377,"Производство мукомольно-крупяных продуктов, крахмалов и крахмальных продуктов",false,,,,,,,,,,,,20550000,957,4,Производство продуктов питания,АЛМАТИНСКАЯ ОБЛАСТЬ,ИЛИЙСКИЙ РАЙОН
447382,Производство крахмала и продукции из крахмала,false,,,,,,,,,,,,20550000,957,5,"Производство мукомольно-крупяных продуктов, крахмалов и крахмальных продуктов",АЛМАТИНСКАЯ ОБЛАСТЬ,ИЛИЙСКИЙ РАЙОН
447384,"Производство  хлебобулочных, макаронных и мучных кондитерских изделий",false,,979062000,883,53037000,920,51292000,846,61246000,1031,151943000,994,474609000,957,4,Производство продуктов питания,АЛМАТИНСКАЯ ОБЛАСТЬ,ИЛИЙСКИЙ РАЙОН
447385,Производство хлебобулочных и мучных кондитерских изделий недлительного хранения,false,,979062000,883,53037000,920,51292000,846,61246000,1031,151943000,994,474609000,957,5,"Производство  хлебобулочных, макаронных и мучных кондитерских изделий",АЛМАТИНСКАЯ ОБЛАСТЬ,ИЛИЙСКИЙ РАЙОН
447391,Производство прочих продуктов питания,false,,2193305000,883,6751000,920,1543782000,846,11968000,1031,17159000,994,2325000,957,4,Производство продуктов питания,АЛМАТИНСКАЯ ОБЛАСТЬ,ИЛИЙСКИЙ РАЙОН
447396,Производство чая и кофе,false,,24000000,883,,,,,,,,,,,5,Производство прочих продуктов питания,АЛМАТИНСКАЯ ОБЛАСТЬ,ИЛИЙСКИЙ РАЙОН
447400,Производство готовых пищевых продуктов,false,,,,2574000,920,x,846,,,x,994,x,957,5,Производство прочих продуктов питания,АЛМАТИНСКАЯ ОБЛАСТЬ,ИЛИЙСКИЙ РАЙОН
447404,"Производство прочих продуктов питания, не включенных в другие группировки",false,,x,883,x,920,x,846,11968000,1031,x,994,x,957,5,Производство прочих продуктов питания,АЛМАТИНСКАЯ ОБЛАСТЬ,ИЛИЙСКИЙ РАЙОН
447408,Производство готовых кормов для животных,false,,,,x,920,,,,,,,,,4,Производство продуктов питания,АЛМАТИНСКАЯ ОБЛАСТЬ,ИЛИЙСКИЙ РАЙОН
447409,Производство готовых кормов для сельскохозяйственных животных,false,,,,x,920,,,,,,,,,5,Производство готовых кормов для животных,АЛМАТИНСКАЯ ОБЛАСТЬ,ИЛИЙСКИЙ РАЙОН
447413,Производство напитков,false,,3078620000,883,2597818000,920,2054918000,846,4926932000,1031,9019584000,994,2485826000,957,3,Обрабатывающая промышленность,АЛМАТИНСКАЯ ОБЛАСТЬ,ИЛИЙСКИЙ РАЙОН
447414,Производство напитков,false,,3078620000,883,2597818000,920,2054918000,846,4926932000,1031,9019584000,994,2485826000,957,4,Производство напитков,АЛМАТИНСКАЯ ОБЛАСТЬ,ИЛИЙСКИЙ РАЙОН
447415,"Дистилляция, ректификация и смешивание спиртных напитков",false,,,,x,920,x,846,,,,,,,5,Производство напитков,АЛМАТИНСКАЯ ОБЛАСТЬ,ИЛИЙСКИЙ РАЙОН
447417,Производство вина из винограда,false,,x,883,x,920,x,846,,,,,x,957,5,Производство напитков,АЛМАТИНСКАЯ ОБЛАСТЬ,ИЛИЙСКИЙ РАЙОН
447423,Производство пива,false,,825632000,883,1743470000,920,1809877000,846,2233686000,1031,7544834000,994,2098270000,957,5,Производство напитков,АЛМАТИНСКАЯ ОБЛАСТЬ,ИЛИЙСКИЙ РАЙОН
447427,"Производство безалкогольных напитков, минеральных вод и других вод в бутылках",false,,2238272000,883,759317000,920,225992000,846,x,1031,x,994,369160000,957,5,Производство напитков,АЛМАТИНСКАЯ ОБЛАСТЬ,ИЛИЙСКИЙ РАЙОН
447429,Производство табачных изделий,false,,10103573000,883,7636034000,920,8835244000,846,49252085000,1031,21135847000,994,9578289000,957,3,Обрабатывающая промышленность,АЛМАТИНСКАЯ ОБЛАСТЬ,ИЛИЙСКИЙ РАЙОН
447430,Производство табачных изделий,false,,10103573000,883,7636034000,920,8835244000,846,49252085000,1031,21135847000,994,9578289000,957,4,Производство табачных изделий,АЛМАТИНСКАЯ ОБЛАСТЬ,ИЛИЙСКИЙ РАЙОН
447431,Производство табачных изделий,false,,10103573000,883,7636034000,920,8835244000,846,49252085000,1031,21135847000,994,9578289000,957,5,Производство табачных изделий,АЛМАТИНСКАЯ ОБЛАСТЬ,ИЛИЙСКИЙ РАЙОН
447434,Производство текстильных изделий,false,,x,883,7517000,920,x,846,,,,,13049000,957,3,Обрабатывающая промышленность,АЛМАТИНСКАЯ ОБЛАСТЬ,ИЛИЙСКИЙ РАЙОН
447456,Производство прочих текстильных изделий,false,,x,883,7517000,920,x,846,,,,,13049000,957,4,Производство текстильных изделий,АЛМАТИНСКАЯ ОБЛАСТЬ,ИЛИЙСКИЙ РАЙОН
447460,"Производство готовых текстильных изделий, кроме одежды",false,,x,883,7517000,920,x,846,,,,,13049000,957,5,Производство прочих текстильных изделий,АЛМАТИНСКАЯ ОБЛАСТЬ,ИЛИЙСКИЙ РАЙОН
447496,Производство кожаной и относящейся к ней продукции,false,,x,883,x,920,x,846,x,1031,x,994,x,957,3,Обрабатывающая промышленность,АЛМАТИНСКАЯ ОБЛАСТЬ,ИЛИЙСКИЙ РАЙОН
447505,Производство обуви,false,,x,883,x,920,x,846,x,1031,x,994,x,957,4,Производство кожаной и относящейся к ней продукции,АЛМАТИНСКАЯ ОБЛАСТЬ,ИЛИЙСКИЙ РАЙОН
447506,Производство обуви,false,,x,883,x,920,x,846,x,1031,x,994,x,957,5,Производство обуви,АЛМАТИНСКАЯ ОБЛАСТЬ,ИЛИЙСКИЙ РАЙОН
447508,"Производство деревянных и пробковых изделий, кроме мебели; производство изделий из соломки и материалов для плетения",false,,x,883,x,920,x,846,x,1031,x,994,x,957,3,Обрабатывающая промышленность,АЛМАТИНСКАЯ ОБЛАСТЬ,ИЛИЙСКИЙ РАЙОН
447514,"Производство изделий из древесины, пробки, соломки и материалов для плетения ",false,,x,883,x,920,x,846,x,1031,x,994,x,957,4,"Производство деревянных и пробковых изделий, кроме мебели; производство изделий из соломки и материалов для плетения",АЛМАТИНСКАЯ ОБЛАСТЬ,ИЛИЙСКИЙ РАЙОН
447519,Производство прочих деревянных строительных конструкций и столярных  изделий,false,,x,883,x,920,x,846,x,1031,x,994,x,957,5,"Производство изделий из древесины, пробки, соломки и материалов для плетения ",АЛМАТИНСКАЯ ОБЛАСТЬ,ИЛИЙСКИЙ РАЙОН
447529,Производство бумаги и бумажной продукции,false,,90763000,883,96675000,920,102428000,846,1609471000,1031,3056127000,994,3846276000,957,3,Обрабатывающая промышленность,АЛМАТИНСКАЯ ОБЛАСТЬ,ИЛИЙСКИЙ РАЙОН
447535,Производство изделий из бумаги и картона,false,,90763000,883,96675000,920,102428000,846,1609471000,1031,3056127000,994,3846276000,957,4,Производство бумаги и бумажной продукции,АЛМАТИНСКАЯ ОБЛАСТЬ,ИЛИЙСКИЙ РАЙОН
447536,"Производство гофрированной бумаги и картона, бумажной и картонной тары",false,,x,883,x,920,100817000,846,1602683000,1031,2947243000,994,3844277000,957,5,Производство изделий из бумаги и картона,АЛМАТИНСКАЯ ОБЛАСТЬ,ИЛИЙСКИЙ РАЙОН
447539,Производство бумажных изделий хозяйственно-бытового и санитарно-гигиенического назначения,false,,x,883,x,920,x,846,x,1031,80466000,994,x,957,5,Производство изделий из бумаги и картона,АЛМАТИНСКАЯ ОБЛАСТЬ,ИЛИЙСКИЙ РАЙОН
447545,Производство прочих изделий из бумаги и картона,false,,,,,,,,,,x,994,x,957,5,Производство изделий из бумаги и картона,АЛМАТИНСКАЯ ОБЛАСТЬ,ИЛИЙСКИЙ РАЙОН
447547,Полиграфическая деятельность и воспроизведение записанных носителей информации,false,,,,,,,,x,1031,48305000,994,,,3,Обрабатывающая промышленность,АЛМАТИНСКАЯ ОБЛАСТЬ,ИЛИЙСКИЙ РАЙОН
447548,Полиграфическая деятельность и предоставление услуг в этой области,false,,,,,,,,x,1031,48305000,994,,,4,Полиграфическая деятельность и воспроизведение записанных носителей информации,АЛМАТИНСКАЯ ОБЛАСТЬ,ИЛИЙСКИЙ РАЙОН
447551,Прочие виды печатного производства,false,,,,,,,,x,1031,48305000,994,,,5,Полиграфическая деятельность и предоставление услуг в этой области,АЛМАТИНСКАЯ ОБЛАСТЬ,ИЛИЙСКИЙ РАЙОН
447562,Производство кокса и продуктов нефтепереработки,false,,x,883,x,920,x,846,1094500000,1031,198845000,994,x,957,3,Обрабатывающая промышленность,АЛМАТИНСКАЯ ОБЛАСТЬ,ИЛИЙСКИЙ РАЙОН
447566,"Производство продуктов нефтепереработки, брикетов из торфа и угля",false,,x,883,x,920,x,846,1094500000,1031,198845000,994,x,957,4,Производство кокса и продуктов нефтепереработки,АЛМАТИНСКАЯ ОБЛАСТЬ,ИЛИЙСКИЙ РАЙОН
447567,"Производство продуктов нефтепереработки, брикетов из торфа и угля",false,,x,883,x,920,x,846,1094500000,1031,198845000,994,x,957,5,"Производство продуктов нефтепереработки, брикетов из торфа и угля",АЛМАТИНСКАЯ ОБЛАСТЬ,ИЛИЙСКИЙ РАЙОН
447572,Производство продуктов химической промышленности,false,,,,103752000,920,167666000,846,,,,,,,3,Обрабатывающая промышленность,АЛМАТИНСКАЯ ОБЛАСТЬ,ИЛИЙСКИЙ РАЙОН
447573,"Производство основных химических веществ, удобрений и азотных соединений, пластмасс и синтетического каучука в первичных формах",false,,,,103752000,920,141446000,846,,,,,,,4,Производство продуктов химической промышленности,АЛМАТИНСКАЯ ОБЛАСТЬ,ИЛИЙСКИЙ РАЙОН
447574,Производство промышленных газов,false,,,,x,920,x,846,,,,,,,5,"Производство основных химических веществ, удобрений и азотных соединений, пластмасс и синтетического каучука в первичных формах",АЛМАТИНСКАЯ ОБЛАСТЬ,ИЛИЙСКИЙ РАЙОН
447578,Производство прочих основных неорганических химических веществ,false,,,,x,920,,,,,,,,,5,"Производство основных химических веществ, удобрений и азотных соединений, пластмасс и синтетического каучука в первичных формах",АЛМАТИНСКАЯ ОБЛАСТЬ,ИЛИЙСКИЙ РАЙОН
447587,Производство пластмасс в первичных формах,false,,,,,,x,846,,,,,,,5,"Производство основных химических веществ, удобрений и азотных соединений, пластмасс и синтетического каучука в первичных формах",АЛМАТИНСКАЯ ОБЛАСТЬ,ИЛИЙСКИЙ РАЙОН
447594,"Производство красок, лаков и аналогичных покрытий, типографской краски и мастик",false,,,,,,26220000,846,,,,,,,4,Производство продуктов химической промышленности,АЛМАТИНСКАЯ ОБЛАСТЬ,ИЛИЙСКИЙ РАЙОН
447595,"Производство красок, лаков и аналогичных покрытий, типографской краски и мастик",false,,,,,,26220000,846,,,,,,,5,"Производство красок, лаков и аналогичных покрытий, типографской краски и мастик",АЛМАТИНСКАЯ ОБЛАСТЬ,ИЛИЙСКИЙ РАЙОН
447620,Производство основных фармацевтических продуктов и фармацевтических препаратов,false,,599303000,883,477651000,920,579959000,846,901880000,1031,2597997000,994,1490071000,957,3,Обрабатывающая промышленность,АЛМАТИНСКАЯ ОБЛАСТЬ,ИЛИЙСКИЙ РАЙОН
447621,Производство основных фармацевтических продуктов,false,,,,x,920,,,,,,,,,4,Производство основных фармацевтических продуктов и фармацевтических препаратов,АЛМАТИНСКАЯ ОБЛАСТЬ,ИЛИЙСКИЙ РАЙОН
447622,Производство основных фармацевтических продуктов,false,,,,x,920,,,,,,,,,5,Производство основных фармацевтических продуктов,АЛМАТИНСКАЯ ОБЛАСТЬ,ИЛИЙСКИЙ РАЙОН
447624,Производство фармацевтических препаратов и медицинских материалов,false,,599303000,883,429651000,920,579959000,846,901880000,1031,2597997000,994,1490071000,957,4,Производство основных фармацевтических продуктов и фармацевтических препаратов,АЛМАТИНСКАЯ ОБЛАСТЬ,ИЛИЙСКИЙ РАЙОН
447625,Производство фармацевтических препаратов и медицинских материалов,false,,599303000,883,429651000,920,579959000,846,901880000,1031,2597997000,994,1490071000,957,5,Производство фармацевтических препаратов и медицинских материалов,АЛМАТИНСКАЯ ОБЛАСТЬ,ИЛИЙСКИЙ РАЙОН
447628,Производство резиновых и пластмассовых изделий,false,,1944238000,883,4261890000,920,452014000,846,3389101000,1031,1845118000,994,781692000,957,3,Обрабатывающая промышленность,АЛМАТИНСКАЯ ОБЛАСТЬ,ИЛИЙСКИЙ РАЙОН
447636,Производство пластмассовых изделий,false,,1944238000,883,4261890000,920,452014000,846,3389101000,1031,1845118000,994,781692000,957,4,Производство резиновых и пластмассовых изделий,АЛМАТИНСКАЯ ОБЛАСТЬ,ИЛИЙСКИЙ РАЙОН
447637,"Производство пластмассовых плит, листов, труб и профилей",false,,1240928000,883,2526801000,920,78934000,846,848001000,1031,232256000,994,50739000,957,5,Производство пластмассовых изделий,АЛМАТИНСКАЯ ОБЛАСТЬ,ИЛИЙСКИЙ РАЙОН
447639,Производство пластмассовых упаковок для товаров,false,,x,883,x,920,x,846,x,1031,x,994,x,957,5,Производство пластмассовых изделий,АЛМАТИНСКАЯ ОБЛАСТЬ,ИЛИЙСКИЙ РАЙОН
447641,Производство строительных пластмассовых изделий,false,,175929000,883,1460916000,920,90601000,846,1339385000,1031,629774000,994,334855000,957,5,Производство пластмассовых изделий,АЛМАТИНСКАЯ ОБЛАСТЬ,ИЛИЙСКИЙ РАЙОН
447644,Производство прочих пластмассовых изделий,false,,x,883,x,920,x,846,90451000,1031,183996000,994,x,957,5,Производство пластмассовых изделий,АЛМАТИНСКАЯ ОБЛАСТЬ,ИЛИЙСКИЙ РАЙОН
447646,Производство прочей не металлической минеральной продукции,false,,893607000,883,3732933000,920,350542000,846,6761214000,1031,81015000,994,156984000,957,3,Обрабатывающая промышленность,АЛМАТИНСКАЯ ОБЛАСТЬ,ИЛИЙСКИЙ РАЙОН
447647,Производство стекла и изделий из стекла,false,,,,3000000000,920,,,x,1031,,,,,4,Производство прочей не металлической минеральной продукции,АЛМАТИНСКАЯ ОБЛАСТЬ,ИЛИЙСКИЙ РАЙОН
447650,Формирование и обработка листового стекла,false,,,,,,,,x,1031,,,,,5,Производство стекла и изделий из стекла,АЛМАТИНСКАЯ ОБЛАСТЬ,ИЛИЙСКИЙ РАЙОН
447652,Производство полых стеклянных изделий,false,,,,3000000000,920,,,,,,,,,5,Производство стекла и изделий из стекла,АЛМАТИНСКАЯ ОБЛАСТЬ,ИЛИЙСКИЙ РАЙОН
447681,"Производство цемента, извести и строительного гипса",false,,x,883,,,,,,,,,,,4,Производство прочей не металлической минеральной продукции,АЛМАТИНСКАЯ ОБЛАСТЬ,ИЛИЙСКИЙ РАЙОН
447682,Производство цемента,false,,x,883,,,,,,,,,,,5,"Производство цемента, извести и строительного гипса",АЛМАТИНСКАЯ ОБЛАСТЬ,ИЛИЙСКИЙ РАЙОН
447688,"Производство изделий из бетона, цемента и строительного гипса ",false,,69111000,883,186589000,920,46836000,846,6290766000,1031,29939000,994,149346000,957,4,Производство прочей не металлической минеральной продукции,АЛМАТИНСКАЯ ОБЛАСТЬ,ИЛИЙСКИЙ РАЙОН
447689,Производство строительных изделий из бетона,false,,67883000,883,174387000,920,33066000,846,x,1031,29888000,994,127100000,957,5,"Производство изделий из бетона, цемента и строительного гипса ",АЛМАТИНСКАЯ ОБЛАСТЬ,ИЛИЙСКИЙ РАЙОН
447695,Производство товарного бетона ,false,,x,883,12202000,920,x,846,4149000,1031,,,x,957,5,"Производство изделий из бетона, цемента и строительного гипса ",АЛМАТИНСКАЯ ОБЛАСТЬ,ИЛИЙСКИЙ РАЙОН
447702,"Производство прочих изделий из бетона, строительного гипса и цемента",false,,,,,,,,,,x,994,,,5,"Производство изделий из бетона, цемента и строительного гипса ",АЛМАТИНСКАЯ ОБЛАСТЬ,ИЛИЙСКИЙ РАЙОН
447704,"Резка, обработка и отделка камня",false,,x,883,x,920,x,846,x,1031,,,x,957,4,Производство прочей не металлической минеральной продукции,АЛМАТИНСКАЯ ОБЛАСТЬ,ИЛИЙСКИЙ РАЙОН
447705,"Резка, обработка и отделка камня",false,,x,883,x,920,x,846,x,1031,,,x,957,5,"Резка, обработка и отделка камня",АЛМАТИНСКАЯ ОБЛАСТЬ,ИЛИЙСКИЙ РАЙОН
447707,Производство абразивных изделий и прочей неметаллической минеральной продукции,false,,x,883,x,920,252574000,846,98246000,1031,51076000,994,,,4,Производство прочей не металлической минеральной продукции,АЛМАТИНСКАЯ ОБЛАСТЬ,ИЛИЙСКИЙ РАЙОН
447710,"Производство прочей неметаллической минеральной продукции, не включенной в другие группировки",false,,x,883,x,920,252574000,846,98246000,1031,51076000,994,,,5,Производство абразивных изделий и прочей неметаллической минеральной продукции,АЛМАТИНСКАЯ ОБЛАСТЬ,ИЛИЙСКИЙ РАЙОН
447717,Металлургическое производство,false,,,,x,920,18060000,846,75965000,1031,297347000,994,239652000,957,3,Обрабатывающая промышленность,АЛМАТИНСКАЯ ОБЛАСТЬ,ИЛИЙСКИЙ РАЙОН
447721,"Производство труб, трубок, полых профилей, фитингов из стали",false,,,,x,920,18060000,846,x,1031,x,994,239652000,957,4,Металлургическое производство,АЛМАТИНСКАЯ ОБЛАСТЬ,ИЛИЙСКИЙ РАЙОН
447722,"Производство труб, трубок, полых профилей, фитингов из стали",false,,,,x,920,18060000,846,x,1031,x,994,239652000,957,5,"Производство труб, трубок, полых профилей, фитингов из стали",АЛМАТИНСКАЯ ОБЛАСТЬ,ИЛИЙСКИЙ РАЙОН
447750,Литье металлов,false,,,,,,,,x,1031,x,994,,,4,Металлургическое производство,АЛМАТИНСКАЯ ОБЛАСТЬ,ИЛИЙСКИЙ РАЙОН
447758,Литье прочих цветных металлов,false,,,,,,,,x,1031,x,994,,,5,Литье металлов,АЛМАТИНСКАЯ ОБЛАСТЬ,ИЛИЙСКИЙ РАЙОН
447760,"Производство готовых металлических изделий, кроме машин и оборудования",false,,321675000,883,1480104000,920,754432000,846,954454000,1031,571445000,994,1196084000,957,3,Обрабатывающая промышленность,АЛМАТИНСКАЯ ОБЛАСТЬ,ИЛИЙСКИЙ РАЙОН
447761,Производство строительных металлических конструкций и изделий,false,,42948000,883,1112329000,920,334693000,846,753578000,1031,340442000,994,1131112000,957,4,"Производство готовых металлических изделий, кроме машин и оборудования",АЛМАТИНСКАЯ ОБЛАСТЬ,ИЛИЙСКИЙ РАЙОН
447762,Производство строительных металлических конструкций и их частей,false,,42948000,883,1112329000,920,334693000,846,753578000,1031,340442000,994,1131112000,957,5,Производство строительных металлических конструкций и изделий,АЛМАТИНСКАЯ ОБЛАСТЬ,ИЛИЙСКИЙ РАЙОН
447784,Обработка металлов и нанесение покрытий на металлы; основные технологические процессы машиностроения,false,,123919000,883,27531000,920,x,846,77085000,1031,x,994,x,957,4,"Производство готовых металлических изделий, кроме машин и оборудования",АЛМАТИНСКАЯ ОБЛАСТЬ,ИЛИЙСКИЙ РАЙОН
447785,Обработка металлов и нанесение покрытий на металлы,false,,x,883,x,920,x,846,x,1031,x,994,x,957,5,Обработка металлов и нанесение покрытий на металлы; основные технологические процессы машиностроения,АЛМАТИНСКАЯ ОБЛАСТЬ,ИЛИЙСКИЙ РАЙОН
447787,Основные технологические процессы машиностроения,false,,50000000,883,x,920,,,x,1031,,,,,5,Обработка металлов и нанесение покрытий на металлы; основные технологические процессы машиностроения,АЛМАТИНСКАЯ ОБЛАСТЬ,ИЛИЙСКИЙ РАЙОН
447789,"Производство ножевых изделий, инструментов и скобяных изделий",false,,154808000,883,340244000,920,361007000,846,123791000,1031,132680000,994,38323000,957,4,"Производство готовых металлических изделий, кроме машин и оборудования",АЛМАТИНСКАЯ ОБЛАСТЬ,ИЛИЙСКИЙ РАЙОН
447790,Производство ножевых изделий,false,,30079000,883,21592000,920,33284000,846,60450000,1031,44230000,994,31038000,957,5,"Производство ножевых изделий, инструментов и скобяных изделий",АЛМАТИНСКАЯ ОБЛАСТЬ,ИЛИЙСКИЙ РАЙОН
447792,"Производство замков, петель и шарниров",false,,x,883,x,920,327723000,846,63341000,1031,88450000,994,x,957,5,"Производство ножевых изделий, инструментов и скобяных изделий",АЛМАТИНСКАЯ ОБЛАСТЬ,ИЛИЙСКИЙ РАЙОН
447797,Производство прочих готовых металлических изделий,false,,,,,,x,846,,,,,,,4,"Производство готовых металлических изделий, кроме машин и оборудования",АЛМАТИНСКАЯ ОБЛАСТЬ,ИЛИЙСКИЙ РАЙОН
447798,Производство металлических бочек и аналогичных емкостей,false,,,,,,x,846,,,,,,,5,Производство прочих готовых металлических изделий,АЛМАТИНСКАЯ ОБЛАСТЬ,ИЛИЙСКИЙ РАЙОН
447811,"Производство компьютеров, электронного и оптического оборудования",false,,x,883,x,920,x,846,65787000,1031,,,,,3,Обрабатывающая промышленность,АЛМАТИНСКАЯ ОБЛАСТЬ,ИЛИЙСКИЙ РАЙОН
447827,"Производство инструментов и приборов для измерения, тестирования и навигации; производство часов ",false,,x,883,x,920,x,846,65787000,1031,,,,,4,"Производство компьютеров, электронного и оптического оборудования",АЛМАТИНСКАЯ ОБЛАСТЬ,ИЛИЙСКИЙ РАЙОН
447828,"Производство инструментов и приборов для измерения, тестирования и навигации",false,,x,883,x,920,x,846,65787000,1031,,,,,5,"Производство инструментов и приборов для измерения, тестирования и навигации; производство часов ",АЛМАТИНСКАЯ ОБЛАСТЬ,ИЛИЙСКИЙ РАЙОН
447881,"Производство машин и оборудования, не включенных в другие группировки ",false,,58466000,883,13255000,920,63629000,846,,,x,994,x,957,3,Обрабатывающая промышленность,АЛМАТИНСКАЯ ОБЛАСТЬ,ИЛИЙСКИЙ РАЙОН
447882,Производство оборудования общего назначения,false,,,,,,x,846,,,,,,,4,"Производство машин и оборудования, не включенных в другие группировки ",АЛМАТИНСКАЯ ОБЛАСТЬ,ИЛИЙСКИЙ РАЙОН
447888,Производство прочих насосов и компрессоров,false,,,,,,x,846,,,,,,,5,Производство оборудования общего назначения,АЛМАТИНСКАЯ ОБЛАСТЬ,ИЛИЙСКИЙ РАЙОН
447896,Производство прочих машин и оборудования общего назначения ,false,,58466000,883,13255000,920,54020000,846,,,x,994,x,957,4,"Производство машин и оборудования, не включенных в другие группировки ",АЛМАТИНСКАЯ ОБЛАСТЬ,ИЛИЙСКИЙ РАЙОН
447911,Производство промышленного холодильного и вентиляционного оборудования ,false,,x,883,13255000,920,x,846,,,x,994,x,957,5,Производство прочих машин и оборудования общего назначения ,АЛМАТИНСКАЯ ОБЛАСТЬ,ИЛИЙСКИЙ РАЙОН
447914,"Производство прочих машин и оборудования общего назначения, не включенных в другие группировки ",false,,x,883,,,x,846,,,,,,,5,Производство прочих машин и оборудования общего назначения ,АЛМАТИНСКАЯ ОБЛАСТЬ,ИЛИЙСКИЙ РАЙОН
448008,Производство мебели,false,,,,,,15171000,846,16711000,1031,x,994,,,3,Обрабатывающая промышленность,АЛМАТИНСКАЯ ОБЛАСТЬ,ИЛИЙСКИЙ РАЙОН
448009,Производство мебели,false,,,,,,15171000,846,16711000,1031,x,994,,,4,Производство мебели,АЛМАТИНСКАЯ ОБЛАСТЬ,ИЛИЙСКИЙ РАЙОН
448010,Производство мебели для офисов и предприятий торговли,false,,,,,,x,846,,,,,,,5,Производство мебели,АЛМАТИНСКАЯ ОБЛАСТЬ,ИЛИЙСКИЙ РАЙОН
448017,Производство прочей мебели,false,,,,,,546000,846,16711000,1031,x,994,,,5,Производство мебели,АЛМАТИНСКАЯ ОБЛАСТЬ,ИЛИЙСКИЙ РАЙОН
448019,Производство прочих готовых изделий,false,,419219000,883,663959000,920,143636000,846,,,x,994,x,957,3,Обрабатывающая промышленность,АЛМАТИНСКАЯ ОБЛАСТЬ,ИЛИЙСКИЙ РАЙОН
448020,"Производство ювелирных изделий, бижутерии и аналогичных изделий",false,,,,,,10194000,846,,,,,,,4,Производство прочих готовых изделий,АЛМАТИНСКАЯ ОБЛАСТЬ,ИЛИЙСКИЙ РАЙОН
448023,Производство ювелирных и аналогичных изделий,false,,,,,,10194000,846,,,,,,,5,"Производство ювелирных изделий, бижутерии и аналогичных изделий",АЛМАТИНСКАЯ ОБЛАСТЬ,ИЛИЙСКИЙ РАЙОН
448042,"Производство прочих готовых изделий, не включенных в другие группировки",false,,419219000,883,663959000,920,x,846,,,x,994,x,957,4,Производство прочих готовых изделий,АЛМАТИНСКАЯ ОБЛАСТЬ,ИЛИЙСКИЙ РАЙОН
448045,"Производство прочей продукции, не включенной в другие группировки",false,,419219000,883,663959000,920,x,846,,,x,994,x,957,5,"Производство прочих готовых изделий, не включенных в другие группировки",АЛМАТИНСКАЯ ОБЛАСТЬ,ИЛИЙСКИЙ РАЙОН
448050,Ремонт и установка машин и оборудования,false,,12241000,883,118147000,920,39106000,846,153258000,1031,132181000,994,174402000,957,3,Обрабатывающая промышленность,АЛМАТИНСКАЯ ОБЛАСТЬ,ИЛИЙСКИЙ РАЙОН
448051,"Ремонт готовых металлических изделий, машин и оборудования",false,,12241000,883,118147000,920,39106000,846,153258000,1031,132181000,994,174402000,957,4,Ремонт и установка машин и оборудования,АЛМАТИНСКАЯ ОБЛАСТЬ,ИЛИЙСКИЙ РАЙОН
448052,Ремонт готовых металлических изделий,false,,,,,,,,,,,,27425000,957,5,"Ремонт готовых металлических изделий, машин и оборудования",АЛМАТИНСКАЯ ОБЛАСТЬ,ИЛИЙСКИЙ РАЙОН
448059,Ремонт машин и оборудования,false,,12241000,883,107972000,920,39106000,846,153258000,1031,132181000,994,146977000,957,5,"Ремонт готовых металлических изделий, машин и оборудования",АЛМАТИНСКАЯ ОБЛАСТЬ,ИЛИЙСКИЙ РАЙОН
448085,Ремонт прочего оборудования,false,,,,x,920,,,,,,,,,5,"Ремонт готовых металлических изделий, машин и оборудования",АЛМАТИНСКАЯ ОБЛАСТЬ,ИЛИЙСКИЙ РАЙОН
448090,"Снабжение электроэнергией, газом, паром, горячей водой и кондиционированным воздухом",false,,12645616000,883,2145186000,920,7106595000,846,10478457000,1031,2839365000,994,11513813000,957,2,Промышленность,АЛМАТИНСКАЯ ОБЛАСТЬ,ИЛИЙСКИЙ РАЙОН
448091,"Снабжение электроэнергией, газом, паром, горячей водой и кондиционированным воздухом",false,,12645616000,883,2145186000,920,7106595000,846,10478457000,1031,2839365000,994,11513813000,957,3,"Снабжение электроэнергией, газом, паром, горячей водой и кондиционированным воздухом",АЛМАТИНСКАЯ ОБЛАСТЬ,ИЛИЙСКИЙ РАЙОН
448092,"Производство, передача и распределение электроэнергии",false,,11228924000,883,1772447000,920,5674571000,846,3911719000,1031,2270815000,994,6582153000,957,4,"Снабжение электроэнергией, газом, паром, горячей водой и кондиционированным воздухом",АЛМАТИНСКАЯ ОБЛАСТЬ,ИЛИЙСКИЙ РАЙОН
448093,Производство электроэнергии,false,,10902147000,883,x,920,3527122000,846,3786300000,1031,1031400000,994,x,957,5,"Производство, передача и распределение электроэнергии",АЛМАТИНСКАЯ ОБЛАСТЬ,ИЛИЙСКИЙ РАЙОН
448098,Передача электроэнергии,false,,94386000,883,360835000,920,7010000,846,125419000,1031,947173000,994,1838853000,957,5,"Производство, передача и распределение электроэнергии",АЛМАТИНСКАЯ ОБЛАСТЬ,ИЛИЙСКИЙ РАЙОН
448100,Распределение электроэнергии,false,,232391000,883,382391000,920,2140439000,846,,,292242000,994,335659000,957,5,"Производство, передача и распределение электроэнергии",АЛМАТИНСКАЯ ОБЛАСТЬ,ИЛИЙСКИЙ РАЙОН
448102,Продажа электроэнергии ,false,,,,x,920,,,,,,,,,5,"Производство, передача и распределение электроэнергии",АЛМАТИНСКАЯ ОБЛАСТЬ,ИЛИЙСКИЙ РАЙОН
448104,Производство и распределение газообразного топлива по трубопроводам,false,,608740000,883,193429000,920,317087000,846,6480515000,1031,568550000,994,4919885000,957,4,"Снабжение электроэнергией, газом, паром, горячей водой и кондиционированным воздухом",АЛМАТИНСКАЯ ОБЛАСТЬ,ИЛИЙСКИЙ РАЙОН
448107,Распределение газообразного топлива по трубопроводам,false,,608740000,883,193429000,920,317087000,846,6480515000,1031,568550000,994,4919885000,957,5,Производство и распределение газообразного топлива по трубопроводам,АЛМАТИНСКАЯ ОБЛАСТЬ,ИЛИЙСКИЙ РАЙОН
448111,"Снабжение паром, горячей водой и кондиционированным воздухом",false,,807952000,883,179310000,920,1114937000,846,86223000,1031,,,11775000,957,4,"Снабжение электроэнергией, газом, паром, горячей водой и кондиционированным воздухом",АЛМАТИНСКАЯ ОБЛАСТЬ,ИЛИЙСКИЙ РАЙОН
448112,"Снабжение паром, горячей водой и кондиционированным воздухом",false,,807952000,883,179310000,920,1114937000,846,86223000,1031,,,11775000,957,5,"Снабжение паром, горячей водой и кондиционированным воздухом",АЛМАТИНСКАЯ ОБЛАСТЬ,ИЛИЙСКИЙ РАЙОН
448117,"Водоснабжение; сбор, обработка и удаление отходов, деятельность по ликвидации загрязнений",false,,2703513000,883,1539779000,920,1365215000,846,5758927000,1031,6407921000,994,79728000,957,2,Промышленность,АЛМАТИНСКАЯ ОБЛАСТЬ,ИЛИЙСКИЙ РАЙОН
448118,"Сбор, обработка и распределение воды",false,,2222893000,883,1379125000,920,822100000,846,5105175000,1031,6344850000,994,79728000,957,3,"Водоснабжение; сбор, обработка и удаление отходов, деятельность по ликвидации загрязнений",АЛМАТИНСКАЯ ОБЛАСТЬ,ИЛИЙСКИЙ РАЙОН
448119,"Сбор, обработка и распределение воды",false,,2222893000,883,1379125000,920,822100000,846,5105175000,1031,6344850000,994,79728000,957,4,"Сбор, обработка и распределение воды",АЛМАТИНСКАЯ ОБЛАСТЬ,ИЛИЙСКИЙ РАЙОН
448120,"Сбор, обработка и распределение воды",false,,2222893000,883,1379125000,920,822100000,846,5105175000,1031,6344850000,994,79728000,957,5,"Сбор, обработка и распределение воды",АЛМАТИНСКАЯ ОБЛАСТЬ,ИЛИЙСКИЙ РАЙОН
448122,Сбор и обработка сточных вод,false,,404631000,883,98843000,920,538129000,846,,,x,994,,,3,"Водоснабжение; сбор, обработка и удаление отходов, деятельность по ликвидации загрязнений",АЛМАТИНСКАЯ ОБЛАСТЬ,ИЛИЙСКИЙ РАЙОН
448123,Сбор и обработка сточных вод,false,,404631000,883,98843000,920,538129000,846,,,x,994,,,4,Сбор и обработка сточных вод,АЛМАТИНСКАЯ ОБЛАСТЬ,ИЛИЙСКИЙ РАЙОН
448124,Сбор и обработка сточных вод,false,,404631000,883,98843000,920,538129000,846,,,x,994,,,5,Сбор и обработка сточных вод,АЛМАТИНСКАЯ ОБЛАСТЬ,ИЛИЙСКИЙ РАЙОН
448126,"Сбор, обработка и удаление отходов; утилизация (восстановление) материалов",false,,5746000,883,34364000,920,3209000,846,653752000,1031,,,,,3,"Водоснабжение; сбор, обработка и удаление отходов, деятельность по ликвидации загрязнений",АЛМАТИНСКАЯ ОБЛАСТЬ,ИЛИЙСКИЙ РАЙОН
448127,Сбор отходов,false,,122000,883,32768000,920,2709000,846,653752000,1031,,,,,4,"Сбор, обработка и удаление отходов; утилизация (восстановление) материалов",АЛМАТИНСКАЯ ОБЛАСТЬ,ИЛИЙСКИЙ РАЙОН
448128,Сбор неопасных отходов,false,,122000,883,32768000,920,2709000,846,653752000,1031,,,,,5,Сбор отходов,АЛМАТИНСКАЯ ОБЛАСТЬ,ИЛИЙСКИЙ РАЙОН
448132,Обработка и удаление отходов,false,,,,,,x,846,,,,,,,4,"Сбор, обработка и удаление отходов; утилизация (восстановление) материалов",АЛМАТИНСКАЯ ОБЛАСТЬ,ИЛИЙСКИЙ РАЙОН
448133,Обработка и удаление неопасных отходов,false,,,,,,x,846,,,,,,,5,Обработка и удаление отходов,АЛМАТИНСКАЯ ОБЛАСТЬ,ИЛИЙСКИЙ РАЙОН
448137,Утилизация (восстановление) материалов ,false,,5624000,883,1596000,920,,,,,,,,,4,"Сбор, обработка и удаление отходов; утилизация (восстановление) материалов",АЛМАТИНСКАЯ ОБЛАСТЬ,ИЛИЙСКИЙ РАЙОН
448140,Переработка отсортированных материалов,false,,5624000,883,1596000,920,,,,,,,,,5,Утилизация (восстановление) материалов ,АЛМАТИНСКАЯ ОБЛАСТЬ,ИЛИЙСКИЙ РАЙОН
448144,Деятельность по ликвидации загрязнений и прочие услуги в области удаления отходов,false,,x,883,27447000,920,1777000,846,,,,,,,3,"Водоснабжение; сбор, обработка и удаление отходов, деятельность по ликвидации загрязнений",АЛМАТИНСКАЯ ОБЛАСТЬ,ИЛИЙСКИЙ РАЙОН
448145,Деятельность по ликвидации загрязнений и прочие услуги в области удаления отходов,false,,x,883,27447000,920,1777000,846,,,,,,,4,Деятельность по ликвидации загрязнений и прочие услуги в области удаления отходов,АЛМАТИНСКАЯ ОБЛАСТЬ,ИЛИЙСКИЙ РАЙОН
448146,Деятельность по ликвидации загрязнений и прочие услуги в области удаления отходов,false,,x,883,27447000,920,1777000,846,,,,,,,5,Деятельность по ликвидации загрязнений и прочие услуги в области удаления отходов,АЛМАТИНСКАЯ ОБЛАСТЬ,ИЛИЙСКИЙ РАЙОН
741885,Всего,false,,5663161000,883,4777014000,920,5671150000,846,13641359000,1031,10547590000,994,7326547000,957,0,,АЛМАТИНСКАЯ ОБЛАСТЬ,КЕГЕНСКИЙ РАЙОН
447173,"Сельское, лесное и рыбное хозяйство",false,,301855000,883,212279000,920,2159597000,846,602708000,1031,359356000,994,373879000,957,1,Всего,АЛМАТИНСКАЯ ОБЛАСТЬ,КЕГЕНСКИЙ РАЙОН
447174,"Растениеводство и животноводство, охота и предоставление услуг в этих областях",false,,301855000,883,212279000,920,2159597000,846,374846000,1031,116140000,994,373879000,957,2,"Сельское, лесное и рыбное хозяйство",АЛМАТИНСКАЯ ОБЛАСТЬ,КЕГЕНСКИЙ РАЙОН
447175,Выращивание одно- или двухлетних культур,false,,,,,,,,x,1031,,,,,3,"Растениеводство и животноводство, охота и предоставление услуг в этих областях",АЛМАТИНСКАЯ ОБЛАСТЬ,КЕГЕНСКИЙ РАЙОН
447176,"Выращивание зерновых (кроме риса), бобовых и масличных культур",false,,,,,,,,x,1031,,,,,4,Выращивание одно- или двухлетних культур,АЛМАТИНСКАЯ ОБЛАСТЬ,КЕГЕНСКИЙ РАЙОН
3783380,"Выращивание зерновых и зернобобовых культур, включая семеноводство",true,,,,,,,,x,1031,,,,,5,"Выращивание зерновых (кроме риса), бобовых и масличных культур",АЛМАТИНСКАЯ ОБЛАСТЬ,КЕГЕНСКИЙ РАЙОН
447218,Животноводство,false,,165014000,883,84232000,920,2135939000,846,179915000,1031,34163000,994,5519000,957,3,"Растениеводство и животноводство, охота и предоставление услуг в этих областях",АЛМАТИНСКАЯ ОБЛАСТЬ,КЕГЕНСКИЙ РАЙОН
447219,Разведение крупного рогатого скота молочного направления,false,,149948000,883,2723000,920,38150000,846,176480000,1031,,,,,4,Животноводство,АЛМАТИНСКАЯ ОБЛАСТЬ,КЕГЕНСКИЙ РАЙОН
447220,Разведение крупного рогатого скота молочного направления,true,,149948000,883,2723000,920,38150000,846,176480000,1031,,,,,5,Разведение крупного рогатого скота молочного направления,АЛМАТИНСКАЯ ОБЛАСТЬ,КЕГЕНСКИЙ РАЙОН
447221,Разведение прочего крупного рогатого скота и буйволов,false,,2554000,883,x,920,2097789000,846,x,1031,34163000,994,x,957,4,Животноводство,АЛМАТИНСКАЯ ОБЛАСТЬ,КЕГЕНСКИЙ РАЙОН
447222,Разведение прочего крупного рогатого скота и буйволов,true,,2554000,883,x,920,2097789000,846,x,1031,34163000,994,x,957,5,Разведение прочего крупного рогатого скота и буйволов,АЛМАТИНСКАЯ ОБЛАСТЬ,КЕГЕНСКИЙ РАЙОН
447223,Разведение лошадей и прочих животных семейства лошадиных,false,,9994000,883,4409000,920,,,,,,,4764000,957,4,Животноводство,АЛМАТИНСКАЯ ОБЛАСТЬ,КЕГЕНСКИЙ РАЙОН
447224,Разведение лошадей,true,,9994000,883,4409000,920,,,,,,,4764000,957,5,Разведение лошадей и прочих животных семейства лошадиных,АЛМАТИНСКАЯ ОБЛАСТЬ,КЕГЕНСКИЙ РАЙОН
447228,Разведение овец и коз,false,,2518000,883,8000000,920,,,,,,,,,4,Животноводство,АЛМАТИНСКАЯ ОБЛАСТЬ,КЕГЕНСКИЙ РАЙОН
447229,Разведение овец и коз,true,,2518000,883,8000000,920,,,,,,,,,5,Разведение овец и коз,АЛМАТИНСКАЯ ОБЛАСТЬ,КЕГЕНСКИЙ РАЙОН
447239,Смешанное сельское хозяйство,false,,136841000,883,103047000,920,23658000,846,155205000,1031,81977000,994,368360000,957,3,"Растениеводство и животноводство, охота и предоставление услуг в этих областях",АЛМАТИНСКАЯ ОБЛАСТЬ,КЕГЕНСКИЙ РАЙОН
447240,Смешанное сельское хозяйство,false,,136841000,883,103047000,920,23658000,846,155205000,1031,81977000,994,368360000,957,4,Смешанное сельское хозяйство,АЛМАТИНСКАЯ ОБЛАСТЬ,КЕГЕНСКИЙ РАЙОН
447241,Смешанное сельское хозяйство,true,,136841000,883,103047000,920,23658000,846,155205000,1031,81977000,994,368360000,957,5,Смешанное сельское хозяйство,АЛМАТИНСКАЯ ОБЛАСТЬ,КЕГЕНСКИЙ РАЙОН
18683346,"Деятельность, способствующая выращиванию сельскохозяйственных культур и разведению животных и деятельность по обработке урожая",false,,,,x,920,,,,,,,,,3,"Растениеводство и животноводство, охота и предоставление услуг в этих областях",АЛМАТИНСКАЯ ОБЛАСТЬ,КЕГЕНСКИЙ РАЙОН
18683347,"Деятельность, способствующая растениеводству",false,,,,x,920,,,,,,,,,4,"Деятельность, способствующая выращиванию сельскохозяйственных культур и разведению животных и деятельность по обработке урожая",АЛМАТИНСКАЯ ОБЛАСТЬ,КЕГЕНСКИЙ РАЙОН
18683349,Эксплуатация оросительных систем,true,,,,x,920,,,,,,,,,5,"Деятельность, способствующая растениеводству",АЛМАТИНСКАЯ ОБЛАСТЬ,КЕГЕНСКИЙ РАЙОН
447268,Рыболовство и рыбоводство,false,,,,,,,,227862000,1031,243216000,994,,,2,"Сельское, лесное и рыбное хозяйство",АЛМАТИНСКАЯ ОБЛАСТЬ,КЕГЕНСКИЙ РАЙОН
447274,Рыбоводство,false,,,,,,,,227862000,1031,243216000,994,,,3,Рыболовство и рыбоводство,АЛМАТИНСКАЯ ОБЛАСТЬ,КЕГЕНСКИЙ РАЙОН
447277,Пресноводное рыбоводство,false,,,,,,,,227862000,1031,243216000,994,,,4,Рыбоводство,АЛМАТИНСКАЯ ОБЛАСТЬ,КЕГЕНСКИЙ РАЙОН
447278,Пресноводное рыбоводство,true,,,,,,,,227862000,1031,243216000,994,,,5,Пресноводное рыбоводство,АЛМАТИНСКАЯ ОБЛАСТЬ,КЕГЕНСКИЙ РАЙОН
448215,Оптовая и розничная торговля; ремонт автомобилей и мотоциклов,false,,,,282529000,920,x,846,534500000,1031,,,x,957,1,Всего,АЛМАТИНСКАЯ ОБЛАСТЬ,КЕГЕНСКИЙ РАЙОН
448216,Оптовая и розничная торговля автомобилями и мотоциклами и их ремонт,false,,,,33600000,920,,,,,,,,,2,Оптовая и розничная торговля; ремонт автомобилей и мотоциклов,АЛМАТИНСКАЯ ОБЛАСТЬ,КЕГЕНСКИЙ РАЙОН
448227,"Торговля автомобильными деталями, узлами и принадлежностями",false,,,,33600000,920,,,,,,,,,3,Оптовая и розничная торговля автомобилями и мотоциклами и их ремонт,АЛМАТИНСКАЯ ОБЛАСТЬ,КЕГЕНСКИЙ РАЙОН
448230,"Розничная торговля автомобильными деталями, узлами и принадлежностями",false,,,,33600000,920,,,,,,,,,4,"Торговля автомобильными деталями, узлами и принадлежностями",АЛМАТИНСКАЯ ОБЛАСТЬ,КЕГЕНСКИЙ РАЙОН
18951438,"Розничная торговля автомобильными деталями, узлами и принадлежностями в торговых объектах с торговой площадью менее 2000 кв.м",true,,,,33600000,920,,,,,,,,,5,"Розничная торговля автомобильными деталями, узлами и принадлежностями",АЛМАТИНСКАЯ ОБЛАСТЬ,КЕГЕНСКИЙ РАЙОН
448237,"Оптовая торговля, за исключением торговли автомобилями и мотоциклами",false,,,,,,,,534500000,1031,,,,,2,Оптовая и розничная торговля; ремонт автомобилей и мотоциклов,АЛМАТИНСКАЯ ОБЛАСТЬ,КЕГЕНСКИЙ РАЙОН
448267,"Оптовая торговля продуктами питания, напитками и табачными изделиями",false,,,,,,,,534500000,1031,,,,,3,"Оптовая торговля, за исключением торговли автомобилями и мотоциклами",АЛМАТИНСКАЯ ОБЛАСТЬ,КЕГЕНСКИЙ РАЙОН
448274,Оптовая торговля напитками,false,,,,,,,,534500000,1031,,,,,4,"Оптовая торговля продуктами питания, напитками и табачными изделиями",АЛМАТИНСКАЯ ОБЛАСТЬ,КЕГЕНСКИЙ РАЙОН
3647932,"Оптовая торговля напитками в магазинах, являющихся торговыми объектами, с торговой площадью менее 2000 кв.м",true,,,,,,,,534500000,1031,,,,,5,Оптовая торговля напитками,АЛМАТИНСКАЯ ОБЛАСТЬ,КЕГЕНСКИЙ РАЙОН
448377,"Розничная торговля, кроме торговли автомобилями и мотоциклами",false,,,,248929000,920,x,846,,,,,x,957,2,Оптовая и розничная торговля; ремонт автомобилей и мотоциклов,АЛМАТИНСКАЯ ОБЛАСТЬ,КЕГЕНСКИЙ РАЙОН
448378,Розничная торговля в неспециализированных магазинах,false,,,,75950000,920,,,,,,,,,3,"Розничная торговля, кроме торговли автомобилями и мотоциклами",АЛМАТИНСКАЯ ОБЛАСТЬ,КЕГЕНСКИЙ РАЙОН
448379,"Розничная торговля в неспециализированных магазинах преимущественно продуктами питания, напитками и табачными изделиями",false,,,,75950000,920,,,,,,,,,4,Розничная торговля в неспециализированных магазинах,АЛМАТИНСКАЯ ОБЛАСТЬ,КЕГЕНСКИЙ РАЙОН
3647934,"Розничная торговля преимущественно продуктами питания, напитками и табачными изделиями в неспециализированных магазинах, являющихся торговыми объектами, с торговой площадью менее 2000 кв.м ",true,,,,75950000,920,,,,,,,,,5,"Розничная торговля в неспециализированных магазинах преимущественно продуктами питания, напитками и табачными изделиями",АЛМАТИНСКАЯ ОБЛАСТЬ,КЕГЕНСКИЙ РАЙОН
448399,Розничная торговля топливом в специализированных магазинах,false,,,,172979000,920,x,846,,,,,x,957,3,"Розничная торговля, кроме торговли автомобилями и мотоциклами",АЛМАТИНСКАЯ ОБЛАСТЬ,КЕГЕНСКИЙ РАЙОН
448400,Розничная торговля топливом в специализированных магазинах,false,,,,172979000,920,x,846,,,,,x,957,4,Розничная торговля топливом в специализированных магазинах,АЛМАТИНСКАЯ ОБЛАСТЬ,КЕГЕНСКИЙ РАЙОН
20576124,"Розничная торговля моторным топливом в специализированных магазинах, за исключением находящихся на придорожной полосе",true,,,,172979000,920,,,,,,,x,957,5,Розничная торговля топливом в специализированных магазинах,АЛМАТИНСКАЯ ОБЛАСТЬ,КЕГЕНСКИЙ РАЙОН
18951442,Розничная торговля моторным топливом в специализированных магазинах,true,,,,,,x,846,,,,,,,5,Розничная торговля топливом в специализированных магазинах,АЛМАТИНСКАЯ ОБЛАСТЬ,КЕГЕНСКИЙ РАЙОН
448475,Транспорт и складирование,false,,789455000,883,818646000,920,1440965000,846,671328000,1031,2279683000,994,523977000,957,1,Всего,АЛМАТИНСКАЯ ОБЛАСТЬ,КЕГЕНСКИЙ РАЙОН
448527,Складирование грузов и вспомогательная транспортная деятельность,false,,789455000,883,818646000,920,1440965000,846,671328000,1031,2279683000,994,523977000,957,2,Транспорт и складирование,АЛМАТИНСКАЯ ОБЛАСТЬ,КЕГЕНСКИЙ РАЙОН
448533,Вспомогательная транспортная деятельность,false,,789455000,883,818646000,920,1440965000,846,671328000,1031,2279683000,994,523977000,957,3,Складирование грузов и вспомогательная транспортная деятельность,АЛМАТИНСКАЯ ОБЛАСТЬ,КЕГЕНСКИЙ РАЙОН
448534,Вспомогательная деятельность сухопутного транспорта,false,,789455000,883,818646000,920,1440965000,846,671328000,1031,2279683000,994,523977000,957,4,Вспомогательная транспортная деятельность,АЛМАТИНСКАЯ ОБЛАСТЬ,КЕГЕНСКИЙ РАЙОН
448536,Эксплуатация автомобильных дорог,true,,789455000,883,818646000,920,1440965000,846,671328000,1031,2279683000,994,523977000,957,5,Вспомогательная деятельность сухопутного транспорта,АЛМАТИНСКАЯ ОБЛАСТЬ,КЕГЕНСКИЙ РАЙОН
448558,Предоставление услуг по проживанию и питанию,false,,x,883,232980000,920,,,2543251000,1031,x,994,,,1,Всего,АЛМАТИНСКАЯ ОБЛАСТЬ,КЕГЕНСКИЙ РАЙОН
3783427,Предоставление услуг по временному проживанию,false,,x,883,202980000,920,,,2503500000,1031,,,,,2,Предоставление услуг по проживанию и питанию,АЛМАТИНСКАЯ ОБЛАСТЬ,КЕГЕНСКИЙ РАЙОН
3783428,Предоставление услуг гостиницами и аналогичными местами для проживания,false,,x,883,,,,,2503500000,1031,,,,,3,Предоставление услуг по временному проживанию,АЛМАТИНСКАЯ ОБЛАСТЬ,КЕГЕНСКИЙ РАЙОН
3783429,Предоставление услуг гостиницами и аналогичными местами для проживания,false,,x,883,,,,,2503500000,1031,,,,,4,Предоставление услуг гостиницами и аналогичными местами для проживания,АЛМАТИНСКАЯ ОБЛАСТЬ,КЕГЕНСКИЙ РАЙОН
3783430,"Предоставление услуг гостиницами с ресторанами, за исключением гостиниц, находящихся на придорожной полосе",true,,x,883,,,,,1203500000,1031,,,,,5,Предоставление услуг гостиницами и аналогичными местами для проживания,АЛМАТИНСКАЯ ОБЛАСТЬ,КЕГЕНСКИЙ РАЙОН
18946144,Предоставление гостиничных услуг с ресторанами для официальных мероприятий,true,,,,,,,,1300000000,1031,,,,,5,Предоставление услуг гостиницами и аналогичными местами для проживания,АЛМАТИНСКАЯ ОБЛАСТЬ,КЕГЕНСКИЙ РАЙОН
3783432,Предоставление жилья на выходные дни и прочие периоды краткосрочного проживания,false,,,,193280000,920,,,,,,,,,3,Предоставление услуг по временному проживанию,АЛМАТИНСКАЯ ОБЛАСТЬ,КЕГЕНСКИЙ РАЙОН
3783433,Предоставление жилья на выходные дни и прочие периоды краткосрочного проживания,false,,,,193280000,920,,,,,,,,,4,Предоставление жилья на выходные дни и прочие периоды краткосрочного проживания,АЛМАТИНСКАЯ ОБЛАСТЬ,КЕГЕНСКИЙ РАЙОН
3783434,Предоставление жилья на выходные дни и прочие периоды краткосрочного проживания,true,,,,193280000,920,,,,,,,,,5,Предоставление жилья на выходные дни и прочие периоды краткосрочного проживания,АЛМАТИНСКАЯ ОБЛАСТЬ,КЕГЕНСКИЙ РАЙОН
3783441,Предоставление услуг прочими местами для проживания,false,,,,9700000,920,,,,,,,,,3,Предоставление услуг по временному проживанию,АЛМАТИНСКАЯ ОБЛАСТЬ,КЕГЕНСКИЙ РАЙОН
3783442,Предоставление услуг прочими местами для проживания,false,,,,9700000,920,,,,,,,,,4,Предоставление услуг прочими местами для проживания,АЛМАТИНСКАЯ ОБЛАСТЬ,КЕГЕНСКИЙ РАЙОН
20576357,"Предоставление услуг прочими местами для проживания, не включенными в другие категории",true,,,,9700000,920,,,,,,,,,5,Предоставление услуг прочими местами для проживания,АЛМАТИНСКАЯ ОБЛАСТЬ,КЕГЕНСКИЙ РАЙОН
448573,Предоставление услуг по обеспечению питанием и напитками,false,,,,x,920,,,39751000,1031,x,994,,,2,Предоставление услуг по проживанию и питанию,АЛМАТИНСКАЯ ОБЛАСТЬ,КЕГЕНСКИЙ РАЙОН
448574,Деятельность ресторанов и предоставление услуг по доставке продуктов питания,false,,,,x,920,,,39751000,1031,x,994,,,3,Предоставление услуг по обеспечению питанием и напитками,АЛМАТИНСКАЯ ОБЛАСТЬ,КЕГЕНСКИЙ РАЙОН
448575,Деятельность ресторанов и предоставление услуг по доставке продуктов питания,false,,,,x,920,,,39751000,1031,x,994,,,4,Деятельность ресторанов и предоставление услуг по доставке продуктов питания,АЛМАТИНСКАЯ ОБЛАСТЬ,КЕГЕНСКИЙ РАЙОН
20576362,"Деятельность ресторанов и предоставление услуг по доставке продуктов питания, за исключением деятельности объектов, находящихся на придорожной полосе",true,,,,x,920,,,39751000,1031,x,994,,,5,Деятельность ресторанов и предоставление услуг по доставке продуктов питания,АЛМАТИНСКАЯ ОБЛАСТЬ,КЕГЕНСКИЙ РАЙОН
448585,Информация и связь,false,,335438000,883,21000,920,162638000,846,24249000,1031,,,15218000,957,1,Всего,АЛМАТИНСКАЯ ОБЛАСТЬ,КЕГЕНСКИЙ РАЙОН
448623,Телекоммуникации,false,,335438000,883,21000,920,162638000,846,24249000,1031,,,15218000,957,2,Информация и связь,АЛМАТИНСКАЯ ОБЛАСТЬ,КЕГЕНСКИЙ РАЙОН
18696628,Проводная телекоммуникационная связь,false,,,,,,,,,,,,x,957,3,Телекоммуникации,АЛМАТИНСКАЯ ОБЛАСТЬ,КЕГЕНСКИЙ РАЙОН
18696629,Проводная телекоммуникационная связь,false,,,,,,,,,,,,x,957,4,Проводная телекоммуникационная связь,АЛМАТИНСКАЯ ОБЛАСТЬ,КЕГЕНСКИЙ РАЙОН
18946146,Прочая проводная телекоммуникационная связь,true,,,,,,,,,,,,x,957,5,Проводная телекоммуникационная связь,АЛМАТИНСКАЯ ОБЛАСТЬ,КЕГЕНСКИЙ РАЙОН
448627,Беспроводная телекоммуникационная связь,false,,335438000,883,21000,920,159531000,846,24249000,1031,,,13139000,957,3,Телекоммуникации,АЛМАТИНСКАЯ ОБЛАСТЬ,КЕГЕНСКИЙ РАЙОН
448628,Беспроводная телекоммуникационная связь,false,,335438000,883,21000,920,159531000,846,24249000,1031,,,13139000,957,4,Беспроводная телекоммуникационная связь,АЛМАТИНСКАЯ ОБЛАСТЬ,КЕГЕНСКИЙ РАЙОН
18946147,Беспроводная телекоммуникационная связь посредством единой транспортной среды,true,,,,,,,,24249000,1031,,,x,957,5,Беспроводная телекоммуникационная связь,АЛМАТИНСКАЯ ОБЛАСТЬ,КЕГЕНСКИЙ РАЙОН
18946149,Прочая беспроводная телекоммуникационная связь,true,,335438000,883,21000,920,159531000,846,,,,,2270000,957,5,Беспроводная телекоммуникационная связь,АЛМАТИНСКАЯ ОБЛАСТЬ,КЕГЕНСКИЙ РАЙОН
448633,Прочая деятельность в области телекоммуникаций,false,,,,,,x,846,,,,,,,3,Телекоммуникации,АЛМАТИНСКАЯ ОБЛАСТЬ,КЕГЕНСКИЙ РАЙОН
448634,Прочая деятельность в области телекоммуникаций,false,,,,,,x,846,,,,,,,4,Прочая деятельность в области телекоммуникаций,АЛМАТИНСКАЯ ОБЛАСТЬ,КЕГЕНСКИЙ РАЙОН
18946154,"Прочая деятельность в области телекоммуникаций, не включенная в другие группировки",true,,,,,,x,846,,,,,,,5,Прочая деятельность в области телекоммуникаций,АЛМАТИНСКАЯ ОБЛАСТЬ,КЕГЕНСКИЙ РАЙОН
448714,Операции с недвижимым имуществом,false,,471718000,883,1249389000,920,625852000,846,2170720000,1031,1156442000,994,836825000,957,1,Всего,АЛМАТИНСКАЯ ОБЛАСТЬ,КЕГЕНСКИЙ РАЙОН
448715,Операции с недвижимым имуществом,false,,471718000,883,1249389000,920,625852000,846,2170720000,1031,1156442000,994,836825000,957,2,Операции с недвижимым имуществом,АЛМАТИНСКАЯ ОБЛАСТЬ,КЕГЕНСКИЙ РАЙОН
448716,Покупка и продажа собственного недвижимого имущества ,false,,471718000,883,1249389000,920,610617000,846,2170720000,1031,1156442000,994,836825000,957,3,Операции с недвижимым имуществом,АЛМАТИНСКАЯ ОБЛАСТЬ,КЕГЕНСКИЙ РАЙОН
448717,Покупка и продажа собственного недвижимого имущества ,false,,471718000,883,1249389000,920,610617000,846,2170720000,1031,1156442000,994,836825000,957,4,Покупка и продажа собственного недвижимого имущества ,АЛМАТИНСКАЯ ОБЛАСТЬ,КЕГЕНСКИЙ РАЙОН
543091,Покупка и продажа многоквартирных и жилых домов (особняков),true,,471718000,883,1249389000,920,610617000,846,2170720000,1031,1156442000,994,836825000,957,5,Покупка и продажа собственного недвижимого имущества ,АЛМАТИНСКАЯ ОБЛАСТЬ,КЕГЕНСКИЙ РАЙОН
448719,Аренда и управление собственной или арендуемой недвижимостью,false,,,,,,15235000,846,,,,,,,3,Операции с недвижимым имуществом,АЛМАТИНСКАЯ ОБЛАСТЬ,КЕГЕНСКИЙ РАЙОН
448720,Аренда и управление собственной или арендуемой недвижимостью,false,,,,,,15235000,846,,,,,,,4,Аренда и управление собственной или арендуемой недвижимостью,АЛМАТИНСКАЯ ОБЛАСТЬ,КЕГЕНСКИЙ РАЙОН
18946171,Аренда и управление собственной недвижимостью,true,,,,,,15235000,846,,,,,,,5,Аренда и управление собственной или арендуемой недвижимостью,АЛМАТИНСКАЯ ОБЛАСТЬ,КЕГЕНСКИЙ РАЙОН
448797,Деятельность в области административного и вспомогательного обслуживания,false,,2025000,883,17334000,920,9573000,846,103500000,1031,,,,,1,Всего,АЛМАТИНСКАЯ ОБЛАСТЬ,КЕГЕНСКИЙ РАЙОН
448837,"Деятельность туристских агентств и операторов, бронирование и сопутствующая деятельность",false,,,,2300000,920,,,,,,,,,2,Деятельность в области административного и вспомогательного обслуживания,АЛМАТИНСКАЯ ОБЛАСТЬ,КЕГЕНСКИЙ РАЙОН
448838,Деятельность туристских агентств и операторов,false,,,,2300000,920,,,,,,,,,3,"Деятельность туристских агентств и операторов, бронирование и сопутствующая деятельность",АЛМАТИНСКАЯ ОБЛАСТЬ,КЕГЕНСКИЙ РАЙОН
448839,Деятельность туристских агентств,false,,,,2300000,920,,,,,,,,,4,Деятельность туристских агентств и операторов,АЛМАТИНСКАЯ ОБЛАСТЬ,КЕГЕНСКИЙ РАЙОН
448840,Деятельность туристских агентств,true,,,,2300000,920,,,,,,,,,5,Деятельность туристских агентств,АЛМАТИНСКАЯ ОБЛАСТЬ,КЕГЕНСКИЙ РАЙОН
448846,Деятельность по обеспечению безопасности и проведению расследований,false,,2025000,883,,,,,,,,,,,2,Деятельность в области административного и вспомогательного обслуживания,АЛМАТИНСКАЯ ОБЛАСТЬ,КЕГЕНСКИЙ РАЙОН
448850,Деятельность в области систем обеспечения безопасности,false,,2025000,883,,,,,,,,,,,3,Деятельность по обеспечению безопасности и проведению расследований,АЛМАТИНСКАЯ ОБЛАСТЬ,КЕГЕНСКИЙ РАЙОН
448851,Деятельность в области систем обеспечения безопасности,false,,2025000,883,,,,,,,,,,,4,Деятельность в области систем обеспечения безопасности,АЛМАТИНСКАЯ ОБЛАСТЬ,КЕГЕНСКИЙ РАЙОН
448852,Деятельность в области систем обеспечения безопасности,true,,2025000,883,,,,,,,,,,,5,Деятельность в области систем обеспечения безопасности,АЛМАТИНСКАЯ ОБЛАСТЬ,КЕГЕНСКИЙ РАЙОН
448856,Деятельность по обслуживанию зданий и благоустройству территорий,false,,,,15034000,920,9573000,846,,,,,,,2,Деятельность в области административного и вспомогательного обслуживания,АЛМАТИНСКАЯ ОБЛАСТЬ,КЕГЕНСКИЙ РАЙОН
448867,Деятельность по благоустройству территорий,false,,,,15034000,920,9573000,846,,,,,,,3,Деятельность по обслуживанию зданий и благоустройству территорий,АЛМАТИНСКАЯ ОБЛАСТЬ,КЕГЕНСКИЙ РАЙОН
448868,Деятельность по благоустройству территорий,false,,,,15034000,920,9573000,846,,,,,,,4,Деятельность по благоустройству территорий,АЛМАТИНСКАЯ ОБЛАСТЬ,КЕГЕНСКИЙ РАЙОН
448869,Деятельность по благоустройству территорий,true,,,,15034000,920,9573000,846,,,,,,,5,Деятельность по благоустройству территорий,АЛМАТИНСКАЯ ОБЛАСТЬ,КЕГЕНСКИЙ РАЙОН
448870,"Деятельность в области офисного административного и вспомогательного обслуживания, направленная на поддержание коммерческой деятельности",false,,,,,,,,103500000,1031,,,,,2,Деятельность в области административного и вспомогательного обслуживания,АЛМАТИНСКАЯ ОБЛАСТЬ,КЕГЕНСКИЙ РАЙОН
448871,Деятельность в области офисного административного и вспомогательного обслуживания,false,,,,,,,,103500000,1031,,,,,3,"Деятельность в области офисного административного и вспомогательного обслуживания, направленная на поддержание коммерческой деятельности",АЛМАТИНСКАЯ ОБЛАСТЬ,КЕГЕНСКИЙ РАЙОН
448874,"Деятельность по копированию, подготовке документов и прочая  специализированная офисная вспомогательная деятельность ",false,,,,,,,,103500000,1031,,,,,4,Деятельность в области офисного административного и вспомогательного обслуживания,АЛМАТИНСКАЯ ОБЛАСТЬ,КЕГЕНСКИЙ РАЙОН
448875,"Деятельность по копированию, подготовке документов и прочая  специализированная офисная вспомогательная деятельность ",true,,,,,,,,103500000,1031,,,,,5,"Деятельность по копированию, подготовке документов и прочая  специализированная офисная вспомогательная деятельность ",АЛМАТИНСКАЯ ОБЛАСТЬ,КЕГЕНСКИЙ РАЙОН
448889,Государственное управление и оборона; обязательное  социальное обеспечение,false,,66383000,883,159309000,920,20005000,846,392381000,1031,1368394000,994,661105000,957,1,Всего,АЛМАТИНСКАЯ ОБЛАСТЬ,КЕГЕНСКИЙ РАЙОН
448890,Государственное управление и оборона; обязательное социальное обеспечение,false,,66383000,883,159309000,920,20005000,846,392381000,1031,1368394000,994,661105000,957,2,Государственное управление и оборона; обязательное  социальное обеспечение,АЛМАТИНСКАЯ ОБЛАСТЬ,КЕГЕНСКИЙ РАЙОН
448891,Государственное управление общего характера и управление социально-экономическое политикой общества,false,,61565000,883,141309000,920,13000000,846,294181000,1031,371479000,994,390560000,957,3,Государственное управление и оборона; обязательное социальное обеспечение,АЛМАТИНСКАЯ ОБЛАСТЬ,КЕГЕНСКИЙ РАЙОН
448892,Государственное управление общего характера,false,,61565000,883,141309000,920,13000000,846,175094000,1031,293588000,994,390560000,957,4,Государственное управление общего характера и управление социально-экономическое политикой общества,АЛМАТИНСКАЯ ОБЛАСТЬ,КЕГЕНСКИЙ РАЙОН
448894,Деятельность региональных органов управления,true,,13833000,883,1309000,920,13000000,846,,,,,,,5,Государственное управление общего характера,АЛМАТИНСКАЯ ОБЛАСТЬ,КЕГЕНСКИЙ РАЙОН
448895,Деятельность местных органов управления,true,,47732000,883,140000000,920,,,175094000,1031,293588000,994,390560000,957,5,Государственное управление общего характера,АЛМАТИНСКАЯ ОБЛАСТЬ,КЕГЕНСКИЙ РАЙОН
448900,"Регулирование деятельности учреждений здравоохранения, образования, культуры и других социальных услуг, кроме социального обеспечения ",false,,,,,,,,48477000,1031,7145000,994,,,4,Государственное управление общего характера и управление социально-экономическое политикой общества,АЛМАТИНСКАЯ ОБЛАСТЬ,КЕГЕНСКИЙ РАЙОН
448901,"Регулирование деятельности учреждений здравоохранения, образования, культуры и других социальных услуг, кроме социального обеспечения ",true,,,,,,,,48477000,1031,7145000,994,,,5,"Регулирование деятельности учреждений здравоохранения, образования, культуры и других социальных услуг, кроме социального обеспечения ",АЛМАТИНСКАЯ ОБЛАСТЬ,КЕГЕНСКИЙ РАЙОН
448902,Регулирование и содействие эффективному ведению экономической деятельности,false,,,,,,,,70610000,1031,70746000,994,,,4,Государственное управление общего характера и управление социально-экономическое политикой общества,АЛМАТИНСКАЯ ОБЛАСТЬ,КЕГЕНСКИЙ РАЙОН
448903,Регулирование и содействие эффективному ведению экономической деятельности,true,,,,,,,,70610000,1031,70746000,994,,,5,Регулирование и содействие эффективному ведению экономической деятельности,АЛМАТИНСКАЯ ОБЛАСТЬ,КЕГЕНСКИЙ РАЙОН
448904,Предоставление государством услуг обществу в целом,false,,4818000,883,18000000,920,7005000,846,98200000,1031,996915000,994,270545000,957,3,Государственное управление и оборона; обязательное социальное обеспечение,АЛМАТИНСКАЯ ОБЛАСТЬ,КЕГЕНСКИЙ РАЙОН
448909,Деятельность в области юстиции и правосудия,false,,4818000,883,8000000,920,,,,,993763000,994,244998000,957,4,Предоставление государством услуг обществу в целом,АЛМАТИНСКАЯ ОБЛАСТЬ,КЕГЕНСКИЙ РАЙОН
448910,Деятельность в области юстиции и правосудия,true,,4818000,883,8000000,920,,,,,993763000,994,244998000,957,5,Деятельность в области юстиции и правосудия,АЛМАТИНСКАЯ ОБЛАСТЬ,КЕГЕНСКИЙ РАЙОН
448913,Деятельность по обеспечению безопасности в чрезвычайных ситуациях,false,,,,10000000,920,7005000,846,98200000,1031,3152000,994,25547000,957,4,Предоставление государством услуг обществу в целом,АЛМАТИНСКАЯ ОБЛАСТЬ,КЕГЕНСКИЙ РАЙОН
448914,Деятельность по обеспечению безопасности в чрезвычайных ситуациях,true,,,,10000000,920,7005000,846,98200000,1031,3152000,994,25547000,957,5,Деятельность по обеспечению безопасности в чрезвычайных ситуациях,АЛМАТИНСКАЯ ОБЛАСТЬ,КЕГЕНСКИЙ РАЙОН
448918,Образование,false,,1688450000,883,703489000,920,575243000,846,1265944000,1031,1393295000,994,557792000,957,1,Всего,АЛМАТИНСКАЯ ОБЛАСТЬ,КЕГЕНСКИЙ РАЙОН
448919,Образование,false,,1688450000,883,703489000,920,575243000,846,1265944000,1031,1393295000,994,557792000,957,2,Образование,АЛМАТИНСКАЯ ОБЛАСТЬ,КЕГЕНСКИЙ РАЙОН
448920,Дошкольное образование,false,,x,883,,,,,,,,,,,3,Образование,АЛМАТИНСКАЯ ОБЛАСТЬ,КЕГЕНСКИЙ РАЙОН
448921,Дошкольное образование,false,,x,883,,,,,,,,,,,4,Дошкольное образование,АЛМАТИНСКАЯ ОБЛАСТЬ,КЕГЕНСКИЙ РАЙОН
448922,Дошкольное образование,true,,x,883,,,,,,,,,,,5,Дошкольное образование,АЛМАТИНСКАЯ ОБЛАСТЬ,КЕГЕНСКИЙ РАЙОН
448926,Среднее образование (2-й и 3-й уровни),false,,1480345000,883,703489000,920,575243000,846,996063000,1031,x,994,557792000,957,3,Образование,АЛМАТИНСКАЯ ОБЛАСТЬ,КЕГЕНСКИЙ РАЙОН
448927,Основное и общее среднее образование,false,,1480345000,883,703489000,920,575243000,846,996063000,1031,x,994,557792000,957,4,Среднее образование (2-й и 3-й уровни),АЛМАТИНСКАЯ ОБЛАСТЬ,КЕГЕНСКИЙ РАЙОН
448928,Основное и общее среднее образование,true,,1480345000,883,703489000,920,575243000,846,996063000,1031,x,994,557792000,957,5,Основное и общее среднее образование,АЛМАТИНСКАЯ ОБЛАСТЬ,КЕГЕНСКИЙ РАЙОН
448937,Прочие виды образования,false,,,,,,,,269881000,1031,58433000,994,,,3,Образование,АЛМАТИНСКАЯ ОБЛАСТЬ,КЕГЕНСКИЙ РАЙОН
448938,Образование в области спорта и отдыха,false,,,,,,,,8095000,1031,58433000,994,,,4,Прочие виды образования,АЛМАТИНСКАЯ ОБЛАСТЬ,КЕГЕНСКИЙ РАЙОН
448939,Образование в области спорта и отдыха,true,,,,,,,,8095000,1031,58433000,994,,,5,Образование в области спорта и отдыха,АЛМАТИНСКАЯ ОБЛАСТЬ,КЕГЕНСКИЙ РАЙОН
448940,Образование в области культуры,false,,,,,,,,261786000,1031,,,,,4,Прочие виды образования,АЛМАТИНСКАЯ ОБЛАСТЬ,КЕГЕНСКИЙ РАЙОН
448941,Образование в области культуры,true,,,,,,,,261786000,1031,,,,,5,Образование в области культуры,АЛМАТИНСКАЯ ОБЛАСТЬ,КЕГЕНСКИЙ РАЙОН
448950,Здравоохранение и социальное обслуживание населения,false,,22572000,883,697786000,920,7136000,846,1392329000,1031,432853000,994,1566516000,957,1,Всего,АЛМАТИНСКАЯ ОБЛАСТЬ,КЕГЕНСКИЙ РАЙОН
448951,Деятельность в области здравоохранения,false,,17622000,883,692836000,920,7136000,846,1392329000,1031,426451000,994,1566516000,957,2,Здравоохранение и социальное обслуживание населения,АЛМАТИНСКАЯ ОБЛАСТЬ,КЕГЕНСКИЙ РАЙОН
448959,Деятельность в области врачебной практики и стоматологии,false,,17622000,883,692836000,920,7136000,846,1392329000,1031,426451000,994,1566516000,957,3,Деятельность в области здравоохранения,АЛМАТИНСКАЯ ОБЛАСТЬ,КЕГЕНСКИЙ РАЙОН
448960,Общая врачебная практика,false,,17622000,883,692836000,920,7136000,846,1392329000,1031,426451000,994,1566516000,957,4,Деятельность в области врачебной практики и стоматологии,АЛМАТИНСКАЯ ОБЛАСТЬ,КЕГЕНСКИЙ РАЙОН
448961,Общая врачебная практика,true,,17622000,883,692836000,920,7136000,846,1392329000,1031,426451000,994,1566516000,957,5,Общая врачебная практика,АЛМАТИНСКАЯ ОБЛАСТЬ,КЕГЕНСКИЙ РАЙОН
448982,Предоставление социальных услуг без обеспечения проживания,false,,4950000,883,4950000,920,,,,,6402000,994,,,2,Здравоохранение и социальное обслуживание населения,АЛМАТИНСКАЯ ОБЛАСТЬ,КЕГЕНСКИЙ РАЙОН
448986,Предоставление прочих социальных услуг без обеспечения проживания,false,,4950000,883,4950000,920,,,,,6402000,994,,,3,Предоставление социальных услуг без обеспечения проживания,АЛМАТИНСКАЯ ОБЛАСТЬ,КЕГЕНСКИЙ РАЙОН
448987,Дневной уход за детьми,false,,4950000,883,4950000,920,,,,,6402000,994,,,4,Предоставление прочих социальных услуг без обеспечения проживания,АЛМАТИНСКАЯ ОБЛАСТЬ,КЕГЕНСКИЙ РАЙОН
448988,Дневной уход за детьми,true,,4950000,883,4950000,920,,,,,6402000,994,,,5,Дневной уход за детьми,АЛМАТИНСКАЯ ОБЛАСТЬ,КЕГЕНСКИЙ РАЙОН
448991,"Искусство, развлечения и отдых",false,,479045000,883,79906000,920,234120000,846,564657000,1031,401414000,994,393679000,957,1,Всего,АЛМАТИНСКАЯ ОБЛАСТЬ,КЕГЕНСКИЙ РАЙОН
448992,"Деятельность в области творчества, искусства и развлечений",false,,,,79906000,920,,,,,,,,,2,"Искусство, развлечения и отдых",АЛМАТИНСКАЯ ОБЛАСТЬ,КЕГЕНСКИЙ РАЙОН
448993,"Деятельность в области творчества, искусства и развлечений",false,,,,79906000,920,,,,,,,,,3,"Деятельность в области творчества, искусства и развлечений",АЛМАТИНСКАЯ ОБЛАСТЬ,КЕГЕНСКИЙ РАЙОН
449002,Деятельность концертных и театральных залов,false,,,,79906000,920,,,,,,,,,4,"Деятельность в области творчества, искусства и развлечений",АЛМАТИНСКАЯ ОБЛАСТЬ,КЕГЕНСКИЙ РАЙОН
449003,Деятельность концертных и театральных залов,true,,,,79906000,920,,,,,,,,,5,Деятельность концертных и театральных залов,АЛМАТИНСКАЯ ОБЛАСТЬ,КЕГЕНСКИЙ РАЙОН
449004,"Деятельность библиотек, архивов, музеев и прочая деятельность в области культуры",false,,,,,,,,3000000,1031,,,,,2,"Искусство, развлечения и отдых",АЛМАТИНСКАЯ ОБЛАСТЬ,КЕГЕНСКИЙ РАЙОН
449005,"Деятельность библиотек, архивов, музеев и прочая деятельность в области культуры",false,,,,,,,,3000000,1031,,,,,3,"Деятельность библиотек, архивов, музеев и прочая деятельность в области культуры",АЛМАТИНСКАЯ ОБЛАСТЬ,КЕГЕНСКИЙ РАЙОН
449006,Деятельность библиотек и архивов,false,,,,,,,,3000000,1031,,,,,4,"Деятельность библиотек, архивов, музеев и прочая деятельность в области культуры",АЛМАТИНСКАЯ ОБЛАСТЬ,КЕГЕНСКИЙ РАЙОН
449008,"Библиотечная деятельность, включая деятельность читальных залов, лекториев, демонстрационных залов",true,,,,,,,,3000000,1031,,,,,5,Деятельность библиотек и архивов,АЛМАТИНСКАЯ ОБЛАСТЬ,КЕГЕНСКИЙ РАЙОН
449022,"Деятельность в области спорта, организации отдыха и развлечений",false,,479045000,883,,,234120000,846,561657000,1031,401414000,994,393679000,957,2,"Искусство, развлечения и отдых",АЛМАТИНСКАЯ ОБЛАСТЬ,КЕГЕНСКИЙ РАЙОН
449023,Деятельность в области спорта,false,,,,,,200577000,846,17036000,1031,7392000,994,,,3,"Деятельность в области спорта, организации отдыха и развлечений",АЛМАТИНСКАЯ ОБЛАСТЬ,КЕГЕНСКИЙ РАЙОН
449026,Деятельность спортивных клубов,false,,,,,,200577000,846,17036000,1031,7392000,994,,,4,Деятельность в области спорта,АЛМАТИНСКАЯ ОБЛАСТЬ,КЕГЕНСКИЙ РАЙОН
449027,Деятельность спортивных клубов,true,,,,,,200577000,846,17036000,1031,7392000,994,,,5,Деятельность спортивных клубов,АЛМАТИНСКАЯ ОБЛАСТЬ,КЕГЕНСКИЙ РАЙОН
449032,Деятельность по организации отдыха и развлечений,false,,479045000,883,,,33543000,846,544621000,1031,394022000,994,393679000,957,3,"Деятельность в области спорта, организации отдыха и развлечений",АЛМАТИНСКАЯ ОБЛАСТЬ,КЕГЕНСКИЙ РАЙОН
449033,Деятельность развлекательных и тематических парков,false,,,,,,15543000,846,,,,,,,4,Деятельность по организации отдыха и развлечений,АЛМАТИНСКАЯ ОБЛАСТЬ,КЕГЕНСКИЙ РАЙОН
449034,Деятельность развлекательных и тематических парков,true,,,,,,15543000,846,,,,,,,5,Деятельность развлекательных и тематических парков,АЛМАТИНСКАЯ ОБЛАСТЬ,КЕГЕНСКИЙ РАЙОН
449035,Прочая деятельность по организации отдыха и развлечений,false,,479045000,883,,,18000000,846,544621000,1031,394022000,994,393679000,957,4,Деятельность по организации отдыха и развлечений,АЛМАТИНСКАЯ ОБЛАСТЬ,КЕГЕНСКИЙ РАЙОН
449039,Прочие виды деятельности по организации отдыха и развлечений,true,,479045000,883,,,18000000,846,544621000,1031,394022000,994,393679000,957,5,Прочая деятельность по организации отдыха и развлечений,АЛМАТИНСКАЯ ОБЛАСТЬ,КЕГЕНСКИЙ РАЙОН
449040,Предоставление прочих видов услуг,false,,,,7000000,920,,,,,,,,,1,Всего,АЛМАТИНСКАЯ ОБЛАСТЬ,КЕГЕНСКИЙ РАЙОН
449084,Предоставление прочих индивидуальных услуг,false,,,,7000000,920,,,,,,,,,2,Предоставление прочих видов услуг,АЛМАТИНСКАЯ ОБЛАСТЬ,КЕГЕНСКИЙ РАЙОН
449085,Предоставление прочих индивидуальных услуг,false,,,,7000000,920,,,,,,,,,3,Предоставление прочих индивидуальных услуг,АЛМАТИНСКАЯ ОБЛАСТЬ,КЕГЕНСКИЙ РАЙОН
449093,Деятельность по обеспечению физического комфорта,false,,,,7000000,920,,,,,,,,,4,Предоставление прочих индивидуальных услуг,АЛМАТИНСКАЯ ОБЛАСТЬ,КЕГЕНСКИЙ РАЙОН
449094,Деятельность по обеспечению физического комфорта,true,,,,7000000,920,,,,,,,,,5,Деятельность по обеспечению физического комфорта,АЛМАТИНСКАЯ ОБЛАСТЬ,КЕГЕНСКИЙ РАЙОН
741340,Промышленность,false,,1476220000,883,316346000,920,431608000,846,3375792000,1031,3105354000,994,2397541000,957,1,Всего,АЛМАТИНСКАЯ ОБЛАСТЬ,КЕГЕНСКИЙ РАЙОН
447279,Горнодобывающая промышленность и разработка карьеров,false,,,,,,,,,,,,2541000,957,2,Промышленность,АЛМАТИНСКАЯ ОБЛАСТЬ,КЕГЕНСКИЙ РАЙОН
447298,Добыча металлических руд,false,,,,,,,,,,,,2541000,957,3,Горнодобывающая промышленность и разработка карьеров,АЛМАТИНСКАЯ ОБЛАСТЬ,КЕГЕНСКИЙ РАЙОН
447299,Добыча железных руд,false,,,,,,,,,,,,2541000,957,4,Добыча металлических руд,АЛМАТИНСКАЯ ОБЛАСТЬ,КЕГЕНСКИЙ РАЙОН
447300,Добыча железных руд,false,,,,,,,,,,,,2541000,957,5,Добыча железных руд,АЛМАТИНСКАЯ ОБЛАСТЬ,КЕГЕНСКИЙ РАЙОН
447346,Обрабатывающая промышленность,false,,x,883,209000,920,23476000,846,x,1031,x,994,120491000,957,2,Промышленность,АЛМАТИНСКАЯ ОБЛАСТЬ,КЕГЕНСКИЙ РАЙОН
447347,Производство продуктов питания,false,,x,883,209000,920,23476000,846,x,1031,x,994,120491000,957,3,Обрабатывающая промышленность,АЛМАТИНСКАЯ ОБЛАСТЬ,КЕГЕНСКИЙ РАЙОН
447348,Переработка и консервирование мяса и производство мясной продукции,false,,x,883,209000,920,x,846,x,1031,x,994,120491000,957,4,Производство продуктов питания,АЛМАТИНСКАЯ ОБЛАСТЬ,КЕГЕНСКИЙ РАЙОН
447349,Переработка и консервирование мяса,false,,x,883,209000,920,x,846,x,1031,x,994,120491000,957,5,Переработка и консервирование мяса и производство мясной продукции,АЛМАТИНСКАЯ ОБЛАСТЬ,КЕГЕНСКИЙ РАЙОН
447371,Производство молочных продуктов,false,,,,,,10000000,846,,,,,,,4,Производство продуктов питания,АЛМАТИНСКАЯ ОБЛАСТЬ,КЕГЕНСКИЙ РАЙОН
447372,Переработка молока и производство сыров,false,,,,,,10000000,846,,,,,,,5,Производство молочных продуктов,АЛМАТИНСКАЯ ОБЛАСТЬ,КЕГЕНСКИЙ РАЙОН
448090,"Снабжение электроэнергией, газом, паром, горячей водой и кондиционированным воздухом",false,,121104000,883,119510000,920,84054000,846,771979000,1031,911913000,994,82681000,957,2,Промышленность,АЛМАТИНСКАЯ ОБЛАСТЬ,КЕГЕНСКИЙ РАЙОН
448091,"Снабжение электроэнергией, газом, паром, горячей водой и кондиционированным воздухом",false,,121104000,883,119510000,920,84054000,846,771979000,1031,911913000,994,82681000,957,3,"Снабжение электроэнергией, газом, паром, горячей водой и кондиционированным воздухом",АЛМАТИНСКАЯ ОБЛАСТЬ,КЕГЕНСКИЙ РАЙОН
448092,"Производство, передача и распределение электроэнергии",false,,121104000,883,119510000,920,84054000,846,771979000,1031,911913000,994,82681000,957,4,"Снабжение электроэнергией, газом, паром, горячей водой и кондиционированным воздухом",АЛМАТИНСКАЯ ОБЛАСТЬ,КЕГЕНСКИЙ РАЙОН
448093,Производство электроэнергии,false,,121104000,883,119510000,920,32894000,846,402287000,1031,188465000,994,15490000,957,5,"Производство, передача и распределение электроэнергии",АЛМАТИНСКАЯ ОБЛАСТЬ,КЕГЕНСКИЙ РАЙОН
448098,Передача электроэнергии,false,,,,,,,,17241000,1031,56612000,994,,,5,"Производство, передача и распределение электроэнергии",АЛМАТИНСКАЯ ОБЛАСТЬ,КЕГЕНСКИЙ РАЙОН
448100,Распределение электроэнергии,false,,,,,,51160000,846,352451000,1031,666836000,994,67191000,957,5,"Производство, передача и распределение электроэнергии",АЛМАТИНСКАЯ ОБЛАСТЬ,КЕГЕНСКИЙ РАЙОН
448117,"Водоснабжение; сбор, обработка и удаление отходов, деятельность по ликвидации загрязнений",false,,1354650000,883,196627000,920,324078000,846,1490353000,1031,1658754000,994,2191828000,957,2,Промышленность,АЛМАТИНСКАЯ ОБЛАСТЬ,КЕГЕНСКИЙ РАЙОН
448118,"Сбор, обработка и распределение воды",false,,1354650000,883,196627000,920,324078000,846,1490353000,1031,1658754000,994,2191828000,957,3,"Водоснабжение; сбор, обработка и удаление отходов, деятельность по ликвидации загрязнений",АЛМАТИНСКАЯ ОБЛАСТЬ,КЕГЕНСКИЙ РАЙОН
448119,"Сбор, обработка и распределение воды",false,,1354650000,883,196627000,920,324078000,846,1490353000,1031,1658754000,994,2191828000,957,4,"Сбор, обработка и распределение воды",АЛМАТИНСКАЯ ОБЛАСТЬ,КЕГЕНСКИЙ РАЙОН
448120,"Сбор, обработка и распределение воды",false,,1354650000,883,196627000,920,324078000,846,1490353000,1031,1658754000,994,2191828000,957,5,"Сбор, обработка и распределение воды",АЛМАТИНСКАЯ ОБЛАСТЬ,КЕГЕНСКИЙ РАЙОН
