id,text,leaf,measureName,y122020,122020,y122021,122021,y122019,122019,y122024,122024,y122023,122023,y122022,122022,depth,parent_text,oblast,region
741885,Всего,false,,115876394000,883,111869122000,920,93158137000,846,185888880000,1031,146963767000,994,104365861000,957,0,,ЗАПАДНО-КАЗАХСТАНСКАЯ ОБЛАСТЬ,УРАЛЬСК Г.А.
447173,"Сельское, лесное и рыбное хозяйство",false,,815963000,883,1209178000,920,5701473000,846,1783205000,1031,1287167000,994,2107699000,957,1,Всего,ЗАПАДНО-КАЗАХСТАНСКАЯ ОБЛАСТЬ,УРАЛЬСК Г.А.
447174,"Растениеводство и животноводство, охота и предоставление услуг в этих областях",false,,626566000,883,1209178000,920,5700348000,846,1312926000,1031,1020918000,994,2107699000,957,2,"Сельское, лесное и рыбное хозяйство",ЗАПАДНО-КАЗАХСТАНСКАЯ ОБЛАСТЬ,УРАЛЬСК Г.А.
447175,Выращивание одно- или двухлетних культур,false,,196096000,883,704460000,920,5261486000,846,1079602000,1031,773007000,994,576953000,957,3,"Растениеводство и животноводство, охота и предоставление услуг в этих областях",ЗАПАДНО-КАЗАХСТАНСКАЯ ОБЛАСТЬ,УРАЛЬСК Г.А.
447176,"Выращивание зерновых (кроме риса), бобовых и масличных культур",false,,196096000,883,694475000,920,76917000,846,634612000,1031,708105000,994,437644000,957,4,Выращивание одно- или двухлетних культур,ЗАПАДНО-КАЗАХСТАНСКАЯ ОБЛАСТЬ,УРАЛЬСК Г.А.
3783380,"Выращивание зерновых и зернобобовых культур, включая семеноводство",true,,196096000,883,694475000,920,76917000,846,634612000,1031,708105000,994,437644000,957,5,"Выращивание зерновых (кроме риса), бобовых и масличных культур",ЗАПАДНО-КАЗАХСТАНСКАЯ ОБЛАСТЬ,УРАЛЬСК Г.А.
447181,"Выращивание овощей, бахчевых, корнеплодов и клубнеплодов",false,,,,x,920,5184569000,846,444990000,1031,64902000,994,139309000,957,4,Выращивание одно- или двухлетних культур,ЗАПАДНО-КАЗАХСТАНСКАЯ ОБЛАСТЬ,УРАЛЬСК Г.А.
447182,Выращивание картофеля и посадочного материала,true,,,,x,920,,,444990000,1031,64902000,994,,,5,"Выращивание овощей, бахчевых, корнеплодов и клубнеплодов",ЗАПАДНО-КАЗАХСТАНСКАЯ ОБЛАСТЬ,УРАЛЬСК Г.А.
447183,"Выращивание овощей, их семян и рассады",true,,,,,,5184569000,846,,,,,139309000,957,5,"Выращивание овощей, бахчевых, корнеплодов и клубнеплодов",ЗАПАДНО-КАЗАХСТАНСКАЯ ОБЛАСТЬ,УРАЛЬСК Г.А.
447196,Выращивание многолетних культур,false,,x,883,4890000,920,,,,,,,,,3,"Растениеводство и животноводство, охота и предоставление услуг в этих областях",ЗАПАДНО-КАЗАХСТАНСКАЯ ОБЛАСТЬ,УРАЛЬСК Г.А.
447213,Выращивание прочих многолетних культур,false,,x,883,4890000,920,,,,,,,,,4,Выращивание многолетних культур,ЗАПАДНО-КАЗАХСТАНСКАЯ ОБЛАСТЬ,УРАЛЬСК Г.А.
447214,Выращивание прочих многолетних культур,true,,x,883,4890000,920,,,,,,,,,5,Выращивание прочих многолетних культур,ЗАПАДНО-КАЗАХСТАНСКАЯ ОБЛАСТЬ,УРАЛЬСК Г.А.
447218,Животноводство,false,,235618000,883,328091000,920,422862000,846,196833000,1031,101627000,994,583611000,957,3,"Растениеводство и животноводство, охота и предоставление услуг в этих областях",ЗАПАДНО-КАЗАХСТАНСКАЯ ОБЛАСТЬ,УРАЛЬСК Г.А.
447219,Разведение крупного рогатого скота молочного направления,false,,,,x,920,,,9730000,1031,x,994,x,957,4,Животноводство,ЗАПАДНО-КАЗАХСТАНСКАЯ ОБЛАСТЬ,УРАЛЬСК Г.А.
447220,Разведение крупного рогатого скота молочного направления,true,,,,x,920,,,9730000,1031,x,994,x,957,5,Разведение крупного рогатого скота молочного направления,ЗАПАДНО-КАЗАХСТАНСКАЯ ОБЛАСТЬ,УРАЛЬСК Г.А.
447221,Разведение прочего крупного рогатого скота и буйволов,false,,14808000,883,168344000,920,x,846,35438000,1031,15380000,994,x,957,4,Животноводство,ЗАПАДНО-КАЗАХСТАНСКАЯ ОБЛАСТЬ,УРАЛЬСК Г.А.
447222,Разведение прочего крупного рогатого скота и буйволов,true,,14808000,883,168344000,920,x,846,35438000,1031,15380000,994,x,957,5,Разведение прочего крупного рогатого скота и буйволов,ЗАПАДНО-КАЗАХСТАНСКАЯ ОБЛАСТЬ,УРАЛЬСК Г.А.
447232,Разведение сельскохозяйственной птицы ,false,,220810000,883,x,920,369474000,846,151665000,1031,81447000,994,560230000,957,4,Животноводство,ЗАПАДНО-КАЗАХСТАНСКАЯ ОБЛАСТЬ,УРАЛЬСК Г.А.
447234,Производство яиц,true,,x,883,,,,,,,,,,,5,Разведение сельскохозяйственной птицы ,ЗАПАДНО-КАЗАХСТАНСКАЯ ОБЛАСТЬ,УРАЛЬСК Г.А.
447235,"Производство смешанное, мясояичное",true,,210895000,883,x,920,369474000,846,151665000,1031,81447000,994,560230000,957,5,Разведение сельскохозяйственной птицы ,ЗАПАДНО-КАЗАХСТАНСКАЯ ОБЛАСТЬ,УРАЛЬСК Г.А.
447239,Смешанное сельское хозяйство,false,,,,109138000,920,16000000,846,30332000,1031,102015000,994,889558000,957,3,"Растениеводство и животноводство, охота и предоставление услуг в этих областях",ЗАПАДНО-КАЗАХСТАНСКАЯ ОБЛАСТЬ,УРАЛЬСК Г.А.
447240,Смешанное сельское хозяйство,false,,,,109138000,920,16000000,846,30332000,1031,102015000,994,889558000,957,4,Смешанное сельское хозяйство,ЗАПАДНО-КАЗАХСТАНСКАЯ ОБЛАСТЬ,УРАЛЬСК Г.А.
447241,Смешанное сельское хозяйство,true,,,,109138000,920,16000000,846,30332000,1031,102015000,994,889558000,957,5,Смешанное сельское хозяйство,ЗАПАДНО-КАЗАХСТАНСКАЯ ОБЛАСТЬ,УРАЛЬСК Г.А.
18683346,"Деятельность, способствующая выращиванию сельскохозяйственных культур и разведению животных и деятельность по обработке урожая",false,,71174000,883,62599000,920,,,6159000,1031,44269000,994,57577000,957,3,"Растениеводство и животноводство, охота и предоставление услуг в этих областях",ЗАПАДНО-КАЗАХСТАНСКАЯ ОБЛАСТЬ,УРАЛЬСК Г.А.
18683347,"Деятельность, способствующая растениеводству",false,,71174000,883,62599000,920,,,6159000,1031,44269000,994,57577000,957,4,"Деятельность, способствующая выращиванию сельскохозяйственных культур и разведению животных и деятельность по обработке урожая",ЗАПАДНО-КАЗАХСТАНСКАЯ ОБЛАСТЬ,УРАЛЬСК Г.А.
18683349,Эксплуатация оросительных систем,true,,71174000,883,62599000,920,,,6159000,1031,44269000,994,57577000,957,5,"Деятельность, способствующая растениеводству",ЗАПАДНО-КАЗАХСТАНСКАЯ ОБЛАСТЬ,УРАЛЬСК Г.А.
447255,Лесоводство и лесозаготовки,false,,,,,,,,470279000,1031,266249000,994,,,2,"Сельское, лесное и рыбное хозяйство",ЗАПАДНО-КАЗАХСТАНСКАЯ ОБЛАСТЬ,УРАЛЬСК Г.А.
447256,Лесоводство и прочая лесохозяйственная деятельность,false,,,,,,,,470279000,1031,266249000,994,,,3,Лесоводство и лесозаготовки,ЗАПАДНО-КАЗАХСТАНСКАЯ ОБЛАСТЬ,УРАЛЬСК Г.А.
447257,Лесоводство и прочая лесохозяйственная деятельность,false,,,,,,,,470279000,1031,266249000,994,,,4,Лесоводство и прочая лесохозяйственная деятельность,ЗАПАДНО-КАЗАХСТАНСКАЯ ОБЛАСТЬ,УРАЛЬСК Г.А.
447258,Лесоводство и прочая лесохозяйственная деятельность,true,,,,,,,,470279000,1031,266249000,994,,,5,Лесоводство и прочая лесохозяйственная деятельность,ЗАПАДНО-КАЗАХСТАНСКАЯ ОБЛАСТЬ,УРАЛЬСК Г.А.
447268,Рыболовство и рыбоводство,false,,189397000,883,,,1125000,846,,,,,,,2,"Сельское, лесное и рыбное хозяйство",ЗАПАДНО-КАЗАХСТАНСКАЯ ОБЛАСТЬ,УРАЛЬСК Г.А.
447274,Рыбоводство,false,,189397000,883,,,1125000,846,,,,,,,3,Рыболовство и рыбоводство,ЗАПАДНО-КАЗАХСТАНСКАЯ ОБЛАСТЬ,УРАЛЬСК Г.А.
447277,Пресноводное рыбоводство,false,,189397000,883,,,1125000,846,,,,,,,4,Рыбоводство,ЗАПАДНО-КАЗАХСТАНСКАЯ ОБЛАСТЬ,УРАЛЬСК Г.А.
447278,Пресноводное рыбоводство,true,,189397000,883,,,1125000,846,,,,,,,5,Пресноводное рыбоводство,ЗАПАДНО-КАЗАХСТАНСКАЯ ОБЛАСТЬ,УРАЛЬСК Г.А.
448148,Строительство,false,,1743983000,883,2973841000,920,2898911000,846,1296069000,1031,788262000,994,6491211000,957,1,Всего,ЗАПАДНО-КАЗАХСТАНСКАЯ ОБЛАСТЬ,УРАЛЬСК Г.А.
18710963,Строительство зданий,false,,430769000,883,1731585000,920,917135000,846,443792000,1031,414943000,994,548776000,957,2,Строительство,ЗАПАДНО-КАЗАХСТАНСКАЯ ОБЛАСТЬ,УРАЛЬСК Г.А.
18710964,Разработка строительных проектов,false,,,,,,1677000,846,,,,,,,3,Строительство зданий,ЗАПАДНО-КАЗАХСТАНСКАЯ ОБЛАСТЬ,УРАЛЬСК Г.А.
18710965,Разработка строительных проектов,false,,,,,,1677000,846,,,,,,,4,Разработка строительных проектов,ЗАПАДНО-КАЗАХСТАНСКАЯ ОБЛАСТЬ,УРАЛЬСК Г.А.
18710966,Разработка строительных проектов,true,,,,,,1677000,846,,,,,,,5,Разработка строительных проектов,ЗАПАДНО-КАЗАХСТАНСКАЯ ОБЛАСТЬ,УРАЛЬСК Г.А.
18710967,Строительство жилых и нежилых зданий,false,,430769000,883,1731585000,920,915458000,846,443792000,1031,414943000,994,548776000,957,3,Строительство зданий,ЗАПАДНО-КАЗАХСТАНСКАЯ ОБЛАСТЬ,УРАЛЬСК Г.А.
18710968,Строительство жилых и нежилых зданий,false,,430769000,883,1731585000,920,915458000,846,443792000,1031,414943000,994,548776000,957,4,Строительство жилых и нежилых зданий,ЗАПАДНО-КАЗАХСТАНСКАЯ ОБЛАСТЬ,УРАЛЬСК Г.А.
18710969,Строительство жилых зданий,true,,142338000,883,942618000,920,701517000,846,328612000,1031,76017000,994,4220000,957,5,Строительство жилых и нежилых зданий,ЗАПАДНО-КАЗАХСТАНСКАЯ ОБЛАСТЬ,УРАЛЬСК Г.А.
18801543,"Строительство нежилых зданий, за исключением стационарных торговых объектов категорий 1, 2",true,,288431000,883,788967000,920,213941000,846,115180000,1031,338926000,994,544556000,957,5,Строительство жилых и нежилых зданий,ЗАПАДНО-КАЗАХСТАНСКАЯ ОБЛАСТЬ,УРАЛЬСК Г.А.
448157,Гражданское строительство,false,,900909000,883,1032842000,920,1465553000,846,353452000,1031,172086000,994,515654000,957,2,Строительство,ЗАПАДНО-КАЗАХСТАНСКАЯ ОБЛАСТЬ,УРАЛЬСК Г.А.
448158,Строительство автомобильных и железных дорог,false,,703307000,883,1008578000,920,1199993000,846,317031000,1031,160489000,994,166521000,957,3,Гражданское строительство,ЗАПАДНО-КАЗАХСТАНСКАЯ ОБЛАСТЬ,УРАЛЬСК Г.А.
18696143,Строительство автомобильных дорог,false,,703307000,883,1008578000,920,1199993000,846,317031000,1031,160489000,994,166521000,957,4,Строительство автомобильных и железных дорог,ЗАПАДНО-КАЗАХСТАНСКАЯ ОБЛАСТЬ,УРАЛЬСК Г.А.
18946136,Строительство дорог и автомагистралей,true,,703307000,883,1008578000,920,1199993000,846,279159000,1031,75503000,994,166521000,957,5,Строительство автомобильных дорог,ЗАПАДНО-КАЗАХСТАНСКАЯ ОБЛАСТЬ,УРАЛЬСК Г.А.
18946137,"Деятельность по организации строительства, реконструкции, ремонта, платного движения и содержания автомобильных дорог (участков) общего пользования международного и республиканского значения",true,,,,,,,,37872000,1031,84986000,994,,,5,Строительство автомобильных дорог,ЗАПАДНО-КАЗАХСТАНСКАЯ ОБЛАСТЬ,УРАЛЬСК Г.А.
448165,Строительство распределительных инженерных сооружений,false,,19232000,883,2187000,920,203308000,846,,,9429000,994,259297000,957,3,Гражданское строительство,ЗАПАДНО-КАЗАХСТАНСКАЯ ОБЛАСТЬ,УРАЛЬСК Г.А.
448166,Строительство трубопроводов,false,,16967000,883,2187000,920,203308000,846,,,9429000,994,259297000,957,4,Строительство распределительных инженерных сооружений,ЗАПАДНО-КАЗАХСТАНСКАЯ ОБЛАСТЬ,УРАЛЬСК Г.А.
448167,Строительство нефтяных и газовых магистральных трубопроводов,true,,6592000,883,2054000,920,170642000,846,,,9429000,994,250454000,957,5,Строительство трубопроводов,ЗАПАДНО-КАЗАХСТАНСКАЯ ОБЛАСТЬ,УРАЛЬСК Г.А.
448168,Строительство трубопроводов для систем водоснабжения и канализации,true,,x,883,133000,920,32666000,846,,,,,x,957,5,Строительство трубопроводов,ЗАПАДНО-КАЗАХСТАНСКАЯ ОБЛАСТЬ,УРАЛЬСК Г.А.
448169,Строительство прочих трубопроводов,true,,x,883,,,,,,,,,,,5,Строительство трубопроводов,ЗАПАДНО-КАЗАХСТАНСКАЯ ОБЛАСТЬ,УРАЛЬСК Г.А.
448170,Строительство линий электропередач и телекоммуникаций ,false,,x,883,,,,,,,,,,,4,Строительство распределительных инженерных сооружений,ЗАПАДНО-КАЗАХСТАНСКАЯ ОБЛАСТЬ,УРАЛЬСК Г.А.
448171,Строительство линий электропередач и телекоммуникаций ,true,,x,883,,,,,,,,,,,5,Строительство линий электропередач и телекоммуникаций ,ЗАПАДНО-КАЗАХСТАНСКАЯ ОБЛАСТЬ,УРАЛЬСК Г.А.
18696516,Строительство прочих инженерных сооружений,false,,178370000,883,x,920,62252000,846,36421000,1031,x,994,x,957,3,Гражданское строительство,ЗАПАДНО-КАЗАХСТАНСКАЯ ОБЛАСТЬ,УРАЛЬСК Г.А.
18696519,Строительство водных сооружений,false,,178370000,883,x,920,62252000,846,35592000,1031,x,994,x,957,4,Строительство прочих инженерных сооружений,ЗАПАДНО-КАЗАХСТАНСКАЯ ОБЛАСТЬ,УРАЛЬСК Г.А.
18696520,Строительство водных сооружений,true,,178370000,883,x,920,62252000,846,35592000,1031,x,994,x,957,5,Строительство водных сооружений,ЗАПАДНО-КАЗАХСТАНСКАЯ ОБЛАСТЬ,УРАЛЬСК Г.А.
18696517,"Строительство прочих инженерных сооружений, не включенных в другие группировки",false,,,,,,,,x,1031,,,,,4,Строительство прочих инженерных сооружений,ЗАПАДНО-КАЗАХСТАНСКАЯ ОБЛАСТЬ,УРАЛЬСК Г.А.
18696518,"Строительство прочих инженерных сооружений, не включенных в другие группировки",true,,,,,,,,x,1031,,,,,5,"Строительство прочих инженерных сооружений, не включенных в другие группировки",ЗАПАДНО-КАЗАХСТАНСКАЯ ОБЛАСТЬ,УРАЛЬСК Г.А.
448177,Специализированные строительные работы,false,,412305000,883,209414000,920,516223000,846,498825000,1031,201233000,994,5426781000,957,2,Строительство,ЗАПАДНО-КАЗАХСТАНСКАЯ ОБЛАСТЬ,УРАЛЬСК Г.А.
448178,"Снос  зданий и сооружений, подготовка строительного участка",false,,,,,,x,846,,,,,,,3,Специализированные строительные работы,ЗАПАДНО-КАЗАХСТАНСКАЯ ОБЛАСТЬ,УРАЛЬСК Г.А.
448181,Подготовка строительного участка,false,,,,,,x,846,,,,,,,4,"Снос  зданий и сооружений, подготовка строительного участка",ЗАПАДНО-КАЗАХСТАНСКАЯ ОБЛАСТЬ,УРАЛЬСК Г.А.
448182,Земляные работы,true,,,,,,x,846,,,,,,,5,Подготовка строительного участка,ЗАПАДНО-КАЗАХСТАНСКАЯ ОБЛАСТЬ,УРАЛЬСК Г.А.
448187,"Монтаж и установка электрического, водопроводного и прочего оборудования",false,,411656000,883,208182000,920,421738000,846,497828000,1031,149441000,994,378072000,957,3,Специализированные строительные работы,ЗАПАДНО-КАЗАХСТАНСКАЯ ОБЛАСТЬ,УРАЛЬСК Г.А.
448188,Электромонтажные работы,false,,23211000,883,44307000,920,56884000,846,124861000,1031,2154000,994,19027000,957,4,"Монтаж и установка электрического, водопроводного и прочего оборудования",ЗАПАДНО-КАЗАХСТАНСКАЯ ОБЛАСТЬ,УРАЛЬСК Г.А.
18951435,Прочие электромонтажные работы,true,,23211000,883,44307000,920,56884000,846,124861000,1031,2154000,994,19027000,957,5,Электромонтажные работы,ЗАПАДНО-КАЗАХСТАНСКАЯ ОБЛАСТЬ,УРАЛЬСК Г.А.
448190,"Монтаж систем водоснабжения, отопления и кондиционирования воздуха",false,,x,883,x,920,5664000,846,,,,,x,957,4,"Монтаж и установка электрического, водопроводного и прочего оборудования",ЗАПАДНО-КАЗАХСТАНСКАЯ ОБЛАСТЬ,УРАЛЬСК Г.А.
448191,"Монтаж систем водоснабжения, отопления и кондиционирования воздуха",true,,x,883,x,920,5664000,846,,,,,x,957,5,"Монтаж систем водоснабжения, отопления и кондиционирования воздуха",ЗАПАДНО-КАЗАХСТАНСКАЯ ОБЛАСТЬ,УРАЛЬСК Г.А.
448192,Прочие строительно-монтажные работы,false,,387145000,883,163088000,920,359190000,846,372967000,1031,147287000,994,358981000,957,4,"Монтаж и установка электрического, водопроводного и прочего оборудования",ЗАПАДНО-КАЗАХСТАНСКАЯ ОБЛАСТЬ,УРАЛЬСК Г.А.
448194,"Прочие строительно-монтажные работы, не включенные в другие группировки",true,,x,883,29151000,920,30501000,846,44497000,1031,x,994,89994000,957,5,Прочие строительно-монтажные работы,ЗАПАДНО-КАЗАХСТАНСКАЯ ОБЛАСТЬ,УРАЛЬСК Г.А.
448195,Пуск и наладка смонтированного оборудования,true,,x,883,x,920,x,846,328470000,1031,x,994,x,957,5,Прочие строительно-монтажные работы,ЗАПАДНО-КАЗАХСТАНСКАЯ ОБЛАСТЬ,УРАЛЬСК Г.А.
448196,Отделочные работы,false,,,,x,920,,,,,x,994,x,957,3,Специализированные строительные работы,ЗАПАДНО-КАЗАХСТАНСКАЯ ОБЛАСТЬ,УРАЛЬСК Г.А.
448205,Прочие отделочные работы,false,,,,x,920,,,,,x,994,x,957,4,Отделочные работы,ЗАПАДНО-КАЗАХСТАНСКАЯ ОБЛАСТЬ,УРАЛЬСК Г.А.
448206,Прочие отделочные работы,true,,,,x,920,,,,,x,994,x,957,5,Прочие отделочные работы,ЗАПАДНО-КАЗАХСТАНСКАЯ ОБЛАСТЬ,УРАЛЬСК Г.А.
448207,Прочие специализированные строительные работы,false,,x,883,x,920,39083000,846,x,1031,3232000,994,x,957,3,Специализированные строительные работы,ЗАПАДНО-КАЗАХСТАНСКАЯ ОБЛАСТЬ,УРАЛЬСК Г.А.
448208,Кровельные работы,false,,,,x,920,,,,,,,,,4,Прочие специализированные строительные работы,ЗАПАДНО-КАЗАХСТАНСКАЯ ОБЛАСТЬ,УРАЛЬСК Г.А.
448209,Кровельные работы,true,,,,x,920,,,,,,,,,5,Кровельные работы,ЗАПАДНО-КАЗАХСТАНСКАЯ ОБЛАСТЬ,УРАЛЬСК Г.А.
448210,"Прочие специализированные строительные работы, не включенные в другие группировки",false,,x,883,,,39083000,846,x,1031,3232000,994,x,957,4,Прочие специализированные строительные работы,ЗАПАДНО-КАЗАХСТАНСКАЯ ОБЛАСТЬ,УРАЛЬСК Г.А.
448213,Аренда строительного оборудования с оператором,true,,,,,,x,846,,,,,,,5,"Прочие специализированные строительные работы, не включенные в другие группировки",ЗАПАДНО-КАЗАХСТАНСКАЯ ОБЛАСТЬ,УРАЛЬСК Г.А.
448214,"Прочие строительные работы, требующие специальной квалификации",true,,x,883,,,28253000,846,x,1031,3232000,994,x,957,5,"Прочие специализированные строительные работы, не включенные в другие группировки",ЗАПАДНО-КАЗАХСТАНСКАЯ ОБЛАСТЬ,УРАЛЬСК Г.А.
448215,Оптовая и розничная торговля; ремонт автомобилей и мотоциклов,false,,5326882000,883,7458477000,920,5231123000,846,5113550000,1031,8249827000,994,5700947000,957,1,Всего,ЗАПАДНО-КАЗАХСТАНСКАЯ ОБЛАСТЬ,УРАЛЬСК Г.А.
448216,Оптовая и розничная торговля автомобилями и мотоциклами и их ремонт,false,,993720000,883,1288650000,920,1159427000,846,778828000,1031,4660729000,994,1197328000,957,2,Оптовая и розничная торговля; ремонт автомобилей и мотоциклов,ЗАПАДНО-КАЗАХСТАНСКАЯ ОБЛАСТЬ,УРАЛЬСК Г.А.
448217,Торговля автомобилями,false,,223674000,883,334221000,920,356901000,846,589357000,1031,2384836000,994,706830000,957,3,Оптовая и розничная торговля автомобилями и мотоциклами и их ремонт,ЗАПАДНО-КАЗАХСТАНСКАЯ ОБЛАСТЬ,УРАЛЬСК Г.А.
448218,Торговля автомобилями и легкими автотранспортными средствами,false,,223674000,883,334221000,920,356901000,846,589357000,1031,2304836000,994,581198000,957,4,Торговля автомобилями,ЗАПАДНО-КАЗАХСТАНСКАЯ ОБЛАСТЬ,УРАЛЬСК Г.А.
448219,Оптовая торговля автомобилями и легкими автотранспортными средствами,true,,,,,,,,,,,,x,957,5,Торговля автомобилями и легкими автотранспортными средствами,ЗАПАДНО-КАЗАХСТАНСКАЯ ОБЛАСТЬ,УРАЛЬСК Г.А.
448220,Розничная торговля автомобилями и легкими автотранспортными средствами  в торговых объектах с торговой площадью менее 2000 кв.м,true,,223674000,883,334221000,920,356901000,846,500821000,1031,2304836000,994,563864000,957,5,Торговля автомобилями и легкими автотранспортными средствами,ЗАПАДНО-КАЗАХСТАНСКАЯ ОБЛАСТЬ,УРАЛЬСК Г.А.
18951436,Розничная торговля автомобилями и легкими автотранспортными средствами  в торговых объектах с торговой площадью более 2000 кв.м (2000 кв.м и выше),true,,,,,,,,88536000,1031,,,,,5,Торговля автомобилями и легкими автотранспортными средствами,ЗАПАДНО-КАЗАХСТАНСКАЯ ОБЛАСТЬ,УРАЛЬСК Г.А.
448221,Торговля прочими автотранспортными средствами,false,,,,,,,,,,80000000,994,125632000,957,4,Торговля автомобилями,ЗАПАДНО-КАЗАХСТАНСКАЯ ОБЛАСТЬ,УРАЛЬСК Г.А.
448222,Оптовая торговля прочими автотранспортными средствами,true,,,,,,,,,,,,125632000,957,5,Торговля прочими автотранспортными средствами,ЗАПАДНО-КАЗАХСТАНСКАЯ ОБЛАСТЬ,УРАЛЬСК Г.А.
448223,Розничная торговля прочими автотранспортными средствами в торговых объектах с торговой площадью менее 2000 кв.м,true,,,,,,,,,,80000000,994,,,5,Торговля прочими автотранспортными средствами,ЗАПАДНО-КАЗАХСТАНСКАЯ ОБЛАСТЬ,УРАЛЬСК Г.А.
448224,Техническое обслуживание и ремонт автомобилей,false,,498477000,883,580009000,920,641738000,846,32124000,1031,505676000,994,202008000,957,3,Оптовая и розничная торговля автомобилями и мотоциклами и их ремонт,ЗАПАДНО-КАЗАХСТАНСКАЯ ОБЛАСТЬ,УРАЛЬСК Г.А.
448225,Техническое обслуживание и ремонт автомобилей,false,,498477000,883,580009000,920,641738000,846,32124000,1031,505676000,994,202008000,957,4,Техническое обслуживание и ремонт автомобилей,ЗАПАДНО-КАЗАХСТАНСКАЯ ОБЛАСТЬ,УРАЛЬСК Г.А.
448226,Техобслуживание и ремонт автотранспортных средств,true,,,,,,641738000,846,,,,,,,5,Техническое обслуживание и ремонт автомобилей,ЗАПАДНО-КАЗАХСТАНСКАЯ ОБЛАСТЬ,УРАЛЬСК Г.А.
20575904,"Техническое обслуживание и ремонт автомобилей, за исключением произведенных станциями технического обслуживания, находящимися на придорожной полосе",true,,498477000,883,580009000,920,,,32124000,1031,505676000,994,202008000,957,5,Техническое обслуживание и ремонт автомобилей,ЗАПАДНО-КАЗАХСТАНСКАЯ ОБЛАСТЬ,УРАЛЬСК Г.А.
448227,"Торговля автомобильными деталями, узлами и принадлежностями",false,,271569000,883,374420000,920,160788000,846,157347000,1031,1770217000,994,288490000,957,3,Оптовая и розничная торговля автомобилями и мотоциклами и их ремонт,ЗАПАДНО-КАЗАХСТАНСКАЯ ОБЛАСТЬ,УРАЛЬСК Г.А.
448228,"Оптовая торговля автомобильными деталями, узлами и принадлежностями",false,,216934000,883,111871000,920,31805000,846,95916000,1031,239864000,994,235666000,957,4,"Торговля автомобильными деталями, узлами и принадлежностями",ЗАПАДНО-КАЗАХСТАНСКАЯ ОБЛАСТЬ,УРАЛЬСК Г.А.
448229,"Оптовая торговля автомобильными деталями, узлами и принадлежностями",true,,216934000,883,111871000,920,31805000,846,95916000,1031,239864000,994,235666000,957,5,"Оптовая торговля автомобильными деталями, узлами и принадлежностями",ЗАПАДНО-КАЗАХСТАНСКАЯ ОБЛАСТЬ,УРАЛЬСК Г.А.
448230,"Розничная торговля автомобильными деталями, узлами и принадлежностями",false,,x,883,262549000,920,128983000,846,61431000,1031,1530353000,994,52824000,957,4,"Торговля автомобильными деталями, узлами и принадлежностями",ЗАПАДНО-КАЗАХСТАНСКАЯ ОБЛАСТЬ,УРАЛЬСК Г.А.
18951438,"Розничная торговля автомобильными деталями, узлами и принадлежностями в торговых объектах с торговой площадью менее 2000 кв.м",true,,x,883,262549000,920,128983000,846,61431000,1031,30353000,994,52824000,957,5,"Розничная торговля автомобильными деталями, узлами и принадлежностями",ЗАПАДНО-КАЗАХСТАНСКАЯ ОБЛАСТЬ,УРАЛЬСК Г.А.
18951439,"Розничная торговля автомобильными деталями, узлами и принадлежностями в торговых объектах с торговой площадью более 2000 кв.м (2000 кв.м и выше)",true,,,,,,,,,,1500000000,994,,,5,"Розничная торговля автомобильными деталями, узлами и принадлежностями",ЗАПАДНО-КАЗАХСТАНСКАЯ ОБЛАСТЬ,УРАЛЬСК Г.А.
448237,"Оптовая торговля, за исключением торговли автомобилями и мотоциклами",false,,1470426000,883,2206067000,920,1944476000,846,1924020000,1031,2506944000,994,2484978000,957,2,Оптовая и розничная торговля; ремонт автомобилей и мотоциклов,ЗАПАДНО-КАЗАХСТАНСКАЯ ОБЛАСТЬ,УРАЛЬСК Г.А.
448238,Оптовая торговля за вознаграждение или на договорной основе,false,,1870000,883,,,,,x,1031,,,,,3,"Оптовая торговля, за исключением торговли автомобилями и мотоциклами",ЗАПАДНО-КАЗАХСТАНСКАЯ ОБЛАСТЬ,УРАЛЬСК Г.А.
448255,Деятельность агентов по оптовой торговле товарами широкого ассортимента,false,,1870000,883,,,,,x,1031,,,,,4,Оптовая торговля за вознаграждение или на договорной основе,ЗАПАДНО-КАЗАХСТАНСКАЯ ОБЛАСТЬ,УРАЛЬСК Г.А.
448256,Деятельность агентов по оптовой торговле товарами широкого ассортимента,true,,1870000,883,,,,,x,1031,,,,,5,Деятельность агентов по оптовой торговле товарами широкого ассортимента,ЗАПАДНО-КАЗАХСТАНСКАЯ ОБЛАСТЬ,УРАЛЬСК Г.А.
448257,Оптовая торговля сельскохозяйственным сырьем и живыми животными,false,,,,,,,,,,24907000,994,,,3,"Оптовая торговля, за исключением торговли автомобилями и мотоциклами",ЗАПАДНО-КАЗАХСТАНСКАЯ ОБЛАСТЬ,УРАЛЬСК Г.А.
448258,"Оптовая торговля зерном, необработанным табаком, семенами и кормами для животных",false,,,,,,,,,,24907000,994,,,4,Оптовая торговля сельскохозяйственным сырьем и живыми животными,ЗАПАДНО-КАЗАХСТАНСКАЯ ОБЛАСТЬ,УРАЛЬСК Г.А.
20575950,"Оптовая торговля зерном, семенами и кормами для животных",true,,,,,,,,,,24907000,994,,,5,"Оптовая торговля зерном, необработанным табаком, семенами и кормами для животных",ЗАПАДНО-КАЗАХСТАНСКАЯ ОБЛАСТЬ,УРАЛЬСК Г.А.
448267,"Оптовая торговля продуктами питания, напитками и табачными изделиями",false,,7061000,883,380073000,920,27893000,846,5668000,1031,378979000,994,190218000,957,3,"Оптовая торговля, за исключением торговли автомобилями и мотоциклами",ЗАПАДНО-КАЗАХСТАНСКАЯ ОБЛАСТЬ,УРАЛЬСК Г.А.
448268,Оптовая торговля фруктами и овощами,false,,500000,883,,,,,,,,,,,4,"Оптовая торговля продуктами питания, напитками и табачными изделиями",ЗАПАДНО-КАЗАХСТАНСКАЯ ОБЛАСТЬ,УРАЛЬСК Г.А.
448269,Оптовая торговля фруктами и овощами,true,,500000,883,,,,,,,,,,,5,Оптовая торговля фруктами и овощами,ЗАПАДНО-КАЗАХСТАНСКАЯ ОБЛАСТЬ,УРАЛЬСК Г.А.
448270,Оптовая торговля мясом и мясными продуктами,false,,x,883,,,x,846,,,,,,,4,"Оптовая торговля продуктами питания, напитками и табачными изделиями",ЗАПАДНО-КАЗАХСТАНСКАЯ ОБЛАСТЬ,УРАЛЬСК Г.А.
448271,Оптовая торговля мясом и мясными продуктами,true,,x,883,,,x,846,,,,,,,5,Оптовая торговля мясом и мясными продуктами,ЗАПАДНО-КАЗАХСТАНСКАЯ ОБЛАСТЬ,УРАЛЬСК Г.А.
448272,"Оптовая торговля молочными продуктами, яйцами и пищевыми маслами и жирами",false,,,,,,x,846,,,,,,,4,"Оптовая торговля продуктами питания, напитками и табачными изделиями",ЗАПАДНО-КАЗАХСТАНСКАЯ ОБЛАСТЬ,УРАЛЬСК Г.А.
448273,"Оптовая торговля молочными продуктами, яйцами и пищевыми маслами и жирами",true,,,,,,x,846,,,,,,,5,"Оптовая торговля молочными продуктами, яйцами и пищевыми маслами и жирами",ЗАПАДНО-КАЗАХСТАНСКАЯ ОБЛАСТЬ,УРАЛЬСК Г.А.
448274,Оптовая торговля напитками,false,,,,x,920,x,846,5200000,1031,375000000,994,x,957,4,"Оптовая торговля продуктами питания, напитками и табачными изделиями",ЗАПАДНО-КАЗАХСТАНСКАЯ ОБЛАСТЬ,УРАЛЬСК Г.А.
3647932,"Оптовая торговля напитками в магазинах, являющихся торговыми объектами, с торговой площадью менее 2000 кв.м",true,,,,x,920,x,846,5200000,1031,375000000,994,x,957,5,Оптовая торговля напитками,ЗАПАДНО-КАЗАХСТАНСКАЯ ОБЛАСТЬ,УРАЛЬСК Г.А.
448278,"Оптовая торговля сахаром, шоколадом и сахаристыми кондитерскими изделиями",false,,,,x,920,x,846,,,1775000,994,x,957,4,"Оптовая торговля продуктами питания, напитками и табачными изделиями",ЗАПАДНО-КАЗАХСТАНСКАЯ ОБЛАСТЬ,УРАЛЬСК Г.А.
448279,"Оптовая торговля сахаром, шоколадом и сахаристыми кондитерскими изделиями",true,,,,x,920,x,846,,,1775000,994,x,957,5,"Оптовая торговля сахаром, шоколадом и сахаристыми кондитерскими изделиями",ЗАПАДНО-КАЗАХСТАНСКАЯ ОБЛАСТЬ,УРАЛЬСК Г.А.
448282,"Оптовая торговля прочими продуктами питания, включая рыбу, ракообразных и моллюсков",false,,x,883,x,920,x,846,,,x,994,x,957,4,"Оптовая торговля продуктами питания, напитками и табачными изделиями",ЗАПАДНО-КАЗАХСТАНСКАЯ ОБЛАСТЬ,УРАЛЬСК Г.А.
448284,Оптовая торговля прочими продуктами питания,true,,x,883,x,920,x,846,,,x,994,x,957,5,"Оптовая торговля прочими продуктами питания, включая рыбу, ракообразных и моллюсков",ЗАПАДНО-КАЗАХСТАНСКАЯ ОБЛАСТЬ,УРАЛЬСК Г.А.
448285,"Неспециализированная оптовая торговля продуктами питания, напитками и табачными изделиями",false,,,,354560000,920,x,846,468000,1031,x,994,x,957,4,"Оптовая торговля продуктами питания, напитками и табачными изделиями",ЗАПАДНО-КАЗАХСТАНСКАЯ ОБЛАСТЬ,УРАЛЬСК Г.А.
448286,"Неспециализированная оптовая торговля продуктами питания, напитками и табачными изделиями",true,,,,354560000,920,x,846,468000,1031,x,994,x,957,5,"Неспециализированная оптовая торговля продуктами питания, напитками и табачными изделиями",ЗАПАДНО-КАЗАХСТАНСКАЯ ОБЛАСТЬ,УРАЛЬСК Г.А.
448287,Оптовая торговля непродовольственными товарами потребительского назначения,false,,10574000,883,3801000,920,4019000,846,67923000,1031,74951000,994,7545000,957,3,"Оптовая торговля, за исключением торговли автомобилями и мотоциклами",ЗАПАДНО-КАЗАХСТАНСКАЯ ОБЛАСТЬ,УРАЛЬСК Г.А.
448290,Оптовая торговля одеждой и обувью,false,,,,,,,,,,,,x,957,4,Оптовая торговля непродовольственными товарами потребительского назначения,ЗАПАДНО-КАЗАХСТАНСКАЯ ОБЛАСТЬ,УРАЛЬСК Г.А.
448292,"Оптовая торговля одеждой, кроме трикотажных и чулочно-носочных изделий",true,,,,,,,,,,,,x,957,5,Оптовая торговля одеждой и обувью,ЗАПАДНО-КАЗАХСТАНСКАЯ ОБЛАСТЬ,УРАЛЬСК Г.А.
448299,Оптовая торговля парфюмерными и косметическими средствами,false,,x,883,x,920,x,846,x,1031,x,994,x,957,4,Оптовая торговля непродовольственными товарами потребительского назначения,ЗАПАДНО-КАЗАХСТАНСКАЯ ОБЛАСТЬ,УРАЛЬСК Г.А.
448300,Оптовая торговля парфюмерными и косметическими средствами,true,,x,883,x,920,x,846,x,1031,x,994,x,957,5,Оптовая торговля парфюмерными и косметическими средствами,ЗАПАДНО-КАЗАХСТАНСКАЯ ОБЛАСТЬ,УРАЛЬСК Г.А.
448301,Оптовая торговля фармацевтическими товарами,false,,x,883,x,920,1517000,846,67683000,1031,70292000,994,,,4,Оптовая торговля непродовольственными товарами потребительского назначения,ЗАПАДНО-КАЗАХСТАНСКАЯ ОБЛАСТЬ,УРАЛЬСК Г.А.
18946138,"Оптовая торговля фармацевтическими товарами, кроме торговли медицинской техникой и ортопедическими  изделиями",true,,x,883,,,1011000,846,65292000,1031,x,994,,,5,Оптовая торговля фармацевтическими товарами,ЗАПАДНО-КАЗАХСТАНСКАЯ ОБЛАСТЬ,УРАЛЬСК Г.А.
18946139,Оптовая реализация фармацевтических и медицинских товаров в рамках гарантированного объема бесплатной медицинской помощи,true,,,,,,,,,,70000000,994,,,5,Оптовая торговля фармацевтическими товарами,ЗАПАДНО-КАЗАХСТАНСКАЯ ОБЛАСТЬ,УРАЛЬСК Г.А.
18951440,Оптовая торговля медицинской техникой и ортопедическими  изделиями,true,,,,x,920,x,846,2391000,1031,,,,,5,Оптовая торговля фармацевтическими товарами,ЗАПАДНО-КАЗАХСТАНСКАЯ ОБЛАСТЬ,УРАЛЬСК Г.А.
448307,Оптовая торговля прочими непродовольственными товарами потребительского назначения,false,,,,,,,,,,,,x,957,4,Оптовая торговля непродовольственными товарами потребительского назначения,ЗАПАДНО-КАЗАХСТАНСКАЯ ОБЛАСТЬ,УРАЛЬСК Г.А.
448310,"Оптовая торговля прочими непродовольственными товарами потребительского назначения, не включенными в другие группировки",true,,,,,,,,,,,,x,957,5,Оптовая торговля прочими непродовольственными товарами потребительского назначения,ЗАПАДНО-КАЗАХСТАНСКАЯ ОБЛАСТЬ,УРАЛЬСК Г.А.
448316,"Оптовая торговля прочими машинами, оборудованием и деталями и принадлежностями к ним",false,,8231000,883,21434000,920,76820000,846,19698000,1031,377415000,994,734783000,957,3,"Оптовая торговля, за исключением торговли автомобилями и мотоциклами",ЗАПАДНО-КАЗАХСТАНСКАЯ ОБЛАСТЬ,УРАЛЬСК Г.А.
448317,"Оптовая торговля сельскохозяйственной техникой, оборудованием,  деталями и принадлежностями к ним",false,,6545000,883,x,920,39903000,846,506000,1031,995000,994,x,957,4,"Оптовая торговля прочими машинами, оборудованием и деталями и принадлежностями к ним",ЗАПАДНО-КАЗАХСТАНСКАЯ ОБЛАСТЬ,УРАЛЬСК Г.А.
448318,"Оптовая торговля сельскохозяйственной техникой, оборудованием,  деталями и принадлежностями к ним",true,,6545000,883,x,920,39903000,846,506000,1031,995000,994,x,957,5,"Оптовая торговля сельскохозяйственной техникой, оборудованием,  деталями и принадлежностями к ним",ЗАПАДНО-КАЗАХСТАНСКАЯ ОБЛАСТЬ,УРАЛЬСК Г.А.
448321,Оптовая торговля машинами и оборудованием для горнодобывающей промышленности и строительства ,false,,1332000,883,13163000,920,36411000,846,19192000,1031,364120000,994,722947000,957,4,"Оптовая торговля прочими машинами, оборудованием и деталями и принадлежностями к ним",ЗАПАДНО-КАЗАХСТАНСКАЯ ОБЛАСТЬ,УРАЛЬСК Г.А.
448322,Оптовая торговля машинами и оборудованием для горнодобывающей промышленности и строительства ,true,,1332000,883,13163000,920,36411000,846,19192000,1031,364120000,994,722947000,957,5,Оптовая торговля машинами и оборудованием для горнодобывающей промышленности и строительства ,ЗАПАДНО-КАЗАХСТАНСКАЯ ОБЛАСТЬ,УРАЛЬСК Г.А.
448329,Оптовая торговля прочими машинами и оборудованием,false,,x,883,x,920,506000,846,,,x,994,,,4,"Оптовая торговля прочими машинами, оборудованием и деталями и принадлежностями к ним",ЗАПАДНО-КАЗАХСТАНСКАЯ ОБЛАСТЬ,УРАЛЬСК Г.А.
448330,Оптовая торговля прочими машинами и оборудованием,true,,x,883,x,920,506000,846,,,x,994,,,5,Оптовая торговля прочими машинами и оборудованием,ЗАПАДНО-КАЗАХСТАНСКАЯ ОБЛАСТЬ,УРАЛЬСК Г.А.
448331,Прочая специализированная оптовая торговля ,false,,149772000,883,904446000,920,447427000,846,765846000,1031,819645000,994,406564000,957,3,"Оптовая торговля, за исключением торговли автомобилями и мотоциклами",ЗАПАДНО-КАЗАХСТАНСКАЯ ОБЛАСТЬ,УРАЛЬСК Г.А.
448332,"Оптовая торговля твердым, жидким и газообразным топливом и подобными продуктами",false,,19599000,883,555681000,920,46969000,846,343361000,1031,45477000,994,207229000,957,4,Прочая специализированная оптовая торговля ,ЗАПАДНО-КАЗАХСТАНСКАЯ ОБЛАСТЬ,УРАЛЬСК Г.А.
448338,Оптовая торговля автомобильным бензином,true,,,,204167000,920,,,,,,,206691000,957,5,"Оптовая торговля твердым, жидким и газообразным топливом и подобными продуктами",ЗАПАДНО-КАЗАХСТАНСКАЯ ОБЛАСТЬ,УРАЛЬСК Г.А.
448339,Оптовая торговля дизельным топливом,true,,18047000,883,347875000,920,39779000,846,341593000,1031,30990000,994,384000,957,5,"Оптовая торговля твердым, жидким и газообразным топливом и подобными продуктами",ЗАПАДНО-КАЗАХСТАНСКАЯ ОБЛАСТЬ,УРАЛЬСК Г.А.
448341,Оптовая торговля прочим топливом,true,,1552000,883,x,920,7190000,846,x,1031,14487000,994,154000,957,5,"Оптовая торговля твердым, жидким и газообразным топливом и подобными продуктами",ЗАПАДНО-КАЗАХСТАНСКАЯ ОБЛАСТЬ,УРАЛЬСК Г.А.
448347,"Оптовая торговля лесоматериалами, строительными материалами и санитарно-техническим оборудованием",false,,73202000,883,x,920,94758000,846,18673000,1031,112766000,994,43577000,957,4,Прочая специализированная оптовая торговля ,ЗАПАДНО-КАЗАХСТАНСКАЯ ОБЛАСТЬ,УРАЛЬСК Г.А.
448349,"Оптовая торговля цементом, песком и гравием",true,,72323000,883,x,920,94758000,846,18673000,1031,112766000,994,43577000,957,5,"Оптовая торговля лесоматериалами, строительными материалами и санитарно-техническим оборудованием",ЗАПАДНО-КАЗАХСТАНСКАЯ ОБЛАСТЬ,УРАЛЬСК Г.А.
448353,Оптовая торговля строительными металлическими конструкциями,true,,x,883,,,,,,,,,,,5,"Оптовая торговля лесоматериалами, строительными материалами и санитарно-техническим оборудованием",ЗАПАДНО-КАЗАХСТАНСКАЯ ОБЛАСТЬ,УРАЛЬСК Г.А.
448356,"Оптовая торговля скобяными изделиями, водопроводным и отопительным оборудованием и  инвентарем",false,,51970000,883,x,920,101111000,846,x,1031,x,994,109531000,957,4,Прочая специализированная оптовая торговля ,ЗАПАДНО-КАЗАХСТАНСКАЯ ОБЛАСТЬ,УРАЛЬСК Г.А.
448357,"Оптовая торговля скобяными изделиями, водопроводным и отопительным оборудованием и  инвентарем",true,,51970000,883,x,920,101111000,846,x,1031,x,994,109531000,957,5,"Оптовая торговля скобяными изделиями, водопроводным и отопительным оборудованием и  инвентарем",ЗАПАДНО-КАЗАХСТАНСКАЯ ОБЛАСТЬ,УРАЛЬСК Г.А.
448358,Оптовая торговля химической продукцией,false,,594000,883,44057000,920,87955000,846,297368000,1031,496152000,994,42685000,957,4,Прочая специализированная оптовая торговля ,ЗАПАДНО-КАЗАХСТАНСКАЯ ОБЛАСТЬ,УРАЛЬСК Г.А.
448359,Оптовая торговля химическими веществами и химическими продуктами,true,,594000,883,44057000,920,87464000,846,297368000,1031,496152000,994,42685000,957,5,Оптовая торговля химической продукцией,ЗАПАДНО-КАЗАХСТАНСКАЯ ОБЛАСТЬ,УРАЛЬСК Г.А.
448360,Оптовая торговля резинотехническими изделиями,true,,,,,,x,846,,,,,,,5,Оптовая торговля химической продукцией,ЗАПАДНО-КАЗАХСТАНСКАЯ ОБЛАСТЬ,УРАЛЬСК Г.А.
448363,Оптовая торговля прочими промежуточными продуктами,false,,,,,,x,846,,,x,994,x,957,4,Прочая специализированная оптовая торговля ,ЗАПАДНО-КАЗАХСТАНСКАЯ ОБЛАСТЬ,УРАЛЬСК Г.А.
448365,Оптовая торговля прочими промежуточными продуктами,true,,,,,,x,846,,,x,994,x,957,5,Оптовая торговля прочими промежуточными продуктами,ЗАПАДНО-КАЗАХСТАНСКАЯ ОБЛАСТЬ,УРАЛЬСК Г.А.
448367,Оптовая торговля отходами и ломом,false,,4407000,883,x,920,110392000,846,3075000,1031,x,994,x,957,4,Прочая специализированная оптовая торговля ,ЗАПАДНО-КАЗАХСТАНСКАЯ ОБЛАСТЬ,УРАЛЬСК Г.А.
448368,Оптовая торговля ломом и отходами черных и цветных металлов,true,,4407000,883,x,920,110392000,846,3075000,1031,x,994,x,957,5,Оптовая торговля отходами и ломом,ЗАПАДНО-КАЗАХСТАНСКАЯ ОБЛАСТЬ,УРАЛЬСК Г.А.
448371,Неспециализированная оптовая торговля,false,,1292918000,883,896313000,920,1388317000,846,997921000,1031,831047000,994,1145868000,957,3,"Оптовая торговля, за исключением торговли автомобилями и мотоциклами",ЗАПАДНО-КАЗАХСТАНСКАЯ ОБЛАСТЬ,УРАЛЬСК Г.А.
448372,Неспециализированная оптовая торговля,false,,1292918000,883,896313000,920,1388317000,846,997921000,1031,831047000,994,1145868000,957,4,Неспециализированная оптовая торговля,ЗАПАДНО-КАЗАХСТАНСКАЯ ОБЛАСТЬ,УРАЛЬСК Г.А.
448376,Оптовая торговля широким ассортиментом товаров без какой-либо конкретизации,true,,1292918000,883,896313000,920,1388317000,846,997921000,1031,831047000,994,1145868000,957,5,Неспециализированная оптовая торговля,ЗАПАДНО-КАЗАХСТАНСКАЯ ОБЛАСТЬ,УРАЛЬСК Г.А.
448377,"Розничная торговля, кроме торговли автомобилями и мотоциклами",false,,2862736000,883,3963760000,920,2127220000,846,2410702000,1031,1082154000,994,2018641000,957,2,Оптовая и розничная торговля; ремонт автомобилей и мотоциклов,ЗАПАДНО-КАЗАХСТАНСКАЯ ОБЛАСТЬ,УРАЛЬСК Г.А.
448378,Розничная торговля в неспециализированных магазинах,false,,1785604000,883,2542945000,920,1435236000,846,1497622000,1031,527968000,994,1372112000,957,3,"Розничная торговля, кроме торговли автомобилями и мотоциклами",ЗАПАДНО-КАЗАХСТАНСКАЯ ОБЛАСТЬ,УРАЛЬСК Г.А.
448379,"Розничная торговля в неспециализированных магазинах преимущественно продуктами питания, напитками и табачными изделиями",false,,448193000,883,618360000,920,386686000,846,1310681000,1031,225833000,994,1191485000,957,4,Розничная торговля в неспециализированных магазинах,ЗАПАДНО-КАЗАХСТАНСКАЯ ОБЛАСТЬ,УРАЛЬСК Г.А.
3647934,"Розничная торговля преимущественно продуктами питания, напитками и табачными изделиями в неспециализированных магазинах, являющихся торговыми объектами, с торговой площадью менее 2000 кв.м ",true,,378193000,883,618360000,920,386686000,846,1260681000,1031,225833000,994,1191485000,957,5,"Розничная торговля в неспециализированных магазинах преимущественно продуктами питания, напитками и табачными изделиями",ЗАПАДНО-КАЗАХСТАНСКАЯ ОБЛАСТЬ,УРАЛЬСК Г.А.
3647935,"Розничная торговля преимущественно продуктами питания, напитками и табачными изделиями, в неспециализированных магазинах, являющихся торговыми объектами, с торговой площадью более 2000 кв.м (2000 кв.м и выше)",true,,70000000,883,,,,,50000000,1031,,,,,5,"Розничная торговля в неспециализированных магазинах преимущественно продуктами питания, напитками и табачными изделиями",ЗАПАДНО-КАЗАХСТАНСКАЯ ОБЛАСТЬ,УРАЛЬСК Г.А.
448381,Прочая розничная торговля в неспециализированных магазинах,false,,1337411000,883,1924585000,920,1048550000,846,186941000,1031,302135000,994,180627000,957,4,Розничная торговля в неспециализированных магазинах,ЗАПАДНО-КАЗАХСТАНСКАЯ ОБЛАСТЬ,УРАЛЬСК Г.А.
3647936,"Прочая розничная торговля в неспециализированных магазинах, являющихся торговыми объектами, с торговой площадью менее 2000 кв.м ",true,,206517000,883,75947000,920,252502000,846,,,26284000,994,73650000,957,5,Прочая розничная торговля в неспециализированных магазинах,ЗАПАДНО-КАЗАХСТАНСКАЯ ОБЛАСТЬ,УРАЛЬСК Г.А.
3647937,"Прочая розничная торговля в неспециализированных магазинах, являющихся торговыми объектами, с торговой площадью более 2000 кв.м (2000 кв.м и выше)",true,,x,883,x,920,796048000,846,186941000,1031,x,994,x,957,5,Прочая розничная торговля в неспециализированных магазинах,ЗАПАДНО-КАЗАХСТАНСКАЯ ОБЛАСТЬ,УРАЛЬСК Г.А.
448383,"Розничная торговля продуктами питания, напитками и табачными изделиями в специализированных магазинах",false,,,,,,,,x,1031,,,,,3,"Розничная торговля, кроме торговли автомобилями и мотоциклами",ЗАПАДНО-КАЗАХСТАНСКАЯ ОБЛАСТЬ,УРАЛЬСК Г.А.
448397,Прочая розничная торговля продуктами питания в специализированных магазинах,false,,,,,,,,x,1031,,,,,4,"Розничная торговля продуктами питания, напитками и табачными изделиями в специализированных магазинах",ЗАПАДНО-КАЗАХСТАНСКАЯ ОБЛАСТЬ,УРАЛЬСК Г.А.
3647950,"Прочая розничная торговля продуктами питания в специализированных магазинах, являющихся торговыми объектами, с торговой площадью менее 2000 кв.м",true,,,,,,,,x,1031,,,,,5,Прочая розничная торговля продуктами питания в специализированных магазинах,ЗАПАДНО-КАЗАХСТАНСКАЯ ОБЛАСТЬ,УРАЛЬСК Г.А.
448399,Розничная торговля топливом в специализированных магазинах,false,,1042539000,883,1251354000,920,646583000,846,610812000,1031,495236000,994,596943000,957,3,"Розничная торговля, кроме торговли автомобилями и мотоциклами",ЗАПАДНО-КАЗАХСТАНСКАЯ ОБЛАСТЬ,УРАЛЬСК Г.А.
448400,Розничная торговля топливом в специализированных магазинах,false,,1042539000,883,1251354000,920,646583000,846,610812000,1031,495236000,994,596943000,957,4,Розничная торговля топливом в специализированных магазинах,ЗАПАДНО-КАЗАХСТАНСКАЯ ОБЛАСТЬ,УРАЛЬСК Г.А.
20576124,"Розничная торговля моторным топливом в специализированных магазинах, за исключением находящихся на придорожной полосе",true,,920728000,883,1239901000,920,,,610812000,1031,443773000,994,571611000,957,5,Розничная торговля топливом в специализированных магазинах,ЗАПАДНО-КАЗАХСТАНСКАЯ ОБЛАСТЬ,УРАЛЬСК Г.А.
18951442,Розничная торговля моторным топливом в специализированных магазинах,true,,,,,,547467000,846,,,,,,,5,Розничная торговля топливом в специализированных магазинах,ЗАПАДНО-КАЗАХСТАНСКАЯ ОБЛАСТЬ,УРАЛЬСК Г.А.
18951443,Розничная торговля смазочными материалами в специализированных магазинах,true,,,,11453000,920,99116000,846,,,51463000,994,25332000,957,5,Розничная торговля топливом в специализированных магазинах,ЗАПАДНО-КАЗАХСТАНСКАЯ ОБЛАСТЬ,УРАЛЬСК Г.А.
20576126,"Розничная торговля моторным топливом в специализированных магазинах, находящихся на придорожной полосе",true,,121811000,883,,,,,,,,,,,5,Розничная торговля топливом в специализированных магазинах,ЗАПАДНО-КАЗАХСТАНСКАЯ ОБЛАСТЬ,УРАЛЬСК Г.А.
448402,Розничная торговля компьютерами и коммуникационным оборудованием в специализированных магазинах,false,,x,883,x,920,545000,846,,,,,x,957,3,"Розничная торговля, кроме торговли автомобилями и мотоциклами",ЗАПАДНО-КАЗАХСТАНСКАЯ ОБЛАСТЬ,УРАЛЬСК Г.А.
448403,"Розничная торговля компьютерами, периферийным оборудованием и программным обеспечением в специализированных магазинах",false,,x,883,x,920,545000,846,,,,,x,957,4,Розничная торговля компьютерами и коммуникационным оборудованием в специализированных магазинах,ЗАПАДНО-КАЗАХСТАНСКАЯ ОБЛАСТЬ,УРАЛЬСК Г.А.
3647952,"Розничная торговля компьютерами, периферийным оборудованием и программным обеспечением в специализированных магазинах, являющихся торговыми объектами, с торговой площадью менее 2000 кв.м",true,,x,883,x,920,545000,846,,,,,x,957,5,"Розничная торговля компьютерами, периферийным оборудованием и программным обеспечением в специализированных магазинах",ЗАПАДНО-КАЗАХСТАНСКАЯ ОБЛАСТЬ,УРАЛЬСК Г.А.
448409,Розничная торговля прочими бытовыми товарами в специализированных магазинах ,false,,19372000,883,18163000,920,24859000,846,157746000,1031,19683000,994,7920000,957,3,"Розничная торговля, кроме торговли автомобилями и мотоциклами",ЗАПАДНО-КАЗАХСТАНСКАЯ ОБЛАСТЬ,УРАЛЬСК Г.А.
448412,"Розничная торговля скобяными изделиями, лакокрасочными материалами и стеклом в специализированных магазинах",false,,16470000,883,x,920,20778000,846,x,1031,x,994,x,957,4,Розничная торговля прочими бытовыми товарами в специализированных магазинах ,ЗАПАДНО-КАЗАХСТАНСКАЯ ОБЛАСТЬ,УРАЛЬСК Г.А.
18946140,"Розничная торговля скобяными изделиями, лакокрасочными материалами и стеклом в специализированных магазинах, являющихся торговыми объектами, с торговой площадью менее 2000 кв.м",true,,x,883,x,920,20778000,846,x,1031,x,994,x,957,5,"Розничная торговля скобяными изделиями, лакокрасочными материалами и стеклом в специализированных магазинах",ЗАПАДНО-КАЗАХСТАНСКАЯ ОБЛАСТЬ,УРАЛЬСК Г.А.
18946141,"Розничная торговля скобяными изделиями, лакокрасочными материалами и стеклом в специализированных магазинах, являющихся  торговыми объектами, с торговой площадью более 2000 кв.м (2000 кв.м и выше)",true,,x,883,,,,,,,,,,,5,"Розничная торговля скобяными изделиями, лакокрасочными материалами и стеклом в специализированных магазинах",ЗАПАДНО-КАЗАХСТАНСКАЯ ОБЛАСТЬ,УРАЛЬСК Г.А.
448414,"Розничная торговля коврами, ковровыми изделиями, настенными и напольными покрытиями в специализированных магазинах",false,,,,,,,,x,1031,,,,,4,Розничная торговля прочими бытовыми товарами в специализированных магазинах ,ЗАПАДНО-КАЗАХСТАНСКАЯ ОБЛАСТЬ,УРАЛЬСК Г.А.
3647960,"Розничная торговля коврами, ковровыми изделиями, настенными и напольными покрытиями в специализированных магазинах, являющихся торговыми объектами, с торговой площадью менее 2000 кв.м",true,,,,,,,,x,1031,,,,,5,"Розничная торговля коврами, ковровыми изделиями, настенными и напольными покрытиями в специализированных магазинах",ЗАПАДНО-КАЗАХСТАНСКАЯ ОБЛАСТЬ,УРАЛЬСК Г.А.
448416,Розничная торговля электрическими бытовыми приборами в специализированных магазинах,false,,x,883,x,920,x,846,348000,1031,733000,994,6290000,957,4,Розничная торговля прочими бытовыми товарами в специализированных магазинах ,ЗАПАДНО-КАЗАХСТАНСКАЯ ОБЛАСТЬ,УРАЛЬСК Г.А.
3647962,"Розничная торговля электрическими бытовыми приборами в специализированных магазинах, являющихся торговыми объектами, с торговой площадью менее 2000 кв.м",true,,x,883,x,920,x,846,348000,1031,733000,994,6290000,957,5,Розничная торговля электрическими бытовыми приборами в специализированных магазинах,ЗАПАДНО-КАЗАХСТАНСКАЯ ОБЛАСТЬ,УРАЛЬСК Г.А.
448418,"Розничная торговля мебелью, осветительным оборудованием и прочими бытовыми товарами в специализированных магазинах",false,,,,,,,,,,,,x,957,4,Розничная торговля прочими бытовыми товарами в специализированных магазинах ,ЗАПАДНО-КАЗАХСТАНСКАЯ ОБЛАСТЬ,УРАЛЬСК Г.А.
448419,"Розничная торговля мебелью в специализированных магазинах, являющихся торговыми объектами, с торговой площадью менее 2000 кв.м",true,,,,,,,,,,,,x,957,5,"Розничная торговля мебелью, осветительным оборудованием и прочими бытовыми товарами в специализированных магазинах",ЗАПАДНО-КАЗАХСТАНСКАЯ ОБЛАСТЬ,УРАЛЬСК Г.А.
448422,Розничная торговля товарами культурно-развлекательного характера в специализированных магазинах,false,,,,,,x,846,,,,,,,3,"Розничная торговля, кроме торговли автомобилями и мотоциклами",ЗАПАДНО-КАЗАХСТАНСКАЯ ОБЛАСТЬ,УРАЛЬСК Г.А.
448423,Розничная торговля книгами в специализированных магазинах,false,,,,,,x,846,,,,,,,4,Розничная торговля товарами культурно-развлекательного характера в специализированных магазинах,ЗАПАДНО-КАЗАХСТАНСКАЯ ОБЛАСТЬ,УРАЛЬСК Г.А.
3647967,"Розничная торговля книгами в специализированных магазинах, являющихся торговыми объектами, с торговой площадью менее 2000 кв.м",true,,,,,,x,846,,,,,,,5,Розничная торговля книгами в специализированных магазинах,ЗАПАДНО-КАЗАХСТАНСКАЯ ОБЛАСТЬ,УРАЛЬСК Г.А.
448433,Розничная торговля прочими товарами в специализированных магазинах,false,,14868000,883,20050000,920,15411000,846,103905000,1031,39267000,994,37258000,957,3,"Розничная торговля, кроме торговли автомобилями и мотоциклами",ЗАПАДНО-КАЗАХСТАНСКАЯ ОБЛАСТЬ,УРАЛЬСК Г.А.
448434,Розничная торговля одеждой в специализированных магазинах,false,,x,883,,,x,846,,,,,,,4,Розничная торговля прочими товарами в специализированных магазинах,ЗАПАДНО-КАЗАХСТАНСКАЯ ОБЛАСТЬ,УРАЛЬСК Г.А.
448436,"Розничная торговля одеждой, кроме трикотажных и чулочно-носочных изделий, в специализированных магазинах, являющихся торговыми объектами, с торговой площадью менее 2000 кв.м",true,,x,883,,,x,846,,,,,,,5,Розничная торговля одеждой в специализированных магазинах,ЗАПАДНО-КАЗАХСТАНСКАЯ ОБЛАСТЬ,УРАЛЬСК Г.А.
448437,Розничная торговля обувью и кожаными изделиями в специализированных магазинах,false,,,,x,920,,,381000,1031,7914000,994,5399000,957,4,Розничная торговля прочими товарами в специализированных магазинах,ЗАПАДНО-КАЗАХСТАНСКАЯ ОБЛАСТЬ,УРАЛЬСК Г.А.
448438,"Розничная торговля обувью в специализированных магазинах, являющихся торговыми объектами, с торговой площадью менее 2000 кв.м",true,,,,x,920,,,381000,1031,7914000,994,5399000,957,5,Розничная торговля обувью и кожаными изделиями в специализированных магазинах,ЗАПАДНО-КАЗАХСТАНСКАЯ ОБЛАСТЬ,УРАЛЬСК Г.А.
448440,Розничная торговля фармацевтическими товарами в специализированных магазинах,false,,13527000,883,x,920,x,846,85830000,1031,29148000,994,29485000,957,4,Розничная торговля прочими товарами в специализированных магазинах,ЗАПАДНО-КАЗАХСТАНСКАЯ ОБЛАСТЬ,УРАЛЬСК Г.А.
3647981,"Розничная торговля фармацевтическими товарами в специализированных магазинах, являющихся торговыми объектами, с торговой площадью менее 2000 кв.м",true,,13527000,883,x,920,x,846,85830000,1031,29148000,994,29485000,957,5,Розничная торговля фармацевтическими товарами в специализированных магазинах,ЗАПАДНО-КАЗАХСТАНСКАЯ ОБЛАСТЬ,УРАЛЬСК Г.А.
448446,"Розничная торговля цветами, комнатными растениями, семенами, удобрениями, домашними животными и кормами для домашних животных в специализированных магазинах",false,,,,,,,,x,1031,,,,,4,Розничная торговля прочими товарами в специализированных магазинах,ЗАПАДНО-КАЗАХСТАНСКАЯ ОБЛАСТЬ,УРАЛЬСК Г.А.
448447,"Розничная торговля цветами в специализированных магазинах, являющихся торговыми объектами, с торговой площадью менее 2000 кв.м",true,,,,,,,,x,1031,,,,,5,"Розничная торговля цветами, комнатными растениями, семенами, удобрениями, домашними животными и кормами для домашних животных в специализированных магазинах",ЗАПАДНО-КАЗАХСТАНСКАЯ ОБЛАСТЬ,УРАЛЬСК Г.А.
448452,Прочая розничная торговля новыми товарами в специализированных магазинах,false,,,,x,920,8955000,846,16944000,1031,2205000,994,x,957,4,Розничная торговля прочими товарами в специализированных магазинах,ЗАПАДНО-КАЗАХСТАНСКАЯ ОБЛАСТЬ,УРАЛЬСК Г.А.
448455,"Прочая розничная торговля в специализированных магазинах, являющихся торговыми объектами, с торговой площадью менее 2000 кв.м",true,,,,x,920,8955000,846,16944000,1031,2205000,994,x,957,5,Прочая розничная торговля новыми товарами в специализированных магазинах,ЗАПАДНО-КАЗАХСТАНСКАЯ ОБЛАСТЬ,УРАЛЬСК Г.А.
448468,"Розничная торговля вне магазинов, палаток, киосков или рынков",false,,,,x,920,x,846,,,,,,,3,"Розничная торговля, кроме торговли автомобилями и мотоциклами",ЗАПАДНО-КАЗАХСТАНСКАЯ ОБЛАСТЬ,УРАЛЬСК Г.А.
448469,Розничная торговля путем заказа товаров по почте или через сеть Интернет,false,,,,x,920,,,,,,,,,4,"Розничная торговля вне магазинов, палаток, киосков или рынков",ЗАПАДНО-КАЗАХСТАНСКАЯ ОБЛАСТЬ,УРАЛЬСК Г.А.
448470,Розничная торговля путем заказа товаров по почте или через сеть Интернет,true,,,,x,920,,,,,,,,,5,Розничная торговля путем заказа товаров по почте или через сеть Интернет,ЗАПАДНО-КАЗАХСТАНСКАЯ ОБЛАСТЬ,УРАЛЬСК Г.А.
448471,"Прочая розничная торговля вне магазинов, палаток, киосков или рынков",false,,,,,,x,846,,,,,,,4,"Розничная торговля вне магазинов, палаток, киосков или рынков",ЗАПАДНО-КАЗАХСТАНСКАЯ ОБЛАСТЬ,УРАЛЬСК Г.А.
448474,Прочая розничная торговля вне магазинов,true,,,,,,x,846,,,,,,,5,"Прочая розничная торговля вне магазинов, палаток, киосков или рынков",ЗАПАДНО-КАЗАХСТАНСКАЯ ОБЛАСТЬ,УРАЛЬСК Г.А.
448475,Транспорт и складирование,false,,24119153000,883,19033905000,920,9379195000,846,8147511000,1031,15091286000,994,25015794000,957,1,Всего,ЗАПАДНО-КАЗАХСТАНСКАЯ ОБЛАСТЬ,УРАЛЬСК Г.А.
448476,Деятельность сухопутного и трубопроводного транспорта ,false,,1731540000,883,7957710000,920,5785680000,846,1872412000,1031,4001719000,994,20581011000,957,2,Транспорт и складирование,ЗАПАДНО-КАЗАХСТАНСКАЯ ОБЛАСТЬ,УРАЛЬСК Г.А.
448480,Деятельность грузового железнодорожного транспорта,false,,x,883,,,4690200000,846,,,,,,,3,Деятельность сухопутного и трубопроводного транспорта ,ЗАПАДНО-КАЗАХСТАНСКАЯ ОБЛАСТЬ,УРАЛЬСК Г.А.
448481,Деятельность грузового железнодорожного транспорта,false,,x,883,,,4690200000,846,,,,,,,4,Деятельность грузового железнодорожного транспорта,ЗАПАДНО-КАЗАХСТАНСКАЯ ОБЛАСТЬ,УРАЛЬСК Г.А.
448482,Деятельность грузового железнодорожного транспорта,true,,x,883,,,4690200000,846,,,,,,,5,Деятельность грузового железнодорожного транспорта,ЗАПАДНО-КАЗАХСТАНСКАЯ ОБЛАСТЬ,УРАЛЬСК Г.А.
448483,Деятельность прочего пассажирского сухопутного транспорта,false,,,,1632077000,920,158191000,846,777695000,1031,684111000,994,x,957,3,Деятельность сухопутного и трубопроводного транспорта ,ЗАПАДНО-КАЗАХСТАНСКАЯ ОБЛАСТЬ,УРАЛЬСК Г.А.
448484,Деятельность сухопутного транспорта по городским и пригородным пассажирским перевозкам,false,,,,1632077000,920,158191000,846,777695000,1031,684111000,994,x,957,4,Деятельность прочего пассажирского сухопутного транспорта,ЗАПАДНО-КАЗАХСТАНСКАЯ ОБЛАСТЬ,УРАЛЬСК Г.А.
448485,Перевозки автобусами,true,,,,1632077000,920,158191000,846,777695000,1031,684111000,994,x,957,5,Деятельность сухопутного транспорта по городским и пригородным пассажирским перевозкам,ЗАПАДНО-КАЗАХСТАНСКАЯ ОБЛАСТЬ,УРАЛЬСК Г.А.
448494,Деятельность грузового автомобильного транспорта и предоставление услуг по переезду ,false,,439435000,883,1876221000,920,917999000,846,643060000,1031,2482252000,994,3929466000,957,3,Деятельность сухопутного и трубопроводного транспорта ,ЗАПАДНО-КАЗАХСТАНСКАЯ ОБЛАСТЬ,УРАЛЬСК Г.А.
448495,Деятельность грузового автомобильного транспорта,false,,439435000,883,1876221000,920,917999000,846,643060000,1031,2469252000,994,3929466000,957,4,Деятельность грузового автомобильного транспорта и предоставление услуг по переезду ,ЗАПАДНО-КАЗАХСТАНСКАЯ ОБЛАСТЬ,УРАЛЬСК Г.А.
448496,Деятельность грузового автомобильного транспорта,true,,439435000,883,1876221000,920,917999000,846,643060000,1031,2469252000,994,3929466000,957,5,Деятельность грузового автомобильного транспорта,ЗАПАДНО-КАЗАХСТАНСКАЯ ОБЛАСТЬ,УРАЛЬСК Г.А.
448497,Предоставление услуг по переезду,false,,,,,,,,,,x,994,,,4,Деятельность грузового автомобильного транспорта и предоставление услуг по переезду ,ЗАПАДНО-КАЗАХСТАНСКАЯ ОБЛАСТЬ,УРАЛЬСК Г.А.
448498,Предоставление услуг по переезду,true,,,,,,,,,,x,994,,,5,Предоставление услуг по переезду,ЗАПАДНО-КАЗАХСТАНСКАЯ ОБЛАСТЬ,УРАЛЬСК Г.А.
448499,Деятельность трубопроводного транспорта,false,,504176000,883,4449412000,920,19290000,846,x,1031,835356000,994,x,957,3,Деятельность сухопутного и трубопроводного транспорта ,ЗАПАДНО-КАЗАХСТАНСКАЯ ОБЛАСТЬ,УРАЛЬСК Г.А.
448500,Деятельность трубопроводного транспорта,false,,504176000,883,4449412000,920,19290000,846,x,1031,835356000,994,x,957,4,Деятельность трубопроводного транспорта,ЗАПАДНО-КАЗАХСТАНСКАЯ ОБЛАСТЬ,УРАЛЬСК Г.А.
448501,Деятельность трубопроводного транспорта,true,,504176000,883,4449412000,920,19290000,846,x,1031,835356000,994,x,957,5,Деятельность трубопроводного транспорта,ЗАПАДНО-КАЗАХСТАНСКАЯ ОБЛАСТЬ,УРАЛЬСК Г.А.
448502,Деятельность водного транспорта,false,,,,,,x,846,,,,,,,2,Транспорт и складирование,ЗАПАДНО-КАЗАХСТАНСКАЯ ОБЛАСТЬ,УРАЛЬСК Г.А.
448509,Деятельность речного пассажирского транспорта,false,,,,,,x,846,,,,,,,3,Деятельность водного транспорта,ЗАПАДНО-КАЗАХСТАНСКАЯ ОБЛАСТЬ,УРАЛЬСК Г.А.
448510,Деятельность речного пассажирского транспорта,false,,,,,,x,846,,,,,,,4,Деятельность речного пассажирского транспорта,ЗАПАДНО-КАЗАХСТАНСКАЯ ОБЛАСТЬ,УРАЛЬСК Г.А.
448511,Деятельность речного пассажирского транспорта,true,,,,,,x,846,,,,,,,5,Деятельность речного пассажирского транспорта,ЗАПАДНО-КАЗАХСТАНСКАЯ ОБЛАСТЬ,УРАЛЬСК Г.А.
448527,Складирование грузов и вспомогательная транспортная деятельность,false,,22362231000,883,10976763000,920,3378940000,846,6087946000,1031,11007126000,994,4389263000,957,2,Транспорт и складирование,ЗАПАДНО-КАЗАХСТАНСКАЯ ОБЛАСТЬ,УРАЛЬСК Г.А.
448528,Складирование и хранение грузов,false,,673893000,883,144517000,920,428273000,846,958696000,1031,1297182000,994,368458000,957,3,Складирование грузов и вспомогательная транспортная деятельность,ЗАПАДНО-КАЗАХСТАНСКАЯ ОБЛАСТЬ,УРАЛЬСК Г.А.
448529,Складирование и хранение грузов,false,,673893000,883,144517000,920,428273000,846,958696000,1031,1297182000,994,368458000,957,4,Складирование и хранение грузов,ЗАПАДНО-КАЗАХСТАНСКАЯ ОБЛАСТЬ,УРАЛЬСК Г.А.
448530,Складирование и хранение зерна,true,,,,,,,,,,x,994,x,957,5,Складирование и хранение грузов,ЗАПАДНО-КАЗАХСТАНСКАЯ ОБЛАСТЬ,УРАЛЬСК Г.А.
448531,"Складирование и хранение непродовольственных товаров, кроме зерна и нефти",true,,305088000,883,x,920,395614000,846,,,733902000,994,334664000,957,5,Складирование и хранение грузов,ЗАПАДНО-КАЗАХСТАНСКАЯ ОБЛАСТЬ,УРАЛЬСК Г.А.
20576307,"Складирование и хранение продовольственных товаров, кроме овощей и фруктов",true,,365805000,883,24000000,920,,,468445000,1031,540100000,994,8000000,957,5,Складирование и хранение грузов,ЗАПАДНО-КАЗАХСТАНСКАЯ ОБЛАСТЬ,УРАЛЬСК Г.А.
448532,Складирование и хранение продовольственных товаров,true,,,,,,32659000,846,,,,,,,5,Складирование и хранение грузов,ЗАПАДНО-КАЗАХСТАНСКАЯ ОБЛАСТЬ,УРАЛЬСК Г.А.
20576308,Хранение нефти,true,,,,,,,,x,1031,x,994,x,957,5,Складирование и хранение грузов,ЗАПАДНО-КАЗАХСТАНСКАЯ ОБЛАСТЬ,УРАЛЬСК Г.А.
20576309,Складирование и хранение овощей и фруктов,true,,3000000,883,,,,,4000000,1031,,,,,5,Складирование и хранение грузов,ЗАПАДНО-КАЗАХСТАНСКАЯ ОБЛАСТЬ,УРАЛЬСК Г.А.
448533,Вспомогательная транспортная деятельность,false,,21688338000,883,10832246000,920,2950667000,846,5129250000,1031,9709944000,994,4020805000,957,3,Складирование грузов и вспомогательная транспортная деятельность,ЗАПАДНО-КАЗАХСТАНСКАЯ ОБЛАСТЬ,УРАЛЬСК Г.А.
448534,Вспомогательная деятельность сухопутного транспорта,false,,21486203000,883,5557602000,920,2325693000,846,5126068000,1031,9708774000,994,3299421000,957,4,Вспомогательная транспортная деятельность,ЗАПАДНО-КАЗАХСТАНСКАЯ ОБЛАСТЬ,УРАЛЬСК Г.А.
448535,Эксплуатация железных дорог,true,,36336000,883,3215947000,920,217183000,846,x,1031,x,994,x,957,5,Вспомогательная деятельность сухопутного транспорта,ЗАПАДНО-КАЗАХСТАНСКАЯ ОБЛАСТЬ,УРАЛЬСК Г.А.
448536,Эксплуатация автомобильных дорог,true,,21449867000,883,2299784000,920,2008069000,846,4220288000,1031,8832015000,994,x,957,5,Вспомогательная деятельность сухопутного транспорта,ЗАПАДНО-КАЗАХСТАНСКАЯ ОБЛАСТЬ,УРАЛЬСК Г.А.
448538,Деятельность автомобильных стоянок,true,,,,41871000,920,100441000,846,,,,,,,5,Вспомогательная деятельность сухопутного транспорта,ЗАПАДНО-КАЗАХСТАНСКАЯ ОБЛАСТЬ,УРАЛЬСК Г.А.
448540,Вспомогательная деятельность водного транспорта,false,,,,,,,,,,,,x,957,4,Вспомогательная транспортная деятельность,ЗАПАДНО-КАЗАХСТАНСКАЯ ОБЛАСТЬ,УРАЛЬСК Г.А.
448541,Вспомогательная деятельность водного транспорта,true,,,,,,,,,,,,x,957,5,Вспомогательная деятельность водного транспорта,ЗАПАДНО-КАЗАХСТАНСКАЯ ОБЛАСТЬ,УРАЛЬСК Г.А.
448542,Вспомогательная деятельность воздушного транспорта,false,,x,883,x,920,x,846,,,,,x,957,4,Вспомогательная транспортная деятельность,ЗАПАДНО-КАЗАХСТАНСКАЯ ОБЛАСТЬ,УРАЛЬСК Г.А.
448544,"Прочая деятельность, относящаяся к пассажирским и грузовым перевозкам воздушным транспортом",true,,x,883,x,920,x,846,,,,,x,957,5,Вспомогательная деятельность воздушного транспорта,ЗАПАДНО-КАЗАХСТАНСКАЯ ОБЛАСТЬ,УРАЛЬСК Г.А.
448547,Прочая вспомогательная транспортная деятельность,false,,84362000,883,16203000,920,18521000,846,3182000,1031,1170000,994,x,957,4,Вспомогательная транспортная деятельность,ЗАПАДНО-КАЗАХСТАНСКАЯ ОБЛАСТЬ,УРАЛЬСК Г.А.
448548,Транспортно-экспедиционные  услуги,true,,84362000,883,16040000,920,1668000,846,2270000,1031,,,,,5,Прочая вспомогательная транспортная деятельность,ЗАПАДНО-КАЗАХСТАНСКАЯ ОБЛАСТЬ,УРАЛЬСК Г.А.
448550,Прочая транспортно-экспедиционная деятельность,true,,,,x,920,16853000,846,912000,1031,1170000,994,x,957,5,Прочая вспомогательная транспортная деятельность,ЗАПАДНО-КАЗАХСТАНСКАЯ ОБЛАСТЬ,УРАЛЬСК Г.А.
448551,Почтовая и курьерская деятельность,false,,x,883,x,920,x,846,x,1031,82441000,994,x,957,2,Транспорт и складирование,ЗАПАДНО-КАЗАХСТАНСКАЯ ОБЛАСТЬ,УРАЛЬСК Г.А.
448552,Почтовая деятельность в рамках предоставления услуг общего пользования,false,,x,883,x,920,x,846,x,1031,82441000,994,x,957,3,Почтовая и курьерская деятельность,ЗАПАДНО-КАЗАХСТАНСКАЯ ОБЛАСТЬ,УРАЛЬСК Г.А.
448553,Почтовая деятельность в рамках предоставления услуг общего пользования,false,,x,883,x,920,x,846,x,1031,82441000,994,x,957,4,Почтовая деятельность в рамках предоставления услуг общего пользования,ЗАПАДНО-КАЗАХСТАНСКАЯ ОБЛАСТЬ,УРАЛЬСК Г.А.
448554,Почтовая деятельность в рамках предоставления услуг общего пользования,true,,x,883,x,920,x,846,x,1031,82441000,994,x,957,5,Почтовая деятельность в рамках предоставления услуг общего пользования,ЗАПАДНО-КАЗАХСТАНСКАЯ ОБЛАСТЬ,УРАЛЬСК Г.А.
448558,Предоставление услуг по проживанию и питанию,false,,643279000,883,247593000,920,1168979000,846,2445549000,1031,4064929000,994,741974000,957,1,Всего,ЗАПАДНО-КАЗАХСТАНСКАЯ ОБЛАСТЬ,УРАЛЬСК Г.А.
3783427,Предоставление услуг по временному проживанию,false,,449923000,883,221273000,920,148636000,846,1564592000,1031,3051869000,994,73041000,957,2,Предоставление услуг по проживанию и питанию,ЗАПАДНО-КАЗАХСТАНСКАЯ ОБЛАСТЬ,УРАЛЬСК Г.А.
3783428,Предоставление услуг гостиницами и аналогичными местами для проживания,false,,446771000,883,54273000,920,108466000,846,1564592000,1031,915290000,994,73041000,957,3,Предоставление услуг по временному проживанию,ЗАПАДНО-КАЗАХСТАНСКАЯ ОБЛАСТЬ,УРАЛЬСК Г.А.
3783429,Предоставление услуг гостиницами и аналогичными местами для проживания,false,,446771000,883,54273000,920,108466000,846,1564592000,1031,915290000,994,73041000,957,4,Предоставление услуг гостиницами и аналогичными местами для проживания,ЗАПАДНО-КАЗАХСТАНСКАЯ ОБЛАСТЬ,УРАЛЬСК Г.А.
3783430,"Предоставление услуг гостиницами с ресторанами, за исключением гостиниц, находящихся на придорожной полосе",true,,417304000,883,,,72100000,846,1040654000,1031,x,994,,,5,Предоставление услуг гостиницами и аналогичными местами для проживания,ЗАПАДНО-КАЗАХСТАНСКАЯ ОБЛАСТЬ,УРАЛЬСК Г.А.
3783431,"Предоставление услуг гостиницами без ресторанов, за исключением гостиниц, находящихся на придорожной полосе",true,,29467000,883,54273000,920,36366000,846,523938000,1031,10381000,994,73041000,957,5,Предоставление услуг гостиницами и аналогичными местами для проживания,ЗАПАДНО-КАЗАХСТАНСКАЯ ОБЛАСТЬ,УРАЛЬСК Г.А.
18946144,Предоставление гостиничных услуг с ресторанами для официальных мероприятий,true,,,,,,,,,,50000000,994,,,5,Предоставление услуг гостиницами и аналогичными местами для проживания,ЗАПАДНО-КАЗАХСТАНСКАЯ ОБЛАСТЬ,УРАЛЬСК Г.А.
3783435,"Предоставление услуг кемпингами, стоянками для автофургонов и автоприцепов для жилья ",false,,,,167000000,920,,,,,,,,,3,Предоставление услуг по временному проживанию,ЗАПАДНО-КАЗАХСТАНСКАЯ ОБЛАСТЬ,УРАЛЬСК Г.А.
3783436,"Предоставление услуг кемпингами, стоянками для автофургонов и автоприцепов для жилья ",false,,,,167000000,920,,,,,,,,,4,"Предоставление услуг кемпингами, стоянками для автофургонов и автоприцепов для жилья ",ЗАПАДНО-КАЗАХСТАНСКАЯ ОБЛАСТЬ,УРАЛЬСК Г.А.
20576352,"Предоставление услуг кемпингами, стоянками для автофургонов и автоприцепов для жилья, находящимися на придорожной полосе",true,,,,167000000,920,,,,,,,,,5,"Предоставление услуг кемпингами, стоянками для автофургонов и автоприцепов для жилья ",ЗАПАДНО-КАЗАХСТАНСКАЯ ОБЛАСТЬ,УРАЛЬСК Г.А.
3783441,Предоставление услуг прочими местами для проживания,false,,3152000,883,,,40170000,846,,,2136579000,994,,,3,Предоставление услуг по временному проживанию,ЗАПАДНО-КАЗАХСТАНСКАЯ ОБЛАСТЬ,УРАЛЬСК Г.А.
3783442,Предоставление услуг прочими местами для проживания,false,,3152000,883,,,40170000,846,,,2136579000,994,,,4,Предоставление услуг прочими местами для проживания,ЗАПАДНО-КАЗАХСТАНСКАЯ ОБЛАСТЬ,УРАЛЬСК Г.А.
3783443,Услуги в других видах жилья,true,,,,,,40170000,846,,,,,,,5,Предоставление услуг прочими местами для проживания,ЗАПАДНО-КАЗАХСТАНСКАЯ ОБЛАСТЬ,УРАЛЬСК Г.А.
20576355,Предоставление услуг общежитиями при школах-интернатах,true,,3152000,883,,,,,,,,,,,5,Предоставление услуг прочими местами для проживания,ЗАПАДНО-КАЗАХСТАНСКАЯ ОБЛАСТЬ,УРАЛЬСК Г.А.
20576356,Предоставление услуг студенческими общежитиями ,true,,,,,,,,,,2136579000,994,,,5,Предоставление услуг прочими местами для проживания,ЗАПАДНО-КАЗАХСТАНСКАЯ ОБЛАСТЬ,УРАЛЬСК Г.А.
448573,Предоставление услуг по обеспечению питанием и напитками,false,,193356000,883,26320000,920,1020343000,846,880957000,1031,1013060000,994,668933000,957,2,Предоставление услуг по проживанию и питанию,ЗАПАДНО-КАЗАХСТАНСКАЯ ОБЛАСТЬ,УРАЛЬСК Г.А.
448574,Деятельность ресторанов и предоставление услуг по доставке продуктов питания,false,,193356000,883,9500000,920,1006888000,846,880250000,1031,1013060000,994,665000000,957,3,Предоставление услуг по обеспечению питанием и напитками,ЗАПАДНО-КАЗАХСТАНСКАЯ ОБЛАСТЬ,УРАЛЬСК Г.А.
448575,Деятельность ресторанов и предоставление услуг по доставке продуктов питания,false,,193356000,883,9500000,920,1006888000,846,880250000,1031,1013060000,994,665000000,957,4,Деятельность ресторанов и предоставление услуг по доставке продуктов питания,ЗАПАДНО-КАЗАХСТАНСКАЯ ОБЛАСТЬ,УРАЛЬСК Г.А.
448576,Рестораны и услуги по доставке продуктов питания,true,,,,,,1006888000,846,,,,,,,5,Деятельность ресторанов и предоставление услуг по доставке продуктов питания,ЗАПАДНО-КАЗАХСТАНСКАЯ ОБЛАСТЬ,УРАЛЬСК Г.А.
20576362,"Деятельность ресторанов и предоставление услуг по доставке продуктов питания, за исключением деятельности объектов, находящихся на придорожной полосе",true,,193356000,883,9500000,920,,,880250000,1031,1013060000,994,665000000,957,5,Деятельность ресторанов и предоставление услуг по доставке продуктов питания,ЗАПАДНО-КАЗАХСТАНСКАЯ ОБЛАСТЬ,УРАЛЬСК Г.А.
448577,Доставка готовой пищи на заказ и прочая деятельность по обеспечению питанием,false,,,,,,,,x,1031,,,x,957,3,Предоставление услуг по обеспечению питанием и напитками,ЗАПАДНО-КАЗАХСТАНСКАЯ ОБЛАСТЬ,УРАЛЬСК Г.А.
448580,Прочая деятельность по обеспечению питанием,false,,,,,,,,x,1031,,,x,957,4,Доставка готовой пищи на заказ и прочая деятельность по обеспечению питанием,ЗАПАДНО-КАЗАХСТАНСКАЯ ОБЛАСТЬ,УРАЛЬСК Г.А.
18951446,"Прочая деятельность по обеспечению питанием, не включенная в другие группировки",true,,,,,,,,x,1031,,,x,957,5,Прочая деятельность по обеспечению питанием,ЗАПАДНО-КАЗАХСТАНСКАЯ ОБЛАСТЬ,УРАЛЬСК Г.А.
448582,Подача напитков,false,,,,x,920,x,846,,,,,x,957,3,Предоставление услуг по обеспечению питанием и напитками,ЗАПАДНО-КАЗАХСТАНСКАЯ ОБЛАСТЬ,УРАЛЬСК Г.А.
448583,Подача напитков,false,,,,x,920,x,846,,,,,x,957,4,Подача напитков,ЗАПАДНО-КАЗАХСТАНСКАЯ ОБЛАСТЬ,УРАЛЬСК Г.А.
448584,Подача напитков,true,,,,x,920,x,846,,,,,x,957,5,Подача напитков,ЗАПАДНО-КАЗАХСТАНСКАЯ ОБЛАСТЬ,УРАЛЬСК Г.А.
448585,Информация и связь,false,,1915860000,883,1110278000,920,819973000,846,7234226000,1031,2439287000,994,1454596000,957,1,Всего,ЗАПАДНО-КАЗАХСТАНСКАЯ ОБЛАСТЬ,УРАЛЬСК Г.А.
448586,Издательская деятельность,false,,10161000,883,x,920,12774000,846,,,,,x,957,2,Информация и связь,ЗАПАДНО-КАЗАХСТАНСКАЯ ОБЛАСТЬ,УРАЛЬСК Г.А.
448587,"Издание книг, периодических публикаций и другие виды издательской деятельности",false,,10161000,883,x,920,12774000,846,,,,,x,957,3,Издательская деятельность,ЗАПАДНО-КАЗАХСТАНСКАЯ ОБЛАСТЬ,УРАЛЬСК Г.А.
448592,Издание газет,false,,10161000,883,x,920,12774000,846,,,,,x,957,4,"Издание книг, периодических публикаций и другие виды издательской деятельности",ЗАПАДНО-КАЗАХСТАНСКАЯ ОБЛАСТЬ,УРАЛЬСК Г.А.
448593,Издание газет,true,,10161000,883,x,920,12774000,846,,,,,x,957,5,Издание газет,ЗАПАДНО-КАЗАХСТАНСКАЯ ОБЛАСТЬ,УРАЛЬСК Г.А.
448616,Деятельность по созданию программ и телерадиовещание,false,,13675000,883,26585000,920,35039000,846,35739000,1031,58383000,994,16787000,957,2,Информация и связь,ЗАПАДНО-КАЗАХСТАНСКАЯ ОБЛАСТЬ,УРАЛЬСК Г.А.
448620,Деятельность по созданию и трансляции телевизионных программ,false,,13675000,883,26585000,920,35039000,846,35739000,1031,58383000,994,16787000,957,3,Деятельность по созданию программ и телерадиовещание,ЗАПАДНО-КАЗАХСТАНСКАЯ ОБЛАСТЬ,УРАЛЬСК Г.А.
448621,Деятельность по созданию и трансляции телевизионных программ,false,,13675000,883,26585000,920,35039000,846,35739000,1031,58383000,994,16787000,957,4,Деятельность по созданию и трансляции телевизионных программ,ЗАПАДНО-КАЗАХСТАНСКАЯ ОБЛАСТЬ,УРАЛЬСК Г.А.
448622,Деятельность по созданию и трансляции телевизионных программ,true,,13675000,883,26585000,920,35039000,846,35739000,1031,58383000,994,16787000,957,5,Деятельность по созданию и трансляции телевизионных программ,ЗАПАДНО-КАЗАХСТАНСКАЯ ОБЛАСТЬ,УРАЛЬСК Г.А.
448623,Телекоммуникации,false,,1867249000,883,1080742000,920,736816000,846,7156200000,1031,2214234000,994,1213352000,957,2,Информация и связь,ЗАПАДНО-КАЗАХСТАНСКАЯ ОБЛАСТЬ,УРАЛЬСК Г.А.
18696628,Проводная телекоммуникационная связь,false,,377131000,883,211312000,920,170904000,846,217614000,1031,32375000,994,x,957,3,Телекоммуникации,ЗАПАДНО-КАЗАХСТАНСКАЯ ОБЛАСТЬ,УРАЛЬСК Г.А.
18696629,Проводная телекоммуникационная связь,false,,377131000,883,211312000,920,170904000,846,217614000,1031,32375000,994,x,957,4,Проводная телекоммуникационная связь,ЗАПАДНО-КАЗАХСТАНСКАЯ ОБЛАСТЬ,УРАЛЬСК Г.А.
18946145,Проводная телекоммуникационная связь для государственных органов посредством единой транспортной среды,true,,,,,,,,128125000,1031,14827000,994,,,5,Проводная телекоммуникационная связь,ЗАПАДНО-КАЗАХСТАНСКАЯ ОБЛАСТЬ,УРАЛЬСК Г.А.
18946146,Прочая проводная телекоммуникационная связь,true,,377131000,883,211312000,920,170904000,846,89489000,1031,17548000,994,x,957,5,Проводная телекоммуникационная связь,ЗАПАДНО-КАЗАХСТАНСКАЯ ОБЛАСТЬ,УРАЛЬСК Г.А.
448627,Беспроводная телекоммуникационная связь,false,,1204718000,883,829217000,920,386184000,846,5713111000,1031,2017649000,994,937869000,957,3,Телекоммуникации,ЗАПАДНО-КАЗАХСТАНСКАЯ ОБЛАСТЬ,УРАЛЬСК Г.А.
448628,Беспроводная телекоммуникационная связь,false,,1204718000,883,829217000,920,386184000,846,5713111000,1031,2017649000,994,937869000,957,4,Беспроводная телекоммуникационная связь,ЗАПАДНО-КАЗАХСТАНСКАЯ ОБЛАСТЬ,УРАЛЬСК Г.А.
18946147,Беспроводная телекоммуникационная связь посредством единой транспортной среды,true,,31202000,883,x,920,,,x,1031,x,994,x,957,5,Беспроводная телекоммуникационная связь,ЗАПАДНО-КАЗАХСТАНСКАЯ ОБЛАСТЬ,УРАЛЬСК Г.А.
18946149,Прочая беспроводная телекоммуникационная связь,true,,1173516000,883,617978000,920,386184000,846,2331649000,1031,1443368000,994,389440000,957,5,Беспроводная телекоммуникационная связь,ЗАПАДНО-КАЗАХСТАНСКАЯ ОБЛАСТЬ,УРАЛЬСК Г.А.
448633,Прочая деятельность в области телекоммуникаций,false,,285400000,883,40213000,920,179728000,846,1225475000,1031,164210000,994,227340000,957,3,Телекоммуникации,ЗАПАДНО-КАЗАХСТАНСКАЯ ОБЛАСТЬ,УРАЛЬСК Г.А.
448634,Прочая деятельность в области телекоммуникаций,false,,285400000,883,40213000,920,179728000,846,1225475000,1031,164210000,994,227340000,957,4,Прочая деятельность в области телекоммуникаций,ЗАПАДНО-КАЗАХСТАНСКАЯ ОБЛАСТЬ,УРАЛЬСК Г.А.
18946154,"Прочая деятельность в области телекоммуникаций, не включенная в другие группировки",true,,285400000,883,40213000,920,179728000,846,1225475000,1031,164210000,994,227340000,957,5,Прочая деятельность в области телекоммуникаций,ЗАПАДНО-КАЗАХСТАНСКАЯ ОБЛАСТЬ,УРАЛЬСК Г.А.
448636,"Компьютерное программирование, консультационные и другие сопутствующие услуги",false,,24775000,883,1491000,920,34560000,846,42287000,1031,166670000,994,126317000,957,2,Информация и связь,ЗАПАДНО-КАЗАХСТАНСКАЯ ОБЛАСТЬ,УРАЛЬСК Г.А.
448637,"Компьютерное программирование, консультационные и другие сопутствующие услуги",false,,24775000,883,1491000,920,34560000,846,42287000,1031,166670000,994,126317000,957,3,"Компьютерное программирование, консультационные и другие сопутствующие услуги",ЗАПАДНО-КАЗАХСТАНСКАЯ ОБЛАСТЬ,УРАЛЬСК Г.А.
448638,Деятельность в области компьютерного программирования,false,,,,,,8189000,846,36748000,1031,166670000,994,120104000,957,4,"Компьютерное программирование, консультационные и другие сопутствующие услуги",ЗАПАДНО-КАЗАХСТАНСКАЯ ОБЛАСТЬ,УРАЛЬСК Г.А.
448639,Разработка программного обеспечения,true,,,,,,8189000,846,28658000,1031,60953000,994,x,957,5,Деятельность в области компьютерного программирования,ЗАПАДНО-КАЗАХСТАНСКАЯ ОБЛАСТЬ,УРАЛЬСК Г.А.
448640,Сопровождение программного обеспечения,true,,,,,,,,8090000,1031,105717000,994,71264000,957,5,Деятельность в области компьютерного программирования,ЗАПАДНО-КАЗАХСТАНСКАЯ ОБЛАСТЬ,УРАЛЬСК Г.А.
448641,Консультационные услуги в области информационных технологий,false,,x,883,x,920,,,x,1031,,,x,957,4,"Компьютерное программирование, консультационные и другие сопутствующие услуги",ЗАПАДНО-КАЗАХСТАНСКАЯ ОБЛАСТЬ,УРАЛЬСК Г.А.
18946155,Консультационные  и практические услуги в области информационных технологий,true,,x,883,x,920,,,,,,,x,957,5,Консультационные услуги в области информационных технологий,ЗАПАДНО-КАЗАХСТАНСКАЯ ОБЛАСТЬ,УРАЛЬСК Г.А.
448645,Другие виды деятельности в области информационных технологий и информационных систем,false,,24525000,883,x,920,26371000,846,4356000,1031,,,x,957,4,"Компьютерное программирование, консультационные и другие сопутствующие услуги",ЗАПАДНО-КАЗАХСТАНСКАЯ ОБЛАСТЬ,УРАЛЬСК Г.А.
18946160,Другие виды деятельности в области информационных технологий и информационных систем,true,,,,,,26371000,846,,,,,,,5,Другие виды деятельности в области информационных технологий и информационных систем,ЗАПАДНО-КАЗАХСТАНСКАЯ ОБЛАСТЬ,УРАЛЬСК Г.А.
20576432,"Другие виды деятельности в области информационных технологий и информационных систем, не включенные в другие группировки",true,,24525000,883,x,920,,,4356000,1031,,,x,957,5,Другие виды деятельности в области информационных технологий и информационных систем,ЗАПАДНО-КАЗАХСТАНСКАЯ ОБЛАСТЬ,УРАЛЬСК Г.А.
448647,Деятельность в области информационного обслуживания,false,,,,,,784000,846,,,,,73816000,957,2,Информация и связь,ЗАПАДНО-КАЗАХСТАНСКАЯ ОБЛАСТЬ,УРАЛЬСК Г.А.
448648,"Обработка данных, размещение приложений (прикладных программ) и связанная с этим деятельность; деятельность веб-порталов",false,,,,,,784000,846,,,,,73816000,957,3,Деятельность в области информационного обслуживания,ЗАПАДНО-КАЗАХСТАНСКАЯ ОБЛАСТЬ,УРАЛЬСК Г.А.
448649,"Обработка данных, размещение приложений (прикладных программ) и связанная с этим деятельность ",false,,,,,,784000,846,,,,,73816000,957,4,"Обработка данных, размещение приложений (прикладных программ) и связанная с этим деятельность; деятельность веб-порталов",ЗАПАДНО-КАЗАХСТАНСКАЯ ОБЛАСТЬ,УРАЛЬСК Г.А.
18946161,Размещение приложений (прикладных программ) и связанная с этим деятельность,true,,,,,,784000,846,,,,,73816000,957,5,"Обработка данных, размещение приложений (прикладных программ) и связанная с этим деятельность ",ЗАПАДНО-КАЗАХСТАНСКАЯ ОБЛАСТЬ,УРАЛЬСК Г.А.
448658,Финансовая и страховая деятельность,false,,910839000,883,601078000,920,1054820000,846,1152732000,1031,642636000,994,612923000,957,1,Всего,ЗАПАДНО-КАЗАХСТАНСКАЯ ОБЛАСТЬ,УРАЛЬСК Г.А.
448659,"Финансовое посредничество, кроме страхования и пенсионного обеспечения",false,,910251000,883,598526000,920,1032766000,846,1131945000,1031,629591000,994,607355000,957,2,Финансовая и страховая деятельность,ЗАПАДНО-КАЗАХСТАНСКАЯ ОБЛАСТЬ,УРАЛЬСК Г.А.
448660,Денежное посредничество,false,,881164000,883,587851000,920,979743000,846,1050363000,1031,613786000,994,603639000,957,3,"Финансовое посредничество, кроме страхования и пенсионного обеспечения",ЗАПАДНО-КАЗАХСТАНСКАЯ ОБЛАСТЬ,УРАЛЬСК Г.А.
448661,Деятельность национального банка ,false,,,,52666000,920,x,846,,,,,172964000,957,4,Денежное посредничество,ЗАПАДНО-КАЗАХСТАНСКАЯ ОБЛАСТЬ,УРАЛЬСК Г.А.
448662,Деятельность национального банка ,true,,,,52666000,920,x,846,,,,,172964000,957,5,Деятельность национального банка ,ЗАПАДНО-КАЗАХСТАНСКАЯ ОБЛАСТЬ,УРАЛЬСК Г.А.
448663,Прочее денежное посредничество,false,,881164000,883,535185000,920,969495000,846,1050363000,1031,613786000,994,430675000,957,4,Денежное посредничество,ЗАПАДНО-КАЗАХСТАНСКАЯ ОБЛАСТЬ,УРАЛЬСК Г.А.
18946163,"Деятельность банков, за исключением, банка, являющегося национальным институтом развития, и его дочерней организации-лизингодателя",true,,364856000,883,144409000,920,764311000,846,392985000,1031,294052000,994,220145000,957,5,Прочее денежное посредничество,ЗАПАДНО-КАЗАХСТАНСКАЯ ОБЛАСТЬ,УРАЛЬСК Г.А.
448665,Деятельность сберегательных банков,true,,516308000,883,390776000,920,205184000,846,657378000,1031,319734000,994,210530000,957,5,Прочее денежное посредничество,ЗАПАДНО-КАЗАХСТАНСКАЯ ОБЛАСТЬ,УРАЛЬСК Г.А.
448667,Деятельность холдинговых компаний,false,,x,883,x,920,x,846,60047000,1031,292000,994,x,957,3,"Финансовое посредничество, кроме страхования и пенсионного обеспечения",ЗАПАДНО-КАЗАХСТАНСКАЯ ОБЛАСТЬ,УРАЛЬСК Г.А.
448668,Деятельность холдинговых компаний,false,,x,883,x,920,x,846,60047000,1031,292000,994,x,957,4,Деятельность холдинговых компаний,ЗАПАДНО-КАЗАХСТАНСКАЯ ОБЛАСТЬ,УРАЛЬСК Г.А.
448669,Деятельность холдинговых компаний,true,,x,883,x,920,x,846,60047000,1031,292000,994,x,957,5,Деятельность холдинговых компаний,ЗАПАДНО-КАЗАХСТАНСКАЯ ОБЛАСТЬ,УРАЛЬСК Г.А.
448673,"Прочее финансовое посредничество, кроме страхования и пенсионного обеспечения",false,,13559000,883,8993000,920,52723000,846,21535000,1031,15513000,994,3110000,957,3,"Финансовое посредничество, кроме страхования и пенсионного обеспечения",ЗАПАДНО-КАЗАХСТАНСКАЯ ОБЛАСТЬ,УРАЛЬСК Г.А.
448674,Финансовый лизинг,false,,,,x,920,,,x,1031,x,994,,,4,"Прочее финансовое посредничество, кроме страхования и пенсионного обеспечения",ЗАПАДНО-КАЗАХСТАНСКАЯ ОБЛАСТЬ,УРАЛЬСК Г.А.
18946165,"Финансовый лизинг, кроме финансового лизинга медицинского оборудования и техники",true,,,,x,920,,,x,1031,x,994,,,5,Финансовый лизинг,ЗАПАДНО-КАЗАХСТАНСКАЯ ОБЛАСТЬ,УРАЛЬСК Г.А.
448676,Прочие виды кредитования,false,,1072000,883,2499000,920,33402000,846,20106000,1031,15107000,994,3110000,957,4,"Прочее финансовое посредничество, кроме страхования и пенсионного обеспечения",ЗАПАДНО-КАЗАХСТАНСКАЯ ОБЛАСТЬ,УРАЛЬСК Г.А.
448677,Деятельность ломбардов,true,,814000,883,x,920,8986000,846,x,1031,x,994,x,957,5,Прочие виды кредитования,ЗАПАДНО-КАЗАХСТАНСКАЯ ОБЛАСТЬ,УРАЛЬСК Г.А.
448678,"Прочие виды кредитования, не включенные в другие группировки",true,,x,883,13000,920,24416000,846,6846000,1031,5187000,994,234000,957,5,Прочие виды кредитования,ЗАПАДНО-КАЗАХСТАНСКАЯ ОБЛАСТЬ,УРАЛЬСК Г.А.
448679,"Прочее финансовое посредничество, кроме страхования и пенсионного обеспечения, не включенное в другие группировки",false,,x,883,,,19321000,846,,,,,,,4,"Прочее финансовое посредничество, кроме страхования и пенсионного обеспечения",ЗАПАДНО-КАЗАХСТАНСКАЯ ОБЛАСТЬ,УРАЛЬСК Г.А.
18946169,"Другие финансовые услуги, финансирование в различных отраслях экономики, инвестиционная деятельность",true,,x,883,,,18633000,846,,,,,,,5,"Прочее финансовое посредничество, кроме страхования и пенсионного обеспечения, не включенное в другие группировки",ЗАПАДНО-КАЗАХСТАНСКАЯ ОБЛАСТЬ,УРАЛЬСК Г.А.
18946170,"Другие виды финансовых услуг, кроме страхования и пенсионного обеспечения, не включенные в другие группировки",true,,,,,,x,846,,,,,,,5,"Прочее финансовое посредничество, кроме страхования и пенсионного обеспечения, не включенное в другие группировки",ЗАПАДНО-КАЗАХСТАНСКАЯ ОБЛАСТЬ,УРАЛЬСК Г.А.
448681,"Страхование, перестрахование и пенсионной обеспечение, кроме обязательного социального обеспечения",false,,588000,883,2552000,920,21961000,846,20787000,1031,13045000,994,5568000,957,2,Финансовая и страховая деятельность,ЗАПАДНО-КАЗАХСТАНСКАЯ ОБЛАСТЬ,УРАЛЬСК Г.А.
448682,Страхование,false,,588000,883,525000,920,9915000,846,4822000,1031,754000,994,1738000,957,3,"Страхование, перестрахование и пенсионной обеспечение, кроме обязательного социального обеспечения",ЗАПАДНО-КАЗАХСТАНСКАЯ ОБЛАСТЬ,УРАЛЬСК Г.А.
448683,Страхование жизни,false,,,,x,920,x,846,1052000,1031,,,290000,957,4,Страхование,ЗАПАДНО-КАЗАХСТАНСКАЯ ОБЛАСТЬ,УРАЛЬСК Г.А.
448685,Негосударственное страхование жизни,true,,,,x,920,x,846,1052000,1031,,,290000,957,5,Страхование жизни,ЗАПАДНО-КАЗАХСТАНСКАЯ ОБЛАСТЬ,УРАЛЬСК Г.А.
448686,Страхование ущерба,false,,588000,883,413000,920,9852000,846,3770000,1031,754000,994,1448000,957,4,Страхование,ЗАПАДНО-КАЗАХСТАНСКАЯ ОБЛАСТЬ,УРАЛЬСК Г.А.
448688,Негосударственное страхование ущерба,true,,588000,883,413000,920,9852000,846,3770000,1031,754000,994,1448000,957,5,Страхование ущерба,ЗАПАДНО-КАЗАХСТАНСКАЯ ОБЛАСТЬ,УРАЛЬСК Г.А.
448692,Пенсионное обеспечение,false,,,,x,920,x,846,15965000,1031,12291000,994,x,957,3,"Страхование, перестрахование и пенсионной обеспечение, кроме обязательного социального обеспечения",ЗАПАДНО-КАЗАХСТАНСКАЯ ОБЛАСТЬ,УРАЛЬСК Г.А.
448693,Пенсионное обеспечение,false,,,,x,920,x,846,15965000,1031,12291000,994,x,957,4,Пенсионное обеспечение,ЗАПАДНО-КАЗАХСТАНСКАЯ ОБЛАСТЬ,УРАЛЬСК Г.А.
448694,Государственное пенсионное обеспечение,true,,,,x,920,x,846,15965000,1031,12291000,994,x,957,5,Пенсионное обеспечение,ЗАПАДНО-КАЗАХСТАНСКАЯ ОБЛАСТЬ,УРАЛЬСК Г.А.
448696,Вспомогательная деятельность в сфере финансовых услуг и страхования,false,,,,,,x,846,,,,,,,2,Финансовая и страховая деятельность,ЗАПАДНО-КАЗАХСТАНСКАЯ ОБЛАСТЬ,УРАЛЬСК Г.А.
448697,"Вспомогательная деятельность в сфере финансовых услуг, кроме страхования и пенсионного обеспечения ",false,,,,,,x,846,,,,,,,3,Вспомогательная деятельность в сфере финансовых услуг и страхования,ЗАПАДНО-КАЗАХСТАНСКАЯ ОБЛАСТЬ,УРАЛЬСК Г.А.
448700,Брокерская деятельность по сделкам с ценными бумагами и товарами,false,,,,,,x,846,,,,,,,4,"Вспомогательная деятельность в сфере финансовых услуг, кроме страхования и пенсионного обеспечения ",ЗАПАДНО-КАЗАХСТАНСКАЯ ОБЛАСТЬ,УРАЛЬСК Г.А.
448701,Брокерские услуги по контрактам на ценные бумаги и товары,true,,,,,,x,846,,,,,,,5,Брокерская деятельность по сделкам с ценными бумагами и товарами,ЗАПАДНО-КАЗАХСТАНСКАЯ ОБЛАСТЬ,УРАЛЬСК Г.А.
448714,Операции с недвижимым имуществом,false,,50951682000,883,47481261000,920,41938689000,846,61977001000,1031,66299979000,994,35457154000,957,1,Всего,ЗАПАДНО-КАЗАХСТАНСКАЯ ОБЛАСТЬ,УРАЛЬСК Г.А.
448715,Операции с недвижимым имуществом,false,,50951682000,883,47481261000,920,41938689000,846,61977001000,1031,66299979000,994,35457154000,957,2,Операции с недвижимым имуществом,ЗАПАДНО-КАЗАХСТАНСКАЯ ОБЛАСТЬ,УРАЛЬСК Г.А.
448716,Покупка и продажа собственного недвижимого имущества ,false,,49782657000,883,47097738000,920,41230552000,846,60821699000,1031,64834646000,994,34756573000,957,3,Операции с недвижимым имуществом,ЗАПАДНО-КАЗАХСТАНСКАЯ ОБЛАСТЬ,УРАЛЬСК Г.А.
448717,Покупка и продажа собственного недвижимого имущества ,false,,49782657000,883,47097738000,920,41230552000,846,60821699000,1031,64834646000,994,34756573000,957,4,Покупка и продажа собственного недвижимого имущества ,ЗАПАДНО-КАЗАХСТАНСКАЯ ОБЛАСТЬ,УРАЛЬСК Г.А.
543091,Покупка и продажа многоквартирных и жилых домов (особняков),true,,49163306000,883,47097738000,920,40613377000,846,60616999000,1031,64834646000,994,34756573000,957,5,Покупка и продажа собственного недвижимого имущества ,ЗАПАДНО-КАЗАХСТАНСКАЯ ОБЛАСТЬ,УРАЛЬСК Г.А.
543092,Покупка и продажа прочей недвижимости,true,,619351000,883,,,617175000,846,x,1031,,,,,5,Покупка и продажа собственного недвижимого имущества ,ЗАПАДНО-КАЗАХСТАНСКАЯ ОБЛАСТЬ,УРАЛЬСК Г.А.
448719,Аренда и управление собственной или арендуемой недвижимостью,false,,1167843000,883,382559000,920,677224000,846,1155169000,1031,1446579000,994,700344000,957,3,Операции с недвижимым имуществом,ЗАПАДНО-КАЗАХСТАНСКАЯ ОБЛАСТЬ,УРАЛЬСК Г.А.
448720,Аренда и управление собственной или арендуемой недвижимостью,false,,1167843000,883,382559000,920,677224000,846,1155169000,1031,1446579000,994,700344000,957,4,Аренда и управление собственной или арендуемой недвижимостью,ЗАПАДНО-КАЗАХСТАНСКАЯ ОБЛАСТЬ,УРАЛЬСК Г.А.
18946171,Аренда и управление собственной недвижимостью,true,,1086300000,883,358055000,920,637531000,846,,,729292000,994,271247000,957,5,Аренда и управление собственной или арендуемой недвижимостью,ЗАПАДНО-КАЗАХСТАНСКАЯ ОБЛАСТЬ,УРАЛЬСК Г.А.
18951451,Аренда (субаренда) и эксплуатация арендуемой недвижимости,true,,x,883,,,34752000,846,,,x,994,420000000,957,5,Аренда и управление собственной или арендуемой недвижимостью,ЗАПАДНО-КАЗАХСТАНСКАЯ ОБЛАСТЬ,УРАЛЬСК Г.А.
18951452,Аренда и эксплуатация торгового рынка,true,,36512000,883,24504000,920,x,846,131786000,1031,x,994,x,957,5,Аренда и управление собственной или арендуемой недвижимостью,ЗАПАДНО-КАЗАХСТАНСКАЯ ОБЛАСТЬ,УРАЛЬСК Г.А.
448722,Операции с недвижимым имуществом за вознаграждение или на договорной основе,false,,1182000,883,964000,920,30913000,846,133000,1031,18754000,994,237000,957,3,Операции с недвижимым имуществом,ЗАПАДНО-КАЗАХСТАНСКАЯ ОБЛАСТЬ,УРАЛЬСК Г.А.
448723,Деятельность агентств по операциям с недвижимым имуществом,false,,1182000,883,964000,920,x,846,133000,1031,x,994,237000,957,4,Операции с недвижимым имуществом за вознаграждение или на договорной основе,ЗАПАДНО-КАЗАХСТАНСКАЯ ОБЛАСТЬ,УРАЛЬСК Г.А.
448725,Посреднические услуги при купле-продаже и сдаче внаем жилья и другого недвижимого имущества непроизводственного назначения,true,,1182000,883,964000,920,x,846,133000,1031,x,994,237000,957,5,Деятельность агентств по операциям с недвижимым имуществом,ЗАПАДНО-КАЗАХСТАНСКАЯ ОБЛАСТЬ,УРАЛЬСК Г.А.
448726,Управление недвижимым имуществом за вознаграждение или на договорной основе,false,,,,,,30808000,846,,,x,994,,,4,Операции с недвижимым имуществом за вознаграждение или на договорной основе,ЗАПАДНО-КАЗАХСТАНСКАЯ ОБЛАСТЬ,УРАЛЬСК Г.А.
18946173,Управление недвижимостью за вознаграждение или на договорной основе,true,,,,,,30808000,846,,,x,994,,,5,Управление недвижимым имуществом за вознаграждение или на договорной основе,ЗАПАДНО-КАЗАХСТАНСКАЯ ОБЛАСТЬ,УРАЛЬСК Г.А.
448728,"Профессиональная, научная и техническая деятельность",false,,654040000,883,417492000,920,719727000,846,658519000,1031,731694000,994,986973000,957,1,Всего,ЗАПАДНО-КАЗАХСТАНСКАЯ ОБЛАСТЬ,УРАЛЬСК Г.А.
448729,Деятельность в области права и бухгалтерского учета,false,,x,883,,,454000,846,214000,1031,x,994,x,957,2,"Профессиональная, научная и техническая деятельность",ЗАПАДНО-КАЗАХСТАНСКАЯ ОБЛАСТЬ,УРАЛЬСК Г.А.
448730,Деятельность в области права,false,,x,883,,,240000,846,120000,1031,,,,,3,Деятельность в области права и бухгалтерского учета,ЗАПАДНО-КАЗАХСТАНСКАЯ ОБЛАСТЬ,УРАЛЬСК Г.А.
448731,Деятельность в области права,false,,x,883,,,240000,846,120000,1031,,,,,4,Деятельность в области права,ЗАПАДНО-КАЗАХСТАНСКАЯ ОБЛАСТЬ,УРАЛЬСК Г.А.
448734,Прочая деятельность в области права,true,,x,883,,,240000,846,120000,1031,,,,,5,Деятельность в области права,ЗАПАДНО-КАЗАХСТАНСКАЯ ОБЛАСТЬ,УРАЛЬСК Г.А.
448735,Деятельность в области бухгалтерского учета и аудита; консультирование по налогообложению,false,,,,,,214000,846,x,1031,x,994,x,957,3,Деятельность в области права и бухгалтерского учета,ЗАПАДНО-КАЗАХСТАНСКАЯ ОБЛАСТЬ,УРАЛЬСК Г.А.
448736,Деятельность в области бухгалтерского учета и аудита; консультирование по налогообложению,false,,,,,,214000,846,x,1031,x,994,x,957,4,Деятельность в области бухгалтерского учета и аудита; консультирование по налогообложению,ЗАПАДНО-КАЗАХСТАНСКАЯ ОБЛАСТЬ,УРАЛЬСК Г.А.
19197019,Деятельность в области составления счетов и бухгалтерского учета,true,,,,,,214000,846,x,1031,x,994,x,957,5,Деятельность в области бухгалтерского учета и аудита; консультирование по налогообложению,ЗАПАДНО-КАЗАХСТАНСКАЯ ОБЛАСТЬ,УРАЛЬСК Г.А.
448738,Деятельность головных компаний; консультирование по вопросам управления ,false,,155380000,883,134451000,920,x,846,2910000,1031,385805000,994,153107000,957,2,"Профессиональная, научная и техническая деятельность",ЗАПАДНО-КАЗАХСТАНСКАЯ ОБЛАСТЬ,УРАЛЬСК Г.А.
448739,Деятельность головных компаний,false,,,,24776000,920,,,,,,,49897000,957,3,Деятельность головных компаний; консультирование по вопросам управления ,ЗАПАДНО-КАЗАХСТАНСКАЯ ОБЛАСТЬ,УРАЛЬСК Г.А.
448740,Деятельность головных компаний,false,,,,24776000,920,,,,,,,49897000,957,4,Деятельность головных компаний,ЗАПАДНО-КАЗАХСТАНСКАЯ ОБЛАСТЬ,УРАЛЬСК Г.А.
18946175,"Деятельность головных компаний, связанная с реализацией государственной политики индустриально-инновационного развития",true,,,,24776000,920,,,,,,,49897000,957,5,Деятельность головных компаний,ЗАПАДНО-КАЗАХСТАНСКАЯ ОБЛАСТЬ,УРАЛЬСК Г.А.
448742,Деятельность по консультированию по вопросам управления,false,,155380000,883,109675000,920,x,846,2910000,1031,385805000,994,103210000,957,3,Деятельность головных компаний; консультирование по вопросам управления ,ЗАПАДНО-КАЗАХСТАНСКАЯ ОБЛАСТЬ,УРАЛЬСК Г.А.
448745,Консультирование по вопросам коммерческой деятельности и прочее консультирование по вопросам управления,false,,155380000,883,109675000,920,x,846,2910000,1031,385805000,994,103210000,957,4,Деятельность по консультированию по вопросам управления,ЗАПАДНО-КАЗАХСТАНСКАЯ ОБЛАСТЬ,УРАЛЬСК Г.А.
18946177,Консультирование по вопросам коммерческой деятельности и управления,true,,155380000,883,109675000,920,x,846,2910000,1031,385805000,994,103210000,957,5,Консультирование по вопросам коммерческой деятельности и прочее консультирование по вопросам управления,ЗАПАДНО-КАЗАХСТАНСКАЯ ОБЛАСТЬ,УРАЛЬСК Г.А.
448747,"Деятельность в области архитектуры, инженерных изысканий, технических испытаний и анализа",false,,284999000,883,253340000,920,220945000,846,652941000,1031,322258000,994,805088000,957,2,"Профессиональная, научная и техническая деятельность",ЗАПАДНО-КАЗАХСТАНСКАЯ ОБЛАСТЬ,УРАЛЬСК Г.А.
448748,"Деятельность в области архитектуры, инженерных изысканий и предоставление технических консультаций в этих областях",false,,38655000,883,61660000,920,31317000,846,45747000,1031,68075000,994,800000,957,3,"Деятельность в области архитектуры, инженерных изысканий, технических испытаний и анализа",ЗАПАДНО-КАЗАХСТАНСКАЯ ОБЛАСТЬ,УРАЛЬСК Г.А.
448749,Деятельность в области архитектуры,false,,,,2078000,920,x,846,33092000,1031,x,994,,,4,"Деятельность в области архитектуры, инженерных изысканий и предоставление технических консультаций в этих областях",ЗАПАДНО-КАЗАХСТАНСКАЯ ОБЛАСТЬ,УРАЛЬСК Г.А.
18951462,"Деятельность в области архитектуры, за исключением объектов атомной промышленности и атомной энергетики  ",true,,,,2078000,920,x,846,33092000,1031,x,994,,,5,Деятельность в области архитектуры,ЗАПАДНО-КАЗАХСТАНСКАЯ ОБЛАСТЬ,УРАЛЬСК Г.А.
448751,Деятельность в области инженерных изысканий и предоставление технических консультаций в этой области,false,,38655000,883,59582000,920,31268000,846,12655000,1031,66362000,994,800000,957,4,"Деятельность в области архитектуры, инженерных изысканий и предоставление технических консультаций в этих областях",ЗАПАДНО-КАЗАХСТАНСКАЯ ОБЛАСТЬ,УРАЛЬСК Г.А.
18951463,"Деятельность в области инженерно-технического проектирования, за исключением объектов атомной промышленности и атомной энергетики",true,,16122000,883,58948000,920,12648000,846,12655000,1031,66117000,994,800000,957,5,Деятельность в области инженерных изысканий и предоставление технических консультаций в этой области,ЗАПАДНО-КАЗАХСТАНСКАЯ ОБЛАСТЬ,УРАЛЬСК Г.А.
448753,Деятельность по проведению геологической разведки и изысканий (без научных исследований и разработок),true,,,,,,18620000,846,,,x,994,,,5,Деятельность в области инженерных изысканий и предоставление технических консультаций в этой области,ЗАПАДНО-КАЗАХСТАНСКАЯ ОБЛАСТЬ,УРАЛЬСК Г.А.
448754,Геодезическая деятельность,true,,x,883,x,920,,,,,,,,,5,Деятельность в области инженерных изысканий и предоставление технических консультаций в этой области,ЗАПАДНО-КАЗАХСТАНСКАЯ ОБЛАСТЬ,УРАЛЬСК Г.А.
448756,Технические испытания и анализы,false,,246344000,883,191680000,920,189628000,846,607194000,1031,254183000,994,804288000,957,3,"Деятельность в области архитектуры, инженерных изысканий, технических испытаний и анализа",ЗАПАДНО-КАЗАХСТАНСКАЯ ОБЛАСТЬ,УРАЛЬСК Г.А.
448757,Технические испытания и анализы,false,,246344000,883,191680000,920,189628000,846,607194000,1031,254183000,994,804288000,957,4,Технические испытания и анализы,ЗАПАДНО-КАЗАХСТАНСКАЯ ОБЛАСТЬ,УРАЛЬСК Г.А.
18946181,Лабораторно-аналитические исследования в геологической отрасли,true,,,,,,x,846,,,,,,,5,Технические испытания и анализы,ЗАПАДНО-КАЗАХСТАНСКАЯ ОБЛАСТЬ,УРАЛЬСК Г.А.
448760,"Деятельность прочих учреждений, осуществляющих технические испытания и анализы",true,,246344000,883,191680000,920,163050000,846,607194000,1031,254183000,994,804288000,957,5,Технические испытания и анализы,ЗАПАДНО-КАЗАХСТАНСКАЯ ОБЛАСТЬ,УРАЛЬСК Г.А.
448761,Научные исследования и разработки,false,,,,,,,,,,,,x,957,2,"Профессиональная, научная и техническая деятельность",ЗАПАДНО-КАЗАХСТАНСКАЯ ОБЛАСТЬ,УРАЛЬСК Г.А.
448762,Научные исследования и экспериментальные разработки в области естественных и технических наук ,false,,,,,,,,,,,,x,957,3,Научные исследования и разработки,ЗАПАДНО-КАЗАХСТАНСКАЯ ОБЛАСТЬ,УРАЛЬСК Г.А.
448765,Прочие научные исследования и экспериментальные разработки в области естественных и технических наук ,false,,,,,,,,,,,,x,957,4,Научные исследования и экспериментальные разработки в области естественных и технических наук ,ЗАПАДНО-КАЗАХСТАНСКАЯ ОБЛАСТЬ,УРАЛЬСК Г.А.
18946187,Прочие исследования и разработки в области естественных и технических наук,true,,,,,,,,,,,,x,957,5,Прочие научные исследования и экспериментальные разработки в области естественных и технических наук ,ЗАПАДНО-КАЗАХСТАНСКАЯ ОБЛАСТЬ,УРАЛЬСК Г.А.
448770,Рекламная деятельность и исследование конъюнктуры рынка,false,,4899000,883,1753000,920,16312000,846,1684000,1031,23516000,994,1899000,957,2,"Профессиональная, научная и техническая деятельность",ЗАПАДНО-КАЗАХСТАНСКАЯ ОБЛАСТЬ,УРАЛЬСК Г.А.
448771,Рекламная деятельность,false,,4899000,883,1753000,920,16312000,846,1684000,1031,23516000,994,1899000,957,3,Рекламная деятельность и исследование конъюнктуры рынка,ЗАПАДНО-КАЗАХСТАНСКАЯ ОБЛАСТЬ,УРАЛЬСК Г.А.
448772,Деятельность рекламных агентств,false,,4899000,883,1753000,920,16312000,846,1684000,1031,23516000,994,1899000,957,4,Рекламная деятельность,ЗАПАДНО-КАЗАХСТАНСКАЯ ОБЛАСТЬ,УРАЛЬСК Г.А.
448773,Деятельность рекламных агентств,true,,4899000,883,1753000,920,16312000,846,1684000,1031,23516000,994,1899000,957,5,Деятельность рекламных агентств,ЗАПАДНО-КАЗАХСТАНСКАЯ ОБЛАСТЬ,УРАЛЬСК Г.А.
448779,"Прочая профессиональная, научная и техническая деятельность",false,,208432000,883,27948000,920,253603000,846,770000,1031,,,18783000,957,2,"Профессиональная, научная и техническая деятельность",ЗАПАДНО-КАЗАХСТАНСКАЯ ОБЛАСТЬ,УРАЛЬСК Г.А.
448789,"Прочая профессиональная, научная и техническая деятельность, не включенная в другие группировки",false,,208432000,883,27948000,920,253603000,846,770000,1031,,,18783000,957,3,"Прочая профессиональная, научная и техническая деятельность",ЗАПАДНО-КАЗАХСТАНСКАЯ ОБЛАСТЬ,УРАЛЬСК Г.А.
448790,"Прочая профессиональная, научная и техническая деятельность, не включенная в другие группировки",false,,208432000,883,27948000,920,253603000,846,770000,1031,,,18783000,957,4,"Прочая профессиональная, научная и техническая деятельность, не включенная в другие группировки",ЗАПАДНО-КАЗАХСТАНСКАЯ ОБЛАСТЬ,УРАЛЬСК Г.А.
448792,"Иная профессиональная, научная и техническая деятельность, не включенная в другие группировки",true,,208432000,883,27948000,920,253603000,846,770000,1031,,,18783000,957,5,"Прочая профессиональная, научная и техническая деятельность, не включенная в другие группировки",ЗАПАДНО-КАЗАХСТАНСКАЯ ОБЛАСТЬ,УРАЛЬСК Г.А.
448797,Деятельность в области административного и вспомогательного обслуживания,false,,5157433000,883,2596780000,920,1195633000,846,712144000,1031,718210000,994,2874613000,957,1,Всего,ЗАПАДНО-КАЗАХСТАНСКАЯ ОБЛАСТЬ,УРАЛЬСК Г.А.
448798,"Аренда, прокат и лизинг",false,,409512000,883,228254000,920,406481000,846,524032000,1031,619930000,994,1215475000,957,2,Деятельность в области административного и вспомогательного обслуживания,ЗАПАДНО-КАЗАХСТАНСКАЯ ОБЛАСТЬ,УРАЛЬСК Г.А.
448799,Аренда и лизинг автомобилей ,false,,300664000,883,131167000,920,255929000,846,188462000,1031,72617000,994,x,957,3,"Аренда, прокат и лизинг",ЗАПАДНО-КАЗАХСТАНСКАЯ ОБЛАСТЬ,УРАЛЬСК Г.А.
448800,Аренда и лизинг легковых автомобилей и легких автотранспортных средств,false,,205623000,883,x,920,249510000,846,,,71800000,994,,,4,Аренда и лизинг автомобилей ,ЗАПАДНО-КАЗАХСТАНСКАЯ ОБЛАСТЬ,УРАЛЬСК Г.А.
543075,Аренда легковых автомобилей и легких автотранспортных средств,true,,205623000,883,x,920,249510000,846,,,71800000,994,,,5,Аренда и лизинг легковых автомобилей и легких автотранспортных средств,ЗАПАДНО-КАЗАХСТАНСКАЯ ОБЛАСТЬ,УРАЛЬСК Г.А.
448802,Аренда и лизинг грузовых автомобилей,false,,95041000,883,128634000,920,x,846,188462000,1031,817000,994,x,957,4,Аренда и лизинг автомобилей ,ЗАПАДНО-КАЗАХСТАНСКАЯ ОБЛАСТЬ,УРАЛЬСК Г.А.
543077,Аренда грузовых автомобилей,true,,95041000,883,128634000,920,x,846,188462000,1031,817000,994,x,957,5,Аренда и лизинг грузовых автомобилей,ЗАПАДНО-КАЗАХСТАНСКАЯ ОБЛАСТЬ,УРАЛЬСК Г.А.
448811,"Аренда и лизинг прочих машин, оборудования и материальных активов",false,,108848000,883,97087000,920,150552000,846,335570000,1031,547313000,994,1202975000,957,3,"Аренда, прокат и лизинг",ЗАПАДНО-КАЗАХСТАНСКАЯ ОБЛАСТЬ,УРАЛЬСК Г.А.
448814,Аренда и лизинг строительных машин и оборудования ,false,,x,883,,,,,13728000,1031,,,,,4,"Аренда и лизинг прочих машин, оборудования и материальных активов",ЗАПАДНО-КАЗАХСТАНСКАЯ ОБЛАСТЬ,УРАЛЬСК Г.А.
543081,Аренда строительных машин и оборудования ,true,,x,883,,,,,13728000,1031,,,,,5,Аренда и лизинг строительных машин и оборудования ,ЗАПАДНО-КАЗАХСТАНСКАЯ ОБЛАСТЬ,УРАЛЬСК Г.А.
448816,"Аренда и лизинг офисных машин и оборудования, включая вычислительную технику ",false,,,,,,x,846,,,,,,,4,"Аренда и лизинг прочих машин, оборудования и материальных активов",ЗАПАДНО-КАЗАХСТАНСКАЯ ОБЛАСТЬ,УРАЛЬСК Г.А.
18951505,Аренда прочих офисных машин и оборудования,true,,,,,,x,846,,,,,,,5,"Аренда и лизинг офисных машин и оборудования, включая вычислительную технику ",ЗАПАДНО-КАЗАХСТАНСКАЯ ОБЛАСТЬ,УРАЛЬСК Г.А.
448822,"Аренда и лизинг прочих машин, оборудования и материальных активов, не включенных в другие группировки",false,,90812000,883,97087000,920,149062000,846,321842000,1031,547313000,994,1202975000,957,4,"Аренда и лизинг прочих машин, оборудования и материальных активов",ЗАПАДНО-КАЗАХСТАНСКАЯ ОБЛАСТЬ,УРАЛЬСК Г.А.
543089,"Аренда прочих машин, оборудования и материальных активов, не включенных в другие группировки",true,,90812000,883,97087000,920,149062000,846,321842000,1031,547313000,994,1202975000,957,5,"Аренда и лизинг прочих машин, оборудования и материальных активов, не включенных в другие группировки",ЗАПАДНО-КАЗАХСТАНСКАЯ ОБЛАСТЬ,УРАЛЬСК Г.А.
448827,Деятельность в области трудоустройства,false,,,,,,9037000,846,,,,,,,2,Деятельность в области административного и вспомогательного обслуживания,ЗАПАДНО-КАЗАХСТАНСКАЯ ОБЛАСТЬ,УРАЛЬСК Г.А.
448834,Прочая деятельность по обеспечению трудовыми ресурсами (персоналом),false,,,,,,9037000,846,,,,,,,3,Деятельность в области трудоустройства,ЗАПАДНО-КАЗАХСТАНСКАЯ ОБЛАСТЬ,УРАЛЬСК Г.А.
448835,Прочая деятельность по обеспечению трудовыми ресурсами (персоналом),false,,,,,,9037000,846,,,,,,,4,Прочая деятельность по обеспечению трудовыми ресурсами (персоналом),ЗАПАДНО-КАЗАХСТАНСКАЯ ОБЛАСТЬ,УРАЛЬСК Г.А.
18951507,"Прочая деятельность по обеспечению трудовыми ресурсами (персоналом), кроме деятельности организаций, учрежденных национальными компаниями",true,,,,,,9037000,846,,,,,,,5,Прочая деятельность по обеспечению трудовыми ресурсами (персоналом),ЗАПАДНО-КАЗАХСТАНСКАЯ ОБЛАСТЬ,УРАЛЬСК Г.А.
448846,Деятельность по обеспечению безопасности и проведению расследований,false,,55103000,883,121461000,920,35648000,846,122676000,1031,12587000,994,54463000,957,2,Деятельность в области административного и вспомогательного обслуживания,ЗАПАДНО-КАЗАХСТАНСКАЯ ОБЛАСТЬ,УРАЛЬСК Г.А.
448847,Деятельность по обеспечению безопасности частных лиц и имущества,false,,55103000,883,121461000,920,32234000,846,122676000,1031,12587000,994,54463000,957,3,Деятельность по обеспечению безопасности и проведению расследований,ЗАПАДНО-КАЗАХСТАНСКАЯ ОБЛАСТЬ,УРАЛЬСК Г.А.
448848,Деятельность по обеспечению безопасности частных лиц и имущества,false,,55103000,883,121461000,920,32234000,846,122676000,1031,12587000,994,54463000,957,4,Деятельность по обеспечению безопасности частных лиц и имущества,ЗАПАДНО-КАЗАХСТАНСКАЯ ОБЛАСТЬ,УРАЛЬСК Г.А.
18946195,Деятельность частных охранных служб,true,,55103000,883,121461000,920,32234000,846,122676000,1031,12587000,994,54463000,957,5,Деятельность по обеспечению безопасности частных лиц и имущества,ЗАПАДНО-КАЗАХСТАНСКАЯ ОБЛАСТЬ,УРАЛЬСК Г.А.
448850,Деятельность в области систем обеспечения безопасности,false,,,,,,x,846,,,,,,,3,Деятельность по обеспечению безопасности и проведению расследований,ЗАПАДНО-КАЗАХСТАНСКАЯ ОБЛАСТЬ,УРАЛЬСК Г.А.
448851,Деятельность в области систем обеспечения безопасности,false,,,,,,x,846,,,,,,,4,Деятельность в области систем обеспечения безопасности,ЗАПАДНО-КАЗАХСТАНСКАЯ ОБЛАСТЬ,УРАЛЬСК Г.А.
448852,Деятельность в области систем обеспечения безопасности,true,,,,,,x,846,,,,,,,5,Деятельность в области систем обеспечения безопасности,ЗАПАДНО-КАЗАХСТАНСКАЯ ОБЛАСТЬ,УРАЛЬСК Г.А.
448856,Деятельность по обслуживанию зданий и благоустройству территорий,false,,4692818000,883,2247065000,920,699249000,846,51077000,1031,84569000,994,1604675000,957,2,Деятельность в области административного и вспомогательного обслуживания,ЗАПАДНО-КАЗАХСТАНСКАЯ ОБЛАСТЬ,УРАЛЬСК Г.А.
448857,Комплексное обслуживание объектов,false,,,,,,,,726000,1031,,,,,3,Деятельность по обслуживанию зданий и благоустройству территорий,ЗАПАДНО-КАЗАХСТАНСКАЯ ОБЛАСТЬ,УРАЛЬСК Г.А.
448858,Комплексное обслуживание объектов,true,,,,,,,,726000,1031,,,,,4,Комплексное обслуживание объектов,ЗАПАДНО-КАЗАХСТАНСКАЯ ОБЛАСТЬ,УРАЛЬСК Г.А.
448860,Деятельность по уборке,false,,,,x,920,x,846,x,1031,x,994,x,957,3,Деятельность по обслуживанию зданий и благоустройству территорий,ЗАПАДНО-КАЗАХСТАНСКАЯ ОБЛАСТЬ,УРАЛЬСК Г.А.
448861,Общая уборка зданий,false,,,,x,920,x,846,x,1031,x,994,x,957,4,Деятельность по уборке,ЗАПАДНО-КАЗАХСТАНСКАЯ ОБЛАСТЬ,УРАЛЬСК Г.А.
448862,Общая уборка зданий,true,,,,x,920,x,846,,,x,994,x,957,5,Общая уборка зданий,ЗАПАДНО-КАЗАХСТАНСКАЯ ОБЛАСТЬ,УРАЛЬСК Г.А.
448867,Деятельность по благоустройству территорий,false,,4692818000,883,2246674000,920,686258000,846,50168000,1031,84317000,994,1600938000,957,3,Деятельность по обслуживанию зданий и благоустройству территорий,ЗАПАДНО-КАЗАХСТАНСКАЯ ОБЛАСТЬ,УРАЛЬСК Г.А.
448868,Деятельность по благоустройству территорий,false,,4692818000,883,2246674000,920,686258000,846,50168000,1031,84317000,994,1600938000,957,4,Деятельность по благоустройству территорий,ЗАПАДНО-КАЗАХСТАНСКАЯ ОБЛАСТЬ,УРАЛЬСК Г.А.
448869,Деятельность по благоустройству территорий,true,,4692818000,883,2246674000,920,686258000,846,50168000,1031,84317000,994,1600938000,957,5,Деятельность по благоустройству территорий,ЗАПАДНО-КАЗАХСТАНСКАЯ ОБЛАСТЬ,УРАЛЬСК Г.А.
448870,"Деятельность в области офисного административного и вспомогательного обслуживания, направленная на поддержание коммерческой деятельности",false,,,,,,45218000,846,14359000,1031,x,994,,,2,Деятельность в области административного и вспомогательного обслуживания,ЗАПАДНО-КАЗАХСТАНСКАЯ ОБЛАСТЬ,УРАЛЬСК Г.А.
448871,Деятельность в области офисного административного и вспомогательного обслуживания,false,,,,,,,,14150000,1031,,,,,3,"Деятельность в области офисного административного и вспомогательного обслуживания, направленная на поддержание коммерческой деятельности",ЗАПАДНО-КАЗАХСТАНСКАЯ ОБЛАСТЬ,УРАЛЬСК Г.А.
448872,Деятельность по предоставлению комплексных офисных административных услуг,false,,,,,,,,14150000,1031,,,,,4,Деятельность в области офисного административного и вспомогательного обслуживания,ЗАПАДНО-КАЗАХСТАНСКАЯ ОБЛАСТЬ,УРАЛЬСК Г.А.
448873,Деятельность по предоставлению комплексных офисных административных услуг,true,,,,,,,,14150000,1031,,,,,5,Деятельность по предоставлению комплексных офисных административных услуг,ЗАПАДНО-КАЗАХСТАНСКАЯ ОБЛАСТЬ,УРАЛЬСК Г.А.
448876,Деятельность телефонных справочно-информационных служб,false,,,,,,258000,846,x,1031,x,994,,,3,"Деятельность в области офисного административного и вспомогательного обслуживания, направленная на поддержание коммерческой деятельности",ЗАПАДНО-КАЗАХСТАНСКАЯ ОБЛАСТЬ,УРАЛЬСК Г.А.
448877,Деятельность телефонных справочно-информационных служб,false,,,,,,258000,846,x,1031,x,994,,,4,Деятельность телефонных справочно-информационных служб,ЗАПАДНО-КАЗАХСТАНСКАЯ ОБЛАСТЬ,УРАЛЬСК Г.А.
448878,Деятельность телефонных справочно-информационных служб,true,,,,,,258000,846,x,1031,x,994,,,5,Деятельность телефонных справочно-информационных служб,ЗАПАДНО-КАЗАХСТАНСКАЯ ОБЛАСТЬ,УРАЛЬСК Г.А.
448882,"Деятельность по предоставлению вспомогательных коммерческих услуг, не включенная в другие группировки",false,,,,,,x,846,,,,,,,3,"Деятельность в области офисного административного и вспомогательного обслуживания, направленная на поддержание коммерческой деятельности",ЗАПАДНО-КАЗАХСТАНСКАЯ ОБЛАСТЬ,УРАЛЬСК Г.А.
448887,"Прочая деятельность по предоставлению вспомогательных коммерческих услуг, не включенная в другие группировки",false,,,,,,x,846,,,,,,,4,"Деятельность по предоставлению вспомогательных коммерческих услуг, не включенная в другие группировки",ЗАПАДНО-КАЗАХСТАНСКАЯ ОБЛАСТЬ,УРАЛЬСК Г.А.
448888,"Прочая деятельность по предоставлению вспомогательных коммерческих услуг, не включенная в другие группировки",true,,,,,,x,846,,,,,,,5,"Прочая деятельность по предоставлению вспомогательных коммерческих услуг, не включенная в другие группировки",ЗАПАДНО-КАЗАХСТАНСКАЯ ОБЛАСТЬ,УРАЛЬСК Г.А.
448889,Государственное управление и оборона; обязательное  социальное обеспечение,false,,1924683000,883,2338622000,920,2087874000,846,7824933000,1031,7644768000,994,2643315000,957,1,Всего,ЗАПАДНО-КАЗАХСТАНСКАЯ ОБЛАСТЬ,УРАЛЬСК Г.А.
448890,Государственное управление и оборона; обязательное социальное обеспечение,false,,1924683000,883,2338622000,920,2087874000,846,7824933000,1031,7644768000,994,2643315000,957,2,Государственное управление и оборона; обязательное  социальное обеспечение,ЗАПАДНО-КАЗАХСТАНСКАЯ ОБЛАСТЬ,УРАЛЬСК Г.А.
448891,Государственное управление общего характера и управление социально-экономическое политикой общества,false,,689076000,883,401449000,920,1068065000,846,4961433000,1031,704601000,994,427788000,957,3,Государственное управление и оборона; обязательное социальное обеспечение,ЗАПАДНО-КАЗАХСТАНСКАЯ ОБЛАСТЬ,УРАЛЬСК Г.А.
448892,Государственное управление общего характера,false,,676374000,883,112186000,920,929933000,846,4093401000,1031,677234000,994,388221000,957,4,Государственное управление общего характера и управление социально-экономическое политикой общества,ЗАПАДНО-КАЗАХСТАНСКАЯ ОБЛАСТЬ,УРАЛЬСК Г.А.
448894,Деятельность региональных органов управления,true,,66967000,883,44348000,920,129937000,846,81143000,1031,189319000,994,267358000,957,5,Государственное управление общего характера,ЗАПАДНО-КАЗАХСТАНСКАЯ ОБЛАСТЬ,УРАЛЬСК Г.А.
448895,Деятельность местных органов управления,true,,602179000,883,24774000,920,799996000,846,4012258000,1031,487915000,994,56058000,957,5,Государственное управление общего характера,ЗАПАДНО-КАЗАХСТАНСКАЯ ОБЛАСТЬ,УРАЛЬСК Г.А.
448896,Деятельность сельских и поселковых органов управления,true,,x,883,43064000,920,,,,,,,64805000,957,5,Государственное управление общего характера,ЗАПАДНО-КАЗАХСТАНСКАЯ ОБЛАСТЬ,УРАЛЬСК Г.А.
448899,Деятельность в области статистики и социологии,true,,x,883,,,,,,,,,,,5,Государственное управление общего характера,ЗАПАДНО-КАЗАХСТАНСКАЯ ОБЛАСТЬ,УРАЛЬСК Г.А.
448900,"Регулирование деятельности учреждений здравоохранения, образования, культуры и других социальных услуг, кроме социального обеспечения ",false,,10283000,883,9608000,920,23681000,846,33711000,1031,17139000,994,19453000,957,4,Государственное управление общего характера и управление социально-экономическое политикой общества,ЗАПАДНО-КАЗАХСТАНСКАЯ ОБЛАСТЬ,УРАЛЬСК Г.А.
448901,"Регулирование деятельности учреждений здравоохранения, образования, культуры и других социальных услуг, кроме социального обеспечения ",true,,10283000,883,9608000,920,23681000,846,33711000,1031,17139000,994,19453000,957,5,"Регулирование деятельности учреждений здравоохранения, образования, культуры и других социальных услуг, кроме социального обеспечения ",ЗАПАДНО-КАЗАХСТАНСКАЯ ОБЛАСТЬ,УРАЛЬСК Г.А.
448902,Регулирование и содействие эффективному ведению экономической деятельности,false,,2419000,883,279655000,920,114451000,846,834321000,1031,10228000,994,20114000,957,4,Государственное управление общего характера и управление социально-экономическое политикой общества,ЗАПАДНО-КАЗАХСТАНСКАЯ ОБЛАСТЬ,УРАЛЬСК Г.А.
448903,Регулирование и содействие эффективному ведению экономической деятельности,true,,2419000,883,279655000,920,114451000,846,834321000,1031,10228000,994,20114000,957,5,Регулирование и содействие эффективному ведению экономической деятельности,ЗАПАДНО-КАЗАХСТАНСКАЯ ОБЛАСТЬ,УРАЛЬСК Г.А.
448904,Предоставление государством услуг обществу в целом,false,,1235607000,883,1937173000,920,1019809000,846,2863500000,1031,6940167000,994,2215527000,957,3,Государственное управление и оборона; обязательное социальное обеспечение,ЗАПАДНО-КАЗАХСТАНСКАЯ ОБЛАСТЬ,УРАЛЬСК Г.А.
448907,Оборонная деятельность,false,,,,,,,,252780000,1031,73170000,994,,,4,Предоставление государством услуг обществу в целом,ЗАПАДНО-КАЗАХСТАНСКАЯ ОБЛАСТЬ,УРАЛЬСК Г.А.
448908,Оборонная деятельность,true,,,,,,,,252780000,1031,73170000,994,,,5,Оборонная деятельность,ЗАПАДНО-КАЗАХСТАНСКАЯ ОБЛАСТЬ,УРАЛЬСК Г.А.
448909,Деятельность в области юстиции и правосудия,false,,7004000,883,2671000,920,x,846,,,1375000,994,15586000,957,4,Предоставление государством услуг обществу в целом,ЗАПАДНО-КАЗАХСТАНСКАЯ ОБЛАСТЬ,УРАЛЬСК Г.А.
448910,Деятельность в области юстиции и правосудия,true,,7004000,883,2671000,920,x,846,,,1375000,994,15586000,957,5,Деятельность в области юстиции и правосудия,ЗАПАДНО-КАЗАХСТАНСКАЯ ОБЛАСТЬ,УРАЛЬСК Г.А.
448911,Деятельность по обеспечению общественного порядка и безопасности,false,,1219284000,883,1303405000,920,992248000,846,1822902000,1031,4794652000,994,x,957,4,Предоставление государством услуг обществу в целом,ЗАПАДНО-КАЗАХСТАНСКАЯ ОБЛАСТЬ,УРАЛЬСК Г.А.
448912,Деятельность по обеспечению общественного порядка и безопасности,true,,1219284000,883,1303405000,920,992248000,846,1822902000,1031,4794652000,994,x,957,5,Деятельность по обеспечению общественного порядка и безопасности,ЗАПАДНО-КАЗАХСТАНСКАЯ ОБЛАСТЬ,УРАЛЬСК Г.А.
448913,Деятельность по обеспечению безопасности в чрезвычайных ситуациях,false,,x,883,631097000,920,23471000,846,787818000,1031,2070970000,994,1121179000,957,4,Предоставление государством услуг обществу в целом,ЗАПАДНО-КАЗАХСТАНСКАЯ ОБЛАСТЬ,УРАЛЬСК Г.А.
448914,Деятельность по обеспечению безопасности в чрезвычайных ситуациях,true,,x,883,631097000,920,23471000,846,787818000,1031,2070970000,994,1121179000,957,5,Деятельность по обеспечению безопасности в чрезвычайных ситуациях,ЗАПАДНО-КАЗАХСТАНСКАЯ ОБЛАСТЬ,УРАЛЬСК Г.А.
448918,Образование,false,,5055189000,883,3767590000,920,4409662000,846,21054553000,1031,5853228000,994,1968648000,957,1,Всего,ЗАПАДНО-КАЗАХСТАНСКАЯ ОБЛАСТЬ,УРАЛЬСК Г.А.
448919,Образование,false,,5055189000,883,3767590000,920,4409662000,846,21054553000,1031,5853228000,994,1968648000,957,2,Образование,ЗАПАДНО-КАЗАХСТАНСКАЯ ОБЛАСТЬ,УРАЛЬСК Г.А.
448920,Дошкольное образование,false,,24115000,883,20000,920,11822000,846,x,1031,1712000,994,33000,957,3,Образование,ЗАПАДНО-КАЗАХСТАНСКАЯ ОБЛАСТЬ,УРАЛЬСК Г.А.
448921,Дошкольное образование,false,,24115000,883,20000,920,11822000,846,x,1031,1712000,994,33000,957,4,Дошкольное образование,ЗАПАДНО-КАЗАХСТАНСКАЯ ОБЛАСТЬ,УРАЛЬСК Г.А.
448922,Дошкольное образование,true,,24115000,883,20000,920,11822000,846,x,1031,1712000,994,33000,957,5,Дошкольное образование,ЗАПАДНО-КАЗАХСТАНСКАЯ ОБЛАСТЬ,УРАЛЬСК Г.А.
448923,Начальное образование (1-й уровень),false,,,,,,,,55124000,1031,51743000,994,,,3,Образование,ЗАПАДНО-КАЗАХСТАНСКАЯ ОБЛАСТЬ,УРАЛЬСК Г.А.
448924,Начальное образование (1-й уровень),false,,,,,,,,55124000,1031,51743000,994,,,4,Начальное образование (1-й уровень),ЗАПАДНО-КАЗАХСТАНСКАЯ ОБЛАСТЬ,УРАЛЬСК Г.А.
448925,Начальное образование (1-й уровень),true,,,,,,,,55124000,1031,51743000,994,,,5,Начальное образование (1-й уровень),ЗАПАДНО-КАЗАХСТАНСКАЯ ОБЛАСТЬ,УРАЛЬСК Г.А.
448926,Среднее образование (2-й и 3-й уровни),false,,4572241000,883,2848919000,920,2917979000,846,19554164000,1031,4975475000,994,1312868000,957,3,Образование,ЗАПАДНО-КАЗАХСТАНСКАЯ ОБЛАСТЬ,УРАЛЬСК Г.А.
448927,Основное и общее среднее образование,false,,4104558000,883,2052335000,920,2786521000,846,19390075000,1031,4953178000,994,1159245000,957,4,Среднее образование (2-й и 3-й уровни),ЗАПАДНО-КАЗАХСТАНСКАЯ ОБЛАСТЬ,УРАЛЬСК Г.А.
448928,Основное и общее среднее образование,true,,4104558000,883,2052335000,920,2786521000,846,19390075000,1031,4953178000,994,1159245000,957,5,Основное и общее среднее образование,ЗАПАДНО-КАЗАХСТАНСКАЯ ОБЛАСТЬ,УРАЛЬСК Г.А.
448929,Техническое и профессиональное среднее образование,false,,467683000,883,796584000,920,131458000,846,164089000,1031,22297000,994,153623000,957,4,Среднее образование (2-й и 3-й уровни),ЗАПАДНО-КАЗАХСТАНСКАЯ ОБЛАСТЬ,УРАЛЬСК Г.А.
448930,Профессионально-техническое образование,true,,,,,,,,1611000,1031,2445000,994,16324000,957,5,Техническое и профессиональное среднее образование,ЗАПАДНО-КАЗАХСТАНСКАЯ ОБЛАСТЬ,УРАЛЬСК Г.А.
448931,Среднее специальное образование,true,,467683000,883,796584000,920,131458000,846,162478000,1031,19852000,994,137299000,957,5,Техническое и профессиональное среднее образование,ЗАПАДНО-КАЗАХСТАНСКАЯ ОБЛАСТЬ,УРАЛЬСК Г.А.
448932,"Высшее образование (5-й, 6-й, 7-й, 8-й уровни)",false,,412281000,883,243638000,920,366087000,846,946329000,1031,774124000,994,320039000,957,3,Образование,ЗАПАДНО-КАЗАХСТАНСКАЯ ОБЛАСТЬ,УРАЛЬСК Г.А.
448935,Высшее и послевузовское образование,false,,412281000,883,243638000,920,366087000,846,946329000,1031,774124000,994,320039000,957,4,"Высшее образование (5-й, 6-й, 7-й, 8-й уровни)",ЗАПАДНО-КАЗАХСТАНСКАЯ ОБЛАСТЬ,УРАЛЬСК Г.А.
448936,Высшее образование,true,,412281000,883,243638000,920,366087000,846,946329000,1031,774124000,994,320039000,957,5,Высшее и послевузовское образование,ЗАПАДНО-КАЗАХСТАНСКАЯ ОБЛАСТЬ,УРАЛЬСК Г.А.
448937,Прочие виды образования,false,,46552000,883,675013000,920,1113774000,846,498486000,1031,50174000,994,335708000,957,3,Образование,ЗАПАДНО-КАЗАХСТАНСКАЯ ОБЛАСТЬ,УРАЛЬСК Г.А.
448938,Образование в области спорта и отдыха,false,,23095000,883,8555000,920,1074276000,846,36965000,1031,21666000,994,9798000,957,4,Прочие виды образования,ЗАПАДНО-КАЗАХСТАНСКАЯ ОБЛАСТЬ,УРАЛЬСК Г.А.
448939,Образование в области спорта и отдыха,true,,23095000,883,8555000,920,1074276000,846,36965000,1031,21666000,994,9798000,957,5,Образование в области спорта и отдыха,ЗАПАДНО-КАЗАХСТАНСКАЯ ОБЛАСТЬ,УРАЛЬСК Г.А.
448940,Образование в области культуры,false,,1218000,883,1297000,920,12454000,846,396515000,1031,,,,,4,Прочие виды образования,ЗАПАДНО-КАЗАХСТАНСКАЯ ОБЛАСТЬ,УРАЛЬСК Г.А.
448941,Образование в области культуры,true,,1218000,883,1297000,920,12454000,846,396515000,1031,,,,,5,Образование в области культуры,ЗАПАДНО-КАЗАХСТАНСКАЯ ОБЛАСТЬ,УРАЛЬСК Г.А.
448942,Деятельность школ подготовки водителей транспортных средств,false,,,,,,,,x,1031,,,,,4,Прочие виды образования,ЗАПАДНО-КАЗАХСТАНСКАЯ ОБЛАСТЬ,УРАЛЬСК Г.А.
448943,Деятельность школ подготовки водителей транспортных средств,true,,,,,,,,x,1031,,,,,5,Деятельность школ подготовки водителей транспортных средств,ЗАПАДНО-КАЗАХСТАНСКАЯ ОБЛАСТЬ,УРАЛЬСК Г.А.
448944,"Прочие виды образования, не включенные в другие группировки",false,,22239000,883,665161000,920,27044000,846,64111000,1031,28508000,994,325910000,957,4,Прочие виды образования,ЗАПАДНО-КАЗАХСТАНСКАЯ ОБЛАСТЬ,УРАЛЬСК Г.А.
448946,"Прочая деятельность в области образования, не включенная в другие группировки",true,,22239000,883,665161000,920,27044000,846,64111000,1031,28508000,994,325910000,957,5,"Прочие виды образования, не включенные в другие группировки",ЗАПАДНО-КАЗАХСТАНСКАЯ ОБЛАСТЬ,УРАЛЬСК Г.А.
448950,Здравоохранение и социальное обслуживание населения,false,,3702197000,883,3910476000,920,4247886000,846,9159811000,1031,11917626000,994,3723373000,957,1,Всего,ЗАПАДНО-КАЗАХСТАНСКАЯ ОБЛАСТЬ,УРАЛЬСК Г.А.
448951,Деятельность в области здравоохранения,false,,3686622000,883,3886460000,920,4207746000,846,5978811000,1031,7742243000,994,2708551000,957,2,Здравоохранение и социальное обслуживание населения,ЗАПАДНО-КАЗАХСТАНСКАЯ ОБЛАСТЬ,УРАЛЬСК Г.А.
448952,Деятельность больничных организаций,false,,2518439000,883,2339063000,920,1587412000,846,4818265000,1031,3671763000,994,1440796000,957,3,Деятельность в области здравоохранения,ЗАПАДНО-КАЗАХСТАНСКАЯ ОБЛАСТЬ,УРАЛЬСК Г.А.
448953,Деятельность больничных организаций,false,,2518439000,883,2339063000,920,1587412000,846,4818265000,1031,3671763000,994,1440796000,957,4,Деятельность больничных организаций,ЗАПАДНО-КАЗАХСТАНСКАЯ ОБЛАСТЬ,УРАЛЬСК Г.А.
448954,Деятельность больниц широкого профиля и специализированных больниц,true,,2512250000,883,2314558000,920,1430289000,846,3288446000,1031,3029407000,994,935775000,957,5,Деятельность больничных организаций,ЗАПАДНО-КАЗАХСТАНСКАЯ ОБЛАСТЬ,УРАЛЬСК Г.А.
448955,Деятельность родильных домов,true,,6189000,883,24505000,920,157123000,846,1524562000,1031,642356000,994,143772000,957,5,Деятельность больничных организаций,ЗАПАДНО-КАЗАХСТАНСКАЯ ОБЛАСТЬ,УРАЛЬСК Г.А.
448958,"Деятельность других лечебных учреждений, имеющих стационары",true,,,,,,,,5257000,1031,,,361249000,957,5,Деятельность больничных организаций,ЗАПАДНО-КАЗАХСТАНСКАЯ ОБЛАСТЬ,УРАЛЬСК Г.А.
448959,Деятельность в области врачебной практики и стоматологии,false,,707523000,883,1185129000,920,2501515000,846,788582000,1031,1141922000,994,962062000,957,3,Деятельность в области здравоохранения,ЗАПАДНО-КАЗАХСТАНСКАЯ ОБЛАСТЬ,УРАЛЬСК Г.А.
448960,Общая врачебная практика,false,,123864000,883,508799000,920,227523000,846,385991000,1031,617788000,994,113588000,957,4,Деятельность в области врачебной практики и стоматологии,ЗАПАДНО-КАЗАХСТАНСКАЯ ОБЛАСТЬ,УРАЛЬСК Г.А.
448961,Общая врачебная практика,true,,123864000,883,508799000,920,227523000,846,385991000,1031,617788000,994,113588000,957,5,Общая врачебная практика,ЗАПАДНО-КАЗАХСТАНСКАЯ ОБЛАСТЬ,УРАЛЬСК Г.А.
448962,Специальная врачебная практика,false,,301934000,883,x,920,2158096000,846,105280000,1031,400695000,994,700072000,957,4,Деятельность в области врачебной практики и стоматологии,ЗАПАДНО-КАЗАХСТАНСКАЯ ОБЛАСТЬ,УРАЛЬСК Г.А.
448963,Специальная врачебная практика,true,,301934000,883,x,920,2158096000,846,105280000,1031,400695000,994,700072000,957,5,Специальная врачебная практика,ЗАПАДНО-КАЗАХСТАНСКАЯ ОБЛАСТЬ,УРАЛЬСК Г.А.
448964,Стоматологическая деятельность,false,,281725000,883,182660000,920,115896000,846,297311000,1031,123439000,994,148402000,957,4,Деятельность в области врачебной практики и стоматологии,ЗАПАДНО-КАЗАХСТАНСКАЯ ОБЛАСТЬ,УРАЛЬСК Г.А.
448965,Стоматологическая деятельность,true,,281725000,883,182660000,920,115896000,846,297311000,1031,123439000,994,148402000,957,5,Стоматологическая деятельность,ЗАПАДНО-КАЗАХСТАНСКАЯ ОБЛАСТЬ,УРАЛЬСК Г.А.
448966,Прочая деятельность в области здравоохранения ,false,,460660000,883,362268000,920,118819000,846,371964000,1031,2928558000,994,305693000,957,3,Деятельность в области здравоохранения,ЗАПАДНО-КАЗАХСТАНСКАЯ ОБЛАСТЬ,УРАЛЬСК Г.А.
448967,Прочая деятельность в области здравоохранения ,false,,460660000,883,362268000,920,118819000,846,371964000,1031,2928558000,994,305693000,957,4,Прочая деятельность в области здравоохранения ,ЗАПАДНО-КАЗАХСТАНСКАЯ ОБЛАСТЬ,УРАЛЬСК Г.А.
448968,Прочая деятельность в области здравоохранения ,true,,460660000,883,362268000,920,118819000,846,,,2928558000,994,305693000,957,5,Прочая деятельность в области здравоохранения ,ЗАПАДНО-КАЗАХСТАНСКАЯ ОБЛАСТЬ,УРАЛЬСК Г.А.
448969,Предоставление социальных услуг с обеспечением проживания,false,,15575000,883,11917000,920,40140000,846,549240000,1031,388467000,994,14822000,957,2,Здравоохранение и социальное обслуживание населения,ЗАПАДНО-КАЗАХСТАНСКАЯ ОБЛАСТЬ,УРАЛЬСК Г.А.
448973,"Предоставление социальных услуг с обеспечением проживания лицам, страдающим психическими расстройствами (заболеваниями), с умственными и физическими недостатками, алкогольной или наркотической зависимостью",false,,14720000,883,11242000,920,6664000,846,,,,,8435000,957,3,Предоставление социальных услуг с обеспечением проживания,ЗАПАДНО-КАЗАХСТАНСКАЯ ОБЛАСТЬ,УРАЛЬСК Г.А.
448974,"Предоставление социальных услуг с обеспечением проживания лицам, страдающим психическими расстройствами (заболеваниями), с умственными и физическими недостатками, алкогольной или наркотической зависимостью",false,,14720000,883,11242000,920,6664000,846,,,,,8435000,957,4,"Предоставление социальных услуг с обеспечением проживания лицам, страдающим психическими расстройствами (заболеваниями), с умственными и физическими недостатками, алкогольной или наркотической зависимостью",ЗАПАДНО-КАЗАХСТАНСКАЯ ОБЛАСТЬ,УРАЛЬСК Г.А.
448975,"Предоставление социальных услуг с обеспечением проживания лицам, страдающим психическими расстройствами (заболеваниями), с умственными и физическими недостатками, алкогольной или наркотической зависимостью",true,,14720000,883,11242000,920,6664000,846,,,,,8435000,957,5,"Предоставление социальных услуг с обеспечением проживания лицам, страдающим психическими расстройствами (заболеваниями), с умственными и физическими недостатками, алкогольной или наркотической зависимостью",ЗАПАДНО-КАЗАХСТАНСКАЯ ОБЛАСТЬ,УРАЛЬСК Г.А.
448976,Предоставление социальных услуг пожилым гражданам и инвалидам с обеспечением проживания,false,,855000,883,217000,920,,,,,,,1938000,957,3,Предоставление социальных услуг с обеспечением проживания,ЗАПАДНО-КАЗАХСТАНСКАЯ ОБЛАСТЬ,УРАЛЬСК Г.А.
448977,Предоставление социальных услуг пожилым гражданам и инвалидам с обеспечением проживания,false,,855000,883,217000,920,,,,,,,1938000,957,4,Предоставление социальных услуг пожилым гражданам и инвалидам с обеспечением проживания,ЗАПАДНО-КАЗАХСТАНСКАЯ ОБЛАСТЬ,УРАЛЬСК Г.А.
448978,Предоставление социальных услуг пожилым гражданам и инвалидам с обеспечением проживания,true,,855000,883,217000,920,,,,,,,1938000,957,5,Предоставление социальных услуг пожилым гражданам и инвалидам с обеспечением проживания,ЗАПАДНО-КАЗАХСТАНСКАЯ ОБЛАСТЬ,УРАЛЬСК Г.А.
18703671,Предоставление прочих социальных услуг  с обеспечением проживания,false,,,,458000,920,33476000,846,549240000,1031,388467000,994,4449000,957,3,Предоставление социальных услуг с обеспечением проживания,ЗАПАДНО-КАЗАХСТАНСКАЯ ОБЛАСТЬ,УРАЛЬСК Г.А.
18703672,Предоставление прочих социальных услуг  с обеспечением проживания,false,,,,458000,920,33476000,846,549240000,1031,388467000,994,4449000,957,4,Предоставление прочих социальных услуг  с обеспечением проживания,ЗАПАДНО-КАЗАХСТАНСКАЯ ОБЛАСТЬ,УРАЛЬСК Г.А.
18703673,Предоставление прочих социальных услуг  с обеспечением проживания,true,,,,458000,920,33476000,846,549240000,1031,388467000,994,4449000,957,5,Предоставление прочих социальных услуг  с обеспечением проживания,ЗАПАДНО-КАЗАХСТАНСКАЯ ОБЛАСТЬ,УРАЛЬСК Г.А.
448982,Предоставление социальных услуг без обеспечения проживания,false,,,,12099000,920,,,2631760000,1031,3786916000,994,1000000000,957,2,Здравоохранение и социальное обслуживание населения,ЗАПАДНО-КАЗАХСТАНСКАЯ ОБЛАСТЬ,УРАЛЬСК Г.А.
448983,Предоставление социальных услуг без обеспечения проживания пожилым гражданам и инвалидам,false,,,,12099000,920,,,2631760000,1031,3786916000,994,1000000000,957,3,Предоставление социальных услуг без обеспечения проживания,ЗАПАДНО-КАЗАХСТАНСКАЯ ОБЛАСТЬ,УРАЛЬСК Г.А.
448984,Предоставление социальных услуг без обеспечения проживания пожилым гражданам и инвалидам,false,,,,12099000,920,,,2631760000,1031,3786916000,994,1000000000,957,4,Предоставление социальных услуг без обеспечения проживания пожилым гражданам и инвалидам,ЗАПАДНО-КАЗАХСТАНСКАЯ ОБЛАСТЬ,УРАЛЬСК Г.А.
448985,Предоставление социальных услуг без обеспечения проживания пожилым гражданам и инвалидам,true,,,,12099000,920,,,2631760000,1031,3786916000,994,1000000000,957,5,Предоставление социальных услуг без обеспечения проживания пожилым гражданам и инвалидам,ЗАПАДНО-КАЗАХСТАНСКАЯ ОБЛАСТЬ,УРАЛЬСК Г.А.
448991,"Искусство, развлечения и отдых",false,,7016528000,883,3590638000,920,754742000,846,21139217000,1031,502009000,994,1147146000,957,1,Всего,ЗАПАДНО-КАЗАХСТАНСКАЯ ОБЛАСТЬ,УРАЛЬСК Г.А.
448992,"Деятельность в области творчества, искусства и развлечений",false,,6501286000,883,2759691000,920,x,846,,,,,,,2,"Искусство, развлечения и отдых",ЗАПАДНО-КАЗАХСТАНСКАЯ ОБЛАСТЬ,УРАЛЬСК Г.А.
448993,"Деятельность в области творчества, искусства и развлечений",false,,6501286000,883,2759691000,920,x,846,,,,,,,3,"Деятельность в области творчества, искусства и развлечений",ЗАПАДНО-КАЗАХСТАНСКАЯ ОБЛАСТЬ,УРАЛЬСК Г.А.
448994,Артистическая деятельность,false,,x,883,26827000,920,x,846,,,,,,,4,"Деятельность в области творчества, искусства и развлечений",ЗАПАДНО-КАЗАХСТАНСКАЯ ОБЛАСТЬ,УРАЛЬСК Г.А.
448995,Театральная деятельность,true,,x,883,,,,,,,,,,,5,Артистическая деятельность,ЗАПАДНО-КАЗАХСТАНСКАЯ ОБЛАСТЬ,УРАЛЬСК Г.А.
448996,Концертная деятельность,true,,,,26827000,920,x,846,,,,,,,5,Артистическая деятельность,ЗАПАДНО-КАЗАХСТАНСКАЯ ОБЛАСТЬ,УРАЛЬСК Г.А.
448998,"Деятельность, способствующая проведению культурно-зрелищных мероприятий",false,,x,883,x,920,,,,,,,,,4,"Деятельность в области творчества, искусства и развлечений",ЗАПАДНО-КАЗАХСТАНСКАЯ ОБЛАСТЬ,УРАЛЬСК Г.А.
448999,"Деятельность, способствующая проведению культурно-зрелищных мероприятий",true,,x,883,x,920,,,,,,,,,5,"Деятельность, способствующая проведению культурно-зрелищных мероприятий",ЗАПАДНО-КАЗАХСТАНСКАЯ ОБЛАСТЬ,УРАЛЬСК Г.А.
449004,"Деятельность библиотек, архивов, музеев и прочая деятельность в области культуры",false,,62519000,883,x,920,79141000,846,25125000,1031,12994000,994,x,957,2,"Искусство, развлечения и отдых",ЗАПАДНО-КАЗАХСТАНСКАЯ ОБЛАСТЬ,УРАЛЬСК Г.А.
449005,"Деятельность библиотек, архивов, музеев и прочая деятельность в области культуры",false,,62519000,883,x,920,79141000,846,25125000,1031,12994000,994,x,957,3,"Деятельность библиотек, архивов, музеев и прочая деятельность в области культуры",ЗАПАДНО-КАЗАХСТАНСКАЯ ОБЛАСТЬ,УРАЛЬСК Г.А.
449006,Деятельность библиотек и архивов,false,,52919000,883,x,920,x,846,9516000,1031,12994000,994,x,957,4,"Деятельность библиотек, архивов, музеев и прочая деятельность в области культуры",ЗАПАДНО-КАЗАХСТАНСКАЯ ОБЛАСТЬ,УРАЛЬСК Г.А.
449008,"Библиотечная деятельность, включая деятельность читальных залов, лекториев, демонстрационных залов",true,,52919000,883,x,920,,,9516000,1031,5993000,994,x,957,5,Деятельность библиотек и архивов,ЗАПАДНО-КАЗАХСТАНСКАЯ ОБЛАСТЬ,УРАЛЬСК Г.А.
449009,Деятельность архивов,true,,,,,,x,846,,,7001000,994,,,5,Деятельность библиотек и архивов,ЗАПАДНО-КАЗАХСТАНСКАЯ ОБЛАСТЬ,УРАЛЬСК Г.А.
449011,Деятельность музеев,false,,9600000,883,,,3691000,846,15609000,1031,,,,,4,"Деятельность библиотек, архивов, музеев и прочая деятельность в области культуры",ЗАПАДНО-КАЗАХСТАНСКАЯ ОБЛАСТЬ,УРАЛЬСК Г.А.
449012,Деятельность музеев,true,,9600000,883,,,3691000,846,15609000,1031,,,,,5,Деятельность музеев,ЗАПАДНО-КАЗАХСТАНСКАЯ ОБЛАСТЬ,УРАЛЬСК Г.А.
449022,"Деятельность в области спорта, организации отдыха и развлечений",false,,452723000,883,821267000,920,673593000,846,21114092000,1031,489015000,994,1127834000,957,2,"Искусство, развлечения и отдых",ЗАПАДНО-КАЗАХСТАНСКАЯ ОБЛАСТЬ,УРАЛЬСК Г.А.
449023,Деятельность в области спорта,false,,311356000,883,803390000,920,3455000,846,20473132000,1031,243938000,994,815414000,957,3,"Деятельность в области спорта, организации отдыха и развлечений",ЗАПАДНО-КАЗАХСТАНСКАЯ ОБЛАСТЬ,УРАЛЬСК Г.А.
449024,Эксплуатация спортивных сооружений,false,,307845000,883,699954000,920,x,846,20013441000,1031,,,812584000,957,4,Деятельность в области спорта,ЗАПАДНО-КАЗАХСТАНСКАЯ ОБЛАСТЬ,УРАЛЬСК Г.А.
449025,Эксплуатация спортивных сооружений,true,,307845000,883,699954000,920,x,846,20013441000,1031,,,812584000,957,5,Эксплуатация спортивных сооружений,ЗАПАДНО-КАЗАХСТАНСКАЯ ОБЛАСТЬ,УРАЛЬСК Г.А.
449026,Деятельность спортивных клубов,false,,3247000,883,101963000,920,x,846,6678000,1031,8660000,994,,,4,Деятельность в области спорта,ЗАПАДНО-КАЗАХСТАНСКАЯ ОБЛАСТЬ,УРАЛЬСК Г.А.
449027,Деятельность спортивных клубов,true,,3247000,883,101963000,920,x,846,6678000,1031,8660000,994,,,5,Деятельность спортивных клубов,ЗАПАДНО-КАЗАХСТАНСКАЯ ОБЛАСТЬ,УРАЛЬСК Г.А.
449028,Деятельность фитнес-клубов,false,,,,,,,,1940000,1031,234935000,994,x,957,4,Деятельность в области спорта,ЗАПАДНО-КАЗАХСТАНСКАЯ ОБЛАСТЬ,УРАЛЬСК Г.А.
449029,Деятельность фитнес-клубов,true,,,,,,,,1940000,1031,234935000,994,x,957,5,Деятельность фитнес-клубов,ЗАПАДНО-КАЗАХСТАНСКАЯ ОБЛАСТЬ,УРАЛЬСК Г.А.
449030,Прочая деятельность в области спорта,false,,x,883,x,920,x,846,451073000,1031,343000,994,x,957,4,Деятельность в области спорта,ЗАПАДНО-КАЗАХСТАНСКАЯ ОБЛАСТЬ,УРАЛЬСК Г.А.
449031,Прочая деятельность в области спорта,true,,x,883,x,920,x,846,451073000,1031,343000,994,x,957,5,Прочая деятельность в области спорта,ЗАПАДНО-КАЗАХСТАНСКАЯ ОБЛАСТЬ,УРАЛЬСК Г.А.
449032,Деятельность по организации отдыха и развлечений,false,,141367000,883,17877000,920,670138000,846,640960000,1031,245077000,994,312420000,957,3,"Деятельность в области спорта, организации отдыха и развлечений",ЗАПАДНО-КАЗАХСТАНСКАЯ ОБЛАСТЬ,УРАЛЬСК Г.А.
449033,Деятельность развлекательных и тематических парков,false,,,,x,920,,,x,1031,x,994,x,957,4,Деятельность по организации отдыха и развлечений,ЗАПАДНО-КАЗАХСТАНСКАЯ ОБЛАСТЬ,УРАЛЬСК Г.А.
449034,Деятельность развлекательных и тематических парков,true,,,,x,920,,,x,1031,x,994,x,957,5,Деятельность развлекательных и тематических парков,ЗАПАДНО-КАЗАХСТАНСКАЯ ОБЛАСТЬ,УРАЛЬСК Г.А.
449035,Прочая деятельность по организации отдыха и развлечений,false,,141367000,883,x,920,670138000,846,x,1031,104023000,994,112228000,957,4,Деятельность по организации отдыха и развлечений,ЗАПАДНО-КАЗАХСТАНСКАЯ ОБЛАСТЬ,УРАЛЬСК Г.А.
449036,"Деятельность танцевальных залов, дискотек",true,,,,,,x,846,,,,,,,5,Прочая деятельность по организации отдыха и развлечений,ЗАПАДНО-КАЗАХСТАНСКАЯ ОБЛАСТЬ,УРАЛЬСК Г.А.
449039,Прочие виды деятельности по организации отдыха и развлечений,true,,141367000,883,x,920,35128000,846,x,1031,104023000,994,112228000,957,5,Прочая деятельность по организации отдыха и развлечений,ЗАПАДНО-КАЗАХСТАНСКАЯ ОБЛАСТЬ,УРАЛЬСК Г.А.
449040,Предоставление прочих видов услуг,false,,41765000,883,,,182858000,846,348073000,1031,456965000,994,x,957,1,Всего,ЗАПАДНО-КАЗАХСТАНСКАЯ ОБЛАСТЬ,УРАЛЬСК Г.А.
449041,Деятельность общественных объединений (организаций),false,,,,,,14300000,846,338053000,1031,,,x,957,2,Предоставление прочих видов услуг,ЗАПАДНО-КАЗАХСТАНСКАЯ ОБЛАСТЬ,УРАЛЬСК Г.А.
449050,Деятельность прочих общественных  объединений,false,,,,,,14300000,846,338053000,1031,,,x,957,3,Деятельность общественных объединений (организаций),ЗАПАДНО-КАЗАХСТАНСКАЯ ОБЛАСТЬ,УРАЛЬСК Г.А.
449051,Деятельность религиозных организаций,false,,,,,,14300000,846,338053000,1031,,,,,4,Деятельность прочих общественных  объединений,ЗАПАДНО-КАЗАХСТАНСКАЯ ОБЛАСТЬ,УРАЛЬСК Г.А.
449052,Деятельность религиозных организаций,true,,,,,,14300000,846,338053000,1031,,,,,5,Деятельность религиозных организаций,ЗАПАДНО-КАЗАХСТАНСКАЯ ОБЛАСТЬ,УРАЛЬСК Г.А.
449055,"Деятельность прочих общественных организаций, не включенных в другие группировки",false,,,,,,,,,,,,x,957,4,Деятельность прочих общественных  объединений,ЗАПАДНО-КАЗАХСТАНСКАЯ ОБЛАСТЬ,УРАЛЬСК Г.А.
449056,"Деятельность прочих общественных организаций, не включенных в другие группировки",true,,,,,,,,,,,,x,957,5,"Деятельность прочих общественных организаций, не включенных в другие группировки",ЗАПАДНО-КАЗАХСТАНСКАЯ ОБЛАСТЬ,УРАЛЬСК Г.А.
449057,"Ремонт компьютеров, предметов личного потребления и бытовых товаров",false,,,,,,28000000,846,,,,,,,2,Предоставление прочих видов услуг,ЗАПАДНО-КАЗАХСТАНСКАЯ ОБЛАСТЬ,УРАЛЬСК Г.А.
449063,Ремонт предметов личного потребления и бытовых товаров,false,,,,,,28000000,846,,,,,,,3,"Ремонт компьютеров, предметов личного потребления и бытовых товаров",ЗАПАДНО-КАЗАХСТАНСКАЯ ОБЛАСТЬ,УРАЛЬСК Г.А.
449071,Ремонт мебели и предметов интерьера,false,,,,,,28000000,846,,,,,,,4,Ремонт предметов личного потребления и бытовых товаров,ЗАПАДНО-КАЗАХСТАНСКАЯ ОБЛАСТЬ,УРАЛЬСК Г.А.
449072,Ремонт мебели и предметов интерьера,true,,,,,,28000000,846,,,,,,,5,Ремонт мебели и предметов интерьера,ЗАПАДНО-КАЗАХСТАНСКАЯ ОБЛАСТЬ,УРАЛЬСК Г.А.
449084,Предоставление прочих индивидуальных услуг,false,,41765000,883,,,140558000,846,10020000,1031,456965000,994,,,2,Предоставление прочих видов услуг,ЗАПАДНО-КАЗАХСТАНСКАЯ ОБЛАСТЬ,УРАЛЬСК Г.А.
449085,Предоставление прочих индивидуальных услуг,false,,41765000,883,,,140558000,846,10020000,1031,456965000,994,,,3,Предоставление прочих индивидуальных услуг,ЗАПАДНО-КАЗАХСТАНСКАЯ ОБЛАСТЬ,УРАЛЬСК Г.А.
449093,Деятельность по обеспечению физического комфорта,false,,39310000,883,,,138415000,846,,,440000000,994,,,4,Предоставление прочих индивидуальных услуг,ЗАПАДНО-КАЗАХСТАНСКАЯ ОБЛАСТЬ,УРАЛЬСК Г.А.
449094,Деятельность по обеспечению физического комфорта,true,,39310000,883,,,138415000,846,,,440000000,994,,,5,Деятельность по обеспечению физического комфорта,ЗАПАДНО-КАЗАХСТАНСКАЯ ОБЛАСТЬ,УРАЛЬСК Г.А.
449095,"Предоставление прочих индивидуальных услуг, не включенных в другие группировки",false,,x,883,,,x,846,10020000,1031,x,994,,,4,Предоставление прочих индивидуальных услуг,ЗАПАДНО-КАЗАХСТАНСКАЯ ОБЛАСТЬ,УРАЛЬСК Г.А.
449096,"Предоставление прочих индивидуальных услуг, не включенных в другие группировки",true,,x,883,,,x,846,10020000,1031,x,994,,,5,"Предоставление прочих индивидуальных услуг, не включенных в другие группировки",ЗАПАДНО-КАЗАХСТАНСКАЯ ОБЛАСТЬ,УРАЛЬСК Г.А.
741340,Промышленность,false,,5896918000,883,15131913000,920,11366592000,846,35841787000,1031,20275894000,994,13419898000,957,1,Всего,ЗАПАДНО-КАЗАХСТАНСКАЯ ОБЛАСТЬ,УРАЛЬСК Г.А.
447279,Горнодобывающая промышленность и разработка карьеров,false,,126074000,883,54591000,920,69501000,846,1301524000,1031,850440000,994,803631000,957,2,Промышленность,ЗАПАДНО-КАЗАХСТАНСКАЯ ОБЛАСТЬ,УРАЛЬСК Г.А.
447291,Добыча сырой нефти и природного газа,false,,99089000,883,46625000,920,x,846,206545000,1031,272676000,994,26374000,957,3,Горнодобывающая промышленность и разработка карьеров,ЗАПАДНО-КАЗАХСТАНСКАЯ ОБЛАСТЬ,УРАЛЬСК Г.А.
447295,Добыча природного газа,false,,99089000,883,46625000,920,x,846,206545000,1031,272676000,994,26374000,957,4,Добыча сырой нефти и природного газа,ЗАПАДНО-КАЗАХСТАНСКАЯ ОБЛАСТЬ,УРАЛЬСК Г.А.
447296,Добыча природного газа,false,,99089000,883,46625000,920,x,846,206545000,1031,272676000,994,26374000,957,5,Добыча природного газа,ЗАПАДНО-КАЗАХСТАНСКАЯ ОБЛАСТЬ,УРАЛЬСК Г.А.
447316,Добыча прочих полезных ископаемых,false,,x,883,x,920,,,60297000,1031,,,,,3,Горнодобывающая промышленность и разработка карьеров,ЗАПАДНО-КАЗАХСТАНСКАЯ ОБЛАСТЬ,УРАЛЬСК Г.А.
447317,"Добыча камня, песка и глины",false,,x,883,x,920,,,60297000,1031,,,,,4,Добыча прочих полезных ископаемых,ЗАПАДНО-КАЗАХСТАНСКАЯ ОБЛАСТЬ,УРАЛЬСК Г.А.
447322,"Разработка гравийных и песчаных карьеров, добыча глины и каолина",false,,x,883,x,920,,,60297000,1031,,,,,5,"Добыча камня, песка и глины",ЗАПАДНО-КАЗАХСТАНСКАЯ ОБЛАСТЬ,УРАЛЬСК Г.А.
447339,Предоставление услуг в горнодобывающей промышленности,false,,6998000,883,3389000,920,59044000,846,1034682000,1031,577764000,994,777257000,957,3,Горнодобывающая промышленность и разработка карьеров,ЗАПАДНО-КАЗАХСТАНСКАЯ ОБЛАСТЬ,УРАЛЬСК Г.А.
447340,"Предоставление услуг, способствующих добыче нефти и природного газа",false,,6998000,883,3389000,920,59044000,846,1034682000,1031,577764000,994,777257000,957,4,Предоставление услуг в горнодобывающей промышленности,ЗАПАДНО-КАЗАХСТАНСКАЯ ОБЛАСТЬ,УРАЛЬСК Г.А.
447341,"Предоставление услуг, способствующих добыче нефти и природного газа",false,,6998000,883,3389000,920,59044000,846,1034682000,1031,577764000,994,777257000,957,5,"Предоставление услуг, способствующих добыче нефти и природного газа",ЗАПАДНО-КАЗАХСТАНСКАЯ ОБЛАСТЬ,УРАЛЬСК Г.А.
447346,Обрабатывающая промышленность,false,,3803191000,883,5951056000,920,5396906000,846,9596482000,1031,6869059000,994,4148457000,957,2,Промышленность,ЗАПАДНО-КАЗАХСТАНСКАЯ ОБЛАСТЬ,УРАЛЬСК Г.А.
447347,Производство продуктов питания,false,,670798000,883,2947104000,920,1176348000,846,1137558000,1031,1830898000,994,1368939000,957,3,Обрабатывающая промышленность,ЗАПАДНО-КАЗАХСТАНСКАЯ ОБЛАСТЬ,УРАЛЬСК Г.А.
447348,Переработка и консервирование мяса и производство мясной продукции,false,,412276000,883,2373514000,920,613110000,846,828427000,1031,1306784000,994,879485000,957,4,Производство продуктов питания,ЗАПАДНО-КАЗАХСТАНСКАЯ ОБЛАСТЬ,УРАЛЬСК Г.А.
447349,Переработка и консервирование мяса,false,,45166000,883,1995340000,920,169725000,846,x,1031,x,994,x,957,5,Переработка и консервирование мяса и производство мясной продукции,ЗАПАДНО-КАЗАХСТАНСКАЯ ОБЛАСТЬ,УРАЛЬСК Г.А.
447353,Производство продуктов из мяса и мяса сельскохозяйственной птицы ,false,,367110000,883,378174000,920,443385000,846,438353000,1031,455641000,994,338653000,957,5,Переработка и консервирование мяса и производство мясной продукции,ЗАПАДНО-КАЗАХСТАНСКАЯ ОБЛАСТЬ,УРАЛЬСК Г.А.
447358,Переработка и консервирование фруктов и овощей,false,,,,,,,,,,,,x,957,4,Производство продуктов питания,ЗАПАДНО-КАЗАХСТАНСКАЯ ОБЛАСТЬ,УРАЛЬСК Г.А.
447359,Переработка и консервирование картофеля,false,,,,,,,,,,,,x,957,5,Переработка и консервирование фруктов и овощей,ЗАПАДНО-КАЗАХСТАНСКАЯ ОБЛАСТЬ,УРАЛЬСК Г.А.
447371,Производство молочных продуктов,false,,x,883,,,x,846,,,,,,,4,Производство продуктов питания,ЗАПАДНО-КАЗАХСТАНСКАЯ ОБЛАСТЬ,УРАЛЬСК Г.А.
447372,Переработка молока и производство сыров,false,,x,883,,,x,846,,,,,,,5,Производство молочных продуктов,ЗАПАДНО-КАЗАХСТАНСКАЯ ОБЛАСТЬ,УРАЛЬСК Г.А.
447377,"Производство мукомольно-крупяных продуктов, крахмалов и крахмальных продуктов",false,,139176000,883,560568000,920,137753000,846,264606000,1031,293789000,994,273646000,957,4,Производство продуктов питания,ЗАПАДНО-КАЗАХСТАНСКАЯ ОБЛАСТЬ,УРАЛЬСК Г.А.
447378,Производство мукомольно-крупяных продуктов,false,,139176000,883,560568000,920,137753000,846,264606000,1031,293789000,994,273646000,957,5,"Производство мукомольно-крупяных продуктов, крахмалов и крахмальных продуктов",ЗАПАДНО-КАЗАХСТАНСКАЯ ОБЛАСТЬ,УРАЛЬСК Г.А.
447384,"Производство  хлебобулочных, макаронных и мучных кондитерских изделий",false,,75348000,883,3237000,920,405965000,846,44463000,1031,195325000,994,,,4,Производство продуктов питания,ЗАПАДНО-КАЗАХСТАНСКАЯ ОБЛАСТЬ,УРАЛЬСК Г.А.
447385,Производство хлебобулочных и мучных кондитерских изделий недлительного хранения,false,,,,2089000,920,,,44463000,1031,155325000,994,,,5,"Производство  хлебобулочных, макаронных и мучных кондитерских изделий",ЗАПАДНО-КАЗАХСТАНСКАЯ ОБЛАСТЬ,УРАЛЬСК Г.А.
447387,"Производство сухарей и печенья, мучных кондитерских изделий длительного хранения",false,,63514000,883,1148000,920,346535000,846,,,40000000,994,,,5,"Производство  хлебобулочных, макаронных и мучных кондитерских изделий",ЗАПАДНО-КАЗАХСТАНСКАЯ ОБЛАСТЬ,УРАЛЬСК Г.А.
447389,Производство макаронных изделий,false,,11834000,883,,,59430000,846,,,,,,,5,"Производство  хлебобулочных, макаронных и мучных кондитерских изделий",ЗАПАДНО-КАЗАХСТАНСКАЯ ОБЛАСТЬ,УРАЛЬСК Г.А.
447391,Производство прочих продуктов питания,false,,x,883,,,x,846,,,35000000,994,,,4,Производство продуктов питания,ЗАПАДНО-КАЗАХСТАНСКАЯ ОБЛАСТЬ,УРАЛЬСК Г.А.
447400,Производство готовых пищевых продуктов,false,,x,883,,,x,846,,,35000000,994,,,5,Производство прочих продуктов питания,ЗАПАДНО-КАЗАХСТАНСКАЯ ОБЛАСТЬ,УРАЛЬСК Г.А.
447408,Производство готовых кормов для животных,false,,,,x,920,,,x,1031,,,x,957,4,Производство продуктов питания,ЗАПАДНО-КАЗАХСТАНСКАЯ ОБЛАСТЬ,УРАЛЬСК Г.А.
447409,Производство готовых кормов для сельскохозяйственных животных,false,,,,x,920,,,x,1031,,,x,957,5,Производство готовых кормов для животных,ЗАПАДНО-КАЗАХСТАНСКАЯ ОБЛАСТЬ,УРАЛЬСК Г.А.
447413,Производство напитков,false,,103315000,883,361425000,920,261974000,846,6097000,1031,1289228000,994,316543000,957,3,Обрабатывающая промышленность,ЗАПАДНО-КАЗАХСТАНСКАЯ ОБЛАСТЬ,УРАЛЬСК Г.А.
447414,Производство напитков,false,,103315000,883,361425000,920,261974000,846,6097000,1031,1289228000,994,316543000,957,4,Производство напитков,ЗАПАДНО-КАЗАХСТАНСКАЯ ОБЛАСТЬ,УРАЛЬСК Г.А.
447423,Производство пива,false,,26228000,883,361425000,920,261867000,846,6097000,1031,25285000,994,316543000,957,5,Производство напитков,ЗАПАДНО-КАЗАХСТАНСКАЯ ОБЛАСТЬ,УРАЛЬСК Г.А.
447427,"Производство безалкогольных напитков, минеральных вод и других вод в бутылках",false,,77087000,883,,,107000,846,,,x,994,,,5,Производство напитков,ЗАПАДНО-КАЗАХСТАНСКАЯ ОБЛАСТЬ,УРАЛЬСК Г.А.
447434,Производство текстильных изделий,false,,,,,,,,47112000,1031,x,994,x,957,3,Обрабатывающая промышленность,ЗАПАДНО-КАЗАХСТАНСКАЯ ОБЛАСТЬ,УРАЛЬСК Г.А.
447456,Производство прочих текстильных изделий,false,,,,,,,,47112000,1031,x,994,x,957,4,Производство текстильных изделий,ЗАПАДНО-КАЗАХСТАНСКАЯ ОБЛАСТЬ,УРАЛЬСК Г.А.
447460,"Производство готовых текстильных изделий, кроме одежды",false,,,,,,,,10264000,1031,,,,,5,Производство прочих текстильных изделий,ЗАПАДНО-КАЗАХСТАНСКАЯ ОБЛАСТЬ,УРАЛЬСК Г.А.
447469,Производство прочих текстильных изделий технического и производственного назначения,false,,,,,,,,x,1031,x,994,,,5,Производство прочих текстильных изделий,ЗАПАДНО-КАЗАХСТАНСКАЯ ОБЛАСТЬ,УРАЛЬСК Г.А.
447471,"Производство прочих текстильных изделий, не включенных в другие группировки ",false,,,,,,,,,,,,x,957,5,Производство прочих текстильных изделий,ЗАПАДНО-КАЗАХСТАНСКАЯ ОБЛАСТЬ,УРАЛЬСК Г.А.
447475,Производство одежды,false,,x,883,,,1684000,846,,,,,,,3,Обрабатывающая промышленность,ЗАПАДНО-КАЗАХСТАНСКАЯ ОБЛАСТЬ,УРАЛЬСК Г.А.
447476,"Производство одежды, кроме одежды из меха",false,,x,883,,,1684000,846,,,,,,,4,Производство одежды,ЗАПАДНО-КАЗАХСТАНСКАЯ ОБЛАСТЬ,УРАЛЬСК Г.А.
447479,Производство спецодежды,false,,x,883,,,1684000,846,,,,,,,5,"Производство одежды, кроме одежды из меха",ЗАПАДНО-КАЗАХСТАНСКАЯ ОБЛАСТЬ,УРАЛЬСК Г.А.
447496,Производство кожаной и относящейся к ней продукции,false,,434495000,883,x,920,268105000,846,,,,,,,3,Обрабатывающая промышленность,ЗАПАДНО-КАЗАХСТАНСКАЯ ОБЛАСТЬ,УРАЛЬСК Г.А.
447497,"Дубление и выделка кожи; производство дорожных принадлежностей, шорно-седельных изделий; выделка и крашение меха",false,,434495000,883,x,920,268105000,846,,,,,,,4,Производство кожаной и относящейся к ней продукции,ЗАПАДНО-КАЗАХСТАНСКАЯ ОБЛАСТЬ,УРАЛЬСК Г.А.
447498,Дубление и выделка кожи; выделка и крашение меха,false,,434495000,883,x,920,268105000,846,,,,,,,5,"Дубление и выделка кожи; производство дорожных принадлежностей, шорно-седельных изделий; выделка и крашение меха",ЗАПАДНО-КАЗАХСТАНСКАЯ ОБЛАСТЬ,УРАЛЬСК Г.А.
447508,"Производство деревянных и пробковых изделий, кроме мебели; производство изделий из соломки и материалов для плетения",false,,184000,883,78324000,920,26246000,846,,,,,x,957,3,Обрабатывающая промышленность,ЗАПАДНО-КАЗАХСТАНСКАЯ ОБЛАСТЬ,УРАЛЬСК Г.А.
447514,"Производство изделий из древесины, пробки, соломки и материалов для плетения ",false,,184000,883,78324000,920,26246000,846,,,,,x,957,4,"Производство деревянных и пробковых изделий, кроме мебели; производство изделий из соломки и материалов для плетения",ЗАПАДНО-КАЗАХСТАНСКАЯ ОБЛАСТЬ,УРАЛЬСК Г.А.
447525,"Производство прочих деревянных изделий; производство изделий из пробки, соломки и материалов для плетения",false,,184000,883,78324000,920,26246000,846,,,,,x,957,5,"Производство изделий из древесины, пробки, соломки и материалов для плетения ",ЗАПАДНО-КАЗАХСТАНСКАЯ ОБЛАСТЬ,УРАЛЬСК Г.А.
447547,Полиграфическая деятельность и воспроизведение записанных носителей информации,false,,x,883,2517000,920,1568000,846,,,x,994,25866000,957,3,Обрабатывающая промышленность,ЗАПАДНО-КАЗАХСТАНСКАЯ ОБЛАСТЬ,УРАЛЬСК Г.А.
447548,Полиграфическая деятельность и предоставление услуг в этой области,false,,x,883,2517000,920,1568000,846,,,x,994,25866000,957,4,Полиграфическая деятельность и воспроизведение записанных носителей информации,ЗАПАДНО-КАЗАХСТАНСКАЯ ОБЛАСТЬ,УРАЛЬСК Г.А.
447551,Прочие виды печатного производства,false,,x,883,2517000,920,1568000,846,,,x,994,25866000,957,5,Полиграфическая деятельность и предоставление услуг в этой области,ЗАПАДНО-КАЗАХСТАНСКАЯ ОБЛАСТЬ,УРАЛЬСК Г.А.
447572,Производство продуктов химической промышленности,false,,409024000,883,77351000,920,710627000,846,1197417000,1031,837442000,994,145232000,957,3,Обрабатывающая промышленность,ЗАПАДНО-КАЗАХСТАНСКАЯ ОБЛАСТЬ,УРАЛЬСК Г.А.
447573,"Производство основных химических веществ, удобрений и азотных соединений, пластмасс и синтетического каучука в первичных формах",false,,409024000,883,77351000,920,704420000,846,1196453000,1031,837442000,994,145232000,957,4,Производство продуктов химической промышленности,ЗАПАДНО-КАЗАХСТАНСКАЯ ОБЛАСТЬ,УРАЛЬСК Г.А.
447574,Производство промышленных газов,false,,409024000,883,77351000,920,704420000,846,1196453000,1031,837442000,994,145232000,957,5,"Производство основных химических веществ, удобрений и азотных соединений, пластмасс и синтетического каучука в первичных формах",ЗАПАДНО-КАЗАХСТАНСКАЯ ОБЛАСТЬ,УРАЛЬСК Г.А.
447598,"Производство мыла, моющих, чистящих, полирующих, парфюмерных и косметических средств",false,,,,,,6207000,846,,,,,,,4,Производство продуктов химической промышленности,ЗАПАДНО-КАЗАХСТАНСКАЯ ОБЛАСТЬ,УРАЛЬСК Г.А.
447599,"Производство мыла и моющих, чистящих и полирующих средств",false,,,,,,6207000,846,,,,,,,5,"Производство мыла, моющих, чистящих, полирующих, парфюмерных и косметических средств",ЗАПАДНО-КАЗАХСТАНСКАЯ ОБЛАСТЬ,УРАЛЬСК Г.А.
447603,Производство прочих химических продуктов,false,,,,,,,,964000,1031,,,,,4,Производство продуктов химической промышленности,ЗАПАДНО-КАЗАХСТАНСКАЯ ОБЛАСТЬ,УРАЛЬСК Г.А.
447611,"Производство прочих химических продуктов, не включенных в другие группировки ",false,,,,,,,,964000,1031,,,,,5,Производство прочих химических продуктов,ЗАПАДНО-КАЗАХСТАНСКАЯ ОБЛАСТЬ,УРАЛЬСК Г.А.
447620,Производство основных фармацевтических продуктов и фармацевтических препаратов,false,,,,116513000,920,,,1799000,1031,,,338000,957,3,Обрабатывающая промышленность,ЗАПАДНО-КАЗАХСТАНСКАЯ ОБЛАСТЬ,УРАЛЬСК Г.А.
447624,Производство фармацевтических препаратов и медицинских материалов,false,,,,116513000,920,,,1799000,1031,,,338000,957,4,Производство основных фармацевтических продуктов и фармацевтических препаратов,ЗАПАДНО-КАЗАХСТАНСКАЯ ОБЛАСТЬ,УРАЛЬСК Г.А.
447625,Производство фармацевтических препаратов и медицинских материалов,false,,,,116513000,920,,,1799000,1031,,,338000,957,5,Производство фармацевтических препаратов и медицинских материалов,ЗАПАДНО-КАЗАХСТАНСКАЯ ОБЛАСТЬ,УРАЛЬСК Г.А.
447628,Производство резиновых и пластмассовых изделий,false,,132523000,883,1064784000,920,877295000,846,1521587000,1031,235464000,994,287664000,957,3,Обрабатывающая промышленность,ЗАПАДНО-КАЗАХСТАНСКАЯ ОБЛАСТЬ,УРАЛЬСК Г.А.
447629,Производство резиновых изделий,false,,,,,,4161000,846,,,,,,,4,Производство резиновых и пластмассовых изделий,ЗАПАДНО-КАЗАХСТАНСКАЯ ОБЛАСТЬ,УРАЛЬСК Г.А.
447633,Производство прочих резиновых изделий,false,,,,,,4161000,846,,,,,,,5,Производство резиновых изделий,ЗАПАДНО-КАЗАХСТАНСКАЯ ОБЛАСТЬ,УРАЛЬСК Г.А.
447636,Производство пластмассовых изделий,false,,132523000,883,1064784000,920,873134000,846,1521587000,1031,235464000,994,287664000,957,4,Производство резиновых и пластмассовых изделий,ЗАПАДНО-КАЗАХСТАНСКАЯ ОБЛАСТЬ,УРАЛЬСК Г.А.
447637,"Производство пластмассовых плит, листов, труб и профилей",false,,132523000,883,1064784000,920,872950000,846,1521587000,1031,194506000,994,271860000,957,5,Производство пластмассовых изделий,ЗАПАДНО-КАЗАХСТАНСКАЯ ОБЛАСТЬ,УРАЛЬСК Г.А.
447641,Производство строительных пластмассовых изделий,false,,,,,,184000,846,,,x,994,x,957,5,Производство пластмассовых изделий,ЗАПАДНО-КАЗАХСТАНСКАЯ ОБЛАСТЬ,УРАЛЬСК Г.А.
447646,Производство прочей не металлической минеральной продукции,false,,340874000,883,329831000,920,571630000,846,2127069000,1031,388454000,994,866973000,957,3,Обрабатывающая промышленность,ЗАПАДНО-КАЗАХСТАНСКАЯ ОБЛАСТЬ,УРАЛЬСК Г.А.
447647,Производство стекла и изделий из стекла,false,,151142000,883,22279000,920,214022000,846,628632000,1031,96873000,994,45748000,957,4,Производство прочей не металлической минеральной продукции,ЗАПАДНО-КАЗАХСТАНСКАЯ ОБЛАСТЬ,УРАЛЬСК Г.А.
447650,Формирование и обработка листового стекла,false,,151142000,883,22279000,920,214022000,846,628632000,1031,96873000,994,45748000,957,5,Производство стекла и изделий из стекла,ЗАПАДНО-КАЗАХСТАНСКАЯ ОБЛАСТЬ,УРАЛЬСК Г.А.
447688,"Производство изделий из бетона, цемента и строительного гипса ",false,,146262000,883,212372000,920,357608000,846,1498437000,1031,291581000,994,821225000,957,4,Производство прочей не металлической минеральной продукции,ЗАПАДНО-КАЗАХСТАНСКАЯ ОБЛАСТЬ,УРАЛЬСК Г.А.
447689,Производство строительных изделий из бетона,false,,28981000,883,157507000,920,70372000,846,445140000,1031,193573000,994,813833000,957,5,"Производство изделий из бетона, цемента и строительного гипса ",ЗАПАДНО-КАЗАХСТАНСКАЯ ОБЛАСТЬ,УРАЛЬСК Г.А.
447695,Производство товарного бетона ,false,,116901000,883,x,920,257236000,846,57097000,1031,x,994,x,957,5,"Производство изделий из бетона, цемента и строительного гипса ",ЗАПАДНО-КАЗАХСТАНСКАЯ ОБЛАСТЬ,УРАЛЬСК Г.А.
447702,"Производство прочих изделий из бетона, строительного гипса и цемента",false,,x,883,,,x,846,996200000,1031,,,,,5,"Производство изделий из бетона, цемента и строительного гипса ",ЗАПАДНО-КАЗАХСТАНСКАЯ ОБЛАСТЬ,УРАЛЬСК Г.А.
447707,Производство абразивных изделий и прочей неметаллической минеральной продукции,false,,43470000,883,95180000,920,,,,,,,,,4,Производство прочей не металлической минеральной продукции,ЗАПАДНО-КАЗАХСТАНСКАЯ ОБЛАСТЬ,УРАЛЬСК Г.А.
447710,"Производство прочей неметаллической минеральной продукции, не включенной в другие группировки",false,,43470000,883,95180000,920,,,,,,,,,5,Производство абразивных изделий и прочей неметаллической минеральной продукции,ЗАПАДНО-КАЗАХСТАНСКАЯ ОБЛАСТЬ,УРАЛЬСК Г.А.
447717,Металлургическое производство,false,,329414000,883,454158000,920,74230000,846,1760642000,1031,335938000,994,326439000,957,3,Обрабатывающая промышленность,ЗАПАДНО-КАЗАХСТАНСКАЯ ОБЛАСТЬ,УРАЛЬСК Г.А.
447721,"Производство труб, трубок, полых профилей, фитингов из стали",false,,227355000,883,x,920,50757000,846,x,1031,x,994,x,957,4,Металлургическое производство,ЗАПАДНО-КАЗАХСТАНСКАЯ ОБЛАСТЬ,УРАЛЬСК Г.А.
447722,"Производство труб, трубок, полых профилей, фитингов из стали",false,,227355000,883,x,920,50757000,846,x,1031,x,994,x,957,5,"Производство труб, трубок, полых профилей, фитингов из стали",ЗАПАДНО-КАЗАХСТАНСКАЯ ОБЛАСТЬ,УРАЛЬСК Г.А.
447724,Производство прочих стальных изделий путем первичной обработки,false,,96434000,883,x,920,16209000,846,x,1031,x,994,x,957,4,Металлургическое производство,ЗАПАДНО-КАЗАХСТАНСКАЯ ОБЛАСТЬ,УРАЛЬСК Г.А.
447729,Холодная штамповка или гибка,false,,96434000,883,x,920,16209000,846,x,1031,x,994,x,957,5,Производство прочих стальных изделий путем первичной обработки,ЗАПАДНО-КАЗАХСТАНСКАЯ ОБЛАСТЬ,УРАЛЬСК Г.А.
447750,Литье металлов,false,,x,883,x,920,x,846,,,,,,,4,Металлургическое производство,ЗАПАДНО-КАЗАХСТАНСКАЯ ОБЛАСТЬ,УРАЛЬСК Г.А.
447751,Литье чугуна,false,,x,883,x,920,x,846,,,,,,,5,Литье металлов,ЗАПАДНО-КАЗАХСТАНСКАЯ ОБЛАСТЬ,УРАЛЬСК Г.А.
447760,"Производство готовых металлических изделий, кроме машин и оборудования",false,,,,71562000,920,50704000,846,,,x,994,x,957,3,Обрабатывающая промышленность,ЗАПАДНО-КАЗАХСТАНСКАЯ ОБЛАСТЬ,УРАЛЬСК Г.А.
447761,Производство строительных металлических конструкций и изделий,false,,,,71562000,920,x,846,,,,,,,4,"Производство готовых металлических изделий, кроме машин и оборудования",ЗАПАДНО-КАЗАХСТАНСКАЯ ОБЛАСТЬ,УРАЛЬСК Г.А.
447762,Производство строительных металлических конструкций и их частей,false,,,,71562000,920,x,846,,,,,,,5,Производство строительных металлических конструкций и изделий,ЗАПАДНО-КАЗАХСТАНСКАЯ ОБЛАСТЬ,УРАЛЬСК Г.А.
447780,"Ковка, прессование, штамповка, профилирование металла; порошковая металлургия ",false,,,,,,,,,,x,994,x,957,4,"Производство готовых металлических изделий, кроме машин и оборудования",ЗАПАДНО-КАЗАХСТАНСКАЯ ОБЛАСТЬ,УРАЛЬСК Г.А.
447781,"Ковка, прессование, штамповка, профилирование металла; порошковая металлургия ",false,,,,,,,,,,x,994,x,957,5,"Ковка, прессование, штамповка, профилирование металла; порошковая металлургия ",ЗАПАДНО-КАЗАХСТАНСКАЯ ОБЛАСТЬ,УРАЛЬСК Г.А.
447797,Производство прочих готовых металлических изделий,false,,,,,,50640000,846,,,,,,,4,"Производство готовых металлических изделий, кроме машин и оборудования",ЗАПАДНО-КАЗАХСТАНСКАЯ ОБЛАСТЬ,УРАЛЬСК Г.А.
447807,"Производство прочих готовых металлических изделий, не включенных в другие группировки",false,,,,,,50640000,846,,,,,,,5,Производство прочих готовых металлических изделий,ЗАПАДНО-КАЗАХСТАНСКАЯ ОБЛАСТЬ,УРАЛЬСК Г.А.
447849,Производство электрического оборудования,false,,717976000,883,x,920,172602000,846,x,1031,153042000,994,55650000,957,3,Обрабатывающая промышленность,ЗАПАДНО-КАЗАХСТАНСКАЯ ОБЛАСТЬ,УРАЛЬСК Г.А.
447850,"Производство электродвигателей, генераторов, трансформаторов и электрораспределительной и регулирующей аппаратуры",false,,717976000,883,x,920,152908000,846,x,1031,153042000,994,55650000,957,4,Производство электрического оборудования,ЗАПАДНО-КАЗАХСТАНСКАЯ ОБЛАСТЬ,УРАЛЬСК Г.А.
447851,"Производство электродвигателей, генераторов и трансформаторов",false,,717976000,883,x,920,152908000,846,x,1031,153042000,994,55650000,957,5,"Производство электродвигателей, генераторов, трансформаторов и электрораспределительной и регулирующей аппаратуры",ЗАПАДНО-КАЗАХСТАНСКАЯ ОБЛАСТЬ,УРАЛЬСК Г.А.
447858,Производство электропроводки и электромонтажных устройств,false,,,,,,x,846,,,,,,,4,Производство электрического оборудования,ЗАПАДНО-КАЗАХСТАНСКАЯ ОБЛАСТЬ,УРАЛЬСК Г.А.
447861,Производство прочих электрических проводов и кабелей,false,,,,,,x,846,,,,,,,5,Производство электропроводки и электромонтажных устройств,ЗАПАДНО-КАЗАХСТАНСКАЯ ОБЛАСТЬ,УРАЛЬСК Г.А.
447881,"Производство машин и оборудования, не включенных в другие группировки ",false,,227480000,883,340506000,920,298976000,846,608317000,1031,217124000,994,68373000,957,3,Обрабатывающая промышленность,ЗАПАДНО-КАЗАХСТАНСКАЯ ОБЛАСТЬ,УРАЛЬСК Г.А.
447882,Производство оборудования общего назначения,false,,36448000,883,x,920,39599000,846,46549000,1031,x,994,5720000,957,4,"Производство машин и оборудования, не включенных в другие группировки ",ЗАПАДНО-КАЗАХСТАНСКАЯ ОБЛАСТЬ,УРАЛЬСК Г.А.
447888,Производство прочих насосов и компрессоров,false,,,,,,x,846,,,,,x,957,5,Производство оборудования общего назначения,ЗАПАДНО-КАЗАХСТАНСКАЯ ОБЛАСТЬ,УРАЛЬСК Г.А.
447893,"Производство подшипников, зубчатых передач, элементов зубчатых передач и приводов",false,,36448000,883,x,920,39439000,846,46549000,1031,x,994,x,957,5,Производство оборудования общего назначения,ЗАПАДНО-КАЗАХСТАНСКАЯ ОБЛАСТЬ,УРАЛЬСК Г.А.
447896,Производство прочих машин и оборудования общего назначения ,false,,33065000,883,25090000,920,24299000,846,,,9164000,994,x,957,4,"Производство машин и оборудования, не включенных в другие группировки ",ЗАПАДНО-КАЗАХСТАНСКАЯ ОБЛАСТЬ,УРАЛЬСК Г.А.
447914,"Производство прочих машин и оборудования общего назначения, не включенных в другие группировки ",false,,33065000,883,25090000,920,24299000,846,,,9164000,994,x,957,5,Производство прочих машин и оборудования общего назначения ,ЗАПАДНО-КАЗАХСТАНСКАЯ ОБЛАСТЬ,УРАЛЬСК Г.А.
447938,Производство прочих машин и оборудования специального назначения ,false,,157967000,883,x,920,235078000,846,561768000,1031,158482000,994,55666000,957,4,"Производство машин и оборудования, не включенных в другие группировки ",ЗАПАДНО-КАЗАХСТАНСКАЯ ОБЛАСТЬ,УРАЛЬСК Г.А.
447960,"Производство прочих машин и оборудования специального назначения, не включенных в другие группировки",false,,157967000,883,x,920,235078000,846,561768000,1031,158482000,994,55666000,957,5,Производство прочих машин и оборудования специального назначения ,ЗАПАДНО-КАЗАХСТАНСКАЯ ОБЛАСТЬ,УРАЛЬСК Г.А.
447968,"Производство автомобилей, прицепов и полуприцепов",false,,x,883,21272000,920,x,846,292729000,1031,443752000,994,166165000,957,3,Обрабатывающая промышленность,ЗАПАДНО-КАЗАХСТАНСКАЯ ОБЛАСТЬ,УРАЛЬСК Г.А.
447969,Производство автомобилей,false,,x,883,21272000,920,x,846,292729000,1031,443752000,994,166165000,957,4,"Производство автомобилей, прицепов и полуприцепов",ЗАПАДНО-КАЗАХСТАНСКАЯ ОБЛАСТЬ,УРАЛЬСК Г.А.
447970,Производство автомобилей,false,,x,883,21272000,920,x,846,292729000,1031,443752000,994,166165000,957,5,Производство автомобилей,ЗАПАДНО-КАЗАХСТАНСКАЯ ОБЛАСТЬ,УРАЛЬСК Г.А.
447983,Производство прочих транспортных средств,false,,78940000,883,46470000,920,22981000,846,523924000,1031,173552000,994,45053000,957,3,Обрабатывающая промышленность,ЗАПАДНО-КАЗАХСТАНСКАЯ ОБЛАСТЬ,УРАЛЬСК Г.А.
447984,Строительство судов и лодок,false,,78940000,883,46470000,920,22981000,846,523924000,1031,173552000,994,45053000,957,4,Производство прочих транспортных средств,ЗАПАДНО-КАЗАХСТАНСКАЯ ОБЛАСТЬ,УРАЛЬСК Г.А.
447985,Строительство судов и плавучих средств,false,,78940000,883,46470000,920,22981000,846,523924000,1031,173552000,994,45053000,957,5,Строительство судов и лодок,ЗАПАДНО-КАЗАХСТАНСКАЯ ОБЛАСТЬ,УРАЛЬСК Г.А.
448008,Производство мебели,false,,x,883,5691000,920,x,846,,,,,,,3,Обрабатывающая промышленность,ЗАПАДНО-КАЗАХСТАНСКАЯ ОБЛАСТЬ,УРАЛЬСК Г.А.
448009,Производство мебели,false,,x,883,5691000,920,x,846,,,,,,,4,Производство мебели,ЗАПАДНО-КАЗАХСТАНСКАЯ ОБЛАСТЬ,УРАЛЬСК Г.А.
448010,Производство мебели для офисов и предприятий торговли,false,,x,883,,,x,846,,,,,,,5,Производство мебели,ЗАПАДНО-КАЗАХСТАНСКАЯ ОБЛАСТЬ,УРАЛЬСК Г.А.
448017,Производство прочей мебели,false,,,,5691000,920,,,,,,,,,5,Производство мебели,ЗАПАДНО-КАЗАХСТАНСКАЯ ОБЛАСТЬ,УРАЛЬСК Г.А.
448050,Ремонт и установка машин и оборудования,false,,55731000,883,22478000,920,76265000,846,232353000,1031,866802000,994,61685000,957,3,Обрабатывающая промышленность,ЗАПАДНО-КАЗАХСТАНСКАЯ ОБЛАСТЬ,УРАЛЬСК Г.А.
448051,"Ремонт готовых металлических изделий, машин и оборудования",false,,55731000,883,22478000,920,76265000,846,232353000,1031,866802000,994,61685000,957,4,Ремонт и установка машин и оборудования,ЗАПАДНО-КАЗАХСТАНСКАЯ ОБЛАСТЬ,УРАЛЬСК Г.А.
448052,Ремонт готовых металлических изделий,false,,,,,,,,7500000,1031,,,,,5,"Ремонт готовых металлических изделий, машин и оборудования",ЗАПАДНО-КАЗАХСТАНСКАЯ ОБЛАСТЬ,УРАЛЬСК Г.А.
448059,Ремонт машин и оборудования,false,,47890000,883,x,920,61981000,846,15488000,1031,115036000,994,27449000,957,5,"Ремонт готовых металлических изделий, машин и оборудования",ЗАПАДНО-КАЗАХСТАНСКАЯ ОБЛАСТЬ,УРАЛЬСК Г.А.
448066,Ремонт электронного и оптического оборудования,false,,5248000,883,16175000,920,13952000,846,3914000,1031,41408000,994,2085000,957,5,"Ремонт готовых металлических изделий, машин и оборудования",ЗАПАДНО-КАЗАХСТАНСКАЯ ОБЛАСТЬ,УРАЛЬСК Г.А.
448071,Ремонт электрического оборудования,false,,x,883,x,920,x,846,198131000,1031,703576000,994,x,957,5,"Ремонт готовых металлических изделий, машин и оборудования",ЗАПАДНО-КАЗАХСТАНСКАЯ ОБЛАСТЬ,УРАЛЬСК Г.А.
448081,Ремонт и техническое обслуживание прочих транспортных средств и оборудования,false,,x,883,1402000,920,x,846,x,1031,x,994,x,957,5,"Ремонт готовых металлических изделий, машин и оборудования",ЗАПАДНО-КАЗАХСТАНСКАЯ ОБЛАСТЬ,УРАЛЬСК Г.А.
448090,"Снабжение электроэнергией, газом, паром, горячей водой и кондиционированным воздухом",false,,1515853000,883,4474716000,920,4327076000,846,18716955000,1031,9111854000,994,4713327000,957,2,Промышленность,ЗАПАДНО-КАЗАХСТАНСКАЯ ОБЛАСТЬ,УРАЛЬСК Г.А.
448091,"Снабжение электроэнергией, газом, паром, горячей водой и кондиционированным воздухом",false,,1515853000,883,4474716000,920,4327076000,846,18716955000,1031,9111854000,994,4713327000,957,3,"Снабжение электроэнергией, газом, паром, горячей водой и кондиционированным воздухом",ЗАПАДНО-КАЗАХСТАНСКАЯ ОБЛАСТЬ,УРАЛЬСК Г.А.
448092,"Производство, передача и распределение электроэнергии",false,,1413361000,883,2492504000,920,2242542000,846,12191094000,1031,4663193000,994,4341358000,957,4,"Снабжение электроэнергией, газом, паром, горячей водой и кондиционированным воздухом",ЗАПАДНО-КАЗАХСТАНСКАЯ ОБЛАСТЬ,УРАЛЬСК Г.А.
448098,Передача электроэнергии,false,,864701000,883,x,920,x,846,1905155000,1031,x,994,x,957,5,"Производство, передача и распределение электроэнергии",ЗАПАДНО-КАЗАХСТАНСКАЯ ОБЛАСТЬ,УРАЛЬСК Г.А.
448100,Распределение электроэнергии,false,,519112000,883,769168000,920,1737278000,846,10266009000,1031,2740914000,994,1050541000,957,5,"Производство, передача и распределение электроэнергии",ЗАПАДНО-КАЗАХСТАНСКАЯ ОБЛАСТЬ,УРАЛЬСК Г.А.
448102,Продажа электроэнергии ,false,,29548000,883,22296000,920,20424000,846,19930000,1031,30103000,994,25739000,957,5,"Производство, передача и распределение электроэнергии",ЗАПАДНО-КАЗАХСТАНСКАЯ ОБЛАСТЬ,УРАЛЬСК Г.А.
448104,Производство и распределение газообразного топлива по трубопроводам,false,,,,693844000,920,112198000,846,5680509000,1031,1090453000,994,5950000,957,4,"Снабжение электроэнергией, газом, паром, горячей водой и кондиционированным воздухом",ЗАПАДНО-КАЗАХСТАНСКАЯ ОБЛАСТЬ,УРАЛЬСК Г.А.
448107,Распределение газообразного топлива по трубопроводам,false,,,,693844000,920,112198000,846,5680509000,1031,1090453000,994,5950000,957,5,Производство и распределение газообразного топлива по трубопроводам,ЗАПАДНО-КАЗАХСТАНСКАЯ ОБЛАСТЬ,УРАЛЬСК Г.А.
448111,"Снабжение паром, горячей водой и кондиционированным воздухом",false,,102492000,883,1288368000,920,1972336000,846,845352000,1031,3358208000,994,366019000,957,4,"Снабжение электроэнергией, газом, паром, горячей водой и кондиционированным воздухом",ЗАПАДНО-КАЗАХСТАНСКАЯ ОБЛАСТЬ,УРАЛЬСК Г.А.
448112,"Снабжение паром, горячей водой и кондиционированным воздухом",false,,102492000,883,1288368000,920,1972336000,846,845352000,1031,3358208000,994,366019000,957,5,"Снабжение паром, горячей водой и кондиционированным воздухом",ЗАПАДНО-КАЗАХСТАНСКАЯ ОБЛАСТЬ,УРАЛЬСК Г.А.
448117,"Водоснабжение; сбор, обработка и удаление отходов, деятельность по ликвидации загрязнений",false,,451800000,883,4651550000,920,1573109000,846,6226826000,1031,3444541000,994,3754483000,957,2,Промышленность,ЗАПАДНО-КАЗАХСТАНСКАЯ ОБЛАСТЬ,УРАЛЬСК Г.А.
448118,"Сбор, обработка и распределение воды",false,,34273000,883,2389171000,920,1133145000,846,2712842000,1031,197253000,994,306190000,957,3,"Водоснабжение; сбор, обработка и удаление отходов, деятельность по ликвидации загрязнений",ЗАПАДНО-КАЗАХСТАНСКАЯ ОБЛАСТЬ,УРАЛЬСК Г.А.
448119,"Сбор, обработка и распределение воды",false,,34273000,883,2389171000,920,1133145000,846,2712842000,1031,197253000,994,306190000,957,4,"Сбор, обработка и распределение воды",ЗАПАДНО-КАЗАХСТАНСКАЯ ОБЛАСТЬ,УРАЛЬСК Г.А.
448120,"Сбор, обработка и распределение воды",false,,34273000,883,2389171000,920,1133145000,846,2712842000,1031,197253000,994,306190000,957,5,"Сбор, обработка и распределение воды",ЗАПАДНО-КАЗАХСТАНСКАЯ ОБЛАСТЬ,УРАЛЬСК Г.А.
448122,Сбор и обработка сточных вод,false,,92145000,883,2022885000,920,65055000,846,3182270000,1031,3057112000,994,3400111000,957,3,"Водоснабжение; сбор, обработка и удаление отходов, деятельность по ликвидации загрязнений",ЗАПАДНО-КАЗАХСТАНСКАЯ ОБЛАСТЬ,УРАЛЬСК Г.А.
448123,Сбор и обработка сточных вод,false,,92145000,883,2022885000,920,65055000,846,3182270000,1031,3057112000,994,3400111000,957,4,Сбор и обработка сточных вод,ЗАПАДНО-КАЗАХСТАНСКАЯ ОБЛАСТЬ,УРАЛЬСК Г.А.
448124,Сбор и обработка сточных вод,false,,92145000,883,2022885000,920,65055000,846,3182270000,1031,3057112000,994,3400111000,957,5,Сбор и обработка сточных вод,ЗАПАДНО-КАЗАХСТАНСКАЯ ОБЛАСТЬ,УРАЛЬСК Г.А.
448126,"Сбор, обработка и удаление отходов; утилизация (восстановление) материалов",false,,325382000,883,239494000,920,374909000,846,331714000,1031,190176000,994,48182000,957,3,"Водоснабжение; сбор, обработка и удаление отходов, деятельность по ликвидации загрязнений",ЗАПАДНО-КАЗАХСТАНСКАЯ ОБЛАСТЬ,УРАЛЬСК Г.А.
448127,Сбор отходов,false,,325274000,883,239494000,920,372290000,846,331714000,1031,190176000,994,48182000,957,4,"Сбор, обработка и удаление отходов; утилизация (восстановление) материалов",ЗАПАДНО-КАЗАХСТАНСКАЯ ОБЛАСТЬ,УРАЛЬСК Г.А.
448128,Сбор неопасных отходов,false,,325274000,883,239494000,920,372130000,846,331714000,1031,190176000,994,48182000,957,5,Сбор отходов,ЗАПАДНО-КАЗАХСТАНСКАЯ ОБЛАСТЬ,УРАЛЬСК Г.А.
448130,Сбор опасных отходов,false,,,,,,160000,846,,,,,,,5,Сбор отходов,ЗАПАДНО-КАЗАХСТАНСКАЯ ОБЛАСТЬ,УРАЛЬСК Г.А.
448132,Обработка и удаление отходов,false,,x,883,,,1002000,846,,,,,,,4,"Сбор, обработка и удаление отходов; утилизация (восстановление) материалов",ЗАПАДНО-КАЗАХСТАНСКАЯ ОБЛАСТЬ,УРАЛЬСК Г.А.
448135,Обработка и удаление опасных отходов,false,,x,883,,,1002000,846,,,,,,,5,Обработка и удаление отходов,ЗАПАДНО-КАЗАХСТАНСКАЯ ОБЛАСТЬ,УРАЛЬСК Г.А.
448137,Утилизация (восстановление) материалов ,false,,,,,,1617000,846,,,,,,,4,"Сбор, обработка и удаление отходов; утилизация (восстановление) материалов",ЗАПАДНО-КАЗАХСТАНСКАЯ ОБЛАСТЬ,УРАЛЬСК Г.А.
448140,Переработка отсортированных материалов,false,,,,,,1617000,846,,,,,,,5,Утилизация (восстановление) материалов ,ЗАПАДНО-КАЗАХСТАНСКАЯ ОБЛАСТЬ,УРАЛЬСК Г.А.
741885,Всего,false,,8810574000,883,6227684000,920,4817092000,846,15980647000,1031,10949838000,994,11679493000,957,0,,ЗАПАДНО-КАЗАХСТАНСКАЯ ОБЛАСТЬ,АКЖАИКСКИЙ РАЙОН
447173,"Сельское, лесное и рыбное хозяйство",false,,1444600000,883,1506731000,920,975041000,846,2925272000,1031,2248319000,994,1590009000,957,1,Всего,ЗАПАДНО-КАЗАХСТАНСКАЯ ОБЛАСТЬ,АКЖАИКСКИЙ РАЙОН
447174,"Растениеводство и животноводство, охота и предоставление услуг в этих областях",false,,1444600000,883,1506731000,920,975041000,846,2925272000,1031,2248319000,994,1590009000,957,2,"Сельское, лесное и рыбное хозяйство",ЗАПАДНО-КАЗАХСТАНСКАЯ ОБЛАСТЬ,АКЖАИКСКИЙ РАЙОН
447175,Выращивание одно- или двухлетних культур,false,,,,860000,920,3148000,846,x,1031,358851000,994,,,3,"Растениеводство и животноводство, охота и предоставление услуг в этих областях",ЗАПАДНО-КАЗАХСТАНСКАЯ ОБЛАСТЬ,АКЖАИКСКИЙ РАЙОН
447176,"Выращивание зерновых (кроме риса), бобовых и масличных культур",false,,,,,,3148000,846,x,1031,358851000,994,,,4,Выращивание одно- или двухлетних культур,ЗАПАДНО-КАЗАХСТАНСКАЯ ОБЛАСТЬ,АКЖАИКСКИЙ РАЙОН
3783380,"Выращивание зерновых и зернобобовых культур, включая семеноводство",true,,,,,,3148000,846,x,1031,358851000,994,,,5,"Выращивание зерновых (кроме риса), бобовых и масличных культур",ЗАПАДНО-КАЗАХСТАНСКАЯ ОБЛАСТЬ,АКЖАИКСКИЙ РАЙОН
447192,Выращивание прочих одно- или двухлетних культур,false,,,,860000,920,,,,,,,,,4,Выращивание одно- или двухлетних культур,ЗАПАДНО-КАЗАХСТАНСКАЯ ОБЛАСТЬ,АКЖАИКСКИЙ РАЙОН
447193,Выращивание кормовых культур и их семян,true,,,,860000,920,,,,,,,,,5,Выращивание прочих одно- или двухлетних культур,ЗАПАДНО-КАЗАХСТАНСКАЯ ОБЛАСТЬ,АКЖАИКСКИЙ РАЙОН
447196,Выращивание многолетних культур,false,,,,x,920,,,,,,,,,3,"Растениеводство и животноводство, охота и предоставление услуг в этих областях",ЗАПАДНО-КАЗАХСТАНСКАЯ ОБЛАСТЬ,АКЖАИКСКИЙ РАЙОН
447213,Выращивание прочих многолетних культур,false,,,,x,920,,,,,,,,,4,Выращивание многолетних культур,ЗАПАДНО-КАЗАХСТАНСКАЯ ОБЛАСТЬ,АКЖАИКСКИЙ РАЙОН
447214,Выращивание прочих многолетних культур,true,,,,x,920,,,,,,,,,5,Выращивание прочих многолетних культур,ЗАПАДНО-КАЗАХСТАНСКАЯ ОБЛАСТЬ,АКЖАИКСКИЙ РАЙОН
447218,Животноводство,false,,1444600000,883,1465871000,920,962626000,846,2357173000,1031,1889468000,994,1577359000,957,3,"Растениеводство и животноводство, охота и предоставление услуг в этих областях",ЗАПАДНО-КАЗАХСТАНСКАЯ ОБЛАСТЬ,АКЖАИКСКИЙ РАЙОН
447221,Разведение прочего крупного рогатого скота и буйволов,false,,1444600000,883,1405507000,920,953876000,846,2301583000,1031,1889468000,994,1577359000,957,4,Животноводство,ЗАПАДНО-КАЗАХСТАНСКАЯ ОБЛАСТЬ,АКЖАИКСКИЙ РАЙОН
447222,Разведение прочего крупного рогатого скота и буйволов,true,,1444600000,883,1405507000,920,953876000,846,2301583000,1031,1889468000,994,1577359000,957,5,Разведение прочего крупного рогатого скота и буйволов,ЗАПАДНО-КАЗАХСТАНСКАЯ ОБЛАСТЬ,АКЖАИКСКИЙ РАЙОН
447223,Разведение лошадей и прочих животных семейства лошадиных,false,,,,60364000,920,,,55590000,1031,,,,,4,Животноводство,ЗАПАДНО-КАЗАХСТАНСКАЯ ОБЛАСТЬ,АКЖАИКСКИЙ РАЙОН
447224,Разведение лошадей,true,,,,60364000,920,,,55590000,1031,,,,,5,Разведение лошадей и прочих животных семейства лошадиных,ЗАПАДНО-КАЗАХСТАНСКАЯ ОБЛАСТЬ,АКЖАИКСКИЙ РАЙОН
447237,Разведение прочих видов животных,false,,,,,,x,846,,,,,,,4,Животноводство,ЗАПАДНО-КАЗАХСТАНСКАЯ ОБЛАСТЬ,АКЖАИКСКИЙ РАЙОН
447238,Разведение прочих видов животных,true,,,,,,x,846,,,,,,,5,Разведение прочих видов животных,ЗАПАДНО-КАЗАХСТАНСКАЯ ОБЛАСТЬ,АКЖАИКСКИЙ РАЙОН
447239,Смешанное сельское хозяйство,false,,,,,,9267000,846,,,,,12650000,957,3,"Растениеводство и животноводство, охота и предоставление услуг в этих областях",ЗАПАДНО-КАЗАХСТАНСКАЯ ОБЛАСТЬ,АКЖАИКСКИЙ РАЙОН
447240,Смешанное сельское хозяйство,false,,,,,,9267000,846,,,,,12650000,957,4,Смешанное сельское хозяйство,ЗАПАДНО-КАЗАХСТАНСКАЯ ОБЛАСТЬ,АКЖАИКСКИЙ РАЙОН
447241,Смешанное сельское хозяйство,true,,,,,,9267000,846,,,,,12650000,957,5,Смешанное сельское хозяйство,ЗАПАДНО-КАЗАХСТАНСКАЯ ОБЛАСТЬ,АКЖАИКСКИЙ РАЙОН
448215,Оптовая и розничная торговля; ремонт автомобилей и мотоциклов,false,,309080000,883,236522000,920,94628000,846,50000000,1031,,,586112000,957,1,Всего,ЗАПАДНО-КАЗАХСТАНСКАЯ ОБЛАСТЬ,АКЖАИКСКИЙ РАЙОН
448377,"Розничная торговля, кроме торговли автомобилями и мотоциклами",false,,309080000,883,236522000,920,94628000,846,50000000,1031,,,586112000,957,2,Оптовая и розничная торговля; ремонт автомобилей и мотоциклов,ЗАПАДНО-КАЗАХСТАНСКАЯ ОБЛАСТЬ,АКЖАИКСКИЙ РАЙОН
448378,Розничная торговля в неспециализированных магазинах,false,,,,228280000,920,94628000,846,50000000,1031,,,37000000,957,3,"Розничная торговля, кроме торговли автомобилями и мотоциклами",ЗАПАДНО-КАЗАХСТАНСКАЯ ОБЛАСТЬ,АКЖАИКСКИЙ РАЙОН
448379,"Розничная торговля в неспециализированных магазинах преимущественно продуктами питания, напитками и табачными изделиями",false,,,,228280000,920,,,50000000,1031,,,37000000,957,4,Розничная торговля в неспециализированных магазинах,ЗАПАДНО-КАЗАХСТАНСКАЯ ОБЛАСТЬ,АКЖАИКСКИЙ РАЙОН
3647934,"Розничная торговля преимущественно продуктами питания, напитками и табачными изделиями в неспециализированных магазинах, являющихся торговыми объектами, с торговой площадью менее 2000 кв.м ",true,,,,228280000,920,,,50000000,1031,,,37000000,957,5,"Розничная торговля в неспециализированных магазинах преимущественно продуктами питания, напитками и табачными изделиями",ЗАПАДНО-КАЗАХСТАНСКАЯ ОБЛАСТЬ,АКЖАИКСКИЙ РАЙОН
448381,Прочая розничная торговля в неспециализированных магазинах,false,,,,,,94628000,846,,,,,,,4,Розничная торговля в неспециализированных магазинах,ЗАПАДНО-КАЗАХСТАНСКАЯ ОБЛАСТЬ,АКЖАИКСКИЙ РАЙОН
3647936,"Прочая розничная торговля в неспециализированных магазинах, являющихся торговыми объектами, с торговой площадью менее 2000 кв.м ",true,,,,,,94628000,846,,,,,,,5,Прочая розничная торговля в неспециализированных магазинах,ЗАПАДНО-КАЗАХСТАНСКАЯ ОБЛАСТЬ,АКЖАИКСКИЙ РАЙОН
448399,Розничная торговля топливом в специализированных магазинах,false,,309080000,883,x,920,,,,,,,x,957,3,"Розничная торговля, кроме торговли автомобилями и мотоциклами",ЗАПАДНО-КАЗАХСТАНСКАЯ ОБЛАСТЬ,АКЖАИКСКИЙ РАЙОН
448400,Розничная торговля топливом в специализированных магазинах,false,,309080000,883,x,920,,,,,,,x,957,4,Розничная торговля топливом в специализированных магазинах,ЗАПАДНО-КАЗАХСТАНСКАЯ ОБЛАСТЬ,АКЖАИКСКИЙ РАЙОН
20576124,"Розничная торговля моторным топливом в специализированных магазинах, за исключением находящихся на придорожной полосе",true,,309080000,883,x,920,,,,,,,x,957,5,Розничная торговля топливом в специализированных магазинах,ЗАПАДНО-КАЗАХСТАНСКАЯ ОБЛАСТЬ,АКЖАИКСКИЙ РАЙОН
448409,Розничная торговля прочими бытовыми товарами в специализированных магазинах ,false,,,,,,,,,,,,400020000,957,3,"Розничная торговля, кроме торговли автомобилями и мотоциклами",ЗАПАДНО-КАЗАХСТАНСКАЯ ОБЛАСТЬ,АКЖАИКСКИЙ РАЙОН
448416,Розничная торговля электрическими бытовыми приборами в специализированных магазинах,false,,,,,,,,,,,,400020000,957,4,Розничная торговля прочими бытовыми товарами в специализированных магазинах ,ЗАПАДНО-КАЗАХСТАНСКАЯ ОБЛАСТЬ,АКЖАИКСКИЙ РАЙОН
3647962,"Розничная торговля электрическими бытовыми приборами в специализированных магазинах, являющихся торговыми объектами, с торговой площадью менее 2000 кв.м",true,,,,,,,,,,,,400020000,957,5,Розничная торговля электрическими бытовыми приборами в специализированных магазинах,ЗАПАДНО-КАЗАХСТАНСКАЯ ОБЛАСТЬ,АКЖАИКСКИЙ РАЙОН
448475,Транспорт и складирование,false,,1664706000,883,1003270000,920,482164000,846,6068018000,1031,732861000,994,1640571000,957,1,Всего,ЗАПАДНО-КАЗАХСТАНСКАЯ ОБЛАСТЬ,АКЖАИКСКИЙ РАЙОН
448476,Деятельность сухопутного и трубопроводного транспорта ,false,,5162000,883,x,920,15502000,846,2000958000,1031,105545000,994,345182000,957,2,Транспорт и складирование,ЗАПАДНО-КАЗАХСТАНСКАЯ ОБЛАСТЬ,АКЖАИКСКИЙ РАЙОН
448499,Деятельность трубопроводного транспорта,false,,5162000,883,x,920,15502000,846,2000958000,1031,105545000,994,345182000,957,3,Деятельность сухопутного и трубопроводного транспорта ,ЗАПАДНО-КАЗАХСТАНСКАЯ ОБЛАСТЬ,АКЖАИКСКИЙ РАЙОН
448500,Деятельность трубопроводного транспорта,false,,5162000,883,x,920,15502000,846,2000958000,1031,105545000,994,345182000,957,4,Деятельность трубопроводного транспорта,ЗАПАДНО-КАЗАХСТАНСКАЯ ОБЛАСТЬ,АКЖАИКСКИЙ РАЙОН
448501,Деятельность трубопроводного транспорта,true,,5162000,883,x,920,15502000,846,2000958000,1031,105545000,994,345182000,957,5,Деятельность трубопроводного транспорта,ЗАПАДНО-КАЗАХСТАНСКАЯ ОБЛАСТЬ,АКЖАИКСКИЙ РАЙОН
448527,Складирование грузов и вспомогательная транспортная деятельность,false,,1659544000,883,1002383000,920,x,846,4067060000,1031,627316000,994,1295389000,957,2,Транспорт и складирование,ЗАПАДНО-КАЗАХСТАНСКАЯ ОБЛАСТЬ,АКЖАИКСКИЙ РАЙОН
448528,Складирование и хранение грузов,false,,,,21000000,920,,,275000000,1031,,,,,3,Складирование грузов и вспомогательная транспортная деятельность,ЗАПАДНО-КАЗАХСТАНСКАЯ ОБЛАСТЬ,АКЖАИКСКИЙ РАЙОН
448529,Складирование и хранение грузов,false,,,,21000000,920,,,275000000,1031,,,,,4,Складирование и хранение грузов,ЗАПАДНО-КАЗАХСТАНСКАЯ ОБЛАСТЬ,АКЖАИКСКИЙ РАЙОН
448531,"Складирование и хранение непродовольственных товаров, кроме зерна и нефти",true,,,,21000000,920,,,,,,,,,5,Складирование и хранение грузов,ЗАПАДНО-КАЗАХСТАНСКАЯ ОБЛАСТЬ,АКЖАИКСКИЙ РАЙОН
20576307,"Складирование и хранение продовольственных товаров, кроме овощей и фруктов",true,,,,,,,,275000000,1031,,,,,5,Складирование и хранение грузов,ЗАПАДНО-КАЗАХСТАНСКАЯ ОБЛАСТЬ,АКЖАИКСКИЙ РАЙОН
448533,Вспомогательная транспортная деятельность,false,,1659544000,883,981383000,920,x,846,3792060000,1031,627316000,994,1295389000,957,3,Складирование грузов и вспомогательная транспортная деятельность,ЗАПАДНО-КАЗАХСТАНСКАЯ ОБЛАСТЬ,АКЖАИКСКИЙ РАЙОН
448534,Вспомогательная деятельность сухопутного транспорта,false,,1659544000,883,981383000,920,x,846,3792060000,1031,627316000,994,1295389000,957,4,Вспомогательная транспортная деятельность,ЗАПАДНО-КАЗАХСТАНСКАЯ ОБЛАСТЬ,АКЖАИКСКИЙ РАЙОН
448536,Эксплуатация автомобильных дорог,true,,1659544000,883,981383000,920,x,846,3792060000,1031,627316000,994,1295389000,957,5,Вспомогательная деятельность сухопутного транспорта,ЗАПАДНО-КАЗАХСТАНСКАЯ ОБЛАСТЬ,АКЖАИКСКИЙ РАЙОН
448558,Предоставление услуг по проживанию и питанию,false,,,,,,21000000,846,100000000,1031,,,90000000,957,1,Всего,ЗАПАДНО-КАЗАХСТАНСКАЯ ОБЛАСТЬ,АКЖАИКСКИЙ РАЙОН
3783427,Предоставление услуг по временному проживанию,false,,,,,,,,,,,,80000000,957,2,Предоставление услуг по проживанию и питанию,ЗАПАДНО-КАЗАХСТАНСКАЯ ОБЛАСТЬ,АКЖАИКСКИЙ РАЙОН
3783441,Предоставление услуг прочими местами для проживания,false,,,,,,,,,,,,80000000,957,3,Предоставление услуг по временному проживанию,ЗАПАДНО-КАЗАХСТАНСКАЯ ОБЛАСТЬ,АКЖАИКСКИЙ РАЙОН
3783442,Предоставление услуг прочими местами для проживания,false,,,,,,,,,,,,80000000,957,4,Предоставление услуг прочими местами для проживания,ЗАПАДНО-КАЗАХСТАНСКАЯ ОБЛАСТЬ,АКЖАИКСКИЙ РАЙОН
20576357,"Предоставление услуг прочими местами для проживания, не включенными в другие категории",true,,,,,,,,,,,,80000000,957,5,Предоставление услуг прочими местами для проживания,ЗАПАДНО-КАЗАХСТАНСКАЯ ОБЛАСТЬ,АКЖАИКСКИЙ РАЙОН
448573,Предоставление услуг по обеспечению питанием и напитками,false,,,,,,21000000,846,100000000,1031,,,10000000,957,2,Предоставление услуг по проживанию и питанию,ЗАПАДНО-КАЗАХСТАНСКАЯ ОБЛАСТЬ,АКЖАИКСКИЙ РАЙОН
448574,Деятельность ресторанов и предоставление услуг по доставке продуктов питания,false,,,,,,21000000,846,100000000,1031,,,10000000,957,3,Предоставление услуг по обеспечению питанием и напитками,ЗАПАДНО-КАЗАХСТАНСКАЯ ОБЛАСТЬ,АКЖАИКСКИЙ РАЙОН
448575,Деятельность ресторанов и предоставление услуг по доставке продуктов питания,false,,,,,,21000000,846,100000000,1031,,,10000000,957,4,Деятельность ресторанов и предоставление услуг по доставке продуктов питания,ЗАПАДНО-КАЗАХСТАНСКАЯ ОБЛАСТЬ,АКЖАИКСКИЙ РАЙОН
448576,Рестораны и услуги по доставке продуктов питания,true,,,,,,21000000,846,,,,,,,5,Деятельность ресторанов и предоставление услуг по доставке продуктов питания,ЗАПАДНО-КАЗАХСТАНСКАЯ ОБЛАСТЬ,АКЖАИКСКИЙ РАЙОН
20576362,"Деятельность ресторанов и предоставление услуг по доставке продуктов питания, за исключением деятельности объектов, находящихся на придорожной полосе",true,,,,,,,,100000000,1031,,,10000000,957,5,Деятельность ресторанов и предоставление услуг по доставке продуктов питания,ЗАПАДНО-КАЗАХСТАНСКАЯ ОБЛАСТЬ,АКЖАИКСКИЙ РАЙОН
448585,Информация и связь,false,,705230000,883,57000,920,158791000,846,x,1031,,,,,1,Всего,ЗАПАДНО-КАЗАХСТАНСКАЯ ОБЛАСТЬ,АКЖАИКСКИЙ РАЙОН
448623,Телекоммуникации,false,,705230000,883,57000,920,158791000,846,x,1031,,,,,2,Информация и связь,ЗАПАДНО-КАЗАХСТАНСКАЯ ОБЛАСТЬ,АКЖАИКСКИЙ РАЙОН
448627,Беспроводная телекоммуникационная связь,false,,667661000,883,57000,920,158791000,846,x,1031,,,,,3,Телекоммуникации,ЗАПАДНО-КАЗАХСТАНСКАЯ ОБЛАСТЬ,АКЖАИКСКИЙ РАЙОН
448628,Беспроводная телекоммуникационная связь,false,,667661000,883,57000,920,158791000,846,x,1031,,,,,4,Беспроводная телекоммуникационная связь,ЗАПАДНО-КАЗАХСТАНСКАЯ ОБЛАСТЬ,АКЖАИКСКИЙ РАЙОН
18946147,Беспроводная телекоммуникационная связь посредством единой транспортной среды,true,,,,,,,,x,1031,,,,,5,Беспроводная телекоммуникационная связь,ЗАПАДНО-КАЗАХСТАНСКАЯ ОБЛАСТЬ,АКЖАИКСКИЙ РАЙОН
18946149,Прочая беспроводная телекоммуникационная связь,true,,667661000,883,57000,920,158791000,846,,,,,,,5,Беспроводная телекоммуникационная связь,ЗАПАДНО-КАЗАХСТАНСКАЯ ОБЛАСТЬ,АКЖАИКСКИЙ РАЙОН
448633,Прочая деятельность в области телекоммуникаций,false,,37569000,883,,,,,,,,,,,3,Телекоммуникации,ЗАПАДНО-КАЗАХСТАНСКАЯ ОБЛАСТЬ,АКЖАИКСКИЙ РАЙОН
448634,Прочая деятельность в области телекоммуникаций,false,,37569000,883,,,,,,,,,,,4,Прочая деятельность в области телекоммуникаций,ЗАПАДНО-КАЗАХСТАНСКАЯ ОБЛАСТЬ,АКЖАИКСКИЙ РАЙОН
18946154,"Прочая деятельность в области телекоммуникаций, не включенная в другие группировки",true,,37569000,883,,,,,,,,,,,5,Прочая деятельность в области телекоммуникаций,ЗАПАДНО-КАЗАХСТАНСКАЯ ОБЛАСТЬ,АКЖАИКСКИЙ РАЙОН
448714,Операции с недвижимым имуществом,false,,443337000,883,1058068000,920,474470000,846,1200087000,1031,818699000,994,1028142000,957,1,Всего,ЗАПАДНО-КАЗАХСТАНСКАЯ ОБЛАСТЬ,АКЖАИКСКИЙ РАЙОН
448715,Операции с недвижимым имуществом,false,,443337000,883,1058068000,920,474470000,846,1200087000,1031,818699000,994,1028142000,957,2,Операции с недвижимым имуществом,ЗАПАДНО-КАЗАХСТАНСКАЯ ОБЛАСТЬ,АКЖАИКСКИЙ РАЙОН
448716,Покупка и продажа собственного недвижимого имущества ,false,,443337000,883,1058068000,920,474470000,846,1200087000,1031,818699000,994,1028142000,957,3,Операции с недвижимым имуществом,ЗАПАДНО-КАЗАХСТАНСКАЯ ОБЛАСТЬ,АКЖАИКСКИЙ РАЙОН
448717,Покупка и продажа собственного недвижимого имущества ,false,,443337000,883,1058068000,920,474470000,846,1200087000,1031,818699000,994,1028142000,957,4,Покупка и продажа собственного недвижимого имущества ,ЗАПАДНО-КАЗАХСТАНСКАЯ ОБЛАСТЬ,АКЖАИКСКИЙ РАЙОН
543091,Покупка и продажа многоквартирных и жилых домов (особняков),true,,443337000,883,1058068000,920,474470000,846,1200087000,1031,818699000,994,1028142000,957,5,Покупка и продажа собственного недвижимого имущества ,ЗАПАДНО-КАЗАХСТАНСКАЯ ОБЛАСТЬ,АКЖАИКСКИЙ РАЙОН
448728,"Профессиональная, научная и техническая деятельность",false,,x,883,,,,,,,,,,,1,Всего,ЗАПАДНО-КАЗАХСТАНСКАЯ ОБЛАСТЬ,АКЖАИКСКИЙ РАЙОН
448747,"Деятельность в области архитектуры, инженерных изысканий, технических испытаний и анализа",false,,x,883,,,,,,,,,,,2,"Профессиональная, научная и техническая деятельность",ЗАПАДНО-КАЗАХСТАНСКАЯ ОБЛАСТЬ,АКЖАИКСКИЙ РАЙОН
448748,"Деятельность в области архитектуры, инженерных изысканий и предоставление технических консультаций в этих областях",false,,x,883,,,,,,,,,,,3,"Деятельность в области архитектуры, инженерных изысканий, технических испытаний и анализа",ЗАПАДНО-КАЗАХСТАНСКАЯ ОБЛАСТЬ,АКЖАИКСКИЙ РАЙОН
448749,Деятельность в области архитектуры,false,,x,883,,,,,,,,,,,4,"Деятельность в области архитектуры, инженерных изысканий и предоставление технических консультаций в этих областях",ЗАПАДНО-КАЗАХСТАНСКАЯ ОБЛАСТЬ,АКЖАИКСКИЙ РАЙОН
18951462,"Деятельность в области архитектуры, за исключением объектов атомной промышленности и атомной энергетики  ",true,,x,883,,,,,,,,,,,5,Деятельность в области архитектуры,ЗАПАДНО-КАЗАХСТАНСКАЯ ОБЛАСТЬ,АКЖАИКСКИЙ РАЙОН
448797,Деятельность в области административного и вспомогательного обслуживания,false,,71050000,883,46776000,920,,,,,,,,,1,Всего,ЗАПАДНО-КАЗАХСТАНСКАЯ ОБЛАСТЬ,АКЖАИКСКИЙ РАЙОН
448798,"Аренда, прокат и лизинг",false,,x,883,,,,,,,,,,,2,Деятельность в области административного и вспомогательного обслуживания,ЗАПАДНО-КАЗАХСТАНСКАЯ ОБЛАСТЬ,АКЖАИКСКИЙ РАЙОН
448799,Аренда и лизинг автомобилей ,false,,x,883,,,,,,,,,,,3,"Аренда, прокат и лизинг",ЗАПАДНО-КАЗАХСТАНСКАЯ ОБЛАСТЬ,АКЖАИКСКИЙ РАЙОН
448802,Аренда и лизинг грузовых автомобилей,false,,x,883,,,,,,,,,,,4,Аренда и лизинг автомобилей ,ЗАПАДНО-КАЗАХСТАНСКАЯ ОБЛАСТЬ,АКЖАИКСКИЙ РАЙОН
543077,Аренда грузовых автомобилей,true,,x,883,,,,,,,,,,,5,Аренда и лизинг грузовых автомобилей,ЗАПАДНО-КАЗАХСТАНСКАЯ ОБЛАСТЬ,АКЖАИКСКИЙ РАЙОН
448856,Деятельность по обслуживанию зданий и благоустройству территорий,false,,65957000,883,46776000,920,,,,,,,,,2,Деятельность в области административного и вспомогательного обслуживания,ЗАПАДНО-КАЗАХСТАНСКАЯ ОБЛАСТЬ,АКЖАИКСКИЙ РАЙОН
448867,Деятельность по благоустройству территорий,false,,65957000,883,46776000,920,,,,,,,,,3,Деятельность по обслуживанию зданий и благоустройству территорий,ЗАПАДНО-КАЗАХСТАНСКАЯ ОБЛАСТЬ,АКЖАИКСКИЙ РАЙОН
448868,Деятельность по благоустройству территорий,false,,65957000,883,46776000,920,,,,,,,,,4,Деятельность по благоустройству территорий,ЗАПАДНО-КАЗАХСТАНСКАЯ ОБЛАСТЬ,АКЖАИКСКИЙ РАЙОН
448869,Деятельность по благоустройству территорий,true,,65957000,883,46776000,920,,,,,,,,,5,Деятельность по благоустройству территорий,ЗАПАДНО-КАЗАХСТАНСКАЯ ОБЛАСТЬ,АКЖАИКСКИЙ РАЙОН
448889,Государственное управление и оборона; обязательное  социальное обеспечение,false,,x,883,44328000,920,x,846,x,1031,,,81200000,957,1,Всего,ЗАПАДНО-КАЗАХСТАНСКАЯ ОБЛАСТЬ,АКЖАИКСКИЙ РАЙОН
448890,Государственное управление и оборона; обязательное социальное обеспечение,false,,x,883,44328000,920,x,846,x,1031,,,81200000,957,2,Государственное управление и оборона; обязательное  социальное обеспечение,ЗАПАДНО-КАЗАХСТАНСКАЯ ОБЛАСТЬ,АКЖАИКСКИЙ РАЙОН
448891,Государственное управление общего характера и управление социально-экономическое политикой общества,false,,x,883,44328000,920,x,846,x,1031,,,81200000,957,3,Государственное управление и оборона; обязательное социальное обеспечение,ЗАПАДНО-КАЗАХСТАНСКАЯ ОБЛАСТЬ,АКЖАИКСКИЙ РАЙОН
448892,Государственное управление общего характера,false,,,,x,920,,,,,,,81200000,957,4,Государственное управление общего характера и управление социально-экономическое политикой общества,ЗАПАДНО-КАЗАХСТАНСКАЯ ОБЛАСТЬ,АКЖАИКСКИЙ РАЙОН
448895,Деятельность местных органов управления,true,,,,,,,,,,,,80000000,957,5,Государственное управление общего характера,ЗАПАДНО-КАЗАХСТАНСКАЯ ОБЛАСТЬ,АКЖАИКСКИЙ РАЙОН
448896,Деятельность сельских и поселковых органов управления,true,,,,x,920,,,,,,,x,957,5,Государственное управление общего характера,ЗАПАДНО-КАЗАХСТАНСКАЯ ОБЛАСТЬ,АКЖАИКСКИЙ РАЙОН
448900,"Регулирование деятельности учреждений здравоохранения, образования, культуры и других социальных услуг, кроме социального обеспечения ",false,,,,1399000,920,,,x,1031,,,,,4,Государственное управление общего характера и управление социально-экономическое политикой общества,ЗАПАДНО-КАЗАХСТАНСКАЯ ОБЛАСТЬ,АКЖАИКСКИЙ РАЙОН
448901,"Регулирование деятельности учреждений здравоохранения, образования, культуры и других социальных услуг, кроме социального обеспечения ",true,,,,1399000,920,,,x,1031,,,,,5,"Регулирование деятельности учреждений здравоохранения, образования, культуры и других социальных услуг, кроме социального обеспечения ",ЗАПАДНО-КАЗАХСТАНСКАЯ ОБЛАСТЬ,АКЖАИКСКИЙ РАЙОН
448902,Регулирование и содействие эффективному ведению экономической деятельности,false,,x,883,,,x,846,,,,,,,4,Государственное управление общего характера и управление социально-экономическое политикой общества,ЗАПАДНО-КАЗАХСТАНСКАЯ ОБЛАСТЬ,АКЖАИКСКИЙ РАЙОН
448903,Регулирование и содействие эффективному ведению экономической деятельности,true,,x,883,,,x,846,,,,,,,5,Регулирование и содействие эффективному ведению экономической деятельности,ЗАПАДНО-КАЗАХСТАНСКАЯ ОБЛАСТЬ,АКЖАИКСКИЙ РАЙОН
448918,Образование,false,,1870288000,883,232869000,920,844574000,846,285130000,1031,1983018000,994,617064000,957,1,Всего,ЗАПАДНО-КАЗАХСТАНСКАЯ ОБЛАСТЬ,АКЖАИКСКИЙ РАЙОН
448919,Образование,false,,1870288000,883,232869000,920,844574000,846,285130000,1031,1983018000,994,617064000,957,2,Образование,ЗАПАДНО-КАЗАХСТАНСКАЯ ОБЛАСТЬ,АКЖАИКСКИЙ РАЙОН
448926,Среднее образование (2-й и 3-й уровни),false,,1868568000,883,232869000,920,776474000,846,285130000,1031,1983018000,994,617064000,957,3,Образование,ЗАПАДНО-КАЗАХСТАНСКАЯ ОБЛАСТЬ,АКЖАИКСКИЙ РАЙОН
448927,Основное и общее среднее образование,false,,1868568000,883,5815000,920,776474000,846,285130000,1031,1983018000,994,617064000,957,4,Среднее образование (2-й и 3-й уровни),ЗАПАДНО-КАЗАХСТАНСКАЯ ОБЛАСТЬ,АКЖАИКСКИЙ РАЙОН
448928,Основное и общее среднее образование,true,,1868568000,883,5815000,920,776474000,846,285130000,1031,1983018000,994,617064000,957,5,Основное и общее среднее образование,ЗАПАДНО-КАЗАХСТАНСКАЯ ОБЛАСТЬ,АКЖАИКСКИЙ РАЙОН
448929,Техническое и профессиональное среднее образование,false,,,,227054000,920,,,,,,,,,4,Среднее образование (2-й и 3-й уровни),ЗАПАДНО-КАЗАХСТАНСКАЯ ОБЛАСТЬ,АКЖАИКСКИЙ РАЙОН
448931,Среднее специальное образование,true,,,,227054000,920,,,,,,,,,5,Техническое и профессиональное среднее образование,ЗАПАДНО-КАЗАХСТАНСКАЯ ОБЛАСТЬ,АКЖАИКСКИЙ РАЙОН
448937,Прочие виды образования,false,,,,,,68100000,846,,,,,,,3,Образование,ЗАПАДНО-КАЗАХСТАНСКАЯ ОБЛАСТЬ,АКЖАИКСКИЙ РАЙОН
448938,Образование в области спорта и отдыха,false,,,,,,68100000,846,,,,,,,4,Прочие виды образования,ЗАПАДНО-КАЗАХСТАНСКАЯ ОБЛАСТЬ,АКЖАИКСКИЙ РАЙОН
448939,Образование в области спорта и отдыха,true,,,,,,68100000,846,,,,,,,5,Образование в области спорта и отдыха,ЗАПАДНО-КАЗАХСТАНСКАЯ ОБЛАСТЬ,АКЖАИКСКИЙ РАЙОН
448947,Вспомогательная деятельность в области образования,false,,1720000,883,,,,,,,,,,,3,Образование,ЗАПАДНО-КАЗАХСТАНСКАЯ ОБЛАСТЬ,АКЖАИКСКИЙ РАЙОН
448948,Вспомогательная деятельность в области образования,false,,1720000,883,,,,,,,,,,,4,Вспомогательная деятельность в области образования,ЗАПАДНО-КАЗАХСТАНСКАЯ ОБЛАСТЬ,АКЖАИКСКИЙ РАЙОН
18951466,Прочая вспомогательная деятельность в области образования,true,,1720000,883,,,,,,,,,,,5,Вспомогательная деятельность в области образования,ЗАПАДНО-КАЗАХСТАНСКАЯ ОБЛАСТЬ,АКЖАИКСКИЙ РАЙОН
448950,Здравоохранение и социальное обслуживание населения,false,,74098000,883,,,193534000,846,1755742000,1031,19555000,994,6650000,957,1,Всего,ЗАПАДНО-КАЗАХСТАНСКАЯ ОБЛАСТЬ,АКЖАИКСКИЙ РАЙОН
448951,Деятельность в области здравоохранения,false,,74098000,883,,,193534000,846,1755742000,1031,19555000,994,,,2,Здравоохранение и социальное обслуживание населения,ЗАПАДНО-КАЗАХСТАНСКАЯ ОБЛАСТЬ,АКЖАИКСКИЙ РАЙОН
448952,Деятельность больничных организаций,false,,74098000,883,,,193534000,846,1221029000,1031,8473000,994,,,3,Деятельность в области здравоохранения,ЗАПАДНО-КАЗАХСТАНСКАЯ ОБЛАСТЬ,АКЖАИКСКИЙ РАЙОН
448953,Деятельность больничных организаций,false,,74098000,883,,,193534000,846,1221029000,1031,8473000,994,,,4,Деятельность больничных организаций,ЗАПАДНО-КАЗАХСТАНСКАЯ ОБЛАСТЬ,АКЖАИКСКИЙ РАЙОН
448954,Деятельность больниц широкого профиля и специализированных больниц,true,,74098000,883,,,193534000,846,192472000,1031,,,,,5,Деятельность больничных организаций,ЗАПАДНО-КАЗАХСТАНСКАЯ ОБЛАСТЬ,АКЖАИКСКИЙ РАЙОН
448958,"Деятельность других лечебных учреждений, имеющих стационары",true,,,,,,,,1028557000,1031,8473000,994,,,5,Деятельность больничных организаций,ЗАПАДНО-КАЗАХСТАНСКАЯ ОБЛАСТЬ,АКЖАИКСКИЙ РАЙОН
448959,Деятельность в области врачебной практики и стоматологии,false,,,,,,,,534713000,1031,11082000,994,,,3,Деятельность в области здравоохранения,ЗАПАДНО-КАЗАХСТАНСКАЯ ОБЛАСТЬ,АКЖАИКСКИЙ РАЙОН
448960,Общая врачебная практика,false,,,,,,,,534713000,1031,11082000,994,,,4,Деятельность в области врачебной практики и стоматологии,ЗАПАДНО-КАЗАХСТАНСКАЯ ОБЛАСТЬ,АКЖАИКСКИЙ РАЙОН
448961,Общая врачебная практика,true,,,,,,,,534713000,1031,11082000,994,,,5,Общая врачебная практика,ЗАПАДНО-КАЗАХСТАНСКАЯ ОБЛАСТЬ,АКЖАИКСКИЙ РАЙОН
448969,Предоставление социальных услуг с обеспечением проживания,false,,,,,,,,,,,,6650000,957,2,Здравоохранение и социальное обслуживание населения,ЗАПАДНО-КАЗАХСТАНСКАЯ ОБЛАСТЬ,АКЖАИКСКИЙ РАЙОН
448973,"Предоставление социальных услуг с обеспечением проживания лицам, страдающим психическими расстройствами (заболеваниями), с умственными и физическими недостатками, алкогольной или наркотической зависимостью",false,,,,,,,,,,,,6650000,957,3,Предоставление социальных услуг с обеспечением проживания,ЗАПАДНО-КАЗАХСТАНСКАЯ ОБЛАСТЬ,АКЖАИКСКИЙ РАЙОН
448974,"Предоставление социальных услуг с обеспечением проживания лицам, страдающим психическими расстройствами (заболеваниями), с умственными и физическими недостатками, алкогольной или наркотической зависимостью",false,,,,,,,,,,,,6650000,957,4,"Предоставление социальных услуг с обеспечением проживания лицам, страдающим психическими расстройствами (заболеваниями), с умственными и физическими недостатками, алкогольной или наркотической зависимостью",ЗАПАДНО-КАЗАХСТАНСКАЯ ОБЛАСТЬ,АКЖАИКСКИЙ РАЙОН
448975,"Предоставление социальных услуг с обеспечением проживания лицам, страдающим психическими расстройствами (заболеваниями), с умственными и физическими недостатками, алкогольной или наркотической зависимостью",true,,,,,,,,,,,,6650000,957,5,"Предоставление социальных услуг с обеспечением проживания лицам, страдающим психическими расстройствами (заболеваниями), с умственными и физическими недостатками, алкогольной или наркотической зависимостью",ЗАПАДНО-КАЗАХСТАНСКАЯ ОБЛАСТЬ,АКЖАИКСКИЙ РАЙОН
448991,"Искусство, развлечения и отдых",false,,262348000,883,254670000,920,9224000,846,x,1031,1155839000,994,195682000,957,1,Всего,ЗАПАДНО-КАЗАХСТАНСКАЯ ОБЛАСТЬ,АКЖАИКСКИЙ РАЙОН
449004,"Деятельность библиотек, архивов, музеев и прочая деятельность в области культуры",false,,,,51000000,920,,,,,,,,,2,"Искусство, развлечения и отдых",ЗАПАДНО-КАЗАХСТАНСКАЯ ОБЛАСТЬ,АКЖАИКСКИЙ РАЙОН
449005,"Деятельность библиотек, архивов, музеев и прочая деятельность в области культуры",false,,,,51000000,920,,,,,,,,,3,"Деятельность библиотек, архивов, музеев и прочая деятельность в области культуры",ЗАПАДНО-КАЗАХСТАНСКАЯ ОБЛАСТЬ,АКЖАИКСКИЙ РАЙОН
449011,Деятельность музеев,false,,,,51000000,920,,,,,,,,,4,"Деятельность библиотек, архивов, музеев и прочая деятельность в области культуры",ЗАПАДНО-КАЗАХСТАНСКАЯ ОБЛАСТЬ,АКЖАИКСКИЙ РАЙОН
449012,Деятельность музеев,true,,,,51000000,920,,,,,,,,,5,Деятельность музеев,ЗАПАДНО-КАЗАХСТАНСКАЯ ОБЛАСТЬ,АКЖАИКСКИЙ РАЙОН
449022,"Деятельность в области спорта, организации отдыха и развлечений",false,,262348000,883,203670000,920,9224000,846,x,1031,1155839000,994,195682000,957,2,"Искусство, развлечения и отдых",ЗАПАДНО-КАЗАХСТАНСКАЯ ОБЛАСТЬ,АКЖАИКСКИЙ РАЙОН
449023,Деятельность в области спорта,false,,177186000,883,x,920,,,,,940594000,994,124581000,957,3,"Деятельность в области спорта, организации отдыха и развлечений",ЗАПАДНО-КАЗАХСТАНСКАЯ ОБЛАСТЬ,АКЖАИКСКИЙ РАЙОН
449024,Эксплуатация спортивных сооружений,false,,177186000,883,x,920,,,,,940594000,994,124581000,957,4,Деятельность в области спорта,ЗАПАДНО-КАЗАХСТАНСКАЯ ОБЛАСТЬ,АКЖАИКСКИЙ РАЙОН
449025,Эксплуатация спортивных сооружений,true,,177186000,883,x,920,,,,,940594000,994,124581000,957,5,Эксплуатация спортивных сооружений,ЗАПАДНО-КАЗАХСТАНСКАЯ ОБЛАСТЬ,АКЖАИКСКИЙ РАЙОН
449032,Деятельность по организации отдыха и развлечений,false,,85162000,883,38373000,920,9224000,846,x,1031,215245000,994,71101000,957,3,"Деятельность в области спорта, организации отдыха и развлечений",ЗАПАДНО-КАЗАХСТАНСКАЯ ОБЛАСТЬ,АКЖАИКСКИЙ РАЙОН
449035,Прочая деятельность по организации отдыха и развлечений,false,,85162000,883,38373000,920,9224000,846,x,1031,215245000,994,71101000,957,4,Деятельность по организации отдыха и развлечений,ЗАПАДНО-КАЗАХСТАНСКАЯ ОБЛАСТЬ,АКЖАИКСКИЙ РАЙОН
449036,"Деятельность танцевальных залов, дискотек",true,,,,,,9224000,846,,,,,,,5,Прочая деятельность по организации отдыха и развлечений,ЗАПАДНО-КАЗАХСТАНСКАЯ ОБЛАСТЬ,АКЖАИКСКИЙ РАЙОН
449039,Прочие виды деятельности по организации отдыха и развлечений,true,,85162000,883,38373000,920,,,x,1031,215245000,994,71101000,957,5,Прочая деятельность по организации отдыха и развлечений,ЗАПАДНО-КАЗАХСТАНСКАЯ ОБЛАСТЬ,АКЖАИКСКИЙ РАЙОН
449040,Предоставление прочих видов услуг,false,,,,,,,,100000000,1031,,,,,1,Всего,ЗАПАДНО-КАЗАХСТАНСКАЯ ОБЛАСТЬ,АКЖАИКСКИЙ РАЙОН
449084,Предоставление прочих индивидуальных услуг,false,,,,,,,,100000000,1031,,,,,2,Предоставление прочих видов услуг,ЗАПАДНО-КАЗАХСТАНСКАЯ ОБЛАСТЬ,АКЖАИКСКИЙ РАЙОН
449085,Предоставление прочих индивидуальных услуг,false,,,,,,,,100000000,1031,,,,,3,Предоставление прочих индивидуальных услуг,ЗАПАДНО-КАЗАХСТАНСКАЯ ОБЛАСТЬ,АКЖАИКСКИЙ РАЙОН
449093,Деятельность по обеспечению физического комфорта,false,,,,,,,,100000000,1031,,,,,4,Предоставление прочих индивидуальных услуг,ЗАПАДНО-КАЗАХСТАНСКАЯ ОБЛАСТЬ,АКЖАИКСКИЙ РАЙОН
449094,Деятельность по обеспечению физического комфорта,true,,,,,,,,100000000,1031,,,,,5,Деятельность по обеспечению физического комфорта,ЗАПАДНО-КАЗАХСТАНСКАЯ ОБЛАСТЬ,АКЖАИКСКИЙ РАЙОН
741340,Промышленность,false,,1962975000,883,1844393000,920,1563486000,846,3408310000,1031,3991547000,994,5844063000,957,1,Всего,ЗАПАДНО-КАЗАХСТАНСКАЯ ОБЛАСТЬ,АКЖАИКСКИЙ РАЙОН
447279,Горнодобывающая промышленность и разработка карьеров,false,,x,883,,,x,846,,,,,,,2,Промышленность,ЗАПАДНО-КАЗАХСТАНСКАЯ ОБЛАСТЬ,АКЖАИКСКИЙ РАЙОН
447316,Добыча прочих полезных ископаемых,false,,x,883,,,x,846,,,,,,,3,Горнодобывающая промышленность и разработка карьеров,ЗАПАДНО-КАЗАХСТАНСКАЯ ОБЛАСТЬ,АКЖАИКСКИЙ РАЙОН
447325,"Добыча полезных ископаемых, не включенных в другие группировки",false,,x,883,,,x,846,,,,,,,4,Добыча прочих полезных ископаемых,ЗАПАДНО-КАЗАХСТАНСКАЯ ОБЛАСТЬ,АКЖАИКСКИЙ РАЙОН
447326,Добыча минерального сырья для химической промышленности и производства удобрений,false,,x,883,,,x,846,,,,,,,5,"Добыча полезных ископаемых, не включенных в другие группировки",ЗАПАДНО-КАЗАХСТАНСКАЯ ОБЛАСТЬ,АКЖАИКСКИЙ РАЙОН
447346,Обрабатывающая промышленность,false,,,,,,20000000,846,,,,,,,2,Промышленность,ЗАПАДНО-КАЗАХСТАНСКАЯ ОБЛАСТЬ,АКЖАИКСКИЙ РАЙОН
447646,Производство прочей не металлической минеральной продукции,false,,,,,,20000000,846,,,,,,,3,Обрабатывающая промышленность,ЗАПАДНО-КАЗАХСТАНСКАЯ ОБЛАСТЬ,АКЖАИКСКИЙ РАЙОН
447664,Производство строительных материалов из глины,false,,,,,,20000000,846,,,,,,,4,Производство прочей не металлической минеральной продукции,ЗАПАДНО-КАЗАХСТАНСКАЯ ОБЛАСТЬ,АКЖАИКСКИЙ РАЙОН
447667,"Производство кирпича, черепицы и прочих строительных изделий из обожженной глины",false,,,,,,20000000,846,,,,,,,5,Производство строительных материалов из глины,ЗАПАДНО-КАЗАХСТАНСКАЯ ОБЛАСТЬ,АКЖАИКСКИЙ РАЙОН
448090,"Снабжение электроэнергией, газом, паром, горячей водой и кондиционированным воздухом",false,,1110231000,883,1448407000,920,132460000,846,1784342000,1031,2806692000,994,5228925000,957,2,Промышленность,ЗАПАДНО-КАЗАХСТАНСКАЯ ОБЛАСТЬ,АКЖАИКСКИЙ РАЙОН
448091,"Снабжение электроэнергией, газом, паром, горячей водой и кондиционированным воздухом",false,,1110231000,883,1448407000,920,132460000,846,1784342000,1031,2806692000,994,5228925000,957,3,"Снабжение электроэнергией, газом, паром, горячей водой и кондиционированным воздухом",ЗАПАДНО-КАЗАХСТАНСКАЯ ОБЛАСТЬ,АКЖАИКСКИЙ РАЙОН
448092,"Производство, передача и распределение электроэнергии",false,,x,883,1356737000,920,132460000,846,1654705000,1031,2746545000,994,5179431000,957,4,"Снабжение электроэнергией, газом, паром, горячей водой и кондиционированным воздухом",ЗАПАДНО-КАЗАХСТАНСКАЯ ОБЛАСТЬ,АКЖАИКСКИЙ РАЙОН
448098,Передача электроэнергии,false,,x,883,x,920,x,846,1653511000,1031,x,994,x,957,5,"Производство, передача и распределение электроэнергии",ЗАПАДНО-КАЗАХСТАНСКАЯ ОБЛАСТЬ,АКЖАИКСКИЙ РАЙОН
448100,Распределение электроэнергии,false,,,,134207000,920,7188000,846,1194000,1031,66643000,994,353836000,957,5,"Производство, передача и распределение электроэнергии",ЗАПАДНО-КАЗАХСТАНСКАЯ ОБЛАСТЬ,АКЖАИКСКИЙ РАЙОН
448104,Производство и распределение газообразного топлива по трубопроводам,false,,406113000,883,91670000,920,,,129637000,1031,60147000,994,x,957,4,"Снабжение электроэнергией, газом, паром, горячей водой и кондиционированным воздухом",ЗАПАДНО-КАЗАХСТАНСКАЯ ОБЛАСТЬ,АКЖАИКСКИЙ РАЙОН
448107,Распределение газообразного топлива по трубопроводам,false,,406113000,883,91670000,920,,,129637000,1031,60147000,994,x,957,5,Производство и распределение газообразного топлива по трубопроводам,ЗАПАДНО-КАЗАХСТАНСКАЯ ОБЛАСТЬ,АКЖАИКСКИЙ РАЙОН
448117,"Водоснабжение; сбор, обработка и удаление отходов, деятельность по ликвидации загрязнений",false,,849636000,883,395986000,920,1135524000,846,1623968000,1031,1184855000,994,615138000,957,2,Промышленность,ЗАПАДНО-КАЗАХСТАНСКАЯ ОБЛАСТЬ,АКЖАИКСКИЙ РАЙОН
448118,"Сбор, обработка и распределение воды",false,,849636000,883,395986000,920,1135524000,846,1623968000,1031,1184855000,994,615138000,957,3,"Водоснабжение; сбор, обработка и удаление отходов, деятельность по ликвидации загрязнений",ЗАПАДНО-КАЗАХСТАНСКАЯ ОБЛАСТЬ,АКЖАИКСКИЙ РАЙОН
448119,"Сбор, обработка и распределение воды",false,,849636000,883,395986000,920,1135524000,846,1623968000,1031,1184855000,994,615138000,957,4,"Сбор, обработка и распределение воды",ЗАПАДНО-КАЗАХСТАНСКАЯ ОБЛАСТЬ,АКЖАИКСКИЙ РАЙОН
448120,"Сбор, обработка и распределение воды",false,,849636000,883,395986000,920,1135524000,846,1623968000,1031,1184855000,994,615138000,957,5,"Сбор, обработка и распределение воды",ЗАПАДНО-КАЗАХСТАНСКАЯ ОБЛАСТЬ,АКЖАИКСКИЙ РАЙОН
741885,Всего,false,,267147487000,883,210615042000,920,305492312000,846,349759015000,1031,384444698000,994,322531329000,957,0,,ЗАПАДНО-КАЗАХСТАНСКАЯ ОБЛАСТЬ,БУРЛИНСКИЙ РАЙОН
447173,"Сельское, лесное и рыбное хозяйство",false,,504655000,883,1469430000,920,156075000,846,1814471000,1031,910982000,994,758996000,957,1,Всего,ЗАПАДНО-КАЗАХСТАНСКАЯ ОБЛАСТЬ,БУРЛИНСКИЙ РАЙОН
447174,"Растениеводство и животноводство, охота и предоставление услуг в этих областях",false,,504655000,883,1469430000,920,156075000,846,1814471000,1031,910982000,994,758996000,957,2,"Сельское, лесное и рыбное хозяйство",ЗАПАДНО-КАЗАХСТАНСКАЯ ОБЛАСТЬ,БУРЛИНСКИЙ РАЙОН
447175,Выращивание одно- или двухлетних культур,false,,130068000,883,197984000,920,91977000,846,66278000,1031,350893000,994,295837000,957,3,"Растениеводство и животноводство, охота и предоставление услуг в этих областях",ЗАПАДНО-КАЗАХСТАНСКАЯ ОБЛАСТЬ,БУРЛИНСКИЙ РАЙОН
447176,"Выращивание зерновых (кроме риса), бобовых и масличных культур",false,,118015000,883,176009000,920,91977000,846,23647000,1031,350893000,994,277309000,957,4,Выращивание одно- или двухлетних культур,ЗАПАДНО-КАЗАХСТАНСКАЯ ОБЛАСТЬ,БУРЛИНСКИЙ РАЙОН
3783380,"Выращивание зерновых и зернобобовых культур, включая семеноводство",true,,118015000,883,176009000,920,91977000,846,23647000,1031,350893000,994,277309000,957,5,"Выращивание зерновых (кроме риса), бобовых и масличных культур",ЗАПАДНО-КАЗАХСТАНСКАЯ ОБЛАСТЬ,БУРЛИНСКИЙ РАЙОН
447181,"Выращивание овощей, бахчевых, корнеплодов и клубнеплодов",false,,,,,,,,3150000,1031,,,,,4,Выращивание одно- или двухлетних культур,ЗАПАДНО-КАЗАХСТАНСКАЯ ОБЛАСТЬ,БУРЛИНСКИЙ РАЙОН
447183,"Выращивание овощей, их семян и рассады",true,,,,,,,,3150000,1031,,,,,5,"Выращивание овощей, бахчевых, корнеплодов и клубнеплодов",ЗАПАДНО-КАЗАХСТАНСКАЯ ОБЛАСТЬ,БУРЛИНСКИЙ РАЙОН
447192,Выращивание прочих одно- или двухлетних культур,false,,12053000,883,21975000,920,,,39481000,1031,,,18528000,957,4,Выращивание одно- или двухлетних культур,ЗАПАДНО-КАЗАХСТАНСКАЯ ОБЛАСТЬ,БУРЛИНСКИЙ РАЙОН
447193,Выращивание кормовых культур и их семян,true,,1747000,883,13020000,920,,,3001000,1031,,,8168000,957,5,Выращивание прочих одно- или двухлетних культур,ЗАПАДНО-КАЗАХСТАНСКАЯ ОБЛАСТЬ,БУРЛИНСКИЙ РАЙОН
447195,"Выращивание прочих одно- или двухлетних культур, не включенных в другие группировки",true,,10306000,883,8955000,920,,,36480000,1031,,,10360000,957,5,Выращивание прочих одно- или двухлетних культур,ЗАПАДНО-КАЗАХСТАНСКАЯ ОБЛАСТЬ,БУРЛИНСКИЙ РАЙОН
447218,Животноводство,false,,148459000,883,315773000,920,38065000,846,1167567000,1031,194613000,994,228835000,957,3,"Растениеводство и животноводство, охота и предоставление услуг в этих областях",ЗАПАДНО-КАЗАХСТАНСКАЯ ОБЛАСТЬ,БУРЛИНСКИЙ РАЙОН
447219,Разведение крупного рогатого скота молочного направления,false,,27968000,883,71000000,920,,,839796000,1031,,,9921000,957,4,Животноводство,ЗАПАДНО-КАЗАХСТАНСКАЯ ОБЛАСТЬ,БУРЛИНСКИЙ РАЙОН
447220,Разведение крупного рогатого скота молочного направления,true,,27968000,883,71000000,920,,,839796000,1031,,,9921000,957,5,Разведение крупного рогатого скота молочного направления,ЗАПАДНО-КАЗАХСТАНСКАЯ ОБЛАСТЬ,БУРЛИНСКИЙ РАЙОН
447221,Разведение прочего крупного рогатого скота и буйволов,false,,79631000,883,227095000,920,34907000,846,271946000,1031,177373000,994,202155000,957,4,Животноводство,ЗАПАДНО-КАЗАХСТАНСКАЯ ОБЛАСТЬ,БУРЛИНСКИЙ РАЙОН
447222,Разведение прочего крупного рогатого скота и буйволов,true,,79631000,883,227095000,920,34907000,846,271946000,1031,177373000,994,202155000,957,5,Разведение прочего крупного рогатого скота и буйволов,ЗАПАДНО-КАЗАХСТАНСКАЯ ОБЛАСТЬ,БУРЛИНСКИЙ РАЙОН
447223,Разведение лошадей и прочих животных семейства лошадиных,false,,21723000,883,16866000,920,,,42355000,1031,12640000,994,1246000,957,4,Животноводство,ЗАПАДНО-КАЗАХСТАНСКАЯ ОБЛАСТЬ,БУРЛИНСКИЙ РАЙОН
447224,Разведение лошадей,true,,21723000,883,16866000,920,,,42355000,1031,12640000,994,1246000,957,5,Разведение лошадей и прочих животных семейства лошадиных,ЗАПАДНО-КАЗАХСТАНСКАЯ ОБЛАСТЬ,БУРЛИНСКИЙ РАЙОН
447228,Разведение овец и коз,false,,,,812000,920,3158000,846,12870000,1031,4600000,994,15513000,957,4,Животноводство,ЗАПАДНО-КАЗАХСТАНСКАЯ ОБЛАСТЬ,БУРЛИНСКИЙ РАЙОН
447229,Разведение овец и коз,true,,,,812000,920,3158000,846,12870000,1031,4600000,994,15513000,957,5,Разведение овец и коз,ЗАПАДНО-КАЗАХСТАНСКАЯ ОБЛАСТЬ,БУРЛИНСКИЙ РАЙОН
447237,Разведение прочих видов животных,false,,19137000,883,,,,,600000,1031,,,,,4,Животноводство,ЗАПАДНО-КАЗАХСТАНСКАЯ ОБЛАСТЬ,БУРЛИНСКИЙ РАЙОН
447238,Разведение прочих видов животных,true,,19137000,883,,,,,600000,1031,,,,,5,Разведение прочих видов животных,ЗАПАДНО-КАЗАХСТАНСКАЯ ОБЛАСТЬ,БУРЛИНСКИЙ РАЙОН
447239,Смешанное сельское хозяйство,false,,226128000,883,955673000,920,26033000,846,580626000,1031,365476000,994,234324000,957,3,"Растениеводство и животноводство, охота и предоставление услуг в этих областях",ЗАПАДНО-КАЗАХСТАНСКАЯ ОБЛАСТЬ,БУРЛИНСКИЙ РАЙОН
447240,Смешанное сельское хозяйство,false,,226128000,883,955673000,920,26033000,846,580626000,1031,365476000,994,234324000,957,4,Смешанное сельское хозяйство,ЗАПАДНО-КАЗАХСТАНСКАЯ ОБЛАСТЬ,БУРЛИНСКИЙ РАЙОН
447241,Смешанное сельское хозяйство,true,,226128000,883,955673000,920,26033000,846,580626000,1031,365476000,994,234324000,957,5,Смешанное сельское хозяйство,ЗАПАДНО-КАЗАХСТАНСКАЯ ОБЛАСТЬ,БУРЛИНСКИЙ РАЙОН
448148,Строительство,false,,2048145000,883,2132861000,920,2885018000,846,1654544000,1031,3136821000,994,3846588000,957,1,Всего,ЗАПАДНО-КАЗАХСТАНСКАЯ ОБЛАСТЬ,БУРЛИНСКИЙ РАЙОН
18710963,Строительство зданий,false,,,,32000000,920,1728039000,846,290076000,1031,,,15500000,957,2,Строительство,ЗАПАДНО-КАЗАХСТАНСКАЯ ОБЛАСТЬ,БУРЛИНСКИЙ РАЙОН
18710967,Строительство жилых и нежилых зданий,false,,,,32000000,920,1728039000,846,290076000,1031,,,15500000,957,3,Строительство зданий,ЗАПАДНО-КАЗАХСТАНСКАЯ ОБЛАСТЬ,БУРЛИНСКИЙ РАЙОН
18710968,Строительство жилых и нежилых зданий,false,,,,32000000,920,1728039000,846,290076000,1031,,,15500000,957,4,Строительство жилых и нежилых зданий,ЗАПАДНО-КАЗАХСТАНСКАЯ ОБЛАСТЬ,БУРЛИНСКИЙ РАЙОН
18710969,Строительство жилых зданий,true,,,,,,1263000,846,43405000,1031,,,,,5,Строительство жилых и нежилых зданий,ЗАПАДНО-КАЗАХСТАНСКАЯ ОБЛАСТЬ,БУРЛИНСКИЙ РАЙОН
18801543,"Строительство нежилых зданий, за исключением стационарных торговых объектов категорий 1, 2",true,,,,32000000,920,1726776000,846,246671000,1031,,,15500000,957,5,Строительство жилых и нежилых зданий,ЗАПАДНО-КАЗАХСТАНСКАЯ ОБЛАСТЬ,БУРЛИНСКИЙ РАЙОН
448157,Гражданское строительство,false,,401460000,883,1258208000,920,234997000,846,687170000,1031,2315035000,994,2322875000,957,2,Строительство,ЗАПАДНО-КАЗАХСТАНСКАЯ ОБЛАСТЬ,БУРЛИНСКИЙ РАЙОН
448158,Строительство автомобильных и железных дорог,false,,70871000,883,131134000,920,47667000,846,79063000,1031,264751000,994,784619000,957,3,Гражданское строительство,ЗАПАДНО-КАЗАХСТАНСКАЯ ОБЛАСТЬ,БУРЛИНСКИЙ РАЙОН
18696143,Строительство автомобильных дорог,false,,70871000,883,131134000,920,47667000,846,79063000,1031,264751000,994,784619000,957,4,Строительство автомобильных и железных дорог,ЗАПАДНО-КАЗАХСТАНСКАЯ ОБЛАСТЬ,БУРЛИНСКИЙ РАЙОН
18946136,Строительство дорог и автомагистралей,true,,70871000,883,131134000,920,47667000,846,79063000,1031,264751000,994,784619000,957,5,Строительство автомобильных дорог,ЗАПАДНО-КАЗАХСТАНСКАЯ ОБЛАСТЬ,БУРЛИНСКИЙ РАЙОН
448165,Строительство распределительных инженерных сооружений,false,,94620000,883,878780000,920,143669000,846,489434000,1031,1164575000,994,1455509000,957,3,Гражданское строительство,ЗАПАДНО-КАЗАХСТАНСКАЯ ОБЛАСТЬ,БУРЛИНСКИЙ РАЙОН
448166,Строительство трубопроводов,false,,72108000,883,871930000,920,x,846,489434000,1031,1164575000,994,1450504000,957,4,Строительство распределительных инженерных сооружений,ЗАПАДНО-КАЗАХСТАНСКАЯ ОБЛАСТЬ,БУРЛИНСКИЙ РАЙОН
448167,Строительство нефтяных и газовых магистральных трубопроводов,true,,72108000,883,871930000,920,x,846,489434000,1031,1164575000,994,1450504000,957,5,Строительство трубопроводов,ЗАПАДНО-КАЗАХСТАНСКАЯ ОБЛАСТЬ,БУРЛИНСКИЙ РАЙОН
448170,Строительство линий электропередач и телекоммуникаций ,false,,x,883,x,920,x,846,,,,,x,957,4,Строительство распределительных инженерных сооружений,ЗАПАДНО-КАЗАХСТАНСКАЯ ОБЛАСТЬ,БУРЛИНСКИЙ РАЙОН
448171,Строительство линий электропередач и телекоммуникаций ,true,,x,883,x,920,x,846,,,,,x,957,5,Строительство линий электропередач и телекоммуникаций ,ЗАПАДНО-КАЗАХСТАНСКАЯ ОБЛАСТЬ,БУРЛИНСКИЙ РАЙОН
18696516,Строительство прочих инженерных сооружений,false,,235969000,883,248294000,920,43661000,846,118673000,1031,885709000,994,82747000,957,3,Гражданское строительство,ЗАПАДНО-КАЗАХСТАНСКАЯ ОБЛАСТЬ,БУРЛИНСКИЙ РАЙОН
18696517,"Строительство прочих инженерных сооружений, не включенных в другие группировки",false,,235969000,883,248294000,920,43661000,846,118673000,1031,885709000,994,82747000,957,4,Строительство прочих инженерных сооружений,ЗАПАДНО-КАЗАХСТАНСКАЯ ОБЛАСТЬ,БУРЛИНСКИЙ РАЙОН
18696518,"Строительство прочих инженерных сооружений, не включенных в другие группировки",true,,235969000,883,248294000,920,43661000,846,118673000,1031,885709000,994,82747000,957,5,"Строительство прочих инженерных сооружений, не включенных в другие группировки",ЗАПАДНО-КАЗАХСТАНСКАЯ ОБЛАСТЬ,БУРЛИНСКИЙ РАЙОН
448177,Специализированные строительные работы,false,,1646685000,883,842653000,920,921982000,846,677298000,1031,821786000,994,1508213000,957,2,Строительство,ЗАПАДНО-КАЗАХСТАНСКАЯ ОБЛАСТЬ,БУРЛИНСКИЙ РАЙОН
448178,"Снос  зданий и сооружений, подготовка строительного участка",false,,4986000,883,x,920,x,846,17127000,1031,2010000,994,100639000,957,3,Специализированные строительные работы,ЗАПАДНО-КАЗАХСТАНСКАЯ ОБЛАСТЬ,БУРЛИНСКИЙ РАЙОН
448181,Подготовка строительного участка,false,,4986000,883,x,920,x,846,17127000,1031,2010000,994,100639000,957,4,"Снос  зданий и сооружений, подготовка строительного участка",ЗАПАДНО-КАЗАХСТАНСКАЯ ОБЛАСТЬ,БУРЛИНСКИЙ РАЙОН
448182,Земляные работы,true,,4986000,883,x,920,x,846,17127000,1031,2010000,994,100639000,957,5,Подготовка строительного участка,ЗАПАДНО-КАЗАХСТАНСКАЯ ОБЛАСТЬ,БУРЛИНСКИЙ РАЙОН
448187,"Монтаж и установка электрического, водопроводного и прочего оборудования",false,,286388000,883,114103000,920,426826000,846,149535000,1031,383800000,994,693204000,957,3,Специализированные строительные работы,ЗАПАДНО-КАЗАХСТАНСКАЯ ОБЛАСТЬ,БУРЛИНСКИЙ РАЙОН
448188,Электромонтажные работы,false,,1008000,883,3847000,920,162571000,846,x,1031,x,994,x,957,4,"Монтаж и установка электрического, водопроводного и прочего оборудования",ЗАПАДНО-КАЗАХСТАНСКАЯ ОБЛАСТЬ,БУРЛИНСКИЙ РАЙОН
18951435,Прочие электромонтажные работы,true,,1008000,883,3847000,920,162571000,846,x,1031,x,994,x,957,5,Электромонтажные работы,ЗАПАДНО-КАЗАХСТАНСКАЯ ОБЛАСТЬ,БУРЛИНСКИЙ РАЙОН
448192,Прочие строительно-монтажные работы,false,,285380000,883,110256000,920,264255000,846,123535000,1031,383494000,994,692038000,957,4,"Монтаж и установка электрического, водопроводного и прочего оборудования",ЗАПАДНО-КАЗАХСТАНСКАЯ ОБЛАСТЬ,БУРЛИНСКИЙ РАЙОН
448193,Изоляционные работы,true,,2499000,883,,,x,846,,,,,,,5,Прочие строительно-монтажные работы,ЗАПАДНО-КАЗАХСТАНСКАЯ ОБЛАСТЬ,БУРЛИНСКИЙ РАЙОН
448194,"Прочие строительно-монтажные работы, не включенные в другие группировки",true,,282881000,883,110256000,920,264175000,846,123535000,1031,383494000,994,692038000,957,5,Прочие строительно-монтажные работы,ЗАПАДНО-КАЗАХСТАНСКАЯ ОБЛАСТЬ,БУРЛИНСКИЙ РАЙОН
448207,Прочие специализированные строительные работы,false,,1355311000,883,664758000,920,491526000,846,510636000,1031,435976000,994,714370000,957,3,Специализированные строительные работы,ЗАПАДНО-КАЗАХСТАНСКАЯ ОБЛАСТЬ,БУРЛИНСКИЙ РАЙОН
448210,"Прочие специализированные строительные работы, не включенные в другие группировки",false,,1355311000,883,664758000,920,491526000,846,510636000,1031,435976000,994,714370000,957,4,Прочие специализированные строительные работы,ЗАПАДНО-КАЗАХСТАНСКАЯ ОБЛАСТЬ,БУРЛИНСКИЙ РАЙОН
448213,Аренда строительного оборудования с оператором,true,,351156000,883,,,x,846,210900000,1031,,,,,5,"Прочие специализированные строительные работы, не включенные в другие группировки",ЗАПАДНО-КАЗАХСТАНСКАЯ ОБЛАСТЬ,БУРЛИНСКИЙ РАЙОН
448214,"Прочие строительные работы, требующие специальной квалификации",true,,1004155000,883,664758000,920,101743000,846,299736000,1031,435976000,994,714370000,957,5,"Прочие специализированные строительные работы, не включенные в другие группировки",ЗАПАДНО-КАЗАХСТАНСКАЯ ОБЛАСТЬ,БУРЛИНСКИЙ РАЙОН
448215,Оптовая и розничная торговля; ремонт автомобилей и мотоциклов,false,,496550000,883,1358152000,920,1898863000,846,1333963000,1031,361709000,994,529023000,957,1,Всего,ЗАПАДНО-КАЗАХСТАНСКАЯ ОБЛАСТЬ,БУРЛИНСКИЙ РАЙОН
448216,Оптовая и розничная торговля автомобилями и мотоциклами и их ремонт,false,,85320000,883,179376000,920,x,846,,,317700000,994,24000000,957,2,Оптовая и розничная торговля; ремонт автомобилей и мотоциклов,ЗАПАДНО-КАЗАХСТАНСКАЯ ОБЛАСТЬ,БУРЛИНСКИЙ РАЙОН
448217,Торговля автомобилями,false,,x,883,x,920,,,,,197700000,994,,,3,Оптовая и розничная торговля автомобилями и мотоциклами и их ремонт,ЗАПАДНО-КАЗАХСТАНСКАЯ ОБЛАСТЬ,БУРЛИНСКИЙ РАЙОН
448218,Торговля автомобилями и легкими автотранспортными средствами,false,,x,883,x,920,,,,,197700000,994,,,4,Торговля автомобилями,ЗАПАДНО-КАЗАХСТАНСКАЯ ОБЛАСТЬ,БУРЛИНСКИЙ РАЙОН
448219,Оптовая торговля автомобилями и легкими автотранспортными средствами,true,,x,883,x,920,,,,,,,,,5,Торговля автомобилями и легкими автотранспортными средствами,ЗАПАДНО-КАЗАХСТАНСКАЯ ОБЛАСТЬ,БУРЛИНСКИЙ РАЙОН
448220,Розничная торговля автомобилями и легкими автотранспортными средствами  в торговых объектах с торговой площадью менее 2000 кв.м,true,,,,,,,,,,197700000,994,,,5,Торговля автомобилями и легкими автотранспортными средствами,ЗАПАДНО-КАЗАХСТАНСКАЯ ОБЛАСТЬ,БУРЛИНСКИЙ РАЙОН
448224,Техническое обслуживание и ремонт автомобилей,false,,59500000,883,115000000,920,,,,,120000000,994,24000000,957,3,Оптовая и розничная торговля автомобилями и мотоциклами и их ремонт,ЗАПАДНО-КАЗАХСТАНСКАЯ ОБЛАСТЬ,БУРЛИНСКИЙ РАЙОН
448225,Техническое обслуживание и ремонт автомобилей,false,,59500000,883,115000000,920,,,,,120000000,994,24000000,957,4,Техническое обслуживание и ремонт автомобилей,ЗАПАДНО-КАЗАХСТАНСКАЯ ОБЛАСТЬ,БУРЛИНСКИЙ РАЙОН
20575904,"Техническое обслуживание и ремонт автомобилей, за исключением произведенных станциями технического обслуживания, находящимися на придорожной полосе",true,,59500000,883,115000000,920,,,,,,,,,5,Техническое обслуживание и ремонт автомобилей,ЗАПАДНО-КАЗАХСТАНСКАЯ ОБЛАСТЬ,БУРЛИНСКИЙ РАЙОН
20575905,"Техническое обслуживание и ремонт автомобилей станциями технического обслуживания, находящимися на придорожной полосе ",true,,,,,,,,,,120000000,994,24000000,957,5,Техническое обслуживание и ремонт автомобилей,ЗАПАДНО-КАЗАХСТАНСКАЯ ОБЛАСТЬ,БУРЛИНСКИЙ РАЙОН
448227,"Торговля автомобильными деталями, узлами и принадлежностями",false,,,,,,x,846,,,,,,,3,Оптовая и розничная торговля автомобилями и мотоциклами и их ремонт,ЗАПАДНО-КАЗАХСТАНСКАЯ ОБЛАСТЬ,БУРЛИНСКИЙ РАЙОН
448228,"Оптовая торговля автомобильными деталями, узлами и принадлежностями",false,,,,,,x,846,,,,,,,4,"Торговля автомобильными деталями, узлами и принадлежностями",ЗАПАДНО-КАЗАХСТАНСКАЯ ОБЛАСТЬ,БУРЛИНСКИЙ РАЙОН
448229,"Оптовая торговля автомобильными деталями, узлами и принадлежностями",true,,,,,,x,846,,,,,,,5,"Оптовая торговля автомобильными деталями, узлами и принадлежностями",ЗАПАДНО-КАЗАХСТАНСКАЯ ОБЛАСТЬ,БУРЛИНСКИЙ РАЙОН
448237,"Оптовая торговля, за исключением торговли автомобилями и мотоциклами",false,,128468000,883,773849000,920,1338342000,846,1314756000,1031,1891000,994,30863000,957,2,Оптовая и розничная торговля; ремонт автомобилей и мотоциклов,ЗАПАДНО-КАЗАХСТАНСКАЯ ОБЛАСТЬ,БУРЛИНСКИЙ РАЙОН
448267,"Оптовая торговля продуктами питания, напитками и табачными изделиями",false,,26902000,883,,,x,846,,,,,,,3,"Оптовая торговля, за исключением торговли автомобилями и мотоциклами",ЗАПАДНО-КАЗАХСТАНСКАЯ ОБЛАСТЬ,БУРЛИНСКИЙ РАЙОН
448268,Оптовая торговля фруктами и овощами,false,,10902000,883,,,,,,,,,,,4,"Оптовая торговля продуктами питания, напитками и табачными изделиями",ЗАПАДНО-КАЗАХСТАНСКАЯ ОБЛАСТЬ,БУРЛИНСКИЙ РАЙОН
448269,Оптовая торговля фруктами и овощами,true,,10902000,883,,,,,,,,,,,5,Оптовая торговля фруктами и овощами,ЗАПАДНО-КАЗАХСТАНСКАЯ ОБЛАСТЬ,БУРЛИНСКИЙ РАЙОН
448270,Оптовая торговля мясом и мясными продуктами,false,,x,883,,,x,846,,,,,,,4,"Оптовая торговля продуктами питания, напитками и табачными изделиями",ЗАПАДНО-КАЗАХСТАНСКАЯ ОБЛАСТЬ,БУРЛИНСКИЙ РАЙОН
448271,Оптовая торговля мясом и мясными продуктами,true,,x,883,,,x,846,,,,,,,5,Оптовая торговля мясом и мясными продуктами,ЗАПАДНО-КАЗАХСТАНСКАЯ ОБЛАСТЬ,БУРЛИНСКИЙ РАЙОН
448287,Оптовая торговля непродовольственными товарами потребительского назначения,false,,,,,,x,846,,,,,,,3,"Оптовая торговля, за исключением торговли автомобилями и мотоциклами",ЗАПАДНО-КАЗАХСТАНСКАЯ ОБЛАСТЬ,БУРЛИНСКИЙ РАЙОН
448290,Оптовая торговля одеждой и обувью,false,,,,,,x,846,,,,,,,4,Оптовая торговля непродовольственными товарами потребительского назначения,ЗАПАДНО-КАЗАХСТАНСКАЯ ОБЛАСТЬ,БУРЛИНСКИЙ РАЙОН
448292,"Оптовая торговля одеждой, кроме трикотажных и чулочно-носочных изделий",true,,,,,,x,846,,,,,,,5,Оптовая торговля одеждой и обувью,ЗАПАДНО-КАЗАХСТАНСКАЯ ОБЛАСТЬ,БУРЛИНСКИЙ РАЙОН
448311,Оптовая торговля компьютерами и коммуникационным оборудованием,false,,,,,,,,1311367000,1031,,,,,3,"Оптовая торговля, за исключением торговли автомобилями и мотоциклами",ЗАПАДНО-КАЗАХСТАНСКАЯ ОБЛАСТЬ,БУРЛИНСКИЙ РАЙОН
448314,Оптовая торговля электронным и телекоммуникационным оборудованием и их частями ,false,,,,,,,,1311367000,1031,,,,,4,Оптовая торговля компьютерами и коммуникационным оборудованием,ЗАПАДНО-КАЗАХСТАНСКАЯ ОБЛАСТЬ,БУРЛИНСКИЙ РАЙОН
448315,Оптовая торговля электронным и телекоммуникационным оборудованием и их частями ,true,,,,,,,,1311367000,1031,,,,,5,Оптовая торговля электронным и телекоммуникационным оборудованием и их частями ,ЗАПАДНО-КАЗАХСТАНСКАЯ ОБЛАСТЬ,БУРЛИНСКИЙ РАЙОН
448316,"Оптовая торговля прочими машинами, оборудованием и деталями и принадлежностями к ним",false,,,,,,x,846,,,,,,,3,"Оптовая торговля, за исключением торговли автомобилями и мотоциклами",ЗАПАДНО-КАЗАХСТАНСКАЯ ОБЛАСТЬ,БУРЛИНСКИЙ РАЙОН
448329,Оптовая торговля прочими машинами и оборудованием,false,,,,,,x,846,,,,,,,4,"Оптовая торговля прочими машинами, оборудованием и деталями и принадлежностями к ним",ЗАПАДНО-КАЗАХСТАНСКАЯ ОБЛАСТЬ,БУРЛИНСКИЙ РАЙОН
448330,Оптовая торговля прочими машинами и оборудованием,true,,,,,,x,846,,,,,,,5,Оптовая торговля прочими машинами и оборудованием,ЗАПАДНО-КАЗАХСТАНСКАЯ ОБЛАСТЬ,БУРЛИНСКИЙ РАЙОН
448331,Прочая специализированная оптовая торговля ,false,,92645000,883,96633000,920,686283000,846,2857000,1031,,,,,3,"Оптовая торговля, за исключением торговли автомобилями и мотоциклами",ЗАПАДНО-КАЗАХСТАНСКАЯ ОБЛАСТЬ,БУРЛИНСКИЙ РАЙОН
448358,Оптовая торговля химической продукцией,false,,92430000,883,95533000,920,685633000,846,2857000,1031,,,,,4,Прочая специализированная оптовая торговля ,ЗАПАДНО-КАЗАХСТАНСКАЯ ОБЛАСТЬ,БУРЛИНСКИЙ РАЙОН
448359,Оптовая торговля химическими веществами и химическими продуктами,true,,92430000,883,95533000,920,685633000,846,2857000,1031,,,,,5,Оптовая торговля химической продукцией,ЗАПАДНО-КАЗАХСТАНСКАЯ ОБЛАСТЬ,БУРЛИНСКИЙ РАЙОН
448367,Оптовая торговля отходами и ломом,false,,215000,883,1100000,920,x,846,,,,,,,4,Прочая специализированная оптовая торговля ,ЗАПАДНО-КАЗАХСТАНСКАЯ ОБЛАСТЬ,БУРЛИНСКИЙ РАЙОН
448368,Оптовая торговля ломом и отходами черных и цветных металлов,true,,215000,883,1100000,920,x,846,,,,,,,5,Оптовая торговля отходами и ломом,ЗАПАДНО-КАЗАХСТАНСКАЯ ОБЛАСТЬ,БУРЛИНСКИЙ РАЙОН
448371,Неспециализированная оптовая торговля,false,,8921000,883,677216000,920,648653000,846,532000,1031,1891000,994,30863000,957,3,"Оптовая торговля, за исключением торговли автомобилями и мотоциклами",ЗАПАДНО-КАЗАХСТАНСКАЯ ОБЛАСТЬ,БУРЛИНСКИЙ РАЙОН
448372,Неспециализированная оптовая торговля,false,,8921000,883,677216000,920,648653000,846,532000,1031,1891000,994,30863000,957,4,Неспециализированная оптовая торговля,ЗАПАДНО-КАЗАХСТАНСКАЯ ОБЛАСТЬ,БУРЛИНСКИЙ РАЙОН
448376,Оптовая торговля широким ассортиментом товаров без какой-либо конкретизации,true,,8921000,883,677216000,920,648653000,846,532000,1031,1891000,994,30863000,957,5,Неспециализированная оптовая торговля,ЗАПАДНО-КАЗАХСТАНСКАЯ ОБЛАСТЬ,БУРЛИНСКИЙ РАЙОН
448377,"Розничная торговля, кроме торговли автомобилями и мотоциклами",false,,282762000,883,404927000,920,540764000,846,19207000,1031,42118000,994,474160000,957,2,Оптовая и розничная торговля; ремонт автомобилей и мотоциклов,ЗАПАДНО-КАЗАХСТАНСКАЯ ОБЛАСТЬ,БУРЛИНСКИЙ РАЙОН
448378,Розничная торговля в неспециализированных магазинах,false,,227697000,883,342559000,920,83370000,846,,,42118000,994,428554000,957,3,"Розничная торговля, кроме торговли автомобилями и мотоциклами",ЗАПАДНО-КАЗАХСТАНСКАЯ ОБЛАСТЬ,БУРЛИНСКИЙ РАЙОН
448379,"Розничная торговля в неспециализированных магазинах преимущественно продуктами питания, напитками и табачными изделиями",false,,150175000,883,44854000,920,x,846,,,,,15561000,957,4,Розничная торговля в неспециализированных магазинах,ЗАПАДНО-КАЗАХСТАНСКАЯ ОБЛАСТЬ,БУРЛИНСКИЙ РАЙОН
3647934,"Розничная торговля преимущественно продуктами питания, напитками и табачными изделиями в неспециализированных магазинах, являющихся торговыми объектами, с торговой площадью менее 2000 кв.м ",true,,150175000,883,44854000,920,x,846,,,,,15561000,957,5,"Розничная торговля в неспециализированных магазинах преимущественно продуктами питания, напитками и табачными изделиями",ЗАПАДНО-КАЗАХСТАНСКАЯ ОБЛАСТЬ,БУРЛИНСКИЙ РАЙОН
448381,Прочая розничная торговля в неспециализированных магазинах,false,,77522000,883,297705000,920,22391000,846,,,42118000,994,412993000,957,4,Розничная торговля в неспециализированных магазинах,ЗАПАДНО-КАЗАХСТАНСКАЯ ОБЛАСТЬ,БУРЛИНСКИЙ РАЙОН
3647936,"Прочая розничная торговля в неспециализированных магазинах, являющихся торговыми объектами, с торговой площадью менее 2000 кв.м ",true,,1000000,883,69200000,920,12360000,846,,,42118000,994,45000000,957,5,Прочая розничная торговля в неспециализированных магазинах,ЗАПАДНО-КАЗАХСТАНСКАЯ ОБЛАСТЬ,БУРЛИНСКИЙ РАЙОН
3647937,"Прочая розничная торговля в неспециализированных магазинах, являющихся торговыми объектами, с торговой площадью более 2000 кв.м (2000 кв.м и выше)",true,,76522000,883,228505000,920,x,846,,,,,367993000,957,5,Прочая розничная торговля в неспециализированных магазинах,ЗАПАДНО-КАЗАХСТАНСКАЯ ОБЛАСТЬ,БУРЛИНСКИЙ РАЙОН
448383,"Розничная торговля продуктами питания, напитками и табачными изделиями в специализированных магазинах",false,,,,,,,,x,1031,,,,,3,"Розничная торговля, кроме торговли автомобилями и мотоциклами",ЗАПАДНО-КАЗАХСТАНСКАЯ ОБЛАСТЬ,БУРЛИНСКИЙ РАЙОН
448397,Прочая розничная торговля продуктами питания в специализированных магазинах,false,,,,,,,,x,1031,,,,,4,"Розничная торговля продуктами питания, напитками и табачными изделиями в специализированных магазинах",ЗАПАДНО-КАЗАХСТАНСКАЯ ОБЛАСТЬ,БУРЛИНСКИЙ РАЙОН
3647950,"Прочая розничная торговля продуктами питания в специализированных магазинах, являющихся торговыми объектами, с торговой площадью менее 2000 кв.м",true,,,,,,,,x,1031,,,,,5,Прочая розничная торговля продуктами питания в специализированных магазинах,ЗАПАДНО-КАЗАХСТАНСКАЯ ОБЛАСТЬ,БУРЛИНСКИЙ РАЙОН
448399,Розничная торговля топливом в специализированных магазинах,false,,55065000,883,62183000,920,441100000,846,18461000,1031,,,30734000,957,3,"Розничная торговля, кроме торговли автомобилями и мотоциклами",ЗАПАДНО-КАЗАХСТАНСКАЯ ОБЛАСТЬ,БУРЛИНСКИЙ РАЙОН
448400,Розничная торговля топливом в специализированных магазинах,false,,55065000,883,62183000,920,441100000,846,18461000,1031,,,30734000,957,4,Розничная торговля топливом в специализированных магазинах,ЗАПАДНО-КАЗАХСТАНСКАЯ ОБЛАСТЬ,БУРЛИНСКИЙ РАЙОН
20576124,"Розничная торговля моторным топливом в специализированных магазинах, за исключением находящихся на придорожной полосе",true,,55065000,883,62183000,920,,,,,,,30734000,957,5,Розничная торговля топливом в специализированных магазинах,ЗАПАДНО-КАЗАХСТАНСКАЯ ОБЛАСТЬ,БУРЛИНСКИЙ РАЙОН
18951442,Розничная торговля моторным топливом в специализированных магазинах,true,,,,,,441100000,846,,,,,,,5,Розничная торговля топливом в специализированных магазинах,ЗАПАДНО-КАЗАХСТАНСКАЯ ОБЛАСТЬ,БУРЛИНСКИЙ РАЙОН
20576126,"Розничная торговля моторным топливом в специализированных магазинах, находящихся на придорожной полосе",true,,,,,,,,18461000,1031,,,,,5,Розничная торговля топливом в специализированных магазинах,ЗАПАДНО-КАЗАХСТАНСКАЯ ОБЛАСТЬ,БУРЛИНСКИЙ РАЙОН
448402,Розничная торговля компьютерами и коммуникационным оборудованием в специализированных магазинах,false,,,,,,x,846,,,,,,,3,"Розничная торговля, кроме торговли автомобилями и мотоциклами",ЗАПАДНО-КАЗАХСТАНСКАЯ ОБЛАСТЬ,БУРЛИНСКИЙ РАЙОН
448403,"Розничная торговля компьютерами, периферийным оборудованием и программным обеспечением в специализированных магазинах",false,,,,,,x,846,,,,,,,4,Розничная торговля компьютерами и коммуникационным оборудованием в специализированных магазинах,ЗАПАДНО-КАЗАХСТАНСКАЯ ОБЛАСТЬ,БУРЛИНСКИЙ РАЙОН
3647952,"Розничная торговля компьютерами, периферийным оборудованием и программным обеспечением в специализированных магазинах, являющихся торговыми объектами, с торговой площадью менее 2000 кв.м",true,,,,,,x,846,,,,,,,5,"Розничная торговля компьютерами, периферийным оборудованием и программным обеспечением в специализированных магазинах",ЗАПАДНО-КАЗАХСТАНСКАЯ ОБЛАСТЬ,БУРЛИНСКИЙ РАЙОН
448409,Розничная торговля прочими бытовыми товарами в специализированных магазинах ,false,,,,,,,,,,,,14872000,957,3,"Розничная торговля, кроме торговли автомобилями и мотоциклами",ЗАПАДНО-КАЗАХСТАНСКАЯ ОБЛАСТЬ,БУРЛИНСКИЙ РАЙОН
448412,"Розничная торговля скобяными изделиями, лакокрасочными материалами и стеклом в специализированных магазинах",false,,,,,,,,,,,,14872000,957,4,Розничная торговля прочими бытовыми товарами в специализированных магазинах ,ЗАПАДНО-КАЗАХСТАНСКАЯ ОБЛАСТЬ,БУРЛИНСКИЙ РАЙОН
18946140,"Розничная торговля скобяными изделиями, лакокрасочными материалами и стеклом в специализированных магазинах, являющихся торговыми объектами, с торговой площадью менее 2000 кв.м",true,,,,,,,,,,,,14872000,957,5,"Розничная торговля скобяными изделиями, лакокрасочными материалами и стеклом в специализированных магазинах",ЗАПАДНО-КАЗАХСТАНСКАЯ ОБЛАСТЬ,БУРЛИНСКИЙ РАЙОН
448433,Розничная торговля прочими товарами в специализированных магазинах,false,,,,x,920,x,846,325000,1031,,,,,3,"Розничная торговля, кроме торговли автомобилями и мотоциклами",ЗАПАДНО-КАЗАХСТАНСКАЯ ОБЛАСТЬ,БУРЛИНСКИЙ РАЙОН
448437,Розничная торговля обувью и кожаными изделиями в специализированных магазинах,false,,,,x,920,,,325000,1031,,,,,4,Розничная торговля прочими товарами в специализированных магазинах,ЗАПАДНО-КАЗАХСТАНСКАЯ ОБЛАСТЬ,БУРЛИНСКИЙ РАЙОН
448438,"Розничная торговля обувью в специализированных магазинах, являющихся торговыми объектами, с торговой площадью менее 2000 кв.м",true,,,,x,920,,,325000,1031,,,,,5,Розничная торговля обувью и кожаными изделиями в специализированных магазинах,ЗАПАДНО-КАЗАХСТАНСКАЯ ОБЛАСТЬ,БУРЛИНСКИЙ РАЙОН
448440,Розничная торговля фармацевтическими товарами в специализированных магазинах,false,,,,,,x,846,,,,,,,4,Розничная торговля прочими товарами в специализированных магазинах,ЗАПАДНО-КАЗАХСТАНСКАЯ ОБЛАСТЬ,БУРЛИНСКИЙ РАЙОН
3647981,"Розничная торговля фармацевтическими товарами в специализированных магазинах, являющихся торговыми объектами, с торговой площадью менее 2000 кв.м",true,,,,,,x,846,,,,,,,5,Розничная торговля фармацевтическими товарами в специализированных магазинах,ЗАПАДНО-КАЗАХСТАНСКАЯ ОБЛАСТЬ,БУРЛИНСКИЙ РАЙОН
448475,Транспорт и складирование,false,,1202604000,883,3657345000,920,2053014000,846,9643509000,1031,11414199000,994,11143290000,957,1,Всего,ЗАПАДНО-КАЗАХСТАНСКАЯ ОБЛАСТЬ,БУРЛИНСКИЙ РАЙОН
448476,Деятельность сухопутного и трубопроводного транспорта ,false,,439612000,883,102363000,920,1703330000,846,466831000,1031,1976840000,994,5903472000,957,2,Транспорт и складирование,ЗАПАДНО-КАЗАХСТАНСКАЯ ОБЛАСТЬ,БУРЛИНСКИЙ РАЙОН
448494,Деятельность грузового автомобильного транспорта и предоставление услуг по переезду ,false,,434387000,883,102363000,920,1685574000,846,315430000,1031,1975422000,994,5903472000,957,3,Деятельность сухопутного и трубопроводного транспорта ,ЗАПАДНО-КАЗАХСТАНСКАЯ ОБЛАСТЬ,БУРЛИНСКИЙ РАЙОН
448495,Деятельность грузового автомобильного транспорта,false,,434387000,883,102363000,920,1685574000,846,315430000,1031,1975422000,994,5903472000,957,4,Деятельность грузового автомобильного транспорта и предоставление услуг по переезду ,ЗАПАДНО-КАЗАХСТАНСКАЯ ОБЛАСТЬ,БУРЛИНСКИЙ РАЙОН
448496,Деятельность грузового автомобильного транспорта,true,,434387000,883,102363000,920,1685574000,846,315430000,1031,1975422000,994,5903472000,957,5,Деятельность грузового автомобильного транспорта,ЗАПАДНО-КАЗАХСТАНСКАЯ ОБЛАСТЬ,БУРЛИНСКИЙ РАЙОН
448499,Деятельность трубопроводного транспорта,false,,5225000,883,,,17756000,846,151401000,1031,1418000,994,,,3,Деятельность сухопутного и трубопроводного транспорта ,ЗАПАДНО-КАЗАХСТАНСКАЯ ОБЛАСТЬ,БУРЛИНСКИЙ РАЙОН
448500,Деятельность трубопроводного транспорта,false,,5225000,883,,,17756000,846,151401000,1031,1418000,994,,,4,Деятельность трубопроводного транспорта,ЗАПАДНО-КАЗАХСТАНСКАЯ ОБЛАСТЬ,БУРЛИНСКИЙ РАЙОН
448501,Деятельность трубопроводного транспорта,true,,5225000,883,,,17756000,846,151401000,1031,1418000,994,,,5,Деятельность трубопроводного транспорта,ЗАПАДНО-КАЗАХСТАНСКАЯ ОБЛАСТЬ,БУРЛИНСКИЙ РАЙОН
448527,Складирование грузов и вспомогательная транспортная деятельность,false,,762992000,883,3554982000,920,349684000,846,9176678000,1031,9437359000,994,5239818000,957,2,Транспорт и складирование,ЗАПАДНО-КАЗАХСТАНСКАЯ ОБЛАСТЬ,БУРЛИНСКИЙ РАЙОН
448528,Складирование и хранение грузов,false,,,,23000000,920,x,846,x,1031,,,,,3,Складирование грузов и вспомогательная транспортная деятельность,ЗАПАДНО-КАЗАХСТАНСКАЯ ОБЛАСТЬ,БУРЛИНСКИЙ РАЙОН
448529,Складирование и хранение грузов,false,,,,23000000,920,x,846,x,1031,,,,,4,Складирование и хранение грузов,ЗАПАДНО-КАЗАХСТАНСКАЯ ОБЛАСТЬ,БУРЛИНСКИЙ РАЙОН
448530,Складирование и хранение зерна,true,,,,,,,,x,1031,,,,,5,Складирование и хранение грузов,ЗАПАДНО-КАЗАХСТАНСКАЯ ОБЛАСТЬ,БУРЛИНСКИЙ РАЙОН
448531,"Складирование и хранение непродовольственных товаров, кроме зерна и нефти",true,,,,,,x,846,,,,,,,5,Складирование и хранение грузов,ЗАПАДНО-КАЗАХСТАНСКАЯ ОБЛАСТЬ,БУРЛИНСКИЙ РАЙОН
20576307,"Складирование и хранение продовольственных товаров, кроме овощей и фруктов",true,,,,23000000,920,,,,,,,,,5,Складирование и хранение грузов,ЗАПАДНО-КАЗАХСТАНСКАЯ ОБЛАСТЬ,БУРЛИНСКИЙ РАЙОН
448533,Вспомогательная транспортная деятельность,false,,762992000,883,3531982000,920,141067000,846,9091392000,1031,9437359000,994,5239818000,957,3,Складирование грузов и вспомогательная транспортная деятельность,ЗАПАДНО-КАЗАХСТАНСКАЯ ОБЛАСТЬ,БУРЛИНСКИЙ РАЙОН
448534,Вспомогательная деятельность сухопутного транспорта,false,,762992000,883,3531982000,920,140569000,846,9091392000,1031,9437359000,994,5239818000,957,4,Вспомогательная транспортная деятельность,ЗАПАДНО-КАЗАХСТАНСКАЯ ОБЛАСТЬ,БУРЛИНСКИЙ РАЙОН
448535,Эксплуатация железных дорог,true,,,,6202000,920,,,,,,,,,5,Вспомогательная деятельность сухопутного транспорта,ЗАПАДНО-КАЗАХСТАНСКАЯ ОБЛАСТЬ,БУРЛИНСКИЙ РАЙОН
448536,Эксплуатация автомобильных дорог,true,,531438000,883,3525780000,920,x,846,9034145000,1031,9437359000,994,5239818000,957,5,Вспомогательная деятельность сухопутного транспорта,ЗАПАДНО-КАЗАХСТАНСКАЯ ОБЛАСТЬ,БУРЛИНСКИЙ РАЙОН
448538,Деятельность автомобильных стоянок,true,,231554000,883,,,x,846,57247000,1031,,,,,5,Вспомогательная деятельность сухопутного транспорта,ЗАПАДНО-КАЗАХСТАНСКАЯ ОБЛАСТЬ,БУРЛИНСКИЙ РАЙОН
448547,Прочая вспомогательная транспортная деятельность,false,,,,,,x,846,,,,,,,4,Вспомогательная транспортная деятельность,ЗАПАДНО-КАЗАХСТАНСКАЯ ОБЛАСТЬ,БУРЛИНСКИЙ РАЙОН
448550,Прочая транспортно-экспедиционная деятельность,true,,,,,,x,846,,,,,,,5,Прочая вспомогательная транспортная деятельность,ЗАПАДНО-КАЗАХСТАНСКАЯ ОБЛАСТЬ,БУРЛИНСКИЙ РАЙОН
448558,Предоставление услуг по проживанию и питанию,false,,2047220000,883,1991501000,920,1303656000,846,548755000,1031,117343000,994,2060435000,957,1,Всего,ЗАПАДНО-КАЗАХСТАНСКАЯ ОБЛАСТЬ,БУРЛИНСКИЙ РАЙОН
3783427,Предоставление услуг по временному проживанию,false,,1991923000,883,1904454000,920,1159867000,846,490051000,1031,60059000,994,2009566000,957,2,Предоставление услуг по проживанию и питанию,ЗАПАДНО-КАЗАХСТАНСКАЯ ОБЛАСТЬ,БУРЛИНСКИЙ РАЙОН
3783428,Предоставление услуг гостиницами и аналогичными местами для проживания,false,,367398000,883,1899536000,920,85958000,846,468722000,1031,30368000,994,1604276000,957,3,Предоставление услуг по временному проживанию,ЗАПАДНО-КАЗАХСТАНСКАЯ ОБЛАСТЬ,БУРЛИНСКИЙ РАЙОН
3783429,Предоставление услуг гостиницами и аналогичными местами для проживания,false,,367398000,883,1899536000,920,85958000,846,468722000,1031,30368000,994,1604276000,957,4,Предоставление услуг гостиницами и аналогичными местами для проживания,ЗАПАДНО-КАЗАХСТАНСКАЯ ОБЛАСТЬ,БУРЛИНСКИЙ РАЙОН
3783430,"Предоставление услуг гостиницами с ресторанами, за исключением гостиниц, находящихся на придорожной полосе",true,,,,,,27202000,846,466414000,1031,3827000,994,77050000,957,5,Предоставление услуг гостиницами и аналогичными местами для проживания,ЗАПАДНО-КАЗАХСТАНСКАЯ ОБЛАСТЬ,БУРЛИНСКИЙ РАЙОН
3783431,"Предоставление услуг гостиницами без ресторанов, за исключением гостиниц, находящихся на придорожной полосе",true,,367398000,883,1899536000,920,58756000,846,2308000,1031,26541000,994,1527226000,957,5,Предоставление услуг гостиницами и аналогичными местами для проживания,ЗАПАДНО-КАЗАХСТАНСКАЯ ОБЛАСТЬ,БУРЛИНСКИЙ РАЙОН
3783435,"Предоставление услуг кемпингами, стоянками для автофургонов и автоприцепов для жилья ",false,,,,,,1850000,846,,,,,,,3,Предоставление услуг по временному проживанию,ЗАПАДНО-КАЗАХСТАНСКАЯ ОБЛАСТЬ,БУРЛИНСКИЙ РАЙОН
3783436,"Предоставление услуг кемпингами, стоянками для автофургонов и автоприцепов для жилья ",false,,,,,,1850000,846,,,,,,,4,"Предоставление услуг кемпингами, стоянками для автофургонов и автоприцепов для жилья ",ЗАПАДНО-КАЗАХСТАНСКАЯ ОБЛАСТЬ,БУРЛИНСКИЙ РАЙОН
3783437,"Услуги для проживания в кемпинге, рекреационном автопарке и трейлерном парке",true,,,,,,1850000,846,,,,,,,5,"Предоставление услуг кемпингами, стоянками для автофургонов и автоприцепов для жилья ",ЗАПАДНО-КАЗАХСТАНСКАЯ ОБЛАСТЬ,БУРЛИНСКИЙ РАЙОН
3783441,Предоставление услуг прочими местами для проживания,false,,1624525000,883,4918000,920,1072059000,846,21329000,1031,29691000,994,405290000,957,3,Предоставление услуг по временному проживанию,ЗАПАДНО-КАЗАХСТАНСКАЯ ОБЛАСТЬ,БУРЛИНСКИЙ РАЙОН
3783442,Предоставление услуг прочими местами для проживания,false,,1624525000,883,4918000,920,1072059000,846,21329000,1031,29691000,994,405290000,957,4,Предоставление услуг прочими местами для проживания,ЗАПАДНО-КАЗАХСТАНСКАЯ ОБЛАСТЬ,БУРЛИНСКИЙ РАЙОН
3783443,Услуги в других видах жилья,true,,,,,,1072059000,846,,,,,,,5,Предоставление услуг прочими местами для проживания,ЗАПАДНО-КАЗАХСТАНСКАЯ ОБЛАСТЬ,БУРЛИНСКИЙ РАЙОН
20576357,"Предоставление услуг прочими местами для проживания, не включенными в другие категории",true,,1624525000,883,4918000,920,,,21329000,1031,29691000,994,405290000,957,5,Предоставление услуг прочими местами для проживания,ЗАПАДНО-КАЗАХСТАНСКАЯ ОБЛАСТЬ,БУРЛИНСКИЙ РАЙОН
448573,Предоставление услуг по обеспечению питанием и напитками,false,,55297000,883,87047000,920,143789000,846,58704000,1031,57284000,994,50869000,957,2,Предоставление услуг по проживанию и питанию,ЗАПАДНО-КАЗАХСТАНСКАЯ ОБЛАСТЬ,БУРЛИНСКИЙ РАЙОН
448574,Деятельность ресторанов и предоставление услуг по доставке продуктов питания,false,,34574000,883,61833000,920,100702000,846,10929000,1031,14573000,994,29030000,957,3,Предоставление услуг по обеспечению питанием и напитками,ЗАПАДНО-КАЗАХСТАНСКАЯ ОБЛАСТЬ,БУРЛИНСКИЙ РАЙОН
448575,Деятельность ресторанов и предоставление услуг по доставке продуктов питания,false,,34574000,883,61833000,920,100702000,846,10929000,1031,14573000,994,29030000,957,4,Деятельность ресторанов и предоставление услуг по доставке продуктов питания,ЗАПАДНО-КАЗАХСТАНСКАЯ ОБЛАСТЬ,БУРЛИНСКИЙ РАЙОН
448576,Рестораны и услуги по доставке продуктов питания,true,,,,,,100702000,846,,,,,,,5,Деятельность ресторанов и предоставление услуг по доставке продуктов питания,ЗАПАДНО-КАЗАХСТАНСКАЯ ОБЛАСТЬ,БУРЛИНСКИЙ РАЙОН
20576362,"Деятельность ресторанов и предоставление услуг по доставке продуктов питания, за исключением деятельности объектов, находящихся на придорожной полосе",true,,34574000,883,61833000,920,,,10929000,1031,14573000,994,29030000,957,5,Деятельность ресторанов и предоставление услуг по доставке продуктов питания,ЗАПАДНО-КАЗАХСТАНСКАЯ ОБЛАСТЬ,БУРЛИНСКИЙ РАЙОН
448577,Доставка готовой пищи на заказ и прочая деятельность по обеспечению питанием,false,,20723000,883,25214000,920,43087000,846,47775000,1031,42711000,994,21839000,957,3,Предоставление услуг по обеспечению питанием и напитками,ЗАПАДНО-КАЗАХСТАНСКАЯ ОБЛАСТЬ,БУРЛИНСКИЙ РАЙОН
448580,Прочая деятельность по обеспечению питанием,false,,20723000,883,25214000,920,43087000,846,47775000,1031,42711000,994,21839000,957,4,Доставка готовой пищи на заказ и прочая деятельность по обеспечению питанием,ЗАПАДНО-КАЗАХСТАНСКАЯ ОБЛАСТЬ,БУРЛИНСКИЙ РАЙОН
18951446,"Прочая деятельность по обеспечению питанием, не включенная в другие группировки",true,,20723000,883,25214000,920,43087000,846,47775000,1031,42711000,994,21839000,957,5,Прочая деятельность по обеспечению питанием,ЗАПАДНО-КАЗАХСТАНСКАЯ ОБЛАСТЬ,БУРЛИНСКИЙ РАЙОН
448585,Информация и связь,false,,2570000,883,,,371328000,846,285937000,1031,,,5596000,957,1,Всего,ЗАПАДНО-КАЗАХСТАНСКАЯ ОБЛАСТЬ,БУРЛИНСКИЙ РАЙОН
448623,Телекоммуникации,false,,2570000,883,,,371328000,846,285937000,1031,,,5596000,957,2,Информация и связь,ЗАПАДНО-КАЗАХСТАНСКАЯ ОБЛАСТЬ,БУРЛИНСКИЙ РАЙОН
18696628,Проводная телекоммуникационная связь,false,,,,,,,,11301000,1031,,,,,3,Телекоммуникации,ЗАПАДНО-КАЗАХСТАНСКАЯ ОБЛАСТЬ,БУРЛИНСКИЙ РАЙОН
18696629,Проводная телекоммуникационная связь,false,,,,,,,,11301000,1031,,,,,4,Проводная телекоммуникационная связь,ЗАПАДНО-КАЗАХСТАНСКАЯ ОБЛАСТЬ,БУРЛИНСКИЙ РАЙОН
18946146,Прочая проводная телекоммуникационная связь,true,,,,,,,,11301000,1031,,,,,5,Проводная телекоммуникационная связь,ЗАПАДНО-КАЗАХСТАНСКАЯ ОБЛАСТЬ,БУРЛИНСКИЙ РАЙОН
448627,Беспроводная телекоммуникационная связь,false,,119000,883,,,371328000,846,274636000,1031,,,,,3,Телекоммуникации,ЗАПАДНО-КАЗАХСТАНСКАЯ ОБЛАСТЬ,БУРЛИНСКИЙ РАЙОН
448628,Беспроводная телекоммуникационная связь,false,,119000,883,,,371328000,846,274636000,1031,,,,,4,Беспроводная телекоммуникационная связь,ЗАПАДНО-КАЗАХСТАНСКАЯ ОБЛАСТЬ,БУРЛИНСКИЙ РАЙОН
18946149,Прочая беспроводная телекоммуникационная связь,true,,119000,883,,,371328000,846,274636000,1031,,,,,5,Беспроводная телекоммуникационная связь,ЗАПАДНО-КАЗАХСТАНСКАЯ ОБЛАСТЬ,БУРЛИНСКИЙ РАЙОН
448633,Прочая деятельность в области телекоммуникаций,false,,2451000,883,,,,,,,,,5596000,957,3,Телекоммуникации,ЗАПАДНО-КАЗАХСТАНСКАЯ ОБЛАСТЬ,БУРЛИНСКИЙ РАЙОН
448634,Прочая деятельность в области телекоммуникаций,false,,2451000,883,,,,,,,,,5596000,957,4,Прочая деятельность в области телекоммуникаций,ЗАПАДНО-КАЗАХСТАНСКАЯ ОБЛАСТЬ,БУРЛИНСКИЙ РАЙОН
18946154,"Прочая деятельность в области телекоммуникаций, не включенная в другие группировки",true,,2451000,883,,,,,,,,,5596000,957,5,Прочая деятельность в области телекоммуникаций,ЗАПАДНО-КАЗАХСТАНСКАЯ ОБЛАСТЬ,БУРЛИНСКИЙ РАЙОН
448658,Финансовая и страховая деятельность,false,,33993000,883,x,920,x,846,,,,,9828000,957,1,Всего,ЗАПАДНО-КАЗАХСТАНСКАЯ ОБЛАСТЬ,БУРЛИНСКИЙ РАЙОН
448659,"Финансовое посредничество, кроме страхования и пенсионного обеспечения",false,,33993000,883,x,920,x,846,,,,,9828000,957,2,Финансовая и страховая деятельность,ЗАПАДНО-КАЗАХСТАНСКАЯ ОБЛАСТЬ,БУРЛИНСКИЙ РАЙОН
448660,Денежное посредничество,false,,x,883,,,,,,,,,654000,957,3,"Финансовое посредничество, кроме страхования и пенсионного обеспечения",ЗАПАДНО-КАЗАХСТАНСКАЯ ОБЛАСТЬ,БУРЛИНСКИЙ РАЙОН
448663,Прочее денежное посредничество,false,,x,883,,,,,,,,,654000,957,4,Денежное посредничество,ЗАПАДНО-КАЗАХСТАНСКАЯ ОБЛАСТЬ,БУРЛИНСКИЙ РАЙОН
18946163,"Деятельность банков, за исключением, банка, являющегося национальным институтом развития, и его дочерней организации-лизингодателя",true,,x,883,,,,,,,,,654000,957,5,Прочее денежное посредничество,ЗАПАДНО-КАЗАХСТАНСКАЯ ОБЛАСТЬ,БУРЛИНСКИЙ РАЙОН
448673,"Прочее финансовое посредничество, кроме страхования и пенсионного обеспечения",false,,1782000,883,x,920,x,846,,,,,x,957,3,"Финансовое посредничество, кроме страхования и пенсионного обеспечения",ЗАПАДНО-КАЗАХСТАНСКАЯ ОБЛАСТЬ,БУРЛИНСКИЙ РАЙОН
448676,Прочие виды кредитования,false,,1782000,883,x,920,x,846,,,,,x,957,4,"Прочее финансовое посредничество, кроме страхования и пенсионного обеспечения",ЗАПАДНО-КАЗАХСТАНСКАЯ ОБЛАСТЬ,БУРЛИНСКИЙ РАЙОН
448678,"Прочие виды кредитования, не включенные в другие группировки",true,,1782000,883,x,920,x,846,,,,,x,957,5,Прочие виды кредитования,ЗАПАДНО-КАЗАХСТАНСКАЯ ОБЛАСТЬ,БУРЛИНСКИЙ РАЙОН
448714,Операции с недвижимым имуществом,false,,5386155000,883,6482725000,920,2699308000,846,9240240000,1031,5139961000,994,4669686000,957,1,Всего,ЗАПАДНО-КАЗАХСТАНСКАЯ ОБЛАСТЬ,БУРЛИНСКИЙ РАЙОН
448715,Операции с недвижимым имуществом,false,,5386155000,883,6482725000,920,2699308000,846,9240240000,1031,5139961000,994,4669686000,957,2,Операции с недвижимым имуществом,ЗАПАДНО-КАЗАХСТАНСКАЯ ОБЛАСТЬ,БУРЛИНСКИЙ РАЙОН
448716,Покупка и продажа собственного недвижимого имущества ,false,,4681495000,883,6056434000,920,2343884000,846,8962224000,1031,4585813000,994,3757887000,957,3,Операции с недвижимым имуществом,ЗАПАДНО-КАЗАХСТАНСКАЯ ОБЛАСТЬ,БУРЛИНСКИЙ РАЙОН
448717,Покупка и продажа собственного недвижимого имущества ,false,,4681495000,883,6056434000,920,2343884000,846,8962224000,1031,4585813000,994,3757887000,957,4,Покупка и продажа собственного недвижимого имущества ,ЗАПАДНО-КАЗАХСТАНСКАЯ ОБЛАСТЬ,БУРЛИНСКИЙ РАЙОН
543091,Покупка и продажа многоквартирных и жилых домов (особняков),true,,4631495000,883,6056434000,920,2343884000,846,8962224000,1031,4585813000,994,3757887000,957,5,Покупка и продажа собственного недвижимого имущества ,ЗАПАДНО-КАЗАХСТАНСКАЯ ОБЛАСТЬ,БУРЛИНСКИЙ РАЙОН
543092,Покупка и продажа прочей недвижимости,true,,x,883,,,,,,,,,,,5,Покупка и продажа собственного недвижимого имущества ,ЗАПАДНО-КАЗАХСТАНСКАЯ ОБЛАСТЬ,БУРЛИНСКИЙ РАЙОН
448719,Аренда и управление собственной или арендуемой недвижимостью,false,,704660000,883,426291000,920,355424000,846,278016000,1031,554148000,994,911799000,957,3,Операции с недвижимым имуществом,ЗАПАДНО-КАЗАХСТАНСКАЯ ОБЛАСТЬ,БУРЛИНСКИЙ РАЙОН
448720,Аренда и управление собственной или арендуемой недвижимостью,false,,704660000,883,426291000,920,355424000,846,278016000,1031,554148000,994,911799000,957,4,Аренда и управление собственной или арендуемой недвижимостью,ЗАПАДНО-КАЗАХСТАНСКАЯ ОБЛАСТЬ,БУРЛИНСКИЙ РАЙОН
18946171,Аренда и управление собственной недвижимостью,true,,565660000,883,426291000,920,355424000,846,,,554148000,994,911799000,957,5,Аренда и управление собственной или арендуемой недвижимостью,ЗАПАДНО-КАЗАХСТАНСКАЯ ОБЛАСТЬ,БУРЛИНСКИЙ РАЙОН
18951451,Аренда (субаренда) и эксплуатация арендуемой недвижимости,true,,x,883,,,,,,,,,,,5,Аренда и управление собственной или арендуемой недвижимостью,ЗАПАДНО-КАЗАХСТАНСКАЯ ОБЛАСТЬ,БУРЛИНСКИЙ РАЙОН
448728,"Профессиональная, научная и техническая деятельность",false,,70918000,883,1136568000,920,205975000,846,4939025000,1031,1823107000,994,829417000,957,1,Всего,ЗАПАДНО-КАЗАХСТАНСКАЯ ОБЛАСТЬ,БУРЛИНСКИЙ РАЙОН
448738,Деятельность головных компаний; консультирование по вопросам управления ,false,,1654000,883,x,920,,,,,,,,,2,"Профессиональная, научная и техническая деятельность",ЗАПАДНО-КАЗАХСТАНСКАЯ ОБЛАСТЬ,БУРЛИНСКИЙ РАЙОН
448739,Деятельность головных компаний,false,,x,883,,,,,,,,,,,3,Деятельность головных компаний; консультирование по вопросам управления ,ЗАПАДНО-КАЗАХСТАНСКАЯ ОБЛАСТЬ,БУРЛИНСКИЙ РАЙОН
448740,Деятельность головных компаний,false,,x,883,,,,,,,,,,,4,Деятельность головных компаний,ЗАПАДНО-КАЗАХСТАНСКАЯ ОБЛАСТЬ,БУРЛИНСКИЙ РАЙОН
18946176,Деятельность прочих головных компаний,true,,x,883,,,,,,,,,,,5,Деятельность головных компаний,ЗАПАДНО-КАЗАХСТАНСКАЯ ОБЛАСТЬ,БУРЛИНСКИЙ РАЙОН
448742,Деятельность по консультированию по вопросам управления,false,,x,883,x,920,,,,,,,,,3,Деятельность головных компаний; консультирование по вопросам управления ,ЗАПАДНО-КАЗАХСТАНСКАЯ ОБЛАСТЬ,БУРЛИНСКИЙ РАЙОН
448745,Консультирование по вопросам коммерческой деятельности и прочее консультирование по вопросам управления,false,,x,883,x,920,,,,,,,,,4,Деятельность по консультированию по вопросам управления,ЗАПАДНО-КАЗАХСТАНСКАЯ ОБЛАСТЬ,БУРЛИНСКИЙ РАЙОН
18946177,Консультирование по вопросам коммерческой деятельности и управления,true,,x,883,x,920,,,,,,,,,5,Консультирование по вопросам коммерческой деятельности и прочее консультирование по вопросам управления,ЗАПАДНО-КАЗАХСТАНСКАЯ ОБЛАСТЬ,БУРЛИНСКИЙ РАЙОН
448747,"Деятельность в области архитектуры, инженерных изысканий, технических испытаний и анализа",false,,69264000,883,1130822000,920,205975000,846,4939025000,1031,1823107000,994,829417000,957,2,"Профессиональная, научная и техническая деятельность",ЗАПАДНО-КАЗАХСТАНСКАЯ ОБЛАСТЬ,БУРЛИНСКИЙ РАЙОН
448748,"Деятельность в области архитектуры, инженерных изысканий и предоставление технических консультаций в этих областях",false,,69264000,883,1117502000,920,175428000,846,4939025000,1031,1823107000,994,829417000,957,3,"Деятельность в области архитектуры, инженерных изысканий, технических испытаний и анализа",ЗАПАДНО-КАЗАХСТАНСКАЯ ОБЛАСТЬ,БУРЛИНСКИЙ РАЙОН
448751,Деятельность в области инженерных изысканий и предоставление технических консультаций в этой области,false,,69264000,883,1117502000,920,175428000,846,4939025000,1031,1823107000,994,829417000,957,4,"Деятельность в области архитектуры, инженерных изысканий и предоставление технических консультаций в этих областях",ЗАПАДНО-КАЗАХСТАНСКАЯ ОБЛАСТЬ,БУРЛИНСКИЙ РАЙОН
18951463,"Деятельность в области инженерно-технического проектирования, за исключением объектов атомной промышленности и атомной энергетики",true,,69264000,883,43154000,920,175428000,846,138265000,1031,22302000,994,10291000,957,5,Деятельность в области инженерных изысканий и предоставление технических консультаций в этой области,ЗАПАДНО-КАЗАХСТАНСКАЯ ОБЛАСТЬ,БУРЛИНСКИЙ РАЙОН
448753,Деятельность по проведению геологической разведки и изысканий (без научных исследований и разработок),true,,,,1074348000,920,,,x,1031,x,994,x,957,5,Деятельность в области инженерных изысканий и предоставление технических консультаций в этой области,ЗАПАДНО-КАЗАХСТАНСКАЯ ОБЛАСТЬ,БУРЛИНСКИЙ РАЙОН
448756,Технические испытания и анализы,false,,,,13320000,920,30547000,846,,,,,,,3,"Деятельность в области архитектуры, инженерных изысканий, технических испытаний и анализа",ЗАПАДНО-КАЗАХСТАНСКАЯ ОБЛАСТЬ,БУРЛИНСКИЙ РАЙОН
448757,Технические испытания и анализы,false,,,,13320000,920,30547000,846,,,,,,,4,Технические испытания и анализы,ЗАПАДНО-КАЗАХСТАНСКАЯ ОБЛАСТЬ,БУРЛИНСКИЙ РАЙОН
448758,Деятельность санитарно-эпидемиологических организаций,true,,,,13320000,920,,,,,,,,,5,Технические испытания и анализы,ЗАПАДНО-КАЗАХСТАНСКАЯ ОБЛАСТЬ,БУРЛИНСКИЙ РАЙОН
448760,"Деятельность прочих учреждений, осуществляющих технические испытания и анализы",true,,,,,,30547000,846,,,,,,,5,Технические испытания и анализы,ЗАПАДНО-КАЗАХСТАНСКАЯ ОБЛАСТЬ,БУРЛИНСКИЙ РАЙОН
448797,Деятельность в области административного и вспомогательного обслуживания,false,,681820000,883,286287000,920,507626000,846,118001000,1031,251514000,994,129106000,957,1,Всего,ЗАПАДНО-КАЗАХСТАНСКАЯ ОБЛАСТЬ,БУРЛИНСКИЙ РАЙОН
448798,"Аренда, прокат и лизинг",false,,480766000,883,214963000,920,326272000,846,115004000,1031,77912000,994,73089000,957,2,Деятельность в области административного и вспомогательного обслуживания,ЗАПАДНО-КАЗАХСТАНСКАЯ ОБЛАСТЬ,БУРЛИНСКИЙ РАЙОН
448799,Аренда и лизинг автомобилей ,false,,62743000,883,x,920,5349000,846,x,1031,x,994,48178000,957,3,"Аренда, прокат и лизинг",ЗАПАДНО-КАЗАХСТАНСКАЯ ОБЛАСТЬ,БУРЛИНСКИЙ РАЙОН
448800,Аренда и лизинг легковых автомобилей и легких автотранспортных средств,false,,62743000,883,,,x,846,x,1031,x,994,x,957,4,Аренда и лизинг автомобилей ,ЗАПАДНО-КАЗАХСТАНСКАЯ ОБЛАСТЬ,БУРЛИНСКИЙ РАЙОН
543075,Аренда легковых автомобилей и легких автотранспортных средств,true,,62743000,883,,,x,846,x,1031,x,994,x,957,5,Аренда и лизинг легковых автомобилей и легких автотранспортных средств,ЗАПАДНО-КАЗАХСТАНСКАЯ ОБЛАСТЬ,БУРЛИНСКИЙ РАЙОН
448802,Аренда и лизинг грузовых автомобилей,false,,,,x,920,x,846,,,,,3678000,957,4,Аренда и лизинг автомобилей ,ЗАПАДНО-КАЗАХСТАНСКАЯ ОБЛАСТЬ,БУРЛИНСКИЙ РАЙОН
543077,Аренда грузовых автомобилей,true,,,,x,920,x,846,,,,,3678000,957,5,Аренда и лизинг грузовых автомобилей,ЗАПАДНО-КАЗАХСТАНСКАЯ ОБЛАСТЬ,БУРЛИНСКИЙ РАЙОН
448811,"Аренда и лизинг прочих машин, оборудования и материальных активов",false,,418023000,883,177774000,920,320923000,846,86504000,1031,x,994,24911000,957,3,"Аренда, прокат и лизинг",ЗАПАДНО-КАЗАХСТАНСКАЯ ОБЛАСТЬ,БУРЛИНСКИЙ РАЙОН
448814,Аренда и лизинг строительных машин и оборудования ,false,,,,,,249000,846,,,,,10000000,957,4,"Аренда и лизинг прочих машин, оборудования и материальных активов",ЗАПАДНО-КАЗАХСТАНСКАЯ ОБЛАСТЬ,БУРЛИНСКИЙ РАЙОН
543081,Аренда строительных машин и оборудования ,true,,,,,,249000,846,,,,,10000000,957,5,Аренда и лизинг строительных машин и оборудования ,ЗАПАДНО-КАЗАХСТАНСКАЯ ОБЛАСТЬ,БУРЛИНСКИЙ РАЙОН
448822,"Аренда и лизинг прочих машин, оборудования и материальных активов, не включенных в другие группировки",false,,418023000,883,177774000,920,320674000,846,86504000,1031,x,994,x,957,4,"Аренда и лизинг прочих машин, оборудования и материальных активов",ЗАПАДНО-КАЗАХСТАНСКАЯ ОБЛАСТЬ,БУРЛИНСКИЙ РАЙОН
543089,"Аренда прочих машин, оборудования и материальных активов, не включенных в другие группировки",true,,418023000,883,177774000,920,320674000,846,86504000,1031,x,994,x,957,5,"Аренда и лизинг прочих машин, оборудования и материальных активов, не включенных в другие группировки",ЗАПАДНО-КАЗАХСТАНСКАЯ ОБЛАСТЬ,БУРЛИНСКИЙ РАЙОН
448827,Деятельность в области трудоустройства,false,,130756000,883,x,920,27483000,846,,,4816000,994,,,2,Деятельность в области административного и вспомогательного обслуживания,ЗАПАДНО-КАЗАХСТАНСКАЯ ОБЛАСТЬ,БУРЛИНСКИЙ РАЙОН
448834,Прочая деятельность по обеспечению трудовыми ресурсами (персоналом),false,,130756000,883,x,920,27483000,846,,,4816000,994,,,3,Деятельность в области трудоустройства,ЗАПАДНО-КАЗАХСТАНСКАЯ ОБЛАСТЬ,БУРЛИНСКИЙ РАЙОН
448835,Прочая деятельность по обеспечению трудовыми ресурсами (персоналом),false,,130756000,883,x,920,27483000,846,,,4816000,994,,,4,Прочая деятельность по обеспечению трудовыми ресурсами (персоналом),ЗАПАДНО-КАЗАХСТАНСКАЯ ОБЛАСТЬ,БУРЛИНСКИЙ РАЙОН
18951507,"Прочая деятельность по обеспечению трудовыми ресурсами (персоналом), кроме деятельности организаций, учрежденных национальными компаниями",true,,130756000,883,x,920,27483000,846,,,4816000,994,,,5,Прочая деятельность по обеспечению трудовыми ресурсами (персоналом),ЗАПАДНО-КАЗАХСТАНСКАЯ ОБЛАСТЬ,БУРЛИНСКИЙ РАЙОН
448846,Деятельность по обеспечению безопасности и проведению расследований,false,,x,883,2948000,920,380000,846,,,,,,,2,Деятельность в области административного и вспомогательного обслуживания,ЗАПАДНО-КАЗАХСТАНСКАЯ ОБЛАСТЬ,БУРЛИНСКИЙ РАЙОН
448847,Деятельность по обеспечению безопасности частных лиц и имущества,false,,x,883,2948000,920,380000,846,,,,,,,3,Деятельность по обеспечению безопасности и проведению расследований,ЗАПАДНО-КАЗАХСТАНСКАЯ ОБЛАСТЬ,БУРЛИНСКИЙ РАЙОН
448848,Деятельность по обеспечению безопасности частных лиц и имущества,false,,x,883,2948000,920,380000,846,,,,,,,4,Деятельность по обеспечению безопасности частных лиц и имущества,ЗАПАДНО-КАЗАХСТАНСКАЯ ОБЛАСТЬ,БУРЛИНСКИЙ РАЙОН
18946195,Деятельность частных охранных служб,true,,x,883,2948000,920,380000,846,,,,,,,5,Деятельность по обеспечению безопасности частных лиц и имущества,ЗАПАДНО-КАЗАХСТАНСКАЯ ОБЛАСТЬ,БУРЛИНСКИЙ РАЙОН
448856,Деятельность по обслуживанию зданий и благоустройству территорий,false,,30070000,883,67381000,920,153491000,846,x,1031,28786000,994,56017000,957,2,Деятельность в области административного и вспомогательного обслуживания,ЗАПАДНО-КАЗАХСТАНСКАЯ ОБЛАСТЬ,БУРЛИНСКИЙ РАЙОН
448857,Комплексное обслуживание объектов,false,,,,,,x,846,,,,,,,3,Деятельность по обслуживанию зданий и благоустройству территорий,ЗАПАДНО-КАЗАХСТАНСКАЯ ОБЛАСТЬ,БУРЛИНСКИЙ РАЙОН
448858,Комплексное обслуживание объектов,false,,,,,,x,846,,,,,,,4,Комплексное обслуживание объектов,ЗАПАДНО-КАЗАХСТАНСКАЯ ОБЛАСТЬ,БУРЛИНСКИЙ РАЙОН
448859,Комплексное обслуживание объектов,true,,,,,,x,846,,,,,,,5,Комплексное обслуживание объектов,ЗАПАДНО-КАЗАХСТАНСКАЯ ОБЛАСТЬ,БУРЛИНСКИЙ РАЙОН
448860,Деятельность по уборке,false,,x,883,x,920,x,846,x,1031,x,994,36514000,957,3,Деятельность по обслуживанию зданий и благоустройству территорий,ЗАПАДНО-КАЗАХСТАНСКАЯ ОБЛАСТЬ,БУРЛИНСКИЙ РАЙОН
448865,Прочая деятельность по уборке,false,,x,883,x,920,x,846,x,1031,x,994,36514000,957,4,Деятельность по уборке,ЗАПАДНО-КАЗАХСТАНСКАЯ ОБЛАСТЬ,БУРЛИНСКИЙ РАЙОН
448866,Прочая деятельность по уборке,true,,x,883,x,920,x,846,x,1031,x,994,36514000,957,5,Прочая деятельность по уборке,ЗАПАДНО-КАЗАХСТАНСКАЯ ОБЛАСТЬ,БУРЛИНСКИЙ РАЙОН
448867,Деятельность по благоустройству территорий,false,,29963000,883,x,920,44036000,846,,,19089000,994,19503000,957,3,Деятельность по обслуживанию зданий и благоустройству территорий,ЗАПАДНО-КАЗАХСТАНСКАЯ ОБЛАСТЬ,БУРЛИНСКИЙ РАЙОН
448868,Деятельность по благоустройству территорий,false,,29963000,883,x,920,44036000,846,,,19089000,994,19503000,957,4,Деятельность по благоустройству территорий,ЗАПАДНО-КАЗАХСТАНСКАЯ ОБЛАСТЬ,БУРЛИНСКИЙ РАЙОН
448869,Деятельность по благоустройству территорий,true,,29963000,883,x,920,44036000,846,,,19089000,994,19503000,957,5,Деятельность по благоустройству территорий,ЗАПАДНО-КАЗАХСТАНСКАЯ ОБЛАСТЬ,БУРЛИНСКИЙ РАЙОН
448870,"Деятельность в области офисного административного и вспомогательного обслуживания, направленная на поддержание коммерческой деятельности",false,,40000000,883,,,,,,,140000000,994,,,2,Деятельность в области административного и вспомогательного обслуживания,ЗАПАДНО-КАЗАХСТАНСКАЯ ОБЛАСТЬ,БУРЛИНСКИЙ РАЙОН
448871,Деятельность в области офисного административного и вспомогательного обслуживания,false,,40000000,883,,,,,,,140000000,994,,,3,"Деятельность в области офисного административного и вспомогательного обслуживания, направленная на поддержание коммерческой деятельности",ЗАПАДНО-КАЗАХСТАНСКАЯ ОБЛАСТЬ,БУРЛИНСКИЙ РАЙОН
448872,Деятельность по предоставлению комплексных офисных административных услуг,false,,40000000,883,,,,,,,140000000,994,,,4,Деятельность в области офисного административного и вспомогательного обслуживания,ЗАПАДНО-КАЗАХСТАНСКАЯ ОБЛАСТЬ,БУРЛИНСКИЙ РАЙОН
448873,Деятельность по предоставлению комплексных офисных административных услуг,true,,40000000,883,,,,,,,140000000,994,,,5,Деятельность по предоставлению комплексных офисных административных услуг,ЗАПАДНО-КАЗАХСТАНСКАЯ ОБЛАСТЬ,БУРЛИНСКИЙ РАЙОН
448889,Государственное управление и оборона; обязательное  социальное обеспечение,false,,2474720000,883,419595000,920,914722000,846,370994000,1031,540720000,994,539938000,957,1,Всего,ЗАПАДНО-КАЗАХСТАНСКАЯ ОБЛАСТЬ,БУРЛИНСКИЙ РАЙОН
448890,Государственное управление и оборона; обязательное социальное обеспечение,false,,2474720000,883,419595000,920,914722000,846,370994000,1031,540720000,994,539938000,957,2,Государственное управление и оборона; обязательное  социальное обеспечение,ЗАПАДНО-КАЗАХСТАНСКАЯ ОБЛАСТЬ,БУРЛИНСКИЙ РАЙОН
448891,Государственное управление общего характера и управление социально-экономическое политикой общества,false,,2474313000,883,345944000,920,897937000,846,370226000,1031,217406000,994,247985000,957,3,Государственное управление и оборона; обязательное социальное обеспечение,ЗАПАДНО-КАЗАХСТАНСКАЯ ОБЛАСТЬ,БУРЛИНСКИЙ РАЙОН
448892,Государственное управление общего характера,false,,129949000,883,78160000,920,470543000,846,197984000,1031,217406000,994,68311000,957,4,Государственное управление общего характера и управление социально-экономическое политикой общества,ЗАПАДНО-КАЗАХСТАНСКАЯ ОБЛАСТЬ,БУРЛИНСКИЙ РАЙОН
448894,Деятельность региональных органов управления,true,,,,,,12000000,846,,,,,,,5,Государственное управление общего характера,ЗАПАДНО-КАЗАХСТАНСКАЯ ОБЛАСТЬ,БУРЛИНСКИЙ РАЙОН
448895,Деятельность местных органов управления,true,,x,883,57959000,920,301921000,846,71107000,1031,216632000,994,37045000,957,5,Государственное управление общего характера,ЗАПАДНО-КАЗАХСТАНСКАЯ ОБЛАСТЬ,БУРЛИНСКИЙ РАЙОН
448896,Деятельность сельских и поселковых органов управления,true,,92369000,883,20201000,920,156622000,846,126877000,1031,774000,994,31266000,957,5,Государственное управление общего характера,ЗАПАДНО-КАЗАХСТАНСКАЯ ОБЛАСТЬ,БУРЛИНСКИЙ РАЙОН
448900,"Регулирование деятельности учреждений здравоохранения, образования, культуры и других социальных услуг, кроме социального обеспечения ",false,,x,883,162088000,920,263153000,846,62769000,1031,,,167646000,957,4,Государственное управление общего характера и управление социально-экономическое политикой общества,ЗАПАДНО-КАЗАХСТАНСКАЯ ОБЛАСТЬ,БУРЛИНСКИЙ РАЙОН
448901,"Регулирование деятельности учреждений здравоохранения, образования, культуры и других социальных услуг, кроме социального обеспечения ",true,,x,883,162088000,920,263153000,846,62769000,1031,,,167646000,957,5,"Регулирование деятельности учреждений здравоохранения, образования, культуры и других социальных услуг, кроме социального обеспечения ",ЗАПАДНО-КАЗАХСТАНСКАЯ ОБЛАСТЬ,БУРЛИНСКИЙ РАЙОН
448902,Регулирование и содействие эффективному ведению экономической деятельности,false,,2092236000,883,105696000,920,164241000,846,109473000,1031,,,12028000,957,4,Государственное управление общего характера и управление социально-экономическое политикой общества,ЗАПАДНО-КАЗАХСТАНСКАЯ ОБЛАСТЬ,БУРЛИНСКИЙ РАЙОН
448903,Регулирование и содействие эффективному ведению экономической деятельности,true,,2092236000,883,105696000,920,164241000,846,109473000,1031,,,12028000,957,5,Регулирование и содействие эффективному ведению экономической деятельности,ЗАПАДНО-КАЗАХСТАНСКАЯ ОБЛАСТЬ,БУРЛИНСКИЙ РАЙОН
448904,Предоставление государством услуг обществу в целом,false,,407000,883,73651000,920,16785000,846,768000,1031,323314000,994,291953000,957,3,Государственное управление и оборона; обязательное социальное обеспечение,ЗАПАДНО-КАЗАХСТАНСКАЯ ОБЛАСТЬ,БУРЛИНСКИЙ РАЙОН
448907,Оборонная деятельность,false,,,,1000,920,,,,,224282000,994,,,4,Предоставление государством услуг обществу в целом,ЗАПАДНО-КАЗАХСТАНСКАЯ ОБЛАСТЬ,БУРЛИНСКИЙ РАЙОН
448908,Оборонная деятельность,true,,,,1000,920,,,,,224282000,994,,,5,Оборонная деятельность,ЗАПАДНО-КАЗАХСТАНСКАЯ ОБЛАСТЬ,БУРЛИНСКИЙ РАЙОН
448909,Деятельность в области юстиции и правосудия,false,,,,,,4209000,846,,,,,,,4,Предоставление государством услуг обществу в целом,ЗАПАДНО-КАЗАХСТАНСКАЯ ОБЛАСТЬ,БУРЛИНСКИЙ РАЙОН
448910,Деятельность в области юстиции и правосудия,true,,,,,,4209000,846,,,,,,,5,Деятельность в области юстиции и правосудия,ЗАПАДНО-КАЗАХСТАНСКАЯ ОБЛАСТЬ,БУРЛИНСКИЙ РАЙОН
448913,Деятельность по обеспечению безопасности в чрезвычайных ситуациях,false,,407000,883,73650000,920,12576000,846,768000,1031,99032000,994,291953000,957,4,Предоставление государством услуг обществу в целом,ЗАПАДНО-КАЗАХСТАНСКАЯ ОБЛАСТЬ,БУРЛИНСКИЙ РАЙОН
448914,Деятельность по обеспечению безопасности в чрезвычайных ситуациях,true,,407000,883,73650000,920,12576000,846,768000,1031,99032000,994,291953000,957,5,Деятельность по обеспечению безопасности в чрезвычайных ситуациях,ЗАПАДНО-КАЗАХСТАНСКАЯ ОБЛАСТЬ,БУРЛИНСКИЙ РАЙОН
448918,Образование,false,,1075387000,883,500433000,920,56168000,846,2119763000,1031,4848963000,994,209389000,957,1,Всего,ЗАПАДНО-КАЗАХСТАНСКАЯ ОБЛАСТЬ,БУРЛИНСКИЙ РАЙОН
448919,Образование,false,,1075387000,883,500433000,920,56168000,846,2119763000,1031,4848963000,994,209389000,957,2,Образование,ЗАПАДНО-КАЗАХСТАНСКАЯ ОБЛАСТЬ,БУРЛИНСКИЙ РАЙОН
448920,Дошкольное образование,false,,248993000,883,21675000,920,4426000,846,2604000,1031,10232000,994,3389000,957,3,Образование,ЗАПАДНО-КАЗАХСТАНСКАЯ ОБЛАСТЬ,БУРЛИНСКИЙ РАЙОН
448921,Дошкольное образование,false,,248993000,883,21675000,920,4426000,846,2604000,1031,10232000,994,3389000,957,4,Дошкольное образование,ЗАПАДНО-КАЗАХСТАНСКАЯ ОБЛАСТЬ,БУРЛИНСКИЙ РАЙОН
448922,Дошкольное образование,true,,248993000,883,21675000,920,4426000,846,2604000,1031,10232000,994,3389000,957,5,Дошкольное образование,ЗАПАДНО-КАЗАХСТАНСКАЯ ОБЛАСТЬ,БУРЛИНСКИЙ РАЙОН
448926,Среднее образование (2-й и 3-й уровни),false,,816968000,883,478758000,920,45664000,846,2113637000,1031,4834102000,994,203870000,957,3,Образование,ЗАПАДНО-КАЗАХСТАНСКАЯ ОБЛАСТЬ,БУРЛИНСКИЙ РАЙОН
448927,Основное и общее среднее образование,false,,816799000,883,478758000,920,38709000,846,1849466000,1031,4834102000,994,203870000,957,4,Среднее образование (2-й и 3-й уровни),ЗАПАДНО-КАЗАХСТАНСКАЯ ОБЛАСТЬ,БУРЛИНСКИЙ РАЙОН
448928,Основное и общее среднее образование,true,,816799000,883,478758000,920,38709000,846,1849466000,1031,4834102000,994,203870000,957,5,Основное и общее среднее образование,ЗАПАДНО-КАЗАХСТАНСКАЯ ОБЛАСТЬ,БУРЛИНСКИЙ РАЙОН
448929,Техническое и профессиональное среднее образование,false,,169000,883,,,6955000,846,x,1031,,,,,4,Среднее образование (2-й и 3-й уровни),ЗАПАДНО-КАЗАХСТАНСКАЯ ОБЛАСТЬ,БУРЛИНСКИЙ РАЙОН
448930,Профессионально-техническое образование,true,,,,,,5420000,846,x,1031,,,,,5,Техническое и профессиональное среднее образование,ЗАПАДНО-КАЗАХСТАНСКАЯ ОБЛАСТЬ,БУРЛИНСКИЙ РАЙОН
448931,Среднее специальное образование,true,,169000,883,,,1535000,846,,,,,,,5,Техническое и профессиональное среднее образование,ЗАПАДНО-КАЗАХСТАНСКАЯ ОБЛАСТЬ,БУРЛИНСКИЙ РАЙОН
448937,Прочие виды образования,false,,9426000,883,,,6078000,846,3522000,1031,4629000,994,2130000,957,3,Образование,ЗАПАДНО-КАЗАХСТАНСКАЯ ОБЛАСТЬ,БУРЛИНСКИЙ РАЙОН
448938,Образование в области спорта и отдыха,false,,,,,,931000,846,,,,,,,4,Прочие виды образования,ЗАПАДНО-КАЗАХСТАНСКАЯ ОБЛАСТЬ,БУРЛИНСКИЙ РАЙОН
448939,Образование в области спорта и отдыха,true,,,,,,931000,846,,,,,,,5,Образование в области спорта и отдыха,ЗАПАДНО-КАЗАХСТАНСКАЯ ОБЛАСТЬ,БУРЛИНСКИЙ РАЙОН
448940,Образование в области культуры,false,,8281000,883,,,x,846,2400000,1031,1480000,994,930000,957,4,Прочие виды образования,ЗАПАДНО-КАЗАХСТАНСКАЯ ОБЛАСТЬ,БУРЛИНСКИЙ РАЙОН
448941,Образование в области культуры,true,,8281000,883,,,x,846,2400000,1031,1480000,994,930000,957,5,Образование в области культуры,ЗАПАДНО-КАЗАХСТАНСКАЯ ОБЛАСТЬ,БУРЛИНСКИЙ РАЙОН
448942,Деятельность школ подготовки водителей транспортных средств,false,,,,,,292000,846,,,x,994,,,4,Прочие виды образования,ЗАПАДНО-КАЗАХСТАНСКАЯ ОБЛАСТЬ,БУРЛИНСКИЙ РАЙОН
448943,Деятельность школ подготовки водителей транспортных средств,true,,,,,,292000,846,,,x,994,,,5,Деятельность школ подготовки водителей транспортных средств,ЗАПАДНО-КАЗАХСТАНСКАЯ ОБЛАСТЬ,БУРЛИНСКИЙ РАЙОН
448944,"Прочие виды образования, не включенные в другие группировки",false,,x,883,,,2952000,846,1122000,1031,2899000,994,1200000,957,4,Прочие виды образования,ЗАПАДНО-КАЗАХСТАНСКАЯ ОБЛАСТЬ,БУРЛИНСКИЙ РАЙОН
448946,"Прочая деятельность в области образования, не включенная в другие группировки",true,,x,883,,,2952000,846,1122000,1031,2899000,994,1200000,957,5,"Прочие виды образования, не включенные в другие группировки",ЗАПАДНО-КАЗАХСТАНСКАЯ ОБЛАСТЬ,БУРЛИНСКИЙ РАЙОН
448950,Здравоохранение и социальное обслуживание населения,false,,717387000,883,1378912000,920,45375000,846,1152743000,1031,1684827000,994,1195159000,957,1,Всего,ЗАПАДНО-КАЗАХСТАНСКАЯ ОБЛАСТЬ,БУРЛИНСКИЙ РАЙОН
448951,Деятельность в области здравоохранения,false,,713551000,883,1375300000,920,44402000,846,1133511000,1031,1639154000,994,1187533000,957,2,Здравоохранение и социальное обслуживание населения,ЗАПАДНО-КАЗАХСТАНСКАЯ ОБЛАСТЬ,БУРЛИНСКИЙ РАЙОН
448952,Деятельность больничных организаций,false,,708427000,883,x,920,27221000,846,1128695000,1031,1264718000,994,1168585000,957,3,Деятельность в области здравоохранения,ЗАПАДНО-КАЗАХСТАНСКАЯ ОБЛАСТЬ,БУРЛИНСКИЙ РАЙОН
448953,Деятельность больничных организаций,false,,708427000,883,x,920,27221000,846,1128695000,1031,1264718000,994,1168585000,957,4,Деятельность больничных организаций,ЗАПАДНО-КАЗАХСТАНСКАЯ ОБЛАСТЬ,БУРЛИНСКИЙ РАЙОН
448954,Деятельность больниц широкого профиля и специализированных больниц,true,,708427000,883,x,920,27221000,846,292369000,1031,1231352000,994,1168585000,957,5,Деятельность больничных организаций,ЗАПАДНО-КАЗАХСТАНСКАЯ ОБЛАСТЬ,БУРЛИНСКИЙ РАЙОН
448958,"Деятельность других лечебных учреждений, имеющих стационары",true,,,,,,,,836326000,1031,33366000,994,,,5,Деятельность больничных организаций,ЗАПАДНО-КАЗАХСТАНСКАЯ ОБЛАСТЬ,БУРЛИНСКИЙ РАЙОН
448959,Деятельность в области врачебной практики и стоматологии,false,,5124000,883,23925000,920,13512000,846,4816000,1031,374436000,994,18948000,957,3,Деятельность в области здравоохранения,ЗАПАДНО-КАЗАХСТАНСКАЯ ОБЛАСТЬ,БУРЛИНСКИЙ РАЙОН
448960,Общая врачебная практика,false,,5124000,883,23925000,920,13512000,846,4816000,1031,374436000,994,18948000,957,4,Деятельность в области врачебной практики и стоматологии,ЗАПАДНО-КАЗАХСТАНСКАЯ ОБЛАСТЬ,БУРЛИНСКИЙ РАЙОН
448961,Общая врачебная практика,true,,5124000,883,23925000,920,13512000,846,4816000,1031,374436000,994,18948000,957,5,Общая врачебная практика,ЗАПАДНО-КАЗАХСТАНСКАЯ ОБЛАСТЬ,БУРЛИНСКИЙ РАЙОН
448966,Прочая деятельность в области здравоохранения ,false,,,,,,3669000,846,,,,,,,3,Деятельность в области здравоохранения,ЗАПАДНО-КАЗАХСТАНСКАЯ ОБЛАСТЬ,БУРЛИНСКИЙ РАЙОН
448967,Прочая деятельность в области здравоохранения ,false,,,,,,3669000,846,,,,,,,4,Прочая деятельность в области здравоохранения ,ЗАПАДНО-КАЗАХСТАНСКАЯ ОБЛАСТЬ,БУРЛИНСКИЙ РАЙОН
448968,Прочая деятельность в области здравоохранения ,true,,,,,,3669000,846,,,,,,,5,Прочая деятельность в области здравоохранения ,ЗАПАДНО-КАЗАХСТАНСКАЯ ОБЛАСТЬ,БУРЛИНСКИЙ РАЙОН
448969,Предоставление социальных услуг с обеспечением проживания,false,,3836000,883,3612000,920,973000,846,19232000,1031,45673000,994,7626000,957,2,Здравоохранение и социальное обслуживание населения,ЗАПАДНО-КАЗАХСТАНСКАЯ ОБЛАСТЬ,БУРЛИНСКИЙ РАЙОН
448973,"Предоставление социальных услуг с обеспечением проживания лицам, страдающим психическими расстройствами (заболеваниями), с умственными и физическими недостатками, алкогольной или наркотической зависимостью",false,,,,1168000,920,,,4841000,1031,29702000,994,5182000,957,3,Предоставление социальных услуг с обеспечением проживания,ЗАПАДНО-КАЗАХСТАНСКАЯ ОБЛАСТЬ,БУРЛИНСКИЙ РАЙОН
448974,"Предоставление социальных услуг с обеспечением проживания лицам, страдающим психическими расстройствами (заболеваниями), с умственными и физическими недостатками, алкогольной или наркотической зависимостью",false,,,,1168000,920,,,4841000,1031,29702000,994,5182000,957,4,"Предоставление социальных услуг с обеспечением проживания лицам, страдающим психическими расстройствами (заболеваниями), с умственными и физическими недостатками, алкогольной или наркотической зависимостью",ЗАПАДНО-КАЗАХСТАНСКАЯ ОБЛАСТЬ,БУРЛИНСКИЙ РАЙОН
448975,"Предоставление социальных услуг с обеспечением проживания лицам, страдающим психическими расстройствами (заболеваниями), с умственными и физическими недостатками, алкогольной или наркотической зависимостью",true,,,,1168000,920,,,4841000,1031,29702000,994,5182000,957,5,"Предоставление социальных услуг с обеспечением проживания лицам, страдающим психическими расстройствами (заболеваниями), с умственными и физическими недостатками, алкогольной или наркотической зависимостью",ЗАПАДНО-КАЗАХСТАНСКАЯ ОБЛАСТЬ,БУРЛИНСКИЙ РАЙОН
448976,Предоставление социальных услуг пожилым гражданам и инвалидам с обеспечением проживания,false,,3836000,883,2444000,920,973000,846,14391000,1031,15971000,994,2444000,957,3,Предоставление социальных услуг с обеспечением проживания,ЗАПАДНО-КАЗАХСТАНСКАЯ ОБЛАСТЬ,БУРЛИНСКИЙ РАЙОН
448977,Предоставление социальных услуг пожилым гражданам и инвалидам с обеспечением проживания,false,,3836000,883,2444000,920,973000,846,14391000,1031,15971000,994,2444000,957,4,Предоставление социальных услуг пожилым гражданам и инвалидам с обеспечением проживания,ЗАПАДНО-КАЗАХСТАНСКАЯ ОБЛАСТЬ,БУРЛИНСКИЙ РАЙОН
448978,Предоставление социальных услуг пожилым гражданам и инвалидам с обеспечением проживания,true,,3836000,883,2444000,920,973000,846,14391000,1031,15971000,994,2444000,957,5,Предоставление социальных услуг пожилым гражданам и инвалидам с обеспечением проживания,ЗАПАДНО-КАЗАХСТАНСКАЯ ОБЛАСТЬ,БУРЛИНСКИЙ РАЙОН
448991,"Искусство, развлечения и отдых",false,,61846000,883,18480000,920,42877000,846,195976000,1031,87983000,994,5145000,957,1,Всего,ЗАПАДНО-КАЗАХСТАНСКАЯ ОБЛАСТЬ,БУРЛИНСКИЙ РАЙОН
449004,"Деятельность библиотек, архивов, музеев и прочая деятельность в области культуры",false,,4591000,883,5600000,920,5154000,846,7133000,1031,,,4446000,957,2,"Искусство, развлечения и отдых",ЗАПАДНО-КАЗАХСТАНСКАЯ ОБЛАСТЬ,БУРЛИНСКИЙ РАЙОН
449005,"Деятельность библиотек, архивов, музеев и прочая деятельность в области культуры",false,,4591000,883,5600000,920,5154000,846,7133000,1031,,,4446000,957,3,"Деятельность библиотек, архивов, музеев и прочая деятельность в области культуры",ЗАПАДНО-КАЗАХСТАНСКАЯ ОБЛАСТЬ,БУРЛИНСКИЙ РАЙОН
449006,Деятельность библиотек и архивов,false,,4591000,883,5600000,920,5154000,846,7133000,1031,,,4446000,957,4,"Деятельность библиотек, архивов, музеев и прочая деятельность в области культуры",ЗАПАДНО-КАЗАХСТАНСКАЯ ОБЛАСТЬ,БУРЛИНСКИЙ РАЙОН
449008,"Библиотечная деятельность, включая деятельность читальных залов, лекториев, демонстрационных залов",true,,4591000,883,5600000,920,5154000,846,7133000,1031,,,4446000,957,5,Деятельность библиотек и архивов,ЗАПАДНО-КАЗАХСТАНСКАЯ ОБЛАСТЬ,БУРЛИНСКИЙ РАЙОН
449022,"Деятельность в области спорта, организации отдыха и развлечений",false,,57255000,883,12880000,920,37723000,846,188843000,1031,87983000,994,699000,957,2,"Искусство, развлечения и отдых",ЗАПАДНО-КАЗАХСТАНСКАЯ ОБЛАСТЬ,БУРЛИНСКИЙ РАЙОН
449023,Деятельность в области спорта,false,,x,883,5002000,920,7320000,846,56821000,1031,49057000,994,699000,957,3,"Деятельность в области спорта, организации отдыха и развлечений",ЗАПАДНО-КАЗАХСТАНСКАЯ ОБЛАСТЬ,БУРЛИНСКИЙ РАЙОН
449024,Эксплуатация спортивных сооружений,false,,,,5002000,920,5116000,846,56821000,1031,47184000,994,,,4,Деятельность в области спорта,ЗАПАДНО-КАЗАХСТАНСКАЯ ОБЛАСТЬ,БУРЛИНСКИЙ РАЙОН
449025,Эксплуатация спортивных сооружений,true,,,,5002000,920,5116000,846,56821000,1031,47184000,994,,,5,Эксплуатация спортивных сооружений,ЗАПАДНО-КАЗАХСТАНСКАЯ ОБЛАСТЬ,БУРЛИНСКИЙ РАЙОН
449030,Прочая деятельность в области спорта,false,,x,883,,,x,846,,,1873000,994,699000,957,4,Деятельность в области спорта,ЗАПАДНО-КАЗАХСТАНСКАЯ ОБЛАСТЬ,БУРЛИНСКИЙ РАЙОН
449031,Прочая деятельность в области спорта,true,,x,883,,,x,846,,,1873000,994,699000,957,5,Прочая деятельность в области спорта,ЗАПАДНО-КАЗАХСТАНСКАЯ ОБЛАСТЬ,БУРЛИНСКИЙ РАЙОН
449032,Деятельность по организации отдыха и развлечений,false,,55291000,883,x,920,30403000,846,132022000,1031,38926000,994,,,3,"Деятельность в области спорта, организации отдыха и развлечений",ЗАПАДНО-КАЗАХСТАНСКАЯ ОБЛАСТЬ,БУРЛИНСКИЙ РАЙОН
449035,Прочая деятельность по организации отдыха и развлечений,false,,55291000,883,x,920,30403000,846,132022000,1031,38926000,994,,,4,Деятельность по организации отдыха и развлечений,ЗАПАДНО-КАЗАХСТАНСКАЯ ОБЛАСТЬ,БУРЛИНСКИЙ РАЙОН
449039,Прочие виды деятельности по организации отдыха и развлечений,true,,55291000,883,x,920,30403000,846,132022000,1031,38926000,994,,,5,Прочая деятельность по организации отдыха и развлечений,ЗАПАДНО-КАЗАХСТАНСКАЯ ОБЛАСТЬ,БУРЛИНСКИЙ РАЙОН
449040,Предоставление прочих видов услуг,false,,15000000,883,9800000,920,,,,,25000000,994,6800000,957,1,Всего,ЗАПАДНО-КАЗАХСТАНСКАЯ ОБЛАСТЬ,БУРЛИНСКИЙ РАЙОН
449084,Предоставление прочих индивидуальных услуг,false,,15000000,883,9800000,920,,,,,25000000,994,6800000,957,2,Предоставление прочих видов услуг,ЗАПАДНО-КАЗАХСТАНСКАЯ ОБЛАСТЬ,БУРЛИНСКИЙ РАЙОН
449085,Предоставление прочих индивидуальных услуг,false,,15000000,883,9800000,920,,,,,25000000,994,6800000,957,3,Предоставление прочих индивидуальных услуг,ЗАПАДНО-КАЗАХСТАНСКАЯ ОБЛАСТЬ,БУРЛИНСКИЙ РАЙОН
449089,Предоставление услуг парикмахерскими и салонами красоты,false,,15000000,883,9800000,920,,,,,,,,,4,Предоставление прочих индивидуальных услуг,ЗАПАДНО-КАЗАХСТАНСКАЯ ОБЛАСТЬ,БУРЛИНСКИЙ РАЙОН
449090,Предоставление услуг парикмахерскими и салонами красоты,true,,15000000,883,9800000,920,,,,,,,,,5,Предоставление услуг парикмахерскими и салонами красоты,ЗАПАДНО-КАЗАХСТАНСКАЯ ОБЛАСТЬ,БУРЛИНСКИЙ РАЙОН
449093,Деятельность по обеспечению физического комфорта,false,,,,,,,,,,25000000,994,6800000,957,4,Предоставление прочих индивидуальных услуг,ЗАПАДНО-КАЗАХСТАНСКАЯ ОБЛАСТЬ,БУРЛИНСКИЙ РАЙОН
449094,Деятельность по обеспечению физического комфорта,true,,,,,,,,,,25000000,994,6800000,957,5,Деятельность по обеспечению физического комфорта,ЗАПАДНО-КАЗАХСТАНСКАЯ ОБЛАСТЬ,БУРЛИНСКИЙ РАЙОН
741340,Промышленность,false,,250328517000,883,189763070000,920,292351242000,846,316341094000,1031,354101569000,994,296592933000,957,1,Всего,ЗАПАДНО-КАЗАХСТАНСКАЯ ОБЛАСТЬ,БУРЛИНСКИЙ РАЙОН
447279,Горнодобывающая промышленность и разработка карьеров,false,,248550265000,883,185446010000,920,290298444000,846,311173418000,1031,351503496000,994,293911017000,957,2,Промышленность,ЗАПАДНО-КАЗАХСТАНСКАЯ ОБЛАСТЬ,БУРЛИНСКИЙ РАЙОН
447291,Добыча сырой нефти и природного газа,false,,x,883,x,920,287386179000,846,x,1031,x,994,x,957,3,Горнодобывающая промышленность и разработка карьеров,ЗАПАДНО-КАЗАХСТАНСКАЯ ОБЛАСТЬ,БУРЛИНСКИЙ РАЙОН
447292,Добыча сырой нефти,false,,x,883,x,920,287386179000,846,x,1031,x,994,x,957,4,Добыча сырой нефти и природного газа,ЗАПАДНО-КАЗАХСТАНСКАЯ ОБЛАСТЬ,БУРЛИНСКИЙ РАЙОН
447293,Добыча сырой нефти,false,,x,883,x,920,287386179000,846,x,1031,x,994,x,957,5,Добыча сырой нефти,ЗАПАДНО-КАЗАХСТАНСКАЯ ОБЛАСТЬ,БУРЛИНСКИЙ РАЙОН
447316,Добыча прочих полезных ископаемых,false,,,,,,x,846,,,,,,,3,Горнодобывающая промышленность и разработка карьеров,ЗАПАДНО-КАЗАХСТАНСКАЯ ОБЛАСТЬ,БУРЛИНСКИЙ РАЙОН
447325,"Добыча полезных ископаемых, не включенных в другие группировки",false,,,,,,x,846,,,,,,,4,Добыча прочих полезных ископаемых,ЗАПАДНО-КАЗАХСТАНСКАЯ ОБЛАСТЬ,БУРЛИНСКИЙ РАЙОН
447326,Добыча минерального сырья для химической промышленности и производства удобрений,false,,,,,,x,846,,,,,,,5,"Добыча полезных ископаемых, не включенных в другие группировки",ЗАПАДНО-КАЗАХСТАНСКАЯ ОБЛАСТЬ,БУРЛИНСКИЙ РАЙОН
447339,Предоставление услуг в горнодобывающей промышленности,false,,1731145000,883,1445455000,920,2891725000,846,1293510000,1031,4008076000,994,1077417000,957,3,Горнодобывающая промышленность и разработка карьеров,ЗАПАДНО-КАЗАХСТАНСКАЯ ОБЛАСТЬ,БУРЛИНСКИЙ РАЙОН
447340,"Предоставление услуг, способствующих добыче нефти и природного газа",false,,1731145000,883,1445455000,920,2891725000,846,1293510000,1031,4008076000,994,1077417000,957,4,Предоставление услуг в горнодобывающей промышленности,ЗАПАДНО-КАЗАХСТАНСКАЯ ОБЛАСТЬ,БУРЛИНСКИЙ РАЙОН
447341,"Предоставление услуг, способствующих добыче нефти и природного газа",false,,1731145000,883,1445455000,920,2891725000,846,1293510000,1031,4008076000,994,1077417000,957,5,"Предоставление услуг, способствующих добыче нефти и природного газа",ЗАПАДНО-КАЗАХСТАНСКАЯ ОБЛАСТЬ,БУРЛИНСКИЙ РАЙОН
447346,Обрабатывающая промышленность,false,,1263564000,883,2162448000,920,1726076000,846,2880747000,1031,2160253000,994,1953925000,957,2,Промышленность,ЗАПАДНО-КАЗАХСТАНСКАЯ ОБЛАСТЬ,БУРЛИНСКИЙ РАЙОН
447347,Производство продуктов питания,false,,16890000,883,,,9022000,846,,,306712000,994,,,3,Обрабатывающая промышленность,ЗАПАДНО-КАЗАХСТАНСКАЯ ОБЛАСТЬ,БУРЛИНСКИЙ РАЙОН
447348,Переработка и консервирование мяса и производство мясной продукции,false,,16890000,883,,,9022000,846,,,,,,,4,Производство продуктов питания,ЗАПАДНО-КАЗАХСТАНСКАЯ ОБЛАСТЬ,БУРЛИНСКИЙ РАЙОН
447349,Переработка и консервирование мяса,false,,16890000,883,,,309000,846,,,,,,,5,Переработка и консервирование мяса и производство мясной продукции,ЗАПАДНО-КАЗАХСТАНСКАЯ ОБЛАСТЬ,БУРЛИНСКИЙ РАЙОН
447353,Производство продуктов из мяса и мяса сельскохозяйственной птицы ,false,,,,,,x,846,,,,,,,5,Переработка и консервирование мяса и производство мясной продукции,ЗАПАДНО-КАЗАХСТАНСКАЯ ОБЛАСТЬ,БУРЛИНСКИЙ РАЙОН
447384,"Производство  хлебобулочных, макаронных и мучных кондитерских изделий",false,,,,,,,,,,10700000,994,,,4,Производство продуктов питания,ЗАПАДНО-КАЗАХСТАНСКАЯ ОБЛАСТЬ,БУРЛИНСКИЙ РАЙОН
447385,Производство хлебобулочных и мучных кондитерских изделий недлительного хранения,false,,,,,,,,,,10700000,994,,,5,"Производство  хлебобулочных, макаронных и мучных кондитерских изделий",ЗАПАДНО-КАЗАХСТАНСКАЯ ОБЛАСТЬ,БУРЛИНСКИЙ РАЙОН
447408,Производство готовых кормов для животных,false,,,,,,,,,,296012000,994,,,4,Производство продуктов питания,ЗАПАДНО-КАЗАХСТАНСКАЯ ОБЛАСТЬ,БУРЛИНСКИЙ РАЙОН
447409,Производство готовых кормов для сельскохозяйственных животных,false,,,,,,,,,,296012000,994,,,5,Производство готовых кормов для животных,ЗАПАДНО-КАЗАХСТАНСКАЯ ОБЛАСТЬ,БУРЛИНСКИЙ РАЙОН
447562,Производство кокса и продуктов нефтепереработки,false,,x,883,136279000,920,876664000,846,x,1031,x,994,x,957,3,Обрабатывающая промышленность,ЗАПАДНО-КАЗАХСТАНСКАЯ ОБЛАСТЬ,БУРЛИНСКИЙ РАЙОН
447566,"Производство продуктов нефтепереработки, брикетов из торфа и угля",false,,x,883,136279000,920,876664000,846,x,1031,x,994,x,957,4,Производство кокса и продуктов нефтепереработки,ЗАПАДНО-КАЗАХСТАНСКАЯ ОБЛАСТЬ,БУРЛИНСКИЙ РАЙОН
447567,"Производство продуктов нефтепереработки, брикетов из торфа и угля",false,,x,883,136279000,920,876664000,846,x,1031,x,994,x,957,5,"Производство продуктов нефтепереработки, брикетов из торфа и угля",ЗАПАДНО-КАЗАХСТАНСКАЯ ОБЛАСТЬ,БУРЛИНСКИЙ РАЙОН
447572,Производство продуктов химической промышленности,false,,720000,883,73374000,920,,,,,,,,,3,Обрабатывающая промышленность,ЗАПАДНО-КАЗАХСТАНСКАЯ ОБЛАСТЬ,БУРЛИНСКИЙ РАЙОН
447573,"Производство основных химических веществ, удобрений и азотных соединений, пластмасс и синтетического каучука в первичных формах",false,,720000,883,73374000,920,,,,,,,,,4,Производство продуктов химической промышленности,ЗАПАДНО-КАЗАХСТАНСКАЯ ОБЛАСТЬ,БУРЛИНСКИЙ РАЙОН
447587,Производство пластмасс в первичных формах,false,,720000,883,73374000,920,,,,,,,,,5,"Производство основных химических веществ, удобрений и азотных соединений, пластмасс и синтетического каучука в первичных формах",ЗАПАДНО-КАЗАХСТАНСКАЯ ОБЛАСТЬ,БУРЛИНСКИЙ РАЙОН
447628,Производство резиновых и пластмассовых изделий,false,,,,,,,,78890000,1031,,,,,3,Обрабатывающая промышленность,ЗАПАДНО-КАЗАХСТАНСКАЯ ОБЛАСТЬ,БУРЛИНСКИЙ РАЙОН
447636,Производство пластмассовых изделий,false,,,,,,,,78890000,1031,,,,,4,Производство резиновых и пластмассовых изделий,ЗАПАДНО-КАЗАХСТАНСКАЯ ОБЛАСТЬ,БУРЛИНСКИЙ РАЙОН
447641,Производство строительных пластмассовых изделий,false,,,,,,,,78890000,1031,,,,,5,Производство пластмассовых изделий,ЗАПАДНО-КАЗАХСТАНСКАЯ ОБЛАСТЬ,БУРЛИНСКИЙ РАЙОН
447646,Производство прочей не металлической минеральной продукции,false,,112266000,883,20539000,920,10825000,846,285694000,1031,68648000,994,x,957,3,Обрабатывающая промышленность,ЗАПАДНО-КАЗАХСТАНСКАЯ ОБЛАСТЬ,БУРЛИНСКИЙ РАЙОН
447688,"Производство изделий из бетона, цемента и строительного гипса ",false,,112266000,883,20539000,920,10825000,846,285694000,1031,68648000,994,x,957,4,Производство прочей не металлической минеральной продукции,ЗАПАДНО-КАЗАХСТАНСКАЯ ОБЛАСТЬ,БУРЛИНСКИЙ РАЙОН
447695,Производство товарного бетона ,false,,112266000,883,20539000,920,10825000,846,285694000,1031,68648000,994,x,957,5,"Производство изделий из бетона, цемента и строительного гипса ",ЗАПАДНО-КАЗАХСТАНСКАЯ ОБЛАСТЬ,БУРЛИНСКИЙ РАЙОН
447717,Металлургическое производство,false,,,,,,28000,846,,,,,,,3,Обрабатывающая промышленность,ЗАПАДНО-КАЗАХСТАНСКАЯ ОБЛАСТЬ,БУРЛИНСКИЙ РАЙОН
447721,"Производство труб, трубок, полых профилей, фитингов из стали",false,,,,,,28000,846,,,,,,,4,Металлургическое производство,ЗАПАДНО-КАЗАХСТАНСКАЯ ОБЛАСТЬ,БУРЛИНСКИЙ РАЙОН
447722,"Производство труб, трубок, полых профилей, фитингов из стали",false,,,,,,28000,846,,,,,,,5,"Производство труб, трубок, полых профилей, фитингов из стали",ЗАПАДНО-КАЗАХСТАНСКАЯ ОБЛАСТЬ,БУРЛИНСКИЙ РАЙОН
447760,"Производство готовых металлических изделий, кроме машин и оборудования",false,,,,,,,,7996000,1031,,,,,3,Обрабатывающая промышленность,ЗАПАДНО-КАЗАХСТАНСКАЯ ОБЛАСТЬ,БУРЛИНСКИЙ РАЙОН
447769,"Производство металлических цистерн, резервуаров и контейнеров",false,,,,,,,,7996000,1031,,,,,4,"Производство готовых металлических изделий, кроме машин и оборудования",ЗАПАДНО-КАЗАХСТАНСКАЯ ОБЛАСТЬ,БУРЛИНСКИЙ РАЙОН
447772,"Производство прочих металлических цистерн, резервуаров и контейнеров",false,,,,,,,,7996000,1031,,,,,5,"Производство металлических цистерн, резервуаров и контейнеров",ЗАПАДНО-КАЗАХСТАНСКАЯ ОБЛАСТЬ,БУРЛИНСКИЙ РАЙОН
447881,"Производство машин и оборудования, не включенных в другие группировки ",false,,x,883,,,,,30000,1031,,,x,957,3,Обрабатывающая промышленность,ЗАПАДНО-КАЗАХСТАНСКАЯ ОБЛАСТЬ,БУРЛИНСКИЙ РАЙОН
447882,Производство оборудования общего назначения,false,,x,883,,,,,30000,1031,,,x,957,4,"Производство машин и оборудования, не включенных в другие группировки ",ЗАПАДНО-КАЗАХСТАНСКАЯ ОБЛАСТЬ,БУРЛИНСКИЙ РАЙОН
447891,"Производство прочих кранов, клапанов и вентилей",false,,x,883,,,,,30000,1031,,,x,957,5,Производство оборудования общего назначения,ЗАПАДНО-КАЗАХСТАНСКАЯ ОБЛАСТЬ,БУРЛИНСКИЙ РАЙОН
448019,Производство прочих готовых изделий,false,,x,883,,,,,,,,,,,3,Обрабатывающая промышленность,ЗАПАДНО-КАЗАХСТАНСКАЯ ОБЛАСТЬ,БУРЛИНСКИЙ РАЙОН
448020,"Производство ювелирных изделий, бижутерии и аналогичных изделий",false,,x,883,,,,,,,,,,,4,Производство прочих готовых изделий,ЗАПАДНО-КАЗАХСТАНСКАЯ ОБЛАСТЬ,БУРЛИНСКИЙ РАЙОН
448023,Производство ювелирных и аналогичных изделий,false,,x,883,,,,,,,,,,,5,"Производство ювелирных изделий, бижутерии и аналогичных изделий",ЗАПАДНО-КАЗАХСТАНСКАЯ ОБЛАСТЬ,БУРЛИНСКИЙ РАЙОН
448050,Ремонт и установка машин и оборудования,false,,836940000,883,1932256000,920,829537000,846,1442377000,1031,872259000,994,804290000,957,3,Обрабатывающая промышленность,ЗАПАДНО-КАЗАХСТАНСКАЯ ОБЛАСТЬ,БУРЛИНСКИЙ РАЙОН
448051,"Ремонт готовых металлических изделий, машин и оборудования",false,,836940000,883,1932256000,920,786629000,846,1442377000,1031,872188000,994,804290000,957,4,Ремонт и установка машин и оборудования,ЗАПАДНО-КАЗАХСТАНСКАЯ ОБЛАСТЬ,БУРЛИНСКИЙ РАЙОН
448052,Ремонт готовых металлических изделий,false,,,,,,x,846,,,,,x,957,5,"Ремонт готовых металлических изделий, машин и оборудования",ЗАПАДНО-КАЗАХСТАНСКАЯ ОБЛАСТЬ,БУРЛИНСКИЙ РАЙОН
448059,Ремонт машин и оборудования,false,,x,883,1892484000,920,765383000,846,x,1031,771883000,994,787384000,957,5,"Ремонт готовых металлических изделий, машин и оборудования",ЗАПАДНО-КАЗАХСТАНСКАЯ ОБЛАСТЬ,БУРЛИНСКИЙ РАЙОН
448071,Ремонт электрического оборудования,false,,7878000,883,39772000,920,12366000,846,69898000,1031,99773000,994,1593000,957,5,"Ремонт готовых металлических изделий, машин и оборудования",ЗАПАДНО-КАЗАХСТАНСКАЯ ОБЛАСТЬ,БУРЛИНСКИЙ РАЙОН
448085,Ремонт прочего оборудования,false,,,,,,,,,,532000,994,x,957,5,"Ремонт готовых металлических изделий, машин и оборудования",ЗАПАДНО-КАЗАХСТАНСКАЯ ОБЛАСТЬ,БУРЛИНСКИЙ РАЙОН
448087,"Монтаж, установка промышленных машин и оборудования",false,,,,,,42908000,846,,,x,994,,,4,Ремонт и установка машин и оборудования,ЗАПАДНО-КАЗАХСТАНСКАЯ ОБЛАСТЬ,БУРЛИНСКИЙ РАЙОН
448088,"Монтаж, установка промышленных машин и оборудования",false,,,,,,42908000,846,,,x,994,,,5,"Монтаж, установка промышленных машин и оборудования",ЗАПАДНО-КАЗАХСТАНСКАЯ ОБЛАСТЬ,БУРЛИНСКИЙ РАЙОН
448090,"Снабжение электроэнергией, газом, паром, горячей водой и кондиционированным воздухом",false,,323644000,883,961709000,920,182330000,846,776592000,1031,151150000,994,256967000,957,2,Промышленность,ЗАПАДНО-КАЗАХСТАНСКАЯ ОБЛАСТЬ,БУРЛИНСКИЙ РАЙОН
448091,"Снабжение электроэнергией, газом, паром, горячей водой и кондиционированным воздухом",false,,323644000,883,961709000,920,182330000,846,776592000,1031,151150000,994,256967000,957,3,"Снабжение электроэнергией, газом, паром, горячей водой и кондиционированным воздухом",ЗАПАДНО-КАЗАХСТАНСКАЯ ОБЛАСТЬ,БУРЛИНСКИЙ РАЙОН
448092,"Производство, передача и распределение электроэнергии",false,,159080000,883,353762000,920,159419000,846,725159000,1031,139185000,994,223545000,957,4,"Снабжение электроэнергией, газом, паром, горячей водой и кондиционированным воздухом",ЗАПАДНО-КАЗАХСТАНСКАЯ ОБЛАСТЬ,БУРЛИНСКИЙ РАЙОН
448093,Производство электроэнергии,false,,,,,,x,846,32266000,1031,,,,,5,"Производство, передача и распределение электроэнергии",ЗАПАДНО-КАЗАХСТАНСКАЯ ОБЛАСТЬ,БУРЛИНСКИЙ РАЙОН
448098,Передача электроэнергии,false,,127860000,883,130469000,920,126878000,846,161150000,1031,122245000,994,127111000,957,5,"Производство, передача и распределение электроэнергии",ЗАПАДНО-КАЗАХСТАНСКАЯ ОБЛАСТЬ,БУРЛИНСКИЙ РАЙОН
448100,Распределение электроэнергии,false,,30414000,883,222336000,920,30722000,846,531743000,1031,16722000,994,96245000,957,5,"Производство, передача и распределение электроэнергии",ЗАПАДНО-КАЗАХСТАНСКАЯ ОБЛАСТЬ,БУРЛИНСКИЙ РАЙОН
448102,Продажа электроэнергии ,false,,806000,883,957000,920,x,846,,,218000,994,189000,957,5,"Производство, передача и распределение электроэнергии",ЗАПАДНО-КАЗАХСТАНСКАЯ ОБЛАСТЬ,БУРЛИНСКИЙ РАЙОН
448104,Производство и распределение газообразного топлива по трубопроводам,false,,8392000,883,200000000,920,,,27148000,1031,,,x,957,4,"Снабжение электроэнергией, газом, паром, горячей водой и кондиционированным воздухом",ЗАПАДНО-КАЗАХСТАНСКАЯ ОБЛАСТЬ,БУРЛИНСКИЙ РАЙОН
448107,Распределение газообразного топлива по трубопроводам,false,,8392000,883,200000000,920,,,27148000,1031,,,x,957,5,Производство и распределение газообразного топлива по трубопроводам,ЗАПАДНО-КАЗАХСТАНСКАЯ ОБЛАСТЬ,БУРЛИНСКИЙ РАЙОН
448111,"Снабжение паром, горячей водой и кондиционированным воздухом",false,,156172000,883,407947000,920,22911000,846,24285000,1031,11965000,994,24390000,957,4,"Снабжение электроэнергией, газом, паром, горячей водой и кондиционированным воздухом",ЗАПАДНО-КАЗАХСТАНСКАЯ ОБЛАСТЬ,БУРЛИНСКИЙ РАЙОН
448112,"Снабжение паром, горячей водой и кондиционированным воздухом",false,,156172000,883,407947000,920,22911000,846,24285000,1031,11965000,994,24390000,957,5,"Снабжение паром, горячей водой и кондиционированным воздухом",ЗАПАДНО-КАЗАХСТАНСКАЯ ОБЛАСТЬ,БУРЛИНСКИЙ РАЙОН
448117,"Водоснабжение; сбор, обработка и удаление отходов, деятельность по ликвидации загрязнений",false,,191044000,883,1192903000,920,144392000,846,1510337000,1031,286670000,994,471024000,957,2,Промышленность,ЗАПАДНО-КАЗАХСТАНСКАЯ ОБЛАСТЬ,БУРЛИНСКИЙ РАЙОН
448118,"Сбор, обработка и распределение воды",false,,191044000,883,1051957000,920,143066000,846,105037000,1031,274277000,994,468804000,957,3,"Водоснабжение; сбор, обработка и удаление отходов, деятельность по ликвидации загрязнений",ЗАПАДНО-КАЗАХСТАНСКАЯ ОБЛАСТЬ,БУРЛИНСКИЙ РАЙОН
448119,"Сбор, обработка и распределение воды",false,,191044000,883,1051957000,920,143066000,846,105037000,1031,274277000,994,468804000,957,4,"Сбор, обработка и распределение воды",ЗАПАДНО-КАЗАХСТАНСКАЯ ОБЛАСТЬ,БУРЛИНСКИЙ РАЙОН
448120,"Сбор, обработка и распределение воды",false,,191044000,883,1051957000,920,143066000,846,105037000,1031,274277000,994,468804000,957,5,"Сбор, обработка и распределение воды",ЗАПАДНО-КАЗАХСТАНСКАЯ ОБЛАСТЬ,БУРЛИНСКИЙ РАЙОН
448122,Сбор и обработка сточных вод,false,,,,217000,920,1326000,846,40451000,1031,11827000,994,,,3,"Водоснабжение; сбор, обработка и удаление отходов, деятельность по ликвидации загрязнений",ЗАПАДНО-КАЗАХСТАНСКАЯ ОБЛАСТЬ,БУРЛИНСКИЙ РАЙОН
448123,Сбор и обработка сточных вод,false,,,,217000,920,1326000,846,40451000,1031,11827000,994,,,4,Сбор и обработка сточных вод,ЗАПАДНО-КАЗАХСТАНСКАЯ ОБЛАСТЬ,БУРЛИНСКИЙ РАЙОН
448124,Сбор и обработка сточных вод,false,,,,217000,920,1326000,846,40451000,1031,11827000,994,,,5,Сбор и обработка сточных вод,ЗАПАДНО-КАЗАХСТАНСКАЯ ОБЛАСТЬ,БУРЛИНСКИЙ РАЙОН
448126,"Сбор, обработка и удаление отходов; утилизация (восстановление) материалов",false,,,,140729000,920,,,1364849000,1031,x,994,x,957,3,"Водоснабжение; сбор, обработка и удаление отходов, деятельность по ликвидации загрязнений",ЗАПАДНО-КАЗАХСТАНСКАЯ ОБЛАСТЬ,БУРЛИНСКИЙ РАЙОН
448127,Сбор отходов,false,,,,67926000,920,,,128257000,1031,,,,,4,"Сбор, обработка и удаление отходов; утилизация (восстановление) материалов",ЗАПАДНО-КАЗАХСТАНСКАЯ ОБЛАСТЬ,БУРЛИНСКИЙ РАЙОН
448128,Сбор неопасных отходов,false,,,,67926000,920,,,128257000,1031,,,,,5,Сбор отходов,ЗАПАДНО-КАЗАХСТАНСКАЯ ОБЛАСТЬ,БУРЛИНСКИЙ РАЙОН
448132,Обработка и удаление отходов,false,,,,72803000,920,,,466857000,1031,x,994,x,957,4,"Сбор, обработка и удаление отходов; утилизация (восстановление) материалов",ЗАПАДНО-КАЗАХСТАНСКАЯ ОБЛАСТЬ,БУРЛИНСКИЙ РАЙОН
448133,Обработка и удаление неопасных отходов,false,,,,72803000,920,,,x,1031,x,994,x,957,5,Обработка и удаление отходов,ЗАПАДНО-КАЗАХСТАНСКАЯ ОБЛАСТЬ,БУРЛИНСКИЙ РАЙОН
448135,Обработка и удаление опасных отходов,false,,,,,,,,x,1031,,,,,5,Обработка и удаление отходов,ЗАПАДНО-КАЗАХСТАНСКАЯ ОБЛАСТЬ,БУРЛИНСКИЙ РАЙОН
448137,Утилизация (восстановление) материалов ,false,,,,,,,,769735000,1031,,,,,4,"Сбор, обработка и удаление отходов; утилизация (восстановление) материалов",ЗАПАДНО-КАЗАХСТАНСКАЯ ОБЛАСТЬ,БУРЛИНСКИЙ РАЙОН
448140,Переработка отсортированных материалов,false,,,,,,,,769735000,1031,,,,,5,Утилизация (восстановление) материалов ,ЗАПАДНО-КАЗАХСТАНСКАЯ ОБЛАСТЬ,БУРЛИНСКИЙ РАЙОН
741885,Всего,false,,3859231000,883,5672404000,920,2556824000,846,12499157000,1031,7303817000,994,5047164000,957,0,,ЗАПАДНО-КАЗАХСТАНСКАЯ ОБЛАСТЬ,ЖАНГАЛИНСКИЙ РАЙОН
447173,"Сельское, лесное и рыбное хозяйство",false,,923389000,883,625480000,920,987501000,846,1471617000,1031,1244999000,994,1014785000,957,1,Всего,ЗАПАДНО-КАЗАХСТАНСКАЯ ОБЛАСТЬ,ЖАНГАЛИНСКИЙ РАЙОН
447174,"Растениеводство и животноводство, охота и предоставление услуг в этих областях",false,,923389000,883,625480000,920,987501000,846,1471617000,1031,1244999000,994,1014785000,957,2,"Сельское, лесное и рыбное хозяйство",ЗАПАДНО-КАЗАХСТАНСКАЯ ОБЛАСТЬ,ЖАНГАЛИНСКИЙ РАЙОН
447218,Животноводство,false,,923389000,883,609300000,920,987501000,846,1377037000,1031,1220889000,994,1009684000,957,3,"Растениеводство и животноводство, охота и предоставление услуг в этих областях",ЗАПАДНО-КАЗАХСТАНСКАЯ ОБЛАСТЬ,ЖАНГАЛИНСКИЙ РАЙОН
447219,Разведение крупного рогатого скота молочного направления,false,,,,x,920,,,18220000,1031,82482000,994,67900000,957,4,Животноводство,ЗАПАДНО-КАЗАХСТАНСКАЯ ОБЛАСТЬ,ЖАНГАЛИНСКИЙ РАЙОН
447220,Разведение крупного рогатого скота молочного направления,true,,,,x,920,,,18220000,1031,82482000,994,67900000,957,5,Разведение крупного рогатого скота молочного направления,ЗАПАДНО-КАЗАХСТАНСКАЯ ОБЛАСТЬ,ЖАНГАЛИНСКИЙ РАЙОН
447221,Разведение прочего крупного рогатого скота и буйволов,false,,827448000,883,548072000,920,978929000,846,1358817000,1031,1034917000,994,854149000,957,4,Животноводство,ЗАПАДНО-КАЗАХСТАНСКАЯ ОБЛАСТЬ,ЖАНГАЛИНСКИЙ РАЙОН
447222,Разведение прочего крупного рогатого скота и буйволов,true,,827448000,883,548072000,920,978929000,846,1358817000,1031,1034917000,994,854149000,957,5,Разведение прочего крупного рогатого скота и буйволов,ЗАПАДНО-КАЗАХСТАНСКАЯ ОБЛАСТЬ,ЖАНГАЛИНСКИЙ РАЙОН
447223,Разведение лошадей и прочих животных семейства лошадиных,false,,14360000,883,,,,,,,34934000,994,26258000,957,4,Животноводство,ЗАПАДНО-КАЗАХСТАНСКАЯ ОБЛАСТЬ,ЖАНГАЛИНСКИЙ РАЙОН
447224,Разведение лошадей,true,,14360000,883,,,,,,,34934000,994,26258000,957,5,Разведение лошадей и прочих животных семейства лошадиных,ЗАПАДНО-КАЗАХСТАНСКАЯ ОБЛАСТЬ,ЖАНГАЛИНСКИЙ РАЙОН
447228,Разведение овец и коз,false,,81581000,883,21808000,920,8572000,846,,,68556000,994,61377000,957,4,Животноводство,ЗАПАДНО-КАЗАХСТАНСКАЯ ОБЛАСТЬ,ЖАНГАЛИНСКИЙ РАЙОН
447229,Разведение овец и коз,true,,81581000,883,21808000,920,8572000,846,,,68556000,994,61377000,957,5,Разведение овец и коз,ЗАПАДНО-КАЗАХСТАНСКАЯ ОБЛАСТЬ,ЖАНГАЛИНСКИЙ РАЙОН
447239,Смешанное сельское хозяйство,false,,,,16180000,920,,,94580000,1031,24110000,994,x,957,3,"Растениеводство и животноводство, охота и предоставление услуг в этих областях",ЗАПАДНО-КАЗАХСТАНСКАЯ ОБЛАСТЬ,ЖАНГАЛИНСКИЙ РАЙОН
447240,Смешанное сельское хозяйство,false,,,,16180000,920,,,94580000,1031,24110000,994,x,957,4,Смешанное сельское хозяйство,ЗАПАДНО-КАЗАХСТАНСКАЯ ОБЛАСТЬ,ЖАНГАЛИНСКИЙ РАЙОН
447241,Смешанное сельское хозяйство,true,,,,16180000,920,,,94580000,1031,24110000,994,x,957,5,Смешанное сельское хозяйство,ЗАПАДНО-КАЗАХСТАНСКАЯ ОБЛАСТЬ,ЖАНГАЛИНСКИЙ РАЙОН
448148,Строительство,false,,,,,,,,x,1031,,,,,1,Всего,ЗАПАДНО-КАЗАХСТАНСКАЯ ОБЛАСТЬ,ЖАНГАЛИНСКИЙ РАЙОН
18710963,Строительство зданий,false,,,,,,,,x,1031,,,,,2,Строительство,ЗАПАДНО-КАЗАХСТАНСКАЯ ОБЛАСТЬ,ЖАНГАЛИНСКИЙ РАЙОН
18710967,Строительство жилых и нежилых зданий,false,,,,,,,,x,1031,,,,,3,Строительство зданий,ЗАПАДНО-КАЗАХСТАНСКАЯ ОБЛАСТЬ,ЖАНГАЛИНСКИЙ РАЙОН
18710968,Строительство жилых и нежилых зданий,false,,,,,,,,x,1031,,,,,4,Строительство жилых и нежилых зданий,ЗАПАДНО-КАЗАХСТАНСКАЯ ОБЛАСТЬ,ЖАНГАЛИНСКИЙ РАЙОН
18801543,"Строительство нежилых зданий, за исключением стационарных торговых объектов категорий 1, 2",true,,,,,,,,x,1031,,,,,5,Строительство жилых и нежилых зданий,ЗАПАДНО-КАЗАХСТАНСКАЯ ОБЛАСТЬ,ЖАНГАЛИНСКИЙ РАЙОН
448215,Оптовая и розничная торговля; ремонт автомобилей и мотоциклов,false,,7236000,883,x,920,5905000,846,51000000,1031,715000,994,,,1,Всего,ЗАПАДНО-КАЗАХСТАНСКАЯ ОБЛАСТЬ,ЖАНГАЛИНСКИЙ РАЙОН
448377,"Розничная торговля, кроме торговли автомобилями и мотоциклами",false,,7236000,883,x,920,5905000,846,51000000,1031,715000,994,,,2,Оптовая и розничная торговля; ремонт автомобилей и мотоциклов,ЗАПАДНО-КАЗАХСТАНСКАЯ ОБЛАСТЬ,ЖАНГАЛИНСКИЙ РАЙОН
448378,Розничная торговля в неспециализированных магазинах,false,,,,,,,,51000000,1031,,,,,3,"Розничная торговля, кроме торговли автомобилями и мотоциклами",ЗАПАДНО-КАЗАХСТАНСКАЯ ОБЛАСТЬ,ЖАНГАЛИНСКИЙ РАЙОН
448379,"Розничная торговля в неспециализированных магазинах преимущественно продуктами питания, напитками и табачными изделиями",false,,,,,,,,51000000,1031,,,,,4,Розничная торговля в неспециализированных магазинах,ЗАПАДНО-КАЗАХСТАНСКАЯ ОБЛАСТЬ,ЖАНГАЛИНСКИЙ РАЙОН
3647934,"Розничная торговля преимущественно продуктами питания, напитками и табачными изделиями в неспециализированных магазинах, являющихся торговыми объектами, с торговой площадью менее 2000 кв.м ",true,,,,,,,,51000000,1031,,,,,5,"Розничная торговля в неспециализированных магазинах преимущественно продуктами питания, напитками и табачными изделиями",ЗАПАДНО-КАЗАХСТАНСКАЯ ОБЛАСТЬ,ЖАНГАЛИНСКИЙ РАЙОН
448399,Розничная торговля топливом в специализированных магазинах,false,,7236000,883,x,920,5905000,846,,,715000,994,,,3,"Розничная торговля, кроме торговли автомобилями и мотоциклами",ЗАПАДНО-КАЗАХСТАНСКАЯ ОБЛАСТЬ,ЖАНГАЛИНСКИЙ РАЙОН
448400,Розничная торговля топливом в специализированных магазинах,false,,7236000,883,x,920,5905000,846,,,715000,994,,,4,Розничная торговля топливом в специализированных магазинах,ЗАПАДНО-КАЗАХСТАНСКАЯ ОБЛАСТЬ,ЖАНГАЛИНСКИЙ РАЙОН
20576124,"Розничная торговля моторным топливом в специализированных магазинах, за исключением находящихся на придорожной полосе",true,,7236000,883,,,,,,,715000,994,,,5,Розничная торговля топливом в специализированных магазинах,ЗАПАДНО-КАЗАХСТАНСКАЯ ОБЛАСТЬ,ЖАНГАЛИНСКИЙ РАЙОН
18951442,Розничная торговля моторным топливом в специализированных магазинах,true,,,,,,5905000,846,,,,,,,5,Розничная торговля топливом в специализированных магазинах,ЗАПАДНО-КАЗАХСТАНСКАЯ ОБЛАСТЬ,ЖАНГАЛИНСКИЙ РАЙОН
20576126,"Розничная торговля моторным топливом в специализированных магазинах, находящихся на придорожной полосе",true,,,,x,920,,,,,,,,,5,Розничная торговля топливом в специализированных магазинах,ЗАПАДНО-КАЗАХСТАНСКАЯ ОБЛАСТЬ,ЖАНГАЛИНСКИЙ РАЙОН
448475,Транспорт и складирование,false,,120708000,883,2179658000,920,321437000,846,7464981000,1031,4019158000,994,2334754000,957,1,Всего,ЗАПАДНО-КАЗАХСТАНСКАЯ ОБЛАСТЬ,ЖАНГАЛИНСКИЙ РАЙОН
448476,Деятельность сухопутного и трубопроводного транспорта ,false,,120708000,883,x,920,319937000,846,764231000,1031,1592687000,994,x,957,2,Транспорт и складирование,ЗАПАДНО-КАЗАХСТАНСКАЯ ОБЛАСТЬ,ЖАНГАЛИНСКИЙ РАЙОН
448499,Деятельность трубопроводного транспорта,false,,120708000,883,x,920,319937000,846,764231000,1031,1592687000,994,x,957,3,Деятельность сухопутного и трубопроводного транспорта ,ЗАПАДНО-КАЗАХСТАНСКАЯ ОБЛАСТЬ,ЖАНГАЛИНСКИЙ РАЙОН
448500,Деятельность трубопроводного транспорта,false,,120708000,883,x,920,319937000,846,764231000,1031,1592687000,994,x,957,4,Деятельность трубопроводного транспорта,ЗАПАДНО-КАЗАХСТАНСКАЯ ОБЛАСТЬ,ЖАНГАЛИНСКИЙ РАЙОН
448501,Деятельность трубопроводного транспорта,true,,120708000,883,x,920,319937000,846,764231000,1031,1592687000,994,x,957,5,Деятельность трубопроводного транспорта,ЗАПАДНО-КАЗАХСТАНСКАЯ ОБЛАСТЬ,ЖАНГАЛИНСКИЙ РАЙОН
448527,Складирование грузов и вспомогательная транспортная деятельность,false,,,,2110555000,920,1500000,846,6700750000,1031,2426471000,994,2220854000,957,2,Транспорт и складирование,ЗАПАДНО-КАЗАХСТАНСКАЯ ОБЛАСТЬ,ЖАНГАЛИНСКИЙ РАЙОН
448528,Складирование и хранение грузов,false,,,,,,,,x,1031,,,,,3,Складирование грузов и вспомогательная транспортная деятельность,ЗАПАДНО-КАЗАХСТАНСКАЯ ОБЛАСТЬ,ЖАНГАЛИНСКИЙ РАЙОН
448529,Складирование и хранение грузов,false,,,,,,,,x,1031,,,,,4,Складирование и хранение грузов,ЗАПАДНО-КАЗАХСТАНСКАЯ ОБЛАСТЬ,ЖАНГАЛИНСКИЙ РАЙОН
448530,Складирование и хранение зерна,true,,,,,,,,x,1031,,,,,5,Складирование и хранение грузов,ЗАПАДНО-КАЗАХСТАНСКАЯ ОБЛАСТЬ,ЖАНГАЛИНСКИЙ РАЙОН
448533,Вспомогательная транспортная деятельность,false,,,,2110555000,920,1500000,846,6683200000,1031,2426471000,994,2220854000,957,3,Складирование грузов и вспомогательная транспортная деятельность,ЗАПАДНО-КАЗАХСТАНСКАЯ ОБЛАСТЬ,ЖАНГАЛИНСКИЙ РАЙОН
448534,Вспомогательная деятельность сухопутного транспорта,false,,,,2110555000,920,1500000,846,6683200000,1031,2426471000,994,2220854000,957,4,Вспомогательная транспортная деятельность,ЗАПАДНО-КАЗАХСТАНСКАЯ ОБЛАСТЬ,ЖАНГАЛИНСКИЙ РАЙОН
448536,Эксплуатация автомобильных дорог,true,,,,2110555000,920,1500000,846,6683200000,1031,2426471000,994,2220854000,957,5,Вспомогательная деятельность сухопутного транспорта,ЗАПАДНО-КАЗАХСТАНСКАЯ ОБЛАСТЬ,ЖАНГАЛИНСКИЙ РАЙОН
448558,Предоставление услуг по проживанию и питанию,false,,,,,,2500000,846,,,,,66000000,957,1,Всего,ЗАПАДНО-КАЗАХСТАНСКАЯ ОБЛАСТЬ,ЖАНГАЛИНСКИЙ РАЙОН
3783427,Предоставление услуг по временному проживанию,false,,,,,,2500000,846,,,,,,,2,Предоставление услуг по проживанию и питанию,ЗАПАДНО-КАЗАХСТАНСКАЯ ОБЛАСТЬ,ЖАНГАЛИНСКИЙ РАЙОН
3783432,Предоставление жилья на выходные дни и прочие периоды краткосрочного проживания,false,,,,,,2500000,846,,,,,,,3,Предоставление услуг по временному проживанию,ЗАПАДНО-КАЗАХСТАНСКАЯ ОБЛАСТЬ,ЖАНГАЛИНСКИЙ РАЙОН
3783433,Предоставление жилья на выходные дни и прочие периоды краткосрочного проживания,false,,,,,,2500000,846,,,,,,,4,Предоставление жилья на выходные дни и прочие периоды краткосрочного проживания,ЗАПАДНО-КАЗАХСТАНСКАЯ ОБЛАСТЬ,ЖАНГАЛИНСКИЙ РАЙОН
3783434,Предоставление жилья на выходные дни и прочие периоды краткосрочного проживания,true,,,,,,2500000,846,,,,,,,5,Предоставление жилья на выходные дни и прочие периоды краткосрочного проживания,ЗАПАДНО-КАЗАХСТАНСКАЯ ОБЛАСТЬ,ЖАНГАЛИНСКИЙ РАЙОН
448573,Предоставление услуг по обеспечению питанием и напитками,false,,,,,,,,,,,,66000000,957,2,Предоставление услуг по проживанию и питанию,ЗАПАДНО-КАЗАХСТАНСКАЯ ОБЛАСТЬ,ЖАНГАЛИНСКИЙ РАЙОН
448574,Деятельность ресторанов и предоставление услуг по доставке продуктов питания,false,,,,,,,,,,,,66000000,957,3,Предоставление услуг по обеспечению питанием и напитками,ЗАПАДНО-КАЗАХСТАНСКАЯ ОБЛАСТЬ,ЖАНГАЛИНСКИЙ РАЙОН
448575,Деятельность ресторанов и предоставление услуг по доставке продуктов питания,false,,,,,,,,,,,,66000000,957,4,Деятельность ресторанов и предоставление услуг по доставке продуктов питания,ЗАПАДНО-КАЗАХСТАНСКАЯ ОБЛАСТЬ,ЖАНГАЛИНСКИЙ РАЙОН
20576362,"Деятельность ресторанов и предоставление услуг по доставке продуктов питания, за исключением деятельности объектов, находящихся на придорожной полосе",true,,,,,,,,,,,,66000000,957,5,Деятельность ресторанов и предоставление услуг по доставке продуктов питания,ЗАПАДНО-КАЗАХСТАНСКАЯ ОБЛАСТЬ,ЖАНГАЛИНСКИЙ РАЙОН
448585,Информация и связь,false,,10000,883,,,109157000,846,,,,,,,1,Всего,ЗАПАДНО-КАЗАХСТАНСКАЯ ОБЛАСТЬ,ЖАНГАЛИНСКИЙ РАЙОН
448623,Телекоммуникации,false,,10000,883,,,109157000,846,,,,,,,2,Информация и связь,ЗАПАДНО-КАЗАХСТАНСКАЯ ОБЛАСТЬ,ЖАНГАЛИНСКИЙ РАЙОН
448627,Беспроводная телекоммуникационная связь,false,,10000,883,,,109157000,846,,,,,,,3,Телекоммуникации,ЗАПАДНО-КАЗАХСТАНСКАЯ ОБЛАСТЬ,ЖАНГАЛИНСКИЙ РАЙОН
448628,Беспроводная телекоммуникационная связь,false,,10000,883,,,109157000,846,,,,,,,4,Беспроводная телекоммуникационная связь,ЗАПАДНО-КАЗАХСТАНСКАЯ ОБЛАСТЬ,ЖАНГАЛИНСКИЙ РАЙОН
18946149,Прочая беспроводная телекоммуникационная связь,true,,10000,883,,,109157000,846,,,,,,,5,Беспроводная телекоммуникационная связь,ЗАПАДНО-КАЗАХСТАНСКАЯ ОБЛАСТЬ,ЖАНГАЛИНСКИЙ РАЙОН
448658,Финансовая и страховая деятельность,false,,,,x,920,,,,,x,994,x,957,1,Всего,ЗАПАДНО-КАЗАХСТАНСКАЯ ОБЛАСТЬ,ЖАНГАЛИНСКИЙ РАЙОН
448659,"Финансовое посредничество, кроме страхования и пенсионного обеспечения",false,,,,x,920,,,,,x,994,x,957,2,Финансовая и страховая деятельность,ЗАПАДНО-КАЗАХСТАНСКАЯ ОБЛАСТЬ,ЖАНГАЛИНСКИЙ РАЙОН
448673,"Прочее финансовое посредничество, кроме страхования и пенсионного обеспечения",false,,,,x,920,,,,,x,994,x,957,3,"Финансовое посредничество, кроме страхования и пенсионного обеспечения",ЗАПАДНО-КАЗАХСТАНСКАЯ ОБЛАСТЬ,ЖАНГАЛИНСКИЙ РАЙОН
448676,Прочие виды кредитования,false,,,,x,920,,,,,x,994,x,957,4,"Прочее финансовое посредничество, кроме страхования и пенсионного обеспечения",ЗАПАДНО-КАЗАХСТАНСКАЯ ОБЛАСТЬ,ЖАНГАЛИНСКИЙ РАЙОН
448678,"Прочие виды кредитования, не включенные в другие группировки",true,,,,x,920,,,,,x,994,x,957,5,Прочие виды кредитования,ЗАПАДНО-КАЗАХСТАНСКАЯ ОБЛАСТЬ,ЖАНГАЛИНСКИЙ РАЙОН
448714,Операции с недвижимым имуществом,false,,597780000,883,1108130000,920,610110000,846,1060840000,1031,674140000,994,981670000,957,1,Всего,ЗАПАДНО-КАЗАХСТАНСКАЯ ОБЛАСТЬ,ЖАНГАЛИНСКИЙ РАЙОН
448715,Операции с недвижимым имуществом,false,,597780000,883,1108130000,920,610110000,846,1060840000,1031,674140000,994,981670000,957,2,Операции с недвижимым имуществом,ЗАПАДНО-КАЗАХСТАНСКАЯ ОБЛАСТЬ,ЖАНГАЛИНСКИЙ РАЙОН
448716,Покупка и продажа собственного недвижимого имущества ,false,,597780000,883,1108130000,920,610110000,846,1060840000,1031,674140000,994,981670000,957,3,Операции с недвижимым имуществом,ЗАПАДНО-КАЗАХСТАНСКАЯ ОБЛАСТЬ,ЖАНГАЛИНСКИЙ РАЙОН
448717,Покупка и продажа собственного недвижимого имущества ,false,,597780000,883,1108130000,920,610110000,846,1060840000,1031,674140000,994,981670000,957,4,Покупка и продажа собственного недвижимого имущества ,ЗАПАДНО-КАЗАХСТАНСКАЯ ОБЛАСТЬ,ЖАНГАЛИНСКИЙ РАЙОН
543091,Покупка и продажа многоквартирных и жилых домов (особняков),true,,597780000,883,1108130000,920,610110000,846,1060840000,1031,674140000,994,981670000,957,5,Покупка и продажа собственного недвижимого имущества ,ЗАПАДНО-КАЗАХСТАНСКАЯ ОБЛАСТЬ,ЖАНГАЛИНСКИЙ РАЙОН
448728,"Профессиональная, научная и техническая деятельность",false,,3400000,883,6800000,920,4741000,846,,,,,3613000,957,1,Всего,ЗАПАДНО-КАЗАХСТАНСКАЯ ОБЛАСТЬ,ЖАНГАЛИНСКИЙ РАЙОН
448747,"Деятельность в области архитектуры, инженерных изысканий, технических испытаний и анализа",false,,3400000,883,6800000,920,3454000,846,,,,,,,2,"Профессиональная, научная и техническая деятельность",ЗАПАДНО-КАЗАХСТАНСКАЯ ОБЛАСТЬ,ЖАНГАЛИНСКИЙ РАЙОН
448748,"Деятельность в области архитектуры, инженерных изысканий и предоставление технических консультаций в этих областях",false,,3400000,883,6800000,920,3454000,846,,,,,,,3,"Деятельность в области архитектуры, инженерных изысканий, технических испытаний и анализа",ЗАПАДНО-КАЗАХСТАНСКАЯ ОБЛАСТЬ,ЖАНГАЛИНСКИЙ РАЙОН
448749,Деятельность в области архитектуры,false,,3400000,883,6800000,920,3454000,846,,,,,,,4,"Деятельность в области архитектуры, инженерных изысканий и предоставление технических консультаций в этих областях",ЗАПАДНО-КАЗАХСТАНСКАЯ ОБЛАСТЬ,ЖАНГАЛИНСКИЙ РАЙОН
18951462,"Деятельность в области архитектуры, за исключением объектов атомной промышленности и атомной энергетики  ",true,,3400000,883,6800000,920,3454000,846,,,,,,,5,Деятельность в области архитектуры,ЗАПАДНО-КАЗАХСТАНСКАЯ ОБЛАСТЬ,ЖАНГАЛИНСКИЙ РАЙОН
448761,Научные исследования и разработки,false,,,,,,1287000,846,,,,,,,2,"Профессиональная, научная и техническая деятельность",ЗАПАДНО-КАЗАХСТАНСКАЯ ОБЛАСТЬ,ЖАНГАЛИНСКИЙ РАЙОН
448762,Научные исследования и экспериментальные разработки в области естественных и технических наук ,false,,,,,,1287000,846,,,,,,,3,Научные исследования и разработки,ЗАПАДНО-КАЗАХСТАНСКАЯ ОБЛАСТЬ,ЖАНГАЛИНСКИЙ РАЙОН
448765,Прочие научные исследования и экспериментальные разработки в области естественных и технических наук ,false,,,,,,1287000,846,,,,,,,4,Научные исследования и экспериментальные разработки в области естественных и технических наук ,ЗАПАДНО-КАЗАХСТАНСКАЯ ОБЛАСТЬ,ЖАНГАЛИНСКИЙ РАЙОН
18946182,"Научные исследования и экспериментальные разработки в области проектирования, строительства, ремонта, содержания и диагностики автомобильных дорог и мостовых сооружений",true,,,,,,1287000,846,,,,,,,5,Прочие научные исследования и экспериментальные разработки в области естественных и технических наук ,ЗАПАДНО-КАЗАХСТАНСКАЯ ОБЛАСТЬ,ЖАНГАЛИНСКИЙ РАЙОН
448793,Ветеринарная деятельность,false,,,,,,,,,,,,3613000,957,2,"Профессиональная, научная и техническая деятельность",ЗАПАДНО-КАЗАХСТАНСКАЯ ОБЛАСТЬ,ЖАНГАЛИНСКИЙ РАЙОН
448794,Ветеринарная деятельность,false,,,,,,,,,,,,3613000,957,3,Ветеринарная деятельность,ЗАПАДНО-КАЗАХСТАНСКАЯ ОБЛАСТЬ,ЖАНГАЛИНСКИЙ РАЙОН
448795,Ветеринарная деятельность,false,,,,,,,,,,,,3613000,957,4,Ветеринарная деятельность,ЗАПАДНО-КАЗАХСТАНСКАЯ ОБЛАСТЬ,ЖАНГАЛИНСКИЙ РАЙОН
448796,Ветеринарная деятельность,true,,,,,,,,,,,,3613000,957,5,Ветеринарная деятельность,ЗАПАДНО-КАЗАХСТАНСКАЯ ОБЛАСТЬ,ЖАНГАЛИНСКИЙ РАЙОН
448797,Деятельность в области административного и вспомогательного обслуживания,false,,25745000,883,,,,,242719000,1031,,,,,1,Всего,ЗАПАДНО-КАЗАХСТАНСКАЯ ОБЛАСТЬ,ЖАНГАЛИНСКИЙ РАЙОН
448856,Деятельность по обслуживанию зданий и благоустройству территорий,false,,25745000,883,,,,,242719000,1031,,,,,2,Деятельность в области административного и вспомогательного обслуживания,ЗАПАДНО-КАЗАХСТАНСКАЯ ОБЛАСТЬ,ЖАНГАЛИНСКИЙ РАЙОН
448867,Деятельность по благоустройству территорий,false,,25745000,883,,,,,242719000,1031,,,,,3,Деятельность по обслуживанию зданий и благоустройству территорий,ЗАПАДНО-КАЗАХСТАНСКАЯ ОБЛАСТЬ,ЖАНГАЛИНСКИЙ РАЙОН
448868,Деятельность по благоустройству территорий,false,,25745000,883,,,,,242719000,1031,,,,,4,Деятельность по благоустройству территорий,ЗАПАДНО-КАЗАХСТАНСКАЯ ОБЛАСТЬ,ЖАНГАЛИНСКИЙ РАЙОН
448869,Деятельность по благоустройству территорий,true,,25745000,883,,,,,242719000,1031,,,,,5,Деятельность по благоустройству территорий,ЗАПАДНО-КАЗАХСТАНСКАЯ ОБЛАСТЬ,ЖАНГАЛИНСКИЙ РАЙОН
448889,Государственное управление и оборона; обязательное  социальное обеспечение,false,,33737000,883,36722000,920,x,846,,,180214000,994,6402000,957,1,Всего,ЗАПАДНО-КАЗАХСТАНСКАЯ ОБЛАСТЬ,ЖАНГАЛИНСКИЙ РАЙОН
448890,Государственное управление и оборона; обязательное социальное обеспечение,false,,33737000,883,36722000,920,x,846,,,180214000,994,6402000,957,2,Государственное управление и оборона; обязательное  социальное обеспечение,ЗАПАДНО-КАЗАХСТАНСКАЯ ОБЛАСТЬ,ЖАНГАЛИНСКИЙ РАЙОН
448891,Государственное управление общего характера и управление социально-экономическое политикой общества,false,,9401000,883,36722000,920,x,846,,,180214000,994,6402000,957,3,Государственное управление и оборона; обязательное социальное обеспечение,ЗАПАДНО-КАЗАХСТАНСКАЯ ОБЛАСТЬ,ЖАНГАЛИНСКИЙ РАЙОН
448892,Государственное управление общего характера,false,,6407000,883,36002000,920,x,846,,,19625000,994,4595000,957,4,Государственное управление общего характера и управление социально-экономическое политикой общества,ЗАПАДНО-КАЗАХСТАНСКАЯ ОБЛАСТЬ,ЖАНГАЛИНСКИЙ РАЙОН
448895,Деятельность местных органов управления,true,,x,883,1618000,920,x,846,,,17298000,994,1603000,957,5,Государственное управление общего характера,ЗАПАДНО-КАЗАХСТАНСКАЯ ОБЛАСТЬ,ЖАНГАЛИНСКИЙ РАЙОН
448896,Деятельность сельских и поселковых органов управления,true,,1982000,883,34384000,920,,,,,2327000,994,x,957,5,Государственное управление общего характера,ЗАПАДНО-КАЗАХСТАНСКАЯ ОБЛАСТЬ,ЖАНГАЛИНСКИЙ РАЙОН
448900,"Регулирование деятельности учреждений здравоохранения, образования, культуры и других социальных услуг, кроме социального обеспечения ",false,,2157000,883,328000,920,,,,,x,994,1185000,957,4,Государственное управление общего характера и управление социально-экономическое политикой общества,ЗАПАДНО-КАЗАХСТАНСКАЯ ОБЛАСТЬ,ЖАНГАЛИНСКИЙ РАЙОН
448901,"Регулирование деятельности учреждений здравоохранения, образования, культуры и других социальных услуг, кроме социального обеспечения ",true,,2157000,883,328000,920,,,,,x,994,1185000,957,5,"Регулирование деятельности учреждений здравоохранения, образования, культуры и других социальных услуг, кроме социального обеспечения ",ЗАПАДНО-КАЗАХСТАНСКАЯ ОБЛАСТЬ,ЖАНГАЛИНСКИЙ РАЙОН
448902,Регулирование и содействие эффективному ведению экономической деятельности,false,,x,883,x,920,,,,,x,994,622000,957,4,Государственное управление общего характера и управление социально-экономическое политикой общества,ЗАПАДНО-КАЗАХСТАНСКАЯ ОБЛАСТЬ,ЖАНГАЛИНСКИЙ РАЙОН
448903,Регулирование и содействие эффективному ведению экономической деятельности,true,,x,883,x,920,,,,,x,994,622000,957,5,Регулирование и содействие эффективному ведению экономической деятельности,ЗАПАДНО-КАЗАХСТАНСКАЯ ОБЛАСТЬ,ЖАНГАЛИНСКИЙ РАЙОН
448904,Предоставление государством услуг обществу в целом,false,,x,883,,,,,,,,,,,3,Государственное управление и оборона; обязательное социальное обеспечение,ЗАПАДНО-КАЗАХСТАНСКАЯ ОБЛАСТЬ,ЖАНГАЛИНСКИЙ РАЙОН
448907,Оборонная деятельность,false,,x,883,,,,,,,,,,,4,Предоставление государством услуг обществу в целом,ЗАПАДНО-КАЗАХСТАНСКАЯ ОБЛАСТЬ,ЖАНГАЛИНСКИЙ РАЙОН
448908,Оборонная деятельность,true,,x,883,,,,,,,,,,,5,Оборонная деятельность,ЗАПАДНО-КАЗАХСТАНСКАЯ ОБЛАСТЬ,ЖАНГАЛИНСКИЙ РАЙОН
448918,Образование,false,,896961000,883,16151000,920,94376000,846,730112000,1031,134294000,994,290981000,957,1,Всего,ЗАПАДНО-КАЗАХСТАНСКАЯ ОБЛАСТЬ,ЖАНГАЛИНСКИЙ РАЙОН
448919,Образование,false,,896961000,883,16151000,920,94376000,846,730112000,1031,134294000,994,290981000,957,2,Образование,ЗАПАДНО-КАЗАХСТАНСКАЯ ОБЛАСТЬ,ЖАНГАЛИНСКИЙ РАЙОН
448920,Дошкольное образование,false,,1588000,883,2226000,920,,,,,569000,994,1191000,957,3,Образование,ЗАПАДНО-КАЗАХСТАНСКАЯ ОБЛАСТЬ,ЖАНГАЛИНСКИЙ РАЙОН
448921,Дошкольное образование,false,,1588000,883,2226000,920,,,,,569000,994,1191000,957,4,Дошкольное образование,ЗАПАДНО-КАЗАХСТАНСКАЯ ОБЛАСТЬ,ЖАНГАЛИНСКИЙ РАЙОН
448922,Дошкольное образование,true,,1588000,883,2226000,920,,,,,569000,994,1191000,957,5,Дошкольное образование,ЗАПАДНО-КАЗАХСТАНСКАЯ ОБЛАСТЬ,ЖАНГАЛИНСКИЙ РАЙОН
448926,Среднее образование (2-й и 3-й уровни),false,,777507000,883,13184000,920,94376000,846,730112000,1031,119316000,994,113625000,957,3,Образование,ЗАПАДНО-КАЗАХСТАНСКАЯ ОБЛАСТЬ,ЖАНГАЛИНСКИЙ РАЙОН
448927,Основное и общее среднее образование,false,,777507000,883,13184000,920,94376000,846,730112000,1031,119316000,994,113625000,957,4,Среднее образование (2-й и 3-й уровни),ЗАПАДНО-КАЗАХСТАНСКАЯ ОБЛАСТЬ,ЖАНГАЛИНСКИЙ РАЙОН
448928,Основное и общее среднее образование,true,,777507000,883,13184000,920,94376000,846,730112000,1031,119316000,994,113625000,957,5,Основное и общее среднее образование,ЗАПАДНО-КАЗАХСТАНСКАЯ ОБЛАСТЬ,ЖАНГАЛИНСКИЙ РАЙОН
448937,Прочие виды образования,false,,117866000,883,741000,920,,,,,14409000,994,176165000,957,3,Образование,ЗАПАДНО-КАЗАХСТАНСКАЯ ОБЛАСТЬ,ЖАНГАЛИНСКИЙ РАЙОН
448938,Образование в области спорта и отдыха,false,,117866000,883,741000,920,,,,,13147000,994,175871000,957,4,Прочие виды образования,ЗАПАДНО-КАЗАХСТАНСКАЯ ОБЛАСТЬ,ЖАНГАЛИНСКИЙ РАЙОН
448939,Образование в области спорта и отдыха,true,,117866000,883,741000,920,,,,,13147000,994,175871000,957,5,Образование в области спорта и отдыха,ЗАПАДНО-КАЗАХСТАНСКАЯ ОБЛАСТЬ,ЖАНГАЛИНСКИЙ РАЙОН
448940,Образование в области культуры,false,,,,,,,,,,1262000,994,294000,957,4,Прочие виды образования,ЗАПАДНО-КАЗАХСТАНСКАЯ ОБЛАСТЬ,ЖАНГАЛИНСКИЙ РАЙОН
448941,Образование в области культуры,true,,,,,,,,,,1262000,994,294000,957,5,Образование в области культуры,ЗАПАДНО-КАЗАХСТАНСКАЯ ОБЛАСТЬ,ЖАНГАЛИНСКИЙ РАЙОН
448950,Здравоохранение и социальное обслуживание населения,false,,,,86575000,920,94122000,846,1197457000,1031,555773000,994,18573000,957,1,Всего,ЗАПАДНО-КАЗАХСТАНСКАЯ ОБЛАСТЬ,ЖАНГАЛИНСКИЙ РАЙОН
448951,Деятельность в области здравоохранения,false,,,,86575000,920,94122000,846,1197457000,1031,555773000,994,18573000,957,2,Здравоохранение и социальное обслуживание населения,ЗАПАДНО-КАЗАХСТАНСКАЯ ОБЛАСТЬ,ЖАНГАЛИНСКИЙ РАЙОН
448952,Деятельность больничных организаций,false,,,,86575000,920,94122000,846,708340000,1031,520523000,994,13413000,957,3,Деятельность в области здравоохранения,ЗАПАДНО-КАЗАХСТАНСКАЯ ОБЛАСТЬ,ЖАНГАЛИНСКИЙ РАЙОН
448953,Деятельность больничных организаций,false,,,,86575000,920,94122000,846,708340000,1031,520523000,994,13413000,957,4,Деятельность больничных организаций,ЗАПАДНО-КАЗАХСТАНСКАЯ ОБЛАСТЬ,ЖАНГАЛИНСКИЙ РАЙОН
448954,Деятельность больниц широкого профиля и специализированных больниц,true,,,,75281000,920,85357000,846,391745000,1031,316950000,994,,,5,Деятельность больничных организаций,ЗАПАДНО-КАЗАХСТАНСКАЯ ОБЛАСТЬ,ЖАНГАЛИНСКИЙ РАЙОН
448958,"Деятельность других лечебных учреждений, имеющих стационары",true,,,,11294000,920,8765000,846,316595000,1031,203573000,994,13413000,957,5,Деятельность больничных организаций,ЗАПАДНО-КАЗАХСТАНСКАЯ ОБЛАСТЬ,ЖАНГАЛИНСКИЙ РАЙОН
448959,Деятельность в области врачебной практики и стоматологии,false,,,,,,,,489117000,1031,35250000,994,5160000,957,3,Деятельность в области здравоохранения,ЗАПАДНО-КАЗАХСТАНСКАЯ ОБЛАСТЬ,ЖАНГАЛИНСКИЙ РАЙОН
448960,Общая врачебная практика,false,,,,,,,,489117000,1031,35250000,994,5160000,957,4,Деятельность в области врачебной практики и стоматологии,ЗАПАДНО-КАЗАХСТАНСКАЯ ОБЛАСТЬ,ЖАНГАЛИНСКИЙ РАЙОН
448961,Общая врачебная практика,true,,,,,,,,489117000,1031,35250000,994,5160000,957,5,Общая врачебная практика,ЗАПАДНО-КАЗАХСТАНСКАЯ ОБЛАСТЬ,ЖАНГАЛИНСКИЙ РАЙОН
448991,"Искусство, развлечения и отдых",false,,320120000,883,112843000,920,254127000,846,258742000,1031,395412000,994,267453000,957,1,Всего,ЗАПАДНО-КАЗАХСТАНСКАЯ ОБЛАСТЬ,ЖАНГАЛИНСКИЙ РАЙОН
449004,"Деятельность библиотек, архивов, музеев и прочая деятельность в области культуры",false,,2058000,883,,,,,,,,,,,2,"Искусство, развлечения и отдых",ЗАПАДНО-КАЗАХСТАНСКАЯ ОБЛАСТЬ,ЖАНГАЛИНСКИЙ РАЙОН
449005,"Деятельность библиотек, архивов, музеев и прочая деятельность в области культуры",false,,2058000,883,,,,,,,,,,,3,"Деятельность библиотек, архивов, музеев и прочая деятельность в области культуры",ЗАПАДНО-КАЗАХСТАНСКАЯ ОБЛАСТЬ,ЖАНГАЛИНСКИЙ РАЙОН
449006,Деятельность библиотек и архивов,false,,2058000,883,,,,,,,,,,,4,"Деятельность библиотек, архивов, музеев и прочая деятельность в области культуры",ЗАПАДНО-КАЗАХСТАНСКАЯ ОБЛАСТЬ,ЖАНГАЛИНСКИЙ РАЙОН
449008,"Библиотечная деятельность, включая деятельность читальных залов, лекториев, демонстрационных залов",true,,2058000,883,,,,,,,,,,,5,Деятельность библиотек и архивов,ЗАПАДНО-КАЗАХСТАНСКАЯ ОБЛАСТЬ,ЖАНГАЛИНСКИЙ РАЙОН
449022,"Деятельность в области спорта, организации отдыха и развлечений",false,,318062000,883,112843000,920,254127000,846,258742000,1031,395412000,994,267453000,957,2,"Искусство, развлечения и отдых",ЗАПАДНО-КАЗАХСТАНСКАЯ ОБЛАСТЬ,ЖАНГАЛИНСКИЙ РАЙОН
449023,Деятельность в области спорта,false,,x,883,,,248004000,846,215376000,1031,,,,,3,"Деятельность в области спорта, организации отдыха и развлечений",ЗАПАДНО-КАЗАХСТАНСКАЯ ОБЛАСТЬ,ЖАНГАЛИНСКИЙ РАЙОН
449024,Эксплуатация спортивных сооружений,false,,x,883,,,x,846,,,,,,,4,Деятельность в области спорта,ЗАПАДНО-КАЗАХСТАНСКАЯ ОБЛАСТЬ,ЖАНГАЛИНСКИЙ РАЙОН
449025,Эксплуатация спортивных сооружений,true,,x,883,,,x,846,,,,,,,5,Эксплуатация спортивных сооружений,ЗАПАДНО-КАЗАХСТАНСКАЯ ОБЛАСТЬ,ЖАНГАЛИНСКИЙ РАЙОН
449026,Деятельность спортивных клубов,false,,,,,,x,846,215376000,1031,,,,,4,Деятельность в области спорта,ЗАПАДНО-КАЗАХСТАНСКАЯ ОБЛАСТЬ,ЖАНГАЛИНСКИЙ РАЙОН
449027,Деятельность спортивных клубов,true,,,,,,x,846,215376000,1031,,,,,5,Деятельность спортивных клубов,ЗАПАДНО-КАЗАХСТАНСКАЯ ОБЛАСТЬ,ЖАНГАЛИНСКИЙ РАЙОН
449032,Деятельность по организации отдыха и развлечений,false,,163830000,883,112843000,920,6123000,846,43366000,1031,395412000,994,267453000,957,3,"Деятельность в области спорта, организации отдыха и развлечений",ЗАПАДНО-КАЗАХСТАНСКАЯ ОБЛАСТЬ,ЖАНГАЛИНСКИЙ РАЙОН
449035,Прочая деятельность по организации отдыха и развлечений,false,,163830000,883,112843000,920,6123000,846,43366000,1031,395412000,994,267453000,957,4,Деятельность по организации отдыха и развлечений,ЗАПАДНО-КАЗАХСТАНСКАЯ ОБЛАСТЬ,ЖАНГАЛИНСКИЙ РАЙОН
449039,Прочие виды деятельности по организации отдыха и развлечений,true,,163830000,883,112843000,920,6123000,846,43366000,1031,395412000,994,267453000,957,5,Прочая деятельность по организации отдыха и развлечений,ЗАПАДНО-КАЗАХСТАНСКАЯ ОБЛАСТЬ,ЖАНГАЛИНСКИЙ РАЙОН
741340,Промышленность,false,,930145000,883,1494320000,920,72232000,846,17734000,1031,98787000,994,62141000,957,1,Всего,ЗАПАДНО-КАЗАХСТАНСКАЯ ОБЛАСТЬ,ЖАНГАЛИНСКИЙ РАЙОН
448090,"Снабжение электроэнергией, газом, паром, горячей водой и кондиционированным воздухом",false,,91055000,883,291884000,920,45154000,846,4467000,1031,98617000,994,50410000,957,2,Промышленность,ЗАПАДНО-КАЗАХСТАНСКАЯ ОБЛАСТЬ,ЖАНГАЛИНСКИЙ РАЙОН
448091,"Снабжение электроэнергией, газом, паром, горячей водой и кондиционированным воздухом",false,,91055000,883,291884000,920,45154000,846,4467000,1031,98617000,994,50410000,957,3,"Снабжение электроэнергией, газом, паром, горячей водой и кондиционированным воздухом",ЗАПАДНО-КАЗАХСТАНСКАЯ ОБЛАСТЬ,ЖАНГАЛИНСКИЙ РАЙОН
448092,"Производство, передача и распределение электроэнергии",false,,,,124174000,920,35650000,846,4467000,1031,,,2322000,957,4,"Снабжение электроэнергией, газом, паром, горячей водой и кондиционированным воздухом",ЗАПАДНО-КАЗАХСТАНСКАЯ ОБЛАСТЬ,ЖАНГАЛИНСКИЙ РАЙОН
448100,Распределение электроэнергии,false,,,,124174000,920,35650000,846,4467000,1031,,,2322000,957,5,"Производство, передача и распределение электроэнергии",ЗАПАДНО-КАЗАХСТАНСКАЯ ОБЛАСТЬ,ЖАНГАЛИНСКИЙ РАЙОН
448104,Производство и распределение газообразного топлива по трубопроводам,false,,,,167710000,920,9504000,846,,,98617000,994,48088000,957,4,"Снабжение электроэнергией, газом, паром, горячей водой и кондиционированным воздухом",ЗАПАДНО-КАЗАХСТАНСКАЯ ОБЛАСТЬ,ЖАНГАЛИНСКИЙ РАЙОН
448107,Распределение газообразного топлива по трубопроводам,false,,,,167710000,920,9504000,846,,,98617000,994,48088000,957,5,Производство и распределение газообразного топлива по трубопроводам,ЗАПАДНО-КАЗАХСТАНСКАЯ ОБЛАСТЬ,ЖАНГАЛИНСКИЙ РАЙОН
448111,"Снабжение паром, горячей водой и кондиционированным воздухом",false,,91055000,883,,,,,,,,,,,4,"Снабжение электроэнергией, газом, паром, горячей водой и кондиционированным воздухом",ЗАПАДНО-КАЗАХСТАНСКАЯ ОБЛАСТЬ,ЖАНГАЛИНСКИЙ РАЙОН
448112,"Снабжение паром, горячей водой и кондиционированным воздухом",false,,91055000,883,,,,,,,,,,,5,"Снабжение паром, горячей водой и кондиционированным воздухом",ЗАПАДНО-КАЗАХСТАНСКАЯ ОБЛАСТЬ,ЖАНГАЛИНСКИЙ РАЙОН
448117,"Водоснабжение; сбор, обработка и удаление отходов, деятельность по ликвидации загрязнений",false,,839090000,883,1202436000,920,27078000,846,13267000,1031,170000,994,11731000,957,2,Промышленность,ЗАПАДНО-КАЗАХСТАНСКАЯ ОБЛАСТЬ,ЖАНГАЛИНСКИЙ РАЙОН
448118,"Сбор, обработка и распределение воды",false,,839090000,883,199858000,920,27078000,846,13267000,1031,170000,994,11731000,957,3,"Водоснабжение; сбор, обработка и удаление отходов, деятельность по ликвидации загрязнений",ЗАПАДНО-КАЗАХСТАНСКАЯ ОБЛАСТЬ,ЖАНГАЛИНСКИЙ РАЙОН
448119,"Сбор, обработка и распределение воды",false,,839090000,883,199858000,920,27078000,846,13267000,1031,170000,994,11731000,957,4,"Сбор, обработка и распределение воды",ЗАПАДНО-КАЗАХСТАНСКАЯ ОБЛАСТЬ,ЖАНГАЛИНСКИЙ РАЙОН
448120,"Сбор, обработка и распределение воды",false,,839090000,883,199858000,920,27078000,846,13267000,1031,170000,994,11731000,957,5,"Сбор, обработка и распределение воды",ЗАПАДНО-КАЗАХСТАНСКАЯ ОБЛАСТЬ,ЖАНГАЛИНСКИЙ РАЙОН
448122,Сбор и обработка сточных вод,false,,,,1002578000,920,,,,,,,,,3,"Водоснабжение; сбор, обработка и удаление отходов, деятельность по ликвидации загрязнений",ЗАПАДНО-КАЗАХСТАНСКАЯ ОБЛАСТЬ,ЖАНГАЛИНСКИЙ РАЙОН
448123,Сбор и обработка сточных вод,false,,,,1002578000,920,,,,,,,,,4,Сбор и обработка сточных вод,ЗАПАДНО-КАЗАХСТАНСКАЯ ОБЛАСТЬ,ЖАНГАЛИНСКИЙ РАЙОН
448124,Сбор и обработка сточных вод,false,,,,1002578000,920,,,,,,,,,5,Сбор и обработка сточных вод,ЗАПАДНО-КАЗАХСТАНСКАЯ ОБЛАСТЬ,ЖАНГАЛИНСКИЙ РАЙОН
741885,Всего,false,,3750914000,883,4668832000,920,1762699000,846,10880283000,1031,10059240000,994,8670225000,957,0,,ЗАПАДНО-КАЗАХСТАНСКАЯ ОБЛАСТЬ,ЖАНИБЕКСКИЙ РАЙОН
447173,"Сельское, лесное и рыбное хозяйство",false,,509847000,883,218958000,920,604127000,846,849491000,1031,911684000,994,679698000,957,1,Всего,ЗАПАДНО-КАЗАХСТАНСКАЯ ОБЛАСТЬ,ЖАНИБЕКСКИЙ РАЙОН
447174,"Растениеводство и животноводство, охота и предоставление услуг в этих областях",false,,509847000,883,218958000,920,604127000,846,849491000,1031,911684000,994,679698000,957,2,"Сельское, лесное и рыбное хозяйство",ЗАПАДНО-КАЗАХСТАНСКАЯ ОБЛАСТЬ,ЖАНИБЕКСКИЙ РАЙОН
447196,Выращивание многолетних культур,false,,,,,,,,9250000,1031,,,,,3,"Растениеводство и животноводство, охота и предоставление услуг в этих областях",ЗАПАДНО-КАЗАХСТАНСКАЯ ОБЛАСТЬ,ЖАНИБЕКСКИЙ РАЙОН
447213,Выращивание прочих многолетних культур,false,,,,,,,,9250000,1031,,,,,4,Выращивание многолетних культур,ЗАПАДНО-КАЗАХСТАНСКАЯ ОБЛАСТЬ,ЖАНИБЕКСКИЙ РАЙОН
447214,Выращивание прочих многолетних культур,true,,,,,,,,9250000,1031,,,,,5,Выращивание прочих многолетних культур,ЗАПАДНО-КАЗАХСТАНСКАЯ ОБЛАСТЬ,ЖАНИБЕКСКИЙ РАЙОН
447218,Животноводство,false,,,,7500000,920,x,846,272975000,1031,73642000,994,x,957,3,"Растениеводство и животноводство, охота и предоставление услуг в этих областях",ЗАПАДНО-КАЗАХСТАНСКАЯ ОБЛАСТЬ,ЖАНИБЕКСКИЙ РАЙОН
447219,Разведение крупного рогатого скота молочного направления,false,,,,,,,,265640000,1031,23232000,994,,,4,Животноводство,ЗАПАДНО-КАЗАХСТАНСКАЯ ОБЛАСТЬ,ЖАНИБЕКСКИЙ РАЙОН
447220,Разведение крупного рогатого скота молочного направления,true,,,,,,,,265640000,1031,23232000,994,,,5,Разведение крупного рогатого скота молочного направления,ЗАПАДНО-КАЗАХСТАНСКАЯ ОБЛАСТЬ,ЖАНИБЕКСКИЙ РАЙОН
447221,Разведение прочего крупного рогатого скота и буйволов,false,,,,7500000,920,x,846,4771000,1031,46910000,994,x,957,4,Животноводство,ЗАПАДНО-КАЗАХСТАНСКАЯ ОБЛАСТЬ,ЖАНИБЕКСКИЙ РАЙОН
447222,Разведение прочего крупного рогатого скота и буйволов,true,,,,7500000,920,x,846,4771000,1031,46910000,994,x,957,5,Разведение прочего крупного рогатого скота и буйволов,ЗАПАДНО-КАЗАХСТАНСКАЯ ОБЛАСТЬ,ЖАНИБЕКСКИЙ РАЙОН
447237,Разведение прочих видов животных,false,,,,,,,,2564000,1031,3500000,994,,,4,Животноводство,ЗАПАДНО-КАЗАХСТАНСКАЯ ОБЛАСТЬ,ЖАНИБЕКСКИЙ РАЙОН
447238,Разведение прочих видов животных,true,,,,,,,,2564000,1031,3500000,994,,,5,Разведение прочих видов животных,ЗАПАДНО-КАЗАХСТАНСКАЯ ОБЛАСТЬ,ЖАНИБЕКСКИЙ РАЙОН
447239,Смешанное сельское хозяйство,false,,509847000,883,211458000,920,601037000,846,565466000,1031,838042000,994,662323000,957,3,"Растениеводство и животноводство, охота и предоставление услуг в этих областях",ЗАПАДНО-КАЗАХСТАНСКАЯ ОБЛАСТЬ,ЖАНИБЕКСКИЙ РАЙОН
447240,Смешанное сельское хозяйство,false,,509847000,883,211458000,920,601037000,846,565466000,1031,838042000,994,662323000,957,4,Смешанное сельское хозяйство,ЗАПАДНО-КАЗАХСТАНСКАЯ ОБЛАСТЬ,ЖАНИБЕКСКИЙ РАЙОН
447241,Смешанное сельское хозяйство,true,,509847000,883,211458000,920,601037000,846,565466000,1031,838042000,994,662323000,957,5,Смешанное сельское хозяйство,ЗАПАДНО-КАЗАХСТАНСКАЯ ОБЛАСТЬ,ЖАНИБЕКСКИЙ РАЙОН
18683346,"Деятельность, способствующая выращиванию сельскохозяйственных культур и разведению животных и деятельность по обработке урожая",false,,,,,,,,1800000,1031,,,,,3,"Растениеводство и животноводство, охота и предоставление услуг в этих областях",ЗАПАДНО-КАЗАХСТАНСКАЯ ОБЛАСТЬ,ЖАНИБЕКСКИЙ РАЙОН
18683350,"Деятельность, способствующая животноводству",false,,,,,,,,1800000,1031,,,,,4,"Деятельность, способствующая выращиванию сельскохозяйственных культур и разведению животных и деятельность по обработке урожая",ЗАПАДНО-КАЗАХСТАНСКАЯ ОБЛАСТЬ,ЖАНИБЕКСКИЙ РАЙОН
18683351,"Деятельность, способствующая животноводству",true,,,,,,,,1800000,1031,,,,,5,"Деятельность, способствующая животноводству",ЗАПАДНО-КАЗАХСТАНСКАЯ ОБЛАСТЬ,ЖАНИБЕКСКИЙ РАЙОН
448148,Строительство,false,,,,,,,,25950000,1031,,,,,1,Всего,ЗАПАДНО-КАЗАХСТАНСКАЯ ОБЛАСТЬ,ЖАНИБЕКСКИЙ РАЙОН
448157,Гражданское строительство,false,,,,,,,,25950000,1031,,,,,2,Строительство,ЗАПАДНО-КАЗАХСТАНСКАЯ ОБЛАСТЬ,ЖАНИБЕКСКИЙ РАЙОН
448158,Строительство автомобильных и железных дорог,false,,,,,,,,25950000,1031,,,,,3,Гражданское строительство,ЗАПАДНО-КАЗАХСТАНСКАЯ ОБЛАСТЬ,ЖАНИБЕКСКИЙ РАЙОН
18696143,Строительство автомобильных дорог,false,,,,,,,,25950000,1031,,,,,4,Строительство автомобильных и железных дорог,ЗАПАДНО-КАЗАХСТАНСКАЯ ОБЛАСТЬ,ЖАНИБЕКСКИЙ РАЙОН
18946136,Строительство дорог и автомагистралей,true,,,,,,,,25950000,1031,,,,,5,Строительство автомобильных дорог,ЗАПАДНО-КАЗАХСТАНСКАЯ ОБЛАСТЬ,ЖАНИБЕКСКИЙ РАЙОН
448215,Оптовая и розничная торговля; ремонт автомобилей и мотоциклов,false,,35910000,883,,,,,732967000,1031,,,,,1,Всего,ЗАПАДНО-КАЗАХСТАНСКАЯ ОБЛАСТЬ,ЖАНИБЕКСКИЙ РАЙОН
448237,"Оптовая торговля, за исключением торговли автомобилями и мотоциклами",false,,,,,,,,732967000,1031,,,,,2,Оптовая и розничная торговля; ремонт автомобилей и мотоциклов,ЗАПАДНО-КАЗАХСТАНСКАЯ ОБЛАСТЬ,ЖАНИБЕКСКИЙ РАЙОН
448331,Прочая специализированная оптовая торговля ,false,,,,,,,,732967000,1031,,,,,3,"Оптовая торговля, за исключением торговли автомобилями и мотоциклами",ЗАПАДНО-КАЗАХСТАНСКАЯ ОБЛАСТЬ,ЖАНИБЕКСКИЙ РАЙОН
448347,"Оптовая торговля лесоматериалами, строительными материалами и санитарно-техническим оборудованием",false,,,,,,,,732967000,1031,,,,,4,Прочая специализированная оптовая торговля ,ЗАПАДНО-КАЗАХСТАНСКАЯ ОБЛАСТЬ,ЖАНИБЕКСКИЙ РАЙОН
448349,"Оптовая торговля цементом, песком и гравием",true,,,,,,,,732967000,1031,,,,,5,"Оптовая торговля лесоматериалами, строительными материалами и санитарно-техническим оборудованием",ЗАПАДНО-КАЗАХСТАНСКАЯ ОБЛАСТЬ,ЖАНИБЕКСКИЙ РАЙОН
448377,"Розничная торговля, кроме торговли автомобилями и мотоциклами",false,,35910000,883,,,,,,,,,,,2,Оптовая и розничная торговля; ремонт автомобилей и мотоциклов,ЗАПАДНО-КАЗАХСТАНСКАЯ ОБЛАСТЬ,ЖАНИБЕКСКИЙ РАЙОН
448378,Розничная торговля в неспециализированных магазинах,false,,35910000,883,,,,,,,,,,,3,"Розничная торговля, кроме торговли автомобилями и мотоциклами",ЗАПАДНО-КАЗАХСТАНСКАЯ ОБЛАСТЬ,ЖАНИБЕКСКИЙ РАЙОН
448381,Прочая розничная торговля в неспециализированных магазинах,false,,35910000,883,,,,,,,,,,,4,Розничная торговля в неспециализированных магазинах,ЗАПАДНО-КАЗАХСТАНСКАЯ ОБЛАСТЬ,ЖАНИБЕКСКИЙ РАЙОН
3647936,"Прочая розничная торговля в неспециализированных магазинах, являющихся торговыми объектами, с торговой площадью менее 2000 кв.м ",true,,35910000,883,,,,,,,,,,,5,Прочая розничная торговля в неспециализированных магазинах,ЗАПАДНО-КАЗАХСТАНСКАЯ ОБЛАСТЬ,ЖАНИБЕКСКИЙ РАЙОН
448475,Транспорт и складирование,false,,1218645000,883,3193715000,920,220722000,846,6654668000,1031,6416399000,994,7713993000,957,1,Всего,ЗАПАДНО-КАЗАХСТАНСКАЯ ОБЛАСТЬ,ЖАНИБЕКСКИЙ РАЙОН
448476,Деятельность сухопутного и трубопроводного транспорта ,false,,15228000,883,x,920,x,846,33253000,1031,,,x,957,2,Транспорт и складирование,ЗАПАДНО-КАЗАХСТАНСКАЯ ОБЛАСТЬ,ЖАНИБЕКСКИЙ РАЙОН
448494,Деятельность грузового автомобильного транспорта и предоставление услуг по переезду ,false,,,,,,x,846,,,,,,,3,Деятельность сухопутного и трубопроводного транспорта ,ЗАПАДНО-КАЗАХСТАНСКАЯ ОБЛАСТЬ,ЖАНИБЕКСКИЙ РАЙОН
448495,Деятельность грузового автомобильного транспорта,false,,,,,,x,846,,,,,,,4,Деятельность грузового автомобильного транспорта и предоставление услуг по переезду ,ЗАПАДНО-КАЗАХСТАНСКАЯ ОБЛАСТЬ,ЖАНИБЕКСКИЙ РАЙОН
448496,Деятельность грузового автомобильного транспорта,true,,,,,,x,846,,,,,,,5,Деятельность грузового автомобильного транспорта,ЗАПАДНО-КАЗАХСТАНСКАЯ ОБЛАСТЬ,ЖАНИБЕКСКИЙ РАЙОН
448499,Деятельность трубопроводного транспорта,false,,15228000,883,x,920,,,33253000,1031,,,x,957,3,Деятельность сухопутного и трубопроводного транспорта ,ЗАПАДНО-КАЗАХСТАНСКАЯ ОБЛАСТЬ,ЖАНИБЕКСКИЙ РАЙОН
448500,Деятельность трубопроводного транспорта,false,,15228000,883,x,920,,,33253000,1031,,,x,957,4,Деятельность трубопроводного транспорта,ЗАПАДНО-КАЗАХСТАНСКАЯ ОБЛАСТЬ,ЖАНИБЕКСКИЙ РАЙОН
448501,Деятельность трубопроводного транспорта,true,,15228000,883,x,920,,,33253000,1031,,,x,957,5,Деятельность трубопроводного транспорта,ЗАПАДНО-КАЗАХСТАНСКАЯ ОБЛАСТЬ,ЖАНИБЕКСКИЙ РАЙОН
448527,Складирование грузов и вспомогательная транспортная деятельность,false,,1203417000,883,3125525000,920,198632000,846,6621415000,1031,6416399000,994,7664161000,957,2,Транспорт и складирование,ЗАПАДНО-КАЗАХСТАНСКАЯ ОБЛАСТЬ,ЖАНИБЕКСКИЙ РАЙОН
448533,Вспомогательная транспортная деятельность,false,,1203417000,883,3125525000,920,198632000,846,6621415000,1031,6416399000,994,7664161000,957,3,Складирование грузов и вспомогательная транспортная деятельность,ЗАПАДНО-КАЗАХСТАНСКАЯ ОБЛАСТЬ,ЖАНИБЕКСКИЙ РАЙОН
448534,Вспомогательная деятельность сухопутного транспорта,false,,1203417000,883,3125525000,920,198632000,846,6621415000,1031,6416399000,994,7664161000,957,4,Вспомогательная транспортная деятельность,ЗАПАДНО-КАЗАХСТАНСКАЯ ОБЛАСТЬ,ЖАНИБЕКСКИЙ РАЙОН
448536,Эксплуатация автомобильных дорог,true,,1203417000,883,3125525000,920,198632000,846,6621415000,1031,6416399000,994,7664161000,957,5,Вспомогательная деятельность сухопутного транспорта,ЗАПАДНО-КАЗАХСТАНСКАЯ ОБЛАСТЬ,ЖАНИБЕКСКИЙ РАЙОН
448585,Информация и связь,false,,93000,883,,,460455000,846,1800000,1031,14052000,994,,,1,Всего,ЗАПАДНО-КАЗАХСТАНСКАЯ ОБЛАСТЬ,ЖАНИБЕКСКИЙ РАЙОН
448623,Телекоммуникации,false,,93000,883,,,460455000,846,1800000,1031,14052000,994,,,2,Информация и связь,ЗАПАДНО-КАЗАХСТАНСКАЯ ОБЛАСТЬ,ЖАНИБЕКСКИЙ РАЙОН
448627,Беспроводная телекоммуникационная связь,false,,93000,883,,,460455000,846,1800000,1031,14052000,994,,,3,Телекоммуникации,ЗАПАДНО-КАЗАХСТАНСКАЯ ОБЛАСТЬ,ЖАНИБЕКСКИЙ РАЙОН
448628,Беспроводная телекоммуникационная связь,false,,93000,883,,,460455000,846,1800000,1031,14052000,994,,,4,Беспроводная телекоммуникационная связь,ЗАПАДНО-КАЗАХСТАНСКАЯ ОБЛАСТЬ,ЖАНИБЕКСКИЙ РАЙОН
18946147,Беспроводная телекоммуникационная связь посредством единой транспортной среды,true,,,,,,,,,,14052000,994,,,5,Беспроводная телекоммуникационная связь,ЗАПАДНО-КАЗАХСТАНСКАЯ ОБЛАСТЬ,ЖАНИБЕКСКИЙ РАЙОН
18946149,Прочая беспроводная телекоммуникационная связь,true,,93000,883,,,460455000,846,1800000,1031,,,,,5,Беспроводная телекоммуникационная связь,ЗАПАДНО-КАЗАХСТАНСКАЯ ОБЛАСТЬ,ЖАНИБЕКСКИЙ РАЙОН
448714,Операции с недвижимым имуществом,false,,282409000,883,294188000,920,128587000,846,540108000,1031,418529000,994,157085000,957,1,Всего,ЗАПАДНО-КАЗАХСТАНСКАЯ ОБЛАСТЬ,ЖАНИБЕКСКИЙ РАЙОН
448715,Операции с недвижимым имуществом,false,,282409000,883,294188000,920,128587000,846,540108000,1031,418529000,994,157085000,957,2,Операции с недвижимым имуществом,ЗАПАДНО-КАЗАХСТАНСКАЯ ОБЛАСТЬ,ЖАНИБЕКСКИЙ РАЙОН
448716,Покупка и продажа собственного недвижимого имущества ,false,,282409000,883,294188000,920,128587000,846,540108000,1031,418529000,994,157085000,957,3,Операции с недвижимым имуществом,ЗАПАДНО-КАЗАХСТАНСКАЯ ОБЛАСТЬ,ЖАНИБЕКСКИЙ РАЙОН
448717,Покупка и продажа собственного недвижимого имущества ,false,,282409000,883,294188000,920,128587000,846,540108000,1031,418529000,994,157085000,957,4,Покупка и продажа собственного недвижимого имущества ,ЗАПАДНО-КАЗАХСТАНСКАЯ ОБЛАСТЬ,ЖАНИБЕКСКИЙ РАЙОН
543091,Покупка и продажа многоквартирных и жилых домов (особняков),true,,282409000,883,294188000,920,128587000,846,540108000,1031,418529000,994,157085000,957,5,Покупка и продажа собственного недвижимого имущества ,ЗАПАДНО-КАЗАХСТАНСКАЯ ОБЛАСТЬ,ЖАНИБЕКСКИЙ РАЙОН
448728,"Профессиональная, научная и техническая деятельность",false,,6512000,883,1680000,920,7649000,846,15754000,1031,498000,994,1019000,957,1,Всего,ЗАПАДНО-КАЗАХСТАНСКАЯ ОБЛАСТЬ,ЖАНИБЕКСКИЙ РАЙОН
448747,"Деятельность в области архитектуры, инженерных изысканий, технических испытаний и анализа",false,,5738000,883,1680000,920,7649000,846,,,,,,,2,"Профессиональная, научная и техническая деятельность",ЗАПАДНО-КАЗАХСТАНСКАЯ ОБЛАСТЬ,ЖАНИБЕКСКИЙ РАЙОН
448748,"Деятельность в области архитектуры, инженерных изысканий и предоставление технических консультаций в этих областях",false,,5738000,883,1680000,920,7649000,846,,,,,,,3,"Деятельность в области архитектуры, инженерных изысканий, технических испытаний и анализа",ЗАПАДНО-КАЗАХСТАНСКАЯ ОБЛАСТЬ,ЖАНИБЕКСКИЙ РАЙОН
448749,Деятельность в области архитектуры,false,,5738000,883,1680000,920,7649000,846,,,,,,,4,"Деятельность в области архитектуры, инженерных изысканий и предоставление технических консультаций в этих областях",ЗАПАДНО-КАЗАХСТАНСКАЯ ОБЛАСТЬ,ЖАНИБЕКСКИЙ РАЙОН
18951462,"Деятельность в области архитектуры, за исключением объектов атомной промышленности и атомной энергетики  ",true,,5738000,883,1680000,920,7649000,846,,,,,,,5,Деятельность в области архитектуры,ЗАПАДНО-КАЗАХСТАНСКАЯ ОБЛАСТЬ,ЖАНИБЕКСКИЙ РАЙОН
448793,Ветеринарная деятельность,false,,774000,883,,,,,15754000,1031,498000,994,1019000,957,2,"Профессиональная, научная и техническая деятельность",ЗАПАДНО-КАЗАХСТАНСКАЯ ОБЛАСТЬ,ЖАНИБЕКСКИЙ РАЙОН
448794,Ветеринарная деятельность,false,,774000,883,,,,,15754000,1031,498000,994,1019000,957,3,Ветеринарная деятельность,ЗАПАДНО-КАЗАХСТАНСКАЯ ОБЛАСТЬ,ЖАНИБЕКСКИЙ РАЙОН
448795,Ветеринарная деятельность,false,,774000,883,,,,,15754000,1031,498000,994,1019000,957,4,Ветеринарная деятельность,ЗАПАДНО-КАЗАХСТАНСКАЯ ОБЛАСТЬ,ЖАНИБЕКСКИЙ РАЙОН
448796,Ветеринарная деятельность,true,,774000,883,,,,,15754000,1031,498000,994,1019000,957,5,Ветеринарная деятельность,ЗАПАДНО-КАЗАХСТАНСКАЯ ОБЛАСТЬ,ЖАНИБЕКСКИЙ РАЙОН
448797,Деятельность в области административного и вспомогательного обслуживания,false,,x,883,26241000,920,,,,,x,994,x,957,1,Всего,ЗАПАДНО-КАЗАХСТАНСКАЯ ОБЛАСТЬ,ЖАНИБЕКСКИЙ РАЙОН
448856,Деятельность по обслуживанию зданий и благоустройству территорий,false,,x,883,26241000,920,,,,,x,994,x,957,2,Деятельность в области административного и вспомогательного обслуживания,ЗАПАДНО-КАЗАХСТАНСКАЯ ОБЛАСТЬ,ЖАНИБЕКСКИЙ РАЙОН
448867,Деятельность по благоустройству территорий,false,,x,883,26241000,920,,,,,x,994,x,957,3,Деятельность по обслуживанию зданий и благоустройству территорий,ЗАПАДНО-КАЗАХСТАНСКАЯ ОБЛАСТЬ,ЖАНИБЕКСКИЙ РАЙОН
448868,Деятельность по благоустройству территорий,false,,x,883,26241000,920,,,,,x,994,x,957,4,Деятельность по благоустройству территорий,ЗАПАДНО-КАЗАХСТАНСКАЯ ОБЛАСТЬ,ЖАНИБЕКСКИЙ РАЙОН
448869,Деятельность по благоустройству территорий,true,,x,883,26241000,920,,,,,x,994,x,957,5,Деятельность по благоустройству территорий,ЗАПАДНО-КАЗАХСТАНСКАЯ ОБЛАСТЬ,ЖАНИБЕКСКИЙ РАЙОН
448889,Государственное управление и оборона; обязательное  социальное обеспечение,false,,242978000,883,20916000,920,13823000,846,193332000,1031,11112000,994,16611000,957,1,Всего,ЗАПАДНО-КАЗАХСТАНСКАЯ ОБЛАСТЬ,ЖАНИБЕКСКИЙ РАЙОН
448890,Государственное управление и оборона; обязательное социальное обеспечение,false,,242978000,883,20916000,920,13823000,846,193332000,1031,11112000,994,16611000,957,2,Государственное управление и оборона; обязательное  социальное обеспечение,ЗАПАДНО-КАЗАХСТАНСКАЯ ОБЛАСТЬ,ЖАНИБЕКСКИЙ РАЙОН
448891,Государственное управление общего характера и управление социально-экономическое политикой общества,false,,242978000,883,20916000,920,13823000,846,193332000,1031,11112000,994,16611000,957,3,Государственное управление и оборона; обязательное социальное обеспечение,ЗАПАДНО-КАЗАХСТАНСКАЯ ОБЛАСТЬ,ЖАНИБЕКСКИЙ РАЙОН
448892,Государственное управление общего характера,false,,21252000,883,16454000,920,5916000,846,83700000,1031,10774000,994,12536000,957,4,Государственное управление общего характера и управление социально-экономическое политикой общества,ЗАПАДНО-КАЗАХСТАНСКАЯ ОБЛАСТЬ,ЖАНИБЕКСКИЙ РАЙОН
448895,Деятельность местных органов управления,true,,x,883,x,920,,,32059000,1031,7524000,994,x,957,5,Государственное управление общего характера,ЗАПАДНО-КАЗАХСТАНСКАЯ ОБЛАСТЬ,ЖАНИБЕКСКИЙ РАЙОН
448896,Деятельность сельских и поселковых органов управления,true,,3052000,883,680000,920,5916000,846,51641000,1031,3250000,994,427000,957,5,Государственное управление общего характера,ЗАПАДНО-КАЗАХСТАНСКАЯ ОБЛАСТЬ,ЖАНИБЕКСКИЙ РАЙОН
448900,"Регулирование деятельности учреждений здравоохранения, образования, культуры и других социальных услуг, кроме социального обеспечения ",false,,143476000,883,x,920,3654000,846,100532000,1031,,,x,957,4,Государственное управление общего характера и управление социально-экономическое политикой общества,ЗАПАДНО-КАЗАХСТАНСКАЯ ОБЛАСТЬ,ЖАНИБЕКСКИЙ РАЙОН
448901,"Регулирование деятельности учреждений здравоохранения, образования, культуры и других социальных услуг, кроме социального обеспечения ",true,,143476000,883,x,920,3654000,846,100532000,1031,,,x,957,5,"Регулирование деятельности учреждений здравоохранения, образования, культуры и других социальных услуг, кроме социального обеспечения ",ЗАПАДНО-КАЗАХСТАНСКАЯ ОБЛАСТЬ,ЖАНИБЕКСКИЙ РАЙОН
448902,Регулирование и содействие эффективному ведению экономической деятельности,false,,78250000,883,387000,920,4253000,846,9100000,1031,338000,994,,,4,Государственное управление общего характера и управление социально-экономическое политикой общества,ЗАПАДНО-КАЗАХСТАНСКАЯ ОБЛАСТЬ,ЖАНИБЕКСКИЙ РАЙОН
448903,Регулирование и содействие эффективному ведению экономической деятельности,true,,78250000,883,387000,920,4253000,846,9100000,1031,338000,994,,,5,Регулирование и содействие эффективному ведению экономической деятельности,ЗАПАДНО-КАЗАХСТАНСКАЯ ОБЛАСТЬ,ЖАНИБЕКСКИЙ РАЙОН
448918,Образование,false,,709850000,883,70577000,920,51806000,846,27795000,1031,1305495000,994,14219000,957,1,Всего,ЗАПАДНО-КАЗАХСТАНСКАЯ ОБЛАСТЬ,ЖАНИБЕКСКИЙ РАЙОН
448919,Образование,false,,709850000,883,70577000,920,51806000,846,27795000,1031,1305495000,994,14219000,957,2,Образование,ЗАПАДНО-КАЗАХСТАНСКАЯ ОБЛАСТЬ,ЖАНИБЕКСКИЙ РАЙОН
448920,Дошкольное образование,false,,52222000,883,741000,920,2623000,846,16514000,1031,10887000,994,2563000,957,3,Образование,ЗАПАДНО-КАЗАХСТАНСКАЯ ОБЛАСТЬ,ЖАНИБЕКСКИЙ РАЙОН
448921,Дошкольное образование,false,,52222000,883,741000,920,2623000,846,16514000,1031,10887000,994,2563000,957,4,Дошкольное образование,ЗАПАДНО-КАЗАХСТАНСКАЯ ОБЛАСТЬ,ЖАНИБЕКСКИЙ РАЙОН
448922,Дошкольное образование,true,,52222000,883,741000,920,2623000,846,16514000,1031,10887000,994,2563000,957,5,Дошкольное образование,ЗАПАДНО-КАЗАХСТАНСКАЯ ОБЛАСТЬ,ЖАНИБЕКСКИЙ РАЙОН
448926,Среднее образование (2-й и 3-й уровни),false,,654976000,883,65676000,920,46428000,846,9748000,1031,1293113000,994,x,957,3,Образование,ЗАПАДНО-КАЗАХСТАНСКАЯ ОБЛАСТЬ,ЖАНИБЕКСКИЙ РАЙОН
448927,Основное и общее среднее образование,false,,x,883,,,46428000,846,9748000,1031,1289791000,994,x,957,4,Среднее образование (2-й и 3-й уровни),ЗАПАДНО-КАЗАХСТАНСКАЯ ОБЛАСТЬ,ЖАНИБЕКСКИЙ РАЙОН
448928,Основное и общее среднее образование,true,,x,883,,,46428000,846,9748000,1031,1289791000,994,x,957,5,Основное и общее среднее образование,ЗАПАДНО-КАЗАХСТАНСКАЯ ОБЛАСТЬ,ЖАНИБЕКСКИЙ РАЙОН
448929,Техническое и профессиональное среднее образование,false,,213517000,883,65676000,920,,,,,3322000,994,,,4,Среднее образование (2-й и 3-й уровни),ЗАПАДНО-КАЗАХСТАНСКАЯ ОБЛАСТЬ,ЖАНИБЕКСКИЙ РАЙОН
448931,Среднее специальное образование,true,,213517000,883,65676000,920,,,,,3322000,994,,,5,Техническое и профессиональное среднее образование,ЗАПАДНО-КАЗАХСТАНСКАЯ ОБЛАСТЬ,ЖАНИБЕКСКИЙ РАЙОН
448937,Прочие виды образования,false,,2652000,883,4160000,920,2755000,846,1533000,1031,1495000,994,2451000,957,3,Образование,ЗАПАДНО-КАЗАХСТАНСКАЯ ОБЛАСТЬ,ЖАНИБЕКСКИЙ РАЙОН
448938,Образование в области спорта и отдыха,false,,180000,883,3000000,920,324000,846,,,,,470000,957,4,Прочие виды образования,ЗАПАДНО-КАЗАХСТАНСКАЯ ОБЛАСТЬ,ЖАНИБЕКСКИЙ РАЙОН
448939,Образование в области спорта и отдыха,true,,180000,883,3000000,920,324000,846,,,,,470000,957,5,Образование в области спорта и отдыха,ЗАПАДНО-КАЗАХСТАНСКАЯ ОБЛАСТЬ,ЖАНИБЕКСКИЙ РАЙОН
448940,Образование в области культуры,false,,1688000,883,129000,920,1722000,846,,,845000,994,1981000,957,4,Прочие виды образования,ЗАПАДНО-КАЗАХСТАНСКАЯ ОБЛАСТЬ,ЖАНИБЕКСКИЙ РАЙОН
448941,Образование в области культуры,true,,1688000,883,129000,920,1722000,846,,,845000,994,1981000,957,5,Образование в области культуры,ЗАПАДНО-КАЗАХСТАНСКАЯ ОБЛАСТЬ,ЖАНИБЕКСКИЙ РАЙОН
448944,"Прочие виды образования, не включенные в другие группировки",false,,784000,883,1031000,920,709000,846,1533000,1031,650000,994,,,4,Прочие виды образования,ЗАПАДНО-КАЗАХСТАНСКАЯ ОБЛАСТЬ,ЖАНИБЕКСКИЙ РАЙОН
448946,"Прочая деятельность в области образования, не включенная в другие группировки",true,,784000,883,1031000,920,709000,846,1533000,1031,650000,994,,,5,"Прочие виды образования, не включенные в другие группировки",ЗАПАДНО-КАЗАХСТАНСКАЯ ОБЛАСТЬ,ЖАНИБЕКСКИЙ РАЙОН
448950,Здравоохранение и социальное обслуживание населения,false,,,,133123000,920,26436000,846,285963000,1031,739681000,994,13893000,957,1,Всего,ЗАПАДНО-КАЗАХСТАНСКАЯ ОБЛАСТЬ,ЖАНИБЕКСКИЙ РАЙОН
448951,Деятельность в области здравоохранения,false,,,,133123000,920,26436000,846,285963000,1031,739681000,994,13893000,957,2,Здравоохранение и социальное обслуживание населения,ЗАПАДНО-КАЗАХСТАНСКАЯ ОБЛАСТЬ,ЖАНИБЕКСКИЙ РАЙОН
448952,Деятельность больничных организаций,false,,,,133123000,920,26436000,846,285963000,1031,739681000,994,13893000,957,3,Деятельность в области здравоохранения,ЗАПАДНО-КАЗАХСТАНСКАЯ ОБЛАСТЬ,ЖАНИБЕКСКИЙ РАЙОН
448953,Деятельность больничных организаций,false,,,,133123000,920,26436000,846,285963000,1031,739681000,994,13893000,957,4,Деятельность больничных организаций,ЗАПАДНО-КАЗАХСТАНСКАЯ ОБЛАСТЬ,ЖАНИБЕКСКИЙ РАЙОН
448954,Деятельность больниц широкого профиля и специализированных больниц,true,,,,133123000,920,26436000,846,127895000,1031,346170000,994,4219000,957,5,Деятельность больничных организаций,ЗАПАДНО-КАЗАХСТАНСКАЯ ОБЛАСТЬ,ЖАНИБЕКСКИЙ РАЙОН
448958,"Деятельность других лечебных учреждений, имеющих стационары",true,,,,,,,,158068000,1031,393511000,994,9674000,957,5,Деятельность больничных организаций,ЗАПАДНО-КАЗАХСТАНСКАЯ ОБЛАСТЬ,ЖАНИБЕКСКИЙ РАЙОН
448991,"Искусство, развлечения и отдых",false,,263500000,883,448014000,920,167395000,846,42613000,1031,8671000,994,1398000,957,1,Всего,ЗАПАДНО-КАЗАХСТАНСКАЯ ОБЛАСТЬ,ЖАНИБЕКСКИЙ РАЙОН
449004,"Деятельность библиотек, архивов, музеев и прочая деятельность в области культуры",false,,,,,,,,7800000,1031,2700000,994,,,2,"Искусство, развлечения и отдых",ЗАПАДНО-КАЗАХСТАНСКАЯ ОБЛАСТЬ,ЖАНИБЕКСКИЙ РАЙОН
449005,"Деятельность библиотек, архивов, музеев и прочая деятельность в области культуры",false,,,,,,,,7800000,1031,2700000,994,,,3,"Деятельность библиотек, архивов, музеев и прочая деятельность в области культуры",ЗАПАДНО-КАЗАХСТАНСКАЯ ОБЛАСТЬ,ЖАНИБЕКСКИЙ РАЙОН
449006,Деятельность библиотек и архивов,false,,,,,,,,7800000,1031,2700000,994,,,4,"Деятельность библиотек, архивов, музеев и прочая деятельность в области культуры",ЗАПАДНО-КАЗАХСТАНСКАЯ ОБЛАСТЬ,ЖАНИБЕКСКИЙ РАЙОН
449008,"Библиотечная деятельность, включая деятельность читальных залов, лекториев, демонстрационных залов",true,,,,,,,,7800000,1031,,,,,5,Деятельность библиотек и архивов,ЗАПАДНО-КАЗАХСТАНСКАЯ ОБЛАСТЬ,ЖАНИБЕКСКИЙ РАЙОН
449009,Деятельность архивов,true,,,,,,,,,,2700000,994,,,5,Деятельность библиотек и архивов,ЗАПАДНО-КАЗАХСТАНСКАЯ ОБЛАСТЬ,ЖАНИБЕКСКИЙ РАЙОН
449022,"Деятельность в области спорта, организации отдыха и развлечений",false,,263500000,883,448014000,920,167395000,846,34813000,1031,5971000,994,1398000,957,2,"Искусство, развлечения и отдых",ЗАПАДНО-КАЗАХСТАНСКАЯ ОБЛАСТЬ,ЖАНИБЕКСКИЙ РАЙОН
449023,Деятельность в области спорта,false,,218630000,883,274319000,920,158099000,846,17156000,1031,4134000,994,1398000,957,3,"Деятельность в области спорта, организации отдыха и развлечений",ЗАПАДНО-КАЗАХСТАНСКАЯ ОБЛАСТЬ,ЖАНИБЕКСКИЙ РАЙОН
449024,Эксплуатация спортивных сооружений,false,,218630000,883,274319000,920,158099000,846,,,,,,,4,Деятельность в области спорта,ЗАПАДНО-КАЗАХСТАНСКАЯ ОБЛАСТЬ,ЖАНИБЕКСКИЙ РАЙОН
449025,Эксплуатация спортивных сооружений,true,,218630000,883,274319000,920,158099000,846,,,,,,,5,Эксплуатация спортивных сооружений,ЗАПАДНО-КАЗАХСТАНСКАЯ ОБЛАСТЬ,ЖАНИБЕКСКИЙ РАЙОН
449026,Деятельность спортивных клубов,false,,,,,,,,17156000,1031,4134000,994,1398000,957,4,Деятельность в области спорта,ЗАПАДНО-КАЗАХСТАНСКАЯ ОБЛАСТЬ,ЖАНИБЕКСКИЙ РАЙОН
449027,Деятельность спортивных клубов,true,,,,,,,,17156000,1031,4134000,994,1398000,957,5,Деятельность спортивных клубов,ЗАПАДНО-КАЗАХСТАНСКАЯ ОБЛАСТЬ,ЖАНИБЕКСКИЙ РАЙОН
449032,Деятельность по организации отдыха и развлечений,false,,44870000,883,173695000,920,9296000,846,17657000,1031,1837000,994,,,3,"Деятельность в области спорта, организации отдыха и развлечений",ЗАПАДНО-КАЗАХСТАНСКАЯ ОБЛАСТЬ,ЖАНИБЕКСКИЙ РАЙОН
449035,Прочая деятельность по организации отдыха и развлечений,false,,44870000,883,173695000,920,9296000,846,17657000,1031,1837000,994,,,4,Деятельность по организации отдыха и развлечений,ЗАПАДНО-КАЗАХСТАНСКАЯ ОБЛАСТЬ,ЖАНИБЕКСКИЙ РАЙОН
449039,Прочие виды деятельности по организации отдыха и развлечений,true,,44870000,883,173695000,920,9296000,846,17657000,1031,1837000,994,,,5,Прочая деятельность по организации отдыха и развлечений,ЗАПАДНО-КАЗАХСТАНСКАЯ ОБЛАСТЬ,ЖАНИБЕКСКИЙ РАЙОН
741340,Промышленность,false,,436382000,883,261420000,920,81699000,846,1509842000,1031,191306000,994,29133000,957,1,Всего,ЗАПАДНО-КАЗАХСТАНСКАЯ ОБЛАСТЬ,ЖАНИБЕКСКИЙ РАЙОН
448090,"Снабжение электроэнергией, газом, паром, горячей водой и кондиционированным воздухом",false,,,,20707000,920,1000000,846,35889000,1031,10779000,994,x,957,2,Промышленность,ЗАПАДНО-КАЗАХСТАНСКАЯ ОБЛАСТЬ,ЖАНИБЕКСКИЙ РАЙОН
448091,"Снабжение электроэнергией, газом, паром, горячей водой и кондиционированным воздухом",false,,,,20707000,920,1000000,846,35889000,1031,10779000,994,x,957,3,"Снабжение электроэнергией, газом, паром, горячей водой и кондиционированным воздухом",ЗАПАДНО-КАЗАХСТАНСКАЯ ОБЛАСТЬ,ЖАНИБЕКСКИЙ РАЙОН
448092,"Производство, передача и распределение электроэнергии",false,,,,7224000,920,1000000,846,9508000,1031,3616000,994,,,4,"Снабжение электроэнергией, газом, паром, горячей водой и кондиционированным воздухом",ЗАПАДНО-КАЗАХСТАНСКАЯ ОБЛАСТЬ,ЖАНИБЕКСКИЙ РАЙОН
448098,Передача электроэнергии,false,,,,7224000,920,,,,,,,,,5,"Производство, передача и распределение электроэнергии",ЗАПАДНО-КАЗАХСТАНСКАЯ ОБЛАСТЬ,ЖАНИБЕКСКИЙ РАЙОН
448100,Распределение электроэнергии,false,,,,,,1000000,846,9508000,1031,3616000,994,,,5,"Производство, передача и распределение электроэнергии",ЗАПАДНО-КАЗАХСТАНСКАЯ ОБЛАСТЬ,ЖАНИБЕКСКИЙ РАЙОН
448104,Производство и распределение газообразного топлива по трубопроводам,false,,,,13483000,920,,,26381000,1031,7163000,994,x,957,4,"Снабжение электроэнергией, газом, паром, горячей водой и кондиционированным воздухом",ЗАПАДНО-КАЗАХСТАНСКАЯ ОБЛАСТЬ,ЖАНИБЕКСКИЙ РАЙОН
448107,Распределение газообразного топлива по трубопроводам,false,,,,13483000,920,,,26381000,1031,7163000,994,x,957,5,Производство и распределение газообразного топлива по трубопроводам,ЗАПАДНО-КАЗАХСТАНСКАЯ ОБЛАСТЬ,ЖАНИБЕКСКИЙ РАЙОН
448117,"Водоснабжение; сбор, обработка и удаление отходов, деятельность по ликвидации загрязнений",false,,436382000,883,240713000,920,80699000,846,1473953000,1031,180527000,994,x,957,2,Промышленность,ЗАПАДНО-КАЗАХСТАНСКАЯ ОБЛАСТЬ,ЖАНИБЕКСКИЙ РАЙОН
448118,"Сбор, обработка и распределение воды",false,,436382000,883,240713000,920,80699000,846,1473953000,1031,180527000,994,x,957,3,"Водоснабжение; сбор, обработка и удаление отходов, деятельность по ликвидации загрязнений",ЗАПАДНО-КАЗАХСТАНСКАЯ ОБЛАСТЬ,ЖАНИБЕКСКИЙ РАЙОН
448119,"Сбор, обработка и распределение воды",false,,436382000,883,240713000,920,80699000,846,1473953000,1031,180527000,994,x,957,4,"Сбор, обработка и распределение воды",ЗАПАДНО-КАЗАХСТАНСКАЯ ОБЛАСТЬ,ЖАНИБЕКСКИЙ РАЙОН
448120,"Сбор, обработка и распределение воды",false,,436382000,883,240713000,920,80699000,846,1473953000,1031,180527000,994,x,957,5,"Сбор, обработка и распределение воды",ЗАПАДНО-КАЗАХСТАНСКАЯ ОБЛАСТЬ,ЖАНИБЕКСКИЙ РАЙОН
741885,Всего,false,,34653302000,883,50582607000,920,143927415000,846,68344205000,1031,40248655000,994,42439714000,957,0,,ЗАПАДНО-КАЗАХСТАНСКАЯ ОБЛАСТЬ,РАЙОН БӘЙТЕРЕК
447173,"Сельское, лесное и рыбное хозяйство",false,,12398444000,883,22248336000,920,1568341000,846,3176991000,1031,7527054000,994,5273255000,957,1,Всего,ЗАПАДНО-КАЗАХСТАНСКАЯ ОБЛАСТЬ,РАЙОН БӘЙТЕРЕК
447174,"Растениеводство и животноводство, охота и предоставление услуг в этих областях",false,,12398444000,883,22248336000,920,1568341000,846,3176991000,1031,7527054000,994,5273255000,957,2,"Сельское, лесное и рыбное хозяйство",ЗАПАДНО-КАЗАХСТАНСКАЯ ОБЛАСТЬ,РАЙОН БӘЙТЕРЕК
447175,Выращивание одно- или двухлетних культур,false,,11329258000,883,20462926000,920,1257273000,846,2815605000,1031,4750789000,994,3395464000,957,3,"Растениеводство и животноводство, охота и предоставление услуг в этих областях",ЗАПАДНО-КАЗАХСТАНСКАЯ ОБЛАСТЬ,РАЙОН БӘЙТЕРЕК
447176,"Выращивание зерновых (кроме риса), бобовых и масличных культур",false,,2417712000,883,2344831000,920,1231250000,846,2351796000,1031,4404893000,994,3139399000,957,4,Выращивание одно- или двухлетних культур,ЗАПАДНО-КАЗАХСТАНСКАЯ ОБЛАСТЬ,РАЙОН БӘЙТЕРЕК
3783380,"Выращивание зерновых и зернобобовых культур, включая семеноводство",true,,2417712000,883,2344831000,920,1231250000,846,2351796000,1031,4404893000,994,3139399000,957,5,"Выращивание зерновых (кроме риса), бобовых и масличных культур",ЗАПАДНО-КАЗАХСТАНСКАЯ ОБЛАСТЬ,РАЙОН БӘЙТЕРЕК
447181,"Выращивание овощей, бахчевых, корнеплодов и клубнеплодов",false,,8867396000,883,18087686000,920,26023000,846,463809000,1031,339996000,994,256065000,957,4,Выращивание одно- или двухлетних культур,ЗАПАДНО-КАЗАХСТАНСКАЯ ОБЛАСТЬ,РАЙОН БӘЙТЕРЕК
447182,Выращивание картофеля и посадочного материала,true,,205011000,883,238680000,920,x,846,x,1031,,,213345000,957,5,"Выращивание овощей, бахчевых, корнеплодов и клубнеплодов",ЗАПАДНО-КАЗАХСТАНСКАЯ ОБЛАСТЬ,РАЙОН БӘЙТЕРЕК
447183,"Выращивание овощей, их семян и рассады",true,,8662385000,883,17849006000,920,14598000,846,197038000,1031,339996000,994,x,957,5,"Выращивание овощей, бахчевых, корнеплодов и клубнеплодов",ЗАПАДНО-КАЗАХСТАНСКАЯ ОБЛАСТЬ,РАЙОН БӘЙТЕРЕК
447192,Выращивание прочих одно- или двухлетних культур,false,,44150000,883,30409000,920,,,,,5900000,994,,,4,Выращивание одно- или двухлетних культур,ЗАПАДНО-КАЗАХСТАНСКАЯ ОБЛАСТЬ,РАЙОН БӘЙТЕРЕК
447193,Выращивание кормовых культур и их семян,true,,29600000,883,14369000,920,,,,,5900000,994,,,5,Выращивание прочих одно- или двухлетних культур,ЗАПАДНО-КАЗАХСТАНСКАЯ ОБЛАСТЬ,РАЙОН БӘЙТЕРЕК
447195,"Выращивание прочих одно- или двухлетних культур, не включенных в другие группировки",true,,14550000,883,16040000,920,,,,,,,,,5,Выращивание прочих одно- или двухлетних культур,ЗАПАДНО-КАЗАХСТАНСКАЯ ОБЛАСТЬ,РАЙОН БӘЙТЕРЕК
447196,Выращивание многолетних культур,false,,6818000,883,12646000,920,,,,,,,,,3,"Растениеводство и животноводство, охота и предоставление услуг в этих областях",ЗАПАДНО-КАЗАХСТАНСКАЯ ОБЛАСТЬ,РАЙОН БӘЙТЕРЕК
447213,Выращивание прочих многолетних культур,false,,6818000,883,12646000,920,,,,,,,,,4,Выращивание многолетних культур,ЗАПАДНО-КАЗАХСТАНСКАЯ ОБЛАСТЬ,РАЙОН БӘЙТЕРЕК
447214,Выращивание прочих многолетних культур,true,,6818000,883,12646000,920,,,,,,,,,5,Выращивание прочих многолетних культур,ЗАПАДНО-КАЗАХСТАНСКАЯ ОБЛАСТЬ,РАЙОН БӘЙТЕРЕК
447218,Животноводство,false,,667653000,883,1504225000,920,227983000,846,286509000,1031,2001810000,994,1427345000,957,3,"Растениеводство и животноводство, охота и предоставление услуг в этих областях",ЗАПАДНО-КАЗАХСТАНСКАЯ ОБЛАСТЬ,РАЙОН БӘЙТЕРЕК
447219,Разведение крупного рогатого скота молочного направления,false,,67574000,883,286310000,920,700000,846,42905000,1031,352787000,994,195707000,957,4,Животноводство,ЗАПАДНО-КАЗАХСТАНСКАЯ ОБЛАСТЬ,РАЙОН БӘЙТЕРЕК
447220,Разведение крупного рогатого скота молочного направления,true,,67574000,883,286310000,920,700000,846,42905000,1031,352787000,994,195707000,957,5,Разведение крупного рогатого скота молочного направления,ЗАПАДНО-КАЗАХСТАНСКАЯ ОБЛАСТЬ,РАЙОН БӘЙТЕРЕК
447221,Разведение прочего крупного рогатого скота и буйволов,false,,95099000,883,63781000,920,112708000,846,70893000,1031,100081000,994,584022000,957,4,Животноводство,ЗАПАДНО-КАЗАХСТАНСКАЯ ОБЛАСТЬ,РАЙОН БӘЙТЕРЕК
447222,Разведение прочего крупного рогатого скота и буйволов,true,,95099000,883,63781000,920,112708000,846,70893000,1031,100081000,994,584022000,957,5,Разведение прочего крупного рогатого скота и буйволов,ЗАПАДНО-КАЗАХСТАНСКАЯ ОБЛАСТЬ,РАЙОН БӘЙТЕРЕК
447223,Разведение лошадей и прочих животных семейства лошадиных,false,,10280000,883,,,,,,,,,,,4,Животноводство,ЗАПАДНО-КАЗАХСТАНСКАЯ ОБЛАСТЬ,РАЙОН БӘЙТЕРЕК
447224,Разведение лошадей,true,,10280000,883,,,,,,,,,,,5,Разведение лошадей и прочих животных семейства лошадиных,ЗАПАДНО-КАЗАХСТАНСКАЯ ОБЛАСТЬ,РАЙОН БӘЙТЕРЕК
447228,Разведение овец и коз,false,,1280000,883,,,,,16210000,1031,,,,,4,Животноводство,ЗАПАДНО-КАЗАХСТАНСКАЯ ОБЛАСТЬ,РАЙОН БӘЙТЕРЕК
447229,Разведение овец и коз,true,,1280000,883,,,,,16210000,1031,,,,,5,Разведение овец и коз,ЗАПАДНО-КАЗАХСТАНСКАЯ ОБЛАСТЬ,РАЙОН БӘЙТЕРЕК
447232,Разведение сельскохозяйственной птицы ,false,,493420000,883,1154134000,920,64575000,846,156501000,1031,1548942000,994,647616000,957,4,Животноводство,ЗАПАДНО-КАЗАХСТАНСКАЯ ОБЛАСТЬ,РАЙОН БӘЙТЕРЕК
447235,"Производство смешанное, мясояичное",true,,493420000,883,1154134000,920,64575000,846,156501000,1031,1548942000,994,647616000,957,5,Разведение сельскохозяйственной птицы ,ЗАПАДНО-КАЗАХСТАНСКАЯ ОБЛАСТЬ,РАЙОН БӘЙТЕРЕК
447237,Разведение прочих видов животных,false,,,,,,50000000,846,,,,,,,4,Животноводство,ЗАПАДНО-КАЗАХСТАНСКАЯ ОБЛАСТЬ,РАЙОН БӘЙТЕРЕК
447238,Разведение прочих видов животных,true,,,,,,50000000,846,,,,,,,5,Разведение прочих видов животных,ЗАПАДНО-КАЗАХСТАНСКАЯ ОБЛАСТЬ,РАЙОН БӘЙТЕРЕК
447239,Смешанное сельское хозяйство,false,,394715000,883,267339000,920,83085000,846,74877000,1031,774455000,994,450446000,957,3,"Растениеводство и животноводство, охота и предоставление услуг в этих областях",ЗАПАДНО-КАЗАХСТАНСКАЯ ОБЛАСТЬ,РАЙОН БӘЙТЕРЕК
447240,Смешанное сельское хозяйство,false,,394715000,883,267339000,920,83085000,846,74877000,1031,774455000,994,450446000,957,4,Смешанное сельское хозяйство,ЗАПАДНО-КАЗАХСТАНСКАЯ ОБЛАСТЬ,РАЙОН БӘЙТЕРЕК
447241,Смешанное сельское хозяйство,true,,394715000,883,267339000,920,83085000,846,74877000,1031,774455000,994,450446000,957,5,Смешанное сельское хозяйство,ЗАПАДНО-КАЗАХСТАНСКАЯ ОБЛАСТЬ,РАЙОН БӘЙТЕРЕК
18683346,"Деятельность, способствующая выращиванию сельскохозяйственных культур и разведению животных и деятельность по обработке урожая",false,,,,1200000,920,,,,,,,,,3,"Растениеводство и животноводство, охота и предоставление услуг в этих областях",ЗАПАДНО-КАЗАХСТАНСКАЯ ОБЛАСТЬ,РАЙОН БӘЙТЕРЕК
18683350,"Деятельность, способствующая животноводству",false,,,,1200000,920,,,,,,,,,4,"Деятельность, способствующая выращиванию сельскохозяйственных культур и разведению животных и деятельность по обработке урожая",ЗАПАДНО-КАЗАХСТАНСКАЯ ОБЛАСТЬ,РАЙОН БӘЙТЕРЕК
18683351,"Деятельность, способствующая животноводству",true,,,,1200000,920,,,,,,,,,5,"Деятельность, способствующая животноводству",ЗАПАДНО-КАЗАХСТАНСКАЯ ОБЛАСТЬ,РАЙОН БӘЙТЕРЕК
448148,Строительство,false,,339514000,883,781044000,920,489851000,846,765204000,1031,307936000,994,160009000,957,1,Всего,ЗАПАДНО-КАЗАХСТАНСКАЯ ОБЛАСТЬ,РАЙОН БӘЙТЕРЕК
18710963,Строительство зданий,false,,,,70000000,920,,,228623000,1031,x,994,,,2,Строительство,ЗАПАДНО-КАЗАХСТАНСКАЯ ОБЛАСТЬ,РАЙОН БӘЙТЕРЕК
18710964,Разработка строительных проектов,false,,,,,,,,12886000,1031,,,,,3,Строительство зданий,ЗАПАДНО-КАЗАХСТАНСКАЯ ОБЛАСТЬ,РАЙОН БӘЙТЕРЕК
18710965,Разработка строительных проектов,false,,,,,,,,12886000,1031,,,,,4,Разработка строительных проектов,ЗАПАДНО-КАЗАХСТАНСКАЯ ОБЛАСТЬ,РАЙОН БӘЙТЕРЕК
18710966,Разработка строительных проектов,true,,,,,,,,12886000,1031,,,,,5,Разработка строительных проектов,ЗАПАДНО-КАЗАХСТАНСКАЯ ОБЛАСТЬ,РАЙОН БӘЙТЕРЕК
18710967,Строительство жилых и нежилых зданий,false,,,,70000000,920,,,215737000,1031,x,994,,,3,Строительство зданий,ЗАПАДНО-КАЗАХСТАНСКАЯ ОБЛАСТЬ,РАЙОН БӘЙТЕРЕК
18710968,Строительство жилых и нежилых зданий,false,,,,70000000,920,,,215737000,1031,x,994,,,4,Строительство жилых и нежилых зданий,ЗАПАДНО-КАЗАХСТАНСКАЯ ОБЛАСТЬ,РАЙОН БӘЙТЕРЕК
18710969,Строительство жилых зданий,true,,,,,,,,348000,1031,,,,,5,Строительство жилых и нежилых зданий,ЗАПАДНО-КАЗАХСТАНСКАЯ ОБЛАСТЬ,РАЙОН БӘЙТЕРЕК
18801543,"Строительство нежилых зданий, за исключением стационарных торговых объектов категорий 1, 2",true,,,,70000000,920,,,215389000,1031,x,994,,,5,Строительство жилых и нежилых зданий,ЗАПАДНО-КАЗАХСТАНСКАЯ ОБЛАСТЬ,РАЙОН БӘЙТЕРЕК
448157,Гражданское строительство,false,,267493000,883,706105000,920,472610000,846,536581000,1031,305480000,994,x,957,2,Строительство,ЗАПАДНО-КАЗАХСТАНСКАЯ ОБЛАСТЬ,РАЙОН БӘЙТЕРЕК
448158,Строительство автомобильных и железных дорог,false,,208588000,883,706105000,920,472610000,846,462104000,1031,259990000,994,x,957,3,Гражданское строительство,ЗАПАДНО-КАЗАХСТАНСКАЯ ОБЛАСТЬ,РАЙОН БӘЙТЕРЕК
18696143,Строительство автомобильных дорог,false,,208588000,883,706105000,920,472610000,846,462104000,1031,259990000,994,x,957,4,Строительство автомобильных и железных дорог,ЗАПАДНО-КАЗАХСТАНСКАЯ ОБЛАСТЬ,РАЙОН БӘЙТЕРЕК
18946136,Строительство дорог и автомагистралей,true,,208588000,883,706105000,920,472610000,846,462104000,1031,259990000,994,x,957,5,Строительство автомобильных дорог,ЗАПАДНО-КАЗАХСТАНСКАЯ ОБЛАСТЬ,РАЙОН БӘЙТЕРЕК
448165,Строительство распределительных инженерных сооружений,false,,x,883,,,,,74477000,1031,45490000,994,,,3,Гражданское строительство,ЗАПАДНО-КАЗАХСТАНСКАЯ ОБЛАСТЬ,РАЙОН БӘЙТЕРЕК
448166,Строительство трубопроводов,false,,x,883,,,,,74477000,1031,45490000,994,,,4,Строительство распределительных инженерных сооружений,ЗАПАДНО-КАЗАХСТАНСКАЯ ОБЛАСТЬ,РАЙОН БӘЙТЕРЕК
448167,Строительство нефтяных и газовых магистральных трубопроводов,true,,,,,,,,,,45490000,994,,,5,Строительство трубопроводов,ЗАПАДНО-КАЗАХСТАНСКАЯ ОБЛАСТЬ,РАЙОН БӘЙТЕРЕК
448168,Строительство трубопроводов для систем водоснабжения и канализации,true,,x,883,,,,,74477000,1031,,,,,5,Строительство трубопроводов,ЗАПАДНО-КАЗАХСТАНСКАЯ ОБЛАСТЬ,РАЙОН БӘЙТЕРЕК
448177,Специализированные строительные работы,false,,x,883,x,920,17241000,846,,,,,x,957,2,Строительство,ЗАПАДНО-КАЗАХСТАНСКАЯ ОБЛАСТЬ,РАЙОН БӘЙТЕРЕК
448187,"Монтаж и установка электрического, водопроводного и прочего оборудования",false,,,,,,17241000,846,,,,,,,3,Специализированные строительные работы,ЗАПАДНО-КАЗАХСТАНСКАЯ ОБЛАСТЬ,РАЙОН БӘЙТЕРЕК
448192,Прочие строительно-монтажные работы,false,,,,,,17241000,846,,,,,,,4,"Монтаж и установка электрического, водопроводного и прочего оборудования",ЗАПАДНО-КАЗАХСТАНСКАЯ ОБЛАСТЬ,РАЙОН БӘЙТЕРЕК
448193,Изоляционные работы,true,,,,,,10063000,846,,,,,,,5,Прочие строительно-монтажные работы,ЗАПАДНО-КАЗАХСТАНСКАЯ ОБЛАСТЬ,РАЙОН БӘЙТЕРЕК
448194,"Прочие строительно-монтажные работы, не включенные в другие группировки",true,,,,,,x,846,,,,,,,5,Прочие строительно-монтажные работы,ЗАПАДНО-КАЗАХСТАНСКАЯ ОБЛАСТЬ,РАЙОН БӘЙТЕРЕК
448207,Прочие специализированные строительные работы,false,,x,883,x,920,,,,,,,x,957,3,Специализированные строительные работы,ЗАПАДНО-КАЗАХСТАНСКАЯ ОБЛАСТЬ,РАЙОН БӘЙТЕРЕК
448210,"Прочие специализированные строительные работы, не включенные в другие группировки",false,,x,883,x,920,,,,,,,x,957,4,Прочие специализированные строительные работы,ЗАПАДНО-КАЗАХСТАНСКАЯ ОБЛАСТЬ,РАЙОН БӘЙТЕРЕК
448214,"Прочие строительные работы, требующие специальной квалификации",true,,x,883,x,920,,,,,,,x,957,5,"Прочие специализированные строительные работы, не включенные в другие группировки",ЗАПАДНО-КАЗАХСТАНСКАЯ ОБЛАСТЬ,РАЙОН БӘЙТЕРЕК
448215,Оптовая и розничная торговля; ремонт автомобилей и мотоциклов,false,,323073000,883,1360118000,920,344174000,846,1338988000,1031,319952000,994,356755000,957,1,Всего,ЗАПАДНО-КАЗАХСТАНСКАЯ ОБЛАСТЬ,РАЙОН БӘЙТЕРЕК
448216,Оптовая и розничная торговля автомобилями и мотоциклами и их ремонт,false,,,,,,,,1064674000,1031,x,994,208000000,957,2,Оптовая и розничная торговля; ремонт автомобилей и мотоциклов,ЗАПАДНО-КАЗАХСТАНСКАЯ ОБЛАСТЬ,РАЙОН БӘЙТЕРЕК
448217,Торговля автомобилями,false,,,,,,,,x,1031,x,994,150000000,957,3,Оптовая и розничная торговля автомобилями и мотоциклами и их ремонт,ЗАПАДНО-КАЗАХСТАНСКАЯ ОБЛАСТЬ,РАЙОН БӘЙТЕРЕК
448218,Торговля автомобилями и легкими автотранспортными средствами,false,,,,,,,,x,1031,x,994,150000000,957,4,Торговля автомобилями,ЗАПАДНО-КАЗАХСТАНСКАЯ ОБЛАСТЬ,РАЙОН БӘЙТЕРЕК
448220,Розничная торговля автомобилями и легкими автотранспортными средствами  в торговых объектах с торговой площадью менее 2000 кв.м,true,,,,,,,,x,1031,x,994,,,5,Торговля автомобилями и легкими автотранспортными средствами,ЗАПАДНО-КАЗАХСТАНСКАЯ ОБЛАСТЬ,РАЙОН БӘЙТЕРЕК
18951436,Розничная торговля автомобилями и легкими автотранспортными средствами  в торговых объектах с торговой площадью более 2000 кв.м (2000 кв.м и выше),true,,,,,,,,,,,,150000000,957,5,Торговля автомобилями и легкими автотранспортными средствами,ЗАПАДНО-КАЗАХСТАНСКАЯ ОБЛАСТЬ,РАЙОН БӘЙТЕРЕК
448224,Техническое обслуживание и ремонт автомобилей,false,,,,,,,,716800000,1031,,,58000000,957,3,Оптовая и розничная торговля автомобилями и мотоциклами и их ремонт,ЗАПАДНО-КАЗАХСТАНСКАЯ ОБЛАСТЬ,РАЙОН БӘЙТЕРЕК
448225,Техническое обслуживание и ремонт автомобилей,false,,,,,,,,716800000,1031,,,58000000,957,4,Техническое обслуживание и ремонт автомобилей,ЗАПАДНО-КАЗАХСТАНСКАЯ ОБЛАСТЬ,РАЙОН БӘЙТЕРЕК
20575904,"Техническое обслуживание и ремонт автомобилей, за исключением произведенных станциями технического обслуживания, находящимися на придорожной полосе",true,,,,,,,,283400000,1031,,,58000000,957,5,Техническое обслуживание и ремонт автомобилей,ЗАПАДНО-КАЗАХСТАНСКАЯ ОБЛАСТЬ,РАЙОН БӘЙТЕРЕК
20575905,"Техническое обслуживание и ремонт автомобилей станциями технического обслуживания, находящимися на придорожной полосе ",true,,,,,,,,433400000,1031,,,,,5,Техническое обслуживание и ремонт автомобилей,ЗАПАДНО-КАЗАХСТАНСКАЯ ОБЛАСТЬ,РАЙОН БӘЙТЕРЕК
448237,"Оптовая торговля, за исключением торговли автомобилями и мотоциклами",false,,6471000,883,,,,,45939000,1031,15410000,994,,,2,Оптовая и розничная торговля; ремонт автомобилей и мотоциклов,ЗАПАДНО-КАЗАХСТАНСКАЯ ОБЛАСТЬ,РАЙОН БӘЙТЕРЕК
448267,"Оптовая торговля продуктами питания, напитками и табачными изделиями",false,,6060000,883,,,,,x,1031,,,,,3,"Оптовая торговля, за исключением торговли автомобилями и мотоциклами",ЗАПАДНО-КАЗАХСТАНСКАЯ ОБЛАСТЬ,РАЙОН БӘЙТЕРЕК
448274,Оптовая торговля напитками,false,,6060000,883,,,,,,,,,,,4,"Оптовая торговля продуктами питания, напитками и табачными изделиями",ЗАПАДНО-КАЗАХСТАНСКАЯ ОБЛАСТЬ,РАЙОН БӘЙТЕРЕК
3647932,"Оптовая торговля напитками в магазинах, являющихся торговыми объектами, с торговой площадью менее 2000 кв.м",true,,6060000,883,,,,,,,,,,,5,Оптовая торговля напитками,ЗАПАДНО-КАЗАХСТАНСКАЯ ОБЛАСТЬ,РАЙОН БӘЙТЕРЕК
448285,"Неспециализированная оптовая торговля продуктами питания, напитками и табачными изделиями",false,,,,,,,,x,1031,,,,,4,"Оптовая торговля продуктами питания, напитками и табачными изделиями",ЗАПАДНО-КАЗАХСТАНСКАЯ ОБЛАСТЬ,РАЙОН БӘЙТЕРЕК
448286,"Неспециализированная оптовая торговля продуктами питания, напитками и табачными изделиями",true,,,,,,,,x,1031,,,,,5,"Неспециализированная оптовая торговля продуктами питания, напитками и табачными изделиями",ЗАПАДНО-КАЗАХСТАНСКАЯ ОБЛАСТЬ,РАЙОН БӘЙТЕРЕК
448316,"Оптовая торговля прочими машинами, оборудованием и деталями и принадлежностями к ним",false,,,,,,,,33819000,1031,,,,,3,"Оптовая торговля, за исключением торговли автомобилями и мотоциклами",ЗАПАДНО-КАЗАХСТАНСКАЯ ОБЛАСТЬ,РАЙОН БӘЙТЕРЕК
448329,Оптовая торговля прочими машинами и оборудованием,false,,,,,,,,33819000,1031,,,,,4,"Оптовая торговля прочими машинами, оборудованием и деталями и принадлежностями к ним",ЗАПАДНО-КАЗАХСТАНСКАЯ ОБЛАСТЬ,РАЙОН БӘЙТЕРЕК
448330,Оптовая торговля прочими машинами и оборудованием,true,,,,,,,,33819000,1031,,,,,5,Оптовая торговля прочими машинами и оборудованием,ЗАПАДНО-КАЗАХСТАНСКАЯ ОБЛАСТЬ,РАЙОН БӘЙТЕРЕК
448331,Прочая специализированная оптовая торговля ,false,,x,883,,,,,,,,,,,3,"Оптовая торговля, за исключением торговли автомобилями и мотоциклами",ЗАПАДНО-КАЗАХСТАНСКАЯ ОБЛАСТЬ,РАЙОН БӘЙТЕРЕК
448332,"Оптовая торговля твердым, жидким и газообразным топливом и подобными продуктами",false,,x,883,,,,,,,,,,,4,Прочая специализированная оптовая торговля ,ЗАПАДНО-КАЗАХСТАНСКАЯ ОБЛАСТЬ,РАЙОН БӘЙТЕРЕК
448339,Оптовая торговля дизельным топливом,true,,x,883,,,,,,,,,,,5,"Оптовая торговля твердым, жидким и газообразным топливом и подобными продуктами",ЗАПАДНО-КАЗАХСТАНСКАЯ ОБЛАСТЬ,РАЙОН БӘЙТЕРЕК
448371,Неспециализированная оптовая торговля,false,,,,,,,,,,15410000,994,,,3,"Оптовая торговля, за исключением торговли автомобилями и мотоциклами",ЗАПАДНО-КАЗАХСТАНСКАЯ ОБЛАСТЬ,РАЙОН БӘЙТЕРЕК
448372,Неспециализированная оптовая торговля,false,,,,,,,,,,15410000,994,,,4,Неспециализированная оптовая торговля,ЗАПАДНО-КАЗАХСТАНСКАЯ ОБЛАСТЬ,РАЙОН БӘЙТЕРЕК
448376,Оптовая торговля широким ассортиментом товаров без какой-либо конкретизации,true,,,,,,,,,,15410000,994,,,5,Неспециализированная оптовая торговля,ЗАПАДНО-КАЗАХСТАНСКАЯ ОБЛАСТЬ,РАЙОН БӘЙТЕРЕК
448377,"Розничная торговля, кроме торговли автомобилями и мотоциклами",false,,316602000,883,1360118000,920,344174000,846,228375000,1031,57777000,994,148755000,957,2,Оптовая и розничная торговля; ремонт автомобилей и мотоциклов,ЗАПАДНО-КАЗАХСТАНСКАЯ ОБЛАСТЬ,РАЙОН БӘЙТЕРЕК
448378,Розничная торговля в неспециализированных магазинах,false,,x,883,18029000,920,87895000,846,48000000,1031,57700000,994,3000000,957,3,"Розничная торговля, кроме торговли автомобилями и мотоциклами",ЗАПАДНО-КАЗАХСТАНСКАЯ ОБЛАСТЬ,РАЙОН БӘЙТЕРЕК
448379,"Розничная торговля в неспециализированных магазинах преимущественно продуктами питания, напитками и табачными изделиями",false,,x,883,18029000,920,,,48000000,1031,27700000,994,3000000,957,4,Розничная торговля в неспециализированных магазинах,ЗАПАДНО-КАЗАХСТАНСКАЯ ОБЛАСТЬ,РАЙОН БӘЙТЕРЕК
3647934,"Розничная торговля преимущественно продуктами питания, напитками и табачными изделиями в неспециализированных магазинах, являющихся торговыми объектами, с торговой площадью менее 2000 кв.м ",true,,,,17198000,920,,,48000000,1031,27700000,994,3000000,957,5,"Розничная торговля в неспециализированных магазинах преимущественно продуктами питания, напитками и табачными изделиями",ЗАПАДНО-КАЗАХСТАНСКАЯ ОБЛАСТЬ,РАЙОН БӘЙТЕРЕК
3647935,"Розничная торговля преимущественно продуктами питания, напитками и табачными изделиями, в неспециализированных магазинах, являющихся торговыми объектами, с торговой площадью более 2000 кв.м (2000 кв.м и выше)",true,,x,883,x,920,,,,,,,,,5,"Розничная торговля в неспециализированных магазинах преимущественно продуктами питания, напитками и табачными изделиями",ЗАПАДНО-КАЗАХСТАНСКАЯ ОБЛАСТЬ,РАЙОН БӘЙТЕРЕК
448381,Прочая розничная торговля в неспециализированных магазинах,false,,,,,,87895000,846,,,x,994,,,4,Розничная торговля в неспециализированных магазинах,ЗАПАДНО-КАЗАХСТАНСКАЯ ОБЛАСТЬ,РАЙОН БӘЙТЕРЕК
3647936,"Прочая розничная торговля в неспециализированных магазинах, являющихся торговыми объектами, с торговой площадью менее 2000 кв.м ",true,,,,,,87895000,846,,,x,994,,,5,Прочая розничная торговля в неспециализированных магазинах,ЗАПАДНО-КАЗАХСТАНСКАЯ ОБЛАСТЬ,РАЙОН БӘЙТЕРЕК
448399,Розничная торговля топливом в специализированных магазинах,false,,x,883,1342089000,920,256279000,846,180375000,1031,77000,994,144110000,957,3,"Розничная торговля, кроме торговли автомобилями и мотоциклами",ЗАПАДНО-КАЗАХСТАНСКАЯ ОБЛАСТЬ,РАЙОН БӘЙТЕРЕК
448400,Розничная торговля топливом в специализированных магазинах,false,,x,883,1342089000,920,256279000,846,180375000,1031,77000,994,144110000,957,4,Розничная торговля топливом в специализированных магазинах,ЗАПАДНО-КАЗАХСТАНСКАЯ ОБЛАСТЬ,РАЙОН БӘЙТЕРЕК
20576124,"Розничная торговля моторным топливом в специализированных магазинах, за исключением находящихся на придорожной полосе",true,,x,883,1342089000,920,,,180375000,1031,77000,994,144110000,957,5,Розничная торговля топливом в специализированных магазинах,ЗАПАДНО-КАЗАХСТАНСКАЯ ОБЛАСТЬ,РАЙОН БӘЙТЕРЕК
18951442,Розничная торговля моторным топливом в специализированных магазинах,true,,,,,,256279000,846,,,,,,,5,Розничная торговля топливом в специализированных магазинах,ЗАПАДНО-КАЗАХСТАНСКАЯ ОБЛАСТЬ,РАЙОН БӘЙТЕРЕК
448409,Розничная торговля прочими бытовыми товарами в специализированных магазинах ,false,,,,,,,,,,,,x,957,3,"Розничная торговля, кроме торговли автомобилями и мотоциклами",ЗАПАДНО-КАЗАХСТАНСКАЯ ОБЛАСТЬ,РАЙОН БӘЙТЕРЕК
448416,Розничная торговля электрическими бытовыми приборами в специализированных магазинах,false,,,,,,,,,,,,x,957,4,Розничная торговля прочими бытовыми товарами в специализированных магазинах ,ЗАПАДНО-КАЗАХСТАНСКАЯ ОБЛАСТЬ,РАЙОН БӘЙТЕРЕК
3647962,"Розничная торговля электрическими бытовыми приборами в специализированных магазинах, являющихся торговыми объектами, с торговой площадью менее 2000 кв.м",true,,,,,,,,,,,,x,957,5,Розничная торговля электрическими бытовыми приборами в специализированных магазинах,ЗАПАДНО-КАЗАХСТАНСКАЯ ОБЛАСТЬ,РАЙОН БӘЙТЕРЕК
448475,Транспорт и складирование,false,,2734495000,883,3802743000,920,8137182000,846,4025864000,1031,5692641000,994,19845581000,957,1,Всего,ЗАПАДНО-КАЗАХСТАНСКАЯ ОБЛАСТЬ,РАЙОН БӘЙТЕРЕК
448476,Деятельность сухопутного и трубопроводного транспорта ,false,,2433715000,883,1582665000,920,923596000,846,540434000,1031,42506000,994,14848451000,957,2,Транспорт и складирование,ЗАПАДНО-КАЗАХСТАНСКАЯ ОБЛАСТЬ,РАЙОН БӘЙТЕРЕК
448480,Деятельность грузового железнодорожного транспорта,false,,,,,,15000000,846,1000,1031,,,,,3,Деятельность сухопутного и трубопроводного транспорта ,ЗАПАДНО-КАЗАХСТАНСКАЯ ОБЛАСТЬ,РАЙОН БӘЙТЕРЕК
448481,Деятельность грузового железнодорожного транспорта,false,,,,,,15000000,846,1000,1031,,,,,4,Деятельность грузового железнодорожного транспорта,ЗАПАДНО-КАЗАХСТАНСКАЯ ОБЛАСТЬ,РАЙОН БӘЙТЕРЕК
448482,Деятельность грузового железнодорожного транспорта,true,,,,,,15000000,846,1000,1031,,,,,5,Деятельность грузового железнодорожного транспорта,ЗАПАДНО-КАЗАХСТАНСКАЯ ОБЛАСТЬ,РАЙОН БӘЙТЕРЕК
448494,Деятельность грузового автомобильного транспорта и предоставление услуг по переезду ,false,,x,883,,,x,846,,,,,,,3,Деятельность сухопутного и трубопроводного транспорта ,ЗАПАДНО-КАЗАХСТАНСКАЯ ОБЛАСТЬ,РАЙОН БӘЙТЕРЕК
448497,Предоставление услуг по переезду,false,,x,883,,,x,846,,,,,,,4,Деятельность грузового автомобильного транспорта и предоставление услуг по переезду ,ЗАПАДНО-КАЗАХСТАНСКАЯ ОБЛАСТЬ,РАЙОН БӘЙТЕРЕК
448498,Предоставление услуг по переезду,true,,x,883,,,x,846,,,,,,,5,Предоставление услуг по переезду,ЗАПАДНО-КАЗАХСТАНСКАЯ ОБЛАСТЬ,РАЙОН БӘЙТЕРЕК
448499,Деятельность трубопроводного транспорта,false,,2433620000,883,1582665000,920,908346000,846,540433000,1031,42506000,994,14848451000,957,3,Деятельность сухопутного и трубопроводного транспорта ,ЗАПАДНО-КАЗАХСТАНСКАЯ ОБЛАСТЬ,РАЙОН БӘЙТЕРЕК
448500,Деятельность трубопроводного транспорта,false,,2433620000,883,1582665000,920,908346000,846,540433000,1031,42506000,994,14848451000,957,4,Деятельность трубопроводного транспорта,ЗАПАДНО-КАЗАХСТАНСКАЯ ОБЛАСТЬ,РАЙОН БӘЙТЕРЕК
448501,Деятельность трубопроводного транспорта,true,,2433620000,883,1582665000,920,908346000,846,540433000,1031,42506000,994,14848451000,957,5,Деятельность трубопроводного транспорта,ЗАПАДНО-КАЗАХСТАНСКАЯ ОБЛАСТЬ,РАЙОН БӘЙТЕРЕК
448527,Складирование грузов и вспомогательная транспортная деятельность,false,,300780000,883,2220078000,920,7213586000,846,3485430000,1031,5650135000,994,4997130000,957,2,Транспорт и складирование,ЗАПАДНО-КАЗАХСТАНСКАЯ ОБЛАСТЬ,РАЙОН БӘЙТЕРЕК
448528,Складирование и хранение грузов,false,,119520000,883,524981000,920,31267000,846,479050000,1031,85844000,994,10800000,957,3,Складирование грузов и вспомогательная транспортная деятельность,ЗАПАДНО-КАЗАХСТАНСКАЯ ОБЛАСТЬ,РАЙОН БӘЙТЕРЕК
448529,Складирование и хранение грузов,false,,119520000,883,524981000,920,31267000,846,479050000,1031,85844000,994,10800000,957,4,Складирование и хранение грузов,ЗАПАДНО-КАЗАХСТАНСКАЯ ОБЛАСТЬ,РАЙОН БӘЙТЕРЕК
448530,Складирование и хранение зерна,true,,107520000,883,1103000,920,29267000,846,2665000,1031,60844000,994,10800000,957,5,Складирование и хранение грузов,ЗАПАДНО-КАЗАХСТАНСКАЯ ОБЛАСТЬ,РАЙОН БӘЙТЕРЕК
448531,"Складирование и хранение непродовольственных товаров, кроме зерна и нефти",true,,,,,,,,,,25000000,994,,,5,Складирование и хранение грузов,ЗАПАДНО-КАЗАХСТАНСКАЯ ОБЛАСТЬ,РАЙОН БӘЙТЕРЕК
20576307,"Складирование и хранение продовольственных товаров, кроме овощей и фруктов",true,,12000000,883,,,,,,,,,,,5,Складирование и хранение грузов,ЗАПАДНО-КАЗАХСТАНСКАЯ ОБЛАСТЬ,РАЙОН БӘЙТЕРЕК
448532,Складирование и хранение продовольственных товаров,true,,,,,,2000000,846,,,,,,,5,Складирование и хранение грузов,ЗАПАДНО-КАЗАХСТАНСКАЯ ОБЛАСТЬ,РАЙОН БӘЙТЕРЕК
20576309,Складирование и хранение овощей и фруктов,true,,,,523878000,920,,,,,,,,,5,Складирование и хранение грузов,ЗАПАДНО-КАЗАХСТАНСКАЯ ОБЛАСТЬ,РАЙОН БӘЙТЕРЕК
448533,Вспомогательная транспортная деятельность,false,,181260000,883,1695097000,920,7182319000,846,3006380000,1031,5564291000,994,4986330000,957,3,Складирование грузов и вспомогательная транспортная деятельность,ЗАПАДНО-КАЗАХСТАНСКАЯ ОБЛАСТЬ,РАЙОН БӘЙТЕРЕК
448534,Вспомогательная деятельность сухопутного транспорта,false,,110707000,883,1476201000,920,7162906000,846,2649750000,1031,5294833000,994,4862703000,957,4,Вспомогательная транспортная деятельность,ЗАПАДНО-КАЗАХСТАНСКАЯ ОБЛАСТЬ,РАЙОН БӘЙТЕРЕК
448535,Эксплуатация железных дорог,true,,98602000,883,82830000,920,,,,,,,,,5,Вспомогательная деятельность сухопутного транспорта,ЗАПАДНО-КАЗАХСТАНСКАЯ ОБЛАСТЬ,РАЙОН БӘЙТЕРЕК
448536,Эксплуатация автомобильных дорог,true,,x,883,1393371000,920,7145906000,846,2649750000,1031,5266606000,994,4862703000,957,5,Вспомогательная деятельность сухопутного транспорта,ЗАПАДНО-КАЗАХСТАНСКАЯ ОБЛАСТЬ,РАЙОН БӘЙТЕРЕК
448538,Деятельность автомобильных стоянок,true,,,,,,17000000,846,,,,,,,5,Вспомогательная деятельность сухопутного транспорта,ЗАПАДНО-КАЗАХСТАНСКАЯ ОБЛАСТЬ,РАЙОН БӘЙТЕРЕК
448539,Прочая вспомогательная деятельность сухопутного транспорта ,true,,,,,,,,,,x,994,,,5,Вспомогательная деятельность сухопутного транспорта,ЗАПАДНО-КАЗАХСТАНСКАЯ ОБЛАСТЬ,РАЙОН БӘЙТЕРЕК
448547,Прочая вспомогательная транспортная деятельность,false,,x,883,x,920,x,846,x,1031,x,994,x,957,4,Вспомогательная транспортная деятельность,ЗАПАДНО-КАЗАХСТАНСКАЯ ОБЛАСТЬ,РАЙОН БӘЙТЕРЕК
448548,Транспортно-экспедиционные  услуги,true,,x,883,x,920,x,846,x,1031,x,994,x,957,5,Прочая вспомогательная транспортная деятельность,ЗАПАДНО-КАЗАХСТАНСКАЯ ОБЛАСТЬ,РАЙОН БӘЙТЕРЕК
448558,Предоставление услуг по проживанию и питанию,false,,,,,,,,,,,,39786000,957,1,Всего,ЗАПАДНО-КАЗАХСТАНСКАЯ ОБЛАСТЬ,РАЙОН БӘЙТЕРЕК
448573,Предоставление услуг по обеспечению питанием и напитками,false,,,,,,,,,,,,39786000,957,2,Предоставление услуг по проживанию и питанию,ЗАПАДНО-КАЗАХСТАНСКАЯ ОБЛАСТЬ,РАЙОН БӘЙТЕРЕК
448574,Деятельность ресторанов и предоставление услуг по доставке продуктов питания,false,,,,,,,,,,,,39786000,957,3,Предоставление услуг по обеспечению питанием и напитками,ЗАПАДНО-КАЗАХСТАНСКАЯ ОБЛАСТЬ,РАЙОН БӘЙТЕРЕК
448575,Деятельность ресторанов и предоставление услуг по доставке продуктов питания,false,,,,,,,,,,,,39786000,957,4,Деятельность ресторанов и предоставление услуг по доставке продуктов питания,ЗАПАДНО-КАЗАХСТАНСКАЯ ОБЛАСТЬ,РАЙОН БӘЙТЕРЕК
20576362,"Деятельность ресторанов и предоставление услуг по доставке продуктов питания, за исключением деятельности объектов, находящихся на придорожной полосе",true,,,,,,,,,,,,39786000,957,5,Деятельность ресторанов и предоставление услуг по доставке продуктов питания,ЗАПАДНО-КАЗАХСТАНСКАЯ ОБЛАСТЬ,РАЙОН БӘЙТЕРЕК
448585,Информация и связь,false,,5516454000,883,17000,920,19310000,846,156962000,1031,,,x,957,1,Всего,ЗАПАДНО-КАЗАХСТАНСКАЯ ОБЛАСТЬ,РАЙОН БӘЙТЕРЕК
448623,Телекоммуникации,false,,4016415000,883,17000,920,19310000,846,156962000,1031,,,x,957,2,Информация и связь,ЗАПАДНО-КАЗАХСТАНСКАЯ ОБЛАСТЬ,РАЙОН БӘЙТЕРЕК
18696628,Проводная телекоммуникационная связь,false,,,,,,,,128794000,1031,,,,,3,Телекоммуникации,ЗАПАДНО-КАЗАХСТАНСКАЯ ОБЛАСТЬ,РАЙОН БӘЙТЕРЕК
18696629,Проводная телекоммуникационная связь,false,,,,,,,,128794000,1031,,,,,4,Проводная телекоммуникационная связь,ЗАПАДНО-КАЗАХСТАНСКАЯ ОБЛАСТЬ,РАЙОН БӘЙТЕРЕК
18946146,Прочая проводная телекоммуникационная связь,true,,,,,,,,128794000,1031,,,,,5,Проводная телекоммуникационная связь,ЗАПАДНО-КАЗАХСТАНСКАЯ ОБЛАСТЬ,РАЙОН БӘЙТЕРЕК
448627,Беспроводная телекоммуникационная связь,false,,180291000,883,17000,920,,,28168000,1031,,,x,957,3,Телекоммуникации,ЗАПАДНО-КАЗАХСТАНСКАЯ ОБЛАСТЬ,РАЙОН БӘЙТЕРЕК
448628,Беспроводная телекоммуникационная связь,false,,180291000,883,17000,920,,,28168000,1031,,,x,957,4,Беспроводная телекоммуникационная связь,ЗАПАДНО-КАЗАХСТАНСКАЯ ОБЛАСТЬ,РАЙОН БӘЙТЕРЕК
18946147,Беспроводная телекоммуникационная связь посредством единой транспортной среды,true,,,,,,,,x,1031,,,,,5,Беспроводная телекоммуникационная связь,ЗАПАДНО-КАЗАХСТАНСКАЯ ОБЛАСТЬ,РАЙОН БӘЙТЕРЕК
18946149,Прочая беспроводная телекоммуникационная связь,true,,180291000,883,17000,920,,,18009000,1031,,,x,957,5,Беспроводная телекоммуникационная связь,ЗАПАДНО-КАЗАХСТАНСКАЯ ОБЛАСТЬ,РАЙОН БӘЙТЕРЕК
448633,Прочая деятельность в области телекоммуникаций,false,,3836124000,883,,,19310000,846,,,,,,,3,Телекоммуникации,ЗАПАДНО-КАЗАХСТАНСКАЯ ОБЛАСТЬ,РАЙОН БӘЙТЕРЕК
448634,Прочая деятельность в области телекоммуникаций,false,,3836124000,883,,,19310000,846,,,,,,,4,Прочая деятельность в области телекоммуникаций,ЗАПАДНО-КАЗАХСТАНСКАЯ ОБЛАСТЬ,РАЙОН БӘЙТЕРЕК
18946154,"Прочая деятельность в области телекоммуникаций, не включенная в другие группировки",true,,3836124000,883,,,19310000,846,,,,,,,5,Прочая деятельность в области телекоммуникаций,ЗАПАДНО-КАЗАХСТАНСКАЯ ОБЛАСТЬ,РАЙОН БӘЙТЕРЕК
448647,Деятельность в области информационного обслуживания,false,,x,883,,,,,,,,,,,2,Информация и связь,ЗАПАДНО-КАЗАХСТАНСКАЯ ОБЛАСТЬ,РАЙОН БӘЙТЕРЕК
448648,"Обработка данных, размещение приложений (прикладных программ) и связанная с этим деятельность; деятельность веб-порталов",false,,x,883,,,,,,,,,,,3,Деятельность в области информационного обслуживания,ЗАПАДНО-КАЗАХСТАНСКАЯ ОБЛАСТЬ,РАЙОН БӘЙТЕРЕК
448649,"Обработка данных, размещение приложений (прикладных программ) и связанная с этим деятельность ",false,,x,883,,,,,,,,,,,4,"Обработка данных, размещение приложений (прикладных программ) и связанная с этим деятельность; деятельность веб-порталов",ЗАПАДНО-КАЗАХСТАНСКАЯ ОБЛАСТЬ,РАЙОН БӘЙТЕРЕК
18946161,Размещение приложений (прикладных программ) и связанная с этим деятельность,true,,x,883,,,,,,,,,,,5,"Обработка данных, размещение приложений (прикладных программ) и связанная с этим деятельность ",ЗАПАДНО-КАЗАХСТАНСКАЯ ОБЛАСТЬ,РАЙОН БӘЙТЕРЕК
448658,Финансовая и страховая деятельность,false,,697000,883,11209000,920,x,846,284000,1031,917000,994,788000,957,1,Всего,ЗАПАДНО-КАЗАХСТАНСКАЯ ОБЛАСТЬ,РАЙОН БӘЙТЕРЕК
448659,"Финансовое посредничество, кроме страхования и пенсионного обеспечения",false,,697000,883,11209000,920,x,846,284000,1031,917000,994,788000,957,2,Финансовая и страховая деятельность,ЗАПАДНО-КАЗАХСТАНСКАЯ ОБЛАСТЬ,РАЙОН БӘЙТЕРЕК
448673,"Прочее финансовое посредничество, кроме страхования и пенсионного обеспечения",false,,697000,883,11209000,920,x,846,284000,1031,917000,994,788000,957,3,"Финансовое посредничество, кроме страхования и пенсионного обеспечения",ЗАПАДНО-КАЗАХСТАНСКАЯ ОБЛАСТЬ,РАЙОН БӘЙТЕРЕК
448676,Прочие виды кредитования,false,,697000,883,11209000,920,x,846,284000,1031,917000,994,788000,957,4,"Прочее финансовое посредничество, кроме страхования и пенсионного обеспечения",ЗАПАДНО-КАЗАХСТАНСКАЯ ОБЛАСТЬ,РАЙОН БӘЙТЕРЕК
448678,"Прочие виды кредитования, не включенные в другие группировки",true,,697000,883,11209000,920,x,846,284000,1031,917000,994,788000,957,5,Прочие виды кредитования,ЗАПАДНО-КАЗАХСТАНСКАЯ ОБЛАСТЬ,РАЙОН БӘЙТЕРЕК
448714,Операции с недвижимым имуществом,false,,1582362000,883,4738131000,920,1660715000,846,4847090000,1031,3229640000,994,3745322000,957,1,Всего,ЗАПАДНО-КАЗАХСТАНСКАЯ ОБЛАСТЬ,РАЙОН БӘЙТЕРЕК
448715,Операции с недвижимым имуществом,false,,1582362000,883,4738131000,920,1660715000,846,4847090000,1031,3229640000,994,3745322000,957,2,Операции с недвижимым имуществом,ЗАПАДНО-КАЗАХСТАНСКАЯ ОБЛАСТЬ,РАЙОН БӘЙТЕРЕК
448716,Покупка и продажа собственного недвижимого имущества ,false,,1582362000,883,4738131000,920,1658890000,846,4774216000,1031,3202564000,994,3674408000,957,3,Операции с недвижимым имуществом,ЗАПАДНО-КАЗАХСТАНСКАЯ ОБЛАСТЬ,РАЙОН БӘЙТЕРЕК
448717,Покупка и продажа собственного недвижимого имущества ,false,,1582362000,883,4738131000,920,1658890000,846,4774216000,1031,3202564000,994,3674408000,957,4,Покупка и продажа собственного недвижимого имущества ,ЗАПАДНО-КАЗАХСТАНСКАЯ ОБЛАСТЬ,РАЙОН БӘЙТЕРЕК
543091,Покупка и продажа многоквартирных и жилых домов (особняков),true,,1582362000,883,4738131000,920,1658890000,846,4774216000,1031,3202564000,994,3674408000,957,5,Покупка и продажа собственного недвижимого имущества ,ЗАПАДНО-КАЗАХСТАНСКАЯ ОБЛАСТЬ,РАЙОН БӘЙТЕРЕК
448719,Аренда и управление собственной или арендуемой недвижимостью,false,,,,,,x,846,x,1031,x,994,x,957,3,Операции с недвижимым имуществом,ЗАПАДНО-КАЗАХСТАНСКАЯ ОБЛАСТЬ,РАЙОН БӘЙТЕРЕК
448720,Аренда и управление собственной или арендуемой недвижимостью,false,,,,,,x,846,x,1031,x,994,x,957,4,Аренда и управление собственной или арендуемой недвижимостью,ЗАПАДНО-КАЗАХСТАНСКАЯ ОБЛАСТЬ,РАЙОН БӘЙТЕРЕК
18946171,Аренда и управление собственной недвижимостью,true,,,,,,x,846,,,x,994,x,957,5,Аренда и управление собственной или арендуемой недвижимостью,ЗАПАДНО-КАЗАХСТАНСКАЯ ОБЛАСТЬ,РАЙОН БӘЙТЕРЕК
448728,"Профессиональная, научная и техническая деятельность",false,,,,5000000,920,,,,,350000,994,1150000,957,1,Всего,ЗАПАДНО-КАЗАХСТАНСКАЯ ОБЛАСТЬ,РАЙОН БӘЙТЕРЕК
448738,Деятельность головных компаний; консультирование по вопросам управления ,false,,,,5000000,920,,,,,,,,,2,"Профессиональная, научная и техническая деятельность",ЗАПАДНО-КАЗАХСТАНСКАЯ ОБЛАСТЬ,РАЙОН БӘЙТЕРЕК
448739,Деятельность головных компаний,false,,,,5000000,920,,,,,,,,,3,Деятельность головных компаний; консультирование по вопросам управления ,ЗАПАДНО-КАЗАХСТАНСКАЯ ОБЛАСТЬ,РАЙОН БӘЙТЕРЕК
448740,Деятельность головных компаний,false,,,,5000000,920,,,,,,,,,4,Деятельность головных компаний,ЗАПАДНО-КАЗАХСТАНСКАЯ ОБЛАСТЬ,РАЙОН БӘЙТЕРЕК
18946176,Деятельность прочих головных компаний,true,,,,5000000,920,,,,,,,,,5,Деятельность головных компаний,ЗАПАДНО-КАЗАХСТАНСКАЯ ОБЛАСТЬ,РАЙОН БӘЙТЕРЕК
448793,Ветеринарная деятельность,false,,,,,,,,,,350000,994,1150000,957,2,"Профессиональная, научная и техническая деятельность",ЗАПАДНО-КАЗАХСТАНСКАЯ ОБЛАСТЬ,РАЙОН БӘЙТЕРЕК
448794,Ветеринарная деятельность,false,,,,,,,,,,350000,994,1150000,957,3,Ветеринарная деятельность,ЗАПАДНО-КАЗАХСТАНСКАЯ ОБЛАСТЬ,РАЙОН БӘЙТЕРЕК
448795,Ветеринарная деятельность,false,,,,,,,,,,350000,994,1150000,957,4,Ветеринарная деятельность,ЗАПАДНО-КАЗАХСТАНСКАЯ ОБЛАСТЬ,РАЙОН БӘЙТЕРЕК
448796,Ветеринарная деятельность,true,,,,,,,,,,350000,994,1150000,957,5,Ветеринарная деятельность,ЗАПАДНО-КАЗАХСТАНСКАЯ ОБЛАСТЬ,РАЙОН БӘЙТЕРЕК
448797,Деятельность в области административного и вспомогательного обслуживания,false,,16404000,883,96280000,920,234534000,846,105705000,1031,74423000,994,133756000,957,1,Всего,ЗАПАДНО-КАЗАХСТАНСКАЯ ОБЛАСТЬ,РАЙОН БӘЙТЕРЕК
448798,"Аренда, прокат и лизинг",false,,6252000,883,29083000,920,x,846,96847000,1031,x,994,x,957,2,Деятельность в области административного и вспомогательного обслуживания,ЗАПАДНО-КАЗАХСТАНСКАЯ ОБЛАСТЬ,РАЙОН БӘЙТЕРЕК
448799,Аренда и лизинг автомобилей ,false,,6252000,883,x,920,,,96847000,1031,x,994,x,957,3,"Аренда, прокат и лизинг",ЗАПАДНО-КАЗАХСТАНСКАЯ ОБЛАСТЬ,РАЙОН БӘЙТЕРЕК
448802,Аренда и лизинг грузовых автомобилей,false,,6252000,883,x,920,,,96847000,1031,x,994,x,957,4,Аренда и лизинг автомобилей ,ЗАПАДНО-КАЗАХСТАНСКАЯ ОБЛАСТЬ,РАЙОН БӘЙТЕРЕК
543077,Аренда грузовых автомобилей,true,,6252000,883,x,920,,,96847000,1031,x,994,x,957,5,Аренда и лизинг грузовых автомобилей,ЗАПАДНО-КАЗАХСТАНСКАЯ ОБЛАСТЬ,РАЙОН БӘЙТЕРЕК
448811,"Аренда и лизинг прочих машин, оборудования и материальных активов",false,,,,x,920,x,846,,,,,,,3,"Аренда, прокат и лизинг",ЗАПАДНО-КАЗАХСТАНСКАЯ ОБЛАСТЬ,РАЙОН БӘЙТЕРЕК
448814,Аренда и лизинг строительных машин и оборудования ,false,,,,x,920,x,846,,,,,,,4,"Аренда и лизинг прочих машин, оборудования и материальных активов",ЗАПАДНО-КАЗАХСТАНСКАЯ ОБЛАСТЬ,РАЙОН БӘЙТЕРЕК
543081,Аренда строительных машин и оборудования ,true,,,,x,920,x,846,,,,,,,5,Аренда и лизинг строительных машин и оборудования ,ЗАПАДНО-КАЗАХСТАНСКАЯ ОБЛАСТЬ,РАЙОН БӘЙТЕРЕК
448856,Деятельность по обслуживанию зданий и благоустройству территорий,false,,10152000,883,67197000,920,8125000,846,x,1031,,,35315000,957,2,Деятельность в области административного и вспомогательного обслуживания,ЗАПАДНО-КАЗАХСТАНСКАЯ ОБЛАСТЬ,РАЙОН БӘЙТЕРЕК
448867,Деятельность по благоустройству территорий,false,,10152000,883,67197000,920,8125000,846,x,1031,,,35315000,957,3,Деятельность по обслуживанию зданий и благоустройству территорий,ЗАПАДНО-КАЗАХСТАНСКАЯ ОБЛАСТЬ,РАЙОН БӘЙТЕРЕК
448868,Деятельность по благоустройству территорий,false,,10152000,883,67197000,920,8125000,846,x,1031,,,35315000,957,4,Деятельность по благоустройству территорий,ЗАПАДНО-КАЗАХСТАНСКАЯ ОБЛАСТЬ,РАЙОН БӘЙТЕРЕК
448869,Деятельность по благоустройству территорий,true,,10152000,883,67197000,920,8125000,846,x,1031,,,35315000,957,5,Деятельность по благоустройству территорий,ЗАПАДНО-КАЗАХСТАНСКАЯ ОБЛАСТЬ,РАЙОН БӘЙТЕРЕК
448870,"Деятельность в области офисного административного и вспомогательного обслуживания, направленная на поддержание коммерческой деятельности",false,,,,,,,,,,10300000,994,36383000,957,2,Деятельность в области административного и вспомогательного обслуживания,ЗАПАДНО-КАЗАХСТАНСКАЯ ОБЛАСТЬ,РАЙОН БӘЙТЕРЕК
448871,Деятельность в области офисного административного и вспомогательного обслуживания,false,,,,,,,,,,10300000,994,36383000,957,3,"Деятельность в области офисного административного и вспомогательного обслуживания, направленная на поддержание коммерческой деятельности",ЗАПАДНО-КАЗАХСТАНСКАЯ ОБЛАСТЬ,РАЙОН БӘЙТЕРЕК
448872,Деятельность по предоставлению комплексных офисных административных услуг,false,,,,,,,,,,10300000,994,36383000,957,4,Деятельность в области офисного административного и вспомогательного обслуживания,ЗАПАДНО-КАЗАХСТАНСКАЯ ОБЛАСТЬ,РАЙОН БӘЙТЕРЕК
448873,Деятельность по предоставлению комплексных офисных административных услуг,true,,,,,,,,,,10300000,994,36383000,957,5,Деятельность по предоставлению комплексных офисных административных услуг,ЗАПАДНО-КАЗАХСТАНСКАЯ ОБЛАСТЬ,РАЙОН БӘЙТЕРЕК
448889,Государственное управление и оборона; обязательное  социальное обеспечение,false,,29359000,883,143381000,920,10916000,846,191800000,1031,403245000,994,48413000,957,1,Всего,ЗАПАДНО-КАЗАХСТАНСКАЯ ОБЛАСТЬ,РАЙОН БӘЙТЕРЕК
448890,Государственное управление и оборона; обязательное социальное обеспечение,false,,29359000,883,143381000,920,10916000,846,191800000,1031,403245000,994,48413000,957,2,Государственное управление и оборона; обязательное  социальное обеспечение,ЗАПАДНО-КАЗАХСТАНСКАЯ ОБЛАСТЬ,РАЙОН БӘЙТЕРЕК
448891,Государственное управление общего характера и управление социально-экономическое политикой общества,false,,29359000,883,141381000,920,10916000,846,188514000,1031,403245000,994,44763000,957,3,Государственное управление и оборона; обязательное социальное обеспечение,ЗАПАДНО-КАЗАХСТАНСКАЯ ОБЛАСТЬ,РАЙОН БӘЙТЕРЕК
448892,Государственное управление общего характера,false,,28699000,883,126928000,920,9727000,846,90218000,1031,197452000,994,23691000,957,4,Государственное управление общего характера и управление социально-экономическое политикой общества,ЗАПАДНО-КАЗАХСТАНСКАЯ ОБЛАСТЬ,РАЙОН БӘЙТЕРЕК
448895,Деятельность местных органов управления,true,,1323000,883,6123000,920,4535000,846,56484000,1031,25801000,994,8972000,957,5,Государственное управление общего характера,ЗАПАДНО-КАЗАХСТАНСКАЯ ОБЛАСТЬ,РАЙОН БӘЙТЕРЕК
448896,Деятельность сельских и поселковых органов управления,true,,27376000,883,x,920,5192000,846,33734000,1031,171651000,994,x,957,5,Государственное управление общего характера,ЗАПАДНО-КАЗАХСТАНСКАЯ ОБЛАСТЬ,РАЙОН БӘЙТЕРЕК
448900,"Регулирование деятельности учреждений здравоохранения, образования, культуры и других социальных услуг, кроме социального обеспечения ",false,,150000,883,12687000,920,748000,846,97763000,1031,154966000,994,20431000,957,4,Государственное управление общего характера и управление социально-экономическое политикой общества,ЗАПАДНО-КАЗАХСТАНСКАЯ ОБЛАСТЬ,РАЙОН БӘЙТЕРЕК
448901,"Регулирование деятельности учреждений здравоохранения, образования, культуры и других социальных услуг, кроме социального обеспечения ",true,,150000,883,12687000,920,748000,846,97763000,1031,154966000,994,20431000,957,5,"Регулирование деятельности учреждений здравоохранения, образования, культуры и других социальных услуг, кроме социального обеспечения ",ЗАПАДНО-КАЗАХСТАНСКАЯ ОБЛАСТЬ,РАЙОН БӘЙТЕРЕК
448902,Регулирование и содействие эффективному ведению экономической деятельности,false,,x,883,1766000,920,x,846,533000,1031,50827000,994,641000,957,4,Государственное управление общего характера и управление социально-экономическое политикой общества,ЗАПАДНО-КАЗАХСТАНСКАЯ ОБЛАСТЬ,РАЙОН БӘЙТЕРЕК
448903,Регулирование и содействие эффективному ведению экономической деятельности,true,,x,883,1766000,920,x,846,533000,1031,50827000,994,641000,957,5,Регулирование и содействие эффективному ведению экономической деятельности,ЗАПАДНО-КАЗАХСТАНСКАЯ ОБЛАСТЬ,РАЙОН БӘЙТЕРЕК
448904,Предоставление государством услуг обществу в целом,false,,,,2000000,920,,,3286000,1031,,,3650000,957,3,Государственное управление и оборона; обязательное социальное обеспечение,ЗАПАДНО-КАЗАХСТАНСКАЯ ОБЛАСТЬ,РАЙОН БӘЙТЕРЕК
448913,Деятельность по обеспечению безопасности в чрезвычайных ситуациях,false,,,,2000000,920,,,3286000,1031,,,3650000,957,4,Предоставление государством услуг обществу в целом,ЗАПАДНО-КАЗАХСТАНСКАЯ ОБЛАСТЬ,РАЙОН БӘЙТЕРЕК
448914,Деятельность по обеспечению безопасности в чрезвычайных ситуациях,true,,,,2000000,920,,,3286000,1031,,,3650000,957,5,Деятельность по обеспечению безопасности в чрезвычайных ситуациях,ЗАПАДНО-КАЗАХСТАНСКАЯ ОБЛАСТЬ,РАЙОН БӘЙТЕРЕК
448918,Образование,false,,852604000,883,1034061000,920,10539000,846,3059656000,1031,7687874000,994,1328330000,957,1,Всего,ЗАПАДНО-КАЗАХСТАНСКАЯ ОБЛАСТЬ,РАЙОН БӘЙТЕРЕК
448919,Образование,false,,852604000,883,1034061000,920,10539000,846,3059656000,1031,7687874000,994,1328330000,957,2,Образование,ЗАПАДНО-КАЗАХСТАНСКАЯ ОБЛАСТЬ,РАЙОН БӘЙТЕРЕК
448920,Дошкольное образование,false,,,,,,9000000,846,,,,,,,3,Образование,ЗАПАДНО-КАЗАХСТАНСКАЯ ОБЛАСТЬ,РАЙОН БӘЙТЕРЕК
448921,Дошкольное образование,false,,,,,,9000000,846,,,,,,,4,Дошкольное образование,ЗАПАДНО-КАЗАХСТАНСКАЯ ОБЛАСТЬ,РАЙОН БӘЙТЕРЕК
448922,Дошкольное образование,true,,,,,,9000000,846,,,,,,,5,Дошкольное образование,ЗАПАДНО-КАЗАХСТАНСКАЯ ОБЛАСТЬ,РАЙОН БӘЙТЕРЕК
448926,Среднее образование (2-й и 3-й уровни),false,,852604000,883,1034061000,920,,,3059656000,1031,7687874000,994,1328330000,957,3,Образование,ЗАПАДНО-КАЗАХСТАНСКАЯ ОБЛАСТЬ,РАЙОН БӘЙТЕРЕК
448927,Основное и общее среднее образование,false,,852604000,883,1034061000,920,,,3059656000,1031,7687874000,994,1328330000,957,4,Среднее образование (2-й и 3-й уровни),ЗАПАДНО-КАЗАХСТАНСКАЯ ОБЛАСТЬ,РАЙОН БӘЙТЕРЕК
448928,Основное и общее среднее образование,true,,852604000,883,1034061000,920,,,3059656000,1031,7687874000,994,1328330000,957,5,Основное и общее среднее образование,ЗАПАДНО-КАЗАХСТАНСКАЯ ОБЛАСТЬ,РАЙОН БӘЙТЕРЕК
448937,Прочие виды образования,false,,,,,,1539000,846,,,,,,,3,Образование,ЗАПАДНО-КАЗАХСТАНСКАЯ ОБЛАСТЬ,РАЙОН БӘЙТЕРЕК
448944,"Прочие виды образования, не включенные в другие группировки",false,,,,,,1539000,846,,,,,,,4,Прочие виды образования,ЗАПАДНО-КАЗАХСТАНСКАЯ ОБЛАСТЬ,РАЙОН БӘЙТЕРЕК
448946,"Прочая деятельность в области образования, не включенная в другие группировки",true,,,,,,1539000,846,,,,,,,5,"Прочие виды образования, не включенные в другие группировки",ЗАПАДНО-КАЗАХСТАНСКАЯ ОБЛАСТЬ,РАЙОН БӘЙТЕРЕК
448950,Здравоохранение и социальное обслуживание населения,false,,58387000,883,169858000,920,11290000,846,2272709000,1031,798628000,994,176100000,957,1,Всего,ЗАПАДНО-КАЗАХСТАНСКАЯ ОБЛАСТЬ,РАЙОН БӘЙТЕРЕК
448951,Деятельность в области здравоохранения,false,,3603000,883,169858000,920,,,2272709000,1031,798628000,994,176100000,957,2,Здравоохранение и социальное обслуживание населения,ЗАПАДНО-КАЗАХСТАНСКАЯ ОБЛАСТЬ,РАЙОН БӘЙТЕРЕК
448952,Деятельность больничных организаций,false,,3603000,883,169378000,920,,,1905554000,1031,463473000,994,170940000,957,3,Деятельность в области здравоохранения,ЗАПАДНО-КАЗАХСТАНСКАЯ ОБЛАСТЬ,РАЙОН БӘЙТЕРЕК
448953,Деятельность больничных организаций,false,,3603000,883,169378000,920,,,1905554000,1031,463473000,994,170940000,957,4,Деятельность больничных организаций,ЗАПАДНО-КАЗАХСТАНСКАЯ ОБЛАСТЬ,РАЙОН БӘЙТЕРЕК
448954,Деятельность больниц широкого профиля и специализированных больниц,true,,3603000,883,169378000,920,,,307131000,1031,286764000,994,166103000,957,5,Деятельность больничных организаций,ЗАПАДНО-КАЗАХСТАНСКАЯ ОБЛАСТЬ,РАЙОН БӘЙТЕРЕК
448958,"Деятельность других лечебных учреждений, имеющих стационары",true,,,,,,,,1598423000,1031,176709000,994,4837000,957,5,Деятельность больничных организаций,ЗАПАДНО-КАЗАХСТАНСКАЯ ОБЛАСТЬ,РАЙОН БӘЙТЕРЕК
448959,Деятельность в области врачебной практики и стоматологии,false,,,,,,,,367155000,1031,335155000,994,5160000,957,3,Деятельность в области здравоохранения,ЗАПАДНО-КАЗАХСТАНСКАЯ ОБЛАСТЬ,РАЙОН БӘЙТЕРЕК
448960,Общая врачебная практика,false,,,,,,,,367155000,1031,335155000,994,5160000,957,4,Деятельность в области врачебной практики и стоматологии,ЗАПАДНО-КАЗАХСТАНСКАЯ ОБЛАСТЬ,РАЙОН БӘЙТЕРЕК
448961,Общая врачебная практика,true,,,,,,,,367155000,1031,335155000,994,5160000,957,5,Общая врачебная практика,ЗАПАДНО-КАЗАХСТАНСКАЯ ОБЛАСТЬ,РАЙОН БӘЙТЕРЕК
448966,Прочая деятельность в области здравоохранения ,false,,,,x,920,,,,,,,,,3,Деятельность в области здравоохранения,ЗАПАДНО-КАЗАХСТАНСКАЯ ОБЛАСТЬ,РАЙОН БӘЙТЕРЕК
448967,Прочая деятельность в области здравоохранения ,false,,,,x,920,,,,,,,,,4,Прочая деятельность в области здравоохранения ,ЗАПАДНО-КАЗАХСТАНСКАЯ ОБЛАСТЬ,РАЙОН БӘЙТЕРЕК
448968,Прочая деятельность в области здравоохранения ,true,,,,x,920,,,,,,,,,5,Прочая деятельность в области здравоохранения ,ЗАПАДНО-КАЗАХСТАНСКАЯ ОБЛАСТЬ,РАЙОН БӘЙТЕРЕК
448969,Предоставление социальных услуг с обеспечением проживания,false,,54784000,883,,,11290000,846,,,,,,,2,Здравоохранение и социальное обслуживание населения,ЗАПАДНО-КАЗАХСТАНСКАЯ ОБЛАСТЬ,РАЙОН БӘЙТЕРЕК
448973,"Предоставление социальных услуг с обеспечением проживания лицам, страдающим психическими расстройствами (заболеваниями), с умственными и физическими недостатками, алкогольной или наркотической зависимостью",false,,54784000,883,,,11290000,846,,,,,,,3,Предоставление социальных услуг с обеспечением проживания,ЗАПАДНО-КАЗАХСТАНСКАЯ ОБЛАСТЬ,РАЙОН БӘЙТЕРЕК
448974,"Предоставление социальных услуг с обеспечением проживания лицам, страдающим психическими расстройствами (заболеваниями), с умственными и физическими недостатками, алкогольной или наркотической зависимостью",false,,54784000,883,,,11290000,846,,,,,,,4,"Предоставление социальных услуг с обеспечением проживания лицам, страдающим психическими расстройствами (заболеваниями), с умственными и физическими недостатками, алкогольной или наркотической зависимостью",ЗАПАДНО-КАЗАХСТАНСКАЯ ОБЛАСТЬ,РАЙОН БӘЙТЕРЕК
448975,"Предоставление социальных услуг с обеспечением проживания лицам, страдающим психическими расстройствами (заболеваниями), с умственными и физическими недостатками, алкогольной или наркотической зависимостью",true,,54784000,883,,,11290000,846,,,,,,,5,"Предоставление социальных услуг с обеспечением проживания лицам, страдающим психическими расстройствами (заболеваниями), с умственными и физическими недостатками, алкогольной или наркотической зависимостью",ЗАПАДНО-КАЗАХСТАНСКАЯ ОБЛАСТЬ,РАЙОН БӘЙТЕРЕК
448991,"Искусство, развлечения и отдых",false,,,,749054000,920,x,846,712452000,1031,1378321000,994,185982000,957,1,Всего,ЗАПАДНО-КАЗАХСТАНСКАЯ ОБЛАСТЬ,РАЙОН БӘЙТЕРЕК
449022,"Деятельность в области спорта, организации отдыха и развлечений",false,,,,749054000,920,x,846,712452000,1031,1378321000,994,185982000,957,2,"Искусство, развлечения и отдых",ЗАПАДНО-КАЗАХСТАНСКАЯ ОБЛАСТЬ,РАЙОН БӘЙТЕРЕК
449032,Деятельность по организации отдыха и развлечений,false,,,,749054000,920,x,846,712452000,1031,1378321000,994,185982000,957,3,"Деятельность в области спорта, организации отдыха и развлечений",ЗАПАДНО-КАЗАХСТАНСКАЯ ОБЛАСТЬ,РАЙОН БӘЙТЕРЕК
449033,Деятельность развлекательных и тематических парков,false,,,,,,,,,,1230472000,994,,,4,Деятельность по организации отдыха и развлечений,ЗАПАДНО-КАЗАХСТАНСКАЯ ОБЛАСТЬ,РАЙОН БӘЙТЕРЕК
449034,Деятельность развлекательных и тематических парков,true,,,,,,,,,,1230472000,994,,,5,Деятельность развлекательных и тематических парков,ЗАПАДНО-КАЗАХСТАНСКАЯ ОБЛАСТЬ,РАЙОН БӘЙТЕРЕК
449035,Прочая деятельность по организации отдыха и развлечений,false,,,,749054000,920,x,846,712452000,1031,147849000,994,185982000,957,4,Деятельность по организации отдыха и развлечений,ЗАПАДНО-КАЗАХСТАНСКАЯ ОБЛАСТЬ,РАЙОН БӘЙТЕРЕК
449039,Прочие виды деятельности по организации отдыха и развлечений,true,,,,749054000,920,x,846,712452000,1031,147849000,994,185982000,957,5,Прочая деятельность по организации отдыха и развлечений,ЗАПАДНО-КАЗАХСТАНСКАЯ ОБЛАСТЬ,РАЙОН БӘЙТЕРЕК
741340,Промышленность,false,,10801509000,883,15443375000,920,131439655000,846,47690500000,1031,12827674000,994,11144372000,957,1,Всего,ЗАПАДНО-КАЗАХСТАНСКАЯ ОБЛАСТЬ,РАЙОН БӘЙТЕРЕК
447279,Горнодобывающая промышленность и разработка карьеров,false,,7899022000,883,12263019000,920,129156918000,846,44519519000,1031,10903170000,994,6233899000,957,2,Промышленность,ЗАПАДНО-КАЗАХСТАНСКАЯ ОБЛАСТЬ,РАЙОН БӘЙТЕРЕК
447291,Добыча сырой нефти и природного газа,false,,7899022000,883,12263019000,920,129156918000,846,44519519000,1031,10813572000,994,6233899000,957,3,Горнодобывающая промышленность и разработка карьеров,ЗАПАДНО-КАЗАХСТАНСКАЯ ОБЛАСТЬ,РАЙОН БӘЙТЕРЕК
447292,Добыча сырой нефти,false,,5935302000,883,4769206000,920,128810325000,846,15529013000,1031,9137485000,994,5981865000,957,4,Добыча сырой нефти и природного газа,ЗАПАДНО-КАЗАХСТАНСКАЯ ОБЛАСТЬ,РАЙОН БӘЙТЕРЕК
447293,Добыча сырой нефти,false,,5935302000,883,4769206000,920,128810325000,846,15529013000,1031,9137485000,994,5981865000,957,5,Добыча сырой нефти,ЗАПАДНО-КАЗАХСТАНСКАЯ ОБЛАСТЬ,РАЙОН БӘЙТЕРЕК
447295,Добыча природного газа,false,,1963720000,883,7493813000,920,x,846,28990506000,1031,1676087000,994,252034000,957,4,Добыча сырой нефти и природного газа,ЗАПАДНО-КАЗАХСТАНСКАЯ ОБЛАСТЬ,РАЙОН БӘЙТЕРЕК
447296,Добыча природного газа,false,,1963720000,883,7493813000,920,x,846,28990506000,1031,1676087000,994,252034000,957,5,Добыча природного газа,ЗАПАДНО-КАЗАХСТАНСКАЯ ОБЛАСТЬ,РАЙОН БӘЙТЕРЕК
447339,Предоставление услуг в горнодобывающей промышленности,false,,,,,,,,,,89598000,994,,,3,Горнодобывающая промышленность и разработка карьеров,ЗАПАДНО-КАЗАХСТАНСКАЯ ОБЛАСТЬ,РАЙОН БӘЙТЕРЕК
447340,"Предоставление услуг, способствующих добыче нефти и природного газа",false,,,,,,,,,,89598000,994,,,4,Предоставление услуг в горнодобывающей промышленности,ЗАПАДНО-КАЗАХСТАНСКАЯ ОБЛАСТЬ,РАЙОН БӘЙТЕРЕК
447341,"Предоставление услуг, способствующих добыче нефти и природного газа",false,,,,,,,,,,89598000,994,,,5,"Предоставление услуг, способствующих добыче нефти и природного газа",ЗАПАДНО-КАЗАХСТАНСКАЯ ОБЛАСТЬ,РАЙОН БӘЙТЕРЕК
447346,Обрабатывающая промышленность,false,,387226000,883,566844000,920,326859000,846,1548594000,1031,832631000,994,363935000,957,2,Промышленность,ЗАПАДНО-КАЗАХСТАНСКАЯ ОБЛАСТЬ,РАЙОН БӘЙТЕРЕК
447347,Производство продуктов питания,false,,319332000,883,64993000,920,15581000,846,1412841000,1031,666534000,994,333489000,957,3,Обрабатывающая промышленность,ЗАПАДНО-КАЗАХСТАНСКАЯ ОБЛАСТЬ,РАЙОН БӘЙТЕРЕК
447348,Переработка и консервирование мяса и производство мясной продукции,false,,x,883,x,920,,,580686000,1031,151005000,994,x,957,4,Производство продуктов питания,ЗАПАДНО-КАЗАХСТАНСКАЯ ОБЛАСТЬ,РАЙОН БӘЙТЕРЕК
447349,Переработка и консервирование мяса,false,,,,,,,,220203000,1031,960000,994,,,5,Переработка и консервирование мяса и производство мясной продукции,ЗАПАДНО-КАЗАХСТАНСКАЯ ОБЛАСТЬ,РАЙОН БӘЙТЕРЕК
447353,Производство продуктов из мяса и мяса сельскохозяйственной птицы ,false,,x,883,x,920,,,x,1031,150045000,994,x,957,5,Переработка и консервирование мяса и производство мясной продукции,ЗАПАДНО-КАЗАХСТАНСКАЯ ОБЛАСТЬ,РАЙОН БӘЙТЕРЕК
447358,Переработка и консервирование фруктов и овощей,false,,,,,,,,,,,,120000000,957,4,Производство продуктов питания,ЗАПАДНО-КАЗАХСТАНСКАЯ ОБЛАСТЬ,РАЙОН БӘЙТЕРЕК
447363,Прочие виды переработки и консервирования фруктов и овощей,false,,,,,,,,,,,,120000000,957,5,Переработка и консервирование фруктов и овощей,ЗАПАДНО-КАЗАХСТАНСКАЯ ОБЛАСТЬ,РАЙОН БӘЙТЕРЕК
447377,"Производство мукомольно-крупяных продуктов, крахмалов и крахмальных продуктов",false,,95817000,883,x,920,15581000,846,x,1031,x,994,x,957,4,Производство продуктов питания,ЗАПАДНО-КАЗАХСТАНСКАЯ ОБЛАСТЬ,РАЙОН БӘЙТЕРЕК
447378,Производство мукомольно-крупяных продуктов,false,,95817000,883,x,920,15581000,846,x,1031,x,994,x,957,5,"Производство мукомольно-крупяных продуктов, крахмалов и крахмальных продуктов",ЗАПАДНО-КАЗАХСТАНСКАЯ ОБЛАСТЬ,РАЙОН БӘЙТЕРЕК
447413,Производство напитков,false,,x,883,x,920,x,846,x,1031,x,994,x,957,3,Обрабатывающая промышленность,ЗАПАДНО-КАЗАХСТАНСКАЯ ОБЛАСТЬ,РАЙОН БӘЙТЕРЕК
447414,Производство напитков,false,,x,883,x,920,x,846,x,1031,x,994,x,957,4,Производство напитков,ЗАПАДНО-КАЗАХСТАНСКАЯ ОБЛАСТЬ,РАЙОН БӘЙТЕРЕК
447427,"Производство безалкогольных напитков, минеральных вод и других вод в бутылках",false,,x,883,x,920,x,846,x,1031,x,994,x,957,5,Производство напитков,ЗАПАДНО-КАЗАХСТАНСКАЯ ОБЛАСТЬ,РАЙОН БӘЙТЕРЕК
447572,Производство продуктов химической промышленности,false,,x,883,,,,,,,,,,,3,Обрабатывающая промышленность,ЗАПАДНО-КАЗАХСТАНСКАЯ ОБЛАСТЬ,РАЙОН БӘЙТЕРЕК
447598,"Производство мыла, моющих, чистящих, полирующих, парфюмерных и косметических средств",false,,x,883,,,,,,,,,,,4,Производство продуктов химической промышленности,ЗАПАДНО-КАЗАХСТАНСКАЯ ОБЛАСТЬ,РАЙОН БӘЙТЕРЕК
447599,"Производство мыла и моющих, чистящих и полирующих средств",false,,x,883,,,,,,,,,,,5,"Производство мыла, моющих, чистящих, полирующих, парфюмерных и косметических средств",ЗАПАДНО-КАЗАХСТАНСКАЯ ОБЛАСТЬ,РАЙОН БӘЙТЕРЕК
447646,Производство прочей не металлической минеральной продукции,false,,x,883,486142000,920,x,846,x,1031,x,994,,,3,Обрабатывающая промышленность,ЗАПАДНО-КАЗАХСТАНСКАЯ ОБЛАСТЬ,РАЙОН БӘЙТЕРЕК
447664,Производство строительных материалов из глины,false,,x,883,437350000,920,x,846,,,,,,,4,Производство прочей не металлической минеральной продукции,ЗАПАДНО-КАЗАХСТАНСКАЯ ОБЛАСТЬ,РАЙОН БӘЙТЕРЕК
447667,"Производство кирпича, черепицы и прочих строительных изделий из обожженной глины",false,,x,883,437350000,920,x,846,,,,,,,5,Производство строительных материалов из глины,ЗАПАДНО-КАЗАХСТАНСКАЯ ОБЛАСТЬ,РАЙОН БӘЙТЕРЕК
447688,"Производство изделий из бетона, цемента и строительного гипса ",false,,,,x,920,,,x,1031,x,994,,,4,Производство прочей не металлической минеральной продукции,ЗАПАДНО-КАЗАХСТАНСКАЯ ОБЛАСТЬ,РАЙОН БӘЙТЕРЕК
447695,Производство товарного бетона ,false,,,,x,920,,,x,1031,x,994,,,5,"Производство изделий из бетона, цемента и строительного гипса ",ЗАПАДНО-КАЗАХСТАНСКАЯ ОБЛАСТЬ,РАЙОН БӘЙТЕРЕК
447707,Производство абразивных изделий и прочей неметаллической минеральной продукции,false,,,,,,,,x,1031,,,,,4,Производство прочей не металлической минеральной продукции,ЗАПАДНО-КАЗАХСТАНСКАЯ ОБЛАСТЬ,РАЙОН БӘЙТЕРЕК
447710,"Производство прочей неметаллической минеральной продукции, не включенной в другие группировки",false,,,,,,,,x,1031,,,,,5,Производство абразивных изделий и прочей неметаллической минеральной продукции,ЗАПАДНО-КАЗАХСТАНСКАЯ ОБЛАСТЬ,РАЙОН БӘЙТЕРЕК
447760,"Производство готовых металлических изделий, кроме машин и оборудования",false,,,,,,,,4983000,1031,,,,,3,Обрабатывающая промышленность,ЗАПАДНО-КАЗАХСТАНСКАЯ ОБЛАСТЬ,РАЙОН БӘЙТЕРЕК
447797,Производство прочих готовых металлических изделий,false,,,,,,,,4983000,1031,,,,,4,"Производство готовых металлических изделий, кроме машин и оборудования",ЗАПАДНО-КАЗАХСТАНСКАЯ ОБЛАСТЬ,РАЙОН БӘЙТЕРЕК
447807,"Производство прочих готовых металлических изделий, не включенных в другие группировки",false,,,,,,,,4983000,1031,,,,,5,Производство прочих готовых металлических изделий,ЗАПАДНО-КАЗАХСТАНСКАЯ ОБЛАСТЬ,РАЙОН БӘЙТЕРЕК
447849,Производство электрического оборудования,false,,,,,,,,8817000,1031,x,994,,,3,Обрабатывающая промышленность,ЗАПАДНО-КАЗАХСТАНСКАЯ ОБЛАСТЬ,РАЙОН БӘЙТЕРЕК
447850,"Производство электродвигателей, генераторов, трансформаторов и электрораспределительной и регулирующей аппаратуры",false,,,,,,,,8817000,1031,x,994,,,4,Производство электрического оборудования,ЗАПАДНО-КАЗАХСТАНСКАЯ ОБЛАСТЬ,РАЙОН БӘЙТЕРЕК
447851,"Производство электродвигателей, генераторов и трансформаторов",false,,,,,,,,8817000,1031,x,994,,,5,"Производство электродвигателей, генераторов, трансформаторов и электрораспределительной и регулирующей аппаратуры",ЗАПАДНО-КАЗАХСТАНСКАЯ ОБЛАСТЬ,РАЙОН БӘЙТЕРЕК
448090,"Снабжение электроэнергией, газом, паром, горячей водой и кондиционированным воздухом",false,,1294350000,883,1213075000,920,766464000,846,1578891000,1031,820149000,994,2635818000,957,2,Промышленность,ЗАПАДНО-КАЗАХСТАНСКАЯ ОБЛАСТЬ,РАЙОН БӘЙТЕРЕК
448091,"Снабжение электроэнергией, газом, паром, горячей водой и кондиционированным воздухом",false,,1294350000,883,1213075000,920,766464000,846,1578891000,1031,820149000,994,2635818000,957,3,"Снабжение электроэнергией, газом, паром, горячей водой и кондиционированным воздухом",ЗАПАДНО-КАЗАХСТАНСКАЯ ОБЛАСТЬ,РАЙОН БӘЙТЕРЕК
448092,"Производство, передача и распределение электроэнергии",false,,1272396000,883,846386000,920,681733000,846,945841000,1031,178036000,994,1827239000,957,4,"Снабжение электроэнергией, газом, паром, горячей водой и кондиционированным воздухом",ЗАПАДНО-КАЗАХСТАНСКАЯ ОБЛАСТЬ,РАЙОН БӘЙТЕРЕК
448093,Производство электроэнергии,false,,721237000,883,547684000,920,525395000,846,294754000,1031,126539000,994,1548575000,957,5,"Производство, передача и распределение электроэнергии",ЗАПАДНО-КАЗАХСТАНСКАЯ ОБЛАСТЬ,РАЙОН БӘЙТЕРЕК
448098,Передача электроэнергии,false,,551159000,883,x,920,x,846,110406000,1031,,,,,5,"Производство, передача и распределение электроэнергии",ЗАПАДНО-КАЗАХСТАНСКАЯ ОБЛАСТЬ,РАЙОН БӘЙТЕРЕК
448100,Распределение электроэнергии,false,,,,35184000,920,100714000,846,540681000,1031,51497000,994,278664000,957,5,"Производство, передача и распределение электроэнергии",ЗАПАДНО-КАЗАХСТАНСКАЯ ОБЛАСТЬ,РАЙОН БӘЙТЕРЕК
448104,Производство и распределение газообразного топлива по трубопроводам,false,,21954000,883,366689000,920,84731000,846,633050000,1031,x,994,808579000,957,4,"Снабжение электроэнергией, газом, паром, горячей водой и кондиционированным воздухом",ЗАПАДНО-КАЗАХСТАНСКАЯ ОБЛАСТЬ,РАЙОН БӘЙТЕРЕК
448107,Распределение газообразного топлива по трубопроводам,false,,21954000,883,366689000,920,84731000,846,633050000,1031,x,994,808579000,957,5,Производство и распределение газообразного топлива по трубопроводам,ЗАПАДНО-КАЗАХСТАНСКАЯ ОБЛАСТЬ,РАЙОН БӘЙТЕРЕК
448117,"Водоснабжение; сбор, обработка и удаление отходов, деятельность по ликвидации загрязнений",false,,1220911000,883,1400437000,920,1189414000,846,43496000,1031,271724000,994,1910720000,957,2,Промышленность,ЗАПАДНО-КАЗАХСТАНСКАЯ ОБЛАСТЬ,РАЙОН БӘЙТЕРЕК
448118,"Сбор, обработка и распределение воды",false,,1186244000,883,1400437000,920,1182299000,846,43496000,1031,271724000,994,1910720000,957,3,"Водоснабжение; сбор, обработка и удаление отходов, деятельность по ликвидации загрязнений",ЗАПАДНО-КАЗАХСТАНСКАЯ ОБЛАСТЬ,РАЙОН БӘЙТЕРЕК
448119,"Сбор, обработка и распределение воды",false,,1186244000,883,1400437000,920,1182299000,846,43496000,1031,271724000,994,1910720000,957,4,"Сбор, обработка и распределение воды",ЗАПАДНО-КАЗАХСТАНСКАЯ ОБЛАСТЬ,РАЙОН БӘЙТЕРЕК
448120,"Сбор, обработка и распределение воды",false,,1186244000,883,1400437000,920,1182299000,846,43496000,1031,271724000,994,1910720000,957,5,"Сбор, обработка и распределение воды",ЗАПАДНО-КАЗАХСТАНСКАЯ ОБЛАСТЬ,РАЙОН БӘЙТЕРЕК
448122,Сбор и обработка сточных вод,false,,34667000,883,,,7115000,846,,,,,,,3,"Водоснабжение; сбор, обработка и удаление отходов, деятельность по ликвидации загрязнений",ЗАПАДНО-КАЗАХСТАНСКАЯ ОБЛАСТЬ,РАЙОН БӘЙТЕРЕК
448123,Сбор и обработка сточных вод,false,,34667000,883,,,7115000,846,,,,,,,4,Сбор и обработка сточных вод,ЗАПАДНО-КАЗАХСТАНСКАЯ ОБЛАСТЬ,РАЙОН БӘЙТЕРЕК
448124,Сбор и обработка сточных вод,false,,34667000,883,,,7115000,846,,,,,,,5,Сбор и обработка сточных вод,ЗАПАДНО-КАЗАХСТАНСКАЯ ОБЛАСТЬ,РАЙОН БӘЙТЕРЕК
741885,Всего,false,,11097836000,883,10003812000,920,9337509000,846,19754605000,1031,20629711000,994,11360930000,957,0,,ЗАПАДНО-КАЗАХСТАНСКАЯ ОБЛАСТЬ,КАЗТАЛОВСКИЙ РАЙОН
447173,"Сельское, лесное и рыбное хозяйство",false,,2389015000,883,1185776000,920,595973000,846,1992875000,1031,1367044000,994,1182645000,957,1,Всего,ЗАПАДНО-КАЗАХСТАНСКАЯ ОБЛАСТЬ,КАЗТАЛОВСКИЙ РАЙОН
447174,"Растениеводство и животноводство, охота и предоставление услуг в этих областях",false,,2389015000,883,1185776000,920,595973000,846,1992875000,1031,1367044000,994,1182645000,957,2,"Сельское, лесное и рыбное хозяйство",ЗАПАДНО-КАЗАХСТАНСКАЯ ОБЛАСТЬ,КАЗТАЛОВСКИЙ РАЙОН
447218,Животноводство,false,,2131618000,883,948889000,920,560278000,846,1525549000,1031,971244000,994,874378000,957,3,"Растениеводство и животноводство, охота и предоставление услуг в этих областях",ЗАПАДНО-КАЗАХСТАНСКАЯ ОБЛАСТЬ,КАЗТАЛОВСКИЙ РАЙОН
447219,Разведение крупного рогатого скота молочного направления,false,,19190000,883,64302000,920,35975000,846,170861000,1031,102943000,994,75607000,957,4,Животноводство,ЗАПАДНО-КАЗАХСТАНСКАЯ ОБЛАСТЬ,КАЗТАЛОВСКИЙ РАЙОН
447220,Разведение крупного рогатого скота молочного направления,true,,19190000,883,64302000,920,35975000,846,170861000,1031,102943000,994,75607000,957,5,Разведение крупного рогатого скота молочного направления,ЗАПАДНО-КАЗАХСТАНСКАЯ ОБЛАСТЬ,КАЗТАЛОВСКИЙ РАЙОН
447221,Разведение прочего крупного рогатого скота и буйволов,false,,2079328000,883,773063000,920,440833000,846,1124093000,1031,737409000,994,670090000,957,4,Животноводство,ЗАПАДНО-КАЗАХСТАНСКАЯ ОБЛАСТЬ,КАЗТАЛОВСКИЙ РАЙОН
447222,Разведение прочего крупного рогатого скота и буйволов,true,,2079328000,883,773063000,920,440833000,846,1124093000,1031,737409000,994,670090000,957,5,Разведение прочего крупного рогатого скота и буйволов,ЗАПАДНО-КАЗАХСТАНСКАЯ ОБЛАСТЬ,КАЗТАЛОВСКИЙ РАЙОН
447228,Разведение овец и коз,false,,19770000,883,86502000,920,47210000,846,82000000,1031,42552000,994,79550000,957,4,Животноводство,ЗАПАДНО-КАЗАХСТАНСКАЯ ОБЛАСТЬ,КАЗТАЛОВСКИЙ РАЙОН
447229,Разведение овец и коз,true,,19770000,883,86502000,920,47210000,846,82000000,1031,42552000,994,79550000,957,5,Разведение овец и коз,ЗАПАДНО-КАЗАХСТАНСКАЯ ОБЛАСТЬ,КАЗТАЛОВСКИЙ РАЙОН
447237,Разведение прочих видов животных,false,,13330000,883,25022000,920,36260000,846,148595000,1031,88340000,994,49131000,957,4,Животноводство,ЗАПАДНО-КАЗАХСТАНСКАЯ ОБЛАСТЬ,КАЗТАЛОВСКИЙ РАЙОН
447238,Разведение прочих видов животных,true,,13330000,883,25022000,920,36260000,846,148595000,1031,88340000,994,49131000,957,5,Разведение прочих видов животных,ЗАПАДНО-КАЗАХСТАНСКАЯ ОБЛАСТЬ,КАЗТАЛОВСКИЙ РАЙОН
447239,Смешанное сельское хозяйство,false,,257397000,883,236887000,920,35695000,846,467326000,1031,395800000,994,308267000,957,3,"Растениеводство и животноводство, охота и предоставление услуг в этих областях",ЗАПАДНО-КАЗАХСТАНСКАЯ ОБЛАСТЬ,КАЗТАЛОВСКИЙ РАЙОН
447240,Смешанное сельское хозяйство,false,,257397000,883,236887000,920,35695000,846,467326000,1031,395800000,994,308267000,957,4,Смешанное сельское хозяйство,ЗАПАДНО-КАЗАХСТАНСКАЯ ОБЛАСТЬ,КАЗТАЛОВСКИЙ РАЙОН
447241,Смешанное сельское хозяйство,true,,257397000,883,236887000,920,35695000,846,467326000,1031,395800000,994,308267000,957,5,Смешанное сельское хозяйство,ЗАПАДНО-КАЗАХСТАНСКАЯ ОБЛАСТЬ,КАЗТАЛОВСКИЙ РАЙОН
448148,Строительство,false,,x,883,96714000,920,3430000,846,,,,,57116000,957,1,Всего,ЗАПАДНО-КАЗАХСТАНСКАЯ ОБЛАСТЬ,КАЗТАЛОВСКИЙ РАЙОН
18710963,Строительство зданий,false,,,,9604000,920,,,,,,,,,2,Строительство,ЗАПАДНО-КАЗАХСТАНСКАЯ ОБЛАСТЬ,КАЗТАЛОВСКИЙ РАЙОН
18710967,Строительство жилых и нежилых зданий,false,,,,9604000,920,,,,,,,,,3,Строительство зданий,ЗАПАДНО-КАЗАХСТАНСКАЯ ОБЛАСТЬ,КАЗТАЛОВСКИЙ РАЙОН
18710968,Строительство жилых и нежилых зданий,false,,,,9604000,920,,,,,,,,,4,Строительство жилых и нежилых зданий,ЗАПАДНО-КАЗАХСТАНСКАЯ ОБЛАСТЬ,КАЗТАЛОВСКИЙ РАЙОН
18710969,Строительство жилых зданий,true,,,,6494000,920,,,,,,,,,5,Строительство жилых и нежилых зданий,ЗАПАДНО-КАЗАХСТАНСКАЯ ОБЛАСТЬ,КАЗТАЛОВСКИЙ РАЙОН
18801543,"Строительство нежилых зданий, за исключением стационарных торговых объектов категорий 1, 2",true,,,,3110000,920,,,,,,,,,5,Строительство жилых и нежилых зданий,ЗАПАДНО-КАЗАХСТАНСКАЯ ОБЛАСТЬ,КАЗТАЛОВСКИЙ РАЙОН
448157,Гражданское строительство,false,,x,883,,,3430000,846,,,,,,,2,Строительство,ЗАПАДНО-КАЗАХСТАНСКАЯ ОБЛАСТЬ,КАЗТАЛОВСКИЙ РАЙОН
448158,Строительство автомобильных и железных дорог,false,,x,883,,,,,,,,,,,3,Гражданское строительство,ЗАПАДНО-КАЗАХСТАНСКАЯ ОБЛАСТЬ,КАЗТАЛОВСКИЙ РАЙОН
18696143,Строительство автомобильных дорог,false,,x,883,,,,,,,,,,,4,Строительство автомобильных и железных дорог,ЗАПАДНО-КАЗАХСТАНСКАЯ ОБЛАСТЬ,КАЗТАЛОВСКИЙ РАЙОН
18946136,Строительство дорог и автомагистралей,true,,x,883,,,,,,,,,,,5,Строительство автомобильных дорог,ЗАПАДНО-КАЗАХСТАНСКАЯ ОБЛАСТЬ,КАЗТАЛОВСКИЙ РАЙОН
448165,Строительство распределительных инженерных сооружений,false,,,,,,3430000,846,,,,,,,3,Гражданское строительство,ЗАПАДНО-КАЗАХСТАНСКАЯ ОБЛАСТЬ,КАЗТАЛОВСКИЙ РАЙОН
448166,Строительство трубопроводов,false,,,,,,3430000,846,,,,,,,4,Строительство распределительных инженерных сооружений,ЗАПАДНО-КАЗАХСТАНСКАЯ ОБЛАСТЬ,КАЗТАЛОВСКИЙ РАЙОН
448168,Строительство трубопроводов для систем водоснабжения и канализации,true,,,,,,3430000,846,,,,,,,5,Строительство трубопроводов,ЗАПАДНО-КАЗАХСТАНСКАЯ ОБЛАСТЬ,КАЗТАЛОВСКИЙ РАЙОН
448177,Специализированные строительные работы,false,,,,87110000,920,,,,,,,57116000,957,2,Строительство,ЗАПАДНО-КАЗАХСТАНСКАЯ ОБЛАСТЬ,КАЗТАЛОВСКИЙ РАЙОН
448207,Прочие специализированные строительные работы,false,,,,87110000,920,,,,,,,57116000,957,3,Специализированные строительные работы,ЗАПАДНО-КАЗАХСТАНСКАЯ ОБЛАСТЬ,КАЗТАЛОВСКИЙ РАЙОН
448210,"Прочие специализированные строительные работы, не включенные в другие группировки",false,,,,87110000,920,,,,,,,57116000,957,4,Прочие специализированные строительные работы,ЗАПАДНО-КАЗАХСТАНСКАЯ ОБЛАСТЬ,КАЗТАЛОВСКИЙ РАЙОН
448214,"Прочие строительные работы, требующие специальной квалификации",true,,,,87110000,920,,,,,,,57116000,957,5,"Прочие специализированные строительные работы, не включенные в другие группировки",ЗАПАДНО-КАЗАХСТАНСКАЯ ОБЛАСТЬ,КАЗТАЛОВСКИЙ РАЙОН
448475,Транспорт и складирование,false,,5525172000,883,4328732000,920,3671050000,846,15085204000,1031,15110509000,994,6904585000,957,1,Всего,ЗАПАДНО-КАЗАХСТАНСКАЯ ОБЛАСТЬ,КАЗТАЛОВСКИЙ РАЙОН
448476,Деятельность сухопутного и трубопроводного транспорта ,false,,413704000,883,182469000,920,24768000,846,3535683000,1031,966027000,994,x,957,2,Транспорт и складирование,ЗАПАДНО-КАЗАХСТАНСКАЯ ОБЛАСТЬ,КАЗТАЛОВСКИЙ РАЙОН
448483,Деятельность прочего пассажирского сухопутного транспорта,false,,46500000,883,,,,,,,,,,,3,Деятельность сухопутного и трубопроводного транспорта ,ЗАПАДНО-КАЗАХСТАНСКАЯ ОБЛАСТЬ,КАЗТАЛОВСКИЙ РАЙОН
448484,Деятельность сухопутного транспорта по городским и пригородным пассажирским перевозкам,false,,46500000,883,,,,,,,,,,,4,Деятельность прочего пассажирского сухопутного транспорта,ЗАПАДНО-КАЗАХСТАНСКАЯ ОБЛАСТЬ,КАЗТАЛОВСКИЙ РАЙОН
448485,Перевозки автобусами,true,,46500000,883,,,,,,,,,,,5,Деятельность сухопутного транспорта по городским и пригородным пассажирским перевозкам,ЗАПАДНО-КАЗАХСТАНСКАЯ ОБЛАСТЬ,КАЗТАЛОВСКИЙ РАЙОН
448499,Деятельность трубопроводного транспорта,false,,367204000,883,182469000,920,24768000,846,3535683000,1031,966027000,994,x,957,3,Деятельность сухопутного и трубопроводного транспорта ,ЗАПАДНО-КАЗАХСТАНСКАЯ ОБЛАСТЬ,КАЗТАЛОВСКИЙ РАЙОН
448500,Деятельность трубопроводного транспорта,false,,367204000,883,182469000,920,24768000,846,3535683000,1031,966027000,994,x,957,4,Деятельность трубопроводного транспорта,ЗАПАДНО-КАЗАХСТАНСКАЯ ОБЛАСТЬ,КАЗТАЛОВСКИЙ РАЙОН
448501,Деятельность трубопроводного транспорта,true,,367204000,883,182469000,920,24768000,846,3535683000,1031,966027000,994,x,957,5,Деятельность трубопроводного транспорта,ЗАПАДНО-КАЗАХСТАНСКАЯ ОБЛАСТЬ,КАЗТАЛОВСКИЙ РАЙОН
448527,Складирование грузов и вспомогательная транспортная деятельность,false,,5111468000,883,4146263000,920,3646282000,846,11549521000,1031,14144482000,994,6882975000,957,2,Транспорт и складирование,ЗАПАДНО-КАЗАХСТАНСКАЯ ОБЛАСТЬ,КАЗТАЛОВСКИЙ РАЙОН
448533,Вспомогательная транспортная деятельность,false,,5111468000,883,4146263000,920,3646282000,846,11549521000,1031,14144482000,994,6882975000,957,3,Складирование грузов и вспомогательная транспортная деятельность,ЗАПАДНО-КАЗАХСТАНСКАЯ ОБЛАСТЬ,КАЗТАЛОВСКИЙ РАЙОН
448534,Вспомогательная деятельность сухопутного транспорта,false,,5111468000,883,4146263000,920,3646282000,846,11549521000,1031,14144482000,994,6882975000,957,4,Вспомогательная транспортная деятельность,ЗАПАДНО-КАЗАХСТАНСКАЯ ОБЛАСТЬ,КАЗТАЛОВСКИЙ РАЙОН
448536,Эксплуатация автомобильных дорог,true,,5111468000,883,4146263000,920,3646282000,846,11549521000,1031,14144482000,994,6882975000,957,5,Вспомогательная деятельность сухопутного транспорта,ЗАПАДНО-КАЗАХСТАНСКАЯ ОБЛАСТЬ,КАЗТАЛОВСКИЙ РАЙОН
448585,Информация и связь,false,,218000,883,,,818412000,846,x,1031,,,46732000,957,1,Всего,ЗАПАДНО-КАЗАХСТАНСКАЯ ОБЛАСТЬ,КАЗТАЛОВСКИЙ РАЙОН
448623,Телекоммуникации,false,,218000,883,,,818412000,846,x,1031,,,46732000,957,2,Информация и связь,ЗАПАДНО-КАЗАХСТАНСКАЯ ОБЛАСТЬ,КАЗТАЛОВСКИЙ РАЙОН
448627,Беспроводная телекоммуникационная связь,false,,218000,883,,,818412000,846,x,1031,,,46732000,957,3,Телекоммуникации,ЗАПАДНО-КАЗАХСТАНСКАЯ ОБЛАСТЬ,КАЗТАЛОВСКИЙ РАЙОН
448628,Беспроводная телекоммуникационная связь,false,,218000,883,,,818412000,846,x,1031,,,46732000,957,4,Беспроводная телекоммуникационная связь,ЗАПАДНО-КАЗАХСТАНСКАЯ ОБЛАСТЬ,КАЗТАЛОВСКИЙ РАЙОН
18946147,Беспроводная телекоммуникационная связь посредством единой транспортной среды,true,,,,,,361000,846,x,1031,,,46732000,957,5,Беспроводная телекоммуникационная связь,ЗАПАДНО-КАЗАХСТАНСКАЯ ОБЛАСТЬ,КАЗТАЛОВСКИЙ РАЙОН
18946149,Прочая беспроводная телекоммуникационная связь,true,,218000,883,,,818051000,846,,,,,,,5,Беспроводная телекоммуникационная связь,ЗАПАДНО-КАЗАХСТАНСКАЯ ОБЛАСТЬ,КАЗТАЛОВСКИЙ РАЙОН
448714,Операции с недвижимым имуществом,false,,873217000,883,735534000,920,511802000,846,1265763000,1031,351800000,994,353233000,957,1,Всего,ЗАПАДНО-КАЗАХСТАНСКАЯ ОБЛАСТЬ,КАЗТАЛОВСКИЙ РАЙОН
448715,Операции с недвижимым имуществом,false,,873217000,883,735534000,920,511802000,846,1265763000,1031,351800000,994,353233000,957,2,Операции с недвижимым имуществом,ЗАПАДНО-КАЗАХСТАНСКАЯ ОБЛАСТЬ,КАЗТАЛОВСКИЙ РАЙОН
448716,Покупка и продажа собственного недвижимого имущества ,false,,556578000,883,735534000,920,511802000,846,1265763000,1031,351800000,994,353233000,957,3,Операции с недвижимым имуществом,ЗАПАДНО-КАЗАХСТАНСКАЯ ОБЛАСТЬ,КАЗТАЛОВСКИЙ РАЙОН
448717,Покупка и продажа собственного недвижимого имущества ,false,,556578000,883,735534000,920,511802000,846,1265763000,1031,351800000,994,353233000,957,4,Покупка и продажа собственного недвижимого имущества ,ЗАПАДНО-КАЗАХСТАНСКАЯ ОБЛАСТЬ,КАЗТАЛОВСКИЙ РАЙОН
543091,Покупка и продажа многоквартирных и жилых домов (особняков),true,,556578000,883,735534000,920,511802000,846,1265763000,1031,351800000,994,353233000,957,5,Покупка и продажа собственного недвижимого имущества ,ЗАПАДНО-КАЗАХСТАНСКАЯ ОБЛАСТЬ,КАЗТАЛОВСКИЙ РАЙОН
448719,Аренда и управление собственной или арендуемой недвижимостью,false,,x,883,,,,,,,,,,,3,Операции с недвижимым имуществом,ЗАПАДНО-КАЗАХСТАНСКАЯ ОБЛАСТЬ,КАЗТАЛОВСКИЙ РАЙОН
448720,Аренда и управление собственной или арендуемой недвижимостью,false,,x,883,,,,,,,,,,,4,Аренда и управление собственной или арендуемой недвижимостью,ЗАПАДНО-КАЗАХСТАНСКАЯ ОБЛАСТЬ,КАЗТАЛОВСКИЙ РАЙОН
18946171,Аренда и управление собственной недвижимостью,true,,x,883,,,,,,,,,,,5,Аренда и управление собственной или арендуемой недвижимостью,ЗАПАДНО-КАЗАХСТАНСКАЯ ОБЛАСТЬ,КАЗТАЛОВСКИЙ РАЙОН
448728,"Профессиональная, научная и техническая деятельность",false,,,,1000000,920,,,,,,,3098000,957,1,Всего,ЗАПАДНО-КАЗАХСТАНСКАЯ ОБЛАСТЬ,КАЗТАЛОВСКИЙ РАЙОН
448747,"Деятельность в области архитектуры, инженерных изысканий, технических испытаний и анализа",false,,,,1000000,920,,,,,,,3098000,957,2,"Профессиональная, научная и техническая деятельность",ЗАПАДНО-КАЗАХСТАНСКАЯ ОБЛАСТЬ,КАЗТАЛОВСКИЙ РАЙОН
448748,"Деятельность в области архитектуры, инженерных изысканий и предоставление технических консультаций в этих областях",false,,,,1000000,920,,,,,,,3098000,957,3,"Деятельность в области архитектуры, инженерных изысканий, технических испытаний и анализа",ЗАПАДНО-КАЗАХСТАНСКАЯ ОБЛАСТЬ,КАЗТАЛОВСКИЙ РАЙОН
448749,Деятельность в области архитектуры,false,,,,1000000,920,,,,,,,3098000,957,4,"Деятельность в области архитектуры, инженерных изысканий и предоставление технических консультаций в этих областях",ЗАПАДНО-КАЗАХСТАНСКАЯ ОБЛАСТЬ,КАЗТАЛОВСКИЙ РАЙОН
18951462,"Деятельность в области архитектуры, за исключением объектов атомной промышленности и атомной энергетики  ",true,,,,1000000,920,,,,,,,3098000,957,5,Деятельность в области архитектуры,ЗАПАДНО-КАЗАХСТАНСКАЯ ОБЛАСТЬ,КАЗТАЛОВСКИЙ РАЙОН
448797,Деятельность в области административного и вспомогательного обслуживания,false,,,,228436000,920,,,,,,,,,1,Всего,ЗАПАДНО-КАЗАХСТАНСКАЯ ОБЛАСТЬ,КАЗТАЛОВСКИЙ РАЙОН
448856,Деятельность по обслуживанию зданий и благоустройству территорий,false,,,,228436000,920,,,,,,,,,2,Деятельность в области административного и вспомогательного обслуживания,ЗАПАДНО-КАЗАХСТАНСКАЯ ОБЛАСТЬ,КАЗТАЛОВСКИЙ РАЙОН
448867,Деятельность по благоустройству территорий,false,,,,228436000,920,,,,,,,,,3,Деятельность по обслуживанию зданий и благоустройству территорий,ЗАПАДНО-КАЗАХСТАНСКАЯ ОБЛАСТЬ,КАЗТАЛОВСКИЙ РАЙОН
448868,Деятельность по благоустройству территорий,false,,,,228436000,920,,,,,,,,,4,Деятельность по благоустройству территорий,ЗАПАДНО-КАЗАХСТАНСКАЯ ОБЛАСТЬ,КАЗТАЛОВСКИЙ РАЙОН
448869,Деятельность по благоустройству территорий,true,,,,228436000,920,,,,,,,,,5,Деятельность по благоустройству территорий,ЗАПАДНО-КАЗАХСТАНСКАЯ ОБЛАСТЬ,КАЗТАЛОВСКИЙ РАЙОН
448889,Государственное управление и оборона; обязательное  социальное обеспечение,false,,22646000,883,141592000,920,1428000,846,82768000,1031,,,2647000,957,1,Всего,ЗАПАДНО-КАЗАХСТАНСКАЯ ОБЛАСТЬ,КАЗТАЛОВСКИЙ РАЙОН
448890,Государственное управление и оборона; обязательное социальное обеспечение,false,,22646000,883,141592000,920,1428000,846,82768000,1031,,,2647000,957,2,Государственное управление и оборона; обязательное  социальное обеспечение,ЗАПАДНО-КАЗАХСТАНСКАЯ ОБЛАСТЬ,КАЗТАЛОВСКИЙ РАЙОН
448891,Государственное управление общего характера и управление социально-экономическое политикой общества,false,,22646000,883,141592000,920,,,82768000,1031,,,2647000,957,3,Государственное управление и оборона; обязательное социальное обеспечение,ЗАПАДНО-КАЗАХСТАНСКАЯ ОБЛАСТЬ,КАЗТАЛОВСКИЙ РАЙОН
448892,Государственное управление общего характера,false,,,,13657000,920,,,34103000,1031,,,x,957,4,Государственное управление общего характера и управление социально-экономическое политикой общества,ЗАПАДНО-КАЗАХСТАНСКАЯ ОБЛАСТЬ,КАЗТАЛОВСКИЙ РАЙОН
448895,Деятельность местных органов управления,true,,,,13446000,920,,,11335000,1031,,,x,957,5,Государственное управление общего характера,ЗАПАДНО-КАЗАХСТАНСКАЯ ОБЛАСТЬ,КАЗТАЛОВСКИЙ РАЙОН
448896,Деятельность сельских и поселковых органов управления,true,,,,x,920,,,22768000,1031,,,,,5,Государственное управление общего характера,ЗАПАДНО-КАЗАХСТАНСКАЯ ОБЛАСТЬ,КАЗТАЛОВСКИЙ РАЙОН
448900,"Регулирование деятельности учреждений здравоохранения, образования, культуры и других социальных услуг, кроме социального обеспечения ",false,,,,103737000,920,,,16872000,1031,,,270000,957,4,Государственное управление общего характера и управление социально-экономическое политикой общества,ЗАПАДНО-КАЗАХСТАНСКАЯ ОБЛАСТЬ,КАЗТАЛОВСКИЙ РАЙОН
448901,"Регулирование деятельности учреждений здравоохранения, образования, культуры и других социальных услуг, кроме социального обеспечения ",true,,,,103737000,920,,,16872000,1031,,,270000,957,5,"Регулирование деятельности учреждений здравоохранения, образования, культуры и других социальных услуг, кроме социального обеспечения ",ЗАПАДНО-КАЗАХСТАНСКАЯ ОБЛАСТЬ,КАЗТАЛОВСКИЙ РАЙОН
448902,Регулирование и содействие эффективному ведению экономической деятельности,false,,22646000,883,24198000,920,,,31793000,1031,,,2342000,957,4,Государственное управление общего характера и управление социально-экономическое политикой общества,ЗАПАДНО-КАЗАХСТАНСКАЯ ОБЛАСТЬ,КАЗТАЛОВСКИЙ РАЙОН
448903,Регулирование и содействие эффективному ведению экономической деятельности,true,,22646000,883,24198000,920,,,31793000,1031,,,2342000,957,5,Регулирование и содействие эффективному ведению экономической деятельности,ЗАПАДНО-КАЗАХСТАНСКАЯ ОБЛАСТЬ,КАЗТАЛОВСКИЙ РАЙОН
448904,Предоставление государством услуг обществу в целом,false,,,,,,1428000,846,,,,,,,3,Государственное управление и оборона; обязательное социальное обеспечение,ЗАПАДНО-КАЗАХСТАНСКАЯ ОБЛАСТЬ,КАЗТАЛОВСКИЙ РАЙОН
448909,Деятельность в области юстиции и правосудия,false,,,,,,1428000,846,,,,,,,4,Предоставление государством услуг обществу в целом,ЗАПАДНО-КАЗАХСТАНСКАЯ ОБЛАСТЬ,КАЗТАЛОВСКИЙ РАЙОН
448910,Деятельность в области юстиции и правосудия,true,,,,,,1428000,846,,,,,,,5,Деятельность в области юстиции и правосудия,ЗАПАДНО-КАЗАХСТАНСКАЯ ОБЛАСТЬ,КАЗТАЛОВСКИЙ РАЙОН
448918,Образование,false,,1006508000,883,1487073000,920,1456000,846,280553000,1031,1377772000,994,1896838000,957,1,Всего,ЗАПАДНО-КАЗАХСТАНСКАЯ ОБЛАСТЬ,КАЗТАЛОВСКИЙ РАЙОН
448919,Образование,false,,1006508000,883,1487073000,920,1456000,846,280553000,1031,1377772000,994,1896838000,957,2,Образование,ЗАПАДНО-КАЗАХСТАНСКАЯ ОБЛАСТЬ,КАЗТАЛОВСКИЙ РАЙОН
448920,Дошкольное образование,false,,,,,,1456000,846,,,,,,,3,Образование,ЗАПАДНО-КАЗАХСТАНСКАЯ ОБЛАСТЬ,КАЗТАЛОВСКИЙ РАЙОН
448921,Дошкольное образование,false,,,,,,1456000,846,,,,,,,4,Дошкольное образование,ЗАПАДНО-КАЗАХСТАНСКАЯ ОБЛАСТЬ,КАЗТАЛОВСКИЙ РАЙОН
448922,Дошкольное образование,true,,,,,,1456000,846,,,,,,,5,Дошкольное образование,ЗАПАДНО-КАЗАХСТАНСКАЯ ОБЛАСТЬ,КАЗТАЛОВСКИЙ РАЙОН
448926,Среднее образование (2-й и 3-й уровни),false,,1006508000,883,1487073000,920,,,280553000,1031,1377772000,994,1896838000,957,3,Образование,ЗАПАДНО-КАЗАХСТАНСКАЯ ОБЛАСТЬ,КАЗТАЛОВСКИЙ РАЙОН
448927,Основное и общее среднее образование,false,,1006508000,883,1487073000,920,,,280553000,1031,1377772000,994,1896838000,957,4,Среднее образование (2-й и 3-й уровни),ЗАПАДНО-КАЗАХСТАНСКАЯ ОБЛАСТЬ,КАЗТАЛОВСКИЙ РАЙОН
448928,Основное и общее среднее образование,true,,1006508000,883,1487073000,920,,,280553000,1031,1377772000,994,1896838000,957,5,Основное и общее среднее образование,ЗАПАДНО-КАЗАХСТАНСКАЯ ОБЛАСТЬ,КАЗТАЛОВСКИЙ РАЙОН
448950,Здравоохранение и социальное обслуживание населения,false,,420984000,883,83484000,920,21989000,846,131044000,1031,1583571000,994,59557000,957,1,Всего,ЗАПАДНО-КАЗАХСТАНСКАЯ ОБЛАСТЬ,КАЗТАЛОВСКИЙ РАЙОН
448951,Деятельность в области здравоохранения,false,,420984000,883,83484000,920,21989000,846,131044000,1031,1583571000,994,59557000,957,2,Здравоохранение и социальное обслуживание населения,ЗАПАДНО-КАЗАХСТАНСКАЯ ОБЛАСТЬ,КАЗТАЛОВСКИЙ РАЙОН
448952,Деятельность больничных организаций,false,,420984000,883,83484000,920,21989000,846,130908000,1031,1187681000,994,54397000,957,3,Деятельность в области здравоохранения,ЗАПАДНО-КАЗАХСТАНСКАЯ ОБЛАСТЬ,КАЗТАЛОВСКИЙ РАЙОН
448953,Деятельность больничных организаций,false,,420984000,883,83484000,920,21989000,846,130908000,1031,1187681000,994,54397000,957,4,Деятельность больничных организаций,ЗАПАДНО-КАЗАХСТАНСКАЯ ОБЛАСТЬ,КАЗТАЛОВСКИЙ РАЙОН
448954,Деятельность больниц широкого профиля и специализированных больниц,true,,420984000,883,83484000,920,21989000,846,130806000,1031,1008096000,994,49560000,957,5,Деятельность больничных организаций,ЗАПАДНО-КАЗАХСТАНСКАЯ ОБЛАСТЬ,КАЗТАЛОВСКИЙ РАЙОН
448958,"Деятельность других лечебных учреждений, имеющих стационары",true,,,,,,,,102000,1031,179585000,994,4837000,957,5,Деятельность больничных организаций,ЗАПАДНО-КАЗАХСТАНСКАЯ ОБЛАСТЬ,КАЗТАЛОВСКИЙ РАЙОН
448959,Деятельность в области врачебной практики и стоматологии,false,,,,,,,,136000,1031,395890000,994,5160000,957,3,Деятельность в области здравоохранения,ЗАПАДНО-КАЗАХСТАНСКАЯ ОБЛАСТЬ,КАЗТАЛОВСКИЙ РАЙОН
448960,Общая врачебная практика,false,,,,,,,,136000,1031,395890000,994,5160000,957,4,Деятельность в области врачебной практики и стоматологии,ЗАПАДНО-КАЗАХСТАНСКАЯ ОБЛАСТЬ,КАЗТАЛОВСКИЙ РАЙОН
448961,Общая врачебная практика,true,,,,,,,,136000,1031,395890000,994,5160000,957,5,Общая врачебная практика,ЗАПАДНО-КАЗАХСТАНСКАЯ ОБЛАСТЬ,КАЗТАЛОВСКИЙ РАЙОН
448991,"Искусство, развлечения и отдых",false,,477007000,883,48893000,920,34207000,846,689081000,1031,x,994,,,1,Всего,ЗАПАДНО-КАЗАХСТАНСКАЯ ОБЛАСТЬ,КАЗТАЛОВСКИЙ РАЙОН
448992,"Деятельность в области творчества, искусства и развлечений",false,,,,762000,920,,,,,,,,,2,"Искусство, развлечения и отдых",ЗАПАДНО-КАЗАХСТАНСКАЯ ОБЛАСТЬ,КАЗТАЛОВСКИЙ РАЙОН
448993,"Деятельность в области творчества, искусства и развлечений",false,,,,762000,920,,,,,,,,,3,"Деятельность в области творчества, искусства и развлечений",ЗАПАДНО-КАЗАХСТАНСКАЯ ОБЛАСТЬ,КАЗТАЛОВСКИЙ РАЙОН
449002,Деятельность концертных и театральных залов,false,,,,762000,920,,,,,,,,,4,"Деятельность в области творчества, искусства и развлечений",ЗАПАДНО-КАЗАХСТАНСКАЯ ОБЛАСТЬ,КАЗТАЛОВСКИЙ РАЙОН
449003,Деятельность концертных и театральных залов,true,,,,762000,920,,,,,,,,,5,Деятельность концертных и театральных залов,ЗАПАДНО-КАЗАХСТАНСКАЯ ОБЛАСТЬ,КАЗТАЛОВСКИЙ РАЙОН
449004,"Деятельность библиотек, архивов, музеев и прочая деятельность в области культуры",false,,,,,,24207000,846,7324000,1031,,,,,2,"Искусство, развлечения и отдых",ЗАПАДНО-КАЗАХСТАНСКАЯ ОБЛАСТЬ,КАЗТАЛОВСКИЙ РАЙОН
449005,"Деятельность библиотек, архивов, музеев и прочая деятельность в области культуры",false,,,,,,24207000,846,7324000,1031,,,,,3,"Деятельность библиотек, архивов, музеев и прочая деятельность в области культуры",ЗАПАДНО-КАЗАХСТАНСКАЯ ОБЛАСТЬ,КАЗТАЛОВСКИЙ РАЙОН
449006,Деятельность библиотек и архивов,false,,,,,,,,7324000,1031,,,,,4,"Деятельность библиотек, архивов, музеев и прочая деятельность в области культуры",ЗАПАДНО-КАЗАХСТАНСКАЯ ОБЛАСТЬ,КАЗТАЛОВСКИЙ РАЙОН
449008,"Библиотечная деятельность, включая деятельность читальных залов, лекториев, демонстрационных залов",true,,,,,,,,3809000,1031,,,,,5,Деятельность библиотек и архивов,ЗАПАДНО-КАЗАХСТАНСКАЯ ОБЛАСТЬ,КАЗТАЛОВСКИЙ РАЙОН
449009,Деятельность архивов,true,,,,,,,,3515000,1031,,,,,5,Деятельность библиотек и архивов,ЗАПАДНО-КАЗАХСТАНСКАЯ ОБЛАСТЬ,КАЗТАЛОВСКИЙ РАЙОН
449011,Деятельность музеев,false,,,,,,24207000,846,,,,,,,4,"Деятельность библиотек, архивов, музеев и прочая деятельность в области культуры",ЗАПАДНО-КАЗАХСТАНСКАЯ ОБЛАСТЬ,КАЗТАЛОВСКИЙ РАЙОН
449012,Деятельность музеев,true,,,,,,24207000,846,,,,,,,5,Деятельность музеев,ЗАПАДНО-КАЗАХСТАНСКАЯ ОБЛАСТЬ,КАЗТАЛОВСКИЙ РАЙОН
449022,"Деятельность в области спорта, организации отдыха и развлечений",false,,477007000,883,48131000,920,10000000,846,681757000,1031,x,994,,,2,"Искусство, развлечения и отдых",ЗАПАДНО-КАЗАХСТАНСКАЯ ОБЛАСТЬ,КАЗТАЛОВСКИЙ РАЙОН
449023,Деятельность в области спорта,false,,477007000,883,33235000,920,,,448353000,1031,x,994,,,3,"Деятельность в области спорта, организации отдыха и развлечений",ЗАПАДНО-КАЗАХСТАНСКАЯ ОБЛАСТЬ,КАЗТАЛОВСКИЙ РАЙОН
449024,Эксплуатация спортивных сооружений,false,,477007000,883,30809000,920,,,x,1031,x,994,,,4,Деятельность в области спорта,ЗАПАДНО-КАЗАХСТАНСКАЯ ОБЛАСТЬ,КАЗТАЛОВСКИЙ РАЙОН
449025,Эксплуатация спортивных сооружений,true,,477007000,883,30809000,920,,,x,1031,x,994,,,5,Эксплуатация спортивных сооружений,ЗАПАДНО-КАЗАХСТАНСКАЯ ОБЛАСТЬ,КАЗТАЛОВСКИЙ РАЙОН
449026,Деятельность спортивных клубов,false,,,,1014000,920,,,19684000,1031,,,,,4,Деятельность в области спорта,ЗАПАДНО-КАЗАХСТАНСКАЯ ОБЛАСТЬ,КАЗТАЛОВСКИЙ РАЙОН
449027,Деятельность спортивных клубов,true,,,,1014000,920,,,19684000,1031,,,,,5,Деятельность спортивных клубов,ЗАПАДНО-КАЗАХСТАНСКАЯ ОБЛАСТЬ,КАЗТАЛОВСКИЙ РАЙОН
449030,Прочая деятельность в области спорта,false,,,,1412000,920,,,,,,,,,4,Деятельность в области спорта,ЗАПАДНО-КАЗАХСТАНСКАЯ ОБЛАСТЬ,КАЗТАЛОВСКИЙ РАЙОН
449031,Прочая деятельность в области спорта,true,,,,1412000,920,,,,,,,,,5,Прочая деятельность в области спорта,ЗАПАДНО-КАЗАХСТАНСКАЯ ОБЛАСТЬ,КАЗТАЛОВСКИЙ РАЙОН
449032,Деятельность по организации отдыха и развлечений,false,,,,14896000,920,10000000,846,233404000,1031,,,,,3,"Деятельность в области спорта, организации отдыха и развлечений",ЗАПАДНО-КАЗАХСТАНСКАЯ ОБЛАСТЬ,КАЗТАЛОВСКИЙ РАЙОН
449035,Прочая деятельность по организации отдыха и развлечений,false,,,,14896000,920,10000000,846,233404000,1031,,,,,4,Деятельность по организации отдыха и развлечений,ЗАПАДНО-КАЗАХСТАНСКАЯ ОБЛАСТЬ,КАЗТАЛОВСКИЙ РАЙОН
449039,Прочие виды деятельности по организации отдыха и развлечений,true,,,,14896000,920,10000000,846,233404000,1031,,,,,5,Прочая деятельность по организации отдыха и развлечений,ЗАПАДНО-КАЗАХСТАНСКАЯ ОБЛАСТЬ,КАЗТАЛОВСКИЙ РАЙОН
741340,Промышленность,false,,360619000,883,1666578000,920,3677762000,846,217158000,1031,254183000,994,854479000,957,1,Всего,ЗАПАДНО-КАЗАХСТАНСКАЯ ОБЛАСТЬ,КАЗТАЛОВСКИЙ РАЙОН
448090,"Снабжение электроэнергией, газом, паром, горячей водой и кондиционированным воздухом",false,,161769000,883,966500000,920,827317000,846,142934000,1031,1816000,994,750201000,957,2,Промышленность,ЗАПАДНО-КАЗАХСТАНСКАЯ ОБЛАСТЬ,КАЗТАЛОВСКИЙ РАЙОН
448091,"Снабжение электроэнергией, газом, паром, горячей водой и кондиционированным воздухом",false,,161769000,883,966500000,920,827317000,846,142934000,1031,1816000,994,750201000,957,3,"Снабжение электроэнергией, газом, паром, горячей водой и кондиционированным воздухом",ЗАПАДНО-КАЗАХСТАНСКАЯ ОБЛАСТЬ,КАЗТАЛОВСКИЙ РАЙОН
448092,"Производство, передача и распределение электроэнергии",false,,,,35056000,920,6570000,846,142934000,1031,1816000,994,3808000,957,4,"Снабжение электроэнергией, газом, паром, горячей водой и кондиционированным воздухом",ЗАПАДНО-КАЗАХСТАНСКАЯ ОБЛАСТЬ,КАЗТАЛОВСКИЙ РАЙОН
448100,Распределение электроэнергии,false,,,,35056000,920,6570000,846,142934000,1031,1816000,994,3808000,957,5,"Производство, передача и распределение электроэнергии",ЗАПАДНО-КАЗАХСТАНСКАЯ ОБЛАСТЬ,КАЗТАЛОВСКИЙ РАЙОН
448104,Производство и распределение газообразного топлива по трубопроводам,false,,161769000,883,931444000,920,820747000,846,,,,,746393000,957,4,"Снабжение электроэнергией, газом, паром, горячей водой и кондиционированным воздухом",ЗАПАДНО-КАЗАХСТАНСКАЯ ОБЛАСТЬ,КАЗТАЛОВСКИЙ РАЙОН
448107,Распределение газообразного топлива по трубопроводам,false,,161769000,883,931444000,920,820747000,846,,,,,746393000,957,5,Производство и распределение газообразного топлива по трубопроводам,ЗАПАДНО-КАЗАХСТАНСКАЯ ОБЛАСТЬ,КАЗТАЛОВСКИЙ РАЙОН
448117,"Водоснабжение; сбор, обработка и удаление отходов, деятельность по ликвидации загрязнений",false,,198850000,883,700078000,920,2850445000,846,74224000,1031,252367000,994,104278000,957,2,Промышленность,ЗАПАДНО-КАЗАХСТАНСКАЯ ОБЛАСТЬ,КАЗТАЛОВСКИЙ РАЙОН
448118,"Сбор, обработка и распределение воды",false,,198850000,883,691993000,920,2847264000,846,68624000,1031,252367000,994,104278000,957,3,"Водоснабжение; сбор, обработка и удаление отходов, деятельность по ликвидации загрязнений",ЗАПАДНО-КАЗАХСТАНСКАЯ ОБЛАСТЬ,КАЗТАЛОВСКИЙ РАЙОН
448119,"Сбор, обработка и распределение воды",false,,198850000,883,691993000,920,2847264000,846,68624000,1031,252367000,994,104278000,957,4,"Сбор, обработка и распределение воды",ЗАПАДНО-КАЗАХСТАНСКАЯ ОБЛАСТЬ,КАЗТАЛОВСКИЙ РАЙОН
448120,"Сбор, обработка и распределение воды",false,,198850000,883,691993000,920,2847264000,846,68624000,1031,252367000,994,104278000,957,5,"Сбор, обработка и распределение воды",ЗАПАДНО-КАЗАХСТАНСКАЯ ОБЛАСТЬ,КАЗТАЛОВСКИЙ РАЙОН
448122,Сбор и обработка сточных вод,false,,,,8085000,920,3181000,846,,,,,,,3,"Водоснабжение; сбор, обработка и удаление отходов, деятельность по ликвидации загрязнений",ЗАПАДНО-КАЗАХСТАНСКАЯ ОБЛАСТЬ,КАЗТАЛОВСКИЙ РАЙОН
448123,Сбор и обработка сточных вод,false,,,,8085000,920,3181000,846,,,,,,,4,Сбор и обработка сточных вод,ЗАПАДНО-КАЗАХСТАНСКАЯ ОБЛАСТЬ,КАЗТАЛОВСКИЙ РАЙОН
448124,Сбор и обработка сточных вод,false,,,,8085000,920,3181000,846,,,,,,,5,Сбор и обработка сточных вод,ЗАПАДНО-КАЗАХСТАНСКАЯ ОБЛАСТЬ,КАЗТАЛОВСКИЙ РАЙОН
448126,"Сбор, обработка и удаление отходов; утилизация (восстановление) материалов",false,,,,,,,,5600000,1031,,,,,3,"Водоснабжение; сбор, обработка и удаление отходов, деятельность по ликвидации загрязнений",ЗАПАДНО-КАЗАХСТАНСКАЯ ОБЛАСТЬ,КАЗТАЛОВСКИЙ РАЙОН
448132,Обработка и удаление отходов,false,,,,,,,,5600000,1031,,,,,4,"Сбор, обработка и удаление отходов; утилизация (восстановление) материалов",ЗАПАДНО-КАЗАХСТАНСКАЯ ОБЛАСТЬ,КАЗТАЛОВСКИЙ РАЙОН
448133,Обработка и удаление неопасных отходов,false,,,,,,,,5600000,1031,,,,,5,Обработка и удаление отходов,ЗАПАДНО-КАЗАХСТАНСКАЯ ОБЛАСТЬ,КАЗТАЛОВСКИЙ РАЙОН
741885,Всего,false,,2123772000,883,2484198000,920,1642947000,846,6990104000,1031,4417125000,994,1507871000,957,0,,ЗАПАДНО-КАЗАХСТАНСКАЯ ОБЛАСТЬ,КАРАТОБИНСКИЙ РАЙОН
447173,"Сельское, лесное и рыбное хозяйство",false,,493698000,883,837007000,920,342321000,846,1274294000,1031,940357000,994,814342000,957,1,Всего,ЗАПАДНО-КАЗАХСТАНСКАЯ ОБЛАСТЬ,КАРАТОБИНСКИЙ РАЙОН
447174,"Растениеводство и животноводство, охота и предоставление услуг в этих областях",false,,493698000,883,837007000,920,342321000,846,1274294000,1031,940357000,994,814342000,957,2,"Сельское, лесное и рыбное хозяйство",ЗАПАДНО-КАЗАХСТАНСКАЯ ОБЛАСТЬ,КАРАТОБИНСКИЙ РАЙОН
447175,Выращивание одно- или двухлетних культур,false,,3589000,883,2475000,920,,,44002000,1031,,,,,3,"Растениеводство и животноводство, охота и предоставление услуг в этих областях",ЗАПАДНО-КАЗАХСТАНСКАЯ ОБЛАСТЬ,КАРАТОБИНСКИЙ РАЙОН
447176,"Выращивание зерновых (кроме риса), бобовых и масличных культур",false,,3589000,883,2475000,920,,,44002000,1031,,,,,4,Выращивание одно- или двухлетних культур,ЗАПАДНО-КАЗАХСТАНСКАЯ ОБЛАСТЬ,КАРАТОБИНСКИЙ РАЙОН
3783380,"Выращивание зерновых и зернобобовых культур, включая семеноводство",true,,3589000,883,2475000,920,,,44002000,1031,,,,,5,"Выращивание зерновых (кроме риса), бобовых и масличных культур",ЗАПАДНО-КАЗАХСТАНСКАЯ ОБЛАСТЬ,КАРАТОБИНСКИЙ РАЙОН
447218,Животноводство,false,,488399000,883,779770000,920,342321000,846,983130000,1031,738866000,994,723782000,957,3,"Растениеводство и животноводство, охота и предоставление услуг в этих областях",ЗАПАДНО-КАЗАХСТАНСКАЯ ОБЛАСТЬ,КАРАТОБИНСКИЙ РАЙОН
447219,Разведение крупного рогатого скота молочного направления,false,,,,,,,,,,77500000,994,,,4,Животноводство,ЗАПАДНО-КАЗАХСТАНСКАЯ ОБЛАСТЬ,КАРАТОБИНСКИЙ РАЙОН
447220,Разведение крупного рогатого скота молочного направления,true,,,,,,,,,,77500000,994,,,5,Разведение крупного рогатого скота молочного направления,ЗАПАДНО-КАЗАХСТАНСКАЯ ОБЛАСТЬ,КАРАТОБИНСКИЙ РАЙОН
447221,Разведение прочего крупного рогатого скота и буйволов,false,,488049000,883,767233000,920,342321000,846,983130000,1031,598446000,994,722137000,957,4,Животноводство,ЗАПАДНО-КАЗАХСТАНСКАЯ ОБЛАСТЬ,КАРАТОБИНСКИЙ РАЙОН
447222,Разведение прочего крупного рогатого скота и буйволов,true,,488049000,883,767233000,920,342321000,846,983130000,1031,598446000,994,722137000,957,5,Разведение прочего крупного рогатого скота и буйволов,ЗАПАДНО-КАЗАХСТАНСКАЯ ОБЛАСТЬ,КАРАТОБИНСКИЙ РАЙОН
447223,Разведение лошадей и прочих животных семейства лошадиных,false,,,,12537000,920,,,,,1400000,994,700000,957,4,Животноводство,ЗАПАДНО-КАЗАХСТАНСКАЯ ОБЛАСТЬ,КАРАТОБИНСКИЙ РАЙОН
447224,Разведение лошадей,true,,,,12537000,920,,,,,1400000,994,700000,957,5,Разведение лошадей и прочих животных семейства лошадиных,ЗАПАДНО-КАЗАХСТАНСКАЯ ОБЛАСТЬ,КАРАТОБИНСКИЙ РАЙОН
447228,Разведение овец и коз,false,,350000,883,,,,,,,36640000,994,,,4,Животноводство,ЗАПАДНО-КАЗАХСТАНСКАЯ ОБЛАСТЬ,КАРАТОБИНСКИЙ РАЙОН
447229,Разведение овец и коз,true,,350000,883,,,,,,,36640000,994,,,5,Разведение овец и коз,ЗАПАДНО-КАЗАХСТАНСКАЯ ОБЛАСТЬ,КАРАТОБИНСКИЙ РАЙОН
447237,Разведение прочих видов животных,false,,,,,,,,,,24880000,994,945000,957,4,Животноводство,ЗАПАДНО-КАЗАХСТАНСКАЯ ОБЛАСТЬ,КАРАТОБИНСКИЙ РАЙОН
447238,Разведение прочих видов животных,true,,,,,,,,,,24880000,994,945000,957,5,Разведение прочих видов животных,ЗАПАДНО-КАЗАХСТАНСКАЯ ОБЛАСТЬ,КАРАТОБИНСКИЙ РАЙОН
447239,Смешанное сельское хозяйство,false,,1710000,883,54762000,920,,,247162000,1031,201491000,994,90560000,957,3,"Растениеводство и животноводство, охота и предоставление услуг в этих областях",ЗАПАДНО-КАЗАХСТАНСКАЯ ОБЛАСТЬ,КАРАТОБИНСКИЙ РАЙОН
447240,Смешанное сельское хозяйство,false,,1710000,883,54762000,920,,,247162000,1031,201491000,994,90560000,957,4,Смешанное сельское хозяйство,ЗАПАДНО-КАЗАХСТАНСКАЯ ОБЛАСТЬ,КАРАТОБИНСКИЙ РАЙОН
447241,Смешанное сельское хозяйство,true,,1710000,883,54762000,920,,,247162000,1031,201491000,994,90560000,957,5,Смешанное сельское хозяйство,ЗАПАДНО-КАЗАХСТАНСКАЯ ОБЛАСТЬ,КАРАТОБИНСКИЙ РАЙОН
448148,Строительство,false,,x,883,x,920,,,5700000,1031,,,,,1,Всего,ЗАПАДНО-КАЗАХСТАНСКАЯ ОБЛАСТЬ,КАРАТОБИНСКИЙ РАЙОН
448157,Гражданское строительство,false,,x,883,x,920,,,5700000,1031,,,,,2,Строительство,ЗАПАДНО-КАЗАХСТАНСКАЯ ОБЛАСТЬ,КАРАТОБИНСКИЙ РАЙОН
448158,Строительство автомобильных и железных дорог,false,,x,883,x,920,,,,,,,,,3,Гражданское строительство,ЗАПАДНО-КАЗАХСТАНСКАЯ ОБЛАСТЬ,КАРАТОБИНСКИЙ РАЙОН
18696143,Строительство автомобильных дорог,false,,x,883,x,920,,,,,,,,,4,Строительство автомобильных и железных дорог,ЗАПАДНО-КАЗАХСТАНСКАЯ ОБЛАСТЬ,КАРАТОБИНСКИЙ РАЙОН
18946136,Строительство дорог и автомагистралей,true,,x,883,x,920,,,,,,,,,5,Строительство автомобильных дорог,ЗАПАДНО-КАЗАХСТАНСКАЯ ОБЛАСТЬ,КАРАТОБИНСКИЙ РАЙОН
448165,Строительство распределительных инженерных сооружений,false,,,,,,,,5700000,1031,,,,,3,Гражданское строительство,ЗАПАДНО-КАЗАХСТАНСКАЯ ОБЛАСТЬ,КАРАТОБИНСКИЙ РАЙОН
448170,Строительство линий электропередач и телекоммуникаций ,false,,,,,,,,5700000,1031,,,,,4,Строительство распределительных инженерных сооружений,ЗАПАДНО-КАЗАХСТАНСКАЯ ОБЛАСТЬ,КАРАТОБИНСКИЙ РАЙОН
448171,Строительство линий электропередач и телекоммуникаций ,true,,,,,,,,5700000,1031,,,,,5,Строительство линий электропередач и телекоммуникаций ,ЗАПАДНО-КАЗАХСТАНСКАЯ ОБЛАСТЬ,КАРАТОБИНСКИЙ РАЙОН
448215,Оптовая и розничная торговля; ремонт автомобилей и мотоциклов,false,,,,,,15000000,846,,,,,,,1,Всего,ЗАПАДНО-КАЗАХСТАНСКАЯ ОБЛАСТЬ,КАРАТОБИНСКИЙ РАЙОН
448377,"Розничная торговля, кроме торговли автомобилями и мотоциклами",false,,,,,,15000000,846,,,,,,,2,Оптовая и розничная торговля; ремонт автомобилей и мотоциклов,ЗАПАДНО-КАЗАХСТАНСКАЯ ОБЛАСТЬ,КАРАТОБИНСКИЙ РАЙОН
448378,Розничная торговля в неспециализированных магазинах,false,,,,,,15000000,846,,,,,,,3,"Розничная торговля, кроме торговли автомобилями и мотоциклами",ЗАПАДНО-КАЗАХСТАНСКАЯ ОБЛАСТЬ,КАРАТОБИНСКИЙ РАЙОН
448381,Прочая розничная торговля в неспециализированных магазинах,false,,,,,,15000000,846,,,,,,,4,Розничная торговля в неспециализированных магазинах,ЗАПАДНО-КАЗАХСТАНСКАЯ ОБЛАСТЬ,КАРАТОБИНСКИЙ РАЙОН
3647936,"Прочая розничная торговля в неспециализированных магазинах, являющихся торговыми объектами, с торговой площадью менее 2000 кв.м ",true,,,,,,15000000,846,,,,,,,5,Прочая розничная торговля в неспециализированных магазинах,ЗАПАДНО-КАЗАХСТАНСКАЯ ОБЛАСТЬ,КАРАТОБИНСКИЙ РАЙОН
448475,Транспорт и складирование,false,,x,883,731895000,920,,,1468445000,1031,1074661000,994,,,1,Всего,ЗАПАДНО-КАЗАХСТАНСКАЯ ОБЛАСТЬ,КАРАТОБИНСКИЙ РАЙОН
448527,Складирование грузов и вспомогательная транспортная деятельность,false,,x,883,731895000,920,,,1468445000,1031,1074661000,994,,,2,Транспорт и складирование,ЗАПАДНО-КАЗАХСТАНСКАЯ ОБЛАСТЬ,КАРАТОБИНСКИЙ РАЙОН
448533,Вспомогательная транспортная деятельность,false,,x,883,731895000,920,,,1468445000,1031,1074661000,994,,,3,Складирование грузов и вспомогательная транспортная деятельность,ЗАПАДНО-КАЗАХСТАНСКАЯ ОБЛАСТЬ,КАРАТОБИНСКИЙ РАЙОН
448534,Вспомогательная деятельность сухопутного транспорта,false,,x,883,731895000,920,,,1468445000,1031,1074661000,994,,,4,Вспомогательная транспортная деятельность,ЗАПАДНО-КАЗАХСТАНСКАЯ ОБЛАСТЬ,КАРАТОБИНСКИЙ РАЙОН
448536,Эксплуатация автомобильных дорог,true,,x,883,731895000,920,,,1468445000,1031,1074661000,994,,,5,Вспомогательная деятельность сухопутного транспорта,ЗАПАДНО-КАЗАХСТАНСКАЯ ОБЛАСТЬ,КАРАТОБИНСКИЙ РАЙОН
448585,Информация и связь,false,,32866000,883,17000,920,791135000,846,x,1031,,,,,1,Всего,ЗАПАДНО-КАЗАХСТАНСКАЯ ОБЛАСТЬ,КАРАТОБИНСКИЙ РАЙОН
448623,Телекоммуникации,false,,32866000,883,17000,920,791135000,846,x,1031,,,,,2,Информация и связь,ЗАПАДНО-КАЗАХСТАНСКАЯ ОБЛАСТЬ,КАРАТОБИНСКИЙ РАЙОН
448627,Беспроводная телекоммуникационная связь,false,,32866000,883,17000,920,791135000,846,x,1031,,,,,3,Телекоммуникации,ЗАПАДНО-КАЗАХСТАНСКАЯ ОБЛАСТЬ,КАРАТОБИНСКИЙ РАЙОН
448628,Беспроводная телекоммуникационная связь,false,,32866000,883,17000,920,791135000,846,x,1031,,,,,4,Беспроводная телекоммуникационная связь,ЗАПАДНО-КАЗАХСТАНСКАЯ ОБЛАСТЬ,КАРАТОБИНСКИЙ РАЙОН
18946147,Беспроводная телекоммуникационная связь посредством единой транспортной среды,true,,,,,,,,x,1031,,,,,5,Беспроводная телекоммуникационная связь,ЗАПАДНО-КАЗАХСТАНСКАЯ ОБЛАСТЬ,КАРАТОБИНСКИЙ РАЙОН
18946149,Прочая беспроводная телекоммуникационная связь,true,,32866000,883,17000,920,791135000,846,,,,,,,5,Беспроводная телекоммуникационная связь,ЗАПАДНО-КАЗАХСТАНСКАЯ ОБЛАСТЬ,КАРАТОБИНСКИЙ РАЙОН
448714,Операции с недвижимым имуществом,false,,671105000,883,275752000,920,221090000,846,3114527000,1031,160350000,994,153672000,957,1,Всего,ЗАПАДНО-КАЗАХСТАНСКАЯ ОБЛАСТЬ,КАРАТОБИНСКИЙ РАЙОН
448715,Операции с недвижимым имуществом,false,,671105000,883,275752000,920,221090000,846,3114527000,1031,160350000,994,153672000,957,2,Операции с недвижимым имуществом,ЗАПАДНО-КАЗАХСТАНСКАЯ ОБЛАСТЬ,КАРАТОБИНСКИЙ РАЙОН
448716,Покупка и продажа собственного недвижимого имущества ,false,,671105000,883,275752000,920,221090000,846,3114527000,1031,160350000,994,153672000,957,3,Операции с недвижимым имуществом,ЗАПАДНО-КАЗАХСТАНСКАЯ ОБЛАСТЬ,КАРАТОБИНСКИЙ РАЙОН
448717,Покупка и продажа собственного недвижимого имущества ,false,,671105000,883,275752000,920,221090000,846,3114527000,1031,160350000,994,153672000,957,4,Покупка и продажа собственного недвижимого имущества ,ЗАПАДНО-КАЗАХСТАНСКАЯ ОБЛАСТЬ,КАРАТОБИНСКИЙ РАЙОН
543091,Покупка и продажа многоквартирных и жилых домов (особняков),true,,671105000,883,275752000,920,221090000,846,3114527000,1031,160350000,994,153672000,957,5,Покупка и продажа собственного недвижимого имущества ,ЗАПАДНО-КАЗАХСТАНСКАЯ ОБЛАСТЬ,КАРАТОБИНСКИЙ РАЙОН
448889,Государственное управление и оборона; обязательное  социальное обеспечение,false,,47424000,883,11949000,920,51549000,846,6160000,1031,x,994,x,957,1,Всего,ЗАПАДНО-КАЗАХСТАНСКАЯ ОБЛАСТЬ,КАРАТОБИНСКИЙ РАЙОН
448890,Государственное управление и оборона; обязательное социальное обеспечение,false,,47424000,883,11949000,920,51549000,846,6160000,1031,x,994,x,957,2,Государственное управление и оборона; обязательное  социальное обеспечение,ЗАПАДНО-КАЗАХСТАНСКАЯ ОБЛАСТЬ,КАРАТОБИНСКИЙ РАЙОН
448891,Государственное управление общего характера и управление социально-экономическое политикой общества,false,,29237000,883,11949000,920,6092000,846,6160000,1031,x,994,x,957,3,Государственное управление и оборона; обязательное социальное обеспечение,ЗАПАДНО-КАЗАХСТАНСКАЯ ОБЛАСТЬ,КАРАТОБИНСКИЙ РАЙОН
448892,Государственное управление общего характера,false,,x,883,6520000,920,2750000,846,6160000,1031,,,x,957,4,Государственное управление общего характера и управление социально-экономическое политикой общества,ЗАПАДНО-КАЗАХСТАНСКАЯ ОБЛАСТЬ,КАРАТОБИНСКИЙ РАЙОН
448895,Деятельность местных органов управления,true,,x,883,6520000,920,,,,,,,x,957,5,Государственное управление общего характера,ЗАПАДНО-КАЗАХСТАНСКАЯ ОБЛАСТЬ,КАРАТОБИНСКИЙ РАЙОН
448896,Деятельность сельских и поселковых органов управления,true,,,,,,2750000,846,6160000,1031,,,,,5,Государственное управление общего характера,ЗАПАДНО-КАЗАХСТАНСКАЯ ОБЛАСТЬ,КАРАТОБИНСКИЙ РАЙОН
448900,"Регулирование деятельности учреждений здравоохранения, образования, культуры и других социальных услуг, кроме социального обеспечения ",false,,x,883,x,920,x,846,,,,,,,4,Государственное управление общего характера и управление социально-экономическое политикой общества,ЗАПАДНО-КАЗАХСТАНСКАЯ ОБЛАСТЬ,КАРАТОБИНСКИЙ РАЙОН
448901,"Регулирование деятельности учреждений здравоохранения, образования, культуры и других социальных услуг, кроме социального обеспечения ",true,,x,883,x,920,x,846,,,,,,,5,"Регулирование деятельности учреждений здравоохранения, образования, культуры и других социальных услуг, кроме социального обеспечения ",ЗАПАДНО-КАЗАХСТАНСКАЯ ОБЛАСТЬ,КАРАТОБИНСКИЙ РАЙОН
448902,Регулирование и содействие эффективному ведению экономической деятельности,false,,x,883,4039000,920,x,846,,,x,994,,,4,Государственное управление общего характера и управление социально-экономическое политикой общества,ЗАПАДНО-КАЗАХСТАНСКАЯ ОБЛАСТЬ,КАРАТОБИНСКИЙ РАЙОН
448903,Регулирование и содействие эффективному ведению экономической деятельности,true,,x,883,4039000,920,x,846,,,x,994,,,5,Регулирование и содействие эффективному ведению экономической деятельности,ЗАПАДНО-КАЗАХСТАНСКАЯ ОБЛАСТЬ,КАРАТОБИНСКИЙ РАЙОН
448904,Предоставление государством услуг обществу в целом,false,,18187000,883,,,45457000,846,,,,,,,3,Государственное управление и оборона; обязательное социальное обеспечение,ЗАПАДНО-КАЗАХСТАНСКАЯ ОБЛАСТЬ,КАРАТОБИНСКИЙ РАЙОН
448909,Деятельность в области юстиции и правосудия,false,,18187000,883,,,45457000,846,,,,,,,4,Предоставление государством услуг обществу в целом,ЗАПАДНО-КАЗАХСТАНСКАЯ ОБЛАСТЬ,КАРАТОБИНСКИЙ РАЙОН
448910,Деятельность в области юстиции и правосудия,true,,18187000,883,,,45457000,846,,,,,,,5,Деятельность в области юстиции и правосудия,ЗАПАДНО-КАЗАХСТАНСКАЯ ОБЛАСТЬ,КАРАТОБИНСКИЙ РАЙОН
448918,Образование,false,,409307000,883,69458000,920,102646000,846,166718000,1031,2178326000,994,344835000,957,1,Всего,ЗАПАДНО-КАЗАХСТАНСКАЯ ОБЛАСТЬ,КАРАТОБИНСКИЙ РАЙОН
448919,Образование,false,,409307000,883,69458000,920,102646000,846,166718000,1031,2178326000,994,344835000,957,2,Образование,ЗАПАДНО-КАЗАХСТАНСКАЯ ОБЛАСТЬ,КАРАТОБИНСКИЙ РАЙОН
448923,Начальное образование (1-й уровень),false,,,,,,1225000,846,,,,,,,3,Образование,ЗАПАДНО-КАЗАХСТАНСКАЯ ОБЛАСТЬ,КАРАТОБИНСКИЙ РАЙОН
448924,Начальное образование (1-й уровень),false,,,,,,1225000,846,,,,,,,4,Начальное образование (1-й уровень),ЗАПАДНО-КАЗАХСТАНСКАЯ ОБЛАСТЬ,КАРАТОБИНСКИЙ РАЙОН
448925,Начальное образование (1-й уровень),true,,,,,,1225000,846,,,,,,,5,Начальное образование (1-й уровень),ЗАПАДНО-КАЗАХСТАНСКАЯ ОБЛАСТЬ,КАРАТОБИНСКИЙ РАЙОН
448926,Среднее образование (2-й и 3-й уровни),false,,409307000,883,20725000,920,101421000,846,166718000,1031,2178326000,994,344835000,957,3,Образование,ЗАПАДНО-КАЗАХСТАНСКАЯ ОБЛАСТЬ,КАРАТОБИНСКИЙ РАЙОН
448927,Основное и общее среднее образование,false,,409307000,883,20725000,920,96521000,846,166718000,1031,2178326000,994,344835000,957,4,Среднее образование (2-й и 3-й уровни),ЗАПАДНО-КАЗАХСТАНСКАЯ ОБЛАСТЬ,КАРАТОБИНСКИЙ РАЙОН
448928,Основное и общее среднее образование,true,,409307000,883,20725000,920,96521000,846,166718000,1031,2178326000,994,344835000,957,5,Основное и общее среднее образование,ЗАПАДНО-КАЗАХСТАНСКАЯ ОБЛАСТЬ,КАРАТОБИНСКИЙ РАЙОН
448929,Техническое и профессиональное среднее образование,false,,,,,,4900000,846,,,,,,,4,Среднее образование (2-й и 3-й уровни),ЗАПАДНО-КАЗАХСТАНСКАЯ ОБЛАСТЬ,КАРАТОБИНСКИЙ РАЙОН
448931,Среднее специальное образование,true,,,,,,4900000,846,,,,,,,5,Техническое и профессиональное среднее образование,ЗАПАДНО-КАЗАХСТАНСКАЯ ОБЛАСТЬ,КАРАТОБИНСКИЙ РАЙОН
448937,Прочие виды образования,false,,,,48733000,920,,,,,,,,,3,Образование,ЗАПАДНО-КАЗАХСТАНСКАЯ ОБЛАСТЬ,КАРАТОБИНСКИЙ РАЙОН
448938,Образование в области спорта и отдыха,false,,,,48733000,920,,,,,,,,,4,Прочие виды образования,ЗАПАДНО-КАЗАХСТАНСКАЯ ОБЛАСТЬ,КАРАТОБИНСКИЙ РАЙОН
448939,Образование в области спорта и отдыха,true,,,,48733000,920,,,,,,,,,5,Образование в области спорта и отдыха,ЗАПАДНО-КАЗАХСТАНСКАЯ ОБЛАСТЬ,КАРАТОБИНСКИЙ РАЙОН
448950,Здравоохранение и социальное обслуживание населения,false,,,,111116000,920,9437000,846,589551000,1031,9310000,994,,,1,Всего,ЗАПАДНО-КАЗАХСТАНСКАЯ ОБЛАСТЬ,КАРАТОБИНСКИЙ РАЙОН
448951,Деятельность в области здравоохранения,false,,,,111116000,920,9437000,846,589551000,1031,9310000,994,,,2,Здравоохранение и социальное обслуживание населения,ЗАПАДНО-КАЗАХСТАНСКАЯ ОБЛАСТЬ,КАРАТОБИНСКИЙ РАЙОН
448952,Деятельность больничных организаций,false,,,,111116000,920,9437000,846,589551000,1031,9310000,994,,,3,Деятельность в области здравоохранения,ЗАПАДНО-КАЗАХСТАНСКАЯ ОБЛАСТЬ,КАРАТОБИНСКИЙ РАЙОН
448953,Деятельность больничных организаций,false,,,,111116000,920,9437000,846,589551000,1031,9310000,994,,,4,Деятельность больничных организаций,ЗАПАДНО-КАЗАХСТАНСКАЯ ОБЛАСТЬ,КАРАТОБИНСКИЙ РАЙОН
448954,Деятельность больниц широкого профиля и специализированных больниц,true,,,,111116000,920,9437000,846,174911000,1031,,,,,5,Деятельность больничных организаций,ЗАПАДНО-КАЗАХСТАНСКАЯ ОБЛАСТЬ,КАРАТОБИНСКИЙ РАЙОН
448958,"Деятельность других лечебных учреждений, имеющих стационары",true,,,,,,,,414640000,1031,9310000,994,,,5,Деятельность больничных организаций,ЗАПАДНО-КАЗАХСТАНСКАЯ ОБЛАСТЬ,КАРАТОБИНСКИЙ РАЙОН
448991,"Искусство, развлечения и отдых",false,,,,107182000,920,,,136168000,1031,,,,,1,Всего,ЗАПАДНО-КАЗАХСТАНСКАЯ ОБЛАСТЬ,КАРАТОБИНСКИЙ РАЙОН
449004,"Деятельность библиотек, архивов, музеев и прочая деятельность в области культуры",false,,,,107182000,920,,,,,,,,,2,"Искусство, развлечения и отдых",ЗАПАДНО-КАЗАХСТАНСКАЯ ОБЛАСТЬ,КАРАТОБИНСКИЙ РАЙОН
449005,"Деятельность библиотек, архивов, музеев и прочая деятельность в области культуры",false,,,,107182000,920,,,,,,,,,3,"Деятельность библиотек, архивов, музеев и прочая деятельность в области культуры",ЗАПАДНО-КАЗАХСТАНСКАЯ ОБЛАСТЬ,КАРАТОБИНСКИЙ РАЙОН
449006,Деятельность библиотек и архивов,false,,,,107182000,920,,,,,,,,,4,"Деятельность библиотек, архивов, музеев и прочая деятельность в области культуры",ЗАПАДНО-КАЗАХСТАНСКАЯ ОБЛАСТЬ,КАРАТОБИНСКИЙ РАЙОН
449008,"Библиотечная деятельность, включая деятельность читальных залов, лекториев, демонстрационных залов",true,,,,107182000,920,,,,,,,,,5,Деятельность библиотек и архивов,ЗАПАДНО-КАЗАХСТАНСКАЯ ОБЛАСТЬ,КАРАТОБИНСКИЙ РАЙОН
449022,"Деятельность в области спорта, организации отдыха и развлечений",false,,,,,,,,136168000,1031,,,,,2,"Искусство, развлечения и отдых",ЗАПАДНО-КАЗАХСТАНСКАЯ ОБЛАСТЬ,КАРАТОБИНСКИЙ РАЙОН
449032,Деятельность по организации отдыха и развлечений,false,,,,,,,,136168000,1031,,,,,3,"Деятельность в области спорта, организации отдыха и развлечений",ЗАПАДНО-КАЗАХСТАНСКАЯ ОБЛАСТЬ,КАРАТОБИНСКИЙ РАЙОН
449035,Прочая деятельность по организации отдыха и развлечений,false,,,,,,,,136168000,1031,,,,,4,Деятельность по организации отдыха и развлечений,ЗАПАДНО-КАЗАХСТАНСКАЯ ОБЛАСТЬ,КАРАТОБИНСКИЙ РАЙОН
449039,Прочие виды деятельности по организации отдыха и развлечений,true,,,,,,,,136168000,1031,,,,,5,Прочая деятельность по организации отдыха и развлечений,ЗАПАДНО-КАЗАХСТАНСКАЯ ОБЛАСТЬ,КАРАТОБИНСКИЙ РАЙОН
741340,Промышленность,false,,366077000,883,330455000,920,109769000,846,218382000,1031,49529000,994,193209000,957,1,Всего,ЗАПАДНО-КАЗАХСТАНСКАЯ ОБЛАСТЬ,КАРАТОБИНСКИЙ РАЙОН
447346,Обрабатывающая промышленность,false,,x,883,10480000,920,x,846,,,,,,,2,Промышленность,ЗАПАДНО-КАЗАХСТАНСКАЯ ОБЛАСТЬ,КАРАТОБИНСКИЙ РАЙОН
447413,Производство напитков,false,,x,883,,,x,846,,,,,,,3,Обрабатывающая промышленность,ЗАПАДНО-КАЗАХСТАНСКАЯ ОБЛАСТЬ,КАРАТОБИНСКИЙ РАЙОН
447414,Производство напитков,false,,x,883,,,x,846,,,,,,,4,Производство напитков,ЗАПАДНО-КАЗАХСТАНСКАЯ ОБЛАСТЬ,КАРАТОБИНСКИЙ РАЙОН
447427,"Производство безалкогольных напитков, минеральных вод и других вод в бутылках",false,,x,883,,,x,846,,,,,,,5,Производство напитков,ЗАПАДНО-КАЗАХСТАНСКАЯ ОБЛАСТЬ,КАРАТОБИНСКИЙ РАЙОН
447646,Производство прочей не металлической минеральной продукции,false,,,,10480000,920,,,,,,,,,3,Обрабатывающая промышленность,ЗАПАДНО-КАЗАХСТАНСКАЯ ОБЛАСТЬ,КАРАТОБИНСКИЙ РАЙОН
447688,"Производство изделий из бетона, цемента и строительного гипса ",false,,,,10480000,920,,,,,,,,,4,Производство прочей не металлической минеральной продукции,ЗАПАДНО-КАЗАХСТАНСКАЯ ОБЛАСТЬ,КАРАТОБИНСКИЙ РАЙОН
447689,Производство строительных изделий из бетона,false,,,,10480000,920,,,,,,,,,5,"Производство изделий из бетона, цемента и строительного гипса ",ЗАПАДНО-КАЗАХСТАНСКАЯ ОБЛАСТЬ,КАРАТОБИНСКИЙ РАЙОН
448090,"Снабжение электроэнергией, газом, паром, горячей водой и кондиционированным воздухом",false,,,,,,,,142465000,1031,2308000,994,,,2,Промышленность,ЗАПАДНО-КАЗАХСТАНСКАЯ ОБЛАСТЬ,КАРАТОБИНСКИЙ РАЙОН
448091,"Снабжение электроэнергией, газом, паром, горячей водой и кондиционированным воздухом",false,,,,,,,,142465000,1031,2308000,994,,,3,"Снабжение электроэнергией, газом, паром, горячей водой и кондиционированным воздухом",ЗАПАДНО-КАЗАХСТАНСКАЯ ОБЛАСТЬ,КАРАТОБИНСКИЙ РАЙОН
448092,"Производство, передача и распределение электроэнергии",false,,,,,,,,121409000,1031,2308000,994,,,4,"Снабжение электроэнергией, газом, паром, горячей водой и кондиционированным воздухом",ЗАПАДНО-КАЗАХСТАНСКАЯ ОБЛАСТЬ,КАРАТОБИНСКИЙ РАЙОН
448100,Распределение электроэнергии,false,,,,,,,,121409000,1031,2308000,994,,,5,"Производство, передача и распределение электроэнергии",ЗАПАДНО-КАЗАХСТАНСКАЯ ОБЛАСТЬ,КАРАТОБИНСКИЙ РАЙОН
448104,Производство и распределение газообразного топлива по трубопроводам,false,,,,,,,,21056000,1031,,,,,4,"Снабжение электроэнергией, газом, паром, горячей водой и кондиционированным воздухом",ЗАПАДНО-КАЗАХСТАНСКАЯ ОБЛАСТЬ,КАРАТОБИНСКИЙ РАЙОН
448107,Распределение газообразного топлива по трубопроводам,false,,,,,,,,21056000,1031,,,,,5,Производство и распределение газообразного топлива по трубопроводам,ЗАПАДНО-КАЗАХСТАНСКАЯ ОБЛАСТЬ,КАРАТОБИНСКИЙ РАЙОН
448117,"Водоснабжение; сбор, обработка и удаление отходов, деятельность по ликвидации загрязнений",false,,365883000,883,319975000,920,19201000,846,75917000,1031,47221000,994,193209000,957,2,Промышленность,ЗАПАДНО-КАЗАХСТАНСКАЯ ОБЛАСТЬ,КАРАТОБИНСКИЙ РАЙОН
448118,"Сбор, обработка и распределение воды",false,,365883000,883,319975000,920,19201000,846,75917000,1031,47221000,994,193209000,957,3,"Водоснабжение; сбор, обработка и удаление отходов, деятельность по ликвидации загрязнений",ЗАПАДНО-КАЗАХСТАНСКАЯ ОБЛАСТЬ,КАРАТОБИНСКИЙ РАЙОН
448119,"Сбор, обработка и распределение воды",false,,365883000,883,319975000,920,19201000,846,75917000,1031,47221000,994,193209000,957,4,"Сбор, обработка и распределение воды",ЗАПАДНО-КАЗАХСТАНСКАЯ ОБЛАСТЬ,КАРАТОБИНСКИЙ РАЙОН
448120,"Сбор, обработка и распределение воды",false,,365883000,883,319975000,920,19201000,846,75917000,1031,47221000,994,193209000,957,5,"Сбор, обработка и распределение воды",ЗАПАДНО-КАЗАХСТАНСКАЯ ОБЛАСТЬ,КАРАТОБИНСКИЙ РАЙОН
741885,Всего,false,,4088631000,883,7082555000,920,2823777000,846,10593146000,1031,11822752000,994,7019093000,957,0,,ЗАПАДНО-КАЗАХСТАНСКАЯ ОБЛАСТЬ,БОКЕЙОРДИНСКИЙ РАЙОН
447173,"Сельское, лесное и рыбное хозяйство",false,,579358000,883,678211000,920,443233000,846,1361385000,1031,1235403000,994,835054000,957,1,Всего,ЗАПАДНО-КАЗАХСТАНСКАЯ ОБЛАСТЬ,БОКЕЙОРДИНСКИЙ РАЙОН
447174,"Растениеводство и животноводство, охота и предоставление услуг в этих областях",false,,579358000,883,678211000,920,443233000,846,1361385000,1031,1235403000,994,835054000,957,2,"Сельское, лесное и рыбное хозяйство",ЗАПАДНО-КАЗАХСТАНСКАЯ ОБЛАСТЬ,БОКЕЙОРДИНСКИЙ РАЙОН
447175,Выращивание одно- или двухлетних культур,false,,,,,,,,11000000,1031,,,,,3,"Растениеводство и животноводство, охота и предоставление услуг в этих областях",ЗАПАДНО-КАЗАХСТАНСКАЯ ОБЛАСТЬ,БОКЕЙОРДИНСКИЙ РАЙОН
447181,"Выращивание овощей, бахчевых, корнеплодов и клубнеплодов",false,,,,,,,,11000000,1031,,,,,4,Выращивание одно- или двухлетних культур,ЗАПАДНО-КАЗАХСТАНСКАЯ ОБЛАСТЬ,БОКЕЙОРДИНСКИЙ РАЙОН
447183,"Выращивание овощей, их семян и рассады",true,,,,,,,,11000000,1031,,,,,5,"Выращивание овощей, бахчевых, корнеплодов и клубнеплодов",ЗАПАДНО-КАЗАХСТАНСКАЯ ОБЛАСТЬ,БОКЕЙОРДИНСКИЙ РАЙОН
447218,Животноводство,false,,579358000,883,600379000,920,443233000,846,1188461000,1031,1066595000,994,784194000,957,3,"Растениеводство и животноводство, охота и предоставление услуг в этих областях",ЗАПАДНО-КАЗАХСТАНСКАЯ ОБЛАСТЬ,БОКЕЙОРДИНСКИЙ РАЙОН
447219,Разведение крупного рогатого скота молочного направления,false,,,,,,,,3150000,1031,,,,,4,Животноводство,ЗАПАДНО-КАЗАХСТАНСКАЯ ОБЛАСТЬ,БОКЕЙОРДИНСКИЙ РАЙОН
447220,Разведение крупного рогатого скота молочного направления,true,,,,,,,,3150000,1031,,,,,5,Разведение крупного рогатого скота молочного направления,ЗАПАДНО-КАЗАХСТАНСКАЯ ОБЛАСТЬ,БОКЕЙОРДИНСКИЙ РАЙОН
447221,Разведение прочего крупного рогатого скота и буйволов,false,,579358000,883,597415000,920,443233000,846,1174841000,1031,1066245000,994,781954000,957,4,Животноводство,ЗАПАДНО-КАЗАХСТАНСКАЯ ОБЛАСТЬ,БОКЕЙОРДИНСКИЙ РАЙОН
447222,Разведение прочего крупного рогатого скота и буйволов,true,,579358000,883,597415000,920,443233000,846,1174841000,1031,1066245000,994,781954000,957,5,Разведение прочего крупного рогатого скота и буйволов,ЗАПАДНО-КАЗАХСТАНСКАЯ ОБЛАСТЬ,БОКЕЙОРДИНСКИЙ РАЙОН
447223,Разведение лошадей и прочих животных семейства лошадиных,false,,,,,,,,9870000,1031,,,,,4,Животноводство,ЗАПАДНО-КАЗАХСТАНСКАЯ ОБЛАСТЬ,БОКЕЙОРДИНСКИЙ РАЙОН
447224,Разведение лошадей,true,,,,,,,,9870000,1031,,,,,5,Разведение лошадей и прочих животных семейства лошадиных,ЗАПАДНО-КАЗАХСТАНСКАЯ ОБЛАСТЬ,БОКЕЙОРДИНСКИЙ РАЙОН
447228,Разведение овец и коз,false,,,,2964000,920,,,600000,1031,350000,994,2240000,957,4,Животноводство,ЗАПАДНО-КАЗАХСТАНСКАЯ ОБЛАСТЬ,БОКЕЙОРДИНСКИЙ РАЙОН
447229,Разведение овец и коз,true,,,,2964000,920,,,600000,1031,350000,994,2240000,957,5,Разведение овец и коз,ЗАПАДНО-КАЗАХСТАНСКАЯ ОБЛАСТЬ,БОКЕЙОРДИНСКИЙ РАЙОН
447239,Смешанное сельское хозяйство,false,,,,77832000,920,,,142647000,1031,132808000,994,50860000,957,3,"Растениеводство и животноводство, охота и предоставление услуг в этих областях",ЗАПАДНО-КАЗАХСТАНСКАЯ ОБЛАСТЬ,БОКЕЙОРДИНСКИЙ РАЙОН
447240,Смешанное сельское хозяйство,false,,,,77832000,920,,,142647000,1031,132808000,994,50860000,957,4,Смешанное сельское хозяйство,ЗАПАДНО-КАЗАХСТАНСКАЯ ОБЛАСТЬ,БОКЕЙОРДИНСКИЙ РАЙОН
447241,Смешанное сельское хозяйство,true,,,,77832000,920,,,142647000,1031,132808000,994,50860000,957,5,Смешанное сельское хозяйство,ЗАПАДНО-КАЗАХСТАНСКАЯ ОБЛАСТЬ,БОКЕЙОРДИНСКИЙ РАЙОН
18683346,"Деятельность, способствующая выращиванию сельскохозяйственных культур и разведению животных и деятельность по обработке урожая",false,,,,,,,,19277000,1031,36000000,994,,,3,"Растениеводство и животноводство, охота и предоставление услуг в этих областях",ЗАПАДНО-КАЗАХСТАНСКАЯ ОБЛАСТЬ,БОКЕЙОРДИНСКИЙ РАЙОН
18683350,"Деятельность, способствующая животноводству",false,,,,,,,,19277000,1031,36000000,994,,,4,"Деятельность, способствующая выращиванию сельскохозяйственных культур и разведению животных и деятельность по обработке урожая",ЗАПАДНО-КАЗАХСТАНСКАЯ ОБЛАСТЬ,БОКЕЙОРДИНСКИЙ РАЙОН
18683351,"Деятельность, способствующая животноводству",true,,,,,,,,19277000,1031,36000000,994,,,5,"Деятельность, способствующая животноводству",ЗАПАДНО-КАЗАХСТАНСКАЯ ОБЛАСТЬ,БОКЕЙОРДИНСКИЙ РАЙОН
448215,Оптовая и розничная торговля; ремонт автомобилей и мотоциклов,false,,,,,,5680000,846,84000000,1031,,,,,1,Всего,ЗАПАДНО-КАЗАХСТАНСКАЯ ОБЛАСТЬ,БОКЕЙОРДИНСКИЙ РАЙОН
448377,"Розничная торговля, кроме торговли автомобилями и мотоциклами",false,,,,,,5680000,846,84000000,1031,,,,,2,Оптовая и розничная торговля; ремонт автомобилей и мотоциклов,ЗАПАДНО-КАЗАХСТАНСКАЯ ОБЛАСТЬ,БОКЕЙОРДИНСКИЙ РАЙОН
448378,Розничная торговля в неспециализированных магазинах,false,,,,,,5680000,846,84000000,1031,,,,,3,"Розничная торговля, кроме торговли автомобилями и мотоциклами",ЗАПАДНО-КАЗАХСТАНСКАЯ ОБЛАСТЬ,БОКЕЙОРДИНСКИЙ РАЙОН
448379,"Розничная торговля в неспециализированных магазинах преимущественно продуктами питания, напитками и табачными изделиями",false,,,,,,5680000,846,84000000,1031,,,,,4,Розничная торговля в неспециализированных магазинах,ЗАПАДНО-КАЗАХСТАНСКАЯ ОБЛАСТЬ,БОКЕЙОРДИНСКИЙ РАЙОН
3647934,"Розничная торговля преимущественно продуктами питания, напитками и табачными изделиями в неспециализированных магазинах, являющихся торговыми объектами, с торговой площадью менее 2000 кв.м ",true,,,,,,5680000,846,84000000,1031,,,,,5,"Розничная торговля в неспециализированных магазинах преимущественно продуктами питания, напитками и табачными изделиями",ЗАПАДНО-КАЗАХСТАНСКАЯ ОБЛАСТЬ,БОКЕЙОРДИНСКИЙ РАЙОН
448475,Транспорт и складирование,false,,1530200000,883,5308978000,920,x,846,7628374000,1031,8318507000,994,5130682000,957,1,Всего,ЗАПАДНО-КАЗАХСТАНСКАЯ ОБЛАСТЬ,БОКЕЙОРДИНСКИЙ РАЙОН
448476,Деятельность сухопутного и трубопроводного транспорта ,false,,,,,,,,5152000,1031,29000,994,,,2,Транспорт и складирование,ЗАПАДНО-КАЗАХСТАНСКАЯ ОБЛАСТЬ,БОКЕЙОРДИНСКИЙ РАЙОН
448499,Деятельность трубопроводного транспорта,false,,,,,,,,5152000,1031,29000,994,,,3,Деятельность сухопутного и трубопроводного транспорта ,ЗАПАДНО-КАЗАХСТАНСКАЯ ОБЛАСТЬ,БОКЕЙОРДИНСКИЙ РАЙОН
448500,Деятельность трубопроводного транспорта,false,,,,,,,,5152000,1031,29000,994,,,4,Деятельность трубопроводного транспорта,ЗАПАДНО-КАЗАХСТАНСКАЯ ОБЛАСТЬ,БОКЕЙОРДИНСКИЙ РАЙОН
448501,Деятельность трубопроводного транспорта,true,,,,,,,,5152000,1031,29000,994,,,5,Деятельность трубопроводного транспорта,ЗАПАДНО-КАЗАХСТАНСКАЯ ОБЛАСТЬ,БОКЕЙОРДИНСКИЙ РАЙОН
448527,Складирование грузов и вспомогательная транспортная деятельность,false,,1530200000,883,5308978000,920,x,846,7623222000,1031,8318478000,994,5130682000,957,2,Транспорт и складирование,ЗАПАДНО-КАЗАХСТАНСКАЯ ОБЛАСТЬ,БОКЕЙОРДИНСКИЙ РАЙОН
448533,Вспомогательная транспортная деятельность,false,,1530200000,883,5308978000,920,x,846,7623222000,1031,8318478000,994,5130682000,957,3,Складирование грузов и вспомогательная транспортная деятельность,ЗАПАДНО-КАЗАХСТАНСКАЯ ОБЛАСТЬ,БОКЕЙОРДИНСКИЙ РАЙОН
448534,Вспомогательная деятельность сухопутного транспорта,false,,1530200000,883,5308978000,920,x,846,7623222000,1031,8318478000,994,5130682000,957,4,Вспомогательная транспортная деятельность,ЗАПАДНО-КАЗАХСТАНСКАЯ ОБЛАСТЬ,БОКЕЙОРДИНСКИЙ РАЙОН
448536,Эксплуатация автомобильных дорог,true,,1530200000,883,5308978000,920,x,846,7623222000,1031,8318478000,994,5130682000,957,5,Вспомогательная деятельность сухопутного транспорта,ЗАПАДНО-КАЗАХСТАНСКАЯ ОБЛАСТЬ,БОКЕЙОРДИНСКИЙ РАЙОН
448558,Предоставление услуг по проживанию и питанию,false,,,,,,,,,,50000000,994,,,1,Всего,ЗАПАДНО-КАЗАХСТАНСКАЯ ОБЛАСТЬ,БОКЕЙОРДИНСКИЙ РАЙОН
448573,Предоставление услуг по обеспечению питанием и напитками,false,,,,,,,,,,50000000,994,,,2,Предоставление услуг по проживанию и питанию,ЗАПАДНО-КАЗАХСТАНСКАЯ ОБЛАСТЬ,БОКЕЙОРДИНСКИЙ РАЙОН
448574,Деятельность ресторанов и предоставление услуг по доставке продуктов питания,false,,,,,,,,,,50000000,994,,,3,Предоставление услуг по обеспечению питанием и напитками,ЗАПАДНО-КАЗАХСТАНСКАЯ ОБЛАСТЬ,БОКЕЙОРДИНСКИЙ РАЙОН
448575,Деятельность ресторанов и предоставление услуг по доставке продуктов питания,false,,,,,,,,,,50000000,994,,,4,Деятельность ресторанов и предоставление услуг по доставке продуктов питания,ЗАПАДНО-КАЗАХСТАНСКАЯ ОБЛАСТЬ,БОКЕЙОРДИНСКИЙ РАЙОН
20576361,"Деятельность ресторанов и предоставление услуг по доставке продуктов питания объектами, находящимися на придорожной полосе",true,,,,,,,,,,50000000,994,,,5,Деятельность ресторанов и предоставление услуг по доставке продуктов питания,ЗАПАДНО-КАЗАХСТАНСКАЯ ОБЛАСТЬ,БОКЕЙОРДИНСКИЙ РАЙОН
448585,Информация и связь,false,,321000,883,,,1402952000,846,,,,,,,1,Всего,ЗАПАДНО-КАЗАХСТАНСКАЯ ОБЛАСТЬ,БОКЕЙОРДИНСКИЙ РАЙОН
448623,Телекоммуникации,false,,321000,883,,,1402952000,846,,,,,,,2,Информация и связь,ЗАПАДНО-КАЗАХСТАНСКАЯ ОБЛАСТЬ,БОКЕЙОРДИНСКИЙ РАЙОН
448627,Беспроводная телекоммуникационная связь,false,,321000,883,,,1402952000,846,,,,,,,3,Телекоммуникации,ЗАПАДНО-КАЗАХСТАНСКАЯ ОБЛАСТЬ,БОКЕЙОРДИНСКИЙ РАЙОН
448628,Беспроводная телекоммуникационная связь,false,,321000,883,,,1402952000,846,,,,,,,4,Беспроводная телекоммуникационная связь,ЗАПАДНО-КАЗАХСТАНСКАЯ ОБЛАСТЬ,БОКЕЙОРДИНСКИЙ РАЙОН
18946149,Прочая беспроводная телекоммуникационная связь,true,,321000,883,,,1402952000,846,,,,,,,5,Беспроводная телекоммуникационная связь,ЗАПАДНО-КАЗАХСТАНСКАЯ ОБЛАСТЬ,БОКЕЙОРДИНСКИЙ РАЙОН
448714,Операции с недвижимым имуществом,false,,316060000,883,752960000,920,558362000,846,506690000,1031,262961000,994,230303000,957,1,Всего,ЗАПАДНО-КАЗАХСТАНСКАЯ ОБЛАСТЬ,БОКЕЙОРДИНСКИЙ РАЙОН
448715,Операции с недвижимым имуществом,false,,316060000,883,752960000,920,558362000,846,506690000,1031,262961000,994,230303000,957,2,Операции с недвижимым имуществом,ЗАПАДНО-КАЗАХСТАНСКАЯ ОБЛАСТЬ,БОКЕЙОРДИНСКИЙ РАЙОН
448716,Покупка и продажа собственного недвижимого имущества ,false,,316060000,883,752960000,920,558362000,846,506690000,1031,262961000,994,230303000,957,3,Операции с недвижимым имуществом,ЗАПАДНО-КАЗАХСТАНСКАЯ ОБЛАСТЬ,БОКЕЙОРДИНСКИЙ РАЙОН
448717,Покупка и продажа собственного недвижимого имущества ,false,,316060000,883,752960000,920,558362000,846,506690000,1031,262961000,994,230303000,957,4,Покупка и продажа собственного недвижимого имущества ,ЗАПАДНО-КАЗАХСТАНСКАЯ ОБЛАСТЬ,БОКЕЙОРДИНСКИЙ РАЙОН
543091,Покупка и продажа многоквартирных и жилых домов (особняков),true,,316060000,883,752960000,920,558362000,846,506690000,1031,262961000,994,230303000,957,5,Покупка и продажа собственного недвижимого имущества ,ЗАПАДНО-КАЗАХСТАНСКАЯ ОБЛАСТЬ,БОКЕЙОРДИНСКИЙ РАЙОН
448728,"Профессиональная, научная и техническая деятельность",false,,,,10195000,920,,,,,17675000,994,,,1,Всего,ЗАПАДНО-КАЗАХСТАНСКАЯ ОБЛАСТЬ,БОКЕЙОРДИНСКИЙ РАЙОН
448747,"Деятельность в области архитектуры, инженерных изысканий, технических испытаний и анализа",false,,,,10195000,920,,,,,17675000,994,,,2,"Профессиональная, научная и техническая деятельность",ЗАПАДНО-КАЗАХСТАНСКАЯ ОБЛАСТЬ,БОКЕЙОРДИНСКИЙ РАЙОН
448748,"Деятельность в области архитектуры, инженерных изысканий и предоставление технических консультаций в этих областях",false,,,,10195000,920,,,,,17675000,994,,,3,"Деятельность в области архитектуры, инженерных изысканий, технических испытаний и анализа",ЗАПАДНО-КАЗАХСТАНСКАЯ ОБЛАСТЬ,БОКЕЙОРДИНСКИЙ РАЙОН
448749,Деятельность в области архитектуры,false,,,,10195000,920,,,,,17675000,994,,,4,"Деятельность в области архитектуры, инженерных изысканий и предоставление технических консультаций в этих областях",ЗАПАДНО-КАЗАХСТАНСКАЯ ОБЛАСТЬ,БОКЕЙОРДИНСКИЙ РАЙОН
18951462,"Деятельность в области архитектуры, за исключением объектов атомной промышленности и атомной энергетики  ",true,,,,10195000,920,,,,,17675000,994,,,5,Деятельность в области архитектуры,ЗАПАДНО-КАЗАХСТАНСКАЯ ОБЛАСТЬ,БОКЕЙОРДИНСКИЙ РАЙОН
448797,Деятельность в области административного и вспомогательного обслуживания,false,,,,,,,,x,1031,13975000,994,,,1,Всего,ЗАПАДНО-КАЗАХСТАНСКАЯ ОБЛАСТЬ,БОКЕЙОРДИНСКИЙ РАЙОН
448856,Деятельность по обслуживанию зданий и благоустройству территорий,false,,,,,,,,x,1031,13975000,994,,,2,Деятельность в области административного и вспомогательного обслуживания,ЗАПАДНО-КАЗАХСТАНСКАЯ ОБЛАСТЬ,БОКЕЙОРДИНСКИЙ РАЙОН
448867,Деятельность по благоустройству территорий,false,,,,,,,,x,1031,13975000,994,,,3,Деятельность по обслуживанию зданий и благоустройству территорий,ЗАПАДНО-КАЗАХСТАНСКАЯ ОБЛАСТЬ,БОКЕЙОРДИНСКИЙ РАЙОН
448868,Деятельность по благоустройству территорий,false,,,,,,,,x,1031,13975000,994,,,4,Деятельность по благоустройству территорий,ЗАПАДНО-КАЗАХСТАНСКАЯ ОБЛАСТЬ,БОКЕЙОРДИНСКИЙ РАЙОН
448869,Деятельность по благоустройству территорий,true,,,,,,,,x,1031,13975000,994,,,5,Деятельность по благоустройству территорий,ЗАПАДНО-КАЗАХСТАНСКАЯ ОБЛАСТЬ,БОКЕЙОРДИНСКИЙ РАЙОН
448889,Государственное управление и оборона; обязательное  социальное обеспечение,false,,401000,883,,,1005000,846,462033000,1031,55263000,994,53370000,957,1,Всего,ЗАПАДНО-КАЗАХСТАНСКАЯ ОБЛАСТЬ,БОКЕЙОРДИНСКИЙ РАЙОН
448890,Государственное управление и оборона; обязательное социальное обеспечение,false,,401000,883,,,1005000,846,462033000,1031,55263000,994,53370000,957,2,Государственное управление и оборона; обязательное  социальное обеспечение,ЗАПАДНО-КАЗАХСТАНСКАЯ ОБЛАСТЬ,БОКЕЙОРДИНСКИЙ РАЙОН
448891,Государственное управление общего характера и управление социально-экономическое политикой общества,false,,,,,,,,221452000,1031,55263000,994,53370000,957,3,Государственное управление и оборона; обязательное социальное обеспечение,ЗАПАДНО-КАЗАХСТАНСКАЯ ОБЛАСТЬ,БОКЕЙОРДИНСКИЙ РАЙОН
448892,Государственное управление общего характера,false,,,,,,,,60785000,1031,x,994,23857000,957,4,Государственное управление общего характера и управление социально-экономическое политикой общества,ЗАПАДНО-КАЗАХСТАНСКАЯ ОБЛАСТЬ,БОКЕЙОРДИНСКИЙ РАЙОН
448895,Деятельность местных органов управления,true,,,,,,,,57063000,1031,x,994,23857000,957,5,Государственное управление общего характера,ЗАПАДНО-КАЗАХСТАНСКАЯ ОБЛАСТЬ,БОКЕЙОРДИНСКИЙ РАЙОН
448896,Деятельность сельских и поселковых органов управления,true,,,,,,,,3722000,1031,,,,,5,Государственное управление общего характера,ЗАПАДНО-КАЗАХСТАНСКАЯ ОБЛАСТЬ,БОКЕЙОРДИНСКИЙ РАЙОН
448900,"Регулирование деятельности учреждений здравоохранения, образования, культуры и других социальных услуг, кроме социального обеспечения ",false,,,,,,,,144582000,1031,7200000,994,,,4,Государственное управление общего характера и управление социально-экономическое политикой общества,ЗАПАДНО-КАЗАХСТАНСКАЯ ОБЛАСТЬ,БОКЕЙОРДИНСКИЙ РАЙОН
448901,"Регулирование деятельности учреждений здравоохранения, образования, культуры и других социальных услуг, кроме социального обеспечения ",true,,,,,,,,144582000,1031,7200000,994,,,5,"Регулирование деятельности учреждений здравоохранения, образования, культуры и других социальных услуг, кроме социального обеспечения ",ЗАПАДНО-КАЗАХСТАНСКАЯ ОБЛАСТЬ,БОКЕЙОРДИНСКИЙ РАЙОН
448902,Регулирование и содействие эффективному ведению экономической деятельности,false,,,,,,,,16085000,1031,,,29513000,957,4,Государственное управление общего характера и управление социально-экономическое политикой общества,ЗАПАДНО-КАЗАХСТАНСКАЯ ОБЛАСТЬ,БОКЕЙОРДИНСКИЙ РАЙОН
448903,Регулирование и содействие эффективному ведению экономической деятельности,true,,,,,,,,16085000,1031,,,29513000,957,5,Регулирование и содействие эффективному ведению экономической деятельности,ЗАПАДНО-КАЗАХСТАНСКАЯ ОБЛАСТЬ,БОКЕЙОРДИНСКИЙ РАЙОН
448904,Предоставление государством услуг обществу в целом,false,,401000,883,,,1005000,846,240581000,1031,,,,,3,Государственное управление и оборона; обязательное социальное обеспечение,ЗАПАДНО-КАЗАХСТАНСКАЯ ОБЛАСТЬ,БОКЕЙОРДИНСКИЙ РАЙОН
448909,Деятельность в области юстиции и правосудия,false,,401000,883,,,1005000,846,240581000,1031,,,,,4,Предоставление государством услуг обществу в целом,ЗАПАДНО-КАЗАХСТАНСКАЯ ОБЛАСТЬ,БОКЕЙОРДИНСКИЙ РАЙОН
448910,Деятельность в области юстиции и правосудия,true,,401000,883,,,1005000,846,240581000,1031,,,,,5,Деятельность в области юстиции и правосудия,ЗАПАДНО-КАЗАХСТАНСКАЯ ОБЛАСТЬ,БОКЕЙОРДИНСКИЙ РАЙОН
448918,Образование,false,,833699000,883,5553000,920,,,7002000,1031,x,994,373127000,957,1,Всего,ЗАПАДНО-КАЗАХСТАНСКАЯ ОБЛАСТЬ,БОКЕЙОРДИНСКИЙ РАЙОН
448919,Образование,false,,833699000,883,5553000,920,,,7002000,1031,x,994,373127000,957,2,Образование,ЗАПАДНО-КАЗАХСТАНСКАЯ ОБЛАСТЬ,БОКЕЙОРДИНСКИЙ РАЙОН
448920,Дошкольное образование,false,,x,883,5553000,920,,,,,,,,,3,Образование,ЗАПАДНО-КАЗАХСТАНСКАЯ ОБЛАСТЬ,БОКЕЙОРДИНСКИЙ РАЙОН
448921,Дошкольное образование,false,,x,883,5553000,920,,,,,,,,,4,Дошкольное образование,ЗАПАДНО-КАЗАХСТАНСКАЯ ОБЛАСТЬ,БОКЕЙОРДИНСКИЙ РАЙОН
448922,Дошкольное образование,true,,x,883,5553000,920,,,,,,,,,5,Дошкольное образование,ЗАПАДНО-КАЗАХСТАНСКАЯ ОБЛАСТЬ,БОКЕЙОРДИНСКИЙ РАЙОН
448923,Начальное образование (1-й уровень),false,,x,883,,,,,,,,,,,3,Образование,ЗАПАДНО-КАЗАХСТАНСКАЯ ОБЛАСТЬ,БОКЕЙОРДИНСКИЙ РАЙОН
448924,Начальное образование (1-й уровень),false,,x,883,,,,,,,,,,,4,Начальное образование (1-й уровень),ЗАПАДНО-КАЗАХСТАНСКАЯ ОБЛАСТЬ,БОКЕЙОРДИНСКИЙ РАЙОН
448925,Начальное образование (1-й уровень),true,,x,883,,,,,,,,,,,5,Начальное образование (1-й уровень),ЗАПАДНО-КАЗАХСТАНСКАЯ ОБЛАСТЬ,БОКЕЙОРДИНСКИЙ РАЙОН
448926,Среднее образование (2-й и 3-й уровни),false,,593556000,883,,,,,,,x,994,373127000,957,3,Образование,ЗАПАДНО-КАЗАХСТАНСКАЯ ОБЛАСТЬ,БОКЕЙОРДИНСКИЙ РАЙОН
448927,Основное и общее среднее образование,false,,593556000,883,,,,,,,x,994,373127000,957,4,Среднее образование (2-й и 3-й уровни),ЗАПАДНО-КАЗАХСТАНСКАЯ ОБЛАСТЬ,БОКЕЙОРДИНСКИЙ РАЙОН
448928,Основное и общее среднее образование,true,,593556000,883,,,,,,,x,994,373127000,957,5,Основное и общее среднее образование,ЗАПАДНО-КАЗАХСТАНСКАЯ ОБЛАСТЬ,БОКЕЙОРДИНСКИЙ РАЙОН
448937,Прочие виды образования,false,,x,883,,,,,7002000,1031,,,,,3,Образование,ЗАПАДНО-КАЗАХСТАНСКАЯ ОБЛАСТЬ,БОКЕЙОРДИНСКИЙ РАЙОН
448938,Образование в области спорта и отдыха,false,,,,,,,,7002000,1031,,,,,4,Прочие виды образования,ЗАПАДНО-КАЗАХСТАНСКАЯ ОБЛАСТЬ,БОКЕЙОРДИНСКИЙ РАЙОН
448939,Образование в области спорта и отдыха,true,,,,,,,,7002000,1031,,,,,5,Образование в области спорта и отдыха,ЗАПАДНО-КАЗАХСТАНСКАЯ ОБЛАСТЬ,БОКЕЙОРДИНСКИЙ РАЙОН
448944,"Прочие виды образования, не включенные в другие группировки",false,,x,883,,,,,,,,,,,4,Прочие виды образования,ЗАПАДНО-КАЗАХСТАНСКАЯ ОБЛАСТЬ,БОКЕЙОРДИНСКИЙ РАЙОН
448946,"Прочая деятельность в области образования, не включенная в другие группировки",true,,x,883,,,,,,,,,,,5,"Прочие виды образования, не включенные в другие группировки",ЗАПАДНО-КАЗАХСТАНСКАЯ ОБЛАСТЬ,БОКЕЙОРДИНСКИЙ РАЙОН
448950,Здравоохранение и социальное обслуживание населения,false,,,,,,34664000,846,264106000,1031,323351000,994,4837000,957,1,Всего,ЗАПАДНО-КАЗАХСТАНСКАЯ ОБЛАСТЬ,БОКЕЙОРДИНСКИЙ РАЙОН
448951,Деятельность в области здравоохранения,false,,,,,,34664000,846,264106000,1031,323351000,994,4837000,957,2,Здравоохранение и социальное обслуживание населения,ЗАПАДНО-КАЗАХСТАНСКАЯ ОБЛАСТЬ,БОКЕЙОРДИНСКИЙ РАЙОН
448952,Деятельность больничных организаций,false,,,,,,34664000,846,264106000,1031,323351000,994,4837000,957,3,Деятельность в области здравоохранения,ЗАПАДНО-КАЗАХСТАНСКАЯ ОБЛАСТЬ,БОКЕЙОРДИНСКИЙ РАЙОН
448953,Деятельность больничных организаций,false,,,,,,34664000,846,264106000,1031,323351000,994,4837000,957,4,Деятельность больничных организаций,ЗАПАДНО-КАЗАХСТАНСКАЯ ОБЛАСТЬ,БОКЕЙОРДИНСКИЙ РАЙОН
448954,Деятельность больниц широкого профиля и специализированных больниц,true,,,,,,34664000,846,264004000,1031,131034000,994,,,5,Деятельность больничных организаций,ЗАПАДНО-КАЗАХСТАНСКАЯ ОБЛАСТЬ,БОКЕЙОРДИНСКИЙ РАЙОН
448958,"Деятельность других лечебных учреждений, имеющих стационары",true,,,,,,,,102000,1031,192317000,994,4837000,957,5,Деятельность больничных организаций,ЗАПАДНО-КАЗАХСТАНСКАЯ ОБЛАСТЬ,БОКЕЙОРДИНСКИЙ РАЙОН
448991,"Искусство, развлечения и отдых",false,,x,883,3011000,920,10530000,846,55415000,1031,1241538000,994,153210000,957,1,Всего,ЗАПАДНО-КАЗАХСТАНСКАЯ ОБЛАСТЬ,БОКЕЙОРДИНСКИЙ РАЙОН
449004,"Деятельность библиотек, архивов, музеев и прочая деятельность в области культуры",false,,,,,,,,1337000,1031,x,994,x,957,2,"Искусство, развлечения и отдых",ЗАПАДНО-КАЗАХСТАНСКАЯ ОБЛАСТЬ,БОКЕЙОРДИНСКИЙ РАЙОН
449005,"Деятельность библиотек, архивов, музеев и прочая деятельность в области культуры",false,,,,,,,,1337000,1031,x,994,x,957,3,"Деятельность библиотек, архивов, музеев и прочая деятельность в области культуры",ЗАПАДНО-КАЗАХСТАНСКАЯ ОБЛАСТЬ,БОКЕЙОРДИНСКИЙ РАЙОН
449006,Деятельность библиотек и архивов,false,,,,,,,,475000,1031,,,,,4,"Деятельность библиотек, архивов, музеев и прочая деятельность в области культуры",ЗАПАДНО-КАЗАХСТАНСКАЯ ОБЛАСТЬ,БОКЕЙОРДИНСКИЙ РАЙОН
449008,"Библиотечная деятельность, включая деятельность читальных залов, лекториев, демонстрационных залов",true,,,,,,,,475000,1031,,,,,5,Деятельность библиотек и архивов,ЗАПАДНО-КАЗАХСТАНСКАЯ ОБЛАСТЬ,БОКЕЙОРДИНСКИЙ РАЙОН
449013,Деятельность исторических мест и зданий и аналогичных туристических достопримечательностей,false,,,,,,,,x,1031,x,994,x,957,4,"Деятельность библиотек, архивов, музеев и прочая деятельность в области культуры",ЗАПАДНО-КАЗАХСТАНСКАЯ ОБЛАСТЬ,БОКЕЙОРДИНСКИЙ РАЙОН
449014,Деятельность исторических мест и зданий и аналогичных туристических достопримечательностей,true,,,,,,,,x,1031,x,994,x,957,5,Деятельность исторических мест и зданий и аналогичных туристических достопримечательностей,ЗАПАДНО-КАЗАХСТАНСКАЯ ОБЛАСТЬ,БОКЕЙОРДИНСКИЙ РАЙОН
449022,"Деятельность в области спорта, организации отдыха и развлечений",false,,x,883,3011000,920,10530000,846,54078000,1031,703229000,994,44835000,957,2,"Искусство, развлечения и отдых",ЗАПАДНО-КАЗАХСТАНСКАЯ ОБЛАСТЬ,БОКЕЙОРДИНСКИЙ РАЙОН
449023,Деятельность в области спорта,false,,x,883,x,920,10530000,846,33888000,1031,,,,,3,"Деятельность в области спорта, организации отдыха и развлечений",ЗАПАДНО-КАЗАХСТАНСКАЯ ОБЛАСТЬ,БОКЕЙОРДИНСКИЙ РАЙОН
449024,Эксплуатация спортивных сооружений,false,,x,883,x,920,10530000,846,33888000,1031,,,,,4,Деятельность в области спорта,ЗАПАДНО-КАЗАХСТАНСКАЯ ОБЛАСТЬ,БОКЕЙОРДИНСКИЙ РАЙОН
449025,Эксплуатация спортивных сооружений,true,,x,883,x,920,10530000,846,33888000,1031,,,,,5,Эксплуатация спортивных сооружений,ЗАПАДНО-КАЗАХСТАНСКАЯ ОБЛАСТЬ,БОКЕЙОРДИНСКИЙ РАЙОН
449032,Деятельность по организации отдыха и развлечений,false,,,,3005000,920,,,20190000,1031,703229000,994,44835000,957,3,"Деятельность в области спорта, организации отдыха и развлечений",ЗАПАДНО-КАЗАХСТАНСКАЯ ОБЛАСТЬ,БОКЕЙОРДИНСКИЙ РАЙОН
449035,Прочая деятельность по организации отдыха и развлечений,false,,,,3005000,920,,,20190000,1031,703229000,994,44835000,957,4,Деятельность по организации отдыха и развлечений,ЗАПАДНО-КАЗАХСТАНСКАЯ ОБЛАСТЬ,БОКЕЙОРДИНСКИЙ РАЙОН
449039,Прочие виды деятельности по организации отдыха и развлечений,true,,,,3005000,920,,,20190000,1031,703229000,994,44835000,957,5,Прочая деятельность по организации отдыха и развлечений,ЗАПАДНО-КАЗАХСТАНСКАЯ ОБЛАСТЬ,БОКЕЙОРДИНСКИЙ РАЙОН
741340,Промышленность,false,,479393000,883,323647000,920,346448000,846,205517000,1031,219466000,994,238510000,957,1,Всего,ЗАПАДНО-КАЗАХСТАНСКАЯ ОБЛАСТЬ,БОКЕЙОРДИНСКИЙ РАЙОН
448090,"Снабжение электроэнергией, газом, паром, горячей водой и кондиционированным воздухом",false,,24825000,883,13543000,920,12773000,846,17688000,1031,158375000,994,219999000,957,2,Промышленность,ЗАПАДНО-КАЗАХСТАНСКАЯ ОБЛАСТЬ,БОКЕЙОРДИНСКИЙ РАЙОН
448091,"Снабжение электроэнергией, газом, паром, горячей водой и кондиционированным воздухом",false,,24825000,883,13543000,920,12773000,846,17688000,1031,158375000,994,219999000,957,3,"Снабжение электроэнергией, газом, паром, горячей водой и кондиционированным воздухом",ЗАПАДНО-КАЗАХСТАНСКАЯ ОБЛАСТЬ,БОКЕЙОРДИНСКИЙ РАЙОН
448092,"Производство, передача и распределение электроэнергии",false,,18741000,883,2398000,920,12619000,846,17688000,1031,158375000,994,219999000,957,4,"Снабжение электроэнергией, газом, паром, горячей водой и кондиционированным воздухом",ЗАПАДНО-КАЗАХСТАНСКАЯ ОБЛАСТЬ,БОКЕЙОРДИНСКИЙ РАЙОН
448100,Распределение электроэнергии,false,,18741000,883,2398000,920,12619000,846,17688000,1031,158375000,994,219999000,957,5,"Производство, передача и распределение электроэнергии",ЗАПАДНО-КАЗАХСТАНСКАЯ ОБЛАСТЬ,БОКЕЙОРДИНСКИЙ РАЙОН
448104,Производство и распределение газообразного топлива по трубопроводам,false,,60000,883,11145000,920,,,,,,,,,4,"Снабжение электроэнергией, газом, паром, горячей водой и кондиционированным воздухом",ЗАПАДНО-КАЗАХСТАНСКАЯ ОБЛАСТЬ,БОКЕЙОРДИНСКИЙ РАЙОН
448107,Распределение газообразного топлива по трубопроводам,false,,60000,883,11145000,920,,,,,,,,,5,Производство и распределение газообразного топлива по трубопроводам,ЗАПАДНО-КАЗАХСТАНСКАЯ ОБЛАСТЬ,БОКЕЙОРДИНСКИЙ РАЙОН
448111,"Снабжение паром, горячей водой и кондиционированным воздухом",false,,6024000,883,,,154000,846,,,,,,,4,"Снабжение электроэнергией, газом, паром, горячей водой и кондиционированным воздухом",ЗАПАДНО-КАЗАХСТАНСКАЯ ОБЛАСТЬ,БОКЕЙОРДИНСКИЙ РАЙОН
448112,"Снабжение паром, горячей водой и кондиционированным воздухом",false,,6024000,883,,,154000,846,,,,,,,5,"Снабжение паром, горячей водой и кондиционированным воздухом",ЗАПАДНО-КАЗАХСТАНСКАЯ ОБЛАСТЬ,БОКЕЙОРДИНСКИЙ РАЙОН
448117,"Водоснабжение; сбор, обработка и удаление отходов, деятельность по ликвидации загрязнений",false,,454568000,883,310104000,920,333675000,846,187829000,1031,61091000,994,18511000,957,2,Промышленность,ЗАПАДНО-КАЗАХСТАНСКАЯ ОБЛАСТЬ,БОКЕЙОРДИНСКИЙ РАЙОН
448118,"Сбор, обработка и распределение воды",false,,454558000,883,310104000,920,332675000,846,186209000,1031,61091000,994,18511000,957,3,"Водоснабжение; сбор, обработка и удаление отходов, деятельность по ликвидации загрязнений",ЗАПАДНО-КАЗАХСТАНСКАЯ ОБЛАСТЬ,БОКЕЙОРДИНСКИЙ РАЙОН
448119,"Сбор, обработка и распределение воды",false,,454558000,883,310104000,920,332675000,846,186209000,1031,61091000,994,18511000,957,4,"Сбор, обработка и распределение воды",ЗАПАДНО-КАЗАХСТАНСКАЯ ОБЛАСТЬ,БОКЕЙОРДИНСКИЙ РАЙОН
448120,"Сбор, обработка и распределение воды",false,,454558000,883,310104000,920,332675000,846,186209000,1031,61091000,994,18511000,957,5,"Сбор, обработка и распределение воды",ЗАПАДНО-КАЗАХСТАНСКАЯ ОБЛАСТЬ,БОКЕЙОРДИНСКИЙ РАЙОН
448126,"Сбор, обработка и удаление отходов; утилизация (восстановление) материалов",false,,10000,883,,,1000000,846,1620000,1031,,,,,3,"Водоснабжение; сбор, обработка и удаление отходов, деятельность по ликвидации загрязнений",ЗАПАДНО-КАЗАХСТАНСКАЯ ОБЛАСТЬ,БОКЕЙОРДИНСКИЙ РАЙОН
448132,Обработка и удаление отходов,false,,10000,883,,,1000000,846,1620000,1031,,,,,4,"Сбор, обработка и удаление отходов; утилизация (восстановление) материалов",ЗАПАДНО-КАЗАХСТАНСКАЯ ОБЛАСТЬ,БОКЕЙОРДИНСКИЙ РАЙОН
448135,Обработка и удаление опасных отходов,false,,10000,883,,,1000000,846,1620000,1031,,,,,5,Обработка и удаление отходов,ЗАПАДНО-КАЗАХСТАНСКАЯ ОБЛАСТЬ,БОКЕЙОРДИНСКИЙ РАЙОН
741885,Всего,false,,7875415000,883,4527641000,920,4164782000,846,11044456000,1031,5132054000,994,5778977000,957,0,,ЗАПАДНО-КАЗАХСТАНСКАЯ ОБЛАСТЬ,СЫРЫМСКИЙ РАЙОН
447173,"Сельское, лесное и рыбное хозяйство",false,,801587000,883,1291126000,920,775176000,846,1452178000,1031,1416950000,994,1267914000,957,1,Всего,ЗАПАДНО-КАЗАХСТАНСКАЯ ОБЛАСТЬ,СЫРЫМСКИЙ РАЙОН
447174,"Растениеводство и животноводство, охота и предоставление услуг в этих областях",false,,801587000,883,1291126000,920,775176000,846,1452178000,1031,1416950000,994,1267914000,957,2,"Сельское, лесное и рыбное хозяйство",ЗАПАДНО-КАЗАХСТАНСКАЯ ОБЛАСТЬ,СЫРЫМСКИЙ РАЙОН
447175,Выращивание одно- или двухлетних культур,false,,135745000,883,100719000,920,,,191579000,1031,51442000,994,239000000,957,3,"Растениеводство и животноводство, охота и предоставление услуг в этих областях",ЗАПАДНО-КАЗАХСТАНСКАЯ ОБЛАСТЬ,СЫРЫМСКИЙ РАЙОН
447176,"Выращивание зерновых (кроме риса), бобовых и масличных культур",false,,135745000,883,100719000,920,,,149079000,1031,51442000,994,239000000,957,4,Выращивание одно- или двухлетних культур,ЗАПАДНО-КАЗАХСТАНСКАЯ ОБЛАСТЬ,СЫРЫМСКИЙ РАЙОН
3783380,"Выращивание зерновых и зернобобовых культур, включая семеноводство",true,,135745000,883,100719000,920,,,149079000,1031,51442000,994,239000000,957,5,"Выращивание зерновых (кроме риса), бобовых и масличных культур",ЗАПАДНО-КАЗАХСТАНСКАЯ ОБЛАСТЬ,СЫРЫМСКИЙ РАЙОН
447192,Выращивание прочих одно- или двухлетних культур,false,,,,,,,,42500000,1031,,,,,4,Выращивание одно- или двухлетних культур,ЗАПАДНО-КАЗАХСТАНСКАЯ ОБЛАСТЬ,СЫРЫМСКИЙ РАЙОН
447193,Выращивание кормовых культур и их семян,true,,,,,,,,42500000,1031,,,,,5,Выращивание прочих одно- или двухлетних культур,ЗАПАДНО-КАЗАХСТАНСКАЯ ОБЛАСТЬ,СЫРЫМСКИЙ РАЙОН
447218,Животноводство,false,,240832000,883,821183000,920,775176000,846,820485000,1031,1191128000,994,820378000,957,3,"Растениеводство и животноводство, охота и предоставление услуг в этих областях",ЗАПАДНО-КАЗАХСТАНСКАЯ ОБЛАСТЬ,СЫРЫМСКИЙ РАЙОН
447219,Разведение крупного рогатого скота молочного направления,false,,,,87800000,920,,,,,,,,,4,Животноводство,ЗАПАДНО-КАЗАХСТАНСКАЯ ОБЛАСТЬ,СЫРЫМСКИЙ РАЙОН
447220,Разведение крупного рогатого скота молочного направления,true,,,,87800000,920,,,,,,,,,5,Разведение крупного рогатого скота молочного направления,ЗАПАДНО-КАЗАХСТАНСКАЯ ОБЛАСТЬ,СЫРЫМСКИЙ РАЙОН
447221,Разведение прочего крупного рогатого скота и буйволов,false,,193489000,883,596896000,920,775176000,846,707967000,1031,663788000,994,522834000,957,4,Животноводство,ЗАПАДНО-КАЗАХСТАНСКАЯ ОБЛАСТЬ,СЫРЫМСКИЙ РАЙОН
447222,Разведение прочего крупного рогатого скота и буйволов,true,,193489000,883,596896000,920,775176000,846,707967000,1031,663788000,994,522834000,957,5,Разведение прочего крупного рогатого скота и буйволов,ЗАПАДНО-КАЗАХСТАНСКАЯ ОБЛАСТЬ,СЫРЫМСКИЙ РАЙОН
447223,Разведение лошадей и прочих животных семейства лошадиных,false,,15924000,883,13930000,920,,,18460000,1031,,,21120000,957,4,Животноводство,ЗАПАДНО-КАЗАХСТАНСКАЯ ОБЛАСТЬ,СЫРЫМСКИЙ РАЙОН
447224,Разведение лошадей,true,,15924000,883,13930000,920,,,18460000,1031,,,21120000,957,5,Разведение лошадей и прочих животных семейства лошадиных,ЗАПАДНО-КАЗАХСТАНСКАЯ ОБЛАСТЬ,СЫРЫМСКИЙ РАЙОН
447228,Разведение овец и коз,false,,20582000,883,57270000,920,,,84608000,1031,512510000,994,265434000,957,4,Животноводство,ЗАПАДНО-КАЗАХСТАНСКАЯ ОБЛАСТЬ,СЫРЫМСКИЙ РАЙОН
447229,Разведение овец и коз,true,,20582000,883,57270000,920,,,84608000,1031,512510000,994,265434000,957,5,Разведение овец и коз,ЗАПАДНО-КАЗАХСТАНСКАЯ ОБЛАСТЬ,СЫРЫМСКИЙ РАЙОН
447237,Разведение прочих видов животных,false,,10837000,883,65287000,920,,,9450000,1031,14830000,994,10990000,957,4,Животноводство,ЗАПАДНО-КАЗАХСТАНСКАЯ ОБЛАСТЬ,СЫРЫМСКИЙ РАЙОН
447238,Разведение прочих видов животных,true,,10837000,883,65287000,920,,,9450000,1031,14830000,994,10990000,957,5,Разведение прочих видов животных,ЗАПАДНО-КАЗАХСТАНСКАЯ ОБЛАСТЬ,СЫРЫМСКИЙ РАЙОН
447239,Смешанное сельское хозяйство,false,,425010000,883,369224000,920,,,440114000,1031,174380000,994,208536000,957,3,"Растениеводство и животноводство, охота и предоставление услуг в этих областях",ЗАПАДНО-КАЗАХСТАНСКАЯ ОБЛАСТЬ,СЫРЫМСКИЙ РАЙОН
447240,Смешанное сельское хозяйство,false,,425010000,883,369224000,920,,,440114000,1031,174380000,994,208536000,957,4,Смешанное сельское хозяйство,ЗАПАДНО-КАЗАХСТАНСКАЯ ОБЛАСТЬ,СЫРЫМСКИЙ РАЙОН
447241,Смешанное сельское хозяйство,true,,425010000,883,369224000,920,,,440114000,1031,174380000,994,208536000,957,5,Смешанное сельское хозяйство,ЗАПАДНО-КАЗАХСТАНСКАЯ ОБЛАСТЬ,СЫРЫМСКИЙ РАЙОН
448148,Строительство,false,,,,,,333000,846,,,,,,,1,Всего,ЗАПАДНО-КАЗАХСТАНСКАЯ ОБЛАСТЬ,СЫРЫМСКИЙ РАЙОН
448177,Специализированные строительные работы,false,,,,,,333000,846,,,,,,,2,Строительство,ЗАПАДНО-КАЗАХСТАНСКАЯ ОБЛАСТЬ,СЫРЫМСКИЙ РАЙОН
448187,"Монтаж и установка электрического, водопроводного и прочего оборудования",false,,,,,,333000,846,,,,,,,3,Специализированные строительные работы,ЗАПАДНО-КАЗАХСТАНСКАЯ ОБЛАСТЬ,СЫРЫМСКИЙ РАЙОН
448188,Электромонтажные работы,false,,,,,,233000,846,,,,,,,4,"Монтаж и установка электрического, водопроводного и прочего оборудования",ЗАПАДНО-КАЗАХСТАНСКАЯ ОБЛАСТЬ,СЫРЫМСКИЙ РАЙОН
18951434,"Электромонтажные работы по прокладке телекоммуникационных, компьютерных и телевизионных сетей",true,,,,,,233000,846,,,,,,,5,Электромонтажные работы,ЗАПАДНО-КАЗАХСТАНСКАЯ ОБЛАСТЬ,СЫРЫМСКИЙ РАЙОН
448192,Прочие строительно-монтажные работы,false,,,,,,100000,846,,,,,,,4,"Монтаж и установка электрического, водопроводного и прочего оборудования",ЗАПАДНО-КАЗАХСТАНСКАЯ ОБЛАСТЬ,СЫРЫМСКИЙ РАЙОН
448194,"Прочие строительно-монтажные работы, не включенные в другие группировки",true,,,,,,100000,846,,,,,,,5,Прочие строительно-монтажные работы,ЗАПАДНО-КАЗАХСТАНСКАЯ ОБЛАСТЬ,СЫРЫМСКИЙ РАЙОН
448215,Оптовая и розничная торговля; ремонт автомобилей и мотоциклов,false,,43097000,883,248785000,920,x,846,25000000,1031,,,,,1,Всего,ЗАПАДНО-КАЗАХСТАНСКАЯ ОБЛАСТЬ,СЫРЫМСКИЙ РАЙОН
448377,"Розничная торговля, кроме торговли автомобилями и мотоциклами",false,,43097000,883,248785000,920,x,846,25000000,1031,,,,,2,Оптовая и розничная торговля; ремонт автомобилей и мотоциклов,ЗАПАДНО-КАЗАХСТАНСКАЯ ОБЛАСТЬ,СЫРЫМСКИЙ РАЙОН
448378,Розничная торговля в неспециализированных магазинах,false,,36000000,883,85000000,920,,,25000000,1031,,,,,3,"Розничная торговля, кроме торговли автомобилями и мотоциклами",ЗАПАДНО-КАЗАХСТАНСКАЯ ОБЛАСТЬ,СЫРЫМСКИЙ РАЙОН
448379,"Розничная торговля в неспециализированных магазинах преимущественно продуктами питания, напитками и табачными изделиями",false,,36000000,883,85000000,920,,,25000000,1031,,,,,4,Розничная торговля в неспециализированных магазинах,ЗАПАДНО-КАЗАХСТАНСКАЯ ОБЛАСТЬ,СЫРЫМСКИЙ РАЙОН
3647934,"Розничная торговля преимущественно продуктами питания, напитками и табачными изделиями в неспециализированных магазинах, являющихся торговыми объектами, с торговой площадью менее 2000 кв.м ",true,,36000000,883,85000000,920,,,25000000,1031,,,,,5,"Розничная торговля в неспециализированных магазинах преимущественно продуктами питания, напитками и табачными изделиями",ЗАПАДНО-КАЗАХСТАНСКАЯ ОБЛАСТЬ,СЫРЫМСКИЙ РАЙОН
448399,Розничная торговля топливом в специализированных магазинах,false,,x,883,x,920,x,846,,,,,,,3,"Розничная торговля, кроме торговли автомобилями и мотоциклами",ЗАПАДНО-КАЗАХСТАНСКАЯ ОБЛАСТЬ,СЫРЫМСКИЙ РАЙОН
448400,Розничная торговля топливом в специализированных магазинах,false,,x,883,x,920,x,846,,,,,,,4,Розничная торговля топливом в специализированных магазинах,ЗАПАДНО-КАЗАХСТАНСКАЯ ОБЛАСТЬ,СЫРЫМСКИЙ РАЙОН
20576124,"Розничная торговля моторным топливом в специализированных магазинах, за исключением находящихся на придорожной полосе",true,,x,883,x,920,,,,,,,,,5,Розничная торговля топливом в специализированных магазинах,ЗАПАДНО-КАЗАХСТАНСКАЯ ОБЛАСТЬ,СЫРЫМСКИЙ РАЙОН
18951442,Розничная торговля моторным топливом в специализированных магазинах,true,,,,,,x,846,,,,,,,5,Розничная торговля топливом в специализированных магазинах,ЗАПАДНО-КАЗАХСТАНСКАЯ ОБЛАСТЬ,СЫРЫМСКИЙ РАЙОН
448475,Транспорт и складирование,false,,3318197000,883,1991079000,920,613525000,846,5298664000,1031,1135803000,994,1676287000,957,1,Всего,ЗАПАДНО-КАЗАХСТАНСКАЯ ОБЛАСТЬ,СЫРЫМСКИЙ РАЙОН
448476,Деятельность сухопутного и трубопроводного транспорта ,false,,,,,,8500000,846,255047000,1031,544000,994,x,957,2,Транспорт и складирование,ЗАПАДНО-КАЗАХСТАНСКАЯ ОБЛАСТЬ,СЫРЫМСКИЙ РАЙОН
448494,Деятельность грузового автомобильного транспорта и предоставление услуг по переезду ,false,,,,,,8500000,846,198336000,1031,,,,,3,Деятельность сухопутного и трубопроводного транспорта ,ЗАПАДНО-КАЗАХСТАНСКАЯ ОБЛАСТЬ,СЫРЫМСКИЙ РАЙОН
448495,Деятельность грузового автомобильного транспорта,false,,,,,,8500000,846,198336000,1031,,,,,4,Деятельность грузового автомобильного транспорта и предоставление услуг по переезду ,ЗАПАДНО-КАЗАХСТАНСКАЯ ОБЛАСТЬ,СЫРЫМСКИЙ РАЙОН
448496,Деятельность грузового автомобильного транспорта,true,,,,,,8500000,846,198336000,1031,,,,,5,Деятельность грузового автомобильного транспорта,ЗАПАДНО-КАЗАХСТАНСКАЯ ОБЛАСТЬ,СЫРЫМСКИЙ РАЙОН
448499,Деятельность трубопроводного транспорта,false,,,,,,,,56711000,1031,544000,994,x,957,3,Деятельность сухопутного и трубопроводного транспорта ,ЗАПАДНО-КАЗАХСТАНСКАЯ ОБЛАСТЬ,СЫРЫМСКИЙ РАЙОН
448500,Деятельность трубопроводного транспорта,false,,,,,,,,56711000,1031,544000,994,x,957,4,Деятельность трубопроводного транспорта,ЗАПАДНО-КАЗАХСТАНСКАЯ ОБЛАСТЬ,СЫРЫМСКИЙ РАЙОН
448501,Деятельность трубопроводного транспорта,true,,,,,,,,56711000,1031,544000,994,x,957,5,Деятельность трубопроводного транспорта,ЗАПАДНО-КАЗАХСТАНСКАЯ ОБЛАСТЬ,СЫРЫМСКИЙ РАЙОН
448527,Складирование грузов и вспомогательная транспортная деятельность,false,,3318197000,883,1991079000,920,605025000,846,5043617000,1031,1135259000,994,1587482000,957,2,Транспорт и складирование,ЗАПАДНО-КАЗАХСТАНСКАЯ ОБЛАСТЬ,СЫРЫМСКИЙ РАЙОН
448528,Складирование и хранение грузов,false,,,,,,12000000,846,,,,,,,3,Складирование грузов и вспомогательная транспортная деятельность,ЗАПАДНО-КАЗАХСТАНСКАЯ ОБЛАСТЬ,СЫРЫМСКИЙ РАЙОН
448529,Складирование и хранение грузов,false,,,,,,12000000,846,,,,,,,4,Складирование и хранение грузов,ЗАПАДНО-КАЗАХСТАНСКАЯ ОБЛАСТЬ,СЫРЫМСКИЙ РАЙОН
448531,"Складирование и хранение непродовольственных товаров, кроме зерна и нефти",true,,,,,,7000000,846,,,,,,,5,Складирование и хранение грузов,ЗАПАДНО-КАЗАХСТАНСКАЯ ОБЛАСТЬ,СЫРЫМСКИЙ РАЙОН
448532,Складирование и хранение продовольственных товаров,true,,,,,,5000000,846,,,,,,,5,Складирование и хранение грузов,ЗАПАДНО-КАЗАХСТАНСКАЯ ОБЛАСТЬ,СЫРЫМСКИЙ РАЙОН
448533,Вспомогательная транспортная деятельность,false,,3318197000,883,1991079000,920,x,846,5043617000,1031,1135259000,994,1587482000,957,3,Складирование грузов и вспомогательная транспортная деятельность,ЗАПАДНО-КАЗАХСТАНСКАЯ ОБЛАСТЬ,СЫРЫМСКИЙ РАЙОН
448534,Вспомогательная деятельность сухопутного транспорта,false,,3318197000,883,1991079000,920,x,846,5043617000,1031,1135259000,994,1587482000,957,4,Вспомогательная транспортная деятельность,ЗАПАДНО-КАЗАХСТАНСКАЯ ОБЛАСТЬ,СЫРЫМСКИЙ РАЙОН
448536,Эксплуатация автомобильных дорог,true,,3318197000,883,1981539000,920,x,846,5043617000,1031,1135259000,994,1587482000,957,5,Вспомогательная деятельность сухопутного транспорта,ЗАПАДНО-КАЗАХСТАНСКАЯ ОБЛАСТЬ,СЫРЫМСКИЙ РАЙОН
448539,Прочая вспомогательная деятельность сухопутного транспорта ,true,,,,9540000,920,,,,,,,,,5,Вспомогательная деятельность сухопутного транспорта,ЗАПАДНО-КАЗАХСТАНСКАЯ ОБЛАСТЬ,СЫРЫМСКИЙ РАЙОН
448558,Предоставление услуг по проживанию и питанию,false,,,,76000000,920,,,562001000,1031,,,,,1,Всего,ЗАПАДНО-КАЗАХСТАНСКАЯ ОБЛАСТЬ,СЫРЫМСКИЙ РАЙОН
3783427,Предоставление услуг по временному проживанию,false,,,,,,,,562001000,1031,,,,,2,Предоставление услуг по проживанию и питанию,ЗАПАДНО-КАЗАХСТАНСКАЯ ОБЛАСТЬ,СЫРЫМСКИЙ РАЙОН
3783441,Предоставление услуг прочими местами для проживания,false,,,,,,,,562001000,1031,,,,,3,Предоставление услуг по временному проживанию,ЗАПАДНО-КАЗАХСТАНСКАЯ ОБЛАСТЬ,СЫРЫМСКИЙ РАЙОН
3783442,Предоставление услуг прочими местами для проживания,false,,,,,,,,562001000,1031,,,,,4,Предоставление услуг прочими местами для проживания,ЗАПАДНО-КАЗАХСТАНСКАЯ ОБЛАСТЬ,СЫРЫМСКИЙ РАЙОН
20576357,"Предоставление услуг прочими местами для проживания, не включенными в другие категории",true,,,,,,,,562001000,1031,,,,,5,Предоставление услуг прочими местами для проживания,ЗАПАДНО-КАЗАХСТАНСКАЯ ОБЛАСТЬ,СЫРЫМСКИЙ РАЙОН
448573,Предоставление услуг по обеспечению питанием и напитками,false,,,,76000000,920,,,,,,,,,2,Предоставление услуг по проживанию и питанию,ЗАПАДНО-КАЗАХСТАНСКАЯ ОБЛАСТЬ,СЫРЫМСКИЙ РАЙОН
448574,Деятельность ресторанов и предоставление услуг по доставке продуктов питания,false,,,,76000000,920,,,,,,,,,3,Предоставление услуг по обеспечению питанием и напитками,ЗАПАДНО-КАЗАХСТАНСКАЯ ОБЛАСТЬ,СЫРЫМСКИЙ РАЙОН
448575,Деятельность ресторанов и предоставление услуг по доставке продуктов питания,false,,,,76000000,920,,,,,,,,,4,Деятельность ресторанов и предоставление услуг по доставке продуктов питания,ЗАПАДНО-КАЗАХСТАНСКАЯ ОБЛАСТЬ,СЫРЫМСКИЙ РАЙОН
20576361,"Деятельность ресторанов и предоставление услуг по доставке продуктов питания объектами, находящимися на придорожной полосе",true,,,,76000000,920,,,,,,,,,5,Деятельность ресторанов и предоставление услуг по доставке продуктов питания,ЗАПАДНО-КАЗАХСТАНСКАЯ ОБЛАСТЬ,СЫРЫМСКИЙ РАЙОН
448585,Информация и связь,false,,325000,883,,,999991000,846,11959000,1031,,,x,957,1,Всего,ЗАПАДНО-КАЗАХСТАНСКАЯ ОБЛАСТЬ,СЫРЫМСКИЙ РАЙОН
448623,Телекоммуникации,false,,325000,883,,,999991000,846,11959000,1031,,,x,957,2,Информация и связь,ЗАПАДНО-КАЗАХСТАНСКАЯ ОБЛАСТЬ,СЫРЫМСКИЙ РАЙОН
18696628,Проводная телекоммуникационная связь,false,,,,,,,,1800000,1031,,,,,3,Телекоммуникации,ЗАПАДНО-КАЗАХСТАНСКАЯ ОБЛАСТЬ,СЫРЫМСКИЙ РАЙОН
18696629,Проводная телекоммуникационная связь,false,,,,,,,,1800000,1031,,,,,4,Проводная телекоммуникационная связь,ЗАПАДНО-КАЗАХСТАНСКАЯ ОБЛАСТЬ,СЫРЫМСКИЙ РАЙОН
18946146,Прочая проводная телекоммуникационная связь,true,,,,,,,,1800000,1031,,,,,5,Проводная телекоммуникационная связь,ЗАПАДНО-КАЗАХСТАНСКАЯ ОБЛАСТЬ,СЫРЫМСКИЙ РАЙОН
448627,Беспроводная телекоммуникационная связь,false,,325000,883,,,999991000,846,x,1031,,,x,957,3,Телекоммуникации,ЗАПАДНО-КАЗАХСТАНСКАЯ ОБЛАСТЬ,СЫРЫМСКИЙ РАЙОН
448628,Беспроводная телекоммуникационная связь,false,,325000,883,,,999991000,846,x,1031,,,x,957,4,Беспроводная телекоммуникационная связь,ЗАПАДНО-КАЗАХСТАНСКАЯ ОБЛАСТЬ,СЫРЫМСКИЙ РАЙОН
18946147,Беспроводная телекоммуникационная связь посредством единой транспортной среды,true,,,,,,,,x,1031,,,x,957,5,Беспроводная телекоммуникационная связь,ЗАПАДНО-КАЗАХСТАНСКАЯ ОБЛАСТЬ,СЫРЫМСКИЙ РАЙОН
18946149,Прочая беспроводная телекоммуникационная связь,true,,325000,883,,,999991000,846,,,,,,,5,Беспроводная телекоммуникационная связь,ЗАПАДНО-КАЗАХСТАНСКАЯ ОБЛАСТЬ,СЫРЫМСКИЙ РАЙОН
448714,Операции с недвижимым имуществом,false,,287190000,883,371140000,920,698776000,846,2412765000,1031,430341000,994,511233000,957,1,Всего,ЗАПАДНО-КАЗАХСТАНСКАЯ ОБЛАСТЬ,СЫРЫМСКИЙ РАЙОН
448715,Операции с недвижимым имуществом,false,,287190000,883,371140000,920,698776000,846,2412765000,1031,430341000,994,511233000,957,2,Операции с недвижимым имуществом,ЗАПАДНО-КАЗАХСТАНСКАЯ ОБЛАСТЬ,СЫРЫМСКИЙ РАЙОН
448716,Покупка и продажа собственного недвижимого имущества ,false,,287190000,883,371140000,920,698776000,846,2412765000,1031,430341000,994,511233000,957,3,Операции с недвижимым имуществом,ЗАПАДНО-КАЗАХСТАНСКАЯ ОБЛАСТЬ,СЫРЫМСКИЙ РАЙОН
448717,Покупка и продажа собственного недвижимого имущества ,false,,287190000,883,371140000,920,698776000,846,2412765000,1031,430341000,994,511233000,957,4,Покупка и продажа собственного недвижимого имущества ,ЗАПАДНО-КАЗАХСТАНСКАЯ ОБЛАСТЬ,СЫРЫМСКИЙ РАЙОН
543091,Покупка и продажа многоквартирных и жилых домов (особняков),true,,287190000,883,371140000,920,698776000,846,2412765000,1031,430341000,994,511233000,957,5,Покупка и продажа собственного недвижимого имущества ,ЗАПАДНО-КАЗАХСТАНСКАЯ ОБЛАСТЬ,СЫРЫМСКИЙ РАЙОН
448728,"Профессиональная, научная и техническая деятельность",false,,,,1200000,920,,,,,,,,,1,Всего,ЗАПАДНО-КАЗАХСТАНСКАЯ ОБЛАСТЬ,СЫРЫМСКИЙ РАЙОН
448793,Ветеринарная деятельность,false,,,,1200000,920,,,,,,,,,2,"Профессиональная, научная и техническая деятельность",ЗАПАДНО-КАЗАХСТАНСКАЯ ОБЛАСТЬ,СЫРЫМСКИЙ РАЙОН
448794,Ветеринарная деятельность,false,,,,1200000,920,,,,,,,,,3,Ветеринарная деятельность,ЗАПАДНО-КАЗАХСТАНСКАЯ ОБЛАСТЬ,СЫРЫМСКИЙ РАЙОН
448795,Ветеринарная деятельность,false,,,,1200000,920,,,,,,,,,4,Ветеринарная деятельность,ЗАПАДНО-КАЗАХСТАНСКАЯ ОБЛАСТЬ,СЫРЫМСКИЙ РАЙОН
448796,Ветеринарная деятельность,true,,,,1200000,920,,,,,,,,,5,Ветеринарная деятельность,ЗАПАДНО-КАЗАХСТАНСКАЯ ОБЛАСТЬ,СЫРЫМСКИЙ РАЙОН
448797,Деятельность в области административного и вспомогательного обслуживания,false,,50435000,883,21795000,920,12581000,846,,,11838000,994,14584000,957,1,Всего,ЗАПАДНО-КАЗАХСТАНСКАЯ ОБЛАСТЬ,СЫРЫМСКИЙ РАЙОН
448856,Деятельность по обслуживанию зданий и благоустройству территорий,false,,50435000,883,21795000,920,12581000,846,,,11838000,994,14584000,957,2,Деятельность в области административного и вспомогательного обслуживания,ЗАПАДНО-КАЗАХСТАНСКАЯ ОБЛАСТЬ,СЫРЫМСКИЙ РАЙОН
448867,Деятельность по благоустройству территорий,false,,50435000,883,21795000,920,12581000,846,,,11838000,994,14584000,957,3,Деятельность по обслуживанию зданий и благоустройству территорий,ЗАПАДНО-КАЗАХСТАНСКАЯ ОБЛАСТЬ,СЫРЫМСКИЙ РАЙОН
448868,Деятельность по благоустройству территорий,false,,50435000,883,21795000,920,12581000,846,,,11838000,994,14584000,957,4,Деятельность по благоустройству территорий,ЗАПАДНО-КАЗАХСТАНСКАЯ ОБЛАСТЬ,СЫРЫМСКИЙ РАЙОН
448869,Деятельность по благоустройству территорий,true,,50435000,883,21795000,920,12581000,846,,,11838000,994,14584000,957,5,Деятельность по благоустройству территорий,ЗАПАДНО-КАЗАХСТАНСКАЯ ОБЛАСТЬ,СЫРЫМСКИЙ РАЙОН
448889,Государственное управление и оборона; обязательное  социальное обеспечение,false,,94625000,883,54897000,920,313639000,846,289084000,1031,4368000,994,9459000,957,1,Всего,ЗАПАДНО-КАЗАХСТАНСКАЯ ОБЛАСТЬ,СЫРЫМСКИЙ РАЙОН
448890,Государственное управление и оборона; обязательное социальное обеспечение,false,,94625000,883,54897000,920,313639000,846,289084000,1031,4368000,994,9459000,957,2,Государственное управление и оборона; обязательное  социальное обеспечение,ЗАПАДНО-КАЗАХСТАНСКАЯ ОБЛАСТЬ,СЫРЫМСКИЙ РАЙОН
448891,Государственное управление общего характера и управление социально-экономическое политикой общества,false,,94625000,883,54897000,920,313639000,846,5495000,1031,4368000,994,9459000,957,3,Государственное управление и оборона; обязательное социальное обеспечение,ЗАПАДНО-КАЗАХСТАНСКАЯ ОБЛАСТЬ,СЫРЫМСКИЙ РАЙОН
448892,Государственное управление общего характера,false,,4648000,883,25196000,920,13445000,846,3929000,1031,1369000,994,5070000,957,4,Государственное управление общего характера и управление социально-экономическое политикой общества,ЗАПАДНО-КАЗАХСТАНСКАЯ ОБЛАСТЬ,СЫРЫМСКИЙ РАЙОН
448895,Деятельность местных органов управления,true,,x,883,10373000,920,5199000,846,x,1031,x,994,1340000,957,5,Государственное управление общего характера,ЗАПАДНО-КАЗАХСТАНСКАЯ ОБЛАСТЬ,СЫРЫМСКИЙ РАЙОН
448896,Деятельность сельских и поселковых органов управления,true,,3537000,883,14823000,920,8246000,846,1829000,1031,991000,994,3730000,957,5,Государственное управление общего характера,ЗАПАДНО-КАЗАХСТАНСКАЯ ОБЛАСТЬ,СЫРЫМСКИЙ РАЙОН
448900,"Регулирование деятельности учреждений здравоохранения, образования, культуры и других социальных услуг, кроме социального обеспечения ",false,,x,883,15521000,920,100153000,846,1566000,1031,2999000,994,3637000,957,4,Государственное управление общего характера и управление социально-экономическое политикой общества,ЗАПАДНО-КАЗАХСТАНСКАЯ ОБЛАСТЬ,СЫРЫМСКИЙ РАЙОН
448901,"Регулирование деятельности учреждений здравоохранения, образования, культуры и других социальных услуг, кроме социального обеспечения ",true,,x,883,15521000,920,100153000,846,1566000,1031,2999000,994,3637000,957,5,"Регулирование деятельности учреждений здравоохранения, образования, культуры и других социальных услуг, кроме социального обеспечения ",ЗАПАДНО-КАЗАХСТАНСКАЯ ОБЛАСТЬ,СЫРЫМСКИЙ РАЙОН
448902,Регулирование и содействие эффективному ведению экономической деятельности,false,,,,14180000,920,200041000,846,,,,,x,957,4,Государственное управление общего характера и управление социально-экономическое политикой общества,ЗАПАДНО-КАЗАХСТАНСКАЯ ОБЛАСТЬ,СЫРЫМСКИЙ РАЙОН
448903,Регулирование и содействие эффективному ведению экономической деятельности,true,,,,14180000,920,200041000,846,,,,,x,957,5,Регулирование и содействие эффективному ведению экономической деятельности,ЗАПАДНО-КАЗАХСТАНСКАЯ ОБЛАСТЬ,СЫРЫМСКИЙ РАЙОН
448904,Предоставление государством услуг обществу в целом,false,,,,,,,,283589000,1031,,,,,3,Государственное управление и оборона; обязательное социальное обеспечение,ЗАПАДНО-КАЗАХСТАНСКАЯ ОБЛАСТЬ,СЫРЫМСКИЙ РАЙОН
448913,Деятельность по обеспечению безопасности в чрезвычайных ситуациях,false,,,,,,,,283589000,1031,,,,,4,Предоставление государством услуг обществу в целом,ЗАПАДНО-КАЗАХСТАНСКАЯ ОБЛАСТЬ,СЫРЫМСКИЙ РАЙОН
448914,Деятельность по обеспечению безопасности в чрезвычайных ситуациях,true,,,,,,,,283589000,1031,,,,,5,Деятельность по обеспечению безопасности в чрезвычайных ситуациях,ЗАПАДНО-КАЗАХСТАНСКАЯ ОБЛАСТЬ,СЫРЫМСКИЙ РАЙОН
448918,Образование,false,,x,883,11985000,920,3182000,846,93686000,1031,98716000,994,82729000,957,1,Всего,ЗАПАДНО-КАЗАХСТАНСКАЯ ОБЛАСТЬ,СЫРЫМСКИЙ РАЙОН
448919,Образование,false,,x,883,11985000,920,3182000,846,93686000,1031,98716000,994,82729000,957,2,Образование,ЗАПАДНО-КАЗАХСТАНСКАЯ ОБЛАСТЬ,СЫРЫМСКИЙ РАЙОН
448920,Дошкольное образование,false,,,,,,1326000,846,,,,,,,3,Образование,ЗАПАДНО-КАЗАХСТАНСКАЯ ОБЛАСТЬ,СЫРЫМСКИЙ РАЙОН
448921,Дошкольное образование,false,,,,,,1326000,846,,,,,,,4,Дошкольное образование,ЗАПАДНО-КАЗАХСТАНСКАЯ ОБЛАСТЬ,СЫРЫМСКИЙ РАЙОН
448922,Дошкольное образование,true,,,,,,1326000,846,,,,,,,5,Дошкольное образование,ЗАПАДНО-КАЗАХСТАНСКАЯ ОБЛАСТЬ,СЫРЫМСКИЙ РАЙОН
448926,Среднее образование (2-й и 3-й уровни),false,,x,883,11985000,920,1856000,846,93686000,1031,98036000,994,81960000,957,3,Образование,ЗАПАДНО-КАЗАХСТАНСКАЯ ОБЛАСТЬ,СЫРЫМСКИЙ РАЙОН
448927,Основное и общее среднее образование,false,,x,883,11985000,920,1856000,846,93686000,1031,98036000,994,81748000,957,4,Среднее образование (2-й и 3-й уровни),ЗАПАДНО-КАЗАХСТАНСКАЯ ОБЛАСТЬ,СЫРЫМСКИЙ РАЙОН
448928,Основное и общее среднее образование,true,,x,883,11985000,920,1856000,846,93686000,1031,98036000,994,81748000,957,5,Основное и общее среднее образование,ЗАПАДНО-КАЗАХСТАНСКАЯ ОБЛАСТЬ,СЫРЫМСКИЙ РАЙОН
448929,Техническое и профессиональное среднее образование,false,,,,,,,,,,,,212000,957,4,Среднее образование (2-й и 3-й уровни),ЗАПАДНО-КАЗАХСТАНСКАЯ ОБЛАСТЬ,СЫРЫМСКИЙ РАЙОН
448931,Среднее специальное образование,true,,,,,,,,,,,,212000,957,5,Техническое и профессиональное среднее образование,ЗАПАДНО-КАЗАХСТАНСКАЯ ОБЛАСТЬ,СЫРЫМСКИЙ РАЙОН
448937,Прочие виды образования,false,,,,,,,,,,680000,994,769000,957,3,Образование,ЗАПАДНО-КАЗАХСТАНСКАЯ ОБЛАСТЬ,СЫРЫМСКИЙ РАЙОН
448944,"Прочие виды образования, не включенные в другие группировки",false,,,,,,,,,,680000,994,769000,957,4,Прочие виды образования,ЗАПАДНО-КАЗАХСТАНСКАЯ ОБЛАСТЬ,СЫРЫМСКИЙ РАЙОН
448946,"Прочая деятельность в области образования, не включенная в другие группировки",true,,,,,,,,,,680000,994,769000,957,5,"Прочие виды образования, не включенные в другие группировки",ЗАПАДНО-КАЗАХСТАНСКАЯ ОБЛАСТЬ,СЫРЫМСКИЙ РАЙОН
448950,Здравоохранение и социальное обслуживание населения,false,,698000,883,3700000,920,77135000,846,224584000,1031,454383000,994,35067000,957,1,Всего,ЗАПАДНО-КАЗАХСТАНСКАЯ ОБЛАСТЬ,СЫРЫМСКИЙ РАЙОН
448951,Деятельность в области здравоохранения,false,,698000,883,3700000,920,77135000,846,224584000,1031,454383000,994,35067000,957,2,Здравоохранение и социальное обслуживание населения,ЗАПАДНО-КАЗАХСТАНСКАЯ ОБЛАСТЬ,СЫРЫМСКИЙ РАЙОН
448952,Деятельность больничных организаций,false,,698000,883,3700000,920,77135000,846,155340000,1031,430728000,994,29907000,957,3,Деятельность в области здравоохранения,ЗАПАДНО-КАЗАХСТАНСКАЯ ОБЛАСТЬ,СЫРЫМСКИЙ РАЙОН
448953,Деятельность больничных организаций,false,,698000,883,3700000,920,77135000,846,155340000,1031,430728000,994,29907000,957,4,Деятельность больничных организаций,ЗАПАДНО-КАЗАХСТАНСКАЯ ОБЛАСТЬ,СЫРЫМСКИЙ РАЙОН
448954,Деятельность больниц широкого профиля и специализированных больниц,true,,698000,883,3700000,920,77135000,846,77259000,1031,244900000,994,25070000,957,5,Деятельность больничных организаций,ЗАПАДНО-КАЗАХСТАНСКАЯ ОБЛАСТЬ,СЫРЫМСКИЙ РАЙОН
448958,"Деятельность других лечебных учреждений, имеющих стационары",true,,,,,,,,78081000,1031,185828000,994,4837000,957,5,Деятельность больничных организаций,ЗАПАДНО-КАЗАХСТАНСКАЯ ОБЛАСТЬ,СЫРЫМСКИЙ РАЙОН
448959,Деятельность в области врачебной практики и стоматологии,false,,,,,,,,69244000,1031,23655000,994,5160000,957,3,Деятельность в области здравоохранения,ЗАПАДНО-КАЗАХСТАНСКАЯ ОБЛАСТЬ,СЫРЫМСКИЙ РАЙОН
448960,Общая врачебная практика,false,,,,,,,,69244000,1031,23655000,994,5160000,957,4,Деятельность в области врачебной практики и стоматологии,ЗАПАДНО-КАЗАХСТАНСКАЯ ОБЛАСТЬ,СЫРЫМСКИЙ РАЙОН
448961,Общая врачебная практика,true,,,,,,,,69244000,1031,23655000,994,5160000,957,5,Общая врачебная практика,ЗАПАДНО-КАЗАХСТАНСКАЯ ОБЛАСТЬ,СЫРЫМСКИЙ РАЙОН
448991,"Искусство, развлечения и отдых",false,,43750000,883,231563000,920,50612000,846,516545000,1031,338214000,994,138619000,957,1,Всего,ЗАПАДНО-КАЗАХСТАНСКАЯ ОБЛАСТЬ,СЫРЫМСКИЙ РАЙОН
448992,"Деятельность в области творчества, искусства и развлечений",false,,,,2976000,920,,,,,237626000,994,,,2,"Искусство, развлечения и отдых",ЗАПАДНО-КАЗАХСТАНСКАЯ ОБЛАСТЬ,СЫРЫМСКИЙ РАЙОН
448993,"Деятельность в области творчества, искусства и развлечений",false,,,,2976000,920,,,,,237626000,994,,,3,"Деятельность в области творчества, искусства и развлечений",ЗАПАДНО-КАЗАХСТАНСКАЯ ОБЛАСТЬ,СЫРЫМСКИЙ РАЙОН
448998,"Деятельность, способствующая проведению культурно-зрелищных мероприятий",false,,,,2976000,920,,,,,237626000,994,,,4,"Деятельность в области творчества, искусства и развлечений",ЗАПАДНО-КАЗАХСТАНСКАЯ ОБЛАСТЬ,СЫРЫМСКИЙ РАЙОН
448999,"Деятельность, способствующая проведению культурно-зрелищных мероприятий",true,,,,2976000,920,,,,,237626000,994,,,5,"Деятельность, способствующая проведению культурно-зрелищных мероприятий",ЗАПАДНО-КАЗАХСТАНСКАЯ ОБЛАСТЬ,СЫРЫМСКИЙ РАЙОН
449004,"Деятельность библиотек, архивов, музеев и прочая деятельность в области культуры",false,,1248000,883,153987000,920,1463000,846,389658000,1031,5454000,994,1888000,957,2,"Искусство, развлечения и отдых",ЗАПАДНО-КАЗАХСТАНСКАЯ ОБЛАСТЬ,СЫРЫМСКИЙ РАЙОН
449005,"Деятельность библиотек, архивов, музеев и прочая деятельность в области культуры",false,,1248000,883,153987000,920,1463000,846,389658000,1031,5454000,994,1888000,957,3,"Деятельность библиотек, архивов, музеев и прочая деятельность в области культуры",ЗАПАДНО-КАЗАХСТАНСКАЯ ОБЛАСТЬ,СЫРЫМСКИЙ РАЙОН
449006,Деятельность библиотек и архивов,false,,1248000,883,4366000,920,1463000,846,389658000,1031,5454000,994,1888000,957,4,"Деятельность библиотек, архивов, музеев и прочая деятельность в области культуры",ЗАПАДНО-КАЗАХСТАНСКАЯ ОБЛАСТЬ,СЫРЫМСКИЙ РАЙОН
449008,"Библиотечная деятельность, включая деятельность читальных залов, лекториев, демонстрационных залов",true,,1248000,883,4366000,920,1463000,846,389658000,1031,2754000,994,1888000,957,5,Деятельность библиотек и архивов,ЗАПАДНО-КАЗАХСТАНСКАЯ ОБЛАСТЬ,СЫРЫМСКИЙ РАЙОН
449009,Деятельность архивов,true,,,,,,,,,,2700000,994,,,5,Деятельность библиотек и архивов,ЗАПАДНО-КАЗАХСТАНСКАЯ ОБЛАСТЬ,СЫРЫМСКИЙ РАЙОН
449011,Деятельность музеев,false,,,,149621000,920,,,,,,,,,4,"Деятельность библиотек, архивов, музеев и прочая деятельность в области культуры",ЗАПАДНО-КАЗАХСТАНСКАЯ ОБЛАСТЬ,СЫРЫМСКИЙ РАЙОН
449012,Деятельность музеев,true,,,,149621000,920,,,,,,,,,5,Деятельность музеев,ЗАПАДНО-КАЗАХСТАНСКАЯ ОБЛАСТЬ,СЫРЫМСКИЙ РАЙОН
449022,"Деятельность в области спорта, организации отдыха и развлечений",false,,42502000,883,74600000,920,49149000,846,126887000,1031,95134000,994,136731000,957,2,"Искусство, развлечения и отдых",ЗАПАДНО-КАЗАХСТАНСКАЯ ОБЛАСТЬ,СЫРЫМСКИЙ РАЙОН
449023,Деятельность в области спорта,false,,29714000,883,33230000,920,32320000,846,36024000,1031,58980000,994,44362000,957,3,"Деятельность в области спорта, организации отдыха и развлечений",ЗАПАДНО-КАЗАХСТАНСКАЯ ОБЛАСТЬ,СЫРЫМСКИЙ РАЙОН
449024,Эксплуатация спортивных сооружений,false,,29714000,883,33230000,920,32320000,846,34802000,1031,58206000,994,44362000,957,4,Деятельность в области спорта,ЗАПАДНО-КАЗАХСТАНСКАЯ ОБЛАСТЬ,СЫРЫМСКИЙ РАЙОН
449025,Эксплуатация спортивных сооружений,true,,29714000,883,33230000,920,32320000,846,34802000,1031,58206000,994,44362000,957,5,Эксплуатация спортивных сооружений,ЗАПАДНО-КАЗАХСТАНСКАЯ ОБЛАСТЬ,СЫРЫМСКИЙ РАЙОН
449026,Деятельность спортивных клубов,false,,,,,,,,1222000,1031,774000,994,,,4,Деятельность в области спорта,ЗАПАДНО-КАЗАХСТАНСКАЯ ОБЛАСТЬ,СЫРЫМСКИЙ РАЙОН
449027,Деятельность спортивных клубов,true,,,,,,,,1222000,1031,774000,994,,,5,Деятельность спортивных клубов,ЗАПАДНО-КАЗАХСТАНСКАЯ ОБЛАСТЬ,СЫРЫМСКИЙ РАЙОН
449032,Деятельность по организации отдыха и развлечений,false,,12788000,883,41370000,920,16829000,846,90863000,1031,36154000,994,92369000,957,3,"Деятельность в области спорта, организации отдыха и развлечений",ЗАПАДНО-КАЗАХСТАНСКАЯ ОБЛАСТЬ,СЫРЫМСКИЙ РАЙОН
449035,Прочая деятельность по организации отдыха и развлечений,false,,12788000,883,41370000,920,16829000,846,90863000,1031,36154000,994,92369000,957,4,Деятельность по организации отдыха и развлечений,ЗАПАДНО-КАЗАХСТАНСКАЯ ОБЛАСТЬ,СЫРЫМСКИЙ РАЙОН
449039,Прочие виды деятельности по организации отдыха и развлечений,true,,12788000,883,41370000,920,16829000,846,90863000,1031,36154000,994,92369000,957,5,Прочая деятельность по организации отдыха и развлечений,ЗАПАДНО-КАЗАХСТАНСКАЯ ОБЛАСТЬ,СЫРЫМСКИЙ РАЙОН
449040,Предоставление прочих видов услуг,false,,,,172445000,920,,,,,,,,,1,Всего,ЗАПАДНО-КАЗАХСТАНСКАЯ ОБЛАСТЬ,СЫРЫМСКИЙ РАЙОН
449041,Деятельность общественных объединений (организаций),false,,,,172445000,920,,,,,,,,,2,Предоставление прочих видов услуг,ЗАПАДНО-КАЗАХСТАНСКАЯ ОБЛАСТЬ,СЫРЫМСКИЙ РАЙОН
449050,Деятельность прочих общественных  объединений,false,,,,172445000,920,,,,,,,,,3,Деятельность общественных объединений (организаций),ЗАПАДНО-КАЗАХСТАНСКАЯ ОБЛАСТЬ,СЫРЫМСКИЙ РАЙОН
449051,Деятельность религиозных организаций,false,,,,172445000,920,,,,,,,,,4,Деятельность прочих общественных  объединений,ЗАПАДНО-КАЗАХСТАНСКАЯ ОБЛАСТЬ,СЫРЫМСКИЙ РАЙОН
449052,Деятельность религиозных организаций,true,,,,172445000,920,,,,,,,,,5,Деятельность религиозных организаций,ЗАПАДНО-КАЗАХСТАНСКАЯ ОБЛАСТЬ,СЫРЫМСКИЙ РАЙОН
741340,Промышленность,false,,2818966000,883,51926000,920,278313000,846,157990000,1031,1241441000,994,2034179000,957,1,Всего,ЗАПАДНО-КАЗАХСТАНСКАЯ ОБЛАСТЬ,СЫРЫМСКИЙ РАЙОН
447346,Обрабатывающая промышленность,false,,,,19600000,920,,,,,158453000,994,,,2,Промышленность,ЗАПАДНО-КАЗАХСТАНСКАЯ ОБЛАСТЬ,СЫРЫМСКИЙ РАЙОН
447646,Производство прочей не металлической минеральной продукции,false,,,,,,,,,,158453000,994,,,3,Обрабатывающая промышленность,ЗАПАДНО-КАЗАХСТАНСКАЯ ОБЛАСТЬ,СЫРЫМСКИЙ РАЙОН
447688,"Производство изделий из бетона, цемента и строительного гипса ",false,,,,,,,,,,34267000,994,,,4,Производство прочей не металлической минеральной продукции,ЗАПАДНО-КАЗАХСТАНСКАЯ ОБЛАСТЬ,СЫРЫМСКИЙ РАЙОН
447695,Производство товарного бетона ,false,,,,,,,,,,34267000,994,,,5,"Производство изделий из бетона, цемента и строительного гипса ",ЗАПАДНО-КАЗАХСТАНСКАЯ ОБЛАСТЬ,СЫРЫМСКИЙ РАЙОН
447707,Производство абразивных изделий и прочей неметаллической минеральной продукции,false,,,,,,,,,,124186000,994,,,4,Производство прочей не металлической минеральной продукции,ЗАПАДНО-КАЗАХСТАНСКАЯ ОБЛАСТЬ,СЫРЫМСКИЙ РАЙОН
447710,"Производство прочей неметаллической минеральной продукции, не включенной в другие группировки",false,,,,,,,,,,124186000,994,,,5,Производство абразивных изделий и прочей неметаллической минеральной продукции,ЗАПАДНО-КАЗАХСТАНСКАЯ ОБЛАСТЬ,СЫРЫМСКИЙ РАЙОН
448050,Ремонт и установка машин и оборудования,false,,,,19600000,920,,,,,,,,,3,Обрабатывающая промышленность,ЗАПАДНО-КАЗАХСТАНСКАЯ ОБЛАСТЬ,СЫРЫМСКИЙ РАЙОН
448051,"Ремонт готовых металлических изделий, машин и оборудования",false,,,,19600000,920,,,,,,,,,4,Ремонт и установка машин и оборудования,ЗАПАДНО-КАЗАХСТАНСКАЯ ОБЛАСТЬ,СЫРЫМСКИЙ РАЙОН
448059,Ремонт машин и оборудования,false,,,,19600000,920,,,,,,,,,5,"Ремонт готовых металлических изделий, машин и оборудования",ЗАПАДНО-КАЗАХСТАНСКАЯ ОБЛАСТЬ,СЫРЫМСКИЙ РАЙОН
448090,"Снабжение электроэнергией, газом, паром, горячей водой и кондиционированным воздухом",false,,31152000,883,4840000,920,692000,846,157990000,1031,12412000,994,36573000,957,2,Промышленность,ЗАПАДНО-КАЗАХСТАНСКАЯ ОБЛАСТЬ,СЫРЫМСКИЙ РАЙОН
448091,"Снабжение электроэнергией, газом, паром, горячей водой и кондиционированным воздухом",false,,31152000,883,4840000,920,692000,846,157990000,1031,12412000,994,36573000,957,3,"Снабжение электроэнергией, газом, паром, горячей водой и кондиционированным воздухом",ЗАПАДНО-КАЗАХСТАНСКАЯ ОБЛАСТЬ,СЫРЫМСКИЙ РАЙОН
448092,"Производство, передача и распределение электроэнергии",false,,,,101000,920,,,146560000,1031,3547000,994,26341000,957,4,"Снабжение электроэнергией, газом, паром, горячей водой и кондиционированным воздухом",ЗАПАДНО-КАЗАХСТАНСКАЯ ОБЛАСТЬ,СЫРЫМСКИЙ РАЙОН
448098,Передача электроэнергии,false,,,,101000,920,,,55723000,1031,,,26341000,957,5,"Производство, передача и распределение электроэнергии",ЗАПАДНО-КАЗАХСТАНСКАЯ ОБЛАСТЬ,СЫРЫМСКИЙ РАЙОН
448100,Распределение электроэнергии,false,,,,,,,,90837000,1031,3547000,994,,,5,"Производство, передача и распределение электроэнергии",ЗАПАДНО-КАЗАХСТАНСКАЯ ОБЛАСТЬ,СЫРЫМСКИЙ РАЙОН
448104,Производство и распределение газообразного топлива по трубопроводам,false,,31152000,883,4739000,920,692000,846,11430000,1031,8865000,994,10232000,957,4,"Снабжение электроэнергией, газом, паром, горячей водой и кондиционированным воздухом",ЗАПАДНО-КАЗАХСТАНСКАЯ ОБЛАСТЬ,СЫРЫМСКИЙ РАЙОН
448107,Распределение газообразного топлива по трубопроводам,false,,31152000,883,4739000,920,692000,846,11430000,1031,8865000,994,10232000,957,5,Производство и распределение газообразного топлива по трубопроводам,ЗАПАДНО-КАЗАХСТАНСКАЯ ОБЛАСТЬ,СЫРЫМСКИЙ РАЙОН
448117,"Водоснабжение; сбор, обработка и удаление отходов, деятельность по ликвидации загрязнений",false,,2787814000,883,27486000,920,277621000,846,,,1070576000,994,1997606000,957,2,Промышленность,ЗАПАДНО-КАЗАХСТАНСКАЯ ОБЛАСТЬ,СЫРЫМСКИЙ РАЙОН
448118,"Сбор, обработка и распределение воды",false,,2787814000,883,27486000,920,277621000,846,,,1070576000,994,1997606000,957,3,"Водоснабжение; сбор, обработка и удаление отходов, деятельность по ликвидации загрязнений",ЗАПАДНО-КАЗАХСТАНСКАЯ ОБЛАСТЬ,СЫРЫМСКИЙ РАЙОН
448119,"Сбор, обработка и распределение воды",false,,2787814000,883,27486000,920,277621000,846,,,1070576000,994,1997606000,957,4,"Сбор, обработка и распределение воды",ЗАПАДНО-КАЗАХСТАНСКАЯ ОБЛАСТЬ,СЫРЫМСКИЙ РАЙОН
448120,"Сбор, обработка и распределение воды",false,,2787814000,883,27486000,920,277621000,846,,,1070576000,994,1997606000,957,5,"Сбор, обработка и распределение воды",ЗАПАДНО-КАЗАХСТАНСКАЯ ОБЛАСТЬ,СЫРЫМСКИЙ РАЙОН
741885,Всего,false,,7723837000,883,3398979000,920,4104446000,846,5296202000,1031,6655043000,994,3540486000,957,0,,ЗАПАДНО-КАЗАХСТАНСКАЯ ОБЛАСТЬ,ТАСКАЛИНСКИЙ РАЙОН
447173,"Сельское, лесное и рыбное хозяйство",false,,1120003000,883,1661193000,920,1877426000,846,2006290000,1031,2357196000,994,1738121000,957,1,Всего,ЗАПАДНО-КАЗАХСТАНСКАЯ ОБЛАСТЬ,ТАСКАЛИНСКИЙ РАЙОН
447174,"Растениеводство и животноводство, охота и предоставление услуг в этих областях",false,,1120003000,883,1661193000,920,1877426000,846,2006290000,1031,2357196000,994,1738121000,957,2,"Сельское, лесное и рыбное хозяйство",ЗАПАДНО-КАЗАХСТАНСКАЯ ОБЛАСТЬ,ТАСКАЛИНСКИЙ РАЙОН
447175,Выращивание одно- или двухлетних культур,false,,696024000,883,810214000,920,500739000,846,757537000,1031,790958000,994,748976000,957,3,"Растениеводство и животноводство, охота и предоставление услуг в этих областях",ЗАПАДНО-КАЗАХСТАНСКАЯ ОБЛАСТЬ,ТАСКАЛИНСКИЙ РАЙОН
447176,"Выращивание зерновых (кроме риса), бобовых и масличных культур",false,,639471000,883,795294000,920,476070000,846,696744000,1031,748203000,994,580010000,957,4,Выращивание одно- или двухлетних культур,ЗАПАДНО-КАЗАХСТАНСКАЯ ОБЛАСТЬ,ТАСКАЛИНСКИЙ РАЙОН
3783380,"Выращивание зерновых и зернобобовых культур, включая семеноводство",true,,639471000,883,795294000,920,476070000,846,696744000,1031,748203000,994,580010000,957,5,"Выращивание зерновых (кроме риса), бобовых и масличных культур",ЗАПАДНО-КАЗАХСТАНСКАЯ ОБЛАСТЬ,ТАСКАЛИНСКИЙ РАЙОН
447192,Выращивание прочих одно- или двухлетних культур,false,,56553000,883,14920000,920,24669000,846,60793000,1031,42755000,994,168966000,957,4,Выращивание одно- или двухлетних культур,ЗАПАДНО-КАЗАХСТАНСКАЯ ОБЛАСТЬ,ТАСКАЛИНСКИЙ РАЙОН
447193,Выращивание кормовых культур и их семян,true,,56553000,883,14920000,920,24669000,846,60793000,1031,42755000,994,168966000,957,5,Выращивание прочих одно- или двухлетних культур,ЗАПАДНО-КАЗАХСТАНСКАЯ ОБЛАСТЬ,ТАСКАЛИНСКИЙ РАЙОН
447196,Выращивание многолетних культур,false,,6550000,883,,,,,8562000,1031,,,1400000,957,3,"Растениеводство и животноводство, охота и предоставление услуг в этих областях",ЗАПАДНО-КАЗАХСТАНСКАЯ ОБЛАСТЬ,ТАСКАЛИНСКИЙ РАЙОН
447213,Выращивание прочих многолетних культур,false,,6550000,883,,,,,8562000,1031,,,1400000,957,4,Выращивание многолетних культур,ЗАПАДНО-КАЗАХСТАНСКАЯ ОБЛАСТЬ,ТАСКАЛИНСКИЙ РАЙОН
447214,Выращивание прочих многолетних культур,true,,6550000,883,,,,,8562000,1031,,,1400000,957,5,Выращивание прочих многолетних культур,ЗАПАДНО-КАЗАХСТАНСКАЯ ОБЛАСТЬ,ТАСКАЛИНСКИЙ РАЙОН
447218,Животноводство,false,,196421000,883,477884000,920,1246510000,846,244590000,1031,363389000,994,342683000,957,3,"Растениеводство и животноводство, охота и предоставление услуг в этих областях",ЗАПАДНО-КАЗАХСТАНСКАЯ ОБЛАСТЬ,ТАСКАЛИНСКИЙ РАЙОН
447219,Разведение крупного рогатого скота молочного направления,false,,65400000,883,34194000,920,20692000,846,67181000,1031,41302000,994,59050000,957,4,Животноводство,ЗАПАДНО-КАЗАХСТАНСКАЯ ОБЛАСТЬ,ТАСКАЛИНСКИЙ РАЙОН
447220,Разведение крупного рогатого скота молочного направления,true,,65400000,883,34194000,920,20692000,846,67181000,1031,41302000,994,59050000,957,5,Разведение крупного рогатого скота молочного направления,ЗАПАДНО-КАЗАХСТАНСКАЯ ОБЛАСТЬ,ТАСКАЛИНСКИЙ РАЙОН
447221,Разведение прочего крупного рогатого скота и буйволов,false,,49391000,883,401110000,920,1170726000,846,151665000,1031,250711000,994,225773000,957,4,Животноводство,ЗАПАДНО-КАЗАХСТАНСКАЯ ОБЛАСТЬ,ТАСКАЛИНСКИЙ РАЙОН
447222,Разведение прочего крупного рогатого скота и буйволов,true,,49391000,883,401110000,920,1170726000,846,151665000,1031,250711000,994,225773000,957,5,Разведение прочего крупного рогатого скота и буйволов,ЗАПАДНО-КАЗАХСТАНСКАЯ ОБЛАСТЬ,ТАСКАЛИНСКИЙ РАЙОН
447223,Разведение лошадей и прочих животных семейства лошадиных,false,,30600000,883,,,27818000,846,,,,,11600000,957,4,Животноводство,ЗАПАДНО-КАЗАХСТАНСКАЯ ОБЛАСТЬ,ТАСКАЛИНСКИЙ РАЙОН
447224,Разведение лошадей,true,,30600000,883,,,27818000,846,,,,,11600000,957,5,Разведение лошадей и прочих животных семейства лошадиных,ЗАПАДНО-КАЗАХСТАНСКАЯ ОБЛАСТЬ,ТАСКАЛИНСКИЙ РАЙОН
447228,Разведение овец и коз,false,,18930000,883,32330000,920,27274000,846,22704000,1031,53286000,994,45170000,957,4,Животноводство,ЗАПАДНО-КАЗАХСТАНСКАЯ ОБЛАСТЬ,ТАСКАЛИНСКИЙ РАЙОН
447229,Разведение овец и коз,true,,18930000,883,32330000,920,27274000,846,22704000,1031,53286000,994,45170000,957,5,Разведение овец и коз,ЗАПАДНО-КАЗАХСТАНСКАЯ ОБЛАСТЬ,ТАСКАЛИНСКИЙ РАЙОН
447232,Разведение сельскохозяйственной птицы ,false,,900000,883,,,,,,,16190000,994,,,4,Животноводство,ЗАПАДНО-КАЗАХСТАНСКАЯ ОБЛАСТЬ,ТАСКАЛИНСКИЙ РАЙОН
447235,"Производство смешанное, мясояичное",true,,900000,883,,,,,,,16190000,994,,,5,Разведение сельскохозяйственной птицы ,ЗАПАДНО-КАЗАХСТАНСКАЯ ОБЛАСТЬ,ТАСКАЛИНСКИЙ РАЙОН
447237,Разведение прочих видов животных,false,,31200000,883,10250000,920,,,3040000,1031,x,994,x,957,4,Животноводство,ЗАПАДНО-КАЗАХСТАНСКАЯ ОБЛАСТЬ,ТАСКАЛИНСКИЙ РАЙОН
447238,Разведение прочих видов животных,true,,31200000,883,10250000,920,,,3040000,1031,x,994,x,957,5,Разведение прочих видов животных,ЗАПАДНО-КАЗАХСТАНСКАЯ ОБЛАСТЬ,ТАСКАЛИНСКИЙ РАЙОН
447239,Смешанное сельское хозяйство,false,,221008000,883,373095000,920,130177000,846,995601000,1031,1202849000,994,645062000,957,3,"Растениеводство и животноводство, охота и предоставление услуг в этих областях",ЗАПАДНО-КАЗАХСТАНСКАЯ ОБЛАСТЬ,ТАСКАЛИНСКИЙ РАЙОН
447240,Смешанное сельское хозяйство,false,,221008000,883,373095000,920,130177000,846,995601000,1031,1202849000,994,645062000,957,4,Смешанное сельское хозяйство,ЗАПАДНО-КАЗАХСТАНСКАЯ ОБЛАСТЬ,ТАСКАЛИНСКИЙ РАЙОН
447241,Смешанное сельское хозяйство,true,,221008000,883,373095000,920,130177000,846,995601000,1031,1202849000,994,645062000,957,5,Смешанное сельское хозяйство,ЗАПАДНО-КАЗАХСТАНСКАЯ ОБЛАСТЬ,ТАСКАЛИНСКИЙ РАЙОН
448148,Строительство,false,,x,883,,,x,846,,,,,,,1,Всего,ЗАПАДНО-КАЗАХСТАНСКАЯ ОБЛАСТЬ,ТАСКАЛИНСКИЙ РАЙОН
18710963,Строительство зданий,false,,x,883,,,,,,,,,,,2,Строительство,ЗАПАДНО-КАЗАХСТАНСКАЯ ОБЛАСТЬ,ТАСКАЛИНСКИЙ РАЙОН
18710967,Строительство жилых и нежилых зданий,false,,x,883,,,,,,,,,,,3,Строительство зданий,ЗАПАДНО-КАЗАХСТАНСКАЯ ОБЛАСТЬ,ТАСКАЛИНСКИЙ РАЙОН
18710968,Строительство жилых и нежилых зданий,false,,x,883,,,,,,,,,,,4,Строительство жилых и нежилых зданий,ЗАПАДНО-КАЗАХСТАНСКАЯ ОБЛАСТЬ,ТАСКАЛИНСКИЙ РАЙОН
18710969,Строительство жилых зданий,true,,x,883,,,,,,,,,,,5,Строительство жилых и нежилых зданий,ЗАПАДНО-КАЗАХСТАНСКАЯ ОБЛАСТЬ,ТАСКАЛИНСКИЙ РАЙОН
448157,Гражданское строительство,false,,,,,,x,846,,,,,,,2,Строительство,ЗАПАДНО-КАЗАХСТАНСКАЯ ОБЛАСТЬ,ТАСКАЛИНСКИЙ РАЙОН
448158,Строительство автомобильных и железных дорог,false,,,,,,x,846,,,,,,,3,Гражданское строительство,ЗАПАДНО-КАЗАХСТАНСКАЯ ОБЛАСТЬ,ТАСКАЛИНСКИЙ РАЙОН
18696143,Строительство автомобильных дорог,false,,,,,,x,846,,,,,,,4,Строительство автомобильных и железных дорог,ЗАПАДНО-КАЗАХСТАНСКАЯ ОБЛАСТЬ,ТАСКАЛИНСКИЙ РАЙОН
18946136,Строительство дорог и автомагистралей,true,,,,,,x,846,,,,,,,5,Строительство автомобильных дорог,ЗАПАДНО-КАЗАХСТАНСКАЯ ОБЛАСТЬ,ТАСКАЛИНСКИЙ РАЙОН
448215,Оптовая и розничная торговля; ремонт автомобилей и мотоциклов,false,,342624000,883,x,920,,,,,341519000,994,x,957,1,Всего,ЗАПАДНО-КАЗАХСТАНСКАЯ ОБЛАСТЬ,ТАСКАЛИНСКИЙ РАЙОН
448237,"Оптовая торговля, за исключением торговли автомобилями и мотоциклами",false,,,,,,,,,,341519000,994,,,2,Оптовая и розничная торговля; ремонт автомобилей и мотоциклов,ЗАПАДНО-КАЗАХСТАНСКАЯ ОБЛАСТЬ,ТАСКАЛИНСКИЙ РАЙОН
448331,Прочая специализированная оптовая торговля ,false,,,,,,,,,,341519000,994,,,3,"Оптовая торговля, за исключением торговли автомобилями и мотоциклами",ЗАПАДНО-КАЗАХСТАНСКАЯ ОБЛАСТЬ,ТАСКАЛИНСКИЙ РАЙОН
448332,"Оптовая торговля твердым, жидким и газообразным топливом и подобными продуктами",false,,,,,,,,,,341519000,994,,,4,Прочая специализированная оптовая торговля ,ЗАПАДНО-КАЗАХСТАНСКАЯ ОБЛАСТЬ,ТАСКАЛИНСКИЙ РАЙОН
448339,Оптовая торговля дизельным топливом,true,,,,,,,,,,341519000,994,,,5,"Оптовая торговля твердым, жидким и газообразным топливом и подобными продуктами",ЗАПАДНО-КАЗАХСТАНСКАЯ ОБЛАСТЬ,ТАСКАЛИНСКИЙ РАЙОН
448377,"Розничная торговля, кроме торговли автомобилями и мотоциклами",false,,342624000,883,x,920,,,,,,,x,957,2,Оптовая и розничная торговля; ремонт автомобилей и мотоциклов,ЗАПАДНО-КАЗАХСТАНСКАЯ ОБЛАСТЬ,ТАСКАЛИНСКИЙ РАЙОН
448399,Розничная торговля топливом в специализированных магазинах,false,,342624000,883,x,920,,,,,,,x,957,3,"Розничная торговля, кроме торговли автомобилями и мотоциклами",ЗАПАДНО-КАЗАХСТАНСКАЯ ОБЛАСТЬ,ТАСКАЛИНСКИЙ РАЙОН
448400,Розничная торговля топливом в специализированных магазинах,false,,342624000,883,x,920,,,,,,,x,957,4,Розничная торговля топливом в специализированных магазинах,ЗАПАДНО-КАЗАХСТАНСКАЯ ОБЛАСТЬ,ТАСКАЛИНСКИЙ РАЙОН
20576124,"Розничная торговля моторным топливом в специализированных магазинах, за исключением находящихся на придорожной полосе",true,,342624000,883,x,920,,,,,,,x,957,5,Розничная торговля топливом в специализированных магазинах,ЗАПАДНО-КАЗАХСТАНСКАЯ ОБЛАСТЬ,ТАСКАЛИНСКИЙ РАЙОН
448475,Транспорт и складирование,false,,3377510000,883,925307000,920,400583000,846,1417056000,1031,1856139000,994,826082000,957,1,Всего,ЗАПАДНО-КАЗАХСТАНСКАЯ ОБЛАСТЬ,ТАСКАЛИНСКИЙ РАЙОН
448476,Деятельность сухопутного и трубопроводного транспорта ,false,,1213839000,883,x,920,271982000,846,403026000,1031,154986000,994,x,957,2,Транспорт и складирование,ЗАПАДНО-КАЗАХСТАНСКАЯ ОБЛАСТЬ,ТАСКАЛИНСКИЙ РАЙОН
448499,Деятельность трубопроводного транспорта,false,,1213839000,883,x,920,271982000,846,403026000,1031,154986000,994,x,957,3,Деятельность сухопутного и трубопроводного транспорта ,ЗАПАДНО-КАЗАХСТАНСКАЯ ОБЛАСТЬ,ТАСКАЛИНСКИЙ РАЙОН
448500,Деятельность трубопроводного транспорта,false,,1213839000,883,x,920,271982000,846,403026000,1031,154986000,994,x,957,4,Деятельность трубопроводного транспорта,ЗАПАДНО-КАЗАХСТАНСКАЯ ОБЛАСТЬ,ТАСКАЛИНСКИЙ РАЙОН
448501,Деятельность трубопроводного транспорта,true,,1213839000,883,x,920,271982000,846,403026000,1031,154986000,994,x,957,5,Деятельность трубопроводного транспорта,ЗАПАДНО-КАЗАХСТАНСКАЯ ОБЛАСТЬ,ТАСКАЛИНСКИЙ РАЙОН
448527,Складирование грузов и вспомогательная транспортная деятельность,false,,2163671000,883,889921000,920,x,846,1014030000,1031,1701153000,994,810609000,957,2,Транспорт и складирование,ЗАПАДНО-КАЗАХСТАНСКАЯ ОБЛАСТЬ,ТАСКАЛИНСКИЙ РАЙОН
448528,Складирование и хранение грузов,false,,,,9186000,920,,,,,,,,,3,Складирование грузов и вспомогательная транспортная деятельность,ЗАПАДНО-КАЗАХСТАНСКАЯ ОБЛАСТЬ,ТАСКАЛИНСКИЙ РАЙОН
448529,Складирование и хранение грузов,false,,,,9186000,920,,,,,,,,,4,Складирование и хранение грузов,ЗАПАДНО-КАЗАХСТАНСКАЯ ОБЛАСТЬ,ТАСКАЛИНСКИЙ РАЙОН
448530,Складирование и хранение зерна,true,,,,9186000,920,,,,,,,,,5,Складирование и хранение грузов,ЗАПАДНО-КАЗАХСТАНСКАЯ ОБЛАСТЬ,ТАСКАЛИНСКИЙ РАЙОН
448533,Вспомогательная транспортная деятельность,false,,2163671000,883,880735000,920,x,846,1014030000,1031,1701153000,994,810609000,957,3,Складирование грузов и вспомогательная транспортная деятельность,ЗАПАДНО-КАЗАХСТАНСКАЯ ОБЛАСТЬ,ТАСКАЛИНСКИЙ РАЙОН
448534,Вспомогательная деятельность сухопутного транспорта,false,,2163671000,883,880735000,920,x,846,1014030000,1031,1701153000,994,810609000,957,4,Вспомогательная транспортная деятельность,ЗАПАДНО-КАЗАХСТАНСКАЯ ОБЛАСТЬ,ТАСКАЛИНСКИЙ РАЙОН
448536,Эксплуатация автомобильных дорог,true,,2163671000,883,880735000,920,x,846,1014030000,1031,1701153000,994,810609000,957,5,Вспомогательная деятельность сухопутного транспорта,ЗАПАДНО-КАЗАХСТАНСКАЯ ОБЛАСТЬ,ТАСКАЛИНСКИЙ РАЙОН
448585,Информация и связь,false,,283823000,883,,,62620000,846,20318000,1031,15845000,994,20737000,957,1,Всего,ЗАПАДНО-КАЗАХСТАНСКАЯ ОБЛАСТЬ,ТАСКАЛИНСКИЙ РАЙОН
448623,Телекоммуникации,false,,283823000,883,,,62620000,846,20318000,1031,15845000,994,20737000,957,2,Информация и связь,ЗАПАДНО-КАЗАХСТАНСКАЯ ОБЛАСТЬ,ТАСКАЛИНСКИЙ РАЙОН
448627,Беспроводная телекоммуникационная связь,false,,67089000,883,,,62620000,846,20318000,1031,,,,,3,Телекоммуникации,ЗАПАДНО-КАЗАХСТАНСКАЯ ОБЛАСТЬ,ТАСКАЛИНСКИЙ РАЙОН
448628,Беспроводная телекоммуникационная связь,false,,67089000,883,,,62620000,846,20318000,1031,,,,,4,Беспроводная телекоммуникационная связь,ЗАПАДНО-КАЗАХСТАНСКАЯ ОБЛАСТЬ,ТАСКАЛИНСКИЙ РАЙОН
18946147,Беспроводная телекоммуникационная связь посредством единой транспортной среды,true,,,,,,,,20318000,1031,,,,,5,Беспроводная телекоммуникационная связь,ЗАПАДНО-КАЗАХСТАНСКАЯ ОБЛАСТЬ,ТАСКАЛИНСКИЙ РАЙОН
18946149,Прочая беспроводная телекоммуникационная связь,true,,67089000,883,,,62620000,846,,,,,,,5,Беспроводная телекоммуникационная связь,ЗАПАДНО-КАЗАХСТАНСКАЯ ОБЛАСТЬ,ТАСКАЛИНСКИЙ РАЙОН
448633,Прочая деятельность в области телекоммуникаций,false,,216734000,883,,,,,,,15845000,994,20737000,957,3,Телекоммуникации,ЗАПАДНО-КАЗАХСТАНСКАЯ ОБЛАСТЬ,ТАСКАЛИНСКИЙ РАЙОН
448634,Прочая деятельность в области телекоммуникаций,false,,216734000,883,,,,,,,15845000,994,20737000,957,4,Прочая деятельность в области телекоммуникаций,ЗАПАДНО-КАЗАХСТАНСКАЯ ОБЛАСТЬ,ТАСКАЛИНСКИЙ РАЙОН
18946154,"Прочая деятельность в области телекоммуникаций, не включенная в другие группировки",true,,216734000,883,,,,,,,15845000,994,20737000,957,5,Прочая деятельность в области телекоммуникаций,ЗАПАДНО-КАЗАХСТАНСКАЯ ОБЛАСТЬ,ТАСКАЛИНСКИЙ РАЙОН
448714,Операции с недвижимым имуществом,false,,239465000,883,396202000,920,979935000,846,966594000,1031,437149000,994,317278000,957,1,Всего,ЗАПАДНО-КАЗАХСТАНСКАЯ ОБЛАСТЬ,ТАСКАЛИНСКИЙ РАЙОН
448715,Операции с недвижимым имуществом,false,,239465000,883,396202000,920,979935000,846,966594000,1031,437149000,994,317278000,957,2,Операции с недвижимым имуществом,ЗАПАДНО-КАЗАХСТАНСКАЯ ОБЛАСТЬ,ТАСКАЛИНСКИЙ РАЙОН
448716,Покупка и продажа собственного недвижимого имущества ,false,,199865000,883,396202000,920,979935000,846,966594000,1031,437149000,994,317278000,957,3,Операции с недвижимым имуществом,ЗАПАДНО-КАЗАХСТАНСКАЯ ОБЛАСТЬ,ТАСКАЛИНСКИЙ РАЙОН
448717,Покупка и продажа собственного недвижимого имущества ,false,,199865000,883,396202000,920,979935000,846,966594000,1031,437149000,994,317278000,957,4,Покупка и продажа собственного недвижимого имущества ,ЗАПАДНО-КАЗАХСТАНСКАЯ ОБЛАСТЬ,ТАСКАЛИНСКИЙ РАЙОН
543091,Покупка и продажа многоквартирных и жилых домов (особняков),true,,199865000,883,396202000,920,979935000,846,966594000,1031,437149000,994,317278000,957,5,Покупка и продажа собственного недвижимого имущества ,ЗАПАДНО-КАЗАХСТАНСКАЯ ОБЛАСТЬ,ТАСКАЛИНСКИЙ РАЙОН
448719,Аренда и управление собственной или арендуемой недвижимостью,false,,39600000,883,,,,,,,,,,,3,Операции с недвижимым имуществом,ЗАПАДНО-КАЗАХСТАНСКАЯ ОБЛАСТЬ,ТАСКАЛИНСКИЙ РАЙОН
448720,Аренда и управление собственной или арендуемой недвижимостью,false,,39600000,883,,,,,,,,,,,4,Аренда и управление собственной или арендуемой недвижимостью,ЗАПАДНО-КАЗАХСТАНСКАЯ ОБЛАСТЬ,ТАСКАЛИНСКИЙ РАЙОН
18946171,Аренда и управление собственной недвижимостью,true,,39600000,883,,,,,,,,,,,5,Аренда и управление собственной или арендуемой недвижимостью,ЗАПАДНО-КАЗАХСТАНСКАЯ ОБЛАСТЬ,ТАСКАЛИНСКИЙ РАЙОН
448728,"Профессиональная, научная и техническая деятельность",false,,,,1915000,920,,,,,,,,,1,Всего,ЗАПАДНО-КАЗАХСТАНСКАЯ ОБЛАСТЬ,ТАСКАЛИНСКИЙ РАЙОН
448793,Ветеринарная деятельность,false,,,,1915000,920,,,,,,,,,2,"Профессиональная, научная и техническая деятельность",ЗАПАДНО-КАЗАХСТАНСКАЯ ОБЛАСТЬ,ТАСКАЛИНСКИЙ РАЙОН
448794,Ветеринарная деятельность,false,,,,1915000,920,,,,,,,,,3,Ветеринарная деятельность,ЗАПАДНО-КАЗАХСТАНСКАЯ ОБЛАСТЬ,ТАСКАЛИНСКИЙ РАЙОН
448795,Ветеринарная деятельность,false,,,,1915000,920,,,,,,,,,4,Ветеринарная деятельность,ЗАПАДНО-КАЗАХСТАНСКАЯ ОБЛАСТЬ,ТАСКАЛИНСКИЙ РАЙОН
448796,Ветеринарная деятельность,true,,,,1915000,920,,,,,,,,,5,Ветеринарная деятельность,ЗАПАДНО-КАЗАХСТАНСКАЯ ОБЛАСТЬ,ТАСКАЛИНСКИЙ РАЙОН
448797,Деятельность в области административного и вспомогательного обслуживания,false,,5765000,883,,,156000,846,,,,,,,1,Всего,ЗАПАДНО-КАЗАХСТАНСКАЯ ОБЛАСТЬ,ТАСКАЛИНСКИЙ РАЙОН
448798,"Аренда, прокат и лизинг",false,,5765000,883,,,156000,846,,,,,,,2,Деятельность в области административного и вспомогательного обслуживания,ЗАПАДНО-КАЗАХСТАНСКАЯ ОБЛАСТЬ,ТАСКАЛИНСКИЙ РАЙОН
448799,Аренда и лизинг автомобилей ,false,,5765000,883,,,156000,846,,,,,,,3,"Аренда, прокат и лизинг",ЗАПАДНО-КАЗАХСТАНСКАЯ ОБЛАСТЬ,ТАСКАЛИНСКИЙ РАЙОН
448802,Аренда и лизинг грузовых автомобилей,false,,5765000,883,,,156000,846,,,,,,,4,Аренда и лизинг автомобилей ,ЗАПАДНО-КАЗАХСТАНСКАЯ ОБЛАСТЬ,ТАСКАЛИНСКИЙ РАЙОН
543077,Аренда грузовых автомобилей,true,,5765000,883,,,,,,,,,,,5,Аренда и лизинг грузовых автомобилей,ЗАПАДНО-КАЗАХСТАНСКАЯ ОБЛАСТЬ,ТАСКАЛИНСКИЙ РАЙОН
543078,Лизинг грузовых автомобилей,true,,,,,,156000,846,,,,,,,5,Аренда и лизинг грузовых автомобилей,ЗАПАДНО-КАЗАХСТАНСКАЯ ОБЛАСТЬ,ТАСКАЛИНСКИЙ РАЙОН
448889,Государственное управление и оборона; обязательное  социальное обеспечение,false,,94136000,883,25348000,920,128045000,846,43838000,1031,61573000,994,28142000,957,1,Всего,ЗАПАДНО-КАЗАХСТАНСКАЯ ОБЛАСТЬ,ТАСКАЛИНСКИЙ РАЙОН
448890,Государственное управление и оборона; обязательное социальное обеспечение,false,,94136000,883,25348000,920,128045000,846,43838000,1031,61573000,994,28142000,957,2,Государственное управление и оборона; обязательное  социальное обеспечение,ЗАПАДНО-КАЗАХСТАНСКАЯ ОБЛАСТЬ,ТАСКАЛИНСКИЙ РАЙОН
448891,Государственное управление общего характера и управление социально-экономическое политикой общества,false,,,,25348000,920,x,846,40117000,1031,61573000,994,24492000,957,3,Государственное управление и оборона; обязательное социальное обеспечение,ЗАПАДНО-КАЗАХСТАНСКАЯ ОБЛАСТЬ,ТАСКАЛИНСКИЙ РАЙОН
448892,Государственное управление общего характера,false,,,,20148000,920,,,37671000,1031,60567000,994,21292000,957,4,Государственное управление общего характера и управление социально-экономическое политикой общества,ЗАПАДНО-КАЗАХСТАНСКАЯ ОБЛАСТЬ,ТАСКАЛИНСКИЙ РАЙОН
448895,Деятельность местных органов управления,true,,,,1065000,920,,,2762000,1031,60239000,994,17898000,957,5,Государственное управление общего характера,ЗАПАДНО-КАЗАХСТАНСКАЯ ОБЛАСТЬ,ТАСКАЛИНСКИЙ РАЙОН
448896,Деятельность сельских и поселковых органов управления,true,,,,19083000,920,,,34909000,1031,328000,994,3394000,957,5,Государственное управление общего характера,ЗАПАДНО-КАЗАХСТАНСКАЯ ОБЛАСТЬ,ТАСКАЛИНСКИЙ РАЙОН
448900,"Регулирование деятельности учреждений здравоохранения, образования, культуры и других социальных услуг, кроме социального обеспечения ",false,,,,5200000,920,,,2446000,1031,1006000,994,3200000,957,4,Государственное управление общего характера и управление социально-экономическое политикой общества,ЗАПАДНО-КАЗАХСТАНСКАЯ ОБЛАСТЬ,ТАСКАЛИНСКИЙ РАЙОН
448901,"Регулирование деятельности учреждений здравоохранения, образования, культуры и других социальных услуг, кроме социального обеспечения ",true,,,,5200000,920,,,2446000,1031,1006000,994,3200000,957,5,"Регулирование деятельности учреждений здравоохранения, образования, культуры и других социальных услуг, кроме социального обеспечения ",ЗАПАДНО-КАЗАХСТАНСКАЯ ОБЛАСТЬ,ТАСКАЛИНСКИЙ РАЙОН
448902,Регулирование и содействие эффективному ведению экономической деятельности,false,,,,,,x,846,,,,,,,4,Государственное управление общего характера и управление социально-экономическое политикой общества,ЗАПАДНО-КАЗАХСТАНСКАЯ ОБЛАСТЬ,ТАСКАЛИНСКИЙ РАЙОН
448903,Регулирование и содействие эффективному ведению экономической деятельности,true,,,,,,x,846,,,,,,,5,Регулирование и содействие эффективному ведению экономической деятельности,ЗАПАДНО-КАЗАХСТАНСКАЯ ОБЛАСТЬ,ТАСКАЛИНСКИЙ РАЙОН
448904,Предоставление государством услуг обществу в целом,false,,94136000,883,,,126365000,846,3721000,1031,,,3650000,957,3,Государственное управление и оборона; обязательное социальное обеспечение,ЗАПАДНО-КАЗАХСТАНСКАЯ ОБЛАСТЬ,ТАСКАЛИНСКИЙ РАЙОН
448909,Деятельность в области юстиции и правосудия,false,,,,,,107510000,846,,,,,,,4,Предоставление государством услуг обществу в целом,ЗАПАДНО-КАЗАХСТАНСКАЯ ОБЛАСТЬ,ТАСКАЛИНСКИЙ РАЙОН
448910,Деятельность в области юстиции и правосудия,true,,,,,,107510000,846,,,,,,,5,Деятельность в области юстиции и правосудия,ЗАПАДНО-КАЗАХСТАНСКАЯ ОБЛАСТЬ,ТАСКАЛИНСКИЙ РАЙОН
448911,Деятельность по обеспечению общественного порядка и безопасности,false,,94136000,883,,,18855000,846,,,,,,,4,Предоставление государством услуг обществу в целом,ЗАПАДНО-КАЗАХСТАНСКАЯ ОБЛАСТЬ,ТАСКАЛИНСКИЙ РАЙОН
448912,Деятельность по обеспечению общественного порядка и безопасности,true,,94136000,883,,,18855000,846,,,,,,,5,Деятельность по обеспечению общественного порядка и безопасности,ЗАПАДНО-КАЗАХСТАНСКАЯ ОБЛАСТЬ,ТАСКАЛИНСКИЙ РАЙОН
448913,Деятельность по обеспечению безопасности в чрезвычайных ситуациях,false,,,,,,,,3721000,1031,,,3650000,957,4,Предоставление государством услуг обществу в целом,ЗАПАДНО-КАЗАХСТАНСКАЯ ОБЛАСТЬ,ТАСКАЛИНСКИЙ РАЙОН
448914,Деятельность по обеспечению безопасности в чрезвычайных ситуациях,true,,,,,,,,3721000,1031,,,3650000,957,5,Деятельность по обеспечению безопасности в чрезвычайных ситуациях,ЗАПАДНО-КАЗАХСТАНСКАЯ ОБЛАСТЬ,ТАСКАЛИНСКИЙ РАЙОН
448918,Образование,false,,499349000,883,25739000,920,248188000,846,8955000,1031,145812000,994,517425000,957,1,Всего,ЗАПАДНО-КАЗАХСТАНСКАЯ ОБЛАСТЬ,ТАСКАЛИНСКИЙ РАЙОН
448919,Образование,false,,499349000,883,25739000,920,248188000,846,8955000,1031,145812000,994,517425000,957,2,Образование,ЗАПАДНО-КАЗАХСТАНСКАЯ ОБЛАСТЬ,ТАСКАЛИНСКИЙ РАЙОН
448920,Дошкольное образование,false,,,,x,920,,,,,278000,994,x,957,3,Образование,ЗАПАДНО-КАЗАХСТАНСКАЯ ОБЛАСТЬ,ТАСКАЛИНСКИЙ РАЙОН
448921,Дошкольное образование,false,,,,x,920,,,,,278000,994,x,957,4,Дошкольное образование,ЗАПАДНО-КАЗАХСТАНСКАЯ ОБЛАСТЬ,ТАСКАЛИНСКИЙ РАЙОН
448922,Дошкольное образование,true,,,,x,920,,,,,278000,994,x,957,5,Дошкольное образование,ЗАПАДНО-КАЗАХСТАНСКАЯ ОБЛАСТЬ,ТАСКАЛИНСКИЙ РАЙОН
448923,Начальное образование (1-й уровень),false,,,,,,,,,,,,168000,957,3,Образование,ЗАПАДНО-КАЗАХСТАНСКАЯ ОБЛАСТЬ,ТАСКАЛИНСКИЙ РАЙОН
448924,Начальное образование (1-й уровень),false,,,,,,,,,,,,168000,957,4,Начальное образование (1-й уровень),ЗАПАДНО-КАЗАХСТАНСКАЯ ОБЛАСТЬ,ТАСКАЛИНСКИЙ РАЙОН
448925,Начальное образование (1-й уровень),true,,,,,,,,,,,,168000,957,5,Начальное образование (1-й уровень),ЗАПАДНО-КАЗАХСТАНСКАЯ ОБЛАСТЬ,ТАСКАЛИНСКИЙ РАЙОН
448926,Среднее образование (2-й и 3-й уровни),false,,499349000,883,23708000,920,248188000,846,8955000,1031,145302000,994,512234000,957,3,Образование,ЗАПАДНО-КАЗАХСТАНСКАЯ ОБЛАСТЬ,ТАСКАЛИНСКИЙ РАЙОН
448927,Основное и общее среднее образование,false,,499349000,883,23708000,920,248188000,846,8955000,1031,145302000,994,512234000,957,4,Среднее образование (2-й и 3-й уровни),ЗАПАДНО-КАЗАХСТАНСКАЯ ОБЛАСТЬ,ТАСКАЛИНСКИЙ РАЙОН
448928,Основное и общее среднее образование,true,,499349000,883,23708000,920,248188000,846,8955000,1031,145302000,994,512234000,957,5,Основное и общее среднее образование,ЗАПАДНО-КАЗАХСТАНСКАЯ ОБЛАСТЬ,ТАСКАЛИНСКИЙ РАЙОН
448937,Прочие виды образования,false,,,,1866000,920,,,,,232000,994,4320000,957,3,Образование,ЗАПАДНО-КАЗАХСТАНСКАЯ ОБЛАСТЬ,ТАСКАЛИНСКИЙ РАЙОН
448938,Образование в области спорта и отдыха,false,,,,398000,920,,,,,,,128000,957,4,Прочие виды образования,ЗАПАДНО-КАЗАХСТАНСКАЯ ОБЛАСТЬ,ТАСКАЛИНСКИЙ РАЙОН
448939,Образование в области спорта и отдыха,true,,,,398000,920,,,,,,,128000,957,5,Образование в области спорта и отдыха,ЗАПАДНО-КАЗАХСТАНСКАЯ ОБЛАСТЬ,ТАСКАЛИНСКИЙ РАЙОН
448940,Образование в области культуры,false,,,,,,,,,,232000,994,37000,957,4,Прочие виды образования,ЗАПАДНО-КАЗАХСТАНСКАЯ ОБЛАСТЬ,ТАСКАЛИНСКИЙ РАЙОН
448941,Образование в области культуры,true,,,,,,,,,,232000,994,37000,957,5,Образование в области культуры,ЗАПАДНО-КАЗАХСТАНСКАЯ ОБЛАСТЬ,ТАСКАЛИНСКИЙ РАЙОН
448944,"Прочие виды образования, не включенные в другие группировки",false,,,,1468000,920,,,,,,,4155000,957,4,Прочие виды образования,ЗАПАДНО-КАЗАХСТАНСКАЯ ОБЛАСТЬ,ТАСКАЛИНСКИЙ РАЙОН
448946,"Прочая деятельность в области образования, не включенная в другие группировки",true,,,,1468000,920,,,,,,,4155000,957,5,"Прочие виды образования, не включенные в другие группировки",ЗАПАДНО-КАЗАХСТАНСКАЯ ОБЛАСТЬ,ТАСКАЛИНСКИЙ РАЙОН
448950,Здравоохранение и социальное обслуживание населения,false,,148977000,883,26494000,920,10714000,846,260782000,1031,49057000,994,x,957,1,Всего,ЗАПАДНО-КАЗАХСТАНСКАЯ ОБЛАСТЬ,ТАСКАЛИНСКИЙ РАЙОН
448951,Деятельность в области здравоохранения,false,,148977000,883,26494000,920,10714000,846,260782000,1031,49057000,994,x,957,2,Здравоохранение и социальное обслуживание населения,ЗАПАДНО-КАЗАХСТАНСКАЯ ОБЛАСТЬ,ТАСКАЛИНСКИЙ РАЙОН
448952,Деятельность больничных организаций,false,,148977000,883,26494000,920,10714000,846,260782000,1031,49057000,994,x,957,3,Деятельность в области здравоохранения,ЗАПАДНО-КАЗАХСТАНСКАЯ ОБЛАСТЬ,ТАСКАЛИНСКИЙ РАЙОН
448953,Деятельность больничных организаций,false,,148977000,883,26494000,920,10714000,846,260782000,1031,49057000,994,x,957,4,Деятельность больничных организаций,ЗАПАДНО-КАЗАХСТАНСКАЯ ОБЛАСТЬ,ТАСКАЛИНСКИЙ РАЙОН
448954,Деятельность больниц широкого профиля и специализированных больниц,true,,148977000,883,26494000,920,10714000,846,68203000,1031,48812000,994,x,957,5,Деятельность больничных организаций,ЗАПАДНО-КАЗАХСТАНСКАЯ ОБЛАСТЬ,ТАСКАЛИНСКИЙ РАЙОН
448958,"Деятельность других лечебных учреждений, имеющих стационары",true,,,,,,,,192579000,1031,245000,994,,,5,Деятельность больничных организаций,ЗАПАДНО-КАЗАХСТАНСКАЯ ОБЛАСТЬ,ТАСКАЛИНСКИЙ РАЙОН
448991,"Искусство, развлечения и отдых",false,,405616000,883,21099000,920,,,391196000,1031,875401000,994,25777000,957,1,Всего,ЗАПАДНО-КАЗАХСТАНСКАЯ ОБЛАСТЬ,ТАСКАЛИНСКИЙ РАЙОН
449004,"Деятельность библиотек, архивов, музеев и прочая деятельность в области культуры",false,,,,2119000,920,,,,,30600000,994,10877000,957,2,"Искусство, развлечения и отдых",ЗАПАДНО-КАЗАХСТАНСКАЯ ОБЛАСТЬ,ТАСКАЛИНСКИЙ РАЙОН
449005,"Деятельность библиотек, архивов, музеев и прочая деятельность в области культуры",false,,,,2119000,920,,,,,30600000,994,10877000,957,3,"Деятельность библиотек, архивов, музеев и прочая деятельность в области культуры",ЗАПАДНО-КАЗАХСТАНСКАЯ ОБЛАСТЬ,ТАСКАЛИНСКИЙ РАЙОН
449006,Деятельность библиотек и архивов,false,,,,2119000,920,,,,,,,236000,957,4,"Деятельность библиотек, архивов, музеев и прочая деятельность в области культуры",ЗАПАДНО-КАЗАХСТАНСКАЯ ОБЛАСТЬ,ТАСКАЛИНСКИЙ РАЙОН
449008,"Библиотечная деятельность, включая деятельность читальных залов, лекториев, демонстрационных залов",true,,,,2119000,920,,,,,,,236000,957,5,Деятельность библиотек и архивов,ЗАПАДНО-КАЗАХСТАНСКАЯ ОБЛАСТЬ,ТАСКАЛИНСКИЙ РАЙОН
449011,Деятельность музеев,false,,,,,,,,,,30600000,994,10641000,957,4,"Деятельность библиотек, архивов, музеев и прочая деятельность в области культуры",ЗАПАДНО-КАЗАХСТАНСКАЯ ОБЛАСТЬ,ТАСКАЛИНСКИЙ РАЙОН
449012,Деятельность музеев,true,,,,,,,,,,30600000,994,10641000,957,5,Деятельность музеев,ЗАПАДНО-КАЗАХСТАНСКАЯ ОБЛАСТЬ,ТАСКАЛИНСКИЙ РАЙОН
449022,"Деятельность в области спорта, организации отдыха и развлечений",false,,405616000,883,18980000,920,,,391196000,1031,844801000,994,14900000,957,2,"Искусство, развлечения и отдых",ЗАПАДНО-КАЗАХСТАНСКАЯ ОБЛАСТЬ,ТАСКАЛИНСКИЙ РАЙОН
449023,Деятельность в области спорта,false,,x,883,x,920,,,391196000,1031,844801000,994,x,957,3,"Деятельность в области спорта, организации отдыха и развлечений",ЗАПАДНО-КАЗАХСТАНСКАЯ ОБЛАСТЬ,ТАСКАЛИНСКИЙ РАЙОН
449024,Эксплуатация спортивных сооружений,false,,x,883,x,920,,,362173000,1031,x,994,x,957,4,Деятельность в области спорта,ЗАПАДНО-КАЗАХСТАНСКАЯ ОБЛАСТЬ,ТАСКАЛИНСКИЙ РАЙОН
449025,Эксплуатация спортивных сооружений,true,,x,883,x,920,,,362173000,1031,x,994,x,957,5,Эксплуатация спортивных сооружений,ЗАПАДНО-КАЗАХСТАНСКАЯ ОБЛАСТЬ,ТАСКАЛИНСКИЙ РАЙОН
449026,Деятельность спортивных клубов,false,,,,,,,,18053000,1031,,,,,4,Деятельность в области спорта,ЗАПАДНО-КАЗАХСТАНСКАЯ ОБЛАСТЬ,ТАСКАЛИНСКИЙ РАЙОН
449027,Деятельность спортивных клубов,true,,,,,,,,18053000,1031,,,,,5,Деятельность спортивных клубов,ЗАПАДНО-КАЗАХСТАНСКАЯ ОБЛАСТЬ,ТАСКАЛИНСКИЙ РАЙОН
449030,Прочая деятельность в области спорта,false,,,,,,,,10970000,1031,237649000,994,,,4,Деятельность в области спорта,ЗАПАДНО-КАЗАХСТАНСКАЯ ОБЛАСТЬ,ТАСКАЛИНСКИЙ РАЙОН
449031,Прочая деятельность в области спорта,true,,,,,,,,10970000,1031,237649000,994,,,5,Прочая деятельность в области спорта,ЗАПАДНО-КАЗАХСТАНСКАЯ ОБЛАСТЬ,ТАСКАЛИНСКИЙ РАЙОН
449032,Деятельность по организации отдыха и развлечений,false,,245357000,883,16435000,920,,,,,,,5940000,957,3,"Деятельность в области спорта, организации отдыха и развлечений",ЗАПАДНО-КАЗАХСТАНСКАЯ ОБЛАСТЬ,ТАСКАЛИНСКИЙ РАЙОН
449035,Прочая деятельность по организации отдыха и развлечений,false,,245357000,883,16435000,920,,,,,,,5940000,957,4,Деятельность по организации отдыха и развлечений,ЗАПАДНО-КАЗАХСТАНСКАЯ ОБЛАСТЬ,ТАСКАЛИНСКИЙ РАЙОН
449039,Прочие виды деятельности по организации отдыха и развлечений,true,,245357000,883,16435000,920,,,,,,,5940000,957,5,Прочая деятельность по организации отдыха и развлечений,ЗАПАДНО-КАЗАХСТАНСКАЯ ОБЛАСТЬ,ТАСКАЛИНСКИЙ РАЙОН
741340,Промышленность,false,,1179569000,883,314905000,920,328779000,846,181173000,1031,515352000,994,26315000,957,1,Всего,ЗАПАДНО-КАЗАХСТАНСКАЯ ОБЛАСТЬ,ТАСКАЛИНСКИЙ РАЙОН
447346,Обрабатывающая промышленность,false,,360838000,883,2118000,920,223804000,846,,,x,994,23665000,957,2,Промышленность,ЗАПАДНО-КАЗАХСТАНСКАЯ ОБЛАСТЬ,ТАСКАЛИНСКИЙ РАЙОН
447347,Производство продуктов питания,false,,x,883,,,x,846,,,x,994,x,957,3,Обрабатывающая промышленность,ЗАПАДНО-КАЗАХСТАНСКАЯ ОБЛАСТЬ,ТАСКАЛИНСКИЙ РАЙОН
447348,Переработка и консервирование мяса и производство мясной продукции,false,,x,883,,,x,846,,,x,994,x,957,4,Производство продуктов питания,ЗАПАДНО-КАЗАХСТАНСКАЯ ОБЛАСТЬ,ТАСКАЛИНСКИЙ РАЙОН
447349,Переработка и консервирование мяса,false,,x,883,,,x,846,,,x,994,x,957,5,Переработка и консервирование мяса и производство мясной продукции,ЗАПАДНО-КАЗАХСТАНСКАЯ ОБЛАСТЬ,ТАСКАЛИНСКИЙ РАЙОН
447413,Производство напитков,false,,40755000,883,2118000,920,187661000,846,,,,,6523000,957,3,Обрабатывающая промышленность,ЗАПАДНО-КАЗАХСТАНСКАЯ ОБЛАСТЬ,ТАСКАЛИНСКИЙ РАЙОН
447414,Производство напитков,false,,40755000,883,2118000,920,187661000,846,,,,,6523000,957,4,Производство напитков,ЗАПАДНО-КАЗАХСТАНСКАЯ ОБЛАСТЬ,ТАСКАЛИНСКИЙ РАЙОН
447427,"Производство безалкогольных напитков, минеральных вод и других вод в бутылках",false,,40755000,883,2118000,920,187661000,846,,,,,6523000,957,5,Производство напитков,ЗАПАДНО-КАЗАХСТАНСКАЯ ОБЛАСТЬ,ТАСКАЛИНСКИЙ РАЙОН
448090,"Снабжение электроэнергией, газом, паром, горячей водой и кондиционированным воздухом",false,,113324000,883,66600000,920,4975000,846,181173000,1031,38813000,994,2650000,957,2,Промышленность,ЗАПАДНО-КАЗАХСТАНСКАЯ ОБЛАСТЬ,ТАСКАЛИНСКИЙ РАЙОН
448091,"Снабжение электроэнергией, газом, паром, горячей водой и кондиционированным воздухом",false,,113324000,883,66600000,920,4975000,846,181173000,1031,38813000,994,2650000,957,3,"Снабжение электроэнергией, газом, паром, горячей водой и кондиционированным воздухом",ЗАПАДНО-КАЗАХСТАНСКАЯ ОБЛАСТЬ,ТАСКАЛИНСКИЙ РАЙОН
448092,"Производство, передача и распределение электроэнергии",false,,113324000,883,33090000,920,4975000,846,181173000,1031,3507000,994,2650000,957,4,"Снабжение электроэнергией, газом, паром, горячей водой и кондиционированным воздухом",ЗАПАДНО-КАЗАХСТАНСКАЯ ОБЛАСТЬ,ТАСКАЛИНСКИЙ РАЙОН
448100,Распределение электроэнергии,false,,113324000,883,33090000,920,4975000,846,181173000,1031,3507000,994,2650000,957,5,"Производство, передача и распределение электроэнергии",ЗАПАДНО-КАЗАХСТАНСКАЯ ОБЛАСТЬ,ТАСКАЛИНСКИЙ РАЙОН
448104,Производство и распределение газообразного топлива по трубопроводам,false,,,,33510000,920,,,,,35306000,994,,,4,"Снабжение электроэнергией, газом, паром, горячей водой и кондиционированным воздухом",ЗАПАДНО-КАЗАХСТАНСКАЯ ОБЛАСТЬ,ТАСКАЛИНСКИЙ РАЙОН
448107,Распределение газообразного топлива по трубопроводам,false,,,,33510000,920,,,,,35306000,994,,,5,Производство и распределение газообразного топлива по трубопроводам,ЗАПАДНО-КАЗАХСТАНСКАЯ ОБЛАСТЬ,ТАСКАЛИНСКИЙ РАЙОН
448117,"Водоснабжение; сбор, обработка и удаление отходов, деятельность по ликвидации загрязнений",false,,705407000,883,246187000,920,100000000,846,,,413380000,994,,,2,Промышленность,ЗАПАДНО-КАЗАХСТАНСКАЯ ОБЛАСТЬ,ТАСКАЛИНСКИЙ РАЙОН
448118,"Сбор, обработка и распределение воды",false,,705407000,883,246187000,920,100000000,846,,,413380000,994,,,3,"Водоснабжение; сбор, обработка и удаление отходов, деятельность по ликвидации загрязнений",ЗАПАДНО-КАЗАХСТАНСКАЯ ОБЛАСТЬ,ТАСКАЛИНСКИЙ РАЙОН
448119,"Сбор, обработка и распределение воды",false,,705407000,883,246187000,920,100000000,846,,,413380000,994,,,4,"Сбор, обработка и распределение воды",ЗАПАДНО-КАЗАХСТАНСКАЯ ОБЛАСТЬ,ТАСКАЛИНСКИЙ РАЙОН
448120,"Сбор, обработка и распределение воды",false,,705407000,883,246187000,920,100000000,846,,,413380000,994,,,5,"Сбор, обработка и распределение воды",ЗАПАДНО-КАЗАХСТАНСКАЯ ОБЛАСТЬ,ТАСКАЛИНСКИЙ РАЙОН
741885,Всего,false,,10721238000,883,8608773000,920,9719982000,846,47438295000,1031,20218649000,994,11353656000,957,0,,ЗАПАДНО-КАЗАХСТАНСКАЯ ОБЛАСТЬ,ТЕРЕКТИНСКИЙ РАЙОН
447173,"Сельское, лесное и рыбное хозяйство",false,,1313165000,883,1348469000,920,1482991000,846,3837361000,1031,2074839000,994,2030426000,957,1,Всего,ЗАПАДНО-КАЗАХСТАНСКАЯ ОБЛАСТЬ,ТЕРЕКТИНСКИЙ РАЙОН
447174,"Растениеводство и животноводство, охота и предоставление услуг в этих областях",false,,1313165000,883,1348469000,920,1482991000,846,3837361000,1031,2074839000,994,2030426000,957,2,"Сельское, лесное и рыбное хозяйство",ЗАПАДНО-КАЗАХСТАНСКАЯ ОБЛАСТЬ,ТЕРЕКТИНСКИЙ РАЙОН
447175,Выращивание одно- или двухлетних культур,false,,804856000,883,552300000,920,558091000,846,1067837000,1031,1024423000,994,1150718000,957,3,"Растениеводство и животноводство, охота и предоставление услуг в этих областях",ЗАПАДНО-КАЗАХСТАНСКАЯ ОБЛАСТЬ,ТЕРЕКТИНСКИЙ РАЙОН
447176,"Выращивание зерновых (кроме риса), бобовых и масличных культур",false,,626990000,883,497084000,920,484238000,846,1036236000,1031,762073000,994,959052000,957,4,Выращивание одно- или двухлетних культур,ЗАПАДНО-КАЗАХСТАНСКАЯ ОБЛАСТЬ,ТЕРЕКТИНСКИЙ РАЙОН
3783380,"Выращивание зерновых и зернобобовых культур, включая семеноводство",true,,626990000,883,497084000,920,484238000,846,1036236000,1031,762073000,994,959052000,957,5,"Выращивание зерновых (кроме риса), бобовых и масличных культур",ЗАПАДНО-КАЗАХСТАНСКАЯ ОБЛАСТЬ,ТЕРЕКТИНСКИЙ РАЙОН
447181,"Выращивание овощей, бахчевых, корнеплодов и клубнеплодов",false,,177866000,883,55216000,920,x,846,31601000,1031,262350000,994,191666000,957,4,Выращивание одно- или двухлетних культур,ЗАПАДНО-КАЗАХСТАНСКАЯ ОБЛАСТЬ,ТЕРЕКТИНСКИЙ РАЙОН
447182,Выращивание картофеля и посадочного материала,true,,177866000,883,55216000,920,x,846,29101000,1031,248686000,994,191666000,957,5,"Выращивание овощей, бахчевых, корнеплодов и клубнеплодов",ЗАПАДНО-КАЗАХСТАНСКАЯ ОБЛАСТЬ,ТЕРЕКТИНСКИЙ РАЙОН
447183,"Выращивание овощей, их семян и рассады",true,,,,,,,,2500000,1031,13664000,994,,,5,"Выращивание овощей, бахчевых, корнеплодов и клубнеплодов",ЗАПАДНО-КАЗАХСТАНСКАЯ ОБЛАСТЬ,ТЕРЕКТИНСКИЙ РАЙОН
447196,Выращивание многолетних культур,false,,x,883,,,,,,,6098000,994,,,3,"Растениеводство и животноводство, охота и предоставление услуг в этих областях",ЗАПАДНО-КАЗАХСТАНСКАЯ ОБЛАСТЬ,ТЕРЕКТИНСКИЙ РАЙОН
447203,Выращивание семечковых и косточковых плодов,false,,x,883,,,,,,,,,,,4,Выращивание многолетних культур,ЗАПАДНО-КАЗАХСТАНСКАЯ ОБЛАСТЬ,ТЕРЕКТИНСКИЙ РАЙОН
447204,Выращивание семечковых и косточковых плодов,true,,x,883,,,,,,,,,,,5,Выращивание семечковых и косточковых плодов,ЗАПАДНО-КАЗАХСТАНСКАЯ ОБЛАСТЬ,ТЕРЕКТИНСКИЙ РАЙОН
447205,"Выращивание прочих плодов, ягод и орехов",false,,,,,,,,,,6098000,994,,,4,Выращивание многолетних культур,ЗАПАДНО-КАЗАХСТАНСКАЯ ОБЛАСТЬ,ТЕРЕКТИНСКИЙ РАЙОН
447206,"Выращивание прочих плодов, ягод и орехов",true,,,,,,,,,,6098000,994,,,5,"Выращивание прочих плодов, ягод и орехов",ЗАПАДНО-КАЗАХСТАНСКАЯ ОБЛАСТЬ,ТЕРЕКТИНСКИЙ РАЙОН
447215,Воспроизводство растений,false,,,,,,,,,,,,391000,957,3,"Растениеводство и животноводство, охота и предоставление услуг в этих областях",ЗАПАДНО-КАЗАХСТАНСКАЯ ОБЛАСТЬ,ТЕРЕКТИНСКИЙ РАЙОН
447216,Воспроизводство растений,false,,,,,,,,,,,,391000,957,4,Воспроизводство растений,ЗАПАДНО-КАЗАХСТАНСКАЯ ОБЛАСТЬ,ТЕРЕКТИНСКИЙ РАЙОН
447217,Воспроизводство растений,true,,,,,,,,,,,,391000,957,5,Воспроизводство растений,ЗАПАДНО-КАЗАХСТАНСКАЯ ОБЛАСТЬ,ТЕРЕКТИНСКИЙ РАЙОН
447218,Животноводство,false,,368485000,883,206225000,920,531967000,846,2376957000,1031,664323000,994,587806000,957,3,"Растениеводство и животноводство, охота и предоставление услуг в этих областях",ЗАПАДНО-КАЗАХСТАНСКАЯ ОБЛАСТЬ,ТЕРЕКТИНСКИЙ РАЙОН
447219,Разведение крупного рогатого скота молочного направления,false,,56251000,883,31621000,920,x,846,2209892000,1031,539697000,994,396138000,957,4,Животноводство,ЗАПАДНО-КАЗАХСТАНСКАЯ ОБЛАСТЬ,ТЕРЕКТИНСКИЙ РАЙОН
447220,Разведение крупного рогатого скота молочного направления,true,,56251000,883,31621000,920,x,846,2209892000,1031,539697000,994,396138000,957,5,Разведение крупного рогатого скота молочного направления,ЗАПАДНО-КАЗАХСТАНСКАЯ ОБЛАСТЬ,ТЕРЕКТИНСКИЙ РАЙОН
447221,Разведение прочего крупного рогатого скота и буйволов,false,,290364000,883,165623000,920,460467000,846,167065000,1031,97366000,994,165387000,957,4,Животноводство,ЗАПАДНО-КАЗАХСТАНСКАЯ ОБЛАСТЬ,ТЕРЕКТИНСКИЙ РАЙОН
447222,Разведение прочего крупного рогатого скота и буйволов,true,,290364000,883,165623000,920,460467000,846,167065000,1031,97366000,994,165387000,957,5,Разведение прочего крупного рогатого скота и буйволов,ЗАПАДНО-КАЗАХСТАНСКАЯ ОБЛАСТЬ,ТЕРЕКТИНСКИЙ РАЙОН
447223,Разведение лошадей и прочих животных семейства лошадиных,false,,3100000,883,,,19870000,846,,,14800000,994,25000000,957,4,Животноводство,ЗАПАДНО-КАЗАХСТАНСКАЯ ОБЛАСТЬ,ТЕРЕКТИНСКИЙ РАЙОН
447224,Разведение лошадей,true,,3100000,883,,,19870000,846,,,14800000,994,25000000,957,5,Разведение лошадей и прочих животных семейства лошадиных,ЗАПАДНО-КАЗАХСТАНСКАЯ ОБЛАСТЬ,ТЕРЕКТИНСКИЙ РАЙОН
447228,Разведение овец и коз,false,,2600000,883,8981000,920,630000,846,,,,,1281000,957,4,Животноводство,ЗАПАДНО-КАЗАХСТАНСКАЯ ОБЛАСТЬ,ТЕРЕКТИНСКИЙ РАЙОН
447229,Разведение овец и коз,true,,2600000,883,8981000,920,630000,846,,,,,1281000,957,5,Разведение овец и коз,ЗАПАДНО-КАЗАХСТАНСКАЯ ОБЛАСТЬ,ТЕРЕКТИНСКИЙ РАЙОН
447237,Разведение прочих видов животных,false,,16170000,883,,,,,,,12460000,994,,,4,Животноводство,ЗАПАДНО-КАЗАХСТАНСКАЯ ОБЛАСТЬ,ТЕРЕКТИНСКИЙ РАЙОН
447238,Разведение прочих видов животных,true,,16170000,883,,,,,,,12460000,994,,,5,Разведение прочих видов животных,ЗАПАДНО-КАЗАХСТАНСКАЯ ОБЛАСТЬ,ТЕРЕКТИНСКИЙ РАЙОН
447239,Смешанное сельское хозяйство,false,,133652000,883,589944000,920,392933000,846,392567000,1031,379995000,994,291511000,957,3,"Растениеводство и животноводство, охота и предоставление услуг в этих областях",ЗАПАДНО-КАЗАХСТАНСКАЯ ОБЛАСТЬ,ТЕРЕКТИНСКИЙ РАЙОН
447240,Смешанное сельское хозяйство,false,,133652000,883,589944000,920,392933000,846,392567000,1031,379995000,994,291511000,957,4,Смешанное сельское хозяйство,ЗАПАДНО-КАЗАХСТАНСКАЯ ОБЛАСТЬ,ТЕРЕКТИНСКИЙ РАЙОН
447241,Смешанное сельское хозяйство,true,,133652000,883,589944000,920,392933000,846,392567000,1031,379995000,994,291511000,957,5,Смешанное сельское хозяйство,ЗАПАДНО-КАЗАХСТАНСКАЯ ОБЛАСТЬ,ТЕРЕКТИНСКИЙ РАЙОН
448148,Строительство,false,,,,,,,,15000000,1031,,,,,1,Всего,ЗАПАДНО-КАЗАХСТАНСКАЯ ОБЛАСТЬ,ТЕРЕКТИНСКИЙ РАЙОН
448177,Специализированные строительные работы,false,,,,,,,,15000000,1031,,,,,2,Строительство,ЗАПАДНО-КАЗАХСТАНСКАЯ ОБЛАСТЬ,ТЕРЕКТИНСКИЙ РАЙОН
448187,"Монтаж и установка электрического, водопроводного и прочего оборудования",false,,,,,,,,15000000,1031,,,,,3,Специализированные строительные работы,ЗАПАДНО-КАЗАХСТАНСКАЯ ОБЛАСТЬ,ТЕРЕКТИНСКИЙ РАЙОН
448192,Прочие строительно-монтажные работы,false,,,,,,,,15000000,1031,,,,,4,"Монтаж и установка электрического, водопроводного и прочего оборудования",ЗАПАДНО-КАЗАХСТАНСКАЯ ОБЛАСТЬ,ТЕРЕКТИНСКИЙ РАЙОН
448194,"Прочие строительно-монтажные работы, не включенные в другие группировки",true,,,,,,,,15000000,1031,,,,,5,Прочие строительно-монтажные работы,ЗАПАДНО-КАЗАХСТАНСКАЯ ОБЛАСТЬ,ТЕРЕКТИНСКИЙ РАЙОН
448215,Оптовая и розничная торговля; ремонт автомобилей и мотоциклов,false,,34495000,883,31375000,920,x,846,167215000,1031,5963000,994,48785000,957,1,Всего,ЗАПАДНО-КАЗАХСТАНСКАЯ ОБЛАСТЬ,ТЕРЕКТИНСКИЙ РАЙОН
448216,Оптовая и розничная торговля автомобилями и мотоциклами и их ремонт,false,,,,,,,,,,,,10800000,957,2,Оптовая и розничная торговля; ремонт автомобилей и мотоциклов,ЗАПАДНО-КАЗАХСТАНСКАЯ ОБЛАСТЬ,ТЕРЕКТИНСКИЙ РАЙОН
448224,Техническое обслуживание и ремонт автомобилей,false,,,,,,,,,,,,10800000,957,3,Оптовая и розничная торговля автомобилями и мотоциклами и их ремонт,ЗАПАДНО-КАЗАХСТАНСКАЯ ОБЛАСТЬ,ТЕРЕКТИНСКИЙ РАЙОН
448225,Техническое обслуживание и ремонт автомобилей,false,,,,,,,,,,,,10800000,957,4,Техническое обслуживание и ремонт автомобилей,ЗАПАДНО-КАЗАХСТАНСКАЯ ОБЛАСТЬ,ТЕРЕКТИНСКИЙ РАЙОН
20575905,"Техническое обслуживание и ремонт автомобилей станциями технического обслуживания, находящимися на придорожной полосе ",true,,,,,,,,,,,,10800000,957,5,Техническое обслуживание и ремонт автомобилей,ЗАПАДНО-КАЗАХСТАНСКАЯ ОБЛАСТЬ,ТЕРЕКТИНСКИЙ РАЙОН
448237,"Оптовая торговля, за исключением торговли автомобилями и мотоциклами",false,,27575000,883,x,920,x,846,167215000,1031,x,994,x,957,2,Оптовая и розничная торговля; ремонт автомобилей и мотоциклов,ЗАПАДНО-КАЗАХСТАНСКАЯ ОБЛАСТЬ,ТЕРЕКТИНСКИЙ РАЙОН
448267,"Оптовая торговля продуктами питания, напитками и табачными изделиями",false,,,,,,,,145000000,1031,,,,,3,"Оптовая торговля, за исключением торговли автомобилями и мотоциклами",ЗАПАДНО-КАЗАХСТАНСКАЯ ОБЛАСТЬ,ТЕРЕКТИНСКИЙ РАЙОН
448274,Оптовая торговля напитками,false,,,,,,,,145000000,1031,,,,,4,"Оптовая торговля продуктами питания, напитками и табачными изделиями",ЗАПАДНО-КАЗАХСТАНСКАЯ ОБЛАСТЬ,ТЕРЕКТИНСКИЙ РАЙОН
3647932,"Оптовая торговля напитками в магазинах, являющихся торговыми объектами, с торговой площадью менее 2000 кв.м",true,,,,,,,,145000000,1031,,,,,5,Оптовая торговля напитками,ЗАПАДНО-КАЗАХСТАНСКАЯ ОБЛАСТЬ,ТЕРЕКТИНСКИЙ РАЙОН
448311,Оптовая торговля компьютерами и коммуникационным оборудованием,false,,,,,,x,846,,,,,,,3,"Оптовая торговля, за исключением торговли автомобилями и мотоциклами",ЗАПАДНО-КАЗАХСТАНСКАЯ ОБЛАСТЬ,ТЕРЕКТИНСКИЙ РАЙОН
448312,"Оптовая торговля компьютерами, периферийным компьютерным оборудованием и программным обеспечением",false,,,,,,x,846,,,,,,,4,Оптовая торговля компьютерами и коммуникационным оборудованием,ЗАПАДНО-КАЗАХСТАНСКАЯ ОБЛАСТЬ,ТЕРЕКТИНСКИЙ РАЙОН
448313,"Оптовая торговля компьютерами, периферийным компьютерным оборудованием и программным обеспечением",true,,,,,,x,846,,,,,,,5,"Оптовая торговля компьютерами, периферийным компьютерным оборудованием и программным обеспечением",ЗАПАДНО-КАЗАХСТАНСКАЯ ОБЛАСТЬ,ТЕРЕКТИНСКИЙ РАЙОН
448316,"Оптовая торговля прочими машинами, оборудованием и деталями и принадлежностями к ним",false,,27575000,883,x,920,,,x,1031,x,994,x,957,3,"Оптовая торговля, за исключением торговли автомобилями и мотоциклами",ЗАПАДНО-КАЗАХСТАНСКАЯ ОБЛАСТЬ,ТЕРЕКТИНСКИЙ РАЙОН
448317,"Оптовая торговля сельскохозяйственной техникой, оборудованием,  деталями и принадлежностями к ним",false,,27575000,883,x,920,,,x,1031,x,994,x,957,4,"Оптовая торговля прочими машинами, оборудованием и деталями и принадлежностями к ним",ЗАПАДНО-КАЗАХСТАНСКАЯ ОБЛАСТЬ,ТЕРЕКТИНСКИЙ РАЙОН
448318,"Оптовая торговля сельскохозяйственной техникой, оборудованием,  деталями и принадлежностями к ним",true,,27575000,883,x,920,,,x,1031,x,994,x,957,5,"Оптовая торговля сельскохозяйственной техникой, оборудованием,  деталями и принадлежностями к ним",ЗАПАДНО-КАЗАХСТАНСКАЯ ОБЛАСТЬ,ТЕРЕКТИНСКИЙ РАЙОН
448377,"Розничная торговля, кроме торговли автомобилями и мотоциклами",false,,6920000,883,30000000,920,,,,,2705000,994,37352000,957,2,Оптовая и розничная торговля; ремонт автомобилей и мотоциклов,ЗАПАДНО-КАЗАХСТАНСКАЯ ОБЛАСТЬ,ТЕРЕКТИНСКИЙ РАЙОН
448378,Розничная торговля в неспециализированных магазинах,false,,,,30000000,920,,,,,,,33500000,957,3,"Розничная торговля, кроме торговли автомобилями и мотоциклами",ЗАПАДНО-КАЗАХСТАНСКАЯ ОБЛАСТЬ,ТЕРЕКТИНСКИЙ РАЙОН
448379,"Розничная торговля в неспециализированных магазинах преимущественно продуктами питания, напитками и табачными изделиями",false,,,,30000000,920,,,,,,,33500000,957,4,Розничная торговля в неспециализированных магазинах,ЗАПАДНО-КАЗАХСТАНСКАЯ ОБЛАСТЬ,ТЕРЕКТИНСКИЙ РАЙОН
3647934,"Розничная торговля преимущественно продуктами питания, напитками и табачными изделиями в неспециализированных магазинах, являющихся торговыми объектами, с торговой площадью менее 2000 кв.м ",true,,,,30000000,920,,,,,,,33500000,957,5,"Розничная торговля в неспециализированных магазинах преимущественно продуктами питания, напитками и табачными изделиями",ЗАПАДНО-КАЗАХСТАНСКАЯ ОБЛАСТЬ,ТЕРЕКТИНСКИЙ РАЙОН
448399,Розничная торговля топливом в специализированных магазинах,false,,6920000,883,,,,,,,2705000,994,x,957,3,"Розничная торговля, кроме торговли автомобилями и мотоциклами",ЗАПАДНО-КАЗАХСТАНСКАЯ ОБЛАСТЬ,ТЕРЕКТИНСКИЙ РАЙОН
448400,Розничная торговля топливом в специализированных магазинах,false,,6920000,883,,,,,,,2705000,994,x,957,4,Розничная торговля топливом в специализированных магазинах,ЗАПАДНО-КАЗАХСТАНСКАЯ ОБЛАСТЬ,ТЕРЕКТИНСКИЙ РАЙОН
20576124,"Розничная торговля моторным топливом в специализированных магазинах, за исключением находящихся на придорожной полосе",true,,6920000,883,,,,,,,2705000,994,x,957,5,Розничная торговля топливом в специализированных магазинах,ЗАПАДНО-КАЗАХСТАНСКАЯ ОБЛАСТЬ,ТЕРЕКТИНСКИЙ РАЙОН
448475,Транспорт и складирование,false,,1462895000,883,1813336000,920,2438645000,846,22021074000,1031,5620078000,994,3969470000,957,1,Всего,ЗАПАДНО-КАЗАХСТАНСКАЯ ОБЛАСТЬ,ТЕРЕКТИНСКИЙ РАЙОН
448476,Деятельность сухопутного и трубопроводного транспорта ,false,,2155000,883,x,920,,,699986000,1031,,,,,2,Транспорт и складирование,ЗАПАДНО-КАЗАХСТАНСКАЯ ОБЛАСТЬ,ТЕРЕКТИНСКИЙ РАЙОН
448494,Деятельность грузового автомобильного транспорта и предоставление услуг по переезду ,false,,,,,,,,x,1031,,,,,3,Деятельность сухопутного и трубопроводного транспорта ,ЗАПАДНО-КАЗАХСТАНСКАЯ ОБЛАСТЬ,ТЕРЕКТИНСКИЙ РАЙОН
448495,Деятельность грузового автомобильного транспорта,false,,,,,,,,x,1031,,,,,4,Деятельность грузового автомобильного транспорта и предоставление услуг по переезду ,ЗАПАДНО-КАЗАХСТАНСКАЯ ОБЛАСТЬ,ТЕРЕКТИНСКИЙ РАЙОН
448496,Деятельность грузового автомобильного транспорта,true,,,,,,,,x,1031,,,,,5,Деятельность грузового автомобильного транспорта,ЗАПАДНО-КАЗАХСТАНСКАЯ ОБЛАСТЬ,ТЕРЕКТИНСКИЙ РАЙОН
448499,Деятельность трубопроводного транспорта,false,,2155000,883,x,920,,,10936000,1031,,,,,3,Деятельность сухопутного и трубопроводного транспорта ,ЗАПАДНО-КАЗАХСТАНСКАЯ ОБЛАСТЬ,ТЕРЕКТИНСКИЙ РАЙОН
448500,Деятельность трубопроводного транспорта,false,,2155000,883,x,920,,,10936000,1031,,,,,4,Деятельность трубопроводного транспорта,ЗАПАДНО-КАЗАХСТАНСКАЯ ОБЛАСТЬ,ТЕРЕКТИНСКИЙ РАЙОН
448501,Деятельность трубопроводного транспорта,true,,2155000,883,x,920,,,10936000,1031,,,,,5,Деятельность трубопроводного транспорта,ЗАПАДНО-КАЗАХСТАНСКАЯ ОБЛАСТЬ,ТЕРЕКТИНСКИЙ РАЙОН
448516,Деятельность воздушного транспорта ,false,,,,,,x,846,,,,,,,2,Транспорт и складирование,ЗАПАДНО-КАЗАХСТАНСКАЯ ОБЛАСТЬ,ТЕРЕКТИНСКИЙ РАЙОН
448517,Деятельность воздушного пассажирского транспорта,false,,,,,,x,846,,,,,,,3,Деятельность воздушного транспорта ,ЗАПАДНО-КАЗАХСТАНСКАЯ ОБЛАСТЬ,ТЕРЕКТИНСКИЙ РАЙОН
448518,Деятельность воздушного пассажирского транспорта,false,,,,,,x,846,,,,,,,4,Деятельность воздушного пассажирского транспорта,ЗАПАДНО-КАЗАХСТАНСКАЯ ОБЛАСТЬ,ТЕРЕКТИНСКИЙ РАЙОН
448519,"Деятельность  воздушного пассажирского транспорта, подчиняющегося расписанию",true,,,,,,x,846,,,,,,,5,Деятельность воздушного пассажирского транспорта,ЗАПАДНО-КАЗАХСТАНСКАЯ ОБЛАСТЬ,ТЕРЕКТИНСКИЙ РАЙОН
448527,Складирование грузов и вспомогательная транспортная деятельность,false,,1460740000,883,1809124000,920,2426610000,846,21321088000,1031,5620078000,994,3969470000,957,2,Транспорт и складирование,ЗАПАДНО-КАЗАХСТАНСКАЯ ОБЛАСТЬ,ТЕРЕКТИНСКИЙ РАЙОН
448528,Складирование и хранение грузов,false,,,,,,,,x,1031,116478000,994,,,3,Складирование грузов и вспомогательная транспортная деятельность,ЗАПАДНО-КАЗАХСТАНСКАЯ ОБЛАСТЬ,ТЕРЕКТИНСКИЙ РАЙОН
448529,Складирование и хранение грузов,false,,,,,,,,x,1031,116478000,994,,,4,Складирование и хранение грузов,ЗАПАДНО-КАЗАХСТАНСКАЯ ОБЛАСТЬ,ТЕРЕКТИНСКИЙ РАЙОН
448530,Складирование и хранение зерна,true,,,,,,,,x,1031,95909000,994,,,5,Складирование и хранение грузов,ЗАПАДНО-КАЗАХСТАНСКАЯ ОБЛАСТЬ,ТЕРЕКТИНСКИЙ РАЙОН
448531,"Складирование и хранение непродовольственных товаров, кроме зерна и нефти",true,,,,,,,,,,20569000,994,,,5,Складирование и хранение грузов,ЗАПАДНО-КАЗАХСТАНСКАЯ ОБЛАСТЬ,ТЕРЕКТИНСКИЙ РАЙОН
448533,Вспомогательная транспортная деятельность,false,,1460740000,883,1809124000,920,2426610000,846,21317013000,1031,5503600000,994,3969470000,957,3,Складирование грузов и вспомогательная транспортная деятельность,ЗАПАДНО-КАЗАХСТАНСКАЯ ОБЛАСТЬ,ТЕРЕКТИНСКИЙ РАЙОН
448534,Вспомогательная деятельность сухопутного транспорта,false,,1317993000,883,1712817000,920,1939080000,846,20267426000,1031,5208022000,994,3960315000,957,4,Вспомогательная транспортная деятельность,ЗАПАДНО-КАЗАХСТАНСКАЯ ОБЛАСТЬ,ТЕРЕКТИНСКИЙ РАЙОН
448536,Эксплуатация автомобильных дорог,true,,1317993000,883,1712817000,920,1939080000,846,20267426000,1031,5208022000,994,3960315000,957,5,Вспомогательная деятельность сухопутного транспорта,ЗАПАДНО-КАЗАХСТАНСКАЯ ОБЛАСТЬ,ТЕРЕКТИНСКИЙ РАЙОН
448542,Вспомогательная деятельность воздушного транспорта,false,,142747000,883,96307000,920,487530000,846,1049587000,1031,295578000,994,9155000,957,4,Вспомогательная транспортная деятельность,ЗАПАДНО-КАЗАХСТАНСКАЯ ОБЛАСТЬ,ТЕРЕКТИНСКИЙ РАЙОН
448543,Регулирование использования воздушного пространства,true,,x,883,x,920,x,846,915069000,1031,x,994,x,957,5,Вспомогательная деятельность воздушного транспорта,ЗАПАДНО-КАЗАХСТАНСКАЯ ОБЛАСТЬ,ТЕРЕКТИНСКИЙ РАЙОН
448544,"Прочая деятельность, относящаяся к пассажирским и грузовым перевозкам воздушным транспортом",true,,7456000,883,32868000,920,x,846,134518000,1031,38242000,994,3766000,957,5,Вспомогательная деятельность воздушного транспорта,ЗАПАДНО-КАЗАХСТАНСКАЯ ОБЛАСТЬ,ТЕРЕКТИНСКИЙ РАЙОН
448558,Предоставление услуг по проживанию и питанию,false,,1337000,883,1672000,920,x,846,363580000,1031,,,14382000,957,1,Всего,ЗАПАДНО-КАЗАХСТАНСКАЯ ОБЛАСТЬ,ТЕРЕКТИНСКИЙ РАЙОН
3783427,Предоставление услуг по временному проживанию,false,,1337000,883,1672000,920,x,846,181315000,1031,,,14382000,957,2,Предоставление услуг по проживанию и питанию,ЗАПАДНО-КАЗАХСТАНСКАЯ ОБЛАСТЬ,ТЕРЕКТИНСКИЙ РАЙОН
3783428,Предоставление услуг гостиницами и аналогичными местами для проживания,false,,,,,,,,181315000,1031,,,,,3,Предоставление услуг по временному проживанию,ЗАПАДНО-КАЗАХСТАНСКАЯ ОБЛАСТЬ,ТЕРЕКТИНСКИЙ РАЙОН
3783429,Предоставление услуг гостиницами и аналогичными местами для проживания,false,,,,,,,,181315000,1031,,,,,4,Предоставление услуг гостиницами и аналогичными местами для проживания,ЗАПАДНО-КАЗАХСТАНСКАЯ ОБЛАСТЬ,ТЕРЕКТИНСКИЙ РАЙОН
3783430,"Предоставление услуг гостиницами с ресторанами, за исключением гостиниц, находящихся на придорожной полосе",true,,,,,,,,20000000,1031,,,,,5,Предоставление услуг гостиницами и аналогичными местами для проживания,ЗАПАДНО-КАЗАХСТАНСКАЯ ОБЛАСТЬ,ТЕРЕКТИНСКИЙ РАЙОН
20576345,"Предоставление услуг гостиницами, находящимися на придорожной полосе",true,,,,,,,,161315000,1031,,,,,5,Предоставление услуг гостиницами и аналогичными местами для проживания,ЗАПАДНО-КАЗАХСТАНСКАЯ ОБЛАСТЬ,ТЕРЕКТИНСКИЙ РАЙОН
3783435,"Предоставление услуг кемпингами, стоянками для автофургонов и автоприцепов для жилья ",false,,1337000,883,1672000,920,x,846,,,,,14382000,957,3,Предоставление услуг по временному проживанию,ЗАПАДНО-КАЗАХСТАНСКАЯ ОБЛАСТЬ,ТЕРЕКТИНСКИЙ РАЙОН
3783436,"Предоставление услуг кемпингами, стоянками для автофургонов и автоприцепов для жилья ",false,,1337000,883,1672000,920,x,846,,,,,14382000,957,4,"Предоставление услуг кемпингами, стоянками для автофургонов и автоприцепов для жилья ",ЗАПАДНО-КАЗАХСТАНСКАЯ ОБЛАСТЬ,ТЕРЕКТИНСКИЙ РАЙОН
3783437,"Услуги для проживания в кемпинге, рекреационном автопарке и трейлерном парке",true,,,,,,x,846,,,,,,,5,"Предоставление услуг кемпингами, стоянками для автофургонов и автоприцепов для жилья ",ЗАПАДНО-КАЗАХСТАНСКАЯ ОБЛАСТЬ,ТЕРЕКТИНСКИЙ РАЙОН
20576351,"Предоставление услуг кемпингами, стоянками для автофургонов и автоприцепов для жилья, за исключением находящихся на придорожной полосе ",true,,1337000,883,1672000,920,,,,,,,14382000,957,5,"Предоставление услуг кемпингами, стоянками для автофургонов и автоприцепов для жилья ",ЗАПАДНО-КАЗАХСТАНСКАЯ ОБЛАСТЬ,ТЕРЕКТИНСКИЙ РАЙОН
448573,Предоставление услуг по обеспечению питанием и напитками,false,,,,,,,,182265000,1031,,,,,2,Предоставление услуг по проживанию и питанию,ЗАПАДНО-КАЗАХСТАНСКАЯ ОБЛАСТЬ,ТЕРЕКТИНСКИЙ РАЙОН
448577,Доставка готовой пищи на заказ и прочая деятельность по обеспечению питанием,false,,,,,,,,182265000,1031,,,,,3,Предоставление услуг по обеспечению питанием и напитками,ЗАПАДНО-КАЗАХСТАНСКАЯ ОБЛАСТЬ,ТЕРЕКТИНСКИЙ РАЙОН
448580,Прочая деятельность по обеспечению питанием,false,,,,,,,,182265000,1031,,,,,4,Доставка готовой пищи на заказ и прочая деятельность по обеспечению питанием,ЗАПАДНО-КАЗАХСТАНСКАЯ ОБЛАСТЬ,ТЕРЕКТИНСКИЙ РАЙОН
18951446,"Прочая деятельность по обеспечению питанием, не включенная в другие группировки",true,,,,,,,,182265000,1031,,,,,5,Прочая деятельность по обеспечению питанием,ЗАПАДНО-КАЗАХСТАНСКАЯ ОБЛАСТЬ,ТЕРЕКТИНСКИЙ РАЙОН
448585,Информация и связь,false,,295468000,883,,,378701000,846,1521000,1031,,,x,957,1,Всего,ЗАПАДНО-КАЗАХСТАНСКАЯ ОБЛАСТЬ,ТЕРЕКТИНСКИЙ РАЙОН
448623,Телекоммуникации,false,,295468000,883,,,378701000,846,1521000,1031,,,x,957,2,Информация и связь,ЗАПАДНО-КАЗАХСТАНСКАЯ ОБЛАСТЬ,ТЕРЕКТИНСКИЙ РАЙОН
18696628,Проводная телекоммуникационная связь,false,,,,,,3433000,846,1521000,1031,,,,,3,Телекоммуникации,ЗАПАДНО-КАЗАХСТАНСКАЯ ОБЛАСТЬ,ТЕРЕКТИНСКИЙ РАЙОН
18696629,Проводная телекоммуникационная связь,false,,,,,,3433000,846,1521000,1031,,,,,4,Проводная телекоммуникационная связь,ЗАПАДНО-КАЗАХСТАНСКАЯ ОБЛАСТЬ,ТЕРЕКТИНСКИЙ РАЙОН
18946146,Прочая проводная телекоммуникационная связь,true,,,,,,3433000,846,1521000,1031,,,,,5,Проводная телекоммуникационная связь,ЗАПАДНО-КАЗАХСТАНСКАЯ ОБЛАСТЬ,ТЕРЕКТИНСКИЙ РАЙОН
448627,Беспроводная телекоммуникационная связь,false,,292429000,883,,,375268000,846,,,,,x,957,3,Телекоммуникации,ЗАПАДНО-КАЗАХСТАНСКАЯ ОБЛАСТЬ,ТЕРЕКТИНСКИЙ РАЙОН
448628,Беспроводная телекоммуникационная связь,false,,292429000,883,,,375268000,846,,,,,x,957,4,Беспроводная телекоммуникационная связь,ЗАПАДНО-КАЗАХСТАНСКАЯ ОБЛАСТЬ,ТЕРЕКТИНСКИЙ РАЙОН
18946149,Прочая беспроводная телекоммуникационная связь,true,,292429000,883,,,375268000,846,,,,,x,957,5,Беспроводная телекоммуникационная связь,ЗАПАДНО-КАЗАХСТАНСКАЯ ОБЛАСТЬ,ТЕРЕКТИНСКИЙ РАЙОН
448633,Прочая деятельность в области телекоммуникаций,false,,3039000,883,,,,,,,,,,,3,Телекоммуникации,ЗАПАДНО-КАЗАХСТАНСКАЯ ОБЛАСТЬ,ТЕРЕКТИНСКИЙ РАЙОН
448634,Прочая деятельность в области телекоммуникаций,false,,3039000,883,,,,,,,,,,,4,Прочая деятельность в области телекоммуникаций,ЗАПАДНО-КАЗАХСТАНСКАЯ ОБЛАСТЬ,ТЕРЕКТИНСКИЙ РАЙОН
18946154,"Прочая деятельность в области телекоммуникаций, не включенная в другие группировки",true,,3039000,883,,,,,,,,,,,5,Прочая деятельность в области телекоммуникаций,ЗАПАДНО-КАЗАХСТАНСКАЯ ОБЛАСТЬ,ТЕРЕКТИНСКИЙ РАЙОН
448714,Операции с недвижимым имуществом,false,,4104496000,883,2585410000,920,1424774000,846,7692895000,1031,2257274000,994,2191388000,957,1,Всего,ЗАПАДНО-КАЗАХСТАНСКАЯ ОБЛАСТЬ,ТЕРЕКТИНСКИЙ РАЙОН
448715,Операции с недвижимым имуществом,false,,4104496000,883,2585410000,920,1424774000,846,7692895000,1031,2257274000,994,2191388000,957,2,Операции с недвижимым имуществом,ЗАПАДНО-КАЗАХСТАНСКАЯ ОБЛАСТЬ,ТЕРЕКТИНСКИЙ РАЙОН
448716,Покупка и продажа собственного недвижимого имущества ,false,,4104496000,883,2585410000,920,1424774000,846,7692895000,1031,2257274000,994,2191388000,957,3,Операции с недвижимым имуществом,ЗАПАДНО-КАЗАХСТАНСКАЯ ОБЛАСТЬ,ТЕРЕКТИНСКИЙ РАЙОН
448717,Покупка и продажа собственного недвижимого имущества ,false,,4104496000,883,2585410000,920,1424774000,846,7692895000,1031,2257274000,994,2191388000,957,4,Покупка и продажа собственного недвижимого имущества ,ЗАПАДНО-КАЗАХСТАНСКАЯ ОБЛАСТЬ,ТЕРЕКТИНСКИЙ РАЙОН
543091,Покупка и продажа многоквартирных и жилых домов (особняков),true,,4089496000,883,2585410000,920,1424774000,846,7692895000,1031,2257274000,994,2191388000,957,5,Покупка и продажа собственного недвижимого имущества ,ЗАПАДНО-КАЗАХСТАНСКАЯ ОБЛАСТЬ,ТЕРЕКТИНСКИЙ РАЙОН
543092,Покупка и продажа прочей недвижимости,true,,15000000,883,,,,,,,,,,,5,Покупка и продажа собственного недвижимого имущества ,ЗАПАДНО-КАЗАХСТАНСКАЯ ОБЛАСТЬ,ТЕРЕКТИНСКИЙ РАЙОН
448728,"Профессиональная, научная и техническая деятельность",false,,x,883,x,920,x,846,25543000,1031,x,994,2591000,957,1,Всего,ЗАПАДНО-КАЗАХСТАНСКАЯ ОБЛАСТЬ,ТЕРЕКТИНСКИЙ РАЙОН
448747,"Деятельность в области архитектуры, инженерных изысканий, технических испытаний и анализа",false,,x,883,x,920,x,846,25543000,1031,x,994,2591000,957,2,"Профессиональная, научная и техническая деятельность",ЗАПАДНО-КАЗАХСТАНСКАЯ ОБЛАСТЬ,ТЕРЕКТИНСКИЙ РАЙОН
448748,"Деятельность в области архитектуры, инженерных изысканий и предоставление технических консультаций в этих областях",false,,x,883,x,920,x,846,25543000,1031,x,994,2591000,957,3,"Деятельность в области архитектуры, инженерных изысканий, технических испытаний и анализа",ЗАПАДНО-КАЗАХСТАНСКАЯ ОБЛАСТЬ,ТЕРЕКТИНСКИЙ РАЙОН
448751,Деятельность в области инженерных изысканий и предоставление технических консультаций в этой области,false,,x,883,x,920,x,846,25543000,1031,x,994,2591000,957,4,"Деятельность в области архитектуры, инженерных изысканий и предоставление технических консультаций в этих областях",ЗАПАДНО-КАЗАХСТАНСКАЯ ОБЛАСТЬ,ТЕРЕКТИНСКИЙ РАЙОН
448753,Деятельность по проведению геологической разведки и изысканий (без научных исследований и разработок),true,,x,883,x,920,x,846,25543000,1031,x,994,2591000,957,5,Деятельность в области инженерных изысканий и предоставление технических консультаций в этой области,ЗАПАДНО-КАЗАХСТАНСКАЯ ОБЛАСТЬ,ТЕРЕКТИНСКИЙ РАЙОН
448797,Деятельность в области административного и вспомогательного обслуживания,false,,,,161629000,920,,,,,75421000,994,355429000,957,1,Всего,ЗАПАДНО-КАЗАХСТАНСКАЯ ОБЛАСТЬ,ТЕРЕКТИНСКИЙ РАЙОН
448798,"Аренда, прокат и лизинг",false,,,,,,,,,,,,x,957,2,Деятельность в области административного и вспомогательного обслуживания,ЗАПАДНО-КАЗАХСТАНСКАЯ ОБЛАСТЬ,ТЕРЕКТИНСКИЙ РАЙОН
448811,"Аренда и лизинг прочих машин, оборудования и материальных активов",false,,,,,,,,,,,,x,957,3,"Аренда, прокат и лизинг",ЗАПАДНО-КАЗАХСТАНСКАЯ ОБЛАСТЬ,ТЕРЕКТИНСКИЙ РАЙОН
448812,Аренда и лизинг сельскохозяйственных машин и оборудования ,false,,,,,,,,,,,,x,957,4,"Аренда и лизинг прочих машин, оборудования и материальных активов",ЗАПАДНО-КАЗАХСТАНСКАЯ ОБЛАСТЬ,ТЕРЕКТИНСКИЙ РАЙОН
543079,Аренда сельскохозяйственных машин и оборудования ,true,,,,,,,,,,,,x,957,5,Аренда и лизинг сельскохозяйственных машин и оборудования ,ЗАПАДНО-КАЗАХСТАНСКАЯ ОБЛАСТЬ,ТЕРЕКТИНСКИЙ РАЙОН
448856,Деятельность по обслуживанию зданий и благоустройству территорий,false,,,,161629000,920,,,,,75421000,994,346260000,957,2,Деятельность в области административного и вспомогательного обслуживания,ЗАПАДНО-КАЗАХСТАНСКАЯ ОБЛАСТЬ,ТЕРЕКТИНСКИЙ РАЙОН
448867,Деятельность по благоустройству территорий,false,,,,161629000,920,,,,,75421000,994,346260000,957,3,Деятельность по обслуживанию зданий и благоустройству территорий,ЗАПАДНО-КАЗАХСТАНСКАЯ ОБЛАСТЬ,ТЕРЕКТИНСКИЙ РАЙОН
448868,Деятельность по благоустройству территорий,false,,,,161629000,920,,,,,75421000,994,346260000,957,4,Деятельность по благоустройству территорий,ЗАПАДНО-КАЗАХСТАНСКАЯ ОБЛАСТЬ,ТЕРЕКТИНСКИЙ РАЙОН
448869,Деятельность по благоустройству территорий,true,,,,161629000,920,,,,,75421000,994,346260000,957,5,Деятельность по благоустройству территорий,ЗАПАДНО-КАЗАХСТАНСКАЯ ОБЛАСТЬ,ТЕРЕКТИНСКИЙ РАЙОН
448889,Государственное управление и оборона; обязательное  социальное обеспечение,false,,21571000,883,68238000,920,4421000,846,1824265000,1031,64334000,994,12835000,957,1,Всего,ЗАПАДНО-КАЗАХСТАНСКАЯ ОБЛАСТЬ,ТЕРЕКТИНСКИЙ РАЙОН
448890,Государственное управление и оборона; обязательное социальное обеспечение,false,,21571000,883,68238000,920,4421000,846,1824265000,1031,64334000,994,12835000,957,2,Государственное управление и оборона; обязательное  социальное обеспечение,ЗАПАДНО-КАЗАХСТАНСКАЯ ОБЛАСТЬ,ТЕРЕКТИНСКИЙ РАЙОН
448891,Государственное управление общего характера и управление социально-экономическое политикой общества,false,,21571000,883,64790000,920,4421000,846,3975000,1031,4098000,994,12835000,957,3,Государственное управление и оборона; обязательное социальное обеспечение,ЗАПАДНО-КАЗАХСТАНСКАЯ ОБЛАСТЬ,ТЕРЕКТИНСКИЙ РАЙОН
448892,Государственное управление общего характера,false,,21571000,883,20363000,920,3211000,846,3975000,1031,3928000,994,1023000,957,4,Государственное управление общего характера и управление социально-экономическое политикой общества,ЗАПАДНО-КАЗАХСТАНСКАЯ ОБЛАСТЬ,ТЕРЕКТИНСКИЙ РАЙОН
448895,Деятельность местных органов управления,true,,5469000,883,20363000,920,x,846,3975000,1031,3928000,994,1023000,957,5,Государственное управление общего характера,ЗАПАДНО-КАЗАХСТАНСКАЯ ОБЛАСТЬ,ТЕРЕКТИНСКИЙ РАЙОН
448896,Деятельность сельских и поселковых органов управления,true,,x,883,,,2861000,846,,,,,,,5,Государственное управление общего характера,ЗАПАДНО-КАЗАХСТАНСКАЯ ОБЛАСТЬ,ТЕРЕКТИНСКИЙ РАЙОН
448900,"Регулирование деятельности учреждений здравоохранения, образования, культуры и других социальных услуг, кроме социального обеспечения ",false,,,,,,980000,846,,,,,,,4,Государственное управление общего характера и управление социально-экономическое политикой общества,ЗАПАДНО-КАЗАХСТАНСКАЯ ОБЛАСТЬ,ТЕРЕКТИНСКИЙ РАЙОН
448901,"Регулирование деятельности учреждений здравоохранения, образования, культуры и других социальных услуг, кроме социального обеспечения ",true,,,,,,980000,846,,,,,,,5,"Регулирование деятельности учреждений здравоохранения, образования, культуры и других социальных услуг, кроме социального обеспечения ",ЗАПАДНО-КАЗАХСТАНСКАЯ ОБЛАСТЬ,ТЕРЕКТИНСКИЙ РАЙОН
448902,Регулирование и содействие эффективному ведению экономической деятельности,false,,,,44427000,920,x,846,,,170000,994,11812000,957,4,Государственное управление общего характера и управление социально-экономическое политикой общества,ЗАПАДНО-КАЗАХСТАНСКАЯ ОБЛАСТЬ,ТЕРЕКТИНСКИЙ РАЙОН
448903,Регулирование и содействие эффективному ведению экономической деятельности,true,,,,44427000,920,x,846,,,170000,994,11812000,957,5,Регулирование и содействие эффективному ведению экономической деятельности,ЗАПАДНО-КАЗАХСТАНСКАЯ ОБЛАСТЬ,ТЕРЕКТИНСКИЙ РАЙОН
448904,Предоставление государством услуг обществу в целом,false,,,,3448000,920,,,1820290000,1031,60236000,994,,,3,Государственное управление и оборона; обязательное социальное обеспечение,ЗАПАДНО-КАЗАХСТАНСКАЯ ОБЛАСТЬ,ТЕРЕКТИНСКИЙ РАЙОН
448907,Оборонная деятельность,false,,,,,,,,1820290000,1031,60236000,994,,,4,Предоставление государством услуг обществу в целом,ЗАПАДНО-КАЗАХСТАНСКАЯ ОБЛАСТЬ,ТЕРЕКТИНСКИЙ РАЙОН
448908,Оборонная деятельность,true,,,,,,,,1820290000,1031,60236000,994,,,5,Оборонная деятельность,ЗАПАДНО-КАЗАХСТАНСКАЯ ОБЛАСТЬ,ТЕРЕКТИНСКИЙ РАЙОН
448913,Деятельность по обеспечению безопасности в чрезвычайных ситуациях,false,,,,3448000,920,,,,,,,,,4,Предоставление государством услуг обществу в целом,ЗАПАДНО-КАЗАХСТАНСКАЯ ОБЛАСТЬ,ТЕРЕКТИНСКИЙ РАЙОН
448914,Деятельность по обеспечению безопасности в чрезвычайных ситуациях,true,,,,3448000,920,,,,,,,,,5,Деятельность по обеспечению безопасности в чрезвычайных ситуациях,ЗАПАДНО-КАЗАХСТАНСКАЯ ОБЛАСТЬ,ТЕРЕКТИНСКИЙ РАЙОН
448918,Образование,false,,363266000,883,138002000,920,675000,846,3686771000,1031,7112295000,994,454516000,957,1,Всего,ЗАПАДНО-КАЗАХСТАНСКАЯ ОБЛАСТЬ,ТЕРЕКТИНСКИЙ РАЙОН
448919,Образование,false,,363266000,883,138002000,920,675000,846,3686771000,1031,7112295000,994,454516000,957,2,Образование,ЗАПАДНО-КАЗАХСТАНСКАЯ ОБЛАСТЬ,ТЕРЕКТИНСКИЙ РАЙОН
448920,Дошкольное образование,false,,2038000,883,,,x,846,,,,,4783000,957,3,Образование,ЗАПАДНО-КАЗАХСТАНСКАЯ ОБЛАСТЬ,ТЕРЕКТИНСКИЙ РАЙОН
448921,Дошкольное образование,false,,2038000,883,,,x,846,,,,,4783000,957,4,Дошкольное образование,ЗАПАДНО-КАЗАХСТАНСКАЯ ОБЛАСТЬ,ТЕРЕКТИНСКИЙ РАЙОН
448922,Дошкольное образование,true,,2038000,883,,,x,846,,,,,4783000,957,5,Дошкольное образование,ЗАПАДНО-КАЗАХСТАНСКАЯ ОБЛАСТЬ,ТЕРЕКТИНСКИЙ РАЙОН
448926,Среднее образование (2-й и 3-й уровни),false,,361228000,883,138002000,920,,,3686771000,1031,7112295000,994,449733000,957,3,Образование,ЗАПАДНО-КАЗАХСТАНСКАЯ ОБЛАСТЬ,ТЕРЕКТИНСКИЙ РАЙОН
448927,Основное и общее среднее образование,false,,361228000,883,138002000,920,,,3686771000,1031,7112295000,994,449733000,957,4,Среднее образование (2-й и 3-й уровни),ЗАПАДНО-КАЗАХСТАНСКАЯ ОБЛАСТЬ,ТЕРЕКТИНСКИЙ РАЙОН
448928,Основное и общее среднее образование,true,,361228000,883,138002000,920,,,3686771000,1031,7112295000,994,449733000,957,5,Основное и общее среднее образование,ЗАПАДНО-КАЗАХСТАНСКАЯ ОБЛАСТЬ,ТЕРЕКТИНСКИЙ РАЙОН
448937,Прочие виды образования,false,,,,,,345000,846,,,,,,,3,Образование,ЗАПАДНО-КАЗАХСТАНСКАЯ ОБЛАСТЬ,ТЕРЕКТИНСКИЙ РАЙОН
448938,Образование в области спорта и отдыха,false,,,,,,345000,846,,,,,,,4,Прочие виды образования,ЗАПАДНО-КАЗАХСТАНСКАЯ ОБЛАСТЬ,ТЕРЕКТИНСКИЙ РАЙОН
448939,Образование в области спорта и отдыха,true,,,,,,345000,846,,,,,,,5,Образование в области спорта и отдыха,ЗАПАДНО-КАЗАХСТАНСКАЯ ОБЛАСТЬ,ТЕРЕКТИНСКИЙ РАЙОН
448950,Здравоохранение и социальное обслуживание населения,false,,220695000,883,49145000,920,43210000,846,3274788000,1031,1705813000,994,10997000,957,1,Всего,ЗАПАДНО-КАЗАХСТАНСКАЯ ОБЛАСТЬ,ТЕРЕКТИНСКИЙ РАЙОН
448951,Деятельность в области здравоохранения,false,,220695000,883,49145000,920,43210000,846,3274788000,1031,1705813000,994,10997000,957,2,Здравоохранение и социальное обслуживание населения,ЗАПАДНО-КАЗАХСТАНСКАЯ ОБЛАСТЬ,ТЕРЕКТИНСКИЙ РАЙОН
448952,Деятельность больничных организаций,false,,700000,883,,,43205000,846,408075000,1031,174559000,994,4837000,957,3,Деятельность в области здравоохранения,ЗАПАДНО-КАЗАХСТАНСКАЯ ОБЛАСТЬ,ТЕРЕКТИНСКИЙ РАЙОН
448953,Деятельность больничных организаций,false,,700000,883,,,43205000,846,408075000,1031,174559000,994,4837000,957,4,Деятельность больничных организаций,ЗАПАДНО-КАЗАХСТАНСКАЯ ОБЛАСТЬ,ТЕРЕКТИНСКИЙ РАЙОН
448954,Деятельность больниц широкого профиля и специализированных больниц,true,,700000,883,,,43205000,846,,,7214000,994,,,5,Деятельность больничных организаций,ЗАПАДНО-КАЗАХСТАНСКАЯ ОБЛАСТЬ,ТЕРЕКТИНСКИЙ РАЙОН
448958,"Деятельность других лечебных учреждений, имеющих стационары",true,,,,,,,,408075000,1031,167345000,994,4837000,957,5,Деятельность больничных организаций,ЗАПАДНО-КАЗАХСТАНСКАЯ ОБЛАСТЬ,ТЕРЕКТИНСКИЙ РАЙОН
448959,Деятельность в области врачебной практики и стоматологии,false,,19995000,883,49145000,920,5000,846,2866713000,1031,1531254000,994,6160000,957,3,Деятельность в области здравоохранения,ЗАПАДНО-КАЗАХСТАНСКАЯ ОБЛАСТЬ,ТЕРЕКТИНСКИЙ РАЙОН
448960,Общая врачебная практика,false,,19995000,883,49145000,920,5000,846,2866713000,1031,1531254000,994,6160000,957,4,Деятельность в области врачебной практики и стоматологии,ЗАПАДНО-КАЗАХСТАНСКАЯ ОБЛАСТЬ,ТЕРЕКТИНСКИЙ РАЙОН
448961,Общая врачебная практика,true,,19995000,883,49145000,920,5000,846,2866713000,1031,1531254000,994,6160000,957,5,Общая врачебная практика,ЗАПАДНО-КАЗАХСТАНСКАЯ ОБЛАСТЬ,ТЕРЕКТИНСКИЙ РАЙОН
448966,Прочая деятельность в области здравоохранения ,false,,200000000,883,,,,,,,,,,,3,Деятельность в области здравоохранения,ЗАПАДНО-КАЗАХСТАНСКАЯ ОБЛАСТЬ,ТЕРЕКТИНСКИЙ РАЙОН
448967,Прочая деятельность в области здравоохранения ,false,,200000000,883,,,,,,,,,,,4,Прочая деятельность в области здравоохранения ,ЗАПАДНО-КАЗАХСТАНСКАЯ ОБЛАСТЬ,ТЕРЕКТИНСКИЙ РАЙОН
448968,Прочая деятельность в области здравоохранения ,true,,200000000,883,,,,,,,,,,,5,Прочая деятельность в области здравоохранения ,ЗАПАДНО-КАЗАХСТАНСКАЯ ОБЛАСТЬ,ТЕРЕКТИНСКИЙ РАЙОН
448991,"Искусство, развлечения и отдых",false,,768828000,883,2954000,920,55001000,846,25611000,1031,,,105946000,957,1,Всего,ЗАПАДНО-КАЗАХСТАНСКАЯ ОБЛАСТЬ,ТЕРЕКТИНСКИЙ РАЙОН
449004,"Деятельность библиотек, архивов, музеев и прочая деятельность в области культуры",false,,,,,,x,846,,,,,,,2,"Искусство, развлечения и отдых",ЗАПАДНО-КАЗАХСТАНСКАЯ ОБЛАСТЬ,ТЕРЕКТИНСКИЙ РАЙОН
449005,"Деятельность библиотек, архивов, музеев и прочая деятельность в области культуры",false,,,,,,x,846,,,,,,,3,"Деятельность библиотек, архивов, музеев и прочая деятельность в области культуры",ЗАПАДНО-КАЗАХСТАНСКАЯ ОБЛАСТЬ,ТЕРЕКТИНСКИЙ РАЙОН
449011,Деятельность музеев,false,,,,,,x,846,,,,,,,4,"Деятельность библиотек, архивов, музеев и прочая деятельность в области культуры",ЗАПАДНО-КАЗАХСТАНСКАЯ ОБЛАСТЬ,ТЕРЕКТИНСКИЙ РАЙОН
449012,Деятельность музеев,true,,,,,,x,846,,,,,,,5,Деятельность музеев,ЗАПАДНО-КАЗАХСТАНСКАЯ ОБЛАСТЬ,ТЕРЕКТИНСКИЙ РАЙОН
449022,"Деятельность в области спорта, организации отдыха и развлечений",false,,768828000,883,2954000,920,50527000,846,25611000,1031,,,105946000,957,2,"Искусство, развлечения и отдых",ЗАПАДНО-КАЗАХСТАНСКАЯ ОБЛАСТЬ,ТЕРЕКТИНСКИЙ РАЙОН
449023,Деятельность в области спорта,false,,x,883,x,920,49101000,846,,,,,,,3,"Деятельность в области спорта, организации отдыха и развлечений",ЗАПАДНО-КАЗАХСТАНСКАЯ ОБЛАСТЬ,ТЕРЕКТИНСКИЙ РАЙОН
449024,Эксплуатация спортивных сооружений,false,,x,883,x,920,49101000,846,,,,,,,4,Деятельность в области спорта,ЗАПАДНО-КАЗАХСТАНСКАЯ ОБЛАСТЬ,ТЕРЕКТИНСКИЙ РАЙОН
449025,Эксплуатация спортивных сооружений,true,,x,883,x,920,49101000,846,,,,,,,5,Эксплуатация спортивных сооружений,ЗАПАДНО-КАЗАХСТАНСКАЯ ОБЛАСТЬ,ТЕРЕКТИНСКИЙ РАЙОН
449032,Деятельность по организации отдыха и развлечений,false,,352841000,883,x,920,1426000,846,25611000,1031,,,105946000,957,3,"Деятельность в области спорта, организации отдыха и развлечений",ЗАПАДНО-КАЗАХСТАНСКАЯ ОБЛАСТЬ,ТЕРЕКТИНСКИЙ РАЙОН
449035,Прочая деятельность по организации отдыха и развлечений,false,,352841000,883,x,920,1426000,846,25611000,1031,,,105946000,957,4,Деятельность по организации отдыха и развлечений,ЗАПАДНО-КАЗАХСТАНСКАЯ ОБЛАСТЬ,ТЕРЕКТИНСКИЙ РАЙОН
449039,Прочие виды деятельности по организации отдыха и развлечений,true,,352841000,883,x,920,1426000,846,25611000,1031,,,105946000,957,5,Прочая деятельность по организации отдыха и развлечений,ЗАПАДНО-КАЗАХСТАНСКАЯ ОБЛАСТЬ,ТЕРЕКТИНСКИЙ РАЙОН
449040,Предоставление прочих видов услуг,false,,3100000,883,,,,,200000000,1031,,,40000000,957,1,Всего,ЗАПАДНО-КАЗАХСТАНСКАЯ ОБЛАСТЬ,ТЕРЕКТИНСКИЙ РАЙОН
449041,Деятельность общественных объединений (организаций),false,,,,,,,,200000000,1031,,,40000000,957,2,Предоставление прочих видов услуг,ЗАПАДНО-КАЗАХСТАНСКАЯ ОБЛАСТЬ,ТЕРЕКТИНСКИЙ РАЙОН
449050,Деятельность прочих общественных  объединений,false,,,,,,,,200000000,1031,,,40000000,957,3,Деятельность общественных объединений (организаций),ЗАПАДНО-КАЗАХСТАНСКАЯ ОБЛАСТЬ,ТЕРЕКТИНСКИЙ РАЙОН
449051,Деятельность религиозных организаций,false,,,,,,,,200000000,1031,,,40000000,957,4,Деятельность прочих общественных  объединений,ЗАПАДНО-КАЗАХСТАНСКАЯ ОБЛАСТЬ,ТЕРЕКТИНСКИЙ РАЙОН
449052,Деятельность религиозных организаций,true,,,,,,,,200000000,1031,,,40000000,957,5,Деятельность религиозных организаций,ЗАПАДНО-КАЗАХСТАНСКАЯ ОБЛАСТЬ,ТЕРЕКТИНСКИЙ РАЙОН
449084,Предоставление прочих индивидуальных услуг,false,,3100000,883,,,,,,,,,,,2,Предоставление прочих видов услуг,ЗАПАДНО-КАЗАХСТАНСКАЯ ОБЛАСТЬ,ТЕРЕКТИНСКИЙ РАЙОН
449085,Предоставление прочих индивидуальных услуг,false,,3100000,883,,,,,,,,,,,3,Предоставление прочих индивидуальных услуг,ЗАПАДНО-КАЗАХСТАНСКАЯ ОБЛАСТЬ,ТЕРЕКТИНСКИЙ РАЙОН
449093,Деятельность по обеспечению физического комфорта,false,,3100000,883,,,,,,,,,,,4,Предоставление прочих индивидуальных услуг,ЗАПАДНО-КАЗАХСТАНСКАЯ ОБЛАСТЬ,ТЕРЕКТИНСКИЙ РАЙОН
449094,Деятельность по обеспечению физического комфорта,true,,3100000,883,,,,,,,,,,,5,Деятельность по обеспечению физического комфорта,ЗАПАДНО-КАЗАХСТАНСКАЯ ОБЛАСТЬ,ТЕРЕКТИНСКИЙ РАЙОН
741340,Промышленность,false,,2106358000,883,2400536000,920,3888964000,846,4302671000,1031,1298307000,994,2116776000,957,1,Всего,ЗАПАДНО-КАЗАХСТАНСКАЯ ОБЛАСТЬ,ТЕРЕКТИНСКИЙ РАЙОН
447346,Обрабатывающая промышленность,false,,334494000,883,x,920,x,846,x,1031,254121000,994,x,957,2,Промышленность,ЗАПАДНО-КАЗАХСТАНСКАЯ ОБЛАСТЬ,ТЕРЕКТИНСКИЙ РАЙОН
447347,Производство продуктов питания,false,,334494000,883,x,920,,,x,1031,x,994,x,957,3,Обрабатывающая промышленность,ЗАПАДНО-КАЗАХСТАНСКАЯ ОБЛАСТЬ,ТЕРЕКТИНСКИЙ РАЙОН
447348,Переработка и консервирование мяса и производство мясной продукции,false,,136688000,883,,,,,,,,,,,4,Производство продуктов питания,ЗАПАДНО-КАЗАХСТАНСКАЯ ОБЛАСТЬ,ТЕРЕКТИНСКИЙ РАЙОН
447353,Производство продуктов из мяса и мяса сельскохозяйственной птицы ,false,,136688000,883,,,,,,,,,,,5,Переработка и консервирование мяса и производство мясной продукции,ЗАПАДНО-КАЗАХСТАНСКАЯ ОБЛАСТЬ,ТЕРЕКТИНСКИЙ РАЙОН
447365,Производство растительных и животных масел и жиров,false,,x,883,x,920,,,x,1031,x,994,x,957,4,Производство продуктов питания,ЗАПАДНО-КАЗАХСТАНСКАЯ ОБЛАСТЬ,ТЕРЕКТИНСКИЙ РАЙОН
447366,Производство масел и жиров,false,,x,883,x,920,,,x,1031,x,994,x,957,5,Производство растительных и животных масел и жиров,ЗАПАДНО-КАЗАХСТАНСКАЯ ОБЛАСТЬ,ТЕРЕКТИНСКИЙ РАЙОН
447562,Производство кокса и продуктов нефтепереработки,false,,,,,,x,846,,,,,,,3,Обрабатывающая промышленность,ЗАПАДНО-КАЗАХСТАНСКАЯ ОБЛАСТЬ,ТЕРЕКТИНСКИЙ РАЙОН
447566,"Производство продуктов нефтепереработки, брикетов из торфа и угля",false,,,,,,x,846,,,,,,,4,Производство кокса и продуктов нефтепереработки,ЗАПАДНО-КАЗАХСТАНСКАЯ ОБЛАСТЬ,ТЕРЕКТИНСКИЙ РАЙОН
447567,"Производство продуктов нефтепереработки, брикетов из торфа и угля",false,,,,,,x,846,,,,,,,5,"Производство продуктов нефтепереработки, брикетов из торфа и угля",ЗАПАДНО-КАЗАХСТАНСКАЯ ОБЛАСТЬ,ТЕРЕКТИНСКИЙ РАЙОН
447572,Производство продуктов химической промышленности,false,,,,,,,,,,196000,994,,,3,Обрабатывающая промышленность,ЗАПАДНО-КАЗАХСТАНСКАЯ ОБЛАСТЬ,ТЕРЕКТИНСКИЙ РАЙОН
447603,Производство прочих химических продуктов,false,,,,,,,,,,196000,994,,,4,Производство продуктов химической промышленности,ЗАПАДНО-КАЗАХСТАНСКАЯ ОБЛАСТЬ,ТЕРЕКТИНСКИЙ РАЙОН
447611,"Производство прочих химических продуктов, не включенных в другие группировки ",false,,,,,,,,,,196000,994,,,5,Производство прочих химических продуктов,ЗАПАДНО-КАЗАХСТАНСКАЯ ОБЛАСТЬ,ТЕРЕКТИНСКИЙ РАЙОН
448090,"Снабжение электроэнергией, газом, паром, горячей водой и кондиционированным воздухом",false,,827136000,883,294487000,920,508987000,846,1396548000,1031,262856000,994,235316000,957,2,Промышленность,ЗАПАДНО-КАЗАХСТАНСКАЯ ОБЛАСТЬ,ТЕРЕКТИНСКИЙ РАЙОН
448091,"Снабжение электроэнергией, газом, паром, горячей водой и кондиционированным воздухом",false,,827136000,883,294487000,920,508987000,846,1396548000,1031,262856000,994,235316000,957,3,"Снабжение электроэнергией, газом, паром, горячей водой и кондиционированным воздухом",ЗАПАДНО-КАЗАХСТАНСКАЯ ОБЛАСТЬ,ТЕРЕКТИНСКИЙ РАЙОН
448092,"Производство, передача и распределение электроэнергии",false,,107615000,883,104569000,920,202192000,846,711571000,1031,3547000,994,42928000,957,4,"Снабжение электроэнергией, газом, паром, горячей водой и кондиционированным воздухом",ЗАПАДНО-КАЗАХСТАНСКАЯ ОБЛАСТЬ,ТЕРЕКТИНСКИЙ РАЙОН
448100,Распределение электроэнергии,false,,107615000,883,104569000,920,202192000,846,711571000,1031,3547000,994,42928000,957,5,"Производство, передача и распределение электроэнергии",ЗАПАДНО-КАЗАХСТАНСКАЯ ОБЛАСТЬ,ТЕРЕКТИНСКИЙ РАЙОН
448104,Производство и распределение газообразного топлива по трубопроводам,false,,719521000,883,189918000,920,306795000,846,684977000,1031,259309000,994,192388000,957,4,"Снабжение электроэнергией, газом, паром, горячей водой и кондиционированным воздухом",ЗАПАДНО-КАЗАХСТАНСКАЯ ОБЛАСТЬ,ТЕРЕКТИНСКИЙ РАЙОН
448107,Распределение газообразного топлива по трубопроводам,false,,719521000,883,189918000,920,306795000,846,684977000,1031,259309000,994,192388000,957,5,Производство и распределение газообразного топлива по трубопроводам,ЗАПАДНО-КАЗАХСТАНСКАЯ ОБЛАСТЬ,ТЕРЕКТИНСКИЙ РАЙОН
448117,"Водоснабжение; сбор, обработка и удаление отходов, деятельность по ликвидации загрязнений",false,,944728000,883,1826405000,920,906100000,846,2730998000,1031,781330000,994,1738503000,957,2,Промышленность,ЗАПАДНО-КАЗАХСТАНСКАЯ ОБЛАСТЬ,ТЕРЕКТИНСКИЙ РАЙОН
448118,"Сбор, обработка и распределение воды",false,,944728000,883,1826405000,920,906100000,846,2730998000,1031,781330000,994,1738503000,957,3,"Водоснабжение; сбор, обработка и удаление отходов, деятельность по ликвидации загрязнений",ЗАПАДНО-КАЗАХСТАНСКАЯ ОБЛАСТЬ,ТЕРЕКТИНСКИЙ РАЙОН
448119,"Сбор, обработка и распределение воды",false,,944728000,883,1826405000,920,906100000,846,2730998000,1031,781330000,994,1738503000,957,4,"Сбор, обработка и распределение воды",ЗАПАДНО-КАЗАХСТАНСКАЯ ОБЛАСТЬ,ТЕРЕКТИНСКИЙ РАЙОН
448120,"Сбор, обработка и распределение воды",false,,944728000,883,1826405000,920,906100000,846,2730998000,1031,781330000,994,1738503000,957,5,"Сбор, обработка и распределение воды",ЗАПАДНО-КАЗАХСТАНСКАЯ ОБЛАСТЬ,ТЕРЕКТИНСКИЙ РАЙОН
741885,Всего,false,,3756569000,883,3000259000,920,2757532000,846,5442172000,1031,6357486000,994,2591428000,957,0,,ЗАПАДНО-КАЗАХСТАНСКАЯ ОБЛАСТЬ,ЧИНГИРЛАУСКИЙ РАЙОН
447173,"Сельское, лесное и рыбное хозяйство",false,,874807000,883,1232784000,920,224470000,846,1523063000,1031,1213825000,994,1075867000,957,1,Всего,ЗАПАДНО-КАЗАХСТАНСКАЯ ОБЛАСТЬ,ЧИНГИРЛАУСКИЙ РАЙОН
447174,"Растениеводство и животноводство, охота и предоставление услуг в этих областях",false,,874807000,883,1232784000,920,224470000,846,1523063000,1031,1213825000,994,1075867000,957,2,"Сельское, лесное и рыбное хозяйство",ЗАПАДНО-КАЗАХСТАНСКАЯ ОБЛАСТЬ,ЧИНГИРЛАУСКИЙ РАЙОН
447175,Выращивание одно- или двухлетних культур,false,,103637000,883,531713000,920,,,163418000,1031,122271000,994,237541000,957,3,"Растениеводство и животноводство, охота и предоставление услуг в этих областях",ЗАПАДНО-КАЗАХСТАНСКАЯ ОБЛАСТЬ,ЧИНГИРЛАУСКИЙ РАЙОН
447176,"Выращивание зерновых (кроме риса), бобовых и масличных культур",false,,103637000,883,531713000,920,,,163418000,1031,122271000,994,237541000,957,4,Выращивание одно- или двухлетних культур,ЗАПАДНО-КАЗАХСТАНСКАЯ ОБЛАСТЬ,ЧИНГИРЛАУСКИЙ РАЙОН
3783380,"Выращивание зерновых и зернобобовых культур, включая семеноводство",true,,21642000,883,188051000,920,,,163418000,1031,122271000,994,101966000,957,5,"Выращивание зерновых (кроме риса), бобовых и масличных культур",ЗАПАДНО-КАЗАХСТАНСКАЯ ОБЛАСТЬ,ЧИНГИРЛАУСКИЙ РАЙОН
447178,Выращивание масличных культур и их семян,true,,81995000,883,x,920,,,,,,,x,957,5,"Выращивание зерновых (кроме риса), бобовых и масличных культур",ЗАПАДНО-КАЗАХСТАНСКАЯ ОБЛАСТЬ,ЧИНГИРЛАУСКИЙ РАЙОН
447218,Животноводство,false,,771170000,883,695997000,920,224470000,846,1174269000,1031,999417000,994,750231000,957,3,"Растениеводство и животноводство, охота и предоставление услуг в этих областях",ЗАПАДНО-КАЗАХСТАНСКАЯ ОБЛАСТЬ,ЧИНГИРЛАУСКИЙ РАЙОН
447219,Разведение крупного рогатого скота молочного направления,false,,,,,,,,112062000,1031,132122000,994,,,4,Животноводство,ЗАПАДНО-КАЗАХСТАНСКАЯ ОБЛАСТЬ,ЧИНГИРЛАУСКИЙ РАЙОН
447220,Разведение крупного рогатого скота молочного направления,true,,,,,,,,112062000,1031,132122000,994,,,5,Разведение крупного рогатого скота молочного направления,ЗАПАДНО-КАЗАХСТАНСКАЯ ОБЛАСТЬ,ЧИНГИРЛАУСКИЙ РАЙОН
447221,Разведение прочего крупного рогатого скота и буйволов,false,,771170000,883,695997000,920,224470000,846,1020718000,1031,830963000,994,712431000,957,4,Животноводство,ЗАПАДНО-КАЗАХСТАНСКАЯ ОБЛАСТЬ,ЧИНГИРЛАУСКИЙ РАЙОН
447222,Разведение прочего крупного рогатого скота и буйволов,true,,771170000,883,695997000,920,224470000,846,1020718000,1031,830963000,994,712431000,957,5,Разведение прочего крупного рогатого скота и буйволов,ЗАПАДНО-КАЗАХСТАНСКАЯ ОБЛАСТЬ,ЧИНГИРЛАУСКИЙ РАЙОН
447223,Разведение лошадей и прочих животных семейства лошадиных,false,,,,,,,,,,24232000,994,37800000,957,4,Животноводство,ЗАПАДНО-КАЗАХСТАНСКАЯ ОБЛАСТЬ,ЧИНГИРЛАУСКИЙ РАЙОН
447224,Разведение лошадей,true,,,,,,,,,,24232000,994,37800000,957,5,Разведение лошадей и прочих животных семейства лошадиных,ЗАПАДНО-КАЗАХСТАНСКАЯ ОБЛАСТЬ,ЧИНГИРЛАУСКИЙ РАЙОН
447228,Разведение овец и коз,false,,,,,,,,27729000,1031,,,,,4,Животноводство,ЗАПАДНО-КАЗАХСТАНСКАЯ ОБЛАСТЬ,ЧИНГИРЛАУСКИЙ РАЙОН
447229,Разведение овец и коз,true,,,,,,,,27729000,1031,,,,,5,Разведение овец и коз,ЗАПАДНО-КАЗАХСТАНСКАЯ ОБЛАСТЬ,ЧИНГИРЛАУСКИЙ РАЙОН
447237,Разведение прочих видов животных,false,,,,,,,,13760000,1031,12100000,994,,,4,Животноводство,ЗАПАДНО-КАЗАХСТАНСКАЯ ОБЛАСТЬ,ЧИНГИРЛАУСКИЙ РАЙОН
447238,Разведение прочих видов животных,true,,,,,,,,13760000,1031,12100000,994,,,5,Разведение прочих видов животных,ЗАПАДНО-КАЗАХСТАНСКАЯ ОБЛАСТЬ,ЧИНГИРЛАУСКИЙ РАЙОН
447239,Смешанное сельское хозяйство,false,,,,3610000,920,,,170376000,1031,78137000,994,88095000,957,3,"Растениеводство и животноводство, охота и предоставление услуг в этих областях",ЗАПАДНО-КАЗАХСТАНСКАЯ ОБЛАСТЬ,ЧИНГИРЛАУСКИЙ РАЙОН
447240,Смешанное сельское хозяйство,false,,,,3610000,920,,,170376000,1031,78137000,994,88095000,957,4,Смешанное сельское хозяйство,ЗАПАДНО-КАЗАХСТАНСКАЯ ОБЛАСТЬ,ЧИНГИРЛАУСКИЙ РАЙОН
447241,Смешанное сельское хозяйство,true,,,,3610000,920,,,170376000,1031,78137000,994,88095000,957,5,Смешанное сельское хозяйство,ЗАПАДНО-КАЗАХСТАНСКАЯ ОБЛАСТЬ,ЧИНГИРЛАУСКИЙ РАЙОН
18683346,"Деятельность, способствующая выращиванию сельскохозяйственных культур и разведению животных и деятельность по обработке урожая",false,,,,1464000,920,,,15000000,1031,5600000,994,,,3,"Растениеводство и животноводство, охота и предоставление услуг в этих областях",ЗАПАДНО-КАЗАХСТАНСКАЯ ОБЛАСТЬ,ЧИНГИРЛАУСКИЙ РАЙОН
18683350,"Деятельность, способствующая животноводству",false,,,,1464000,920,,,15000000,1031,5600000,994,,,4,"Деятельность, способствующая выращиванию сельскохозяйственных культур и разведению животных и деятельность по обработке урожая",ЗАПАДНО-КАЗАХСТАНСКАЯ ОБЛАСТЬ,ЧИНГИРЛАУСКИЙ РАЙОН
18683351,"Деятельность, способствующая животноводству",true,,,,1464000,920,,,15000000,1031,5600000,994,,,5,"Деятельность, способствующая животноводству",ЗАПАДНО-КАЗАХСТАНСКАЯ ОБЛАСТЬ,ЧИНГИРЛАУСКИЙ РАЙОН
447252,"Охота и отлов, включая предоставление услуг в этих областях",false,,,,,,,,,,8400000,994,,,3,"Растениеводство и животноводство, охота и предоставление услуг в этих областях",ЗАПАДНО-КАЗАХСТАНСКАЯ ОБЛАСТЬ,ЧИНГИРЛАУСКИЙ РАЙОН
447253,"Охота и отлов, включая предоставление услуг в этих областях",false,,,,,,,,,,8400000,994,,,4,"Охота и отлов, включая предоставление услуг в этих областях",ЗАПАДНО-КАЗАХСТАНСКАЯ ОБЛАСТЬ,ЧИНГИРЛАУСКИЙ РАЙОН
447254,"Охота и отлов, включая предоставление услуг в этих областях",true,,,,,,,,,,8400000,994,,,5,"Охота и отлов, включая предоставление услуг в этих областях",ЗАПАДНО-КАЗАХСТАНСКАЯ ОБЛАСТЬ,ЧИНГИРЛАУСКИЙ РАЙОН
448215,Оптовая и розничная торговля; ремонт автомобилей и мотоциклов,false,,,,,,,,746643000,1031,,,,,1,Всего,ЗАПАДНО-КАЗАХСТАНСКАЯ ОБЛАСТЬ,ЧИНГИРЛАУСКИЙ РАЙОН
448377,"Розничная торговля, кроме торговли автомобилями и мотоциклами",false,,,,,,,,746643000,1031,,,,,2,Оптовая и розничная торговля; ремонт автомобилей и мотоциклов,ЗАПАДНО-КАЗАХСТАНСКАЯ ОБЛАСТЬ,ЧИНГИРЛАУСКИЙ РАЙОН
448399,Розничная торговля топливом в специализированных магазинах,false,,,,,,,,746643000,1031,,,,,3,"Розничная торговля, кроме торговли автомобилями и мотоциклами",ЗАПАДНО-КАЗАХСТАНСКАЯ ОБЛАСТЬ,ЧИНГИРЛАУСКИЙ РАЙОН
448400,Розничная торговля топливом в специализированных магазинах,false,,,,,,,,746643000,1031,,,,,4,Розничная торговля топливом в специализированных магазинах,ЗАПАДНО-КАЗАХСТАНСКАЯ ОБЛАСТЬ,ЧИНГИРЛАУСКИЙ РАЙОН
20576126,"Розничная торговля моторным топливом в специализированных магазинах, находящихся на придорожной полосе",true,,,,,,,,746643000,1031,,,,,5,Розничная торговля топливом в специализированных магазинах,ЗАПАДНО-КАЗАХСТАНСКАЯ ОБЛАСТЬ,ЧИНГИРЛАУСКИЙ РАЙОН
448475,Транспорт и складирование,false,,613474000,883,148855000,920,1850186000,846,x,1031,4186094000,994,641043000,957,1,Всего,ЗАПАДНО-КАЗАХСТАНСКАЯ ОБЛАСТЬ,ЧИНГИРЛАУСКИЙ РАЙОН
448527,Складирование грузов и вспомогательная транспортная деятельность,false,,613474000,883,148855000,920,1850186000,846,x,1031,4186094000,994,641043000,957,2,Транспорт и складирование,ЗАПАДНО-КАЗАХСТАНСКАЯ ОБЛАСТЬ,ЧИНГИРЛАУСКИЙ РАЙОН
448528,Складирование и хранение грузов,false,,,,,,,,,,41546000,994,20000000,957,3,Складирование грузов и вспомогательная транспортная деятельность,ЗАПАДНО-КАЗАХСТАНСКАЯ ОБЛАСТЬ,ЧИНГИРЛАУСКИЙ РАЙОН
448529,Складирование и хранение грузов,false,,,,,,,,,,41546000,994,20000000,957,4,Складирование и хранение грузов,ЗАПАДНО-КАЗАХСТАНСКАЯ ОБЛАСТЬ,ЧИНГИРЛАУСКИЙ РАЙОН
448530,Складирование и хранение зерна,true,,,,,,,,,,41546000,994,20000000,957,5,Складирование и хранение грузов,ЗАПАДНО-КАЗАХСТАНСКАЯ ОБЛАСТЬ,ЧИНГИРЛАУСКИЙ РАЙОН
448533,Вспомогательная транспортная деятельность,false,,613474000,883,148855000,920,1850186000,846,x,1031,4144548000,994,621043000,957,3,Складирование грузов и вспомогательная транспортная деятельность,ЗАПАДНО-КАЗАХСТАНСКАЯ ОБЛАСТЬ,ЧИНГИРЛАУСКИЙ РАЙОН
448534,Вспомогательная деятельность сухопутного транспорта,false,,613474000,883,148855000,920,1850186000,846,x,1031,4144548000,994,621043000,957,4,Вспомогательная транспортная деятельность,ЗАПАДНО-КАЗАХСТАНСКАЯ ОБЛАСТЬ,ЧИНГИРЛАУСКИЙ РАЙОН
448535,Эксплуатация железных дорог,true,,,,12627000,920,,,,,,,,,5,Вспомогательная деятельность сухопутного транспорта,ЗАПАДНО-КАЗАХСТАНСКАЯ ОБЛАСТЬ,ЧИНГИРЛАУСКИЙ РАЙОН
448536,Эксплуатация автомобильных дорог,true,,613474000,883,136228000,920,1850186000,846,x,1031,4144548000,994,621043000,957,5,Вспомогательная деятельность сухопутного транспорта,ЗАПАДНО-КАЗАХСТАНСКАЯ ОБЛАСТЬ,ЧИНГИРЛАУСКИЙ РАЙОН
448558,Предоставление услуг по проживанию и питанию,false,,237000000,883,,,,,,,,,,,1,Всего,ЗАПАДНО-КАЗАХСТАНСКАЯ ОБЛАСТЬ,ЧИНГИРЛАУСКИЙ РАЙОН
448573,Предоставление услуг по обеспечению питанием и напитками,false,,237000000,883,,,,,,,,,,,2,Предоставление услуг по проживанию и питанию,ЗАПАДНО-КАЗАХСТАНСКАЯ ОБЛАСТЬ,ЧИНГИРЛАУСКИЙ РАЙОН
448577,Доставка готовой пищи на заказ и прочая деятельность по обеспечению питанием,false,,237000000,883,,,,,,,,,,,3,Предоставление услуг по обеспечению питанием и напитками,ЗАПАДНО-КАЗАХСТАНСКАЯ ОБЛАСТЬ,ЧИНГИРЛАУСКИЙ РАЙОН
448580,Прочая деятельность по обеспечению питанием,false,,237000000,883,,,,,,,,,,,4,Доставка готовой пищи на заказ и прочая деятельность по обеспечению питанием,ЗАПАДНО-КАЗАХСТАНСКАЯ ОБЛАСТЬ,ЧИНГИРЛАУСКИЙ РАЙОН
18951444,Прочие виды организации питания вне населенных пунктов,true,,237000000,883,,,,,,,,,,,5,Прочая деятельность по обеспечению питанием,ЗАПАДНО-КАЗАХСТАНСКАЯ ОБЛАСТЬ,ЧИНГИРЛАУСКИЙ РАЙОН
448585,Информация и связь,false,,19220000,883,,,27952000,846,20318000,1031,,,,,1,Всего,ЗАПАДНО-КАЗАХСТАНСКАЯ ОБЛАСТЬ,ЧИНГИРЛАУСКИЙ РАЙОН
448623,Телекоммуникации,false,,19220000,883,,,27952000,846,20318000,1031,,,,,2,Информация и связь,ЗАПАДНО-КАЗАХСТАНСКАЯ ОБЛАСТЬ,ЧИНГИРЛАУСКИЙ РАЙОН
448627,Беспроводная телекоммуникационная связь,false,,1000,883,,,27952000,846,20318000,1031,,,,,3,Телекоммуникации,ЗАПАДНО-КАЗАХСТАНСКАЯ ОБЛАСТЬ,ЧИНГИРЛАУСКИЙ РАЙОН
448628,Беспроводная телекоммуникационная связь,false,,1000,883,,,27952000,846,20318000,1031,,,,,4,Беспроводная телекоммуникационная связь,ЗАПАДНО-КАЗАХСТАНСКАЯ ОБЛАСТЬ,ЧИНГИРЛАУСКИЙ РАЙОН
18946147,Беспроводная телекоммуникационная связь посредством единой транспортной среды,true,,,,,,,,20318000,1031,,,,,5,Беспроводная телекоммуникационная связь,ЗАПАДНО-КАЗАХСТАНСКАЯ ОБЛАСТЬ,ЧИНГИРЛАУСКИЙ РАЙОН
18946149,Прочая беспроводная телекоммуникационная связь,true,,1000,883,,,27952000,846,,,,,,,5,Беспроводная телекоммуникационная связь,ЗАПАДНО-КАЗАХСТАНСКАЯ ОБЛАСТЬ,ЧИНГИРЛАУСКИЙ РАЙОН
448633,Прочая деятельность в области телекоммуникаций,false,,19219000,883,,,,,,,,,,,3,Телекоммуникации,ЗАПАДНО-КАЗАХСТАНСКАЯ ОБЛАСТЬ,ЧИНГИРЛАУСКИЙ РАЙОН
448634,Прочая деятельность в области телекоммуникаций,false,,19219000,883,,,,,,,,,,,4,Прочая деятельность в области телекоммуникаций,ЗАПАДНО-КАЗАХСТАНСКАЯ ОБЛАСТЬ,ЧИНГИРЛАУСКИЙ РАЙОН
18946154,"Прочая деятельность в области телекоммуникаций, не включенная в другие группировки",true,,19219000,883,,,,,,,,,,,5,Прочая деятельность в области телекоммуникаций,ЗАПАДНО-КАЗАХСТАНСКАЯ ОБЛАСТЬ,ЧИНГИРЛАУСКИЙ РАЙОН
448658,Финансовая и страховая деятельность,false,,,,,,x,846,,,,,,,1,Всего,ЗАПАДНО-КАЗАХСТАНСКАЯ ОБЛАСТЬ,ЧИНГИРЛАУСКИЙ РАЙОН
448659,"Финансовое посредничество, кроме страхования и пенсионного обеспечения",false,,,,,,x,846,,,,,,,2,Финансовая и страховая деятельность,ЗАПАДНО-КАЗАХСТАНСКАЯ ОБЛАСТЬ,ЧИНГИРЛАУСКИЙ РАЙОН
448673,"Прочее финансовое посредничество, кроме страхования и пенсионного обеспечения",false,,,,,,x,846,,,,,,,3,"Финансовое посредничество, кроме страхования и пенсионного обеспечения",ЗАПАДНО-КАЗАХСТАНСКАЯ ОБЛАСТЬ,ЧИНГИРЛАУСКИЙ РАЙОН
448676,Прочие виды кредитования,false,,,,,,x,846,,,,,,,4,"Прочее финансовое посредничество, кроме страхования и пенсионного обеспечения",ЗАПАДНО-КАЗАХСТАНСКАЯ ОБЛАСТЬ,ЧИНГИРЛАУСКИЙ РАЙОН
448678,"Прочие виды кредитования, не включенные в другие группировки",true,,,,,,x,846,,,,,,,5,Прочие виды кредитования,ЗАПАДНО-КАЗАХСТАНСКАЯ ОБЛАСТЬ,ЧИНГИРЛАУСКИЙ РАЙОН
448714,Операции с недвижимым имуществом,false,,255821000,883,590607000,920,164495000,846,354864000,1031,478850000,994,451481000,957,1,Всего,ЗАПАДНО-КАЗАХСТАНСКАЯ ОБЛАСТЬ,ЧИНГИРЛАУСКИЙ РАЙОН
448715,Операции с недвижимым имуществом,false,,255821000,883,590607000,920,164495000,846,354864000,1031,478850000,994,451481000,957,2,Операции с недвижимым имуществом,ЗАПАДНО-КАЗАХСТАНСКАЯ ОБЛАСТЬ,ЧИНГИРЛАУСКИЙ РАЙОН
448716,Покупка и продажа собственного недвижимого имущества ,false,,255821000,883,590607000,920,164495000,846,354864000,1031,478850000,994,451481000,957,3,Операции с недвижимым имуществом,ЗАПАДНО-КАЗАХСТАНСКАЯ ОБЛАСТЬ,ЧИНГИРЛАУСКИЙ РАЙОН
448717,Покупка и продажа собственного недвижимого имущества ,false,,255821000,883,590607000,920,164495000,846,354864000,1031,478850000,994,451481000,957,4,Покупка и продажа собственного недвижимого имущества ,ЗАПАДНО-КАЗАХСТАНСКАЯ ОБЛАСТЬ,ЧИНГИРЛАУСКИЙ РАЙОН
543091,Покупка и продажа многоквартирных и жилых домов (особняков),true,,255821000,883,590607000,920,164495000,846,354864000,1031,478850000,994,451481000,957,5,Покупка и продажа собственного недвижимого имущества ,ЗАПАДНО-КАЗАХСТАНСКАЯ ОБЛАСТЬ,ЧИНГИРЛАУСКИЙ РАЙОН
448728,"Профессиональная, научная и техническая деятельность",false,,,,,,,,x,1031,,,,,1,Всего,ЗАПАДНО-КАЗАХСТАНСКАЯ ОБЛАСТЬ,ЧИНГИРЛАУСКИЙ РАЙОН
448747,"Деятельность в области архитектуры, инженерных изысканий, технических испытаний и анализа",false,,,,,,,,x,1031,,,,,2,"Профессиональная, научная и техническая деятельность",ЗАПАДНО-КАЗАХСТАНСКАЯ ОБЛАСТЬ,ЧИНГИРЛАУСКИЙ РАЙОН
448748,"Деятельность в области архитектуры, инженерных изысканий и предоставление технических консультаций в этих областях",false,,,,,,,,x,1031,,,,,3,"Деятельность в области архитектуры, инженерных изысканий, технических испытаний и анализа",ЗАПАДНО-КАЗАХСТАНСКАЯ ОБЛАСТЬ,ЧИНГИРЛАУСКИЙ РАЙОН
448751,Деятельность в области инженерных изысканий и предоставление технических консультаций в этой области,false,,,,,,,,x,1031,,,,,4,"Деятельность в области архитектуры, инженерных изысканий и предоставление технических консультаций в этих областях",ЗАПАДНО-КАЗАХСТАНСКАЯ ОБЛАСТЬ,ЧИНГИРЛАУСКИЙ РАЙОН
18951463,"Деятельность в области инженерно-технического проектирования, за исключением объектов атомной промышленности и атомной энергетики",true,,,,,,,,x,1031,,,,,5,Деятельность в области инженерных изысканий и предоставление технических консультаций в этой области,ЗАПАДНО-КАЗАХСТАНСКАЯ ОБЛАСТЬ,ЧИНГИРЛАУСКИЙ РАЙОН
448797,Деятельность в области административного и вспомогательного обслуживания,false,,x,883,,,x,846,,,,,,,1,Всего,ЗАПАДНО-КАЗАХСТАНСКАЯ ОБЛАСТЬ,ЧИНГИРЛАУСКИЙ РАЙОН
448856,Деятельность по обслуживанию зданий и благоустройству территорий,false,,x,883,,,x,846,,,,,,,2,Деятельность в области административного и вспомогательного обслуживания,ЗАПАДНО-КАЗАХСТАНСКАЯ ОБЛАСТЬ,ЧИНГИРЛАУСКИЙ РАЙОН
448867,Деятельность по благоустройству территорий,false,,x,883,,,x,846,,,,,,,3,Деятельность по обслуживанию зданий и благоустройству территорий,ЗАПАДНО-КАЗАХСТАНСКАЯ ОБЛАСТЬ,ЧИНГИРЛАУСКИЙ РАЙОН
448868,Деятельность по благоустройству территорий,false,,x,883,,,x,846,,,,,,,4,Деятельность по благоустройству территорий,ЗАПАДНО-КАЗАХСТАНСКАЯ ОБЛАСТЬ,ЧИНГИРЛАУСКИЙ РАЙОН
448869,Деятельность по благоустройству территорий,true,,x,883,,,x,846,,,,,,,5,Деятельность по благоустройству территорий,ЗАПАДНО-КАЗАХСТАНСКАЯ ОБЛАСТЬ,ЧИНГИРЛАУСКИЙ РАЙОН
448889,Государственное управление и оборона; обязательное  социальное обеспечение,false,,,,99868000,920,75858000,846,38067000,1031,143319000,994,8907000,957,1,Всего,ЗАПАДНО-КАЗАХСТАНСКАЯ ОБЛАСТЬ,ЧИНГИРЛАУСКИЙ РАЙОН
448890,Государственное управление и оборона; обязательное социальное обеспечение,false,,,,99868000,920,75858000,846,38067000,1031,143319000,994,8907000,957,2,Государственное управление и оборона; обязательное  социальное обеспечение,ЗАПАДНО-КАЗАХСТАНСКАЯ ОБЛАСТЬ,ЧИНГИРЛАУСКИЙ РАЙОН
448891,Государственное управление общего характера и управление социально-экономическое политикой общества,false,,,,99868000,920,75858000,846,38067000,1031,143319000,994,8907000,957,3,Государственное управление и оборона; обязательное социальное обеспечение,ЗАПАДНО-КАЗАХСТАНСКАЯ ОБЛАСТЬ,ЧИНГИРЛАУСКИЙ РАЙОН
448892,Государственное управление общего характера,false,,,,,,x,846,27517000,1031,,,,,4,Государственное управление общего характера и управление социально-экономическое политикой общества,ЗАПАДНО-КАЗАХСТАНСКАЯ ОБЛАСТЬ,ЧИНГИРЛАУСКИЙ РАЙОН
448895,Деятельность местных органов управления,true,,,,,,,,4231000,1031,,,,,5,Государственное управление общего характера,ЗАПАДНО-КАЗАХСТАНСКАЯ ОБЛАСТЬ,ЧИНГИРЛАУСКИЙ РАЙОН
448896,Деятельность сельских и поселковых органов управления,true,,,,,,x,846,23286000,1031,,,,,5,Государственное управление общего характера,ЗАПАДНО-КАЗАХСТАНСКАЯ ОБЛАСТЬ,ЧИНГИРЛАУСКИЙ РАЙОН
448900,"Регулирование деятельности учреждений здравоохранения, образования, культуры и других социальных услуг, кроме социального обеспечения ",false,,,,99868000,920,75234000,846,,,143319000,994,8907000,957,4,Государственное управление общего характера и управление социально-экономическое политикой общества,ЗАПАДНО-КАЗАХСТАНСКАЯ ОБЛАСТЬ,ЧИНГИРЛАУСКИЙ РАЙОН
448901,"Регулирование деятельности учреждений здравоохранения, образования, культуры и других социальных услуг, кроме социального обеспечения ",true,,,,99868000,920,75234000,846,,,143319000,994,8907000,957,5,"Регулирование деятельности учреждений здравоохранения, образования, культуры и других социальных услуг, кроме социального обеспечения ",ЗАПАДНО-КАЗАХСТАНСКАЯ ОБЛАСТЬ,ЧИНГИРЛАУСКИЙ РАЙОН
448902,Регулирование и содействие эффективному ведению экономической деятельности,false,,,,,,,,10550000,1031,,,,,4,Государственное управление общего характера и управление социально-экономическое политикой общества,ЗАПАДНО-КАЗАХСТАНСКАЯ ОБЛАСТЬ,ЧИНГИРЛАУСКИЙ РАЙОН
448903,Регулирование и содействие эффективному ведению экономической деятельности,true,,,,,,,,10550000,1031,,,,,5,Регулирование и содействие эффективному ведению экономической деятельности,ЗАПАДНО-КАЗАХСТАНСКАЯ ОБЛАСТЬ,ЧИНГИРЛАУСКИЙ РАЙОН
448918,Образование,false,,x,883,237069000,920,,,159495000,1031,,,359972000,957,1,Всего,ЗАПАДНО-КАЗАХСТАНСКАЯ ОБЛАСТЬ,ЧИНГИРЛАУСКИЙ РАЙОН
448919,Образование,false,,x,883,237069000,920,,,159495000,1031,,,359972000,957,2,Образование,ЗАПАДНО-КАЗАХСТАНСКАЯ ОБЛАСТЬ,ЧИНГИРЛАУСКИЙ РАЙОН
448920,Дошкольное образование,false,,,,,,,,159495000,1031,,,,,3,Образование,ЗАПАДНО-КАЗАХСТАНСКАЯ ОБЛАСТЬ,ЧИНГИРЛАУСКИЙ РАЙОН
448921,Дошкольное образование,false,,,,,,,,159495000,1031,,,,,4,Дошкольное образование,ЗАПАДНО-КАЗАХСТАНСКАЯ ОБЛАСТЬ,ЧИНГИРЛАУСКИЙ РАЙОН
448922,Дошкольное образование,true,,,,,,,,159495000,1031,,,,,5,Дошкольное образование,ЗАПАДНО-КАЗАХСТАНСКАЯ ОБЛАСТЬ,ЧИНГИРЛАУСКИЙ РАЙОН
448926,Среднее образование (2-й и 3-й уровни),false,,x,883,237069000,920,,,,,,,x,957,3,Образование,ЗАПАДНО-КАЗАХСТАНСКАЯ ОБЛАСТЬ,ЧИНГИРЛАУСКИЙ РАЙОН
448927,Основное и общее среднее образование,false,,x,883,,,,,,,,,x,957,4,Среднее образование (2-й и 3-й уровни),ЗАПАДНО-КАЗАХСТАНСКАЯ ОБЛАСТЬ,ЧИНГИРЛАУСКИЙ РАЙОН
448928,Основное и общее среднее образование,true,,x,883,,,,,,,,,x,957,5,Основное и общее среднее образование,ЗАПАДНО-КАЗАХСТАНСКАЯ ОБЛАСТЬ,ЧИНГИРЛАУСКИЙ РАЙОН
448929,Техническое и профессиональное среднее образование,false,,,,237069000,920,,,,,,,,,4,Среднее образование (2-й и 3-й уровни),ЗАПАДНО-КАЗАХСТАНСКАЯ ОБЛАСТЬ,ЧИНГИРЛАУСКИЙ РАЙОН
448931,Среднее специальное образование,true,,,,237069000,920,,,,,,,,,5,Техническое и профессиональное среднее образование,ЗАПАДНО-КАЗАХСТАНСКАЯ ОБЛАСТЬ,ЧИНГИРЛАУСКИЙ РАЙОН
448937,Прочие виды образования,false,,,,,,,,,,,,102499000,957,3,Образование,ЗАПАДНО-КАЗАХСТАНСКАЯ ОБЛАСТЬ,ЧИНГИРЛАУСКИЙ РАЙОН
448938,Образование в области спорта и отдыха,false,,,,,,,,,,,,102499000,957,4,Прочие виды образования,ЗАПАДНО-КАЗАХСТАНСКАЯ ОБЛАСТЬ,ЧИНГИРЛАУСКИЙ РАЙОН
448939,Образование в области спорта и отдыха,true,,,,,,,,,,,,102499000,957,5,Образование в области спорта и отдыха,ЗАПАДНО-КАЗАХСТАНСКАЯ ОБЛАСТЬ,ЧИНГИРЛАУСКИЙ РАЙОН
448950,Здравоохранение и социальное обслуживание населения,false,,,,,,9437000,846,502325000,1031,112028000,994,,,1,Всего,ЗАПАДНО-КАЗАХСТАНСКАЯ ОБЛАСТЬ,ЧИНГИРЛАУСКИЙ РАЙОН
448951,Деятельность в области здравоохранения,false,,,,,,9437000,846,502325000,1031,112028000,994,,,2,Здравоохранение и социальное обслуживание населения,ЗАПАДНО-КАЗАХСТАНСКАЯ ОБЛАСТЬ,ЧИНГИРЛАУСКИЙ РАЙОН
448952,Деятельность больничных организаций,false,,,,,,9437000,846,502325000,1031,112028000,994,,,3,Деятельность в области здравоохранения,ЗАПАДНО-КАЗАХСТАНСКАЯ ОБЛАСТЬ,ЧИНГИРЛАУСКИЙ РАЙОН
448953,Деятельность больничных организаций,false,,,,,,9437000,846,502325000,1031,112028000,994,,,4,Деятельность больничных организаций,ЗАПАДНО-КАЗАХСТАНСКАЯ ОБЛАСТЬ,ЧИНГИРЛАУСКИЙ РАЙОН
448954,Деятельность больниц широкого профиля и специализированных больниц,true,,,,,,9437000,846,110775000,1031,97500000,994,,,5,Деятельность больничных организаций,ЗАПАДНО-КАЗАХСТАНСКАЯ ОБЛАСТЬ,ЧИНГИРЛАУСКИЙ РАЙОН
448958,"Деятельность других лечебных учреждений, имеющих стационары",true,,,,,,,,391550000,1031,14528000,994,,,5,Деятельность больничных организаций,ЗАПАДНО-КАЗАХСТАНСКАЯ ОБЛАСТЬ,ЧИНГИРЛАУСКИЙ РАЙОН
448991,"Искусство, развлечения и отдых",false,,477259000,883,482053000,920,,,18018000,1031,41557000,994,11859000,957,1,Всего,ЗАПАДНО-КАЗАХСТАНСКАЯ ОБЛАСТЬ,ЧИНГИРЛАУСКИЙ РАЙОН
449004,"Деятельность библиотек, архивов, музеев и прочая деятельность в области культуры",false,,,,,,,,5321000,1031,,,,,2,"Искусство, развлечения и отдых",ЗАПАДНО-КАЗАХСТАНСКАЯ ОБЛАСТЬ,ЧИНГИРЛАУСКИЙ РАЙОН
449005,"Деятельность библиотек, архивов, музеев и прочая деятельность в области культуры",false,,,,,,,,5321000,1031,,,,,3,"Деятельность библиотек, архивов, музеев и прочая деятельность в области культуры",ЗАПАДНО-КАЗАХСТАНСКАЯ ОБЛАСТЬ,ЧИНГИРЛАУСКИЙ РАЙОН
449006,Деятельность библиотек и архивов,false,,,,,,,,5321000,1031,,,,,4,"Деятельность библиотек, архивов, музеев и прочая деятельность в области культуры",ЗАПАДНО-КАЗАХСТАНСКАЯ ОБЛАСТЬ,ЧИНГИРЛАУСКИЙ РАЙОН
449009,Деятельность архивов,true,,,,,,,,5321000,1031,,,,,5,Деятельность библиотек и архивов,ЗАПАДНО-КАЗАХСТАНСКАЯ ОБЛАСТЬ,ЧИНГИРЛАУСКИЙ РАЙОН
449022,"Деятельность в области спорта, организации отдыха и развлечений",false,,477259000,883,482053000,920,,,12697000,1031,41557000,994,11859000,957,2,"Искусство, развлечения и отдых",ЗАПАДНО-КАЗАХСТАНСКАЯ ОБЛАСТЬ,ЧИНГИРЛАУСКИЙ РАЙОН
449023,Деятельность в области спорта,false,,x,883,442053000,920,,,3283000,1031,41557000,994,11859000,957,3,"Деятельность в области спорта, организации отдыха и развлечений",ЗАПАДНО-КАЗАХСТАНСКАЯ ОБЛАСТЬ,ЧИНГИРЛАУСКИЙ РАЙОН
449024,Эксплуатация спортивных сооружений,false,,x,883,442053000,920,,,3283000,1031,41557000,994,11859000,957,4,Деятельность в области спорта,ЗАПАДНО-КАЗАХСТАНСКАЯ ОБЛАСТЬ,ЧИНГИРЛАУСКИЙ РАЙОН
449025,Эксплуатация спортивных сооружений,true,,x,883,442053000,920,,,3283000,1031,41557000,994,11859000,957,5,Эксплуатация спортивных сооружений,ЗАПАДНО-КАЗАХСТАНСКАЯ ОБЛАСТЬ,ЧИНГИРЛАУСКИЙ РАЙОН
449032,Деятельность по организации отдыха и развлечений,false,,264599000,883,40000000,920,,,9414000,1031,,,,,3,"Деятельность в области спорта, организации отдыха и развлечений",ЗАПАДНО-КАЗАХСТАНСКАЯ ОБЛАСТЬ,ЧИНГИРЛАУСКИЙ РАЙОН
449035,Прочая деятельность по организации отдыха и развлечений,false,,264599000,883,40000000,920,,,9414000,1031,,,,,4,Деятельность по организации отдыха и развлечений,ЗАПАДНО-КАЗАХСТАНСКАЯ ОБЛАСТЬ,ЧИНГИРЛАУСКИЙ РАЙОН
449039,Прочие виды деятельности по организации отдыха и развлечений,true,,264599000,883,40000000,920,,,9414000,1031,,,,,5,Прочая деятельность по организации отдыха и развлечений,ЗАПАДНО-КАЗАХСТАНСКАЯ ОБЛАСТЬ,ЧИНГИРЛАУСКИЙ РАЙОН
741340,Промышленность,false,,612186000,883,209023000,920,397432000,846,1240823000,1031,181813000,994,42299000,957,1,Всего,ЗАПАДНО-КАЗАХСТАНСКАЯ ОБЛАСТЬ,ЧИНГИРЛАУСКИЙ РАЙОН
447346,Обрабатывающая промышленность,false,,,,,,,,20821000,1031,,,,,2,Промышленность,ЗАПАДНО-КАЗАХСТАНСКАЯ ОБЛАСТЬ,ЧИНГИРЛАУСКИЙ РАЙОН
447811,"Производство компьютеров, электронного и оптического оборудования",false,,,,,,,,x,1031,,,,,3,Обрабатывающая промышленность,ЗАПАДНО-КАЗАХСТАНСКАЯ ОБЛАСТЬ,ЧИНГИРЛАУСКИЙ РАЙОН
447817,Производство компьютеров и периферийного оборудования,false,,,,,,,,x,1031,,,,,4,"Производство компьютеров, электронного и оптического оборудования",ЗАПАДНО-КАЗАХСТАНСКАЯ ОБЛАСТЬ,ЧИНГИРЛАУСКИЙ РАЙОН
447818,Производство компьютеров и периферийного оборудования,false,,,,,,,,x,1031,,,,,5,Производство компьютеров и периферийного оборудования,ЗАПАДНО-КАЗАХСТАНСКАЯ ОБЛАСТЬ,ЧИНГИРЛАУСКИЙ РАЙОН
447983,Производство прочих транспортных средств,false,,,,,,,,x,1031,,,,,3,Обрабатывающая промышленность,ЗАПАДНО-КАЗАХСТАНСКАЯ ОБЛАСТЬ,ЧИНГИРЛАУСКИЙ РАЙОН
447999,"Производство транспортных средств, не включенных в другие группировки",false,,,,,,,,x,1031,,,,,4,Производство прочих транспортных средств,ЗАПАДНО-КАЗАХСТАНСКАЯ ОБЛАСТЬ,ЧИНГИРЛАУСКИЙ РАЙОН
448006,"Производство прочих транспортных средств и оборудования, не включенных в другие группировки",false,,,,,,,,x,1031,,,,,5,"Производство транспортных средств, не включенных в другие группировки",ЗАПАДНО-КАЗАХСТАНСКАЯ ОБЛАСТЬ,ЧИНГИРЛАУСКИЙ РАЙОН
448090,"Снабжение электроэнергией, газом, паром, горячей водой и кондиционированным воздухом",false,,,,42391000,920,13631000,846,507053000,1031,2308000,994,41326000,957,2,Промышленность,ЗАПАДНО-КАЗАХСТАНСКАЯ ОБЛАСТЬ,ЧИНГИРЛАУСКИЙ РАЙОН
448091,"Снабжение электроэнергией, газом, паром, горячей водой и кондиционированным воздухом",false,,,,42391000,920,13631000,846,507053000,1031,2308000,994,41326000,957,3,"Снабжение электроэнергией, газом, паром, горячей водой и кондиционированным воздухом",ЗАПАДНО-КАЗАХСТАНСКАЯ ОБЛАСТЬ,ЧИНГИРЛАУСКИЙ РАЙОН
448092,"Производство, передача и распределение электроэнергии",false,,,,,,5447000,846,507053000,1031,2308000,994,,,4,"Снабжение электроэнергией, газом, паром, горячей водой и кондиционированным воздухом",ЗАПАДНО-КАЗАХСТАНСКАЯ ОБЛАСТЬ,ЧИНГИРЛАУСКИЙ РАЙОН
448100,Распределение электроэнергии,false,,,,,,5447000,846,507053000,1031,2308000,994,,,5,"Производство, передача и распределение электроэнергии",ЗАПАДНО-КАЗАХСТАНСКАЯ ОБЛАСТЬ,ЧИНГИРЛАУСКИЙ РАЙОН
448104,Производство и распределение газообразного топлива по трубопроводам,false,,,,,,8184000,846,,,,,41326000,957,4,"Снабжение электроэнергией, газом, паром, горячей водой и кондиционированным воздухом",ЗАПАДНО-КАЗАХСТАНСКАЯ ОБЛАСТЬ,ЧИНГИРЛАУСКИЙ РАЙОН
448107,Распределение газообразного топлива по трубопроводам,false,,,,,,8184000,846,,,,,41326000,957,5,Производство и распределение газообразного топлива по трубопроводам,ЗАПАДНО-КАЗАХСТАНСКАЯ ОБЛАСТЬ,ЧИНГИРЛАУСКИЙ РАЙОН
448111,"Снабжение паром, горячей водой и кондиционированным воздухом",false,,,,42391000,920,,,,,,,,,4,"Снабжение электроэнергией, газом, паром, горячей водой и кондиционированным воздухом",ЗАПАДНО-КАЗАХСТАНСКАЯ ОБЛАСТЬ,ЧИНГИРЛАУСКИЙ РАЙОН
448112,"Снабжение паром, горячей водой и кондиционированным воздухом",false,,,,42391000,920,,,,,,,,,5,"Снабжение паром, горячей водой и кондиционированным воздухом",ЗАПАДНО-КАЗАХСТАНСКАЯ ОБЛАСТЬ,ЧИНГИРЛАУСКИЙ РАЙОН
448117,"Водоснабжение; сбор, обработка и удаление отходов, деятельность по ликвидации загрязнений",false,,612186000,883,166632000,920,383801000,846,712949000,1031,179505000,994,973000,957,2,Промышленность,ЗАПАДНО-КАЗАХСТАНСКАЯ ОБЛАСТЬ,ЧИНГИРЛАУСКИЙ РАЙОН
448118,"Сбор, обработка и распределение воды",false,,612186000,883,166632000,920,383801000,846,712949000,1031,179505000,994,973000,957,3,"Водоснабжение; сбор, обработка и удаление отходов, деятельность по ликвидации загрязнений",ЗАПАДНО-КАЗАХСТАНСКАЯ ОБЛАСТЬ,ЧИНГИРЛАУСКИЙ РАЙОН
448119,"Сбор, обработка и распределение воды",false,,612186000,883,166632000,920,383801000,846,712949000,1031,179505000,994,973000,957,4,"Сбор, обработка и распределение воды",ЗАПАДНО-КАЗАХСТАНСКАЯ ОБЛАСТЬ,ЧИНГИРЛАУСКИЙ РАЙОН
448120,"Сбор, обработка и распределение воды",false,,612186000,883,166632000,920,383801000,846,712949000,1031,179505000,994,973000,957,5,"Сбор, обработка и распределение воды",ЗАПАДНО-КАЗАХСТАНСКАЯ ОБЛАСТЬ,ЧИНГИРЛАУСКИЙ РАЙОН
