id,text,leaf,measureName,y122020,122020,y122021,122021,y122019,122019,y122024,122024,y122023,122023,y122022,122022,depth,parent_text,oblast,region
741885,Всего,false,,137211618000,883,192252049000,920,161716069000,846,270849746000,1031,222677468000,994,243880226000,957,0,,ПАВЛОДАРСКАЯ ОБЛАСТЬ,ПАВЛОДАР Г.А.
447173,"Сельское, лесное и рыбное хозяйство",false,,3754659000,883,10092153000,920,2125592000,846,985315000,1031,1980679000,994,505281000,957,1,Всего,ПАВЛОДАРСКАЯ ОБЛАСТЬ,ПАВЛОДАР Г.А.
447174,"Растениеводство и животноводство, охота и предоставление услуг в этих областях",false,,3751761000,883,10092153000,920,2065192000,846,375339000,1031,1774823000,994,480387000,957,2,"Сельское, лесное и рыбное хозяйство",ПАВЛОДАРСКАЯ ОБЛАСТЬ,ПАВЛОДАР Г.А.
447175,Выращивание одно- или двухлетних культур,false,,1251313000,883,52369000,920,1399753000,846,126807000,1031,583414000,994,319591000,957,3,"Растениеводство и животноводство, охота и предоставление услуг в этих областях",ПАВЛОДАРСКАЯ ОБЛАСТЬ,ПАВЛОДАР Г.А.
447176,"Выращивание зерновых (кроме риса), бобовых и масличных культур",false,,x,883,,,,,39093000,1031,360824000,994,x,957,4,Выращивание одно- или двухлетних культур,ПАВЛОДАРСКАЯ ОБЛАСТЬ,ПАВЛОДАР Г.А.
3783380,"Выращивание зерновых и зернобобовых культур, включая семеноводство",true,,,,,,,,39093000,1031,360824000,994,x,957,5,"Выращивание зерновых (кроме риса), бобовых и масличных культур",ПАВЛОДАРСКАЯ ОБЛАСТЬ,ПАВЛОДАР Г.А.
447178,Выращивание масличных культур и их семян,true,,x,883,,,,,,,,,,,5,"Выращивание зерновых (кроме риса), бобовых и масличных культур",ПАВЛОДАРСКАЯ ОБЛАСТЬ,ПАВЛОДАР Г.А.
447181,"Выращивание овощей, бахчевых, корнеплодов и клубнеплодов",false,,835964000,883,52369000,920,1399753000,846,87714000,1031,222590000,994,27033000,957,4,Выращивание одно- или двухлетних культур,ПАВЛОДАРСКАЯ ОБЛАСТЬ,ПАВЛОДАР Г.А.
447182,Выращивание картофеля и посадочного материала,true,,,,,,,,87714000,1031,222590000,994,27033000,957,5,"Выращивание овощей, бахчевых, корнеплодов и клубнеплодов",ПАВЛОДАРСКАЯ ОБЛАСТЬ,ПАВЛОДАР Г.А.
447183,"Выращивание овощей, их семян и рассады",true,,573659000,883,52369000,920,1399753000,846,,,,,,,5,"Выращивание овощей, бахчевых, корнеплодов и клубнеплодов",ПАВЛОДАРСКАЯ ОБЛАСТЬ,ПАВЛОДАР Г.А.
447184,Выращивание сахарной свеклы и ее семян,true,,x,883,,,,,,,,,,,5,"Выращивание овощей, бахчевых, корнеплодов и клубнеплодов",ПАВЛОДАРСКАЯ ОБЛАСТЬ,ПАВЛОДАР Г.А.
447218,Животноводство,false,,2500448000,883,10039784000,920,615439000,846,238802000,1031,1171859000,994,160796000,957,3,"Растениеводство и животноводство, охота и предоставление услуг в этих областях",ПАВЛОДАРСКАЯ ОБЛАСТЬ,ПАВЛОДАР Г.А.
447219,Разведение крупного рогатого скота молочного направления,false,,510000000,883,9933571000,920,50000000,846,13550000,1031,,,,,4,Животноводство,ПАВЛОДАРСКАЯ ОБЛАСТЬ,ПАВЛОДАР Г.А.
447220,Разведение крупного рогатого скота молочного направления,true,,510000000,883,9933571000,920,50000000,846,13550000,1031,,,,,5,Разведение крупного рогатого скота молочного направления,ПАВЛОДАРСКАЯ ОБЛАСТЬ,ПАВЛОДАР Г.А.
447221,Разведение прочего крупного рогатого скота и буйволов,false,,1410000000,883,,,x,846,,,1360000,994,,,4,Животноводство,ПАВЛОДАРСКАЯ ОБЛАСТЬ,ПАВЛОДАР Г.А.
447222,Разведение прочего крупного рогатого скота и буйволов,true,,1410000000,883,,,x,846,,,1360000,994,,,5,Разведение прочего крупного рогатого скота и буйволов,ПАВЛОДАРСКАЯ ОБЛАСТЬ,ПАВЛОДАР Г.А.
447230,Разведение свиней,false,,,,x,920,,,189091000,1031,1156366000,994,x,957,4,Животноводство,ПАВЛОДАРСКАЯ ОБЛАСТЬ,ПАВЛОДАР Г.А.
447231,Разведение свиней,true,,,,x,920,,,189091000,1031,1156366000,994,x,957,5,Разведение свиней,ПАВЛОДАРСКАЯ ОБЛАСТЬ,ПАВЛОДАР Г.А.
447232,Разведение сельскохозяйственной птицы ,false,,580448000,883,20852000,920,563612000,846,36161000,1031,14133000,994,3720000,957,4,Животноводство,ПАВЛОДАРСКАЯ ОБЛАСТЬ,ПАВЛОДАР Г.А.
447234,Производство яиц,true,,580448000,883,20852000,920,563612000,846,36161000,1031,14133000,994,3720000,957,5,Разведение сельскохозяйственной птицы ,ПАВЛОДАРСКАЯ ОБЛАСТЬ,ПАВЛОДАР Г.А.
447239,Смешанное сельское хозяйство,false,,,,,,x,846,9730000,1031,19550000,994,,,3,"Растениеводство и животноводство, охота и предоставление услуг в этих областях",ПАВЛОДАРСКАЯ ОБЛАСТЬ,ПАВЛОДАР Г.А.
447240,Смешанное сельское хозяйство,false,,,,,,x,846,9730000,1031,19550000,994,,,4,Смешанное сельское хозяйство,ПАВЛОДАРСКАЯ ОБЛАСТЬ,ПАВЛОДАР Г.А.
447241,Смешанное сельское хозяйство,true,,,,,,x,846,9730000,1031,19550000,994,,,5,Смешанное сельское хозяйство,ПАВЛОДАРСКАЯ ОБЛАСТЬ,ПАВЛОДАР Г.А.
447255,Лесоводство и лесозаготовки,false,,2898000,883,,,,,452667000,1031,197368000,994,2894000,957,2,"Сельское, лесное и рыбное хозяйство",ПАВЛОДАРСКАЯ ОБЛАСТЬ,ПАВЛОДАР Г.А.
447256,Лесоводство и прочая лесохозяйственная деятельность,false,,2898000,883,,,,,237000000,1031,197368000,994,2894000,957,3,Лесоводство и лесозаготовки,ПАВЛОДАРСКАЯ ОБЛАСТЬ,ПАВЛОДАР Г.А.
447257,Лесоводство и прочая лесохозяйственная деятельность,false,,2898000,883,,,,,237000000,1031,197368000,994,2894000,957,4,Лесоводство и прочая лесохозяйственная деятельность,ПАВЛОДАРСКАЯ ОБЛАСТЬ,ПАВЛОДАР Г.А.
447258,Лесоводство и прочая лесохозяйственная деятельность,true,,2898000,883,,,,,237000000,1031,197368000,994,2894000,957,5,Лесоводство и прочая лесохозяйственная деятельность,ПАВЛОДАРСКАЯ ОБЛАСТЬ,ПАВЛОДАР Г.А.
447259,Лесозаготовки,false,,,,,,,,215667000,1031,,,,,3,Лесоводство и лесозаготовки,ПАВЛОДАРСКАЯ ОБЛАСТЬ,ПАВЛОДАР Г.А.
447260,Лесозаготовки,false,,,,,,,,215667000,1031,,,,,4,Лесозаготовки,ПАВЛОДАРСКАЯ ОБЛАСТЬ,ПАВЛОДАР Г.А.
447261,Лесозаготовки,true,,,,,,,,215667000,1031,,,,,5,Лесозаготовки,ПАВЛОДАРСКАЯ ОБЛАСТЬ,ПАВЛОДАР Г.А.
447268,Рыболовство и рыбоводство,false,,,,,,60400000,846,157309000,1031,8488000,994,22000000,957,2,"Сельское, лесное и рыбное хозяйство",ПАВЛОДАРСКАЯ ОБЛАСТЬ,ПАВЛОДАР Г.А.
447269,Рыболовство,false,,,,,,x,846,157309000,1031,8488000,994,22000000,957,3,Рыболовство и рыбоводство,ПАВЛОДАРСКАЯ ОБЛАСТЬ,ПАВЛОДАР Г.А.
447272,Пресноводное рыболовство,false,,,,,,x,846,157309000,1031,8488000,994,22000000,957,4,Рыболовство,ПАВЛОДАРСКАЯ ОБЛАСТЬ,ПАВЛОДАР Г.А.
447273,Пресноводное рыболовство,true,,,,,,x,846,157309000,1031,8488000,994,22000000,957,5,Пресноводное рыболовство,ПАВЛОДАРСКАЯ ОБЛАСТЬ,ПАВЛОДАР Г.А.
447274,Рыбоводство,false,,,,,,x,846,,,,,,,3,Рыболовство и рыбоводство,ПАВЛОДАРСКАЯ ОБЛАСТЬ,ПАВЛОДАР Г.А.
447277,Пресноводное рыбоводство,false,,,,,,x,846,,,,,,,4,Рыбоводство,ПАВЛОДАРСКАЯ ОБЛАСТЬ,ПАВЛОДАР Г.А.
447278,Пресноводное рыбоводство,true,,,,,,x,846,,,,,,,5,Пресноводное рыбоводство,ПАВЛОДАРСКАЯ ОБЛАСТЬ,ПАВЛОДАР Г.А.
448148,Строительство,false,,1550520000,883,1309688000,920,1478784000,846,1988899000,1031,3616254000,994,44279528000,957,1,Всего,ПАВЛОДАРСКАЯ ОБЛАСТЬ,ПАВЛОДАР Г.А.
18710963,Строительство зданий,false,,61064000,883,556626000,920,51273000,846,28151000,1031,279470000,994,5703900000,957,2,Строительство,ПАВЛОДАРСКАЯ ОБЛАСТЬ,ПАВЛОДАР Г.А.
18710964,Разработка строительных проектов,false,,,,,,,,x,1031,,,,,3,Строительство зданий,ПАВЛОДАРСКАЯ ОБЛАСТЬ,ПАВЛОДАР Г.А.
18710965,Разработка строительных проектов,false,,,,,,,,x,1031,,,,,4,Разработка строительных проектов,ПАВЛОДАРСКАЯ ОБЛАСТЬ,ПАВЛОДАР Г.А.
18710966,Разработка строительных проектов,true,,,,,,,,x,1031,,,,,5,Разработка строительных проектов,ПАВЛОДАРСКАЯ ОБЛАСТЬ,ПАВЛОДАР Г.А.
18710967,Строительство жилых и нежилых зданий,false,,61064000,883,556626000,920,51273000,846,20045000,1031,279470000,994,5703900000,957,3,Строительство зданий,ПАВЛОДАРСКАЯ ОБЛАСТЬ,ПАВЛОДАР Г.А.
18710968,Строительство жилых и нежилых зданий,false,,61064000,883,556626000,920,51273000,846,20045000,1031,279470000,994,5703900000,957,4,Строительство жилых и нежилых зданий,ПАВЛОДАРСКАЯ ОБЛАСТЬ,ПАВЛОДАР Г.А.
18710969,Строительство жилых зданий,true,,11142000,883,20527000,920,15388000,846,1633000,1031,1987000,994,5104378000,957,5,Строительство жилых и нежилых зданий,ПАВЛОДАРСКАЯ ОБЛАСТЬ,ПАВЛОДАР Г.А.
18801543,"Строительство нежилых зданий, за исключением стационарных торговых объектов категорий 1, 2",true,,49922000,883,536099000,920,35885000,846,18412000,1031,277483000,994,599522000,957,5,Строительство жилых и нежилых зданий,ПАВЛОДАРСКАЯ ОБЛАСТЬ,ПАВЛОДАР Г.А.
448157,Гражданское строительство,false,,708945000,883,397256000,920,1094034000,846,1709651000,1031,3011253000,994,1509426000,957,2,Строительство,ПАВЛОДАРСКАЯ ОБЛАСТЬ,ПАВЛОДАР Г.А.
448158,Строительство автомобильных и железных дорог,false,,605135000,883,236241000,920,477738000,846,663072000,1031,1296045000,994,1402413000,957,3,Гражданское строительство,ПАВЛОДАРСКАЯ ОБЛАСТЬ,ПАВЛОДАР Г.А.
18696143,Строительство автомобильных дорог,false,,605135000,883,236241000,920,476929000,846,663072000,1031,1296045000,994,1402413000,957,4,Строительство автомобильных и железных дорог,ПАВЛОДАРСКАЯ ОБЛАСТЬ,ПАВЛОДАР Г.А.
18946136,Строительство дорог и автомагистралей,true,,605135000,883,236241000,920,476929000,846,653337000,1031,1296045000,994,1402413000,957,5,Строительство автомобильных дорог,ПАВЛОДАРСКАЯ ОБЛАСТЬ,ПАВЛОДАР Г.А.
18946137,"Деятельность по организации строительства, реконструкции, ремонта, платного движения и содержания автомобильных дорог (участков) общего пользования международного и республиканского значения",true,,,,,,,,9735000,1031,,,,,5,Строительство автомобильных дорог,ПАВЛОДАРСКАЯ ОБЛАСТЬ,ПАВЛОДАР Г.А.
448161,Строительство железных дорог и метро,false,,,,,,x,846,,,,,,,4,Строительство автомобильных и железных дорог,ПАВЛОДАРСКАЯ ОБЛАСТЬ,ПАВЛОДАР Г.А.
448162,Строительство железных дорог и метро,true,,,,,,x,846,,,,,,,5,Строительство железных дорог и метро,ПАВЛОДАРСКАЯ ОБЛАСТЬ,ПАВЛОДАР Г.А.
448165,Строительство распределительных инженерных сооружений,false,,103810000,883,121283000,920,616296000,846,504221000,1031,78077000,994,105674000,957,3,Гражданское строительство,ПАВЛОДАРСКАЯ ОБЛАСТЬ,ПАВЛОДАР Г.А.
448166,Строительство трубопроводов,false,,43443000,883,120145000,920,602085000,846,472625000,1031,77474000,994,x,957,4,Строительство распределительных инженерных сооружений,ПАВЛОДАРСКАЯ ОБЛАСТЬ,ПАВЛОДАР Г.А.
448167,Строительство нефтяных и газовых магистральных трубопроводов,true,,,,,,,,,,16617000,994,,,5,Строительство трубопроводов,ПАВЛОДАРСКАЯ ОБЛАСТЬ,ПАВЛОДАР Г.А.
448168,Строительство трубопроводов для систем водоснабжения и канализации,true,,43443000,883,120145000,920,602085000,846,472625000,1031,60857000,994,x,957,5,Строительство трубопроводов,ПАВЛОДАРСКАЯ ОБЛАСТЬ,ПАВЛОДАР Г.А.
448170,Строительство линий электропередач и телекоммуникаций ,false,,60367000,883,1138000,920,14211000,846,31596000,1031,603000,994,31000,957,4,Строительство распределительных инженерных сооружений,ПАВЛОДАРСКАЯ ОБЛАСТЬ,ПАВЛОДАР Г.А.
448171,Строительство линий электропередач и телекоммуникаций ,true,,60367000,883,1138000,920,14211000,846,31596000,1031,603000,994,31000,957,5,Строительство линий электропередач и телекоммуникаций ,ПАВЛОДАРСКАЯ ОБЛАСТЬ,ПАВЛОДАР Г.А.
18696516,Строительство прочих инженерных сооружений,false,,,,x,920,,,542358000,1031,1637131000,994,x,957,3,Гражданское строительство,ПАВЛОДАРСКАЯ ОБЛАСТЬ,ПАВЛОДАР Г.А.
18696519,Строительство водных сооружений,false,,,,,,,,120104000,1031,,,,,4,Строительство прочих инженерных сооружений,ПАВЛОДАРСКАЯ ОБЛАСТЬ,ПАВЛОДАР Г.А.
18696520,Строительство водных сооружений,true,,,,,,,,120104000,1031,,,,,5,Строительство водных сооружений,ПАВЛОДАРСКАЯ ОБЛАСТЬ,ПАВЛОДАР Г.А.
18696517,"Строительство прочих инженерных сооружений, не включенных в другие группировки",false,,,,x,920,,,x,1031,1637131000,994,x,957,4,Строительство прочих инженерных сооружений,ПАВЛОДАРСКАЯ ОБЛАСТЬ,ПАВЛОДАР Г.А.
18696518,"Строительство прочих инженерных сооружений, не включенных в другие группировки",true,,,,x,920,,,x,1031,1637131000,994,x,957,5,"Строительство прочих инженерных сооружений, не включенных в другие группировки",ПАВЛОДАРСКАЯ ОБЛАСТЬ,ПАВЛОДАР Г.А.
448177,Специализированные строительные работы,false,,780511000,883,355806000,920,333477000,846,251097000,1031,325531000,994,37066202000,957,2,Строительство,ПАВЛОДАРСКАЯ ОБЛАСТЬ,ПАВЛОДАР Г.А.
448178,"Снос  зданий и сооружений, подготовка строительного участка",false,,65642000,883,1867000,920,91828000,846,25110000,1031,25698000,994,17000000,957,3,Специализированные строительные работы,ПАВЛОДАРСКАЯ ОБЛАСТЬ,ПАВЛОДАР Г.А.
448181,Подготовка строительного участка,false,,65642000,883,1867000,920,91828000,846,25110000,1031,25698000,994,17000000,957,4,"Снос  зданий и сооружений, подготовка строительного участка",ПАВЛОДАРСКАЯ ОБЛАСТЬ,ПАВЛОДАР Г.А.
448182,Земляные работы,true,,65642000,883,1867000,920,91828000,846,25110000,1031,25698000,994,17000000,957,5,Подготовка строительного участка,ПАВЛОДАРСКАЯ ОБЛАСТЬ,ПАВЛОДАР Г.А.
448187,"Монтаж и установка электрического, водопроводного и прочего оборудования",false,,585300000,883,92213000,920,183531000,846,198704000,1031,60792000,994,159634000,957,3,Специализированные строительные работы,ПАВЛОДАРСКАЯ ОБЛАСТЬ,ПАВЛОДАР Г.А.
448188,Электромонтажные работы,false,,7866000,883,25926000,920,10477000,846,4351000,1031,4468000,994,2433000,957,4,"Монтаж и установка электрического, водопроводного и прочего оборудования",ПАВЛОДАРСКАЯ ОБЛАСТЬ,ПАВЛОДАР Г.А.
18951434,"Электромонтажные работы по прокладке телекоммуникационных, компьютерных и телевизионных сетей",true,,,,19835000,920,,,1192000,1031,4053000,994,2433000,957,5,Электромонтажные работы,ПАВЛОДАРСКАЯ ОБЛАСТЬ,ПАВЛОДАР Г.А.
18951435,Прочие электромонтажные работы,true,,7866000,883,6091000,920,10477000,846,3159000,1031,415000,994,,,5,Электромонтажные работы,ПАВЛОДАРСКАЯ ОБЛАСТЬ,ПАВЛОДАР Г.А.
448190,"Монтаж систем водоснабжения, отопления и кондиционирования воздуха",false,,,,x,920,x,846,x,1031,12350000,994,,,4,"Монтаж и установка электрического, водопроводного и прочего оборудования",ПАВЛОДАРСКАЯ ОБЛАСТЬ,ПАВЛОДАР Г.А.
448191,"Монтаж систем водоснабжения, отопления и кондиционирования воздуха",true,,,,x,920,x,846,x,1031,12350000,994,,,5,"Монтаж систем водоснабжения, отопления и кондиционирования воздуха",ПАВЛОДАРСКАЯ ОБЛАСТЬ,ПАВЛОДАР Г.А.
448192,Прочие строительно-монтажные работы,false,,577434000,883,65721000,920,172977000,846,193950000,1031,43974000,994,157201000,957,4,"Монтаж и установка электрического, водопроводного и прочего оборудования",ПАВЛОДАРСКАЯ ОБЛАСТЬ,ПАВЛОДАР Г.А.
448194,"Прочие строительно-монтажные работы, не включенные в другие группировки",true,,577434000,883,65721000,920,172977000,846,193950000,1031,43974000,994,157201000,957,5,Прочие строительно-монтажные работы,ПАВЛОДАРСКАЯ ОБЛАСТЬ,ПАВЛОДАР Г.А.
448207,Прочие специализированные строительные работы,false,,129569000,883,261726000,920,58118000,846,27283000,1031,239041000,994,36889568000,957,3,Специализированные строительные работы,ПАВЛОДАРСКАЯ ОБЛАСТЬ,ПАВЛОДАР Г.А.
448210,"Прочие специализированные строительные работы, не включенные в другие группировки",false,,129569000,883,261726000,920,58118000,846,27283000,1031,239041000,994,36889568000,957,4,Прочие специализированные строительные работы,ПАВЛОДАРСКАЯ ОБЛАСТЬ,ПАВЛОДАР Г.А.
448214,"Прочие строительные работы, требующие специальной квалификации",true,,129569000,883,261726000,920,58118000,846,27283000,1031,239041000,994,36889568000,957,5,"Прочие специализированные строительные работы, не включенные в другие группировки",ПАВЛОДАРСКАЯ ОБЛАСТЬ,ПАВЛОДАР Г.А.
448215,Оптовая и розничная торговля; ремонт автомобилей и мотоциклов,false,,12915847000,883,12049538000,920,3745310000,846,3464264000,1031,14622509000,994,18051995000,957,1,Всего,ПАВЛОДАРСКАЯ ОБЛАСТЬ,ПАВЛОДАР Г.А.
448216,Оптовая и розничная торговля автомобилями и мотоциклами и их ремонт,false,,170776000,883,171340000,920,1235622000,846,1328071000,1031,795956000,994,521491000,957,2,Оптовая и розничная торговля; ремонт автомобилей и мотоциклов,ПАВЛОДАРСКАЯ ОБЛАСТЬ,ПАВЛОДАР Г.А.
448217,Торговля автомобилями,false,,36080000,883,130811000,920,51150000,846,534137000,1031,767258000,994,377146000,957,3,Оптовая и розничная торговля автомобилями и мотоциклами и их ремонт,ПАВЛОДАРСКАЯ ОБЛАСТЬ,ПАВЛОДАР Г.А.
448218,Торговля автомобилями и легкими автотранспортными средствами,false,,36080000,883,130811000,920,51150000,846,534137000,1031,767258000,994,377146000,957,4,Торговля автомобилями,ПАВЛОДАРСКАЯ ОБЛАСТЬ,ПАВЛОДАР Г.А.
448220,Розничная торговля автомобилями и легкими автотранспортными средствами  в торговых объектах с торговой площадью менее 2000 кв.м,true,,36080000,883,130811000,920,51150000,846,534137000,1031,767258000,994,377146000,957,5,Торговля автомобилями и легкими автотранспортными средствами,ПАВЛОДАРСКАЯ ОБЛАСТЬ,ПАВЛОДАР Г.А.
448224,Техническое обслуживание и ремонт автомобилей,false,,118502000,883,x,920,1161489000,846,716374000,1031,x,994,79043000,957,3,Оптовая и розничная торговля автомобилями и мотоциклами и их ремонт,ПАВЛОДАРСКАЯ ОБЛАСТЬ,ПАВЛОДАР Г.А.
448225,Техническое обслуживание и ремонт автомобилей,false,,118502000,883,x,920,1161489000,846,716374000,1031,x,994,79043000,957,4,Техническое обслуживание и ремонт автомобилей,ПАВЛОДАРСКАЯ ОБЛАСТЬ,ПАВЛОДАР Г.А.
448226,Техобслуживание и ремонт автотранспортных средств,true,,,,,,1161489000,846,,,,,,,5,Техническое обслуживание и ремонт автомобилей,ПАВЛОДАРСКАЯ ОБЛАСТЬ,ПАВЛОДАР Г.А.
20575904,"Техническое обслуживание и ремонт автомобилей, за исключением произведенных станциями технического обслуживания, находящимися на придорожной полосе",true,,118445000,883,x,920,,,716374000,1031,x,994,79043000,957,5,Техническое обслуживание и ремонт автомобилей,ПАВЛОДАРСКАЯ ОБЛАСТЬ,ПАВЛОДАР Г.А.
20575905,"Техническое обслуживание и ремонт автомобилей станциями технического обслуживания, находящимися на придорожной полосе ",true,,57000,883,,,,,,,,,,,5,Техническое обслуживание и ремонт автомобилей,ПАВЛОДАРСКАЯ ОБЛАСТЬ,ПАВЛОДАР Г.А.
448227,"Торговля автомобильными деталями, узлами и принадлежностями",false,,16194000,883,39302000,920,22983000,846,77560000,1031,28133000,994,65302000,957,3,Оптовая и розничная торговля автомобилями и мотоциклами и их ремонт,ПАВЛОДАРСКАЯ ОБЛАСТЬ,ПАВЛОДАР Г.А.
448228,"Оптовая торговля автомобильными деталями, узлами и принадлежностями",false,,6928000,883,4586000,920,1966000,846,13163000,1031,10573000,994,36463000,957,4,"Торговля автомобильными деталями, узлами и принадлежностями",ПАВЛОДАРСКАЯ ОБЛАСТЬ,ПАВЛОДАР Г.А.
448229,"Оптовая торговля автомобильными деталями, узлами и принадлежностями",true,,6928000,883,4586000,920,1966000,846,13163000,1031,10573000,994,36463000,957,5,"Оптовая торговля автомобильными деталями, узлами и принадлежностями",ПАВЛОДАРСКАЯ ОБЛАСТЬ,ПАВЛОДАР Г.А.
448230,"Розничная торговля автомобильными деталями, узлами и принадлежностями",false,,9266000,883,34716000,920,21017000,846,64397000,1031,17560000,994,28839000,957,4,"Торговля автомобильными деталями, узлами и принадлежностями",ПАВЛОДАРСКАЯ ОБЛАСТЬ,ПАВЛОДАР Г.А.
18951438,"Розничная торговля автомобильными деталями, узлами и принадлежностями в торговых объектах с торговой площадью менее 2000 кв.м",true,,9266000,883,34716000,920,21017000,846,64397000,1031,17560000,994,28839000,957,5,"Розничная торговля автомобильными деталями, узлами и принадлежностями",ПАВЛОДАРСКАЯ ОБЛАСТЬ,ПАВЛОДАР Г.А.
448237,"Оптовая торговля, за исключением торговли автомобилями и мотоциклами",false,,1138292000,883,8897744000,920,802320000,846,1220088000,1031,13205718000,994,15331299000,957,2,Оптовая и розничная торговля; ремонт автомобилей и мотоциклов,ПАВЛОДАРСКАЯ ОБЛАСТЬ,ПАВЛОДАР Г.А.
448257,Оптовая торговля сельскохозяйственным сырьем и живыми животными,false,,,,,,14244000,846,,,,,,,3,"Оптовая торговля, за исключением торговли автомобилями и мотоциклами",ПАВЛОДАРСКАЯ ОБЛАСТЬ,ПАВЛОДАР Г.А.
448258,"Оптовая торговля зерном, необработанным табаком, семенами и кормами для животных",false,,,,,,14244000,846,,,,,,,4,Оптовая торговля сельскохозяйственным сырьем и живыми животными,ПАВЛОДАРСКАЯ ОБЛАСТЬ,ПАВЛОДАР Г.А.
448259,"Оптовая торговля зерном, семенами и кормами для животных",true,,,,,,14244000,846,,,,,,,5,"Оптовая торговля зерном, необработанным табаком, семенами и кормами для животных",ПАВЛОДАРСКАЯ ОБЛАСТЬ,ПАВЛОДАР Г.А.
448267,"Оптовая торговля продуктами питания, напитками и табачными изделиями",false,,23328000,883,228681000,920,82547000,846,40083000,1031,23584000,994,3197141000,957,3,"Оптовая торговля, за исключением торговли автомобилями и мотоциклами",ПАВЛОДАРСКАЯ ОБЛАСТЬ,ПАВЛОДАР Г.А.
448270,Оптовая торговля мясом и мясными продуктами,false,,902000,883,55002000,920,x,846,24452000,1031,1857000,994,1187000,957,4,"Оптовая торговля продуктами питания, напитками и табачными изделиями",ПАВЛОДАРСКАЯ ОБЛАСТЬ,ПАВЛОДАР Г.А.
448271,Оптовая торговля мясом и мясными продуктами,true,,902000,883,55002000,920,x,846,24452000,1031,1857000,994,1187000,957,5,Оптовая торговля мясом и мясными продуктами,ПАВЛОДАРСКАЯ ОБЛАСТЬ,ПАВЛОДАР Г.А.
448272,"Оптовая торговля молочными продуктами, яйцами и пищевыми маслами и жирами",false,,166000,883,2042000,920,8238000,846,x,1031,x,994,3150000000,957,4,"Оптовая торговля продуктами питания, напитками и табачными изделиями",ПАВЛОДАРСКАЯ ОБЛАСТЬ,ПАВЛОДАР Г.А.
448273,"Оптовая торговля молочными продуктами, яйцами и пищевыми маслами и жирами",true,,166000,883,2042000,920,8238000,846,x,1031,x,994,3150000000,957,5,"Оптовая торговля молочными продуктами, яйцами и пищевыми маслами и жирами",ПАВЛОДАРСКАЯ ОБЛАСТЬ,ПАВЛОДАР Г.А.
448274,Оптовая торговля напитками,false,,9320000,883,73046000,920,6920000,846,,,x,994,27408000,957,4,"Оптовая торговля продуктами питания, напитками и табачными изделиями",ПАВЛОДАРСКАЯ ОБЛАСТЬ,ПАВЛОДАР Г.А.
3647932,"Оптовая торговля напитками в магазинах, являющихся торговыми объектами, с торговой площадью менее 2000 кв.м",true,,9320000,883,73046000,920,6920000,846,,,x,994,27408000,957,5,Оптовая торговля напитками,ПАВЛОДАРСКАЯ ОБЛАСТЬ,ПАВЛОДАР Г.А.
448276,Оптовая торговля табачными изделиями,false,,x,883,1031000,920,x,846,x,1031,x,994,x,957,4,"Оптовая торговля продуктами питания, напитками и табачными изделиями",ПАВЛОДАРСКАЯ ОБЛАСТЬ,ПАВЛОДАР Г.А.
448277,Оптовая торговля табачными изделиями,true,,x,883,1031000,920,x,846,x,1031,x,994,x,957,5,Оптовая торговля табачными изделиями,ПАВЛОДАРСКАЯ ОБЛАСТЬ,ПАВЛОДАР Г.А.
448278,"Оптовая торговля сахаром, шоколадом и сахаристыми кондитерскими изделиями",false,,35000,883,,,36000,846,,,,,,,4,"Оптовая торговля продуктами питания, напитками и табачными изделиями",ПАВЛОДАРСКАЯ ОБЛАСТЬ,ПАВЛОДАР Г.А.
448279,"Оптовая торговля сахаром, шоколадом и сахаристыми кондитерскими изделиями",true,,35000,883,,,36000,846,,,,,,,5,"Оптовая торговля сахаром, шоколадом и сахаристыми кондитерскими изделиями",ПАВЛОДАРСКАЯ ОБЛАСТЬ,ПАВЛОДАР Г.А.
448280,"Оптовая торговля кофе, чаем, какао и специями",false,,45000,883,,,,,,,,,,,4,"Оптовая торговля продуктами питания, напитками и табачными изделиями",ПАВЛОДАРСКАЯ ОБЛАСТЬ,ПАВЛОДАР Г.А.
448281,"Оптовая торговля кофе, чаем, какао и специями",true,,45000,883,,,,,,,,,,,5,"Оптовая торговля кофе, чаем, какао и специями",ПАВЛОДАРСКАЯ ОБЛАСТЬ,ПАВЛОДАР Г.А.
448282,"Оптовая торговля прочими продуктами питания, включая рыбу, ракообразных и моллюсков",false,,12036000,883,97560000,920,63930000,846,14924000,1031,12698000,994,18245000,957,4,"Оптовая торговля продуктами питания, напитками и табачными изделиями",ПАВЛОДАРСКАЯ ОБЛАСТЬ,ПАВЛОДАР Г.А.
448283,Оптовая торговля рыбой и рыбными продуктами,true,,x,883,x,920,x,846,x,1031,6061000,994,x,957,5,"Оптовая торговля прочими продуктами питания, включая рыбу, ракообразных и моллюсков",ПАВЛОДАРСКАЯ ОБЛАСТЬ,ПАВЛОДАР Г.А.
448284,Оптовая торговля прочими продуктами питания,true,,10553000,883,81838000,920,63508000,846,x,1031,x,994,5938000,957,5,"Оптовая торговля прочими продуктами питания, включая рыбу, ракообразных и моллюсков",ПАВЛОДАРСКАЯ ОБЛАСТЬ,ПАВЛОДАР Г.А.
448287,Оптовая торговля непродовольственными товарами потребительского назначения,false,,65338000,883,44041000,920,70290000,846,169914000,1031,490914000,994,74905000,957,3,"Оптовая торговля, за исключением торговли автомобилями и мотоциклами",ПАВЛОДАРСКАЯ ОБЛАСТЬ,ПАВЛОДАР Г.А.
448301,Оптовая торговля фармацевтическими товарами,false,,x,883,15941000,920,4606000,846,77168000,1031,87896000,994,35911000,957,4,Оптовая торговля непродовольственными товарами потребительского назначения,ПАВЛОДАРСКАЯ ОБЛАСТЬ,ПАВЛОДАР Г.А.
18946138,"Оптовая торговля фармацевтическими товарами, кроме торговли медицинской техникой и ортопедическими  изделиями",true,,x,883,15941000,920,x,846,15263000,1031,84875000,994,35911000,957,5,Оптовая торговля фармацевтическими товарами,ПАВЛОДАРСКАЯ ОБЛАСТЬ,ПАВЛОДАР Г.А.
18951440,Оптовая торговля медицинской техникой и ортопедическими  изделиями,true,,,,,,x,846,61905000,1031,x,994,,,5,Оптовая торговля фармацевтическими товарами,ПАВЛОДАРСКАЯ ОБЛАСТЬ,ПАВЛОДАР Г.А.
448307,Оптовая торговля прочими непродовольственными товарами потребительского назначения,false,,46594000,883,28100000,920,65684000,846,92746000,1031,403018000,994,38994000,957,4,Оптовая торговля непродовольственными товарами потребительского назначения,ПАВЛОДАРСКАЯ ОБЛАСТЬ,ПАВЛОДАР Г.А.
448310,"Оптовая торговля прочими непродовольственными товарами потребительского назначения, не включенными в другие группировки",true,,46594000,883,28100000,920,65684000,846,92746000,1031,403018000,994,38994000,957,5,Оптовая торговля прочими непродовольственными товарами потребительского назначения,ПАВЛОДАРСКАЯ ОБЛАСТЬ,ПАВЛОДАР Г.А.
448311,Оптовая торговля компьютерами и коммуникационным оборудованием,false,,146059000,883,9834000,920,142241000,846,8405000,1031,5628000,994,36827000,957,3,"Оптовая торговля, за исключением торговли автомобилями и мотоциклами",ПАВЛОДАРСКАЯ ОБЛАСТЬ,ПАВЛОДАР Г.А.
448312,"Оптовая торговля компьютерами, периферийным компьютерным оборудованием и программным обеспечением",false,,x,883,x,920,x,846,,,,,x,957,4,Оптовая торговля компьютерами и коммуникационным оборудованием,ПАВЛОДАРСКАЯ ОБЛАСТЬ,ПАВЛОДАР Г.А.
448313,"Оптовая торговля компьютерами, периферийным компьютерным оборудованием и программным обеспечением",true,,x,883,x,920,x,846,,,,,x,957,5,"Оптовая торговля компьютерами, периферийным компьютерным оборудованием и программным обеспечением",ПАВЛОДАРСКАЯ ОБЛАСТЬ,ПАВЛОДАР Г.А.
448314,Оптовая торговля электронным и телекоммуникационным оборудованием и их частями ,false,,x,883,x,920,9463000,846,8405000,1031,5628000,994,5038000,957,4,Оптовая торговля компьютерами и коммуникационным оборудованием,ПАВЛОДАРСКАЯ ОБЛАСТЬ,ПАВЛОДАР Г.А.
448315,Оптовая торговля электронным и телекоммуникационным оборудованием и их частями ,true,,x,883,x,920,9463000,846,8405000,1031,5628000,994,5038000,957,5,Оптовая торговля электронным и телекоммуникационным оборудованием и их частями ,ПАВЛОДАРСКАЯ ОБЛАСТЬ,ПАВЛОДАР Г.А.
448316,"Оптовая торговля прочими машинами, оборудованием и деталями и принадлежностями к ним",false,,143813000,883,1189000,920,x,846,71048000,1031,15091000,994,x,957,3,"Оптовая торговля, за исключением торговли автомобилями и мотоциклами",ПАВЛОДАРСКАЯ ОБЛАСТЬ,ПАВЛОДАР Г.А.
448317,"Оптовая торговля сельскохозяйственной техникой, оборудованием,  деталями и принадлежностями к ним",false,,x,883,x,920,x,846,35278000,1031,1391000,994,,,4,"Оптовая торговля прочими машинами, оборудованием и деталями и принадлежностями к ним",ПАВЛОДАРСКАЯ ОБЛАСТЬ,ПАВЛОДАР Г.А.
448318,"Оптовая торговля сельскохозяйственной техникой, оборудованием,  деталями и принадлежностями к ним",true,,x,883,x,920,x,846,35278000,1031,1391000,994,,,5,"Оптовая торговля сельскохозяйственной техникой, оборудованием,  деталями и принадлежностями к ним",ПАВЛОДАРСКАЯ ОБЛАСТЬ,ПАВЛОДАР Г.А.
448329,Оптовая торговля прочими машинами и оборудованием,false,,130945000,883,732000,920,,,35770000,1031,13700000,994,x,957,4,"Оптовая торговля прочими машинами, оборудованием и деталями и принадлежностями к ним",ПАВЛОДАРСКАЯ ОБЛАСТЬ,ПАВЛОДАР Г.А.
448330,Оптовая торговля прочими машинами и оборудованием,true,,130945000,883,732000,920,,,35770000,1031,13700000,994,x,957,5,Оптовая торговля прочими машинами и оборудованием,ПАВЛОДАРСКАЯ ОБЛАСТЬ,ПАВЛОДАР Г.А.
448331,Прочая специализированная оптовая торговля ,false,,52752000,883,8201749000,920,151790000,846,93664000,1031,12161789000,994,11431514000,957,3,"Оптовая торговля, за исключением торговли автомобилями и мотоциклами",ПАВЛОДАРСКАЯ ОБЛАСТЬ,ПАВЛОДАР Г.А.
448332,"Оптовая торговля твердым, жидким и газообразным топливом и подобными продуктами",false,,22456000,883,,,63463000,846,4838000,1031,11975000000,994,,,4,Прочая специализированная оптовая торговля ,ПАВЛОДАРСКАЯ ОБЛАСТЬ,ПАВЛОДАР Г.А.
448333,Оптовая торговля сырой нефтью и попутным газом,true,,,,,,,,4719000,1031,11975000000,994,,,5,"Оптовая торговля твердым, жидким и газообразным топливом и подобными продуктами",ПАВЛОДАРСКАЯ ОБЛАСТЬ,ПАВЛОДАР Г.А.
448334,Оптовая торговля природным (горючим) газом,true,,x,883,,,x,846,,,,,,,5,"Оптовая торговля твердым, жидким и газообразным топливом и подобными продуктами",ПАВЛОДАРСКАЯ ОБЛАСТЬ,ПАВЛОДАР Г.А.
448338,Оптовая торговля автомобильным бензином,true,,,,,,46194000,846,,,,,,,5,"Оптовая торговля твердым, жидким и газообразным топливом и подобными продуктами",ПАВЛОДАРСКАЯ ОБЛАСТЬ,ПАВЛОДАР Г.А.
448339,Оптовая торговля дизельным топливом,true,,238000,883,,,,,,,,,,,5,"Оптовая торговля твердым, жидким и газообразным топливом и подобными продуктами",ПАВЛОДАРСКАЯ ОБЛАСТЬ,ПАВЛОДАР Г.А.
448340,Оптовая торговля мазутом топочным,true,,,,,,x,846,,,,,,,5,"Оптовая торговля твердым, жидким и газообразным топливом и подобными продуктами",ПАВЛОДАРСКАЯ ОБЛАСТЬ,ПАВЛОДАР Г.А.
448341,Оптовая торговля прочим топливом,true,,x,883,,,,,x,1031,,,,,5,"Оптовая торговля твердым, жидким и газообразным топливом и подобными продуктами",ПАВЛОДАРСКАЯ ОБЛАСТЬ,ПАВЛОДАР Г.А.
448342,Оптовая торговля металлами и металлическими рудами,false,,,,x,920,,,,,,,36000,957,4,Прочая специализированная оптовая торговля ,ПАВЛОДАРСКАЯ ОБЛАСТЬ,ПАВЛОДАР Г.А.
448343,Оптовая торговля рудами черных и цветных металлов,true,,,,x,920,,,,,,,36000,957,5,Оптовая торговля металлами и металлическими рудами,ПАВЛОДАРСКАЯ ОБЛАСТЬ,ПАВЛОДАР Г.А.
448347,"Оптовая торговля лесоматериалами, строительными материалами и санитарно-техническим оборудованием",false,,,,,,1684000,846,,,x,994,,,4,Прочая специализированная оптовая торговля ,ПАВЛОДАРСКАЯ ОБЛАСТЬ,ПАВЛОДАР Г.А.
448349,"Оптовая торговля цементом, песком и гравием",true,,,,,,,,,,x,994,,,5,"Оптовая торговля лесоматериалами, строительными материалами и санитарно-техническим оборудованием",ПАВЛОДАРСКАЯ ОБЛАСТЬ,ПАВЛОДАР Г.А.
448351,"Оптовая торговля лакокрасочной продукцией, обоями и напольными покрытиями",true,,,,,,1684000,846,,,,,,,5,"Оптовая торговля лесоматериалами, строительными материалами и санитарно-техническим оборудованием",ПАВЛОДАРСКАЯ ОБЛАСТЬ,ПАВЛОДАР Г.А.
448356,"Оптовая торговля скобяными изделиями, водопроводным и отопительным оборудованием и  инвентарем",false,,3017000,883,6710000,920,x,846,62891000,1031,117552000,994,226061000,957,4,Прочая специализированная оптовая торговля ,ПАВЛОДАРСКАЯ ОБЛАСТЬ,ПАВЛОДАР Г.А.
448357,"Оптовая торговля скобяными изделиями, водопроводным и отопительным оборудованием и  инвентарем",true,,3017000,883,6710000,920,x,846,62891000,1031,117552000,994,226061000,957,5,"Оптовая торговля скобяными изделиями, водопроводным и отопительным оборудованием и  инвентарем",ПАВЛОДАРСКАЯ ОБЛАСТЬ,ПАВЛОДАР Г.А.
448358,Оптовая торговля химической продукцией,false,,x,883,9826000,920,x,846,x,1031,51926000,994,x,957,4,Прочая специализированная оптовая торговля ,ПАВЛОДАРСКАЯ ОБЛАСТЬ,ПАВЛОДАР Г.А.
448359,Оптовая торговля химическими веществами и химическими продуктами,true,,x,883,x,920,x,846,,,3885000,994,,,5,Оптовая торговля химической продукцией,ПАВЛОДАРСКАЯ ОБЛАСТЬ,ПАВЛОДАР Г.А.
448362,Оптовая торговля пестицидами и прочими агрохимическими продуктами,true,,,,3914000,920,,,x,1031,x,994,x,957,5,Оптовая торговля химической продукцией,ПАВЛОДАРСКАЯ ОБЛАСТЬ,ПАВЛОДАР Г.А.
448363,Оптовая торговля прочими промежуточными продуктами,false,,,,x,920,,,,,,,11200000000,957,4,Прочая специализированная оптовая торговля ,ПАВЛОДАРСКАЯ ОБЛАСТЬ,ПАВЛОДАР Г.А.
448365,Оптовая торговля прочими промежуточными продуктами,true,,,,x,920,,,,,,,11200000000,957,5,Оптовая торговля прочими промежуточными продуктами,ПАВЛОДАРСКАЯ ОБЛАСТЬ,ПАВЛОДАР Г.А.
448367,Оптовая торговля отходами и ломом,false,,27276000,883,35155000,920,64146000,846,8579000,1031,16954000,994,1965000,957,4,Прочая специализированная оптовая торговля ,ПАВЛОДАРСКАЯ ОБЛАСТЬ,ПАВЛОДАР Г.А.
448368,Оптовая торговля ломом и отходами черных и цветных металлов,true,,27276000,883,28068000,920,5241000,846,8579000,1031,16954000,994,1965000,957,5,Оптовая торговля отходами и ломом,ПАВЛОДАРСКАЯ ОБЛАСТЬ,ПАВЛОДАР Г.А.
448370,Оптовая торговля прочими неметаллическими отходами и неметаллическим ломом,true,,,,7087000,920,x,846,,,,,,,5,Оптовая торговля отходами и ломом,ПАВЛОДАРСКАЯ ОБЛАСТЬ,ПАВЛОДАР Г.А.
448371,Неспециализированная оптовая торговля,false,,707002000,883,412250000,920,315776000,846,836974000,1031,508712000,994,590106000,957,3,"Оптовая торговля, за исключением торговли автомобилями и мотоциклами",ПАВЛОДАРСКАЯ ОБЛАСТЬ,ПАВЛОДАР Г.А.
448372,Неспециализированная оптовая торговля,false,,707002000,883,412250000,920,315776000,846,836974000,1031,508712000,994,590106000,957,4,Неспециализированная оптовая торговля,ПАВЛОДАРСКАЯ ОБЛАСТЬ,ПАВЛОДАР Г.А.
448375,"Специализированная оптовая торговля товарами, не включенными в другие группировки",true,,,,x,920,x,846,x,1031,21263000,994,x,957,5,Неспециализированная оптовая торговля,ПАВЛОДАРСКАЯ ОБЛАСТЬ,ПАВЛОДАР Г.А.
448376,Оптовая торговля широким ассортиментом товаров без какой-либо конкретизации,true,,707002000,883,411617000,920,305348000,846,827462000,1031,487449000,994,589461000,957,5,Неспециализированная оптовая торговля,ПАВЛОДАРСКАЯ ОБЛАСТЬ,ПАВЛОДАР Г.А.
448377,"Розничная торговля, кроме торговли автомобилями и мотоциклами",false,,11606779000,883,2980454000,920,1707368000,846,916105000,1031,620835000,994,2199205000,957,2,Оптовая и розничная торговля; ремонт автомобилей и мотоциклов,ПАВЛОДАРСКАЯ ОБЛАСТЬ,ПАВЛОДАР Г.А.
448378,Розничная торговля в неспециализированных магазинах,false,,279742000,883,82288000,920,237646000,846,312999000,1031,202666000,994,1336544000,957,3,"Розничная торговля, кроме торговли автомобилями и мотоциклами",ПАВЛОДАРСКАЯ ОБЛАСТЬ,ПАВЛОДАР Г.А.
448379,"Розничная торговля в неспециализированных магазинах преимущественно продуктами питания, напитками и табачными изделиями",false,,108858000,883,82288000,920,162504000,846,208999000,1031,195143000,994,1123225000,957,4,Розничная торговля в неспециализированных магазинах,ПАВЛОДАРСКАЯ ОБЛАСТЬ,ПАВЛОДАР Г.А.
3647934,"Розничная торговля преимущественно продуктами питания, напитками и табачными изделиями в неспециализированных магазинах, являющихся торговыми объектами, с торговой площадью менее 2000 кв.м ",true,,108858000,883,82288000,920,162504000,846,208999000,1031,195143000,994,1123225000,957,5,"Розничная торговля в неспециализированных магазинах преимущественно продуктами питания, напитками и табачными изделиями",ПАВЛОДАРСКАЯ ОБЛАСТЬ,ПАВЛОДАР Г.А.
448381,Прочая розничная торговля в неспециализированных магазинах,false,,170884000,883,,,75142000,846,104000000,1031,7523000,994,213319000,957,4,Розничная торговля в неспециализированных магазинах,ПАВЛОДАРСКАЯ ОБЛАСТЬ,ПАВЛОДАР Г.А.
3647936,"Прочая розничная торговля в неспециализированных магазинах, являющихся торговыми объектами, с торговой площадью менее 2000 кв.м ",true,,170884000,883,,,75142000,846,104000000,1031,7523000,994,x,957,5,Прочая розничная торговля в неспециализированных магазинах,ПАВЛОДАРСКАЯ ОБЛАСТЬ,ПАВЛОДАР Г.А.
3647937,"Прочая розничная торговля в неспециализированных магазинах, являющихся торговыми объектами, с торговой площадью более 2000 кв.м (2000 кв.м и выше)",true,,,,,,,,,,,,212968000,957,5,Прочая розничная торговля в неспециализированных магазинах,ПАВЛОДАРСКАЯ ОБЛАСТЬ,ПАВЛОДАР Г.А.
448383,"Розничная торговля продуктами питания, напитками и табачными изделиями в специализированных магазинах",false,,1961096000,883,26972000,920,670452000,846,140784000,1031,167547000,994,217002000,957,3,"Розничная торговля, кроме торговли автомобилями и мотоциклами",ПАВЛОДАРСКАЯ ОБЛАСТЬ,ПАВЛОДАР Г.А.
448384,Розничная торговля фруктами и овощами в специализированных магазинах,false,,,,,,x,846,,,,,,,4,"Розничная торговля продуктами питания, напитками и табачными изделиями в специализированных магазинах",ПАВЛОДАРСКАЯ ОБЛАСТЬ,ПАВЛОДАР Г.А.
3647938,"Розничная торговля фруктами и овощами в специализированных магазинах, являющихся торговыми объектами, с торговой площадью менее 2000 кв.м",true,,,,,,x,846,,,,,,,5,Розничная торговля фруктами и овощами в специализированных магазинах,ПАВЛОДАРСКАЯ ОБЛАСТЬ,ПАВЛОДАР Г.А.
448397,Прочая розничная торговля продуктами питания в специализированных магазинах,false,,1961096000,883,26972000,920,670052000,846,140784000,1031,167547000,994,217002000,957,4,"Розничная торговля продуктами питания, напитками и табачными изделиями в специализированных магазинах",ПАВЛОДАРСКАЯ ОБЛАСТЬ,ПАВЛОДАР Г.А.
3647950,"Прочая розничная торговля продуктами питания в специализированных магазинах, являющихся торговыми объектами, с торговой площадью менее 2000 кв.м",true,,15187000,883,14617000,920,22999000,846,115736000,1031,34479000,994,71037000,957,5,Прочая розничная торговля продуктами питания в специализированных магазинах,ПАВЛОДАРСКАЯ ОБЛАСТЬ,ПАВЛОДАР Г.А.
3647951,"Прочая розничная торговля продуктами питания в специализированных магазинах, являющихся торговыми объектами, с торговой площадью более 2000 кв.м (2000 кв.м и выше)",true,,x,883,x,920,x,846,x,1031,x,994,x,957,5,Прочая розничная торговля продуктами питания в специализированных магазинах,ПАВЛОДАРСКАЯ ОБЛАСТЬ,ПАВЛОДАР Г.А.
448399,Розничная торговля топливом в специализированных магазинах,false,,286999000,883,439574000,920,95859000,846,394413000,1031,104215000,994,352903000,957,3,"Розничная торговля, кроме торговли автомобилями и мотоциклами",ПАВЛОДАРСКАЯ ОБЛАСТЬ,ПАВЛОДАР Г.А.
448400,Розничная торговля топливом в специализированных магазинах,false,,286999000,883,439574000,920,95859000,846,394413000,1031,104215000,994,352903000,957,4,Розничная торговля топливом в специализированных магазинах,ПАВЛОДАРСКАЯ ОБЛАСТЬ,ПАВЛОДАР Г.А.
20576124,"Розничная торговля моторным топливом в специализированных магазинах, за исключением находящихся на придорожной полосе",true,,20531000,883,185689000,920,,,394413000,1031,103922000,994,352903000,957,5,Розничная торговля топливом в специализированных магазинах,ПАВЛОДАРСКАЯ ОБЛАСТЬ,ПАВЛОДАР Г.А.
18951442,Розничная торговля моторным топливом в специализированных магазинах,true,,,,,,95859000,846,,,,,,,5,Розничная торговля топливом в специализированных магазинах,ПАВЛОДАРСКАЯ ОБЛАСТЬ,ПАВЛОДАР Г.А.
18951443,Розничная торговля смазочными материалами в специализированных магазинах,true,,,,3835000,920,,,,,293000,994,,,5,Розничная торговля топливом в специализированных магазинах,ПАВЛОДАРСКАЯ ОБЛАСТЬ,ПАВЛОДАР Г.А.
20576126,"Розничная торговля моторным топливом в специализированных магазинах, находящихся на придорожной полосе",true,,266468000,883,250050000,920,,,,,,,,,5,Розничная торговля топливом в специализированных магазинах,ПАВЛОДАРСКАЯ ОБЛАСТЬ,ПАВЛОДАР Г.А.
448402,Розничная торговля компьютерами и коммуникационным оборудованием в специализированных магазинах,false,,9509000,883,5000000,920,2466000,846,2440000,1031,1839000,994,2854000,957,3,"Розничная торговля, кроме торговли автомобилями и мотоциклами",ПАВЛОДАРСКАЯ ОБЛАСТЬ,ПАВЛОДАР Г.А.
448403,"Розничная торговля компьютерами, периферийным оборудованием и программным обеспечением в специализированных магазинах",false,,9509000,883,5000000,920,2466000,846,2440000,1031,1839000,994,2854000,957,4,Розничная торговля компьютерами и коммуникационным оборудованием в специализированных магазинах,ПАВЛОДАРСКАЯ ОБЛАСТЬ,ПАВЛОДАР Г.А.
3647952,"Розничная торговля компьютерами, периферийным оборудованием и программным обеспечением в специализированных магазинах, являющихся торговыми объектами, с торговой площадью менее 2000 кв.м",true,,9509000,883,5000000,920,2466000,846,2440000,1031,1839000,994,2854000,957,5,"Розничная торговля компьютерами, периферийным оборудованием и программным обеспечением в специализированных магазинах",ПАВЛОДАРСКАЯ ОБЛАСТЬ,ПАВЛОДАР Г.А.
448409,Розничная торговля прочими бытовыми товарами в специализированных магазинах ,false,,145053000,883,2305318000,920,152546000,846,29665000,1031,84139000,994,88323000,957,3,"Розничная торговля, кроме торговли автомобилями и мотоциклами",ПАВЛОДАРСКАЯ ОБЛАСТЬ,ПАВЛОДАР Г.А.
448410,Розничная торговля текстильными изделиями в специализированных магазинах,false,,x,883,,,,,,,,,,,4,Розничная торговля прочими бытовыми товарами в специализированных магазинах ,ПАВЛОДАРСКАЯ ОБЛАСТЬ,ПАВЛОДАР Г.А.
3647958,"Розничная торговля текстильными изделиями в специализированных магазинах, являющихся торговыми объектами, с торговой площадью менее 2000 кв.м",true,,x,883,,,,,,,,,,,5,Розничная торговля текстильными изделиями в специализированных магазинах,ПАВЛОДАРСКАЯ ОБЛАСТЬ,ПАВЛОДАР Г.А.
448412,"Розничная торговля скобяными изделиями, лакокрасочными материалами и стеклом в специализированных магазинах",false,,4070000,883,32920000,920,x,846,23338000,1031,11369000,994,37102000,957,4,Розничная торговля прочими бытовыми товарами в специализированных магазинах ,ПАВЛОДАРСКАЯ ОБЛАСТЬ,ПАВЛОДАР Г.А.
18946140,"Розничная торговля скобяными изделиями, лакокрасочными материалами и стеклом в специализированных магазинах, являющихся торговыми объектами, с торговой площадью менее 2000 кв.м",true,,x,883,x,920,x,846,x,1031,x,994,4053000,957,5,"Розничная торговля скобяными изделиями, лакокрасочными материалами и стеклом в специализированных магазинах",ПАВЛОДАРСКАЯ ОБЛАСТЬ,ПАВЛОДАР Г.А.
18946141,"Розничная торговля скобяными изделиями, лакокрасочными материалами и стеклом в специализированных магазинах, являющихся  торговыми объектами, с торговой площадью более 2000 кв.м (2000 кв.м и выше)",true,,x,883,x,920,,,x,1031,x,994,x,957,5,"Розничная торговля скобяными изделиями, лакокрасочными материалами и стеклом в специализированных магазинах",ПАВЛОДАРСКАЯ ОБЛАСТЬ,ПАВЛОДАР Г.А.
448416,Розничная торговля электрическими бытовыми приборами в специализированных магазинах,false,,66738000,883,2264072000,920,152241000,846,x,1031,72722000,994,31191000,957,4,Розничная торговля прочими бытовыми товарами в специализированных магазинах ,ПАВЛОДАРСКАЯ ОБЛАСТЬ,ПАВЛОДАР Г.А.
3647962,"Розничная торговля электрическими бытовыми приборами в специализированных магазинах, являющихся торговыми объектами, с торговой площадью менее 2000 кв.м",true,,66738000,883,2264072000,920,152241000,846,x,1031,72722000,994,31191000,957,5,Розничная торговля электрическими бытовыми приборами в специализированных магазинах,ПАВЛОДАРСКАЯ ОБЛАСТЬ,ПАВЛОДАР Г.А.
448418,"Розничная торговля мебелью, осветительным оборудованием и прочими бытовыми товарами в специализированных магазинах",false,,1396000,883,8326000,920,,,1082000,1031,48000,994,20030000,957,4,Розничная торговля прочими бытовыми товарами в специализированных магазинах ,ПАВЛОДАРСКАЯ ОБЛАСТЬ,ПАВЛОДАР Г.А.
448419,"Розничная торговля мебелью в специализированных магазинах, являющихся торговыми объектами, с торговой площадью менее 2000 кв.м",true,,,,,,,,x,1031,,,,,5,"Розничная торговля мебелью, осветительным оборудованием и прочими бытовыми товарами в специализированных магазинах",ПАВЛОДАРСКАЯ ОБЛАСТЬ,ПАВЛОДАР Г.А.
448421,"Розничная торговля осветительными приборами и бытовыми товарами, не включенными в другие группировки, в специализированных магазинах, являющихся торговыми объектами, с торговой площадью менее 2000 кв.м",true,,1396000,883,8326000,920,,,584000,1031,48000,994,20030000,957,5,"Розничная торговля мебелью, осветительным оборудованием и прочими бытовыми товарами в специализированных магазинах",ПАВЛОДАРСКАЯ ОБЛАСТЬ,ПАВЛОДАР Г.А.
448422,Розничная торговля товарами культурно-развлекательного характера в специализированных магазинах,false,,253000,883,,,2381000,846,x,1031,,,,,3,"Розничная торговля, кроме торговли автомобилями и мотоциклами",ПАВЛОДАРСКАЯ ОБЛАСТЬ,ПАВЛОДАР Г.А.
448423,Розничная торговля книгами в специализированных магазинах,false,,,,,,,,x,1031,,,,,4,Розничная торговля товарами культурно-развлекательного характера в специализированных магазинах,ПАВЛОДАРСКАЯ ОБЛАСТЬ,ПАВЛОДАР Г.А.
3647967,"Розничная торговля книгами в специализированных магазинах, являющихся торговыми объектами, с торговой площадью менее 2000 кв.м",true,,,,,,,,x,1031,,,,,5,Розничная торговля книгами в специализированных магазинах,ПАВЛОДАРСКАЯ ОБЛАСТЬ,ПАВЛОДАР Г.А.
448425,"Розничная торговля газетами, журналами и канцелярскими товарами в специализированных магазинах ",false,,x,883,,,2021000,846,,,,,,,4,Розничная торговля товарами культурно-развлекательного характера в специализированных магазинах,ПАВЛОДАРСКАЯ ОБЛАСТЬ,ПАВЛОДАР Г.А.
3647969,"Розничная торговля газетами, журналами и канцелярскими товарами в специализированных магазинах, являющихся торговыми объектами, с торговой площадью менее 2000 кв.м",true,,x,883,,,2021000,846,,,,,,,5,"Розничная торговля газетами, журналами и канцелярскими товарами в специализированных магазинах ",ПАВЛОДАРСКАЯ ОБЛАСТЬ,ПАВЛОДАР Г.А.
448431,Розничная торговля играми и игрушками в специализированных магазинах,false,,84000,883,,,x,846,,,,,,,4,Розничная торговля товарами культурно-развлекательного характера в специализированных магазинах,ПАВЛОДАРСКАЯ ОБЛАСТЬ,ПАВЛОДАР Г.А.
3647975,"Розничная торговля играми и игрушками в специализированных магазинах, являющихся торговыми объектами, с торговой площадью менее 2000 кв.м",true,,84000,883,,,x,846,,,,,,,5,Розничная торговля играми и игрушками в специализированных магазинах,ПАВЛОДАРСКАЯ ОБЛАСТЬ,ПАВЛОДАР Г.А.
448433,Розничная торговля прочими товарами в специализированных магазинах,false,,81919000,883,120174000,920,441187000,846,16370000,1031,55191000,994,166004000,957,3,"Розничная торговля, кроме торговли автомобилями и мотоциклами",ПАВЛОДАРСКАЯ ОБЛАСТЬ,ПАВЛОДАР Г.А.
448434,Розничная торговля одеждой в специализированных магазинах,false,,x,883,,,,,,,,,x,957,4,Розничная торговля прочими товарами в специализированных магазинах,ПАВЛОДАРСКАЯ ОБЛАСТЬ,ПАВЛОДАР Г.А.
448435,"Розничная торговля трикотажными и чулочно-носочными изделиями в специализированных магазинах, являющихся торговыми объектами, с торговой площадью менее 2000 кв.м",true,,,,,,,,,,,,x,957,5,Розничная торговля одеждой в специализированных магазинах,ПАВЛОДАРСКАЯ ОБЛАСТЬ,ПАВЛОДАР Г.А.
448436,"Розничная торговля одеждой, кроме трикотажных и чулочно-носочных изделий, в специализированных магазинах, являющихся торговыми объектами, с торговой площадью менее 2000 кв.м",true,,x,883,,,,,,,,,,,5,Розничная торговля одеждой в специализированных магазинах,ПАВЛОДАРСКАЯ ОБЛАСТЬ,ПАВЛОДАР Г.А.
448437,Розничная торговля обувью и кожаными изделиями в специализированных магазинах,false,,,,x,920,,,3559000,1031,x,994,x,957,4,Розничная торговля прочими товарами в специализированных магазинах,ПАВЛОДАРСКАЯ ОБЛАСТЬ,ПАВЛОДАР Г.А.
448438,"Розничная торговля обувью в специализированных магазинах, являющихся торговыми объектами, с торговой площадью менее 2000 кв.м",true,,,,x,920,,,3559000,1031,x,994,x,957,5,Розничная торговля обувью и кожаными изделиями в специализированных магазинах,ПАВЛОДАРСКАЯ ОБЛАСТЬ,ПАВЛОДАР Г.А.
448440,Розничная торговля фармацевтическими товарами в специализированных магазинах,false,,19160000,883,103215000,920,34629000,846,4021000,1031,44995000,994,153114000,957,4,Розничная торговля прочими товарами в специализированных магазинах,ПАВЛОДАРСКАЯ ОБЛАСТЬ,ПАВЛОДАР Г.А.
3647981,"Розничная торговля фармацевтическими товарами в специализированных магазинах, являющихся торговыми объектами, с торговой площадью менее 2000 кв.м",true,,19160000,883,103215000,920,34629000,846,4021000,1031,44995000,994,153114000,957,5,Розничная торговля фармацевтическими товарами в специализированных магазинах,ПАВЛОДАРСКАЯ ОБЛАСТЬ,ПАВЛОДАР Г.А.
448442,Розничная торговля медицинскими и ортопедическими товарами в специализированных магазинах,false,,,,x,920,,,,,,,,,4,Розничная торговля прочими товарами в специализированных магазинах,ПАВЛОДАРСКАЯ ОБЛАСТЬ,ПАВЛОДАР Г.А.
3647983,"Розничная торговля медицинскими и ортопедическими товарами в специализированных магазинах, являющихся торговыми объектами, с торговой площадью менее 2000 кв.м",true,,,,x,920,,,,,,,,,5,Розничная торговля медицинскими и ортопедическими товарами в специализированных магазинах,ПАВЛОДАРСКАЯ ОБЛАСТЬ,ПАВЛОДАР Г.А.
448446,"Розничная торговля цветами, комнатными растениями, семенами, удобрениями, домашними животными и кормами для домашних животных в специализированных магазинах",false,,,,,,20000,846,,,,,,,4,Розничная торговля прочими товарами в специализированных магазинах,ПАВЛОДАРСКАЯ ОБЛАСТЬ,ПАВЛОДАР Г.А.
448447,"Розничная торговля цветами в специализированных магазинах, являющихся торговыми объектами, с торговой площадью менее 2000 кв.м",true,,,,,,20000,846,,,,,,,5,"Розничная торговля цветами, комнатными растениями, семенами, удобрениями, домашними животными и кормами для домашних животных в специализированных магазинах",ПАВЛОДАРСКАЯ ОБЛАСТЬ,ПАВЛОДАР Г.А.
448452,Прочая розничная торговля новыми товарами в специализированных магазинах,false,,x,883,x,920,406538000,846,x,1031,6310000,994,x,957,4,Розничная торговля прочими товарами в специализированных магазинах,ПАВЛОДАРСКАЯ ОБЛАСТЬ,ПАВЛОДАР Г.А.
3648273,"Прочая розничная торговля в специализированных магазинах, являющихся торговыми объектами, с торговой площадью более 2000 кв.м (2000 кв.м и выше)",true,,,,,,x,846,,,,,,,5,Прочая розничная торговля новыми товарами в специализированных магазинах,ПАВЛОДАРСКАЯ ОБЛАСТЬ,ПАВЛОДАР Г.А.
448455,"Прочая розничная торговля в специализированных магазинах, являющихся торговыми объектами, с торговой площадью менее 2000 кв.м",true,,x,883,x,920,x,846,x,1031,6310000,994,x,957,5,Прочая розничная торговля новыми товарами в специализированных магазинах,ПАВЛОДАРСКАЯ ОБЛАСТЬ,ПАВЛОДАР Г.А.
448458,"Розничная торговля в палатках, киосках и на рынках",false,,,,,,x,846,,,,,,,3,"Розничная торговля, кроме торговли автомобилями и мотоциклами",ПАВЛОДАРСКАЯ ОБЛАСТЬ,ПАВЛОДАР Г.А.
448459,"Розничная торговля продуктами питания, напитками и табачными изделиями в торговых палатках, киосках и на рынках",false,,,,,,x,846,,,,,,,4,"Розничная торговля в палатках, киосках и на рынках",ПАВЛОДАРСКАЯ ОБЛАСТЬ,ПАВЛОДАР Г.А.
448460,"Розничная торговля продуктами питания, напитками и табачными изделиями в торговых палатках, ларьках и киосках",true,,,,,,x,846,,,,,,,5,"Розничная торговля продуктами питания, напитками и табачными изделиями в торговых палатках, киосках и на рынках",ПАВЛОДАРСКАЯ ОБЛАСТЬ,ПАВЛОДАР Г.А.
448468,"Розничная торговля вне магазинов, палаток, киосков или рынков",false,,8842208000,883,1128000,920,56666000,846,19279000,1031,x,994,35575000,957,3,"Розничная торговля, кроме торговли автомобилями и мотоциклами",ПАВЛОДАРСКАЯ ОБЛАСТЬ,ПАВЛОДАР Г.А.
448471,"Прочая розничная торговля вне магазинов, палаток, киосков или рынков",false,,8842208000,883,1128000,920,56666000,846,19279000,1031,x,994,35575000,957,4,"Розничная торговля вне магазинов, палаток, киосков или рынков",ПАВЛОДАРСКАЯ ОБЛАСТЬ,ПАВЛОДАР Г.А.
448472,Развозная и разносная розничная торговля,true,,,,,,,,,,,,x,957,5,"Прочая розничная торговля вне магазинов, палаток, киосков или рынков",ПАВЛОДАРСКАЯ ОБЛАСТЬ,ПАВЛОДАР Г.А.
448474,Прочая розничная торговля вне магазинов,true,,8842208000,883,1128000,920,56666000,846,19279000,1031,x,994,24820000,957,5,"Прочая розничная торговля вне магазинов, палаток, киосков или рынков",ПАВЛОДАРСКАЯ ОБЛАСТЬ,ПАВЛОДАР Г.А.
448475,Транспорт и складирование,false,,4932831000,883,6000269000,920,10811003000,846,31671136000,1031,15253973000,994,6801614000,957,1,Всего,ПАВЛОДАРСКАЯ ОБЛАСТЬ,ПАВЛОДАР Г.А.
448476,Деятельность сухопутного и трубопроводного транспорта ,false,,2940906000,883,1669177000,920,6207573000,846,6284932000,1031,11882102000,994,2509251000,957,2,Транспорт и складирование,ПАВЛОДАРСКАЯ ОБЛАСТЬ,ПАВЛОДАР Г.А.
448477,Деятельность пассажирского железнодорожного транспорта в междугородном сообщении,false,,351969000,883,50859000,920,860723000,846,425186000,1031,1385823000,994,,,3,Деятельность сухопутного и трубопроводного транспорта ,ПАВЛОДАРСКАЯ ОБЛАСТЬ,ПАВЛОДАР Г.А.
448478,Деятельность пассажирского железнодорожного транспорта в междугородном сообщении,false,,351969000,883,50859000,920,860723000,846,425186000,1031,1385823000,994,,,4,Деятельность пассажирского железнодорожного транспорта в междугородном сообщении,ПАВЛОДАРСКАЯ ОБЛАСТЬ,ПАВЛОДАР Г.А.
448479,Деятельность пассажирского железнодорожного транспорта в междугородном сообщении,true,,351969000,883,50859000,920,860723000,846,425186000,1031,1385823000,994,,,5,Деятельность пассажирского железнодорожного транспорта в междугородном сообщении,ПАВЛОДАРСКАЯ ОБЛАСТЬ,ПАВЛОДАР Г.А.
448480,Деятельность грузового железнодорожного транспорта,false,,79581000,883,81926000,920,57060000,846,316728000,1031,29867000,994,57998000,957,3,Деятельность сухопутного и трубопроводного транспорта ,ПАВЛОДАРСКАЯ ОБЛАСТЬ,ПАВЛОДАР Г.А.
448481,Деятельность грузового железнодорожного транспорта,false,,79581000,883,81926000,920,57060000,846,316728000,1031,29867000,994,57998000,957,4,Деятельность грузового железнодорожного транспорта,ПАВЛОДАРСКАЯ ОБЛАСТЬ,ПАВЛОДАР Г.А.
448482,Деятельность грузового железнодорожного транспорта,true,,79581000,883,81926000,920,57060000,846,316728000,1031,29867000,994,57998000,957,5,Деятельность грузового железнодорожного транспорта,ПАВЛОДАРСКАЯ ОБЛАСТЬ,ПАВЛОДАР Г.А.
448483,Деятельность прочего пассажирского сухопутного транспорта,false,,324053000,883,250659000,920,4271334000,846,3930056000,1031,8698858000,994,1111774000,957,3,Деятельность сухопутного и трубопроводного транспорта ,ПАВЛОДАРСКАЯ ОБЛАСТЬ,ПАВЛОДАР Г.А.
448484,Деятельность сухопутного транспорта по городским и пригородным пассажирским перевозкам,false,,261701000,883,185174000,920,4251704000,846,2892740000,1031,8152138000,994,1055090000,957,4,Деятельность прочего пассажирского сухопутного транспорта,ПАВЛОДАРСКАЯ ОБЛАСТЬ,ПАВЛОДАР Г.А.
448485,Перевозки автобусами,true,,574000,883,376000,920,2314229000,846,2824123000,1031,8124125000,994,1002651000,957,5,Деятельность сухопутного транспорта по городским и пригородным пассажирским перевозкам,ПАВЛОДАРСКАЯ ОБЛАСТЬ,ПАВЛОДАР Г.А.
448486,Перевозки трамваями,true,,261127000,883,x,920,1937475000,846,68617000,1031,x,994,x,957,5,Деятельность сухопутного транспорта по городским и пригородным пассажирским перевозкам,ПАВЛОДАРСКАЯ ОБЛАСТЬ,ПАВЛОДАР Г.А.
448490,Деятельность такси,false,,x,883,x,920,x,846,,,,,x,957,4,Деятельность прочего пассажирского сухопутного транспорта,ПАВЛОДАРСКАЯ ОБЛАСТЬ,ПАВЛОДАР Г.А.
448491,Деятельность такси,true,,x,883,x,920,x,846,,,,,x,957,5,Деятельность такси,ПАВЛОДАРСКАЯ ОБЛАСТЬ,ПАВЛОДАР Г.А.
448492,"Деятельность прочего пассажирского сухопутного транспорта, не включенного в другие группировки",false,,x,883,x,920,x,846,x,1031,x,994,x,957,4,Деятельность прочего пассажирского сухопутного транспорта,ПАВЛОДАРСКАЯ ОБЛАСТЬ,ПАВЛОДАР Г.А.
448493,"Деятельность прочего пассажирского сухопутного транспорта, не включенного в другие группировки",true,,x,883,x,920,x,846,x,1031,x,994,x,957,5,"Деятельность прочего пассажирского сухопутного транспорта, не включенного в другие группировки",ПАВЛОДАРСКАЯ ОБЛАСТЬ,ПАВЛОДАР Г.А.
448494,Деятельность грузового автомобильного транспорта и предоставление услуг по переезду ,false,,239991000,883,336553000,920,190771000,846,346377000,1031,644665000,994,287511000,957,3,Деятельность сухопутного и трубопроводного транспорта ,ПАВЛОДАРСКАЯ ОБЛАСТЬ,ПАВЛОДАР Г.А.
448495,Деятельность грузового автомобильного транспорта,false,,234141000,883,237770000,920,190771000,846,255598000,1031,595116000,994,258172000,957,4,Деятельность грузового автомобильного транспорта и предоставление услуг по переезду ,ПАВЛОДАРСКАЯ ОБЛАСТЬ,ПАВЛОДАР Г.А.
448496,Деятельность грузового автомобильного транспорта,true,,234141000,883,237770000,920,190771000,846,255598000,1031,595116000,994,258172000,957,5,Деятельность грузового автомобильного транспорта,ПАВЛОДАРСКАЯ ОБЛАСТЬ,ПАВЛОДАР Г.А.
448497,Предоставление услуг по переезду,false,,x,883,x,920,,,x,1031,49549000,994,x,957,4,Деятельность грузового автомобильного транспорта и предоставление услуг по переезду ,ПАВЛОДАРСКАЯ ОБЛАСТЬ,ПАВЛОДАР Г.А.
448498,Предоставление услуг по переезду,true,,x,883,x,920,,,x,1031,49549000,994,x,957,5,Предоставление услуг по переезду,ПАВЛОДАРСКАЯ ОБЛАСТЬ,ПАВЛОДАР Г.А.
448499,Деятельность трубопроводного транспорта,false,,x,883,949180000,920,x,846,x,1031,1122889000,994,x,957,3,Деятельность сухопутного и трубопроводного транспорта ,ПАВЛОДАРСКАЯ ОБЛАСТЬ,ПАВЛОДАР Г.А.
448500,Деятельность трубопроводного транспорта,false,,x,883,949180000,920,x,846,x,1031,1122889000,994,x,957,4,Деятельность трубопроводного транспорта,ПАВЛОДАРСКАЯ ОБЛАСТЬ,ПАВЛОДАР Г.А.
448501,Деятельность трубопроводного транспорта,true,,x,883,949180000,920,x,846,x,1031,1122889000,994,x,957,5,Деятельность трубопроводного транспорта,ПАВЛОДАРСКАЯ ОБЛАСТЬ,ПАВЛОДАР Г.А.
448502,Деятельность водного транспорта,false,,141596000,883,,,132405000,846,,,x,994,,,2,Транспорт и складирование,ПАВЛОДАРСКАЯ ОБЛАСТЬ,ПАВЛОДАР Г.А.
448512,Деятельность речного грузового транспорта,false,,141596000,883,,,132405000,846,,,x,994,,,3,Деятельность водного транспорта,ПАВЛОДАРСКАЯ ОБЛАСТЬ,ПАВЛОДАР Г.А.
448513,Деятельность речного грузового транспорта,false,,141596000,883,,,132405000,846,,,x,994,,,4,Деятельность речного грузового транспорта,ПАВЛОДАРСКАЯ ОБЛАСТЬ,ПАВЛОДАР Г.А.
448514,"Деятельность речного грузового транспорта, кроме лесосплава",true,,141596000,883,,,132405000,846,,,x,994,,,5,Деятельность речного грузового транспорта,ПАВЛОДАРСКАЯ ОБЛАСТЬ,ПАВЛОДАР Г.А.
448527,Складирование грузов и вспомогательная транспортная деятельность,false,,1814930000,883,4220905000,920,4408610000,846,25315852000,1031,3166757000,994,4278816000,957,2,Транспорт и складирование,ПАВЛОДАРСКАЯ ОБЛАСТЬ,ПАВЛОДАР Г.А.
448528,Складирование и хранение грузов,false,,607431000,883,707628000,920,1701714000,846,1132666000,1031,1415387000,994,173264000,957,3,Складирование грузов и вспомогательная транспортная деятельность,ПАВЛОДАРСКАЯ ОБЛАСТЬ,ПАВЛОДАР Г.А.
448529,Складирование и хранение грузов,false,,607431000,883,707628000,920,1701714000,846,1132666000,1031,1415387000,994,173264000,957,4,Складирование и хранение грузов,ПАВЛОДАРСКАЯ ОБЛАСТЬ,ПАВЛОДАР Г.А.
448530,Складирование и хранение зерна,true,,337475000,883,x,920,1320363000,846,251403000,1031,576959000,994,16159000,957,5,Складирование и хранение грузов,ПАВЛОДАРСКАЯ ОБЛАСТЬ,ПАВЛОДАР Г.А.
448531,"Складирование и хранение непродовольственных товаров, кроме зерна и нефти",true,,236489000,883,159720000,920,380493000,846,,,112935000,994,119545000,957,5,Складирование и хранение грузов,ПАВЛОДАРСКАЯ ОБЛАСТЬ,ПАВЛОДАР Г.А.
20576307,"Складирование и хранение продовольственных товаров, кроме овощей и фруктов",true,,,,,,,,x,1031,x,994,x,957,5,Складирование и хранение грузов,ПАВЛОДАРСКАЯ ОБЛАСТЬ,ПАВЛОДАР Г.А.
448532,Складирование и хранение продовольственных товаров,true,,,,,,x,846,,,,,,,5,Складирование и хранение грузов,ПАВЛОДАРСКАЯ ОБЛАСТЬ,ПАВЛОДАР Г.А.
20576308,Хранение нефти,true,,33467000,883,,,,,,,715007000,994,,,5,Складирование и хранение грузов,ПАВЛОДАРСКАЯ ОБЛАСТЬ,ПАВЛОДАР Г.А.
448533,Вспомогательная транспортная деятельность,false,,1207499000,883,3513277000,920,2706896000,846,24183186000,1031,1751370000,994,4105552000,957,3,Складирование грузов и вспомогательная транспортная деятельность,ПАВЛОДАРСКАЯ ОБЛАСТЬ,ПАВЛОДАР Г.А.
448534,Вспомогательная деятельность сухопутного транспорта,false,,697375000,883,2929548000,920,2302781000,846,19837430000,1031,28918000,994,3275570000,957,4,Вспомогательная транспортная деятельность,ПАВЛОДАРСКАЯ ОБЛАСТЬ,ПАВЛОДАР Г.А.
448535,Эксплуатация железных дорог,true,,26461000,883,x,920,1899298000,846,x,1031,26245000,994,x,957,5,Вспомогательная деятельность сухопутного транспорта,ПАВЛОДАРСКАЯ ОБЛАСТЬ,ПАВЛОДАР Г.А.
448536,Эксплуатация автомобильных дорог,true,,635063000,883,2824010000,920,287804000,846,17232944000,1031,,,3011222000,957,5,Вспомогательная деятельность сухопутного транспорта,ПАВЛОДАРСКАЯ ОБЛАСТЬ,ПАВЛОДАР Г.А.
448537,Деятельность терминалов,true,,120000,883,106000,920,37331000,846,605984000,1031,x,994,630000,957,5,Вспомогательная деятельность сухопутного транспорта,ПАВЛОДАРСКАЯ ОБЛАСТЬ,ПАВЛОДАР Г.А.
448538,Деятельность автомобильных стоянок,true,,35731000,883,70283000,920,78348000,846,1910415000,1031,x,994,254955000,957,5,Вспомогательная деятельность сухопутного транспорта,ПАВЛОДАРСКАЯ ОБЛАСТЬ,ПАВЛОДАР Г.А.
448540,Вспомогательная деятельность водного транспорта,false,,,,,,,,x,1031,,,,,4,Вспомогательная транспортная деятельность,ПАВЛОДАРСКАЯ ОБЛАСТЬ,ПАВЛОДАР Г.А.
448541,Вспомогательная деятельность водного транспорта,true,,,,,,,,x,1031,,,,,5,Вспомогательная деятельность водного транспорта,ПАВЛОДАРСКАЯ ОБЛАСТЬ,ПАВЛОДАР Г.А.
448542,Вспомогательная деятельность воздушного транспорта,false,,425233000,883,538388000,920,25734000,846,4304805000,1031,1681385000,994,686173000,957,4,Вспомогательная транспортная деятельность,ПАВЛОДАРСКАЯ ОБЛАСТЬ,ПАВЛОДАР Г.А.
448543,Регулирование использования воздушного пространства,true,,423281000,883,538055000,920,,,25470000,1031,1681385000,994,525008000,957,5,Вспомогательная деятельность воздушного транспорта,ПАВЛОДАРСКАЯ ОБЛАСТЬ,ПАВЛОДАР Г.А.
19197186,Деятельность аэропортов,true,,1952000,883,333000,920,25415000,846,4279335000,1031,,,161165000,957,5,Вспомогательная деятельность воздушного транспорта,ПАВЛОДАРСКАЯ ОБЛАСТЬ,ПАВЛОДАР Г.А.
448544,"Прочая деятельность, относящаяся к пассажирским и грузовым перевозкам воздушным транспортом",true,,,,,,319000,846,,,,,,,5,Вспомогательная деятельность воздушного транспорта,ПАВЛОДАРСКАЯ ОБЛАСТЬ,ПАВЛОДАР Г.А.
448547,Прочая вспомогательная транспортная деятельность,false,,84891000,883,45341000,920,378381000,846,36023000,1031,41067000,994,143809000,957,4,Вспомогательная транспортная деятельность,ПАВЛОДАРСКАЯ ОБЛАСТЬ,ПАВЛОДАР Г.А.
448548,Транспортно-экспедиционные  услуги,true,,37610000,883,45341000,920,5403000,846,36023000,1031,40467000,994,143809000,957,5,Прочая вспомогательная транспортная деятельность,ПАВЛОДАРСКАЯ ОБЛАСТЬ,ПАВЛОДАР Г.А.
448549,Технический надзор на транспорте,true,,x,883,,,x,846,,,x,994,,,5,Прочая вспомогательная транспортная деятельность,ПАВЛОДАРСКАЯ ОБЛАСТЬ,ПАВЛОДАР Г.А.
448550,Прочая транспортно-экспедиционная деятельность,true,,6632000,883,,,x,846,,,,,,,5,Прочая вспомогательная транспортная деятельность,ПАВЛОДАРСКАЯ ОБЛАСТЬ,ПАВЛОДАР Г.А.
448551,Почтовая и курьерская деятельность,false,,x,883,x,920,x,846,x,1031,189337000,994,x,957,2,Транспорт и складирование,ПАВЛОДАРСКАЯ ОБЛАСТЬ,ПАВЛОДАР Г.А.
448552,Почтовая деятельность в рамках предоставления услуг общего пользования,false,,x,883,x,920,x,846,x,1031,189337000,994,x,957,3,Почтовая и курьерская деятельность,ПАВЛОДАРСКАЯ ОБЛАСТЬ,ПАВЛОДАР Г.А.
448553,Почтовая деятельность в рамках предоставления услуг общего пользования,false,,x,883,x,920,x,846,x,1031,189337000,994,x,957,4,Почтовая деятельность в рамках предоставления услуг общего пользования,ПАВЛОДАРСКАЯ ОБЛАСТЬ,ПАВЛОДАР Г.А.
448554,Почтовая деятельность в рамках предоставления услуг общего пользования,true,,x,883,x,920,x,846,x,1031,189337000,994,x,957,5,Почтовая деятельность в рамках предоставления услуг общего пользования,ПАВЛОДАРСКАЯ ОБЛАСТЬ,ПАВЛОДАР Г.А.
448558,Предоставление услуг по проживанию и питанию,false,,295914000,883,771412000,920,1564884000,846,453564000,1031,242911000,994,968445000,957,1,Всего,ПАВЛОДАРСКАЯ ОБЛАСТЬ,ПАВЛОДАР Г.А.
3783427,Предоставление услуг по временному проживанию,false,,232917000,883,765750000,920,1258541000,846,444307000,1031,223240000,994,931122000,957,2,Предоставление услуг по проживанию и питанию,ПАВЛОДАРСКАЯ ОБЛАСТЬ,ПАВЛОДАР Г.А.
3783428,Предоставление услуг гостиницами и аналогичными местами для проживания,false,,108203000,883,88773000,920,599638000,846,200497000,1031,161188000,994,124179000,957,3,Предоставление услуг по временному проживанию,ПАВЛОДАРСКАЯ ОБЛАСТЬ,ПАВЛОДАР Г.А.
3783429,Предоставление услуг гостиницами и аналогичными местами для проживания,false,,108203000,883,88773000,920,599638000,846,200497000,1031,161188000,994,124179000,957,4,Предоставление услуг гостиницами и аналогичными местами для проживания,ПАВЛОДАРСКАЯ ОБЛАСТЬ,ПАВЛОДАР Г.А.
3783430,"Предоставление услуг гостиницами с ресторанами, за исключением гостиниц, находящихся на придорожной полосе",true,,80511000,883,84570000,920,563742000,846,200497000,1031,161188000,994,124179000,957,5,Предоставление услуг гостиницами и аналогичными местами для проживания,ПАВЛОДАРСКАЯ ОБЛАСТЬ,ПАВЛОДАР Г.А.
3783431,"Предоставление услуг гостиницами без ресторанов, за исключением гостиниц, находящихся на придорожной полосе",true,,x,883,x,920,x,846,,,,,,,5,Предоставление услуг гостиницами и аналогичными местами для проживания,ПАВЛОДАРСКАЯ ОБЛАСТЬ,ПАВЛОДАР Г.А.
3783432,Предоставление жилья на выходные дни и прочие периоды краткосрочного проживания,false,,,,,,,,47750000,1031,,,,,3,Предоставление услуг по временному проживанию,ПАВЛОДАРСКАЯ ОБЛАСТЬ,ПАВЛОДАР Г.А.
3783433,Предоставление жилья на выходные дни и прочие периоды краткосрочного проживания,false,,,,,,,,47750000,1031,,,,,4,Предоставление жилья на выходные дни и прочие периоды краткосрочного проживания,ПАВЛОДАРСКАЯ ОБЛАСТЬ,ПАВЛОДАР Г.А.
3783434,Предоставление жилья на выходные дни и прочие периоды краткосрочного проживания,true,,,,,,,,47750000,1031,,,,,5,Предоставление жилья на выходные дни и прочие периоды краткосрочного проживания,ПАВЛОДАРСКАЯ ОБЛАСТЬ,ПАВЛОДАР Г.А.
3783441,Предоставление услуг прочими местами для проживания,false,,124714000,883,676977000,920,658903000,846,196060000,1031,62052000,994,806943000,957,3,Предоставление услуг по временному проживанию,ПАВЛОДАРСКАЯ ОБЛАСТЬ,ПАВЛОДАР Г.А.
3783442,Предоставление услуг прочими местами для проживания,false,,124714000,883,676977000,920,658903000,846,196060000,1031,62052000,994,806943000,957,4,Предоставление услуг прочими местами для проживания,ПАВЛОДАРСКАЯ ОБЛАСТЬ,ПАВЛОДАР Г.А.
3783443,Услуги в других видах жилья,true,,,,,,658903000,846,,,,,,,5,Предоставление услуг прочими местами для проживания,ПАВЛОДАРСКАЯ ОБЛАСТЬ,ПАВЛОДАР Г.А.
20576356,Предоставление услуг студенческими общежитиями ,true,,107321000,883,676977000,920,,,120568000,1031,62052000,994,806943000,957,5,Предоставление услуг прочими местами для проживания,ПАВЛОДАРСКАЯ ОБЛАСТЬ,ПАВЛОДАР Г.А.
20576357,"Предоставление услуг прочими местами для проживания, не включенными в другие категории",true,,17393000,883,,,,,x,1031,,,,,5,Предоставление услуг прочими местами для проживания,ПАВЛОДАРСКАЯ ОБЛАСТЬ,ПАВЛОДАР Г.А.
448573,Предоставление услуг по обеспечению питанием и напитками,false,,62997000,883,5662000,920,306343000,846,9257000,1031,19671000,994,37323000,957,2,Предоставление услуг по проживанию и питанию,ПАВЛОДАРСКАЯ ОБЛАСТЬ,ПАВЛОДАР Г.А.
448574,Деятельность ресторанов и предоставление услуг по доставке продуктов питания,false,,59307000,883,5662000,920,236636000,846,,,,,17301000,957,3,Предоставление услуг по обеспечению питанием и напитками,ПАВЛОДАРСКАЯ ОБЛАСТЬ,ПАВЛОДАР Г.А.
448575,Деятельность ресторанов и предоставление услуг по доставке продуктов питания,false,,59307000,883,5662000,920,236636000,846,,,,,17301000,957,4,Деятельность ресторанов и предоставление услуг по доставке продуктов питания,ПАВЛОДАРСКАЯ ОБЛАСТЬ,ПАВЛОДАР Г.А.
448576,Рестораны и услуги по доставке продуктов питания,true,,,,,,236636000,846,,,,,,,5,Деятельность ресторанов и предоставление услуг по доставке продуктов питания,ПАВЛОДАРСКАЯ ОБЛАСТЬ,ПАВЛОДАР Г.А.
20576362,"Деятельность ресторанов и предоставление услуг по доставке продуктов питания, за исключением деятельности объектов, находящихся на придорожной полосе",true,,59307000,883,5662000,920,,,,,,,17301000,957,5,Деятельность ресторанов и предоставление услуг по доставке продуктов питания,ПАВЛОДАРСКАЯ ОБЛАСТЬ,ПАВЛОДАР Г.А.
448577,Доставка готовой пищи на заказ и прочая деятельность по обеспечению питанием,false,,3690000,883,,,69707000,846,9257000,1031,19671000,994,20022000,957,3,Предоставление услуг по обеспечению питанием и напитками,ПАВЛОДАРСКАЯ ОБЛАСТЬ,ПАВЛОДАР Г.А.
448578,Доставка готовой пищи на заказ,false,,x,883,,,x,846,,,,,,,4,Доставка готовой пищи на заказ и прочая деятельность по обеспечению питанием,ПАВЛОДАРСКАЯ ОБЛАСТЬ,ПАВЛОДАР Г.А.
448579,Доставка готовой пищи на заказ,true,,x,883,,,x,846,,,,,,,5,Доставка готовой пищи на заказ,ПАВЛОДАРСКАЯ ОБЛАСТЬ,ПАВЛОДАР Г.А.
448580,Прочая деятельность по обеспечению питанием,false,,1413000,883,,,66302000,846,9257000,1031,19671000,994,20022000,957,4,Доставка готовой пищи на заказ и прочая деятельность по обеспечению питанием,ПАВЛОДАРСКАЯ ОБЛАСТЬ,ПАВЛОДАР Г.А.
18951444,Прочие виды организации питания вне населенных пунктов,true,,500000,883,,,1502000,846,,,440000,994,20022000,957,5,Прочая деятельность по обеспечению питанием,ПАВЛОДАРСКАЯ ОБЛАСТЬ,ПАВЛОДАР Г.А.
18951446,"Прочая деятельность по обеспечению питанием, не включенная в другие группировки",true,,x,883,,,64800000,846,9257000,1031,19231000,994,,,5,Прочая деятельность по обеспечению питанием,ПАВЛОДАРСКАЯ ОБЛАСТЬ,ПАВЛОДАР Г.А.
448585,Информация и связь,false,,2157688000,883,1995175000,920,2419818000,846,2702887000,1031,2785294000,994,2206404000,957,1,Всего,ПАВЛОДАРСКАЯ ОБЛАСТЬ,ПАВЛОДАР Г.А.
448586,Издательская деятельность,false,,,,102000,920,,,,,,,,,2,Информация и связь,ПАВЛОДАРСКАЯ ОБЛАСТЬ,ПАВЛОДАР Г.А.
448587,"Издание книг, периодических публикаций и другие виды издательской деятельности",false,,,,102000,920,,,,,,,,,3,Издательская деятельность,ПАВЛОДАРСКАЯ ОБЛАСТЬ,ПАВЛОДАР Г.А.
448596,Прочие виды издательской деятельности,false,,,,102000,920,,,,,,,,,4,"Издание книг, периодических публикаций и другие виды издательской деятельности",ПАВЛОДАРСКАЯ ОБЛАСТЬ,ПАВЛОДАР Г.А.
448597,Прочие виды издательской деятельности,true,,,,102000,920,,,,,,,,,5,Прочие виды издательской деятельности,ПАВЛОДАРСКАЯ ОБЛАСТЬ,ПАВЛОДАР Г.А.
448603,"Производство кино-, видеофильмов и телевизионных программ, деятельность в сфере звукозаписи и издания музыкальных произведений ",false,,,,,,,,500000,1031,,,,,2,Информация и связь,ПАВЛОДАРСКАЯ ОБЛАСТЬ,ПАВЛОДАР Г.А.
448604,"Деятельность по производству кино-, видеофильмов и телевизионных программ",false,,,,,,,,500000,1031,,,,,3,"Производство кино-, видеофильмов и телевизионных программ, деятельность в сфере звукозаписи и издания музыкальных произведений ",ПАВЛОДАРСКАЯ ОБЛАСТЬ,ПАВЛОДАР Г.А.
448605,"Деятельность по производству кино-, видеофильмов и телевизионных программ",false,,,,,,,,500000,1031,,,,,4,"Деятельность по производству кино-, видеофильмов и телевизионных программ",ПАВЛОДАРСКАЯ ОБЛАСТЬ,ПАВЛОДАР Г.А.
448606,"Деятельность по производству кино-, видеофильмов и телевизионных программ",true,,,,,,,,500000,1031,,,,,5,"Деятельность по производству кино-, видеофильмов и телевизионных программ",ПАВЛОДАРСКАЯ ОБЛАСТЬ,ПАВЛОДАР Г.А.
448616,Деятельность по созданию программ и телерадиовещание,false,,x,883,20708000,920,32819000,846,46930000,1031,31600000,994,21433000,957,2,Информация и связь,ПАВЛОДАРСКАЯ ОБЛАСТЬ,ПАВЛОДАР Г.А.
448620,Деятельность по созданию и трансляции телевизионных программ,false,,x,883,20708000,920,32819000,846,46930000,1031,31600000,994,21433000,957,3,Деятельность по созданию программ и телерадиовещание,ПАВЛОДАРСКАЯ ОБЛАСТЬ,ПАВЛОДАР Г.А.
448621,Деятельность по созданию и трансляции телевизионных программ,false,,x,883,20708000,920,32819000,846,46930000,1031,31600000,994,21433000,957,4,Деятельность по созданию и трансляции телевизионных программ,ПАВЛОДАРСКАЯ ОБЛАСТЬ,ПАВЛОДАР Г.А.
448622,Деятельность по созданию и трансляции телевизионных программ,true,,x,883,20708000,920,32819000,846,46930000,1031,31600000,994,21433000,957,5,Деятельность по созданию и трансляции телевизионных программ,ПАВЛОДАРСКАЯ ОБЛАСТЬ,ПАВЛОДАР Г.А.
448623,Телекоммуникации,false,,2128281000,883,1932632000,920,2381395000,846,2654258000,1031,2751403000,994,2179147000,957,2,Информация и связь,ПАВЛОДАРСКАЯ ОБЛАСТЬ,ПАВЛОДАР Г.А.
18696628,Проводная телекоммуникационная связь,false,,391754000,883,240331000,920,143844000,846,562168000,1031,1024465000,994,1447630000,957,3,Телекоммуникации,ПАВЛОДАРСКАЯ ОБЛАСТЬ,ПАВЛОДАР Г.А.
18696629,Проводная телекоммуникационная связь,false,,391754000,883,240331000,920,143844000,846,562168000,1031,1024465000,994,1447630000,957,4,Проводная телекоммуникационная связь,ПАВЛОДАРСКАЯ ОБЛАСТЬ,ПАВЛОДАР Г.А.
18946145,Проводная телекоммуникационная связь для государственных органов посредством единой транспортной среды,true,,7496000,883,,,,,,,,,,,5,Проводная телекоммуникационная связь,ПАВЛОДАРСКАЯ ОБЛАСТЬ,ПАВЛОДАР Г.А.
18946146,Прочая проводная телекоммуникационная связь,true,,384258000,883,240331000,920,143844000,846,562168000,1031,1024465000,994,1447630000,957,5,Проводная телекоммуникационная связь,ПАВЛОДАРСКАЯ ОБЛАСТЬ,ПАВЛОДАР Г.А.
448627,Беспроводная телекоммуникационная связь,false,,762050000,883,1145457000,920,721746000,846,1992192000,1031,1510220000,994,692453000,957,3,Телекоммуникации,ПАВЛОДАРСКАЯ ОБЛАСТЬ,ПАВЛОДАР Г.А.
448628,Беспроводная телекоммуникационная связь,false,,762050000,883,1145457000,920,721746000,846,1992192000,1031,1510220000,994,692453000,957,4,Беспроводная телекоммуникационная связь,ПАВЛОДАРСКАЯ ОБЛАСТЬ,ПАВЛОДАР Г.А.
18946147,Беспроводная телекоммуникационная связь посредством единой транспортной среды,true,,,,98238000,920,,,x,1031,x,994,x,957,5,Беспроводная телекоммуникационная связь,ПАВЛОДАРСКАЯ ОБЛАСТЬ,ПАВЛОДАР Г.А.
18946149,Прочая беспроводная телекоммуникационная связь,true,,762050000,883,1047219000,920,721746000,846,1831902000,1031,1420884000,994,642958000,957,5,Беспроводная телекоммуникационная связь,ПАВЛОДАРСКАЯ ОБЛАСТЬ,ПАВЛОДАР Г.А.
448633,Прочая деятельность в области телекоммуникаций,false,,974477000,883,546844000,920,1515805000,846,99898000,1031,216718000,994,39064000,957,3,Телекоммуникации,ПАВЛОДАРСКАЯ ОБЛАСТЬ,ПАВЛОДАР Г.А.
448634,Прочая деятельность в области телекоммуникаций,false,,974477000,883,546844000,920,1515805000,846,99898000,1031,216718000,994,39064000,957,4,Прочая деятельность в области телекоммуникаций,ПАВЛОДАРСКАЯ ОБЛАСТЬ,ПАВЛОДАР Г.А.
18946154,"Прочая деятельность в области телекоммуникаций, не включенная в другие группировки",true,,974477000,883,546844000,920,1515805000,846,99898000,1031,216718000,994,39064000,957,5,Прочая деятельность в области телекоммуникаций,ПАВЛОДАРСКАЯ ОБЛАСТЬ,ПАВЛОДАР Г.А.
448636,"Компьютерное программирование, консультационные и другие сопутствующие услуги",false,,24662000,883,41583000,920,3206000,846,1199000,1031,2291000,994,5824000,957,2,Информация и связь,ПАВЛОДАРСКАЯ ОБЛАСТЬ,ПАВЛОДАР Г.А.
448637,"Компьютерное программирование, консультационные и другие сопутствующие услуги",false,,24662000,883,41583000,920,3206000,846,1199000,1031,2291000,994,5824000,957,3,"Компьютерное программирование, консультационные и другие сопутствующие услуги",ПАВЛОДАРСКАЯ ОБЛАСТЬ,ПАВЛОДАР Г.А.
448638,Деятельность в области компьютерного программирования,false,,343000,883,88000,920,2267000,846,x,1031,2291000,994,,,4,"Компьютерное программирование, консультационные и другие сопутствующие услуги",ПАВЛОДАРСКАЯ ОБЛАСТЬ,ПАВЛОДАР Г.А.
448639,Разработка программного обеспечения,true,,249000,883,,,1170000,846,,,x,994,,,5,Деятельность в области компьютерного программирования,ПАВЛОДАРСКАЯ ОБЛАСТЬ,ПАВЛОДАР Г.А.
448640,Сопровождение программного обеспечения,true,,x,883,88000,920,x,846,x,1031,x,994,,,5,Деятельность в области компьютерного программирования,ПАВЛОДАРСКАЯ ОБЛАСТЬ,ПАВЛОДАР Г.А.
448641,Консультационные услуги в области информационных технологий,false,,,,x,920,,,932000,1031,,,,,4,"Компьютерное программирование, консультационные и другие сопутствующие услуги",ПАВЛОДАРСКАЯ ОБЛАСТЬ,ПАВЛОДАР Г.А.
18946155,Консультационные  и практические услуги в области информационных технологий,true,,,,x,920,,,,,,,,,5,Консультационные услуги в области информационных технологий,ПАВЛОДАРСКАЯ ОБЛАСТЬ,ПАВЛОДАР Г.А.
448645,Другие виды деятельности в области информационных технологий и информационных систем,false,,24319000,883,6140000,920,939000,846,,,,,5824000,957,4,"Компьютерное программирование, консультационные и другие сопутствующие услуги",ПАВЛОДАРСКАЯ ОБЛАСТЬ,ПАВЛОДАР Г.А.
18946160,Другие виды деятельности в области информационных технологий и информационных систем,true,,,,,,939000,846,,,,,,,5,Другие виды деятельности в области информационных технологий и информационных систем,ПАВЛОДАРСКАЯ ОБЛАСТЬ,ПАВЛОДАР Г.А.
20576431,Деятельность в области кибербезопасности,true,,x,883,,,,,,,,,,,5,Другие виды деятельности в области информационных технологий и информационных систем,ПАВЛОДАРСКАЯ ОБЛАСТЬ,ПАВЛОДАР Г.А.
20576432,"Другие виды деятельности в области информационных технологий и информационных систем, не включенные в другие группировки",true,,3871000,883,6140000,920,,,,,,,5824000,957,5,Другие виды деятельности в области информационных технологий и информационных систем,ПАВЛОДАРСКАЯ ОБЛАСТЬ,ПАВЛОДАР Г.А.
448647,Деятельность в области информационного обслуживания,false,,,,x,920,2398000,846,,,,,,,2,Информация и связь,ПАВЛОДАРСКАЯ ОБЛАСТЬ,ПАВЛОДАР Г.А.
448648,"Обработка данных, размещение приложений (прикладных программ) и связанная с этим деятельность; деятельность веб-порталов",false,,,,x,920,2398000,846,,,,,,,3,Деятельность в области информационного обслуживания,ПАВЛОДАРСКАЯ ОБЛАСТЬ,ПАВЛОДАР Г.А.
448649,"Обработка данных, размещение приложений (прикладных программ) и связанная с этим деятельность ",false,,,,x,920,2398000,846,,,,,,,4,"Обработка данных, размещение приложений (прикладных программ) и связанная с этим деятельность; деятельность веб-порталов",ПАВЛОДАРСКАЯ ОБЛАСТЬ,ПАВЛОДАР Г.А.
18946161,Размещение приложений (прикладных программ) и связанная с этим деятельность,true,,,,x,920,1503000,846,,,,,,,5,"Обработка данных, размещение приложений (прикладных программ) и связанная с этим деятельность ",ПАВЛОДАРСКАЯ ОБЛАСТЬ,ПАВЛОДАР Г.А.
18946162,Информационно-методологическое обеспечение с сопровождением информационных систем и баз данных,true,,,,,,x,846,,,,,,,5,"Обработка данных, размещение приложений (прикладных программ) и связанная с этим деятельность ",ПАВЛОДАРСКАЯ ОБЛАСТЬ,ПАВЛОДАР Г.А.
448658,Финансовая и страховая деятельность,false,,1957454000,883,611242000,920,1372606000,846,1243383000,1031,1551575000,994,585043000,957,1,Всего,ПАВЛОДАРСКАЯ ОБЛАСТЬ,ПАВЛОДАР Г.А.
448659,"Финансовое посредничество, кроме страхования и пенсионного обеспечения",false,,1956079000,883,608189000,920,1353646000,846,1222644000,1031,1522397000,994,580188000,957,2,Финансовая и страховая деятельность,ПАВЛОДАРСКАЯ ОБЛАСТЬ,ПАВЛОДАР Г.А.
448660,Денежное посредничество,false,,1923681000,883,596632000,920,1322290000,846,1197777000,1031,1499312000,994,529931000,957,3,"Финансовое посредничество, кроме страхования и пенсионного обеспечения",ПАВЛОДАРСКАЯ ОБЛАСТЬ,ПАВЛОДАР Г.А.
448661,Деятельность национального банка ,false,,x,883,x,920,x,846,25111000,1031,540000000,994,x,957,4,Денежное посредничество,ПАВЛОДАРСКАЯ ОБЛАСТЬ,ПАВЛОДАР Г.А.
448662,Деятельность национального банка ,true,,x,883,x,920,x,846,25111000,1031,540000000,994,x,957,5,Деятельность национального банка ,ПАВЛОДАРСКАЯ ОБЛАСТЬ,ПАВЛОДАР Г.А.
448663,Прочее денежное посредничество,false,,1875597000,883,451683000,920,1278415000,846,1172666000,1031,959312000,994,525921000,957,4,Денежное посредничество,ПАВЛОДАРСКАЯ ОБЛАСТЬ,ПАВЛОДАР Г.А.
18946163,"Деятельность банков, за исключением, банка, являющегося национальным институтом развития, и его дочерней организации-лизингодателя",true,,1628277000,883,156111000,920,1017370000,846,563782000,1031,576150000,994,278999000,957,5,Прочее денежное посредничество,ПАВЛОДАРСКАЯ ОБЛАСТЬ,ПАВЛОДАР Г.А.
448665,Деятельность сберегательных банков,true,,246515000,883,292782000,920,260734000,846,557586000,1031,x,994,232443000,957,5,Прочее денежное посредничество,ПАВЛОДАРСКАЯ ОБЛАСТЬ,ПАВЛОДАР Г.А.
448666,Денежное посредничество прочих финансовых учреждений,true,,x,883,x,920,x,846,x,1031,x,994,14479000,957,5,Прочее денежное посредничество,ПАВЛОДАРСКАЯ ОБЛАСТЬ,ПАВЛОДАР Г.А.
448673,"Прочее финансовое посредничество, кроме страхования и пенсионного обеспечения",false,,32398000,883,11557000,920,31356000,846,24867000,1031,23085000,994,50257000,957,3,"Финансовое посредничество, кроме страхования и пенсионного обеспечения",ПАВЛОДАРСКАЯ ОБЛАСТЬ,ПАВЛОДАР Г.А.
448674,Финансовый лизинг,false,,,,,,,,624000,1031,1412000,994,x,957,4,"Прочее финансовое посредничество, кроме страхования и пенсионного обеспечения",ПАВЛОДАРСКАЯ ОБЛАСТЬ,ПАВЛОДАР Г.А.
18946165,"Финансовый лизинг, кроме финансового лизинга медицинского оборудования и техники",true,,,,,,,,624000,1031,1412000,994,x,957,5,Финансовый лизинг,ПАВЛОДАРСКАЯ ОБЛАСТЬ,ПАВЛОДАР Г.А.
448676,Прочие виды кредитования,false,,19367000,883,11557000,920,27587000,846,24243000,1031,21673000,994,39259000,957,4,"Прочее финансовое посредничество, кроме страхования и пенсионного обеспечения",ПАВЛОДАРСКАЯ ОБЛАСТЬ,ПАВЛОДАР Г.А.
448677,Деятельность ломбардов,true,,15893000,883,4670000,920,10298000,846,10758000,1031,9984000,994,4445000,957,5,Прочие виды кредитования,ПАВЛОДАРСКАЯ ОБЛАСТЬ,ПАВЛОДАР Г.А.
448678,"Прочие виды кредитования, не включенные в другие группировки",true,,3474000,883,x,920,17289000,846,13485000,1031,11689000,994,34814000,957,5,Прочие виды кредитования,ПАВЛОДАРСКАЯ ОБЛАСТЬ,ПАВЛОДАР Г.А.
448679,"Прочее финансовое посредничество, кроме страхования и пенсионного обеспечения, не включенное в другие группировки",false,,x,883,,,x,846,,,,,,,4,"Прочее финансовое посредничество, кроме страхования и пенсионного обеспечения",ПАВЛОДАРСКАЯ ОБЛАСТЬ,ПАВЛОДАР Г.А.
18946169,"Другие финансовые услуги, финансирование в различных отраслях экономики, инвестиционная деятельность",true,,x,883,,,x,846,,,,,,,5,"Прочее финансовое посредничество, кроме страхования и пенсионного обеспечения, не включенное в другие группировки",ПАВЛОДАРСКАЯ ОБЛАСТЬ,ПАВЛОДАР Г.А.
448681,"Страхование, перестрахование и пенсионной обеспечение, кроме обязательного социального обеспечения",false,,1375000,883,3053000,920,17923000,846,20739000,1031,20828000,994,4855000,957,2,Финансовая и страховая деятельность,ПАВЛОДАРСКАЯ ОБЛАСТЬ,ПАВЛОДАР Г.А.
448682,Страхование,false,,1152000,883,1026000,920,5386000,846,704000,1031,4148000,994,610000,957,3,"Страхование, перестрахование и пенсионной обеспечение, кроме обязательного социального обеспечения",ПАВЛОДАРСКАЯ ОБЛАСТЬ,ПАВЛОДАР Г.А.
448683,Страхование жизни,false,,x,883,,,x,846,x,1031,2893000,994,,,4,Страхование,ПАВЛОДАРСКАЯ ОБЛАСТЬ,ПАВЛОДАР Г.А.
448685,Негосударственное страхование жизни,true,,x,883,,,x,846,x,1031,2893000,994,,,5,Страхование жизни,ПАВЛОДАРСКАЯ ОБЛАСТЬ,ПАВЛОДАР Г.А.
448686,Страхование ущерба,false,,777000,883,1026000,920,5350000,846,514000,1031,1255000,994,610000,957,4,Страхование,ПАВЛОДАРСКАЯ ОБЛАСТЬ,ПАВЛОДАР Г.А.
448688,Негосударственное страхование ущерба,true,,777000,883,1026000,920,5350000,846,514000,1031,1255000,994,610000,957,5,Страхование ущерба,ПАВЛОДАРСКАЯ ОБЛАСТЬ,ПАВЛОДАР Г.А.
448692,Пенсионное обеспечение,false,,x,883,x,920,x,846,x,1031,x,994,x,957,3,"Страхование, перестрахование и пенсионной обеспечение, кроме обязательного социального обеспечения",ПАВЛОДАРСКАЯ ОБЛАСТЬ,ПАВЛОДАР Г.А.
448693,Пенсионное обеспечение,false,,x,883,x,920,x,846,x,1031,x,994,x,957,4,Пенсионное обеспечение,ПАВЛОДАРСКАЯ ОБЛАСТЬ,ПАВЛОДАР Г.А.
448694,Государственное пенсионное обеспечение,true,,x,883,x,920,x,846,x,1031,x,994,x,957,5,Пенсионное обеспечение,ПАВЛОДАРСКАЯ ОБЛАСТЬ,ПАВЛОДАР Г.А.
448696,Вспомогательная деятельность в сфере финансовых услуг и страхования,false,,,,,,1037000,846,,,x,994,,,2,Финансовая и страховая деятельность,ПАВЛОДАРСКАЯ ОБЛАСТЬ,ПАВЛОДАР Г.А.
448697,"Вспомогательная деятельность в сфере финансовых услуг, кроме страхования и пенсионного обеспечения ",false,,,,,,140000,846,,,x,994,,,3,Вспомогательная деятельность в сфере финансовых услуг и страхования,ПАВЛОДАРСКАЯ ОБЛАСТЬ,ПАВЛОДАР Г.А.
448698,Управление финансовыми рынками,false,,,,,,x,846,,,,,,,4,"Вспомогательная деятельность в сфере финансовых услуг, кроме страхования и пенсионного обеспечения ",ПАВЛОДАРСКАЯ ОБЛАСТЬ,ПАВЛОДАР Г.А.
18951450,"Деятельность, связанная с управлением финансовыми рынками",true,,,,,,x,846,,,,,,,5,Управление финансовыми рынками,ПАВЛОДАРСКАЯ ОБЛАСТЬ,ПАВЛОДАР Г.А.
448700,Брокерская деятельность по сделкам с ценными бумагами и товарами,false,,,,,,x,846,,,x,994,,,4,"Вспомогательная деятельность в сфере финансовых услуг, кроме страхования и пенсионного обеспечения ",ПАВЛОДАРСКАЯ ОБЛАСТЬ,ПАВЛОДАР Г.А.
448701,Брокерские услуги по контрактам на ценные бумаги и товары,true,,,,,,x,846,,,,,,,5,Брокерская деятельность по сделкам с ценными бумагами и товарами,ПАВЛОДАРСКАЯ ОБЛАСТЬ,ПАВЛОДАР Г.А.
20576501,"Брокерская деятельность по сделкам с ценными бумагами и товарами, за исключением деятельности, связанной с управлением активами Национального фонда, золотовалютными активами Национального Банка, пенсионными активами",true,,,,,,,,,,x,994,,,5,Брокерская деятельность по сделкам с ценными бумагами и товарами,ПАВЛОДАРСКАЯ ОБЛАСТЬ,ПАВЛОДАР Г.А.
448704,Вспомогательная деятельность по страхованию и пенсионному обеспечению,false,,,,,,x,846,,,,,,,3,Вспомогательная деятельность в сфере финансовых услуг и страхования,ПАВЛОДАРСКАЯ ОБЛАСТЬ,ПАВЛОДАР Г.А.
448707,Деятельность страховых агентов и брокеров,false,,,,,,x,846,,,,,,,4,Вспомогательная деятельность по страхованию и пенсионному обеспечению,ПАВЛОДАРСКАЯ ОБЛАСТЬ,ПАВЛОДАР Г.А.
448708,Деятельность страховых агентов и брокеров,true,,,,,,x,846,,,,,,,5,Деятельность страховых агентов и брокеров,ПАВЛОДАРСКАЯ ОБЛАСТЬ,ПАВЛОДАР Г.А.
448714,Операции с недвижимым имуществом,false,,23132209000,883,18516863000,920,17169253000,846,53320237000,1031,42960392000,994,25862280000,957,1,Всего,ПАВЛОДАРСКАЯ ОБЛАСТЬ,ПАВЛОДАР Г.А.
448715,Операции с недвижимым имуществом,false,,23132209000,883,18516863000,920,17169253000,846,53320237000,1031,42960392000,994,25862280000,957,2,Операции с недвижимым имуществом,ПАВЛОДАРСКАЯ ОБЛАСТЬ,ПАВЛОДАР Г.А.
448716,Покупка и продажа собственного недвижимого имущества ,false,,21786663000,883,15579972000,920,15576636000,846,50414246000,1031,39907747000,994,24244989000,957,3,Операции с недвижимым имуществом,ПАВЛОДАРСКАЯ ОБЛАСТЬ,ПАВЛОДАР Г.А.
448717,Покупка и продажа собственного недвижимого имущества ,false,,21786663000,883,15579972000,920,15576636000,846,50414246000,1031,39907747000,994,24244989000,957,4,Покупка и продажа собственного недвижимого имущества ,ПАВЛОДАРСКАЯ ОБЛАСТЬ,ПАВЛОДАР Г.А.
543091,Покупка и продажа многоквартирных и жилых домов (особняков),true,,21786663000,883,15445769000,920,15575034000,846,50405317000,1031,39907747000,994,24214989000,957,5,Покупка и продажа собственного недвижимого имущества ,ПАВЛОДАРСКАЯ ОБЛАСТЬ,ПАВЛОДАР Г.А.
543092,Покупка и продажа прочей недвижимости,true,,,,134203000,920,1602000,846,x,1031,,,x,957,5,Покупка и продажа собственного недвижимого имущества ,ПАВЛОДАРСКАЯ ОБЛАСТЬ,ПАВЛОДАР Г.А.
448719,Аренда и управление собственной или арендуемой недвижимостью,false,,1280293000,883,2877379000,920,1501296000,846,1290873000,1031,2011445000,994,1523040000,957,3,Операции с недвижимым имуществом,ПАВЛОДАРСКАЯ ОБЛАСТЬ,ПАВЛОДАР Г.А.
448720,Аренда и управление собственной или арендуемой недвижимостью,false,,1280293000,883,2877379000,920,1501296000,846,1290873000,1031,2011445000,994,1523040000,957,4,Аренда и управление собственной или арендуемой недвижимостью,ПАВЛОДАРСКАЯ ОБЛАСТЬ,ПАВЛОДАР Г.А.
18946171,Аренда и управление собственной недвижимостью,true,,510660000,883,1722678000,920,1283737000,846,,,66779000,994,194674000,957,5,Аренда и управление собственной или арендуемой недвижимостью,ПАВЛОДАРСКАЯ ОБЛАСТЬ,ПАВЛОДАР Г.А.
18951451,Аренда (субаренда) и эксплуатация арендуемой недвижимости,true,,769633000,883,1154701000,920,217559000,846,,,1944666000,994,1328366000,957,5,Аренда и управление собственной или арендуемой недвижимостью,ПАВЛОДАРСКАЯ ОБЛАСТЬ,ПАВЛОДАР Г.А.
448722,Операции с недвижимым имуществом за вознаграждение или на договорной основе,false,,x,883,x,920,91321000,846,x,1031,x,994,x,957,3,Операции с недвижимым имуществом,ПАВЛОДАРСКАЯ ОБЛАСТЬ,ПАВЛОДАР Г.А.
448726,Управление недвижимым имуществом за вознаграждение или на договорной основе,false,,x,883,x,920,91321000,846,x,1031,x,994,x,957,4,Операции с недвижимым имуществом за вознаграждение или на договорной основе,ПАВЛОДАРСКАЯ ОБЛАСТЬ,ПАВЛОДАР Г.А.
18946173,Управление недвижимостью за вознаграждение или на договорной основе,true,,x,883,x,920,91321000,846,x,1031,x,994,x,957,5,Управление недвижимым имуществом за вознаграждение или на договорной основе,ПАВЛОДАРСКАЯ ОБЛАСТЬ,ПАВЛОДАР Г.А.
448728,"Профессиональная, научная и техническая деятельность",false,,1459673000,883,8683798000,920,206418000,846,501521000,1031,211610000,994,176620000,957,1,Всего,ПАВЛОДАРСКАЯ ОБЛАСТЬ,ПАВЛОДАР Г.А.
448729,Деятельность в области права и бухгалтерского учета,false,,,,x,920,544000,846,1072000,1031,x,994,,,2,"Профессиональная, научная и техническая деятельность",ПАВЛОДАРСКАЯ ОБЛАСТЬ,ПАВЛОДАР Г.А.
448730,Деятельность в области права,false,,,,x,920,544000,846,,,,,,,3,Деятельность в области права и бухгалтерского учета,ПАВЛОДАРСКАЯ ОБЛАСТЬ,ПАВЛОДАР Г.А.
448731,Деятельность в области права,false,,,,x,920,544000,846,,,,,,,4,Деятельность в области права,ПАВЛОДАРСКАЯ ОБЛАСТЬ,ПАВЛОДАР Г.А.
448734,Прочая деятельность в области права,true,,,,x,920,544000,846,,,,,,,5,Деятельность в области права,ПАВЛОДАРСКАЯ ОБЛАСТЬ,ПАВЛОДАР Г.А.
448735,Деятельность в области бухгалтерского учета и аудита; консультирование по налогообложению,false,,,,,,,,1072000,1031,x,994,,,3,Деятельность в области права и бухгалтерского учета,ПАВЛОДАРСКАЯ ОБЛАСТЬ,ПАВЛОДАР Г.А.
448736,Деятельность в области бухгалтерского учета и аудита; консультирование по налогообложению,false,,,,,,,,1072000,1031,x,994,,,4,Деятельность в области бухгалтерского учета и аудита; консультирование по налогообложению,ПАВЛОДАРСКАЯ ОБЛАСТЬ,ПАВЛОДАР Г.А.
19197019,Деятельность в области составления счетов и бухгалтерского учета,true,,,,,,,,x,1031,,,,,5,Деятельность в области бухгалтерского учета и аудита; консультирование по налогообложению,ПАВЛОДАРСКАЯ ОБЛАСТЬ,ПАВЛОДАР Г.А.
19197022,Консультирование в области налогообложения,true,,,,,,,,x,1031,x,994,,,5,Деятельность в области бухгалтерского учета и аудита; консультирование по налогообложению,ПАВЛОДАРСКАЯ ОБЛАСТЬ,ПАВЛОДАР Г.А.
448738,Деятельность головных компаний; консультирование по вопросам управления ,false,,x,883,,,13456000,846,5558000,1031,,,,,2,"Профессиональная, научная и техническая деятельность",ПАВЛОДАРСКАЯ ОБЛАСТЬ,ПАВЛОДАР Г.А.
448742,Деятельность по консультированию по вопросам управления,false,,x,883,,,13456000,846,5558000,1031,,,,,3,Деятельность головных компаний; консультирование по вопросам управления ,ПАВЛОДАРСКАЯ ОБЛАСТЬ,ПАВЛОДАР Г.А.
448745,Консультирование по вопросам коммерческой деятельности и прочее консультирование по вопросам управления,false,,x,883,,,13456000,846,5558000,1031,,,,,4,Деятельность по консультированию по вопросам управления,ПАВЛОДАРСКАЯ ОБЛАСТЬ,ПАВЛОДАР Г.А.
18946177,Консультирование по вопросам коммерческой деятельности и управления,true,,x,883,,,13456000,846,5558000,1031,,,,,5,Консультирование по вопросам коммерческой деятельности и прочее консультирование по вопросам управления,ПАВЛОДАРСКАЯ ОБЛАСТЬ,ПАВЛОДАР Г.А.
448747,"Деятельность в области архитектуры, инженерных изысканий, технических испытаний и анализа",false,,141559000,883,347078000,920,88428000,846,447876000,1031,181608000,994,155529000,957,2,"Профессиональная, научная и техническая деятельность",ПАВЛОДАРСКАЯ ОБЛАСТЬ,ПАВЛОДАР Г.А.
448748,"Деятельность в области архитектуры, инженерных изысканий и предоставление технических консультаций в этих областях",false,,77548000,883,234868000,920,39764000,846,158621000,1031,96459000,994,41066000,957,3,"Деятельность в области архитектуры, инженерных изысканий, технических испытаний и анализа",ПАВЛОДАРСКАЯ ОБЛАСТЬ,ПАВЛОДАР Г.А.
448749,Деятельность в области архитектуры,false,,1456000,883,111578000,920,2747000,846,22392000,1031,50698000,994,27838000,957,4,"Деятельность в области архитектуры, инженерных изысканий и предоставление технических консультаций в этих областях",ПАВЛОДАРСКАЯ ОБЛАСТЬ,ПАВЛОДАР Г.А.
18951462,"Деятельность в области архитектуры, за исключением объектов атомной промышленности и атомной энергетики  ",true,,1456000,883,111578000,920,2747000,846,22392000,1031,50698000,994,27838000,957,5,Деятельность в области архитектуры,ПАВЛОДАРСКАЯ ОБЛАСТЬ,ПАВЛОДАР Г.А.
448751,Деятельность в области инженерных изысканий и предоставление технических консультаций в этой области,false,,76092000,883,123290000,920,37017000,846,136229000,1031,45761000,994,13228000,957,4,"Деятельность в области архитектуры, инженерных изысканий и предоставление технических консультаций в этих областях",ПАВЛОДАРСКАЯ ОБЛАСТЬ,ПАВЛОДАР Г.А.
18951463,"Деятельность в области инженерно-технического проектирования, за исключением объектов атомной промышленности и атомной энергетики",true,,55416000,883,92921000,920,25293000,846,135862000,1031,15620000,994,13228000,957,5,Деятельность в области инженерных изысканий и предоставление технических консультаций в этой области,ПАВЛОДАРСКАЯ ОБЛАСТЬ,ПАВЛОДАР Г.А.
448754,Геодезическая деятельность,true,,20676000,883,30369000,920,11724000,846,367000,1031,30141000,994,,,5,Деятельность в области инженерных изысканий и предоставление технических консультаций в этой области,ПАВЛОДАРСКАЯ ОБЛАСТЬ,ПАВЛОДАР Г.А.
448756,Технические испытания и анализы,false,,64011000,883,112210000,920,48664000,846,289255000,1031,85149000,994,114463000,957,3,"Деятельность в области архитектуры, инженерных изысканий, технических испытаний и анализа",ПАВЛОДАРСКАЯ ОБЛАСТЬ,ПАВЛОДАР Г.А.
448757,Технические испытания и анализы,false,,64011000,883,112210000,920,48664000,846,289255000,1031,85149000,994,114463000,957,4,Технические испытания и анализы,ПАВЛОДАРСКАЯ ОБЛАСТЬ,ПАВЛОДАР Г.А.
448758,Деятельность санитарно-эпидемиологических организаций,true,,x,883,6920000,920,x,846,,,,,x,957,5,Технические испытания и анализы,ПАВЛОДАРСКАЯ ОБЛАСТЬ,ПАВЛОДАР Г.А.
448760,"Деятельность прочих учреждений, осуществляющих технические испытания и анализы",true,,61048000,883,105290000,920,45180000,846,289255000,1031,85149000,994,95861000,957,5,Технические испытания и анализы,ПАВЛОДАРСКАЯ ОБЛАСТЬ,ПАВЛОДАР Г.А.
448761,Научные исследования и разработки,false,,1060000,883,1011000,920,971000,846,2501000,1031,370000,994,3818000,957,2,"Профессиональная, научная и техническая деятельность",ПАВЛОДАРСКАЯ ОБЛАСТЬ,ПАВЛОДАР Г.А.
448762,Научные исследования и экспериментальные разработки в области естественных и технических наук ,false,,45000,883,44000,920,80000,846,545000,1031,161000,994,2556000,957,3,Научные исследования и разработки,ПАВЛОДАРСКАЯ ОБЛАСТЬ,ПАВЛОДАР Г.А.
448765,Прочие научные исследования и экспериментальные разработки в области естественных и технических наук ,false,,45000,883,44000,920,80000,846,545000,1031,161000,994,2556000,957,4,Научные исследования и экспериментальные разработки в области естественных и технических наук ,ПАВЛОДАРСКАЯ ОБЛАСТЬ,ПАВЛОДАР Г.А.
18946187,Прочие исследования и разработки в области естественных и технических наук,true,,45000,883,44000,920,80000,846,545000,1031,161000,994,2556000,957,5,Прочие научные исследования и экспериментальные разработки в области естественных и технических наук ,ПАВЛОДАРСКАЯ ОБЛАСТЬ,ПАВЛОДАР Г.А.
448767,Исследования и экспериментальные разработки в области общественных и гуманитарных наук,false,,x,883,x,920,x,846,x,1031,x,994,x,957,3,Научные исследования и разработки,ПАВЛОДАРСКАЯ ОБЛАСТЬ,ПАВЛОДАР Г.А.
448768,Исследования и экспериментальные разработки в области общественных и гуманитарных наук,false,,x,883,x,920,x,846,x,1031,x,994,x,957,4,Исследования и экспериментальные разработки в области общественных и гуманитарных наук,ПАВЛОДАРСКАЯ ОБЛАСТЬ,ПАВЛОДАР Г.А.
18946192,"Исследования и экспериментальные разработки в области общественных и гуманитарных наук, не включенные в другие группировки",true,,x,883,x,920,x,846,x,1031,x,994,x,957,5,Исследования и экспериментальные разработки в области общественных и гуманитарных наук,ПАВЛОДАРСКАЯ ОБЛАСТЬ,ПАВЛОДАР Г.А.
448770,Рекламная деятельность и исследование конъюнктуры рынка,false,,1311027000,883,8324354000,920,30413000,846,x,1031,x,994,x,957,2,"Профессиональная, научная и техническая деятельность",ПАВЛОДАРСКАЯ ОБЛАСТЬ,ПАВЛОДАР Г.А.
448771,Рекламная деятельность,false,,1311027000,883,8324354000,920,30413000,846,x,1031,x,994,x,957,3,Рекламная деятельность и исследование конъюнктуры рынка,ПАВЛОДАРСКАЯ ОБЛАСТЬ,ПАВЛОДАР Г.А.
448772,Деятельность рекламных агентств,false,,1311027000,883,8324354000,920,30413000,846,x,1031,x,994,x,957,4,Рекламная деятельность,ПАВЛОДАРСКАЯ ОБЛАСТЬ,ПАВЛОДАР Г.А.
448773,Деятельность рекламных агентств,true,,1311027000,883,8324354000,920,30413000,846,x,1031,x,994,x,957,5,Деятельность рекламных агентств,ПАВЛОДАРСКАЯ ОБЛАСТЬ,ПАВЛОДАР Г.А.
448779,"Прочая профессиональная, научная и техническая деятельность",false,,5901000,883,11084000,920,72606000,846,11306000,1031,8330000,994,6651000,957,2,"Профессиональная, научная и техническая деятельность",ПАВЛОДАРСКАЯ ОБЛАСТЬ,ПАВЛОДАР Г.А.
448780,Специализированная дизайнерская деятельность,false,,2052000,883,2171000,920,x,846,,,,,3994000,957,3,"Прочая профессиональная, научная и техническая деятельность",ПАВЛОДАРСКАЯ ОБЛАСТЬ,ПАВЛОДАР Г.А.
448781,Специализированная дизайнерская деятельность,false,,2052000,883,2171000,920,x,846,,,,,3994000,957,4,Специализированная дизайнерская деятельность,ПАВЛОДАРСКАЯ ОБЛАСТЬ,ПАВЛОДАР Г.А.
448782,Специализированная дизайнерская деятельность,true,,2052000,883,2171000,920,x,846,,,,,3994000,957,5,Специализированная дизайнерская деятельность,ПАВЛОДАРСКАЯ ОБЛАСТЬ,ПАВЛОДАР Г.А.
448789,"Прочая профессиональная, научная и техническая деятельность, не включенная в другие группировки",false,,3849000,883,8913000,920,9606000,846,11306000,1031,8330000,994,2657000,957,3,"Прочая профессиональная, научная и техническая деятельность",ПАВЛОДАРСКАЯ ОБЛАСТЬ,ПАВЛОДАР Г.А.
448790,"Прочая профессиональная, научная и техническая деятельность, не включенная в другие группировки",false,,3849000,883,8913000,920,9606000,846,11306000,1031,8330000,994,2657000,957,4,"Прочая профессиональная, научная и техническая деятельность, не включенная в другие группировки",ПАВЛОДАРСКАЯ ОБЛАСТЬ,ПАВЛОДАР Г.А.
448791,Деятельность гидрометеорологической службы,true,,x,883,x,920,x,846,,,,,x,957,5,"Прочая профессиональная, научная и техническая деятельность, не включенная в другие группировки",ПАВЛОДАРСКАЯ ОБЛАСТЬ,ПАВЛОДАР Г.А.
448792,"Иная профессиональная, научная и техническая деятельность, не включенная в другие группировки",true,,3301000,883,7756000,920,7832000,846,11306000,1031,8330000,994,2041000,957,5,"Прочая профессиональная, научная и техническая деятельность, не включенная в другие группировки",ПАВЛОДАРСКАЯ ОБЛАСТЬ,ПАВЛОДАР Г.А.
448797,Деятельность в области административного и вспомогательного обслуживания,false,,708770000,883,1569304000,920,4708422000,846,1383286000,1031,381469000,994,1611392000,957,1,Всего,ПАВЛОДАРСКАЯ ОБЛАСТЬ,ПАВЛОДАР Г.А.
448798,"Аренда, прокат и лизинг",false,,170423000,883,370259000,920,762584000,846,5087000,1031,36197000,994,x,957,2,Деятельность в области административного и вспомогательного обслуживания,ПАВЛОДАРСКАЯ ОБЛАСТЬ,ПАВЛОДАР Г.А.
448799,Аренда и лизинг автомобилей ,false,,82963000,883,17816000,920,5890000,846,x,1031,36197000,994,x,957,3,"Аренда, прокат и лизинг",ПАВЛОДАРСКАЯ ОБЛАСТЬ,ПАВЛОДАР Г.А.
448800,Аренда и лизинг легковых автомобилей и легких автотранспортных средств,false,,,,,,,,,,x,994,,,4,Аренда и лизинг автомобилей ,ПАВЛОДАРСКАЯ ОБЛАСТЬ,ПАВЛОДАР Г.А.
543075,Аренда легковых автомобилей и легких автотранспортных средств,true,,,,,,,,,,x,994,,,5,Аренда и лизинг легковых автомобилей и легких автотранспортных средств,ПАВЛОДАРСКАЯ ОБЛАСТЬ,ПАВЛОДАР Г.А.
448802,Аренда и лизинг грузовых автомобилей,false,,82963000,883,17816000,920,5890000,846,x,1031,35115000,994,x,957,4,Аренда и лизинг автомобилей ,ПАВЛОДАРСКАЯ ОБЛАСТЬ,ПАВЛОДАР Г.А.
543077,Аренда грузовых автомобилей,true,,82963000,883,17816000,920,5890000,846,x,1031,35115000,994,x,957,5,Аренда и лизинг грузовых автомобилей,ПАВЛОДАРСКАЯ ОБЛАСТЬ,ПАВЛОДАР Г.А.
448811,"Аренда и лизинг прочих машин, оборудования и материальных активов",false,,87460000,883,352443000,920,756694000,846,x,1031,,,,,3,"Аренда, прокат и лизинг",ПАВЛОДАРСКАЯ ОБЛАСТЬ,ПАВЛОДАР Г.А.
448814,Аренда и лизинг строительных машин и оборудования ,false,,,,,,495204000,846,,,,,,,4,"Аренда и лизинг прочих машин, оборудования и материальных активов",ПАВЛОДАРСКАЯ ОБЛАСТЬ,ПАВЛОДАР Г.А.
543081,Аренда строительных машин и оборудования ,true,,,,,,495204000,846,,,,,,,5,Аренда и лизинг строительных машин и оборудования ,ПАВЛОДАРСКАЯ ОБЛАСТЬ,ПАВЛОДАР Г.А.
448816,"Аренда и лизинг офисных машин и оборудования, включая вычислительную технику ",false,,81457000,883,352443000,920,x,846,,,,,,,4,"Аренда и лизинг прочих машин, оборудования и материальных активов",ПАВЛОДАРСКАЯ ОБЛАСТЬ,ПАВЛОДАР Г.А.
18951505,Аренда прочих офисных машин и оборудования,true,,81457000,883,352443000,920,x,846,,,,,,,5,"Аренда и лизинг офисных машин и оборудования, включая вычислительную технику ",ПАВЛОДАРСКАЯ ОБЛАСТЬ,ПАВЛОДАР Г.А.
448822,"Аренда и лизинг прочих машин, оборудования и материальных активов, не включенных в другие группировки",false,,6003000,883,,,35535000,846,x,1031,,,,,4,"Аренда и лизинг прочих машин, оборудования и материальных активов",ПАВЛОДАРСКАЯ ОБЛАСТЬ,ПАВЛОДАР Г.А.
543089,"Аренда прочих машин, оборудования и материальных активов, не включенных в другие группировки",true,,6003000,883,,,35535000,846,x,1031,,,,,5,"Аренда и лизинг прочих машин, оборудования и материальных активов, не включенных в другие группировки",ПАВЛОДАРСКАЯ ОБЛАСТЬ,ПАВЛОДАР Г.А.
448837,"Деятельность туристских агентств и операторов, бронирование и сопутствующая деятельность",false,,,,,,x,846,,,529000,994,,,2,Деятельность в области административного и вспомогательного обслуживания,ПАВЛОДАРСКАЯ ОБЛАСТЬ,ПАВЛОДАР Г.А.
448838,Деятельность туристских агентств и операторов,false,,,,,,x,846,,,529000,994,,,3,"Деятельность туристских агентств и операторов, бронирование и сопутствующая деятельность",ПАВЛОДАРСКАЯ ОБЛАСТЬ,ПАВЛОДАР Г.А.
448839,Деятельность туристских агентств,false,,,,,,x,846,,,529000,994,,,4,Деятельность туристских агентств и операторов,ПАВЛОДАРСКАЯ ОБЛАСТЬ,ПАВЛОДАР Г.А.
448840,Деятельность туристских агентств,true,,,,,,x,846,,,529000,994,,,5,Деятельность туристских агентств,ПАВЛОДАРСКАЯ ОБЛАСТЬ,ПАВЛОДАР Г.А.
448846,Деятельность по обеспечению безопасности и проведению расследований,false,,36546000,883,27902000,920,33091000,846,172265000,1031,34525000,994,52235000,957,2,Деятельность в области административного и вспомогательного обслуживания,ПАВЛОДАРСКАЯ ОБЛАСТЬ,ПАВЛОДАР Г.А.
448847,Деятельность по обеспечению безопасности частных лиц и имущества,false,,14644000,883,12682000,920,26093000,846,158535000,1031,21062000,994,51865000,957,3,Деятельность по обеспечению безопасности и проведению расследований,ПАВЛОДАРСКАЯ ОБЛАСТЬ,ПАВЛОДАР Г.А.
448848,Деятельность по обеспечению безопасности частных лиц и имущества,false,,14644000,883,12682000,920,26093000,846,158535000,1031,21062000,994,51865000,957,4,Деятельность по обеспечению безопасности частных лиц и имущества,ПАВЛОДАРСКАЯ ОБЛАСТЬ,ПАВЛОДАР Г.А.
18946195,Деятельность частных охранных служб,true,,9284000,883,12504000,920,26093000,846,158535000,1031,21062000,994,51865000,957,5,Деятельность по обеспечению безопасности частных лиц и имущества,ПАВЛОДАРСКАЯ ОБЛАСТЬ,ПАВЛОДАР Г.А.
18946196,"Деятельность охранных организаций, учрежденных национальными компаниями",true,,x,883,x,920,,,,,,,,,5,Деятельность по обеспечению безопасности частных лиц и имущества,ПАВЛОДАРСКАЯ ОБЛАСТЬ,ПАВЛОДАР Г.А.
448850,Деятельность в области систем обеспечения безопасности,false,,21902000,883,15220000,920,6998000,846,13730000,1031,13463000,994,370000,957,3,Деятельность по обеспечению безопасности и проведению расследований,ПАВЛОДАРСКАЯ ОБЛАСТЬ,ПАВЛОДАР Г.А.
448851,Деятельность в области систем обеспечения безопасности,false,,21902000,883,15220000,920,6998000,846,13730000,1031,13463000,994,370000,957,4,Деятельность в области систем обеспечения безопасности,ПАВЛОДАРСКАЯ ОБЛАСТЬ,ПАВЛОДАР Г.А.
448852,Деятельность в области систем обеспечения безопасности,true,,21902000,883,15220000,920,6998000,846,13730000,1031,13463000,994,370000,957,5,Деятельность в области систем обеспечения безопасности,ПАВЛОДАРСКАЯ ОБЛАСТЬ,ПАВЛОДАР Г.А.
448856,Деятельность по обслуживанию зданий и благоустройству территорий,false,,499383000,883,1164005000,920,3912185000,846,1204785000,1031,308420000,994,1455481000,957,2,Деятельность в области административного и вспомогательного обслуживания,ПАВЛОДАРСКАЯ ОБЛАСТЬ,ПАВЛОДАР Г.А.
448857,Комплексное обслуживание объектов,false,,x,883,x,920,x,846,197299000,1031,x,994,13161000,957,3,Деятельность по обслуживанию зданий и благоустройству территорий,ПАВЛОДАРСКАЯ ОБЛАСТЬ,ПАВЛОДАР Г.А.
448858,Комплексное обслуживание объектов,false,,x,883,x,920,x,846,197299000,1031,x,994,13161000,957,4,Комплексное обслуживание объектов,ПАВЛОДАРСКАЯ ОБЛАСТЬ,ПАВЛОДАР Г.А.
448859,Комплексное обслуживание объектов,true,,x,883,x,920,x,846,,,x,994,13161000,957,5,Комплексное обслуживание объектов,ПАВЛОДАРСКАЯ ОБЛАСТЬ,ПАВЛОДАР Г.А.
448860,Деятельность по уборке,false,,29634000,883,205776000,920,150270000,846,218110000,1031,186688000,994,299645000,957,3,Деятельность по обслуживанию зданий и благоустройству территорий,ПАВЛОДАРСКАЯ ОБЛАСТЬ,ПАВЛОДАР Г.А.
448861,Общая уборка зданий,false,,x,883,x,920,x,846,193243000,1031,79349000,994,2640000,957,4,Деятельность по уборке,ПАВЛОДАРСКАЯ ОБЛАСТЬ,ПАВЛОДАР Г.А.
448862,Общая уборка зданий,true,,x,883,x,920,x,846,,,79349000,994,2640000,957,5,Общая уборка зданий,ПАВЛОДАРСКАЯ ОБЛАСТЬ,ПАВЛОДАР Г.А.
448863,"Прочая деятельность (специализированная) по уборке зданий, чистке промышленных машин и оборудования",false,,,,,,,,1011000,1031,,,,,4,Деятельность по уборке,ПАВЛОДАРСКАЯ ОБЛАСТЬ,ПАВЛОДАР Г.А.
448864,"Прочая деятельность (специализированная) по уборке зданий, чистке промышленных машин и оборудования",true,,,,,,,,1011000,1031,,,,,5,"Прочая деятельность (специализированная) по уборке зданий, чистке промышленных машин и оборудования",ПАВЛОДАРСКАЯ ОБЛАСТЬ,ПАВЛОДАР Г.А.
448865,Прочая деятельность по уборке,false,,7237000,883,200896000,920,66318000,846,23856000,1031,107339000,994,297005000,957,4,Деятельность по уборке,ПАВЛОДАРСКАЯ ОБЛАСТЬ,ПАВЛОДАР Г.А.
448866,Прочая деятельность по уборке,true,,7237000,883,200896000,920,66318000,846,23856000,1031,107339000,994,297005000,957,5,Прочая деятельность по уборке,ПАВЛОДАРСКАЯ ОБЛАСТЬ,ПАВЛОДАР Г.А.
448867,Деятельность по благоустройству территорий,false,,365267000,883,914001000,920,3689091000,846,789376000,1031,51002000,994,1142675000,957,3,Деятельность по обслуживанию зданий и благоустройству территорий,ПАВЛОДАРСКАЯ ОБЛАСТЬ,ПАВЛОДАР Г.А.
448868,Деятельность по благоустройству территорий,false,,365267000,883,914001000,920,3689091000,846,789376000,1031,51002000,994,1142675000,957,4,Деятельность по благоустройству территорий,ПАВЛОДАРСКАЯ ОБЛАСТЬ,ПАВЛОДАР Г.А.
448869,Деятельность по благоустройству территорий,true,,365267000,883,914001000,920,3689091000,846,789376000,1031,51002000,994,1142675000,957,5,Деятельность по благоустройству территорий,ПАВЛОДАРСКАЯ ОБЛАСТЬ,ПАВЛОДАР Г.А.
448870,"Деятельность в области офисного административного и вспомогательного обслуживания, направленная на поддержание коммерческой деятельности",false,,2418000,883,7138000,920,497000,846,x,1031,1798000,994,1209000,957,2,Деятельность в области административного и вспомогательного обслуживания,ПАВЛОДАРСКАЯ ОБЛАСТЬ,ПАВЛОДАР Г.А.
448876,Деятельность телефонных справочно-информационных служб,false,,276000,883,2203000,920,497000,846,,,,,1209000,957,3,"Деятельность в области офисного административного и вспомогательного обслуживания, направленная на поддержание коммерческой деятельности",ПАВЛОДАРСКАЯ ОБЛАСТЬ,ПАВЛОДАР Г.А.
448877,Деятельность телефонных справочно-информационных служб,false,,276000,883,2203000,920,497000,846,,,,,1209000,957,4,Деятельность телефонных справочно-информационных служб,ПАВЛОДАРСКАЯ ОБЛАСТЬ,ПАВЛОДАР Г.А.
448878,Деятельность телефонных справочно-информационных служб,true,,276000,883,2203000,920,497000,846,,,,,1209000,957,5,Деятельность телефонных справочно-информационных служб,ПАВЛОДАРСКАЯ ОБЛАСТЬ,ПАВЛОДАР Г.А.
448882,"Деятельность по предоставлению вспомогательных коммерческих услуг, не включенная в другие группировки",false,,x,883,x,920,,,x,1031,1798000,994,,,3,"Деятельность в области офисного административного и вспомогательного обслуживания, направленная на поддержание коммерческой деятельности",ПАВЛОДАРСКАЯ ОБЛАСТЬ,ПАВЛОДАР Г.А.
448883,Деятельность агентств по сбору платежей и кредитных бюро,false,,x,883,x,920,,,x,1031,378000,994,,,4,"Деятельность по предоставлению вспомогательных коммерческих услуг, не включенная в другие группировки",ПАВЛОДАРСКАЯ ОБЛАСТЬ,ПАВЛОДАР Г.А.
20576664,"Деятельность агентств по сбору платежей и кредитных бюро, за исключением государственного",true,,x,883,x,920,,,x,1031,378000,994,,,5,Деятельность агентств по сбору платежей и кредитных бюро,ПАВЛОДАРСКАЯ ОБЛАСТЬ,ПАВЛОДАР Г.А.
448887,"Прочая деятельность по предоставлению вспомогательных коммерческих услуг, не включенная в другие группировки",false,,,,,,,,,,1420000,994,,,4,"Деятельность по предоставлению вспомогательных коммерческих услуг, не включенная в другие группировки",ПАВЛОДАРСКАЯ ОБЛАСТЬ,ПАВЛОДАР Г.А.
448888,"Прочая деятельность по предоставлению вспомогательных коммерческих услуг, не включенная в другие группировки",true,,,,,,,,,,1420000,994,,,5,"Прочая деятельность по предоставлению вспомогательных коммерческих услуг, не включенная в другие группировки",ПАВЛОДАРСКАЯ ОБЛАСТЬ,ПАВЛОДАР Г.А.
448889,Государственное управление и оборона; обязательное  социальное обеспечение,false,,2212157000,883,2205304000,920,1335398000,846,1161633000,1031,1738769000,994,1138566000,957,1,Всего,ПАВЛОДАРСКАЯ ОБЛАСТЬ,ПАВЛОДАР Г.А.
448890,Государственное управление и оборона; обязательное социальное обеспечение,false,,2212157000,883,2205304000,920,1335398000,846,1161633000,1031,1738769000,994,1138566000,957,2,Государственное управление и оборона; обязательное  социальное обеспечение,ПАВЛОДАРСКАЯ ОБЛАСТЬ,ПАВЛОДАР Г.А.
448891,Государственное управление общего характера и управление социально-экономическое политикой общества,false,,357514000,883,633890000,920,338855000,846,989933000,1031,1119394000,994,1060462000,957,3,Государственное управление и оборона; обязательное социальное обеспечение,ПАВЛОДАРСКАЯ ОБЛАСТЬ,ПАВЛОДАР Г.А.
448892,Государственное управление общего характера,false,,265661000,883,617041000,920,305792000,846,751839000,1031,634484000,994,792577000,957,4,Государственное управление общего характера и управление социально-экономическое политикой общества,ПАВЛОДАРСКАЯ ОБЛАСТЬ,ПАВЛОДАР Г.А.
448894,Деятельность региональных органов управления,true,,178356000,883,521523000,920,291784000,846,544624000,1031,628612000,994,782659000,957,5,Государственное управление общего характера,ПАВЛОДАРСКАЯ ОБЛАСТЬ,ПАВЛОДАР Г.А.
448895,Деятельность местных органов управления,true,,6656000,883,378000,920,10233000,846,193368000,1031,5851000,994,9918000,957,5,Государственное управление общего характера,ПАВЛОДАРСКАЯ ОБЛАСТЬ,ПАВЛОДАР Г.А.
448896,Деятельность сельских и поселковых органов управления,true,,16670000,883,,,,,13847000,1031,21000,994,,,5,Государственное управление общего характера,ПАВЛОДАРСКАЯ ОБЛАСТЬ,ПАВЛОДАР Г.А.
448898,Деятельность таможни,true,,53819000,883,95140000,920,3775000,846,,,,,,,5,Государственное управление общего характера,ПАВЛОДАРСКАЯ ОБЛАСТЬ,ПАВЛОДАР Г.А.
448899,Деятельность в области статистики и социологии,true,,x,883,,,,,,,,,,,5,Государственное управление общего характера,ПАВЛОДАРСКАЯ ОБЛАСТЬ,ПАВЛОДАР Г.А.
448900,"Регулирование деятельности учреждений здравоохранения, образования, культуры и других социальных услуг, кроме социального обеспечения ",false,,4393000,883,3893000,920,,,31749000,1031,36535000,994,,,4,Государственное управление общего характера и управление социально-экономическое политикой общества,ПАВЛОДАРСКАЯ ОБЛАСТЬ,ПАВЛОДАР Г.А.
448901,"Регулирование деятельности учреждений здравоохранения, образования, культуры и других социальных услуг, кроме социального обеспечения ",true,,4393000,883,3893000,920,,,31749000,1031,36535000,994,,,5,"Регулирование деятельности учреждений здравоохранения, образования, культуры и других социальных услуг, кроме социального обеспечения ",ПАВЛОДАРСКАЯ ОБЛАСТЬ,ПАВЛОДАР Г.А.
448902,Регулирование и содействие эффективному ведению экономической деятельности,false,,87460000,883,12956000,920,33063000,846,206345000,1031,448375000,994,267885000,957,4,Государственное управление общего характера и управление социально-экономическое политикой общества,ПАВЛОДАРСКАЯ ОБЛАСТЬ,ПАВЛОДАР Г.А.
448903,Регулирование и содействие эффективному ведению экономической деятельности,true,,87460000,883,12956000,920,33063000,846,206345000,1031,448375000,994,267885000,957,5,Регулирование и содействие эффективному ведению экономической деятельности,ПАВЛОДАРСКАЯ ОБЛАСТЬ,ПАВЛОДАР Г.А.
448904,Предоставление государством услуг обществу в целом,false,,1854643000,883,1571414000,920,996543000,846,171700000,1031,619375000,994,78104000,957,3,Государственное управление и оборона; обязательное социальное обеспечение,ПАВЛОДАРСКАЯ ОБЛАСТЬ,ПАВЛОДАР Г.А.
448907,Оборонная деятельность,false,,20989000,883,20926000,920,,,169161000,1031,3255000,994,20833000,957,4,Предоставление государством услуг обществу в целом,ПАВЛОДАРСКАЯ ОБЛАСТЬ,ПАВЛОДАР Г.А.
448908,Оборонная деятельность,true,,20989000,883,20926000,920,,,169161000,1031,3255000,994,20833000,957,5,Оборонная деятельность,ПАВЛОДАРСКАЯ ОБЛАСТЬ,ПАВЛОДАР Г.А.
448909,Деятельность в области юстиции и правосудия,false,,17162000,883,4110000,920,124314000,846,x,1031,3141000,994,13594000,957,4,Предоставление государством услуг обществу в целом,ПАВЛОДАРСКАЯ ОБЛАСТЬ,ПАВЛОДАР Г.А.
448910,Деятельность в области юстиции и правосудия,true,,17162000,883,4110000,920,124314000,846,x,1031,3141000,994,13594000,957,5,Деятельность в области юстиции и правосудия,ПАВЛОДАРСКАЯ ОБЛАСТЬ,ПАВЛОДАР Г.А.
448911,Деятельность по обеспечению общественного порядка и безопасности,false,,1813236000,883,1542974000,920,836189000,846,,,,,43211000,957,4,Предоставление государством услуг обществу в целом,ПАВЛОДАРСКАЯ ОБЛАСТЬ,ПАВЛОДАР Г.А.
448912,Деятельность по обеспечению общественного порядка и безопасности,true,,1813236000,883,1542974000,920,836189000,846,,,,,43211000,957,5,Деятельность по обеспечению общественного порядка и безопасности,ПАВЛОДАРСКАЯ ОБЛАСТЬ,ПАВЛОДАР Г.А.
448913,Деятельность по обеспечению безопасности в чрезвычайных ситуациях,false,,x,883,x,920,x,846,,,612979000,994,x,957,4,Предоставление государством услуг обществу в целом,ПАВЛОДАРСКАЯ ОБЛАСТЬ,ПАВЛОДАР Г.А.
448914,Деятельность по обеспечению безопасности в чрезвычайных ситуациях,true,,x,883,x,920,x,846,,,612979000,994,x,957,5,Деятельность по обеспечению безопасности в чрезвычайных ситуациях,ПАВЛОДАРСКАЯ ОБЛАСТЬ,ПАВЛОДАР Г.А.
448918,Образование,false,,5527823000,883,5362029000,920,939836000,846,4839682000,1031,8941699000,994,4132032000,957,1,Всего,ПАВЛОДАРСКАЯ ОБЛАСТЬ,ПАВЛОДАР Г.А.
448919,Образование,false,,5527823000,883,5362029000,920,939836000,846,4839682000,1031,8941699000,994,4132032000,957,2,Образование,ПАВЛОДАРСКАЯ ОБЛАСТЬ,ПАВЛОДАР Г.А.
448920,Дошкольное образование,false,,340712000,883,19958000,920,127523000,846,5825000,1031,1392744000,994,20489000,957,3,Образование,ПАВЛОДАРСКАЯ ОБЛАСТЬ,ПАВЛОДАР Г.А.
448921,Дошкольное образование,false,,340712000,883,19958000,920,127523000,846,5825000,1031,1392744000,994,20489000,957,4,Дошкольное образование,ПАВЛОДАРСКАЯ ОБЛАСТЬ,ПАВЛОДАР Г.А.
448922,Дошкольное образование,true,,340712000,883,19958000,920,127523000,846,5825000,1031,1392744000,994,20489000,957,5,Дошкольное образование,ПАВЛОДАРСКАЯ ОБЛАСТЬ,ПАВЛОДАР Г.А.
448923,Начальное образование (1-й уровень),false,,x,883,,,,,,,,,,,3,Образование,ПАВЛОДАРСКАЯ ОБЛАСТЬ,ПАВЛОДАР Г.А.
448924,Начальное образование (1-й уровень),false,,x,883,,,,,,,,,,,4,Начальное образование (1-й уровень),ПАВЛОДАРСКАЯ ОБЛАСТЬ,ПАВЛОДАР Г.А.
448925,Начальное образование (1-й уровень),true,,x,883,,,,,,,,,,,5,Начальное образование (1-й уровень),ПАВЛОДАРСКАЯ ОБЛАСТЬ,ПАВЛОДАР Г.А.
448926,Среднее образование (2-й и 3-й уровни),false,,5101177000,883,5247024000,920,469001000,846,4451470000,1031,7196606000,994,2860768000,957,3,Образование,ПАВЛОДАРСКАЯ ОБЛАСТЬ,ПАВЛОДАР Г.А.
448927,Основное и общее среднее образование,false,,3850859000,883,3512947000,920,299627000,846,4271127000,1031,7091010000,994,2728504000,957,4,Среднее образование (2-й и 3-й уровни),ПАВЛОДАРСКАЯ ОБЛАСТЬ,ПАВЛОДАР Г.А.
448928,Основное и общее среднее образование,true,,3850859000,883,3512947000,920,299627000,846,4271127000,1031,7091010000,994,2728504000,957,5,Основное и общее среднее образование,ПАВЛОДАРСКАЯ ОБЛАСТЬ,ПАВЛОДАР Г.А.
448929,Техническое и профессиональное среднее образование,false,,1250318000,883,1734077000,920,169374000,846,180343000,1031,105596000,994,132264000,957,4,Среднее образование (2-й и 3-й уровни),ПАВЛОДАРСКАЯ ОБЛАСТЬ,ПАВЛОДАР Г.А.
448930,Профессионально-техническое образование,true,,1160243000,883,1657421000,920,,,,,,,44156000,957,5,Техническое и профессиональное среднее образование,ПАВЛОДАРСКАЯ ОБЛАСТЬ,ПАВЛОДАР Г.А.
448931,Среднее специальное образование,true,,90075000,883,76656000,920,169374000,846,180343000,1031,105596000,994,88108000,957,5,Техническое и профессиональное среднее образование,ПАВЛОДАРСКАЯ ОБЛАСТЬ,ПАВЛОДАР Г.А.
448932,"Высшее образование (5-й, 6-й, 7-й, 8-й уровни)",false,,35485000,883,38790000,920,75560000,846,350988000,1031,350366000,994,34969000,957,3,Образование,ПАВЛОДАРСКАЯ ОБЛАСТЬ,ПАВЛОДАР Г.А.
448935,Высшее и послевузовское образование,false,,35485000,883,38790000,920,75560000,846,350988000,1031,350366000,994,34969000,957,4,"Высшее образование (5-й, 6-й, 7-й, 8-й уровни)",ПАВЛОДАРСКАЯ ОБЛАСТЬ,ПАВЛОДАР Г.А.
448936,Высшее образование,true,,35485000,883,38790000,920,75560000,846,350988000,1031,350366000,994,34969000,957,5,Высшее и послевузовское образование,ПАВЛОДАРСКАЯ ОБЛАСТЬ,ПАВЛОДАР Г.А.
448937,Прочие виды образования,false,,49909000,883,56257000,920,267752000,846,31399000,1031,1983000,994,1215806000,957,3,Образование,ПАВЛОДАРСКАЯ ОБЛАСТЬ,ПАВЛОДАР Г.А.
448938,Образование в области спорта и отдыха,false,,,,17857000,920,,,,,,,1211298000,957,4,Прочие виды образования,ПАВЛОДАРСКАЯ ОБЛАСТЬ,ПАВЛОДАР Г.А.
448939,Образование в области спорта и отдыха,true,,,,17857000,920,,,,,,,1211298000,957,5,Образование в области спорта и отдыха,ПАВЛОДАРСКАЯ ОБЛАСТЬ,ПАВЛОДАР Г.А.
448940,Образование в области культуры,false,,x,883,37870000,920,9202000,846,x,1031,x,994,x,957,4,Прочие виды образования,ПАВЛОДАРСКАЯ ОБЛАСТЬ,ПАВЛОДАР Г.А.
448941,Образование в области культуры,true,,x,883,37870000,920,9202000,846,x,1031,x,994,x,957,5,Образование в области культуры,ПАВЛОДАРСКАЯ ОБЛАСТЬ,ПАВЛОДАР Г.А.
448944,"Прочие виды образования, не включенные в другие группировки",false,,44424000,883,530000,920,258550000,846,13471000,1031,714000,994,x,957,4,Прочие виды образования,ПАВЛОДАРСКАЯ ОБЛАСТЬ,ПАВЛОДАР Г.А.
448946,"Прочая деятельность в области образования, не включенная в другие группировки",true,,44424000,883,530000,920,258550000,846,13471000,1031,714000,994,x,957,5,"Прочие виды образования, не включенные в другие группировки",ПАВЛОДАРСКАЯ ОБЛАСТЬ,ПАВЛОДАР Г.А.
448950,Здравоохранение и социальное обслуживание населения,false,,12327718000,883,2711869000,920,9122924000,846,8129197000,1031,9630650000,994,2124703000,957,1,Всего,ПАВЛОДАРСКАЯ ОБЛАСТЬ,ПАВЛОДАР Г.А.
448951,Деятельность в области здравоохранения,false,,12327718000,883,2707752000,920,9114814000,846,8036917000,1031,9409534000,994,2121784000,957,2,Здравоохранение и социальное обслуживание населения,ПАВЛОДАРСКАЯ ОБЛАСТЬ,ПАВЛОДАР Г.А.
448952,Деятельность больничных организаций,false,,11829606000,883,1198715000,920,4685313000,846,6742990000,1031,7469251000,994,1397351000,957,3,Деятельность в области здравоохранения,ПАВЛОДАРСКАЯ ОБЛАСТЬ,ПАВЛОДАР Г.А.
448953,Деятельность больничных организаций,false,,11829606000,883,1198715000,920,4685313000,846,6742990000,1031,7469251000,994,1397351000,957,4,Деятельность больничных организаций,ПАВЛОДАРСКАЯ ОБЛАСТЬ,ПАВЛОДАР Г.А.
448954,Деятельность больниц широкого профиля и специализированных больниц,true,,11763562000,883,1154251000,920,4628945000,846,6136240000,1031,6577935000,994,1225610000,957,5,Деятельность больничных организаций,ПАВЛОДАРСКАЯ ОБЛАСТЬ,ПАВЛОДАР Г.А.
448955,Деятельность родильных домов,true,,,,,,,,139527000,1031,x,994,,,5,Деятельность больничных организаций,ПАВЛОДАРСКАЯ ОБЛАСТЬ,ПАВЛОДАР Г.А.
18703670,Деятельность санаторно-курортных организаций,true,,66044000,883,44464000,920,42361000,846,402203000,1031,393602000,994,171229000,957,5,Деятельность больничных организаций,ПАВЛОДАРСКАЯ ОБЛАСТЬ,ПАВЛОДАР Г.А.
448958,"Деятельность других лечебных учреждений, имеющих стационары",true,,,,,,x,846,65020000,1031,,,x,957,5,Деятельность больничных организаций,ПАВЛОДАРСКАЯ ОБЛАСТЬ,ПАВЛОДАР Г.А.
448959,Деятельность в области врачебной практики и стоматологии,false,,254696000,883,1435746000,920,4236298000,846,1071471000,1031,1472204000,994,327542000,957,3,Деятельность в области здравоохранения,ПАВЛОДАРСКАЯ ОБЛАСТЬ,ПАВЛОДАР Г.А.
448960,Общая врачебная практика,false,,246325000,883,1376533000,920,4138729000,846,1012524000,1031,1450003000,994,288080000,957,4,Деятельность в области врачебной практики и стоматологии,ПАВЛОДАРСКАЯ ОБЛАСТЬ,ПАВЛОДАР Г.А.
448961,Общая врачебная практика,true,,246325000,883,1376533000,920,4138729000,846,1012524000,1031,1450003000,994,288080000,957,5,Общая врачебная практика,ПАВЛОДАРСКАЯ ОБЛАСТЬ,ПАВЛОДАР Г.А.
448962,Специальная врачебная практика,false,,,,,,84404000,846,,,5000000,994,,,4,Деятельность в области врачебной практики и стоматологии,ПАВЛОДАРСКАЯ ОБЛАСТЬ,ПАВЛОДАР Г.А.
448963,Специальная врачебная практика,true,,,,,,84404000,846,,,5000000,994,,,5,Специальная врачебная практика,ПАВЛОДАРСКАЯ ОБЛАСТЬ,ПАВЛОДАР Г.А.
448964,Стоматологическая деятельность,false,,8371000,883,59213000,920,13165000,846,58947000,1031,17201000,994,39462000,957,4,Деятельность в области врачебной практики и стоматологии,ПАВЛОДАРСКАЯ ОБЛАСТЬ,ПАВЛОДАР Г.А.
448965,Стоматологическая деятельность,true,,8371000,883,59213000,920,13165000,846,58947000,1031,17201000,994,39462000,957,5,Стоматологическая деятельность,ПАВЛОДАРСКАЯ ОБЛАСТЬ,ПАВЛОДАР Г.А.
448966,Прочая деятельность в области здравоохранения ,false,,243416000,883,73291000,920,193203000,846,222456000,1031,468079000,994,396891000,957,3,Деятельность в области здравоохранения,ПАВЛОДАРСКАЯ ОБЛАСТЬ,ПАВЛОДАР Г.А.
448967,Прочая деятельность в области здравоохранения ,false,,243416000,883,73291000,920,193203000,846,222456000,1031,468079000,994,396891000,957,4,Прочая деятельность в области здравоохранения ,ПАВЛОДАРСКАЯ ОБЛАСТЬ,ПАВЛОДАР Г.А.
448968,Прочая деятельность в области здравоохранения ,true,,243416000,883,73291000,920,193203000,846,,,468079000,994,396891000,957,5,Прочая деятельность в области здравоохранения ,ПАВЛОДАРСКАЯ ОБЛАСТЬ,ПАВЛОДАР Г.А.
448969,Предоставление социальных услуг с обеспечением проживания,false,,,,4072000,920,8110000,846,65391000,1031,220847000,994,2919000,957,2,Здравоохранение и социальное обслуживание населения,ПАВЛОДАРСКАЯ ОБЛАСТЬ,ПАВЛОДАР Г.А.
448973,"Предоставление социальных услуг с обеспечением проживания лицам, страдающим психическими расстройствами (заболеваниями), с умственными и физическими недостатками, алкогольной или наркотической зависимостью",false,,,,4072000,920,8009000,846,,,,,2919000,957,3,Предоставление социальных услуг с обеспечением проживания,ПАВЛОДАРСКАЯ ОБЛАСТЬ,ПАВЛОДАР Г.А.
448974,"Предоставление социальных услуг с обеспечением проживания лицам, страдающим психическими расстройствами (заболеваниями), с умственными и физическими недостатками, алкогольной или наркотической зависимостью",false,,,,4072000,920,8009000,846,,,,,2919000,957,4,"Предоставление социальных услуг с обеспечением проживания лицам, страдающим психическими расстройствами (заболеваниями), с умственными и физическими недостатками, алкогольной или наркотической зависимостью",ПАВЛОДАРСКАЯ ОБЛАСТЬ,ПАВЛОДАР Г.А.
448975,"Предоставление социальных услуг с обеспечением проживания лицам, страдающим психическими расстройствами (заболеваниями), с умственными и физическими недостатками, алкогольной или наркотической зависимостью",true,,,,4072000,920,8009000,846,,,,,2919000,957,5,"Предоставление социальных услуг с обеспечением проживания лицам, страдающим психическими расстройствами (заболеваниями), с умственными и физическими недостатками, алкогольной или наркотической зависимостью",ПАВЛОДАРСКАЯ ОБЛАСТЬ,ПАВЛОДАР Г.А.
448976,Предоставление социальных услуг пожилым гражданам и инвалидам с обеспечением проживания,false,,,,,,,,6333000,1031,,,,,3,Предоставление социальных услуг с обеспечением проживания,ПАВЛОДАРСКАЯ ОБЛАСТЬ,ПАВЛОДАР Г.А.
448977,Предоставление социальных услуг пожилым гражданам и инвалидам с обеспечением проживания,false,,,,,,,,6333000,1031,,,,,4,Предоставление социальных услуг пожилым гражданам и инвалидам с обеспечением проживания,ПАВЛОДАРСКАЯ ОБЛАСТЬ,ПАВЛОДАР Г.А.
448978,Предоставление социальных услуг пожилым гражданам и инвалидам с обеспечением проживания,true,,,,,,,,6333000,1031,,,,,5,Предоставление социальных услуг пожилым гражданам и инвалидам с обеспечением проживания,ПАВЛОДАРСКАЯ ОБЛАСТЬ,ПАВЛОДАР Г.А.
18703671,Предоставление прочих социальных услуг  с обеспечением проживания,false,,,,,,101000,846,59058000,1031,220847000,994,,,3,Предоставление социальных услуг с обеспечением проживания,ПАВЛОДАРСКАЯ ОБЛАСТЬ,ПАВЛОДАР Г.А.
18703672,Предоставление прочих социальных услуг  с обеспечением проживания,false,,,,,,101000,846,59058000,1031,220847000,994,,,4,Предоставление прочих социальных услуг  с обеспечением проживания,ПАВЛОДАРСКАЯ ОБЛАСТЬ,ПАВЛОДАР Г.А.
18703673,Предоставление прочих социальных услуг  с обеспечением проживания,true,,,,,,101000,846,59058000,1031,220847000,994,,,5,Предоставление прочих социальных услуг  с обеспечением проживания,ПАВЛОДАРСКАЯ ОБЛАСТЬ,ПАВЛОДАР Г.А.
448982,Предоставление социальных услуг без обеспечения проживания,false,,,,45000,920,,,26889000,1031,269000,994,,,2,Здравоохранение и социальное обслуживание населения,ПАВЛОДАРСКАЯ ОБЛАСТЬ,ПАВЛОДАР Г.А.
448983,Предоставление социальных услуг без обеспечения проживания пожилым гражданам и инвалидам,false,,,,45000,920,,,,,,,,,3,Предоставление социальных услуг без обеспечения проживания,ПАВЛОДАРСКАЯ ОБЛАСТЬ,ПАВЛОДАР Г.А.
448984,Предоставление социальных услуг без обеспечения проживания пожилым гражданам и инвалидам,false,,,,45000,920,,,,,,,,,4,Предоставление социальных услуг без обеспечения проживания пожилым гражданам и инвалидам,ПАВЛОДАРСКАЯ ОБЛАСТЬ,ПАВЛОДАР Г.А.
448985,Предоставление социальных услуг без обеспечения проживания пожилым гражданам и инвалидам,true,,,,45000,920,,,,,,,,,5,Предоставление социальных услуг без обеспечения проживания пожилым гражданам и инвалидам,ПАВЛОДАРСКАЯ ОБЛАСТЬ,ПАВЛОДАР Г.А.
448986,Предоставление прочих социальных услуг без обеспечения проживания,false,,,,,,,,26889000,1031,269000,994,,,3,Предоставление социальных услуг без обеспечения проживания,ПАВЛОДАРСКАЯ ОБЛАСТЬ,ПАВЛОДАР Г.А.
448989,"Предоставление прочих социальных услуг без обеспечения проживания, не включенные в другие группировки",false,,,,,,,,26889000,1031,269000,994,,,4,Предоставление прочих социальных услуг без обеспечения проживания,ПАВЛОДАРСКАЯ ОБЛАСТЬ,ПАВЛОДАР Г.А.
448990,"Предоставление прочих социальных услуг без обеспечения проживания, не включенные в другие группировки",true,,,,,,,,26889000,1031,269000,994,,,5,"Предоставление прочих социальных услуг без обеспечения проживания, не включенные в другие группировки",ПАВЛОДАРСКАЯ ОБЛАСТЬ,ПАВЛОДАР Г.А.
448991,"Искусство, развлечения и отдых",false,,1297641000,883,1797019000,920,2502383000,846,2142751000,1031,2742793000,994,2643021000,957,1,Всего,ПАВЛОДАРСКАЯ ОБЛАСТЬ,ПАВЛОДАР Г.А.
448992,"Деятельность в области творчества, искусства и развлечений",false,,854000,883,7700000,920,41598000,846,,,2911000,994,,,2,"Искусство, развлечения и отдых",ПАВЛОДАРСКАЯ ОБЛАСТЬ,ПАВЛОДАР Г.А.
448993,"Деятельность в области творчества, искусства и развлечений",false,,854000,883,7700000,920,41598000,846,,,2911000,994,,,3,"Деятельность в области творчества, искусства и развлечений",ПАВЛОДАРСКАЯ ОБЛАСТЬ,ПАВЛОДАР Г.А.
448994,Артистическая деятельность,false,,854000,883,7700000,920,32635000,846,,,2911000,994,,,4,"Деятельность в области творчества, искусства и развлечений",ПАВЛОДАРСКАЯ ОБЛАСТЬ,ПАВЛОДАР Г.А.
448995,Театральная деятельность,true,,,,,,32401000,846,,,,,,,5,Артистическая деятельность,ПАВЛОДАРСКАЯ ОБЛАСТЬ,ПАВЛОДАР Г.А.
448996,Концертная деятельность,true,,854000,883,7700000,920,234000,846,,,2911000,994,,,5,Артистическая деятельность,ПАВЛОДАРСКАЯ ОБЛАСТЬ,ПАВЛОДАР Г.А.
449000,Художественное и литературное творчество,false,,,,,,8963000,846,,,,,,,4,"Деятельность в области творчества, искусства и развлечений",ПАВЛОДАРСКАЯ ОБЛАСТЬ,ПАВЛОДАР Г.А.
449001,Художественное и литературное творчество,true,,,,,,8963000,846,,,,,,,5,Художественное и литературное творчество,ПАВЛОДАРСКАЯ ОБЛАСТЬ,ПАВЛОДАР Г.А.
449004,"Деятельность библиотек, архивов, музеев и прочая деятельность в области культуры",false,,120358000,883,82825000,920,4831000,846,100342000,1031,109988000,994,21361000,957,2,"Искусство, развлечения и отдых",ПАВЛОДАРСКАЯ ОБЛАСТЬ,ПАВЛОДАР Г.А.
449005,"Деятельность библиотек, архивов, музеев и прочая деятельность в области культуры",false,,120358000,883,82825000,920,4831000,846,100342000,1031,109988000,994,21361000,957,3,"Деятельность библиотек, архивов, музеев и прочая деятельность в области культуры",ПАВЛОДАРСКАЯ ОБЛАСТЬ,ПАВЛОДАР Г.А.
449006,Деятельность библиотек и архивов,false,,120358000,883,27557000,920,4831000,846,89542000,1031,41579000,994,21361000,957,4,"Деятельность библиотек, архивов, музеев и прочая деятельность в области культуры",ПАВЛОДАРСКАЯ ОБЛАСТЬ,ПАВЛОДАР Г.А.
449008,"Библиотечная деятельность, включая деятельность читальных залов, лекториев, демонстрационных залов",true,,120358000,883,19053000,920,4831000,846,88600000,1031,6061000,994,13323000,957,5,Деятельность библиотек и архивов,ПАВЛОДАРСКАЯ ОБЛАСТЬ,ПАВЛОДАР Г.А.
449009,Деятельность архивов,true,,,,8504000,920,,,942000,1031,35518000,994,8038000,957,5,Деятельность библиотек и архивов,ПАВЛОДАРСКАЯ ОБЛАСТЬ,ПАВЛОДАР Г.А.
449011,Деятельность музеев,false,,,,743000,920,,,x,1031,68409000,994,,,4,"Деятельность библиотек, архивов, музеев и прочая деятельность в области культуры",ПАВЛОДАРСКАЯ ОБЛАСТЬ,ПАВЛОДАР Г.А.
449012,Деятельность музеев,true,,,,743000,920,,,x,1031,68409000,994,,,5,Деятельность музеев,ПАВЛОДАРСКАЯ ОБЛАСТЬ,ПАВЛОДАР Г.А.
449013,Деятельность исторических мест и зданий и аналогичных туристических достопримечательностей,false,,,,x,920,,,,,,,,,4,"Деятельность библиотек, архивов, музеев и прочая деятельность в области культуры",ПАВЛОДАРСКАЯ ОБЛАСТЬ,ПАВЛОДАР Г.А.
449014,Деятельность исторических мест и зданий и аналогичных туристических достопримечательностей,true,,,,x,920,,,,,,,,,5,Деятельность исторических мест и зданий и аналогичных туристических достопримечательностей,ПАВЛОДАРСКАЯ ОБЛАСТЬ,ПАВЛОДАР Г.А.
449022,"Деятельность в области спорта, организации отдыха и развлечений",false,,1176429000,883,1706494000,920,2455954000,846,2042409000,1031,2629894000,994,2621660000,957,2,"Искусство, развлечения и отдых",ПАВЛОДАРСКАЯ ОБЛАСТЬ,ПАВЛОДАР Г.А.
449023,Деятельность в области спорта,false,,1129914000,883,1591053000,920,2443814000,846,514322000,1031,1490038000,994,2069685000,957,3,"Деятельность в области спорта, организации отдыха и развлечений",ПАВЛОДАРСКАЯ ОБЛАСТЬ,ПАВЛОДАР Г.А.
449024,Эксплуатация спортивных сооружений,false,,1122986000,883,1591053000,920,2443109000,846,514022000,1031,1484230000,994,1923221000,957,4,Деятельность в области спорта,ПАВЛОДАРСКАЯ ОБЛАСТЬ,ПАВЛОДАР Г.А.
449025,Эксплуатация спортивных сооружений,true,,1122986000,883,1591053000,920,2443109000,846,514022000,1031,1484230000,994,1923221000,957,5,Эксплуатация спортивных сооружений,ПАВЛОДАРСКАЯ ОБЛАСТЬ,ПАВЛОДАР Г.А.
449026,Деятельность спортивных клубов,false,,x,883,,,x,846,300000,1031,5808000,994,146464000,957,4,Деятельность в области спорта,ПАВЛОДАРСКАЯ ОБЛАСТЬ,ПАВЛОДАР Г.А.
449027,Деятельность спортивных клубов,true,,x,883,,,x,846,300000,1031,5808000,994,146464000,957,5,Деятельность спортивных клубов,ПАВЛОДАРСКАЯ ОБЛАСТЬ,ПАВЛОДАР Г.А.
449032,Деятельность по организации отдыха и развлечений,false,,46515000,883,115441000,920,12140000,846,1528087000,1031,1139856000,994,551975000,957,3,"Деятельность в области спорта, организации отдыха и развлечений",ПАВЛОДАРСКАЯ ОБЛАСТЬ,ПАВЛОДАР Г.А.
449035,Прочая деятельность по организации отдыха и развлечений,false,,46515000,883,115441000,920,12140000,846,1528087000,1031,1139856000,994,551975000,957,4,Деятельность по организации отдыха и развлечений,ПАВЛОДАРСКАЯ ОБЛАСТЬ,ПАВЛОДАР Г.А.
449039,Прочие виды деятельности по организации отдыха и развлечений,true,,46515000,883,115441000,920,12140000,846,1528087000,1031,1139856000,994,551975000,957,5,Прочая деятельность по организации отдыха и развлечений,ПАВЛОДАРСКАЯ ОБЛАСТЬ,ПАВЛОДАР Г.А.
449040,Предоставление прочих видов услуг,false,,13056000,883,7339000,920,23072000,846,1399000,1031,27000,994,14957000,957,1,Всего,ПАВЛОДАРСКАЯ ОБЛАСТЬ,ПАВЛОДАР Г.А.
449041,Деятельность общественных объединений (организаций),false,,,,6762000,920,,,1050000,1031,27000,994,,,2,Предоставление прочих видов услуг,ПАВЛОДАРСКАЯ ОБЛАСТЬ,ПАВЛОДАР Г.А.
449050,Деятельность прочих общественных  объединений,false,,,,6762000,920,,,1050000,1031,27000,994,,,3,Деятельность общественных объединений (организаций),ПАВЛОДАРСКАЯ ОБЛАСТЬ,ПАВЛОДАР Г.А.
449055,"Деятельность прочих общественных организаций, не включенных в другие группировки",false,,,,6762000,920,,,1050000,1031,27000,994,,,4,Деятельность прочих общественных  объединений,ПАВЛОДАРСКАЯ ОБЛАСТЬ,ПАВЛОДАР Г.А.
449056,"Деятельность прочих общественных организаций, не включенных в другие группировки",true,,,,6762000,920,,,1050000,1031,27000,994,,,5,"Деятельность прочих общественных организаций, не включенных в другие группировки",ПАВЛОДАРСКАЯ ОБЛАСТЬ,ПАВЛОДАР Г.А.
449057,"Ремонт компьютеров, предметов личного потребления и бытовых товаров",false,,632000,883,x,920,1148000,846,349000,1031,,,x,957,2,Предоставление прочих видов услуг,ПАВЛОДАРСКАЯ ОБЛАСТЬ,ПАВЛОДАР Г.А.
449058,Ремонт компьютеров и коммуникационного оборудования,false,,632000,883,x,920,1050000,846,349000,1031,,,x,957,3,"Ремонт компьютеров, предметов личного потребления и бытовых товаров",ПАВЛОДАРСКАЯ ОБЛАСТЬ,ПАВЛОДАР Г.А.
449059,Ремонт компьютеров и периферийного оборудования,false,,632000,883,x,920,1050000,846,349000,1031,,,x,957,4,Ремонт компьютеров и коммуникационного оборудования,ПАВЛОДАРСКАЯ ОБЛАСТЬ,ПАВЛОДАР Г.А.
449060,Ремонт компьютеров и периферийного оборудования,true,,632000,883,x,920,1050000,846,349000,1031,,,x,957,5,Ремонт компьютеров и периферийного оборудования,ПАВЛОДАРСКАЯ ОБЛАСТЬ,ПАВЛОДАР Г.А.
449063,Ремонт предметов личного потребления и бытовых товаров,false,,,,,,x,846,,,,,,,3,"Ремонт компьютеров, предметов личного потребления и бытовых товаров",ПАВЛОДАРСКАЯ ОБЛАСТЬ,ПАВЛОДАР Г.А.
449066,"Ремонт бытовых приборов, домашнего и садового оборудования",false,,,,,,x,846,,,,,,,4,Ремонт предметов личного потребления и бытовых товаров,ПАВЛОДАРСКАЯ ОБЛАСТЬ,ПАВЛОДАР Г.А.
449067,"Ремонт бытовых приборов, домашнего и садового оборудования",true,,,,,,x,846,,,,,,,5,"Ремонт бытовых приборов, домашнего и садового оборудования",ПАВЛОДАРСКАЯ ОБЛАСТЬ,ПАВЛОДАР Г.А.
449084,Предоставление прочих индивидуальных услуг,false,,x,883,198000,920,21924000,846,,,,,x,957,2,Предоставление прочих видов услуг,ПАВЛОДАРСКАЯ ОБЛАСТЬ,ПАВЛОДАР Г.А.
449085,Предоставление прочих индивидуальных услуг,false,,x,883,198000,920,21924000,846,,,,,x,957,3,Предоставление прочих индивидуальных услуг,ПАВЛОДАРСКАЯ ОБЛАСТЬ,ПАВЛОДАР Г.А.
449086,Стирка и (химическая) чистка текстильных и меховых изделий ,false,,,,,,x,846,,,,,,,4,Предоставление прочих индивидуальных услуг,ПАВЛОДАРСКАЯ ОБЛАСТЬ,ПАВЛОДАР Г.А.
449087,Стирка и обработка белья,true,,,,,,x,846,,,,,,,5,Стирка и (химическая) чистка текстильных и меховых изделий ,ПАВЛОДАРСКАЯ ОБЛАСТЬ,ПАВЛОДАР Г.А.
449089,Предоставление услуг парикмахерскими и салонами красоты,false,,,,,,x,846,,,,,,,4,Предоставление прочих индивидуальных услуг,ПАВЛОДАРСКАЯ ОБЛАСТЬ,ПАВЛОДАР Г.А.
449090,Предоставление услуг парикмахерскими и салонами красоты,true,,,,,,x,846,,,,,,,5,Предоставление услуг парикмахерскими и салонами красоты,ПАВЛОДАРСКАЯ ОБЛАСТЬ,ПАВЛОДАР Г.А.
449091,Организация похорон и связанная с этим деятельность,false,,x,883,198000,920,,,,,,,x,957,4,Предоставление прочих индивидуальных услуг,ПАВЛОДАРСКАЯ ОБЛАСТЬ,ПАВЛОДАР Г.А.
449092,Организация похорон и связанная с этим деятельность,true,,x,883,198000,920,,,,,,,x,957,5,Организация похорон и связанная с этим деятельность,ПАВЛОДАРСКАЯ ОБЛАСТЬ,ПАВЛОДАР Г.А.
449093,Деятельность по обеспечению физического комфорта,false,,,,,,x,846,,,,,,,4,Предоставление прочих индивидуальных услуг,ПАВЛОДАРСКАЯ ОБЛАСТЬ,ПАВЛОДАР Г.А.
449094,Деятельность по обеспечению физического комфорта,true,,,,,,x,846,,,,,,,5,Деятельность по обеспечению физического комфорта,ПАВЛОДАРСКАЯ ОБЛАСТЬ,ПАВЛОДАР Г.А.
449095,"Предоставление прочих индивидуальных услуг, не включенных в другие группировки",false,,,,,,1806000,846,,,,,,,4,Предоставление прочих индивидуальных услуг,ПАВЛОДАРСКАЯ ОБЛАСТЬ,ПАВЛОДАР Г.А.
449096,"Предоставление прочих индивидуальных услуг, не включенных в другие группировки",true,,,,,,1806000,846,,,,,,,5,"Предоставление прочих индивидуальных услуг, не включенных в другие группировки",ПАВЛОДАРСКАЯ ОБЛАСТЬ,ПАВЛОДАР Г.А.
741340,Промышленность,false,,62967658000,883,118569047000,920,102190366000,846,156860592000,1031,116016864000,994,132778345000,957,1,Всего,ПАВЛОДАРСКАЯ ОБЛАСТЬ,ПАВЛОДАР Г.А.
447279,Горнодобывающая промышленность и разработка карьеров,false,,3539745000,883,43469000,920,117045000,846,x,1031,245000,994,x,957,2,Промышленность,ПАВЛОДАРСКАЯ ОБЛАСТЬ,ПАВЛОДАР Г.А.
447316,Добыча прочих полезных ископаемых,false,,589745000,883,43469000,920,44151000,846,,,245000,994,x,957,3,Горнодобывающая промышленность и разработка карьеров,ПАВЛОДАРСКАЯ ОБЛАСТЬ,ПАВЛОДАР Г.А.
447317,"Добыча камня, песка и глины",false,,63569000,883,308000,920,16131000,846,,,245000,994,x,957,4,Добыча прочих полезных ископаемых,ПАВЛОДАРСКАЯ ОБЛАСТЬ,ПАВЛОДАР Г.А.
447318,"Добыча отделочного и строительного камня, известняка, гипса, мела и сланцев",false,,44569000,883,40000,920,x,846,,,,,,,5,"Добыча камня, песка и глины",ПАВЛОДАРСКАЯ ОБЛАСТЬ,ПАВЛОДАР Г.А.
447322,"Разработка гравийных и песчаных карьеров, добыча глины и каолина",false,,x,883,x,920,16080000,846,,,245000,994,x,957,5,"Добыча камня, песка и глины",ПАВЛОДАРСКАЯ ОБЛАСТЬ,ПАВЛОДАР Г.А.
447325,"Добыча полезных ископаемых, не включенных в другие группировки",false,,526176000,883,43161000,920,28020000,846,,,,,,,4,Добыча прочих полезных ископаемых,ПАВЛОДАРСКАЯ ОБЛАСТЬ,ПАВЛОДАР Г.А.
447330,Добыча соли,false,,,,3578000,920,x,846,,,,,,,5,"Добыча полезных ископаемых, не включенных в другие группировки",ПАВЛОДАРСКАЯ ОБЛАСТЬ,ПАВЛОДАР Г.А.
447332,"Добыча прочих полезных ископаемых, не включенных в другие группировки ",false,,526176000,883,39583000,920,x,846,,,,,,,5,"Добыча полезных ископаемых, не включенных в другие группировки",ПАВЛОДАРСКАЯ ОБЛАСТЬ,ПАВЛОДАР Г.А.
447339,Предоставление услуг в горнодобывающей промышленности,false,,x,883,,,72894000,846,x,1031,,,,,3,Горнодобывающая промышленность и разработка карьеров,ПАВЛОДАРСКАЯ ОБЛАСТЬ,ПАВЛОДАР Г.А.
447343,"Предоставление услуг, способствующих добыче других полезных ископаемых",false,,x,883,,,72894000,846,x,1031,,,,,4,Предоставление услуг в горнодобывающей промышленности,ПАВЛОДАРСКАЯ ОБЛАСТЬ,ПАВЛОДАР Г.А.
447344,"Предоставление услуг, способствующих добыче других полезных ископаемых",false,,x,883,,,72894000,846,x,1031,,,,,5,"Предоставление услуг, способствующих добыче других полезных ископаемых",ПАВЛОДАРСКАЯ ОБЛАСТЬ,ПАВЛОДАР Г.А.
447346,Обрабатывающая промышленность,false,,46134320000,883,72426799000,920,84169695000,846,112555627000,1031,86491493000,994,98481983000,957,2,Промышленность,ПАВЛОДАРСКАЯ ОБЛАСТЬ,ПАВЛОДАР Г.А.
447347,Производство продуктов питания,false,,2220590000,883,1304151000,920,3310003000,846,3755439000,1031,2015353000,994,2447452000,957,3,Обрабатывающая промышленность,ПАВЛОДАРСКАЯ ОБЛАСТЬ,ПАВЛОДАР Г.А.
447348,Переработка и консервирование мяса и производство мясной продукции,false,,1122526000,883,x,920,x,846,x,1031,x,994,x,957,4,Производство продуктов питания,ПАВЛОДАРСКАЯ ОБЛАСТЬ,ПАВЛОДАР Г.А.
447353,Производство продуктов из мяса и мяса сельскохозяйственной птицы ,false,,1122526000,883,x,920,x,846,x,1031,x,994,x,957,5,Переработка и консервирование мяса и производство мясной продукции,ПАВЛОДАРСКАЯ ОБЛАСТЬ,ПАВЛОДАР Г.А.
447365,Производство растительных и животных масел и жиров,false,,,,,,,,x,1031,33371000,994,x,957,4,Производство продуктов питания,ПАВЛОДАРСКАЯ ОБЛАСТЬ,ПАВЛОДАР Г.А.
447366,Производство масел и жиров,false,,,,,,,,x,1031,33371000,994,x,957,5,Производство растительных и животных масел и жиров,ПАВЛОДАРСКАЯ ОБЛАСТЬ,ПАВЛОДАР Г.А.
447371,Производство молочных продуктов,false,,787713000,883,360639000,920,617427000,846,1123362000,1031,1007111000,994,824065000,957,4,Производство продуктов питания,ПАВЛОДАРСКАЯ ОБЛАСТЬ,ПАВЛОДАР Г.А.
447372,Переработка молока и производство сыров,false,,787713000,883,360639000,920,617427000,846,1123362000,1031,1007111000,994,824065000,957,5,Производство молочных продуктов,ПАВЛОДАРСКАЯ ОБЛАСТЬ,ПАВЛОДАР Г.А.
447377,"Производство мукомольно-крупяных продуктов, крахмалов и крахмальных продуктов",false,,210134000,883,108608000,920,455245000,846,1507901000,1031,17071000,994,293894000,957,4,Производство продуктов питания,ПАВЛОДАРСКАЯ ОБЛАСТЬ,ПАВЛОДАР Г.А.
447378,Производство мукомольно-крупяных продуктов,false,,210134000,883,108608000,920,455245000,846,1507901000,1031,17071000,994,293894000,957,5,"Производство мукомольно-крупяных продуктов, крахмалов и крахмальных продуктов",ПАВЛОДАРСКАЯ ОБЛАСТЬ,ПАВЛОДАР Г.А.
447384,"Производство  хлебобулочных, макаронных и мучных кондитерских изделий",false,,53536000,883,212253000,920,904352000,846,218021000,1031,139722000,994,624815000,957,4,Производство продуктов питания,ПАВЛОДАРСКАЯ ОБЛАСТЬ,ПАВЛОДАР Г.А.
447385,Производство хлебобулочных и мучных кондитерских изделий недлительного хранения,false,,50053000,883,26904000,920,67521000,846,x,1031,x,994,x,957,5,"Производство  хлебобулочных, макаронных и мучных кондитерских изделий",ПАВЛОДАРСКАЯ ОБЛАСТЬ,ПАВЛОДАР Г.А.
447387,"Производство сухарей и печенья, мучных кондитерских изделий длительного хранения",false,,,,,,x,846,,,,,,,5,"Производство  хлебобулочных, макаронных и мучных кондитерских изделий",ПАВЛОДАРСКАЯ ОБЛАСТЬ,ПАВЛОДАР Г.А.
447389,Производство макаронных изделий,false,,x,883,x,920,x,846,191858000,1031,x,994,x,957,5,"Производство  хлебобулочных, макаронных и мучных кондитерских изделий",ПАВЛОДАРСКАЯ ОБЛАСТЬ,ПАВЛОДАР Г.А.
447391,Производство прочих продуктов питания,false,,46681000,883,111499000,920,698276000,846,220947000,1031,95637000,994,26942000,957,4,Производство продуктов питания,ПАВЛОДАРСКАЯ ОБЛАСТЬ,ПАВЛОДАР Г.А.
447400,Производство готовых пищевых продуктов,false,,46681000,883,111499000,920,698276000,846,220947000,1031,95637000,994,26942000,957,5,Производство прочих продуктов питания,ПАВЛОДАРСКАЯ ОБЛАСТЬ,ПАВЛОДАР Г.А.
447408,Производство готовых кормов для животных,false,,,,x,920,x,846,x,1031,,,,,4,Производство продуктов питания,ПАВЛОДАРСКАЯ ОБЛАСТЬ,ПАВЛОДАР Г.А.
447409,Производство готовых кормов для сельскохозяйственных животных,false,,,,x,920,x,846,x,1031,,,,,5,Производство готовых кормов для животных,ПАВЛОДАРСКАЯ ОБЛАСТЬ,ПАВЛОДАР Г.А.
447413,Производство напитков,false,,431876000,883,270534000,920,73131000,846,16912000,1031,128377000,994,116674000,957,3,Обрабатывающая промышленность,ПАВЛОДАРСКАЯ ОБЛАСТЬ,ПАВЛОДАР Г.А.
447414,Производство напитков,false,,431876000,883,270534000,920,73131000,846,16912000,1031,128377000,994,116674000,957,4,Производство напитков,ПАВЛОДАРСКАЯ ОБЛАСТЬ,ПАВЛОДАР Г.А.
447423,Производство пива,false,,431876000,883,270534000,920,52088000,846,16912000,1031,128377000,994,116674000,957,5,Производство напитков,ПАВЛОДАРСКАЯ ОБЛАСТЬ,ПАВЛОДАР Г.А.
447427,"Производство безалкогольных напитков, минеральных вод и других вод в бутылках",false,,,,,,21043000,846,,,,,,,5,Производство напитков,ПАВЛОДАРСКАЯ ОБЛАСТЬ,ПАВЛОДАР Г.А.
447434,Производство текстильных изделий,false,,41403000,883,x,920,2021729000,846,208920000,1031,74730000,994,170401000,957,3,Обрабатывающая промышленность,ПАВЛОДАРСКАЯ ОБЛАСТЬ,ПАВЛОДАР Г.А.
447456,Производство прочих текстильных изделий,false,,41403000,883,x,920,2021729000,846,208920000,1031,74730000,994,170401000,957,4,Производство текстильных изделий,ПАВЛОДАРСКАЯ ОБЛАСТЬ,ПАВЛОДАР Г.А.
447460,"Производство готовых текстильных изделий, кроме одежды",false,,x,883,,,x,846,22579000,1031,,,,,5,Производство прочих текстильных изделий,ПАВЛОДАРСКАЯ ОБЛАСТЬ,ПАВЛОДАР Г.А.
447467,"Производство нетканых текстильных изделий, кроме одежды",false,,,,,,,,172870000,1031,x,994,x,957,5,Производство прочих текстильных изделий,ПАВЛОДАРСКАЯ ОБЛАСТЬ,ПАВЛОДАР Г.А.
447469,Производство прочих текстильных изделий технического и производственного назначения,false,,502000,883,x,920,3066000,846,x,1031,x,994,x,957,5,Производство прочих текстильных изделий,ПАВЛОДАРСКАЯ ОБЛАСТЬ,ПАВЛОДАР Г.А.
447475,Производство одежды,false,,x,883,x,920,x,846,x,1031,x,994,x,957,3,Обрабатывающая промышленность,ПАВЛОДАРСКАЯ ОБЛАСТЬ,ПАВЛОДАР Г.А.
447476,"Производство одежды, кроме одежды из меха",false,,x,883,x,920,x,846,x,1031,x,994,x,957,4,Производство одежды,ПАВЛОДАРСКАЯ ОБЛАСТЬ,ПАВЛОДАР Г.А.
447479,Производство спецодежды,false,,x,883,x,920,x,846,x,1031,x,994,x,957,5,"Производство одежды, кроме одежды из меха",ПАВЛОДАРСКАЯ ОБЛАСТЬ,ПАВЛОДАР Г.А.
447508,"Производство деревянных и пробковых изделий, кроме мебели; производство изделий из соломки и материалов для плетения",false,,x,883,,,,,,,,,,,3,Обрабатывающая промышленность,ПАВЛОДАРСКАЯ ОБЛАСТЬ,ПАВЛОДАР Г.А.
447509,Лесопильное и строгальное производство,false,,x,883,,,,,,,,,,,4,"Производство деревянных и пробковых изделий, кроме мебели; производство изделий из соломки и материалов для плетения",ПАВЛОДАРСКАЯ ОБЛАСТЬ,ПАВЛОДАР Г.А.
447510,Лесопильное и строгальное производство,false,,x,883,,,,,,,,,,,5,Лесопильное и строгальное производство,ПАВЛОДАРСКАЯ ОБЛАСТЬ,ПАВЛОДАР Г.А.
447529,Производство бумаги и бумажной продукции,false,,x,883,x,920,x,846,20669000,1031,x,994,x,957,3,Обрабатывающая промышленность,ПАВЛОДАРСКАЯ ОБЛАСТЬ,ПАВЛОДАР Г.А.
447535,Производство изделий из бумаги и картона,false,,x,883,x,920,x,846,20669000,1031,x,994,x,957,4,Производство бумаги и бумажной продукции,ПАВЛОДАРСКАЯ ОБЛАСТЬ,ПАВЛОДАР Г.А.
447536,"Производство гофрированной бумаги и картона, бумажной и картонной тары",false,,x,883,x,920,x,846,20669000,1031,x,994,x,957,5,Производство изделий из бумаги и картона,ПАВЛОДАРСКАЯ ОБЛАСТЬ,ПАВЛОДАР Г.А.
447547,Полиграфическая деятельность и воспроизведение записанных носителей информации,false,,,,,,6989000,846,789000,1031,22250000,994,x,957,3,Обрабатывающая промышленность,ПАВЛОДАРСКАЯ ОБЛАСТЬ,ПАВЛОДАР Г.А.
447548,Полиграфическая деятельность и предоставление услуг в этой области,false,,,,,,6989000,846,789000,1031,22250000,994,x,957,4,Полиграфическая деятельность и воспроизведение записанных носителей информации,ПАВЛОДАРСКАЯ ОБЛАСТЬ,ПАВЛОДАР Г.А.
447551,Прочие виды печатного производства,false,,,,,,589000,846,789000,1031,2200000,994,x,957,5,Полиграфическая деятельность и предоставление услуг в этой области,ПАВЛОДАРСКАЯ ОБЛАСТЬ,ПАВЛОДАР Г.А.
447553,Деятельность по подготовке материалов к печати и распространению,false,,,,,,x,846,,,,,,,5,Полиграфическая деятельность и предоставление услуг в этой области,ПАВЛОДАРСКАЯ ОБЛАСТЬ,ПАВЛОДАР Г.А.
447555,"Брошюровочно-переплетная, отделочная деятельность и сопутствующие услуги",false,,,,,,,,,,20050000,994,,,5,Полиграфическая деятельность и предоставление услуг в этой области,ПАВЛОДАРСКАЯ ОБЛАСТЬ,ПАВЛОДАР Г.А.
447562,Производство кокса и продуктов нефтепереработки,false,,4772461000,883,16770803000,920,3823379000,846,38030023000,1031,26629770000,994,9544875000,957,3,Обрабатывающая промышленность,ПАВЛОДАРСКАЯ ОБЛАСТЬ,ПАВЛОДАР Г.А.
447566,"Производство продуктов нефтепереработки, брикетов из торфа и угля",false,,4772461000,883,16770803000,920,3823379000,846,38030023000,1031,26629770000,994,9544875000,957,4,Производство кокса и продуктов нефтепереработки,ПАВЛОДАРСКАЯ ОБЛАСТЬ,ПАВЛОДАР Г.А.
447567,"Производство продуктов нефтепереработки, брикетов из торфа и угля",false,,4772461000,883,16770803000,920,3823379000,846,38030023000,1031,26629770000,994,9544875000,957,5,"Производство продуктов нефтепереработки, брикетов из торфа и угля",ПАВЛОДАРСКАЯ ОБЛАСТЬ,ПАВЛОДАР Г.А.
447572,Производство продуктов химической промышленности,false,,10452350000,883,32907599000,920,36524620000,846,4807105000,1031,5790854000,994,25851067000,957,3,Обрабатывающая промышленность,ПАВЛОДАРСКАЯ ОБЛАСТЬ,ПАВЛОДАР Г.А.
447573,"Производство основных химических веществ, удобрений и азотных соединений, пластмасс и синтетического каучука в первичных формах",false,,10344968000,883,32022247000,920,35024375000,846,4491579000,1031,3035013000,994,24074828000,957,4,Производство продуктов химической промышленности,ПАВЛОДАРСКАЯ ОБЛАСТЬ,ПАВЛОДАР Г.А.
447574,Производство промышленных газов,false,,2838491000,883,x,920,839724000,846,552345000,1031,510858000,994,x,957,5,"Производство основных химических веществ, удобрений и азотных соединений, пластмасс и синтетического каучука в первичных формах",ПАВЛОДАРСКАЯ ОБЛАСТЬ,ПАВЛОДАР Г.А.
447578,Производство прочих основных неорганических химических веществ,false,,6598020000,883,30408678000,920,33940978000,846,870426000,1031,x,994,22569857000,957,5,"Производство основных химических веществ, удобрений и азотных соединений, пластмасс и синтетического каучука в первичных формах",ПАВЛОДАРСКАЯ ОБЛАСТЬ,ПАВЛОДАР Г.А.
447580,Производство прочих основных органических химических веществ,false,,x,883,x,920,,,2616742000,1031,x,994,x,957,5,"Производство основных химических веществ, удобрений и азотных соединений, пластмасс и синтетического каучука в первичных формах",ПАВЛОДАРСКАЯ ОБЛАСТЬ,ПАВЛОДАР Г.А.
447587,Производство пластмасс в первичных формах,false,,x,883,,,x,846,x,1031,,,,,5,"Производство основных химических веществ, удобрений и азотных соединений, пластмасс и синтетического каучука в первичных формах",ПАВЛОДАРСКАЯ ОБЛАСТЬ,ПАВЛОДАР Г.А.
447591,Производство пестицидов и прочей агрохимической продукции,false,,,,,,x,846,,,1380000,994,,,4,Производство продуктов химической промышленности,ПАВЛОДАРСКАЯ ОБЛАСТЬ,ПАВЛОДАР Г.А.
447592,Производство пестицидов и прочей агрохимической продукции,false,,,,,,x,846,,,1380000,994,,,5,Производство пестицидов и прочей агрохимической продукции,ПАВЛОДАРСКАЯ ОБЛАСТЬ,ПАВЛОДАР Г.А.
447594,"Производство красок, лаков и аналогичных покрытий, типографской краски и мастик",false,,72242000,883,8405000,920,31149000,846,64498000,1031,10475000,994,x,957,4,Производство продуктов химической промышленности,ПАВЛОДАРСКАЯ ОБЛАСТЬ,ПАВЛОДАР Г.А.
447595,"Производство красок, лаков и аналогичных покрытий, типографской краски и мастик",false,,72242000,883,8405000,920,31149000,846,64498000,1031,10475000,994,x,957,5,"Производство красок, лаков и аналогичных покрытий, типографской краски и мастик",ПАВЛОДАРСКАЯ ОБЛАСТЬ,ПАВЛОДАР Г.А.
447598,"Производство мыла, моющих, чистящих, полирующих, парфюмерных и косметических средств",false,,x,883,x,920,x,846,x,1031,x,994,x,957,4,Производство продуктов химической промышленности,ПАВЛОДАРСКАЯ ОБЛАСТЬ,ПАВЛОДАР Г.А.
447599,"Производство мыла и моющих, чистящих и полирующих средств",false,,x,883,x,920,x,846,x,1031,x,994,x,957,5,"Производство мыла, моющих, чистящих, полирующих, парфюмерных и косметических средств",ПАВЛОДАРСКАЯ ОБЛАСТЬ,ПАВЛОДАР Г.А.
447603,Производство прочих химических продуктов,false,,34537000,883,875756000,920,1248723000,846,250435000,1031,2567625000,994,1707028000,957,4,Производство продуктов химической промышленности,ПАВЛОДАРСКАЯ ОБЛАСТЬ,ПАВЛОДАР Г.А.
447611,"Производство прочих химических продуктов, не включенных в другие группировки ",false,,34537000,883,875756000,920,1248723000,846,250435000,1031,2567625000,994,1707028000,957,5,Производство прочих химических продуктов,ПАВЛОДАРСКАЯ ОБЛАСТЬ,ПАВЛОДАР Г.А.
447628,Производство резиновых и пластмассовых изделий,false,,70356000,883,x,920,1039538000,846,522163000,1031,76943000,994,65989000,957,3,Обрабатывающая промышленность,ПАВЛОДАРСКАЯ ОБЛАСТЬ,ПАВЛОДАР Г.А.
447629,Производство резиновых изделий,false,,,,,,410942000,846,,,,,,,4,Производство резиновых и пластмассовых изделий,ПАВЛОДАРСКАЯ ОБЛАСТЬ,ПАВЛОДАР Г.А.
447633,Производство прочих резиновых изделий,false,,,,,,410942000,846,,,,,,,5,Производство резиновых изделий,ПАВЛОДАРСКАЯ ОБЛАСТЬ,ПАВЛОДАР Г.А.
447636,Производство пластмассовых изделий,false,,70356000,883,x,920,628596000,846,522163000,1031,76943000,994,65989000,957,4,Производство резиновых и пластмассовых изделий,ПАВЛОДАРСКАЯ ОБЛАСТЬ,ПАВЛОДАР Г.А.
447637,"Производство пластмассовых плит, листов, труб и профилей",false,,,,,,,,223325000,1031,5549000,994,x,957,5,Производство пластмассовых изделий,ПАВЛОДАРСКАЯ ОБЛАСТЬ,ПАВЛОДАР Г.А.
447639,Производство пластмассовых упаковок для товаров,false,,70356000,883,x,920,11621000,846,298838000,1031,71394000,994,64251000,957,5,Производство пластмассовых изделий,ПАВЛОДАРСКАЯ ОБЛАСТЬ,ПАВЛОДАР Г.А.
447641,Производство строительных пластмассовых изделий,false,,,,,,616975000,846,,,,,,,5,Производство пластмассовых изделий,ПАВЛОДАРСКАЯ ОБЛАСТЬ,ПАВЛОДАР Г.А.
447646,Производство прочей не металлической минеральной продукции,false,,233452000,883,1771622000,920,2517876000,846,772658000,1031,3537702000,994,2474281000,957,3,Обрабатывающая промышленность,ПАВЛОДАРСКАЯ ОБЛАСТЬ,ПАВЛОДАР Г.А.
447647,Производство стекла и изделий из стекла,false,,139900000,883,1578026000,920,2185750000,846,154717000,1031,1104168000,994,2055893000,957,4,Производство прочей не металлической минеральной продукции,ПАВЛОДАРСКАЯ ОБЛАСТЬ,ПАВЛОДАР Г.А.
447650,Формирование и обработка листового стекла,false,,139900000,883,1578026000,920,2185750000,846,154717000,1031,1104168000,994,2055893000,957,5,Производство стекла и изделий из стекла,ПАВЛОДАРСКАЯ ОБЛАСТЬ,ПАВЛОДАР Г.А.
447661,Производство огнеупорных изделий,false,,,,,,x,846,x,1031,,,,,4,Производство прочей не металлической минеральной продукции,ПАВЛОДАРСКАЯ ОБЛАСТЬ,ПАВЛОДАР Г.А.
447662,Производство огнеупорных изделий,false,,,,,,x,846,x,1031,,,,,5,Производство огнеупорных изделий,ПАВЛОДАРСКАЯ ОБЛАСТЬ,ПАВЛОДАР Г.А.
447664,Производство строительных материалов из глины,false,,x,883,,,,,,,,,,,4,Производство прочей не металлической минеральной продукции,ПАВЛОДАРСКАЯ ОБЛАСТЬ,ПАВЛОДАР Г.А.
447665,Производство керамических покрытий и плит,false,,x,883,,,,,,,,,,,5,Производство строительных материалов из глины,ПАВЛОДАРСКАЯ ОБЛАСТЬ,ПАВЛОДАР Г.А.
447681,"Производство цемента, извести и строительного гипса",false,,,,,,x,846,,,,,,,4,Производство прочей не металлической минеральной продукции,ПАВЛОДАРСКАЯ ОБЛАСТЬ,ПАВЛОДАР Г.А.
447684,Производство извести и строительного гипса,false,,,,,,x,846,,,,,,,5,"Производство цемента, извести и строительного гипса",ПАВЛОДАРСКАЯ ОБЛАСТЬ,ПАВЛОДАР Г.А.
447688,"Производство изделий из бетона, цемента и строительного гипса ",false,,90163000,883,21786000,920,33511000,846,264818000,1031,78077000,994,105888000,957,4,Производство прочей не металлической минеральной продукции,ПАВЛОДАРСКАЯ ОБЛАСТЬ,ПАВЛОДАР Г.А.
447689,Производство строительных изделий из бетона,false,,x,883,x,920,,,86393000,1031,76692000,994,84623000,957,5,"Производство изделий из бетона, цемента и строительного гипса ",ПАВЛОДАРСКАЯ ОБЛАСТЬ,ПАВЛОДАР Г.А.
447695,Производство товарного бетона ,false,,86846000,883,7554000,920,33511000,846,178425000,1031,1385000,994,21265000,957,5,"Производство изделий из бетона, цемента и строительного гипса ",ПАВЛОДАРСКАЯ ОБЛАСТЬ,ПАВЛОДАР Г.А.
447707,Производство абразивных изделий и прочей неметаллической минеральной продукции,false,,1129000,883,171810000,920,18550000,846,350523000,1031,2355457000,994,312500000,957,4,Производство прочей не металлической минеральной продукции,ПАВЛОДАРСКАЯ ОБЛАСТЬ,ПАВЛОДАР Г.А.
447710,"Производство прочей неметаллической минеральной продукции, не включенной в другие группировки",false,,1129000,883,171810000,920,18550000,846,350523000,1031,2355457000,994,312500000,957,5,Производство абразивных изделий и прочей неметаллической минеральной продукции,ПАВЛОДАРСКАЯ ОБЛАСТЬ,ПАВЛОДАР Г.А.
447717,Металлургическое производство,false,,26321076000,883,17582675000,920,29380602000,846,54801369000,1031,46374070000,994,41588371000,957,3,Обрабатывающая промышленность,ПАВЛОДАРСКАЯ ОБЛАСТЬ,ПАВЛОДАР Г.А.
447718,"Производство чугуна, стали и ферросплавов",false,,4721374000,883,1217289000,920,6985452000,846,3320700000,1031,3204103000,994,1736703000,957,4,Металлургическое производство,ПАВЛОДАРСКАЯ ОБЛАСТЬ,ПАВЛОДАР Г.А.
447719,"Производство чугуна, стали и ферросплавов",false,,4721374000,883,1217289000,920,6985452000,846,3320700000,1031,3204103000,994,1736703000,957,5,"Производство чугуна, стали и ферросплавов",ПАВЛОДАРСКАЯ ОБЛАСТЬ,ПАВЛОДАР Г.А.
447721,"Производство труб, трубок, полых профилей, фитингов из стали",false,,,,3167000,920,,,460418000,1031,,,,,4,Металлургическое производство,ПАВЛОДАРСКАЯ ОБЛАСТЬ,ПАВЛОДАР Г.А.
447722,"Производство труб, трубок, полых профилей, фитингов из стали",false,,,,3167000,920,,,460418000,1031,,,,,5,"Производство труб, трубок, полых профилей, фитингов из стали",ПАВЛОДАРСКАЯ ОБЛАСТЬ,ПАВЛОДАР Г.А.
447733,Производство основных благородных и цветных металлов,false,,21450401000,883,16154543000,920,18781338000,846,49455756000,1031,43088951000,994,25556595000,957,4,Металлургическое производство,ПАВЛОДАРСКАЯ ОБЛАСТЬ,ПАВЛОДАР Г.А.
447734,Производство благородных (драгоценных) металлов,false,,,,,,,,14467814000,1031,,,,,5,Производство основных благородных и цветных металлов,ПАВЛОДАРСКАЯ ОБЛАСТЬ,ПАВЛОДАР Г.А.
447736,Производство алюминия,false,,21434174000,883,16154543000,920,18764906000,846,34652909000,1031,43088951000,994,25430873000,957,5,Производство основных благородных и цветных металлов,ПАВЛОДАРСКАЯ ОБЛАСТЬ,ПАВЛОДАР Г.А.
447738,"Производство свинца, цинка и олова",false,,x,883,,,x,846,x,1031,,,x,957,5,Производство основных благородных и цветных металлов,ПАВЛОДАРСКАЯ ОБЛАСТЬ,ПАВЛОДАР Г.А.
447750,Литье металлов,false,,149301000,883,207676000,920,3613812000,846,1564495000,1031,81016000,994,14295073000,957,4,Металлургическое производство,ПАВЛОДАРСКАЯ ОБЛАСТЬ,ПАВЛОДАР Г.А.
447754,Литье стали,false,,x,883,x,920,,,x,1031,x,994,67713000,957,5,Литье металлов,ПАВЛОДАРСКАЯ ОБЛАСТЬ,ПАВЛОДАР Г.А.
447756,Литье легких металлов,false,,x,883,x,920,3613812000,846,1451948000,1031,x,994,x,957,5,Литье металлов,ПАВЛОДАРСКАЯ ОБЛАСТЬ,ПАВЛОДАР Г.А.
447758,Литье прочих цветных металлов,false,,,,,,,,109920000,1031,,,x,957,5,Литье металлов,ПАВЛОДАРСКАЯ ОБЛАСТЬ,ПАВЛОДАР Г.А.
447760,"Производство готовых металлических изделий, кроме машин и оборудования",false,,259515000,883,80476000,920,3100767000,846,7318586000,1031,576443000,994,621318000,957,3,Обрабатывающая промышленность,ПАВЛОДАРСКАЯ ОБЛАСТЬ,ПАВЛОДАР Г.А.
447761,Производство строительных металлических конструкций и изделий,false,,17561000,883,46643000,920,46065000,846,61412000,1031,47855000,994,188911000,957,4,"Производство готовых металлических изделий, кроме машин и оборудования",ПАВЛОДАРСКАЯ ОБЛАСТЬ,ПАВЛОДАР Г.А.
447762,Производство строительных металлических конструкций и их частей,false,,17561000,883,46643000,920,46065000,846,61412000,1031,40443000,994,188911000,957,5,Производство строительных металлических конструкций и изделий,ПАВЛОДАРСКАЯ ОБЛАСТЬ,ПАВЛОДАР Г.А.
447767,Производство металлических дверей и окон,false,,,,,,,,,,7412000,994,,,5,Производство строительных металлических конструкций и изделий,ПАВЛОДАРСКАЯ ОБЛАСТЬ,ПАВЛОДАР Г.А.
447769,"Производство металлических цистерн, резервуаров и контейнеров",false,,,,,,x,846,,,,,,,4,"Производство готовых металлических изделий, кроме машин и оборудования",ПАВЛОДАРСКАЯ ОБЛАСТЬ,ПАВЛОДАР Г.А.
447770,Производство радиаторов и котлов центрального отопления,false,,,,,,x,846,,,,,,,5,"Производство металлических цистерн, резервуаров и контейнеров",ПАВЛОДАРСКАЯ ОБЛАСТЬ,ПАВЛОДАР Г.А.
447774,"Производство паровых котлов, кроме котлов центрального отопления",false,,x,883,x,920,x,846,x,1031,x,994,14465000,957,4,"Производство готовых металлических изделий, кроме машин и оборудования",ПАВЛОДАРСКАЯ ОБЛАСТЬ,ПАВЛОДАР Г.А.
447775,"Производство паровых котлов, кроме котлов центрального отопления",false,,x,883,x,920,x,846,x,1031,x,994,14465000,957,5,"Производство паровых котлов, кроме котлов центрального отопления",ПАВЛОДАРСКАЯ ОБЛАСТЬ,ПАВЛОДАР Г.А.
447784,Обработка металлов и нанесение покрытий на металлы; основные технологические процессы машиностроения,false,,223115000,883,x,920,3032455000,846,7188781000,1031,224587000,994,x,957,4,"Производство готовых металлических изделий, кроме машин и оборудования",ПАВЛОДАРСКАЯ ОБЛАСТЬ,ПАВЛОДАР Г.А.
447785,Обработка металлов и нанесение покрытий на металлы,false,,223115000,883,x,920,3032455000,846,800774000,1031,224587000,994,x,957,5,Обработка металлов и нанесение покрытий на металлы; основные технологические процессы машиностроения,ПАВЛОДАРСКАЯ ОБЛАСТЬ,ПАВЛОДАР Г.А.
447787,Основные технологические процессы машиностроения,false,,,,,,,,x,1031,,,,,5,Обработка металлов и нанесение покрытий на металлы; основные технологические процессы машиностроения,ПАВЛОДАРСКАЯ ОБЛАСТЬ,ПАВЛОДАР Г.А.
447797,Производство прочих готовых металлических изделий,false,,,,,,x,846,12707000,1031,245929000,994,x,957,4,"Производство готовых металлических изделий, кроме машин и оборудования",ПАВЛОДАРСКАЯ ОБЛАСТЬ,ПАВЛОДАР Г.А.
447802,"Производство изделий из проволоки, цепей и пружин",false,,,,,,x,846,x,1031,30610000,994,x,957,5,Производство прочих готовых металлических изделий,ПАВЛОДАРСКАЯ ОБЛАСТЬ,ПАВЛОДАР Г.А.
447807,"Производство прочих готовых металлических изделий, не включенных в другие группировки",false,,,,,,,,11367000,1031,215319000,994,,,5,Производство прочих готовых металлических изделий,ПАВЛОДАРСКАЯ ОБЛАСТЬ,ПАВЛОДАР Г.А.
447849,Производство электрического оборудования,false,,177794000,883,51894000,920,411284000,846,298188000,1031,52962000,994,13203144000,957,3,Обрабатывающая промышленность,ПАВЛОДАРСКАЯ ОБЛАСТЬ,ПАВЛОДАР Г.А.
447858,Производство электропроводки и электромонтажных устройств,false,,34207000,883,51814000,920,46158000,846,298188000,1031,52962000,994,13203144000,957,4,Производство электрического оборудования,ПАВЛОДАРСКАЯ ОБЛАСТЬ,ПАВЛОДАР Г.А.
447861,Производство прочих электрических проводов и кабелей,false,,34207000,883,51814000,920,46158000,846,298188000,1031,52962000,994,13197452000,957,5,Производство электропроводки и электромонтажных устройств,ПАВЛОДАРСКАЯ ОБЛАСТЬ,ПАВЛОДАР Г.А.
447863,Производство электромонтажных устройств,false,,,,,,,,,,,,x,957,5,Производство электропроводки и электромонтажных устройств,ПАВЛОДАРСКАЯ ОБЛАСТЬ,ПАВЛОДАР Г.А.
447875,Производство прочего электрического оборудования,false,,143587000,883,80000,920,365126000,846,,,,,,,4,Производство электрического оборудования,ПАВЛОДАРСКАЯ ОБЛАСТЬ,ПАВЛОДАР Г.А.
447876,Производство прочего электрического оборудования,false,,143587000,883,80000,920,365126000,846,,,,,,,5,Производство прочего электрического оборудования,ПАВЛОДАРСКАЯ ОБЛАСТЬ,ПАВЛОДАР Г.А.
447881,"Производство машин и оборудования, не включенных в другие группировки ",false,,538370000,883,1240035000,920,383096000,846,764875000,1031,836028000,994,1191422000,957,3,Обрабатывающая промышленность,ПАВЛОДАРСКАЯ ОБЛАСТЬ,ПАВЛОДАР Г.А.
447896,Производство прочих машин и оборудования общего назначения ,false,,529169000,883,1219035000,920,376353000,846,706713000,1031,836028000,994,1188814000,957,4,"Производство машин и оборудования, не включенных в другие группировки ",ПАВЛОДАРСКАЯ ОБЛАСТЬ,ПАВЛОДАР Г.А.
447900,Производство подъемно-транспортного оборудования,false,,x,883,x,920,376079000,846,581304000,1031,x,994,x,957,5,Производство прочих машин и оборудования общего назначения ,ПАВЛОДАРСКАЯ ОБЛАСТЬ,ПАВЛОДАР Г.А.
447911,Производство промышленного холодильного и вентиляционного оборудования ,false,,x,883,x,920,x,846,,,x,994,x,957,5,Производство прочих машин и оборудования общего назначения ,ПАВЛОДАРСКАЯ ОБЛАСТЬ,ПАВЛОДАР Г.А.
447914,"Производство прочих машин и оборудования общего назначения, не включенных в другие группировки ",false,,,,,,,,125409000,1031,,,,,5,Производство прочих машин и оборудования общего назначения ,ПАВЛОДАРСКАЯ ОБЛАСТЬ,ПАВЛОДАР Г.А.
447922,Производство сельскохозяйственной и лесохозяйственной техники,false,,x,883,x,920,x,846,58162000,1031,,,x,957,4,"Производство машин и оборудования, не включенных в другие группировки ",ПАВЛОДАРСКАЯ ОБЛАСТЬ,ПАВЛОДАР Г.А.
447923,Производство сельскохозяйственной и лесохозяйственной техники,false,,x,883,x,920,x,846,58162000,1031,,,x,957,5,Производство сельскохозяйственной и лесохозяйственной техники,ПАВЛОДАРСКАЯ ОБЛАСТЬ,ПАВЛОДАР Г.А.
447938,Производство прочих машин и оборудования специального назначения ,false,,,,,,,,,,,,143000,957,4,"Производство машин и оборудования, не включенных в другие группировки ",ПАВЛОДАРСКАЯ ОБЛАСТЬ,ПАВЛОДАР Г.А.
447941,"Производство машин и оборудования для горнодобывающей промышленности, подземной разработки и строительства",false,,,,,,,,,,,,143000,957,5,Производство прочих машин и оборудования специального назначения ,ПАВЛОДАРСКАЯ ОБЛАСТЬ,ПАВЛОДАР Г.А.
447968,"Производство автомобилей, прицепов и полуприцепов",false,,201898000,883,113977000,920,361880000,846,,,10500000,994,31672000,957,3,Обрабатывающая промышленность,ПАВЛОДАРСКАЯ ОБЛАСТЬ,ПАВЛОДАР Г.А.
447969,Производство автомобилей,false,,201898000,883,113977000,920,361880000,846,,,,,31672000,957,4,"Производство автомобилей, прицепов и полуприцепов",ПАВЛОДАРСКАЯ ОБЛАСТЬ,ПАВЛОДАР Г.А.
447970,Производство автомобилей,false,,201898000,883,113977000,920,361880000,846,,,,,31672000,957,5,Производство автомобилей,ПАВЛОДАРСКАЯ ОБЛАСТЬ,ПАВЛОДАР Г.А.
447973,Производство кузовов для автомобилей; производство прицепов и полуприцепов,false,,,,,,,,,,10500000,994,,,4,"Производство автомобилей, прицепов и полуприцепов",ПАВЛОДАРСКАЯ ОБЛАСТЬ,ПАВЛОДАР Г.А.
447974,Производство кузовов для автомобилей; производство прицепов и полуприцепов,false,,,,,,,,,,10500000,994,,,5,Производство кузовов для автомобилей; производство прицепов и полуприцепов,ПАВЛОДАРСКАЯ ОБЛАСТЬ,ПАВЛОДАР Г.А.
447983,Производство прочих транспортных средств,false,,x,883,50924000,920,747000,846,98533000,1031,11608000,994,7296000,957,3,Обрабатывающая промышленность,ПАВЛОДАРСКАЯ ОБЛАСТЬ,ПАВЛОДАР Г.А.
447989,Производство железнодорожных локомотивов и подвижного состава,false,,x,883,50924000,920,747000,846,98533000,1031,11608000,994,7296000,957,4,Производство прочих транспортных средств,ПАВЛОДАРСКАЯ ОБЛАСТЬ,ПАВЛОДАР Г.А.
447990,Производство железнодорожных локомотивов и подвижного состава,false,,x,883,50924000,920,747000,846,98533000,1031,11608000,994,7296000,957,5,Производство железнодорожных локомотивов и подвижного состава,ПАВЛОДАРСКАЯ ОБЛАСТЬ,ПАВЛОДАР Г.А.
448008,Производство мебели,false,,101923000,883,112920000,920,69478000,846,972536000,1031,223611000,994,827957000,957,3,Обрабатывающая промышленность,ПАВЛОДАРСКАЯ ОБЛАСТЬ,ПАВЛОДАР Г.А.
448009,Производство мебели,false,,101923000,883,112920000,920,69478000,846,972536000,1031,223611000,994,827957000,957,4,Производство мебели,ПАВЛОДАРСКАЯ ОБЛАСТЬ,ПАВЛОДАР Г.А.
448010,Производство мебели для офисов и предприятий торговли,false,,99242000,883,41102000,920,x,846,694756000,1031,131963000,994,691777000,957,5,Производство мебели,ПАВЛОДАРСКАЯ ОБЛАСТЬ,ПАВЛОДАР Г.А.
448017,Производство прочей мебели,false,,x,883,71818000,920,x,846,x,1031,x,994,x,957,5,Производство мебели,ПАВЛОДАРСКАЯ ОБЛАСТЬ,ПАВЛОДАР Г.А.
448019,Производство прочих готовых изделий,false,,32385000,883,22734000,920,3999000,846,22823000,1031,48984000,994,8304000,957,3,Обрабатывающая промышленность,ПАВЛОДАРСКАЯ ОБЛАСТЬ,ПАВЛОДАР Г.А.
448036,Производство медицинских и стоматологических инструментов и принадлежностей,false,,32385000,883,22734000,920,3999000,846,22823000,1031,48984000,994,8304000,957,4,Производство прочих готовых изделий,ПАВЛОДАРСКАЯ ОБЛАСТЬ,ПАВЛОДАР Г.А.
448037,Производство медицинских и стоматологических инструментов и принадлежностей,false,,32385000,883,22734000,920,3999000,846,22823000,1031,48984000,994,8304000,957,5,Производство медицинских и стоматологических инструментов и принадлежностей,ПАВЛОДАРСКАЯ ОБЛАСТЬ,ПАВЛОДАР Г.А.
448050,Ремонт и установка машин и оборудования,false,,276224000,883,102108000,920,811905000,846,143954000,1031,46380000,994,138282000,957,3,Обрабатывающая промышленность,ПАВЛОДАРСКАЯ ОБЛАСТЬ,ПАВЛОДАР Г.А.
448051,"Ремонт готовых металлических изделий, машин и оборудования",false,,57051000,883,102108000,920,811905000,846,143954000,1031,46380000,994,138282000,957,4,Ремонт и установка машин и оборудования,ПАВЛОДАРСКАЯ ОБЛАСТЬ,ПАВЛОДАР Г.А.
448059,Ремонт машин и оборудования,false,,6674000,883,5074000,920,772040000,846,2722000,1031,14754000,994,78008000,957,5,"Ремонт готовых металлических изделий, машин и оборудования",ПАВЛОДАРСКАЯ ОБЛАСТЬ,ПАВЛОДАР Г.А.
448066,Ремонт электронного и оптического оборудования,false,,,,823000,920,868000,846,,,,,,,5,"Ремонт готовых металлических изделий, машин и оборудования",ПАВЛОДАРСКАЯ ОБЛАСТЬ,ПАВЛОДАР Г.А.
448071,Ремонт электрического оборудования,false,,44425000,883,21831000,920,9133000,846,28587000,1031,15145000,994,34903000,957,5,"Ремонт готовых металлических изделий, машин и оборудования",ПАВЛОДАРСКАЯ ОБЛАСТЬ,ПАВЛОДАР Г.А.
448081,Ремонт и техническое обслуживание прочих транспортных средств и оборудования,false,,5952000,883,74380000,920,29864000,846,112645000,1031,16481000,994,25371000,957,5,"Ремонт готовых металлических изделий, машин и оборудования",ПАВЛОДАРСКАЯ ОБЛАСТЬ,ПАВЛОДАР Г.А.
448087,"Монтаж, установка промышленных машин и оборудования",false,,219173000,883,,,,,,,,,,,4,Ремонт и установка машин и оборудования,ПАВЛОДАРСКАЯ ОБЛАСТЬ,ПАВЛОДАР Г.А.
448088,"Монтаж, установка промышленных машин и оборудования",false,,219173000,883,,,,,,,,,,,5,"Монтаж, установка промышленных машин и оборудования",ПАВЛОДАРСКАЯ ОБЛАСТЬ,ПАВЛОДАР Г.А.
448090,"Снабжение электроэнергией, газом, паром, горячей водой и кондиционированным воздухом",false,,7823123000,883,20035254000,920,11161726000,846,26652816000,1031,23290954000,994,15088003000,957,2,Промышленность,ПАВЛОДАРСКАЯ ОБЛАСТЬ,ПАВЛОДАР Г.А.
448091,"Снабжение электроэнергией, газом, паром, горячей водой и кондиционированным воздухом",false,,7823123000,883,20035254000,920,11161726000,846,26652816000,1031,23290954000,994,15088003000,957,3,"Снабжение электроэнергией, газом, паром, горячей водой и кондиционированным воздухом",ПАВЛОДАРСКАЯ ОБЛАСТЬ,ПАВЛОДАР Г.А.
448092,"Производство, передача и распределение электроэнергии",false,,2783836000,883,9606909000,920,7791377000,846,5740084000,1031,6844554000,994,5043043000,957,4,"Снабжение электроэнергией, газом, паром, горячей водой и кондиционированным воздухом",ПАВЛОДАРСКАЯ ОБЛАСТЬ,ПАВЛОДАР Г.А.
448093,Производство электроэнергии,false,,1207328000,883,6674122000,920,x,846,2882985000,1031,4085285000,994,3394997000,957,5,"Производство, передача и распределение электроэнергии",ПАВЛОДАРСКАЯ ОБЛАСТЬ,ПАВЛОДАР Г.А.
448098,Передача электроэнергии,false,,1128114000,883,1591945000,920,1377676000,846,1271341000,1031,1171903000,994,1252018000,957,5,"Производство, передача и распределение электроэнергии",ПАВЛОДАРСКАЯ ОБЛАСТЬ,ПАВЛОДАР Г.А.
448100,Распределение электроэнергии,false,,428757000,883,1327534000,920,4394684000,846,1551775000,1031,1557563000,994,373610000,957,5,"Производство, передача и распределение электроэнергии",ПАВЛОДАРСКАЯ ОБЛАСТЬ,ПАВЛОДАР Г.А.
448102,Продажа электроэнергии ,false,,x,883,13308000,920,16444000,846,33983000,1031,29803000,994,22418000,957,5,"Производство, передача и распределение электроэнергии",ПАВЛОДАРСКАЯ ОБЛАСТЬ,ПАВЛОДАР Г.А.
448111,"Снабжение паром, горячей водой и кондиционированным воздухом",false,,5039287000,883,10428345000,920,3370349000,846,20912732000,1031,16446400000,994,10044960000,957,4,"Снабжение электроэнергией, газом, паром, горячей водой и кондиционированным воздухом",ПАВЛОДАРСКАЯ ОБЛАСТЬ,ПАВЛОДАР Г.А.
448112,"Снабжение паром, горячей водой и кондиционированным воздухом",false,,5039287000,883,10428345000,920,3370349000,846,20912732000,1031,16446400000,994,10044960000,957,5,"Снабжение паром, горячей водой и кондиционированным воздухом",ПАВЛОДАРСКАЯ ОБЛАСТЬ,ПАВЛОДАР Г.А.
448117,"Водоснабжение; сбор, обработка и удаление отходов, деятельность по ликвидации загрязнений",false,,5470470000,883,26063525000,920,6741900000,846,17451732000,1031,6234172000,994,19207049000,957,2,Промышленность,ПАВЛОДАРСКАЯ ОБЛАСТЬ,ПАВЛОДАР Г.А.
448118,"Сбор, обработка и распределение воды",false,,2329994000,883,22500304000,920,3240108000,846,7834391000,1031,3190220000,994,11738694000,957,3,"Водоснабжение; сбор, обработка и удаление отходов, деятельность по ликвидации загрязнений",ПАВЛОДАРСКАЯ ОБЛАСТЬ,ПАВЛОДАР Г.А.
448119,"Сбор, обработка и распределение воды",false,,2329994000,883,22500304000,920,3240108000,846,7834391000,1031,3190220000,994,11738694000,957,4,"Сбор, обработка и распределение воды",ПАВЛОДАРСКАЯ ОБЛАСТЬ,ПАВЛОДАР Г.А.
448120,"Сбор, обработка и распределение воды",false,,2329994000,883,22500304000,920,3240108000,846,7834391000,1031,3190220000,994,11738694000,957,5,"Сбор, обработка и распределение воды",ПАВЛОДАРСКАЯ ОБЛАСТЬ,ПАВЛОДАР Г.А.
448122,Сбор и обработка сточных вод,false,,3134671000,883,3444930000,920,3491508000,846,8341226000,1031,2971750000,994,7426082000,957,3,"Водоснабжение; сбор, обработка и удаление отходов, деятельность по ликвидации загрязнений",ПАВЛОДАРСКАЯ ОБЛАСТЬ,ПАВЛОДАР Г.А.
448123,Сбор и обработка сточных вод,false,,3134671000,883,3444930000,920,3491508000,846,8341226000,1031,2971750000,994,7426082000,957,4,Сбор и обработка сточных вод,ПАВЛОДАРСКАЯ ОБЛАСТЬ,ПАВЛОДАР Г.А.
448124,Сбор и обработка сточных вод,false,,3134671000,883,3444930000,920,3491508000,846,8341226000,1031,2971750000,994,7426082000,957,5,Сбор и обработка сточных вод,ПАВЛОДАРСКАЯ ОБЛАСТЬ,ПАВЛОДАР Г.А.
448126,"Сбор, обработка и удаление отходов; утилизация (восстановление) материалов",false,,5805000,883,118291000,920,10284000,846,1276115000,1031,72202000,994,42273000,957,3,"Водоснабжение; сбор, обработка и удаление отходов, деятельность по ликвидации загрязнений",ПАВЛОДАРСКАЯ ОБЛАСТЬ,ПАВЛОДАР Г.А.
448127,Сбор отходов,false,,5762000,883,117037000,920,3904000,846,968075000,1031,72202000,994,17611000,957,4,"Сбор, обработка и удаление отходов; утилизация (восстановление) материалов",ПАВЛОДАРСКАЯ ОБЛАСТЬ,ПАВЛОДАР Г.А.
448128,Сбор неопасных отходов,false,,5762000,883,117037000,920,3904000,846,968075000,1031,72202000,994,17611000,957,5,Сбор отходов,ПАВЛОДАРСКАЯ ОБЛАСТЬ,ПАВЛОДАР Г.А.
448132,Обработка и удаление отходов,false,,,,,,,,,,,,24662000,957,4,"Сбор, обработка и удаление отходов; утилизация (восстановление) материалов",ПАВЛОДАРСКАЯ ОБЛАСТЬ,ПАВЛОДАР Г.А.
448135,Обработка и удаление опасных отходов,false,,,,,,,,,,,,24662000,957,5,Обработка и удаление отходов,ПАВЛОДАРСКАЯ ОБЛАСТЬ,ПАВЛОДАР Г.А.
448137,Утилизация (восстановление) материалов ,false,,x,883,1254000,920,6380000,846,308040000,1031,,,,,4,"Сбор, обработка и удаление отходов; утилизация (восстановление) материалов",ПАВЛОДАРСКАЯ ОБЛАСТЬ,ПАВЛОДАР Г.А.
448140,Переработка отсортированных материалов,false,,x,883,1254000,920,6380000,846,308040000,1031,,,,,5,Утилизация (восстановление) материалов ,ПАВЛОДАРСКАЯ ОБЛАСТЬ,ПАВЛОДАР Г.А.
741885,Всего,false,,118155980000,883,68300374000,920,114741800000,846,89269371000,1031,135557648000,994,85060536000,957,0,,ПАВЛОДАРСКАЯ ОБЛАСТЬ,АКСУ Г.А.
447173,"Сельское, лесное и рыбное хозяйство",false,,5471083000,883,6052273000,920,2321598000,846,8017655000,1031,39152045000,994,23683248000,957,1,Всего,ПАВЛОДАРСКАЯ ОБЛАСТЬ,АКСУ Г.А.
447174,"Растениеводство и животноводство, охота и предоставление услуг в этих областях",false,,5471083000,883,6052273000,920,2321598000,846,8017655000,1031,39152045000,994,23683248000,957,2,"Сельское, лесное и рыбное хозяйство",ПАВЛОДАРСКАЯ ОБЛАСТЬ,АКСУ Г.А.
447175,Выращивание одно- или двухлетних культур,false,,58377000,883,2913030000,920,1005412000,846,2473654000,1031,35235254000,994,6674778000,957,3,"Растениеводство и животноводство, охота и предоставление услуг в этих областях",ПАВЛОДАРСКАЯ ОБЛАСТЬ,АКСУ Г.А.
447176,"Выращивание зерновых (кроме риса), бобовых и масличных культур",false,,,,2764186000,920,77521000,846,626693000,1031,946190000,994,3563338000,957,4,Выращивание одно- или двухлетних культур,ПАВЛОДАРСКАЯ ОБЛАСТЬ,АКСУ Г.А.
3783380,"Выращивание зерновых и зернобобовых культур, включая семеноводство",true,,,,2764186000,920,77521000,846,626693000,1031,946190000,994,3563338000,957,5,"Выращивание зерновых (кроме риса), бобовых и масличных культур",ПАВЛОДАРСКАЯ ОБЛАСТЬ,АКСУ Г.А.
447181,"Выращивание овощей, бахчевых, корнеплодов и клубнеплодов",false,,58377000,883,48457000,920,904157000,846,1779708000,1031,34286934000,994,3093761000,957,4,Выращивание одно- или двухлетних культур,ПАВЛОДАРСКАЯ ОБЛАСТЬ,АКСУ Г.А.
447182,Выращивание картофеля и посадочного материала,true,,58377000,883,,,899157000,846,985880000,1031,1970144000,994,1852272000,957,5,"Выращивание овощей, бахчевых, корнеплодов и клубнеплодов",ПАВЛОДАРСКАЯ ОБЛАСТЬ,АКСУ Г.А.
447183,"Выращивание овощей, их семян и рассады",true,,,,48457000,920,5000000,846,793828000,1031,32316790000,994,1241489000,957,5,"Выращивание овощей, бахчевых, корнеплодов и клубнеплодов",ПАВЛОДАРСКАЯ ОБЛАСТЬ,АКСУ Г.А.
447192,Выращивание прочих одно- или двухлетних культур,false,,,,100387000,920,23734000,846,67253000,1031,2130000,994,17679000,957,4,Выращивание одно- или двухлетних культур,ПАВЛОДАРСКАЯ ОБЛАСТЬ,АКСУ Г.А.
447193,Выращивание кормовых культур и их семян,true,,,,100387000,920,23734000,846,45373000,1031,2130000,994,17679000,957,5,Выращивание прочих одно- или двухлетних культур,ПАВЛОДАРСКАЯ ОБЛАСТЬ,АКСУ Г.А.
447195,"Выращивание прочих одно- или двухлетних культур, не включенных в другие группировки",true,,,,,,,,x,1031,,,,,5,Выращивание прочих одно- или двухлетних культур,ПАВЛОДАРСКАЯ ОБЛАСТЬ,АКСУ Г.А.
447218,Животноводство,false,,5412706000,883,1623993000,920,1316186000,846,5544001000,1031,3916791000,994,4681942000,957,3,"Растениеводство и животноводство, охота и предоставление услуг в этих областях",ПАВЛОДАРСКАЯ ОБЛАСТЬ,АКСУ Г.А.
447219,Разведение крупного рогатого скота молочного направления,false,,5308801000,883,1094049000,920,1223700000,846,5357872000,1031,3747491000,994,4574115000,957,4,Животноводство,ПАВЛОДАРСКАЯ ОБЛАСТЬ,АКСУ Г.А.
447220,Разведение крупного рогатого скота молочного направления,true,,5308801000,883,1094049000,920,1223700000,846,5357872000,1031,3747491000,994,4574115000,957,5,Разведение крупного рогатого скота молочного направления,ПАВЛОДАРСКАЯ ОБЛАСТЬ,АКСУ Г.А.
447221,Разведение прочего крупного рогатого скота и буйволов,false,,59878000,883,524473000,920,20899000,846,31601000,1031,97231000,994,85021000,957,4,Животноводство,ПАВЛОДАРСКАЯ ОБЛАСТЬ,АКСУ Г.А.
447222,Разведение прочего крупного рогатого скота и буйволов,true,,59878000,883,524473000,920,20899000,846,31601000,1031,97231000,994,85021000,957,5,Разведение прочего крупного рогатого скота и буйволов,ПАВЛОДАРСКАЯ ОБЛАСТЬ,АКСУ Г.А.
447223,Разведение лошадей и прочих животных семейства лошадиных,false,,44027000,883,x,920,12556000,846,83243000,1031,55669000,994,22806000,957,4,Животноводство,ПАВЛОДАРСКАЯ ОБЛАСТЬ,АКСУ Г.А.
447224,Разведение лошадей,true,,44027000,883,x,920,12556000,846,83243000,1031,55669000,994,22806000,957,5,Разведение лошадей и прочих животных семейства лошадиных,ПАВЛОДАРСКАЯ ОБЛАСТЬ,АКСУ Г.А.
447228,Разведение овец и коз,false,,,,,,,,19460000,1031,,,,,4,Животноводство,ПАВЛОДАРСКАЯ ОБЛАСТЬ,АКСУ Г.А.
447229,Разведение овец и коз,true,,,,,,,,19460000,1031,,,,,5,Разведение овец и коз,ПАВЛОДАРСКАЯ ОБЛАСТЬ,АКСУ Г.А.
447232,Разведение сельскохозяйственной птицы ,false,,,,,,59031000,846,,,,,,,4,Животноводство,ПАВЛОДАРСКАЯ ОБЛАСТЬ,АКСУ Г.А.
447233,"Разведение птицы на мясо, племенной птицы и молодняка",true,,,,,,58548000,846,,,,,,,5,Разведение сельскохозяйственной птицы ,ПАВЛОДАРСКАЯ ОБЛАСТЬ,АКСУ Г.А.
447234,Производство яиц,true,,,,,,483000,846,,,,,,,5,Разведение сельскохозяйственной птицы ,ПАВЛОДАРСКАЯ ОБЛАСТЬ,АКСУ Г.А.
447237,Разведение прочих видов животных,false,,,,,,,,51825000,1031,16400000,994,,,4,Животноводство,ПАВЛОДАРСКАЯ ОБЛАСТЬ,АКСУ Г.А.
447238,Разведение прочих видов животных,true,,,,,,,,51825000,1031,16400000,994,,,5,Разведение прочих видов животных,ПАВЛОДАРСКАЯ ОБЛАСТЬ,АКСУ Г.А.
447239,Смешанное сельское хозяйство,false,,,,1515250000,920,,,,,,,x,957,3,"Растениеводство и животноводство, охота и предоставление услуг в этих областях",ПАВЛОДАРСКАЯ ОБЛАСТЬ,АКСУ Г.А.
447240,Смешанное сельское хозяйство,false,,,,1515250000,920,,,,,,,x,957,4,Смешанное сельское хозяйство,ПАВЛОДАРСКАЯ ОБЛАСТЬ,АКСУ Г.А.
447241,Смешанное сельское хозяйство,true,,,,1515250000,920,,,,,,,x,957,5,Смешанное сельское хозяйство,ПАВЛОДАРСКАЯ ОБЛАСТЬ,АКСУ Г.А.
448148,Строительство,false,,x,883,99961000,920,x,846,441044000,1031,55637000,994,36321000,957,1,Всего,ПАВЛОДАРСКАЯ ОБЛАСТЬ,АКСУ Г.А.
448177,Специализированные строительные работы,false,,x,883,99961000,920,x,846,441044000,1031,55637000,994,36321000,957,2,Строительство,ПАВЛОДАРСКАЯ ОБЛАСТЬ,АКСУ Г.А.
448187,"Монтаж и установка электрического, водопроводного и прочего оборудования",false,,x,883,,,x,846,731000,1031,,,,,3,Специализированные строительные работы,ПАВЛОДАРСКАЯ ОБЛАСТЬ,АКСУ Г.А.
448192,Прочие строительно-монтажные работы,false,,x,883,,,x,846,731000,1031,,,,,4,"Монтаж и установка электрического, водопроводного и прочего оборудования",ПАВЛОДАРСКАЯ ОБЛАСТЬ,АКСУ Г.А.
448194,"Прочие строительно-монтажные работы, не включенные в другие группировки",true,,x,883,,,x,846,731000,1031,,,,,5,Прочие строительно-монтажные работы,ПАВЛОДАРСКАЯ ОБЛАСТЬ,АКСУ Г.А.
448207,Прочие специализированные строительные работы,false,,,,99961000,920,,,440313000,1031,55637000,994,36321000,957,3,Специализированные строительные работы,ПАВЛОДАРСКАЯ ОБЛАСТЬ,АКСУ Г.А.
448210,"Прочие специализированные строительные работы, не включенные в другие группировки",false,,,,99961000,920,,,440313000,1031,55637000,994,36321000,957,4,Прочие специализированные строительные работы,ПАВЛОДАРСКАЯ ОБЛАСТЬ,АКСУ Г.А.
448214,"Прочие строительные работы, требующие специальной квалификации",true,,,,99961000,920,,,440313000,1031,55637000,994,36321000,957,5,"Прочие специализированные строительные работы, не включенные в другие группировки",ПАВЛОДАРСКАЯ ОБЛАСТЬ,АКСУ Г.А.
448215,Оптовая и розничная торговля; ремонт автомобилей и мотоциклов,false,,74869000,883,110946000,920,28381975000,846,441613000,1031,93830000,994,56319000,957,1,Всего,ПАВЛОДАРСКАЯ ОБЛАСТЬ,АКСУ Г.А.
448216,Оптовая и розничная торговля автомобилями и мотоциклами и их ремонт,false,,,,33500000,920,,,,,,,22000000,957,2,Оптовая и розничная торговля; ремонт автомобилей и мотоциклов,ПАВЛОДАРСКАЯ ОБЛАСТЬ,АКСУ Г.А.
448224,Техническое обслуживание и ремонт автомобилей,false,,,,33500000,920,,,,,,,22000000,957,3,Оптовая и розничная торговля автомобилями и мотоциклами и их ремонт,ПАВЛОДАРСКАЯ ОБЛАСТЬ,АКСУ Г.А.
448225,Техническое обслуживание и ремонт автомобилей,false,,,,33500000,920,,,,,,,22000000,957,4,Техническое обслуживание и ремонт автомобилей,ПАВЛОДАРСКАЯ ОБЛАСТЬ,АКСУ Г.А.
20575904,"Техническое обслуживание и ремонт автомобилей, за исключением произведенных станциями технического обслуживания, находящимися на придорожной полосе",true,,,,33500000,920,,,,,,,22000000,957,5,Техническое обслуживание и ремонт автомобилей,ПАВЛОДАРСКАЯ ОБЛАСТЬ,АКСУ Г.А.
448237,"Оптовая торговля, за исключением торговли автомобилями и мотоциклами",false,,32058000,883,2805000,920,x,846,,,535000,994,9644000,957,2,Оптовая и розничная торговля; ремонт автомобилей и мотоциклов,ПАВЛОДАРСКАЯ ОБЛАСТЬ,АКСУ Г.А.
448316,"Оптовая торговля прочими машинами, оборудованием и деталями и принадлежностями к ним",false,,x,883,2805000,920,x,846,,,535000,994,9644000,957,3,"Оптовая торговля, за исключением торговли автомобилями и мотоциклами",ПАВЛОДАРСКАЯ ОБЛАСТЬ,АКСУ Г.А.
448321,Оптовая торговля машинами и оборудованием для горнодобывающей промышленности и строительства ,false,,x,883,2805000,920,x,846,,,535000,994,9644000,957,4,"Оптовая торговля прочими машинами, оборудованием и деталями и принадлежностями к ним",ПАВЛОДАРСКАЯ ОБЛАСТЬ,АКСУ Г.А.
448322,Оптовая торговля машинами и оборудованием для горнодобывающей промышленности и строительства ,true,,x,883,2805000,920,x,846,,,535000,994,9644000,957,5,Оптовая торговля машинами и оборудованием для горнодобывающей промышленности и строительства ,ПАВЛОДАРСКАЯ ОБЛАСТЬ,АКСУ Г.А.
448371,Неспециализированная оптовая торговля,false,,x,883,,,,,,,,,,,3,"Оптовая торговля, за исключением торговли автомобилями и мотоциклами",ПАВЛОДАРСКАЯ ОБЛАСТЬ,АКСУ Г.А.
448372,Неспециализированная оптовая торговля,false,,x,883,,,,,,,,,,,4,Неспециализированная оптовая торговля,ПАВЛОДАРСКАЯ ОБЛАСТЬ,АКСУ Г.А.
448376,Оптовая торговля широким ассортиментом товаров без какой-либо конкретизации,true,,x,883,,,,,,,,,,,5,Неспециализированная оптовая торговля,ПАВЛОДАРСКАЯ ОБЛАСТЬ,АКСУ Г.А.
448377,"Розничная торговля, кроме торговли автомобилями и мотоциклами",false,,42811000,883,74641000,920,28375694000,846,441613000,1031,93295000,994,24675000,957,2,Оптовая и розничная торговля; ремонт автомобилей и мотоциклов,ПАВЛОДАРСКАЯ ОБЛАСТЬ,АКСУ Г.А.
448378,Розничная торговля в неспециализированных магазинах,false,,36000000,883,30400000,920,28307167000,846,440850000,1031,92512000,994,2500000,957,3,"Розничная торговля, кроме торговли автомобилями и мотоциклами",ПАВЛОДАРСКАЯ ОБЛАСТЬ,АКСУ Г.А.
448379,"Розничная торговля в неспециализированных магазинах преимущественно продуктами питания, напитками и табачными изделиями",false,,36000000,883,28300000,920,28306400000,846,440850000,1031,92512000,994,2500000,957,4,Розничная торговля в неспециализированных магазинах,ПАВЛОДАРСКАЯ ОБЛАСТЬ,АКСУ Г.А.
3647934,"Розничная торговля преимущественно продуктами питания, напитками и табачными изделиями в неспециализированных магазинах, являющихся торговыми объектами, с торговой площадью менее 2000 кв.м ",true,,36000000,883,28300000,920,28306400000,846,440850000,1031,92512000,994,2500000,957,5,"Розничная торговля в неспециализированных магазинах преимущественно продуктами питания, напитками и табачными изделиями",ПАВЛОДАРСКАЯ ОБЛАСТЬ,АКСУ Г.А.
448381,Прочая розничная торговля в неспециализированных магазинах,false,,,,2100000,920,x,846,,,,,,,4,Розничная торговля в неспециализированных магазинах,ПАВЛОДАРСКАЯ ОБЛАСТЬ,АКСУ Г.А.
3647936,"Прочая розничная торговля в неспециализированных магазинах, являющихся торговыми объектами, с торговой площадью менее 2000 кв.м ",true,,,,2100000,920,x,846,,,,,,,5,Прочая розничная торговля в неспециализированных магазинах,ПАВЛОДАРСКАЯ ОБЛАСТЬ,АКСУ Г.А.
448399,Розничная торговля топливом в специализированных магазинах,false,,6811000,883,1407000,920,52378000,846,763000,1031,179000,994,x,957,3,"Розничная торговля, кроме торговли автомобилями и мотоциклами",ПАВЛОДАРСКАЯ ОБЛАСТЬ,АКСУ Г.А.
448400,Розничная торговля топливом в специализированных магазинах,false,,6811000,883,1407000,920,52378000,846,763000,1031,179000,994,x,957,4,Розничная торговля топливом в специализированных магазинах,ПАВЛОДАРСКАЯ ОБЛАСТЬ,АКСУ Г.А.
20576124,"Розничная торговля моторным топливом в специализированных магазинах, за исключением находящихся на придорожной полосе",true,,6811000,883,1407000,920,,,763000,1031,179000,994,x,957,5,Розничная торговля топливом в специализированных магазинах,ПАВЛОДАРСКАЯ ОБЛАСТЬ,АКСУ Г.А.
18951442,Розничная торговля моторным топливом в специализированных магазинах,true,,,,,,52378000,846,,,,,,,5,Розничная торговля топливом в специализированных магазинах,ПАВЛОДАРСКАЯ ОБЛАСТЬ,АКСУ Г.А.
448402,Розничная торговля компьютерами и коммуникационным оборудованием в специализированных магазинах,false,,,,,,,,,,x,994,x,957,3,"Розничная торговля, кроме торговли автомобилями и мотоциклами",ПАВЛОДАРСКАЯ ОБЛАСТЬ,АКСУ Г.А.
448403,"Розничная торговля компьютерами, периферийным оборудованием и программным обеспечением в специализированных магазинах",false,,,,,,,,,,x,994,x,957,4,Розничная торговля компьютерами и коммуникационным оборудованием в специализированных магазинах,ПАВЛОДАРСКАЯ ОБЛАСТЬ,АКСУ Г.А.
3647952,"Розничная торговля компьютерами, периферийным оборудованием и программным обеспечением в специализированных магазинах, являющихся торговыми объектами, с торговой площадью менее 2000 кв.м",true,,,,,,,,,,x,994,x,957,5,"Розничная торговля компьютерами, периферийным оборудованием и программным обеспечением в специализированных магазинах",ПАВЛОДАРСКАЯ ОБЛАСТЬ,АКСУ Г.А.
448409,Розничная торговля прочими бытовыми товарами в специализированных магазинах ,false,,,,x,920,16050000,846,,,,,7500000,957,3,"Розничная торговля, кроме торговли автомобилями и мотоциклами",ПАВЛОДАРСКАЯ ОБЛАСТЬ,АКСУ Г.А.
448412,"Розничная торговля скобяными изделиями, лакокрасочными материалами и стеклом в специализированных магазинах",false,,,,,,16050000,846,,,,,7500000,957,4,Розничная торговля прочими бытовыми товарами в специализированных магазинах ,ПАВЛОДАРСКАЯ ОБЛАСТЬ,АКСУ Г.А.
18946140,"Розничная торговля скобяными изделиями, лакокрасочными материалами и стеклом в специализированных магазинах, являющихся торговыми объектами, с торговой площадью менее 2000 кв.м",true,,,,,,16050000,846,,,,,7500000,957,5,"Розничная торговля скобяными изделиями, лакокрасочными материалами и стеклом в специализированных магазинах",ПАВЛОДАРСКАЯ ОБЛАСТЬ,АКСУ Г.А.
448416,Розничная торговля электрическими бытовыми приборами в специализированных магазинах,false,,,,x,920,,,,,,,,,4,Розничная торговля прочими бытовыми товарами в специализированных магазинах ,ПАВЛОДАРСКАЯ ОБЛАСТЬ,АКСУ Г.А.
3647962,"Розничная торговля электрическими бытовыми приборами в специализированных магазинах, являющихся торговыми объектами, с торговой площадью менее 2000 кв.м",true,,,,x,920,,,,,,,,,5,Розничная торговля электрическими бытовыми приборами в специализированных магазинах,ПАВЛОДАРСКАЯ ОБЛАСТЬ,АКСУ Г.А.
448422,Розничная торговля товарами культурно-развлекательного характера в специализированных магазинах,false,,,,,,,,,,,,14500000,957,3,"Розничная торговля, кроме торговли автомобилями и мотоциклами",ПАВЛОДАРСКАЯ ОБЛАСТЬ,АКСУ Г.А.
448431,Розничная торговля играми и игрушками в специализированных магазинах,false,,,,,,,,,,,,14500000,957,4,Розничная торговля товарами культурно-развлекательного характера в специализированных магазинах,ПАВЛОДАРСКАЯ ОБЛАСТЬ,АКСУ Г.А.
3647975,"Розничная торговля играми и игрушками в специализированных магазинах, являющихся торговыми объектами, с торговой площадью менее 2000 кв.м",true,,,,,,,,,,,,14500000,957,5,Розничная торговля играми и игрушками в специализированных магазинах,ПАВЛОДАРСКАЯ ОБЛАСТЬ,АКСУ Г.А.
448468,"Розничная торговля вне магазинов, палаток, киосков или рынков",false,,,,,,x,846,,,,,,,3,"Розничная торговля, кроме торговли автомобилями и мотоциклами",ПАВЛОДАРСКАЯ ОБЛАСТЬ,АКСУ Г.А.
448471,"Прочая розничная торговля вне магазинов, палаток, киосков или рынков",false,,,,,,x,846,,,,,,,4,"Розничная торговля вне магазинов, палаток, киосков или рынков",ПАВЛОДАРСКАЯ ОБЛАСТЬ,АКСУ Г.А.
448474,Прочая розничная торговля вне магазинов,true,,,,,,x,846,,,,,,,5,"Прочая розничная торговля вне магазинов, палаток, киосков или рынков",ПАВЛОДАРСКАЯ ОБЛАСТЬ,АКСУ Г.А.
448475,Транспорт и складирование,false,,2023545000,883,703790000,920,18243057000,846,4688888000,1031,2488861000,994,1177436000,957,1,Всего,ПАВЛОДАРСКАЯ ОБЛАСТЬ,АКСУ Г.А.
448476,Деятельность сухопутного и трубопроводного транспорта ,false,,x,883,259189000,920,951444000,846,40554000,1031,x,994,x,957,2,Транспорт и складирование,ПАВЛОДАРСКАЯ ОБЛАСТЬ,АКСУ Г.А.
448483,Деятельность прочего пассажирского сухопутного транспорта,false,,,,,,921528000,846,,,,,,,3,Деятельность сухопутного и трубопроводного транспорта ,ПАВЛОДАРСКАЯ ОБЛАСТЬ,АКСУ Г.А.
448484,Деятельность сухопутного транспорта по городским и пригородным пассажирским перевозкам,false,,,,,,921528000,846,,,,,,,4,Деятельность прочего пассажирского сухопутного транспорта,ПАВЛОДАРСКАЯ ОБЛАСТЬ,АКСУ Г.А.
448485,Перевозки автобусами,true,,,,,,921528000,846,,,,,,,5,Деятельность сухопутного транспорта по городским и пригородным пассажирским перевозкам,ПАВЛОДАРСКАЯ ОБЛАСТЬ,АКСУ Г.А.
448494,Деятельность грузового автомобильного транспорта и предоставление услуг по переезду ,false,,x,883,259189000,920,29916000,846,40554000,1031,x,994,x,957,3,Деятельность сухопутного и трубопроводного транспорта ,ПАВЛОДАРСКАЯ ОБЛАСТЬ,АКСУ Г.А.
448495,Деятельность грузового автомобильного транспорта,false,,x,883,259189000,920,29916000,846,40554000,1031,x,994,x,957,4,Деятельность грузового автомобильного транспорта и предоставление услуг по переезду ,ПАВЛОДАРСКАЯ ОБЛАСТЬ,АКСУ Г.А.
448496,Деятельность грузового автомобильного транспорта,true,,x,883,259189000,920,29916000,846,40554000,1031,x,994,x,957,5,Деятельность грузового автомобильного транспорта,ПАВЛОДАРСКАЯ ОБЛАСТЬ,АКСУ Г.А.
448527,Складирование грузов и вспомогательная транспортная деятельность,false,,1980069000,883,444601000,920,17291613000,846,4648334000,1031,2471567000,994,x,957,2,Транспорт и складирование,ПАВЛОДАРСКАЯ ОБЛАСТЬ,АКСУ Г.А.
448528,Складирование и хранение грузов,false,,44394000,883,3000000,920,142857000,846,1387123000,1031,2471567000,994,,,3,Складирование грузов и вспомогательная транспортная деятельность,ПАВЛОДАРСКАЯ ОБЛАСТЬ,АКСУ Г.А.
448529,Складирование и хранение грузов,false,,44394000,883,3000000,920,142857000,846,1387123000,1031,2471567000,994,,,4,Складирование и хранение грузов,ПАВЛОДАРСКАЯ ОБЛАСТЬ,АКСУ Г.А.
20576307,"Складирование и хранение продовольственных товаров, кроме овощей и фруктов",true,,,,,,,,,,1098432000,994,,,5,Складирование и хранение грузов,ПАВЛОДАРСКАЯ ОБЛАСТЬ,АКСУ Г.А.
448532,Складирование и хранение продовольственных товаров,true,,,,,,142857000,846,,,,,,,5,Складирование и хранение грузов,ПАВЛОДАРСКАЯ ОБЛАСТЬ,АКСУ Г.А.
20576309,Складирование и хранение овощей и фруктов,true,,44394000,883,3000000,920,,,1387123000,1031,1373135000,994,,,5,Складирование и хранение грузов,ПАВЛОДАРСКАЯ ОБЛАСТЬ,АКСУ Г.А.
448533,Вспомогательная транспортная деятельность,false,,1935675000,883,441601000,920,17148756000,846,3261211000,1031,,,x,957,3,Складирование грузов и вспомогательная транспортная деятельность,ПАВЛОДАРСКАЯ ОБЛАСТЬ,АКСУ Г.А.
448534,Вспомогательная деятельность сухопутного транспорта,false,,1935675000,883,441601000,920,17148756000,846,3261211000,1031,,,x,957,4,Вспомогательная транспортная деятельность,ПАВЛОДАРСКАЯ ОБЛАСТЬ,АКСУ Г.А.
448535,Эксплуатация железных дорог,true,,,,,,,,,,,,x,957,5,Вспомогательная деятельность сухопутного транспорта,ПАВЛОДАРСКАЯ ОБЛАСТЬ,АКСУ Г.А.
448536,Эксплуатация автомобильных дорог,true,,1934775000,883,426601000,920,15087736000,846,3261211000,1031,,,,,5,Вспомогательная деятельность сухопутного транспорта,ПАВЛОДАРСКАЯ ОБЛАСТЬ,АКСУ Г.А.
448538,Деятельность автомобильных стоянок,true,,900000,883,15000000,920,2061020000,846,,,,,,,5,Вспомогательная деятельность сухопутного транспорта,ПАВЛОДАРСКАЯ ОБЛАСТЬ,АКСУ Г.А.
448558,Предоставление услуг по проживанию и питанию,false,,175300000,883,50000000,920,908408000,846,,,,,1500000,957,1,Всего,ПАВЛОДАРСКАЯ ОБЛАСТЬ,АКСУ Г.А.
3783427,Предоставление услуг по временному проживанию,false,,175300000,883,,,908408000,846,,,,,,,2,Предоставление услуг по проживанию и питанию,ПАВЛОДАРСКАЯ ОБЛАСТЬ,АКСУ Г.А.
3783428,Предоставление услуг гостиницами и аналогичными местами для проживания,false,,175300000,883,,,312000000,846,,,,,,,3,Предоставление услуг по временному проживанию,ПАВЛОДАРСКАЯ ОБЛАСТЬ,АКСУ Г.А.
3783429,Предоставление услуг гостиницами и аналогичными местами для проживания,false,,175300000,883,,,312000000,846,,,,,,,4,Предоставление услуг гостиницами и аналогичными местами для проживания,ПАВЛОДАРСКАЯ ОБЛАСТЬ,АКСУ Г.А.
3783430,"Предоставление услуг гостиницами с ресторанами, за исключением гостиниц, находящихся на придорожной полосе",true,,175300000,883,,,312000000,846,,,,,,,5,Предоставление услуг гостиницами и аналогичными местами для проживания,ПАВЛОДАРСКАЯ ОБЛАСТЬ,АКСУ Г.А.
3783441,Предоставление услуг прочими местами для проживания,false,,,,,,596408000,846,,,,,,,3,Предоставление услуг по временному проживанию,ПАВЛОДАРСКАЯ ОБЛАСТЬ,АКСУ Г.А.
3783442,Предоставление услуг прочими местами для проживания,false,,,,,,596408000,846,,,,,,,4,Предоставление услуг прочими местами для проживания,ПАВЛОДАРСКАЯ ОБЛАСТЬ,АКСУ Г.А.
3783443,Услуги в других видах жилья,true,,,,,,596408000,846,,,,,,,5,Предоставление услуг прочими местами для проживания,ПАВЛОДАРСКАЯ ОБЛАСТЬ,АКСУ Г.А.
448573,Предоставление услуг по обеспечению питанием и напитками,false,,,,50000000,920,,,,,,,1500000,957,2,Предоставление услуг по проживанию и питанию,ПАВЛОДАРСКАЯ ОБЛАСТЬ,АКСУ Г.А.
448574,Деятельность ресторанов и предоставление услуг по доставке продуктов питания,false,,,,50000000,920,,,,,,,1500000,957,3,Предоставление услуг по обеспечению питанием и напитками,ПАВЛОДАРСКАЯ ОБЛАСТЬ,АКСУ Г.А.
448575,Деятельность ресторанов и предоставление услуг по доставке продуктов питания,false,,,,50000000,920,,,,,,,1500000,957,4,Деятельность ресторанов и предоставление услуг по доставке продуктов питания,ПАВЛОДАРСКАЯ ОБЛАСТЬ,АКСУ Г.А.
20576362,"Деятельность ресторанов и предоставление услуг по доставке продуктов питания, за исключением деятельности объектов, находящихся на придорожной полосе",true,,,,50000000,920,,,,,,,1500000,957,5,Деятельность ресторанов и предоставление услуг по доставке продуктов питания,ПАВЛОДАРСКАЯ ОБЛАСТЬ,АКСУ Г.А.
448585,Информация и связь,false,,18533000,883,23029000,920,x,846,,,105219000,994,110000,957,1,Всего,ПАВЛОДАРСКАЯ ОБЛАСТЬ,АКСУ Г.А.
448586,Издательская деятельность,false,,,,,,,,,,779000,994,110000,957,2,Информация и связь,ПАВЛОДАРСКАЯ ОБЛАСТЬ,АКСУ Г.А.
448587,"Издание книг, периодических публикаций и другие виды издательской деятельности",false,,,,,,,,,,779000,994,110000,957,3,Издательская деятельность,ПАВЛОДАРСКАЯ ОБЛАСТЬ,АКСУ Г.А.
448592,Издание газет,false,,,,,,,,,,779000,994,110000,957,4,"Издание книг, периодических публикаций и другие виды издательской деятельности",ПАВЛОДАРСКАЯ ОБЛАСТЬ,АКСУ Г.А.
448593,Издание газет,true,,,,,,,,,,779000,994,110000,957,5,Издание газет,ПАВЛОДАРСКАЯ ОБЛАСТЬ,АКСУ Г.А.
448623,Телекоммуникации,false,,18533000,883,23029000,920,x,846,,,x,994,,,2,Информация и связь,ПАВЛОДАРСКАЯ ОБЛАСТЬ,АКСУ Г.А.
18696628,Проводная телекоммуникационная связь,false,,4741000,883,23029000,920,x,846,,,x,994,,,3,Телекоммуникации,ПАВЛОДАРСКАЯ ОБЛАСТЬ,АКСУ Г.А.
18696629,Проводная телекоммуникационная связь,false,,4741000,883,23029000,920,x,846,,,x,994,,,4,Проводная телекоммуникационная связь,ПАВЛОДАРСКАЯ ОБЛАСТЬ,АКСУ Г.А.
18946146,Прочая проводная телекоммуникационная связь,true,,4741000,883,23029000,920,x,846,,,x,994,,,5,Проводная телекоммуникационная связь,ПАВЛОДАРСКАЯ ОБЛАСТЬ,АКСУ Г.А.
448627,Беспроводная телекоммуникационная связь,false,,13792000,883,,,,,,,,,,,3,Телекоммуникации,ПАВЛОДАРСКАЯ ОБЛАСТЬ,АКСУ Г.А.
448628,Беспроводная телекоммуникационная связь,false,,13792000,883,,,,,,,,,,,4,Беспроводная телекоммуникационная связь,ПАВЛОДАРСКАЯ ОБЛАСТЬ,АКСУ Г.А.
18946149,Прочая беспроводная телекоммуникационная связь,true,,13792000,883,,,,,,,,,,,5,Беспроводная телекоммуникационная связь,ПАВЛОДАРСКАЯ ОБЛАСТЬ,АКСУ Г.А.
448658,Финансовая и страховая деятельность,false,,,,80000,920,,,10000,1031,,,,,1,Всего,ПАВЛОДАРСКАЯ ОБЛАСТЬ,АКСУ Г.А.
448659,"Финансовое посредничество, кроме страхования и пенсионного обеспечения",false,,,,80000,920,,,10000,1031,,,,,2,Финансовая и страховая деятельность,ПАВЛОДАРСКАЯ ОБЛАСТЬ,АКСУ Г.А.
448673,"Прочее финансовое посредничество, кроме страхования и пенсионного обеспечения",false,,,,80000,920,,,10000,1031,,,,,3,"Финансовое посредничество, кроме страхования и пенсионного обеспечения",ПАВЛОДАРСКАЯ ОБЛАСТЬ,АКСУ Г.А.
448676,Прочие виды кредитования,false,,,,80000,920,,,10000,1031,,,,,4,"Прочее финансовое посредничество, кроме страхования и пенсионного обеспечения",ПАВЛОДАРСКАЯ ОБЛАСТЬ,АКСУ Г.А.
448678,"Прочие виды кредитования, не включенные в другие группировки",true,,,,80000,920,,,10000,1031,,,,,5,Прочие виды кредитования,ПАВЛОДАРСКАЯ ОБЛАСТЬ,АКСУ Г.А.
448714,Операции с недвижимым имуществом,false,,4262265000,883,3478793000,920,2156284000,846,9264293000,1031,9873275000,994,4719085000,957,1,Всего,ПАВЛОДАРСКАЯ ОБЛАСТЬ,АКСУ Г.А.
448715,Операции с недвижимым имуществом,false,,4262265000,883,3478793000,920,2156284000,846,9264293000,1031,9873275000,994,4719085000,957,2,Операции с недвижимым имуществом,ПАВЛОДАРСКАЯ ОБЛАСТЬ,АКСУ Г.А.
448716,Покупка и продажа собственного недвижимого имущества ,false,,4262140000,883,3470735000,920,2132735000,846,9059519000,1031,9873275000,994,4713371000,957,3,Операции с недвижимым имуществом,ПАВЛОДАРСКАЯ ОБЛАСТЬ,АКСУ Г.А.
448717,Покупка и продажа собственного недвижимого имущества ,false,,4262140000,883,3470735000,920,2132735000,846,9059519000,1031,9873275000,994,4713371000,957,4,Покупка и продажа собственного недвижимого имущества ,ПАВЛОДАРСКАЯ ОБЛАСТЬ,АКСУ Г.А.
543091,Покупка и продажа многоквартирных и жилых домов (особняков),true,,4262140000,883,3470735000,920,2132735000,846,9059519000,1031,9873275000,994,4713371000,957,5,Покупка и продажа собственного недвижимого имущества ,ПАВЛОДАРСКАЯ ОБЛАСТЬ,АКСУ Г.А.
448719,Аренда и управление собственной или арендуемой недвижимостью,false,,125000,883,8058000,920,23549000,846,x,1031,,,5714000,957,3,Операции с недвижимым имуществом,ПАВЛОДАРСКАЯ ОБЛАСТЬ,АКСУ Г.А.
448720,Аренда и управление собственной или арендуемой недвижимостью,false,,125000,883,8058000,920,23549000,846,x,1031,,,5714000,957,4,Аренда и управление собственной или арендуемой недвижимостью,ПАВЛОДАРСКАЯ ОБЛАСТЬ,АКСУ Г.А.
18946171,Аренда и управление собственной недвижимостью,true,,,,,,755000,846,,,,,,,5,Аренда и управление собственной или арендуемой недвижимостью,ПАВЛОДАРСКАЯ ОБЛАСТЬ,АКСУ Г.А.
18951451,Аренда (субаренда) и эксплуатация арендуемой недвижимости,true,,125000,883,8058000,920,22794000,846,,,,,5714000,957,5,Аренда и управление собственной или арендуемой недвижимостью,ПАВЛОДАРСКАЯ ОБЛАСТЬ,АКСУ Г.А.
448728,"Профессиональная, научная и техническая деятельность",false,,,,5000000,920,,,,,,,,,1,Всего,ПАВЛОДАРСКАЯ ОБЛАСТЬ,АКСУ Г.А.
448738,Деятельность головных компаний; консультирование по вопросам управления ,false,,,,5000000,920,,,,,,,,,2,"Профессиональная, научная и техническая деятельность",ПАВЛОДАРСКАЯ ОБЛАСТЬ,АКСУ Г.А.
448742,Деятельность по консультированию по вопросам управления,false,,,,5000000,920,,,,,,,,,3,Деятельность головных компаний; консультирование по вопросам управления ,ПАВЛОДАРСКАЯ ОБЛАСТЬ,АКСУ Г.А.
448745,Консультирование по вопросам коммерческой деятельности и прочее консультирование по вопросам управления,false,,,,5000000,920,,,,,,,,,4,Деятельность по консультированию по вопросам управления,ПАВЛОДАРСКАЯ ОБЛАСТЬ,АКСУ Г.А.
18946177,Консультирование по вопросам коммерческой деятельности и управления,true,,,,5000000,920,,,,,,,,,5,Консультирование по вопросам коммерческой деятельности и прочее консультирование по вопросам управления,ПАВЛОДАРСКАЯ ОБЛАСТЬ,АКСУ Г.А.
448797,Деятельность в области административного и вспомогательного обслуживания,false,,24558000,883,50180000,920,298213000,846,162083000,1031,79960000,994,,,1,Всего,ПАВЛОДАРСКАЯ ОБЛАСТЬ,АКСУ Г.А.
448798,"Аренда, прокат и лизинг",false,,,,,,,,6518000,1031,,,,,2,Деятельность в области административного и вспомогательного обслуживания,ПАВЛОДАРСКАЯ ОБЛАСТЬ,АКСУ Г.А.
448799,Аренда и лизинг автомобилей ,false,,,,,,,,6518000,1031,,,,,3,"Аренда, прокат и лизинг",ПАВЛОДАРСКАЯ ОБЛАСТЬ,АКСУ Г.А.
448800,Аренда и лизинг легковых автомобилей и легких автотранспортных средств,false,,,,,,,,6518000,1031,,,,,4,Аренда и лизинг автомобилей ,ПАВЛОДАРСКАЯ ОБЛАСТЬ,АКСУ Г.А.
543075,Аренда легковых автомобилей и легких автотранспортных средств,true,,,,,,,,6518000,1031,,,,,5,Аренда и лизинг легковых автомобилей и легких автотранспортных средств,ПАВЛОДАРСКАЯ ОБЛАСТЬ,АКСУ Г.А.
448856,Деятельность по обслуживанию зданий и благоустройству территорий,false,,24558000,883,50180000,920,298213000,846,155565000,1031,79960000,994,,,2,Деятельность в области административного и вспомогательного обслуживания,ПАВЛОДАРСКАЯ ОБЛАСТЬ,АКСУ Г.А.
448867,Деятельность по благоустройству территорий,false,,24558000,883,50180000,920,298213000,846,155565000,1031,79960000,994,,,3,Деятельность по обслуживанию зданий и благоустройству территорий,ПАВЛОДАРСКАЯ ОБЛАСТЬ,АКСУ Г.А.
448868,Деятельность по благоустройству территорий,false,,24558000,883,50180000,920,298213000,846,155565000,1031,79960000,994,,,4,Деятельность по благоустройству территорий,ПАВЛОДАРСКАЯ ОБЛАСТЬ,АКСУ Г.А.
448869,Деятельность по благоустройству территорий,true,,24558000,883,50180000,920,298213000,846,155565000,1031,79960000,994,,,5,Деятельность по благоустройству территорий,ПАВЛОДАРСКАЯ ОБЛАСТЬ,АКСУ Г.А.
448889,Государственное управление и оборона; обязательное  социальное обеспечение,false,,10110000,883,7042000,920,221497000,846,114566000,1031,2422000,994,6507000,957,1,Всего,ПАВЛОДАРСКАЯ ОБЛАСТЬ,АКСУ Г.А.
448890,Государственное управление и оборона; обязательное социальное обеспечение,false,,10110000,883,7042000,920,221497000,846,114566000,1031,2422000,994,6507000,957,2,Государственное управление и оборона; обязательное  социальное обеспечение,ПАВЛОДАРСКАЯ ОБЛАСТЬ,АКСУ Г.А.
448891,Государственное управление общего характера и управление социально-экономическое политикой общества,false,,10110000,883,7042000,920,x,846,108762000,1031,2422000,994,4096000,957,3,Государственное управление и оборона; обязательное социальное обеспечение,ПАВЛОДАРСКАЯ ОБЛАСТЬ,АКСУ Г.А.
448892,Государственное управление общего характера,false,,5254000,883,3261000,920,x,846,91004000,1031,2422000,994,,,4,Государственное управление общего характера и управление социально-экономическое политикой общества,ПАВЛОДАРСКАЯ ОБЛАСТЬ,АКСУ Г.А.
448895,Деятельность местных органов управления,true,,5254000,883,3261000,920,x,846,49827000,1031,2422000,994,,,5,Государственное управление общего характера,ПАВЛОДАРСКАЯ ОБЛАСТЬ,АКСУ Г.А.
448896,Деятельность сельских и поселковых органов управления,true,,,,,,,,41177000,1031,,,,,5,Государственное управление общего характера,ПАВЛОДАРСКАЯ ОБЛАСТЬ,АКСУ Г.А.
448900,"Регулирование деятельности учреждений здравоохранения, образования, культуры и других социальных услуг, кроме социального обеспечения ",false,,x,883,3781000,920,,,x,1031,,,4096000,957,4,Государственное управление общего характера и управление социально-экономическое политикой общества,ПАВЛОДАРСКАЯ ОБЛАСТЬ,АКСУ Г.А.
448901,"Регулирование деятельности учреждений здравоохранения, образования, культуры и других социальных услуг, кроме социального обеспечения ",true,,x,883,3781000,920,,,x,1031,,,4096000,957,5,"Регулирование деятельности учреждений здравоохранения, образования, культуры и других социальных услуг, кроме социального обеспечения ",ПАВЛОДАРСКАЯ ОБЛАСТЬ,АКСУ Г.А.
448902,Регулирование и содействие эффективному ведению экономической деятельности,false,,,,,,,,17535000,1031,,,,,4,Государственное управление общего характера и управление социально-экономическое политикой общества,ПАВЛОДАРСКАЯ ОБЛАСТЬ,АКСУ Г.А.
448903,Регулирование и содействие эффективному ведению экономической деятельности,true,,,,,,,,17535000,1031,,,,,5,Регулирование и содействие эффективному ведению экономической деятельности,ПАВЛОДАРСКАЯ ОБЛАСТЬ,АКСУ Г.А.
448904,Предоставление государством услуг обществу в целом,false,,,,,,191918000,846,5804000,1031,,,2411000,957,3,Государственное управление и оборона; обязательное социальное обеспечение,ПАВЛОДАРСКАЯ ОБЛАСТЬ,АКСУ Г.А.
448911,Деятельность по обеспечению общественного порядка и безопасности,false,,,,,,191918000,846,,,,,2411000,957,4,Предоставление государством услуг обществу в целом,ПАВЛОДАРСКАЯ ОБЛАСТЬ,АКСУ Г.А.
448912,Деятельность по обеспечению общественного порядка и безопасности,true,,,,,,191918000,846,,,,,2411000,957,5,Деятельность по обеспечению общественного порядка и безопасности,ПАВЛОДАРСКАЯ ОБЛАСТЬ,АКСУ Г.А.
448913,Деятельность по обеспечению безопасности в чрезвычайных ситуациях,false,,,,,,,,5804000,1031,,,,,4,Предоставление государством услуг обществу в целом,ПАВЛОДАРСКАЯ ОБЛАСТЬ,АКСУ Г.А.
448914,Деятельность по обеспечению безопасности в чрезвычайных ситуациях,true,,,,,,,,5804000,1031,,,,,5,Деятельность по обеспечению безопасности в чрезвычайных ситуациях,ПАВЛОДАРСКАЯ ОБЛАСТЬ,АКСУ Г.А.
448918,Образование,false,,391441000,883,1817515000,920,59306000,846,179783000,1031,341976000,994,625379000,957,1,Всего,ПАВЛОДАРСКАЯ ОБЛАСТЬ,АКСУ Г.А.
448919,Образование,false,,391441000,883,1817515000,920,59306000,846,179783000,1031,341976000,994,625379000,957,2,Образование,ПАВЛОДАРСКАЯ ОБЛАСТЬ,АКСУ Г.А.
448920,Дошкольное образование,false,,76795000,883,5362000,920,x,846,78172000,1031,40000,994,5555000,957,3,Образование,ПАВЛОДАРСКАЯ ОБЛАСТЬ,АКСУ Г.А.
448921,Дошкольное образование,false,,76795000,883,5362000,920,x,846,78172000,1031,40000,994,5555000,957,4,Дошкольное образование,ПАВЛОДАРСКАЯ ОБЛАСТЬ,АКСУ Г.А.
448922,Дошкольное образование,true,,76795000,883,5362000,920,x,846,78172000,1031,40000,994,5555000,957,5,Дошкольное образование,ПАВЛОДАРСКАЯ ОБЛАСТЬ,АКСУ Г.А.
448923,Начальное образование (1-й уровень),false,,284000,883,6741000,920,,,,,,,,,3,Образование,ПАВЛОДАРСКАЯ ОБЛАСТЬ,АКСУ Г.А.
448924,Начальное образование (1-й уровень),false,,284000,883,6741000,920,,,,,,,,,4,Начальное образование (1-й уровень),ПАВЛОДАРСКАЯ ОБЛАСТЬ,АКСУ Г.А.
448925,Начальное образование (1-й уровень),true,,284000,883,6741000,920,,,,,,,,,5,Начальное образование (1-й уровень),ПАВЛОДАРСКАЯ ОБЛАСТЬ,АКСУ Г.А.
448926,Среднее образование (2-й и 3-й уровни),false,,241482000,883,1805412000,920,58947000,846,101611000,1031,341936000,994,619464000,957,3,Образование,ПАВЛОДАРСКАЯ ОБЛАСТЬ,АКСУ Г.А.
448927,Основное и общее среднее образование,false,,241482000,883,1805412000,920,58947000,846,101611000,1031,341936000,994,619464000,957,4,Среднее образование (2-й и 3-й уровни),ПАВЛОДАРСКАЯ ОБЛАСТЬ,АКСУ Г.А.
448928,Основное и общее среднее образование,true,,241482000,883,1805412000,920,58947000,846,101611000,1031,341936000,994,619464000,957,5,Основное и общее среднее образование,ПАВЛОДАРСКАЯ ОБЛАСТЬ,АКСУ Г.А.
448937,Прочие виды образования,false,,72880000,883,,,,,,,,,360000,957,3,Образование,ПАВЛОДАРСКАЯ ОБЛАСТЬ,АКСУ Г.А.
448938,Образование в области спорта и отдыха,false,,68127000,883,,,,,,,,,,,4,Прочие виды образования,ПАВЛОДАРСКАЯ ОБЛАСТЬ,АКСУ Г.А.
448939,Образование в области спорта и отдыха,true,,68127000,883,,,,,,,,,,,5,Образование в области спорта и отдыха,ПАВЛОДАРСКАЯ ОБЛАСТЬ,АКСУ Г.А.
448944,"Прочие виды образования, не включенные в другие группировки",false,,4753000,883,,,,,,,,,360000,957,4,Прочие виды образования,ПАВЛОДАРСКАЯ ОБЛАСТЬ,АКСУ Г.А.
448946,"Прочая деятельность в области образования, не включенная в другие группировки",true,,4753000,883,,,,,,,,,360000,957,5,"Прочие виды образования, не включенные в другие группировки",ПАВЛОДАРСКАЯ ОБЛАСТЬ,АКСУ Г.А.
448950,Здравоохранение и социальное обслуживание населения,false,,746015000,883,360348000,920,79474000,846,1510477000,1031,695578000,994,271287000,957,1,Всего,ПАВЛОДАРСКАЯ ОБЛАСТЬ,АКСУ Г.А.
448951,Деятельность в области здравоохранения,false,,746015000,883,360348000,920,79474000,846,1510477000,1031,695578000,994,271287000,957,2,Здравоохранение и социальное обслуживание населения,ПАВЛОДАРСКАЯ ОБЛАСТЬ,АКСУ Г.А.
448952,Деятельность больничных организаций,false,,40695000,883,81586000,920,x,846,470896000,1031,258974000,994,143935000,957,3,Деятельность в области здравоохранения,ПАВЛОДАРСКАЯ ОБЛАСТЬ,АКСУ Г.А.
448953,Деятельность больничных организаций,false,,40695000,883,81586000,920,x,846,470896000,1031,258974000,994,143935000,957,4,Деятельность больничных организаций,ПАВЛОДАРСКАЯ ОБЛАСТЬ,АКСУ Г.А.
448954,Деятельность больниц широкого профиля и специализированных больниц,true,,40695000,883,81586000,920,x,846,470896000,1031,258974000,994,143935000,957,5,Деятельность больничных организаций,ПАВЛОДАРСКАЯ ОБЛАСТЬ,АКСУ Г.А.
448959,Деятельность в области врачебной практики и стоматологии,false,,705320000,883,278762000,920,55254000,846,1039581000,1031,436604000,994,127352000,957,3,Деятельность в области здравоохранения,ПАВЛОДАРСКАЯ ОБЛАСТЬ,АКСУ Г.А.
448960,Общая врачебная практика,false,,65384000,883,151078000,920,,,1039581000,1031,150636000,994,503000,957,4,Деятельность в области врачебной практики и стоматологии,ПАВЛОДАРСКАЯ ОБЛАСТЬ,АКСУ Г.А.
448961,Общая врачебная практика,true,,65384000,883,151078000,920,,,1039581000,1031,150636000,994,503000,957,5,Общая врачебная практика,ПАВЛОДАРСКАЯ ОБЛАСТЬ,АКСУ Г.А.
448962,Специальная врачебная практика,false,,636884000,883,121541000,920,55139000,846,,,282406000,994,124709000,957,4,Деятельность в области врачебной практики и стоматологии,ПАВЛОДАРСКАЯ ОБЛАСТЬ,АКСУ Г.А.
448963,Специальная врачебная практика,true,,636884000,883,121541000,920,55139000,846,,,282406000,994,124709000,957,5,Специальная врачебная практика,ПАВЛОДАРСКАЯ ОБЛАСТЬ,АКСУ Г.А.
448964,Стоматологическая деятельность,false,,3052000,883,6143000,920,x,846,,,3562000,994,2140000,957,4,Деятельность в области врачебной практики и стоматологии,ПАВЛОДАРСКАЯ ОБЛАСТЬ,АКСУ Г.А.
448965,Стоматологическая деятельность,true,,3052000,883,6143000,920,x,846,,,3562000,994,2140000,957,5,Стоматологическая деятельность,ПАВЛОДАРСКАЯ ОБЛАСТЬ,АКСУ Г.А.
448991,"Искусство, развлечения и отдых",false,,333761000,883,4959000,920,3837000,846,1250221000,1031,1794100000,994,472036000,957,1,Всего,ПАВЛОДАРСКАЯ ОБЛАСТЬ,АКСУ Г.А.
449004,"Деятельность библиотек, архивов, музеев и прочая деятельность в области культуры",false,,30883000,883,1322000,920,,,,,,,500000,957,2,"Искусство, развлечения и отдых",ПАВЛОДАРСКАЯ ОБЛАСТЬ,АКСУ Г.А.
449005,"Деятельность библиотек, архивов, музеев и прочая деятельность в области культуры",false,,30883000,883,1322000,920,,,,,,,500000,957,3,"Деятельность библиотек, архивов, музеев и прочая деятельность в области культуры",ПАВЛОДАРСКАЯ ОБЛАСТЬ,АКСУ Г.А.
449006,Деятельность библиотек и архивов,false,,30883000,883,1322000,920,,,,,,,500000,957,4,"Деятельность библиотек, архивов, музеев и прочая деятельность в области культуры",ПАВЛОДАРСКАЯ ОБЛАСТЬ,АКСУ Г.А.
449008,"Библиотечная деятельность, включая деятельность читальных залов, лекториев, демонстрационных залов",true,,30883000,883,1322000,920,,,,,,,500000,957,5,Деятельность библиотек и архивов,ПАВЛОДАРСКАЯ ОБЛАСТЬ,АКСУ Г.А.
449022,"Деятельность в области спорта, организации отдыха и развлечений",false,,302878000,883,3637000,920,3837000,846,1250221000,1031,1794100000,994,471536000,957,2,"Искусство, развлечения и отдых",ПАВЛОДАРСКАЯ ОБЛАСТЬ,АКСУ Г.А.
449023,Деятельность в области спорта,false,,301188000,883,,,439000,846,1099485000,1031,1793300000,994,452261000,957,3,"Деятельность в области спорта, организации отдыха и развлечений",ПАВЛОДАРСКАЯ ОБЛАСТЬ,АКСУ Г.А.
449024,Эксплуатация спортивных сооружений,false,,301188000,883,,,439000,846,1099485000,1031,1793300000,994,452261000,957,4,Деятельность в области спорта,ПАВЛОДАРСКАЯ ОБЛАСТЬ,АКСУ Г.А.
449025,Эксплуатация спортивных сооружений,true,,301188000,883,,,439000,846,1099485000,1031,1793300000,994,452261000,957,5,Эксплуатация спортивных сооружений,ПАВЛОДАРСКАЯ ОБЛАСТЬ,АКСУ Г.А.
449032,Деятельность по организации отдыха и развлечений,false,,1690000,883,3637000,920,3398000,846,150736000,1031,800000,994,19275000,957,3,"Деятельность в области спорта, организации отдыха и развлечений",ПАВЛОДАРСКАЯ ОБЛАСТЬ,АКСУ Г.А.
449033,Деятельность развлекательных и тематических парков,false,,,,,,1748000,846,,,,,,,4,Деятельность по организации отдыха и развлечений,ПАВЛОДАРСКАЯ ОБЛАСТЬ,АКСУ Г.А.
449034,Деятельность развлекательных и тематических парков,true,,,,,,1748000,846,,,,,,,5,Деятельность развлекательных и тематических парков,ПАВЛОДАРСКАЯ ОБЛАСТЬ,АКСУ Г.А.
449035,Прочая деятельность по организации отдыха и развлечений,false,,1690000,883,3637000,920,1650000,846,150736000,1031,800000,994,19275000,957,4,Деятельность по организации отдыха и развлечений,ПАВЛОДАРСКАЯ ОБЛАСТЬ,АКСУ Г.А.
449039,Прочие виды деятельности по организации отдыха и развлечений,true,,1690000,883,3637000,920,1650000,846,150736000,1031,800000,994,19275000,957,5,Прочая деятельность по организации отдыха и развлечений,ПАВЛОДАРСКАЯ ОБЛАСТЬ,АКСУ Г.А.
449040,Предоставление прочих видов услуг,false,,11200000,883,21000000,920,300000,846,,,17600000,994,,,1,Всего,ПАВЛОДАРСКАЯ ОБЛАСТЬ,АКСУ Г.А.
449041,Деятельность общественных объединений (организаций),false,,10400000,883,21000000,920,,,,,17600000,994,,,2,Предоставление прочих видов услуг,ПАВЛОДАРСКАЯ ОБЛАСТЬ,АКСУ Г.А.
449050,Деятельность прочих общественных  объединений,false,,10400000,883,21000000,920,,,,,17600000,994,,,3,Деятельность общественных объединений (организаций),ПАВЛОДАРСКАЯ ОБЛАСТЬ,АКСУ Г.А.
449051,Деятельность религиозных организаций,false,,10400000,883,21000000,920,,,,,17600000,994,,,4,Деятельность прочих общественных  объединений,ПАВЛОДАРСКАЯ ОБЛАСТЬ,АКСУ Г.А.
449052,Деятельность религиозных организаций,true,,10400000,883,21000000,920,,,,,17600000,994,,,5,Деятельность религиозных организаций,ПАВЛОДАРСКАЯ ОБЛАСТЬ,АКСУ Г.А.
449084,Предоставление прочих индивидуальных услуг,false,,800000,883,,,300000,846,,,,,,,2,Предоставление прочих видов услуг,ПАВЛОДАРСКАЯ ОБЛАСТЬ,АКСУ Г.А.
449085,Предоставление прочих индивидуальных услуг,false,,800000,883,,,300000,846,,,,,,,3,Предоставление прочих индивидуальных услуг,ПАВЛОДАРСКАЯ ОБЛАСТЬ,АКСУ Г.А.
449089,Предоставление услуг парикмахерскими и салонами красоты,false,,,,,,300000,846,,,,,,,4,Предоставление прочих индивидуальных услуг,ПАВЛОДАРСКАЯ ОБЛАСТЬ,АКСУ Г.А.
449090,Предоставление услуг парикмахерскими и салонами красоты,true,,,,,,300000,846,,,,,,,5,Предоставление услуг парикмахерскими и салонами красоты,ПАВЛОДАРСКАЯ ОБЛАСТЬ,АКСУ Г.А.
449093,Деятельность по обеспечению физического комфорта,false,,800000,883,,,,,,,,,,,4,Предоставление прочих индивидуальных услуг,ПАВЛОДАРСКАЯ ОБЛАСТЬ,АКСУ Г.А.
449094,Деятельность по обеспечению физического комфорта,true,,800000,883,,,,,,,,,,,5,Деятельность по обеспечению физического комфорта,ПАВЛОДАРСКАЯ ОБЛАСТЬ,АКСУ Г.А.
741340,Промышленность,false,,64613300000,883,55515458000,920,62049407000,846,63198738000,1031,80857145000,994,54011308000,957,1,Всего,ПАВЛОДАРСКАЯ ОБЛАСТЬ,АКСУ Г.А.
447279,Горнодобывающая промышленность и разработка карьеров,false,,239966000,883,192300000,920,192190000,846,232285000,1031,166301000,994,269776000,957,2,Промышленность,ПАВЛОДАРСКАЯ ОБЛАСТЬ,АКСУ Г.А.
447298,Добыча металлических руд,false,,103491000,883,36975000,920,171437000,846,147729000,1031,134729000,994,120715000,957,3,Горнодобывающая промышленность и разработка карьеров,ПАВЛОДАРСКАЯ ОБЛАСТЬ,АКСУ Г.А.
447303,"Добыча руд, кроме железных ",false,,103491000,883,36975000,920,171437000,846,147729000,1031,134729000,994,120715000,957,4,Добыча металлических руд,ПАВЛОДАРСКАЯ ОБЛАСТЬ,АКСУ Г.А.
447306,Добыча прочих металлических руд,false,,103491000,883,36975000,920,171437000,846,147729000,1031,134729000,994,120715000,957,5,"Добыча руд, кроме железных ",ПАВЛОДАРСКАЯ ОБЛАСТЬ,АКСУ Г.А.
447316,Добыча прочих полезных ископаемых,false,,136475000,883,155325000,920,20753000,846,84556000,1031,31572000,994,149061000,957,3,Горнодобывающая промышленность и разработка карьеров,ПАВЛОДАРСКАЯ ОБЛАСТЬ,АКСУ Г.А.
447317,"Добыча камня, песка и глины",false,,x,883,,,x,846,,,x,994,,,4,Добыча прочих полезных ископаемых,ПАВЛОДАРСКАЯ ОБЛАСТЬ,АКСУ Г.А.
447322,"Разработка гравийных и песчаных карьеров, добыча глины и каолина",false,,x,883,,,x,846,,,x,994,,,5,"Добыча камня, песка и глины",ПАВЛОДАРСКАЯ ОБЛАСТЬ,АКСУ Г.А.
447325,"Добыча полезных ископаемых, не включенных в другие группировки",false,,78761000,883,155325000,920,20646000,846,84556000,1031,30449000,994,149061000,957,4,Добыча прочих полезных ископаемых,ПАВЛОДАРСКАЯ ОБЛАСТЬ,АКСУ Г.А.
447330,Добыча соли,false,,78761000,883,155325000,920,20646000,846,84556000,1031,30449000,994,149061000,957,5,"Добыча полезных ископаемых, не включенных в другие группировки",ПАВЛОДАРСКАЯ ОБЛАСТЬ,АКСУ Г.А.
447346,Обрабатывающая промышленность,false,,x,883,20828891000,920,33104920000,846,x,1031,36969807000,994,30510352000,957,2,Промышленность,ПАВЛОДАРСКАЯ ОБЛАСТЬ,АКСУ Г.А.
447347,Производство продуктов питания,false,,,,,,,,,,,,x,957,3,Обрабатывающая промышленность,ПАВЛОДАРСКАЯ ОБЛАСТЬ,АКСУ Г.А.
447384,"Производство  хлебобулочных, макаронных и мучных кондитерских изделий",false,,,,,,,,,,,,x,957,4,Производство продуктов питания,ПАВЛОДАРСКАЯ ОБЛАСТЬ,АКСУ Г.А.
447385,Производство хлебобулочных и мучных кондитерских изделий недлительного хранения,false,,,,,,,,,,,,x,957,5,"Производство  хлебобулочных, макаронных и мучных кондитерских изделий",ПАВЛОДАРСКАЯ ОБЛАСТЬ,АКСУ Г.А.
447496,Производство кожаной и относящейся к ней продукции,false,,,,15000000,920,,,,,,,,,3,Обрабатывающая промышленность,ПАВЛОДАРСКАЯ ОБЛАСТЬ,АКСУ Г.А.
447497,"Дубление и выделка кожи; производство дорожных принадлежностей, шорно-седельных изделий; выделка и крашение меха",false,,,,15000000,920,,,,,,,,,4,Производство кожаной и относящейся к ней продукции,ПАВЛОДАРСКАЯ ОБЛАСТЬ,АКСУ Г.А.
447498,Дубление и выделка кожи; выделка и крашение меха,false,,,,15000000,920,,,,,,,,,5,"Дубление и выделка кожи; производство дорожных принадлежностей, шорно-седельных изделий; выделка и крашение меха",ПАВЛОДАРСКАЯ ОБЛАСТЬ,АКСУ Г.А.
447646,Производство прочей не металлической минеральной продукции,false,,,,,,,,,,x,994,,,3,Обрабатывающая промышленность,ПАВЛОДАРСКАЯ ОБЛАСТЬ,АКСУ Г.А.
447688,"Производство изделий из бетона, цемента и строительного гипса ",false,,,,,,,,,,x,994,,,4,Производство прочей не металлической минеральной продукции,ПАВЛОДАРСКАЯ ОБЛАСТЬ,АКСУ Г.А.
447689,Производство строительных изделий из бетона,false,,,,,,,,,,x,994,,,5,"Производство изделий из бетона, цемента и строительного гипса ",ПАВЛОДАРСКАЯ ОБЛАСТЬ,АКСУ Г.А.
447717,Металлургическое производство,false,,x,883,x,920,33104920000,846,x,1031,x,994,x,957,3,Обрабатывающая промышленность,ПАВЛОДАРСКАЯ ОБЛАСТЬ,АКСУ Г.А.
447718,"Производство чугуна, стали и ферросплавов",false,,x,883,x,920,33104920000,846,x,1031,x,994,x,957,4,Металлургическое производство,ПАВЛОДАРСКАЯ ОБЛАСТЬ,АКСУ Г.А.
447719,"Производство чугуна, стали и ферросплавов",false,,x,883,x,920,33104920000,846,x,1031,x,994,x,957,5,"Производство чугуна, стали и ферросплавов",ПАВЛОДАРСКАЯ ОБЛАСТЬ,АКСУ Г.А.
448090,"Снабжение электроэнергией, газом, паром, горячей водой и кондиционированным воздухом",false,,39139991000,883,12088040000,920,24938472000,846,31117482000,1031,35912235000,994,19387300000,957,2,Промышленность,ПАВЛОДАРСКАЯ ОБЛАСТЬ,АКСУ Г.А.
448091,"Снабжение электроэнергией, газом, паром, горячей водой и кондиционированным воздухом",false,,39139991000,883,12088040000,920,24938472000,846,31117482000,1031,35912235000,994,19387300000,957,3,"Снабжение электроэнергией, газом, паром, горячей водой и кондиционированным воздухом",ПАВЛОДАРСКАЯ ОБЛАСТЬ,АКСУ Г.А.
448092,"Производство, передача и распределение электроэнергии",false,,38707248000,883,11348270000,920,22161525000,846,28309075000,1031,33719347000,994,18609868000,957,4,"Снабжение электроэнергией, газом, паром, горячей водой и кондиционированным воздухом",ПАВЛОДАРСКАЯ ОБЛАСТЬ,АКСУ Г.А.
448093,Производство электроэнергии,false,,18889687000,883,10953484000,920,20643680000,846,x,1031,x,994,x,957,5,"Производство, передача и распределение электроэнергии",ПАВЛОДАРСКАЯ ОБЛАСТЬ,АКСУ Г.А.
448098,Передача электроэнергии,false,,660930000,883,x,920,x,846,x,1031,x,994,x,957,5,"Производство, передача и распределение электроэнергии",ПАВЛОДАРСКАЯ ОБЛАСТЬ,АКСУ Г.А.
448100,Распределение электроэнергии,false,,19156631000,883,291303000,920,148080000,846,885740000,1031,753307000,994,11370000,957,5,"Производство, передача и распределение электроэнергии",ПАВЛОДАРСКАЯ ОБЛАСТЬ,АКСУ Г.А.
448111,"Снабжение паром, горячей водой и кондиционированным воздухом",false,,432743000,883,739770000,920,2776947000,846,2808407000,1031,2192888000,994,777432000,957,4,"Снабжение электроэнергией, газом, паром, горячей водой и кондиционированным воздухом",ПАВЛОДАРСКАЯ ОБЛАСТЬ,АКСУ Г.А.
448112,"Снабжение паром, горячей водой и кондиционированным воздухом",false,,432743000,883,739770000,920,2776947000,846,2808407000,1031,2192888000,994,777432000,957,5,"Снабжение паром, горячей водой и кондиционированным воздухом",ПАВЛОДАРСКАЯ ОБЛАСТЬ,АКСУ Г.А.
448117,"Водоснабжение; сбор, обработка и удаление отходов, деятельность по ликвидации загрязнений",false,,6164067000,883,22406227000,920,3813825000,846,1232667000,1031,7808802000,994,3843880000,957,2,Промышленность,ПАВЛОДАРСКАЯ ОБЛАСТЬ,АКСУ Г.А.
448118,"Сбор, обработка и распределение воды",false,,2328843000,883,19959543000,920,2167892000,846,1103746000,1031,7208539000,994,2992100000,957,3,"Водоснабжение; сбор, обработка и удаление отходов, деятельность по ликвидации загрязнений",ПАВЛОДАРСКАЯ ОБЛАСТЬ,АКСУ Г.А.
448119,"Сбор, обработка и распределение воды",false,,2328843000,883,19959543000,920,2167892000,846,1103746000,1031,7208539000,994,2992100000,957,4,"Сбор, обработка и распределение воды",ПАВЛОДАРСКАЯ ОБЛАСТЬ,АКСУ Г.А.
448120,"Сбор, обработка и распределение воды",false,,2328843000,883,19959543000,920,2167892000,846,1103746000,1031,7208539000,994,2992100000,957,5,"Сбор, обработка и распределение воды",ПАВЛОДАРСКАЯ ОБЛАСТЬ,АКСУ Г.А.
448122,Сбор и обработка сточных вод,false,,3834168000,883,2430480000,920,1643183000,846,74743000,1031,590747000,994,835551000,957,3,"Водоснабжение; сбор, обработка и удаление отходов, деятельность по ликвидации загрязнений",ПАВЛОДАРСКАЯ ОБЛАСТЬ,АКСУ Г.А.
448123,Сбор и обработка сточных вод,false,,3834168000,883,2430480000,920,1643183000,846,74743000,1031,590747000,994,835551000,957,4,Сбор и обработка сточных вод,ПАВЛОДАРСКАЯ ОБЛАСТЬ,АКСУ Г.А.
448124,Сбор и обработка сточных вод,false,,3834168000,883,2430480000,920,1643183000,846,74743000,1031,590747000,994,835551000,957,5,Сбор и обработка сточных вод,ПАВЛОДАРСКАЯ ОБЛАСТЬ,АКСУ Г.А.
448126,"Сбор, обработка и удаление отходов; утилизация (восстановление) материалов",false,,1056000,883,16204000,920,2750000,846,54178000,1031,9516000,994,16229000,957,3,"Водоснабжение; сбор, обработка и удаление отходов, деятельность по ликвидации загрязнений",ПАВЛОДАРСКАЯ ОБЛАСТЬ,АКСУ Г.А.
448127,Сбор отходов,false,,1056000,883,16204000,920,,,53684000,1031,9430000,994,16139000,957,4,"Сбор, обработка и удаление отходов; утилизация (восстановление) материалов",ПАВЛОДАРСКАЯ ОБЛАСТЬ,АКСУ Г.А.
448128,Сбор неопасных отходов,false,,1056000,883,16204000,920,,,53684000,1031,9430000,994,16139000,957,5,Сбор отходов,ПАВЛОДАРСКАЯ ОБЛАСТЬ,АКСУ Г.А.
448132,Обработка и удаление отходов,false,,,,,,2750000,846,494000,1031,86000,994,90000,957,4,"Сбор, обработка и удаление отходов; утилизация (восстановление) материалов",ПАВЛОДАРСКАЯ ОБЛАСТЬ,АКСУ Г.А.
448133,Обработка и удаление неопасных отходов,false,,,,,,2750000,846,494000,1031,86000,994,90000,957,5,Обработка и удаление отходов,ПАВЛОДАРСКАЯ ОБЛАСТЬ,АКСУ Г.А.
741885,Всего,false,,145274108000,883,206515137000,920,145730196000,846,327502662000,1031,284256953000,994,271700228000,957,0,,ПАВЛОДАРСКАЯ ОБЛАСТЬ,ЭКИБАСТУЗ Г.А.
447173,"Сельское, лесное и рыбное хозяйство",false,,5488051000,883,20592222000,920,18451544000,846,12872347000,1031,5917701000,994,16368210000,957,1,Всего,ПАВЛОДАРСКАЯ ОБЛАСТЬ,ЭКИБАСТУЗ Г.А.
447174,"Растениеводство и животноводство, охота и предоставление услуг в этих областях",false,,5488051000,883,20592222000,920,18451544000,846,12872347000,1031,5917701000,994,16368210000,957,2,"Сельское, лесное и рыбное хозяйство",ПАВЛОДАРСКАЯ ОБЛАСТЬ,ЭКИБАСТУЗ Г.А.
447175,Выращивание одно- или двухлетних культур,false,,5006941000,883,326720000,920,18421666000,846,3457481000,1031,2954381000,994,14091061000,957,3,"Растениеводство и животноводство, охота и предоставление услуг в этих областях",ПАВЛОДАРСКАЯ ОБЛАСТЬ,ЭКИБАСТУЗ Г.А.
447176,"Выращивание зерновых (кроме риса), бобовых и масличных культур",false,,63080000,883,183758000,920,x,846,1269270000,1031,427799000,994,9201468000,957,4,Выращивание одно- или двухлетних культур,ПАВЛОДАРСКАЯ ОБЛАСТЬ,ЭКИБАСТУЗ Г.А.
3783380,"Выращивание зерновых и зернобобовых культур, включая семеноводство",true,,63080000,883,183758000,920,x,846,1269270000,1031,427799000,994,9201468000,957,5,"Выращивание зерновых (кроме риса), бобовых и масличных культур",ПАВЛОДАРСКАЯ ОБЛАСТЬ,ЭКИБАСТУЗ Г.А.
447181,"Выращивание овощей, бахчевых, корнеплодов и клубнеплодов",false,,4943861000,883,142962000,920,x,846,2188211000,1031,2526582000,994,4889593000,957,4,Выращивание одно- или двухлетних культур,ПАВЛОДАРСКАЯ ОБЛАСТЬ,ЭКИБАСТУЗ Г.А.
447182,Выращивание картофеля и посадочного материала,true,,,,x,920,,,2166258000,1031,2519391000,994,4863274000,957,5,"Выращивание овощей, бахчевых, корнеплодов и клубнеплодов",ПАВЛОДАРСКАЯ ОБЛАСТЬ,ЭКИБАСТУЗ Г.А.
447183,"Выращивание овощей, их семян и рассады",true,,4943861000,883,129762000,920,x,846,x,1031,x,994,x,957,5,"Выращивание овощей, бахчевых, корнеплодов и клубнеплодов",ПАВЛОДАРСКАЯ ОБЛАСТЬ,ЭКИБАСТУЗ Г.А.
447192,Выращивание прочих одно- или двухлетних культур,false,,,,,,120796000,846,,,,,,,4,Выращивание одно- или двухлетних культур,ПАВЛОДАРСКАЯ ОБЛАСТЬ,ЭКИБАСТУЗ Г.А.
447195,"Выращивание прочих одно- или двухлетних культур, не включенных в другие группировки",true,,,,,,120796000,846,,,,,,,5,Выращивание прочих одно- или двухлетних культур,ПАВЛОДАРСКАЯ ОБЛАСТЬ,ЭКИБАСТУЗ Г.А.
447218,Животноводство,false,,481110000,883,2015502000,920,29878000,846,9401933000,1031,2963320000,994,2277149000,957,3,"Растениеводство и животноводство, охота и предоставление услуг в этих областях",ПАВЛОДАРСКАЯ ОБЛАСТЬ,ЭКИБАСТУЗ Г.А.
447219,Разведение крупного рогатого скота молочного направления,false,,126895000,883,765304000,920,,,656494000,1031,1253354000,994,1038154000,957,4,Животноводство,ПАВЛОДАРСКАЯ ОБЛАСТЬ,ЭКИБАСТУЗ Г.А.
447220,Разведение крупного рогатого скота молочного направления,true,,126895000,883,765304000,920,,,656494000,1031,1253354000,994,1038154000,957,5,Разведение крупного рогатого скота молочного направления,ПАВЛОДАРСКАЯ ОБЛАСТЬ,ЭКИБАСТУЗ Г.А.
447221,Разведение прочего крупного рогатого скота и буйволов,false,,128449000,883,231791000,920,29878000,846,8257959000,1031,206362000,994,356605000,957,4,Животноводство,ПАВЛОДАРСКАЯ ОБЛАСТЬ,ЭКИБАСТУЗ Г.А.
447222,Разведение прочего крупного рогатого скота и буйволов,true,,128449000,883,231791000,920,29878000,846,8257959000,1031,206362000,994,356605000,957,5,Разведение прочего крупного рогатого скота и буйволов,ПАВЛОДАРСКАЯ ОБЛАСТЬ,ЭКИБАСТУЗ Г.А.
447223,Разведение лошадей и прочих животных семейства лошадиных,false,,207209000,883,1007726000,920,,,467859000,1031,1503604000,994,842290000,957,4,Животноводство,ПАВЛОДАРСКАЯ ОБЛАСТЬ,ЭКИБАСТУЗ Г.А.
447224,Разведение лошадей,true,,207209000,883,1007726000,920,,,467859000,1031,1503604000,994,842290000,957,5,Разведение лошадей и прочих животных семейства лошадиных,ПАВЛОДАРСКАЯ ОБЛАСТЬ,ЭКИБАСТУЗ Г.А.
447228,Разведение овец и коз,false,,15217000,883,10661000,920,,,19621000,1031,,,14800000,957,4,Животноводство,ПАВЛОДАРСКАЯ ОБЛАСТЬ,ЭКИБАСТУЗ Г.А.
447229,Разведение овец и коз,true,,15217000,883,10661000,920,,,19621000,1031,,,14800000,957,5,Разведение овец и коз,ПАВЛОДАРСКАЯ ОБЛАСТЬ,ЭКИБАСТУЗ Г.А.
447237,Разведение прочих видов животных,false,,3340000,883,20000,920,,,,,,,25300000,957,4,Животноводство,ПАВЛОДАРСКАЯ ОБЛАСТЬ,ЭКИБАСТУЗ Г.А.
447238,Разведение прочих видов животных,true,,3340000,883,20000,920,,,,,,,25300000,957,5,Разведение прочих видов животных,ПАВЛОДАРСКАЯ ОБЛАСТЬ,ЭКИБАСТУЗ Г.А.
447239,Смешанное сельское хозяйство,false,,,,18250000000,920,,,12933000,1031,,,,,3,"Растениеводство и животноводство, охота и предоставление услуг в этих областях",ПАВЛОДАРСКАЯ ОБЛАСТЬ,ЭКИБАСТУЗ Г.А.
447240,Смешанное сельское хозяйство,false,,,,18250000000,920,,,12933000,1031,,,,,4,Смешанное сельское хозяйство,ПАВЛОДАРСКАЯ ОБЛАСТЬ,ЭКИБАСТУЗ Г.А.
447241,Смешанное сельское хозяйство,true,,,,18250000000,920,,,12933000,1031,,,,,5,Смешанное сельское хозяйство,ПАВЛОДАРСКАЯ ОБЛАСТЬ,ЭКИБАСТУЗ Г.А.
448148,Строительство,false,,656998000,883,820985000,920,169654000,846,284885000,1031,177802000,994,12281792000,957,1,Всего,ПАВЛОДАРСКАЯ ОБЛАСТЬ,ЭКИБАСТУЗ Г.А.
18710963,Строительство зданий,false,,530988000,883,726292000,920,71407000,846,,,12832000,994,10716758000,957,2,Строительство,ПАВЛОДАРСКАЯ ОБЛАСТЬ,ЭКИБАСТУЗ Г.А.
18710967,Строительство жилых и нежилых зданий,false,,530988000,883,726292000,920,71407000,846,,,12832000,994,10716758000,957,3,Строительство зданий,ПАВЛОДАРСКАЯ ОБЛАСТЬ,ЭКИБАСТУЗ Г.А.
18710968,Строительство жилых и нежилых зданий,false,,530988000,883,726292000,920,71407000,846,,,12832000,994,10716758000,957,4,Строительство жилых и нежилых зданий,ПАВЛОДАРСКАЯ ОБЛАСТЬ,ЭКИБАСТУЗ Г.А.
18710969,Строительство жилых зданий,true,,x,883,671032000,920,x,846,,,,,4964484000,957,5,Строительство жилых и нежилых зданий,ПАВЛОДАРСКАЯ ОБЛАСТЬ,ЭКИБАСТУЗ Г.А.
18801543,"Строительство нежилых зданий, за исключением стационарных торговых объектов категорий 1, 2",true,,530172000,883,55260000,920,64796000,846,,,12832000,994,5752274000,957,5,Строительство жилых и нежилых зданий,ПАВЛОДАРСКАЯ ОБЛАСТЬ,ЭКИБАСТУЗ Г.А.
448157,Гражданское строительство,false,,6041000,883,61822000,920,88281000,846,x,1031,x,994,1184026000,957,2,Строительство,ПАВЛОДАРСКАЯ ОБЛАСТЬ,ЭКИБАСТУЗ Г.А.
448158,Строительство автомобильных и железных дорог,false,,,,61263000,920,77477000,846,x,1031,x,994,1164250000,957,3,Гражданское строительство,ПАВЛОДАРСКАЯ ОБЛАСТЬ,ЭКИБАСТУЗ Г.А.
18696143,Строительство автомобильных дорог,false,,,,61263000,920,77477000,846,x,1031,x,994,1164250000,957,4,Строительство автомобильных и железных дорог,ПАВЛОДАРСКАЯ ОБЛАСТЬ,ЭКИБАСТУЗ Г.А.
18946136,Строительство дорог и автомагистралей,true,,,,61263000,920,77477000,846,x,1031,x,994,1164250000,957,5,Строительство автомобильных дорог,ПАВЛОДАРСКАЯ ОБЛАСТЬ,ЭКИБАСТУЗ Г.А.
448165,Строительство распределительных инженерных сооружений,false,,6041000,883,559000,920,10804000,846,,,,,19776000,957,3,Гражданское строительство,ПАВЛОДАРСКАЯ ОБЛАСТЬ,ЭКИБАСТУЗ Г.А.
448166,Строительство трубопроводов,false,,6041000,883,559000,920,10804000,846,,,,,19776000,957,4,Строительство распределительных инженерных сооружений,ПАВЛОДАРСКАЯ ОБЛАСТЬ,ЭКИБАСТУЗ Г.А.
448168,Строительство трубопроводов для систем водоснабжения и канализации,true,,6041000,883,559000,920,10804000,846,,,,,19776000,957,5,Строительство трубопроводов,ПАВЛОДАРСКАЯ ОБЛАСТЬ,ЭКИБАСТУЗ Г.А.
448177,Специализированные строительные работы,false,,119969000,883,32871000,920,9966000,846,111071000,1031,62677000,994,381008000,957,2,Строительство,ПАВЛОДАРСКАЯ ОБЛАСТЬ,ЭКИБАСТУЗ Г.А.
448178,"Снос  зданий и сооружений, подготовка строительного участка",false,,,,,,1146000,846,,,,,330192000,957,3,Специализированные строительные работы,ПАВЛОДАРСКАЯ ОБЛАСТЬ,ЭКИБАСТУЗ Г.А.
448181,Подготовка строительного участка,false,,,,,,1146000,846,,,,,330192000,957,4,"Снос  зданий и сооружений, подготовка строительного участка",ПАВЛОДАРСКАЯ ОБЛАСТЬ,ЭКИБАСТУЗ Г.А.
448182,Земляные работы,true,,,,,,1146000,846,,,,,330192000,957,5,Подготовка строительного участка,ПАВЛОДАРСКАЯ ОБЛАСТЬ,ЭКИБАСТУЗ Г.А.
448187,"Монтаж и установка электрического, водопроводного и прочего оборудования",false,,117576000,883,30992000,920,8391000,846,85975000,1031,41877000,994,50816000,957,3,Специализированные строительные работы,ПАВЛОДАРСКАЯ ОБЛАСТЬ,ЭКИБАСТУЗ Г.А.
448188,Электромонтажные работы,false,,116736000,883,29267000,920,940000,846,64975000,1031,24475000,994,50816000,957,4,"Монтаж и установка электрического, водопроводного и прочего оборудования",ПАВЛОДАРСКАЯ ОБЛАСТЬ,ЭКИБАСТУЗ Г.А.
18951435,Прочие электромонтажные работы,true,,116736000,883,29267000,920,940000,846,64975000,1031,24475000,994,50816000,957,5,Электромонтажные работы,ПАВЛОДАРСКАЯ ОБЛАСТЬ,ЭКИБАСТУЗ Г.А.
448190,"Монтаж систем водоснабжения, отопления и кондиционирования воздуха",false,,,,,,,,,,192000,994,,,4,"Монтаж и установка электрического, водопроводного и прочего оборудования",ПАВЛОДАРСКАЯ ОБЛАСТЬ,ЭКИБАСТУЗ Г.А.
448191,"Монтаж систем водоснабжения, отопления и кондиционирования воздуха",true,,,,,,,,,,192000,994,,,5,"Монтаж систем водоснабжения, отопления и кондиционирования воздуха",ПАВЛОДАРСКАЯ ОБЛАСТЬ,ЭКИБАСТУЗ Г.А.
448192,Прочие строительно-монтажные работы,false,,840000,883,1725000,920,7451000,846,21000000,1031,17210000,994,,,4,"Монтаж и установка электрического, водопроводного и прочего оборудования",ПАВЛОДАРСКАЯ ОБЛАСТЬ,ЭКИБАСТУЗ Г.А.
448194,"Прочие строительно-монтажные работы, не включенные в другие группировки",true,,840000,883,1725000,920,7451000,846,21000000,1031,17210000,994,,,5,Прочие строительно-монтажные работы,ПАВЛОДАРСКАЯ ОБЛАСТЬ,ЭКИБАСТУЗ Г.А.
448207,Прочие специализированные строительные работы,false,,x,883,1879000,920,x,846,25096000,1031,20800000,994,,,3,Специализированные строительные работы,ПАВЛОДАРСКАЯ ОБЛАСТЬ,ЭКИБАСТУЗ Г.А.
448210,"Прочие специализированные строительные работы, не включенные в другие группировки",false,,x,883,1879000,920,x,846,25096000,1031,20800000,994,,,4,Прочие специализированные строительные работы,ПАВЛОДАРСКАЯ ОБЛАСТЬ,ЭКИБАСТУЗ Г.А.
448214,"Прочие строительные работы, требующие специальной квалификации",true,,x,883,1879000,920,x,846,25096000,1031,20800000,994,,,5,"Прочие специализированные строительные работы, не включенные в другие группировки",ПАВЛОДАРСКАЯ ОБЛАСТЬ,ЭКИБАСТУЗ Г.А.
448215,Оптовая и розничная торговля; ремонт автомобилей и мотоциклов,false,,5650937000,883,7398918000,920,2125878000,846,3206911000,1031,2175305000,994,2724545000,957,1,Всего,ПАВЛОДАРСКАЯ ОБЛАСТЬ,ЭКИБАСТУЗ Г.А.
448216,Оптовая и розничная торговля автомобилями и мотоциклами и их ремонт,false,,25817000,883,8898000,920,4677000,846,10000000,1031,,,255160000,957,2,Оптовая и розничная торговля; ремонт автомобилей и мотоциклов,ПАВЛОДАРСКАЯ ОБЛАСТЬ,ЭКИБАСТУЗ Г.А.
448217,Торговля автомобилями,false,,,,,,,,10000000,1031,,,235000000,957,3,Оптовая и розничная торговля автомобилями и мотоциклами и их ремонт,ПАВЛОДАРСКАЯ ОБЛАСТЬ,ЭКИБАСТУЗ Г.А.
448218,Торговля автомобилями и легкими автотранспортными средствами,false,,,,,,,,10000000,1031,,,235000000,957,4,Торговля автомобилями,ПАВЛОДАРСКАЯ ОБЛАСТЬ,ЭКИБАСТУЗ Г.А.
448220,Розничная торговля автомобилями и легкими автотранспортными средствами  в торговых объектах с торговой площадью менее 2000 кв.м,true,,,,,,,,10000000,1031,,,235000000,957,5,Торговля автомобилями и легкими автотранспортными средствами,ПАВЛОДАРСКАЯ ОБЛАСТЬ,ЭКИБАСТУЗ Г.А.
448224,Техническое обслуживание и ремонт автомобилей,false,,25817000,883,8898000,920,4677000,846,,,,,18003000,957,3,Оптовая и розничная торговля автомобилями и мотоциклами и их ремонт,ПАВЛОДАРСКАЯ ОБЛАСТЬ,ЭКИБАСТУЗ Г.А.
448225,Техническое обслуживание и ремонт автомобилей,false,,25817000,883,8898000,920,4677000,846,,,,,18003000,957,4,Техническое обслуживание и ремонт автомобилей,ПАВЛОДАРСКАЯ ОБЛАСТЬ,ЭКИБАСТУЗ Г.А.
448226,Техобслуживание и ремонт автотранспортных средств,true,,,,,,4677000,846,,,,,,,5,Техническое обслуживание и ремонт автомобилей,ПАВЛОДАРСКАЯ ОБЛАСТЬ,ЭКИБАСТУЗ Г.А.
20575904,"Техническое обслуживание и ремонт автомобилей, за исключением произведенных станциями технического обслуживания, находящимися на придорожной полосе",true,,25817000,883,8898000,920,,,,,,,18003000,957,5,Техническое обслуживание и ремонт автомобилей,ПАВЛОДАРСКАЯ ОБЛАСТЬ,ЭКИБАСТУЗ Г.А.
448227,"Торговля автомобильными деталями, узлами и принадлежностями",false,,,,,,,,,,,,2157000,957,3,Оптовая и розничная торговля автомобилями и мотоциклами и их ремонт,ПАВЛОДАРСКАЯ ОБЛАСТЬ,ЭКИБАСТУЗ Г.А.
448230,"Розничная торговля автомобильными деталями, узлами и принадлежностями",false,,,,,,,,,,,,2157000,957,4,"Торговля автомобильными деталями, узлами и принадлежностями",ПАВЛОДАРСКАЯ ОБЛАСТЬ,ЭКИБАСТУЗ Г.А.
18951438,"Розничная торговля автомобильными деталями, узлами и принадлежностями в торговых объектах с торговой площадью менее 2000 кв.м",true,,,,,,,,,,,,2157000,957,5,"Розничная торговля автомобильными деталями, узлами и принадлежностями",ПАВЛОДАРСКАЯ ОБЛАСТЬ,ЭКИБАСТУЗ Г.А.
448237,"Оптовая торговля, за исключением торговли автомобилями и мотоциклами",false,,3723787000,883,5974216000,920,212873000,846,1946502000,1031,8049000,994,2272166000,957,2,Оптовая и розничная торговля; ремонт автомобилей и мотоциклов,ПАВЛОДАРСКАЯ ОБЛАСТЬ,ЭКИБАСТУЗ Г.А.
448257,Оптовая торговля сельскохозяйственным сырьем и живыми животными,false,,,,,,,,12000000,1031,,,,,3,"Оптовая торговля, за исключением торговли автомобилями и мотоциклами",ПАВЛОДАРСКАЯ ОБЛАСТЬ,ЭКИБАСТУЗ Г.А.
448261,Оптовая торговля цветами и другими растениями,false,,,,,,,,12000000,1031,,,,,4,Оптовая торговля сельскохозяйственным сырьем и живыми животными,ПАВЛОДАРСКАЯ ОБЛАСТЬ,ЭКИБАСТУЗ Г.А.
448262,Оптовая торговля цветами и другими растениями,true,,,,,,,,12000000,1031,,,,,5,Оптовая торговля цветами и другими растениями,ПАВЛОДАРСКАЯ ОБЛАСТЬ,ЭКИБАСТУЗ Г.А.
448267,"Оптовая торговля продуктами питания, напитками и табачными изделиями",false,,1521000,883,938000,920,x,846,485000,1031,1004000,994,839000,957,3,"Оптовая торговля, за исключением торговли автомобилями и мотоциклами",ПАВЛОДАРСКАЯ ОБЛАСТЬ,ЭКИБАСТУЗ Г.А.
448274,Оптовая торговля напитками,false,,445000,883,,,x,846,108000,1031,,,,,4,"Оптовая торговля продуктами питания, напитками и табачными изделиями",ПАВЛОДАРСКАЯ ОБЛАСТЬ,ЭКИБАСТУЗ Г.А.
3647932,"Оптовая торговля напитками в магазинах, являющихся торговыми объектами, с торговой площадью менее 2000 кв.м",true,,445000,883,,,x,846,108000,1031,,,,,5,Оптовая торговля напитками,ПАВЛОДАРСКАЯ ОБЛАСТЬ,ЭКИБАСТУЗ Г.А.
448276,Оптовая торговля табачными изделиями,false,,,,x,920,,,x,1031,1004000,994,,,4,"Оптовая торговля продуктами питания, напитками и табачными изделиями",ПАВЛОДАРСКАЯ ОБЛАСТЬ,ЭКИБАСТУЗ Г.А.
448277,Оптовая торговля табачными изделиями,true,,,,x,920,,,x,1031,1004000,994,,,5,Оптовая торговля табачными изделиями,ПАВЛОДАРСКАЯ ОБЛАСТЬ,ЭКИБАСТУЗ Г.А.
448285,"Неспециализированная оптовая торговля продуктами питания, напитками и табачными изделиями",false,,1076000,883,x,920,,,,,,,839000,957,4,"Оптовая торговля продуктами питания, напитками и табачными изделиями",ПАВЛОДАРСКАЯ ОБЛАСТЬ,ЭКИБАСТУЗ Г.А.
448286,"Неспециализированная оптовая торговля продуктами питания, напитками и табачными изделиями",true,,1076000,883,x,920,,,,,,,839000,957,5,"Неспециализированная оптовая торговля продуктами питания, напитками и табачными изделиями",ПАВЛОДАРСКАЯ ОБЛАСТЬ,ЭКИБАСТУЗ Г.А.
448316,"Оптовая торговля прочими машинами, оборудованием и деталями и принадлежностями к ним",false,,x,883,x,920,2150000,846,x,1031,,,,,3,"Оптовая торговля, за исключением торговли автомобилями и мотоциклами",ПАВЛОДАРСКАЯ ОБЛАСТЬ,ЭКИБАСТУЗ Г.А.
448321,Оптовая торговля машинами и оборудованием для горнодобывающей промышленности и строительства ,false,,x,883,x,920,x,846,x,1031,,,,,4,"Оптовая торговля прочими машинами, оборудованием и деталями и принадлежностями к ним",ПАВЛОДАРСКАЯ ОБЛАСТЬ,ЭКИБАСТУЗ Г.А.
448322,Оптовая торговля машинами и оборудованием для горнодобывающей промышленности и строительства ,true,,x,883,x,920,x,846,x,1031,,,,,5,Оптовая торговля машинами и оборудованием для горнодобывающей промышленности и строительства ,ПАВЛОДАРСКАЯ ОБЛАСТЬ,ЭКИБАСТУЗ Г.А.
448329,Оптовая торговля прочими машинами и оборудованием,false,,,,,,x,846,,,,,,,4,"Оптовая торговля прочими машинами, оборудованием и деталями и принадлежностями к ним",ПАВЛОДАРСКАЯ ОБЛАСТЬ,ЭКИБАСТУЗ Г.А.
448330,Оптовая торговля прочими машинами и оборудованием,true,,,,,,x,846,,,,,,,5,Оптовая торговля прочими машинами и оборудованием,ПАВЛОДАРСКАЯ ОБЛАСТЬ,ЭКИБАСТУЗ Г.А.
448331,Прочая специализированная оптовая торговля ,false,,1901780000,883,2047688000,920,204712000,846,,,6041000,994,73111000,957,3,"Оптовая торговля, за исключением торговли автомобилями и мотоциклами",ПАВЛОДАРСКАЯ ОБЛАСТЬ,ЭКИБАСТУЗ Г.А.
448332,"Оптовая торговля твердым, жидким и газообразным топливом и подобными продуктами",false,,1900948000,883,2044075000,920,204712000,846,,,6041000,994,60270000,957,4,Прочая специализированная оптовая торговля ,ПАВЛОДАРСКАЯ ОБЛАСТЬ,ЭКИБАСТУЗ Г.А.
448335,Оптовая торговля каменным углем,true,,x,883,,,,,,,,,,,5,"Оптовая торговля твердым, жидким и газообразным топливом и подобными продуктами",ПАВЛОДАРСКАЯ ОБЛАСТЬ,ЭКИБАСТУЗ Г.А.
448336,Оптовая торговля лигнитом (бурым углем),true,,1809810000,883,2044075000,920,204003000,846,,,6041000,994,60270000,957,5,"Оптовая торговля твердым, жидким и газообразным топливом и подобными продуктами",ПАВЛОДАРСКАЯ ОБЛАСТЬ,ЭКИБАСТУЗ Г.А.
448341,Оптовая торговля прочим топливом,true,,x,883,,,x,846,,,,,,,5,"Оптовая торговля твердым, жидким и газообразным топливом и подобными продуктами",ПАВЛОДАРСКАЯ ОБЛАСТЬ,ЭКИБАСТУЗ Г.А.
448367,Оптовая торговля отходами и ломом,false,,x,883,3613000,920,,,,,,,12841000,957,4,Прочая специализированная оптовая торговля ,ПАВЛОДАРСКАЯ ОБЛАСТЬ,ЭКИБАСТУЗ Г.А.
448368,Оптовая торговля ломом и отходами черных и цветных металлов,true,,x,883,3613000,920,,,,,,,12841000,957,5,Оптовая торговля отходами и ломом,ПАВЛОДАРСКАЯ ОБЛАСТЬ,ЭКИБАСТУЗ Г.А.
448371,Неспециализированная оптовая торговля,false,,1820429000,883,3913166000,920,4114000,846,1933815000,1031,1004000,994,2198216000,957,3,"Оптовая торговля, за исключением торговли автомобилями и мотоциклами",ПАВЛОДАРСКАЯ ОБЛАСТЬ,ЭКИБАСТУЗ Г.А.
448372,Неспециализированная оптовая торговля,false,,1820429000,883,3913166000,920,4114000,846,1933815000,1031,1004000,994,2198216000,957,4,Неспециализированная оптовая торговля,ПАВЛОДАРСКАЯ ОБЛАСТЬ,ЭКИБАСТУЗ Г.А.
448376,Оптовая торговля широким ассортиментом товаров без какой-либо конкретизации,true,,1820429000,883,3913166000,920,4114000,846,1933815000,1031,1004000,994,2198216000,957,5,Неспециализированная оптовая торговля,ПАВЛОДАРСКАЯ ОБЛАСТЬ,ЭКИБАСТУЗ Г.А.
448377,"Розничная торговля, кроме торговли автомобилями и мотоциклами",false,,1901333000,883,1415804000,920,1908328000,846,1250409000,1031,2167256000,994,197219000,957,2,Оптовая и розничная торговля; ремонт автомобилей и мотоциклов,ПАВЛОДАРСКАЯ ОБЛАСТЬ,ЭКИБАСТУЗ Г.А.
448378,Розничная торговля в неспециализированных магазинах,false,,1284271000,883,40789000,920,167576000,846,36844000,1031,24029000,994,92916000,957,3,"Розничная торговля, кроме торговли автомобилями и мотоциклами",ПАВЛОДАРСКАЯ ОБЛАСТЬ,ЭКИБАСТУЗ Г.А.
448379,"Розничная торговля в неспециализированных магазинах преимущественно продуктами питания, напитками и табачными изделиями",false,,,,,,64200000,846,2533000,1031,,,20000000,957,4,Розничная торговля в неспециализированных магазинах,ПАВЛОДАРСКАЯ ОБЛАСТЬ,ЭКИБАСТУЗ Г.А.
3647934,"Розничная торговля преимущественно продуктами питания, напитками и табачными изделиями в неспециализированных магазинах, являющихся торговыми объектами, с торговой площадью менее 2000 кв.м ",true,,,,,,64200000,846,2533000,1031,,,20000000,957,5,"Розничная торговля в неспециализированных магазинах преимущественно продуктами питания, напитками и табачными изделиями",ПАВЛОДАРСКАЯ ОБЛАСТЬ,ЭКИБАСТУЗ Г.А.
448381,Прочая розничная торговля в неспециализированных магазинах,false,,1284271000,883,40789000,920,103376000,846,34311000,1031,24029000,994,72916000,957,4,Розничная торговля в неспециализированных магазинах,ПАВЛОДАРСКАЯ ОБЛАСТЬ,ЭКИБАСТУЗ Г.А.
3647936,"Прочая розничная торговля в неспециализированных магазинах, являющихся торговыми объектами, с торговой площадью менее 2000 кв.м ",true,,,,,,x,846,,,x,994,x,957,5,Прочая розничная торговля в неспециализированных магазинах,ПАВЛОДАРСКАЯ ОБЛАСТЬ,ЭКИБАСТУЗ Г.А.
3647937,"Прочая розничная торговля в неспециализированных магазинах, являющихся торговыми объектами, с торговой площадью более 2000 кв.м (2000 кв.м и выше)",true,,1284271000,883,40789000,920,x,846,34311000,1031,23947000,994,33045000,957,5,Прочая розничная торговля в неспециализированных магазинах,ПАВЛОДАРСКАЯ ОБЛАСТЬ,ЭКИБАСТУЗ Г.А.
448383,"Розничная торговля продуктами питания, напитками и табачными изделиями в специализированных магазинах",false,,400000000,883,,,1500000000,846,x,1031,2280000,994,x,957,3,"Розничная торговля, кроме торговли автомобилями и мотоциклами",ПАВЛОДАРСКАЯ ОБЛАСТЬ,ЭКИБАСТУЗ Г.А.
448391,"Розничная торговля хлебобулочными, мучными и сахаристыми кондитерскими изделиями в специализированных магазинах",false,,,,,,,,x,1031,2280000,994,x,957,4,"Розничная торговля продуктами питания, напитками и табачными изделиями в специализированных магазинах",ПАВЛОДАРСКАЯ ОБЛАСТЬ,ЭКИБАСТУЗ Г.А.
3647944,"Розничная торговля хлебобулочными, мучными и сахаристыми кондитерскими изделиями в специализированных магазинах, являющихся торговыми объектами, с торговой площадью менее 2000 кв.м",true,,,,,,,,x,1031,2280000,994,x,957,5,"Розничная торговля хлебобулочными, мучными и сахаристыми кондитерскими изделиями в специализированных магазинах",ПАВЛОДАРСКАЯ ОБЛАСТЬ,ЭКИБАСТУЗ Г.А.
448397,Прочая розничная торговля продуктами питания в специализированных магазинах,false,,400000000,883,,,1500000000,846,,,,,,,4,"Розничная торговля продуктами питания, напитками и табачными изделиями в специализированных магазинах",ПАВЛОДАРСКАЯ ОБЛАСТЬ,ЭКИБАСТУЗ Г.А.
3647950,"Прочая розничная торговля продуктами питания в специализированных магазинах, являющихся торговыми объектами, с торговой площадью менее 2000 кв.м",true,,400000000,883,,,1500000000,846,,,,,,,5,Прочая розничная торговля продуктами питания в специализированных магазинах,ПАВЛОДАРСКАЯ ОБЛАСТЬ,ЭКИБАСТУЗ Г.А.
448399,Розничная торговля топливом в специализированных магазинах,false,,204440000,883,54126000,920,207346000,846,1104449000,1031,2131175000,994,29993000,957,3,"Розничная торговля, кроме торговли автомобилями и мотоциклами",ПАВЛОДАРСКАЯ ОБЛАСТЬ,ЭКИБАСТУЗ Г.А.
448400,Розничная торговля топливом в специализированных магазинах,false,,204440000,883,54126000,920,207346000,846,1104449000,1031,2131175000,994,29993000,957,4,Розничная торговля топливом в специализированных магазинах,ПАВЛОДАРСКАЯ ОБЛАСТЬ,ЭКИБАСТУЗ Г.А.
20576124,"Розничная торговля моторным топливом в специализированных магазинах, за исключением находящихся на придорожной полосе",true,,192447000,883,54126000,920,,,73231000,1031,627336000,994,29993000,957,5,Розничная торговля топливом в специализированных магазинах,ПАВЛОДАРСКАЯ ОБЛАСТЬ,ЭКИБАСТУЗ Г.А.
18951442,Розничная торговля моторным топливом в специализированных магазинах,true,,,,,,207346000,846,,,,,,,5,Розничная торговля топливом в специализированных магазинах,ПАВЛОДАРСКАЯ ОБЛАСТЬ,ЭКИБАСТУЗ Г.А.
20576126,"Розничная торговля моторным топливом в специализированных магазинах, находящихся на придорожной полосе",true,,11993000,883,,,,,1031218000,1031,1503839000,994,,,5,Розничная торговля топливом в специализированных магазинах,ПАВЛОДАРСКАЯ ОБЛАСТЬ,ЭКИБАСТУЗ Г.А.
448402,Розничная торговля компьютерами и коммуникационным оборудованием в специализированных магазинах,false,,,,,,,,x,1031,x,994,x,957,3,"Розничная торговля, кроме торговли автомобилями и мотоциклами",ПАВЛОДАРСКАЯ ОБЛАСТЬ,ЭКИБАСТУЗ Г.А.
448403,"Розничная торговля компьютерами, периферийным оборудованием и программным обеспечением в специализированных магазинах",false,,,,,,,,x,1031,x,994,x,957,4,Розничная торговля компьютерами и коммуникационным оборудованием в специализированных магазинах,ПАВЛОДАРСКАЯ ОБЛАСТЬ,ЭКИБАСТУЗ Г.А.
3647952,"Розничная торговля компьютерами, периферийным оборудованием и программным обеспечением в специализированных магазинах, являющихся торговыми объектами, с торговой площадью менее 2000 кв.м",true,,,,,,,,x,1031,x,994,x,957,5,"Розничная торговля компьютерами, периферийным оборудованием и программным обеспечением в специализированных магазинах",ПАВЛОДАРСКАЯ ОБЛАСТЬ,ЭКИБАСТУЗ Г.А.
448409,Розничная торговля прочими бытовыми товарами в специализированных магазинах ,false,,x,883,1316332000,920,3301000,846,6833000,1031,269000,994,,,3,"Розничная торговля, кроме торговли автомобилями и мотоциклами",ПАВЛОДАРСКАЯ ОБЛАСТЬ,ЭКИБАСТУЗ Г.А.
448412,"Розничная торговля скобяными изделиями, лакокрасочными материалами и стеклом в специализированных магазинах",false,,,,,,,,x,1031,,,,,4,Розничная торговля прочими бытовыми товарами в специализированных магазинах ,ПАВЛОДАРСКАЯ ОБЛАСТЬ,ЭКИБАСТУЗ Г.А.
18946140,"Розничная торговля скобяными изделиями, лакокрасочными материалами и стеклом в специализированных магазинах, являющихся торговыми объектами, с торговой площадью менее 2000 кв.м",true,,,,,,,,x,1031,,,,,5,"Розничная торговля скобяными изделиями, лакокрасочными материалами и стеклом в специализированных магазинах",ПАВЛОДАРСКАЯ ОБЛАСТЬ,ЭКИБАСТУЗ Г.А.
448416,Розничная торговля электрическими бытовыми приборами в специализированных магазинах,false,,x,883,1266332000,920,3301000,846,395000,1031,269000,994,,,4,Розничная торговля прочими бытовыми товарами в специализированных магазинах ,ПАВЛОДАРСКАЯ ОБЛАСТЬ,ЭКИБАСТУЗ Г.А.
3647962,"Розничная торговля электрическими бытовыми приборами в специализированных магазинах, являющихся торговыми объектами, с торговой площадью менее 2000 кв.м",true,,x,883,1266332000,920,3301000,846,395000,1031,269000,994,,,5,Розничная торговля электрическими бытовыми приборами в специализированных магазинах,ПАВЛОДАРСКАЯ ОБЛАСТЬ,ЭКИБАСТУЗ Г.А.
448418,"Розничная торговля мебелью, осветительным оборудованием и прочими бытовыми товарами в специализированных магазинах",false,,,,50000000,920,,,,,,,,,4,Розничная торговля прочими бытовыми товарами в специализированных магазинах ,ПАВЛОДАРСКАЯ ОБЛАСТЬ,ЭКИБАСТУЗ Г.А.
448419,"Розничная торговля мебелью в специализированных магазинах, являющихся торговыми объектами, с торговой площадью менее 2000 кв.м",true,,,,50000000,920,,,,,,,,,5,"Розничная торговля мебелью, осветительным оборудованием и прочими бытовыми товарами в специализированных магазинах",ПАВЛОДАРСКАЯ ОБЛАСТЬ,ЭКИБАСТУЗ Г.А.
448422,Розничная торговля товарами культурно-развлекательного характера в специализированных магазинах,false,,,,,,x,846,,,,,,,3,"Розничная торговля, кроме торговли автомобилями и мотоциклами",ПАВЛОДАРСКАЯ ОБЛАСТЬ,ЭКИБАСТУЗ Г.А.
448431,Розничная торговля играми и игрушками в специализированных магазинах,false,,,,,,x,846,,,,,,,4,Розничная торговля товарами культурно-развлекательного характера в специализированных магазинах,ПАВЛОДАРСКАЯ ОБЛАСТЬ,ЭКИБАСТУЗ Г.А.
3647975,"Розничная торговля играми и игрушками в специализированных магазинах, являющихся торговыми объектами, с торговой площадью менее 2000 кв.м",true,,,,,,x,846,,,,,,,5,Розничная торговля играми и игрушками в специализированных магазинах,ПАВЛОДАРСКАЯ ОБЛАСТЬ,ЭКИБАСТУЗ Г.А.
448433,Розничная торговля прочими товарами в специализированных магазинах,false,,,,x,920,2699000,846,30427000,1031,2555000,994,17985000,957,3,"Розничная торговля, кроме торговли автомобилями и мотоциклами",ПАВЛОДАРСКАЯ ОБЛАСТЬ,ЭКИБАСТУЗ Г.А.
448434,Розничная торговля одеждой в специализированных магазинах,false,,,,,,,,,,,,5800000,957,4,Розничная торговля прочими товарами в специализированных магазинах,ПАВЛОДАРСКАЯ ОБЛАСТЬ,ЭКИБАСТУЗ Г.А.
448435,"Розничная торговля трикотажными и чулочно-носочными изделиями в специализированных магазинах, являющихся торговыми объектами, с торговой площадью менее 2000 кв.м",true,,,,,,,,,,,,x,957,5,Розничная торговля одеждой в специализированных магазинах,ПАВЛОДАРСКАЯ ОБЛАСТЬ,ЭКИБАСТУЗ Г.А.
448436,"Розничная торговля одеждой, кроме трикотажных и чулочно-носочных изделий, в специализированных магазинах, являющихся торговыми объектами, с торговой площадью менее 2000 кв.м",true,,,,,,,,,,,,2400000,957,5,Розничная торговля одеждой в специализированных магазинах,ПАВЛОДАРСКАЯ ОБЛАСТЬ,ЭКИБАСТУЗ Г.А.
448437,Розничная торговля обувью и кожаными изделиями в специализированных магазинах,false,,,,x,920,,,,,,,x,957,4,Розничная торговля прочими товарами в специализированных магазинах,ПАВЛОДАРСКАЯ ОБЛАСТЬ,ЭКИБАСТУЗ Г.А.
448438,"Розничная торговля обувью в специализированных магазинах, являющихся торговыми объектами, с торговой площадью менее 2000 кв.м",true,,,,x,920,,,,,,,x,957,5,Розничная торговля обувью и кожаными изделиями в специализированных магазинах,ПАВЛОДАРСКАЯ ОБЛАСТЬ,ЭКИБАСТУЗ Г.А.
448440,Розничная торговля фармацевтическими товарами в специализированных магазинах,false,,,,,,2500000,846,,,,,,,4,Розничная торговля прочими товарами в специализированных магазинах,ПАВЛОДАРСКАЯ ОБЛАСТЬ,ЭКИБАСТУЗ Г.А.
3647981,"Розничная торговля фармацевтическими товарами в специализированных магазинах, являющихся торговыми объектами, с торговой площадью менее 2000 кв.м",true,,,,,,2500000,846,,,,,,,5,Розничная торговля фармацевтическими товарами в специализированных магазинах,ПАВЛОДАРСКАЯ ОБЛАСТЬ,ЭКИБАСТУЗ Г.А.
448452,Прочая розничная торговля новыми товарами в специализированных магазинах,false,,,,,,x,846,30427000,1031,2555000,994,12048000,957,4,Розничная торговля прочими товарами в специализированных магазинах,ПАВЛОДАРСКАЯ ОБЛАСТЬ,ЭКИБАСТУЗ Г.А.
448455,"Прочая розничная торговля в специализированных магазинах, являющихся торговыми объектами, с торговой площадью менее 2000 кв.м",true,,,,,,x,846,30427000,1031,2555000,994,12048000,957,5,Прочая розничная торговля новыми товарами в специализированных магазинах,ПАВЛОДАРСКАЯ ОБЛАСТЬ,ЭКИБАСТУЗ Г.А.
448468,"Розничная торговля вне магазинов, палаток, киосков или рынков",false,,11600000,883,2509000,920,27364000,846,x,1031,x,994,94000,957,3,"Розничная торговля, кроме торговли автомобилями и мотоциклами",ПАВЛОДАРСКАЯ ОБЛАСТЬ,ЭКИБАСТУЗ Г.А.
448469,Розничная торговля путем заказа товаров по почте или через сеть Интернет,false,,,,,,,,x,1031,x,994,,,4,"Розничная торговля вне магазинов, палаток, киосков или рынков",ПАВЛОДАРСКАЯ ОБЛАСТЬ,ЭКИБАСТУЗ Г.А.
448470,Розничная торговля путем заказа товаров по почте или через сеть Интернет,true,,,,,,,,x,1031,x,994,,,5,Розничная торговля путем заказа товаров по почте или через сеть Интернет,ПАВЛОДАРСКАЯ ОБЛАСТЬ,ЭКИБАСТУЗ Г.А.
448471,"Прочая розничная торговля вне магазинов, палаток, киосков или рынков",false,,11600000,883,2509000,920,27364000,846,,,,,94000,957,4,"Розничная торговля вне магазинов, палаток, киосков или рынков",ПАВЛОДАРСКАЯ ОБЛАСТЬ,ЭКИБАСТУЗ Г.А.
448474,Прочая розничная торговля вне магазинов,true,,11600000,883,2509000,920,27364000,846,,,,,94000,957,5,"Прочая розничная торговля вне магазинов, палаток, киосков или рынков",ПАВЛОДАРСКАЯ ОБЛАСТЬ,ЭКИБАСТУЗ Г.А.
448475,Транспорт и складирование,false,,9745626000,883,5501125000,920,27158931000,846,5689784000,1031,5676329000,994,13442268000,957,1,Всего,ПАВЛОДАРСКАЯ ОБЛАСТЬ,ЭКИБАСТУЗ Г.А.
448476,Деятельность сухопутного и трубопроводного транспорта ,false,,1984854000,883,2073278000,920,1072693000,846,1504479000,1031,2038291000,994,3411164000,957,2,Транспорт и складирование,ПАВЛОДАРСКАЯ ОБЛАСТЬ,ЭКИБАСТУЗ Г.А.
448483,Деятельность прочего пассажирского сухопутного транспорта,false,,28652000,883,453918000,920,5572000,846,434765000,1031,449173000,994,53410000,957,3,Деятельность сухопутного и трубопроводного транспорта ,ПАВЛОДАРСКАЯ ОБЛАСТЬ,ЭКИБАСТУЗ Г.А.
448484,Деятельность сухопутного транспорта по городским и пригородным пассажирским перевозкам,false,,28652000,883,453918000,920,5572000,846,434765000,1031,449173000,994,53410000,957,4,Деятельность прочего пассажирского сухопутного транспорта,ПАВЛОДАРСКАЯ ОБЛАСТЬ,ЭКИБАСТУЗ Г.А.
448485,Перевозки автобусами,true,,28652000,883,453918000,920,5572000,846,434765000,1031,449173000,994,53410000,957,5,Деятельность сухопутного транспорта по городским и пригородным пассажирским перевозкам,ПАВЛОДАРСКАЯ ОБЛАСТЬ,ЭКИБАСТУЗ Г.А.
448494,Деятельность грузового автомобильного транспорта и предоставление услуг по переезду ,false,,527018000,883,564051000,920,765559000,846,392919000,1031,731500000,994,831379000,957,3,Деятельность сухопутного и трубопроводного транспорта ,ПАВЛОДАРСКАЯ ОБЛАСТЬ,ЭКИБАСТУЗ Г.А.
448495,Деятельность грузового автомобильного транспорта,false,,527018000,883,564051000,920,765559000,846,392919000,1031,731500000,994,831379000,957,4,Деятельность грузового автомобильного транспорта и предоставление услуг по переезду ,ПАВЛОДАРСКАЯ ОБЛАСТЬ,ЭКИБАСТУЗ Г.А.
448496,Деятельность грузового автомобильного транспорта,true,,527018000,883,564051000,920,765559000,846,392919000,1031,731500000,994,831379000,957,5,Деятельность грузового автомобильного транспорта,ПАВЛОДАРСКАЯ ОБЛАСТЬ,ЭКИБАСТУЗ Г.А.
448499,Деятельность трубопроводного транспорта,false,,1429184000,883,1055309000,920,x,846,676795000,1031,857618000,994,2526375000,957,3,Деятельность сухопутного и трубопроводного транспорта ,ПАВЛОДАРСКАЯ ОБЛАСТЬ,ЭКИБАСТУЗ Г.А.
448500,Деятельность трубопроводного транспорта,false,,1429184000,883,1055309000,920,x,846,676795000,1031,857618000,994,2526375000,957,4,Деятельность трубопроводного транспорта,ПАВЛОДАРСКАЯ ОБЛАСТЬ,ЭКИБАСТУЗ Г.А.
448501,Деятельность трубопроводного транспорта,true,,1429184000,883,1055309000,920,x,846,676795000,1031,857618000,994,2526375000,957,5,Деятельность трубопроводного транспорта,ПАВЛОДАРСКАЯ ОБЛАСТЬ,ЭКИБАСТУЗ Г.А.
448527,Складирование грузов и вспомогательная транспортная деятельность,false,,7760772000,883,3427847000,920,26086238000,846,4185305000,1031,3638038000,994,10031104000,957,2,Транспорт и складирование,ПАВЛОДАРСКАЯ ОБЛАСТЬ,ЭКИБАСТУЗ Г.А.
448528,Складирование и хранение грузов,false,,,,6081000,920,84870000,846,805224000,1031,892917000,994,5101079000,957,3,Складирование грузов и вспомогательная транспортная деятельность,ПАВЛОДАРСКАЯ ОБЛАСТЬ,ЭКИБАСТУЗ Г.А.
448529,Складирование и хранение грузов,false,,,,6081000,920,84870000,846,805224000,1031,892917000,994,5101079000,957,4,Складирование и хранение грузов,ПАВЛОДАРСКАЯ ОБЛАСТЬ,ЭКИБАСТУЗ Г.А.
448531,"Складирование и хранение непродовольственных товаров, кроме зерна и нефти",true,,,,,,68070000,846,,,x,994,601079000,957,5,Складирование и хранение грузов,ПАВЛОДАРСКАЯ ОБЛАСТЬ,ЭКИБАСТУЗ Г.А.
20576307,"Складирование и хранение продовольственных товаров, кроме овощей и фруктов",true,,,,6081000,920,,,,,,,,,5,Складирование и хранение грузов,ПАВЛОДАРСКАЯ ОБЛАСТЬ,ЭКИБАСТУЗ Г.А.
448532,Складирование и хранение продовольственных товаров,true,,,,,,16800000,846,,,,,,,5,Складирование и хранение грузов,ПАВЛОДАРСКАЯ ОБЛАСТЬ,ЭКИБАСТУЗ Г.А.
20576309,Складирование и хранение овощей и фруктов,true,,,,,,,,,,x,994,x,957,5,Складирование и хранение грузов,ПАВЛОДАРСКАЯ ОБЛАСТЬ,ЭКИБАСТУЗ Г.А.
448533,Вспомогательная транспортная деятельность,false,,7760772000,883,3421766000,920,26001368000,846,3380081000,1031,2745121000,994,4930025000,957,3,Складирование грузов и вспомогательная транспортная деятельность,ПАВЛОДАРСКАЯ ОБЛАСТЬ,ЭКИБАСТУЗ Г.А.
448534,Вспомогательная деятельность сухопутного транспорта,false,,7760772000,883,3421766000,920,26001368000,846,3354141000,1031,2745121000,994,4930025000,957,4,Вспомогательная транспортная деятельность,ПАВЛОДАРСКАЯ ОБЛАСТЬ,ЭКИБАСТУЗ Г.А.
448535,Эксплуатация железных дорог,true,,5554879000,883,1854293000,920,1742086000,846,507170000,1031,1063402000,994,2304032000,957,5,Вспомогательная деятельность сухопутного транспорта,ПАВЛОДАРСКАЯ ОБЛАСТЬ,ЭКИБАСТУЗ Г.А.
448536,Эксплуатация автомобильных дорог,true,,2205893000,883,1567473000,920,24253982000,846,2121453000,1031,1660585000,994,2624341000,957,5,Вспомогательная деятельность сухопутного транспорта,ПАВЛОДАРСКАЯ ОБЛАСТЬ,ЭКИБАСТУЗ Г.А.
448538,Деятельность автомобильных стоянок,true,,,,,,5300000,846,725518000,1031,x,994,x,957,5,Вспомогательная деятельность сухопутного транспорта,ПАВЛОДАРСКАЯ ОБЛАСТЬ,ЭКИБАСТУЗ Г.А.
448547,Прочая вспомогательная транспортная деятельность,false,,,,,,,,x,1031,,,,,4,Вспомогательная транспортная деятельность,ПАВЛОДАРСКАЯ ОБЛАСТЬ,ЭКИБАСТУЗ Г.А.
448548,Транспортно-экспедиционные  услуги,true,,,,,,,,x,1031,,,,,5,Прочая вспомогательная транспортная деятельность,ПАВЛОДАРСКАЯ ОБЛАСТЬ,ЭКИБАСТУЗ Г.А.
448558,Предоставление услуг по проживанию и питанию,false,,13478000,883,454676000,920,1035452000,846,1732404000,1031,216403000,994,804457000,957,1,Всего,ПАВЛОДАРСКАЯ ОБЛАСТЬ,ЭКИБАСТУЗ Г.А.
3783427,Предоставление услуг по временному проживанию,false,,4912000,883,448292000,920,945532000,846,1730118000,1031,158403000,994,804315000,957,2,Предоставление услуг по проживанию и питанию,ПАВЛОДАРСКАЯ ОБЛАСТЬ,ЭКИБАСТУЗ Г.А.
3783428,Предоставление услуг гостиницами и аналогичными местами для проживания,false,,4912000,883,11805000,920,255020000,846,,,6866000,994,804315000,957,3,Предоставление услуг по временному проживанию,ПАВЛОДАРСКАЯ ОБЛАСТЬ,ЭКИБАСТУЗ Г.А.
3783429,Предоставление услуг гостиницами и аналогичными местами для проживания,false,,4912000,883,11805000,920,255020000,846,,,6866000,994,804315000,957,4,Предоставление услуг гостиницами и аналогичными местами для проживания,ПАВЛОДАРСКАЯ ОБЛАСТЬ,ЭКИБАСТУЗ Г.А.
3783430,"Предоставление услуг гостиницами с ресторанами, за исключением гостиниц, находящихся на придорожной полосе",true,,4912000,883,11805000,920,6291000,846,,,6866000,994,804315000,957,5,Предоставление услуг гостиницами и аналогичными местами для проживания,ПАВЛОДАРСКАЯ ОБЛАСТЬ,ЭКИБАСТУЗ Г.А.
3783431,"Предоставление услуг гостиницами без ресторанов, за исключением гостиниц, находящихся на придорожной полосе",true,,,,,,248729000,846,,,,,,,5,Предоставление услуг гостиницами и аналогичными местами для проживания,ПАВЛОДАРСКАЯ ОБЛАСТЬ,ЭКИБАСТУЗ Г.А.
3783441,Предоставление услуг прочими местами для проживания,false,,,,x,920,690512000,846,1730118000,1031,151537000,994,,,3,Предоставление услуг по временному проживанию,ПАВЛОДАРСКАЯ ОБЛАСТЬ,ЭКИБАСТУЗ Г.А.
3783442,Предоставление услуг прочими местами для проживания,false,,,,x,920,690512000,846,1730118000,1031,151537000,994,,,4,Предоставление услуг прочими местами для проживания,ПАВЛОДАРСКАЯ ОБЛАСТЬ,ЭКИБАСТУЗ Г.А.
3783443,Услуги в других видах жилья,true,,,,,,690512000,846,,,,,,,5,Предоставление услуг прочими местами для проживания,ПАВЛОДАРСКАЯ ОБЛАСТЬ,ЭКИБАСТУЗ Г.А.
20576357,"Предоставление услуг прочими местами для проживания, не включенными в другие категории",true,,,,x,920,,,1730118000,1031,151537000,994,,,5,Предоставление услуг прочими местами для проживания,ПАВЛОДАРСКАЯ ОБЛАСТЬ,ЭКИБАСТУЗ Г.А.
448573,Предоставление услуг по обеспечению питанием и напитками,false,,8566000,883,6384000,920,89920000,846,x,1031,58000000,994,x,957,2,Предоставление услуг по проживанию и питанию,ПАВЛОДАРСКАЯ ОБЛАСТЬ,ЭКИБАСТУЗ Г.А.
448574,Деятельность ресторанов и предоставление услуг по доставке продуктов питания,false,,8566000,883,6384000,920,89920000,846,,,,,x,957,3,Предоставление услуг по обеспечению питанием и напитками,ПАВЛОДАРСКАЯ ОБЛАСТЬ,ЭКИБАСТУЗ Г.А.
448575,Деятельность ресторанов и предоставление услуг по доставке продуктов питания,false,,8566000,883,6384000,920,89920000,846,,,,,x,957,4,Деятельность ресторанов и предоставление услуг по доставке продуктов питания,ПАВЛОДАРСКАЯ ОБЛАСТЬ,ЭКИБАСТУЗ Г.А.
448576,Рестораны и услуги по доставке продуктов питания,true,,,,,,89920000,846,,,,,,,5,Деятельность ресторанов и предоставление услуг по доставке продуктов питания,ПАВЛОДАРСКАЯ ОБЛАСТЬ,ЭКИБАСТУЗ Г.А.
20576362,"Деятельность ресторанов и предоставление услуг по доставке продуктов питания, за исключением деятельности объектов, находящихся на придорожной полосе",true,,8566000,883,6384000,920,,,,,,,x,957,5,Деятельность ресторанов и предоставление услуг по доставке продуктов питания,ПАВЛОДАРСКАЯ ОБЛАСТЬ,ЭКИБАСТУЗ Г.А.
448577,Доставка готовой пищи на заказ и прочая деятельность по обеспечению питанием,false,,,,,,,,x,1031,58000000,994,,,3,Предоставление услуг по обеспечению питанием и напитками,ПАВЛОДАРСКАЯ ОБЛАСТЬ,ЭКИБАСТУЗ Г.А.
448580,Прочая деятельность по обеспечению питанием,false,,,,,,,,x,1031,58000000,994,,,4,Доставка готовой пищи на заказ и прочая деятельность по обеспечению питанием,ПАВЛОДАРСКАЯ ОБЛАСТЬ,ЭКИБАСТУЗ Г.А.
18951446,"Прочая деятельность по обеспечению питанием, не включенная в другие группировки",true,,,,,,,,x,1031,58000000,994,,,5,Прочая деятельность по обеспечению питанием,ПАВЛОДАРСКАЯ ОБЛАСТЬ,ЭКИБАСТУЗ Г.А.
448585,Информация и связь,false,,3927633000,883,1329156000,920,2397021000,846,531688000,1031,1363468000,994,3314296000,957,1,Всего,ПАВЛОДАРСКАЯ ОБЛАСТЬ,ЭКИБАСТУЗ Г.А.
448603,"Производство кино-, видеофильмов и телевизионных программ, деятельность в сфере звукозаписи и издания музыкальных произведений ",false,,,,,,,,,,,,x,957,2,Информация и связь,ПАВЛОДАРСКАЯ ОБЛАСТЬ,ЭКИБАСТУЗ Г.А.
448604,"Деятельность по производству кино-, видеофильмов и телевизионных программ",false,,,,,,,,,,,,x,957,3,"Производство кино-, видеофильмов и телевизионных программ, деятельность в сфере звукозаписи и издания музыкальных произведений ",ПАВЛОДАРСКАЯ ОБЛАСТЬ,ЭКИБАСТУЗ Г.А.
448611,Деятельность по показу кинофильмов,false,,,,,,,,,,,,x,957,4,"Деятельность по производству кино-, видеофильмов и телевизионных программ",ПАВЛОДАРСКАЯ ОБЛАСТЬ,ЭКИБАСТУЗ Г.А.
448612,Деятельность по показу кинофильмов,true,,,,,,,,,,,,x,957,5,Деятельность по показу кинофильмов,ПАВЛОДАРСКАЯ ОБЛАСТЬ,ЭКИБАСТУЗ Г.А.
448623,Телекоммуникации,false,,123857000,883,135414000,920,153487000,846,425436000,1031,39290000,994,234578000,957,2,Информация и связь,ПАВЛОДАРСКАЯ ОБЛАСТЬ,ЭКИБАСТУЗ Г.А.
18696628,Проводная телекоммуникационная связь,false,,72317000,883,32883000,920,153487000,846,408348000,1031,33790000,994,210282000,957,3,Телекоммуникации,ПАВЛОДАРСКАЯ ОБЛАСТЬ,ЭКИБАСТУЗ Г.А.
18696629,Проводная телекоммуникационная связь,false,,72317000,883,32883000,920,153487000,846,408348000,1031,33790000,994,210282000,957,4,Проводная телекоммуникационная связь,ПАВЛОДАРСКАЯ ОБЛАСТЬ,ЭКИБАСТУЗ Г.А.
18946146,Прочая проводная телекоммуникационная связь,true,,72317000,883,32883000,920,153487000,846,408348000,1031,33790000,994,210282000,957,5,Проводная телекоммуникационная связь,ПАВЛОДАРСКАЯ ОБЛАСТЬ,ЭКИБАСТУЗ Г.А.
448627,Беспроводная телекоммуникационная связь,false,,51540000,883,102531000,920,,,17088000,1031,x,994,24296000,957,3,Телекоммуникации,ПАВЛОДАРСКАЯ ОБЛАСТЬ,ЭКИБАСТУЗ Г.А.
448628,Беспроводная телекоммуникационная связь,false,,51540000,883,102531000,920,,,17088000,1031,x,994,24296000,957,4,Беспроводная телекоммуникационная связь,ПАВЛОДАРСКАЯ ОБЛАСТЬ,ЭКИБАСТУЗ Г.А.
18946147,Беспроводная телекоммуникационная связь посредством единой транспортной среды,true,,,,102531000,920,,,,,,,19260000,957,5,Беспроводная телекоммуникационная связь,ПАВЛОДАРСКАЯ ОБЛАСТЬ,ЭКИБАСТУЗ Г.А.
18946149,Прочая беспроводная телекоммуникационная связь,true,,51540000,883,,,,,17088000,1031,x,994,x,957,5,Беспроводная телекоммуникационная связь,ПАВЛОДАРСКАЯ ОБЛАСТЬ,ЭКИБАСТУЗ Г.А.
448636,"Компьютерное программирование, консультационные и другие сопутствующие услуги",false,,x,883,32073000,920,x,846,x,1031,5790000,994,x,957,2,Информация и связь,ПАВЛОДАРСКАЯ ОБЛАСТЬ,ЭКИБАСТУЗ Г.А.
448637,"Компьютерное программирование, консультационные и другие сопутствующие услуги",false,,x,883,32073000,920,x,846,x,1031,5790000,994,x,957,3,"Компьютерное программирование, консультационные и другие сопутствующие услуги",ПАВЛОДАРСКАЯ ОБЛАСТЬ,ЭКИБАСТУЗ Г.А.
448645,Другие виды деятельности в области информационных технологий и информационных систем,false,,x,883,32073000,920,x,846,x,1031,5790000,994,x,957,4,"Компьютерное программирование, консультационные и другие сопутствующие услуги",ПАВЛОДАРСКАЯ ОБЛАСТЬ,ЭКИБАСТУЗ Г.А.
18946160,Другие виды деятельности в области информационных технологий и информационных систем,true,,,,,,x,846,,,,,,,5,Другие виды деятельности в области информационных технологий и информационных систем,ПАВЛОДАРСКАЯ ОБЛАСТЬ,ЭКИБАСТУЗ Г.А.
20576432,"Другие виды деятельности в области информационных технологий и информационных систем, не включенные в другие группировки",true,,x,883,32073000,920,,,x,1031,5790000,994,x,957,5,Другие виды деятельности в области информационных технологий и информационных систем,ПАВЛОДАРСКАЯ ОБЛАСТЬ,ЭКИБАСТУЗ Г.А.
448647,Деятельность в области информационного обслуживания,false,,3800000000,883,1161669000,920,x,846,92688000,1031,1318388000,994,3074350000,957,2,Информация и связь,ПАВЛОДАРСКАЯ ОБЛАСТЬ,ЭКИБАСТУЗ Г.А.
448648,"Обработка данных, размещение приложений (прикладных программ) и связанная с этим деятельность; деятельность веб-порталов",false,,3800000000,883,1161669000,920,x,846,92688000,1031,1318388000,994,3074350000,957,3,Деятельность в области информационного обслуживания,ПАВЛОДАРСКАЯ ОБЛАСТЬ,ЭКИБАСТУЗ Г.А.
448649,"Обработка данных, размещение приложений (прикладных программ) и связанная с этим деятельность ",false,,3800000000,883,1161669000,920,x,846,92688000,1031,1318388000,994,3074350000,957,4,"Обработка данных, размещение приложений (прикладных программ) и связанная с этим деятельность; деятельность веб-порталов",ПАВЛОДАРСКАЯ ОБЛАСТЬ,ЭКИБАСТУЗ Г.А.
18946161,Размещение приложений (прикладных программ) и связанная с этим деятельность,true,,3800000000,883,1161669000,920,x,846,,,1318388000,994,3074350000,957,5,"Обработка данных, размещение приложений (прикладных программ) и связанная с этим деятельность ",ПАВЛОДАРСКАЯ ОБЛАСТЬ,ЭКИБАСТУЗ Г.А.
448658,Финансовая и страховая деятельность,false,,168137000,883,200163000,920,159078000,846,295850000,1031,113355000,994,78750000,957,1,Всего,ПАВЛОДАРСКАЯ ОБЛАСТЬ,ЭКИБАСТУЗ Г.А.
448659,"Финансовое посредничество, кроме страхования и пенсионного обеспечения",false,,168137000,883,200163000,920,159078000,846,295850000,1031,113355000,994,78750000,957,2,Финансовая и страховая деятельность,ПАВЛОДАРСКАЯ ОБЛАСТЬ,ЭКИБАСТУЗ Г.А.
448660,Денежное посредничество,false,,168137000,883,199885000,920,159071000,846,295850000,1031,113355000,994,78440000,957,3,"Финансовое посредничество, кроме страхования и пенсионного обеспечения",ПАВЛОДАРСКАЯ ОБЛАСТЬ,ЭКИБАСТУЗ Г.А.
448663,Прочее денежное посредничество,false,,168137000,883,199885000,920,159071000,846,295850000,1031,113355000,994,78440000,957,4,Денежное посредничество,ПАВЛОДАРСКАЯ ОБЛАСТЬ,ЭКИБАСТУЗ Г.А.
18946163,"Деятельность банков, за исключением, банка, являющегося национальным институтом развития, и его дочерней организации-лизингодателя",true,,61631000,883,77490000,920,89625000,846,25190000,1031,8265000,994,3769000,957,5,Прочее денежное посредничество,ПАВЛОДАРСКАЯ ОБЛАСТЬ,ЭКИБАСТУЗ Г.А.
448665,Деятельность сберегательных банков,true,,x,883,x,920,x,846,x,1031,x,994,x,957,5,Прочее денежное посредничество,ПАВЛОДАРСКАЯ ОБЛАСТЬ,ЭКИБАСТУЗ Г.А.
448673,"Прочее финансовое посредничество, кроме страхования и пенсионного обеспечения",false,,,,278000,920,x,846,,,,,310000,957,3,"Финансовое посредничество, кроме страхования и пенсионного обеспечения",ПАВЛОДАРСКАЯ ОБЛАСТЬ,ЭКИБАСТУЗ Г.А.
448676,Прочие виды кредитования,false,,,,278000,920,x,846,,,,,310000,957,4,"Прочее финансовое посредничество, кроме страхования и пенсионного обеспечения",ПАВЛОДАРСКАЯ ОБЛАСТЬ,ЭКИБАСТУЗ Г.А.
448678,"Прочие виды кредитования, не включенные в другие группировки",true,,,,278000,920,x,846,,,,,310000,957,5,Прочие виды кредитования,ПАВЛОДАРСКАЯ ОБЛАСТЬ,ЭКИБАСТУЗ Г.А.
448714,Операции с недвижимым имуществом,false,,8397440000,883,6132759000,920,4481067000,846,25497315000,1031,7780201000,994,5621503000,957,1,Всего,ПАВЛОДАРСКАЯ ОБЛАСТЬ,ЭКИБАСТУЗ Г.А.
448715,Операции с недвижимым имуществом,false,,8397440000,883,6132759000,920,4481067000,846,25497315000,1031,7780201000,994,5621503000,957,2,Операции с недвижимым имуществом,ПАВЛОДАРСКАЯ ОБЛАСТЬ,ЭКИБАСТУЗ Г.А.
448716,Покупка и продажа собственного недвижимого имущества ,false,,8365245000,883,5870841000,920,3803303000,846,25051570000,1031,7677413000,994,5551314000,957,3,Операции с недвижимым имуществом,ПАВЛОДАРСКАЯ ОБЛАСТЬ,ЭКИБАСТУЗ Г.А.
448717,Покупка и продажа собственного недвижимого имущества ,false,,8365245000,883,5870841000,920,3803303000,846,25051570000,1031,7677413000,994,5551314000,957,4,Покупка и продажа собственного недвижимого имущества ,ПАВЛОДАРСКАЯ ОБЛАСТЬ,ЭКИБАСТУЗ Г.А.
543091,Покупка и продажа многоквартирных и жилых домов (особняков),true,,8365245000,883,5870841000,920,3803303000,846,25051570000,1031,7677413000,994,5551314000,957,5,Покупка и продажа собственного недвижимого имущества ,ПАВЛОДАРСКАЯ ОБЛАСТЬ,ЭКИБАСТУЗ Г.А.
448719,Аренда и управление собственной или арендуемой недвижимостью,false,,32195000,883,261918000,920,677764000,846,445745000,1031,102788000,994,70189000,957,3,Операции с недвижимым имуществом,ПАВЛОДАРСКАЯ ОБЛАСТЬ,ЭКИБАСТУЗ Г.А.
448720,Аренда и управление собственной или арендуемой недвижимостью,false,,32195000,883,261918000,920,677764000,846,445745000,1031,102788000,994,70189000,957,4,Аренда и управление собственной или арендуемой недвижимостью,ПАВЛОДАРСКАЯ ОБЛАСТЬ,ЭКИБАСТУЗ Г.А.
18946171,Аренда и управление собственной недвижимостью,true,,31911000,883,258164000,920,677721000,846,,,102534000,994,65010000,957,5,Аренда и управление собственной или арендуемой недвижимостью,ПАВЛОДАРСКАЯ ОБЛАСТЬ,ЭКИБАСТУЗ Г.А.
18951451,Аренда (субаренда) и эксплуатация арендуемой недвижимости,true,,284000,883,3754000,920,43000,846,,,254000,994,5179000,957,5,Аренда и управление собственной или арендуемой недвижимостью,ПАВЛОДАРСКАЯ ОБЛАСТЬ,ЭКИБАСТУЗ Г.А.
448728,"Профессиональная, научная и техническая деятельность",false,,12458000,883,35292000,920,17609000,846,187445000,1031,68576000,994,58966000,957,1,Всего,ПАВЛОДАРСКАЯ ОБЛАСТЬ,ЭКИБАСТУЗ Г.А.
448729,Деятельность в области права и бухгалтерского учета,false,,x,883,x,920,x,846,,,x,994,x,957,2,"Профессиональная, научная и техническая деятельность",ПАВЛОДАРСКАЯ ОБЛАСТЬ,ЭКИБАСТУЗ Г.А.
448735,Деятельность в области бухгалтерского учета и аудита; консультирование по налогообложению,false,,x,883,x,920,x,846,,,x,994,x,957,3,Деятельность в области права и бухгалтерского учета,ПАВЛОДАРСКАЯ ОБЛАСТЬ,ЭКИБАСТУЗ Г.А.
448736,Деятельность в области бухгалтерского учета и аудита; консультирование по налогообложению,false,,x,883,x,920,x,846,,,x,994,x,957,4,Деятельность в области бухгалтерского учета и аудита; консультирование по налогообложению,ПАВЛОДАРСКАЯ ОБЛАСТЬ,ЭКИБАСТУЗ Г.А.
19197019,Деятельность в области составления счетов и бухгалтерского учета,true,,x,883,x,920,x,846,,,x,994,x,957,5,Деятельность в области бухгалтерского учета и аудита; консультирование по налогообложению,ПАВЛОДАРСКАЯ ОБЛАСТЬ,ЭКИБАСТУЗ Г.А.
448738,Деятельность головных компаний; консультирование по вопросам управления ,false,,,,,,,,147478000,1031,x,994,16602000,957,2,"Профессиональная, научная и техническая деятельность",ПАВЛОДАРСКАЯ ОБЛАСТЬ,ЭКИБАСТУЗ Г.А.
448742,Деятельность по консультированию по вопросам управления,false,,,,,,,,147478000,1031,x,994,16602000,957,3,Деятельность головных компаний; консультирование по вопросам управления ,ПАВЛОДАРСКАЯ ОБЛАСТЬ,ЭКИБАСТУЗ Г.А.
448745,Консультирование по вопросам коммерческой деятельности и прочее консультирование по вопросам управления,false,,,,,,,,147478000,1031,x,994,16602000,957,4,Деятельность по консультированию по вопросам управления,ПАВЛОДАРСКАЯ ОБЛАСТЬ,ЭКИБАСТУЗ Г.А.
18946177,Консультирование по вопросам коммерческой деятельности и управления,true,,,,,,,,147478000,1031,x,994,16602000,957,5,Консультирование по вопросам коммерческой деятельности и прочее консультирование по вопросам управления,ПАВЛОДАРСКАЯ ОБЛАСТЬ,ЭКИБАСТУЗ Г.А.
448747,"Деятельность в области архитектуры, инженерных изысканий, технических испытаний и анализа",false,,10306000,883,x,920,x,846,39967000,1031,40585000,994,32996000,957,2,"Профессиональная, научная и техническая деятельность",ПАВЛОДАРСКАЯ ОБЛАСТЬ,ЭКИБАСТУЗ Г.А.
448748,"Деятельность в области архитектуры, инженерных изысканий и предоставление технических консультаций в этих областях",false,,9803000,883,x,920,x,846,x,1031,x,994,x,957,3,"Деятельность в области архитектуры, инженерных изысканий, технических испытаний и анализа",ПАВЛОДАРСКАЯ ОБЛАСТЬ,ЭКИБАСТУЗ Г.А.
448749,Деятельность в области архитектуры,false,,9803000,883,x,920,x,846,x,1031,x,994,x,957,4,"Деятельность в области архитектуры, инженерных изысканий и предоставление технических консультаций в этих областях",ПАВЛОДАРСКАЯ ОБЛАСТЬ,ЭКИБАСТУЗ Г.А.
18951462,"Деятельность в области архитектуры, за исключением объектов атомной промышленности и атомной энергетики  ",true,,9803000,883,x,920,x,846,x,1031,x,994,x,957,5,Деятельность в области архитектуры,ПАВЛОДАРСКАЯ ОБЛАСТЬ,ЭКИБАСТУЗ Г.А.
448756,Технические испытания и анализы,false,,x,883,,,,,25648000,1031,x,994,x,957,3,"Деятельность в области архитектуры, инженерных изысканий, технических испытаний и анализа",ПАВЛОДАРСКАЯ ОБЛАСТЬ,ЭКИБАСТУЗ Г.А.
448757,Технические испытания и анализы,false,,x,883,,,,,25648000,1031,x,994,x,957,4,Технические испытания и анализы,ПАВЛОДАРСКАЯ ОБЛАСТЬ,ЭКИБАСТУЗ Г.А.
18946181,Лабораторно-аналитические исследования в геологической отрасли,true,,,,,,,,25291000,1031,,,,,5,Технические испытания и анализы,ПАВЛОДАРСКАЯ ОБЛАСТЬ,ЭКИБАСТУЗ Г.А.
448760,"Деятельность прочих учреждений, осуществляющих технические испытания и анализы",true,,x,883,,,,,x,1031,x,994,x,957,5,Технические испытания и анализы,ПАВЛОДАРСКАЯ ОБЛАСТЬ,ЭКИБАСТУЗ Г.А.
448770,Рекламная деятельность и исследование конъюнктуры рынка,false,,,,,,,,,,x,994,,,2,"Профессиональная, научная и техническая деятельность",ПАВЛОДАРСКАЯ ОБЛАСТЬ,ЭКИБАСТУЗ Г.А.
448771,Рекламная деятельность,false,,,,,,,,,,x,994,,,3,Рекламная деятельность и исследование конъюнктуры рынка,ПАВЛОДАРСКАЯ ОБЛАСТЬ,ЭКИБАСТУЗ Г.А.
448772,Деятельность рекламных агентств,false,,,,,,,,,,x,994,,,4,Рекламная деятельность,ПАВЛОДАРСКАЯ ОБЛАСТЬ,ЭКИБАСТУЗ Г.А.
448773,Деятельность рекламных агентств,true,,,,,,,,,,x,994,,,5,Деятельность рекламных агентств,ПАВЛОДАРСКАЯ ОБЛАСТЬ,ЭКИБАСТУЗ Г.А.
448797,Деятельность в области административного и вспомогательного обслуживания,false,,283999000,883,735632000,920,77348000,846,332517000,1031,2627773000,994,326394000,957,1,Всего,ПАВЛОДАРСКАЯ ОБЛАСТЬ,ЭКИБАСТУЗ Г.А.
448798,"Аренда, прокат и лизинг",false,,15000000,883,379485000,920,,,22707000,1031,,,x,957,2,Деятельность в области административного и вспомогательного обслуживания,ПАВЛОДАРСКАЯ ОБЛАСТЬ,ЭКИБАСТУЗ Г.А.
448799,Аренда и лизинг автомобилей ,false,,10810000,883,,,,,,,,,,,3,"Аренда, прокат и лизинг",ПАВЛОДАРСКАЯ ОБЛАСТЬ,ЭКИБАСТУЗ Г.А.
448800,Аренда и лизинг легковых автомобилей и легких автотранспортных средств,false,,10810000,883,,,,,,,,,,,4,Аренда и лизинг автомобилей ,ПАВЛОДАРСКАЯ ОБЛАСТЬ,ЭКИБАСТУЗ Г.А.
543075,Аренда легковых автомобилей и легких автотранспортных средств,true,,10810000,883,,,,,,,,,,,5,Аренда и лизинг легковых автомобилей и легких автотранспортных средств,ПАВЛОДАРСКАЯ ОБЛАСТЬ,ЭКИБАСТУЗ Г.А.
448811,"Аренда и лизинг прочих машин, оборудования и материальных активов",false,,x,883,379485000,920,,,22707000,1031,,,x,957,3,"Аренда, прокат и лизинг",ПАВЛОДАРСКАЯ ОБЛАСТЬ,ЭКИБАСТУЗ Г.А.
448814,Аренда и лизинг строительных машин и оборудования ,false,,x,883,,,,,,,,,,,4,"Аренда и лизинг прочих машин, оборудования и материальных активов",ПАВЛОДАРСКАЯ ОБЛАСТЬ,ЭКИБАСТУЗ Г.А.
543081,Аренда строительных машин и оборудования ,true,,x,883,,,,,,,,,,,5,Аренда и лизинг строительных машин и оборудования ,ПАВЛОДАРСКАЯ ОБЛАСТЬ,ЭКИБАСТУЗ Г.А.
448822,"Аренда и лизинг прочих машин, оборудования и материальных активов, не включенных в другие группировки",false,,,,379485000,920,,,22707000,1031,,,x,957,4,"Аренда и лизинг прочих машин, оборудования и материальных активов",ПАВЛОДАРСКАЯ ОБЛАСТЬ,ЭКИБАСТУЗ Г.А.
543089,"Аренда прочих машин, оборудования и материальных активов, не включенных в другие группировки",true,,,,379485000,920,,,22707000,1031,,,x,957,5,"Аренда и лизинг прочих машин, оборудования и материальных активов, не включенных в другие группировки",ПАВЛОДАРСКАЯ ОБЛАСТЬ,ЭКИБАСТУЗ Г.А.
448846,Деятельность по обеспечению безопасности и проведению расследований,false,,56381000,883,166624000,920,63718000,846,236796000,1031,38276000,994,222678000,957,2,Деятельность в области административного и вспомогательного обслуживания,ПАВЛОДАРСКАЯ ОБЛАСТЬ,ЭКИБАСТУЗ Г.А.
448847,Деятельность по обеспечению безопасности частных лиц и имущества,false,,14765000,883,13799000,920,13162000,846,7506000,1031,24661000,994,20823000,957,3,Деятельность по обеспечению безопасности и проведению расследований,ПАВЛОДАРСКАЯ ОБЛАСТЬ,ЭКИБАСТУЗ Г.А.
448848,Деятельность по обеспечению безопасности частных лиц и имущества,false,,14765000,883,13799000,920,13162000,846,7506000,1031,24661000,994,20823000,957,4,Деятельность по обеспечению безопасности частных лиц и имущества,ПАВЛОДАРСКАЯ ОБЛАСТЬ,ЭКИБАСТУЗ Г.А.
18946195,Деятельность частных охранных служб,true,,14765000,883,13799000,920,13162000,846,7506000,1031,24661000,994,20823000,957,5,Деятельность по обеспечению безопасности частных лиц и имущества,ПАВЛОДАРСКАЯ ОБЛАСТЬ,ЭКИБАСТУЗ Г.А.
448850,Деятельность в области систем обеспечения безопасности,false,,41616000,883,152825000,920,50556000,846,229290000,1031,13615000,994,201855000,957,3,Деятельность по обеспечению безопасности и проведению расследований,ПАВЛОДАРСКАЯ ОБЛАСТЬ,ЭКИБАСТУЗ Г.А.
448851,Деятельность в области систем обеспечения безопасности,false,,41616000,883,152825000,920,50556000,846,229290000,1031,13615000,994,201855000,957,4,Деятельность в области систем обеспечения безопасности,ПАВЛОДАРСКАЯ ОБЛАСТЬ,ЭКИБАСТУЗ Г.А.
448852,Деятельность в области систем обеспечения безопасности,true,,41616000,883,152825000,920,50556000,846,229290000,1031,13615000,994,201855000,957,5,Деятельность в области систем обеспечения безопасности,ПАВЛОДАРСКАЯ ОБЛАСТЬ,ЭКИБАСТУЗ Г.А.
448856,Деятельность по обслуживанию зданий и благоустройству территорий,false,,212618000,883,189523000,920,13153000,846,73014000,1031,2589497000,994,66216000,957,2,Деятельность в области административного и вспомогательного обслуживания,ПАВЛОДАРСКАЯ ОБЛАСТЬ,ЭКИБАСТУЗ Г.А.
448857,Комплексное обслуживание объектов,false,,54577000,883,,,x,846,,,,,,,3,Деятельность по обслуживанию зданий и благоустройству территорий,ПАВЛОДАРСКАЯ ОБЛАСТЬ,ЭКИБАСТУЗ Г.А.
448858,Комплексное обслуживание объектов,false,,54577000,883,,,x,846,,,,,,,4,Комплексное обслуживание объектов,ПАВЛОДАРСКАЯ ОБЛАСТЬ,ЭКИБАСТУЗ Г.А.
448859,Комплексное обслуживание объектов,true,,54577000,883,,,x,846,,,,,,,5,Комплексное обслуживание объектов,ПАВЛОДАРСКАЯ ОБЛАСТЬ,ЭКИБАСТУЗ Г.А.
448860,Деятельность по уборке,false,,,,,,,,,,x,994,,,3,Деятельность по обслуживанию зданий и благоустройству территорий,ПАВЛОДАРСКАЯ ОБЛАСТЬ,ЭКИБАСТУЗ Г.А.
448865,Прочая деятельность по уборке,false,,,,,,,,,,x,994,,,4,Деятельность по уборке,ПАВЛОДАРСКАЯ ОБЛАСТЬ,ЭКИБАСТУЗ Г.А.
448866,Прочая деятельность по уборке,true,,,,,,,,,,x,994,,,5,Прочая деятельность по уборке,ПАВЛОДАРСКАЯ ОБЛАСТЬ,ЭКИБАСТУЗ Г.А.
448867,Деятельность по благоустройству территорий,false,,158041000,883,189523000,920,4770000,846,73014000,1031,169497000,994,66216000,957,3,Деятельность по обслуживанию зданий и благоустройству территорий,ПАВЛОДАРСКАЯ ОБЛАСТЬ,ЭКИБАСТУЗ Г.А.
448868,Деятельность по благоустройству территорий,false,,158041000,883,189523000,920,4770000,846,73014000,1031,169497000,994,66216000,957,4,Деятельность по благоустройству территорий,ПАВЛОДАРСКАЯ ОБЛАСТЬ,ЭКИБАСТУЗ Г.А.
448869,Деятельность по благоустройству территорий,true,,158041000,883,189523000,920,4770000,846,73014000,1031,169497000,994,66216000,957,5,Деятельность по благоустройству территорий,ПАВЛОДАРСКАЯ ОБЛАСТЬ,ЭКИБАСТУЗ Г.А.
448870,"Деятельность в области офисного административного и вспомогательного обслуживания, направленная на поддержание коммерческой деятельности",false,,,,,,x,846,,,,,,,2,Деятельность в области административного и вспомогательного обслуживания,ПАВЛОДАРСКАЯ ОБЛАСТЬ,ЭКИБАСТУЗ Г.А.
448882,"Деятельность по предоставлению вспомогательных коммерческих услуг, не включенная в другие группировки",false,,,,,,x,846,,,,,,,3,"Деятельность в области офисного административного и вспомогательного обслуживания, направленная на поддержание коммерческой деятельности",ПАВЛОДАРСКАЯ ОБЛАСТЬ,ЭКИБАСТУЗ Г.А.
448887,"Прочая деятельность по предоставлению вспомогательных коммерческих услуг, не включенная в другие группировки",false,,,,,,x,846,,,,,,,4,"Деятельность по предоставлению вспомогательных коммерческих услуг, не включенная в другие группировки",ПАВЛОДАРСКАЯ ОБЛАСТЬ,ЭКИБАСТУЗ Г.А.
448888,"Прочая деятельность по предоставлению вспомогательных коммерческих услуг, не включенная в другие группировки",true,,,,,,x,846,,,,,,,5,"Прочая деятельность по предоставлению вспомогательных коммерческих услуг, не включенная в другие группировки",ПАВЛОДАРСКАЯ ОБЛАСТЬ,ЭКИБАСТУЗ Г.А.
448889,Государственное управление и оборона; обязательное  социальное обеспечение,false,,131559000,883,,,2580000,846,7353000,1031,,,x,957,1,Всего,ПАВЛОДАРСКАЯ ОБЛАСТЬ,ЭКИБАСТУЗ Г.А.
448890,Государственное управление и оборона; обязательное социальное обеспечение,false,,131559000,883,,,2580000,846,7353000,1031,,,x,957,2,Государственное управление и оборона; обязательное  социальное обеспечение,ПАВЛОДАРСКАЯ ОБЛАСТЬ,ЭКИБАСТУЗ Г.А.
448891,Государственное управление общего характера и управление социально-экономическое политикой общества,false,,130889000,883,,,2580000,846,7353000,1031,,,x,957,3,Государственное управление и оборона; обязательное социальное обеспечение,ПАВЛОДАРСКАЯ ОБЛАСТЬ,ЭКИБАСТУЗ Г.А.
448892,Государственное управление общего характера,false,,127078000,883,,,1355000,846,7353000,1031,,,x,957,4,Государственное управление общего характера и управление социально-экономическое политикой общества,ПАВЛОДАРСКАЯ ОБЛАСТЬ,ЭКИБАСТУЗ Г.А.
448895,Деятельность местных органов управления,true,,126803000,883,,,,,7353000,1031,,,x,957,5,Государственное управление общего характера,ПАВЛОДАРСКАЯ ОБЛАСТЬ,ЭКИБАСТУЗ Г.А.
448896,Деятельность сельских и поселковых органов управления,true,,x,883,,,1355000,846,,,,,,,5,Государственное управление общего характера,ПАВЛОДАРСКАЯ ОБЛАСТЬ,ЭКИБАСТУЗ Г.А.
448900,"Регулирование деятельности учреждений здравоохранения, образования, культуры и других социальных услуг, кроме социального обеспечения ",false,,3811000,883,,,275000,846,,,,,,,4,Государственное управление общего характера и управление социально-экономическое политикой общества,ПАВЛОДАРСКАЯ ОБЛАСТЬ,ЭКИБАСТУЗ Г.А.
448901,"Регулирование деятельности учреждений здравоохранения, образования, культуры и других социальных услуг, кроме социального обеспечения ",true,,3811000,883,,,275000,846,,,,,,,5,"Регулирование деятельности учреждений здравоохранения, образования, культуры и других социальных услуг, кроме социального обеспечения ",ПАВЛОДАРСКАЯ ОБЛАСТЬ,ЭКИБАСТУЗ Г.А.
448902,Регулирование и содействие эффективному ведению экономической деятельности,false,,,,,,x,846,,,,,,,4,Государственное управление общего характера и управление социально-экономическое политикой общества,ПАВЛОДАРСКАЯ ОБЛАСТЬ,ЭКИБАСТУЗ Г.А.
448903,Регулирование и содействие эффективному ведению экономической деятельности,true,,,,,,x,846,,,,,,,5,Регулирование и содействие эффективному ведению экономической деятельности,ПАВЛОДАРСКАЯ ОБЛАСТЬ,ЭКИБАСТУЗ Г.А.
448904,Предоставление государством услуг обществу в целом,false,,x,883,,,,,,,,,,,3,Государственное управление и оборона; обязательное социальное обеспечение,ПАВЛОДАРСКАЯ ОБЛАСТЬ,ЭКИБАСТУЗ Г.А.
448909,Деятельность в области юстиции и правосудия,false,,x,883,,,,,,,,,,,4,Предоставление государством услуг обществу в целом,ПАВЛОДАРСКАЯ ОБЛАСТЬ,ЭКИБАСТУЗ Г.А.
448910,Деятельность в области юстиции и правосудия,true,,x,883,,,,,,,,,,,5,Деятельность в области юстиции и правосудия,ПАВЛОДАРСКАЯ ОБЛАСТЬ,ЭКИБАСТУЗ Г.А.
448918,Образование,false,,306822000,883,855200000,920,2307190000,846,3500598000,1031,1092978000,994,908056000,957,1,Всего,ПАВЛОДАРСКАЯ ОБЛАСТЬ,ЭКИБАСТУЗ Г.А.
448919,Образование,false,,306822000,883,855200000,920,2307190000,846,3500598000,1031,1092978000,994,908056000,957,2,Образование,ПАВЛОДАРСКАЯ ОБЛАСТЬ,ЭКИБАСТУЗ Г.А.
448920,Дошкольное образование,false,,x,883,574127000,920,,,223152000,1031,109354000,994,142610000,957,3,Образование,ПАВЛОДАРСКАЯ ОБЛАСТЬ,ЭКИБАСТУЗ Г.А.
448921,Дошкольное образование,false,,x,883,574127000,920,,,223152000,1031,109354000,994,142610000,957,4,Дошкольное образование,ПАВЛОДАРСКАЯ ОБЛАСТЬ,ЭКИБАСТУЗ Г.А.
448922,Дошкольное образование,true,,x,883,574127000,920,,,223152000,1031,109354000,994,142610000,957,5,Дошкольное образование,ПАВЛОДАРСКАЯ ОБЛАСТЬ,ЭКИБАСТУЗ Г.А.
448923,Начальное образование (1-й уровень),false,,,,,,,,5764000,1031,,,,,3,Образование,ПАВЛОДАРСКАЯ ОБЛАСТЬ,ЭКИБАСТУЗ Г.А.
448924,Начальное образование (1-й уровень),false,,,,,,,,5764000,1031,,,,,4,Начальное образование (1-й уровень),ПАВЛОДАРСКАЯ ОБЛАСТЬ,ЭКИБАСТУЗ Г.А.
448925,Начальное образование (1-й уровень),true,,,,,,,,5764000,1031,,,,,5,Начальное образование (1-й уровень),ПАВЛОДАРСКАЯ ОБЛАСТЬ,ЭКИБАСТУЗ Г.А.
448926,Среднее образование (2-й и 3-й уровни),false,,170017000,883,239245000,920,594709000,846,1313348000,1031,981524000,994,765116000,957,3,Образование,ПАВЛОДАРСКАЯ ОБЛАСТЬ,ЭКИБАСТУЗ Г.А.
448927,Основное и общее среднее образование,false,,147963000,883,209160000,920,582110000,846,1303671000,1031,957920000,994,763034000,957,4,Среднее образование (2-й и 3-й уровни),ПАВЛОДАРСКАЯ ОБЛАСТЬ,ЭКИБАСТУЗ Г.А.
448928,Основное и общее среднее образование,true,,147963000,883,209160000,920,582110000,846,1303671000,1031,957920000,994,763034000,957,5,Основное и общее среднее образование,ПАВЛОДАРСКАЯ ОБЛАСТЬ,ЭКИБАСТУЗ Г.А.
448929,Техническое и профессиональное среднее образование,false,,22054000,883,30085000,920,12599000,846,9677000,1031,23604000,994,2082000,957,4,Среднее образование (2-й и 3-й уровни),ПАВЛОДАРСКАЯ ОБЛАСТЬ,ЭКИБАСТУЗ Г.А.
448930,Профессионально-техническое образование,true,,967000,883,6075000,920,x,846,,,3427000,994,1022000,957,5,Техническое и профессиональное среднее образование,ПАВЛОДАРСКАЯ ОБЛАСТЬ,ЭКИБАСТУЗ Г.А.
448931,Среднее специальное образование,true,,21087000,883,24010000,920,9792000,846,9677000,1031,20177000,994,1060000,957,5,Техническое и профессиональное среднее образование,ПАВЛОДАРСКАЯ ОБЛАСТЬ,ЭКИБАСТУЗ Г.А.
448932,"Высшее образование (5-й, 6-й, 7-й, 8-й уровни)",false,,32232000,883,32829000,920,32864000,846,,,,,,,3,Образование,ПАВЛОДАРСКАЯ ОБЛАСТЬ,ЭКИБАСТУЗ Г.А.
448935,Высшее и послевузовское образование,false,,32232000,883,32829000,920,32864000,846,,,,,,,4,"Высшее образование (5-й, 6-й, 7-й, 8-й уровни)",ПАВЛОДАРСКАЯ ОБЛАСТЬ,ЭКИБАСТУЗ Г.А.
448936,Высшее образование,true,,32232000,883,32829000,920,32864000,846,,,,,,,5,Высшее и послевузовское образование,ПАВЛОДАРСКАЯ ОБЛАСТЬ,ЭКИБАСТУЗ Г.А.
448937,Прочие виды образования,false,,446000,883,8999000,920,1679617000,846,1958334000,1031,2100000,994,x,957,3,Образование,ПАВЛОДАРСКАЯ ОБЛАСТЬ,ЭКИБАСТУЗ Г.А.
448940,Образование в области культуры,false,,,,,,,,x,1031,,,,,4,Прочие виды образования,ПАВЛОДАРСКАЯ ОБЛАСТЬ,ЭКИБАСТУЗ Г.А.
448941,Образование в области культуры,true,,,,,,,,x,1031,,,,,5,Образование в области культуры,ПАВЛОДАРСКАЯ ОБЛАСТЬ,ЭКИБАСТУЗ Г.А.
448944,"Прочие виды образования, не включенные в другие группировки",false,,446000,883,8999000,920,1679617000,846,1110000,1031,2100000,994,x,957,4,Прочие виды образования,ПАВЛОДАРСКАЯ ОБЛАСТЬ,ЭКИБАСТУЗ Г.А.
448946,"Прочая деятельность в области образования, не включенная в другие группировки",true,,446000,883,8999000,920,1679617000,846,1110000,1031,2100000,994,x,957,5,"Прочие виды образования, не включенные в другие группировки",ПАВЛОДАРСКАЯ ОБЛАСТЬ,ЭКИБАСТУЗ Г.А.
448950,Здравоохранение и социальное обслуживание населения,false,,239992000,883,1179260000,920,690486000,846,998444000,1031,1370854000,994,149097000,957,1,Всего,ПАВЛОДАРСКАЯ ОБЛАСТЬ,ЭКИБАСТУЗ Г.А.
448951,Деятельность в области здравоохранения,false,,239992000,883,1179260000,920,690486000,846,998444000,1031,1370854000,994,149097000,957,2,Здравоохранение и социальное обслуживание населения,ПАВЛОДАРСКАЯ ОБЛАСТЬ,ЭКИБАСТУЗ Г.А.
448952,Деятельность больничных организаций,false,,221925000,883,878297000,920,659905000,846,653389000,1031,909057000,994,35610000,957,3,Деятельность в области здравоохранения,ПАВЛОДАРСКАЯ ОБЛАСТЬ,ЭКИБАСТУЗ Г.А.
448953,Деятельность больничных организаций,false,,221925000,883,878297000,920,659905000,846,653389000,1031,909057000,994,35610000,957,4,Деятельность больничных организаций,ПАВЛОДАРСКАЯ ОБЛАСТЬ,ЭКИБАСТУЗ Г.А.
448954,Деятельность больниц широкого профиля и специализированных больниц,true,,221925000,883,878297000,920,632996000,846,653389000,1031,909057000,994,35610000,957,5,Деятельность больничных организаций,ПАВЛОДАРСКАЯ ОБЛАСТЬ,ЭКИБАСТУЗ Г.А.
448958,"Деятельность других лечебных учреждений, имеющих стационары",true,,,,,,x,846,,,,,,,5,Деятельность больничных организаций,ПАВЛОДАРСКАЯ ОБЛАСТЬ,ЭКИБАСТУЗ Г.А.
448959,Деятельность в области врачебной практики и стоматологии,false,,18067000,883,300963000,920,30581000,846,345055000,1031,461797000,994,113487000,957,3,Деятельность в области здравоохранения,ПАВЛОДАРСКАЯ ОБЛАСТЬ,ЭКИБАСТУЗ Г.А.
448960,Общая врачебная практика,false,,18067000,883,297234000,920,30581000,846,333086000,1031,458747000,994,109960000,957,4,Деятельность в области врачебной практики и стоматологии,ПАВЛОДАРСКАЯ ОБЛАСТЬ,ЭКИБАСТУЗ Г.А.
448961,Общая врачебная практика,true,,18067000,883,297234000,920,30581000,846,333086000,1031,458747000,994,109960000,957,5,Общая врачебная практика,ПАВЛОДАРСКАЯ ОБЛАСТЬ,ЭКИБАСТУЗ Г.А.
448964,Стоматологическая деятельность,false,,,,x,920,,,11969000,1031,3050000,994,3527000,957,4,Деятельность в области врачебной практики и стоматологии,ПАВЛОДАРСКАЯ ОБЛАСТЬ,ЭКИБАСТУЗ Г.А.
448965,Стоматологическая деятельность,true,,,,x,920,,,11969000,1031,3050000,994,3527000,957,5,Стоматологическая деятельность,ПАВЛОДАРСКАЯ ОБЛАСТЬ,ЭКИБАСТУЗ Г.А.
448991,"Искусство, развлечения и отдых",false,,488398000,883,89381000,920,405962000,846,1320720000,1031,349608000,994,384145000,957,1,Всего,ПАВЛОДАРСКАЯ ОБЛАСТЬ,ЭКИБАСТУЗ Г.А.
449004,"Деятельность библиотек, архивов, музеев и прочая деятельность в области культуры",false,,12113000,883,15564000,920,,,,,5281000,994,381950000,957,2,"Искусство, развлечения и отдых",ПАВЛОДАРСКАЯ ОБЛАСТЬ,ЭКИБАСТУЗ Г.А.
449005,"Деятельность библиотек, архивов, музеев и прочая деятельность в области культуры",false,,12113000,883,15564000,920,,,,,5281000,994,381950000,957,3,"Деятельность библиотек, архивов, музеев и прочая деятельность в области культуры",ПАВЛОДАРСКАЯ ОБЛАСТЬ,ЭКИБАСТУЗ Г.А.
449006,Деятельность библиотек и архивов,false,,12113000,883,15564000,920,,,,,5281000,994,312269000,957,4,"Деятельность библиотек, архивов, музеев и прочая деятельность в области культуры",ПАВЛОДАРСКАЯ ОБЛАСТЬ,ЭКИБАСТУЗ Г.А.
449008,"Библиотечная деятельность, включая деятельность читальных залов, лекториев, демонстрационных залов",true,,12113000,883,6650000,920,,,,,,,110020000,957,5,Деятельность библиотек и архивов,ПАВЛОДАРСКАЯ ОБЛАСТЬ,ЭКИБАСТУЗ Г.А.
449009,Деятельность архивов,true,,,,8914000,920,,,,,5281000,994,202249000,957,5,Деятельность библиотек и архивов,ПАВЛОДАРСКАЯ ОБЛАСТЬ,ЭКИБАСТУЗ Г.А.
449011,Деятельность музеев,false,,,,,,,,,,,,x,957,4,"Деятельность библиотек, архивов, музеев и прочая деятельность в области культуры",ПАВЛОДАРСКАЯ ОБЛАСТЬ,ЭКИБАСТУЗ Г.А.
449012,Деятельность музеев,true,,,,,,,,,,,,x,957,5,Деятельность музеев,ПАВЛОДАРСКАЯ ОБЛАСТЬ,ЭКИБАСТУЗ Г.А.
449022,"Деятельность в области спорта, организации отдыха и развлечений",false,,476285000,883,73817000,920,405962000,846,1320720000,1031,344327000,994,x,957,2,"Искусство, развлечения и отдых",ПАВЛОДАРСКАЯ ОБЛАСТЬ,ЭКИБАСТУЗ Г.А.
449023,Деятельность в области спорта,false,,167033000,883,4294000,920,405190000,846,,,119745000,994,,,3,"Деятельность в области спорта, организации отдыха и развлечений",ПАВЛОДАРСКАЯ ОБЛАСТЬ,ЭКИБАСТУЗ Г.А.
449024,Эксплуатация спортивных сооружений,false,,167033000,883,,,404190000,846,,,119745000,994,,,4,Деятельность в области спорта,ПАВЛОДАРСКАЯ ОБЛАСТЬ,ЭКИБАСТУЗ Г.А.
449025,Эксплуатация спортивных сооружений,true,,167033000,883,,,404190000,846,,,119745000,994,,,5,Эксплуатация спортивных сооружений,ПАВЛОДАРСКАЯ ОБЛАСТЬ,ЭКИБАСТУЗ Г.А.
449026,Деятельность спортивных клубов,false,,,,4294000,920,,,,,,,,,4,Деятельность в области спорта,ПАВЛОДАРСКАЯ ОБЛАСТЬ,ЭКИБАСТУЗ Г.А.
449027,Деятельность спортивных клубов,true,,,,4294000,920,,,,,,,,,5,Деятельность спортивных клубов,ПАВЛОДАРСКАЯ ОБЛАСТЬ,ЭКИБАСТУЗ Г.А.
449028,Деятельность фитнес-клубов,false,,,,,,1000000,846,,,,,,,4,Деятельность в области спорта,ПАВЛОДАРСКАЯ ОБЛАСТЬ,ЭКИБАСТУЗ Г.А.
449029,Деятельность фитнес-клубов,true,,,,,,1000000,846,,,,,,,5,Деятельность фитнес-клубов,ПАВЛОДАРСКАЯ ОБЛАСТЬ,ЭКИБАСТУЗ Г.А.
449032,Деятельность по организации отдыха и развлечений,false,,309252000,883,69523000,920,772000,846,1320720000,1031,224582000,994,x,957,3,"Деятельность в области спорта, организации отдыха и развлечений",ПАВЛОДАРСКАЯ ОБЛАСТЬ,ЭКИБАСТУЗ Г.А.
449033,Деятельность развлекательных и тематических парков,false,,,,,,,,1303572000,1031,,,,,4,Деятельность по организации отдыха и развлечений,ПАВЛОДАРСКАЯ ОБЛАСТЬ,ЭКИБАСТУЗ Г.А.
449034,Деятельность развлекательных и тематических парков,true,,,,,,,,1303572000,1031,,,,,5,Деятельность развлекательных и тематических парков,ПАВЛОДАРСКАЯ ОБЛАСТЬ,ЭКИБАСТУЗ Г.А.
449035,Прочая деятельность по организации отдыха и развлечений,false,,309252000,883,69523000,920,772000,846,17148000,1031,224582000,994,x,957,4,Деятельность по организации отдыха и развлечений,ПАВЛОДАРСКАЯ ОБЛАСТЬ,ЭКИБАСТУЗ Г.А.
449037,"Деятельность родео, тиров",true,,,,50000,920,,,,,,,,,5,Прочая деятельность по организации отдыха и развлечений,ПАВЛОДАРСКАЯ ОБЛАСТЬ,ЭКИБАСТУЗ Г.А.
449039,Прочие виды деятельности по организации отдыха и развлечений,true,,309252000,883,69473000,920,772000,846,17148000,1031,224582000,994,x,957,5,Прочая деятельность по организации отдыха и развлечений,ПАВЛОДАРСКАЯ ОБЛАСТЬ,ЭКИБАСТУЗ Г.А.
449040,Предоставление прочих видов услуг,false,,,,40000000,920,1500000,846,,,,,11777000,957,1,Всего,ПАВЛОДАРСКАЯ ОБЛАСТЬ,ЭКИБАСТУЗ Г.А.
449041,Деятельность общественных объединений (организаций),false,,,,40000000,920,,,,,,,,,2,Предоставление прочих видов услуг,ПАВЛОДАРСКАЯ ОБЛАСТЬ,ЭКИБАСТУЗ Г.А.
449050,Деятельность прочих общественных  объединений,false,,,,40000000,920,,,,,,,,,3,Деятельность общественных объединений (организаций),ПАВЛОДАРСКАЯ ОБЛАСТЬ,ЭКИБАСТУЗ Г.А.
449051,Деятельность религиозных организаций,false,,,,40000000,920,,,,,,,,,4,Деятельность прочих общественных  объединений,ПАВЛОДАРСКАЯ ОБЛАСТЬ,ЭКИБАСТУЗ Г.А.
449052,Деятельность религиозных организаций,true,,,,40000000,920,,,,,,,,,5,Деятельность религиозных организаций,ПАВЛОДАРСКАЯ ОБЛАСТЬ,ЭКИБАСТУЗ Г.А.
449084,Предоставление прочих индивидуальных услуг,false,,,,,,1500000,846,,,,,11777000,957,2,Предоставление прочих видов услуг,ПАВЛОДАРСКАЯ ОБЛАСТЬ,ЭКИБАСТУЗ Г.А.
449085,Предоставление прочих индивидуальных услуг,false,,,,,,1500000,846,,,,,11777000,957,3,Предоставление прочих индивидуальных услуг,ПАВЛОДАРСКАЯ ОБЛАСТЬ,ЭКИБАСТУЗ Г.А.
449089,Предоставление услуг парикмахерскими и салонами красоты,false,,,,,,1500000,846,,,,,,,4,Предоставление прочих индивидуальных услуг,ПАВЛОДАРСКАЯ ОБЛАСТЬ,ЭКИБАСТУЗ Г.А.
449090,Предоставление услуг парикмахерскими и салонами красоты,true,,,,,,1500000,846,,,,,,,5,Предоставление услуг парикмахерскими и салонами красоты,ПАВЛОДАРСКАЯ ОБЛАСТЬ,ЭКИБАСТУЗ Г.А.
449093,Деятельность по обеспечению физического комфорта,false,,,,,,,,,,,,11777000,957,4,Предоставление прочих индивидуальных услуг,ПАВЛОДАРСКАЯ ОБЛАСТЬ,ЭКИБАСТУЗ Г.А.
449094,Деятельность по обеспечению физического комфорта,true,,,,,,,,,,,,11777000,957,5,Деятельность по обеспечению физического комфорта,ПАВЛОДАРСКАЯ ОБЛАСТЬ,ЭКИБАСТУЗ Г.А.
741340,Промышленность,false,,109762580000,883,161150368000,920,86248896000,846,271044401000,1031,255326600000,994,215200537000,957,1,Всего,ПАВЛОДАРСКАЯ ОБЛАСТЬ,ЭКИБАСТУЗ Г.А.
447279,Горнодобывающая промышленность и разработка карьеров,false,,65511375000,883,96424063000,920,59324340000,846,75568863000,1031,78031082000,994,88057036000,957,2,Промышленность,ПАВЛОДАРСКАЯ ОБЛАСТЬ,ЭКИБАСТУЗ Г.А.
447280,Добыча угля ,false,,49403085000,883,49050924000,920,28992643000,846,36066145000,1031,41910185000,994,64058778000,957,3,Горнодобывающая промышленность и разработка карьеров,ПАВЛОДАРСКАЯ ОБЛАСТЬ,ЭКИБАСТУЗ Г.А.
447281,Добыча каменного угля,false,,43403085000,883,49050924000,920,28977239000,846,36066145000,1031,41910185000,994,64058778000,957,4,Добыча угля ,ПАВЛОДАРСКАЯ ОБЛАСТЬ,ЭКИБАСТУЗ Г.А.
447282,Добыча каменного угля,false,,43403085000,883,49050924000,920,28977239000,846,36066145000,1031,41910185000,994,64058778000,957,5,Добыча каменного угля,ПАВЛОДАРСКАЯ ОБЛАСТЬ,ЭКИБАСТУЗ Г.А.
447286,Добыча лигнита (бурого угля),false,,x,883,,,15404000,846,,,,,,,4,Добыча угля ,ПАВЛОДАРСКАЯ ОБЛАСТЬ,ЭКИБАСТУЗ Г.А.
447287,Добыча лигнита (бурого угля),false,,x,883,,,15404000,846,,,,,,,5,Добыча лигнита (бурого угля),ПАВЛОДАРСКАЯ ОБЛАСТЬ,ЭКИБАСТУЗ Г.А.
447298,Добыча металлических руд,false,,15915834000,883,16809238000,920,30003585000,846,39316608000,1031,36110244000,994,23613579000,957,3,Горнодобывающая промышленность и разработка карьеров,ПАВЛОДАРСКАЯ ОБЛАСТЬ,ЭКИБАСТУЗ Г.А.
447303,"Добыча руд, кроме железных ",false,,15915834000,883,16809238000,920,30003585000,846,39316608000,1031,36110244000,994,23613579000,957,4,Добыча металлических руд,ПАВЛОДАРСКАЯ ОБЛАСТЬ,ЭКИБАСТУЗ Г.А.
447306,Добыча прочих металлических руд,false,,15915834000,883,16809238000,920,30003585000,846,39316608000,1031,36110244000,994,23613579000,957,5,"Добыча руд, кроме железных ",ПАВЛОДАРСКАЯ ОБЛАСТЬ,ЭКИБАСТУЗ Г.А.
447316,Добыча прочих полезных ископаемых,false,,126695000,883,30561785000,920,328112000,846,186110000,1031,10653000,994,384679000,957,3,Горнодобывающая промышленность и разработка карьеров,ПАВЛОДАРСКАЯ ОБЛАСТЬ,ЭКИБАСТУЗ Г.А.
447317,"Добыча камня, песка и глины",false,,32475000,883,30488564000,920,118800000,846,66739000,1031,10653000,994,342427000,957,4,Добыча прочих полезных ископаемых,ПАВЛОДАРСКАЯ ОБЛАСТЬ,ЭКИБАСТУЗ Г.А.
447318,"Добыча отделочного и строительного камня, известняка, гипса, мела и сланцев",false,,x,883,30005412000,920,x,846,x,1031,9823000,994,x,957,5,"Добыча камня, песка и глины",ПАВЛОДАРСКАЯ ОБЛАСТЬ,ЭКИБАСТУЗ Г.А.
447322,"Разработка гравийных и песчаных карьеров, добыча глины и каолина",false,,25658000,883,483152000,920,86200000,846,64015000,1031,830000,994,334437000,957,5,"Добыча камня, песка и глины",ПАВЛОДАРСКАЯ ОБЛАСТЬ,ЭКИБАСТУЗ Г.А.
447325,"Добыча полезных ископаемых, не включенных в другие группировки",false,,94220000,883,73221000,920,209312000,846,119371000,1031,,,42252000,957,4,Добыча прочих полезных ископаемых,ПАВЛОДАРСКАЯ ОБЛАСТЬ,ЭКИБАСТУЗ Г.А.
447330,Добыча соли,false,,94220000,883,73221000,920,209312000,846,119371000,1031,,,42252000,957,5,"Добыча полезных ископаемых, не включенных в другие группировки",ПАВЛОДАРСКАЯ ОБЛАСТЬ,ЭКИБАСТУЗ Г.А.
447339,Предоставление услуг в горнодобывающей промышленности,false,,x,883,2116000,920,,,,,,,,,3,Горнодобывающая промышленность и разработка карьеров,ПАВЛОДАРСКАЯ ОБЛАСТЬ,ЭКИБАСТУЗ Г.А.
447343,"Предоставление услуг, способствующих добыче других полезных ископаемых",false,,x,883,2116000,920,,,,,,,,,4,Предоставление услуг в горнодобывающей промышленности,ПАВЛОДАРСКАЯ ОБЛАСТЬ,ЭКИБАСТУЗ Г.А.
447344,"Предоставление услуг, способствующих добыче других полезных ископаемых",false,,x,883,2116000,920,,,,,,,,,5,"Предоставление услуг, способствующих добыче других полезных ископаемых",ПАВЛОДАРСКАЯ ОБЛАСТЬ,ЭКИБАСТУЗ Г.А.
447346,Обрабатывающая промышленность,false,,3156743000,883,16476234000,920,4421644000,846,88101961000,1031,33783359000,994,49748243000,957,2,Промышленность,ПАВЛОДАРСКАЯ ОБЛАСТЬ,ЭКИБАСТУЗ Г.А.
447347,Производство продуктов питания,false,,,,,,,,,,6010000000,994,501058000,957,3,Обрабатывающая промышленность,ПАВЛОДАРСКАЯ ОБЛАСТЬ,ЭКИБАСТУЗ Г.А.
447377,"Производство мукомольно-крупяных продуктов, крахмалов и крахмальных продуктов",false,,,,,,,,,,6010000000,994,500000000,957,4,Производство продуктов питания,ПАВЛОДАРСКАЯ ОБЛАСТЬ,ЭКИБАСТУЗ Г.А.
447378,Производство мукомольно-крупяных продуктов,false,,,,,,,,,,6010000000,994,500000000,957,5,"Производство мукомольно-крупяных продуктов, крахмалов и крахмальных продуктов",ПАВЛОДАРСКАЯ ОБЛАСТЬ,ЭКИБАСТУЗ Г.А.
447384,"Производство  хлебобулочных, макаронных и мучных кондитерских изделий",false,,,,,,,,,,,,1058000,957,4,Производство продуктов питания,ПАВЛОДАРСКАЯ ОБЛАСТЬ,ЭКИБАСТУЗ Г.А.
447385,Производство хлебобулочных и мучных кондитерских изделий недлительного хранения,false,,,,,,,,,,,,1058000,957,5,"Производство  хлебобулочных, макаронных и мучных кондитерских изделий",ПАВЛОДАРСКАЯ ОБЛАСТЬ,ЭКИБАСТУЗ Г.А.
447572,Производство продуктов химической промышленности,false,,218777000,883,463170000,920,263465000,846,6669774000,1031,1783261000,994,527583000,957,3,Обрабатывающая промышленность,ПАВЛОДАРСКАЯ ОБЛАСТЬ,ЭКИБАСТУЗ Г.А.
447573,"Производство основных химических веществ, удобрений и азотных соединений, пластмасс и синтетического каучука в первичных формах",false,,140056000,883,127837000,920,x,846,6587591000,1031,1733265000,994,460677000,957,4,Производство продуктов химической промышленности,ПАВЛОДАРСКАЯ ОБЛАСТЬ,ЭКИБАСТУЗ Г.А.
447578,Производство прочих основных неорганических химических веществ,false,,140056000,883,127837000,920,x,846,6587591000,1031,1733265000,994,460677000,957,5,"Производство основных химических веществ, удобрений и азотных соединений, пластмасс и синтетического каучука в первичных формах",ПАВЛОДАРСКАЯ ОБЛАСТЬ,ЭКИБАСТУЗ Г.А.
447603,Производство прочих химических продуктов,false,,78721000,883,335333000,920,258295000,846,82183000,1031,49996000,994,66906000,957,4,Производство продуктов химической промышленности,ПАВЛОДАРСКАЯ ОБЛАСТЬ,ЭКИБАСТУЗ Г.А.
447604,Производство взрывчатых веществ,false,,78721000,883,335333000,920,258295000,846,82183000,1031,49996000,994,66906000,957,5,Производство прочих химических продуктов,ПАВЛОДАРСКАЯ ОБЛАСТЬ,ЭКИБАСТУЗ Г.А.
447628,Производство резиновых и пластмассовых изделий,false,,x,883,x,920,x,846,x,1031,62427000,994,x,957,3,Обрабатывающая промышленность,ПАВЛОДАРСКАЯ ОБЛАСТЬ,ЭКИБАСТУЗ Г.А.
447636,Производство пластмассовых изделий,false,,x,883,x,920,x,846,x,1031,62427000,994,x,957,4,Производство резиновых и пластмассовых изделий,ПАВЛОДАРСКАЯ ОБЛАСТЬ,ЭКИБАСТУЗ Г.А.
447644,Производство прочих пластмассовых изделий,false,,x,883,x,920,x,846,x,1031,62427000,994,x,957,5,Производство пластмассовых изделий,ПАВЛОДАРСКАЯ ОБЛАСТЬ,ЭКИБАСТУЗ Г.А.
447646,Производство прочей не металлической минеральной продукции,false,,1063516000,883,294579000,920,57071000,846,3717201000,1031,124586000,994,332710000,957,3,Обрабатывающая промышленность,ПАВЛОДАРСКАЯ ОБЛАСТЬ,ЭКИБАСТУЗ Г.А.
447664,Производство строительных материалов из глины,false,,,,,,x,846,3300000000,1031,x,994,,,4,Производство прочей не металлической минеральной продукции,ПАВЛОДАРСКАЯ ОБЛАСТЬ,ЭКИБАСТУЗ Г.А.
447667,"Производство кирпича, черепицы и прочих строительных изделий из обожженной глины",false,,,,,,x,846,3300000000,1031,x,994,,,5,Производство строительных материалов из глины,ПАВЛОДАРСКАЯ ОБЛАСТЬ,ЭКИБАСТУЗ Г.А.
447688,"Производство изделий из бетона, цемента и строительного гипса ",false,,219172000,883,281608000,920,39601000,846,416513000,1031,121909000,994,329279000,957,4,Производство прочей не металлической минеральной продукции,ПАВЛОДАРСКАЯ ОБЛАСТЬ,ЭКИБАСТУЗ Г.А.
447689,Производство строительных изделий из бетона,false,,219172000,883,281608000,920,35982000,846,412636000,1031,121909000,994,329279000,957,5,"Производство изделий из бетона, цемента и строительного гипса ",ПАВЛОДАРСКАЯ ОБЛАСТЬ,ЭКИБАСТУЗ Г.А.
447695,Производство товарного бетона ,false,,,,,,,,x,1031,,,,,5,"Производство изделий из бетона, цемента и строительного гипса ",ПАВЛОДАРСКАЯ ОБЛАСТЬ,ЭКИБАСТУЗ Г.А.
447702,"Производство прочих изделий из бетона, строительного гипса и цемента",false,,,,,,x,846,,,,,,,5,"Производство изделий из бетона, цемента и строительного гипса ",ПАВЛОДАРСКАЯ ОБЛАСТЬ,ЭКИБАСТУЗ Г.А.
447707,Производство абразивных изделий и прочей неметаллической минеральной продукции,false,,844344000,883,12971000,920,x,846,688000,1031,1241000,994,3431000,957,4,Производство прочей не металлической минеральной продукции,ПАВЛОДАРСКАЯ ОБЛАСТЬ,ЭКИБАСТУЗ Г.А.
447710,"Производство прочей неметаллической минеральной продукции, не включенной в другие группировки",false,,844344000,883,12971000,920,x,846,688000,1031,1241000,994,3431000,957,5,Производство абразивных изделий и прочей неметаллической минеральной продукции,ПАВЛОДАРСКАЯ ОБЛАСТЬ,ЭКИБАСТУЗ Г.А.
447717,Металлургическое производство,false,,,,,,x,846,66047676000,1031,13151872000,994,47383297000,957,3,Обрабатывающая промышленность,ПАВЛОДАРСКАЯ ОБЛАСТЬ,ЭКИБАСТУЗ Г.А.
447718,"Производство чугуна, стали и ферросплавов",false,,,,,,x,846,65768373000,1031,13151872000,994,47383297000,957,4,Металлургическое производство,ПАВЛОДАРСКАЯ ОБЛАСТЬ,ЭКИБАСТУЗ Г.А.
447719,"Производство чугуна, стали и ферросплавов",false,,,,,,x,846,65768373000,1031,13151872000,994,47383297000,957,5,"Производство чугуна, стали и ферросплавов",ПАВЛОДАРСКАЯ ОБЛАСТЬ,ЭКИБАСТУЗ Г.А.
447733,Производство основных благородных и цветных металлов,false,,,,,,,,279303000,1031,,,,,4,Металлургическое производство,ПАВЛОДАРСКАЯ ОБЛАСТЬ,ЭКИБАСТУЗ Г.А.
447736,Производство алюминия,false,,,,,,,,279303000,1031,,,,,5,Производство основных благородных и цветных металлов,ПАВЛОДАРСКАЯ ОБЛАСТЬ,ЭКИБАСТУЗ Г.А.
447760,"Производство готовых металлических изделий, кроме машин и оборудования",false,,501583000,883,4322295000,920,990431000,846,1150803000,1031,1826864000,994,130619000,957,3,Обрабатывающая промышленность,ПАВЛОДАРСКАЯ ОБЛАСТЬ,ЭКИБАСТУЗ Г.А.
447774,"Производство паровых котлов, кроме котлов центрального отопления",false,,7201000,883,32251000,920,x,846,140397000,1031,1773473000,994,31764000,957,4,"Производство готовых металлических изделий, кроме машин и оборудования",ПАВЛОДАРСКАЯ ОБЛАСТЬ,ЭКИБАСТУЗ Г.А.
447775,"Производство паровых котлов, кроме котлов центрального отопления",false,,7201000,883,32251000,920,x,846,140397000,1031,1773473000,994,31764000,957,5,"Производство паровых котлов, кроме котлов центрального отопления",ПАВЛОДАРСКАЯ ОБЛАСТЬ,ЭКИБАСТУЗ Г.А.
447797,Производство прочих готовых металлических изделий,false,,494382000,883,4290044000,920,x,846,1010406000,1031,53391000,994,98855000,957,4,"Производство готовых металлических изделий, кроме машин и оборудования",ПАВЛОДАРСКАЯ ОБЛАСТЬ,ЭКИБАСТУЗ Г.А.
447805,Производство крепежных и резьбовых изделий,false,,x,883,4276815000,920,x,846,x,1031,1478000,994,x,957,5,Производство прочих готовых металлических изделий,ПАВЛОДАРСКАЯ ОБЛАСТЬ,ЭКИБАСТУЗ Г.А.
447807,"Производство прочих готовых металлических изделий, не включенных в другие группировки",false,,x,883,x,920,,,x,1031,x,994,x,957,5,Производство прочих готовых металлических изделий,ПАВЛОДАРСКАЯ ОБЛАСТЬ,ЭКИБАСТУЗ Г.А.
447811,"Производство компьютеров, электронного и оптического оборудования",false,,,,x,920,,,,,,,,,3,Обрабатывающая промышленность,ПАВЛОДАРСКАЯ ОБЛАСТЬ,ЭКИБАСТУЗ Г.А.
447817,Производство компьютеров и периферийного оборудования,false,,,,x,920,,,,,,,,,4,"Производство компьютеров, электронного и оптического оборудования",ПАВЛОДАРСКАЯ ОБЛАСТЬ,ЭКИБАСТУЗ Г.А.
447818,Производство компьютеров и периферийного оборудования,false,,,,x,920,,,,,,,,,5,Производство компьютеров и периферийного оборудования,ПАВЛОДАРСКАЯ ОБЛАСТЬ,ЭКИБАСТУЗ Г.А.
447849,Производство электрического оборудования,false,,x,883,,,,,,,,,,,3,Обрабатывающая промышленность,ПАВЛОДАРСКАЯ ОБЛАСТЬ,ЭКИБАСТУЗ Г.А.
447865,Производство электроосветительного оборудования,false,,x,883,,,,,,,,,,,4,Производство электрического оборудования,ПАВЛОДАРСКАЯ ОБЛАСТЬ,ЭКИБАСТУЗ Г.А.
447866,Производство электроосветительного оборудования,false,,x,883,,,,,,,,,,,5,Производство электроосветительного оборудования,ПАВЛОДАРСКАЯ ОБЛАСТЬ,ЭКИБАСТУЗ Г.А.
447983,Производство прочих транспортных средств,false,,1081102000,883,10851915000,920,1308478000,846,10162449000,1031,9947795000,994,450483000,957,3,Обрабатывающая промышленность,ПАВЛОДАРСКАЯ ОБЛАСТЬ,ЭКИБАСТУЗ Г.А.
447989,Производство железнодорожных локомотивов и подвижного состава,false,,1081102000,883,10851915000,920,1308478000,846,10162449000,1031,9947795000,994,450483000,957,4,Производство прочих транспортных средств,ПАВЛОДАРСКАЯ ОБЛАСТЬ,ЭКИБАСТУЗ Г.А.
447990,Производство железнодорожных локомотивов и подвижного состава,false,,1081102000,883,10851915000,920,1308478000,846,10162449000,1031,9947795000,994,450483000,957,5,Производство железнодорожных локомотивов и подвижного состава,ПАВЛОДАРСКАЯ ОБЛАСТЬ,ЭКИБАСТУЗ Г.А.
448050,Ремонт и установка машин и оборудования,false,,136374000,883,238025000,920,200764000,846,263048000,1031,876554000,994,330418000,957,3,Обрабатывающая промышленность,ПАВЛОДАРСКАЯ ОБЛАСТЬ,ЭКИБАСТУЗ Г.А.
448051,"Ремонт готовых металлических изделий, машин и оборудования",false,,136374000,883,237705000,920,200764000,846,263048000,1031,876554000,994,330418000,957,4,Ремонт и установка машин и оборудования,ПАВЛОДАРСКАЯ ОБЛАСТЬ,ЭКИБАСТУЗ Г.А.
448059,Ремонт машин и оборудования,false,,19385000,883,31958000,920,39588000,846,71348000,1031,559589000,994,12816000,957,5,"Ремонт готовых металлических изделий, машин и оборудования",ПАВЛОДАРСКАЯ ОБЛАСТЬ,ЭКИБАСТУЗ Г.А.
448071,Ремонт электрического оборудования,false,,22101000,883,36861000,920,45421000,846,17262000,1031,,,126582000,957,5,"Ремонт готовых металлических изделий, машин и оборудования",ПАВЛОДАРСКАЯ ОБЛАСТЬ,ЭКИБАСТУЗ Г.А.
448081,Ремонт и техническое обслуживание прочих транспортных средств и оборудования,false,,94888000,883,168886000,920,115755000,846,174438000,1031,316965000,994,191020000,957,5,"Ремонт готовых металлических изделий, машин и оборудования",ПАВЛОДАРСКАЯ ОБЛАСТЬ,ЭКИБАСТУЗ Г.А.
448087,"Монтаж, установка промышленных машин и оборудования",false,,,,x,920,,,,,,,,,4,Ремонт и установка машин и оборудования,ПАВЛОДАРСКАЯ ОБЛАСТЬ,ЭКИБАСТУЗ Г.А.
448088,"Монтаж, установка промышленных машин и оборудования",false,,,,x,920,,,,,,,,,5,"Монтаж, установка промышленных машин и оборудования",ПАВЛОДАРСКАЯ ОБЛАСТЬ,ЭКИБАСТУЗ Г.А.
448090,"Снабжение электроэнергией, газом, паром, горячей водой и кондиционированным воздухом",false,,34426433000,883,24831338000,920,19302485000,846,95385741000,1031,137649852000,994,70854735000,957,2,Промышленность,ПАВЛОДАРСКАЯ ОБЛАСТЬ,ЭКИБАСТУЗ Г.А.
448091,"Снабжение электроэнергией, газом, паром, горячей водой и кондиционированным воздухом",false,,34426433000,883,24831338000,920,19302485000,846,95385741000,1031,137649852000,994,70854735000,957,3,"Снабжение электроэнергией, газом, паром, горячей водой и кондиционированным воздухом",ПАВЛОДАРСКАЯ ОБЛАСТЬ,ЭКИБАСТУЗ Г.А.
448092,"Производство, передача и распределение электроэнергии",false,,32298960000,883,24448020000,920,17961276000,846,85397561000,1031,115003972000,994,70120113000,957,4,"Снабжение электроэнергией, газом, паром, горячей водой и кондиционированным воздухом",ПАВЛОДАРСКАЯ ОБЛАСТЬ,ЭКИБАСТУЗ Г.А.
448093,Производство электроэнергии,false,,30017563000,883,23283109000,920,14262005000,846,81282996000,1031,112111492000,994,67057357000,957,5,"Производство, передача и распределение электроэнергии",ПАВЛОДАРСКАЯ ОБЛАСТЬ,ЭКИБАСТУЗ Г.А.
448098,Передача электроэнергии,false,,,,,,x,846,20896000,1031,78733000,994,,,5,"Производство, передача и распределение электроэнергии",ПАВЛОДАРСКАЯ ОБЛАСТЬ,ЭКИБАСТУЗ Г.А.
448100,Распределение электроэнергии,false,,2279340000,883,1164446000,920,3333401000,846,4092004000,1031,2812318000,994,3060689000,957,5,"Производство, передача и распределение электроэнергии",ПАВЛОДАРСКАЯ ОБЛАСТЬ,ЭКИБАСТУЗ Г.А.
448102,Продажа электроэнергии ,false,,2057000,883,465000,920,2051000,846,1665000,1031,1429000,994,2067000,957,5,"Производство, передача и распределение электроэнергии",ПАВЛОДАРСКАЯ ОБЛАСТЬ,ЭКИБАСТУЗ Г.А.
448104,Производство и распределение газообразного топлива по трубопроводам,false,,x,883,,,x,846,x,1031,,,,,4,"Снабжение электроэнергией, газом, паром, горячей водой и кондиционированным воздухом",ПАВЛОДАРСКАЯ ОБЛАСТЬ,ЭКИБАСТУЗ Г.А.
448107,Распределение газообразного топлива по трубопроводам,false,,x,883,,,x,846,x,1031,,,,,5,Производство и распределение газообразного топлива по трубопроводам,ПАВЛОДАРСКАЯ ОБЛАСТЬ,ЭКИБАСТУЗ Г.А.
448111,"Снабжение паром, горячей водой и кондиционированным воздухом",false,,2116920000,883,383318000,920,1312762000,846,9987243000,1031,22645880000,994,734622000,957,4,"Снабжение электроэнергией, газом, паром, горячей водой и кондиционированным воздухом",ПАВЛОДАРСКАЯ ОБЛАСТЬ,ЭКИБАСТУЗ Г.А.
448112,"Снабжение паром, горячей водой и кондиционированным воздухом",false,,2116920000,883,383318000,920,1312762000,846,9987243000,1031,22645880000,994,734622000,957,5,"Снабжение паром, горячей водой и кондиционированным воздухом",ПАВЛОДАРСКАЯ ОБЛАСТЬ,ЭКИБАСТУЗ Г.А.
448117,"Водоснабжение; сбор, обработка и удаление отходов, деятельность по ликвидации загрязнений",false,,6668029000,883,23418733000,920,3200427000,846,11987836000,1031,5862307000,994,6540523000,957,2,Промышленность,ПАВЛОДАРСКАЯ ОБЛАСТЬ,ЭКИБАСТУЗ Г.А.
448118,"Сбор, обработка и распределение воды",false,,5405298000,883,22288570000,920,2846617000,846,7915994000,1031,3267531000,994,3618191000,957,3,"Водоснабжение; сбор, обработка и удаление отходов, деятельность по ликвидации загрязнений",ПАВЛОДАРСКАЯ ОБЛАСТЬ,ЭКИБАСТУЗ Г.А.
448119,"Сбор, обработка и распределение воды",false,,5405298000,883,22288570000,920,2846617000,846,7915994000,1031,3267531000,994,3618191000,957,4,"Сбор, обработка и распределение воды",ПАВЛОДАРСКАЯ ОБЛАСТЬ,ЭКИБАСТУЗ Г.А.
448120,"Сбор, обработка и распределение воды",false,,5405298000,883,22288570000,920,2846617000,846,7915994000,1031,3267531000,994,3618191000,957,5,"Сбор, обработка и распределение воды",ПАВЛОДАРСКАЯ ОБЛАСТЬ,ЭКИБАСТУЗ Г.А.
448122,Сбор и обработка сточных вод,false,,988895000,883,995404000,920,261909000,846,3905574000,1031,2384231000,994,2766747000,957,3,"Водоснабжение; сбор, обработка и удаление отходов, деятельность по ликвидации загрязнений",ПАВЛОДАРСКАЯ ОБЛАСТЬ,ЭКИБАСТУЗ Г.А.
448123,Сбор и обработка сточных вод,false,,988895000,883,995404000,920,261909000,846,3905574000,1031,2384231000,994,2766747000,957,4,Сбор и обработка сточных вод,ПАВЛОДАРСКАЯ ОБЛАСТЬ,ЭКИБАСТУЗ Г.А.
448124,Сбор и обработка сточных вод,false,,988895000,883,995404000,920,261909000,846,3905574000,1031,2384231000,994,2766747000,957,5,Сбор и обработка сточных вод,ПАВЛОДАРСКАЯ ОБЛАСТЬ,ЭКИБАСТУЗ Г.А.
448126,"Сбор, обработка и удаление отходов; утилизация (восстановление) материалов",false,,273836000,883,134759000,920,91901000,846,166268000,1031,210545000,994,155585000,957,3,"Водоснабжение; сбор, обработка и удаление отходов, деятельность по ликвидации загрязнений",ПАВЛОДАРСКАЯ ОБЛАСТЬ,ЭКИБАСТУЗ Г.А.
448127,Сбор отходов,false,,271305000,883,123958000,920,91901000,846,166268000,1031,150894000,994,155585000,957,4,"Сбор, обработка и удаление отходов; утилизация (восстановление) материалов",ПАВЛОДАРСКАЯ ОБЛАСТЬ,ЭКИБАСТУЗ Г.А.
448128,Сбор неопасных отходов,false,,269788000,883,123958000,920,91901000,846,166268000,1031,150894000,994,155585000,957,5,Сбор отходов,ПАВЛОДАРСКАЯ ОБЛАСТЬ,ЭКИБАСТУЗ Г.А.
448130,Сбор опасных отходов,false,,1517000,883,,,,,,,,,,,5,Сбор отходов,ПАВЛОДАРСКАЯ ОБЛАСТЬ,ЭКИБАСТУЗ Г.А.
448132,Обработка и удаление отходов,false,,2531000,883,10801000,920,,,,,59651000,994,,,4,"Сбор, обработка и удаление отходов; утилизация (восстановление) материалов",ПАВЛОДАРСКАЯ ОБЛАСТЬ,ЭКИБАСТУЗ Г.А.
448133,Обработка и удаление неопасных отходов,false,,2531000,883,10801000,920,,,,,59651000,994,,,5,Обработка и удаление отходов,ПАВЛОДАРСКАЯ ОБЛАСТЬ,ЭКИБАСТУЗ Г.А.
741885,Всего,false,,8087406000,883,10420479000,920,6192167000,846,13379262000,1031,15793946000,994,12313420000,957,0,,ПАВЛОДАРСКАЯ ОБЛАСТЬ,АКТОГАЙСКИЙ РАЙОН
447173,"Сельское, лесное и рыбное хозяйство",false,,5302453000,883,7496569000,920,2814821000,846,6292485000,1031,10730187000,994,9254491000,957,1,Всего,ПАВЛОДАРСКАЯ ОБЛАСТЬ,АКТОГАЙСКИЙ РАЙОН
447174,"Растениеводство и животноводство, охота и предоставление услуг в этих областях",false,,5302453000,883,7496569000,920,2814821000,846,6292485000,1031,10730187000,994,9254491000,957,2,"Сельское, лесное и рыбное хозяйство",ПАВЛОДАРСКАЯ ОБЛАСТЬ,АКТОГАЙСКИЙ РАЙОН
447175,Выращивание одно- или двухлетних культур,false,,2949611000,883,2193291000,920,2014297000,846,2160230000,1031,1879898000,994,2954232000,957,3,"Растениеводство и животноводство, охота и предоставление услуг в этих областях",ПАВЛОДАРСКАЯ ОБЛАСТЬ,АКТОГАЙСКИЙ РАЙОН
447176,"Выращивание зерновых (кроме риса), бобовых и масличных культур",false,,764802000,883,1017935000,920,586367000,846,970234000,1031,892327000,994,1373615000,957,4,Выращивание одно- или двухлетних культур,ПАВЛОДАРСКАЯ ОБЛАСТЬ,АКТОГАЙСКИЙ РАЙОН
3783380,"Выращивание зерновых и зернобобовых культур, включая семеноводство",true,,764802000,883,1017935000,920,586367000,846,936663000,1031,867640000,994,1373615000,957,5,"Выращивание зерновых (кроме риса), бобовых и масличных культур",ПАВЛОДАРСКАЯ ОБЛАСТЬ,АКТОГАЙСКИЙ РАЙОН
447178,Выращивание масличных культур и их семян,true,,,,,,,,33571000,1031,24687000,994,,,5,"Выращивание зерновых (кроме риса), бобовых и масличных культур",ПАВЛОДАРСКАЯ ОБЛАСТЬ,АКТОГАЙСКИЙ РАЙОН
447181,"Выращивание овощей, бахчевых, корнеплодов и клубнеплодов",false,,2184809000,883,1175356000,920,960179000,846,1178636000,1031,987571000,994,1580617000,957,4,Выращивание одно- или двухлетних культур,ПАВЛОДАРСКАЯ ОБЛАСТЬ,АКТОГАЙСКИЙ РАЙОН
447182,Выращивание картофеля и посадочного материала,true,,1589996000,883,989551000,920,397384000,846,1178636000,1031,987571000,994,1297769000,957,5,"Выращивание овощей, бахчевых, корнеплодов и клубнеплодов",ПАВЛОДАРСКАЯ ОБЛАСТЬ,АКТОГАЙСКИЙ РАЙОН
447183,"Выращивание овощей, их семян и рассады",true,,594813000,883,185805000,920,x,846,,,,,282848000,957,5,"Выращивание овощей, бахчевых, корнеплодов и клубнеплодов",ПАВЛОДАРСКАЯ ОБЛАСТЬ,АКТОГАЙСКИЙ РАЙОН
447192,Выращивание прочих одно- или двухлетних культур,false,,,,,,467751000,846,11360000,1031,,,,,4,Выращивание одно- или двухлетних культур,ПАВЛОДАРСКАЯ ОБЛАСТЬ,АКТОГАЙСКИЙ РАЙОН
447193,Выращивание кормовых культур и их семян,true,,,,,,467751000,846,11360000,1031,,,,,5,Выращивание прочих одно- или двухлетних культур,ПАВЛОДАРСКАЯ ОБЛАСТЬ,АКТОГАЙСКИЙ РАЙОН
447196,Выращивание многолетних культур,false,,,,,,,,9730000,1031,,,,,3,"Растениеводство и животноводство, охота и предоставление услуг в этих областях",ПАВЛОДАРСКАЯ ОБЛАСТЬ,АКТОГАЙСКИЙ РАЙОН
447213,Выращивание прочих многолетних культур,false,,,,,,,,9730000,1031,,,,,4,Выращивание многолетних культур,ПАВЛОДАРСКАЯ ОБЛАСТЬ,АКТОГАЙСКИЙ РАЙОН
447214,Выращивание прочих многолетних культур,true,,,,,,,,9730000,1031,,,,,5,Выращивание прочих многолетних культур,ПАВЛОДАРСКАЯ ОБЛАСТЬ,АКТОГАЙСКИЙ РАЙОН
447218,Животноводство,false,,2127981000,883,4629766000,920,679488000,846,3579608000,1031,8177317000,994,4261058000,957,3,"Растениеводство и животноводство, охота и предоставление услуг в этих областях",ПАВЛОДАРСКАЯ ОБЛАСТЬ,АКТОГАЙСКИЙ РАЙОН
447219,Разведение крупного рогатого скота молочного направления,false,,989227000,883,3367875000,920,235676000,846,1468002000,1031,1093263000,994,1006879000,957,4,Животноводство,ПАВЛОДАРСКАЯ ОБЛАСТЬ,АКТОГАЙСКИЙ РАЙОН
447220,Разведение крупного рогатого скота молочного направления,true,,989227000,883,3367875000,920,235676000,846,1468002000,1031,1093263000,994,1006879000,957,5,Разведение крупного рогатого скота молочного направления,ПАВЛОДАРСКАЯ ОБЛАСТЬ,АКТОГАЙСКИЙ РАЙОН
447221,Разведение прочего крупного рогатого скота и буйволов,false,,80579000,883,117426000,920,443812000,846,1117202000,1031,1039524000,994,39412000,957,4,Животноводство,ПАВЛОДАРСКАЯ ОБЛАСТЬ,АКТОГАЙСКИЙ РАЙОН
447222,Разведение прочего крупного рогатого скота и буйволов,true,,80579000,883,117426000,920,443812000,846,1117202000,1031,1039524000,994,39412000,957,5,Разведение прочего крупного рогатого скота и буйволов,ПАВЛОДАРСКАЯ ОБЛАСТЬ,АКТОГАЙСКИЙ РАЙОН
447223,Разведение лошадей и прочих животных семейства лошадиных,false,,12909000,883,82825000,920,,,70979000,1031,37496000,994,,,4,Животноводство,ПАВЛОДАРСКАЯ ОБЛАСТЬ,АКТОГАЙСКИЙ РАЙОН
447224,Разведение лошадей,true,,12909000,883,82825000,920,,,70979000,1031,37496000,994,,,5,Разведение лошадей и прочих животных семейства лошадиных,ПАВЛОДАРСКАЯ ОБЛАСТЬ,АКТОГАЙСКИЙ РАЙОН
447228,Разведение овец и коз,false,,,,216000,920,,,16925000,1031,27666000,994,,,4,Животноводство,ПАВЛОДАРСКАЯ ОБЛАСТЬ,АКТОГАЙСКИЙ РАЙОН
447229,Разведение овец и коз,true,,,,216000,920,,,16925000,1031,27666000,994,,,5,Разведение овец и коз,ПАВЛОДАРСКАЯ ОБЛАСТЬ,АКТОГАЙСКИЙ РАЙОН
447237,Разведение прочих видов животных,false,,1045266000,883,1061424000,920,,,906500000,1031,5979368000,994,3214767000,957,4,Животноводство,ПАВЛОДАРСКАЯ ОБЛАСТЬ,АКТОГАЙСКИЙ РАЙОН
447238,Разведение прочих видов животных,true,,1045266000,883,1061424000,920,,,906500000,1031,5979368000,994,3214767000,957,5,Разведение прочих видов животных,ПАВЛОДАРСКАЯ ОБЛАСТЬ,АКТОГАЙСКИЙ РАЙОН
447239,Смешанное сельское хозяйство,false,,80535000,883,,,121036000,846,542917000,1031,672972000,994,916179000,957,3,"Растениеводство и животноводство, охота и предоставление услуг в этих областях",ПАВЛОДАРСКАЯ ОБЛАСТЬ,АКТОГАЙСКИЙ РАЙОН
447240,Смешанное сельское хозяйство,false,,80535000,883,,,121036000,846,542917000,1031,672972000,994,916179000,957,4,Смешанное сельское хозяйство,ПАВЛОДАРСКАЯ ОБЛАСТЬ,АКТОГАЙСКИЙ РАЙОН
447241,Смешанное сельское хозяйство,true,,80535000,883,,,121036000,846,542917000,1031,672972000,994,916179000,957,5,Смешанное сельское хозяйство,ПАВЛОДАРСКАЯ ОБЛАСТЬ,АКТОГАЙСКИЙ РАЙОН
18683346,"Деятельность, способствующая выращиванию сельскохозяйственных культур и разведению животных и деятельность по обработке урожая",false,,144326000,883,673512000,920,,,,,,,1123022000,957,3,"Растениеводство и животноводство, охота и предоставление услуг в этих областях",ПАВЛОДАРСКАЯ ОБЛАСТЬ,АКТОГАЙСКИЙ РАЙОН
18683347,"Деятельность, способствующая растениеводству",false,,144326000,883,673512000,920,,,,,,,1123022000,957,4,"Деятельность, способствующая выращиванию сельскохозяйственных культур и разведению животных и деятельность по обработке урожая",ПАВЛОДАРСКАЯ ОБЛАСТЬ,АКТОГАЙСКИЙ РАЙОН
18683349,Эксплуатация оросительных систем,true,,144326000,883,673512000,920,,,,,,,1123022000,957,5,"Деятельность, способствующая растениеводству",ПАВЛОДАРСКАЯ ОБЛАСТЬ,АКТОГАЙСКИЙ РАЙОН
448148,Строительство,false,,,,,,,,2100700000,1031,,,,,1,Всего,ПАВЛОДАРСКАЯ ОБЛАСТЬ,АКТОГАЙСКИЙ РАЙОН
448177,Специализированные строительные работы,false,,,,,,,,2100700000,1031,,,,,2,Строительство,ПАВЛОДАРСКАЯ ОБЛАСТЬ,АКТОГАЙСКИЙ РАЙОН
448187,"Монтаж и установка электрического, водопроводного и прочего оборудования",false,,,,,,,,2100700000,1031,,,,,3,Специализированные строительные работы,ПАВЛОДАРСКАЯ ОБЛАСТЬ,АКТОГАЙСКИЙ РАЙОН
448192,Прочие строительно-монтажные работы,false,,,,,,,,2100700000,1031,,,,,4,"Монтаж и установка электрического, водопроводного и прочего оборудования",ПАВЛОДАРСКАЯ ОБЛАСТЬ,АКТОГАЙСКИЙ РАЙОН
448194,"Прочие строительно-монтажные работы, не включенные в другие группировки",true,,,,,,,,2100700000,1031,,,,,5,Прочие строительно-монтажные работы,ПАВЛОДАРСКАЯ ОБЛАСТЬ,АКТОГАЙСКИЙ РАЙОН
448215,Оптовая и розничная торговля; ремонт автомобилей и мотоциклов,false,,22341000,883,,,,,81840000,1031,,,,,1,Всего,ПАВЛОДАРСКАЯ ОБЛАСТЬ,АКТОГАЙСКИЙ РАЙОН
448237,"Оптовая торговля, за исключением торговли автомобилями и мотоциклами",false,,22341000,883,,,,,,,,,,,2,Оптовая и розничная торговля; ремонт автомобилей и мотоциклов,ПАВЛОДАРСКАЯ ОБЛАСТЬ,АКТОГАЙСКИЙ РАЙОН
448316,"Оптовая торговля прочими машинами, оборудованием и деталями и принадлежностями к ним",false,,22341000,883,,,,,,,,,,,3,"Оптовая торговля, за исключением торговли автомобилями и мотоциклами",ПАВЛОДАРСКАЯ ОБЛАСТЬ,АКТОГАЙСКИЙ РАЙОН
448329,Оптовая торговля прочими машинами и оборудованием,false,,22341000,883,,,,,,,,,,,4,"Оптовая торговля прочими машинами, оборудованием и деталями и принадлежностями к ним",ПАВЛОДАРСКАЯ ОБЛАСТЬ,АКТОГАЙСКИЙ РАЙОН
448330,Оптовая торговля прочими машинами и оборудованием,true,,22341000,883,,,,,,,,,,,5,Оптовая торговля прочими машинами и оборудованием,ПАВЛОДАРСКАЯ ОБЛАСТЬ,АКТОГАЙСКИЙ РАЙОН
448377,"Розничная торговля, кроме торговли автомобилями и мотоциклами",false,,,,,,,,81840000,1031,,,,,2,Оптовая и розничная торговля; ремонт автомобилей и мотоциклов,ПАВЛОДАРСКАЯ ОБЛАСТЬ,АКТОГАЙСКИЙ РАЙОН
448378,Розничная торговля в неспециализированных магазинах,false,,,,,,,,80070000,1031,,,,,3,"Розничная торговля, кроме торговли автомобилями и мотоциклами",ПАВЛОДАРСКАЯ ОБЛАСТЬ,АКТОГАЙСКИЙ РАЙОН
448379,"Розничная торговля в неспециализированных магазинах преимущественно продуктами питания, напитками и табачными изделиями",false,,,,,,,,80070000,1031,,,,,4,Розничная торговля в неспециализированных магазинах,ПАВЛОДАРСКАЯ ОБЛАСТЬ,АКТОГАЙСКИЙ РАЙОН
3647934,"Розничная торговля преимущественно продуктами питания, напитками и табачными изделиями в неспециализированных магазинах, являющихся торговыми объектами, с торговой площадью менее 2000 кв.м ",true,,,,,,,,80070000,1031,,,,,5,"Розничная торговля в неспециализированных магазинах преимущественно продуктами питания, напитками и табачными изделиями",ПАВЛОДАРСКАЯ ОБЛАСТЬ,АКТОГАЙСКИЙ РАЙОН
448399,Розничная торговля топливом в специализированных магазинах,false,,,,,,,,1770000,1031,,,,,3,"Розничная торговля, кроме торговли автомобилями и мотоциклами",ПАВЛОДАРСКАЯ ОБЛАСТЬ,АКТОГАЙСКИЙ РАЙОН
448400,Розничная торговля топливом в специализированных магазинах,false,,,,,,,,1770000,1031,,,,,4,Розничная торговля топливом в специализированных магазинах,ПАВЛОДАРСКАЯ ОБЛАСТЬ,АКТОГАЙСКИЙ РАЙОН
20576124,"Розничная торговля моторным топливом в специализированных магазинах, за исключением находящихся на придорожной полосе",true,,,,,,,,1770000,1031,,,,,5,Розничная торговля топливом в специализированных магазинах,ПАВЛОДАРСКАЯ ОБЛАСТЬ,АКТОГАЙСКИЙ РАЙОН
448475,Транспорт и складирование,false,,277433000,883,596354000,920,1053111000,846,1398153000,1031,,,1735643000,957,1,Всего,ПАВЛОДАРСКАЯ ОБЛАСТЬ,АКТОГАЙСКИЙ РАЙОН
448527,Складирование грузов и вспомогательная транспортная деятельность,false,,277433000,883,596354000,920,1053111000,846,1398153000,1031,,,1735643000,957,2,Транспорт и складирование,ПАВЛОДАРСКАЯ ОБЛАСТЬ,АКТОГАЙСКИЙ РАЙОН
448528,Складирование и хранение грузов,false,,277433000,883,501664000,920,1053111000,846,299175000,1031,,,1735643000,957,3,Складирование грузов и вспомогательная транспортная деятельность,ПАВЛОДАРСКАЯ ОБЛАСТЬ,АКТОГАЙСКИЙ РАЙОН
448529,Складирование и хранение грузов,false,,277433000,883,501664000,920,1053111000,846,299175000,1031,,,1735643000,957,4,Складирование и хранение грузов,ПАВЛОДАРСКАЯ ОБЛАСТЬ,АКТОГАЙСКИЙ РАЙОН
448530,Складирование и хранение зерна,true,,171833000,883,,,,,,,,,629143000,957,5,Складирование и хранение грузов,ПАВЛОДАРСКАЯ ОБЛАСТЬ,АКТОГАЙСКИЙ РАЙОН
448532,Складирование и хранение продовольственных товаров,true,,,,,,1053111000,846,,,,,,,5,Складирование и хранение грузов,ПАВЛОДАРСКАЯ ОБЛАСТЬ,АКТОГАЙСКИЙ РАЙОН
20576309,Складирование и хранение овощей и фруктов,true,,105600000,883,501664000,920,,,299175000,1031,,,1106500000,957,5,Складирование и хранение грузов,ПАВЛОДАРСКАЯ ОБЛАСТЬ,АКТОГАЙСКИЙ РАЙОН
448533,Вспомогательная транспортная деятельность,false,,,,94690000,920,,,1098978000,1031,,,,,3,Складирование грузов и вспомогательная транспортная деятельность,ПАВЛОДАРСКАЯ ОБЛАСТЬ,АКТОГАЙСКИЙ РАЙОН
448534,Вспомогательная деятельность сухопутного транспорта,false,,,,94690000,920,,,1098978000,1031,,,,,4,Вспомогательная транспортная деятельность,ПАВЛОДАРСКАЯ ОБЛАСТЬ,АКТОГАЙСКИЙ РАЙОН
448536,Эксплуатация автомобильных дорог,true,,,,,,,,1098978000,1031,,,,,5,Вспомогательная деятельность сухопутного транспорта,ПАВЛОДАРСКАЯ ОБЛАСТЬ,АКТОГАЙСКИЙ РАЙОН
448538,Деятельность автомобильных стоянок,true,,,,94690000,920,,,,,,,,,5,Вспомогательная деятельность сухопутного транспорта,ПАВЛОДАРСКАЯ ОБЛАСТЬ,АКТОГАЙСКИЙ РАЙОН
448558,Предоставление услуг по проживанию и питанию,false,,99916000,883,,,,,,,,,,,1,Всего,ПАВЛОДАРСКАЯ ОБЛАСТЬ,АКТОГАЙСКИЙ РАЙОН
3783427,Предоставление услуг по временному проживанию,false,,76906000,883,,,,,,,,,,,2,Предоставление услуг по проживанию и питанию,ПАВЛОДАРСКАЯ ОБЛАСТЬ,АКТОГАЙСКИЙ РАЙОН
3783441,Предоставление услуг прочими местами для проживания,false,,76906000,883,,,,,,,,,,,3,Предоставление услуг по временному проживанию,ПАВЛОДАРСКАЯ ОБЛАСТЬ,АКТОГАЙСКИЙ РАЙОН
3783442,Предоставление услуг прочими местами для проживания,false,,76906000,883,,,,,,,,,,,4,Предоставление услуг прочими местами для проживания,ПАВЛОДАРСКАЯ ОБЛАСТЬ,АКТОГАЙСКИЙ РАЙОН
20576357,"Предоставление услуг прочими местами для проживания, не включенными в другие категории",true,,76906000,883,,,,,,,,,,,5,Предоставление услуг прочими местами для проживания,ПАВЛОДАРСКАЯ ОБЛАСТЬ,АКТОГАЙСКИЙ РАЙОН
448573,Предоставление услуг по обеспечению питанием и напитками,false,,23010000,883,,,,,,,,,,,2,Предоставление услуг по проживанию и питанию,ПАВЛОДАРСКАЯ ОБЛАСТЬ,АКТОГАЙСКИЙ РАЙОН
448574,Деятельность ресторанов и предоставление услуг по доставке продуктов питания,false,,23010000,883,,,,,,,,,,,3,Предоставление услуг по обеспечению питанием и напитками,ПАВЛОДАРСКАЯ ОБЛАСТЬ,АКТОГАЙСКИЙ РАЙОН
448575,Деятельность ресторанов и предоставление услуг по доставке продуктов питания,false,,23010000,883,,,,,,,,,,,4,Деятельность ресторанов и предоставление услуг по доставке продуктов питания,ПАВЛОДАРСКАЯ ОБЛАСТЬ,АКТОГАЙСКИЙ РАЙОН
20576362,"Деятельность ресторанов и предоставление услуг по доставке продуктов питания, за исключением деятельности объектов, находящихся на придорожной полосе",true,,23010000,883,,,,,,,,,,,5,Деятельность ресторанов и предоставление услуг по доставке продуктов питания,ПАВЛОДАРСКАЯ ОБЛАСТЬ,АКТОГАЙСКИЙ РАЙОН
448585,Информация и связь,false,,44321000,883,395000,920,35441000,846,30309000,1031,6030000,994,5509000,957,1,Всего,ПАВЛОДАРСКАЯ ОБЛАСТЬ,АКТОГАЙСКИЙ РАЙОН
448586,Издательская деятельность,false,,,,395000,920,,,750000,1031,420000,994,1470000,957,2,Информация и связь,ПАВЛОДАРСКАЯ ОБЛАСТЬ,АКТОГАЙСКИЙ РАЙОН
448587,"Издание книг, периодических публикаций и другие виды издательской деятельности",false,,,,395000,920,,,750000,1031,420000,994,1470000,957,3,Издательская деятельность,ПАВЛОДАРСКАЯ ОБЛАСТЬ,АКТОГАЙСКИЙ РАЙОН
448592,Издание газет,false,,,,395000,920,,,750000,1031,420000,994,1470000,957,4,"Издание книг, периодических публикаций и другие виды издательской деятельности",ПАВЛОДАРСКАЯ ОБЛАСТЬ,АКТОГАЙСКИЙ РАЙОН
448593,Издание газет,true,,,,395000,920,,,750000,1031,420000,994,1470000,957,5,Издание газет,ПАВЛОДАРСКАЯ ОБЛАСТЬ,АКТОГАЙСКИЙ РАЙОН
448623,Телекоммуникации,false,,44321000,883,,,35441000,846,29559000,1031,5610000,994,x,957,2,Информация и связь,ПАВЛОДАРСКАЯ ОБЛАСТЬ,АКТОГАЙСКИЙ РАЙОН
18696628,Проводная телекоммуникационная связь,false,,7113000,883,,,x,846,,,,,,,3,Телекоммуникации,ПАВЛОДАРСКАЯ ОБЛАСТЬ,АКТОГАЙСКИЙ РАЙОН
18696629,Проводная телекоммуникационная связь,false,,7113000,883,,,x,846,,,,,,,4,Проводная телекоммуникационная связь,ПАВЛОДАРСКАЯ ОБЛАСТЬ,АКТОГАЙСКИЙ РАЙОН
18946146,Прочая проводная телекоммуникационная связь,true,,7113000,883,,,x,846,,,,,,,5,Проводная телекоммуникационная связь,ПАВЛОДАРСКАЯ ОБЛАСТЬ,АКТОГАЙСКИЙ РАЙОН
448627,Беспроводная телекоммуникационная связь,false,,37208000,883,,,19108000,846,29559000,1031,5610000,994,x,957,3,Телекоммуникации,ПАВЛОДАРСКАЯ ОБЛАСТЬ,АКТОГАЙСКИЙ РАЙОН
448628,Беспроводная телекоммуникационная связь,false,,37208000,883,,,19108000,846,29559000,1031,5610000,994,x,957,4,Беспроводная телекоммуникационная связь,ПАВЛОДАРСКАЯ ОБЛАСТЬ,АКТОГАЙСКИЙ РАЙОН
18946147,Беспроводная телекоммуникационная связь посредством единой транспортной среды,true,,,,,,,,16592000,1031,,,,,5,Беспроводная телекоммуникационная связь,ПАВЛОДАРСКАЯ ОБЛАСТЬ,АКТОГАЙСКИЙ РАЙОН
18946149,Прочая беспроводная телекоммуникационная связь,true,,37208000,883,,,19108000,846,12967000,1031,5610000,994,x,957,5,Беспроводная телекоммуникационная связь,ПАВЛОДАРСКАЯ ОБЛАСТЬ,АКТОГАЙСКИЙ РАЙОН
448658,Финансовая и страховая деятельность,false,,,,,,,,,,,,660000,957,1,Всего,ПАВЛОДАРСКАЯ ОБЛАСТЬ,АКТОГАЙСКИЙ РАЙОН
448659,"Финансовое посредничество, кроме страхования и пенсионного обеспечения",false,,,,,,,,,,,,660000,957,2,Финансовая и страховая деятельность,ПАВЛОДАРСКАЯ ОБЛАСТЬ,АКТОГАЙСКИЙ РАЙОН
448673,"Прочее финансовое посредничество, кроме страхования и пенсионного обеспечения",false,,,,,,,,,,,,660000,957,3,"Финансовое посредничество, кроме страхования и пенсионного обеспечения",ПАВЛОДАРСКАЯ ОБЛАСТЬ,АКТОГАЙСКИЙ РАЙОН
448676,Прочие виды кредитования,false,,,,,,,,,,,,660000,957,4,"Прочее финансовое посредничество, кроме страхования и пенсионного обеспечения",ПАВЛОДАРСКАЯ ОБЛАСТЬ,АКТОГАЙСКИЙ РАЙОН
448678,"Прочие виды кредитования, не включенные в другие группировки",true,,,,,,,,,,,,660000,957,5,Прочие виды кредитования,ПАВЛОДАРСКАЯ ОБЛАСТЬ,АКТОГАЙСКИЙ РАЙОН
448714,Операции с недвижимым имуществом,false,,590208000,883,284630000,920,85273000,846,1240460000,1031,960450000,994,357650000,957,1,Всего,ПАВЛОДАРСКАЯ ОБЛАСТЬ,АКТОГАЙСКИЙ РАЙОН
448715,Операции с недвижимым имуществом,false,,590208000,883,284630000,920,85273000,846,1240460000,1031,960450000,994,357650000,957,2,Операции с недвижимым имуществом,ПАВЛОДАРСКАЯ ОБЛАСТЬ,АКТОГАЙСКИЙ РАЙОН
448716,Покупка и продажа собственного недвижимого имущества ,false,,590208000,883,284630000,920,85273000,846,1240460000,1031,960450000,994,357650000,957,3,Операции с недвижимым имуществом,ПАВЛОДАРСКАЯ ОБЛАСТЬ,АКТОГАЙСКИЙ РАЙОН
448717,Покупка и продажа собственного недвижимого имущества ,false,,590208000,883,284630000,920,85273000,846,1240460000,1031,960450000,994,357650000,957,4,Покупка и продажа собственного недвижимого имущества ,ПАВЛОДАРСКАЯ ОБЛАСТЬ,АКТОГАЙСКИЙ РАЙОН
543091,Покупка и продажа многоквартирных и жилых домов (особняков),true,,590208000,883,284630000,920,85273000,846,1240460000,1031,960450000,994,357650000,957,5,Покупка и продажа собственного недвижимого имущества ,ПАВЛОДАРСКАЯ ОБЛАСТЬ,АКТОГАЙСКИЙ РАЙОН
448728,"Профессиональная, научная и техническая деятельность",false,,,,,,21269000,846,,,,,,,1,Всего,ПАВЛОДАРСКАЯ ОБЛАСТЬ,АКТОГАЙСКИЙ РАЙОН
448793,Ветеринарная деятельность,false,,,,,,21269000,846,,,,,,,2,"Профессиональная, научная и техническая деятельность",ПАВЛОДАРСКАЯ ОБЛАСТЬ,АКТОГАЙСКИЙ РАЙОН
448794,Ветеринарная деятельность,false,,,,,,21269000,846,,,,,,,3,Ветеринарная деятельность,ПАВЛОДАРСКАЯ ОБЛАСТЬ,АКТОГАЙСКИЙ РАЙОН
448795,Ветеринарная деятельность,false,,,,,,21269000,846,,,,,,,4,Ветеринарная деятельность,ПАВЛОДАРСКАЯ ОБЛАСТЬ,АКТОГАЙСКИЙ РАЙОН
448796,Ветеринарная деятельность,true,,,,,,21269000,846,,,,,,,5,Ветеринарная деятельность,ПАВЛОДАРСКАЯ ОБЛАСТЬ,АКТОГАЙСКИЙ РАЙОН
448797,Деятельность в области административного и вспомогательного обслуживания,false,,,,,,2975000,846,,,,,,,1,Всего,ПАВЛОДАРСКАЯ ОБЛАСТЬ,АКТОГАЙСКИЙ РАЙОН
448856,Деятельность по обслуживанию зданий и благоустройству территорий,false,,,,,,2975000,846,,,,,,,2,Деятельность в области административного и вспомогательного обслуживания,ПАВЛОДАРСКАЯ ОБЛАСТЬ,АКТОГАЙСКИЙ РАЙОН
448867,Деятельность по благоустройству территорий,false,,,,,,2975000,846,,,,,,,3,Деятельность по обслуживанию зданий и благоустройству территорий,ПАВЛОДАРСКАЯ ОБЛАСТЬ,АКТОГАЙСКИЙ РАЙОН
448868,Деятельность по благоустройству территорий,false,,,,,,2975000,846,,,,,,,4,Деятельность по благоустройству территорий,ПАВЛОДАРСКАЯ ОБЛАСТЬ,АКТОГАЙСКИЙ РАЙОН
448869,Деятельность по благоустройству территорий,true,,,,,,2975000,846,,,,,,,5,Деятельность по благоустройству территорий,ПАВЛОДАРСКАЯ ОБЛАСТЬ,АКТОГАЙСКИЙ РАЙОН
448889,Государственное управление и оборона; обязательное  социальное обеспечение,false,,6128000,883,3522000,920,37443000,846,2011000,1031,5323000,994,1291000,957,1,Всего,ПАВЛОДАРСКАЯ ОБЛАСТЬ,АКТОГАЙСКИЙ РАЙОН
448890,Государственное управление и оборона; обязательное социальное обеспечение,false,,6128000,883,3522000,920,37443000,846,2011000,1031,5323000,994,1291000,957,2,Государственное управление и оборона; обязательное  социальное обеспечение,ПАВЛОДАРСКАЯ ОБЛАСТЬ,АКТОГАЙСКИЙ РАЙОН
448891,Государственное управление общего характера и управление социально-экономическое политикой общества,false,,6128000,883,3522000,920,2051000,846,2011000,1031,5323000,994,1291000,957,3,Государственное управление и оборона; обязательное социальное обеспечение,ПАВЛОДАРСКАЯ ОБЛАСТЬ,АКТОГАЙСКИЙ РАЙОН
448892,Государственное управление общего характера,false,,4308000,883,3287000,920,1255000,846,1630000,1031,5323000,994,1291000,957,4,Государственное управление общего характера и управление социально-экономическое политикой общества,ПАВЛОДАРСКАЯ ОБЛАСТЬ,АКТОГАЙСКИЙ РАЙОН
448895,Деятельность местных органов управления,true,,2030000,883,2184000,920,298000,846,1147000,1031,4249000,994,793000,957,5,Государственное управление общего характера,ПАВЛОДАРСКАЯ ОБЛАСТЬ,АКТОГАЙСКИЙ РАЙОН
448896,Деятельность сельских и поселковых органов управления,true,,2278000,883,1103000,920,957000,846,483000,1031,1074000,994,498000,957,5,Государственное управление общего характера,ПАВЛОДАРСКАЯ ОБЛАСТЬ,АКТОГАЙСКИЙ РАЙОН
448900,"Регулирование деятельности учреждений здравоохранения, образования, культуры и других социальных услуг, кроме социального обеспечения ",false,,1820000,883,235000,920,796000,846,381000,1031,,,,,4,Государственное управление общего характера и управление социально-экономическое политикой общества,ПАВЛОДАРСКАЯ ОБЛАСТЬ,АКТОГАЙСКИЙ РАЙОН
448901,"Регулирование деятельности учреждений здравоохранения, образования, культуры и других социальных услуг, кроме социального обеспечения ",true,,1820000,883,235000,920,796000,846,381000,1031,,,,,5,"Регулирование деятельности учреждений здравоохранения, образования, культуры и других социальных услуг, кроме социального обеспечения ",ПАВЛОДАРСКАЯ ОБЛАСТЬ,АКТОГАЙСКИЙ РАЙОН
448904,Предоставление государством услуг обществу в целом,false,,,,,,35392000,846,,,,,,,3,Государственное управление и оборона; обязательное социальное обеспечение,ПАВЛОДАРСКАЯ ОБЛАСТЬ,АКТОГАЙСКИЙ РАЙОН
448913,Деятельность по обеспечению безопасности в чрезвычайных ситуациях,false,,,,,,35392000,846,,,,,,,4,Предоставление государством услуг обществу в целом,ПАВЛОДАРСКАЯ ОБЛАСТЬ,АКТОГАЙСКИЙ РАЙОН
448914,Деятельность по обеспечению безопасности в чрезвычайных ситуациях,true,,,,,,35392000,846,,,,,,,5,Деятельность по обеспечению безопасности в чрезвычайных ситуациях,ПАВЛОДАРСКАЯ ОБЛАСТЬ,АКТОГАЙСКИЙ РАЙОН
448918,Образование,false,,83783000,883,180777000,920,43007000,846,386663000,1031,6454000,994,196026000,957,1,Всего,ПАВЛОДАРСКАЯ ОБЛАСТЬ,АКТОГАЙСКИЙ РАЙОН
448919,Образование,false,,83783000,883,180777000,920,43007000,846,386663000,1031,6454000,994,196026000,957,2,Образование,ПАВЛОДАРСКАЯ ОБЛАСТЬ,АКТОГАЙСКИЙ РАЙОН
448920,Дошкольное образование,false,,,,,,,,220410000,1031,,,,,3,Образование,ПАВЛОДАРСКАЯ ОБЛАСТЬ,АКТОГАЙСКИЙ РАЙОН
448921,Дошкольное образование,false,,,,,,,,220410000,1031,,,,,4,Дошкольное образование,ПАВЛОДАРСКАЯ ОБЛАСТЬ,АКТОГАЙСКИЙ РАЙОН
448922,Дошкольное образование,true,,,,,,,,220410000,1031,,,,,5,Дошкольное образование,ПАВЛОДАРСКАЯ ОБЛАСТЬ,АКТОГАЙСКИЙ РАЙОН
448923,Начальное образование (1-й уровень),false,,20808000,883,,,,,,,,,,,3,Образование,ПАВЛОДАРСКАЯ ОБЛАСТЬ,АКТОГАЙСКИЙ РАЙОН
448924,Начальное образование (1-й уровень),false,,20808000,883,,,,,,,,,,,4,Начальное образование (1-й уровень),ПАВЛОДАРСКАЯ ОБЛАСТЬ,АКТОГАЙСКИЙ РАЙОН
448925,Начальное образование (1-й уровень),true,,20808000,883,,,,,,,,,,,5,Начальное образование (1-й уровень),ПАВЛОДАРСКАЯ ОБЛАСТЬ,АКТОГАЙСКИЙ РАЙОН
448926,Среднее образование (2-й и 3-й уровни),false,,62975000,883,180777000,920,43007000,846,166253000,1031,6454000,994,196026000,957,3,Образование,ПАВЛОДАРСКАЯ ОБЛАСТЬ,АКТОГАЙСКИЙ РАЙОН
448927,Основное и общее среднее образование,false,,62975000,883,180777000,920,43007000,846,166253000,1031,6454000,994,196026000,957,4,Среднее образование (2-й и 3-й уровни),ПАВЛОДАРСКАЯ ОБЛАСТЬ,АКТОГАЙСКИЙ РАЙОН
448928,Основное и общее среднее образование,true,,62975000,883,180777000,920,43007000,846,166253000,1031,6454000,994,196026000,957,5,Основное и общее среднее образование,ПАВЛОДАРСКАЯ ОБЛАСТЬ,АКТОГАЙСКИЙ РАЙОН
448950,Здравоохранение и социальное обслуживание населения,false,,x,883,,,x,846,248741000,1031,192567000,994,55279000,957,1,Всего,ПАВЛОДАРСКАЯ ОБЛАСТЬ,АКТОГАЙСКИЙ РАЙОН
448951,Деятельность в области здравоохранения,false,,x,883,,,x,846,248741000,1031,192567000,994,55279000,957,2,Здравоохранение и социальное обслуживание населения,ПАВЛОДАРСКАЯ ОБЛАСТЬ,АКТОГАЙСКИЙ РАЙОН
448952,Деятельность больничных организаций,false,,x,883,,,x,846,71018000,1031,189010000,994,55279000,957,3,Деятельность в области здравоохранения,ПАВЛОДАРСКАЯ ОБЛАСТЬ,АКТОГАЙСКИЙ РАЙОН
448953,Деятельность больничных организаций,false,,x,883,,,x,846,71018000,1031,189010000,994,55279000,957,4,Деятельность больничных организаций,ПАВЛОДАРСКАЯ ОБЛАСТЬ,АКТОГАЙСКИЙ РАЙОН
448954,Деятельность больниц широкого профиля и специализированных больниц,true,,x,883,,,x,846,71018000,1031,189010000,994,55279000,957,5,Деятельность больничных организаций,ПАВЛОДАРСКАЯ ОБЛАСТЬ,АКТОГАЙСКИЙ РАЙОН
448959,Деятельность в области врачебной практики и стоматологии,false,,,,,,,,177723000,1031,3557000,994,,,3,Деятельность в области здравоохранения,ПАВЛОДАРСКАЯ ОБЛАСТЬ,АКТОГАЙСКИЙ РАЙОН
448960,Общая врачебная практика,false,,,,,,,,177723000,1031,3557000,994,,,4,Деятельность в области врачебной практики и стоматологии,ПАВЛОДАРСКАЯ ОБЛАСТЬ,АКТОГАЙСКИЙ РАЙОН
448961,Общая врачебная практика,true,,,,,,,,177723000,1031,3557000,994,,,5,Общая врачебная практика,ПАВЛОДАРСКАЯ ОБЛАСТЬ,АКТОГАЙСКИЙ РАЙОН
448991,"Искусство, развлечения и отдых",false,,134663000,883,,,7288000,846,223524000,1031,409867000,994,192744000,957,1,Всего,ПАВЛОДАРСКАЯ ОБЛАСТЬ,АКТОГАЙСКИЙ РАЙОН
449004,"Деятельность библиотек, архивов, музеев и прочая деятельность в области культуры",false,,,,,,2541000,846,,,,,,,2,"Искусство, развлечения и отдых",ПАВЛОДАРСКАЯ ОБЛАСТЬ,АКТОГАЙСКИЙ РАЙОН
449005,"Деятельность библиотек, архивов, музеев и прочая деятельность в области культуры",false,,,,,,2541000,846,,,,,,,3,"Деятельность библиотек, архивов, музеев и прочая деятельность в области культуры",ПАВЛОДАРСКАЯ ОБЛАСТЬ,АКТОГАЙСКИЙ РАЙОН
449006,Деятельность библиотек и архивов,false,,,,,,2541000,846,,,,,,,4,"Деятельность библиотек, архивов, музеев и прочая деятельность в области культуры",ПАВЛОДАРСКАЯ ОБЛАСТЬ,АКТОГАЙСКИЙ РАЙОН
449008,"Библиотечная деятельность, включая деятельность читальных залов, лекториев, демонстрационных залов",true,,,,,,2541000,846,,,,,,,5,Деятельность библиотек и архивов,ПАВЛОДАРСКАЯ ОБЛАСТЬ,АКТОГАЙСКИЙ РАЙОН
449022,"Деятельность в области спорта, организации отдыха и развлечений",false,,134663000,883,,,4747000,846,223524000,1031,409867000,994,192744000,957,2,"Искусство, развлечения и отдых",ПАВЛОДАРСКАЯ ОБЛАСТЬ,АКТОГАЙСКИЙ РАЙОН
449023,Деятельность в области спорта,false,,134663000,883,,,,,113532000,1031,238353000,994,175347000,957,3,"Деятельность в области спорта, организации отдыха и развлечений",ПАВЛОДАРСКАЯ ОБЛАСТЬ,АКТОГАЙСКИЙ РАЙОН
449024,Эксплуатация спортивных сооружений,false,,134663000,883,,,,,113532000,1031,238353000,994,,,4,Деятельность в области спорта,ПАВЛОДАРСКАЯ ОБЛАСТЬ,АКТОГАЙСКИЙ РАЙОН
449025,Эксплуатация спортивных сооружений,true,,134663000,883,,,,,113532000,1031,238353000,994,,,5,Эксплуатация спортивных сооружений,ПАВЛОДАРСКАЯ ОБЛАСТЬ,АКТОГАЙСКИЙ РАЙОН
449030,Прочая деятельность в области спорта,false,,,,,,,,,,,,175347000,957,4,Деятельность в области спорта,ПАВЛОДАРСКАЯ ОБЛАСТЬ,АКТОГАЙСКИЙ РАЙОН
449031,Прочая деятельность в области спорта,true,,,,,,,,,,,,175347000,957,5,Прочая деятельность в области спорта,ПАВЛОДАРСКАЯ ОБЛАСТЬ,АКТОГАЙСКИЙ РАЙОН
449032,Деятельность по организации отдыха и развлечений,false,,,,,,4747000,846,109992000,1031,171514000,994,17397000,957,3,"Деятельность в области спорта, организации отдыха и развлечений",ПАВЛОДАРСКАЯ ОБЛАСТЬ,АКТОГАЙСКИЙ РАЙОН
449035,Прочая деятельность по организации отдыха и развлечений,false,,,,,,4747000,846,109992000,1031,171514000,994,17397000,957,4,Деятельность по организации отдыха и развлечений,ПАВЛОДАРСКАЯ ОБЛАСТЬ,АКТОГАЙСКИЙ РАЙОН
449039,Прочие виды деятельности по организации отдыха и развлечений,true,,,,,,4747000,846,109992000,1031,171514000,994,17397000,957,5,Прочая деятельность по организации отдыха и развлечений,ПАВЛОДАРСКАЯ ОБЛАСТЬ,АКТОГАЙСКИЙ РАЙОН
741340,Промышленность,false,,1402300000,883,1858232000,920,2062518000,846,1374376000,1031,3483068000,994,514127000,957,1,Всего,ПАВЛОДАРСКАЯ ОБЛАСТЬ,АКТОГАЙСКИЙ РАЙОН
447279,Горнодобывающая промышленность и разработка карьеров,false,,x,883,x,920,x,846,37558000,1031,42416000,994,x,957,2,Промышленность,ПАВЛОДАРСКАЯ ОБЛАСТЬ,АКТОГАЙСКИЙ РАЙОН
447316,Добыча прочих полезных ископаемых,false,,x,883,x,920,x,846,37558000,1031,42416000,994,x,957,3,Горнодобывающая промышленность и разработка карьеров,ПАВЛОДАРСКАЯ ОБЛАСТЬ,АКТОГАЙСКИЙ РАЙОН
447325,"Добыча полезных ископаемых, не включенных в другие группировки",false,,x,883,x,920,x,846,37558000,1031,42416000,994,x,957,4,Добыча прочих полезных ископаемых,ПАВЛОДАРСКАЯ ОБЛАСТЬ,АКТОГАЙСКИЙ РАЙОН
447330,Добыча соли,false,,x,883,x,920,x,846,37558000,1031,42416000,994,x,957,5,"Добыча полезных ископаемых, не включенных в другие группировки",ПАВЛОДАРСКАЯ ОБЛАСТЬ,АКТОГАЙСКИЙ РАЙОН
447346,Обрабатывающая промышленность,false,,x,883,,,,,,,,,,,2,Промышленность,ПАВЛОДАРСКАЯ ОБЛАСТЬ,АКТОГАЙСКИЙ РАЙОН
447347,Производство продуктов питания,false,,x,883,,,,,,,,,,,3,Обрабатывающая промышленность,ПАВЛОДАРСКАЯ ОБЛАСТЬ,АКТОГАЙСКИЙ РАЙОН
447384,"Производство  хлебобулочных, макаронных и мучных кондитерских изделий",false,,x,883,,,,,,,,,,,4,Производство продуктов питания,ПАВЛОДАРСКАЯ ОБЛАСТЬ,АКТОГАЙСКИЙ РАЙОН
447385,Производство хлебобулочных и мучных кондитерских изделий недлительного хранения,false,,x,883,,,,,,,,,,,5,"Производство  хлебобулочных, макаронных и мучных кондитерских изделий",ПАВЛОДАРСКАЯ ОБЛАСТЬ,АКТОГАЙСКИЙ РАЙОН
448090,"Снабжение электроэнергией, газом, паром, горячей водой и кондиционированным воздухом",false,,96020000,883,x,920,134447000,846,103360000,1031,216359000,994,x,957,2,Промышленность,ПАВЛОДАРСКАЯ ОБЛАСТЬ,АКТОГАЙСКИЙ РАЙОН
448091,"Снабжение электроэнергией, газом, паром, горячей водой и кондиционированным воздухом",false,,96020000,883,x,920,134447000,846,103360000,1031,216359000,994,x,957,3,"Снабжение электроэнергией, газом, паром, горячей водой и кондиционированным воздухом",ПАВЛОДАРСКАЯ ОБЛАСТЬ,АКТОГАЙСКИЙ РАЙОН
448092,"Производство, передача и распределение электроэнергии",false,,96020000,883,x,920,134447000,846,x,1031,211293000,994,x,957,4,"Снабжение электроэнергией, газом, паром, горячей водой и кондиционированным воздухом",ПАВЛОДАРСКАЯ ОБЛАСТЬ,АКТОГАЙСКИЙ РАЙОН
448093,Производство электроэнергии,false,,,,,,117800000,846,,,,,,,5,"Производство, передача и распределение электроэнергии",ПАВЛОДАРСКАЯ ОБЛАСТЬ,АКТОГАЙСКИЙ РАЙОН
448098,Передача электроэнергии,false,,x,883,x,920,x,846,x,1031,x,994,x,957,5,"Производство, передача и распределение электроэнергии",ПАВЛОДАРСКАЯ ОБЛАСТЬ,АКТОГАЙСКИЙ РАЙОН
448100,Распределение электроэнергии,false,,51373000,883,,,9844000,846,,,145619000,994,,,5,"Производство, передача и распределение электроэнергии",ПАВЛОДАРСКАЯ ОБЛАСТЬ,АКТОГАЙСКИЙ РАЙОН
448111,"Снабжение паром, горячей водой и кондиционированным воздухом",false,,,,,,,,x,1031,x,994,,,4,"Снабжение электроэнергией, газом, паром, горячей водой и кондиционированным воздухом",ПАВЛОДАРСКАЯ ОБЛАСТЬ,АКТОГАЙСКИЙ РАЙОН
448112,"Снабжение паром, горячей водой и кондиционированным воздухом",false,,,,,,,,x,1031,x,994,,,5,"Снабжение паром, горячей водой и кондиционированным воздухом",ПАВЛОДАРСКАЯ ОБЛАСТЬ,АКТОГАЙСКИЙ РАЙОН
448117,"Водоснабжение; сбор, обработка и удаление отходов, деятельность по ликвидации загрязнений",false,,1248523000,883,1857013000,920,1927280000,846,1233458000,1031,3224293000,994,465550000,957,2,Промышленность,ПАВЛОДАРСКАЯ ОБЛАСТЬ,АКТОГАЙСКИЙ РАЙОН
448118,"Сбор, обработка и распределение воды",false,,1248523000,883,1857013000,920,1927280000,846,1233458000,1031,3224293000,994,465550000,957,3,"Водоснабжение; сбор, обработка и удаление отходов, деятельность по ликвидации загрязнений",ПАВЛОДАРСКАЯ ОБЛАСТЬ,АКТОГАЙСКИЙ РАЙОН
448119,"Сбор, обработка и распределение воды",false,,1248523000,883,1857013000,920,1927280000,846,1233458000,1031,3224293000,994,465550000,957,4,"Сбор, обработка и распределение воды",ПАВЛОДАРСКАЯ ОБЛАСТЬ,АКТОГАЙСКИЙ РАЙОН
448120,"Сбор, обработка и распределение воды",false,,1248523000,883,1857013000,920,1927280000,846,1233458000,1031,3224293000,994,465550000,957,5,"Сбор, обработка и распределение воды",ПАВЛОДАРСКАЯ ОБЛАСТЬ,АКТОГАЙСКИЙ РАЙОН
741885,Всего,false,,11150055000,883,10874198000,920,8770923000,846,20644419000,1031,19772677000,994,11997666000,957,0,,ПАВЛОДАРСКАЯ ОБЛАСТЬ,БАЯНАУЛЬСКИЙ РАЙОН
447173,"Сельское, лесное и рыбное хозяйство",false,,2978922000,883,3384727000,920,1128637000,846,1840082000,1031,5709714000,994,5535757000,957,1,Всего,ПАВЛОДАРСКАЯ ОБЛАСТЬ,БАЯНАУЛЬСКИЙ РАЙОН
447174,"Растениеводство и животноводство, охота и предоставление услуг в этих областях",false,,2978922000,883,3384727000,920,1128637000,846,1840082000,1031,5709714000,994,5535757000,957,2,"Сельское, лесное и рыбное хозяйство",ПАВЛОДАРСКАЯ ОБЛАСТЬ,БАЯНАУЛЬСКИЙ РАЙОН
447175,Выращивание одно- или двухлетних культур,false,,20000000,883,10000000,920,173926000,846,101531000,1031,20800000,994,1086842000,957,3,"Растениеводство и животноводство, охота и предоставление услуг в этих областях",ПАВЛОДАРСКАЯ ОБЛАСТЬ,БАЯНАУЛЬСКИЙ РАЙОН
447176,"Выращивание зерновых (кроме риса), бобовых и масличных культур",false,,,,,,,,97731000,1031,20800000,994,1086842000,957,4,Выращивание одно- или двухлетних культур,ПАВЛОДАРСКАЯ ОБЛАСТЬ,БАЯНАУЛЬСКИЙ РАЙОН
3783380,"Выращивание зерновых и зернобобовых культур, включая семеноводство",true,,,,,,,,97731000,1031,20800000,994,1086842000,957,5,"Выращивание зерновых (кроме риса), бобовых и масличных культур",ПАВЛОДАРСКАЯ ОБЛАСТЬ,БАЯНАУЛЬСКИЙ РАЙОН
447192,Выращивание прочих одно- или двухлетних культур,false,,20000000,883,10000000,920,173926000,846,3800000,1031,,,,,4,Выращивание одно- или двухлетних культур,ПАВЛОДАРСКАЯ ОБЛАСТЬ,БАЯНАУЛЬСКИЙ РАЙОН
447193,Выращивание кормовых культур и их семян,true,,20000000,883,10000000,920,160185000,846,3800000,1031,,,,,5,Выращивание прочих одно- или двухлетних культур,ПАВЛОДАРСКАЯ ОБЛАСТЬ,БАЯНАУЛЬСКИЙ РАЙОН
447194,"Выращивание цветов, семеноводство цветочных культур",true,,,,,,6250000,846,,,,,,,5,Выращивание прочих одно- или двухлетних культур,ПАВЛОДАРСКАЯ ОБЛАСТЬ,БАЯНАУЛЬСКИЙ РАЙОН
447195,"Выращивание прочих одно- или двухлетних культур, не включенных в другие группировки",true,,,,,,7491000,846,,,,,,,5,Выращивание прочих одно- или двухлетних культур,ПАВЛОДАРСКАЯ ОБЛАСТЬ,БАЯНАУЛЬСКИЙ РАЙОН
447218,Животноводство,false,,2958922000,883,3351352000,920,954711000,846,1738551000,1031,5668852000,994,4448915000,957,3,"Растениеводство и животноводство, охота и предоставление услуг в этих областях",ПАВЛОДАРСКАЯ ОБЛАСТЬ,БАЯНАУЛЬСКИЙ РАЙОН
447219,Разведение крупного рогатого скота молочного направления,false,,24074000,883,821922000,920,,,421529000,1031,1297880000,994,1287351000,957,4,Животноводство,ПАВЛОДАРСКАЯ ОБЛАСТЬ,БАЯНАУЛЬСКИЙ РАЙОН
447220,Разведение крупного рогатого скота молочного направления,true,,24074000,883,821922000,920,,,421529000,1031,1297880000,994,1287351000,957,5,Разведение крупного рогатого скота молочного направления,ПАВЛОДАРСКАЯ ОБЛАСТЬ,БАЯНАУЛЬСКИЙ РАЙОН
447221,Разведение прочего крупного рогатого скота и буйволов,false,,2596461000,883,1620733000,920,954711000,846,393475000,1031,506255000,994,2022673000,957,4,Животноводство,ПАВЛОДАРСКАЯ ОБЛАСТЬ,БАЯНАУЛЬСКИЙ РАЙОН
447222,Разведение прочего крупного рогатого скота и буйволов,true,,2596461000,883,1620733000,920,954711000,846,393475000,1031,506255000,994,2022673000,957,5,Разведение прочего крупного рогатого скота и буйволов,ПАВЛОДАРСКАЯ ОБЛАСТЬ,БАЯНАУЛЬСКИЙ РАЙОН
447223,Разведение лошадей и прочих животных семейства лошадиных,false,,35286000,883,674214000,920,,,826600000,1031,3521753000,994,888108000,957,4,Животноводство,ПАВЛОДАРСКАЯ ОБЛАСТЬ,БАЯНАУЛЬСКИЙ РАЙОН
447224,Разведение лошадей,true,,35286000,883,674214000,920,,,826600000,1031,3521753000,994,888108000,957,5,Разведение лошадей и прочих животных семейства лошадиных,ПАВЛОДАРСКАЯ ОБЛАСТЬ,БАЯНАУЛЬСКИЙ РАЙОН
447228,Разведение овец и коз,false,,303101000,883,224615000,920,,,96947000,1031,342964000,994,250783000,957,4,Животноводство,ПАВЛОДАРСКАЯ ОБЛАСТЬ,БАЯНАУЛЬСКИЙ РАЙОН
447229,Разведение овец и коз,true,,303101000,883,224615000,920,,,96947000,1031,342964000,994,250783000,957,5,Разведение овец и коз,ПАВЛОДАРСКАЯ ОБЛАСТЬ,БАЯНАУЛЬСКИЙ РАЙОН
447237,Разведение прочих видов животных,false,,,,9868000,920,,,,,,,,,4,Животноводство,ПАВЛОДАРСКАЯ ОБЛАСТЬ,БАЯНАУЛЬСКИЙ РАЙОН
447238,Разведение прочих видов животных,true,,,,9868000,920,,,,,,,,,5,Разведение прочих видов животных,ПАВЛОДАРСКАЯ ОБЛАСТЬ,БАЯНАУЛЬСКИЙ РАЙОН
447239,Смешанное сельское хозяйство,false,,,,23375000,920,,,,,20062000,994,,,3,"Растениеводство и животноводство, охота и предоставление услуг в этих областях",ПАВЛОДАРСКАЯ ОБЛАСТЬ,БАЯНАУЛЬСКИЙ РАЙОН
447240,Смешанное сельское хозяйство,false,,,,23375000,920,,,,,20062000,994,,,4,Смешанное сельское хозяйство,ПАВЛОДАРСКАЯ ОБЛАСТЬ,БАЯНАУЛЬСКИЙ РАЙОН
447241,Смешанное сельское хозяйство,true,,,,23375000,920,,,,,20062000,994,,,5,Смешанное сельское хозяйство,ПАВЛОДАРСКАЯ ОБЛАСТЬ,БАЯНАУЛЬСКИЙ РАЙОН
448215,Оптовая и розничная торговля; ремонт автомобилей и мотоциклов,false,,678000,883,,,x,846,252194000,1031,,,,,1,Всего,ПАВЛОДАРСКАЯ ОБЛАСТЬ,БАЯНАУЛЬСКИЙ РАЙОН
448237,"Оптовая торговля, за исключением торговли автомобилями и мотоциклами",false,,,,,,x,846,,,,,,,2,Оптовая и розничная торговля; ремонт автомобилей и мотоциклов,ПАВЛОДАРСКАЯ ОБЛАСТЬ,БАЯНАУЛЬСКИЙ РАЙОН
448371,Неспециализированная оптовая торговля,false,,,,,,x,846,,,,,,,3,"Оптовая торговля, за исключением торговли автомобилями и мотоциклами",ПАВЛОДАРСКАЯ ОБЛАСТЬ,БАЯНАУЛЬСКИЙ РАЙОН
448372,Неспециализированная оптовая торговля,false,,,,,,x,846,,,,,,,4,Неспециализированная оптовая торговля,ПАВЛОДАРСКАЯ ОБЛАСТЬ,БАЯНАУЛЬСКИЙ РАЙОН
448376,Оптовая торговля широким ассортиментом товаров без какой-либо конкретизации,true,,,,,,x,846,,,,,,,5,Неспециализированная оптовая торговля,ПАВЛОДАРСКАЯ ОБЛАСТЬ,БАЯНАУЛЬСКИЙ РАЙОН
448377,"Розничная торговля, кроме торговли автомобилями и мотоциклами",false,,678000,883,,,,,252194000,1031,,,,,2,Оптовая и розничная торговля; ремонт автомобилей и мотоциклов,ПАВЛОДАРСКАЯ ОБЛАСТЬ,БАЯНАУЛЬСКИЙ РАЙОН
448399,Розничная торговля топливом в специализированных магазинах,false,,,,,,,,252194000,1031,,,,,3,"Розничная торговля, кроме торговли автомобилями и мотоциклами",ПАВЛОДАРСКАЯ ОБЛАСТЬ,БАЯНАУЛЬСКИЙ РАЙОН
448400,Розничная торговля топливом в специализированных магазинах,false,,,,,,,,252194000,1031,,,,,4,Розничная торговля топливом в специализированных магазинах,ПАВЛОДАРСКАЯ ОБЛАСТЬ,БАЯНАУЛЬСКИЙ РАЙОН
20576126,"Розничная торговля моторным топливом в специализированных магазинах, находящихся на придорожной полосе",true,,,,,,,,252194000,1031,,,,,5,Розничная торговля топливом в специализированных магазинах,ПАВЛОДАРСКАЯ ОБЛАСТЬ,БАЯНАУЛЬСКИЙ РАЙОН
448433,Розничная торговля прочими товарами в специализированных магазинах,false,,678000,883,,,,,,,,,,,3,"Розничная торговля, кроме торговли автомобилями и мотоциклами",ПАВЛОДАРСКАЯ ОБЛАСТЬ,БАЯНАУЛЬСКИЙ РАЙОН
448440,Розничная торговля фармацевтическими товарами в специализированных магазинах,false,,678000,883,,,,,,,,,,,4,Розничная торговля прочими товарами в специализированных магазинах,ПАВЛОДАРСКАЯ ОБЛАСТЬ,БАЯНАУЛЬСКИЙ РАЙОН
3647981,"Розничная торговля фармацевтическими товарами в специализированных магазинах, являющихся торговыми объектами, с торговой площадью менее 2000 кв.м",true,,678000,883,,,,,,,,,,,5,Розничная торговля фармацевтическими товарами в специализированных магазинах,ПАВЛОДАРСКАЯ ОБЛАСТЬ,БАЯНАУЛЬСКИЙ РАЙОН
448475,Транспорт и складирование,false,,544201000,883,662153000,920,449639000,846,8385573000,1031,1721576000,994,409368000,957,1,Всего,ПАВЛОДАРСКАЯ ОБЛАСТЬ,БАЯНАУЛЬСКИЙ РАЙОН
448527,Складирование грузов и вспомогательная транспортная деятельность,false,,544201000,883,662153000,920,449639000,846,8385573000,1031,1721576000,994,409368000,957,2,Транспорт и складирование,ПАВЛОДАРСКАЯ ОБЛАСТЬ,БАЯНАУЛЬСКИЙ РАЙОН
448528,Складирование и хранение грузов,false,,,,x,920,x,846,,,,,x,957,3,Складирование грузов и вспомогательная транспортная деятельность,ПАВЛОДАРСКАЯ ОБЛАСТЬ,БАЯНАУЛЬСКИЙ РАЙОН
448529,Складирование и хранение грузов,false,,,,x,920,x,846,,,,,x,957,4,Складирование и хранение грузов,ПАВЛОДАРСКАЯ ОБЛАСТЬ,БАЯНАУЛЬСКИЙ РАЙОН
448531,"Складирование и хранение непродовольственных товаров, кроме зерна и нефти",true,,,,x,920,x,846,,,,,x,957,5,Складирование и хранение грузов,ПАВЛОДАРСКАЯ ОБЛАСТЬ,БАЯНАУЛЬСКИЙ РАЙОН
448533,Вспомогательная транспортная деятельность,false,,544201000,883,644310000,920,429973000,846,8385573000,1031,1721576000,994,358632000,957,3,Складирование грузов и вспомогательная транспортная деятельность,ПАВЛОДАРСКАЯ ОБЛАСТЬ,БАЯНАУЛЬСКИЙ РАЙОН
448534,Вспомогательная деятельность сухопутного транспорта,false,,544201000,883,644310000,920,90731000,846,8385573000,1031,1721576000,994,358632000,957,4,Вспомогательная транспортная деятельность,ПАВЛОДАРСКАЯ ОБЛАСТЬ,БАЯНАУЛЬСКИЙ РАЙОН
448535,Эксплуатация железных дорог,true,,x,883,,,48829000,846,3658000,1031,23648000,994,61323000,957,5,Вспомогательная деятельность сухопутного транспорта,ПАВЛОДАРСКАЯ ОБЛАСТЬ,БАЯНАУЛЬСКИЙ РАЙОН
448536,Эксплуатация автомобильных дорог,true,,37142000,883,620386000,920,41902000,846,8381915000,1031,1697928000,994,297309000,957,5,Вспомогательная деятельность сухопутного транспорта,ПАВЛОДАРСКАЯ ОБЛАСТЬ,БАЯНАУЛЬСКИЙ РАЙОН
448538,Деятельность автомобильных стоянок,true,,,,23924000,920,,,,,,,,,5,Вспомогательная деятельность сухопутного транспорта,ПАВЛОДАРСКАЯ ОБЛАСТЬ,БАЯНАУЛЬСКИЙ РАЙОН
448542,Вспомогательная деятельность воздушного транспорта,false,,,,,,339242000,846,,,,,,,4,Вспомогательная транспортная деятельность,ПАВЛОДАРСКАЯ ОБЛАСТЬ,БАЯНАУЛЬСКИЙ РАЙОН
19197186,Деятельность аэропортов,true,,,,,,339242000,846,,,,,,,5,Вспомогательная деятельность воздушного транспорта,ПАВЛОДАРСКАЯ ОБЛАСТЬ,БАЯНАУЛЬСКИЙ РАЙОН
448558,Предоставление услуг по проживанию и питанию,false,,458941000,883,572884000,920,286922000,846,548524000,1031,736563000,994,138809000,957,1,Всего,ПАВЛОДАРСКАЯ ОБЛАСТЬ,БАЯНАУЛЬСКИЙ РАЙОН
3783427,Предоставление услуг по временному проживанию,false,,413941000,883,572884000,920,246922000,846,548524000,1031,736563000,994,138809000,957,2,Предоставление услуг по проживанию и питанию,ПАВЛОДАРСКАЯ ОБЛАСТЬ,БАЯНАУЛЬСКИЙ РАЙОН
3783428,Предоставление услуг гостиницами и аналогичными местами для проживания,false,,,,,,,,,,600000000,994,13000000,957,3,Предоставление услуг по временному проживанию,ПАВЛОДАРСКАЯ ОБЛАСТЬ,БАЯНАУЛЬСКИЙ РАЙОН
3783429,Предоставление услуг гостиницами и аналогичными местами для проживания,false,,,,,,,,,,600000000,994,13000000,957,4,Предоставление услуг гостиницами и аналогичными местами для проживания,ПАВЛОДАРСКАЯ ОБЛАСТЬ,БАЯНАУЛЬСКИЙ РАЙОН
3783430,"Предоставление услуг гостиницами с ресторанами, за исключением гостиниц, находящихся на придорожной полосе",true,,,,,,,,,,600000000,994,,,5,Предоставление услуг гостиницами и аналогичными местами для проживания,ПАВЛОДАРСКАЯ ОБЛАСТЬ,БАЯНАУЛЬСКИЙ РАЙОН
18946144,Предоставление гостиничных услуг с ресторанами для официальных мероприятий,true,,,,,,,,,,,,13000000,957,5,Предоставление услуг гостиницами и аналогичными местами для проживания,ПАВЛОДАРСКАЯ ОБЛАСТЬ,БАЯНАУЛЬСКИЙ РАЙОН
3783432,Предоставление жилья на выходные дни и прочие периоды краткосрочного проживания,false,,413941000,883,572884000,920,246922000,846,548524000,1031,136563000,994,125809000,957,3,Предоставление услуг по временному проживанию,ПАВЛОДАРСКАЯ ОБЛАСТЬ,БАЯНАУЛЬСКИЙ РАЙОН
3783433,Предоставление жилья на выходные дни и прочие периоды краткосрочного проживания,false,,413941000,883,572884000,920,246922000,846,548524000,1031,136563000,994,125809000,957,4,Предоставление жилья на выходные дни и прочие периоды краткосрочного проживания,ПАВЛОДАРСКАЯ ОБЛАСТЬ,БАЯНАУЛЬСКИЙ РАЙОН
3783434,Предоставление жилья на выходные дни и прочие периоды краткосрочного проживания,true,,413941000,883,572884000,920,246922000,846,548524000,1031,136563000,994,125809000,957,5,Предоставление жилья на выходные дни и прочие периоды краткосрочного проживания,ПАВЛОДАРСКАЯ ОБЛАСТЬ,БАЯНАУЛЬСКИЙ РАЙОН
448573,Предоставление услуг по обеспечению питанием и напитками,false,,45000000,883,,,x,846,,,,,,,2,Предоставление услуг по проживанию и питанию,ПАВЛОДАРСКАЯ ОБЛАСТЬ,БАЯНАУЛЬСКИЙ РАЙОН
448574,Деятельность ресторанов и предоставление услуг по доставке продуктов питания,false,,45000000,883,,,x,846,,,,,,,3,Предоставление услуг по обеспечению питанием и напитками,ПАВЛОДАРСКАЯ ОБЛАСТЬ,БАЯНАУЛЬСКИЙ РАЙОН
448575,Деятельность ресторанов и предоставление услуг по доставке продуктов питания,false,,45000000,883,,,x,846,,,,,,,4,Деятельность ресторанов и предоставление услуг по доставке продуктов питания,ПАВЛОДАРСКАЯ ОБЛАСТЬ,БАЯНАУЛЬСКИЙ РАЙОН
448576,Рестораны и услуги по доставке продуктов питания,true,,,,,,x,846,,,,,,,5,Деятельность ресторанов и предоставление услуг по доставке продуктов питания,ПАВЛОДАРСКАЯ ОБЛАСТЬ,БАЯНАУЛЬСКИЙ РАЙОН
20576362,"Деятельность ресторанов и предоставление услуг по доставке продуктов питания, за исключением деятельности объектов, находящихся на придорожной полосе",true,,45000000,883,,,,,,,,,,,5,Деятельность ресторанов и предоставление услуг по доставке продуктов питания,ПАВЛОДАРСКАЯ ОБЛАСТЬ,БАЯНАУЛЬСКИЙ РАЙОН
448585,Информация и связь,false,,,,x,920,,,17316000,1031,,,35045000,957,1,Всего,ПАВЛОДАРСКАЯ ОБЛАСТЬ,БАЯНАУЛЬСКИЙ РАЙОН
448623,Телекоммуникации,false,,,,x,920,,,17316000,1031,,,35045000,957,2,Информация и связь,ПАВЛОДАРСКАЯ ОБЛАСТЬ,БАЯНАУЛЬСКИЙ РАЙОН
18696628,Проводная телекоммуникационная связь,false,,,,x,920,,,,,,,,,3,Телекоммуникации,ПАВЛОДАРСКАЯ ОБЛАСТЬ,БАЯНАУЛЬСКИЙ РАЙОН
18696629,Проводная телекоммуникационная связь,false,,,,x,920,,,,,,,,,4,Проводная телекоммуникационная связь,ПАВЛОДАРСКАЯ ОБЛАСТЬ,БАЯНАУЛЬСКИЙ РАЙОН
18946146,Прочая проводная телекоммуникационная связь,true,,,,x,920,,,,,,,,,5,Проводная телекоммуникационная связь,ПАВЛОДАРСКАЯ ОБЛАСТЬ,БАЯНАУЛЬСКИЙ РАЙОН
448627,Беспроводная телекоммуникационная связь,false,,,,,,,,17316000,1031,,,35045000,957,3,Телекоммуникации,ПАВЛОДАРСКАЯ ОБЛАСТЬ,БАЯНАУЛЬСКИЙ РАЙОН
448628,Беспроводная телекоммуникационная связь,false,,,,,,,,17316000,1031,,,35045000,957,4,Беспроводная телекоммуникационная связь,ПАВЛОДАРСКАЯ ОБЛАСТЬ,БАЯНАУЛЬСКИЙ РАЙОН
18946147,Беспроводная телекоммуникационная связь посредством единой транспортной среды,true,,,,,,,,x,1031,,,35045000,957,5,Беспроводная телекоммуникационная связь,ПАВЛОДАРСКАЯ ОБЛАСТЬ,БАЯНАУЛЬСКИЙ РАЙОН
18946149,Прочая беспроводная телекоммуникационная связь,true,,,,,,,,x,1031,,,,,5,Беспроводная телекоммуникационная связь,ПАВЛОДАРСКАЯ ОБЛАСТЬ,БАЯНАУЛЬСКИЙ РАЙОН
448714,Операции с недвижимым имуществом,false,,492676000,883,517453000,920,295358000,846,872250000,1031,906221000,994,607383000,957,1,Всего,ПАВЛОДАРСКАЯ ОБЛАСТЬ,БАЯНАУЛЬСКИЙ РАЙОН
448715,Операции с недвижимым имуществом,false,,492676000,883,517453000,920,295358000,846,872250000,1031,906221000,994,607383000,957,2,Операции с недвижимым имуществом,ПАВЛОДАРСКАЯ ОБЛАСТЬ,БАЯНАУЛЬСКИЙ РАЙОН
448716,Покупка и продажа собственного недвижимого имущества ,false,,492676000,883,356063000,920,295358000,846,872250000,1031,836551000,994,530400000,957,3,Операции с недвижимым имуществом,ПАВЛОДАРСКАЯ ОБЛАСТЬ,БАЯНАУЛЬСКИЙ РАЙОН
448717,Покупка и продажа собственного недвижимого имущества ,false,,492676000,883,356063000,920,295358000,846,872250000,1031,836551000,994,530400000,957,4,Покупка и продажа собственного недвижимого имущества ,ПАВЛОДАРСКАЯ ОБЛАСТЬ,БАЯНАУЛЬСКИЙ РАЙОН
543091,Покупка и продажа многоквартирных и жилых домов (особняков),true,,492676000,883,356063000,920,295358000,846,872250000,1031,836551000,994,530400000,957,5,Покупка и продажа собственного недвижимого имущества ,ПАВЛОДАРСКАЯ ОБЛАСТЬ,БАЯНАУЛЬСКИЙ РАЙОН
448719,Аренда и управление собственной или арендуемой недвижимостью,false,,,,161390000,920,,,,,69670000,994,76983000,957,3,Операции с недвижимым имуществом,ПАВЛОДАРСКАЯ ОБЛАСТЬ,БАЯНАУЛЬСКИЙ РАЙОН
448720,Аренда и управление собственной или арендуемой недвижимостью,false,,,,161390000,920,,,,,69670000,994,76983000,957,4,Аренда и управление собственной или арендуемой недвижимостью,ПАВЛОДАРСКАЯ ОБЛАСТЬ,БАЯНАУЛЬСКИЙ РАЙОН
18946171,Аренда и управление собственной недвижимостью,true,,,,161390000,920,,,,,69670000,994,76983000,957,5,Аренда и управление собственной или арендуемой недвижимостью,ПАВЛОДАРСКАЯ ОБЛАСТЬ,БАЯНАУЛЬСКИЙ РАЙОН
448728,"Профессиональная, научная и техническая деятельность",false,,,,250500000,920,,,x,1031,,,,,1,Всего,ПАВЛОДАРСКАЯ ОБЛАСТЬ,БАЯНАУЛЬСКИЙ РАЙОН
448747,"Деятельность в области архитектуры, инженерных изысканий, технических испытаний и анализа",false,,,,,,,,x,1031,,,,,2,"Профессиональная, научная и техническая деятельность",ПАВЛОДАРСКАЯ ОБЛАСТЬ,БАЯНАУЛЬСКИЙ РАЙОН
448748,"Деятельность в области архитектуры, инженерных изысканий и предоставление технических консультаций в этих областях",false,,,,,,,,x,1031,,,,,3,"Деятельность в области архитектуры, инженерных изысканий, технических испытаний и анализа",ПАВЛОДАРСКАЯ ОБЛАСТЬ,БАЯНАУЛЬСКИЙ РАЙОН
448751,Деятельность в области инженерных изысканий и предоставление технических консультаций в этой области,false,,,,,,,,x,1031,,,,,4,"Деятельность в области архитектуры, инженерных изысканий и предоставление технических консультаций в этих областях",ПАВЛОДАРСКАЯ ОБЛАСТЬ,БАЯНАУЛЬСКИЙ РАЙОН
448753,Деятельность по проведению геологической разведки и изысканий (без научных исследований и разработок),true,,,,,,,,x,1031,,,,,5,Деятельность в области инженерных изысканий и предоставление технических консультаций в этой области,ПАВЛОДАРСКАЯ ОБЛАСТЬ,БАЯНАУЛЬСКИЙ РАЙОН
448793,Ветеринарная деятельность,false,,,,250500000,920,,,,,,,,,2,"Профессиональная, научная и техническая деятельность",ПАВЛОДАРСКАЯ ОБЛАСТЬ,БАЯНАУЛЬСКИЙ РАЙОН
448794,Ветеринарная деятельность,false,,,,250500000,920,,,,,,,,,3,Ветеринарная деятельность,ПАВЛОДАРСКАЯ ОБЛАСТЬ,БАЯНАУЛЬСКИЙ РАЙОН
448795,Ветеринарная деятельность,false,,,,250500000,920,,,,,,,,,4,Ветеринарная деятельность,ПАВЛОДАРСКАЯ ОБЛАСТЬ,БАЯНАУЛЬСКИЙ РАЙОН
448796,Ветеринарная деятельность,true,,,,250500000,920,,,,,,,,,5,Ветеринарная деятельность,ПАВЛОДАРСКАЯ ОБЛАСТЬ,БАЯНАУЛЬСКИЙ РАЙОН
448797,Деятельность в области административного и вспомогательного обслуживания,false,,,,136521000,920,19872000,846,8445000,1031,28450000,994,31070000,957,1,Всего,ПАВЛОДАРСКАЯ ОБЛАСТЬ,БАЯНАУЛЬСКИЙ РАЙОН
448846,Деятельность по обеспечению безопасности и проведению расследований,false,,,,2693000,920,x,846,,,1600000,994,,,2,Деятельность в области административного и вспомогательного обслуживания,ПАВЛОДАРСКАЯ ОБЛАСТЬ,БАЯНАУЛЬСКИЙ РАЙОН
448850,Деятельность в области систем обеспечения безопасности,false,,,,2693000,920,x,846,,,1600000,994,,,3,Деятельность по обеспечению безопасности и проведению расследований,ПАВЛОДАРСКАЯ ОБЛАСТЬ,БАЯНАУЛЬСКИЙ РАЙОН
448851,Деятельность в области систем обеспечения безопасности,false,,,,2693000,920,x,846,,,1600000,994,,,4,Деятельность в области систем обеспечения безопасности,ПАВЛОДАРСКАЯ ОБЛАСТЬ,БАЯНАУЛЬСКИЙ РАЙОН
448852,Деятельность в области систем обеспечения безопасности,true,,,,2693000,920,x,846,,,1600000,994,,,5,Деятельность в области систем обеспечения безопасности,ПАВЛОДАРСКАЯ ОБЛАСТЬ,БАЯНАУЛЬСКИЙ РАЙОН
448856,Деятельность по обслуживанию зданий и благоустройству территорий,false,,,,133828000,920,2481000,846,8445000,1031,26850000,994,31070000,957,2,Деятельность в области административного и вспомогательного обслуживания,ПАВЛОДАРСКАЯ ОБЛАСТЬ,БАЯНАУЛЬСКИЙ РАЙОН
448867,Деятельность по благоустройству территорий,false,,,,133828000,920,2481000,846,8445000,1031,26850000,994,31070000,957,3,Деятельность по обслуживанию зданий и благоустройству территорий,ПАВЛОДАРСКАЯ ОБЛАСТЬ,БАЯНАУЛЬСКИЙ РАЙОН
448868,Деятельность по благоустройству территорий,false,,,,133828000,920,2481000,846,8445000,1031,26850000,994,31070000,957,4,Деятельность по благоустройству территорий,ПАВЛОДАРСКАЯ ОБЛАСТЬ,БАЯНАУЛЬСКИЙ РАЙОН
448869,Деятельность по благоустройству территорий,true,,,,133828000,920,2481000,846,8445000,1031,26850000,994,31070000,957,5,Деятельность по благоустройству территорий,ПАВЛОДАРСКАЯ ОБЛАСТЬ,БАЯНАУЛЬСКИЙ РАЙОН
448889,Государственное управление и оборона; обязательное  социальное обеспечение,false,,19456000,883,17872000,920,1062000,846,29235000,1031,122777000,994,45698000,957,1,Всего,ПАВЛОДАРСКАЯ ОБЛАСТЬ,БАЯНАУЛЬСКИЙ РАЙОН
448890,Государственное управление и оборона; обязательное социальное обеспечение,false,,19456000,883,17872000,920,1062000,846,29235000,1031,122777000,994,45698000,957,2,Государственное управление и оборона; обязательное  социальное обеспечение,ПАВЛОДАРСКАЯ ОБЛАСТЬ,БАЯНАУЛЬСКИЙ РАЙОН
448891,Государственное управление общего характера и управление социально-экономическое политикой общества,false,,19456000,883,17032000,920,1062000,846,29235000,1031,122777000,994,45698000,957,3,Государственное управление и оборона; обязательное социальное обеспечение,ПАВЛОДАРСКАЯ ОБЛАСТЬ,БАЯНАУЛЬСКИЙ РАЙОН
448892,Государственное управление общего характера,false,,14545000,883,14246000,920,725000,846,29235000,1031,122777000,994,45698000,957,4,Государственное управление общего характера и управление социально-экономическое политикой общества,ПАВЛОДАРСКАЯ ОБЛАСТЬ,БАЯНАУЛЬСКИЙ РАЙОН
448893,Деятельность республиканских органов управления,true,,x,883,,,,,,,,,,,5,Государственное управление общего характера,ПАВЛОДАРСКАЯ ОБЛАСТЬ,БАЯНАУЛЬСКИЙ РАЙОН
448895,Деятельность местных органов управления,true,,1779000,883,3211000,920,725000,846,x,1031,83248000,994,25419000,957,5,Государственное управление общего характера,ПАВЛОДАРСКАЯ ОБЛАСТЬ,БАЯНАУЛЬСКИЙ РАЙОН
448896,Деятельность сельских и поселковых органов управления,true,,12133000,883,11035000,920,,,28608000,1031,39529000,994,20279000,957,5,Государственное управление общего характера,ПАВЛОДАРСКАЯ ОБЛАСТЬ,БАЯНАУЛЬСКИЙ РАЙОН
448900,"Регулирование деятельности учреждений здравоохранения, образования, культуры и других социальных услуг, кроме социального обеспечения ",false,,2460000,883,2786000,920,,,,,,,,,4,Государственное управление общего характера и управление социально-экономическое политикой общества,ПАВЛОДАРСКАЯ ОБЛАСТЬ,БАЯНАУЛЬСКИЙ РАЙОН
448901,"Регулирование деятельности учреждений здравоохранения, образования, культуры и других социальных услуг, кроме социального обеспечения ",true,,2460000,883,2786000,920,,,,,,,,,5,"Регулирование деятельности учреждений здравоохранения, образования, культуры и других социальных услуг, кроме социального обеспечения ",ПАВЛОДАРСКАЯ ОБЛАСТЬ,БАЯНАУЛЬСКИЙ РАЙОН
448902,Регулирование и содействие эффективному ведению экономической деятельности,false,,x,883,,,x,846,,,,,,,4,Государственное управление общего характера и управление социально-экономическое политикой общества,ПАВЛОДАРСКАЯ ОБЛАСТЬ,БАЯНАУЛЬСКИЙ РАЙОН
448903,Регулирование и содействие эффективному ведению экономической деятельности,true,,x,883,,,x,846,,,,,,,5,Регулирование и содействие эффективному ведению экономической деятельности,ПАВЛОДАРСКАЯ ОБЛАСТЬ,БАЯНАУЛЬСКИЙ РАЙОН
448904,Предоставление государством услуг обществу в целом,false,,,,840000,920,,,,,,,,,3,Государственное управление и оборона; обязательное социальное обеспечение,ПАВЛОДАРСКАЯ ОБЛАСТЬ,БАЯНАУЛЬСКИЙ РАЙОН
448907,Оборонная деятельность,false,,,,840000,920,,,,,,,,,4,Предоставление государством услуг обществу в целом,ПАВЛОДАРСКАЯ ОБЛАСТЬ,БАЯНАУЛЬСКИЙ РАЙОН
448908,Оборонная деятельность,true,,,,840000,920,,,,,,,,,5,Оборонная деятельность,ПАВЛОДАРСКАЯ ОБЛАСТЬ,БАЯНАУЛЬСКИЙ РАЙОН
448918,Образование,false,,104786000,883,230910000,920,69162000,846,1161212000,1031,497314000,994,238101000,957,1,Всего,ПАВЛОДАРСКАЯ ОБЛАСТЬ,БАЯНАУЛЬСКИЙ РАЙОН
448919,Образование,false,,104786000,883,230910000,920,69162000,846,1161212000,1031,497314000,994,238101000,957,2,Образование,ПАВЛОДАРСКАЯ ОБЛАСТЬ,БАЯНАУЛЬСКИЙ РАЙОН
448920,Дошкольное образование,false,,x,883,,,,,,,,,,,3,Образование,ПАВЛОДАРСКАЯ ОБЛАСТЬ,БАЯНАУЛЬСКИЙ РАЙОН
448921,Дошкольное образование,false,,x,883,,,,,,,,,,,4,Дошкольное образование,ПАВЛОДАРСКАЯ ОБЛАСТЬ,БАЯНАУЛЬСКИЙ РАЙОН
448922,Дошкольное образование,true,,x,883,,,,,,,,,,,5,Дошкольное образование,ПАВЛОДАРСКАЯ ОБЛАСТЬ,БАЯНАУЛЬСКИЙ РАЙОН
448926,Среднее образование (2-й и 3-й уровни),false,,104467000,883,230910000,920,69162000,846,1161212000,1031,497314000,994,238101000,957,3,Образование,ПАВЛОДАРСКАЯ ОБЛАСТЬ,БАЯНАУЛЬСКИЙ РАЙОН
448927,Основное и общее среднее образование,false,,104467000,883,230910000,920,69162000,846,1161212000,1031,497314000,994,238101000,957,4,Среднее образование (2-й и 3-й уровни),ПАВЛОДАРСКАЯ ОБЛАСТЬ,БАЯНАУЛЬСКИЙ РАЙОН
448928,Основное и общее среднее образование,true,,104467000,883,230910000,920,69162000,846,1161212000,1031,497314000,994,238101000,957,5,Основное и общее среднее образование,ПАВЛОДАРСКАЯ ОБЛАСТЬ,БАЯНАУЛЬСКИЙ РАЙОН
448950,Здравоохранение и социальное обслуживание населения,false,,140077000,883,120985000,920,132600000,846,328491000,1031,554526000,994,248024000,957,1,Всего,ПАВЛОДАРСКАЯ ОБЛАСТЬ,БАЯНАУЛЬСКИЙ РАЙОН
448951,Деятельность в области здравоохранения,false,,140077000,883,120985000,920,132600000,846,328491000,1031,554526000,994,248024000,957,2,Здравоохранение и социальное обслуживание населения,ПАВЛОДАРСКАЯ ОБЛАСТЬ,БАЯНАУЛЬСКИЙ РАЙОН
448952,Деятельность больничных организаций,false,,140077000,883,120985000,920,132600000,846,328491000,1031,554526000,994,248024000,957,3,Деятельность в области здравоохранения,ПАВЛОДАРСКАЯ ОБЛАСТЬ,БАЯНАУЛЬСКИЙ РАЙОН
448953,Деятельность больничных организаций,false,,140077000,883,120985000,920,132600000,846,328491000,1031,554526000,994,248024000,957,4,Деятельность больничных организаций,ПАВЛОДАРСКАЯ ОБЛАСТЬ,БАЯНАУЛЬСКИЙ РАЙОН
448954,Деятельность больниц широкого профиля и специализированных больниц,true,,140077000,883,120985000,920,132600000,846,328491000,1031,554526000,994,248024000,957,5,Деятельность больничных организаций,ПАВЛОДАРСКАЯ ОБЛАСТЬ,БАЯНАУЛЬСКИЙ РАЙОН
448991,"Искусство, развлечения и отдых",false,,195372000,883,44669000,920,92294000,846,2020975000,1031,570371000,994,386914000,957,1,Всего,ПАВЛОДАРСКАЯ ОБЛАСТЬ,БАЯНАУЛЬСКИЙ РАЙОН
449004,"Деятельность библиотек, архивов, музеев и прочая деятельность в области культуры",false,,,,35992000,920,2135000,846,136590000,1031,136369000,994,44056000,957,2,"Искусство, развлечения и отдых",ПАВЛОДАРСКАЯ ОБЛАСТЬ,БАЯНАУЛЬСКИЙ РАЙОН
449005,"Деятельность библиотек, архивов, музеев и прочая деятельность в области культуры",false,,,,35992000,920,2135000,846,136590000,1031,136369000,994,44056000,957,3,"Деятельность библиотек, архивов, музеев и прочая деятельность в области культуры",ПАВЛОДАРСКАЯ ОБЛАСТЬ,БАЯНАУЛЬСКИЙ РАЙОН
449006,Деятельность библиотек и архивов,false,,,,1492000,920,2135000,846,36050000,1031,,,6036000,957,4,"Деятельность библиотек, архивов, музеев и прочая деятельность в области культуры",ПАВЛОДАРСКАЯ ОБЛАСТЬ,БАЯНАУЛЬСКИЙ РАЙОН
449008,"Библиотечная деятельность, включая деятельность читальных залов, лекториев, демонстрационных залов",true,,,,1492000,920,2135000,846,36050000,1031,,,6036000,957,5,Деятельность библиотек и архивов,ПАВЛОДАРСКАЯ ОБЛАСТЬ,БАЯНАУЛЬСКИЙ РАЙОН
449015,"Деятельность ботанических садов, зоопарков и природных заповедников ",false,,,,x,920,,,x,1031,136369000,994,x,957,4,"Деятельность библиотек, архивов, музеев и прочая деятельность в области культуры",ПАВЛОДАРСКАЯ ОБЛАСТЬ,БАЯНАУЛЬСКИЙ РАЙОН
449017,"Деятельность природных заповедников, охрана дикой природы",true,,,,x,920,,,x,1031,136369000,994,x,957,5,"Деятельность ботанических садов, зоопарков и природных заповедников ",ПАВЛОДАРСКАЯ ОБЛАСТЬ,БАЯНАУЛЬСКИЙ РАЙОН
449022,"Деятельность в области спорта, организации отдыха и развлечений",false,,195372000,883,8677000,920,90159000,846,1884385000,1031,434002000,994,342858000,957,2,"Искусство, развлечения и отдых",ПАВЛОДАРСКАЯ ОБЛАСТЬ,БАЯНАУЛЬСКИЙ РАЙОН
449023,Деятельность в области спорта,false,,161241000,883,7077000,920,66268000,846,1596317000,1031,323758000,994,,,3,"Деятельность в области спорта, организации отдыха и развлечений",ПАВЛОДАРСКАЯ ОБЛАСТЬ,БАЯНАУЛЬСКИЙ РАЙОН
449024,Эксплуатация спортивных сооружений,false,,161241000,883,7077000,920,66268000,846,1596317000,1031,323758000,994,,,4,Деятельность в области спорта,ПАВЛОДАРСКАЯ ОБЛАСТЬ,БАЯНАУЛЬСКИЙ РАЙОН
449025,Эксплуатация спортивных сооружений,true,,161241000,883,7077000,920,66268000,846,1596317000,1031,323758000,994,,,5,Эксплуатация спортивных сооружений,ПАВЛОДАРСКАЯ ОБЛАСТЬ,БАЯНАУЛЬСКИЙ РАЙОН
449032,Деятельность по организации отдыха и развлечений,false,,34131000,883,1600000,920,23891000,846,288068000,1031,110244000,994,342858000,957,3,"Деятельность в области спорта, организации отдыха и развлечений",ПАВЛОДАРСКАЯ ОБЛАСТЬ,БАЯНАУЛЬСКИЙ РАЙОН
449035,Прочая деятельность по организации отдыха и развлечений,false,,34131000,883,1600000,920,23891000,846,288068000,1031,110244000,994,342858000,957,4,Деятельность по организации отдыха и развлечений,ПАВЛОДАРСКАЯ ОБЛАСТЬ,БАЯНАУЛЬСКИЙ РАЙОН
449039,Прочие виды деятельности по организации отдыха и развлечений,true,,34131000,883,1600000,920,23891000,846,288068000,1031,110244000,994,342858000,957,5,Прочая деятельность по организации отдыха и развлечений,ПАВЛОДАРСКАЯ ОБЛАСТЬ,БАЯНАУЛЬСКИЙ РАЙОН
449040,Предоставление прочих видов услуг,false,,,,13850000,920,,,,,,,,,1,Всего,ПАВЛОДАРСКАЯ ОБЛАСТЬ,БАЯНАУЛЬСКИЙ РАЙОН
449084,Предоставление прочих индивидуальных услуг,false,,,,13850000,920,,,,,,,,,2,Предоставление прочих видов услуг,ПАВЛОДАРСКАЯ ОБЛАСТЬ,БАЯНАУЛЬСКИЙ РАЙОН
449085,Предоставление прочих индивидуальных услуг,false,,,,13850000,920,,,,,,,,,3,Предоставление прочих индивидуальных услуг,ПАВЛОДАРСКАЯ ОБЛАСТЬ,БАЯНАУЛЬСКИЙ РАЙОН
449093,Деятельность по обеспечению физического комфорта,false,,,,13850000,920,,,,,,,,,4,Предоставление прочих индивидуальных услуг,ПАВЛОДАРСКАЯ ОБЛАСТЬ,БАЯНАУЛЬСКИЙ РАЙОН
449094,Деятельность по обеспечению физического комфорта,true,,,,13850000,920,,,,,,,,,5,Деятельность по обеспечению физического комфорта,ПАВЛОДАРСКАЯ ОБЛАСТЬ,БАЯНАУЛЬСКИЙ РАЙОН
741340,Промышленность,false,,6214946000,883,4914009000,920,6295271000,846,5170122000,1031,8925165000,994,4321497000,957,1,Всего,ПАВЛОДАРСКАЯ ОБЛАСТЬ,БАЯНАУЛЬСКИЙ РАЙОН
447279,Горнодобывающая промышленность и разработка карьеров,false,,3350811000,883,3906945000,920,2991187000,846,3424651000,1031,3225896000,994,2742427000,957,2,Промышленность,ПАВЛОДАРСКАЯ ОБЛАСТЬ,БАЯНАУЛЬСКИЙ РАЙОН
447280,Добыча угля ,false,,553635000,883,307491000,920,572418000,846,1071533000,1031,590956000,994,586869000,957,3,Горнодобывающая промышленность и разработка карьеров,ПАВЛОДАРСКАЯ ОБЛАСТЬ,БАЯНАУЛЬСКИЙ РАЙОН
447281,Добыча каменного угля,false,,,,,,x,846,,,,,,,4,Добыча угля ,ПАВЛОДАРСКАЯ ОБЛАСТЬ,БАЯНАУЛЬСКИЙ РАЙОН
447282,Добыча каменного угля,false,,,,,,x,846,,,,,,,5,Добыча каменного угля,ПАВЛОДАРСКАЯ ОБЛАСТЬ,БАЯНАУЛЬСКИЙ РАЙОН
447286,Добыча лигнита (бурого угля),false,,553635000,883,307491000,920,549668000,846,1071533000,1031,590956000,994,586869000,957,4,Добыча угля ,ПАВЛОДАРСКАЯ ОБЛАСТЬ,БАЯНАУЛЬСКИЙ РАЙОН
447287,Добыча лигнита (бурого угля),false,,553635000,883,307491000,920,549668000,846,1071533000,1031,590956000,994,586869000,957,5,Добыча лигнита (бурого угля),ПАВЛОДАРСКАЯ ОБЛАСТЬ,БАЯНАУЛЬСКИЙ РАЙОН
447298,Добыча металлических руд,false,,2763355000,883,3509710000,920,2418769000,846,2353118000,1031,2565433000,994,2155558000,957,3,Горнодобывающая промышленность и разработка карьеров,ПАВЛОДАРСКАЯ ОБЛАСТЬ,БАЯНАУЛЬСКИЙ РАЙОН
447303,"Добыча руд, кроме железных ",false,,2763355000,883,3509710000,920,2418769000,846,2353118000,1031,2565433000,994,2155558000,957,4,Добыча металлических руд,ПАВЛОДАРСКАЯ ОБЛАСТЬ,БАЯНАУЛЬСКИЙ РАЙОН
447306,Добыча прочих металлических руд,false,,2763355000,883,3509710000,920,2418769000,846,2353118000,1031,2565433000,994,2155558000,957,5,"Добыча руд, кроме железных ",ПАВЛОДАРСКАЯ ОБЛАСТЬ,БАЯНАУЛЬСКИЙ РАЙОН
447339,Предоставление услуг в горнодобывающей промышленности,false,,x,883,x,920,,,,,x,994,,,3,Горнодобывающая промышленность и разработка карьеров,ПАВЛОДАРСКАЯ ОБЛАСТЬ,БАЯНАУЛЬСКИЙ РАЙОН
447343,"Предоставление услуг, способствующих добыче других полезных ископаемых",false,,x,883,x,920,,,,,x,994,,,4,Предоставление услуг в горнодобывающей промышленности,ПАВЛОДАРСКАЯ ОБЛАСТЬ,БАЯНАУЛЬСКИЙ РАЙОН
447344,"Предоставление услуг, способствующих добыче других полезных ископаемых",false,,x,883,x,920,,,,,x,994,,,5,"Предоставление услуг, способствующих добыче других полезных ископаемых",ПАВЛОДАРСКАЯ ОБЛАСТЬ,БАЯНАУЛЬСКИЙ РАЙОН
447346,Обрабатывающая промышленность,false,,96116000,883,47975000,920,74089000,846,532004000,1031,100000000,994,500441000,957,2,Промышленность,ПАВЛОДАРСКАЯ ОБЛАСТЬ,БАЯНАУЛЬСКИЙ РАЙОН
447347,Производство продуктов питания,false,,,,,,,,,,100000000,994,200000000,957,3,Обрабатывающая промышленность,ПАВЛОДАРСКАЯ ОБЛАСТЬ,БАЯНАУЛЬСКИЙ РАЙОН
447348,Переработка и консервирование мяса и производство мясной продукции,false,,,,,,,,,,100000000,994,200000000,957,4,Производство продуктов питания,ПАВЛОДАРСКАЯ ОБЛАСТЬ,БАЯНАУЛЬСКИЙ РАЙОН
447349,Переработка и консервирование мяса,false,,,,,,,,,,100000000,994,200000000,957,5,Переработка и консервирование мяса и производство мясной продукции,ПАВЛОДАРСКАЯ ОБЛАСТЬ,БАЯНАУЛЬСКИЙ РАЙОН
447572,Производство продуктов химической промышленности,false,,,,,,,,401033000,1031,,,,,3,Обрабатывающая промышленность,ПАВЛОДАРСКАЯ ОБЛАСТЬ,БАЯНАУЛЬСКИЙ РАЙОН
447603,Производство прочих химических продуктов,false,,,,,,,,401033000,1031,,,,,4,Производство продуктов химической промышленности,ПАВЛОДАРСКАЯ ОБЛАСТЬ,БАЯНАУЛЬСКИЙ РАЙОН
447604,Производство взрывчатых веществ,false,,,,,,,,401033000,1031,,,,,5,Производство прочих химических продуктов,ПАВЛОДАРСКАЯ ОБЛАСТЬ,БАЯНАУЛЬСКИЙ РАЙОН
447646,Производство прочей не металлической минеральной продукции,false,,x,883,x,920,74089000,846,330000,1031,,,x,957,3,Обрабатывающая промышленность,ПАВЛОДАРСКАЯ ОБЛАСТЬ,БАЯНАУЛЬСКИЙ РАЙОН
447688,"Производство изделий из бетона, цемента и строительного гипса ",false,,,,,,x,846,,,,,,,4,Производство прочей не металлической минеральной продукции,ПАВЛОДАРСКАЯ ОБЛАСТЬ,БАЯНАУЛЬСКИЙ РАЙОН
447689,Производство строительных изделий из бетона,false,,,,,,x,846,,,,,,,5,"Производство изделий из бетона, цемента и строительного гипса ",ПАВЛОДАРСКАЯ ОБЛАСТЬ,БАЯНАУЛЬСКИЙ РАЙОН
447704,"Резка, обработка и отделка камня",false,,x,883,x,920,x,846,330000,1031,,,x,957,4,Производство прочей не металлической минеральной продукции,ПАВЛОДАРСКАЯ ОБЛАСТЬ,БАЯНАУЛЬСКИЙ РАЙОН
447705,"Резка, обработка и отделка камня",false,,x,883,x,920,x,846,330000,1031,,,x,957,5,"Резка, обработка и отделка камня",ПАВЛОДАРСКАЯ ОБЛАСТЬ,БАЯНАУЛЬСКИЙ РАЙОН
447717,Металлургическое производство,false,,x,883,41862000,920,,,x,1031,,,x,957,3,Обрабатывающая промышленность,ПАВЛОДАРСКАЯ ОБЛАСТЬ,БАЯНАУЛЬСКИЙ РАЙОН
447733,Производство основных благородных и цветных металлов,false,,x,883,41862000,920,,,x,1031,,,x,957,4,Металлургическое производство,ПАВЛОДАРСКАЯ ОБЛАСТЬ,БАЯНАУЛЬСКИЙ РАЙОН
447734,Производство благородных (драгоценных) металлов,false,,x,883,41862000,920,,,x,1031,,,x,957,5,Производство основных благородных и цветных металлов,ПАВЛОДАРСКАЯ ОБЛАСТЬ,БАЯНАУЛЬСКИЙ РАЙОН
448090,"Снабжение электроэнергией, газом, паром, горячей водой и кондиционированным воздухом",false,,255965000,883,330538000,920,784242000,846,488903000,1031,228721000,994,192331000,957,2,Промышленность,ПАВЛОДАРСКАЯ ОБЛАСТЬ,БАЯНАУЛЬСКИЙ РАЙОН
448091,"Снабжение электроэнергией, газом, паром, горячей водой и кондиционированным воздухом",false,,255965000,883,330538000,920,784242000,846,488903000,1031,228721000,994,192331000,957,3,"Снабжение электроэнергией, газом, паром, горячей водой и кондиционированным воздухом",ПАВЛОДАРСКАЯ ОБЛАСТЬ,БАЯНАУЛЬСКИЙ РАЙОН
448092,"Производство, передача и распределение электроэнергии",false,,255965000,883,297118000,920,738131000,846,442442000,1031,225998000,994,134585000,957,4,"Снабжение электроэнергией, газом, паром, горячей водой и кондиционированным воздухом",ПАВЛОДАРСКАЯ ОБЛАСТЬ,БАЯНАУЛЬСКИЙ РАЙОН
448098,Передача электроэнергии,false,,162066000,883,193978000,920,737647000,846,425539000,1031,151471000,994,72795000,957,5,"Производство, передача и распределение электроэнергии",ПАВЛОДАРСКАЯ ОБЛАСТЬ,БАЯНАУЛЬСКИЙ РАЙОН
448100,Распределение электроэнергии,false,,93899000,883,103140000,920,484000,846,16903000,1031,74527000,994,61790000,957,5,"Производство, передача и распределение электроэнергии",ПАВЛОДАРСКАЯ ОБЛАСТЬ,БАЯНАУЛЬСКИЙ РАЙОН
448111,"Снабжение паром, горячей водой и кондиционированным воздухом",false,,,,33420000,920,x,846,46461000,1031,x,994,57746000,957,4,"Снабжение электроэнергией, газом, паром, горячей водой и кондиционированным воздухом",ПАВЛОДАРСКАЯ ОБЛАСТЬ,БАЯНАУЛЬСКИЙ РАЙОН
448112,"Снабжение паром, горячей водой и кондиционированным воздухом",false,,,,33420000,920,x,846,46461000,1031,x,994,57746000,957,5,"Снабжение паром, горячей водой и кондиционированным воздухом",ПАВЛОДАРСКАЯ ОБЛАСТЬ,БАЯНАУЛЬСКИЙ РАЙОН
448117,"Водоснабжение; сбор, обработка и удаление отходов, деятельность по ликвидации загрязнений",false,,2512054000,883,628551000,920,2445753000,846,724564000,1031,5370548000,994,886298000,957,2,Промышленность,ПАВЛОДАРСКАЯ ОБЛАСТЬ,БАЯНАУЛЬСКИЙ РАЙОН
448118,"Сбор, обработка и распределение воды",false,,2512054000,883,626151000,920,2445753000,846,696937000,1031,5349952000,994,836209000,957,3,"Водоснабжение; сбор, обработка и удаление отходов, деятельность по ликвидации загрязнений",ПАВЛОДАРСКАЯ ОБЛАСТЬ,БАЯНАУЛЬСКИЙ РАЙОН
448119,"Сбор, обработка и распределение воды",false,,2512054000,883,626151000,920,2445753000,846,696937000,1031,5349952000,994,836209000,957,4,"Сбор, обработка и распределение воды",ПАВЛОДАРСКАЯ ОБЛАСТЬ,БАЯНАУЛЬСКИЙ РАЙОН
448120,"Сбор, обработка и распределение воды",false,,2512054000,883,626151000,920,2445753000,846,696937000,1031,5349952000,994,836209000,957,5,"Сбор, обработка и распределение воды",ПАВЛОДАРСКАЯ ОБЛАСТЬ,БАЯНАУЛЬСКИЙ РАЙОН
448122,Сбор и обработка сточных вод,false,,,,2400000,920,,,5357000,1031,20596000,994,50089000,957,3,"Водоснабжение; сбор, обработка и удаление отходов, деятельность по ликвидации загрязнений",ПАВЛОДАРСКАЯ ОБЛАСТЬ,БАЯНАУЛЬСКИЙ РАЙОН
448123,Сбор и обработка сточных вод,false,,,,2400000,920,,,5357000,1031,20596000,994,50089000,957,4,Сбор и обработка сточных вод,ПАВЛОДАРСКАЯ ОБЛАСТЬ,БАЯНАУЛЬСКИЙ РАЙОН
448124,Сбор и обработка сточных вод,false,,,,2400000,920,,,5357000,1031,20596000,994,50089000,957,5,Сбор и обработка сточных вод,ПАВЛОДАРСКАЯ ОБЛАСТЬ,БАЯНАУЛЬСКИЙ РАЙОН
448126,"Сбор, обработка и удаление отходов; утилизация (восстановление) материалов",false,,,,,,,,22270000,1031,,,,,3,"Водоснабжение; сбор, обработка и удаление отходов, деятельность по ликвидации загрязнений",ПАВЛОДАРСКАЯ ОБЛАСТЬ,БАЯНАУЛЬСКИЙ РАЙОН
448127,Сбор отходов,false,,,,,,,,22270000,1031,,,,,4,"Сбор, обработка и удаление отходов; утилизация (восстановление) материалов",ПАВЛОДАРСКАЯ ОБЛАСТЬ,БАЯНАУЛЬСКИЙ РАЙОН
448128,Сбор неопасных отходов,false,,,,,,,,22270000,1031,,,,,5,Сбор отходов,ПАВЛОДАРСКАЯ ОБЛАСТЬ,БАЯНАУЛЬСКИЙ РАЙОН
741885,Всего,false,,7090519000,883,8728835000,920,6035031000,846,16847620000,1031,15490159000,994,12224373000,957,0,,ПАВЛОДАРСКАЯ ОБЛАСТЬ,ЖЕЛЕЗИНСКИЙ РАЙОН
447173,"Сельское, лесное и рыбное хозяйство",false,,1685825000,883,5863090000,920,3156475000,846,11388061000,1031,10206746000,994,8991702000,957,1,Всего,ПАВЛОДАРСКАЯ ОБЛАСТЬ,ЖЕЛЕЗИНСКИЙ РАЙОН
447174,"Растениеводство и животноводство, охота и предоставление услуг в этих областях",false,,1662958000,883,5863090000,920,3156475000,846,11281768000,1031,9889551000,994,8975368000,957,2,"Сельское, лесное и рыбное хозяйство",ПАВЛОДАРСКАЯ ОБЛАСТЬ,ЖЕЛЕЗИНСКИЙ РАЙОН
447175,Выращивание одно- или двухлетних культур,false,,1525263000,883,4710427000,920,1775312000,846,11014390000,1031,9810363000,994,6226023000,957,3,"Растениеводство и животноводство, охота и предоставление услуг в этих областях",ПАВЛОДАРСКАЯ ОБЛАСТЬ,ЖЕЛЕЗИНСКИЙ РАЙОН
447176,"Выращивание зерновых (кроме риса), бобовых и масличных культур",false,,1051979000,883,3420674000,920,1600734000,846,10473482000,1031,9351042000,994,5813618000,957,4,Выращивание одно- или двухлетних культур,ПАВЛОДАРСКАЯ ОБЛАСТЬ,ЖЕЛЕЗИНСКИЙ РАЙОН
3783380,"Выращивание зерновых и зернобобовых культур, включая семеноводство",true,,1035287000,883,3377101000,920,1386588000,846,10429428000,1031,9302832000,994,5813618000,957,5,"Выращивание зерновых (кроме риса), бобовых и масличных культур",ПАВЛОДАРСКАЯ ОБЛАСТЬ,ЖЕЛЕЗИНСКИЙ РАЙОН
447178,Выращивание масличных культур и их семян,true,,16692000,883,43573000,920,214146000,846,44054000,1031,48210000,994,,,5,"Выращивание зерновых (кроме риса), бобовых и масличных культур",ПАВЛОДАРСКАЯ ОБЛАСТЬ,ЖЕЛЕЗИНСКИЙ РАЙОН
447181,"Выращивание овощей, бахчевых, корнеплодов и клубнеплодов",false,,465769000,883,1285793000,920,174578000,846,469935000,1031,459321000,994,376590000,957,4,Выращивание одно- или двухлетних культур,ПАВЛОДАРСКАЯ ОБЛАСТЬ,ЖЕЛЕЗИНСКИЙ РАЙОН
447182,Выращивание картофеля и посадочного материала,true,,277974000,883,976705000,920,121984000,846,314917000,1031,268449000,994,x,957,5,"Выращивание овощей, бахчевых, корнеплодов и клубнеплодов",ПАВЛОДАРСКАЯ ОБЛАСТЬ,ЖЕЛЕЗИНСКИЙ РАЙОН
447183,"Выращивание овощей, их семян и рассады",true,,187795000,883,309088000,920,x,846,155018000,1031,190872000,994,376193000,957,5,"Выращивание овощей, бахчевых, корнеплодов и клубнеплодов",ПАВЛОДАРСКАЯ ОБЛАСТЬ,ЖЕЛЕЗИНСКИЙ РАЙОН
447192,Выращивание прочих одно- или двухлетних культур,false,,x,883,3960000,920,,,70973000,1031,,,35815000,957,4,Выращивание одно- или двухлетних культур,ПАВЛОДАРСКАЯ ОБЛАСТЬ,ЖЕЛЕЗИНСКИЙ РАЙОН
447193,Выращивание кормовых культур и их семян,true,,,,3960000,920,,,70973000,1031,,,20000000,957,5,Выращивание прочих одно- или двухлетних культур,ПАВЛОДАРСКАЯ ОБЛАСТЬ,ЖЕЛЕЗИНСКИЙ РАЙОН
447195,"Выращивание прочих одно- или двухлетних культур, не включенных в другие группировки",true,,x,883,,,,,,,,,x,957,5,Выращивание прочих одно- или двухлетних культур,ПАВЛОДАРСКАЯ ОБЛАСТЬ,ЖЕЛЕЗИНСКИЙ РАЙОН
447218,Животноводство,false,,137695000,883,1152663000,920,1381163000,846,247378000,1031,79188000,994,2648936000,957,3,"Растениеводство и животноводство, охота и предоставление услуг в этих областях",ПАВЛОДАРСКАЯ ОБЛАСТЬ,ЖЕЛЕЗИНСКИЙ РАЙОН
447219,Разведение крупного рогатого скота молочного направления,false,,121813000,883,1084907000,920,577997000,846,71053000,1031,46675000,994,2031273000,957,4,Животноводство,ПАВЛОДАРСКАЯ ОБЛАСТЬ,ЖЕЛЕЗИНСКИЙ РАЙОН
447220,Разведение крупного рогатого скота молочного направления,true,,121813000,883,1084907000,920,577997000,846,71053000,1031,46675000,994,2031273000,957,5,Разведение крупного рогатого скота молочного направления,ПАВЛОДАРСКАЯ ОБЛАСТЬ,ЖЕЛЕЗИНСКИЙ РАЙОН
447221,Разведение прочего крупного рогатого скота и буйволов,false,,12970000,883,37446000,920,803166000,846,119820000,1031,20800000,994,418185000,957,4,Животноводство,ПАВЛОДАРСКАЯ ОБЛАСТЬ,ЖЕЛЕЗИНСКИЙ РАЙОН
447222,Разведение прочего крупного рогатого скота и буйволов,true,,12970000,883,37446000,920,803166000,846,119820000,1031,20800000,994,418185000,957,5,Разведение прочего крупного рогатого скота и буйволов,ПАВЛОДАРСКАЯ ОБЛАСТЬ,ЖЕЛЕЗИНСКИЙ РАЙОН
447223,Разведение лошадей и прочих животных семейства лошадиных,false,,2912000,883,18100000,920,,,31505000,1031,,,181965000,957,4,Животноводство,ПАВЛОДАРСКАЯ ОБЛАСТЬ,ЖЕЛЕЗИНСКИЙ РАЙОН
447224,Разведение лошадей,true,,2912000,883,18100000,920,,,31505000,1031,,,181965000,957,5,Разведение лошадей и прочих животных семейства лошадиных,ПАВЛОДАРСКАЯ ОБЛАСТЬ,ЖЕЛЕЗИНСКИЙ РАЙОН
447228,Разведение овец и коз,false,,,,12210000,920,,,25000000,1031,11713000,994,17513000,957,4,Животноводство,ПАВЛОДАРСКАЯ ОБЛАСТЬ,ЖЕЛЕЗИНСКИЙ РАЙОН
447229,Разведение овец и коз,true,,,,12210000,920,,,25000000,1031,11713000,994,17513000,957,5,Разведение овец и коз,ПАВЛОДАРСКАЯ ОБЛАСТЬ,ЖЕЛЕЗИНСКИЙ РАЙОН
447239,Смешанное сельское хозяйство,false,,,,,,,,,,,,x,957,3,"Растениеводство и животноводство, охота и предоставление услуг в этих областях",ПАВЛОДАРСКАЯ ОБЛАСТЬ,ЖЕЛЕЗИНСКИЙ РАЙОН
447240,Смешанное сельское хозяйство,false,,,,,,,,,,,,x,957,4,Смешанное сельское хозяйство,ПАВЛОДАРСКАЯ ОБЛАСТЬ,ЖЕЛЕЗИНСКИЙ РАЙОН
447241,Смешанное сельское хозяйство,true,,,,,,,,,,,,x,957,5,Смешанное сельское хозяйство,ПАВЛОДАРСКАЯ ОБЛАСТЬ,ЖЕЛЕЗИНСКИЙ РАЙОН
18683346,"Деятельность, способствующая выращиванию сельскохозяйственных культур и разведению животных и деятельность по обработке урожая",false,,,,,,,,20000000,1031,,,,,3,"Растениеводство и животноводство, охота и предоставление услуг в этих областях",ПАВЛОДАРСКАЯ ОБЛАСТЬ,ЖЕЛЕЗИНСКИЙ РАЙОН
18683350,"Деятельность, способствующая животноводству",false,,,,,,,,20000000,1031,,,,,4,"Деятельность, способствующая выращиванию сельскохозяйственных культур и разведению животных и деятельность по обработке урожая",ПАВЛОДАРСКАЯ ОБЛАСТЬ,ЖЕЛЕЗИНСКИЙ РАЙОН
18683351,"Деятельность, способствующая животноводству",true,,,,,,,,20000000,1031,,,,,5,"Деятельность, способствующая животноводству",ПАВЛОДАРСКАЯ ОБЛАСТЬ,ЖЕЛЕЗИНСКИЙ РАЙОН
447255,Лесоводство и лесозаготовки,false,,22867000,883,,,,,106293000,1031,317195000,994,16334000,957,2,"Сельское, лесное и рыбное хозяйство",ПАВЛОДАРСКАЯ ОБЛАСТЬ,ЖЕЛЕЗИНСКИЙ РАЙОН
447256,Лесоводство и прочая лесохозяйственная деятельность,false,,22867000,883,,,,,106293000,1031,317195000,994,16334000,957,3,Лесоводство и лесозаготовки,ПАВЛОДАРСКАЯ ОБЛАСТЬ,ЖЕЛЕЗИНСКИЙ РАЙОН
447257,Лесоводство и прочая лесохозяйственная деятельность,false,,22867000,883,,,,,106293000,1031,317195000,994,16334000,957,4,Лесоводство и прочая лесохозяйственная деятельность,ПАВЛОДАРСКАЯ ОБЛАСТЬ,ЖЕЛЕЗИНСКИЙ РАЙОН
447258,Лесоводство и прочая лесохозяйственная деятельность,true,,22867000,883,,,,,106293000,1031,317195000,994,16334000,957,5,Лесоводство и прочая лесохозяйственная деятельность,ПАВЛОДАРСКАЯ ОБЛАСТЬ,ЖЕЛЕЗИНСКИЙ РАЙОН
448215,Оптовая и розничная торговля; ремонт автомобилей и мотоциклов,false,,,,144635000,920,,,32998000,1031,,,19438000,957,1,Всего,ПАВЛОДАРСКАЯ ОБЛАСТЬ,ЖЕЛЕЗИНСКИЙ РАЙОН
448237,"Оптовая торговля, за исключением торговли автомобилями и мотоциклами",false,,,,7979000,920,,,,,,,,,2,Оптовая и розничная торговля; ремонт автомобилей и мотоциклов,ПАВЛОДАРСКАЯ ОБЛАСТЬ,ЖЕЛЕЗИНСКИЙ РАЙОН
448257,Оптовая торговля сельскохозяйственным сырьем и живыми животными,false,,,,7979000,920,,,,,,,,,3,"Оптовая торговля, за исключением торговли автомобилями и мотоциклами",ПАВЛОДАРСКАЯ ОБЛАСТЬ,ЖЕЛЕЗИНСКИЙ РАЙОН
448258,"Оптовая торговля зерном, необработанным табаком, семенами и кормами для животных",false,,,,7979000,920,,,,,,,,,4,Оптовая торговля сельскохозяйственным сырьем и живыми животными,ПАВЛОДАРСКАЯ ОБЛАСТЬ,ЖЕЛЕЗИНСКИЙ РАЙОН
20575950,"Оптовая торговля зерном, семенами и кормами для животных",true,,,,7979000,920,,,,,,,,,5,"Оптовая торговля зерном, необработанным табаком, семенами и кормами для животных",ПАВЛОДАРСКАЯ ОБЛАСТЬ,ЖЕЛЕЗИНСКИЙ РАЙОН
448377,"Розничная торговля, кроме торговли автомобилями и мотоциклами",false,,,,136656000,920,,,32998000,1031,,,19438000,957,2,Оптовая и розничная торговля; ремонт автомобилей и мотоциклов,ПАВЛОДАРСКАЯ ОБЛАСТЬ,ЖЕЛЕЗИНСКИЙ РАЙОН
448378,Розничная торговля в неспециализированных магазинах,false,,,,,,,,32343000,1031,,,19376000,957,3,"Розничная торговля, кроме торговли автомобилями и мотоциклами",ПАВЛОДАРСКАЯ ОБЛАСТЬ,ЖЕЛЕЗИНСКИЙ РАЙОН
448381,Прочая розничная торговля в неспециализированных магазинах,false,,,,,,,,32343000,1031,,,19376000,957,4,Розничная торговля в неспециализированных магазинах,ПАВЛОДАРСКАЯ ОБЛАСТЬ,ЖЕЛЕЗИНСКИЙ РАЙОН
3647936,"Прочая розничная торговля в неспециализированных магазинах, являющихся торговыми объектами, с торговой площадью менее 2000 кв.м ",true,,,,,,,,32343000,1031,,,19376000,957,5,Прочая розничная торговля в неспециализированных магазинах,ПАВЛОДАРСКАЯ ОБЛАСТЬ,ЖЕЛЕЗИНСКИЙ РАЙОН
448399,Розничная торговля топливом в специализированных магазинах,false,,,,136656000,920,,,x,1031,,,62000,957,3,"Розничная торговля, кроме торговли автомобилями и мотоциклами",ПАВЛОДАРСКАЯ ОБЛАСТЬ,ЖЕЛЕЗИНСКИЙ РАЙОН
448400,Розничная торговля топливом в специализированных магазинах,false,,,,136656000,920,,,x,1031,,,62000,957,4,Розничная торговля топливом в специализированных магазинах,ПАВЛОДАРСКАЯ ОБЛАСТЬ,ЖЕЛЕЗИНСКИЙ РАЙОН
20576124,"Розничная торговля моторным топливом в специализированных магазинах, за исключением находящихся на придорожной полосе",true,,,,136656000,920,,,x,1031,,,62000,957,5,Розничная торговля топливом в специализированных магазинах,ПАВЛОДАРСКАЯ ОБЛАСТЬ,ЖЕЛЕЗИНСКИЙ РАЙОН
448475,Транспорт и складирование,false,,400115000,883,757979000,920,26084000,846,3373095000,1031,144965000,994,892573000,957,1,Всего,ПАВЛОДАРСКАЯ ОБЛАСТЬ,ЖЕЛЕЗИНСКИЙ РАЙОН
448476,Деятельность сухопутного и трубопроводного транспорта ,false,,x,883,,,,,x,1031,,,x,957,2,Транспорт и складирование,ПАВЛОДАРСКАЯ ОБЛАСТЬ,ЖЕЛЕЗИНСКИЙ РАЙОН
448499,Деятельность трубопроводного транспорта,false,,x,883,,,,,x,1031,,,x,957,3,Деятельность сухопутного и трубопроводного транспорта ,ПАВЛОДАРСКАЯ ОБЛАСТЬ,ЖЕЛЕЗИНСКИЙ РАЙОН
448500,Деятельность трубопроводного транспорта,false,,x,883,,,,,x,1031,,,x,957,4,Деятельность трубопроводного транспорта,ПАВЛОДАРСКАЯ ОБЛАСТЬ,ЖЕЛЕЗИНСКИЙ РАЙОН
448501,Деятельность трубопроводного транспорта,true,,x,883,,,,,x,1031,,,x,957,5,Деятельность трубопроводного транспорта,ПАВЛОДАРСКАЯ ОБЛАСТЬ,ЖЕЛЕЗИНСКИЙ РАЙОН
448527,Складирование грузов и вспомогательная транспортная деятельность,false,,400000000,883,757979000,920,26084000,846,3364108000,1031,144965000,994,889573000,957,2,Транспорт и складирование,ПАВЛОДАРСКАЯ ОБЛАСТЬ,ЖЕЛЕЗИНСКИЙ РАЙОН
448528,Складирование и хранение грузов,false,,400000000,883,744476000,920,26084000,846,12159000,1031,144965000,994,791369000,957,3,Складирование грузов и вспомогательная транспортная деятельность,ПАВЛОДАРСКАЯ ОБЛАСТЬ,ЖЕЛЕЗИНСКИЙ РАЙОН
448529,Складирование и хранение грузов,false,,400000000,883,744476000,920,26084000,846,12159000,1031,144965000,994,791369000,957,4,Складирование и хранение грузов,ПАВЛОДАРСКАЯ ОБЛАСТЬ,ЖЕЛЕЗИНСКИЙ РАЙОН
448530,Складирование и хранение зерна,true,,,,31250000,920,26084000,846,12159000,1031,144965000,994,342721000,957,5,Складирование и хранение грузов,ПАВЛОДАРСКАЯ ОБЛАСТЬ,ЖЕЛЕЗИНСКИЙ РАЙОН
20576309,Складирование и хранение овощей и фруктов,true,,400000000,883,713226000,920,,,,,,,448648000,957,5,Складирование и хранение грузов,ПАВЛОДАРСКАЯ ОБЛАСТЬ,ЖЕЛЕЗИНСКИЙ РАЙОН
448533,Вспомогательная транспортная деятельность,false,,,,13503000,920,,,3351949000,1031,,,98204000,957,3,Складирование грузов и вспомогательная транспортная деятельность,ПАВЛОДАРСКАЯ ОБЛАСТЬ,ЖЕЛЕЗИНСКИЙ РАЙОН
448534,Вспомогательная деятельность сухопутного транспорта,false,,,,13503000,920,,,3351949000,1031,,,98204000,957,4,Вспомогательная транспортная деятельность,ПАВЛОДАРСКАЯ ОБЛАСТЬ,ЖЕЛЕЗИНСКИЙ РАЙОН
448536,Эксплуатация автомобильных дорог,true,,,,13503000,920,,,3346406000,1031,,,43888000,957,5,Вспомогательная деятельность сухопутного транспорта,ПАВЛОДАРСКАЯ ОБЛАСТЬ,ЖЕЛЕЗИНСКИЙ РАЙОН
448538,Деятельность автомобильных стоянок,true,,,,,,,,5543000,1031,,,x,957,5,Вспомогательная деятельность сухопутного транспорта,ПАВЛОДАРСКАЯ ОБЛАСТЬ,ЖЕЛЕЗИНСКИЙ РАЙОН
448558,Предоставление услуг по проживанию и питанию,false,,59880000,883,30500000,920,108008000,846,32000000,1031,154387000,994,106949000,957,1,Всего,ПАВЛОДАРСКАЯ ОБЛАСТЬ,ЖЕЛЕЗИНСКИЙ РАЙОН
3783427,Предоставление услуг по временному проживанию,false,,59880000,883,30500000,920,108008000,846,32000000,1031,154387000,994,106949000,957,2,Предоставление услуг по проживанию и питанию,ПАВЛОДАРСКАЯ ОБЛАСТЬ,ЖЕЛЕЗИНСКИЙ РАЙОН
3783428,Предоставление услуг гостиницами и аналогичными местами для проживания,false,,,,,,,,,,31387000,994,,,3,Предоставление услуг по временному проживанию,ПАВЛОДАРСКАЯ ОБЛАСТЬ,ЖЕЛЕЗИНСКИЙ РАЙОН
3783429,Предоставление услуг гостиницами и аналогичными местами для проживания,false,,,,,,,,,,31387000,994,,,4,Предоставление услуг гостиницами и аналогичными местами для проживания,ПАВЛОДАРСКАЯ ОБЛАСТЬ,ЖЕЛЕЗИНСКИЙ РАЙОН
20576345,"Предоставление услуг гостиницами, находящимися на придорожной полосе",true,,,,,,,,,,31387000,994,,,5,Предоставление услуг гостиницами и аналогичными местами для проживания,ПАВЛОДАРСКАЯ ОБЛАСТЬ,ЖЕЛЕЗИНСКИЙ РАЙОН
3783432,Предоставление жилья на выходные дни и прочие периоды краткосрочного проживания,false,,,,,,108008000,846,,,,,,,3,Предоставление услуг по временному проживанию,ПАВЛОДАРСКАЯ ОБЛАСТЬ,ЖЕЛЕЗИНСКИЙ РАЙОН
3783433,Предоставление жилья на выходные дни и прочие периоды краткосрочного проживания,false,,,,,,108008000,846,,,,,,,4,Предоставление жилья на выходные дни и прочие периоды краткосрочного проживания,ПАВЛОДАРСКАЯ ОБЛАСТЬ,ЖЕЛЕЗИНСКИЙ РАЙОН
3783434,Предоставление жилья на выходные дни и прочие периоды краткосрочного проживания,true,,,,,,108008000,846,,,,,,,5,Предоставление жилья на выходные дни и прочие периоды краткосрочного проживания,ПАВЛОДАРСКАЯ ОБЛАСТЬ,ЖЕЛЕЗИНСКИЙ РАЙОН
3783441,Предоставление услуг прочими местами для проживания,false,,59880000,883,30500000,920,,,32000000,1031,123000000,994,106949000,957,3,Предоставление услуг по временному проживанию,ПАВЛОДАРСКАЯ ОБЛАСТЬ,ЖЕЛЕЗИНСКИЙ РАЙОН
3783442,Предоставление услуг прочими местами для проживания,false,,59880000,883,30500000,920,,,32000000,1031,123000000,994,106949000,957,4,Предоставление услуг прочими местами для проживания,ПАВЛОДАРСКАЯ ОБЛАСТЬ,ЖЕЛЕЗИНСКИЙ РАЙОН
20576357,"Предоставление услуг прочими местами для проживания, не включенными в другие категории",true,,59880000,883,30500000,920,,,32000000,1031,123000000,994,106949000,957,5,Предоставление услуг прочими местами для проживания,ПАВЛОДАРСКАЯ ОБЛАСТЬ,ЖЕЛЕЗИНСКИЙ РАЙОН
448585,Информация и связь,false,,172170000,883,x,920,346591000,846,x,1031,7880000,994,24052000,957,1,Всего,ПАВЛОДАРСКАЯ ОБЛАСТЬ,ЖЕЛЕЗИНСКИЙ РАЙОН
448623,Телекоммуникации,false,,172170000,883,x,920,346591000,846,x,1031,7880000,994,24052000,957,2,Информация и связь,ПАВЛОДАРСКАЯ ОБЛАСТЬ,ЖЕЛЕЗИНСКИЙ РАЙОН
18696628,Проводная телекоммуникационная связь,false,,,,,,x,846,,,,,,,3,Телекоммуникации,ПАВЛОДАРСКАЯ ОБЛАСТЬ,ЖЕЛЕЗИНСКИЙ РАЙОН
18696629,Проводная телекоммуникационная связь,false,,,,,,x,846,,,,,,,4,Проводная телекоммуникационная связь,ПАВЛОДАРСКАЯ ОБЛАСТЬ,ЖЕЛЕЗИНСКИЙ РАЙОН
18946146,Прочая проводная телекоммуникационная связь,true,,,,,,x,846,,,,,,,5,Проводная телекоммуникационная связь,ПАВЛОДАРСКАЯ ОБЛАСТЬ,ЖЕЛЕЗИНСКИЙ РАЙОН
448627,Беспроводная телекоммуникационная связь,false,,172170000,883,x,920,337375000,846,x,1031,7880000,994,24052000,957,3,Телекоммуникации,ПАВЛОДАРСКАЯ ОБЛАСТЬ,ЖЕЛЕЗИНСКИЙ РАЙОН
448628,Беспроводная телекоммуникационная связь,false,,172170000,883,x,920,337375000,846,x,1031,7880000,994,24052000,957,4,Беспроводная телекоммуникационная связь,ПАВЛОДАРСКАЯ ОБЛАСТЬ,ЖЕЛЕЗИНСКИЙ РАЙОН
18946147,Беспроводная телекоммуникационная связь посредством единой транспортной среды,true,,,,,,,,,,,,19260000,957,5,Беспроводная телекоммуникационная связь,ПАВЛОДАРСКАЯ ОБЛАСТЬ,ЖЕЛЕЗИНСКИЙ РАЙОН
18946149,Прочая беспроводная телекоммуникационная связь,true,,172170000,883,x,920,337375000,846,x,1031,7880000,994,x,957,5,Беспроводная телекоммуникационная связь,ПАВЛОДАРСКАЯ ОБЛАСТЬ,ЖЕЛЕЗИНСКИЙ РАЙОН
448714,Операции с недвижимым имуществом,false,,295040000,883,218772000,920,84551000,846,589504000,1031,498107000,994,157500000,957,1,Всего,ПАВЛОДАРСКАЯ ОБЛАСТЬ,ЖЕЛЕЗИНСКИЙ РАЙОН
448715,Операции с недвижимым имуществом,false,,295040000,883,218772000,920,84551000,846,589504000,1031,498107000,994,157500000,957,2,Операции с недвижимым имуществом,ПАВЛОДАРСКАЯ ОБЛАСТЬ,ЖЕЛЕЗИНСКИЙ РАЙОН
448716,Покупка и продажа собственного недвижимого имущества ,false,,295040000,883,205961000,920,84551000,846,589504000,1031,498107000,994,157500000,957,3,Операции с недвижимым имуществом,ПАВЛОДАРСКАЯ ОБЛАСТЬ,ЖЕЛЕЗИНСКИЙ РАЙОН
448717,Покупка и продажа собственного недвижимого имущества ,false,,295040000,883,205961000,920,84551000,846,589504000,1031,498107000,994,157500000,957,4,Покупка и продажа собственного недвижимого имущества ,ПАВЛОДАРСКАЯ ОБЛАСТЬ,ЖЕЛЕЗИНСКИЙ РАЙОН
543091,Покупка и продажа многоквартирных и жилых домов (особняков),true,,295040000,883,205961000,920,79011000,846,589504000,1031,498107000,994,157500000,957,5,Покупка и продажа собственного недвижимого имущества ,ПАВЛОДАРСКАЯ ОБЛАСТЬ,ЖЕЛЕЗИНСКИЙ РАЙОН
543092,Покупка и продажа прочей недвижимости,true,,,,,,5540000,846,,,,,,,5,Покупка и продажа собственного недвижимого имущества ,ПАВЛОДАРСКАЯ ОБЛАСТЬ,ЖЕЛЕЗИНСКИЙ РАЙОН
448719,Аренда и управление собственной или арендуемой недвижимостью,false,,,,12811000,920,,,,,,,,,3,Операции с недвижимым имуществом,ПАВЛОДАРСКАЯ ОБЛАСТЬ,ЖЕЛЕЗИНСКИЙ РАЙОН
448720,Аренда и управление собственной или арендуемой недвижимостью,false,,,,12811000,920,,,,,,,,,4,Аренда и управление собственной или арендуемой недвижимостью,ПАВЛОДАРСКАЯ ОБЛАСТЬ,ЖЕЛЕЗИНСКИЙ РАЙОН
18951451,Аренда (субаренда) и эксплуатация арендуемой недвижимости,true,,,,12811000,920,,,,,,,,,5,Аренда и управление собственной или арендуемой недвижимостью,ПАВЛОДАРСКАЯ ОБЛАСТЬ,ЖЕЛЕЗИНСКИЙ РАЙОН
448728,"Профессиональная, научная и техническая деятельность",false,,,,,,2128000,846,,,,,,,1,Всего,ПАВЛОДАРСКАЯ ОБЛАСТЬ,ЖЕЛЕЗИНСКИЙ РАЙОН
448747,"Деятельность в области архитектуры, инженерных изысканий, технических испытаний и анализа",false,,,,,,2128000,846,,,,,,,2,"Профессиональная, научная и техническая деятельность",ПАВЛОДАРСКАЯ ОБЛАСТЬ,ЖЕЛЕЗИНСКИЙ РАЙОН
448748,"Деятельность в области архитектуры, инженерных изысканий и предоставление технических консультаций в этих областях",false,,,,,,2128000,846,,,,,,,3,"Деятельность в области архитектуры, инженерных изысканий, технических испытаний и анализа",ПАВЛОДАРСКАЯ ОБЛАСТЬ,ЖЕЛЕЗИНСКИЙ РАЙОН
448751,Деятельность в области инженерных изысканий и предоставление технических консультаций в этой области,false,,,,,,2128000,846,,,,,,,4,"Деятельность в области архитектуры, инженерных изысканий и предоставление технических консультаций в этих областях",ПАВЛОДАРСКАЯ ОБЛАСТЬ,ЖЕЛЕЗИНСКИЙ РАЙОН
448755,Землеустройство,true,,,,,,2128000,846,,,,,,,5,Деятельность в области инженерных изысканий и предоставление технических консультаций в этой области,ПАВЛОДАРСКАЯ ОБЛАСТЬ,ЖЕЛЕЗИНСКИЙ РАЙОН
448797,Деятельность в области административного и вспомогательного обслуживания,false,,5000000,883,34073000,920,,,,,,,x,957,1,Всего,ПАВЛОДАРСКАЯ ОБЛАСТЬ,ЖЕЛЕЗИНСКИЙ РАЙОН
448856,Деятельность по обслуживанию зданий и благоустройству территорий,false,,5000000,883,34073000,920,,,,,,,x,957,2,Деятельность в области административного и вспомогательного обслуживания,ПАВЛОДАРСКАЯ ОБЛАСТЬ,ЖЕЛЕЗИНСКИЙ РАЙОН
448867,Деятельность по благоустройству территорий,false,,5000000,883,34073000,920,,,,,,,x,957,3,Деятельность по обслуживанию зданий и благоустройству территорий,ПАВЛОДАРСКАЯ ОБЛАСТЬ,ЖЕЛЕЗИНСКИЙ РАЙОН
448868,Деятельность по благоустройству территорий,false,,5000000,883,34073000,920,,,,,,,x,957,4,Деятельность по благоустройству территорий,ПАВЛОДАРСКАЯ ОБЛАСТЬ,ЖЕЛЕЗИНСКИЙ РАЙОН
448869,Деятельность по благоустройству территорий,true,,5000000,883,34073000,920,,,,,,,x,957,5,Деятельность по благоустройству территорий,ПАВЛОДАРСКАЯ ОБЛАСТЬ,ЖЕЛЕЗИНСКИЙ РАЙОН
448889,Государственное управление и оборона; обязательное  социальное обеспечение,false,,29848000,883,,,x,846,21997000,1031,22057000,994,,,1,Всего,ПАВЛОДАРСКАЯ ОБЛАСТЬ,ЖЕЛЕЗИНСКИЙ РАЙОН
448890,Государственное управление и оборона; обязательное социальное обеспечение,false,,29848000,883,,,x,846,21997000,1031,22057000,994,,,2,Государственное управление и оборона; обязательное  социальное обеспечение,ПАВЛОДАРСКАЯ ОБЛАСТЬ,ЖЕЛЕЗИНСКИЙ РАЙОН
448891,Государственное управление общего характера и управление социально-экономическое политикой общества,false,,29848000,883,,,x,846,21997000,1031,22057000,994,,,3,Государственное управление и оборона; обязательное социальное обеспечение,ПАВЛОДАРСКАЯ ОБЛАСТЬ,ЖЕЛЕЗИНСКИЙ РАЙОН
448892,Государственное управление общего характера,false,,29848000,883,,,x,846,16988000,1031,821000,994,,,4,Государственное управление общего характера и управление социально-экономическое политикой общества,ПАВЛОДАРСКАЯ ОБЛАСТЬ,ЖЕЛЕЗИНСКИЙ РАЙОН
448895,Деятельность местных органов управления,true,,,,,,x,846,16988000,1031,821000,994,,,5,Государственное управление общего характера,ПАВЛОДАРСКАЯ ОБЛАСТЬ,ЖЕЛЕЗИНСКИЙ РАЙОН
448896,Деятельность сельских и поселковых органов управления,true,,29848000,883,,,,,,,,,,,5,Государственное управление общего характера,ПАВЛОДАРСКАЯ ОБЛАСТЬ,ЖЕЛЕЗИНСКИЙ РАЙОН
448900,"Регулирование деятельности учреждений здравоохранения, образования, культуры и других социальных услуг, кроме социального обеспечения ",false,,,,,,,,,,21236000,994,,,4,Государственное управление общего характера и управление социально-экономическое политикой общества,ПАВЛОДАРСКАЯ ОБЛАСТЬ,ЖЕЛЕЗИНСКИЙ РАЙОН
448901,"Регулирование деятельности учреждений здравоохранения, образования, культуры и других социальных услуг, кроме социального обеспечения ",true,,,,,,,,,,21236000,994,,,5,"Регулирование деятельности учреждений здравоохранения, образования, культуры и других социальных услуг, кроме социального обеспечения ",ПАВЛОДАРСКАЯ ОБЛАСТЬ,ЖЕЛЕЗИНСКИЙ РАЙОН
448902,Регулирование и содействие эффективному ведению экономической деятельности,false,,,,,,,,5009000,1031,,,,,4,Государственное управление общего характера и управление социально-экономическое политикой общества,ПАВЛОДАРСКАЯ ОБЛАСТЬ,ЖЕЛЕЗИНСКИЙ РАЙОН
448903,Регулирование и содействие эффективному ведению экономической деятельности,true,,,,,,,,5009000,1031,,,,,5,Регулирование и содействие эффективному ведению экономической деятельности,ПАВЛОДАРСКАЯ ОБЛАСТЬ,ЖЕЛЕЗИНСКИЙ РАЙОН
448918,Образование,false,,139166000,883,137834000,920,210078000,846,412866000,1031,770970000,994,425310000,957,1,Всего,ПАВЛОДАРСКАЯ ОБЛАСТЬ,ЖЕЛЕЗИНСКИЙ РАЙОН
448919,Образование,false,,139166000,883,137834000,920,210078000,846,412866000,1031,770970000,994,425310000,957,2,Образование,ПАВЛОДАРСКАЯ ОБЛАСТЬ,ЖЕЛЕЗИНСКИЙ РАЙОН
448920,Дошкольное образование,false,,,,20404000,920,144227000,846,,,,,,,3,Образование,ПАВЛОДАРСКАЯ ОБЛАСТЬ,ЖЕЛЕЗИНСКИЙ РАЙОН
448921,Дошкольное образование,false,,,,20404000,920,144227000,846,,,,,,,4,Дошкольное образование,ПАВЛОДАРСКАЯ ОБЛАСТЬ,ЖЕЛЕЗИНСКИЙ РАЙОН
448922,Дошкольное образование,true,,,,20404000,920,144227000,846,,,,,,,5,Дошкольное образование,ПАВЛОДАРСКАЯ ОБЛАСТЬ,ЖЕЛЕЗИНСКИЙ РАЙОН
448926,Среднее образование (2-й и 3-й уровни),false,,139166000,883,117430000,920,27001000,846,412866000,1031,770970000,994,425310000,957,3,Образование,ПАВЛОДАРСКАЯ ОБЛАСТЬ,ЖЕЛЕЗИНСКИЙ РАЙОН
448927,Основное и общее среднее образование,false,,139166000,883,117430000,920,27001000,846,412866000,1031,770970000,994,425310000,957,4,Среднее образование (2-й и 3-й уровни),ПАВЛОДАРСКАЯ ОБЛАСТЬ,ЖЕЛЕЗИНСКИЙ РАЙОН
448928,Основное и общее среднее образование,true,,139166000,883,117430000,920,27001000,846,412866000,1031,770970000,994,425310000,957,5,Основное и общее среднее образование,ПАВЛОДАРСКАЯ ОБЛАСТЬ,ЖЕЛЕЗИНСКИЙ РАЙОН
448937,Прочие виды образования,false,,,,,,x,846,,,,,,,3,Образование,ПАВЛОДАРСКАЯ ОБЛАСТЬ,ЖЕЛЕЗИНСКИЙ РАЙОН
448940,Образование в области культуры,false,,,,,,x,846,,,,,,,4,Прочие виды образования,ПАВЛОДАРСКАЯ ОБЛАСТЬ,ЖЕЛЕЗИНСКИЙ РАЙОН
448941,Образование в области культуры,true,,,,,,x,846,,,,,,,5,Образование в области культуры,ПАВЛОДАРСКАЯ ОБЛАСТЬ,ЖЕЛЕЗИНСКИЙ РАЙОН
448950,Здравоохранение и социальное обслуживание населения,false,,29402000,883,,,43708000,846,41552000,1031,2912000,994,,,1,Всего,ПАВЛОДАРСКАЯ ОБЛАСТЬ,ЖЕЛЕЗИНСКИЙ РАЙОН
448951,Деятельность в области здравоохранения,false,,29402000,883,,,43708000,846,41552000,1031,2912000,994,,,2,Здравоохранение и социальное обслуживание населения,ПАВЛОДАРСКАЯ ОБЛАСТЬ,ЖЕЛЕЗИНСКИЙ РАЙОН
448952,Деятельность больничных организаций,false,,29402000,883,,,43708000,846,,,,,,,3,Деятельность в области здравоохранения,ПАВЛОДАРСКАЯ ОБЛАСТЬ,ЖЕЛЕЗИНСКИЙ РАЙОН
448953,Деятельность больничных организаций,false,,29402000,883,,,43708000,846,,,,,,,4,Деятельность больничных организаций,ПАВЛОДАРСКАЯ ОБЛАСТЬ,ЖЕЛЕЗИНСКИЙ РАЙОН
448954,Деятельность больниц широкого профиля и специализированных больниц,true,,29402000,883,,,43708000,846,,,,,,,5,Деятельность больничных организаций,ПАВЛОДАРСКАЯ ОБЛАСТЬ,ЖЕЛЕЗИНСКИЙ РАЙОН
448959,Деятельность в области врачебной практики и стоматологии,false,,,,,,,,41552000,1031,2912000,994,,,3,Деятельность в области здравоохранения,ПАВЛОДАРСКАЯ ОБЛАСТЬ,ЖЕЛЕЗИНСКИЙ РАЙОН
448960,Общая врачебная практика,false,,,,,,,,41552000,1031,2912000,994,,,4,Деятельность в области врачебной практики и стоматологии,ПАВЛОДАРСКАЯ ОБЛАСТЬ,ЖЕЛЕЗИНСКИЙ РАЙОН
448961,Общая врачебная практика,true,,,,,,,,41552000,1031,2912000,994,,,5,Общая врачебная практика,ПАВЛОДАРСКАЯ ОБЛАСТЬ,ЖЕЛЕЗИНСКИЙ РАЙОН
448991,"Искусство, развлечения и отдых",false,,38217000,883,85476000,920,173421000,846,295320000,1031,150087000,994,105076000,957,1,Всего,ПАВЛОДАРСКАЯ ОБЛАСТЬ,ЖЕЛЕЗИНСКИЙ РАЙОН
449004,"Деятельность библиотек, архивов, музеев и прочая деятельность в области культуры",false,,944000,883,1016000,920,2628000,846,,,,,,,2,"Искусство, развлечения и отдых",ПАВЛОДАРСКАЯ ОБЛАСТЬ,ЖЕЛЕЗИНСКИЙ РАЙОН
449005,"Деятельность библиотек, архивов, музеев и прочая деятельность в области культуры",false,,944000,883,1016000,920,2628000,846,,,,,,,3,"Деятельность библиотек, архивов, музеев и прочая деятельность в области культуры",ПАВЛОДАРСКАЯ ОБЛАСТЬ,ЖЕЛЕЗИНСКИЙ РАЙОН
449006,Деятельность библиотек и архивов,false,,944000,883,1016000,920,2628000,846,,,,,,,4,"Деятельность библиотек, архивов, музеев и прочая деятельность в области культуры",ПАВЛОДАРСКАЯ ОБЛАСТЬ,ЖЕЛЕЗИНСКИЙ РАЙОН
449008,"Библиотечная деятельность, включая деятельность читальных залов, лекториев, демонстрационных залов",true,,944000,883,1016000,920,2628000,846,,,,,,,5,Деятельность библиотек и архивов,ПАВЛОДАРСКАЯ ОБЛАСТЬ,ЖЕЛЕЗИНСКИЙ РАЙОН
449022,"Деятельность в области спорта, организации отдыха и развлечений",false,,37273000,883,84460000,920,170793000,846,295320000,1031,150087000,994,105076000,957,2,"Искусство, развлечения и отдых",ПАВЛОДАРСКАЯ ОБЛАСТЬ,ЖЕЛЕЗИНСКИЙ РАЙОН
449023,Деятельность в области спорта,false,,,,34109000,920,100861000,846,x,1031,x,994,60020000,957,3,"Деятельность в области спорта, организации отдыха и развлечений",ПАВЛОДАРСКАЯ ОБЛАСТЬ,ЖЕЛЕЗИНСКИЙ РАЙОН
449024,Эксплуатация спортивных сооружений,false,,,,34109000,920,100861000,846,x,1031,x,994,60020000,957,4,Деятельность в области спорта,ПАВЛОДАРСКАЯ ОБЛАСТЬ,ЖЕЛЕЗИНСКИЙ РАЙОН
449025,Эксплуатация спортивных сооружений,true,,,,34109000,920,100861000,846,x,1031,x,994,60020000,957,5,Эксплуатация спортивных сооружений,ПАВЛОДАРСКАЯ ОБЛАСТЬ,ЖЕЛЕЗИНСКИЙ РАЙОН
449032,Деятельность по организации отдыха и развлечений,false,,37273000,883,50351000,920,69932000,846,291236000,1031,138978000,994,45056000,957,3,"Деятельность в области спорта, организации отдыха и развлечений",ПАВЛОДАРСКАЯ ОБЛАСТЬ,ЖЕЛЕЗИНСКИЙ РАЙОН
449035,Прочая деятельность по организации отдыха и развлечений,false,,37273000,883,50351000,920,69932000,846,291236000,1031,138978000,994,45056000,957,4,Деятельность по организации отдыха и развлечений,ПАВЛОДАРСКАЯ ОБЛАСТЬ,ЖЕЛЕЗИНСКИЙ РАЙОН
449039,Прочие виды деятельности по организации отдыха и развлечений,true,,37273000,883,50351000,920,69932000,846,291236000,1031,138978000,994,45056000,957,5,Прочая деятельность по организации отдыха и развлечений,ПАВЛОДАРСКАЯ ОБЛАСТЬ,ЖЕЛЕЗИНСКИЙ РАЙОН
449040,Предоставление прочих видов услуг,false,,,,,,4113000,846,,,,,,,1,Всего,ПАВЛОДАРСКАЯ ОБЛАСТЬ,ЖЕЛЕЗИНСКИЙ РАЙОН
449084,Предоставление прочих индивидуальных услуг,false,,,,,,4113000,846,,,,,,,2,Предоставление прочих видов услуг,ПАВЛОДАРСКАЯ ОБЛАСТЬ,ЖЕЛЕЗИНСКИЙ РАЙОН
449085,Предоставление прочих индивидуальных услуг,false,,,,,,4113000,846,,,,,,,3,Предоставление прочих индивидуальных услуг,ПАВЛОДАРСКАЯ ОБЛАСТЬ,ЖЕЛЕЗИНСКИЙ РАЙОН
449093,Деятельность по обеспечению физического комфорта,false,,,,,,4113000,846,,,,,,,4,Предоставление прочих индивидуальных услуг,ПАВЛОДАРСКАЯ ОБЛАСТЬ,ЖЕЛЕЗИНСКИЙ РАЙОН
449094,Деятельность по обеспечению физического комфорта,true,,,,,,4113000,846,,,,,,,5,Деятельность по обеспечению физического комфорта,ПАВЛОДАРСКАЯ ОБЛАСТЬ,ЖЕЛЕЗИНСКИЙ РАЙОН
741340,Промышленность,false,,4235856000,883,1452655000,920,1878610000,846,658707000,1031,3532048000,994,1487406000,957,1,Всего,ПАВЛОДАРСКАЯ ОБЛАСТЬ,ЖЕЛЕЗИНСКИЙ РАЙОН
447346,Обрабатывающая промышленность,false,,,,231000000,920,x,846,,,370310000,994,350000000,957,2,Промышленность,ПАВЛОДАРСКАЯ ОБЛАСТЬ,ЖЕЛЕЗИНСКИЙ РАЙОН
447347,Производство продуктов питания,false,,,,231000000,920,x,846,,,370310000,994,350000000,957,3,Обрабатывающая промышленность,ПАВЛОДАРСКАЯ ОБЛАСТЬ,ЖЕЛЕЗИНСКИЙ РАЙОН
447348,Переработка и консервирование мяса и производство мясной продукции,false,,,,231000000,920,,,,,,,,,4,Производство продуктов питания,ПАВЛОДАРСКАЯ ОБЛАСТЬ,ЖЕЛЕЗИНСКИЙ РАЙОН
447349,Переработка и консервирование мяса,false,,,,231000000,920,,,,,,,,,5,Переработка и консервирование мяса и производство мясной продукции,ПАВЛОДАРСКАЯ ОБЛАСТЬ,ЖЕЛЕЗИНСКИЙ РАЙОН
447371,Производство молочных продуктов,false,,,,,,,,,,370200000,994,250000000,957,4,Производство продуктов питания,ПАВЛОДАРСКАЯ ОБЛАСТЬ,ЖЕЛЕЗИНСКИЙ РАЙОН
447372,Переработка молока и производство сыров,false,,,,,,,,,,370200000,994,250000000,957,5,Производство молочных продуктов,ПАВЛОДАРСКАЯ ОБЛАСТЬ,ЖЕЛЕЗИНСКИЙ РАЙОН
447377,"Производство мукомольно-крупяных продуктов, крахмалов и крахмальных продуктов",false,,,,,,x,846,,,x,994,x,957,4,Производство продуктов питания,ПАВЛОДАРСКАЯ ОБЛАСТЬ,ЖЕЛЕЗИНСКИЙ РАЙОН
447378,Производство мукомольно-крупяных продуктов,false,,,,,,x,846,,,x,994,x,957,5,"Производство мукомольно-крупяных продуктов, крахмалов и крахмальных продуктов",ПАВЛОДАРСКАЯ ОБЛАСТЬ,ЖЕЛЕЗИНСКИЙ РАЙОН
448090,"Снабжение электроэнергией, газом, паром, горячей водой и кондиционированным воздухом",false,,1553304000,883,601578000,920,934377000,846,455139000,1031,1298895000,994,1008245000,957,2,Промышленность,ПАВЛОДАРСКАЯ ОБЛАСТЬ,ЖЕЛЕЗИНСКИЙ РАЙОН
448091,"Снабжение электроэнергией, газом, паром, горячей водой и кондиционированным воздухом",false,,1553304000,883,601578000,920,934377000,846,455139000,1031,1298895000,994,1008245000,957,3,"Снабжение электроэнергией, газом, паром, горячей водой и кондиционированным воздухом",ПАВЛОДАРСКАЯ ОБЛАСТЬ,ЖЕЛЕЗИНСКИЙ РАЙОН
448092,"Производство, передача и распределение электроэнергии",false,,119897000,883,x,920,19481000,846,x,1031,x,994,x,957,4,"Снабжение электроэнергией, газом, паром, горячей водой и кондиционированным воздухом",ПАВЛОДАРСКАЯ ОБЛАСТЬ,ЖЕЛЕЗИНСКИЙ РАЙОН
448093,Производство электроэнергии,false,,41290000,883,,,11279000,846,,,,,,,5,"Производство, передача и распределение электроэнергии",ПАВЛОДАРСКАЯ ОБЛАСТЬ,ЖЕЛЕЗИНСКИЙ РАЙОН
448098,Передача электроэнергии,false,,x,883,x,920,x,846,x,1031,x,994,x,957,5,"Производство, передача и распределение электроэнергии",ПАВЛОДАРСКАЯ ОБЛАСТЬ,ЖЕЛЕЗИНСКИЙ РАЙОН
448100,Распределение электроэнергии,false,,3139000,883,,,,,,,,,,,5,"Производство, передача и распределение электроэнергии",ПАВЛОДАРСКАЯ ОБЛАСТЬ,ЖЕЛЕЗИНСКИЙ РАЙОН
448111,"Снабжение паром, горячей водой и кондиционированным воздухом",false,,1433407000,883,x,920,914896000,846,242820000,1031,1269054000,994,1000178000,957,4,"Снабжение электроэнергией, газом, паром, горячей водой и кондиционированным воздухом",ПАВЛОДАРСКАЯ ОБЛАСТЬ,ЖЕЛЕЗИНСКИЙ РАЙОН
448112,"Снабжение паром, горячей водой и кондиционированным воздухом",false,,1433407000,883,x,920,914896000,846,242820000,1031,1269054000,994,1000178000,957,5,"Снабжение паром, горячей водой и кондиционированным воздухом",ПАВЛОДАРСКАЯ ОБЛАСТЬ,ЖЕЛЕЗИНСКИЙ РАЙОН
448117,"Водоснабжение; сбор, обработка и удаление отходов, деятельность по ликвидации загрязнений",false,,2682552000,883,620077000,920,944158000,846,203568000,1031,1862843000,994,129161000,957,2,Промышленность,ПАВЛОДАРСКАЯ ОБЛАСТЬ,ЖЕЛЕЗИНСКИЙ РАЙОН
448118,"Сбор, обработка и распределение воды",false,,2682552000,883,620077000,920,944158000,846,203568000,1031,1862843000,994,129161000,957,3,"Водоснабжение; сбор, обработка и удаление отходов, деятельность по ликвидации загрязнений",ПАВЛОДАРСКАЯ ОБЛАСТЬ,ЖЕЛЕЗИНСКИЙ РАЙОН
448119,"Сбор, обработка и распределение воды",false,,2682552000,883,620077000,920,944158000,846,203568000,1031,1862843000,994,129161000,957,4,"Сбор, обработка и распределение воды",ПАВЛОДАРСКАЯ ОБЛАСТЬ,ЖЕЛЕЗИНСКИЙ РАЙОН
448120,"Сбор, обработка и распределение воды",false,,2682552000,883,620077000,920,944158000,846,203568000,1031,1862843000,994,129161000,957,5,"Сбор, обработка и распределение воды",ПАВЛОДАРСКАЯ ОБЛАСТЬ,ЖЕЛЕЗИНСКИЙ РАЙОН
741885,Всего,false,,8332312000,883,9930882000,920,6232428000,846,10877017000,1031,15937983000,994,14963577000,957,0,,ПАВЛОДАРСКАЯ ОБЛАСТЬ,ИРТЫШСКИЙ РАЙОН
447173,"Сельское, лесное и рыбное хозяйство",false,,5059675000,883,7947014000,920,4373879000,846,1796939000,1031,12491624000,994,12263417000,957,1,Всего,ПАВЛОДАРСКАЯ ОБЛАСТЬ,ИРТЫШСКИЙ РАЙОН
447174,"Растениеводство и животноводство, охота и предоставление услуг в этих областях",false,,5059675000,883,7947014000,920,4373879000,846,1796939000,1031,12491624000,994,12263417000,957,2,"Сельское, лесное и рыбное хозяйство",ПАВЛОДАРСКАЯ ОБЛАСТЬ,ИРТЫШСКИЙ РАЙОН
447175,Выращивание одно- или двухлетних культур,false,,4351524000,883,7361210000,920,4052833000,846,1613584000,1031,9887247000,994,9950822000,957,3,"Растениеводство и животноводство, охота и предоставление услуг в этих областях",ПАВЛОДАРСКАЯ ОБЛАСТЬ,ИРТЫШСКИЙ РАЙОН
447176,"Выращивание зерновых (кроме риса), бобовых и масличных культур",false,,4351524000,883,7316210000,920,4015824000,846,1579119000,1031,9513297000,994,8189867000,957,4,Выращивание одно- или двухлетних культур,ПАВЛОДАРСКАЯ ОБЛАСТЬ,ИРТЫШСКИЙ РАЙОН
3783380,"Выращивание зерновых и зернобобовых культур, включая семеноводство",true,,4351524000,883,7229507000,920,4007177000,846,1579119000,1031,9335958000,994,8178847000,957,5,"Выращивание зерновых (кроме риса), бобовых и масличных культур",ПАВЛОДАРСКАЯ ОБЛАСТЬ,ИРТЫШСКИЙ РАЙОН
447178,Выращивание масличных культур и их семян,true,,,,86703000,920,8647000,846,,,177339000,994,11020000,957,5,"Выращивание зерновых (кроме риса), бобовых и масличных культур",ПАВЛОДАРСКАЯ ОБЛАСТЬ,ИРТЫШСКИЙ РАЙОН
447181,"Выращивание овощей, бахчевых, корнеплодов и клубнеплодов",false,,,,45000000,920,,,,,x,994,1747540000,957,4,Выращивание одно- или двухлетних культур,ПАВЛОДАРСКАЯ ОБЛАСТЬ,ИРТЫШСКИЙ РАЙОН
447182,Выращивание картофеля и посадочного материала,true,,,,45000000,920,,,,,x,994,1738540000,957,5,"Выращивание овощей, бахчевых, корнеплодов и клубнеплодов",ПАВЛОДАРСКАЯ ОБЛАСТЬ,ИРТЫШСКИЙ РАЙОН
447183,"Выращивание овощей, их семян и рассады",true,,,,,,,,,,,,9000000,957,5,"Выращивание овощей, бахчевых, корнеплодов и клубнеплодов",ПАВЛОДАРСКАЯ ОБЛАСТЬ,ИРТЫШСКИЙ РАЙОН
447192,Выращивание прочих одно- или двухлетних культур,false,,,,,,37009000,846,x,1031,,,13415000,957,4,Выращивание одно- или двухлетних культур,ПАВЛОДАРСКАЯ ОБЛАСТЬ,ИРТЫШСКИЙ РАЙОН
447193,Выращивание кормовых культур и их семян,true,,,,,,20509000,846,x,1031,,,,,5,Выращивание прочих одно- или двухлетних культур,ПАВЛОДАРСКАЯ ОБЛАСТЬ,ИРТЫШСКИЙ РАЙОН
447195,"Выращивание прочих одно- или двухлетних культур, не включенных в другие группировки",true,,,,,,16500000,846,,,,,13415000,957,5,Выращивание прочих одно- или двухлетних культур,ПАВЛОДАРСКАЯ ОБЛАСТЬ,ИРТЫШСКИЙ РАЙОН
447218,Животноводство,false,,708151000,883,585804000,920,261046000,846,183355000,1031,2604377000,994,2312595000,957,3,"Растениеводство и животноводство, охота и предоставление услуг в этих областях",ПАВЛОДАРСКАЯ ОБЛАСТЬ,ИРТЫШСКИЙ РАЙОН
447219,Разведение крупного рогатого скота молочного направления,false,,585115000,883,329650000,920,61616000,846,46210000,1031,550723000,994,1249735000,957,4,Животноводство,ПАВЛОДАРСКАЯ ОБЛАСТЬ,ИРТЫШСКИЙ РАЙОН
447220,Разведение крупного рогатого скота молочного направления,true,,585115000,883,329650000,920,61616000,846,46210000,1031,550723000,994,1249735000,957,5,Разведение крупного рогатого скота молочного направления,ПАВЛОДАРСКАЯ ОБЛАСТЬ,ИРТЫШСКИЙ РАЙОН
447221,Разведение прочего крупного рогатого скота и буйволов,false,,64076000,883,187133000,920,199430000,846,123770000,1031,634800000,994,921208000,957,4,Животноводство,ПАВЛОДАРСКАЯ ОБЛАСТЬ,ИРТЫШСКИЙ РАЙОН
447222,Разведение прочего крупного рогатого скота и буйволов,true,,64076000,883,187133000,920,199430000,846,123770000,1031,634800000,994,921208000,957,5,Разведение прочего крупного рогатого скота и буйволов,ПАВЛОДАРСКАЯ ОБЛАСТЬ,ИРТЫШСКИЙ РАЙОН
447223,Разведение лошадей и прочих животных семейства лошадиных,false,,58960000,883,,,,,,,1000300000,994,25180000,957,4,Животноводство,ПАВЛОДАРСКАЯ ОБЛАСТЬ,ИРТЫШСКИЙ РАЙОН
447224,Разведение лошадей,true,,58960000,883,,,,,,,1000300000,994,25180000,957,5,Разведение лошадей и прочих животных семейства лошадиных,ПАВЛОДАРСКАЯ ОБЛАСТЬ,ИРТЫШСКИЙ РАЙОН
447228,Разведение овец и коз,false,,,,,,,,13375000,1031,,,,,4,Животноводство,ПАВЛОДАРСКАЯ ОБЛАСТЬ,ИРТЫШСКИЙ РАЙОН
447229,Разведение овец и коз,true,,,,,,,,13375000,1031,,,,,5,Разведение овец и коз,ПАВЛОДАРСКАЯ ОБЛАСТЬ,ИРТЫШСКИЙ РАЙОН
447237,Разведение прочих видов животных,false,,,,69021000,920,,,,,418554000,994,116472000,957,4,Животноводство,ПАВЛОДАРСКАЯ ОБЛАСТЬ,ИРТЫШСКИЙ РАЙОН
447238,Разведение прочих видов животных,true,,,,69021000,920,,,,,418554000,994,116472000,957,5,Разведение прочих видов животных,ПАВЛОДАРСКАЯ ОБЛАСТЬ,ИРТЫШСКИЙ РАЙОН
18683346,"Деятельность, способствующая выращиванию сельскохозяйственных культур и разведению животных и деятельность по обработке урожая",false,,,,,,60000000,846,,,,,,,3,"Растениеводство и животноводство, охота и предоставление услуг в этих областях",ПАВЛОДАРСКАЯ ОБЛАСТЬ,ИРТЫШСКИЙ РАЙОН
18683352,Деятельность по обработке урожая,false,,,,,,60000000,846,,,,,,,4,"Деятельность, способствующая выращиванию сельскохозяйственных культур и разведению животных и деятельность по обработке урожая",ПАВЛОДАРСКАЯ ОБЛАСТЬ,ИРТЫШСКИЙ РАЙОН
18683353,Деятельность по обработке урожая,true,,,,,,60000000,846,,,,,,,5,Деятельность по обработке урожая,ПАВЛОДАРСКАЯ ОБЛАСТЬ,ИРТЫШСКИЙ РАЙОН
448148,Строительство,false,,,,300000,920,,,453609000,1031,,,,,1,Всего,ПАВЛОДАРСКАЯ ОБЛАСТЬ,ИРТЫШСКИЙ РАЙОН
448157,Гражданское строительство,false,,,,,,,,453609000,1031,,,,,2,Строительство,ПАВЛОДАРСКАЯ ОБЛАСТЬ,ИРТЫШСКИЙ РАЙОН
448158,Строительство автомобильных и железных дорог,false,,,,,,,,453609000,1031,,,,,3,Гражданское строительство,ПАВЛОДАРСКАЯ ОБЛАСТЬ,ИРТЫШСКИЙ РАЙОН
18696143,Строительство автомобильных дорог,false,,,,,,,,453609000,1031,,,,,4,Строительство автомобильных и железных дорог,ПАВЛОДАРСКАЯ ОБЛАСТЬ,ИРТЫШСКИЙ РАЙОН
18946136,Строительство дорог и автомагистралей,true,,,,,,,,453609000,1031,,,,,5,Строительство автомобильных дорог,ПАВЛОДАРСКАЯ ОБЛАСТЬ,ИРТЫШСКИЙ РАЙОН
448177,Специализированные строительные работы,false,,,,300000,920,,,,,,,,,2,Строительство,ПАВЛОДАРСКАЯ ОБЛАСТЬ,ИРТЫШСКИЙ РАЙОН
448187,"Монтаж и установка электрического, водопроводного и прочего оборудования",false,,,,300000,920,,,,,,,,,3,Специализированные строительные работы,ПАВЛОДАРСКАЯ ОБЛАСТЬ,ИРТЫШСКИЙ РАЙОН
448190,"Монтаж систем водоснабжения, отопления и кондиционирования воздуха",false,,,,300000,920,,,,,,,,,4,"Монтаж и установка электрического, водопроводного и прочего оборудования",ПАВЛОДАРСКАЯ ОБЛАСТЬ,ИРТЫШСКИЙ РАЙОН
448191,"Монтаж систем водоснабжения, отопления и кондиционирования воздуха",true,,,,300000,920,,,,,,,,,5,"Монтаж систем водоснабжения, отопления и кондиционирования воздуха",ПАВЛОДАРСКАЯ ОБЛАСТЬ,ИРТЫШСКИЙ РАЙОН
448215,Оптовая и розничная торговля; ремонт автомобилей и мотоциклов,false,,129301000,883,10000000,920,7251000,846,50241000,1031,,,90000000,957,1,Всего,ПАВЛОДАРСКАЯ ОБЛАСТЬ,ИРТЫШСКИЙ РАЙОН
448377,"Розничная торговля, кроме торговли автомобилями и мотоциклами",false,,129301000,883,10000000,920,7251000,846,50241000,1031,,,90000000,957,2,Оптовая и розничная торговля; ремонт автомобилей и мотоциклов,ПАВЛОДАРСКАЯ ОБЛАСТЬ,ИРТЫШСКИЙ РАЙОН
448378,Розничная торговля в неспециализированных магазинах,false,,4301000,883,,,7251000,846,,,,,90000000,957,3,"Розничная торговля, кроме торговли автомобилями и мотоциклами",ПАВЛОДАРСКАЯ ОБЛАСТЬ,ИРТЫШСКИЙ РАЙОН
448379,"Розничная торговля в неспециализированных магазинах преимущественно продуктами питания, напитками и табачными изделиями",false,,4301000,883,,,7251000,846,,,,,,,4,Розничная торговля в неспециализированных магазинах,ПАВЛОДАРСКАЯ ОБЛАСТЬ,ИРТЫШСКИЙ РАЙОН
3647934,"Розничная торговля преимущественно продуктами питания, напитками и табачными изделиями в неспециализированных магазинах, являющихся торговыми объектами, с торговой площадью менее 2000 кв.м ",true,,4301000,883,,,7251000,846,,,,,,,5,"Розничная торговля в неспециализированных магазинах преимущественно продуктами питания, напитками и табачными изделиями",ПАВЛОДАРСКАЯ ОБЛАСТЬ,ИРТЫШСКИЙ РАЙОН
448381,Прочая розничная торговля в неспециализированных магазинах,false,,,,,,,,,,,,90000000,957,4,Розничная торговля в неспециализированных магазинах,ПАВЛОДАРСКАЯ ОБЛАСТЬ,ИРТЫШСКИЙ РАЙОН
3647936,"Прочая розничная торговля в неспециализированных магазинах, являющихся торговыми объектами, с торговой площадью менее 2000 кв.м ",true,,,,,,,,,,,,90000000,957,5,Прочая розничная торговля в неспециализированных магазинах,ПАВЛОДАРСКАЯ ОБЛАСТЬ,ИРТЫШСКИЙ РАЙОН
448399,Розничная торговля топливом в специализированных магазинах,false,,70000000,883,,,,,,,,,,,3,"Розничная торговля, кроме торговли автомобилями и мотоциклами",ПАВЛОДАРСКАЯ ОБЛАСТЬ,ИРТЫШСКИЙ РАЙОН
448400,Розничная торговля топливом в специализированных магазинах,false,,70000000,883,,,,,,,,,,,4,Розничная торговля топливом в специализированных магазинах,ПАВЛОДАРСКАЯ ОБЛАСТЬ,ИРТЫШСКИЙ РАЙОН
20576126,"Розничная торговля моторным топливом в специализированных магазинах, находящихся на придорожной полосе",true,,70000000,883,,,,,,,,,,,5,Розничная торговля топливом в специализированных магазинах,ПАВЛОДАРСКАЯ ОБЛАСТЬ,ИРТЫШСКИЙ РАЙОН
448433,Розничная торговля прочими товарами в специализированных магазинах,false,,55000000,883,10000000,920,,,50241000,1031,,,,,3,"Розничная торговля, кроме торговли автомобилями и мотоциклами",ПАВЛОДАРСКАЯ ОБЛАСТЬ,ИРТЫШСКИЙ РАЙОН
448440,Розничная торговля фармацевтическими товарами в специализированных магазинах,false,,,,10000000,920,,,,,,,,,4,Розничная торговля прочими товарами в специализированных магазинах,ПАВЛОДАРСКАЯ ОБЛАСТЬ,ИРТЫШСКИЙ РАЙОН
3647981,"Розничная торговля фармацевтическими товарами в специализированных магазинах, являющихся торговыми объектами, с торговой площадью менее 2000 кв.м",true,,,,10000000,920,,,,,,,,,5,Розничная торговля фармацевтическими товарами в специализированных магазинах,ПАВЛОДАРСКАЯ ОБЛАСТЬ,ИРТЫШСКИЙ РАЙОН
448452,Прочая розничная торговля новыми товарами в специализированных магазинах,false,,55000000,883,,,,,50241000,1031,,,,,4,Розничная торговля прочими товарами в специализированных магазинах,ПАВЛОДАРСКАЯ ОБЛАСТЬ,ИРТЫШСКИЙ РАЙОН
448455,"Прочая розничная торговля в специализированных магазинах, являющихся торговыми объектами, с торговой площадью менее 2000 кв.м",true,,55000000,883,,,,,50241000,1031,,,,,5,Прочая розничная торговля новыми товарами в специализированных магазинах,ПАВЛОДАРСКАЯ ОБЛАСТЬ,ИРТЫШСКИЙ РАЙОН
448475,Транспорт и складирование,false,,110528000,883,17359000,920,1088898000,846,3444354000,1031,48063000,994,101380000,957,1,Всего,ПАВЛОДАРСКАЯ ОБЛАСТЬ,ИРТЫШСКИЙ РАЙОН
448527,Складирование грузов и вспомогательная транспортная деятельность,false,,110528000,883,17359000,920,1088898000,846,3444354000,1031,48063000,994,101380000,957,2,Транспорт и складирование,ПАВЛОДАРСКАЯ ОБЛАСТЬ,ИРТЫШСКИЙ РАЙОН
448528,Складирование и хранение грузов,false,,23954000,883,17359000,920,126222000,846,12000000,1031,,,,,3,Складирование грузов и вспомогательная транспортная деятельность,ПАВЛОДАРСКАЯ ОБЛАСТЬ,ИРТЫШСКИЙ РАЙОН
448529,Складирование и хранение грузов,false,,23954000,883,17359000,920,126222000,846,12000000,1031,,,,,4,Складирование и хранение грузов,ПАВЛОДАРСКАЯ ОБЛАСТЬ,ИРТЫШСКИЙ РАЙОН
448530,Складирование и хранение зерна,true,,20000000,883,17359000,920,126222000,846,12000000,1031,,,,,5,Складирование и хранение грузов,ПАВЛОДАРСКАЯ ОБЛАСТЬ,ИРТЫШСКИЙ РАЙОН
448531,"Складирование и хранение непродовольственных товаров, кроме зерна и нефти",true,,3954000,883,,,,,,,,,,,5,Складирование и хранение грузов,ПАВЛОДАРСКАЯ ОБЛАСТЬ,ИРТЫШСКИЙ РАЙОН
448533,Вспомогательная транспортная деятельность,false,,86574000,883,,,962676000,846,3432354000,1031,48063000,994,101380000,957,3,Складирование грузов и вспомогательная транспортная деятельность,ПАВЛОДАРСКАЯ ОБЛАСТЬ,ИРТЫШСКИЙ РАЙОН
448534,Вспомогательная деятельность сухопутного транспорта,false,,86574000,883,,,962676000,846,3432354000,1031,48063000,994,101380000,957,4,Вспомогательная транспортная деятельность,ПАВЛОДАРСКАЯ ОБЛАСТЬ,ИРТЫШСКИЙ РАЙОН
448536,Эксплуатация автомобильных дорог,true,,86574000,883,,,962676000,846,3432354000,1031,36047000,994,101380000,957,5,Вспомогательная деятельность сухопутного транспорта,ПАВЛОДАРСКАЯ ОБЛАСТЬ,ИРТЫШСКИЙ РАЙОН
448538,Деятельность автомобильных стоянок,true,,,,,,,,,,12016000,994,,,5,Вспомогательная деятельность сухопутного транспорта,ПАВЛОДАРСКАЯ ОБЛАСТЬ,ИРТЫШСКИЙ РАЙОН
448558,Предоставление услуг по проживанию и питанию,false,,,,,,300000,846,,,,,,,1,Всего,ПАВЛОДАРСКАЯ ОБЛАСТЬ,ИРТЫШСКИЙ РАЙОН
448573,Предоставление услуг по обеспечению питанием и напитками,false,,,,,,300000,846,,,,,,,2,Предоставление услуг по проживанию и питанию,ПАВЛОДАРСКАЯ ОБЛАСТЬ,ИРТЫШСКИЙ РАЙОН
448574,Деятельность ресторанов и предоставление услуг по доставке продуктов питания,false,,,,,,300000,846,,,,,,,3,Предоставление услуг по обеспечению питанием и напитками,ПАВЛОДАРСКАЯ ОБЛАСТЬ,ИРТЫШСКИЙ РАЙОН
448575,Деятельность ресторанов и предоставление услуг по доставке продуктов питания,false,,,,,,300000,846,,,,,,,4,Деятельность ресторанов и предоставление услуг по доставке продуктов питания,ПАВЛОДАРСКАЯ ОБЛАСТЬ,ИРТЫШСКИЙ РАЙОН
448576,Рестораны и услуги по доставке продуктов питания,true,,,,,,300000,846,,,,,,,5,Деятельность ресторанов и предоставление услуг по доставке продуктов питания,ПАВЛОДАРСКАЯ ОБЛАСТЬ,ИРТЫШСКИЙ РАЙОН
448585,Информация и связь,false,,116675000,883,x,920,74735000,846,x,1031,9959000,994,x,957,1,Всего,ПАВЛОДАРСКАЯ ОБЛАСТЬ,ИРТЫШСКИЙ РАЙОН
448623,Телекоммуникации,false,,116675000,883,x,920,74735000,846,x,1031,9959000,994,x,957,2,Информация и связь,ПАВЛОДАРСКАЯ ОБЛАСТЬ,ИРТЫШСКИЙ РАЙОН
18696628,Проводная телекоммуникационная связь,false,,7900000,883,,,,,,,,,,,3,Телекоммуникации,ПАВЛОДАРСКАЯ ОБЛАСТЬ,ИРТЫШСКИЙ РАЙОН
18696629,Проводная телекоммуникационная связь,false,,7900000,883,,,,,,,,,,,4,Проводная телекоммуникационная связь,ПАВЛОДАРСКАЯ ОБЛАСТЬ,ИРТЫШСКИЙ РАЙОН
18946146,Прочая проводная телекоммуникационная связь,true,,7900000,883,,,,,,,,,,,5,Проводная телекоммуникационная связь,ПАВЛОДАРСКАЯ ОБЛАСТЬ,ИРТЫШСКИЙ РАЙОН
448627,Беспроводная телекоммуникационная связь,false,,108775000,883,x,920,74735000,846,x,1031,9959000,994,x,957,3,Телекоммуникации,ПАВЛОДАРСКАЯ ОБЛАСТЬ,ИРТЫШСКИЙ РАЙОН
448628,Беспроводная телекоммуникационная связь,false,,108775000,883,x,920,74735000,846,x,1031,9959000,994,x,957,4,Беспроводная телекоммуникационная связь,ПАВЛОДАРСКАЯ ОБЛАСТЬ,ИРТЫШСКИЙ РАЙОН
18946147,Беспроводная телекоммуникационная связь посредством единой транспортной среды,true,,,,,,,,x,1031,,,x,957,5,Беспроводная телекоммуникационная связь,ПАВЛОДАРСКАЯ ОБЛАСТЬ,ИРТЫШСКИЙ РАЙОН
18946149,Прочая беспроводная телекоммуникационная связь,true,,108775000,883,x,920,74735000,846,,,9959000,994,,,5,Беспроводная телекоммуникационная связь,ПАВЛОДАРСКАЯ ОБЛАСТЬ,ИРТЫШСКИЙ РАЙОН
448714,Операции с недвижимым имуществом,false,,869681000,883,397257000,920,102931000,846,2030289000,1031,586908000,994,458531000,957,1,Всего,ПАВЛОДАРСКАЯ ОБЛАСТЬ,ИРТЫШСКИЙ РАЙОН
448715,Операции с недвижимым имуществом,false,,869681000,883,397257000,920,102931000,846,2030289000,1031,586908000,994,458531000,957,2,Операции с недвижимым имуществом,ПАВЛОДАРСКАЯ ОБЛАСТЬ,ИРТЫШСКИЙ РАЙОН
448716,Покупка и продажа собственного недвижимого имущества ,false,,869681000,883,397257000,920,102931000,846,2030289000,1031,586908000,994,458531000,957,3,Операции с недвижимым имуществом,ПАВЛОДАРСКАЯ ОБЛАСТЬ,ИРТЫШСКИЙ РАЙОН
448717,Покупка и продажа собственного недвижимого имущества ,false,,869681000,883,397257000,920,102931000,846,2030289000,1031,586908000,994,458531000,957,4,Покупка и продажа собственного недвижимого имущества ,ПАВЛОДАРСКАЯ ОБЛАСТЬ,ИРТЫШСКИЙ РАЙОН
543091,Покупка и продажа многоквартирных и жилых домов (особняков),true,,869681000,883,397257000,920,102931000,846,2030289000,1031,586908000,994,458531000,957,5,Покупка и продажа собственного недвижимого имущества ,ПАВЛОДАРСКАЯ ОБЛАСТЬ,ИРТЫШСКИЙ РАЙОН
448728,"Профессиональная, научная и техническая деятельность",false,,x,883,,,,,,,,,,,1,Всего,ПАВЛОДАРСКАЯ ОБЛАСТЬ,ИРТЫШСКИЙ РАЙОН
448770,Рекламная деятельность и исследование конъюнктуры рынка,false,,x,883,,,,,,,,,,,2,"Профессиональная, научная и техническая деятельность",ПАВЛОДАРСКАЯ ОБЛАСТЬ,ИРТЫШСКИЙ РАЙОН
448771,Рекламная деятельность,false,,x,883,,,,,,,,,,,3,Рекламная деятельность и исследование конъюнктуры рынка,ПАВЛОДАРСКАЯ ОБЛАСТЬ,ИРТЫШСКИЙ РАЙОН
448772,Деятельность рекламных агентств,false,,x,883,,,,,,,,,,,4,Рекламная деятельность,ПАВЛОДАРСКАЯ ОБЛАСТЬ,ИРТЫШСКИЙ РАЙОН
448773,Деятельность рекламных агентств,true,,x,883,,,,,,,,,,,5,Деятельность рекламных агентств,ПАВЛОДАРСКАЯ ОБЛАСТЬ,ИРТЫШСКИЙ РАЙОН
448797,Деятельность в области административного и вспомогательного обслуживания,false,,,,,,,,,,28505000,994,,,1,Всего,ПАВЛОДАРСКАЯ ОБЛАСТЬ,ИРТЫШСКИЙ РАЙОН
448856,Деятельность по обслуживанию зданий и благоустройству территорий,false,,,,,,,,,,28505000,994,,,2,Деятельность в области административного и вспомогательного обслуживания,ПАВЛОДАРСКАЯ ОБЛАСТЬ,ИРТЫШСКИЙ РАЙОН
448867,Деятельность по благоустройству территорий,false,,,,,,,,,,28505000,994,,,3,Деятельность по обслуживанию зданий и благоустройству территорий,ПАВЛОДАРСКАЯ ОБЛАСТЬ,ИРТЫШСКИЙ РАЙОН
448868,Деятельность по благоустройству территорий,false,,,,,,,,,,28505000,994,,,4,Деятельность по благоустройству территорий,ПАВЛОДАРСКАЯ ОБЛАСТЬ,ИРТЫШСКИЙ РАЙОН
448869,Деятельность по благоустройству территорий,true,,,,,,,,,,28505000,994,,,5,Деятельность по благоустройству территорий,ПАВЛОДАРСКАЯ ОБЛАСТЬ,ИРТЫШСКИЙ РАЙОН
448889,Государственное управление и оборона; обязательное  социальное обеспечение,false,,87617000,883,15699000,920,x,846,,,99947000,994,,,1,Всего,ПАВЛОДАРСКАЯ ОБЛАСТЬ,ИРТЫШСКИЙ РАЙОН
448890,Государственное управление и оборона; обязательное социальное обеспечение,false,,87617000,883,15699000,920,x,846,,,99947000,994,,,2,Государственное управление и оборона; обязательное  социальное обеспечение,ПАВЛОДАРСКАЯ ОБЛАСТЬ,ИРТЫШСКИЙ РАЙОН
448891,Государственное управление общего характера и управление социально-экономическое политикой общества,false,,87617000,883,15699000,920,x,846,,,99947000,994,,,3,Государственное управление и оборона; обязательное социальное обеспечение,ПАВЛОДАРСКАЯ ОБЛАСТЬ,ИРТЫШСКИЙ РАЙОН
448892,Государственное управление общего характера,false,,68636000,883,15699000,920,x,846,,,x,994,,,4,Государственное управление общего характера и управление социально-экономическое политикой общества,ПАВЛОДАРСКАЯ ОБЛАСТЬ,ИРТЫШСКИЙ РАЙОН
448895,Деятельность местных органов управления,true,,x,883,4893000,920,x,846,,,x,994,,,5,Государственное управление общего характера,ПАВЛОДАРСКАЯ ОБЛАСТЬ,ИРТЫШСКИЙ РАЙОН
448896,Деятельность сельских и поселковых органов управления,true,,62264000,883,10806000,920,,,,,,,,,5,Государственное управление общего характера,ПАВЛОДАРСКАЯ ОБЛАСТЬ,ИРТЫШСКИЙ РАЙОН
448900,"Регулирование деятельности учреждений здравоохранения, образования, культуры и других социальных услуг, кроме социального обеспечения ",false,,18981000,883,,,,,,,237000,994,,,4,Государственное управление общего характера и управление социально-экономическое политикой общества,ПАВЛОДАРСКАЯ ОБЛАСТЬ,ИРТЫШСКИЙ РАЙОН
448901,"Регулирование деятельности учреждений здравоохранения, образования, культуры и других социальных услуг, кроме социального обеспечения ",true,,18981000,883,,,,,,,237000,994,,,5,"Регулирование деятельности учреждений здравоохранения, образования, культуры и других социальных услуг, кроме социального обеспечения ",ПАВЛОДАРСКАЯ ОБЛАСТЬ,ИРТЫШСКИЙ РАЙОН
448918,Образование,false,,58688000,883,46639000,920,x,846,412121000,1031,295543000,994,609193000,957,1,Всего,ПАВЛОДАРСКАЯ ОБЛАСТЬ,ИРТЫШСКИЙ РАЙОН
448919,Образование,false,,58688000,883,46639000,920,x,846,412121000,1031,295543000,994,609193000,957,2,Образование,ПАВЛОДАРСКАЯ ОБЛАСТЬ,ИРТЫШСКИЙ РАЙОН
448926,Среднее образование (2-й и 3-й уровни),false,,58688000,883,46639000,920,x,846,412121000,1031,295543000,994,609193000,957,3,Образование,ПАВЛОДАРСКАЯ ОБЛАСТЬ,ИРТЫШСКИЙ РАЙОН
448927,Основное и общее среднее образование,false,,58688000,883,46639000,920,x,846,412121000,1031,295543000,994,609193000,957,4,Среднее образование (2-й и 3-й уровни),ПАВЛОДАРСКАЯ ОБЛАСТЬ,ИРТЫШСКИЙ РАЙОН
448928,Основное и общее среднее образование,true,,58688000,883,46639000,920,x,846,412121000,1031,295543000,994,609193000,957,5,Основное и общее среднее образование,ПАВЛОДАРСКАЯ ОБЛАСТЬ,ИРТЫШСКИЙ РАЙОН
448950,Здравоохранение и социальное обслуживание населения,false,,147631000,883,35673000,920,66972000,846,671699000,1031,107823000,994,169793000,957,1,Всего,ПАВЛОДАРСКАЯ ОБЛАСТЬ,ИРТЫШСКИЙ РАЙОН
448951,Деятельность в области здравоохранения,false,,147631000,883,35673000,920,66972000,846,671699000,1031,107823000,994,169793000,957,2,Здравоохранение и социальное обслуживание населения,ПАВЛОДАРСКАЯ ОБЛАСТЬ,ИРТЫШСКИЙ РАЙОН
448952,Деятельность больничных организаций,false,,147631000,883,35673000,920,66972000,846,182928000,1031,98572000,994,169793000,957,3,Деятельность в области здравоохранения,ПАВЛОДАРСКАЯ ОБЛАСТЬ,ИРТЫШСКИЙ РАЙОН
448953,Деятельность больничных организаций,false,,147631000,883,35673000,920,66972000,846,182928000,1031,98572000,994,169793000,957,4,Деятельность больничных организаций,ПАВЛОДАРСКАЯ ОБЛАСТЬ,ИРТЫШСКИЙ РАЙОН
448954,Деятельность больниц широкого профиля и специализированных больниц,true,,147631000,883,35673000,920,66972000,846,182928000,1031,98572000,994,169793000,957,5,Деятельность больничных организаций,ПАВЛОДАРСКАЯ ОБЛАСТЬ,ИРТЫШСКИЙ РАЙОН
448959,Деятельность в области врачебной практики и стоматологии,false,,,,,,,,488771000,1031,9251000,994,,,3,Деятельность в области здравоохранения,ПАВЛОДАРСКАЯ ОБЛАСТЬ,ИРТЫШСКИЙ РАЙОН
448960,Общая врачебная практика,false,,,,,,,,488771000,1031,9251000,994,,,4,Деятельность в области врачебной практики и стоматологии,ПАВЛОДАРСКАЯ ОБЛАСТЬ,ИРТЫШСКИЙ РАЙОН
448961,Общая врачебная практика,true,,,,,,,,488771000,1031,9251000,994,,,5,Общая врачебная практика,ПАВЛОДАРСКАЯ ОБЛАСТЬ,ИРТЫШСКИЙ РАЙОН
448991,"Искусство, развлечения и отдых",false,,135422000,883,284072000,920,41524000,846,379034000,1031,65152000,994,233536000,957,1,Всего,ПАВЛОДАРСКАЯ ОБЛАСТЬ,ИРТЫШСКИЙ РАЙОН
449022,"Деятельность в области спорта, организации отдыха и развлечений",false,,135422000,883,284072000,920,41524000,846,379034000,1031,65152000,994,233536000,957,2,"Искусство, развлечения и отдых",ПАВЛОДАРСКАЯ ОБЛАСТЬ,ИРТЫШСКИЙ РАЙОН
449023,Деятельность в области спорта,false,,,,,,35404000,846,,,63207000,994,220610000,957,3,"Деятельность в области спорта, организации отдыха и развлечений",ПАВЛОДАРСКАЯ ОБЛАСТЬ,ИРТЫШСКИЙ РАЙОН
449024,Эксплуатация спортивных сооружений,false,,,,,,35404000,846,,,,,220610000,957,4,Деятельность в области спорта,ПАВЛОДАРСКАЯ ОБЛАСТЬ,ИРТЫШСКИЙ РАЙОН
449025,Эксплуатация спортивных сооружений,true,,,,,,35404000,846,,,,,220610000,957,5,Эксплуатация спортивных сооружений,ПАВЛОДАРСКАЯ ОБЛАСТЬ,ИРТЫШСКИЙ РАЙОН
449030,Прочая деятельность в области спорта,false,,,,,,,,,,63207000,994,,,4,Деятельность в области спорта,ПАВЛОДАРСКАЯ ОБЛАСТЬ,ИРТЫШСКИЙ РАЙОН
449031,Прочая деятельность в области спорта,true,,,,,,,,,,63207000,994,,,5,Прочая деятельность в области спорта,ПАВЛОДАРСКАЯ ОБЛАСТЬ,ИРТЫШСКИЙ РАЙОН
449032,Деятельность по организации отдыха и развлечений,false,,135422000,883,284072000,920,6120000,846,379034000,1031,1945000,994,x,957,3,"Деятельность в области спорта, организации отдыха и развлечений",ПАВЛОДАРСКАЯ ОБЛАСТЬ,ИРТЫШСКИЙ РАЙОН
449035,Прочая деятельность по организации отдыха и развлечений,false,,135422000,883,284072000,920,6120000,846,379034000,1031,1945000,994,x,957,4,Деятельность по организации отдыха и развлечений,ПАВЛОДАРСКАЯ ОБЛАСТЬ,ИРТЫШСКИЙ РАЙОН
449039,Прочие виды деятельности по организации отдыха и развлечений,true,,135422000,883,284072000,920,6120000,846,379034000,1031,1945000,994,x,957,5,Прочая деятельность по организации отдыха и развлечений,ПАВЛОДАРСКАЯ ОБЛАСТЬ,ИРТЫШСКИЙ РАЙОН
449040,Предоставление прочих видов услуг,false,,,,,,,,,,15406000,994,,,1,Всего,ПАВЛОДАРСКАЯ ОБЛАСТЬ,ИРТЫШСКИЙ РАЙОН
449041,Деятельность общественных объединений (организаций),false,,,,,,,,,,15406000,994,,,2,Предоставление прочих видов услуг,ПАВЛОДАРСКАЯ ОБЛАСТЬ,ИРТЫШСКИЙ РАЙОН
449050,Деятельность прочих общественных  объединений,false,,,,,,,,,,15406000,994,,,3,Деятельность общественных объединений (организаций),ПАВЛОДАРСКАЯ ОБЛАСТЬ,ИРТЫШСКИЙ РАЙОН
449051,Деятельность религиозных организаций,false,,,,,,,,,,15406000,994,,,4,Деятельность прочих общественных  объединений,ПАВЛОДАРСКАЯ ОБЛАСТЬ,ИРТЫШСКИЙ РАЙОН
449052,Деятельность религиозных организаций,true,,,,,,,,,,15406000,994,,,5,Деятельность религиозных организаций,ПАВЛОДАРСКАЯ ОБЛАСТЬ,ИРТЫШСКИЙ РАЙОН
741340,Промышленность,false,,1217094000,883,1175429000,920,407927000,846,1628572000,1031,2189053000,994,1026529000,957,1,Всего,ПАВЛОДАРСКАЯ ОБЛАСТЬ,ИРТЫШСКИЙ РАЙОН
447346,Обрабатывающая промышленность,false,,116156000,883,460714000,920,,,,,,,x,957,2,Промышленность,ПАВЛОДАРСКАЯ ОБЛАСТЬ,ИРТЫШСКИЙ РАЙОН
447347,Производство продуктов питания,false,,107500000,883,460000000,920,,,,,,,x,957,3,Обрабатывающая промышленность,ПАВЛОДАРСКАЯ ОБЛАСТЬ,ИРТЫШСКИЙ РАЙОН
447348,Переработка и консервирование мяса и производство мясной продукции,false,,,,,,,,,,,,x,957,4,Производство продуктов питания,ПАВЛОДАРСКАЯ ОБЛАСТЬ,ИРТЫШСКИЙ РАЙОН
447353,Производство продуктов из мяса и мяса сельскохозяйственной птицы ,false,,,,,,,,,,,,x,957,5,Переработка и консервирование мяса и производство мясной продукции,ПАВЛОДАРСКАЯ ОБЛАСТЬ,ИРТЫШСКИЙ РАЙОН
447365,Производство растительных и животных масел и жиров,false,,,,450000000,920,,,,,,,,,4,Производство продуктов питания,ПАВЛОДАРСКАЯ ОБЛАСТЬ,ИРТЫШСКИЙ РАЙОН
447366,Производство масел и жиров,false,,,,450000000,920,,,,,,,,,5,Производство растительных и животных масел и жиров,ПАВЛОДАРСКАЯ ОБЛАСТЬ,ИРТЫШСКИЙ РАЙОН
447384,"Производство  хлебобулочных, макаронных и мучных кондитерских изделий",false,,107500000,883,10000000,920,,,,,,,,,4,Производство продуктов питания,ПАВЛОДАРСКАЯ ОБЛАСТЬ,ИРТЫШСКИЙ РАЙОН
447385,Производство хлебобулочных и мучных кондитерских изделий недлительного хранения,false,,7500000,883,10000000,920,,,,,,,,,5,"Производство  хлебобулочных, макаронных и мучных кондитерских изделий",ПАВЛОДАРСКАЯ ОБЛАСТЬ,ИРТЫШСКИЙ РАЙОН
447389,Производство макаронных изделий,false,,x,883,,,,,,,,,,,5,"Производство  хлебобулочных, макаронных и мучных кондитерских изделий",ПАВЛОДАРСКАЯ ОБЛАСТЬ,ИРТЫШСКИЙ РАЙОН
447413,Производство напитков,false,,,,x,920,,,,,,,,,3,Обрабатывающая промышленность,ПАВЛОДАРСКАЯ ОБЛАСТЬ,ИРТЫШСКИЙ РАЙОН
447414,Производство напитков,false,,,,x,920,,,,,,,,,4,Производство напитков,ПАВЛОДАРСКАЯ ОБЛАСТЬ,ИРТЫШСКИЙ РАЙОН
447423,Производство пива,false,,,,x,920,,,,,,,,,5,Производство напитков,ПАВЛОДАРСКАЯ ОБЛАСТЬ,ИРТЫШСКИЙ РАЙОН
448050,Ремонт и установка машин и оборудования,false,,8656000,883,,,,,,,,,,,3,Обрабатывающая промышленность,ПАВЛОДАРСКАЯ ОБЛАСТЬ,ИРТЫШСКИЙ РАЙОН
448051,"Ремонт готовых металлических изделий, машин и оборудования",false,,8656000,883,,,,,,,,,,,4,Ремонт и установка машин и оборудования,ПАВЛОДАРСКАЯ ОБЛАСТЬ,ИРТЫШСКИЙ РАЙОН
448059,Ремонт машин и оборудования,false,,8656000,883,,,,,,,,,,,5,"Ремонт готовых металлических изделий, машин и оборудования",ПАВЛОДАРСКАЯ ОБЛАСТЬ,ИРТЫШСКИЙ РАЙОН
448090,"Снабжение электроэнергией, газом, паром, горячей водой и кондиционированным воздухом",false,,156140000,883,x,920,20822000,846,176463000,1031,x,994,x,957,2,Промышленность,ПАВЛОДАРСКАЯ ОБЛАСТЬ,ИРТЫШСКИЙ РАЙОН
448091,"Снабжение электроэнергией, газом, паром, горячей водой и кондиционированным воздухом",false,,156140000,883,x,920,20822000,846,176463000,1031,x,994,x,957,3,"Снабжение электроэнергией, газом, паром, горячей водой и кондиционированным воздухом",ПАВЛОДАРСКАЯ ОБЛАСТЬ,ИРТЫШСКИЙ РАЙОН
448092,"Производство, передача и распределение электроэнергии",false,,x,883,x,920,13796000,846,170590000,1031,x,994,x,957,4,"Снабжение электроэнергией, газом, паром, горячей водой и кондиционированным воздухом",ПАВЛОДАРСКАЯ ОБЛАСТЬ,ИРТЫШСКИЙ РАЙОН
448098,Передача электроэнергии,false,,x,883,x,920,x,846,x,1031,x,994,x,957,5,"Производство, передача и распределение электроэнергии",ПАВЛОДАРСКАЯ ОБЛАСТЬ,ИРТЫШСКИЙ РАЙОН
448100,Распределение электроэнергии,false,,,,,,7007000,846,19715000,1031,,,,,5,"Производство, передача и распределение электроэнергии",ПАВЛОДАРСКАЯ ОБЛАСТЬ,ИРТЫШСКИЙ РАЙОН
448111,"Снабжение паром, горячей водой и кондиционированным воздухом",false,,119274000,883,,,x,846,5873000,1031,,,,,4,"Снабжение электроэнергией, газом, паром, горячей водой и кондиционированным воздухом",ПАВЛОДАРСКАЯ ОБЛАСТЬ,ИРТЫШСКИЙ РАЙОН
448112,"Снабжение паром, горячей водой и кондиционированным воздухом",false,,119274000,883,,,x,846,5873000,1031,,,,,5,"Снабжение паром, горячей водой и кондиционированным воздухом",ПАВЛОДАРСКАЯ ОБЛАСТЬ,ИРТЫШСКИЙ РАЙОН
448117,"Водоснабжение; сбор, обработка и удаление отходов, деятельность по ликвидации загрязнений",false,,944798000,883,713623000,920,387105000,846,1452109000,1031,2095663000,994,690706000,957,2,Промышленность,ПАВЛОДАРСКАЯ ОБЛАСТЬ,ИРТЫШСКИЙ РАЙОН
448118,"Сбор, обработка и распределение воды",false,,944798000,883,713623000,920,387105000,846,1452109000,1031,2095663000,994,690706000,957,3,"Водоснабжение; сбор, обработка и удаление отходов, деятельность по ликвидации загрязнений",ПАВЛОДАРСКАЯ ОБЛАСТЬ,ИРТЫШСКИЙ РАЙОН
448119,"Сбор, обработка и распределение воды",false,,944798000,883,713623000,920,387105000,846,1452109000,1031,2095663000,994,690706000,957,4,"Сбор, обработка и распределение воды",ПАВЛОДАРСКАЯ ОБЛАСТЬ,ИРТЫШСКИЙ РАЙОН
448120,"Сбор, обработка и распределение воды",false,,944798000,883,713623000,920,387105000,846,1452109000,1031,2095663000,994,690706000,957,5,"Сбор, обработка и распределение воды",ПАВЛОДАРСКАЯ ОБЛАСТЬ,ИРТЫШСКИЙ РАЙОН
741885,Всего,false,,9659225000,883,10527431000,920,7716190000,846,20779445000,1031,9421893000,994,11502655000,957,0,,ПАВЛОДАРСКАЯ ОБЛАСТЬ,РАЙОН ТЕРЕҢКӨЛ
447173,"Сельское, лесное и рыбное хозяйство",false,,3098336000,883,6622107000,920,4497674000,846,9957202000,1031,4363811000,994,9341822000,957,1,Всего,ПАВЛОДАРСКАЯ ОБЛАСТЬ,РАЙОН ТЕРЕҢКӨЛ
447174,"Растениеводство и животноводство, охота и предоставление услуг в этих областях",false,,3098336000,883,6622107000,920,4497674000,846,9957202000,1031,4363811000,994,9341822000,957,2,"Сельское, лесное и рыбное хозяйство",ПАВЛОДАРСКАЯ ОБЛАСТЬ,РАЙОН ТЕРЕҢКӨЛ
447175,Выращивание одно- или двухлетних культур,false,,2893940000,883,5633108000,920,3060641000,846,3802912000,1031,3840986000,994,7850172000,957,3,"Растениеводство и животноводство, охота и предоставление услуг в этих областях",ПАВЛОДАРСКАЯ ОБЛАСТЬ,РАЙОН ТЕРЕҢКӨЛ
447176,"Выращивание зерновых (кроме риса), бобовых и масличных культур",false,,2848756000,883,5318267000,920,2990077000,846,3749201000,1031,3000998000,994,6924261000,957,4,Выращивание одно- или двухлетних культур,ПАВЛОДАРСКАЯ ОБЛАСТЬ,РАЙОН ТЕРЕҢКӨЛ
3783380,"Выращивание зерновых и зернобобовых культур, включая семеноводство",true,,2810180000,883,5176565000,920,2990077000,846,3001841000,1031,2790403000,994,6744197000,957,5,"Выращивание зерновых (кроме риса), бобовых и масличных культур",ПАВЛОДАРСКАЯ ОБЛАСТЬ,РАЙОН ТЕРЕҢКӨЛ
447178,Выращивание масличных культур и их семян,true,,38576000,883,141702000,920,,,747360000,1031,210595000,994,180064000,957,5,"Выращивание зерновых (кроме риса), бобовых и масличных культур",ПАВЛОДАРСКАЯ ОБЛАСТЬ,РАЙОН ТЕРЕҢКӨЛ
447181,"Выращивание овощей, бахчевых, корнеплодов и клубнеплодов",false,,,,284800000,920,52623000,846,39711000,1031,433952000,994,894712000,957,4,Выращивание одно- или двухлетних культур,ПАВЛОДАРСКАЯ ОБЛАСТЬ,РАЙОН ТЕРЕҢКӨЛ
447182,Выращивание картофеля и посадочного материала,true,,,,177221000,920,45511000,846,4205000,1031,350576000,994,782771000,957,5,"Выращивание овощей, бахчевых, корнеплодов и клубнеплодов",ПАВЛОДАРСКАЯ ОБЛАСТЬ,РАЙОН ТЕРЕҢКӨЛ
447183,"Выращивание овощей, их семян и рассады",true,,,,107579000,920,7112000,846,35506000,1031,83376000,994,111941000,957,5,"Выращивание овощей, бахчевых, корнеплодов и клубнеплодов",ПАВЛОДАРСКАЯ ОБЛАСТЬ,РАЙОН ТЕРЕҢКӨЛ
447192,Выращивание прочих одно- или двухлетних культур,false,,45184000,883,30041000,920,17941000,846,14000000,1031,406036000,994,31199000,957,4,Выращивание одно- или двухлетних культур,ПАВЛОДАРСКАЯ ОБЛАСТЬ,РАЙОН ТЕРЕҢКӨЛ
447193,Выращивание кормовых культур и их семян,true,,15892000,883,30041000,920,4581000,846,14000000,1031,96352000,994,30429000,957,5,Выращивание прочих одно- или двухлетних культур,ПАВЛОДАРСКАЯ ОБЛАСТЬ,РАЙОН ТЕРЕҢКӨЛ
447195,"Выращивание прочих одно- или двухлетних культур, не включенных в другие группировки",true,,29292000,883,,,13360000,846,,,309684000,994,770000,957,5,Выращивание прочих одно- или двухлетних культур,ПАВЛОДАРСКАЯ ОБЛАСТЬ,РАЙОН ТЕРЕҢКӨЛ
447218,Животноводство,false,,190667000,883,875211000,920,1437033000,846,6154290000,1031,522825000,994,1491650000,957,3,"Растениеводство и животноводство, охота и предоставление услуг в этих областях",ПАВЛОДАРСКАЯ ОБЛАСТЬ,РАЙОН ТЕРЕҢКӨЛ
447219,Разведение крупного рогатого скота молочного направления,false,,147542000,883,719075000,920,1236224000,846,6094222000,1031,410747000,994,1384820000,957,4,Животноводство,ПАВЛОДАРСКАЯ ОБЛАСТЬ,РАЙОН ТЕРЕҢКӨЛ
447220,Разведение крупного рогатого скота молочного направления,true,,147542000,883,719075000,920,1236224000,846,6094222000,1031,410747000,994,1384820000,957,5,Разведение крупного рогатого скота молочного направления,ПАВЛОДАРСКАЯ ОБЛАСТЬ,РАЙОН ТЕРЕҢКӨЛ
447221,Разведение прочего крупного рогатого скота и буйволов,false,,32241000,883,102861000,920,196369000,846,20200000,1031,674000,994,10723000,957,4,Животноводство,ПАВЛОДАРСКАЯ ОБЛАСТЬ,РАЙОН ТЕРЕҢКӨЛ
447222,Разведение прочего крупного рогатого скота и буйволов,true,,32241000,883,102861000,920,196369000,846,20200000,1031,674000,994,10723000,957,5,Разведение прочего крупного рогатого скота и буйволов,ПАВЛОДАРСКАЯ ОБЛАСТЬ,РАЙОН ТЕРЕҢКӨЛ
447223,Разведение лошадей и прочих животных семейства лошадиных,false,,6000000,883,,,,,26920000,1031,,,,,4,Животноводство,ПАВЛОДАРСКАЯ ОБЛАСТЬ,РАЙОН ТЕРЕҢКӨЛ
447224,Разведение лошадей,true,,6000000,883,,,,,26920000,1031,,,,,5,Разведение лошадей и прочих животных семейства лошадиных,ПАВЛОДАРСКАЯ ОБЛАСТЬ,РАЙОН ТЕРЕҢКӨЛ
447228,Разведение овец и коз,false,,2000000,883,,,,,,,x,994,x,957,4,Животноводство,ПАВЛОДАРСКАЯ ОБЛАСТЬ,РАЙОН ТЕРЕҢКӨЛ
447229,Разведение овец и коз,true,,2000000,883,,,,,,,x,994,x,957,5,Разведение овец и коз,ПАВЛОДАРСКАЯ ОБЛАСТЬ,РАЙОН ТЕРЕҢКӨЛ
447232,Разведение сельскохозяйственной птицы ,false,,,,50150000,920,,,,,,,,,4,Животноводство,ПАВЛОДАРСКАЯ ОБЛАСТЬ,РАЙОН ТЕРЕҢКӨЛ
447235,"Производство смешанное, мясояичное",true,,,,50150000,920,,,,,,,,,5,Разведение сельскохозяйственной птицы ,ПАВЛОДАРСКАЯ ОБЛАСТЬ,РАЙОН ТЕРЕҢКӨЛ
447237,Разведение прочих видов животных,false,,2884000,883,3125000,920,4440000,846,12948000,1031,16651000,994,19433000,957,4,Животноводство,ПАВЛОДАРСКАЯ ОБЛАСТЬ,РАЙОН ТЕРЕҢКӨЛ
447238,Разведение прочих видов животных,true,,2884000,883,3125000,920,4440000,846,12948000,1031,16651000,994,19433000,957,5,Разведение прочих видов животных,ПАВЛОДАРСКАЯ ОБЛАСТЬ,РАЙОН ТЕРЕҢКӨЛ
18683346,"Деятельность, способствующая выращиванию сельскохозяйственных культур и разведению животных и деятельность по обработке урожая",false,,13729000,883,113788000,920,,,,,,,,,3,"Растениеводство и животноводство, охота и предоставление услуг в этих областях",ПАВЛОДАРСКАЯ ОБЛАСТЬ,РАЙОН ТЕРЕҢКӨЛ
18683347,"Деятельность, способствующая растениеводству",false,,13729000,883,113788000,920,,,,,,,,,4,"Деятельность, способствующая выращиванию сельскохозяйственных культур и разведению животных и деятельность по обработке урожая",ПАВЛОДАРСКАЯ ОБЛАСТЬ,РАЙОН ТЕРЕҢКӨЛ
18683348,"Деятельность, способствующая растениеводству, кроме эксплуатации оросительных систем",true,,13729000,883,113788000,920,,,,,,,,,5,"Деятельность, способствующая растениеводству",ПАВЛОДАРСКАЯ ОБЛАСТЬ,РАЙОН ТЕРЕҢКӨЛ
448215,Оптовая и розничная торговля; ремонт автомобилей и мотоциклов,false,,22427000,883,5535000,920,,,x,1031,70731000,994,153301000,957,1,Всего,ПАВЛОДАРСКАЯ ОБЛАСТЬ,РАЙОН ТЕРЕҢКӨЛ
448216,Оптовая и розничная торговля автомобилями и мотоциклами и их ремонт,false,,x,883,,,,,,,x,994,,,2,Оптовая и розничная торговля; ремонт автомобилей и мотоциклов,ПАВЛОДАРСКАЯ ОБЛАСТЬ,РАЙОН ТЕРЕҢКӨЛ
448224,Техническое обслуживание и ремонт автомобилей,false,,x,883,,,,,,,x,994,,,3,Оптовая и розничная торговля автомобилями и мотоциклами и их ремонт,ПАВЛОДАРСКАЯ ОБЛАСТЬ,РАЙОН ТЕРЕҢКӨЛ
448225,Техническое обслуживание и ремонт автомобилей,false,,x,883,,,,,,,x,994,,,4,Техническое обслуживание и ремонт автомобилей,ПАВЛОДАРСКАЯ ОБЛАСТЬ,РАЙОН ТЕРЕҢКӨЛ
20575904,"Техническое обслуживание и ремонт автомобилей, за исключением произведенных станциями технического обслуживания, находящимися на придорожной полосе",true,,x,883,,,,,,,x,994,,,5,Техническое обслуживание и ремонт автомобилей,ПАВЛОДАРСКАЯ ОБЛАСТЬ,РАЙОН ТЕРЕҢКӨЛ
448237,"Оптовая торговля, за исключением торговли автомобилями и мотоциклами",false,,,,5000000,920,,,x,1031,13170000,994,,,2,Оптовая и розничная торговля; ремонт автомобилей и мотоциклов,ПАВЛОДАРСКАЯ ОБЛАСТЬ,РАЙОН ТЕРЕҢКӨЛ
448267,"Оптовая торговля продуктами питания, напитками и табачными изделиями",false,,,,5000000,920,,,,,13170000,994,,,3,"Оптовая торговля, за исключением торговли автомобилями и мотоциклами",ПАВЛОДАРСКАЯ ОБЛАСТЬ,РАЙОН ТЕРЕҢКӨЛ
448272,"Оптовая торговля молочными продуктами, яйцами и пищевыми маслами и жирами",false,,,,5000000,920,,,,,13170000,994,,,4,"Оптовая торговля продуктами питания, напитками и табачными изделиями",ПАВЛОДАРСКАЯ ОБЛАСТЬ,РАЙОН ТЕРЕҢКӨЛ
448273,"Оптовая торговля молочными продуктами, яйцами и пищевыми маслами и жирами",true,,,,5000000,920,,,,,13170000,994,,,5,"Оптовая торговля молочными продуктами, яйцами и пищевыми маслами и жирами",ПАВЛОДАРСКАЯ ОБЛАСТЬ,РАЙОН ТЕРЕҢКӨЛ
448371,Неспециализированная оптовая торговля,false,,,,,,,,x,1031,,,,,3,"Оптовая торговля, за исключением торговли автомобилями и мотоциклами",ПАВЛОДАРСКАЯ ОБЛАСТЬ,РАЙОН ТЕРЕҢКӨЛ
448372,Неспециализированная оптовая торговля,false,,,,,,,,x,1031,,,,,4,Неспециализированная оптовая торговля,ПАВЛОДАРСКАЯ ОБЛАСТЬ,РАЙОН ТЕРЕҢКӨЛ
448376,Оптовая торговля широким ассортиментом товаров без какой-либо конкретизации,true,,,,,,,,x,1031,,,,,5,Неспециализированная оптовая торговля,ПАВЛОДАРСКАЯ ОБЛАСТЬ,РАЙОН ТЕРЕҢКӨЛ
448377,"Розничная торговля, кроме торговли автомобилями и мотоциклами",false,,20107000,883,x,920,,,,,4984000,994,153301000,957,2,Оптовая и розничная торговля; ремонт автомобилей и мотоциклов,ПАВЛОДАРСКАЯ ОБЛАСТЬ,РАЙОН ТЕРЕҢКӨЛ
448399,Розничная торговля топливом в специализированных магазинах,false,,20107000,883,x,920,,,,,4984000,994,153301000,957,3,"Розничная торговля, кроме торговли автомобилями и мотоциклами",ПАВЛОДАРСКАЯ ОБЛАСТЬ,РАЙОН ТЕРЕҢКӨЛ
448400,Розничная торговля топливом в специализированных магазинах,false,,20107000,883,x,920,,,,,4984000,994,153301000,957,4,Розничная торговля топливом в специализированных магазинах,ПАВЛОДАРСКАЯ ОБЛАСТЬ,РАЙОН ТЕРЕҢКӨЛ
20576124,"Розничная торговля моторным топливом в специализированных магазинах, за исключением находящихся на придорожной полосе",true,,,,x,920,,,,,4984000,994,x,957,5,Розничная торговля топливом в специализированных магазинах,ПАВЛОДАРСКАЯ ОБЛАСТЬ,РАЙОН ТЕРЕҢКӨЛ
20576126,"Розничная торговля моторным топливом в специализированных магазинах, находящихся на придорожной полосе",true,,20107000,883,,,,,,,,,21507000,957,5,Розничная торговля топливом в специализированных магазинах,ПАВЛОДАРСКАЯ ОБЛАСТЬ,РАЙОН ТЕРЕҢКӨЛ
448475,Транспорт и складирование,false,,1519757000,883,135565000,920,807812000,846,817306000,1031,155604000,994,31489000,957,1,Всего,ПАВЛОДАРСКАЯ ОБЛАСТЬ,РАЙОН ТЕРЕҢКӨЛ
448476,Деятельность сухопутного и трубопроводного транспорта ,false,,,,,,,,,,12040000,994,,,2,Транспорт и складирование,ПАВЛОДАРСКАЯ ОБЛАСТЬ,РАЙОН ТЕРЕҢКӨЛ
448494,Деятельность грузового автомобильного транспорта и предоставление услуг по переезду ,false,,,,,,,,,,12040000,994,,,3,Деятельность сухопутного и трубопроводного транспорта ,ПАВЛОДАРСКАЯ ОБЛАСТЬ,РАЙОН ТЕРЕҢКӨЛ
448497,Предоставление услуг по переезду,false,,,,,,,,,,12040000,994,,,4,Деятельность грузового автомобильного транспорта и предоставление услуг по переезду ,ПАВЛОДАРСКАЯ ОБЛАСТЬ,РАЙОН ТЕРЕҢКӨЛ
448498,Предоставление услуг по переезду,true,,,,,,,,,,12040000,994,,,5,Предоставление услуг по переезду,ПАВЛОДАРСКАЯ ОБЛАСТЬ,РАЙОН ТЕРЕҢКӨЛ
448527,Складирование грузов и вспомогательная транспортная деятельность,false,,1519757000,883,135565000,920,807812000,846,817306000,1031,143564000,994,31489000,957,2,Транспорт и складирование,ПАВЛОДАРСКАЯ ОБЛАСТЬ,РАЙОН ТЕРЕҢКӨЛ
448528,Складирование и хранение грузов,false,,120400000,883,x,920,,,,,143564000,994,31489000,957,3,Складирование грузов и вспомогательная транспортная деятельность,ПАВЛОДАРСКАЯ ОБЛАСТЬ,РАЙОН ТЕРЕҢКӨЛ
448529,Складирование и хранение грузов,false,,120400000,883,x,920,,,,,143564000,994,31489000,957,4,Складирование и хранение грузов,ПАВЛОДАРСКАЯ ОБЛАСТЬ,РАЙОН ТЕРЕҢКӨЛ
448530,Складирование и хранение зерна,true,,,,x,920,,,,,143564000,994,31489000,957,5,Складирование и хранение грузов,ПАВЛОДАРСКАЯ ОБЛАСТЬ,РАЙОН ТЕРЕҢКӨЛ
20576309,Складирование и хранение овощей и фруктов,true,,120400000,883,,,,,,,,,,,5,Складирование и хранение грузов,ПАВЛОДАРСКАЯ ОБЛАСТЬ,РАЙОН ТЕРЕҢКӨЛ
448533,Вспомогательная транспортная деятельность,false,,1399357000,883,112200000,920,807812000,846,817306000,1031,,,,,3,Складирование грузов и вспомогательная транспортная деятельность,ПАВЛОДАРСКАЯ ОБЛАСТЬ,РАЙОН ТЕРЕҢКӨЛ
448534,Вспомогательная деятельность сухопутного транспорта,false,,1399357000,883,112200000,920,807812000,846,817306000,1031,,,,,4,Вспомогательная транспортная деятельность,ПАВЛОДАРСКАЯ ОБЛАСТЬ,РАЙОН ТЕРЕҢКӨЛ
448536,Эксплуатация автомобильных дорог,true,,1399357000,883,76422000,920,807812000,846,817306000,1031,,,,,5,Вспомогательная деятельность сухопутного транспорта,ПАВЛОДАРСКАЯ ОБЛАСТЬ,РАЙОН ТЕРЕҢКӨЛ
448538,Деятельность автомобильных стоянок,true,,,,x,920,,,,,,,,,5,Вспомогательная деятельность сухопутного транспорта,ПАВЛОДАРСКАЯ ОБЛАСТЬ,РАЙОН ТЕРЕҢКӨЛ
448558,Предоставление услуг по проживанию и питанию,false,,500000000,883,,,620000000,846,6971000,1031,,,,,1,Всего,ПАВЛОДАРСКАЯ ОБЛАСТЬ,РАЙОН ТЕРЕҢКӨЛ
3783427,Предоставление услуг по временному проживанию,false,,500000000,883,,,500000000,846,6971000,1031,,,,,2,Предоставление услуг по проживанию и питанию,ПАВЛОДАРСКАЯ ОБЛАСТЬ,РАЙОН ТЕРЕҢКӨЛ
3783432,Предоставление жилья на выходные дни и прочие периоды краткосрочного проживания,false,,500000000,883,,,500000000,846,,,,,,,3,Предоставление услуг по временному проживанию,ПАВЛОДАРСКАЯ ОБЛАСТЬ,РАЙОН ТЕРЕҢКӨЛ
3783433,Предоставление жилья на выходные дни и прочие периоды краткосрочного проживания,false,,500000000,883,,,500000000,846,,,,,,,4,Предоставление жилья на выходные дни и прочие периоды краткосрочного проживания,ПАВЛОДАРСКАЯ ОБЛАСТЬ,РАЙОН ТЕРЕҢКӨЛ
3783434,Предоставление жилья на выходные дни и прочие периоды краткосрочного проживания,true,,500000000,883,,,500000000,846,,,,,,,5,Предоставление жилья на выходные дни и прочие периоды краткосрочного проживания,ПАВЛОДАРСКАЯ ОБЛАСТЬ,РАЙОН ТЕРЕҢКӨЛ
3783441,Предоставление услуг прочими местами для проживания,false,,,,,,,,6971000,1031,,,,,3,Предоставление услуг по временному проживанию,ПАВЛОДАРСКАЯ ОБЛАСТЬ,РАЙОН ТЕРЕҢКӨЛ
3783442,Предоставление услуг прочими местами для проживания,false,,,,,,,,6971000,1031,,,,,4,Предоставление услуг прочими местами для проживания,ПАВЛОДАРСКАЯ ОБЛАСТЬ,РАЙОН ТЕРЕҢКӨЛ
20576357,"Предоставление услуг прочими местами для проживания, не включенными в другие категории",true,,,,,,,,6971000,1031,,,,,5,Предоставление услуг прочими местами для проживания,ПАВЛОДАРСКАЯ ОБЛАСТЬ,РАЙОН ТЕРЕҢКӨЛ
448573,Предоставление услуг по обеспечению питанием и напитками,false,,,,,,120000000,846,,,,,,,2,Предоставление услуг по проживанию и питанию,ПАВЛОДАРСКАЯ ОБЛАСТЬ,РАЙОН ТЕРЕҢКӨЛ
448574,Деятельность ресторанов и предоставление услуг по доставке продуктов питания,false,,,,,,120000000,846,,,,,,,3,Предоставление услуг по обеспечению питанием и напитками,ПАВЛОДАРСКАЯ ОБЛАСТЬ,РАЙОН ТЕРЕҢКӨЛ
448575,Деятельность ресторанов и предоставление услуг по доставке продуктов питания,false,,,,,,120000000,846,,,,,,,4,Деятельность ресторанов и предоставление услуг по доставке продуктов питания,ПАВЛОДАРСКАЯ ОБЛАСТЬ,РАЙОН ТЕРЕҢКӨЛ
448576,Рестораны и услуги по доставке продуктов питания,true,,,,,,120000000,846,,,,,,,5,Деятельность ресторанов и предоставление услуг по доставке продуктов питания,ПАВЛОДАРСКАЯ ОБЛАСТЬ,РАЙОН ТЕРЕҢКӨЛ
448585,Информация и связь,false,,33538000,883,x,920,153095000,846,25354000,1031,,,30403000,957,1,Всего,ПАВЛОДАРСКАЯ ОБЛАСТЬ,РАЙОН ТЕРЕҢКӨЛ
448623,Телекоммуникации,false,,33538000,883,x,920,153095000,846,25354000,1031,,,30403000,957,2,Информация и связь,ПАВЛОДАРСКАЯ ОБЛАСТЬ,РАЙОН ТЕРЕҢКӨЛ
18696628,Проводная телекоммуникационная связь,false,,3524000,883,,,,,,,,,,,3,Телекоммуникации,ПАВЛОДАРСКАЯ ОБЛАСТЬ,РАЙОН ТЕРЕҢКӨЛ
18696629,Проводная телекоммуникационная связь,false,,3524000,883,,,,,,,,,,,4,Проводная телекоммуникационная связь,ПАВЛОДАРСКАЯ ОБЛАСТЬ,РАЙОН ТЕРЕҢКӨЛ
18946146,Прочая проводная телекоммуникационная связь,true,,3524000,883,,,,,,,,,,,5,Проводная телекоммуникационная связь,ПАВЛОДАРСКАЯ ОБЛАСТЬ,РАЙОН ТЕРЕҢКӨЛ
448627,Беспроводная телекоммуникационная связь,false,,30014000,883,x,920,153095000,846,25354000,1031,,,30403000,957,3,Телекоммуникации,ПАВЛОДАРСКАЯ ОБЛАСТЬ,РАЙОН ТЕРЕҢКӨЛ
448628,Беспроводная телекоммуникационная связь,false,,30014000,883,x,920,153095000,846,25354000,1031,,,30403000,957,4,Беспроводная телекоммуникационная связь,ПАВЛОДАРСКАЯ ОБЛАСТЬ,РАЙОН ТЕРЕҢКӨЛ
18946147,Беспроводная телекоммуникационная связь посредством единой транспортной среды,true,,,,,,,,20318000,1031,,,30403000,957,5,Беспроводная телекоммуникационная связь,ПАВЛОДАРСКАЯ ОБЛАСТЬ,РАЙОН ТЕРЕҢКӨЛ
18946149,Прочая беспроводная телекоммуникационная связь,true,,30014000,883,x,920,153095000,846,x,1031,,,,,5,Беспроводная телекоммуникационная связь,ПАВЛОДАРСКАЯ ОБЛАСТЬ,РАЙОН ТЕРЕҢКӨЛ
448714,Операции с недвижимым имуществом,false,,220000000,883,353165000,920,244105000,846,967653000,1031,608482000,994,305500000,957,1,Всего,ПАВЛОДАРСКАЯ ОБЛАСТЬ,РАЙОН ТЕРЕҢКӨЛ
448715,Операции с недвижимым имуществом,false,,220000000,883,353165000,920,244105000,846,967653000,1031,608482000,994,305500000,957,2,Операции с недвижимым имуществом,ПАВЛОДАРСКАЯ ОБЛАСТЬ,РАЙОН ТЕРЕҢКӨЛ
448716,Покупка и продажа собственного недвижимого имущества ,false,,220000000,883,353165000,920,244105000,846,967653000,1031,599000000,994,305500000,957,3,Операции с недвижимым имуществом,ПАВЛОДАРСКАЯ ОБЛАСТЬ,РАЙОН ТЕРЕҢКӨЛ
448717,Покупка и продажа собственного недвижимого имущества ,false,,220000000,883,353165000,920,244105000,846,967653000,1031,599000000,994,305500000,957,4,Покупка и продажа собственного недвижимого имущества ,ПАВЛОДАРСКАЯ ОБЛАСТЬ,РАЙОН ТЕРЕҢКӨЛ
543091,Покупка и продажа многоквартирных и жилых домов (особняков),true,,220000000,883,353165000,920,206000000,846,967653000,1031,599000000,994,305500000,957,5,Покупка и продажа собственного недвижимого имущества ,ПАВЛОДАРСКАЯ ОБЛАСТЬ,РАЙОН ТЕРЕҢКӨЛ
543092,Покупка и продажа прочей недвижимости,true,,,,,,38105000,846,,,,,,,5,Покупка и продажа собственного недвижимого имущества ,ПАВЛОДАРСКАЯ ОБЛАСТЬ,РАЙОН ТЕРЕҢКӨЛ
448719,Аренда и управление собственной или арендуемой недвижимостью,false,,,,,,,,,,9482000,994,,,3,Операции с недвижимым имуществом,ПАВЛОДАРСКАЯ ОБЛАСТЬ,РАЙОН ТЕРЕҢКӨЛ
448720,Аренда и управление собственной или арендуемой недвижимостью,false,,,,,,,,,,9482000,994,,,4,Аренда и управление собственной или арендуемой недвижимостью,ПАВЛОДАРСКАЯ ОБЛАСТЬ,РАЙОН ТЕРЕҢКӨЛ
18946171,Аренда и управление собственной недвижимостью,true,,,,,,,,,,9482000,994,,,5,Аренда и управление собственной или арендуемой недвижимостью,ПАВЛОДАРСКАЯ ОБЛАСТЬ,РАЙОН ТЕРЕҢКӨЛ
448797,Деятельность в области административного и вспомогательного обслуживания,false,,,,,,,,1695000,1031,,,,,1,Всего,ПАВЛОДАРСКАЯ ОБЛАСТЬ,РАЙОН ТЕРЕҢКӨЛ
448856,Деятельность по обслуживанию зданий и благоустройству территорий,false,,,,,,,,1695000,1031,,,,,2,Деятельность в области административного и вспомогательного обслуживания,ПАВЛОДАРСКАЯ ОБЛАСТЬ,РАЙОН ТЕРЕҢКӨЛ
448867,Деятельность по благоустройству территорий,false,,,,,,,,1695000,1031,,,,,3,Деятельность по обслуживанию зданий и благоустройству территорий,ПАВЛОДАРСКАЯ ОБЛАСТЬ,РАЙОН ТЕРЕҢКӨЛ
448868,Деятельность по благоустройству территорий,false,,,,,,,,1695000,1031,,,,,4,Деятельность по благоустройству территорий,ПАВЛОДАРСКАЯ ОБЛАСТЬ,РАЙОН ТЕРЕҢКӨЛ
448869,Деятельность по благоустройству территорий,true,,,,,,,,1695000,1031,,,,,5,Деятельность по благоустройству территорий,ПАВЛОДАРСКАЯ ОБЛАСТЬ,РАЙОН ТЕРЕҢКӨЛ
448889,Государственное управление и оборона; обязательное  социальное обеспечение,false,,60670000,883,798000,920,3645000,846,29128000,1031,233285000,994,24102000,957,1,Всего,ПАВЛОДАРСКАЯ ОБЛАСТЬ,РАЙОН ТЕРЕҢКӨЛ
448890,Государственное управление и оборона; обязательное социальное обеспечение,false,,60670000,883,798000,920,3645000,846,29128000,1031,233285000,994,24102000,957,2,Государственное управление и оборона; обязательное  социальное обеспечение,ПАВЛОДАРСКАЯ ОБЛАСТЬ,РАЙОН ТЕРЕҢКӨЛ
448891,Государственное управление общего характера и управление социально-экономическое политикой общества,false,,60670000,883,798000,920,3645000,846,29128000,1031,233285000,994,24102000,957,3,Государственное управление и оборона; обязательное социальное обеспечение,ПАВЛОДАРСКАЯ ОБЛАСТЬ,РАЙОН ТЕРЕҢКӨЛ
448892,Государственное управление общего характера,false,,22614000,883,166000,920,577000,846,12539000,1031,100237000,994,6990000,957,4,Государственное управление общего характера и управление социально-экономическое политикой общества,ПАВЛОДАРСКАЯ ОБЛАСТЬ,РАЙОН ТЕРЕҢКӨЛ
448895,Деятельность местных органов управления,true,,19028000,883,,,x,846,3946000,1031,67674000,994,1269000,957,5,Государственное управление общего характера,ПАВЛОДАРСКАЯ ОБЛАСТЬ,РАЙОН ТЕРЕҢКӨЛ
448896,Деятельность сельских и поселковых органов управления,true,,3586000,883,166000,920,317000,846,8593000,1031,32563000,994,5721000,957,5,Государственное управление общего характера,ПАВЛОДАРСКАЯ ОБЛАСТЬ,РАЙОН ТЕРЕҢКӨЛ
448900,"Регулирование деятельности учреждений здравоохранения, образования, культуры и других социальных услуг, кроме социального обеспечения ",false,,20147000,883,632000,920,,,16589000,1031,64000,994,170000,957,4,Государственное управление общего характера и управление социально-экономическое политикой общества,ПАВЛОДАРСКАЯ ОБЛАСТЬ,РАЙОН ТЕРЕҢКӨЛ
448901,"Регулирование деятельности учреждений здравоохранения, образования, культуры и других социальных услуг, кроме социального обеспечения ",true,,20147000,883,632000,920,,,16589000,1031,64000,994,170000,957,5,"Регулирование деятельности учреждений здравоохранения, образования, культуры и других социальных услуг, кроме социального обеспечения ",ПАВЛОДАРСКАЯ ОБЛАСТЬ,РАЙОН ТЕРЕҢКӨЛ
448902,Регулирование и содействие эффективному ведению экономической деятельности,false,,17909000,883,,,3068000,846,,,132984000,994,16942000,957,4,Государственное управление общего характера и управление социально-экономическое политикой общества,ПАВЛОДАРСКАЯ ОБЛАСТЬ,РАЙОН ТЕРЕҢКӨЛ
448903,Регулирование и содействие эффективному ведению экономической деятельности,true,,17909000,883,,,3068000,846,,,132984000,994,16942000,957,5,Регулирование и содействие эффективному ведению экономической деятельности,ПАВЛОДАРСКАЯ ОБЛАСТЬ,РАЙОН ТЕРЕҢКӨЛ
448918,Образование,false,,130679000,883,216177000,920,51015000,846,448739000,1031,398690000,994,110890000,957,1,Всего,ПАВЛОДАРСКАЯ ОБЛАСТЬ,РАЙОН ТЕРЕҢКӨЛ
448919,Образование,false,,130679000,883,216177000,920,51015000,846,448739000,1031,398690000,994,110890000,957,2,Образование,ПАВЛОДАРСКАЯ ОБЛАСТЬ,РАЙОН ТЕРЕҢКӨЛ
448926,Среднее образование (2-й и 3-й уровни),false,,130679000,883,216177000,920,51015000,846,448739000,1031,398690000,994,110890000,957,3,Образование,ПАВЛОДАРСКАЯ ОБЛАСТЬ,РАЙОН ТЕРЕҢКӨЛ
448927,Основное и общее среднее образование,false,,130679000,883,216177000,920,47079000,846,448739000,1031,398690000,994,110890000,957,4,Среднее образование (2-й и 3-й уровни),ПАВЛОДАРСКАЯ ОБЛАСТЬ,РАЙОН ТЕРЕҢКӨЛ
448928,Основное и общее среднее образование,true,,130679000,883,216177000,920,47079000,846,448739000,1031,398690000,994,110890000,957,5,Основное и общее среднее образование,ПАВЛОДАРСКАЯ ОБЛАСТЬ,РАЙОН ТЕРЕҢКӨЛ
448929,Техническое и профессиональное среднее образование,false,,,,,,x,846,,,,,,,4,Среднее образование (2-й и 3-й уровни),ПАВЛОДАРСКАЯ ОБЛАСТЬ,РАЙОН ТЕРЕҢКӨЛ
448931,Среднее специальное образование,true,,,,,,x,846,,,,,,,5,Техническое и профессиональное среднее образование,ПАВЛОДАРСКАЯ ОБЛАСТЬ,РАЙОН ТЕРЕҢКӨЛ
448950,Здравоохранение и социальное обслуживание населения,false,,x,883,,,x,846,227715000,1031,216941000,994,70451000,957,1,Всего,ПАВЛОДАРСКАЯ ОБЛАСТЬ,РАЙОН ТЕРЕҢКӨЛ
448951,Деятельность в области здравоохранения,false,,x,883,,,x,846,227715000,1031,216941000,994,70451000,957,2,Здравоохранение и социальное обслуживание населения,ПАВЛОДАРСКАЯ ОБЛАСТЬ,РАЙОН ТЕРЕҢКӨЛ
448952,Деятельность больничных организаций,false,,x,883,,,x,846,148083000,1031,214173000,994,70451000,957,3,Деятельность в области здравоохранения,ПАВЛОДАРСКАЯ ОБЛАСТЬ,РАЙОН ТЕРЕҢКӨЛ
448953,Деятельность больничных организаций,false,,x,883,,,x,846,148083000,1031,214173000,994,70451000,957,4,Деятельность больничных организаций,ПАВЛОДАРСКАЯ ОБЛАСТЬ,РАЙОН ТЕРЕҢКӨЛ
448954,Деятельность больниц широкого профиля и специализированных больниц,true,,x,883,,,x,846,148083000,1031,214173000,994,70451000,957,5,Деятельность больничных организаций,ПАВЛОДАРСКАЯ ОБЛАСТЬ,РАЙОН ТЕРЕҢКӨЛ
448959,Деятельность в области врачебной практики и стоматологии,false,,,,,,,,79632000,1031,2768000,994,,,3,Деятельность в области здравоохранения,ПАВЛОДАРСКАЯ ОБЛАСТЬ,РАЙОН ТЕРЕҢКӨЛ
448960,Общая врачебная практика,false,,,,,,,,79632000,1031,2768000,994,,,4,Деятельность в области врачебной практики и стоматологии,ПАВЛОДАРСКАЯ ОБЛАСТЬ,РАЙОН ТЕРЕҢКӨЛ
448961,Общая врачебная практика,true,,,,,,,,79632000,1031,2768000,994,,,5,Общая врачебная практика,ПАВЛОДАРСКАЯ ОБЛАСТЬ,РАЙОН ТЕРЕҢКӨЛ
448991,"Искусство, развлечения и отдых",false,,64449000,883,158631000,920,44033000,846,470870000,1031,178185000,994,154385000,957,1,Всего,ПАВЛОДАРСКАЯ ОБЛАСТЬ,РАЙОН ТЕРЕҢКӨЛ
449004,"Деятельность библиотек, архивов, музеев и прочая деятельность в области культуры",false,,2234000,883,3322000,920,268000,846,3246000,1031,2231000,994,3146000,957,2,"Искусство, развлечения и отдых",ПАВЛОДАРСКАЯ ОБЛАСТЬ,РАЙОН ТЕРЕҢКӨЛ
449005,"Деятельность библиотек, архивов, музеев и прочая деятельность в области культуры",false,,2234000,883,3322000,920,268000,846,3246000,1031,2231000,994,3146000,957,3,"Деятельность библиотек, архивов, музеев и прочая деятельность в области культуры",ПАВЛОДАРСКАЯ ОБЛАСТЬ,РАЙОН ТЕРЕҢКӨЛ
449006,Деятельность библиотек и архивов,false,,2234000,883,3322000,920,268000,846,3246000,1031,2231000,994,3146000,957,4,"Деятельность библиотек, архивов, музеев и прочая деятельность в области культуры",ПАВЛОДАРСКАЯ ОБЛАСТЬ,РАЙОН ТЕРЕҢКӨЛ
449008,"Библиотечная деятельность, включая деятельность читальных залов, лекториев, демонстрационных залов",true,,2234000,883,3322000,920,268000,846,3246000,1031,2231000,994,3146000,957,5,Деятельность библиотек и архивов,ПАВЛОДАРСКАЯ ОБЛАСТЬ,РАЙОН ТЕРЕҢКӨЛ
449022,"Деятельность в области спорта, организации отдыха и развлечений",false,,62215000,883,155309000,920,43765000,846,467624000,1031,175954000,994,151239000,957,2,"Искусство, развлечения и отдых",ПАВЛОДАРСКАЯ ОБЛАСТЬ,РАЙОН ТЕРЕҢКӨЛ
449023,Деятельность в области спорта,false,,43539000,883,11000000,920,41807000,846,16517000,1031,,,36936000,957,3,"Деятельность в области спорта, организации отдыха и развлечений",ПАВЛОДАРСКАЯ ОБЛАСТЬ,РАЙОН ТЕРЕҢКӨЛ
449024,Эксплуатация спортивных сооружений,false,,43539000,883,11000000,920,41807000,846,16517000,1031,,,36936000,957,4,Деятельность в области спорта,ПАВЛОДАРСКАЯ ОБЛАСТЬ,РАЙОН ТЕРЕҢКӨЛ
449025,Эксплуатация спортивных сооружений,true,,43539000,883,11000000,920,41807000,846,16517000,1031,,,36936000,957,5,Эксплуатация спортивных сооружений,ПАВЛОДАРСКАЯ ОБЛАСТЬ,РАЙОН ТЕРЕҢКӨЛ
449032,Деятельность по организации отдыха и развлечений,false,,18676000,883,144309000,920,1958000,846,451107000,1031,175954000,994,114303000,957,3,"Деятельность в области спорта, организации отдыха и развлечений",ПАВЛОДАРСКАЯ ОБЛАСТЬ,РАЙОН ТЕРЕҢКӨЛ
449035,Прочая деятельность по организации отдыха и развлечений,false,,18676000,883,144309000,920,1958000,846,451107000,1031,175954000,994,114303000,957,4,Деятельность по организации отдыха и развлечений,ПАВЛОДАРСКАЯ ОБЛАСТЬ,РАЙОН ТЕРЕҢКӨЛ
449039,Прочие виды деятельности по организации отдыха и развлечений,true,,18676000,883,144309000,920,1958000,846,451107000,1031,175954000,994,114303000,957,5,Прочая деятельность по организации отдыха и развлечений,ПАВЛОДАРСКАЯ ОБЛАСТЬ,РАЙОН ТЕРЕҢКӨЛ
741340,Промышленность,false,,3972449000,883,3033601000,920,1270890000,846,7825982000,1031,3196164000,994,1280312000,957,1,Всего,ПАВЛОДАРСКАЯ ОБЛАСТЬ,РАЙОН ТЕРЕҢКӨЛ
447279,Горнодобывающая промышленность и разработка карьеров,false,,,,222199000,920,586305000,846,,,,,,,2,Промышленность,ПАВЛОДАРСКАЯ ОБЛАСТЬ,РАЙОН ТЕРЕҢКӨЛ
447316,Добыча прочих полезных ископаемых,false,,,,222199000,920,586305000,846,,,,,,,3,Горнодобывающая промышленность и разработка карьеров,ПАВЛОДАРСКАЯ ОБЛАСТЬ,РАЙОН ТЕРЕҢКӨЛ
447325,"Добыча полезных ископаемых, не включенных в другие группировки",false,,,,222199000,920,586305000,846,,,,,,,4,Добыча прочих полезных ископаемых,ПАВЛОДАРСКАЯ ОБЛАСТЬ,РАЙОН ТЕРЕҢКӨЛ
447330,Добыча соли,false,,,,222199000,920,586305000,846,,,,,,,5,"Добыча полезных ископаемых, не включенных в другие группировки",ПАВЛОДАРСКАЯ ОБЛАСТЬ,РАЙОН ТЕРЕҢКӨЛ
447346,Обрабатывающая промышленность,false,,61276000,883,2318984000,920,63611000,846,,,106068000,994,788727000,957,2,Промышленность,ПАВЛОДАРСКАЯ ОБЛАСТЬ,РАЙОН ТЕРЕҢКӨЛ
447347,Производство продуктов питания,false,,47464000,883,2318038000,920,63611000,846,,,10193000,994,788727000,957,3,Обрабатывающая промышленность,ПАВЛОДАРСКАЯ ОБЛАСТЬ,РАЙОН ТЕРЕҢКӨЛ
447348,Переработка и консервирование мяса и производство мясной продукции,false,,20000000,883,85896000,920,42488000,846,,,3150000,994,41727000,957,4,Производство продуктов питания,ПАВЛОДАРСКАЯ ОБЛАСТЬ,РАЙОН ТЕРЕҢКӨЛ
447349,Переработка и консервирование мяса,false,,20000000,883,85896000,920,42488000,846,,,,,41727000,957,5,Переработка и консервирование мяса и производство мясной продукции,ПАВЛОДАРСКАЯ ОБЛАСТЬ,РАЙОН ТЕРЕҢКӨЛ
447353,Производство продуктов из мяса и мяса сельскохозяйственной птицы ,false,,,,,,,,,,3150000,994,,,5,Переработка и консервирование мяса и производство мясной продукции,ПАВЛОДАРСКАЯ ОБЛАСТЬ,РАЙОН ТЕРЕҢКӨЛ
447371,Производство молочных продуктов,false,,,,2232142000,920,,,,,,,747000000,957,4,Производство продуктов питания,ПАВЛОДАРСКАЯ ОБЛАСТЬ,РАЙОН ТЕРЕҢКӨЛ
447372,Переработка молока и производство сыров,false,,,,2232142000,920,,,,,,,747000000,957,5,Производство молочных продуктов,ПАВЛОДАРСКАЯ ОБЛАСТЬ,РАЙОН ТЕРЕҢКӨЛ
447377,"Производство мукомольно-крупяных продуктов, крахмалов и крахмальных продуктов",false,,,,,,,,,,7043000,994,,,4,Производство продуктов питания,ПАВЛОДАРСКАЯ ОБЛАСТЬ,РАЙОН ТЕРЕҢКӨЛ
447378,Производство мукомольно-крупяных продуктов,false,,,,,,,,,,7043000,994,,,5,"Производство мукомольно-крупяных продуктов, крахмалов и крахмальных продуктов",ПАВЛОДАРСКАЯ ОБЛАСТЬ,РАЙОН ТЕРЕҢКӨЛ
447384,"Производство  хлебобулочных, макаронных и мучных кондитерских изделий",false,,27464000,883,,,x,846,,,,,,,4,Производство продуктов питания,ПАВЛОДАРСКАЯ ОБЛАСТЬ,РАЙОН ТЕРЕҢКӨЛ
447385,Производство хлебобулочных и мучных кондитерских изделий недлительного хранения,false,,27464000,883,,,x,846,,,,,,,5,"Производство  хлебобулочных, макаронных и мучных кондитерских изделий",ПАВЛОДАРСКАЯ ОБЛАСТЬ,РАЙОН ТЕРЕҢКӨЛ
447760,"Производство готовых металлических изделий, кроме машин и оборудования",false,,10206000,883,946000,920,,,,,,,,,3,Обрабатывающая промышленность,ПАВЛОДАРСКАЯ ОБЛАСТЬ,РАЙОН ТЕРЕҢКӨЛ
447769,"Производство металлических цистерн, резервуаров и контейнеров",false,,10206000,883,946000,920,,,,,,,,,4,"Производство готовых металлических изделий, кроме машин и оборудования",ПАВЛОДАРСКАЯ ОБЛАСТЬ,РАЙОН ТЕРЕҢКӨЛ
447770,Производство радиаторов и котлов центрального отопления,false,,10206000,883,946000,920,,,,,,,,,5,"Производство металлических цистерн, резервуаров и контейнеров",ПАВЛОДАРСКАЯ ОБЛАСТЬ,РАЙОН ТЕРЕҢКӨЛ
447881,"Производство машин и оборудования, не включенных в другие группировки ",false,,3606000,883,,,,,,,95875000,994,,,3,Обрабатывающая промышленность,ПАВЛОДАРСКАЯ ОБЛАСТЬ,РАЙОН ТЕРЕҢКӨЛ
447922,Производство сельскохозяйственной и лесохозяйственной техники,false,,3606000,883,,,,,,,95875000,994,,,4,"Производство машин и оборудования, не включенных в другие группировки ",ПАВЛОДАРСКАЯ ОБЛАСТЬ,РАЙОН ТЕРЕҢКӨЛ
447923,Производство сельскохозяйственной и лесохозяйственной техники,false,,3606000,883,,,,,,,95875000,994,,,5,Производство сельскохозяйственной и лесохозяйственной техники,ПАВЛОДАРСКАЯ ОБЛАСТЬ,РАЙОН ТЕРЕҢКӨЛ
448090,"Снабжение электроэнергией, газом, паром, горячей водой и кондиционированным воздухом",false,,153346000,883,235444000,920,91863000,846,308920000,1031,x,994,103835000,957,2,Промышленность,ПАВЛОДАРСКАЯ ОБЛАСТЬ,РАЙОН ТЕРЕҢКӨЛ
448091,"Снабжение электроэнергией, газом, паром, горячей водой и кондиционированным воздухом",false,,153346000,883,235444000,920,91863000,846,308920000,1031,x,994,103835000,957,3,"Снабжение электроэнергией, газом, паром, горячей водой и кондиционированным воздухом",ПАВЛОДАРСКАЯ ОБЛАСТЬ,РАЙОН ТЕРЕҢКӨЛ
448092,"Производство, передача и распределение электроэнергии",false,,112746000,883,211209000,920,89649000,846,308920000,1031,x,994,62332000,957,4,"Снабжение электроэнергией, газом, паром, горячей водой и кондиционированным воздухом",ПАВЛОДАРСКАЯ ОБЛАСТЬ,РАЙОН ТЕРЕҢКӨЛ
448093,Производство электроэнергии,false,,50942000,883,,,,,,,,,,,5,"Производство, передача и распределение электроэнергии",ПАВЛОДАРСКАЯ ОБЛАСТЬ,РАЙОН ТЕРЕҢКӨЛ
448098,Передача электроэнергии,false,,x,883,211209000,920,32870000,846,x,1031,x,994,51170000,957,5,"Производство, передача и распределение электроэнергии",ПАВЛОДАРСКАЯ ОБЛАСТЬ,РАЙОН ТЕРЕҢКӨЛ
448100,Распределение электроэнергии,false,,11828000,883,,,56779000,846,80783000,1031,,,11162000,957,5,"Производство, передача и распределение электроэнергии",ПАВЛОДАРСКАЯ ОБЛАСТЬ,РАЙОН ТЕРЕҢКӨЛ
448111,"Снабжение паром, горячей водой и кондиционированным воздухом",false,,40600000,883,24235000,920,2214000,846,,,,,41503000,957,4,"Снабжение электроэнергией, газом, паром, горячей водой и кондиционированным воздухом",ПАВЛОДАРСКАЯ ОБЛАСТЬ,РАЙОН ТЕРЕҢКӨЛ
448112,"Снабжение паром, горячей водой и кондиционированным воздухом",false,,40600000,883,24235000,920,2214000,846,,,,,41503000,957,5,"Снабжение паром, горячей водой и кондиционированным воздухом",ПАВЛОДАРСКАЯ ОБЛАСТЬ,РАЙОН ТЕРЕҢКӨЛ
448117,"Водоснабжение; сбор, обработка и удаление отходов, деятельность по ликвидации загрязнений",false,,3757827000,883,256974000,920,529111000,846,7517062000,1031,3086101000,994,387750000,957,2,Промышленность,ПАВЛОДАРСКАЯ ОБЛАСТЬ,РАЙОН ТЕРЕҢКӨЛ
448118,"Сбор, обработка и распределение воды",false,,3757827000,883,256974000,920,529111000,846,7500000000,1031,3086101000,994,387750000,957,3,"Водоснабжение; сбор, обработка и удаление отходов, деятельность по ликвидации загрязнений",ПАВЛОДАРСКАЯ ОБЛАСТЬ,РАЙОН ТЕРЕҢКӨЛ
448119,"Сбор, обработка и распределение воды",false,,3757827000,883,256974000,920,529111000,846,7500000000,1031,3086101000,994,387750000,957,4,"Сбор, обработка и распределение воды",ПАВЛОДАРСКАЯ ОБЛАСТЬ,РАЙОН ТЕРЕҢКӨЛ
448120,"Сбор, обработка и распределение воды",false,,3757827000,883,256974000,920,529111000,846,7500000000,1031,3086101000,994,387750000,957,5,"Сбор, обработка и распределение воды",ПАВЛОДАРСКАЯ ОБЛАСТЬ,РАЙОН ТЕРЕҢКӨЛ
448126,"Сбор, обработка и удаление отходов; утилизация (восстановление) материалов",false,,,,,,,,17062000,1031,,,,,3,"Водоснабжение; сбор, обработка и удаление отходов, деятельность по ликвидации загрязнений",ПАВЛОДАРСКАЯ ОБЛАСТЬ,РАЙОН ТЕРЕҢКӨЛ
448127,Сбор отходов,false,,,,,,,,17062000,1031,,,,,4,"Сбор, обработка и удаление отходов; утилизация (восстановление) материалов",ПАВЛОДАРСКАЯ ОБЛАСТЬ,РАЙОН ТЕРЕҢКӨЛ
448128,Сбор неопасных отходов,false,,,,,,,,17062000,1031,,,,,5,Сбор отходов,ПАВЛОДАРСКАЯ ОБЛАСТЬ,РАЙОН ТЕРЕҢКӨЛ
741885,Всего,false,,5568443000,883,6216029000,920,5627453000,846,14119744000,1031,16822963000,994,14353216000,957,0,,ПАВЛОДАРСКАЯ ОБЛАСТЬ,РАЙОН АҚҚУЛЫ
447173,"Сельское, лесное и рыбное хозяйство",false,,4201884000,883,5295424000,920,1657675000,846,6106057000,1031,4004003000,994,5007699000,957,1,Всего,ПАВЛОДАРСКАЯ ОБЛАСТЬ,РАЙОН АҚҚУЛЫ
447174,"Растениеводство и животноводство, охота и предоставление услуг в этих областях",false,,4201884000,883,5295424000,920,1657675000,846,6106057000,1031,4004003000,994,5007699000,957,2,"Сельское, лесное и рыбное хозяйство",ПАВЛОДАРСКАЯ ОБЛАСТЬ,РАЙОН АҚҚУЛЫ
447175,Выращивание одно- или двухлетних культур,false,,1561957000,883,1524745000,920,420230000,846,943508000,1031,1325170000,994,2086180000,957,3,"Растениеводство и животноводство, охота и предоставление услуг в этих областях",ПАВЛОДАРСКАЯ ОБЛАСТЬ,РАЙОН АҚҚУЛЫ
447176,"Выращивание зерновых (кроме риса), бобовых и масличных культур",false,,,,,,,,,,631483000,994,,,4,Выращивание одно- или двухлетних культур,ПАВЛОДАРСКАЯ ОБЛАСТЬ,РАЙОН АҚҚУЛЫ
3783380,"Выращивание зерновых и зернобобовых культур, включая семеноводство",true,,,,,,,,,,631483000,994,,,5,"Выращивание зерновых (кроме риса), бобовых и масличных культур",ПАВЛОДАРСКАЯ ОБЛАСТЬ,РАЙОН АҚҚУЛЫ
447181,"Выращивание овощей, бахчевых, корнеплодов и клубнеплодов",false,,32368000,883,,,212048000,846,943508000,1031,693687000,994,2085582000,957,4,Выращивание одно- или двухлетних культур,ПАВЛОДАРСКАЯ ОБЛАСТЬ,РАЙОН АҚҚУЛЫ
447182,Выращивание картофеля и посадочного материала,true,,4900000,883,,,212048000,846,943508000,1031,693687000,994,2085582000,957,5,"Выращивание овощей, бахчевых, корнеплодов и клубнеплодов",ПАВЛОДАРСКАЯ ОБЛАСТЬ,РАЙОН АҚҚУЛЫ
447183,"Выращивание овощей, их семян и рассады",true,,27468000,883,,,,,,,,,,,5,"Выращивание овощей, бахчевых, корнеплодов и клубнеплодов",ПАВЛОДАРСКАЯ ОБЛАСТЬ,РАЙОН АҚҚУЛЫ
447192,Выращивание прочих одно- или двухлетних культур,false,,1529589000,883,1524745000,920,208182000,846,,,,,x,957,4,Выращивание одно- или двухлетних культур,ПАВЛОДАРСКАЯ ОБЛАСТЬ,РАЙОН АҚҚУЛЫ
447193,Выращивание кормовых культур и их семян,true,,1529589000,883,1524745000,920,207406000,846,,,,,x,957,5,Выращивание прочих одно- или двухлетних культур,ПАВЛОДАРСКАЯ ОБЛАСТЬ,РАЙОН АҚҚУЛЫ
447195,"Выращивание прочих одно- или двухлетних культур, не включенных в другие группировки",true,,,,,,776000,846,,,,,,,5,Выращивание прочих одно- или двухлетних культур,ПАВЛОДАРСКАЯ ОБЛАСТЬ,РАЙОН АҚҚУЛЫ
447218,Животноводство,false,,2639927000,883,3770679000,920,1237445000,846,5162549000,1031,2678833000,994,2921519000,957,3,"Растениеводство и животноводство, охота и предоставление услуг в этих областях",ПАВЛОДАРСКАЯ ОБЛАСТЬ,РАЙОН АҚҚУЛЫ
447219,Разведение крупного рогатого скота молочного направления,false,,2118484000,883,3770679000,920,6918000,846,669601000,1031,2493830000,994,2887261000,957,4,Животноводство,ПАВЛОДАРСКАЯ ОБЛАСТЬ,РАЙОН АҚҚУЛЫ
447220,Разведение крупного рогатого скота молочного направления,true,,2118484000,883,3770679000,920,6918000,846,669601000,1031,2493830000,994,2887261000,957,5,Разведение крупного рогатого скота молочного направления,ПАВЛОДАРСКАЯ ОБЛАСТЬ,РАЙОН АҚҚУЛЫ
447221,Разведение прочего крупного рогатого скота и буйволов,false,,224504000,883,,,1225527000,846,4412603000,1031,91429000,994,29360000,957,4,Животноводство,ПАВЛОДАРСКАЯ ОБЛАСТЬ,РАЙОН АҚҚУЛЫ
447222,Разведение прочего крупного рогатого скота и буйволов,true,,224504000,883,,,1225527000,846,4412603000,1031,91429000,994,29360000,957,5,Разведение прочего крупного рогатого скота и буйволов,ПАВЛОДАРСКАЯ ОБЛАСТЬ,РАЙОН АҚҚУЛЫ
447223,Разведение лошадей и прочих животных семейства лошадиных,false,,296939000,883,,,x,846,48202000,1031,82044000,994,x,957,4,Животноводство,ПАВЛОДАРСКАЯ ОБЛАСТЬ,РАЙОН АҚҚУЛЫ
447224,Разведение лошадей,true,,296939000,883,,,x,846,48202000,1031,82044000,994,x,957,5,Разведение лошадей и прочих животных семейства лошадиных,ПАВЛОДАРСКАЯ ОБЛАСТЬ,РАЙОН АҚҚУЛЫ
447228,Разведение овец и коз,false,,,,,,,,32143000,1031,,,,,4,Животноводство,ПАВЛОДАРСКАЯ ОБЛАСТЬ,РАЙОН АҚҚУЛЫ
447229,Разведение овец и коз,true,,,,,,,,32143000,1031,,,,,5,Разведение овец и коз,ПАВЛОДАРСКАЯ ОБЛАСТЬ,РАЙОН АҚҚУЛЫ
447237,Разведение прочих видов животных,false,,,,,,,,,,11530000,994,,,4,Животноводство,ПАВЛОДАРСКАЯ ОБЛАСТЬ,РАЙОН АҚҚУЛЫ
447238,Разведение прочих видов животных,true,,,,,,,,,,11530000,994,,,5,Разведение прочих видов животных,ПАВЛОДАРСКАЯ ОБЛАСТЬ,РАЙОН АҚҚУЛЫ
448215,Оптовая и розничная торговля; ремонт автомобилей и мотоциклов,false,,15000000,883,x,920,,,,,224252000,994,x,957,1,Всего,ПАВЛОДАРСКАЯ ОБЛАСТЬ,РАЙОН АҚҚУЛЫ
448377,"Розничная торговля, кроме торговли автомобилями и мотоциклами",false,,15000000,883,x,920,,,,,224252000,994,x,957,2,Оптовая и розничная торговля; ремонт автомобилей и мотоциклов,ПАВЛОДАРСКАЯ ОБЛАСТЬ,РАЙОН АҚҚУЛЫ
448378,Розничная торговля в неспециализированных магазинах,false,,15000000,883,,,,,,,224252000,994,,,3,"Розничная торговля, кроме торговли автомобилями и мотоциклами",ПАВЛОДАРСКАЯ ОБЛАСТЬ,РАЙОН АҚҚУЛЫ
448379,"Розничная торговля в неспециализированных магазинах преимущественно продуктами питания, напитками и табачными изделиями",false,,15000000,883,,,,,,,224252000,994,,,4,Розничная торговля в неспециализированных магазинах,ПАВЛОДАРСКАЯ ОБЛАСТЬ,РАЙОН АҚҚУЛЫ
3647934,"Розничная торговля преимущественно продуктами питания, напитками и табачными изделиями в неспециализированных магазинах, являющихся торговыми объектами, с торговой площадью менее 2000 кв.м ",true,,15000000,883,,,,,,,224252000,994,,,5,"Розничная торговля в неспециализированных магазинах преимущественно продуктами питания, напитками и табачными изделиями",ПАВЛОДАРСКАЯ ОБЛАСТЬ,РАЙОН АҚҚУЛЫ
448399,Розничная торговля топливом в специализированных магазинах,false,,,,x,920,,,,,,,x,957,3,"Розничная торговля, кроме торговли автомобилями и мотоциклами",ПАВЛОДАРСКАЯ ОБЛАСТЬ,РАЙОН АҚҚУЛЫ
448400,Розничная торговля топливом в специализированных магазинах,false,,,,x,920,,,,,,,x,957,4,Розничная торговля топливом в специализированных магазинах,ПАВЛОДАРСКАЯ ОБЛАСТЬ,РАЙОН АҚҚУЛЫ
20576124,"Розничная торговля моторным топливом в специализированных магазинах, за исключением находящихся на придорожной полосе",true,,,,x,920,,,,,,,x,957,5,Розничная торговля топливом в специализированных магазинах,ПАВЛОДАРСКАЯ ОБЛАСТЬ,РАЙОН АҚҚУЛЫ
448475,Транспорт и складирование,false,,,,,,1723210000,846,6208174000,1031,3600000000,994,709208000,957,1,Всего,ПАВЛОДАРСКАЯ ОБЛАСТЬ,РАЙОН АҚҚУЛЫ
448527,Складирование грузов и вспомогательная транспортная деятельность,false,,,,,,1723210000,846,6208174000,1031,3600000000,994,709208000,957,2,Транспорт и складирование,ПАВЛОДАРСКАЯ ОБЛАСТЬ,РАЙОН АҚҚУЛЫ
448528,Складирование и хранение грузов,false,,,,,,131093000,846,4764709000,1031,3600000000,994,517304000,957,3,Складирование грузов и вспомогательная транспортная деятельность,ПАВЛОДАРСКАЯ ОБЛАСТЬ,РАЙОН АҚҚУЛЫ
448529,Складирование и хранение грузов,false,,,,,,131093000,846,4764709000,1031,3600000000,994,517304000,957,4,Складирование и хранение грузов,ПАВЛОДАРСКАЯ ОБЛАСТЬ,РАЙОН АҚҚУЛЫ
20576307,"Складирование и хранение продовольственных товаров, кроме овощей и фруктов",true,,,,,,,,,,,,517304000,957,5,Складирование и хранение грузов,ПАВЛОДАРСКАЯ ОБЛАСТЬ,РАЙОН АҚҚУЛЫ
448532,Складирование и хранение продовольственных товаров,true,,,,,,131093000,846,,,,,,,5,Складирование и хранение грузов,ПАВЛОДАРСКАЯ ОБЛАСТЬ,РАЙОН АҚҚУЛЫ
20576309,Складирование и хранение овощей и фруктов,true,,,,,,,,4764709000,1031,3600000000,994,,,5,Складирование и хранение грузов,ПАВЛОДАРСКАЯ ОБЛАСТЬ,РАЙОН АҚҚУЛЫ
448533,Вспомогательная транспортная деятельность,false,,,,,,1592117000,846,1443465000,1031,,,191904000,957,3,Складирование грузов и вспомогательная транспортная деятельность,ПАВЛОДАРСКАЯ ОБЛАСТЬ,РАЙОН АҚҚУЛЫ
448534,Вспомогательная деятельность сухопутного транспорта,false,,,,,,1592117000,846,1443465000,1031,,,191904000,957,4,Вспомогательная транспортная деятельность,ПАВЛОДАРСКАЯ ОБЛАСТЬ,РАЙОН АҚҚУЛЫ
448536,Эксплуатация автомобильных дорог,true,,,,,,1592117000,846,1418265000,1031,,,191904000,957,5,Вспомогательная деятельность сухопутного транспорта,ПАВЛОДАРСКАЯ ОБЛАСТЬ,РАЙОН АҚҚУЛЫ
448538,Деятельность автомобильных стоянок,true,,,,,,,,25200000,1031,,,,,5,Вспомогательная деятельность сухопутного транспорта,ПАВЛОДАРСКАЯ ОБЛАСТЬ,РАЙОН АҚҚУЛЫ
448558,Предоставление услуг по проживанию и питанию,false,,138491000,883,,,,,,,,,,,1,Всего,ПАВЛОДАРСКАЯ ОБЛАСТЬ,РАЙОН АҚҚУЛЫ
3783427,Предоставление услуг по временному проживанию,false,,138491000,883,,,,,,,,,,,2,Предоставление услуг по проживанию и питанию,ПАВЛОДАРСКАЯ ОБЛАСТЬ,РАЙОН АҚҚУЛЫ
3783432,Предоставление жилья на выходные дни и прочие периоды краткосрочного проживания,false,,138491000,883,,,,,,,,,,,3,Предоставление услуг по временному проживанию,ПАВЛОДАРСКАЯ ОБЛАСТЬ,РАЙОН АҚҚУЛЫ
3783433,Предоставление жилья на выходные дни и прочие периоды краткосрочного проживания,false,,138491000,883,,,,,,,,,,,4,Предоставление жилья на выходные дни и прочие периоды краткосрочного проживания,ПАВЛОДАРСКАЯ ОБЛАСТЬ,РАЙОН АҚҚУЛЫ
3783434,Предоставление жилья на выходные дни и прочие периоды краткосрочного проживания,true,,138491000,883,,,,,,,,,,,5,Предоставление жилья на выходные дни и прочие периоды краткосрочного проживания,ПАВЛОДАРСКАЯ ОБЛАСТЬ,РАЙОН АҚҚУЛЫ
448585,Информация и связь,false,,,,,,149545000,846,x,1031,,,18151000,957,1,Всего,ПАВЛОДАРСКАЯ ОБЛАСТЬ,РАЙОН АҚҚУЛЫ
448623,Телекоммуникации,false,,,,,,149545000,846,x,1031,,,18151000,957,2,Информация и связь,ПАВЛОДАРСКАЯ ОБЛАСТЬ,РАЙОН АҚҚУЛЫ
18696628,Проводная телекоммуникационная связь,false,,,,,,x,846,,,,,,,3,Телекоммуникации,ПАВЛОДАРСКАЯ ОБЛАСТЬ,РАЙОН АҚҚУЛЫ
18696629,Проводная телекоммуникационная связь,false,,,,,,x,846,,,,,,,4,Проводная телекоммуникационная связь,ПАВЛОДАРСКАЯ ОБЛАСТЬ,РАЙОН АҚҚУЛЫ
18946146,Прочая проводная телекоммуникационная связь,true,,,,,,x,846,,,,,,,5,Проводная телекоммуникационная связь,ПАВЛОДАРСКАЯ ОБЛАСТЬ,РАЙОН АҚҚУЛЫ
448627,Беспроводная телекоммуникационная связь,false,,,,,,x,846,x,1031,,,18151000,957,3,Телекоммуникации,ПАВЛОДАРСКАЯ ОБЛАСТЬ,РАЙОН АҚҚУЛЫ
448628,Беспроводная телекоммуникационная связь,false,,,,,,x,846,x,1031,,,18151000,957,4,Беспроводная телекоммуникационная связь,ПАВЛОДАРСКАЯ ОБЛАСТЬ,РАЙОН АҚҚУЛЫ
18946147,Беспроводная телекоммуникационная связь посредством единой транспортной среды,true,,,,,,,,x,1031,,,18151000,957,5,Беспроводная телекоммуникационная связь,ПАВЛОДАРСКАЯ ОБЛАСТЬ,РАЙОН АҚҚУЛЫ
18946149,Прочая беспроводная телекоммуникационная связь,true,,,,,,x,846,,,,,,,5,Беспроводная телекоммуникационная связь,ПАВЛОДАРСКАЯ ОБЛАСТЬ,РАЙОН АҚҚУЛЫ
448714,Операции с недвижимым имуществом,false,,235150000,883,293118000,920,219900000,846,565500000,1031,646600000,994,184500000,957,1,Всего,ПАВЛОДАРСКАЯ ОБЛАСТЬ,РАЙОН АҚҚУЛЫ
448715,Операции с недвижимым имуществом,false,,235150000,883,293118000,920,219900000,846,565500000,1031,646600000,994,184500000,957,2,Операции с недвижимым имуществом,ПАВЛОДАРСКАЯ ОБЛАСТЬ,РАЙОН АҚҚУЛЫ
448716,Покупка и продажа собственного недвижимого имущества ,false,,235150000,883,293118000,920,219900000,846,565500000,1031,646600000,994,184500000,957,3,Операции с недвижимым имуществом,ПАВЛОДАРСКАЯ ОБЛАСТЬ,РАЙОН АҚҚУЛЫ
448717,Покупка и продажа собственного недвижимого имущества ,false,,235150000,883,293118000,920,219900000,846,565500000,1031,646600000,994,184500000,957,4,Покупка и продажа собственного недвижимого имущества ,ПАВЛОДАРСКАЯ ОБЛАСТЬ,РАЙОН АҚҚУЛЫ
543091,Покупка и продажа многоквартирных и жилых домов (особняков),true,,235150000,883,293118000,920,219900000,846,565500000,1031,646600000,994,184500000,957,5,Покупка и продажа собственного недвижимого имущества ,ПАВЛОДАРСКАЯ ОБЛАСТЬ,РАЙОН АҚҚУЛЫ
448728,"Профессиональная, научная и техническая деятельность",false,,,,17429000,920,,,,,,,,,1,Всего,ПАВЛОДАРСКАЯ ОБЛАСТЬ,РАЙОН АҚҚУЛЫ
448793,Ветеринарная деятельность,false,,,,17429000,920,,,,,,,,,2,"Профессиональная, научная и техническая деятельность",ПАВЛОДАРСКАЯ ОБЛАСТЬ,РАЙОН АҚҚУЛЫ
448794,Ветеринарная деятельность,false,,,,17429000,920,,,,,,,,,3,Ветеринарная деятельность,ПАВЛОДАРСКАЯ ОБЛАСТЬ,РАЙОН АҚҚУЛЫ
448795,Ветеринарная деятельность,false,,,,17429000,920,,,,,,,,,4,Ветеринарная деятельность,ПАВЛОДАРСКАЯ ОБЛАСТЬ,РАЙОН АҚҚУЛЫ
448796,Ветеринарная деятельность,true,,,,17429000,920,,,,,,,,,5,Ветеринарная деятельность,ПАВЛОДАРСКАЯ ОБЛАСТЬ,РАЙОН АҚҚУЛЫ
448889,Государственное управление и оборона; обязательное  социальное обеспечение,false,,27696000,883,5589000,920,7529000,846,452000,1031,10239000,994,6911000,957,1,Всего,ПАВЛОДАРСКАЯ ОБЛАСТЬ,РАЙОН АҚҚУЛЫ
448890,Государственное управление и оборона; обязательное социальное обеспечение,false,,27696000,883,5589000,920,7529000,846,452000,1031,10239000,994,6911000,957,2,Государственное управление и оборона; обязательное  социальное обеспечение,ПАВЛОДАРСКАЯ ОБЛАСТЬ,РАЙОН АҚҚУЛЫ
448891,Государственное управление общего характера и управление социально-экономическое политикой общества,false,,27696000,883,5589000,920,7529000,846,452000,1031,10239000,994,6911000,957,3,Государственное управление и оборона; обязательное социальное обеспечение,ПАВЛОДАРСКАЯ ОБЛАСТЬ,РАЙОН АҚҚУЛЫ
448892,Государственное управление общего характера,false,,26420000,883,3504000,920,1352000,846,,,5672000,994,3290000,957,4,Государственное управление общего характера и управление социально-экономическое политикой общества,ПАВЛОДАРСКАЯ ОБЛАСТЬ,РАЙОН АҚҚУЛЫ
448895,Деятельность местных органов управления,true,,1861000,883,2919000,920,1297000,846,,,3705000,994,2439000,957,5,Государственное управление общего характера,ПАВЛОДАРСКАЯ ОБЛАСТЬ,РАЙОН АҚҚУЛЫ
448896,Деятельность сельских и поселковых органов управления,true,,24559000,883,585000,920,x,846,,,1967000,994,851000,957,5,Государственное управление общего характера,ПАВЛОДАРСКАЯ ОБЛАСТЬ,РАЙОН АҚҚУЛЫ
448900,"Регулирование деятельности учреждений здравоохранения, образования, культуры и других социальных услуг, кроме социального обеспечения ",false,,x,883,x,920,5811000,846,452000,1031,3279000,994,2214000,957,4,Государственное управление общего характера и управление социально-экономическое политикой общества,ПАВЛОДАРСКАЯ ОБЛАСТЬ,РАЙОН АҚҚУЛЫ
448901,"Регулирование деятельности учреждений здравоохранения, образования, культуры и других социальных услуг, кроме социального обеспечения ",true,,x,883,x,920,5811000,846,452000,1031,3279000,994,2214000,957,5,"Регулирование деятельности учреждений здравоохранения, образования, культуры и других социальных услуг, кроме социального обеспечения ",ПАВЛОДАРСКАЯ ОБЛАСТЬ,РАЙОН АҚҚУЛЫ
448902,Регулирование и содействие эффективному ведению экономической деятельности,false,,456000,883,x,920,x,846,,,1288000,994,1407000,957,4,Государственное управление общего характера и управление социально-экономическое политикой общества,ПАВЛОДАРСКАЯ ОБЛАСТЬ,РАЙОН АҚҚУЛЫ
448903,Регулирование и содействие эффективному ведению экономической деятельности,true,,456000,883,x,920,x,846,,,1288000,994,1407000,957,5,Регулирование и содействие эффективному ведению экономической деятельности,ПАВЛОДАРСКАЯ ОБЛАСТЬ,РАЙОН АҚҚУЛЫ
448918,Образование,false,,319116000,883,201132000,920,16680000,846,80650000,1031,265883000,994,641501000,957,1,Всего,ПАВЛОДАРСКАЯ ОБЛАСТЬ,РАЙОН АҚҚУЛЫ
448919,Образование,false,,319116000,883,201132000,920,16680000,846,80650000,1031,265883000,994,641501000,957,2,Образование,ПАВЛОДАРСКАЯ ОБЛАСТЬ,РАЙОН АҚҚУЛЫ
448920,Дошкольное образование,false,,45076000,883,17333000,920,,,40353000,1031,25701000,994,,,3,Образование,ПАВЛОДАРСКАЯ ОБЛАСТЬ,РАЙОН АҚҚУЛЫ
448921,Дошкольное образование,false,,45076000,883,17333000,920,,,40353000,1031,25701000,994,,,4,Дошкольное образование,ПАВЛОДАРСКАЯ ОБЛАСТЬ,РАЙОН АҚҚУЛЫ
448922,Дошкольное образование,true,,45076000,883,17333000,920,,,40353000,1031,25701000,994,,,5,Дошкольное образование,ПАВЛОДАРСКАЯ ОБЛАСТЬ,РАЙОН АҚҚУЛЫ
448923,Начальное образование (1-й уровень),false,,,,,,,,,,,,55000,957,3,Образование,ПАВЛОДАРСКАЯ ОБЛАСТЬ,РАЙОН АҚҚУЛЫ
448924,Начальное образование (1-й уровень),false,,,,,,,,,,,,55000,957,4,Начальное образование (1-й уровень),ПАВЛОДАРСКАЯ ОБЛАСТЬ,РАЙОН АҚҚУЛЫ
448925,Начальное образование (1-й уровень),true,,,,,,,,,,,,55000,957,5,Начальное образование (1-й уровень),ПАВЛОДАРСКАЯ ОБЛАСТЬ,РАЙОН АҚҚУЛЫ
448926,Среднее образование (2-й и 3-й уровни),false,,271982000,883,183799000,920,16680000,846,23780000,1031,240182000,994,641446000,957,3,Образование,ПАВЛОДАРСКАЯ ОБЛАСТЬ,РАЙОН АҚҚУЛЫ
448927,Основное и общее среднее образование,false,,271982000,883,183799000,920,16680000,846,23780000,1031,240182000,994,641446000,957,4,Среднее образование (2-й и 3-й уровни),ПАВЛОДАРСКАЯ ОБЛАСТЬ,РАЙОН АҚҚУЛЫ
448928,Основное и общее среднее образование,true,,271982000,883,183799000,920,16680000,846,23780000,1031,240182000,994,641446000,957,5,Основное и общее среднее образование,ПАВЛОДАРСКАЯ ОБЛАСТЬ,РАЙОН АҚҚУЛЫ
448937,Прочие виды образования,false,,2058000,883,,,,,16517000,1031,,,,,3,Образование,ПАВЛОДАРСКАЯ ОБЛАСТЬ,РАЙОН АҚҚУЛЫ
448938,Образование в области спорта и отдыха,false,,2058000,883,,,,,16517000,1031,,,,,4,Прочие виды образования,ПАВЛОДАРСКАЯ ОБЛАСТЬ,РАЙОН АҚҚУЛЫ
448939,Образование в области спорта и отдыха,true,,2058000,883,,,,,16517000,1031,,,,,5,Образование в области спорта и отдыха,ПАВЛОДАРСКАЯ ОБЛАСТЬ,РАЙОН АҚҚУЛЫ
448950,Здравоохранение и социальное обслуживание населения,false,,68400000,883,9399000,920,23921000,846,772216000,1031,14527000,994,,,1,Всего,ПАВЛОДАРСКАЯ ОБЛАСТЬ,РАЙОН АҚҚУЛЫ
448951,Деятельность в области здравоохранения,false,,68400000,883,9399000,920,23921000,846,772216000,1031,14527000,994,,,2,Здравоохранение и социальное обслуживание населения,ПАВЛОДАРСКАЯ ОБЛАСТЬ,РАЙОН АҚҚУЛЫ
448952,Деятельность больничных организаций,false,,68400000,883,9399000,920,23921000,846,90620000,1031,,,,,3,Деятельность в области здравоохранения,ПАВЛОДАРСКАЯ ОБЛАСТЬ,РАЙОН АҚҚУЛЫ
448953,Деятельность больничных организаций,false,,68400000,883,9399000,920,23921000,846,90620000,1031,,,,,4,Деятельность больничных организаций,ПАВЛОДАРСКАЯ ОБЛАСТЬ,РАЙОН АҚҚУЛЫ
448954,Деятельность больниц широкого профиля и специализированных больниц,true,,68400000,883,9399000,920,23921000,846,90620000,1031,,,,,5,Деятельность больничных организаций,ПАВЛОДАРСКАЯ ОБЛАСТЬ,РАЙОН АҚҚУЛЫ
448959,Деятельность в области врачебной практики и стоматологии,false,,,,,,,,681596000,1031,14527000,994,,,3,Деятельность в области здравоохранения,ПАВЛОДАРСКАЯ ОБЛАСТЬ,РАЙОН АҚҚУЛЫ
448960,Общая врачебная практика,false,,,,,,,,681596000,1031,14527000,994,,,4,Деятельность в области врачебной практики и стоматологии,ПАВЛОДАРСКАЯ ОБЛАСТЬ,РАЙОН АҚҚУЛЫ
448961,Общая врачебная практика,true,,,,,,,,681596000,1031,14527000,994,,,5,Общая врачебная практика,ПАВЛОДАРСКАЯ ОБЛАСТЬ,РАЙОН АҚҚУЛЫ
448991,"Искусство, развлечения и отдых",false,,58198000,883,293157000,920,68432000,846,253893000,1031,278043000,994,1309000,957,1,Всего,ПАВЛОДАРСКАЯ ОБЛАСТЬ,РАЙОН АҚҚУЛЫ
448992,"Деятельность в области творчества, искусства и развлечений",false,,x,883,,,,,,,,,,,2,"Искусство, развлечения и отдых",ПАВЛОДАРСКАЯ ОБЛАСТЬ,РАЙОН АҚҚУЛЫ
448993,"Деятельность в области творчества, искусства и развлечений",false,,x,883,,,,,,,,,,,3,"Деятельность в области творчества, искусства и развлечений",ПАВЛОДАРСКАЯ ОБЛАСТЬ,РАЙОН АҚҚУЛЫ
449000,Художественное и литературное творчество,false,,x,883,,,,,,,,,,,4,"Деятельность в области творчества, искусства и развлечений",ПАВЛОДАРСКАЯ ОБЛАСТЬ,РАЙОН АҚҚУЛЫ
449001,Художественное и литературное творчество,true,,x,883,,,,,,,,,,,5,Художественное и литературное творчество,ПАВЛОДАРСКАЯ ОБЛАСТЬ,РАЙОН АҚҚУЛЫ
449004,"Деятельность библиотек, архивов, музеев и прочая деятельность в области культуры",false,,,,1785000,920,1413000,846,,,2233000,994,1242000,957,2,"Искусство, развлечения и отдых",ПАВЛОДАРСКАЯ ОБЛАСТЬ,РАЙОН АҚҚУЛЫ
449005,"Деятельность библиотек, архивов, музеев и прочая деятельность в области культуры",false,,,,1785000,920,1413000,846,,,2233000,994,1242000,957,3,"Деятельность библиотек, архивов, музеев и прочая деятельность в области культуры",ПАВЛОДАРСКАЯ ОБЛАСТЬ,РАЙОН АҚҚУЛЫ
449006,Деятельность библиотек и архивов,false,,,,1785000,920,1413000,846,,,2233000,994,1242000,957,4,"Деятельность библиотек, архивов, музеев и прочая деятельность в области культуры",ПАВЛОДАРСКАЯ ОБЛАСТЬ,РАЙОН АҚҚУЛЫ
449008,"Библиотечная деятельность, включая деятельность читальных залов, лекториев, демонстрационных залов",true,,,,1785000,920,1413000,846,,,2233000,994,1242000,957,5,Деятельность библиотек и архивов,ПАВЛОДАРСКАЯ ОБЛАСТЬ,РАЙОН АҚҚУЛЫ
449022,"Деятельность в области спорта, организации отдыха и развлечений",false,,35939000,883,291372000,920,67019000,846,253893000,1031,275810000,994,x,957,2,"Искусство, развлечения и отдых",ПАВЛОДАРСКАЯ ОБЛАСТЬ,РАЙОН АҚҚУЛЫ
449023,Деятельность в области спорта,false,,,,,,,,253893000,1031,178913000,994,,,3,"Деятельность в области спорта, организации отдыха и развлечений",ПАВЛОДАРСКАЯ ОБЛАСТЬ,РАЙОН АҚҚУЛЫ
449024,Эксплуатация спортивных сооружений,false,,,,,,,,253893000,1031,178913000,994,,,4,Деятельность в области спорта,ПАВЛОДАРСКАЯ ОБЛАСТЬ,РАЙОН АҚҚУЛЫ
449025,Эксплуатация спортивных сооружений,true,,,,,,,,253893000,1031,178913000,994,,,5,Эксплуатация спортивных сооружений,ПАВЛОДАРСКАЯ ОБЛАСТЬ,РАЙОН АҚҚУЛЫ
449032,Деятельность по организации отдыха и развлечений,false,,35939000,883,291372000,920,67019000,846,,,96897000,994,x,957,3,"Деятельность в области спорта, организации отдыха и развлечений",ПАВЛОДАРСКАЯ ОБЛАСТЬ,РАЙОН АҚҚУЛЫ
449035,Прочая деятельность по организации отдыха и развлечений,false,,35939000,883,291372000,920,67019000,846,,,96897000,994,x,957,4,Деятельность по организации отдыха и развлечений,ПАВЛОДАРСКАЯ ОБЛАСТЬ,РАЙОН АҚҚУЛЫ
449039,Прочие виды деятельности по организации отдыха и развлечений,true,,35939000,883,291372000,920,67019000,846,,,96897000,994,x,957,5,Прочая деятельность по организации отдыха и развлечений,ПАВЛОДАРСКАЯ ОБЛАСТЬ,РАЙОН АҚҚУЛЫ
741340,Промышленность,false,,504508000,883,100246000,920,1760561000,846,122643000,1031,7779416000,994,7623696000,957,1,Всего,ПАВЛОДАРСКАЯ ОБЛАСТЬ,РАЙОН АҚҚУЛЫ
447346,Обрабатывающая промышленность,false,,,,,,200000000,846,,,13938000,994,,,2,Промышленность,ПАВЛОДАРСКАЯ ОБЛАСТЬ,РАЙОН АҚҚУЛЫ
447347,Производство продуктов питания,false,,,,,,,,,,13938000,994,,,3,Обрабатывающая промышленность,ПАВЛОДАРСКАЯ ОБЛАСТЬ,РАЙОН АҚҚУЛЫ
447384,"Производство  хлебобулочных, макаронных и мучных кондитерских изделий",false,,,,,,,,,,13938000,994,,,4,Производство продуктов питания,ПАВЛОДАРСКАЯ ОБЛАСТЬ,РАЙОН АҚҚУЛЫ
447385,Производство хлебобулочных и мучных кондитерских изделий недлительного хранения,false,,,,,,,,,,13938000,994,,,5,"Производство  хлебобулочных, макаронных и мучных кондитерских изделий",ПАВЛОДАРСКАЯ ОБЛАСТЬ,РАЙОН АҚҚУЛЫ
448050,Ремонт и установка машин и оборудования,false,,,,,,200000000,846,,,,,,,3,Обрабатывающая промышленность,ПАВЛОДАРСКАЯ ОБЛАСТЬ,РАЙОН АҚҚУЛЫ
448051,"Ремонт готовых металлических изделий, машин и оборудования",false,,,,,,200000000,846,,,,,,,4,Ремонт и установка машин и оборудования,ПАВЛОДАРСКАЯ ОБЛАСТЬ,РАЙОН АҚҚУЛЫ
448059,Ремонт машин и оборудования,false,,,,,,200000000,846,,,,,,,5,"Ремонт готовых металлических изделий, машин и оборудования",ПАВЛОДАРСКАЯ ОБЛАСТЬ,РАЙОН АҚҚУЛЫ
448090,"Снабжение электроэнергией, газом, паром, горячей водой и кондиционированным воздухом",false,,70870000,883,83010000,920,107452000,846,94639000,1031,21735000,994,29125000,957,2,Промышленность,ПАВЛОДАРСКАЯ ОБЛАСТЬ,РАЙОН АҚҚУЛЫ
448091,"Снабжение электроэнергией, газом, паром, горячей водой и кондиционированным воздухом",false,,70870000,883,83010000,920,107452000,846,94639000,1031,21735000,994,29125000,957,3,"Снабжение электроэнергией, газом, паром, горячей водой и кондиционированным воздухом",ПАВЛОДАРСКАЯ ОБЛАСТЬ,РАЙОН АҚҚУЛЫ
448092,"Производство, передача и распределение электроэнергии",false,,70444000,883,54992000,920,100847000,846,94639000,1031,x,994,x,957,4,"Снабжение электроэнергией, газом, паром, горячей водой и кондиционированным воздухом",ПАВЛОДАРСКАЯ ОБЛАСТЬ,РАЙОН АҚҚУЛЫ
448093,Производство электроэнергии,false,,50183000,883,,,67500000,846,,,,,,,5,"Производство, передача и распределение электроэнергии",ПАВЛОДАРСКАЯ ОБЛАСТЬ,РАЙОН АҚҚУЛЫ
448098,Передача электроэнергии,false,,x,883,x,920,x,846,94639000,1031,x,994,x,957,5,"Производство, передача и распределение электроэнергии",ПАВЛОДАРСКАЯ ОБЛАСТЬ,РАЙОН АҚҚУЛЫ
448100,Распределение электроэнергии,false,,,,53226000,920,,,,,,,,,5,"Производство, передача и распределение электроэнергии",ПАВЛОДАРСКАЯ ОБЛАСТЬ,РАЙОН АҚҚУЛЫ
448111,"Снабжение паром, горячей водой и кондиционированным воздухом",false,,426000,883,28018000,920,6605000,846,,,13441000,994,28220000,957,4,"Снабжение электроэнергией, газом, паром, горячей водой и кондиционированным воздухом",ПАВЛОДАРСКАЯ ОБЛАСТЬ,РАЙОН АҚҚУЛЫ
448112,"Снабжение паром, горячей водой и кондиционированным воздухом",false,,426000,883,28018000,920,6605000,846,,,13441000,994,28220000,957,5,"Снабжение паром, горячей водой и кондиционированным воздухом",ПАВЛОДАРСКАЯ ОБЛАСТЬ,РАЙОН АҚҚУЛЫ
448117,"Водоснабжение; сбор, обработка и удаление отходов, деятельность по ликвидации загрязнений",false,,433638000,883,17236000,920,1453109000,846,28004000,1031,7743743000,994,7594571000,957,2,Промышленность,ПАВЛОДАРСКАЯ ОБЛАСТЬ,РАЙОН АҚҚУЛЫ
448118,"Сбор, обработка и распределение воды",false,,433638000,883,17236000,920,1453109000,846,28004000,1031,7743743000,994,7594571000,957,3,"Водоснабжение; сбор, обработка и удаление отходов, деятельность по ликвидации загрязнений",ПАВЛОДАРСКАЯ ОБЛАСТЬ,РАЙОН АҚҚУЛЫ
448119,"Сбор, обработка и распределение воды",false,,433638000,883,17236000,920,1453109000,846,28004000,1031,7743743000,994,7594571000,957,4,"Сбор, обработка и распределение воды",ПАВЛОДАРСКАЯ ОБЛАСТЬ,РАЙОН АҚҚУЛЫ
448120,"Сбор, обработка и распределение воды",false,,433638000,883,17236000,920,1453109000,846,28004000,1031,7743743000,994,7594571000,957,5,"Сбор, обработка и распределение воды",ПАВЛОДАРСКАЯ ОБЛАСТЬ,РАЙОН АҚҚУЛЫ
741885,Всего,false,,11125391000,883,14765346000,920,11029950000,846,9920546000,1031,14429362000,994,17622362000,957,0,,ПАВЛОДАРСКАЯ ОБЛАСТЬ,МАЙСКИЙ РАЙОН
447173,"Сельское, лесное и рыбное хозяйство",false,,5762065000,883,7921955000,920,2374602000,846,266160000,1031,3702289000,994,10343301000,957,1,Всего,ПАВЛОДАРСКАЯ ОБЛАСТЬ,МАЙСКИЙ РАЙОН
447174,"Растениеводство и животноводство, охота и предоставление услуг в этих областях",false,,5762065000,883,7921955000,920,2374602000,846,266160000,1031,3702289000,994,10343301000,957,2,"Сельское, лесное и рыбное хозяйство",ПАВЛОДАРСКАЯ ОБЛАСТЬ,МАЙСКИЙ РАЙОН
447175,Выращивание одно- или двухлетних культур,false,,650692000,883,186761000,920,1154710000,846,74091000,1031,1283149000,994,177805000,957,3,"Растениеводство и животноводство, охота и предоставление услуг в этих областях",ПАВЛОДАРСКАЯ ОБЛАСТЬ,МАЙСКИЙ РАЙОН
447176,"Выращивание зерновых (кроме риса), бобовых и масличных культур",false,,615080000,883,105152000,920,384040000,846,,,851489000,994,23230000,957,4,Выращивание одно- или двухлетних культур,ПАВЛОДАРСКАЯ ОБЛАСТЬ,МАЙСКИЙ РАЙОН
3783380,"Выращивание зерновых и зернобобовых культур, включая семеноводство",true,,495166000,883,96702000,920,384040000,846,,,851489000,994,23230000,957,5,"Выращивание зерновых (кроме риса), бобовых и масличных культур",ПАВЛОДАРСКАЯ ОБЛАСТЬ,МАЙСКИЙ РАЙОН
447178,Выращивание масличных культур и их семян,true,,119914000,883,8450000,920,,,,,,,,,5,"Выращивание зерновых (кроме риса), бобовых и масличных культур",ПАВЛОДАРСКАЯ ОБЛАСТЬ,МАЙСКИЙ РАЙОН
447181,"Выращивание овощей, бахчевых, корнеплодов и клубнеплодов",false,,35612000,883,81609000,920,,,74091000,1031,431660000,994,154575000,957,4,Выращивание одно- или двухлетних культур,ПАВЛОДАРСКАЯ ОБЛАСТЬ,МАЙСКИЙ РАЙОН
447182,Выращивание картофеля и посадочного материала,true,,35612000,883,81609000,920,,,47901000,1031,431660000,994,154575000,957,5,"Выращивание овощей, бахчевых, корнеплодов и клубнеплодов",ПАВЛОДАРСКАЯ ОБЛАСТЬ,МАЙСКИЙ РАЙОН
447183,"Выращивание овощей, их семян и рассады",true,,,,,,,,26190000,1031,,,,,5,"Выращивание овощей, бахчевых, корнеплодов и клубнеплодов",ПАВЛОДАРСКАЯ ОБЛАСТЬ,МАЙСКИЙ РАЙОН
447192,Выращивание прочих одно- или двухлетних культур,false,,,,,,770670000,846,,,,,,,4,Выращивание одно- или двухлетних культур,ПАВЛОДАРСКАЯ ОБЛАСТЬ,МАЙСКИЙ РАЙОН
447193,Выращивание кормовых культур и их семян,true,,,,,,760970000,846,,,,,,,5,Выращивание прочих одно- или двухлетних культур,ПАВЛОДАРСКАЯ ОБЛАСТЬ,МАЙСКИЙ РАЙОН
447195,"Выращивание прочих одно- или двухлетних культур, не включенных в другие группировки",true,,,,,,9700000,846,,,,,,,5,Выращивание прочих одно- или двухлетних культур,ПАВЛОДАРСКАЯ ОБЛАСТЬ,МАЙСКИЙ РАЙОН
447218,Животноводство,false,,5111373000,883,7735194000,920,1214468000,846,192069000,1031,2411180000,994,10129696000,957,3,"Растениеводство и животноводство, охота и предоставление услуг в этих областях",ПАВЛОДАРСКАЯ ОБЛАСТЬ,МАЙСКИЙ РАЙОН
447219,Разведение крупного рогатого скота молочного направления,false,,2763843000,883,4510000000,920,56680000,846,,,,,,,4,Животноводство,ПАВЛОДАРСКАЯ ОБЛАСТЬ,МАЙСКИЙ РАЙОН
447220,Разведение крупного рогатого скота молочного направления,true,,2763843000,883,4510000000,920,56680000,846,,,,,,,5,Разведение крупного рогатого скота молочного направления,ПАВЛОДАРСКАЯ ОБЛАСТЬ,МАЙСКИЙ РАЙОН
447221,Разведение прочего крупного рогатого скота и буйволов,false,,1278848000,883,2214530000,920,1155788000,846,118784000,1031,2386518000,994,9102979000,957,4,Животноводство,ПАВЛОДАРСКАЯ ОБЛАСТЬ,МАЙСКИЙ РАЙОН
447222,Разведение прочего крупного рогатого скота и буйволов,true,,1278848000,883,2214530000,920,1155788000,846,118784000,1031,2386518000,994,9102979000,957,5,Разведение прочего крупного рогатого скота и буйволов,ПАВЛОДАРСКАЯ ОБЛАСТЬ,МАЙСКИЙ РАЙОН
447223,Разведение лошадей и прочих животных семейства лошадиных,false,,1014940000,883,13900000,920,2000000,846,9730000,1031,9694000,994,41175000,957,4,Животноводство,ПАВЛОДАРСКАЯ ОБЛАСТЬ,МАЙСКИЙ РАЙОН
447224,Разведение лошадей,true,,1014940000,883,13900000,920,2000000,846,9730000,1031,9694000,994,41175000,957,5,Разведение лошадей и прочих животных семейства лошадиных,ПАВЛОДАРСКАЯ ОБЛАСТЬ,МАЙСКИЙ РАЙОН
447228,Разведение овец и коз,false,,22211000,883,42464000,920,,,52655000,1031,14968000,994,31242000,957,4,Животноводство,ПАВЛОДАРСКАЯ ОБЛАСТЬ,МАЙСКИЙ РАЙОН
447229,Разведение овец и коз,true,,22211000,883,42464000,920,,,52655000,1031,14968000,994,31242000,957,5,Разведение овец и коз,ПАВЛОДАРСКАЯ ОБЛАСТЬ,МАЙСКИЙ РАЙОН
447237,Разведение прочих видов животных,false,,31531000,883,954300000,920,,,10900000,1031,,,954300000,957,4,Животноводство,ПАВЛОДАРСКАЯ ОБЛАСТЬ,МАЙСКИЙ РАЙОН
447238,Разведение прочих видов животных,true,,31531000,883,954300000,920,,,10900000,1031,,,954300000,957,5,Разведение прочих видов животных,ПАВЛОДАРСКАЯ ОБЛАСТЬ,МАЙСКИЙ РАЙОН
447239,Смешанное сельское хозяйство,false,,,,,,5424000,846,,,,,,,3,"Растениеводство и животноводство, охота и предоставление услуг в этих областях",ПАВЛОДАРСКАЯ ОБЛАСТЬ,МАЙСКИЙ РАЙОН
447240,Смешанное сельское хозяйство,false,,,,,,5424000,846,,,,,,,4,Смешанное сельское хозяйство,ПАВЛОДАРСКАЯ ОБЛАСТЬ,МАЙСКИЙ РАЙОН
447241,Смешанное сельское хозяйство,true,,,,,,5424000,846,,,,,,,5,Смешанное сельское хозяйство,ПАВЛОДАРСКАЯ ОБЛАСТЬ,МАЙСКИЙ РАЙОН
18683346,"Деятельность, способствующая выращиванию сельскохозяйственных культур и разведению животных и деятельность по обработке урожая",false,,,,,,,,,,7960000,994,35800000,957,3,"Растениеводство и животноводство, охота и предоставление услуг в этих областях",ПАВЛОДАРСКАЯ ОБЛАСТЬ,МАЙСКИЙ РАЙОН
18683347,"Деятельность, способствующая растениеводству",false,,,,,,,,,,7960000,994,35800000,957,4,"Деятельность, способствующая выращиванию сельскохозяйственных культур и разведению животных и деятельность по обработке урожая",ПАВЛОДАРСКАЯ ОБЛАСТЬ,МАЙСКИЙ РАЙОН
18683348,"Деятельность, способствующая растениеводству, кроме эксплуатации оросительных систем",true,,,,,,,,,,,,35800000,957,5,"Деятельность, способствующая растениеводству",ПАВЛОДАРСКАЯ ОБЛАСТЬ,МАЙСКИЙ РАЙОН
18683349,Эксплуатация оросительных систем,true,,,,,,,,,,7960000,994,,,5,"Деятельность, способствующая растениеводству",ПАВЛОДАРСКАЯ ОБЛАСТЬ,МАЙСКИЙ РАЙОН
448148,Строительство,false,,,,,,,,511654000,1031,272916000,994,,,1,Всего,ПАВЛОДАРСКАЯ ОБЛАСТЬ,МАЙСКИЙ РАЙОН
448157,Гражданское строительство,false,,,,,,,,511654000,1031,272916000,994,,,2,Строительство,ПАВЛОДАРСКАЯ ОБЛАСТЬ,МАЙСКИЙ РАЙОН
448158,Строительство автомобильных и железных дорог,false,,,,,,,,511654000,1031,272916000,994,,,3,Гражданское строительство,ПАВЛОДАРСКАЯ ОБЛАСТЬ,МАЙСКИЙ РАЙОН
18696143,Строительство автомобильных дорог,false,,,,,,,,511654000,1031,272916000,994,,,4,Строительство автомобильных и железных дорог,ПАВЛОДАРСКАЯ ОБЛАСТЬ,МАЙСКИЙ РАЙОН
18946136,Строительство дорог и автомагистралей,true,,,,,,,,511654000,1031,272916000,994,,,5,Строительство автомобильных дорог,ПАВЛОДАРСКАЯ ОБЛАСТЬ,МАЙСКИЙ РАЙОН
448215,Оптовая и розничная торговля; ремонт автомобилей и мотоциклов,false,,10089000,883,8700000,920,,,,,,,,,1,Всего,ПАВЛОДАРСКАЯ ОБЛАСТЬ,МАЙСКИЙ РАЙОН
448377,"Розничная торговля, кроме торговли автомобилями и мотоциклами",false,,10089000,883,8700000,920,,,,,,,,,2,Оптовая и розничная торговля; ремонт автомобилей и мотоциклов,ПАВЛОДАРСКАЯ ОБЛАСТЬ,МАЙСКИЙ РАЙОН
448378,Розничная торговля в неспециализированных магазинах,false,,,,8700000,920,,,,,,,,,3,"Розничная торговля, кроме торговли автомобилями и мотоциклами",ПАВЛОДАРСКАЯ ОБЛАСТЬ,МАЙСКИЙ РАЙОН
448379,"Розничная торговля в неспециализированных магазинах преимущественно продуктами питания, напитками и табачными изделиями",false,,,,8700000,920,,,,,,,,,4,Розничная торговля в неспециализированных магазинах,ПАВЛОДАРСКАЯ ОБЛАСТЬ,МАЙСКИЙ РАЙОН
3647934,"Розничная торговля преимущественно продуктами питания, напитками и табачными изделиями в неспециализированных магазинах, являющихся торговыми объектами, с торговой площадью менее 2000 кв.м ",true,,,,8700000,920,,,,,,,,,5,"Розничная торговля в неспециализированных магазинах преимущественно продуктами питания, напитками и табачными изделиями",ПАВЛОДАРСКАЯ ОБЛАСТЬ,МАЙСКИЙ РАЙОН
448468,"Розничная торговля вне магазинов, палаток, киосков или рынков",false,,10089000,883,,,,,,,,,,,3,"Розничная торговля, кроме торговли автомобилями и мотоциклами",ПАВЛОДАРСКАЯ ОБЛАСТЬ,МАЙСКИЙ РАЙОН
448471,"Прочая розничная торговля вне магазинов, палаток, киосков или рынков",false,,10089000,883,,,,,,,,,,,4,"Розничная торговля вне магазинов, палаток, киосков или рынков",ПАВЛОДАРСКАЯ ОБЛАСТЬ,МАЙСКИЙ РАЙОН
448472,Развозная и разносная розничная торговля,true,,10089000,883,,,,,,,,,,,5,"Прочая розничная торговля вне магазинов, палаток, киосков или рынков",ПАВЛОДАРСКАЯ ОБЛАСТЬ,МАЙСКИЙ РАЙОН
448475,Транспорт и складирование,false,,2531645000,883,5186352000,920,4316005000,846,6425428000,1031,8205594000,994,4563685000,957,1,Всего,ПАВЛОДАРСКАЯ ОБЛАСТЬ,МАЙСКИЙ РАЙОН
448502,Деятельность водного транспорта,false,,,,,,,,,,138636000,994,,,2,Транспорт и складирование,ПАВЛОДАРСКАЯ ОБЛАСТЬ,МАЙСКИЙ РАЙОН
448512,Деятельность речного грузового транспорта,false,,,,,,,,,,138636000,994,,,3,Деятельность водного транспорта,ПАВЛОДАРСКАЯ ОБЛАСТЬ,МАЙСКИЙ РАЙОН
448513,Деятельность речного грузового транспорта,false,,,,,,,,,,138636000,994,,,4,Деятельность речного грузового транспорта,ПАВЛОДАРСКАЯ ОБЛАСТЬ,МАЙСКИЙ РАЙОН
448514,"Деятельность речного грузового транспорта, кроме лесосплава",true,,,,,,,,,,138636000,994,,,5,Деятельность речного грузового транспорта,ПАВЛОДАРСКАЯ ОБЛАСТЬ,МАЙСКИЙ РАЙОН
448527,Складирование грузов и вспомогательная транспортная деятельность,false,,2531645000,883,5186352000,920,4316005000,846,6425428000,1031,8066958000,994,4563685000,957,2,Транспорт и складирование,ПАВЛОДАРСКАЯ ОБЛАСТЬ,МАЙСКИЙ РАЙОН
448528,Складирование и хранение грузов,false,,,,,,58826000,846,633118000,1031,,,,,3,Складирование грузов и вспомогательная транспортная деятельность,ПАВЛОДАРСКАЯ ОБЛАСТЬ,МАЙСКИЙ РАЙОН
448529,Складирование и хранение грузов,false,,,,,,58826000,846,633118000,1031,,,,,4,Складирование и хранение грузов,ПАВЛОДАРСКАЯ ОБЛАСТЬ,МАЙСКИЙ РАЙОН
448530,Складирование и хранение зерна,true,,,,,,x,846,,,,,,,5,Складирование и хранение грузов,ПАВЛОДАРСКАЯ ОБЛАСТЬ,МАЙСКИЙ РАЙОН
448532,Складирование и хранение продовольственных товаров,true,,,,,,38826000,846,,,,,,,5,Складирование и хранение грузов,ПАВЛОДАРСКАЯ ОБЛАСТЬ,МАЙСКИЙ РАЙОН
20576309,Складирование и хранение овощей и фруктов,true,,,,,,,,633118000,1031,,,,,5,Складирование и хранение грузов,ПАВЛОДАРСКАЯ ОБЛАСТЬ,МАЙСКИЙ РАЙОН
448533,Вспомогательная транспортная деятельность,false,,2531645000,883,5186352000,920,4257179000,846,5792310000,1031,8066958000,994,4563685000,957,3,Складирование грузов и вспомогательная транспортная деятельность,ПАВЛОДАРСКАЯ ОБЛАСТЬ,МАЙСКИЙ РАЙОН
448534,Вспомогательная деятельность сухопутного транспорта,false,,2531645000,883,5186352000,920,4257179000,846,5792310000,1031,3466958000,994,4563685000,957,4,Вспомогательная транспортная деятельность,ПАВЛОДАРСКАЯ ОБЛАСТЬ,МАЙСКИЙ РАЙОН
448535,Эксплуатация железных дорог,true,,,,x,920,x,846,,,,,2680323000,957,5,Вспомогательная деятельность сухопутного транспорта,ПАВЛОДАРСКАЯ ОБЛАСТЬ,МАЙСКИЙ РАЙОН
448536,Эксплуатация автомобильных дорог,true,,2531645000,883,1893173000,920,2192204000,846,5792310000,1031,3466958000,994,1883362000,957,5,Вспомогательная деятельность сухопутного транспорта,ПАВЛОДАРСКАЯ ОБЛАСТЬ,МАЙСКИЙ РАЙОН
448538,Деятельность автомобильных стоянок,true,,,,,,4000000,846,,,,,,,5,Вспомогательная деятельность сухопутного транспорта,ПАВЛОДАРСКАЯ ОБЛАСТЬ,МАЙСКИЙ РАЙОН
448547,Прочая вспомогательная транспортная деятельность,false,,,,,,,,,,x,994,,,4,Вспомогательная транспортная деятельность,ПАВЛОДАРСКАЯ ОБЛАСТЬ,МАЙСКИЙ РАЙОН
448549,Технический надзор на транспорте,true,,,,,,,,,,x,994,,,5,Прочая вспомогательная транспортная деятельность,ПАВЛОДАРСКАЯ ОБЛАСТЬ,МАЙСКИЙ РАЙОН
448558,Предоставление услуг по проживанию и питанию,false,,,,,,,,,,33974000,994,,,1,Всего,ПАВЛОДАРСКАЯ ОБЛАСТЬ,МАЙСКИЙ РАЙОН
448573,Предоставление услуг по обеспечению питанием и напитками,false,,,,,,,,,,33974000,994,,,2,Предоставление услуг по проживанию и питанию,ПАВЛОДАРСКАЯ ОБЛАСТЬ,МАЙСКИЙ РАЙОН
448574,Деятельность ресторанов и предоставление услуг по доставке продуктов питания,false,,,,,,,,,,33974000,994,,,3,Предоставление услуг по обеспечению питанием и напитками,ПАВЛОДАРСКАЯ ОБЛАСТЬ,МАЙСКИЙ РАЙОН
448575,Деятельность ресторанов и предоставление услуг по доставке продуктов питания,false,,,,,,,,,,33974000,994,,,4,Деятельность ресторанов и предоставление услуг по доставке продуктов питания,ПАВЛОДАРСКАЯ ОБЛАСТЬ,МАЙСКИЙ РАЙОН
20576361,"Деятельность ресторанов и предоставление услуг по доставке продуктов питания объектами, находящимися на придорожной полосе",true,,,,,,,,,,33974000,994,,,5,Деятельность ресторанов и предоставление услуг по доставке продуктов питания,ПАВЛОДАРСКАЯ ОБЛАСТЬ,МАЙСКИЙ РАЙОН
448585,Информация и связь,false,,,,,,12168000,846,,,,,19260000,957,1,Всего,ПАВЛОДАРСКАЯ ОБЛАСТЬ,МАЙСКИЙ РАЙОН
448623,Телекоммуникации,false,,,,,,12168000,846,,,,,19260000,957,2,Информация и связь,ПАВЛОДАРСКАЯ ОБЛАСТЬ,МАЙСКИЙ РАЙОН
18696628,Проводная телекоммуникационная связь,false,,,,,,12168000,846,,,,,,,3,Телекоммуникации,ПАВЛОДАРСКАЯ ОБЛАСТЬ,МАЙСКИЙ РАЙОН
18696629,Проводная телекоммуникационная связь,false,,,,,,12168000,846,,,,,,,4,Проводная телекоммуникационная связь,ПАВЛОДАРСКАЯ ОБЛАСТЬ,МАЙСКИЙ РАЙОН
18946146,Прочая проводная телекоммуникационная связь,true,,,,,,12168000,846,,,,,,,5,Проводная телекоммуникационная связь,ПАВЛОДАРСКАЯ ОБЛАСТЬ,МАЙСКИЙ РАЙОН
448627,Беспроводная телекоммуникационная связь,false,,,,,,,,,,,,19260000,957,3,Телекоммуникации,ПАВЛОДАРСКАЯ ОБЛАСТЬ,МАЙСКИЙ РАЙОН
448628,Беспроводная телекоммуникационная связь,false,,,,,,,,,,,,19260000,957,4,Беспроводная телекоммуникационная связь,ПАВЛОДАРСКАЯ ОБЛАСТЬ,МАЙСКИЙ РАЙОН
18946147,Беспроводная телекоммуникационная связь посредством единой транспортной среды,true,,,,,,,,,,,,19260000,957,5,Беспроводная телекоммуникационная связь,ПАВЛОДАРСКАЯ ОБЛАСТЬ,МАЙСКИЙ РАЙОН
448658,Финансовая и страховая деятельность,false,,,,7003000,920,,,,,,,,,1,Всего,ПАВЛОДАРСКАЯ ОБЛАСТЬ,МАЙСКИЙ РАЙОН
448659,"Финансовое посредничество, кроме страхования и пенсионного обеспечения",false,,,,7003000,920,,,,,,,,,2,Финансовая и страховая деятельность,ПАВЛОДАРСКАЯ ОБЛАСТЬ,МАЙСКИЙ РАЙОН
448673,"Прочее финансовое посредничество, кроме страхования и пенсионного обеспечения",false,,,,7003000,920,,,,,,,,,3,"Финансовое посредничество, кроме страхования и пенсионного обеспечения",ПАВЛОДАРСКАЯ ОБЛАСТЬ,МАЙСКИЙ РАЙОН
448676,Прочие виды кредитования,false,,,,7003000,920,,,,,,,,,4,"Прочее финансовое посредничество, кроме страхования и пенсионного обеспечения",ПАВЛОДАРСКАЯ ОБЛАСТЬ,МАЙСКИЙ РАЙОН
448678,"Прочие виды кредитования, не включенные в другие группировки",true,,,,7003000,920,,,,,,,,,5,Прочие виды кредитования,ПАВЛОДАРСКАЯ ОБЛАСТЬ,МАЙСКИЙ РАЙОН
448714,Операции с недвижимым имуществом,false,,390153000,883,296570000,920,67350000,846,587100000,1031,428650000,994,284900000,957,1,Всего,ПАВЛОДАРСКАЯ ОБЛАСТЬ,МАЙСКИЙ РАЙОН
448715,Операции с недвижимым имуществом,false,,390153000,883,296570000,920,67350000,846,587100000,1031,428650000,994,284900000,957,2,Операции с недвижимым имуществом,ПАВЛОДАРСКАЯ ОБЛАСТЬ,МАЙСКИЙ РАЙОН
448716,Покупка и продажа собственного недвижимого имущества ,false,,390153000,883,296570000,920,67350000,846,587100000,1031,428650000,994,284900000,957,3,Операции с недвижимым имуществом,ПАВЛОДАРСКАЯ ОБЛАСТЬ,МАЙСКИЙ РАЙОН
448717,Покупка и продажа собственного недвижимого имущества ,false,,390153000,883,296570000,920,67350000,846,587100000,1031,428650000,994,284900000,957,4,Покупка и продажа собственного недвижимого имущества ,ПАВЛОДАРСКАЯ ОБЛАСТЬ,МАЙСКИЙ РАЙОН
543091,Покупка и продажа многоквартирных и жилых домов (особняков),true,,390153000,883,296570000,920,67350000,846,587100000,1031,428650000,994,284900000,957,5,Покупка и продажа собственного недвижимого имущества ,ПАВЛОДАРСКАЯ ОБЛАСТЬ,МАЙСКИЙ РАЙОН
448728,"Профессиональная, научная и техническая деятельность",false,,,,13071000,920,40134000,846,,,,,205850000,957,1,Всего,ПАВЛОДАРСКАЯ ОБЛАСТЬ,МАЙСКИЙ РАЙОН
448761,Научные исследования и разработки,false,,,,,,x,846,,,,,205850000,957,2,"Профессиональная, научная и техническая деятельность",ПАВЛОДАРСКАЯ ОБЛАСТЬ,МАЙСКИЙ РАЙОН
448762,Научные исследования и экспериментальные разработки в области естественных и технических наук ,false,,,,,,x,846,,,,,205850000,957,3,Научные исследования и разработки,ПАВЛОДАРСКАЯ ОБЛАСТЬ,МАЙСКИЙ РАЙОН
448765,Прочие научные исследования и экспериментальные разработки в области естественных и технических наук ,false,,,,,,x,846,,,,,205850000,957,4,Научные исследования и экспериментальные разработки в области естественных и технических наук ,ПАВЛОДАРСКАЯ ОБЛАСТЬ,МАЙСКИЙ РАЙОН
18946187,Прочие исследования и разработки в области естественных и технических наук,true,,,,,,x,846,,,,,205850000,957,5,Прочие научные исследования и экспериментальные разработки в области естественных и технических наук ,ПАВЛОДАРСКАЯ ОБЛАСТЬ,МАЙСКИЙ РАЙОН
448793,Ветеринарная деятельность,false,,,,13071000,920,x,846,,,,,,,2,"Профессиональная, научная и техническая деятельность",ПАВЛОДАРСКАЯ ОБЛАСТЬ,МАЙСКИЙ РАЙОН
448794,Ветеринарная деятельность,false,,,,13071000,920,x,846,,,,,,,3,Ветеринарная деятельность,ПАВЛОДАРСКАЯ ОБЛАСТЬ,МАЙСКИЙ РАЙОН
448795,Ветеринарная деятельность,false,,,,13071000,920,x,846,,,,,,,4,Ветеринарная деятельность,ПАВЛОДАРСКАЯ ОБЛАСТЬ,МАЙСКИЙ РАЙОН
448796,Ветеринарная деятельность,true,,,,13071000,920,x,846,,,,,,,5,Ветеринарная деятельность,ПАВЛОДАРСКАЯ ОБЛАСТЬ,МАЙСКИЙ РАЙОН
448889,Государственное управление и оборона; обязательное  социальное обеспечение,false,,27686000,883,6195000,920,16263000,846,898000,1031,34003000,994,46582000,957,1,Всего,ПАВЛОДАРСКАЯ ОБЛАСТЬ,МАЙСКИЙ РАЙОН
448890,Государственное управление и оборона; обязательное социальное обеспечение,false,,27686000,883,6195000,920,16263000,846,898000,1031,34003000,994,46582000,957,2,Государственное управление и оборона; обязательное  социальное обеспечение,ПАВЛОДАРСКАЯ ОБЛАСТЬ,МАЙСКИЙ РАЙОН
448891,Государственное управление общего характера и управление социально-экономическое политикой общества,false,,27686000,883,6195000,920,16263000,846,898000,1031,34003000,994,46582000,957,3,Государственное управление и оборона; обязательное социальное обеспечение,ПАВЛОДАРСКАЯ ОБЛАСТЬ,МАЙСКИЙ РАЙОН
448892,Государственное управление общего характера,false,,25982000,883,6195000,920,14197000,846,898000,1031,33671000,994,6064000,957,4,Государственное управление общего характера и управление социально-экономическое политикой общества,ПАВЛОДАРСКАЯ ОБЛАСТЬ,МАЙСКИЙ РАЙОН
448895,Деятельность местных органов управления,true,,22039000,883,6195000,920,11928000,846,609000,1031,24305000,994,6064000,957,5,Государственное управление общего характера,ПАВЛОДАРСКАЯ ОБЛАСТЬ,МАЙСКИЙ РАЙОН
448896,Деятельность сельских и поселковых органов управления,true,,3943000,883,,,2269000,846,289000,1031,9366000,994,,,5,Государственное управление общего характера,ПАВЛОДАРСКАЯ ОБЛАСТЬ,МАЙСКИЙ РАЙОН
448900,"Регулирование деятельности учреждений здравоохранения, образования, культуры и других социальных услуг, кроме социального обеспечения ",false,,1254000,883,,,1369000,846,,,x,994,x,957,4,Государственное управление общего характера и управление социально-экономическое политикой общества,ПАВЛОДАРСКАЯ ОБЛАСТЬ,МАЙСКИЙ РАЙОН
448901,"Регулирование деятельности учреждений здравоохранения, образования, культуры и других социальных услуг, кроме социального обеспечения ",true,,1254000,883,,,1369000,846,,,x,994,x,957,5,"Регулирование деятельности учреждений здравоохранения, образования, культуры и других социальных услуг, кроме социального обеспечения ",ПАВЛОДАРСКАЯ ОБЛАСТЬ,МАЙСКИЙ РАЙОН
448902,Регулирование и содействие эффективному ведению экономической деятельности,false,,x,883,,,697000,846,,,,,38551000,957,4,Государственное управление общего характера и управление социально-экономическое политикой общества,ПАВЛОДАРСКАЯ ОБЛАСТЬ,МАЙСКИЙ РАЙОН
448903,Регулирование и содействие эффективному ведению экономической деятельности,true,,x,883,,,697000,846,,,,,38551000,957,5,Регулирование и содействие эффективному ведению экономической деятельности,ПАВЛОДАРСКАЯ ОБЛАСТЬ,МАЙСКИЙ РАЙОН
448918,Образование,false,,52841000,883,178607000,920,9475000,846,306286000,1031,212062000,994,337167000,957,1,Всего,ПАВЛОДАРСКАЯ ОБЛАСТЬ,МАЙСКИЙ РАЙОН
448919,Образование,false,,52841000,883,178607000,920,9475000,846,306286000,1031,212062000,994,337167000,957,2,Образование,ПАВЛОДАРСКАЯ ОБЛАСТЬ,МАЙСКИЙ РАЙОН
448926,Среднее образование (2-й и 3-й уровни),false,,52841000,883,178607000,920,9475000,846,306286000,1031,212062000,994,337167000,957,3,Образование,ПАВЛОДАРСКАЯ ОБЛАСТЬ,МАЙСКИЙ РАЙОН
448927,Основное и общее среднее образование,false,,52841000,883,178607000,920,9475000,846,306286000,1031,212062000,994,337167000,957,4,Среднее образование (2-й и 3-й уровни),ПАВЛОДАРСКАЯ ОБЛАСТЬ,МАЙСКИЙ РАЙОН
448928,Основное и общее среднее образование,true,,52841000,883,178607000,920,9475000,846,306286000,1031,212062000,994,337167000,957,5,Основное и общее среднее образование,ПАВЛОДАРСКАЯ ОБЛАСТЬ,МАЙСКИЙ РАЙОН
448950,Здравоохранение и социальное обслуживание населения,false,,78120000,883,79800000,920,38003000,846,481663000,1031,209237000,994,24538000,957,1,Всего,ПАВЛОДАРСКАЯ ОБЛАСТЬ,МАЙСКИЙ РАЙОН
448951,Деятельность в области здравоохранения,false,,78120000,883,79800000,920,36150000,846,481663000,1031,196412000,994,24538000,957,2,Здравоохранение и социальное обслуживание населения,ПАВЛОДАРСКАЯ ОБЛАСТЬ,МАЙСКИЙ РАЙОН
448952,Деятельность больничных организаций,false,,78120000,883,79800000,920,36150000,846,93742000,1031,190425000,994,24538000,957,3,Деятельность в области здравоохранения,ПАВЛОДАРСКАЯ ОБЛАСТЬ,МАЙСКИЙ РАЙОН
448953,Деятельность больничных организаций,false,,78120000,883,79800000,920,36150000,846,93742000,1031,190425000,994,24538000,957,4,Деятельность больничных организаций,ПАВЛОДАРСКАЯ ОБЛАСТЬ,МАЙСКИЙ РАЙОН
448954,Деятельность больниц широкого профиля и специализированных больниц,true,,78120000,883,79800000,920,36150000,846,93742000,1031,190425000,994,24538000,957,5,Деятельность больничных организаций,ПАВЛОДАРСКАЯ ОБЛАСТЬ,МАЙСКИЙ РАЙОН
448959,Деятельность в области врачебной практики и стоматологии,false,,,,,,,,387921000,1031,5987000,994,,,3,Деятельность в области здравоохранения,ПАВЛОДАРСКАЯ ОБЛАСТЬ,МАЙСКИЙ РАЙОН
448960,Общая врачебная практика,false,,,,,,,,387921000,1031,5987000,994,,,4,Деятельность в области врачебной практики и стоматологии,ПАВЛОДАРСКАЯ ОБЛАСТЬ,МАЙСКИЙ РАЙОН
448961,Общая врачебная практика,true,,,,,,,,387921000,1031,5987000,994,,,5,Общая врачебная практика,ПАВЛОДАРСКАЯ ОБЛАСТЬ,МАЙСКИЙ РАЙОН
448969,Предоставление социальных услуг с обеспечением проживания,false,,,,,,1853000,846,,,12825000,994,,,2,Здравоохранение и социальное обслуживание населения,ПАВЛОДАРСКАЯ ОБЛАСТЬ,МАЙСКИЙ РАЙОН
448970,Предоставление социальных услуг с услугами средних медицинских работников с обеспечением проживания,false,,,,,,,,,,12825000,994,,,3,Предоставление социальных услуг с обеспечением проживания,ПАВЛОДАРСКАЯ ОБЛАСТЬ,МАЙСКИЙ РАЙОН
448971,Предоставление социальных услуг с услугами средних медицинских работников с обеспечением проживания,false,,,,,,,,,,12825000,994,,,4,Предоставление социальных услуг с услугами средних медицинских работников с обеспечением проживания,ПАВЛОДАРСКАЯ ОБЛАСТЬ,МАЙСКИЙ РАЙОН
448972,Предоставление социальных услуг с услугами средних медицинских работников с обеспечением проживания,true,,,,,,,,,,12825000,994,,,5,Предоставление социальных услуг с услугами средних медицинских работников с обеспечением проживания,ПАВЛОДАРСКАЯ ОБЛАСТЬ,МАЙСКИЙ РАЙОН
448976,Предоставление социальных услуг пожилым гражданам и инвалидам с обеспечением проживания,false,,,,,,1853000,846,,,,,,,3,Предоставление социальных услуг с обеспечением проживания,ПАВЛОДАРСКАЯ ОБЛАСТЬ,МАЙСКИЙ РАЙОН
448977,Предоставление социальных услуг пожилым гражданам и инвалидам с обеспечением проживания,false,,,,,,1853000,846,,,,,,,4,Предоставление социальных услуг пожилым гражданам и инвалидам с обеспечением проживания,ПАВЛОДАРСКАЯ ОБЛАСТЬ,МАЙСКИЙ РАЙОН
448978,Предоставление социальных услуг пожилым гражданам и инвалидам с обеспечением проживания,true,,,,,,1853000,846,,,,,,,5,Предоставление социальных услуг пожилым гражданам и инвалидам с обеспечением проживания,ПАВЛОДАРСКАЯ ОБЛАСТЬ,МАЙСКИЙ РАЙОН
448991,"Искусство, развлечения и отдых",false,,80912000,883,77462000,920,2987000,846,515270000,1031,168549000,994,77068000,957,1,Всего,ПАВЛОДАРСКАЯ ОБЛАСТЬ,МАЙСКИЙ РАЙОН
449004,"Деятельность библиотек, архивов, музеев и прочая деятельность в области культуры",false,,,,1779000,920,1897000,846,1429000,1031,,,6023000,957,2,"Искусство, развлечения и отдых",ПАВЛОДАРСКАЯ ОБЛАСТЬ,МАЙСКИЙ РАЙОН
449005,"Деятельность библиотек, архивов, музеев и прочая деятельность в области культуры",false,,,,1779000,920,1897000,846,1429000,1031,,,6023000,957,3,"Деятельность библиотек, архивов, музеев и прочая деятельность в области культуры",ПАВЛОДАРСКАЯ ОБЛАСТЬ,МАЙСКИЙ РАЙОН
449006,Деятельность библиотек и архивов,false,,,,1779000,920,1897000,846,1429000,1031,,,6023000,957,4,"Деятельность библиотек, архивов, музеев и прочая деятельность в области культуры",ПАВЛОДАРСКАЯ ОБЛАСТЬ,МАЙСКИЙ РАЙОН
449008,"Библиотечная деятельность, включая деятельность читальных залов, лекториев, демонстрационных залов",true,,,,1779000,920,1897000,846,1429000,1031,,,6023000,957,5,Деятельность библиотек и архивов,ПАВЛОДАРСКАЯ ОБЛАСТЬ,МАЙСКИЙ РАЙОН
449022,"Деятельность в области спорта, организации отдыха и развлечений",false,,80912000,883,75683000,920,x,846,513841000,1031,168549000,994,71045000,957,2,"Искусство, развлечения и отдых",ПАВЛОДАРСКАЯ ОБЛАСТЬ,МАЙСКИЙ РАЙОН
449023,Деятельность в области спорта,false,,80376000,883,70686000,920,x,846,156753000,1031,16500000,994,,,3,"Деятельность в области спорта, организации отдыха и развлечений",ПАВЛОДАРСКАЯ ОБЛАСТЬ,МАЙСКИЙ РАЙОН
449024,Эксплуатация спортивных сооружений,false,,80376000,883,70686000,920,x,846,156753000,1031,16500000,994,,,4,Деятельность в области спорта,ПАВЛОДАРСКАЯ ОБЛАСТЬ,МАЙСКИЙ РАЙОН
449025,Эксплуатация спортивных сооружений,true,,80376000,883,70686000,920,x,846,156753000,1031,16500000,994,,,5,Эксплуатация спортивных сооружений,ПАВЛОДАРСКАЯ ОБЛАСТЬ,МАЙСКИЙ РАЙОН
449032,Деятельность по организации отдыха и развлечений,false,,536000,883,4997000,920,,,357088000,1031,152049000,994,71045000,957,3,"Деятельность в области спорта, организации отдыха и развлечений",ПАВЛОДАРСКАЯ ОБЛАСТЬ,МАЙСКИЙ РАЙОН
449035,Прочая деятельность по организации отдыха и развлечений,false,,536000,883,4997000,920,,,357088000,1031,152049000,994,71045000,957,4,Деятельность по организации отдыха и развлечений,ПАВЛОДАРСКАЯ ОБЛАСТЬ,МАЙСКИЙ РАЙОН
449039,Прочие виды деятельности по организации отдыха и развлечений,true,,536000,883,4997000,920,,,357088000,1031,152049000,994,71045000,957,5,Прочая деятельность по организации отдыха и развлечений,ПАВЛОДАРСКАЯ ОБЛАСТЬ,МАЙСКИЙ РАЙОН
741340,Промышленность,false,,2191880000,883,989631000,920,4152963000,846,826087000,1031,1162088000,994,1720011000,957,1,Всего,ПАВЛОДАРСКАЯ ОБЛАСТЬ,МАЙСКИЙ РАЙОН
447279,Горнодобывающая промышленность и разработка карьеров,false,,x,883,199000,920,x,846,17267000,1031,,,x,957,2,Промышленность,ПАВЛОДАРСКАЯ ОБЛАСТЬ,МАЙСКИЙ РАЙОН
447280,Добыча угля ,false,,x,883,,,x,846,,,,,,,3,Горнодобывающая промышленность и разработка карьеров,ПАВЛОДАРСКАЯ ОБЛАСТЬ,МАЙСКИЙ РАЙОН
447281,Добыча каменного угля,false,,x,883,,,x,846,,,,,,,4,Добыча угля ,ПАВЛОДАРСКАЯ ОБЛАСТЬ,МАЙСКИЙ РАЙОН
447282,Добыча каменного угля,false,,x,883,,,x,846,,,,,,,5,Добыча каменного угля,ПАВЛОДАРСКАЯ ОБЛАСТЬ,МАЙСКИЙ РАЙОН
447298,Добыча металлических руд,false,,,,199000,920,,,x,1031,,,x,957,3,Горнодобывающая промышленность и разработка карьеров,ПАВЛОДАРСКАЯ ОБЛАСТЬ,МАЙСКИЙ РАЙОН
447303,"Добыча руд, кроме железных ",false,,,,199000,920,,,x,1031,,,x,957,4,Добыча металлических руд,ПАВЛОДАРСКАЯ ОБЛАСТЬ,МАЙСКИЙ РАЙОН
447306,Добыча прочих металлических руд,false,,,,199000,920,,,x,1031,,,x,957,5,"Добыча руд, кроме железных ",ПАВЛОДАРСКАЯ ОБЛАСТЬ,МАЙСКИЙ РАЙОН
447316,Добыча прочих полезных ископаемых,false,,,,,,,,x,1031,,,,,3,Горнодобывающая промышленность и разработка карьеров,ПАВЛОДАРСКАЯ ОБЛАСТЬ,МАЙСКИЙ РАЙОН
447325,"Добыча полезных ископаемых, не включенных в другие группировки",false,,,,,,,,x,1031,,,,,4,Добыча прочих полезных ископаемых,ПАВЛОДАРСКАЯ ОБЛАСТЬ,МАЙСКИЙ РАЙОН
447330,Добыча соли,false,,,,,,,,x,1031,,,,,5,"Добыча полезных ископаемых, не включенных в другие группировки",ПАВЛОДАРСКАЯ ОБЛАСТЬ,МАЙСКИЙ РАЙОН
448090,"Снабжение электроэнергией, газом, паром, горячей водой и кондиционированным воздухом",false,,156001000,883,131829000,920,175266000,846,370223000,1031,425670000,994,45370000,957,2,Промышленность,ПАВЛОДАРСКАЯ ОБЛАСТЬ,МАЙСКИЙ РАЙОН
448091,"Снабжение электроэнергией, газом, паром, горячей водой и кондиционированным воздухом",false,,156001000,883,131829000,920,175266000,846,370223000,1031,425670000,994,45370000,957,3,"Снабжение электроэнергией, газом, паром, горячей водой и кондиционированным воздухом",ПАВЛОДАРСКАЯ ОБЛАСТЬ,МАЙСКИЙ РАЙОН
448092,"Производство, передача и распределение электроэнергии",false,,50157000,883,131829000,920,166533000,846,370223000,1031,380007000,994,45370000,957,4,"Снабжение электроэнергией, газом, паром, горячей водой и кондиционированным воздухом",ПАВЛОДАРСКАЯ ОБЛАСТЬ,МАЙСКИЙ РАЙОН
448093,Производство электроэнергии,false,,13390000,883,,,163430000,846,,,,,,,5,"Производство, передача и распределение электроэнергии",ПАВЛОДАРСКАЯ ОБЛАСТЬ,МАЙСКИЙ РАЙОН
448098,Передача электроэнергии,false,,x,883,131829000,920,x,846,370223000,1031,380007000,994,45370000,957,5,"Производство, передача и распределение электроэнергии",ПАВЛОДАРСКАЯ ОБЛАСТЬ,МАЙСКИЙ РАЙОН
448111,"Снабжение паром, горячей водой и кондиционированным воздухом",false,,105844000,883,,,8733000,846,,,45663000,994,,,4,"Снабжение электроэнергией, газом, паром, горячей водой и кондиционированным воздухом",ПАВЛОДАРСКАЯ ОБЛАСТЬ,МАЙСКИЙ РАЙОН
448112,"Снабжение паром, горячей водой и кондиционированным воздухом",false,,105844000,883,,,8733000,846,,,45663000,994,,,5,"Снабжение паром, горячей водой и кондиционированным воздухом",ПАВЛОДАРСКАЯ ОБЛАСТЬ,МАЙСКИЙ РАЙОН
448117,"Водоснабжение; сбор, обработка и удаление отходов, деятельность по ликвидации загрязнений",false,,1990714000,883,857603000,920,3975258000,846,438597000,1031,736418000,994,1551118000,957,2,Промышленность,ПАВЛОДАРСКАЯ ОБЛАСТЬ,МАЙСКИЙ РАЙОН
448118,"Сбор, обработка и распределение воды",false,,1990714000,883,857603000,920,3975258000,846,x,1031,731426000,994,1551118000,957,3,"Водоснабжение; сбор, обработка и удаление отходов, деятельность по ликвидации загрязнений",ПАВЛОДАРСКАЯ ОБЛАСТЬ,МАЙСКИЙ РАЙОН
448119,"Сбор, обработка и распределение воды",false,,1990714000,883,857603000,920,3975258000,846,x,1031,731426000,994,1551118000,957,4,"Сбор, обработка и распределение воды",ПАВЛОДАРСКАЯ ОБЛАСТЬ,МАЙСКИЙ РАЙОН
448120,"Сбор, обработка и распределение воды",false,,1990714000,883,857603000,920,3975258000,846,x,1031,731426000,994,1551118000,957,5,"Сбор, обработка и распределение воды",ПАВЛОДАРСКАЯ ОБЛАСТЬ,МАЙСКИЙ РАЙОН
448122,Сбор и обработка сточных вод,false,,,,,,,,358020000,1031,4992000,994,,,3,"Водоснабжение; сбор, обработка и удаление отходов, деятельность по ликвидации загрязнений",ПАВЛОДАРСКАЯ ОБЛАСТЬ,МАЙСКИЙ РАЙОН
448123,Сбор и обработка сточных вод,false,,,,,,,,358020000,1031,4992000,994,,,4,Сбор и обработка сточных вод,ПАВЛОДАРСКАЯ ОБЛАСТЬ,МАЙСКИЙ РАЙОН
448124,Сбор и обработка сточных вод,false,,,,,,,,358020000,1031,4992000,994,,,5,Сбор и обработка сточных вод,ПАВЛОДАРСКАЯ ОБЛАСТЬ,МАЙСКИЙ РАЙОН
741885,Всего,false,,11650164000,883,17635008000,920,8326851000,846,15432509000,1031,21089000000,994,21971405000,957,0,,ПАВЛОДАРСКАЯ ОБЛАСТЬ,ПАВЛОДАРСКИЙ РАЙОН
447173,"Сельское, лесное и рыбное хозяйство",false,,4386353000,883,11426314000,920,3944501000,846,8757326000,1031,15985973000,994,18422815000,957,1,Всего,ПАВЛОДАРСКАЯ ОБЛАСТЬ,ПАВЛОДАРСКИЙ РАЙОН
447174,"Растениеводство и животноводство, охота и предоставление услуг в этих областях",false,,4386353000,883,11426314000,920,3944501000,846,8757326000,1031,15985973000,994,18422815000,957,2,"Сельское, лесное и рыбное хозяйство",ПАВЛОДАРСКАЯ ОБЛАСТЬ,ПАВЛОДАРСКИЙ РАЙОН
447175,Выращивание одно- или двухлетних культур,false,,1164293000,883,4711198000,920,1750852000,846,4526600000,1031,2684897000,994,3052850000,957,3,"Растениеводство и животноводство, охота и предоставление услуг в этих областях",ПАВЛОДАРСКАЯ ОБЛАСТЬ,ПАВЛОДАРСКИЙ РАЙОН
447176,"Выращивание зерновых (кроме риса), бобовых и масличных культур",false,,440605000,883,1023296000,920,885224000,846,1664336000,1031,1667270000,994,630384000,957,4,Выращивание одно- или двухлетних культур,ПАВЛОДАРСКАЯ ОБЛАСТЬ,ПАВЛОДАРСКИЙ РАЙОН
3783380,"Выращивание зерновых и зернобобовых культур, включая семеноводство",true,,419239000,883,507463000,920,226190000,846,1242013000,1031,1500877000,994,131029000,957,5,"Выращивание зерновых (кроме риса), бобовых и масличных культур",ПАВЛОДАРСКАЯ ОБЛАСТЬ,ПАВЛОДАРСКИЙ РАЙОН
447178,Выращивание масличных культур и их семян,true,,21366000,883,515833000,920,659034000,846,422323000,1031,166393000,994,499355000,957,5,"Выращивание зерновых (кроме риса), бобовых и масличных культур",ПАВЛОДАРСКАЯ ОБЛАСТЬ,ПАВЛОДАРСКИЙ РАЙОН
447181,"Выращивание овощей, бахчевых, корнеплодов и клубнеплодов",false,,667955000,883,3452848000,920,764555000,846,2757359000,1031,968254000,994,2294019000,957,4,Выращивание одно- или двухлетних культур,ПАВЛОДАРСКАЯ ОБЛАСТЬ,ПАВЛОДАРСКИЙ РАЙОН
447182,Выращивание картофеля и посадочного материала,true,,416135000,883,3387961000,920,519043000,846,1939492000,1031,657942000,994,2076968000,957,5,"Выращивание овощей, бахчевых, корнеплодов и клубнеплодов",ПАВЛОДАРСКАЯ ОБЛАСТЬ,ПАВЛОДАРСКИЙ РАЙОН
447183,"Выращивание овощей, их семян и рассады",true,,251820000,883,64887000,920,245512000,846,817867000,1031,310312000,994,217051000,957,5,"Выращивание овощей, бахчевых, корнеплодов и клубнеплодов",ПАВЛОДАРСКАЯ ОБЛАСТЬ,ПАВЛОДАРСКИЙ РАЙОН
447192,Выращивание прочих одно- или двухлетних культур,false,,55733000,883,235054000,920,101073000,846,104905000,1031,49373000,994,128447000,957,4,Выращивание одно- или двухлетних культур,ПАВЛОДАРСКАЯ ОБЛАСТЬ,ПАВЛОДАРСКИЙ РАЙОН
447193,Выращивание кормовых культур и их семян,true,,55733000,883,235054000,920,101073000,846,104905000,1031,49373000,994,128447000,957,5,Выращивание прочих одно- или двухлетних культур,ПАВЛОДАРСКАЯ ОБЛАСТЬ,ПАВЛОДАРСКИЙ РАЙОН
447218,Животноводство,false,,3222060000,883,6715116000,920,2193649000,846,4225926000,1031,13301076000,994,15337365000,957,3,"Растениеводство и животноводство, охота и предоставление услуг в этих областях",ПАВЛОДАРСКАЯ ОБЛАСТЬ,ПАВЛОДАРСКИЙ РАЙОН
447219,Разведение крупного рогатого скота молочного направления,false,,1768142000,883,695980000,920,1772782000,846,2155626000,1031,13024875000,994,12607743000,957,4,Животноводство,ПАВЛОДАРСКАЯ ОБЛАСТЬ,ПАВЛОДАРСКИЙ РАЙОН
447220,Разведение крупного рогатого скота молочного направления,true,,1768142000,883,695980000,920,1772782000,846,2155626000,1031,13024875000,994,12607743000,957,5,Разведение крупного рогатого скота молочного направления,ПАВЛОДАРСКАЯ ОБЛАСТЬ,ПАВЛОДАРСКИЙ РАЙОН
447221,Разведение прочего крупного рогатого скота и буйволов,false,,2000000,883,21358000,920,84498000,846,208347000,1031,69664000,994,78812000,957,4,Животноводство,ПАВЛОДАРСКАЯ ОБЛАСТЬ,ПАВЛОДАРСКИЙ РАЙОН
447222,Разведение прочего крупного рогатого скота и буйволов,true,,2000000,883,21358000,920,84498000,846,208347000,1031,69664000,994,78812000,957,5,Разведение прочего крупного рогатого скота и буйволов,ПАВЛОДАРСКАЯ ОБЛАСТЬ,ПАВЛОДАРСКИЙ РАЙОН
447223,Разведение лошадей и прочих животных семейства лошадиных,false,,7076000,883,,,14200000,846,79651000,1031,47447000,994,9018000,957,4,Животноводство,ПАВЛОДАРСКАЯ ОБЛАСТЬ,ПАВЛОДАРСКИЙ РАЙОН
447224,Разведение лошадей,true,,7076000,883,,,14200000,846,79651000,1031,47447000,994,9018000,957,5,Разведение лошадей и прочих животных семейства лошадиных,ПАВЛОДАРСКАЯ ОБЛАСТЬ,ПАВЛОДАРСКИЙ РАЙОН
447228,Разведение овец и коз,false,,,,,,6200000,846,3080000,1031,6600000,994,,,4,Животноводство,ПАВЛОДАРСКАЯ ОБЛАСТЬ,ПАВЛОДАРСКИЙ РАЙОН
447229,Разведение овец и коз,true,,,,,,6200000,846,3080000,1031,6600000,994,,,5,Разведение овец и коз,ПАВЛОДАРСКАЯ ОБЛАСТЬ,ПАВЛОДАРСКИЙ РАЙОН
447230,Разведение свиней,false,,1066175000,883,x,920,x,846,101371000,1031,x,994,x,957,4,Животноводство,ПАВЛОДАРСКАЯ ОБЛАСТЬ,ПАВЛОДАРСКИЙ РАЙОН
447231,Разведение свиней,true,,1066175000,883,x,920,x,846,101371000,1031,x,994,x,957,5,Разведение свиней,ПАВЛОДАРСКАЯ ОБЛАСТЬ,ПАВЛОДАРСКИЙ РАЙОН
447232,Разведение сельскохозяйственной птицы ,false,,x,883,618871000,920,x,846,1666244000,1031,119203000,994,387917000,957,4,Животноводство,ПАВЛОДАРСКАЯ ОБЛАСТЬ,ПАВЛОДАРСКИЙ РАЙОН
447233,"Разведение птицы на мясо, племенной птицы и молодняка",true,,x,883,618871000,920,x,846,1666244000,1031,119203000,994,387917000,957,5,Разведение сельскохозяйственной птицы ,ПАВЛОДАРСКАЯ ОБЛАСТЬ,ПАВЛОДАРСКИЙ РАЙОН
447237,Разведение прочих видов животных,false,,,,,,,,x,1031,,,,,4,Животноводство,ПАВЛОДАРСКАЯ ОБЛАСТЬ,ПАВЛОДАРСКИЙ РАЙОН
447238,Разведение прочих видов животных,true,,,,,,,,x,1031,,,,,5,Разведение прочих видов животных,ПАВЛОДАРСКАЯ ОБЛАСТЬ,ПАВЛОДАРСКИЙ РАЙОН
447239,Смешанное сельское хозяйство,false,,,,,,,,4800000,1031,,,,,3,"Растениеводство и животноводство, охота и предоставление услуг в этих областях",ПАВЛОДАРСКАЯ ОБЛАСТЬ,ПАВЛОДАРСКИЙ РАЙОН
447240,Смешанное сельское хозяйство,false,,,,,,,,4800000,1031,,,,,4,Смешанное сельское хозяйство,ПАВЛОДАРСКАЯ ОБЛАСТЬ,ПАВЛОДАРСКИЙ РАЙОН
447241,Смешанное сельское хозяйство,true,,,,,,,,4800000,1031,,,,,5,Смешанное сельское хозяйство,ПАВЛОДАРСКАЯ ОБЛАСТЬ,ПАВЛОДАРСКИЙ РАЙОН
18683346,"Деятельность, способствующая выращиванию сельскохозяйственных культур и разведению животных и деятельность по обработке урожая",false,,,,,,,,,,,,32600000,957,3,"Растениеводство и животноводство, охота и предоставление услуг в этих областях",ПАВЛОДАРСКАЯ ОБЛАСТЬ,ПАВЛОДАРСКИЙ РАЙОН
18683347,"Деятельность, способствующая растениеводству",false,,,,,,,,,,,,32600000,957,4,"Деятельность, способствующая выращиванию сельскохозяйственных культур и разведению животных и деятельность по обработке урожая",ПАВЛОДАРСКАЯ ОБЛАСТЬ,ПАВЛОДАРСКИЙ РАЙОН
18683348,"Деятельность, способствующая растениеводству, кроме эксплуатации оросительных систем",true,,,,,,,,,,,,32600000,957,5,"Деятельность, способствующая растениеводству",ПАВЛОДАРСКАЯ ОБЛАСТЬ,ПАВЛОДАРСКИЙ РАЙОН
448148,Строительство,false,,11477000,883,1298000,920,,,,,,,3122000,957,1,Всего,ПАВЛОДАРСКАЯ ОБЛАСТЬ,ПАВЛОДАРСКИЙ РАЙОН
18710963,Строительство зданий,false,,,,1298000,920,,,,,,,1000000,957,2,Строительство,ПАВЛОДАРСКАЯ ОБЛАСТЬ,ПАВЛОДАРСКИЙ РАЙОН
18710967,Строительство жилых и нежилых зданий,false,,,,1298000,920,,,,,,,1000000,957,3,Строительство зданий,ПАВЛОДАРСКАЯ ОБЛАСТЬ,ПАВЛОДАРСКИЙ РАЙОН
18710968,Строительство жилых и нежилых зданий,false,,,,1298000,920,,,,,,,1000000,957,4,Строительство жилых и нежилых зданий,ПАВЛОДАРСКАЯ ОБЛАСТЬ,ПАВЛОДАРСКИЙ РАЙОН
18710969,Строительство жилых зданий,true,,,,1298000,920,,,,,,,,,5,Строительство жилых и нежилых зданий,ПАВЛОДАРСКАЯ ОБЛАСТЬ,ПАВЛОДАРСКИЙ РАЙОН
18801543,"Строительство нежилых зданий, за исключением стационарных торговых объектов категорий 1, 2",true,,,,,,,,,,,,1000000,957,5,Строительство жилых и нежилых зданий,ПАВЛОДАРСКАЯ ОБЛАСТЬ,ПАВЛОДАРСКИЙ РАЙОН
448157,Гражданское строительство,false,,,,,,,,,,,,x,957,2,Строительство,ПАВЛОДАРСКАЯ ОБЛАСТЬ,ПАВЛОДАРСКИЙ РАЙОН
448165,Строительство распределительных инженерных сооружений,false,,,,,,,,,,,,x,957,3,Гражданское строительство,ПАВЛОДАРСКАЯ ОБЛАСТЬ,ПАВЛОДАРСКИЙ РАЙОН
448166,Строительство трубопроводов,false,,,,,,,,,,,,x,957,4,Строительство распределительных инженерных сооружений,ПАВЛОДАРСКАЯ ОБЛАСТЬ,ПАВЛОДАРСКИЙ РАЙОН
448168,Строительство трубопроводов для систем водоснабжения и канализации,true,,,,,,,,,,,,x,957,5,Строительство трубопроводов,ПАВЛОДАРСКАЯ ОБЛАСТЬ,ПАВЛОДАРСКИЙ РАЙОН
448177,Специализированные строительные работы,false,,11477000,883,,,,,,,,,,,2,Строительство,ПАВЛОДАРСКАЯ ОБЛАСТЬ,ПАВЛОДАРСКИЙ РАЙОН
448187,"Монтаж и установка электрического, водопроводного и прочего оборудования",false,,11477000,883,,,,,,,,,,,3,Специализированные строительные работы,ПАВЛОДАРСКАЯ ОБЛАСТЬ,ПАВЛОДАРСКИЙ РАЙОН
448192,Прочие строительно-монтажные работы,false,,11477000,883,,,,,,,,,,,4,"Монтаж и установка электрического, водопроводного и прочего оборудования",ПАВЛОДАРСКАЯ ОБЛАСТЬ,ПАВЛОДАРСКИЙ РАЙОН
448194,"Прочие строительно-монтажные работы, не включенные в другие группировки",true,,11477000,883,,,,,,,,,,,5,Прочие строительно-монтажные работы,ПАВЛОДАРСКАЯ ОБЛАСТЬ,ПАВЛОДАРСКИЙ РАЙОН
448215,Оптовая и розничная торговля; ремонт автомобилей и мотоциклов,false,,x,883,,,,,2549000,1031,,,67200000,957,1,Всего,ПАВЛОДАРСКАЯ ОБЛАСТЬ,ПАВЛОДАРСКИЙ РАЙОН
448237,"Оптовая торговля, за исключением торговли автомобилями и мотоциклами",false,,x,883,,,,,2549000,1031,,,500000,957,2,Оптовая и розничная торговля; ремонт автомобилей и мотоциклов,ПАВЛОДАРСКАЯ ОБЛАСТЬ,ПАВЛОДАРСКИЙ РАЙОН
448267,"Оптовая торговля продуктами питания, напитками и табачными изделиями",false,,,,,,,,2549000,1031,,,500000,957,3,"Оптовая торговля, за исключением торговли автомобилями и мотоциклами",ПАВЛОДАРСКАЯ ОБЛАСТЬ,ПАВЛОДАРСКИЙ РАЙОН
448272,"Оптовая торговля молочными продуктами, яйцами и пищевыми маслами и жирами",false,,,,,,,,2549000,1031,,,500000,957,4,"Оптовая торговля продуктами питания, напитками и табачными изделиями",ПАВЛОДАРСКАЯ ОБЛАСТЬ,ПАВЛОДАРСКИЙ РАЙОН
448273,"Оптовая торговля молочными продуктами, яйцами и пищевыми маслами и жирами",true,,,,,,,,2549000,1031,,,500000,957,5,"Оптовая торговля молочными продуктами, яйцами и пищевыми маслами и жирами",ПАВЛОДАРСКАЯ ОБЛАСТЬ,ПАВЛОДАРСКИЙ РАЙОН
448331,Прочая специализированная оптовая торговля ,false,,x,883,,,,,,,,,,,3,"Оптовая торговля, за исключением торговли автомобилями и мотоциклами",ПАВЛОДАРСКАЯ ОБЛАСТЬ,ПАВЛОДАРСКИЙ РАЙОН
448367,Оптовая торговля отходами и ломом,false,,x,883,,,,,,,,,,,4,Прочая специализированная оптовая торговля ,ПАВЛОДАРСКАЯ ОБЛАСТЬ,ПАВЛОДАРСКИЙ РАЙОН
448368,Оптовая торговля ломом и отходами черных и цветных металлов,true,,x,883,,,,,,,,,,,5,Оптовая торговля отходами и ломом,ПАВЛОДАРСКАЯ ОБЛАСТЬ,ПАВЛОДАРСКИЙ РАЙОН
448377,"Розничная торговля, кроме торговли автомобилями и мотоциклами",false,,,,,,,,,,,,66700000,957,2,Оптовая и розничная торговля; ремонт автомобилей и мотоциклов,ПАВЛОДАРСКАЯ ОБЛАСТЬ,ПАВЛОДАРСКИЙ РАЙОН
448378,Розничная торговля в неспециализированных магазинах,false,,,,,,,,,,,,66700000,957,3,"Розничная торговля, кроме торговли автомобилями и мотоциклами",ПАВЛОДАРСКАЯ ОБЛАСТЬ,ПАВЛОДАРСКИЙ РАЙОН
448379,"Розничная торговля в неспециализированных магазинах преимущественно продуктами питания, напитками и табачными изделиями",false,,,,,,,,,,,,66700000,957,4,Розничная торговля в неспециализированных магазинах,ПАВЛОДАРСКАЯ ОБЛАСТЬ,ПАВЛОДАРСКИЙ РАЙОН
3647934,"Розничная торговля преимущественно продуктами питания, напитками и табачными изделиями в неспециализированных магазинах, являющихся торговыми объектами, с торговой площадью менее 2000 кв.м ",true,,,,,,,,,,,,66700000,957,5,"Розничная торговля в неспециализированных магазинах преимущественно продуктами питания, напитками и табачными изделиями",ПАВЛОДАРСКАЯ ОБЛАСТЬ,ПАВЛОДАРСКИЙ РАЙОН
448475,Транспорт и складирование,false,,273494000,883,,,1017848000,846,2269302000,1031,455000,994,188834000,957,1,Всего,ПАВЛОДАРСКАЯ ОБЛАСТЬ,ПАВЛОДАРСКИЙ РАЙОН
448476,Деятельность сухопутного и трубопроводного транспорта ,false,,x,883,,,x,846,142000,1031,455000,994,,,2,Транспорт и складирование,ПАВЛОДАРСКАЯ ОБЛАСТЬ,ПАВЛОДАРСКИЙ РАЙОН
448494,Деятельность грузового автомобильного транспорта и предоставление услуг по переезду ,false,,x,883,,,x,846,142000,1031,455000,994,,,3,Деятельность сухопутного и трубопроводного транспорта ,ПАВЛОДАРСКАЯ ОБЛАСТЬ,ПАВЛОДАРСКИЙ РАЙОН
448495,Деятельность грузового автомобильного транспорта,false,,,,,,,,142000,1031,,,,,4,Деятельность грузового автомобильного транспорта и предоставление услуг по переезду ,ПАВЛОДАРСКАЯ ОБЛАСТЬ,ПАВЛОДАРСКИЙ РАЙОН
448496,Деятельность грузового автомобильного транспорта,true,,,,,,,,142000,1031,,,,,5,Деятельность грузового автомобильного транспорта,ПАВЛОДАРСКАЯ ОБЛАСТЬ,ПАВЛОДАРСКИЙ РАЙОН
448497,Предоставление услуг по переезду,false,,x,883,,,x,846,,,455000,994,,,4,Деятельность грузового автомобильного транспорта и предоставление услуг по переезду ,ПАВЛОДАРСКАЯ ОБЛАСТЬ,ПАВЛОДАРСКИЙ РАЙОН
448498,Предоставление услуг по переезду,true,,x,883,,,x,846,,,455000,994,,,5,Предоставление услуг по переезду,ПАВЛОДАРСКАЯ ОБЛАСТЬ,ПАВЛОДАРСКИЙ РАЙОН
448527,Складирование грузов и вспомогательная транспортная деятельность,false,,243422000,883,,,1017464000,846,2269160000,1031,,,188834000,957,2,Транспорт и складирование,ПАВЛОДАРСКАЯ ОБЛАСТЬ,ПАВЛОДАРСКИЙ РАЙОН
448528,Складирование и хранение грузов,false,,243422000,883,,,1017464000,846,518194000,1031,,,164723000,957,3,Складирование грузов и вспомогательная транспортная деятельность,ПАВЛОДАРСКАЯ ОБЛАСТЬ,ПАВЛОДАРСКИЙ РАЙОН
448529,Складирование и хранение грузов,false,,243422000,883,,,1017464000,846,518194000,1031,,,164723000,957,4,Складирование и хранение грузов,ПАВЛОДАРСКАЯ ОБЛАСТЬ,ПАВЛОДАРСКИЙ РАЙОН
448532,Складирование и хранение продовольственных товаров,true,,,,,,1017464000,846,,,,,,,5,Складирование и хранение грузов,ПАВЛОДАРСКАЯ ОБЛАСТЬ,ПАВЛОДАРСКИЙ РАЙОН
20576309,Складирование и хранение овощей и фруктов,true,,243422000,883,,,,,480462000,1031,,,164723000,957,5,Складирование и хранение грузов,ПАВЛОДАРСКАЯ ОБЛАСТЬ,ПАВЛОДАРСКИЙ РАЙОН
448533,Вспомогательная транспортная деятельность,false,,,,,,,,1750966000,1031,,,24111000,957,3,Складирование грузов и вспомогательная транспортная деятельность,ПАВЛОДАРСКАЯ ОБЛАСТЬ,ПАВЛОДАРСКИЙ РАЙОН
448534,Вспомогательная деятельность сухопутного транспорта,false,,,,,,,,1750966000,1031,,,24111000,957,4,Вспомогательная транспортная деятельность,ПАВЛОДАРСКАЯ ОБЛАСТЬ,ПАВЛОДАРСКИЙ РАЙОН
448536,Эксплуатация автомобильных дорог,true,,,,,,,,1703942000,1031,,,24111000,957,5,Вспомогательная деятельность сухопутного транспорта,ПАВЛОДАРСКАЯ ОБЛАСТЬ,ПАВЛОДАРСКИЙ РАЙОН
448538,Деятельность автомобильных стоянок,true,,,,,,,,47024000,1031,,,,,5,Вспомогательная деятельность сухопутного транспорта,ПАВЛОДАРСКАЯ ОБЛАСТЬ,ПАВЛОДАРСКИЙ РАЙОН
448558,Предоставление услуг по проживанию и питанию,false,,36926000,883,,,1006000,846,22634000,1031,,,x,957,1,Всего,ПАВЛОДАРСКАЯ ОБЛАСТЬ,ПАВЛОДАРСКИЙ РАЙОН
3783427,Предоставление услуг по временному проживанию,false,,36926000,883,,,,,22634000,1031,,,x,957,2,Предоставление услуг по проживанию и питанию,ПАВЛОДАРСКАЯ ОБЛАСТЬ,ПАВЛОДАРСКИЙ РАЙОН
3783432,Предоставление жилья на выходные дни и прочие периоды краткосрочного проживания,false,,,,,,,,22634000,1031,,,x,957,3,Предоставление услуг по временному проживанию,ПАВЛОДАРСКАЯ ОБЛАСТЬ,ПАВЛОДАРСКИЙ РАЙОН
3783433,Предоставление жилья на выходные дни и прочие периоды краткосрочного проживания,false,,,,,,,,22634000,1031,,,x,957,4,Предоставление жилья на выходные дни и прочие периоды краткосрочного проживания,ПАВЛОДАРСКАЯ ОБЛАСТЬ,ПАВЛОДАРСКИЙ РАЙОН
3783434,Предоставление жилья на выходные дни и прочие периоды краткосрочного проживания,true,,,,,,,,22634000,1031,,,x,957,5,Предоставление жилья на выходные дни и прочие периоды краткосрочного проживания,ПАВЛОДАРСКАЯ ОБЛАСТЬ,ПАВЛОДАРСКИЙ РАЙОН
3783441,Предоставление услуг прочими местами для проживания,false,,36926000,883,,,,,,,,,,,3,Предоставление услуг по временному проживанию,ПАВЛОДАРСКАЯ ОБЛАСТЬ,ПАВЛОДАРСКИЙ РАЙОН
3783442,Предоставление услуг прочими местами для проживания,false,,36926000,883,,,,,,,,,,,4,Предоставление услуг прочими местами для проживания,ПАВЛОДАРСКАЯ ОБЛАСТЬ,ПАВЛОДАРСКИЙ РАЙОН
20576357,"Предоставление услуг прочими местами для проживания, не включенными в другие категории",true,,36926000,883,,,,,,,,,,,5,Предоставление услуг прочими местами для проживания,ПАВЛОДАРСКАЯ ОБЛАСТЬ,ПАВЛОДАРСКИЙ РАЙОН
448573,Предоставление услуг по обеспечению питанием и напитками,false,,,,,,1006000,846,,,,,,,2,Предоставление услуг по проживанию и питанию,ПАВЛОДАРСКАЯ ОБЛАСТЬ,ПАВЛОДАРСКИЙ РАЙОН
448574,Деятельность ресторанов и предоставление услуг по доставке продуктов питания,false,,,,,,1006000,846,,,,,,,3,Предоставление услуг по обеспечению питанием и напитками,ПАВЛОДАРСКАЯ ОБЛАСТЬ,ПАВЛОДАРСКИЙ РАЙОН
448575,Деятельность ресторанов и предоставление услуг по доставке продуктов питания,false,,,,,,1006000,846,,,,,,,4,Деятельность ресторанов и предоставление услуг по доставке продуктов питания,ПАВЛОДАРСКАЯ ОБЛАСТЬ,ПАВЛОДАРСКИЙ РАЙОН
448576,Рестораны и услуги по доставке продуктов питания,true,,,,,,1006000,846,,,,,,,5,Деятельность ресторанов и предоставление услуг по доставке продуктов питания,ПАВЛОДАРСКАЯ ОБЛАСТЬ,ПАВЛОДАРСКИЙ РАЙОН
448585,Информация и связь,false,,,,,,x,846,,,,,,,1,Всего,ПАВЛОДАРСКАЯ ОБЛАСТЬ,ПАВЛОДАРСКИЙ РАЙОН
448623,Телекоммуникации,false,,,,,,x,846,,,,,,,2,Информация и связь,ПАВЛОДАРСКАЯ ОБЛАСТЬ,ПАВЛОДАРСКИЙ РАЙОН
448627,Беспроводная телекоммуникационная связь,false,,,,,,x,846,,,,,,,3,Телекоммуникации,ПАВЛОДАРСКАЯ ОБЛАСТЬ,ПАВЛОДАРСКИЙ РАЙОН
448628,Беспроводная телекоммуникационная связь,false,,,,,,x,846,,,,,,,4,Беспроводная телекоммуникационная связь,ПАВЛОДАРСКАЯ ОБЛАСТЬ,ПАВЛОДАРСКИЙ РАЙОН
18946149,Прочая беспроводная телекоммуникационная связь,true,,,,,,x,846,,,,,,,5,Беспроводная телекоммуникационная связь,ПАВЛОДАРСКАЯ ОБЛАСТЬ,ПАВЛОДАРСКИЙ РАЙОН
448714,Операции с недвижимым имуществом,false,,414183000,883,629678000,920,358094000,846,1131408000,1031,922485000,994,638248000,957,1,Всего,ПАВЛОДАРСКАЯ ОБЛАСТЬ,ПАВЛОДАРСКИЙ РАЙОН
448715,Операции с недвижимым имуществом,false,,414183000,883,629678000,920,358094000,846,1131408000,1031,922485000,994,638248000,957,2,Операции с недвижимым имуществом,ПАВЛОДАРСКАЯ ОБЛАСТЬ,ПАВЛОДАРСКИЙ РАЙОН
448716,Покупка и продажа собственного недвижимого имущества ,false,,414183000,883,629678000,920,358094000,846,1131408000,1031,922485000,994,638248000,957,3,Операции с недвижимым имуществом,ПАВЛОДАРСКАЯ ОБЛАСТЬ,ПАВЛОДАРСКИЙ РАЙОН
448717,Покупка и продажа собственного недвижимого имущества ,false,,414183000,883,629678000,920,358094000,846,1131408000,1031,922485000,994,638248000,957,4,Покупка и продажа собственного недвижимого имущества ,ПАВЛОДАРСКАЯ ОБЛАСТЬ,ПАВЛОДАРСКИЙ РАЙОН
543091,Покупка и продажа многоквартирных и жилых домов (особняков),true,,414183000,883,629678000,920,358094000,846,1131408000,1031,922485000,994,638248000,957,5,Покупка и продажа собственного недвижимого имущества ,ПАВЛОДАРСКАЯ ОБЛАСТЬ,ПАВЛОДАРСКИЙ РАЙОН
448728,"Профессиональная, научная и техническая деятельность",false,,,,,,809405000,846,,,,,,,1,Всего,ПАВЛОДАРСКАЯ ОБЛАСТЬ,ПАВЛОДАРСКИЙ РАЙОН
448761,Научные исследования и разработки,false,,,,,,808793000,846,,,,,,,2,"Профессиональная, научная и техническая деятельность",ПАВЛОДАРСКАЯ ОБЛАСТЬ,ПАВЛОДАРСКИЙ РАЙОН
448762,Научные исследования и экспериментальные разработки в области естественных и технических наук ,false,,,,,,808793000,846,,,,,,,3,Научные исследования и разработки,ПАВЛОДАРСКАЯ ОБЛАСТЬ,ПАВЛОДАРСКИЙ РАЙОН
448765,Прочие научные исследования и экспериментальные разработки в области естественных и технических наук ,false,,,,,,808793000,846,,,,,,,4,Научные исследования и экспериментальные разработки в области естественных и технических наук ,ПАВЛОДАРСКАЯ ОБЛАСТЬ,ПАВЛОДАРСКИЙ РАЙОН
18946187,Прочие исследования и разработки в области естественных и технических наук,true,,,,,,808793000,846,,,,,,,5,Прочие научные исследования и экспериментальные разработки в области естественных и технических наук ,ПАВЛОДАРСКАЯ ОБЛАСТЬ,ПАВЛОДАРСКИЙ РАЙОН
448779,"Прочая профессиональная, научная и техническая деятельность",false,,,,,,612000,846,,,,,,,2,"Профессиональная, научная и техническая деятельность",ПАВЛОДАРСКАЯ ОБЛАСТЬ,ПАВЛОДАРСКИЙ РАЙОН
448789,"Прочая профессиональная, научная и техническая деятельность, не включенная в другие группировки",false,,,,,,612000,846,,,,,,,3,"Прочая профессиональная, научная и техническая деятельность",ПАВЛОДАРСКАЯ ОБЛАСТЬ,ПАВЛОДАРСКИЙ РАЙОН
448790,"Прочая профессиональная, научная и техническая деятельность, не включенная в другие группировки",false,,,,,,612000,846,,,,,,,4,"Прочая профессиональная, научная и техническая деятельность, не включенная в другие группировки",ПАВЛОДАРСКАЯ ОБЛАСТЬ,ПАВЛОДАРСКИЙ РАЙОН
448792,"Иная профессиональная, научная и техническая деятельность, не включенная в другие группировки",true,,,,,,612000,846,,,,,,,5,"Прочая профессиональная, научная и техническая деятельность, не включенная в другие группировки",ПАВЛОДАРСКАЯ ОБЛАСТЬ,ПАВЛОДАРСКИЙ РАЙОН
448797,Деятельность в области административного и вспомогательного обслуживания,false,,23055000,883,65175000,920,199285000,846,102172000,1031,16111000,994,,,1,Всего,ПАВЛОДАРСКАЯ ОБЛАСТЬ,ПАВЛОДАРСКИЙ РАЙОН
448798,"Аренда, прокат и лизинг",false,,,,,,x,846,,,,,,,2,Деятельность в области административного и вспомогательного обслуживания,ПАВЛОДАРСКАЯ ОБЛАСТЬ,ПАВЛОДАРСКИЙ РАЙОН
448811,"Аренда и лизинг прочих машин, оборудования и материальных активов",false,,,,,,x,846,,,,,,,3,"Аренда, прокат и лизинг",ПАВЛОДАРСКАЯ ОБЛАСТЬ,ПАВЛОДАРСКИЙ РАЙОН
448814,Аренда и лизинг строительных машин и оборудования ,false,,,,,,x,846,,,,,,,4,"Аренда и лизинг прочих машин, оборудования и материальных активов",ПАВЛОДАРСКАЯ ОБЛАСТЬ,ПАВЛОДАРСКИЙ РАЙОН
543081,Аренда строительных машин и оборудования ,true,,,,,,x,846,,,,,,,5,Аренда и лизинг строительных машин и оборудования ,ПАВЛОДАРСКАЯ ОБЛАСТЬ,ПАВЛОДАРСКИЙ РАЙОН
448856,Деятельность по обслуживанию зданий и благоустройству территорий,false,,23055000,883,65175000,920,120000000,846,102172000,1031,16111000,994,,,2,Деятельность в области административного и вспомогательного обслуживания,ПАВЛОДАРСКАЯ ОБЛАСТЬ,ПАВЛОДАРСКИЙ РАЙОН
448867,Деятельность по благоустройству территорий,false,,23055000,883,65175000,920,120000000,846,102172000,1031,16111000,994,,,3,Деятельность по обслуживанию зданий и благоустройству территорий,ПАВЛОДАРСКАЯ ОБЛАСТЬ,ПАВЛОДАРСКИЙ РАЙОН
448868,Деятельность по благоустройству территорий,false,,23055000,883,65175000,920,120000000,846,102172000,1031,16111000,994,,,4,Деятельность по благоустройству территорий,ПАВЛОДАРСКАЯ ОБЛАСТЬ,ПАВЛОДАРСКИЙ РАЙОН
448869,Деятельность по благоустройству территорий,true,,23055000,883,65175000,920,120000000,846,102172000,1031,16111000,994,,,5,Деятельность по благоустройству территорий,ПАВЛОДАРСКАЯ ОБЛАСТЬ,ПАВЛОДАРСКИЙ РАЙОН
448889,Государственное управление и оборона; обязательное  социальное обеспечение,false,,5204000,883,17432000,920,10919000,846,61829000,1031,48629000,994,31010000,957,1,Всего,ПАВЛОДАРСКАЯ ОБЛАСТЬ,ПАВЛОДАРСКИЙ РАЙОН
448890,Государственное управление и оборона; обязательное социальное обеспечение,false,,5204000,883,17432000,920,10919000,846,61829000,1031,48629000,994,31010000,957,2,Государственное управление и оборона; обязательное  социальное обеспечение,ПАВЛОДАРСКАЯ ОБЛАСТЬ,ПАВЛОДАРСКИЙ РАЙОН
448891,Государственное управление общего характера и управление социально-экономическое политикой общества,false,,5204000,883,17432000,920,10919000,846,61829000,1031,48629000,994,31010000,957,3,Государственное управление и оборона; обязательное социальное обеспечение,ПАВЛОДАРСКАЯ ОБЛАСТЬ,ПАВЛОДАРСКИЙ РАЙОН
448892,Государственное управление общего характера,false,,3884000,883,17432000,920,9432000,846,61811000,1031,47886000,994,27254000,957,4,Государственное управление общего характера и управление социально-экономическое политикой общества,ПАВЛОДАРСКАЯ ОБЛАСТЬ,ПАВЛОДАРСКИЙ РАЙОН
448895,Деятельность местных органов управления,true,,2891000,883,14498000,920,3149000,846,59646000,1031,45629000,994,26721000,957,5,Государственное управление общего характера,ПАВЛОДАРСКАЯ ОБЛАСТЬ,ПАВЛОДАРСКИЙ РАЙОН
448896,Деятельность сельских и поселковых органов управления,true,,x,883,2934000,920,6283000,846,2165000,1031,2257000,994,533000,957,5,Государственное управление общего характера,ПАВЛОДАРСКАЯ ОБЛАСТЬ,ПАВЛОДАРСКИЙ РАЙОН
448900,"Регулирование деятельности учреждений здравоохранения, образования, культуры и других социальных услуг, кроме социального обеспечения ",false,,1320000,883,,,603000,846,18000,1031,,,1007000,957,4,Государственное управление общего характера и управление социально-экономическое политикой общества,ПАВЛОДАРСКАЯ ОБЛАСТЬ,ПАВЛОДАРСКИЙ РАЙОН
448901,"Регулирование деятельности учреждений здравоохранения, образования, культуры и других социальных услуг, кроме социального обеспечения ",true,,1320000,883,,,603000,846,18000,1031,,,1007000,957,5,"Регулирование деятельности учреждений здравоохранения, образования, культуры и других социальных услуг, кроме социального обеспечения ",ПАВЛОДАРСКАЯ ОБЛАСТЬ,ПАВЛОДАРСКИЙ РАЙОН
448902,Регулирование и содействие эффективному ведению экономической деятельности,false,,,,,,884000,846,,,743000,994,2749000,957,4,Государственное управление общего характера и управление социально-экономическое политикой общества,ПАВЛОДАРСКАЯ ОБЛАСТЬ,ПАВЛОДАРСКИЙ РАЙОН
448903,Регулирование и содействие эффективному ведению экономической деятельности,true,,,,,,884000,846,,,743000,994,2749000,957,5,Регулирование и содействие эффективному ведению экономической деятельности,ПАВЛОДАРСКАЯ ОБЛАСТЬ,ПАВЛОДАРСКИЙ РАЙОН
448918,Образование,false,,491734000,883,414011000,920,62868000,846,280633000,1031,283129000,994,299050000,957,1,Всего,ПАВЛОДАРСКАЯ ОБЛАСТЬ,ПАВЛОДАРСКИЙ РАЙОН
448919,Образование,false,,491734000,883,414011000,920,62868000,846,280633000,1031,283129000,994,299050000,957,2,Образование,ПАВЛОДАРСКАЯ ОБЛАСТЬ,ПАВЛОДАРСКИЙ РАЙОН
448920,Дошкольное образование,false,,x,883,,,767000,846,17365000,1031,140824000,994,,,3,Образование,ПАВЛОДАРСКАЯ ОБЛАСТЬ,ПАВЛОДАРСКИЙ РАЙОН
448921,Дошкольное образование,false,,x,883,,,767000,846,17365000,1031,140824000,994,,,4,Дошкольное образование,ПАВЛОДАРСКАЯ ОБЛАСТЬ,ПАВЛОДАРСКИЙ РАЙОН
448922,Дошкольное образование,true,,x,883,,,767000,846,17365000,1031,140824000,994,,,5,Дошкольное образование,ПАВЛОДАРСКАЯ ОБЛАСТЬ,ПАВЛОДАРСКИЙ РАЙОН
448923,Начальное образование (1-й уровень),false,,181736000,883,,,350000,846,,,,,,,3,Образование,ПАВЛОДАРСКАЯ ОБЛАСТЬ,ПАВЛОДАРСКИЙ РАЙОН
448924,Начальное образование (1-й уровень),false,,181736000,883,,,350000,846,,,,,,,4,Начальное образование (1-й уровень),ПАВЛОДАРСКАЯ ОБЛАСТЬ,ПАВЛОДАРСКИЙ РАЙОН
448925,Начальное образование (1-й уровень),true,,181736000,883,,,350000,846,,,,,,,5,Начальное образование (1-й уровень),ПАВЛОДАРСКАЯ ОБЛАСТЬ,ПАВЛОДАРСКИЙ РАЙОН
448926,Среднее образование (2-й и 3-й уровни),false,,308546000,883,414011000,920,61751000,846,246768000,1031,142305000,994,299050000,957,3,Образование,ПАВЛОДАРСКАЯ ОБЛАСТЬ,ПАВЛОДАРСКИЙ РАЙОН
448927,Основное и общее среднее образование,false,,110369000,883,140905000,920,21187000,846,246768000,1031,142305000,994,299050000,957,4,Среднее образование (2-й и 3-й уровни),ПАВЛОДАРСКАЯ ОБЛАСТЬ,ПАВЛОДАРСКИЙ РАЙОН
448928,Основное и общее среднее образование,true,,110369000,883,140905000,920,21187000,846,246768000,1031,142305000,994,299050000,957,5,Основное и общее среднее образование,ПАВЛОДАРСКАЯ ОБЛАСТЬ,ПАВЛОДАРСКИЙ РАЙОН
448929,Техническое и профессиональное среднее образование,false,,198177000,883,273106000,920,40564000,846,,,,,,,4,Среднее образование (2-й и 3-й уровни),ПАВЛОДАРСКАЯ ОБЛАСТЬ,ПАВЛОДАРСКИЙ РАЙОН
448931,Среднее специальное образование,true,,198177000,883,273106000,920,40564000,846,,,,,,,5,Техническое и профессиональное среднее образование,ПАВЛОДАРСКАЯ ОБЛАСТЬ,ПАВЛОДАРСКИЙ РАЙОН
448937,Прочие виды образования,false,,,,,,,,16500000,1031,,,,,3,Образование,ПАВЛОДАРСКАЯ ОБЛАСТЬ,ПАВЛОДАРСКИЙ РАЙОН
448938,Образование в области спорта и отдыха,false,,,,,,,,16500000,1031,,,,,4,Прочие виды образования,ПАВЛОДАРСКАЯ ОБЛАСТЬ,ПАВЛОДАРСКИЙ РАЙОН
448939,Образование в области спорта и отдыха,true,,,,,,,,16500000,1031,,,,,5,Образование в области спорта и отдыха,ПАВЛОДАРСКАЯ ОБЛАСТЬ,ПАВЛОДАРСКИЙ РАЙОН
448950,Здравоохранение и социальное обслуживание населения,false,,5101000,883,34507000,920,x,846,408040000,1031,305927000,994,2584000,957,1,Всего,ПАВЛОДАРСКАЯ ОБЛАСТЬ,ПАВЛОДАРСКИЙ РАЙОН
448951,Деятельность в области здравоохранения,false,,5101000,883,3893000,920,x,846,390009000,1031,246295000,994,1296000,957,2,Здравоохранение и социальное обслуживание населения,ПАВЛОДАРСКАЯ ОБЛАСТЬ,ПАВЛОДАРСКИЙ РАЙОН
448959,Деятельность в области врачебной практики и стоматологии,false,,5101000,883,3893000,920,x,846,390009000,1031,246295000,994,1296000,957,3,Деятельность в области здравоохранения,ПАВЛОДАРСКАЯ ОБЛАСТЬ,ПАВЛОДАРСКИЙ РАЙОН
448960,Общая врачебная практика,false,,5101000,883,3893000,920,x,846,390009000,1031,246295000,994,1296000,957,4,Деятельность в области врачебной практики и стоматологии,ПАВЛОДАРСКАЯ ОБЛАСТЬ,ПАВЛОДАРСКИЙ РАЙОН
448961,Общая врачебная практика,true,,5101000,883,3893000,920,x,846,390009000,1031,246295000,994,1296000,957,5,Общая врачебная практика,ПАВЛОДАРСКАЯ ОБЛАСТЬ,ПАВЛОДАРСКИЙ РАЙОН
448969,Предоставление социальных услуг с обеспечением проживания,false,,,,30614000,920,,,18031000,1031,59632000,994,1288000,957,2,Здравоохранение и социальное обслуживание населения,ПАВЛОДАРСКАЯ ОБЛАСТЬ,ПАВЛОДАРСКИЙ РАЙОН
448973,"Предоставление социальных услуг с обеспечением проживания лицам, страдающим психическими расстройствами (заболеваниями), с умственными и физическими недостатками, алкогольной или наркотической зависимостью",false,,,,30614000,920,,,18031000,1031,59632000,994,1288000,957,3,Предоставление социальных услуг с обеспечением проживания,ПАВЛОДАРСКАЯ ОБЛАСТЬ,ПАВЛОДАРСКИЙ РАЙОН
448974,"Предоставление социальных услуг с обеспечением проживания лицам, страдающим психическими расстройствами (заболеваниями), с умственными и физическими недостатками, алкогольной или наркотической зависимостью",false,,,,30614000,920,,,18031000,1031,59632000,994,1288000,957,4,"Предоставление социальных услуг с обеспечением проживания лицам, страдающим психическими расстройствами (заболеваниями), с умственными и физическими недостатками, алкогольной или наркотической зависимостью",ПАВЛОДАРСКАЯ ОБЛАСТЬ,ПАВЛОДАРСКИЙ РАЙОН
448975,"Предоставление социальных услуг с обеспечением проживания лицам, страдающим психическими расстройствами (заболеваниями), с умственными и физическими недостатками, алкогольной или наркотической зависимостью",true,,,,30614000,920,,,18031000,1031,59632000,994,1288000,957,5,"Предоставление социальных услуг с обеспечением проживания лицам, страдающим психическими расстройствами (заболеваниями), с умственными и физическими недостатками, алкогольной или наркотической зависимостью",ПАВЛОДАРСКАЯ ОБЛАСТЬ,ПАВЛОДАРСКИЙ РАЙОН
448991,"Искусство, развлечения и отдых",false,,129383000,883,113966000,920,7446000,846,125166000,1031,748261000,994,146537000,957,1,Всего,ПАВЛОДАРСКАЯ ОБЛАСТЬ,ПАВЛОДАРСКИЙ РАЙОН
449004,"Деятельность библиотек, архивов, музеев и прочая деятельность в области культуры",false,,899000,883,2279000,920,190000,846,,,7343000,994,1216000,957,2,"Искусство, развлечения и отдых",ПАВЛОДАРСКАЯ ОБЛАСТЬ,ПАВЛОДАРСКИЙ РАЙОН
449005,"Деятельность библиотек, архивов, музеев и прочая деятельность в области культуры",false,,899000,883,2279000,920,190000,846,,,7343000,994,1216000,957,3,"Деятельность библиотек, архивов, музеев и прочая деятельность в области культуры",ПАВЛОДАРСКАЯ ОБЛАСТЬ,ПАВЛОДАРСКИЙ РАЙОН
449006,Деятельность библиотек и архивов,false,,899000,883,2279000,920,190000,846,,,7343000,994,1216000,957,4,"Деятельность библиотек, архивов, музеев и прочая деятельность в области культуры",ПАВЛОДАРСКАЯ ОБЛАСТЬ,ПАВЛОДАРСКИЙ РАЙОН
449008,"Библиотечная деятельность, включая деятельность читальных залов, лекториев, демонстрационных залов",true,,899000,883,2279000,920,190000,846,,,7343000,994,1216000,957,5,Деятельность библиотек и архивов,ПАВЛОДАРСКАЯ ОБЛАСТЬ,ПАВЛОДАРСКИЙ РАЙОН
449022,"Деятельность в области спорта, организации отдыха и развлечений",false,,128484000,883,111687000,920,7256000,846,125166000,1031,740918000,994,145321000,957,2,"Искусство, развлечения и отдых",ПАВЛОДАРСКАЯ ОБЛАСТЬ,ПАВЛОДАРСКИЙ РАЙОН
449023,Деятельность в области спорта,false,,84860000,883,65175000,920,x,846,,,682966000,994,,,3,"Деятельность в области спорта, организации отдыха и развлечений",ПАВЛОДАРСКАЯ ОБЛАСТЬ,ПАВЛОДАРСКИЙ РАЙОН
449024,Эксплуатация спортивных сооружений,false,,84860000,883,65175000,920,x,846,,,682966000,994,,,4,Деятельность в области спорта,ПАВЛОДАРСКАЯ ОБЛАСТЬ,ПАВЛОДАРСКИЙ РАЙОН
449025,Эксплуатация спортивных сооружений,true,,84860000,883,65175000,920,x,846,,,682966000,994,,,5,Эксплуатация спортивных сооружений,ПАВЛОДАРСКАЯ ОБЛАСТЬ,ПАВЛОДАРСКИЙ РАЙОН
449032,Деятельность по организации отдыха и развлечений,false,,43624000,883,46512000,920,7159000,846,125166000,1031,57952000,994,145321000,957,3,"Деятельность в области спорта, организации отдыха и развлечений",ПАВЛОДАРСКАЯ ОБЛАСТЬ,ПАВЛОДАРСКИЙ РАЙОН
449035,Прочая деятельность по организации отдыха и развлечений,false,,43624000,883,46512000,920,7159000,846,125166000,1031,57952000,994,145321000,957,4,Деятельность по организации отдыха и развлечений,ПАВЛОДАРСКАЯ ОБЛАСТЬ,ПАВЛОДАРСКИЙ РАЙОН
449039,Прочие виды деятельности по организации отдыха и развлечений,true,,43624000,883,46512000,920,7159000,846,125166000,1031,57952000,994,145321000,957,5,Прочая деятельность по организации отдыха и развлечений,ПАВЛОДАРСКАЯ ОБЛАСТЬ,ПАВЛОДАРСКИЙ РАЙОН
741340,Промышленность,false,,5873080000,883,4932627000,920,1873339000,846,2271450000,1031,2778030000,994,2170517000,957,1,Всего,ПАВЛОДАРСКАЯ ОБЛАСТЬ,ПАВЛОДАРСКИЙ РАЙОН
447346,Обрабатывающая промышленность,false,,58662000,883,x,920,29091000,846,42177000,1031,290964000,994,329620000,957,2,Промышленность,ПАВЛОДАРСКАЯ ОБЛАСТЬ,ПАВЛОДАРСКИЙ РАЙОН
447347,Производство продуктов питания,false,,47001000,883,,,18277000,846,x,1031,277591000,994,312041000,957,3,Обрабатывающая промышленность,ПАВЛОДАРСКАЯ ОБЛАСТЬ,ПАВЛОДАРСКИЙ РАЙОН
447348,Переработка и консервирование мяса и производство мясной продукции,false,,,,,,,,,,,,300000000,957,4,Производство продуктов питания,ПАВЛОДАРСКАЯ ОБЛАСТЬ,ПАВЛОДАРСКИЙ РАЙОН
447351,Переработка и консервирование мяса сельскохозяйственной птицы ,false,,,,,,,,,,,,300000000,957,5,Переработка и консервирование мяса и производство мясной продукции,ПАВЛОДАРСКАЯ ОБЛАСТЬ,ПАВЛОДАРСКИЙ РАЙОН
447371,Производство молочных продуктов,false,,30000000,883,,,8563000,846,,,238036000,994,x,957,4,Производство продуктов питания,ПАВЛОДАРСКАЯ ОБЛАСТЬ,ПАВЛОДАРСКИЙ РАЙОН
447372,Переработка молока и производство сыров,false,,30000000,883,,,8563000,846,,,238036000,994,x,957,5,Производство молочных продуктов,ПАВЛОДАРСКАЯ ОБЛАСТЬ,ПАВЛОДАРСКИЙ РАЙОН
447377,"Производство мукомольно-крупяных продуктов, крахмалов и крахмальных продуктов",false,,17001000,883,,,9714000,846,x,1031,x,994,,,4,Производство продуктов питания,ПАВЛОДАРСКАЯ ОБЛАСТЬ,ПАВЛОДАРСКИЙ РАЙОН
447378,Производство мукомольно-крупяных продуктов,false,,17001000,883,,,9714000,846,x,1031,x,994,,,5,"Производство мукомольно-крупяных продуктов, крахмалов и крахмальных продуктов",ПАВЛОДАРСКАЯ ОБЛАСТЬ,ПАВЛОДАРСКИЙ РАЙОН
447628,Производство резиновых и пластмассовых изделий,false,,x,883,,,x,846,,,,,,,3,Обрабатывающая промышленность,ПАВЛОДАРСКАЯ ОБЛАСТЬ,ПАВЛОДАРСКИЙ РАЙОН
447636,Производство пластмассовых изделий,false,,x,883,,,x,846,,,,,,,4,Производство резиновых и пластмассовых изделий,ПАВЛОДАРСКАЯ ОБЛАСТЬ,ПАВЛОДАРСКИЙ РАЙОН
447639,Производство пластмассовых упаковок для товаров,false,,,,,,x,846,,,,,,,5,Производство пластмассовых изделий,ПАВЛОДАРСКАЯ ОБЛАСТЬ,ПАВЛОДАРСКИЙ РАЙОН
447644,Производство прочих пластмассовых изделий,false,,x,883,,,,,,,,,,,5,Производство пластмассовых изделий,ПАВЛОДАРСКАЯ ОБЛАСТЬ,ПАВЛОДАРСКИЙ РАЙОН
447646,Производство прочей не металлической минеральной продукции,false,,,,x,920,,,32601000,1031,13373000,994,x,957,3,Обрабатывающая промышленность,ПАВЛОДАРСКАЯ ОБЛАСТЬ,ПАВЛОДАРСКИЙ РАЙОН
447688,"Производство изделий из бетона, цемента и строительного гипса ",false,,,,x,920,,,718000,1031,,,x,957,4,Производство прочей не металлической минеральной продукции,ПАВЛОДАРСКАЯ ОБЛАСТЬ,ПАВЛОДАРСКИЙ РАЙОН
447695,Производство товарного бетона ,false,,,,x,920,,,718000,1031,,,x,957,5,"Производство изделий из бетона, цемента и строительного гипса ",ПАВЛОДАРСКАЯ ОБЛАСТЬ,ПАВЛОДАРСКИЙ РАЙОН
447707,Производство абразивных изделий и прочей неметаллической минеральной продукции,false,,,,,,,,31883000,1031,13373000,994,,,4,Производство прочей не металлической минеральной продукции,ПАВЛОДАРСКАЯ ОБЛАСТЬ,ПАВЛОДАРСКИЙ РАЙОН
447710,"Производство прочей неметаллической минеральной продукции, не включенной в другие группировки",false,,,,,,,,31883000,1031,13373000,994,,,5,Производство абразивных изделий и прочей неметаллической минеральной продукции,ПАВЛОДАРСКАЯ ОБЛАСТЬ,ПАВЛОДАРСКИЙ РАЙОН
448090,"Снабжение электроэнергией, газом, паром, горячей водой и кондиционированным воздухом",false,,597163000,883,14070000,920,102405000,846,547189000,1031,523141000,994,33535000,957,2,Промышленность,ПАВЛОДАРСКАЯ ОБЛАСТЬ,ПАВЛОДАРСКИЙ РАЙОН
448091,"Снабжение электроэнергией, газом, паром, горячей водой и кондиционированным воздухом",false,,597163000,883,14070000,920,102405000,846,547189000,1031,523141000,994,33535000,957,3,"Снабжение электроэнергией, газом, паром, горячей водой и кондиционированным воздухом",ПАВЛОДАРСКАЯ ОБЛАСТЬ,ПАВЛОДАРСКИЙ РАЙОН
448092,"Производство, передача и распределение электроэнергии",false,,32877000,883,1332000,920,85732000,846,x,1031,475706000,994,9617000,957,4,"Снабжение электроэнергией, газом, паром, горячей водой и кондиционированным воздухом",ПАВЛОДАРСКАЯ ОБЛАСТЬ,ПАВЛОДАРСКИЙ РАЙОН
448093,Производство электроэнергии,false,,17640000,883,,,,,,,,,,,5,"Производство, передача и распределение электроэнергии",ПАВЛОДАРСКАЯ ОБЛАСТЬ,ПАВЛОДАРСКИЙ РАЙОН
448100,Распределение электроэнергии,false,,15237000,883,1332000,920,85732000,846,x,1031,475706000,994,9617000,957,5,"Производство, передача и распределение электроэнергии",ПАВЛОДАРСКАЯ ОБЛАСТЬ,ПАВЛОДАРСКИЙ РАЙОН
448111,"Снабжение паром, горячей водой и кондиционированным воздухом",false,,564286000,883,12738000,920,16673000,846,401058000,1031,47435000,994,23918000,957,4,"Снабжение электроэнергией, газом, паром, горячей водой и кондиционированным воздухом",ПАВЛОДАРСКАЯ ОБЛАСТЬ,ПАВЛОДАРСКИЙ РАЙОН
448112,"Снабжение паром, горячей водой и кондиционированным воздухом",false,,564286000,883,12738000,920,16673000,846,401058000,1031,47435000,994,23918000,957,5,"Снабжение паром, горячей водой и кондиционированным воздухом",ПАВЛОДАРСКАЯ ОБЛАСТЬ,ПАВЛОДАРСКИЙ РАЙОН
448117,"Водоснабжение; сбор, обработка и удаление отходов, деятельность по ликвидации загрязнений",false,,5217255000,883,4854030000,920,1741843000,846,1682084000,1031,1963925000,994,1807362000,957,2,Промышленность,ПАВЛОДАРСКАЯ ОБЛАСТЬ,ПАВЛОДАРСКИЙ РАЙОН
448118,"Сбор, обработка и распределение воды",false,,5217255000,883,4854030000,920,1741843000,846,1682084000,1031,1963925000,994,1807362000,957,3,"Водоснабжение; сбор, обработка и удаление отходов, деятельность по ликвидации загрязнений",ПАВЛОДАРСКАЯ ОБЛАСТЬ,ПАВЛОДАРСКИЙ РАЙОН
448119,"Сбор, обработка и распределение воды",false,,5217255000,883,4854030000,920,1741843000,846,1682084000,1031,1963925000,994,1807362000,957,4,"Сбор, обработка и распределение воды",ПАВЛОДАРСКАЯ ОБЛАСТЬ,ПАВЛОДАРСКИЙ РАЙОН
448120,"Сбор, обработка и распределение воды",false,,5217255000,883,4854030000,920,1741843000,846,1682084000,1031,1963925000,994,1807362000,957,5,"Сбор, обработка и распределение воды",ПАВЛОДАРСКАЯ ОБЛАСТЬ,ПАВЛОДАРСКИЙ РАЙОН
741885,Всего,false,,6457980000,883,7422881000,920,6581977000,846,12188401000,1031,9251800000,994,11202628000,957,0,,ПАВЛОДАРСКАЯ ОБЛАСТЬ,УСПЕНСКИЙ РАЙОН
447173,"Сельское, лесное и рыбное хозяйство",false,,3447309000,883,4841502000,920,4644552000,846,5792876000,1031,5396088000,994,8858033000,957,1,Всего,ПАВЛОДАРСКАЯ ОБЛАСТЬ,УСПЕНСКИЙ РАЙОН
447174,"Растениеводство и животноводство, охота и предоставление услуг в этих областях",false,,3447309000,883,4841502000,920,4644552000,846,5792876000,1031,5396088000,994,8858033000,957,2,"Сельское, лесное и рыбное хозяйство",ПАВЛОДАРСКАЯ ОБЛАСТЬ,УСПЕНСКИЙ РАЙОН
447175,Выращивание одно- или двухлетних культур,false,,2115266000,883,3747579000,920,3053244000,846,4517865000,1031,4614629000,994,8296963000,957,3,"Растениеводство и животноводство, охота и предоставление услуг в этих областях",ПАВЛОДАРСКАЯ ОБЛАСТЬ,УСПЕНСКИЙ РАЙОН
447176,"Выращивание зерновых (кроме риса), бобовых и масличных культур",false,,2112516000,883,3739329000,920,3053244000,846,3999585000,1031,4191629000,994,8261833000,957,4,Выращивание одно- или двухлетних культур,ПАВЛОДАРСКАЯ ОБЛАСТЬ,УСПЕНСКИЙ РАЙОН
3783380,"Выращивание зерновых и зернобобовых культур, включая семеноводство",true,,2112516000,883,3643299000,920,3053244000,846,3883427000,1031,4047173000,994,8261833000,957,5,"Выращивание зерновых (кроме риса), бобовых и масличных культур",ПАВЛОДАРСКАЯ ОБЛАСТЬ,УСПЕНСКИЙ РАЙОН
447178,Выращивание масличных культур и их семян,true,,,,96030000,920,,,116158000,1031,144456000,994,,,5,"Выращивание зерновых (кроме риса), бобовых и масличных культур",ПАВЛОДАРСКАЯ ОБЛАСТЬ,УСПЕНСКИЙ РАЙОН
447181,"Выращивание овощей, бахчевых, корнеплодов и клубнеплодов",false,,,,,,,,507290000,1031,360920000,994,,,4,Выращивание одно- или двухлетних культур,ПАВЛОДАРСКАЯ ОБЛАСТЬ,УСПЕНСКИЙ РАЙОН
447182,Выращивание картофеля и посадочного материала,true,,,,,,,,507290000,1031,360920000,994,,,5,"Выращивание овощей, бахчевых, корнеплодов и клубнеплодов",ПАВЛОДАРСКАЯ ОБЛАСТЬ,УСПЕНСКИЙ РАЙОН
447192,Выращивание прочих одно- или двухлетних культур,false,,2750000,883,8250000,920,,,10990000,1031,62080000,994,35130000,957,4,Выращивание одно- или двухлетних культур,ПАВЛОДАРСКАЯ ОБЛАСТЬ,УСПЕНСКИЙ РАЙОН
447193,Выращивание кормовых культур и их семян,true,,2750000,883,8250000,920,,,10990000,1031,62080000,994,35130000,957,5,Выращивание прочих одно- или двухлетних культур,ПАВЛОДАРСКАЯ ОБЛАСТЬ,УСПЕНСКИЙ РАЙОН
447218,Животноводство,false,,1332043000,883,1087173000,920,1591308000,846,1254811000,1031,781459000,994,561070000,957,3,"Растениеводство и животноводство, охота и предоставление услуг в этих областях",ПАВЛОДАРСКАЯ ОБЛАСТЬ,УСПЕНСКИЙ РАЙОН
447219,Разведение крупного рогатого скота молочного направления,false,,1324418000,883,1076235000,920,1557099000,846,1100281000,1031,763602000,994,543003000,957,4,Животноводство,ПАВЛОДАРСКАЯ ОБЛАСТЬ,УСПЕНСКИЙ РАЙОН
447220,Разведение крупного рогатого скота молочного направления,true,,1324418000,883,1076235000,920,1557099000,846,1100281000,1031,763602000,994,543003000,957,5,Разведение крупного рогатого скота молочного направления,ПАВЛОДАРСКАЯ ОБЛАСТЬ,УСПЕНСКИЙ РАЙОН
447221,Разведение прочего крупного рогатого скота и буйволов,false,,7625000,883,10938000,920,34209000,846,144830000,1031,17857000,994,18067000,957,4,Животноводство,ПАВЛОДАРСКАЯ ОБЛАСТЬ,УСПЕНСКИЙ РАЙОН
447222,Разведение прочего крупного рогатого скота и буйволов,true,,7625000,883,10938000,920,34209000,846,144830000,1031,17857000,994,18067000,957,5,Разведение прочего крупного рогатого скота и буйволов,ПАВЛОДАРСКАЯ ОБЛАСТЬ,УСПЕНСКИЙ РАЙОН
447228,Разведение овец и коз,false,,,,,,,,9700000,1031,,,,,4,Животноводство,ПАВЛОДАРСКАЯ ОБЛАСТЬ,УСПЕНСКИЙ РАЙОН
447229,Разведение овец и коз,true,,,,,,,,9700000,1031,,,,,5,Разведение овец и коз,ПАВЛОДАРСКАЯ ОБЛАСТЬ,УСПЕНСКИЙ РАЙОН
447239,Смешанное сельское хозяйство,false,,,,6750000,920,,,20200000,1031,,,,,3,"Растениеводство и животноводство, охота и предоставление услуг в этих областях",ПАВЛОДАРСКАЯ ОБЛАСТЬ,УСПЕНСКИЙ РАЙОН
447240,Смешанное сельское хозяйство,false,,,,6750000,920,,,20200000,1031,,,,,4,Смешанное сельское хозяйство,ПАВЛОДАРСКАЯ ОБЛАСТЬ,УСПЕНСКИЙ РАЙОН
447241,Смешанное сельское хозяйство,true,,,,6750000,920,,,20200000,1031,,,,,5,Смешанное сельское хозяйство,ПАВЛОДАРСКАЯ ОБЛАСТЬ,УСПЕНСКИЙ РАЙОН
448215,Оптовая и розничная торговля; ремонт автомобилей и мотоциклов,false,,58039000,883,x,920,,,78342000,1031,319000,994,165318000,957,1,Всего,ПАВЛОДАРСКАЯ ОБЛАСТЬ,УСПЕНСКИЙ РАЙОН
448216,Оптовая и розничная торговля автомобилями и мотоциклами и их ремонт,false,,9850000,883,,,,,,,,,,,2,Оптовая и розничная торговля; ремонт автомобилей и мотоциклов,ПАВЛОДАРСКАЯ ОБЛАСТЬ,УСПЕНСКИЙ РАЙОН
448224,Техническое обслуживание и ремонт автомобилей,false,,9850000,883,,,,,,,,,,,3,Оптовая и розничная торговля автомобилями и мотоциклами и их ремонт,ПАВЛОДАРСКАЯ ОБЛАСТЬ,УСПЕНСКИЙ РАЙОН
448225,Техническое обслуживание и ремонт автомобилей,false,,9850000,883,,,,,,,,,,,4,Техническое обслуживание и ремонт автомобилей,ПАВЛОДАРСКАЯ ОБЛАСТЬ,УСПЕНСКИЙ РАЙОН
20575904,"Техническое обслуживание и ремонт автомобилей, за исключением произведенных станциями технического обслуживания, находящимися на придорожной полосе",true,,9850000,883,,,,,,,,,,,5,Техническое обслуживание и ремонт автомобилей,ПАВЛОДАРСКАЯ ОБЛАСТЬ,УСПЕНСКИЙ РАЙОН
448377,"Розничная торговля, кроме торговли автомобилями и мотоциклами",false,,48189000,883,x,920,,,78342000,1031,319000,994,165318000,957,2,Оптовая и розничная торговля; ремонт автомобилей и мотоциклов,ПАВЛОДАРСКАЯ ОБЛАСТЬ,УСПЕНСКИЙ РАЙОН
448378,Розничная торговля в неспециализированных магазинах,false,,7200000,883,,,,,,,,,,,3,"Розничная торговля, кроме торговли автомобилями и мотоциклами",ПАВЛОДАРСКАЯ ОБЛАСТЬ,УСПЕНСКИЙ РАЙОН
448379,"Розничная торговля в неспециализированных магазинах преимущественно продуктами питания, напитками и табачными изделиями",false,,7200000,883,,,,,,,,,,,4,Розничная торговля в неспециализированных магазинах,ПАВЛОДАРСКАЯ ОБЛАСТЬ,УСПЕНСКИЙ РАЙОН
3647934,"Розничная торговля преимущественно продуктами питания, напитками и табачными изделиями в неспециализированных магазинах, являющихся торговыми объектами, с торговой площадью менее 2000 кв.м ",true,,7200000,883,,,,,,,,,,,5,"Розничная торговля в неспециализированных магазинах преимущественно продуктами питания, напитками и табачными изделиями",ПАВЛОДАРСКАЯ ОБЛАСТЬ,УСПЕНСКИЙ РАЙОН
448399,Розничная торговля топливом в специализированных магазинах,false,,40989000,883,x,920,,,78342000,1031,319000,994,165318000,957,3,"Розничная торговля, кроме торговли автомобилями и мотоциклами",ПАВЛОДАРСКАЯ ОБЛАСТЬ,УСПЕНСКИЙ РАЙОН
448400,Розничная торговля топливом в специализированных магазинах,false,,40989000,883,x,920,,,78342000,1031,319000,994,165318000,957,4,Розничная торговля топливом в специализированных магазинах,ПАВЛОДАРСКАЯ ОБЛАСТЬ,УСПЕНСКИЙ РАЙОН
20576124,"Розничная торговля моторным топливом в специализированных магазинах, за исключением находящихся на придорожной полосе",true,,4247000,883,x,920,,,78342000,1031,319000,994,165318000,957,5,Розничная торговля топливом в специализированных магазинах,ПАВЛОДАРСКАЯ ОБЛАСТЬ,УСПЕНСКИЙ РАЙОН
20576126,"Розничная торговля моторным топливом в специализированных магазинах, находящихся на придорожной полосе",true,,36742000,883,,,,,,,,,,,5,Розничная торговля топливом в специализированных магазинах,ПАВЛОДАРСКАЯ ОБЛАСТЬ,УСПЕНСКИЙ РАЙОН
448475,Транспорт и складирование,false,,727806000,883,133862000,920,1254942000,846,3013218000,1031,503188000,994,850203000,957,1,Всего,ПАВЛОДАРСКАЯ ОБЛАСТЬ,УСПЕНСКИЙ РАЙОН
448527,Складирование грузов и вспомогательная транспортная деятельность,false,,727806000,883,133862000,920,1254942000,846,3013218000,1031,503188000,994,850203000,957,2,Транспорт и складирование,ПАВЛОДАРСКАЯ ОБЛАСТЬ,УСПЕНСКИЙ РАЙОН
448528,Складирование и хранение грузов,false,,,,81466000,920,123528000,846,997393000,1031,503188000,994,805318000,957,3,Складирование грузов и вспомогательная транспортная деятельность,ПАВЛОДАРСКАЯ ОБЛАСТЬ,УСПЕНСКИЙ РАЙОН
448529,Складирование и хранение грузов,false,,,,81466000,920,123528000,846,997393000,1031,503188000,994,805318000,957,4,Складирование и хранение грузов,ПАВЛОДАРСКАЯ ОБЛАСТЬ,УСПЕНСКИЙ РАЙОН
448530,Складирование и хранение зерна,true,,,,81466000,920,123528000,846,970000000,1031,354762000,994,20106000,957,5,Складирование и хранение грузов,ПАВЛОДАРСКАЯ ОБЛАСТЬ,УСПЕНСКИЙ РАЙОН
448531,"Складирование и хранение непродовольственных товаров, кроме зерна и нефти",true,,,,,,,,,,20000000,994,x,957,5,Складирование и хранение грузов,ПАВЛОДАРСКАЯ ОБЛАСТЬ,УСПЕНСКИЙ РАЙОН
20576309,Складирование и хранение овощей и фруктов,true,,,,,,,,27393000,1031,128426000,994,x,957,5,Складирование и хранение грузов,ПАВЛОДАРСКАЯ ОБЛАСТЬ,УСПЕНСКИЙ РАЙОН
448533,Вспомогательная транспортная деятельность,false,,727806000,883,52396000,920,1131414000,846,2015825000,1031,,,44885000,957,3,Складирование грузов и вспомогательная транспортная деятельность,ПАВЛОДАРСКАЯ ОБЛАСТЬ,УСПЕНСКИЙ РАЙОН
448534,Вспомогательная деятельность сухопутного транспорта,false,,727806000,883,52396000,920,1131414000,846,2015825000,1031,,,44885000,957,4,Вспомогательная транспортная деятельность,ПАВЛОДАРСКАЯ ОБЛАСТЬ,УСПЕНСКИЙ РАЙОН
448536,Эксплуатация автомобильных дорог,true,,727806000,883,52396000,920,1131414000,846,2015825000,1031,,,40645000,957,5,Вспомогательная деятельность сухопутного транспорта,ПАВЛОДАРСКАЯ ОБЛАСТЬ,УСПЕНСКИЙ РАЙОН
448538,Деятельность автомобильных стоянок,true,,,,,,,,,,,,x,957,5,Вспомогательная деятельность сухопутного транспорта,ПАВЛОДАРСКАЯ ОБЛАСТЬ,УСПЕНСКИЙ РАЙОН
448558,Предоставление услуг по проживанию и питанию,false,,,,,,58972000,846,,,4300000,994,,,1,Всего,ПАВЛОДАРСКАЯ ОБЛАСТЬ,УСПЕНСКИЙ РАЙОН
3783427,Предоставление услуг по временному проживанию,false,,,,,,,,,,4300000,994,,,2,Предоставление услуг по проживанию и питанию,ПАВЛОДАРСКАЯ ОБЛАСТЬ,УСПЕНСКИЙ РАЙОН
3783428,Предоставление услуг гостиницами и аналогичными местами для проживания,false,,,,,,,,,,4300000,994,,,3,Предоставление услуг по временному проживанию,ПАВЛОДАРСКАЯ ОБЛАСТЬ,УСПЕНСКИЙ РАЙОН
3783429,Предоставление услуг гостиницами и аналогичными местами для проживания,false,,,,,,,,,,4300000,994,,,4,Предоставление услуг гостиницами и аналогичными местами для проживания,ПАВЛОДАРСКАЯ ОБЛАСТЬ,УСПЕНСКИЙ РАЙОН
3783431,"Предоставление услуг гостиницами без ресторанов, за исключением гостиниц, находящихся на придорожной полосе",true,,,,,,,,,,4300000,994,,,5,Предоставление услуг гостиницами и аналогичными местами для проживания,ПАВЛОДАРСКАЯ ОБЛАСТЬ,УСПЕНСКИЙ РАЙОН
448573,Предоставление услуг по обеспечению питанием и напитками,false,,,,,,58972000,846,,,,,,,2,Предоставление услуг по проживанию и питанию,ПАВЛОДАРСКАЯ ОБЛАСТЬ,УСПЕНСКИЙ РАЙОН
448574,Деятельность ресторанов и предоставление услуг по доставке продуктов питания,false,,,,,,58972000,846,,,,,,,3,Предоставление услуг по обеспечению питанием и напитками,ПАВЛОДАРСКАЯ ОБЛАСТЬ,УСПЕНСКИЙ РАЙОН
448575,Деятельность ресторанов и предоставление услуг по доставке продуктов питания,false,,,,,,58972000,846,,,,,,,4,Деятельность ресторанов и предоставление услуг по доставке продуктов питания,ПАВЛОДАРСКАЯ ОБЛАСТЬ,УСПЕНСКИЙ РАЙОН
448576,Рестораны и услуги по доставке продуктов питания,true,,,,,,58972000,846,,,,,,,5,Деятельность ресторанов и предоставление услуг по доставке продуктов питания,ПАВЛОДАРСКАЯ ОБЛАСТЬ,УСПЕНСКИЙ РАЙОН
448585,Информация и связь,false,,26878000,883,,,154498000,846,,,,,x,957,1,Всего,ПАВЛОДАРСКАЯ ОБЛАСТЬ,УСПЕНСКИЙ РАЙОН
448623,Телекоммуникации,false,,26878000,883,,,154498000,846,,,,,x,957,2,Информация и связь,ПАВЛОДАРСКАЯ ОБЛАСТЬ,УСПЕНСКИЙ РАЙОН
18696628,Проводная телекоммуникационная связь,false,,827000,883,,,x,846,,,,,,,3,Телекоммуникации,ПАВЛОДАРСКАЯ ОБЛАСТЬ,УСПЕНСКИЙ РАЙОН
18696629,Проводная телекоммуникационная связь,false,,827000,883,,,x,846,,,,,,,4,Проводная телекоммуникационная связь,ПАВЛОДАРСКАЯ ОБЛАСТЬ,УСПЕНСКИЙ РАЙОН
18946146,Прочая проводная телекоммуникационная связь,true,,827000,883,,,x,846,,,,,,,5,Проводная телекоммуникационная связь,ПАВЛОДАРСКАЯ ОБЛАСТЬ,УСПЕНСКИЙ РАЙОН
448627,Беспроводная телекоммуникационная связь,false,,26051000,883,,,124879000,846,,,,,x,957,3,Телекоммуникации,ПАВЛОДАРСКАЯ ОБЛАСТЬ,УСПЕНСКИЙ РАЙОН
448628,Беспроводная телекоммуникационная связь,false,,26051000,883,,,124879000,846,,,,,x,957,4,Беспроводная телекоммуникационная связь,ПАВЛОДАРСКАЯ ОБЛАСТЬ,УСПЕНСКИЙ РАЙОН
18946149,Прочая беспроводная телекоммуникационная связь,true,,26051000,883,,,124879000,846,,,,,x,957,5,Беспроводная телекоммуникационная связь,ПАВЛОДАРСКАЯ ОБЛАСТЬ,УСПЕНСКИЙ РАЙОН
448714,Операции с недвижимым имуществом,false,,168734000,883,284365000,920,66793000,846,308664000,1031,487026000,994,350985000,957,1,Всего,ПАВЛОДАРСКАЯ ОБЛАСТЬ,УСПЕНСКИЙ РАЙОН
448715,Операции с недвижимым имуществом,false,,168734000,883,284365000,920,66793000,846,308664000,1031,487026000,994,350985000,957,2,Операции с недвижимым имуществом,ПАВЛОДАРСКАЯ ОБЛАСТЬ,УСПЕНСКИЙ РАЙОН
448716,Покупка и продажа собственного недвижимого имущества ,false,,168734000,883,284365000,920,66793000,846,308664000,1031,487026000,994,350985000,957,3,Операции с недвижимым имуществом,ПАВЛОДАРСКАЯ ОБЛАСТЬ,УСПЕНСКИЙ РАЙОН
448717,Покупка и продажа собственного недвижимого имущества ,false,,168734000,883,284365000,920,66793000,846,308664000,1031,487026000,994,350985000,957,4,Покупка и продажа собственного недвижимого имущества ,ПАВЛОДАРСКАЯ ОБЛАСТЬ,УСПЕНСКИЙ РАЙОН
543091,Покупка и продажа многоквартирных и жилых домов (особняков),true,,168734000,883,284365000,920,66793000,846,308664000,1031,487026000,994,350985000,957,5,Покупка и продажа собственного недвижимого имущества ,ПАВЛОДАРСКАЯ ОБЛАСТЬ,УСПЕНСКИЙ РАЙОН
448728,"Профессиональная, научная и техническая деятельность",false,,,,,,1464000,846,,,,,,,1,Всего,ПАВЛОДАРСКАЯ ОБЛАСТЬ,УСПЕНСКИЙ РАЙОН
448747,"Деятельность в области архитектуры, инженерных изысканий, технических испытаний и анализа",false,,,,,,71000,846,,,,,,,2,"Профессиональная, научная и техническая деятельность",ПАВЛОДАРСКАЯ ОБЛАСТЬ,УСПЕНСКИЙ РАЙОН
448748,"Деятельность в области архитектуры, инженерных изысканий и предоставление технических консультаций в этих областях",false,,,,,,71000,846,,,,,,,3,"Деятельность в области архитектуры, инженерных изысканий, технических испытаний и анализа",ПАВЛОДАРСКАЯ ОБЛАСТЬ,УСПЕНСКИЙ РАЙОН
448751,Деятельность в области инженерных изысканий и предоставление технических консультаций в этой области,false,,,,,,71000,846,,,,,,,4,"Деятельность в области архитектуры, инженерных изысканий и предоставление технических консультаций в этих областях",ПАВЛОДАРСКАЯ ОБЛАСТЬ,УСПЕНСКИЙ РАЙОН
448755,Землеустройство,true,,,,,,71000,846,,,,,,,5,Деятельность в области инженерных изысканий и предоставление технических консультаций в этой области,ПАВЛОДАРСКАЯ ОБЛАСТЬ,УСПЕНСКИЙ РАЙОН
448779,"Прочая профессиональная, научная и техническая деятельность",false,,,,,,1393000,846,,,,,,,2,"Профессиональная, научная и техническая деятельность",ПАВЛОДАРСКАЯ ОБЛАСТЬ,УСПЕНСКИЙ РАЙОН
448789,"Прочая профессиональная, научная и техническая деятельность, не включенная в другие группировки",false,,,,,,1393000,846,,,,,,,3,"Прочая профессиональная, научная и техническая деятельность",ПАВЛОДАРСКАЯ ОБЛАСТЬ,УСПЕНСКИЙ РАЙОН
448790,"Прочая профессиональная, научная и техническая деятельность, не включенная в другие группировки",false,,,,,,1393000,846,,,,,,,4,"Прочая профессиональная, научная и техническая деятельность, не включенная в другие группировки",ПАВЛОДАРСКАЯ ОБЛАСТЬ,УСПЕНСКИЙ РАЙОН
448791,Деятельность гидрометеорологической службы,true,,,,,,1393000,846,,,,,,,5,"Прочая профессиональная, научная и техническая деятельность, не включенная в другие группировки",ПАВЛОДАРСКАЯ ОБЛАСТЬ,УСПЕНСКИЙ РАЙОН
448797,Деятельность в области административного и вспомогательного обслуживания,false,,6755000,883,15331000,920,,,,,759000,994,4795000,957,1,Всего,ПАВЛОДАРСКАЯ ОБЛАСТЬ,УСПЕНСКИЙ РАЙОН
448798,"Аренда, прокат и лизинг",false,,,,12500000,920,,,,,,,,,2,Деятельность в области административного и вспомогательного обслуживания,ПАВЛОДАРСКАЯ ОБЛАСТЬ,УСПЕНСКИЙ РАЙОН
448811,"Аренда и лизинг прочих машин, оборудования и материальных активов",false,,,,12500000,920,,,,,,,,,3,"Аренда, прокат и лизинг",ПАВЛОДАРСКАЯ ОБЛАСТЬ,УСПЕНСКИЙ РАЙОН
448812,Аренда и лизинг сельскохозяйственных машин и оборудования ,false,,,,12500000,920,,,,,,,,,4,"Аренда и лизинг прочих машин, оборудования и материальных активов",ПАВЛОДАРСКАЯ ОБЛАСТЬ,УСПЕНСКИЙ РАЙОН
543079,Аренда сельскохозяйственных машин и оборудования ,true,,,,12500000,920,,,,,,,,,5,Аренда и лизинг сельскохозяйственных машин и оборудования ,ПАВЛОДАРСКАЯ ОБЛАСТЬ,УСПЕНСКИЙ РАЙОН
448856,Деятельность по обслуживанию зданий и благоустройству территорий,false,,6755000,883,2831000,920,,,,,759000,994,4795000,957,2,Деятельность в области административного и вспомогательного обслуживания,ПАВЛОДАРСКАЯ ОБЛАСТЬ,УСПЕНСКИЙ РАЙОН
448867,Деятельность по благоустройству территорий,false,,6755000,883,2831000,920,,,,,759000,994,4795000,957,3,Деятельность по обслуживанию зданий и благоустройству территорий,ПАВЛОДАРСКАЯ ОБЛАСТЬ,УСПЕНСКИЙ РАЙОН
448868,Деятельность по благоустройству территорий,false,,6755000,883,2831000,920,,,,,759000,994,4795000,957,4,Деятельность по благоустройству территорий,ПАВЛОДАРСКАЯ ОБЛАСТЬ,УСПЕНСКИЙ РАЙОН
448869,Деятельность по благоустройству территорий,true,,6755000,883,2831000,920,,,,,759000,994,4795000,957,5,Деятельность по благоустройству территорий,ПАВЛОДАРСКАЯ ОБЛАСТЬ,УСПЕНСКИЙ РАЙОН
448889,Государственное управление и оборона; обязательное  социальное обеспечение,false,,44790000,883,3726000,920,4352000,846,21284000,1031,64338000,994,1292000,957,1,Всего,ПАВЛОДАРСКАЯ ОБЛАСТЬ,УСПЕНСКИЙ РАЙОН
448890,Государственное управление и оборона; обязательное социальное обеспечение,false,,44790000,883,3726000,920,4352000,846,21284000,1031,64338000,994,1292000,957,2,Государственное управление и оборона; обязательное  социальное обеспечение,ПАВЛОДАРСКАЯ ОБЛАСТЬ,УСПЕНСКИЙ РАЙОН
448891,Государственное управление общего характера и управление социально-экономическое политикой общества,false,,44790000,883,3726000,920,4352000,846,20904000,1031,25248000,994,1292000,957,3,Государственное управление и оборона; обязательное социальное обеспечение,ПАВЛОДАРСКАЯ ОБЛАСТЬ,УСПЕНСКИЙ РАЙОН
448892,Государственное управление общего характера,false,,44283000,883,2076000,920,4015000,846,19898000,1031,22962000,994,1159000,957,4,Государственное управление общего характера и управление социально-экономическое политикой общества,ПАВЛОДАРСКАЯ ОБЛАСТЬ,УСПЕНСКИЙ РАЙОН
448895,Деятельность местных органов управления,true,,6496000,883,1452000,920,1799000,846,10846000,1031,21964000,994,875000,957,5,Государственное управление общего характера,ПАВЛОДАРСКАЯ ОБЛАСТЬ,УСПЕНСКИЙ РАЙОН
448896,Деятельность сельских и поселковых органов управления,true,,37787000,883,624000,920,2216000,846,9052000,1031,998000,994,284000,957,5,Государственное управление общего характера,ПАВЛОДАРСКАЯ ОБЛАСТЬ,УСПЕНСКИЙ РАЙОН
448900,"Регулирование деятельности учреждений здравоохранения, образования, культуры и других социальных услуг, кроме социального обеспечения ",false,,330000,883,1650000,920,337000,846,342000,1031,1391000,994,133000,957,4,Государственное управление общего характера и управление социально-экономическое политикой общества,ПАВЛОДАРСКАЯ ОБЛАСТЬ,УСПЕНСКИЙ РАЙОН
448901,"Регулирование деятельности учреждений здравоохранения, образования, культуры и других социальных услуг, кроме социального обеспечения ",true,,330000,883,1650000,920,337000,846,342000,1031,1391000,994,133000,957,5,"Регулирование деятельности учреждений здравоохранения, образования, культуры и других социальных услуг, кроме социального обеспечения ",ПАВЛОДАРСКАЯ ОБЛАСТЬ,УСПЕНСКИЙ РАЙОН
448902,Регулирование и содействие эффективному ведению экономической деятельности,false,,177000,883,,,,,664000,1031,895000,994,,,4,Государственное управление общего характера и управление социально-экономическое политикой общества,ПАВЛОДАРСКАЯ ОБЛАСТЬ,УСПЕНСКИЙ РАЙОН
448903,Регулирование и содействие эффективному ведению экономической деятельности,true,,177000,883,,,,,664000,1031,895000,994,,,5,Регулирование и содействие эффективному ведению экономической деятельности,ПАВЛОДАРСКАЯ ОБЛАСТЬ,УСПЕНСКИЙ РАЙОН
448904,Предоставление государством услуг обществу в целом,false,,,,,,,,380000,1031,39090000,994,,,3,Государственное управление и оборона; обязательное социальное обеспечение,ПАВЛОДАРСКАЯ ОБЛАСТЬ,УСПЕНСКИЙ РАЙОН
448913,Деятельность по обеспечению безопасности в чрезвычайных ситуациях,false,,,,,,,,380000,1031,39090000,994,,,4,Предоставление государством услуг обществу в целом,ПАВЛОДАРСКАЯ ОБЛАСТЬ,УСПЕНСКИЙ РАЙОН
448914,Деятельность по обеспечению безопасности в чрезвычайных ситуациях,true,,,,,,,,380000,1031,39090000,994,,,5,Деятельность по обеспечению безопасности в чрезвычайных ситуациях,ПАВЛОДАРСКАЯ ОБЛАСТЬ,УСПЕНСКИЙ РАЙОН
448918,Образование,false,,143804000,883,182275000,920,15557000,846,109725000,1031,351455000,994,555135000,957,1,Всего,ПАВЛОДАРСКАЯ ОБЛАСТЬ,УСПЕНСКИЙ РАЙОН
448919,Образование,false,,143804000,883,182275000,920,15557000,846,109725000,1031,351455000,994,555135000,957,2,Образование,ПАВЛОДАРСКАЯ ОБЛАСТЬ,УСПЕНСКИЙ РАЙОН
448920,Дошкольное образование,false,,,,94230000,920,,,,,,,,,3,Образование,ПАВЛОДАРСКАЯ ОБЛАСТЬ,УСПЕНСКИЙ РАЙОН
448921,Дошкольное образование,false,,,,94230000,920,,,,,,,,,4,Дошкольное образование,ПАВЛОДАРСКАЯ ОБЛАСТЬ,УСПЕНСКИЙ РАЙОН
448922,Дошкольное образование,true,,,,94230000,920,,,,,,,,,5,Дошкольное образование,ПАВЛОДАРСКАЯ ОБЛАСТЬ,УСПЕНСКИЙ РАЙОН
448926,Среднее образование (2-й и 3-й уровни),false,,121040000,883,88045000,920,15557000,846,109725000,1031,351455000,994,555135000,957,3,Образование,ПАВЛОДАРСКАЯ ОБЛАСТЬ,УСПЕНСКИЙ РАЙОН
448927,Основное и общее среднее образование,false,,121040000,883,88045000,920,15557000,846,109725000,1031,351455000,994,555135000,957,4,Среднее образование (2-й и 3-й уровни),ПАВЛОДАРСКАЯ ОБЛАСТЬ,УСПЕНСКИЙ РАЙОН
448928,Основное и общее среднее образование,true,,121040000,883,88045000,920,15557000,846,109725000,1031,351455000,994,555135000,957,5,Основное и общее среднее образование,ПАВЛОДАРСКАЯ ОБЛАСТЬ,УСПЕНСКИЙ РАЙОН
448937,Прочие виды образования,false,,22764000,883,,,,,,,,,,,3,Образование,ПАВЛОДАРСКАЯ ОБЛАСТЬ,УСПЕНСКИЙ РАЙОН
448940,Образование в области культуры,false,,80000,883,,,,,,,,,,,4,Прочие виды образования,ПАВЛОДАРСКАЯ ОБЛАСТЬ,УСПЕНСКИЙ РАЙОН
448941,Образование в области культуры,true,,80000,883,,,,,,,,,,,5,Образование в области культуры,ПАВЛОДАРСКАЯ ОБЛАСТЬ,УСПЕНСКИЙ РАЙОН
448944,"Прочие виды образования, не включенные в другие группировки",false,,22684000,883,,,,,,,,,,,4,Прочие виды образования,ПАВЛОДАРСКАЯ ОБЛАСТЬ,УСПЕНСКИЙ РАЙОН
448946,"Прочая деятельность в области образования, не включенная в другие группировки",true,,22684000,883,,,,,,,,,,,5,"Прочие виды образования, не включенные в другие группировки",ПАВЛОДАРСКАЯ ОБЛАСТЬ,УСПЕНСКИЙ РАЙОН
448950,Здравоохранение и социальное обслуживание населения,false,,232810000,883,61984000,920,24171000,846,733820000,1031,15250000,994,49677000,957,1,Всего,ПАВЛОДАРСКАЯ ОБЛАСТЬ,УСПЕНСКИЙ РАЙОН
448951,Деятельность в области здравоохранения,false,,232810000,883,61984000,920,23921000,846,733820000,1031,15250000,994,49677000,957,2,Здравоохранение и социальное обслуживание населения,ПАВЛОДАРСКАЯ ОБЛАСТЬ,УСПЕНСКИЙ РАЙОН
448952,Деятельность больничных организаций,false,,232810000,883,61984000,920,23921000,846,130102000,1031,,,49677000,957,3,Деятельность в области здравоохранения,ПАВЛОДАРСКАЯ ОБЛАСТЬ,УСПЕНСКИЙ РАЙОН
448953,Деятельность больничных организаций,false,,232810000,883,61984000,920,23921000,846,130102000,1031,,,49677000,957,4,Деятельность больничных организаций,ПАВЛОДАРСКАЯ ОБЛАСТЬ,УСПЕНСКИЙ РАЙОН
448954,Деятельность больниц широкого профиля и специализированных больниц,true,,232810000,883,61984000,920,23921000,846,130102000,1031,,,49677000,957,5,Деятельность больничных организаций,ПАВЛОДАРСКАЯ ОБЛАСТЬ,УСПЕНСКИЙ РАЙОН
448959,Деятельность в области врачебной практики и стоматологии,false,,,,,,,,603718000,1031,15250000,994,,,3,Деятельность в области здравоохранения,ПАВЛОДАРСКАЯ ОБЛАСТЬ,УСПЕНСКИЙ РАЙОН
448960,Общая врачебная практика,false,,,,,,,,603718000,1031,15250000,994,,,4,Деятельность в области врачебной практики и стоматологии,ПАВЛОДАРСКАЯ ОБЛАСТЬ,УСПЕНСКИЙ РАЙОН
448961,Общая врачебная практика,true,,,,,,,,603718000,1031,15250000,994,,,5,Общая врачебная практика,ПАВЛОДАРСКАЯ ОБЛАСТЬ,УСПЕНСКИЙ РАЙОН
448969,Предоставление социальных услуг с обеспечением проживания,false,,,,,,x,846,,,,,,,2,Здравоохранение и социальное обслуживание населения,ПАВЛОДАРСКАЯ ОБЛАСТЬ,УСПЕНСКИЙ РАЙОН
18703671,Предоставление прочих социальных услуг  с обеспечением проживания,false,,,,,,x,846,,,,,,,3,Предоставление социальных услуг с обеспечением проживания,ПАВЛОДАРСКАЯ ОБЛАСТЬ,УСПЕНСКИЙ РАЙОН
18703672,Предоставление прочих социальных услуг  с обеспечением проживания,false,,,,,,x,846,,,,,,,4,Предоставление прочих социальных услуг  с обеспечением проживания,ПАВЛОДАРСКАЯ ОБЛАСТЬ,УСПЕНСКИЙ РАЙОН
18703673,Предоставление прочих социальных услуг  с обеспечением проживания,true,,,,,,x,846,,,,,,,5,Предоставление прочих социальных услуг  с обеспечением проживания,ПАВЛОДАРСКАЯ ОБЛАСТЬ,УСПЕНСКИЙ РАЙОН
448991,"Искусство, развлечения и отдых",false,,212397000,883,5805000,920,2454000,846,657070000,1031,504357000,994,18548000,957,1,Всего,ПАВЛОДАРСКАЯ ОБЛАСТЬ,УСПЕНСКИЙ РАЙОН
449004,"Деятельность библиотек, архивов, музеев и прочая деятельность в области культуры",false,,1771000,883,1593000,920,1766000,846,3692000,1031,26000000,994,1245000,957,2,"Искусство, развлечения и отдых",ПАВЛОДАРСКАЯ ОБЛАСТЬ,УСПЕНСКИЙ РАЙОН
449005,"Деятельность библиотек, архивов, музеев и прочая деятельность в области культуры",false,,1771000,883,1593000,920,1766000,846,3692000,1031,26000000,994,1245000,957,3,"Деятельность библиотек, архивов, музеев и прочая деятельность в области культуры",ПАВЛОДАРСКАЯ ОБЛАСТЬ,УСПЕНСКИЙ РАЙОН
449006,Деятельность библиотек и архивов,false,,1771000,883,1593000,920,1766000,846,3692000,1031,26000000,994,1245000,957,4,"Деятельность библиотек, архивов, музеев и прочая деятельность в области культуры",ПАВЛОДАРСКАЯ ОБЛАСТЬ,УСПЕНСКИЙ РАЙОН
449008,"Библиотечная деятельность, включая деятельность читальных залов, лекториев, демонстрационных залов",true,,1771000,883,1593000,920,1766000,846,3692000,1031,26000000,994,1245000,957,5,Деятельность библиотек и архивов,ПАВЛОДАРСКАЯ ОБЛАСТЬ,УСПЕНСКИЙ РАЙОН
449022,"Деятельность в области спорта, организации отдыха и развлечений",false,,210626000,883,4212000,920,688000,846,653378000,1031,478357000,994,17303000,957,2,"Искусство, развлечения и отдых",ПАВЛОДАРСКАЯ ОБЛАСТЬ,УСПЕНСКИЙ РАЙОН
449023,Деятельность в области спорта,false,,140962000,883,,,688000,846,448909000,1031,384193000,994,,,3,"Деятельность в области спорта, организации отдыха и развлечений",ПАВЛОДАРСКАЯ ОБЛАСТЬ,УСПЕНСКИЙ РАЙОН
449024,Эксплуатация спортивных сооружений,false,,140962000,883,,,688000,846,448909000,1031,384193000,994,,,4,Деятельность в области спорта,ПАВЛОДАРСКАЯ ОБЛАСТЬ,УСПЕНСКИЙ РАЙОН
449025,Эксплуатация спортивных сооружений,true,,140962000,883,,,688000,846,448909000,1031,384193000,994,,,5,Эксплуатация спортивных сооружений,ПАВЛОДАРСКАЯ ОБЛАСТЬ,УСПЕНСКИЙ РАЙОН
449032,Деятельность по организации отдыха и развлечений,false,,69664000,883,4212000,920,,,204469000,1031,94164000,994,17303000,957,3,"Деятельность в области спорта, организации отдыха и развлечений",ПАВЛОДАРСКАЯ ОБЛАСТЬ,УСПЕНСКИЙ РАЙОН
449035,Прочая деятельность по организации отдыха и развлечений,false,,69664000,883,4212000,920,,,204469000,1031,94164000,994,17303000,957,4,Деятельность по организации отдыха и развлечений,ПАВЛОДАРСКАЯ ОБЛАСТЬ,УСПЕНСКИЙ РАЙОН
449039,Прочие виды деятельности по организации отдыха и развлечений,true,,69664000,883,4212000,920,,,204469000,1031,94164000,994,17303000,957,5,Прочая деятельность по организации отдыха и развлечений,ПАВЛОДАРСКАЯ ОБЛАСТЬ,УСПЕНСКИЙ РАЙОН
449040,Предоставление прочих видов услуг,false,,,,,,1000000,846,,,,,,,1,Всего,ПАВЛОДАРСКАЯ ОБЛАСТЬ,УСПЕНСКИЙ РАЙОН
449084,Предоставление прочих индивидуальных услуг,false,,,,,,1000000,846,,,,,,,2,Предоставление прочих видов услуг,ПАВЛОДАРСКАЯ ОБЛАСТЬ,УСПЕНСКИЙ РАЙОН
449085,Предоставление прочих индивидуальных услуг,false,,,,,,1000000,846,,,,,,,3,Предоставление прочих индивидуальных услуг,ПАВЛОДАРСКАЯ ОБЛАСТЬ,УСПЕНСКИЙ РАЙОН
449093,Деятельность по обеспечению физического комфорта,false,,,,,,1000000,846,,,,,,,4,Предоставление прочих индивидуальных услуг,ПАВЛОДАРСКАЯ ОБЛАСТЬ,УСПЕНСКИЙ РАЙОН
449094,Деятельность по обеспечению физического комфорта,true,,,,,,1000000,846,,,,,,,5,Деятельность по обеспечению физического комфорта,ПАВЛОДАРСКАЯ ОБЛАСТЬ,УСПЕНСКИЙ РАЙОН
741340,Промышленность,false,,1388658000,883,1893496000,920,353222000,846,1473402000,1031,1924720000,994,343528000,957,1,Всего,ПАВЛОДАРСКАЯ ОБЛАСТЬ,УСПЕНСКИЙ РАЙОН
447346,Обрабатывающая промышленность,false,,65277000,883,146836000,920,4739000,846,,,,,,,2,Промышленность,ПАВЛОДАРСКАЯ ОБЛАСТЬ,УСПЕНСКИЙ РАЙОН
447347,Производство продуктов питания,false,,65277000,883,146836000,920,4739000,846,,,,,,,3,Обрабатывающая промышленность,ПАВЛОДАРСКАЯ ОБЛАСТЬ,УСПЕНСКИЙ РАЙОН
447365,Производство растительных и животных масел и жиров,false,,,,x,920,4739000,846,,,,,,,4,Производство продуктов питания,ПАВЛОДАРСКАЯ ОБЛАСТЬ,УСПЕНСКИЙ РАЙОН
447366,Производство масел и жиров,false,,,,x,920,4739000,846,,,,,,,5,Производство растительных и животных масел и жиров,ПАВЛОДАРСКАЯ ОБЛАСТЬ,УСПЕНСКИЙ РАЙОН
447384,"Производство  хлебобулочных, макаронных и мучных кондитерских изделий",false,,980000,883,,,,,,,,,,,4,Производство продуктов питания,ПАВЛОДАРСКАЯ ОБЛАСТЬ,УСПЕНСКИЙ РАЙОН
447385,Производство хлебобулочных и мучных кондитерских изделий недлительного хранения,false,,980000,883,,,,,,,,,,,5,"Производство  хлебобулочных, макаронных и мучных кондитерских изделий",ПАВЛОДАРСКАЯ ОБЛАСТЬ,УСПЕНСКИЙ РАЙОН
447408,Производство готовых кормов для животных,false,,64297000,883,x,920,,,,,,,,,4,Производство продуктов питания,ПАВЛОДАРСКАЯ ОБЛАСТЬ,УСПЕНСКИЙ РАЙОН
447409,Производство готовых кормов для сельскохозяйственных животных,false,,64297000,883,x,920,,,,,,,,,5,Производство готовых кормов для животных,ПАВЛОДАРСКАЯ ОБЛАСТЬ,УСПЕНСКИЙ РАЙОН
448090,"Снабжение электроэнергией, газом, паром, горячей водой и кондиционированным воздухом",false,,165437000,883,13153000,920,331457000,846,358224000,1031,106148000,994,7516000,957,2,Промышленность,ПАВЛОДАРСКАЯ ОБЛАСТЬ,УСПЕНСКИЙ РАЙОН
448091,"Снабжение электроэнергией, газом, паром, горячей водой и кондиционированным воздухом",false,,165437000,883,13153000,920,331457000,846,358224000,1031,106148000,994,7516000,957,3,"Снабжение электроэнергией, газом, паром, горячей водой и кондиционированным воздухом",ПАВЛОДАРСКАЯ ОБЛАСТЬ,УСПЕНСКИЙ РАЙОН
448092,"Производство, передача и распределение электроэнергии",false,,147547000,883,13153000,920,308989000,846,350736000,1031,x,994,x,957,4,"Снабжение электроэнергией, газом, паром, горячей водой и кондиционированным воздухом",ПАВЛОДАРСКАЯ ОБЛАСТЬ,УСПЕНСКИЙ РАЙОН
448093,Производство электроэнергии,false,,5000000,883,,,48791000,846,,,,,,,5,"Производство, передача и распределение электроэнергии",ПАВЛОДАРСКАЯ ОБЛАСТЬ,УСПЕНСКИЙ РАЙОН
448098,Передача электроэнергии,false,,x,883,x,920,x,846,x,1031,x,994,x,957,5,"Производство, передача и распределение электроэнергии",ПАВЛОДАРСКАЯ ОБЛАСТЬ,УСПЕНСКИЙ РАЙОН
448100,Распределение электроэнергии,false,,112020000,883,9909000,920,251402000,846,186451000,1031,,,,,5,"Производство, передача и распределение электроэнергии",ПАВЛОДАРСКАЯ ОБЛАСТЬ,УСПЕНСКИЙ РАЙОН
448111,"Снабжение паром, горячей водой и кондиционированным воздухом",false,,17890000,883,,,22468000,846,7488000,1031,68756000,994,x,957,4,"Снабжение электроэнергией, газом, паром, горячей водой и кондиционированным воздухом",ПАВЛОДАРСКАЯ ОБЛАСТЬ,УСПЕНСКИЙ РАЙОН
448112,"Снабжение паром, горячей водой и кондиционированным воздухом",false,,17890000,883,,,22468000,846,7488000,1031,68756000,994,x,957,5,"Снабжение паром, горячей водой и кондиционированным воздухом",ПАВЛОДАРСКАЯ ОБЛАСТЬ,УСПЕНСКИЙ РАЙОН
448117,"Водоснабжение; сбор, обработка и удаление отходов, деятельность по ликвидации загрязнений",false,,1157944000,883,1733507000,920,17026000,846,1115178000,1031,1818572000,994,336012000,957,2,Промышленность,ПАВЛОДАРСКАЯ ОБЛАСТЬ,УСПЕНСКИЙ РАЙОН
448118,"Сбор, обработка и распределение воды",false,,1157944000,883,1733507000,920,17026000,846,1115178000,1031,1818572000,994,336012000,957,3,"Водоснабжение; сбор, обработка и удаление отходов, деятельность по ликвидации загрязнений",ПАВЛОДАРСКАЯ ОБЛАСТЬ,УСПЕНСКИЙ РАЙОН
448119,"Сбор, обработка и распределение воды",false,,1157944000,883,1733507000,920,17026000,846,1115178000,1031,1818572000,994,336012000,957,4,"Сбор, обработка и распределение воды",ПАВЛОДАРСКАЯ ОБЛАСТЬ,УСПЕНСКИЙ РАЙОН
448120,"Сбор, обработка и распределение воды",false,,1157944000,883,1733507000,920,17026000,846,1115178000,1031,1818572000,994,336012000,957,5,"Сбор, обработка и распределение воды",ПАВЛОДАРСКАЯ ОБЛАСТЬ,УСПЕНСКИЙ РАЙОН
741885,Всего,false,,7391104000,883,8338188000,920,5918695000,846,17936691000,1031,16973023000,994,14001176000,957,0,,ПАВЛОДАРСКАЯ ОБЛАСТЬ,ЩЕРБАКТИНСКИЙ РАЙОН
447173,"Сельское, лесное и рыбное хозяйство",false,,3913663000,883,5672351000,920,2474673000,846,10938824000,1031,11462072000,994,8118644000,957,1,Всего,ПАВЛОДАРСКАЯ ОБЛАСТЬ,ЩЕРБАКТИНСКИЙ РАЙОН
447174,"Растениеводство и животноводство, охота и предоставление услуг в этих областях",false,,3913663000,883,5672351000,920,2474673000,846,10938824000,1031,11462072000,994,8118644000,957,2,"Сельское, лесное и рыбное хозяйство",ПАВЛОДАРСКАЯ ОБЛАСТЬ,ЩЕРБАКТИНСКИЙ РАЙОН
447175,Выращивание одно- или двухлетних культур,false,,2336641000,883,2977421000,920,1388459000,846,5802156000,1031,4963347000,994,4270998000,957,3,"Растениеводство и животноводство, охота и предоставление услуг в этих областях",ПАВЛОДАРСКАЯ ОБЛАСТЬ,ЩЕРБАКТИНСКИЙ РАЙОН
447176,"Выращивание зерновых (кроме риса), бобовых и масличных культур",false,,1968393000,883,2977421000,920,1333114000,846,5399864000,1031,4353241000,994,3923697000,957,4,Выращивание одно- или двухлетних культур,ПАВЛОДАРСКАЯ ОБЛАСТЬ,ЩЕРБАКТИНСКИЙ РАЙОН
3783380,"Выращивание зерновых и зернобобовых культур, включая семеноводство",true,,1882061000,883,2839236000,920,1333114000,846,5295480000,1031,4326870000,994,3691925000,957,5,"Выращивание зерновых (кроме риса), бобовых и масличных культур",ПАВЛОДАРСКАЯ ОБЛАСТЬ,ЩЕРБАКТИНСКИЙ РАЙОН
447178,Выращивание масличных культур и их семян,true,,86332000,883,138185000,920,,,104384000,1031,x,994,231772000,957,5,"Выращивание зерновых (кроме риса), бобовых и масличных культур",ПАВЛОДАРСКАЯ ОБЛАСТЬ,ЩЕРБАКТИНСКИЙ РАЙОН
447192,Выращивание прочих одно- или двухлетних культур,false,,368248000,883,,,55345000,846,402292000,1031,610106000,994,347301000,957,4,Выращивание одно- или двухлетних культур,ПАВЛОДАРСКАЯ ОБЛАСТЬ,ЩЕРБАКТИНСКИЙ РАЙОН
447193,Выращивание кормовых культур и их семян,true,,298508000,883,,,55345000,846,401972000,1031,560106000,994,347301000,957,5,Выращивание прочих одно- или двухлетних культур,ПАВЛОДАРСКАЯ ОБЛАСТЬ,ЩЕРБАКТИНСКИЙ РАЙОН
447195,"Выращивание прочих одно- или двухлетних культур, не включенных в другие группировки",true,,69740000,883,,,,,320000,1031,50000000,994,,,5,Выращивание прочих одно- или двухлетних культур,ПАВЛОДАРСКАЯ ОБЛАСТЬ,ЩЕРБАКТИНСКИЙ РАЙОН
447218,Животноводство,false,,1510767000,883,2453769000,920,901607000,846,4859675000,1031,6023221000,994,3496171000,957,3,"Растениеводство и животноводство, охота и предоставление услуг в этих областях",ПАВЛОДАРСКАЯ ОБЛАСТЬ,ЩЕРБАКТИНСКИЙ РАЙОН
447219,Разведение крупного рогатого скота молочного направления,false,,837623000,883,1375967000,920,,,2530528000,1031,4643269000,994,2682250000,957,4,Животноводство,ПАВЛОДАРСКАЯ ОБЛАСТЬ,ЩЕРБАКТИНСКИЙ РАЙОН
447220,Разведение крупного рогатого скота молочного направления,true,,837623000,883,1375967000,920,,,2530528000,1031,4643269000,994,2682250000,957,5,Разведение крупного рогатого скота молочного направления,ПАВЛОДАРСКАЯ ОБЛАСТЬ,ЩЕРБАКТИНСКИЙ РАЙОН
447221,Разведение прочего крупного рогатого скота и буйволов,false,,273144000,883,975168000,920,901607000,846,1225797000,1031,1066982000,994,411887000,957,4,Животноводство,ПАВЛОДАРСКАЯ ОБЛАСТЬ,ЩЕРБАКТИНСКИЙ РАЙОН
447222,Разведение прочего крупного рогатого скота и буйволов,true,,273144000,883,975168000,920,901607000,846,1225797000,1031,1066982000,994,411887000,957,5,Разведение прочего крупного рогатого скота и буйволов,ПАВЛОДАРСКАЯ ОБЛАСТЬ,ЩЕРБАКТИНСКИЙ РАЙОН
447223,Разведение лошадей и прочих животных семейства лошадиных,false,,,,,,,,810000000,1031,49970000,994,118934000,957,4,Животноводство,ПАВЛОДАРСКАЯ ОБЛАСТЬ,ЩЕРБАКТИНСКИЙ РАЙОН
447224,Разведение лошадей,true,,,,,,,,810000000,1031,49970000,994,118934000,957,5,Разведение лошадей и прочих животных семейства лошадиных,ПАВЛОДАРСКАЯ ОБЛАСТЬ,ЩЕРБАКТИНСКИЙ РАЙОН
447228,Разведение овец и коз,false,,x,883,102634000,920,,,,,230000000,994,277250000,957,4,Животноводство,ПАВЛОДАРСКАЯ ОБЛАСТЬ,ЩЕРБАКТИНСКИЙ РАЙОН
447229,Разведение овец и коз,true,,x,883,102634000,920,,,,,230000000,994,277250000,957,5,Разведение овец и коз,ПАВЛОДАРСКАЯ ОБЛАСТЬ,ЩЕРБАКТИНСКИЙ РАЙОН
447237,Разведение прочих видов животных,false,,,,,,,,293350000,1031,33000000,994,5850000,957,4,Животноводство,ПАВЛОДАРСКАЯ ОБЛАСТЬ,ЩЕРБАКТИНСКИЙ РАЙОН
447238,Разведение прочих видов животных,true,,,,,,,,293350000,1031,33000000,994,5850000,957,5,Разведение прочих видов животных,ПАВЛОДАРСКАЯ ОБЛАСТЬ,ЩЕРБАКТИНСКИЙ РАЙОН
447239,Смешанное сельское хозяйство,false,,66255000,883,241161000,920,184607000,846,228000000,1031,425174000,994,228076000,957,3,"Растениеводство и животноводство, охота и предоставление услуг в этих областях",ПАВЛОДАРСКАЯ ОБЛАСТЬ,ЩЕРБАКТИНСКИЙ РАЙОН
447240,Смешанное сельское хозяйство,false,,66255000,883,241161000,920,184607000,846,228000000,1031,425174000,994,228076000,957,4,Смешанное сельское хозяйство,ПАВЛОДАРСКАЯ ОБЛАСТЬ,ЩЕРБАКТИНСКИЙ РАЙОН
447241,Смешанное сельское хозяйство,true,,66255000,883,241161000,920,184607000,846,228000000,1031,425174000,994,228076000,957,5,Смешанное сельское хозяйство,ПАВЛОДАРСКАЯ ОБЛАСТЬ,ЩЕРБАКТИНСКИЙ РАЙОН
18683346,"Деятельность, способствующая выращиванию сельскохозяйственных культур и разведению животных и деятельность по обработке урожая",false,,,,,,,,48993000,1031,50330000,994,123399000,957,3,"Растениеводство и животноводство, охота и предоставление услуг в этих областях",ПАВЛОДАРСКАЯ ОБЛАСТЬ,ЩЕРБАКТИНСКИЙ РАЙОН
18683347,"Деятельность, способствующая растениеводству",false,,,,,,,,20703000,1031,,,,,4,"Деятельность, способствующая выращиванию сельскохозяйственных культур и разведению животных и деятельность по обработке урожая",ПАВЛОДАРСКАЯ ОБЛАСТЬ,ЩЕРБАКТИНСКИЙ РАЙОН
18683348,"Деятельность, способствующая растениеводству, кроме эксплуатации оросительных систем",true,,,,,,,,20703000,1031,,,,,5,"Деятельность, способствующая растениеводству",ПАВЛОДАРСКАЯ ОБЛАСТЬ,ЩЕРБАКТИНСКИЙ РАЙОН
18683350,"Деятельность, способствующая животноводству",false,,,,,,,,28290000,1031,50330000,994,123399000,957,4,"Деятельность, способствующая выращиванию сельскохозяйственных культур и разведению животных и деятельность по обработке урожая",ПАВЛОДАРСКАЯ ОБЛАСТЬ,ЩЕРБАКТИНСКИЙ РАЙОН
18683351,"Деятельность, способствующая животноводству",true,,,,,,,,28290000,1031,50330000,994,123399000,957,5,"Деятельность, способствующая животноводству",ПАВЛОДАРСКАЯ ОБЛАСТЬ,ЩЕРБАКТИНСКИЙ РАЙОН
448148,Строительство,false,,670000,883,,,5000000,846,,,x,994,,,1,Всего,ПАВЛОДАРСКАЯ ОБЛАСТЬ,ЩЕРБАКТИНСКИЙ РАЙОН
448177,Специализированные строительные работы,false,,670000,883,,,5000000,846,,,x,994,,,2,Строительство,ПАВЛОДАРСКАЯ ОБЛАСТЬ,ЩЕРБАКТИНСКИЙ РАЙОН
448207,Прочие специализированные строительные работы,false,,670000,883,,,5000000,846,,,x,994,,,3,Специализированные строительные работы,ПАВЛОДАРСКАЯ ОБЛАСТЬ,ЩЕРБАКТИНСКИЙ РАЙОН
448210,"Прочие специализированные строительные работы, не включенные в другие группировки",false,,670000,883,,,5000000,846,,,x,994,,,4,Прочие специализированные строительные работы,ПАВЛОДАРСКАЯ ОБЛАСТЬ,ЩЕРБАКТИНСКИЙ РАЙОН
448214,"Прочие строительные работы, требующие специальной квалификации",true,,670000,883,,,5000000,846,,,x,994,,,5,"Прочие специализированные строительные работы, не включенные в другие группировки",ПАВЛОДАРСКАЯ ОБЛАСТЬ,ЩЕРБАКТИНСКИЙ РАЙОН
448215,Оптовая и розничная торговля; ремонт автомобилей и мотоциклов,false,,,,303593000,920,x,846,127607000,1031,31397000,994,,,1,Всего,ПАВЛОДАРСКАЯ ОБЛАСТЬ,ЩЕРБАКТИНСКИЙ РАЙОН
448216,Оптовая и розничная торговля автомобилями и мотоциклами и их ремонт,false,,,,3593000,920,,,,,,,,,2,Оптовая и розничная торговля; ремонт автомобилей и мотоциклов,ПАВЛОДАРСКАЯ ОБЛАСТЬ,ЩЕРБАКТИНСКИЙ РАЙОН
448224,Техническое обслуживание и ремонт автомобилей,false,,,,3593000,920,,,,,,,,,3,Оптовая и розничная торговля автомобилями и мотоциклами и их ремонт,ПАВЛОДАРСКАЯ ОБЛАСТЬ,ЩЕРБАКТИНСКИЙ РАЙОН
448225,Техническое обслуживание и ремонт автомобилей,false,,,,3593000,920,,,,,,,,,4,Техническое обслуживание и ремонт автомобилей,ПАВЛОДАРСКАЯ ОБЛАСТЬ,ЩЕРБАКТИНСКИЙ РАЙОН
20575904,"Техническое обслуживание и ремонт автомобилей, за исключением произведенных станциями технического обслуживания, находящимися на придорожной полосе",true,,,,3593000,920,,,,,,,,,5,Техническое обслуживание и ремонт автомобилей,ПАВЛОДАРСКАЯ ОБЛАСТЬ,ЩЕРБАКТИНСКИЙ РАЙОН
448237,"Оптовая торговля, за исключением торговли автомобилями и мотоциклами",false,,,,300000000,920,,,12514000,1031,x,994,,,2,Оптовая и розничная торговля; ремонт автомобилей и мотоциклов,ПАВЛОДАРСКАЯ ОБЛАСТЬ,ЩЕРБАКТИНСКИЙ РАЙОН
448267,"Оптовая торговля продуктами питания, напитками и табачными изделиями",false,,,,,,,,8577000,1031,,,,,3,"Оптовая торговля, за исключением торговли автомобилями и мотоциклами",ПАВЛОДАРСКАЯ ОБЛАСТЬ,ЩЕРБАКТИНСКИЙ РАЙОН
448272,"Оптовая торговля молочными продуктами, яйцами и пищевыми маслами и жирами",false,,,,,,,,8577000,1031,,,,,4,"Оптовая торговля продуктами питания, напитками и табачными изделиями",ПАВЛОДАРСКАЯ ОБЛАСТЬ,ЩЕРБАКТИНСКИЙ РАЙОН
448273,"Оптовая торговля молочными продуктами, яйцами и пищевыми маслами и жирами",true,,,,,,,,8577000,1031,,,,,5,"Оптовая торговля молочными продуктами, яйцами и пищевыми маслами и жирами",ПАВЛОДАРСКАЯ ОБЛАСТЬ,ЩЕРБАКТИНСКИЙ РАЙОН
448311,Оптовая торговля компьютерами и коммуникационным оборудованием,false,,,,,,,,x,1031,x,994,,,3,"Оптовая торговля, за исключением торговли автомобилями и мотоциклами",ПАВЛОДАРСКАЯ ОБЛАСТЬ,ЩЕРБАКТИНСКИЙ РАЙОН
448312,"Оптовая торговля компьютерами, периферийным компьютерным оборудованием и программным обеспечением",false,,,,,,,,x,1031,x,994,,,4,Оптовая торговля компьютерами и коммуникационным оборудованием,ПАВЛОДАРСКАЯ ОБЛАСТЬ,ЩЕРБАКТИНСКИЙ РАЙОН
448313,"Оптовая торговля компьютерами, периферийным компьютерным оборудованием и программным обеспечением",true,,,,,,,,x,1031,x,994,,,5,"Оптовая торговля компьютерами, периферийным компьютерным оборудованием и программным обеспечением",ПАВЛОДАРСКАЯ ОБЛАСТЬ,ЩЕРБАКТИНСКИЙ РАЙОН
448371,Неспециализированная оптовая торговля,false,,,,300000000,920,,,,,,,,,3,"Оптовая торговля, за исключением торговли автомобилями и мотоциклами",ПАВЛОДАРСКАЯ ОБЛАСТЬ,ЩЕРБАКТИНСКИЙ РАЙОН
448372,Неспециализированная оптовая торговля,false,,,,300000000,920,,,,,,,,,4,Неспециализированная оптовая торговля,ПАВЛОДАРСКАЯ ОБЛАСТЬ,ЩЕРБАКТИНСКИЙ РАЙОН
448376,Оптовая торговля широким ассортиментом товаров без какой-либо конкретизации,true,,,,300000000,920,,,,,,,,,5,Неспециализированная оптовая торговля,ПАВЛОДАРСКАЯ ОБЛАСТЬ,ЩЕРБАКТИНСКИЙ РАЙОН
448377,"Розничная торговля, кроме торговли автомобилями и мотоциклами",false,,,,,,x,846,115093000,1031,25827000,994,,,2,Оптовая и розничная торговля; ремонт автомобилей и мотоциклов,ПАВЛОДАРСКАЯ ОБЛАСТЬ,ЩЕРБАКТИНСКИЙ РАЙОН
448378,Розничная торговля в неспециализированных магазинах,false,,,,,,,,,,25000000,994,,,3,"Розничная торговля, кроме торговли автомобилями и мотоциклами",ПАВЛОДАРСКАЯ ОБЛАСТЬ,ЩЕРБАКТИНСКИЙ РАЙОН
448381,Прочая розничная торговля в неспециализированных магазинах,false,,,,,,,,,,25000000,994,,,4,Розничная торговля в неспециализированных магазинах,ПАВЛОДАРСКАЯ ОБЛАСТЬ,ЩЕРБАКТИНСКИЙ РАЙОН
3647936,"Прочая розничная торговля в неспециализированных магазинах, являющихся торговыми объектами, с торговой площадью менее 2000 кв.м ",true,,,,,,,,,,25000000,994,,,5,Прочая розничная торговля в неспециализированных магазинах,ПАВЛОДАРСКАЯ ОБЛАСТЬ,ЩЕРБАКТИНСКИЙ РАЙОН
448399,Розничная торговля топливом в специализированных магазинах,false,,,,,,x,846,x,1031,827000,994,,,3,"Розничная торговля, кроме торговли автомобилями и мотоциклами",ПАВЛОДАРСКАЯ ОБЛАСТЬ,ЩЕРБАКТИНСКИЙ РАЙОН
448400,Розничная торговля топливом в специализированных магазинах,false,,,,,,x,846,x,1031,827000,994,,,4,Розничная торговля топливом в специализированных магазинах,ПАВЛОДАРСКАЯ ОБЛАСТЬ,ЩЕРБАКТИНСКИЙ РАЙОН
20576124,"Розничная торговля моторным топливом в специализированных магазинах, за исключением находящихся на придорожной полосе",true,,,,,,,,x,1031,827000,994,,,5,Розничная торговля топливом в специализированных магазинах,ПАВЛОДАРСКАЯ ОБЛАСТЬ,ЩЕРБАКТИНСКИЙ РАЙОН
18951442,Розничная торговля моторным топливом в специализированных магазинах,true,,,,,,x,846,,,,,,,5,Розничная торговля топливом в специализированных магазинах,ПАВЛОДАРСКАЯ ОБЛАСТЬ,ЩЕРБАКТИНСКИЙ РАЙОН
448433,Розничная торговля прочими товарами в специализированных магазинах,false,,,,,,,,115000000,1031,,,,,3,"Розничная торговля, кроме торговли автомобилями и мотоциклами",ПАВЛОДАРСКАЯ ОБЛАСТЬ,ЩЕРБАКТИНСКИЙ РАЙОН
448452,Прочая розничная торговля новыми товарами в специализированных магазинах,false,,,,,,,,115000000,1031,,,,,4,Розничная торговля прочими товарами в специализированных магазинах,ПАВЛОДАРСКАЯ ОБЛАСТЬ,ЩЕРБАКТИНСКИЙ РАЙОН
448455,"Прочая розничная торговля в специализированных магазинах, являющихся торговыми объектами, с торговой площадью менее 2000 кв.м",true,,,,,,,,115000000,1031,,,,,5,Прочая розничная торговля новыми товарами в специализированных магазинах,ПАВЛОДАРСКАЯ ОБЛАСТЬ,ЩЕРБАКТИНСКИЙ РАЙОН
448475,Транспорт и складирование,false,,810794000,883,1328811000,920,1468486000,846,3030542000,1031,1380109000,994,2100270000,957,1,Всего,ПАВЛОДАРСКАЯ ОБЛАСТЬ,ЩЕРБАКТИНСКИЙ РАЙОН
448476,Деятельность сухопутного и трубопроводного транспорта ,false,,,,,,27110000,846,,,,,,,2,Транспорт и складирование,ПАВЛОДАРСКАЯ ОБЛАСТЬ,ЩЕРБАКТИНСКИЙ РАЙОН
448494,Деятельность грузового автомобильного транспорта и предоставление услуг по переезду ,false,,,,,,27110000,846,,,,,,,3,Деятельность сухопутного и трубопроводного транспорта ,ПАВЛОДАРСКАЯ ОБЛАСТЬ,ЩЕРБАКТИНСКИЙ РАЙОН
448495,Деятельность грузового автомобильного транспорта,false,,,,,,27110000,846,,,,,,,4,Деятельность грузового автомобильного транспорта и предоставление услуг по переезду ,ПАВЛОДАРСКАЯ ОБЛАСТЬ,ЩЕРБАКТИНСКИЙ РАЙОН
448496,Деятельность грузового автомобильного транспорта,true,,,,,,27110000,846,,,,,,,5,Деятельность грузового автомобильного транспорта,ПАВЛОДАРСКАЯ ОБЛАСТЬ,ЩЕРБАКТИНСКИЙ РАЙОН
448527,Складирование грузов и вспомогательная транспортная деятельность,false,,810794000,883,1328811000,920,1441376000,846,3030542000,1031,1380109000,994,2100270000,957,2,Транспорт и складирование,ПАВЛОДАРСКАЯ ОБЛАСТЬ,ЩЕРБАКТИНСКИЙ РАЙОН
448528,Складирование и хранение грузов,false,,89450000,883,1051517000,920,387089000,846,377652000,1031,792092000,994,865794000,957,3,Складирование грузов и вспомогательная транспортная деятельность,ПАВЛОДАРСКАЯ ОБЛАСТЬ,ЩЕРБАКТИНСКИЙ РАЙОН
448529,Складирование и хранение грузов,false,,89450000,883,1051517000,920,387089000,846,377652000,1031,792092000,994,865794000,957,4,Складирование и хранение грузов,ПАВЛОДАРСКАЯ ОБЛАСТЬ,ЩЕРБАКТИНСКИЙ РАЙОН
448530,Складирование и хранение зерна,true,,,,1015833000,920,373069000,846,309000000,1031,790680000,994,742202000,957,5,Складирование и хранение грузов,ПАВЛОДАРСКАЯ ОБЛАСТЬ,ЩЕРБАКТИНСКИЙ РАЙОН
448531,"Складирование и хранение непродовольственных товаров, кроме зерна и нефти",true,,,,,,,,,,1412000,994,123017000,957,5,Складирование и хранение грузов,ПАВЛОДАРСКАЯ ОБЛАСТЬ,ЩЕРБАКТИНСКИЙ РАЙОН
20576307,"Складирование и хранение продовольственных товаров, кроме овощей и фруктов",true,,88581000,883,,,,,,,,,,,5,Складирование и хранение грузов,ПАВЛОДАРСКАЯ ОБЛАСТЬ,ЩЕРБАКТИНСКИЙ РАЙОН
448532,Складирование и хранение продовольственных товаров,true,,,,,,14020000,846,,,,,,,5,Складирование и хранение грузов,ПАВЛОДАРСКАЯ ОБЛАСТЬ,ЩЕРБАКТИНСКИЙ РАЙОН
20576309,Складирование и хранение овощей и фруктов,true,,869000,883,35684000,920,,,,,,,575000,957,5,Складирование и хранение грузов,ПАВЛОДАРСКАЯ ОБЛАСТЬ,ЩЕРБАКТИНСКИЙ РАЙОН
448533,Вспомогательная транспортная деятельность,false,,721344000,883,277294000,920,1054287000,846,2652890000,1031,588017000,994,1234476000,957,3,Складирование грузов и вспомогательная транспортная деятельность,ПАВЛОДАРСКАЯ ОБЛАСТЬ,ЩЕРБАКТИНСКИЙ РАЙОН
448534,Вспомогательная деятельность сухопутного транспорта,false,,721344000,883,277294000,920,1054225000,846,2652890000,1031,588017000,994,1234476000,957,4,Вспомогательная транспортная деятельность,ПАВЛОДАРСКАЯ ОБЛАСТЬ,ЩЕРБАКТИНСКИЙ РАЙОН
448535,Эксплуатация железных дорог,true,,x,883,42168000,920,,,,,x,994,x,957,5,Вспомогательная деятельность сухопутного транспорта,ПАВЛОДАРСКАЯ ОБЛАСТЬ,ЩЕРБАКТИНСКИЙ РАЙОН
448536,Эксплуатация автомобильных дорог,true,,9344000,883,28593000,920,1054225000,846,2581083000,1031,,,,,5,Вспомогательная деятельность сухопутного транспорта,ПАВЛОДАРСКАЯ ОБЛАСТЬ,ЩЕРБАКТИНСКИЙ РАЙОН
448538,Деятельность автомобильных стоянок,true,,500000000,883,206533000,920,,,71807000,1031,88017000,994,147823000,957,5,Вспомогательная деятельность сухопутного транспорта,ПАВЛОДАРСКАЯ ОБЛАСТЬ,ЩЕРБАКТИНСКИЙ РАЙОН
448545,Транспортная обработка грузов,false,,,,,,x,846,,,,,,,4,Вспомогательная транспортная деятельность,ПАВЛОДАРСКАЯ ОБЛАСТЬ,ЩЕРБАКТИНСКИЙ РАЙОН
448546,Транспортная обработка грузов,true,,,,,,x,846,,,,,,,5,Транспортная обработка грузов,ПАВЛОДАРСКАЯ ОБЛАСТЬ,ЩЕРБАКТИНСКИЙ РАЙОН
448585,Информация и связь,false,,,,,,,,226307000,1031,,,22817000,957,1,Всего,ПАВЛОДАРСКАЯ ОБЛАСТЬ,ЩЕРБАКТИНСКИЙ РАЙОН
448623,Телекоммуникации,false,,,,,,,,226307000,1031,,,22817000,957,2,Информация и связь,ПАВЛОДАРСКАЯ ОБЛАСТЬ,ЩЕРБАКТИНСКИЙ РАЙОН
18696628,Проводная телекоммуникационная связь,false,,,,,,,,x,1031,,,,,3,Телекоммуникации,ПАВЛОДАРСКАЯ ОБЛАСТЬ,ЩЕРБАКТИНСКИЙ РАЙОН
18696629,Проводная телекоммуникационная связь,false,,,,,,,,x,1031,,,,,4,Проводная телекоммуникационная связь,ПАВЛОДАРСКАЯ ОБЛАСТЬ,ЩЕРБАКТИНСКИЙ РАЙОН
18946146,Прочая проводная телекоммуникационная связь,true,,,,,,,,x,1031,,,,,5,Проводная телекоммуникационная связь,ПАВЛОДАРСКАЯ ОБЛАСТЬ,ЩЕРБАКТИНСКИЙ РАЙОН
448627,Беспроводная телекоммуникационная связь,false,,,,,,,,15917000,1031,,,22817000,957,3,Телекоммуникации,ПАВЛОДАРСКАЯ ОБЛАСТЬ,ЩЕРБАКТИНСКИЙ РАЙОН
448628,Беспроводная телекоммуникационная связь,false,,,,,,,,15917000,1031,,,22817000,957,4,Беспроводная телекоммуникационная связь,ПАВЛОДАРСКАЯ ОБЛАСТЬ,ЩЕРБАКТИНСКИЙ РАЙОН
18946147,Беспроводная телекоммуникационная связь посредством единой транспортной среды,true,,,,,,,,,,,,17512000,957,5,Беспроводная телекоммуникационная связь,ПАВЛОДАРСКАЯ ОБЛАСТЬ,ЩЕРБАКТИНСКИЙ РАЙОН
18946149,Прочая беспроводная телекоммуникационная связь,true,,,,,,,,15917000,1031,,,x,957,5,Беспроводная телекоммуникационная связь,ПАВЛОДАРСКАЯ ОБЛАСТЬ,ЩЕРБАКТИНСКИЙ РАЙОН
448714,Операции с недвижимым имуществом,false,,506385000,883,417992000,920,178590000,846,574523000,1031,554106000,994,484760000,957,1,Всего,ПАВЛОДАРСКАЯ ОБЛАСТЬ,ЩЕРБАКТИНСКИЙ РАЙОН
448715,Операции с недвижимым имуществом,false,,506385000,883,417992000,920,178590000,846,574523000,1031,554106000,994,484760000,957,2,Операции с недвижимым имуществом,ПАВЛОДАРСКАЯ ОБЛАСТЬ,ЩЕРБАКТИНСКИЙ РАЙОН
448716,Покупка и продажа собственного недвижимого имущества ,false,,506385000,883,417992000,920,178390000,846,574523000,1031,504106000,994,484760000,957,3,Операции с недвижимым имуществом,ПАВЛОДАРСКАЯ ОБЛАСТЬ,ЩЕРБАКТИНСКИЙ РАЙОН
448717,Покупка и продажа собственного недвижимого имущества ,false,,506385000,883,417992000,920,178390000,846,574523000,1031,504106000,994,484760000,957,4,Покупка и продажа собственного недвижимого имущества ,ПАВЛОДАРСКАЯ ОБЛАСТЬ,ЩЕРБАКТИНСКИЙ РАЙОН
543091,Покупка и продажа многоквартирных и жилых домов (особняков),true,,506385000,883,417992000,920,178390000,846,574523000,1031,482606000,994,484760000,957,5,Покупка и продажа собственного недвижимого имущества ,ПАВЛОДАРСКАЯ ОБЛАСТЬ,ЩЕРБАКТИНСКИЙ РАЙОН
543092,Покупка и продажа прочей недвижимости,true,,,,,,,,,,21500000,994,,,5,Покупка и продажа собственного недвижимого имущества ,ПАВЛОДАРСКАЯ ОБЛАСТЬ,ЩЕРБАКТИНСКИЙ РАЙОН
448719,Аренда и управление собственной или арендуемой недвижимостью,false,,,,,,x,846,,,50000000,994,,,3,Операции с недвижимым имуществом,ПАВЛОДАРСКАЯ ОБЛАСТЬ,ЩЕРБАКТИНСКИЙ РАЙОН
448720,Аренда и управление собственной или арендуемой недвижимостью,false,,,,,,x,846,,,50000000,994,,,4,Аренда и управление собственной или арендуемой недвижимостью,ПАВЛОДАРСКАЯ ОБЛАСТЬ,ЩЕРБАКТИНСКИЙ РАЙОН
18951451,Аренда (субаренда) и эксплуатация арендуемой недвижимости,true,,,,,,x,846,,,50000000,994,,,5,Аренда и управление собственной или арендуемой недвижимостью,ПАВЛОДАРСКАЯ ОБЛАСТЬ,ЩЕРБАКТИНСКИЙ РАЙОН
448797,Деятельность в области административного и вспомогательного обслуживания,false,,,,1382000,920,1222000,846,16535000,1031,34608000,994,12895000,957,1,Всего,ПАВЛОДАРСКАЯ ОБЛАСТЬ,ЩЕРБАКТИНСКИЙ РАЙОН
448856,Деятельность по обслуживанию зданий и благоустройству территорий,false,,,,1382000,920,1222000,846,16535000,1031,34608000,994,12895000,957,2,Деятельность в области административного и вспомогательного обслуживания,ПАВЛОДАРСКАЯ ОБЛАСТЬ,ЩЕРБАКТИНСКИЙ РАЙОН
448867,Деятельность по благоустройству территорий,false,,,,1382000,920,1222000,846,16535000,1031,34608000,994,12895000,957,3,Деятельность по обслуживанию зданий и благоустройству территорий,ПАВЛОДАРСКАЯ ОБЛАСТЬ,ЩЕРБАКТИНСКИЙ РАЙОН
448868,Деятельность по благоустройству территорий,false,,,,1382000,920,1222000,846,16535000,1031,34608000,994,12895000,957,4,Деятельность по благоустройству территорий,ПАВЛОДАРСКАЯ ОБЛАСТЬ,ЩЕРБАКТИНСКИЙ РАЙОН
448869,Деятельность по благоустройству территорий,true,,,,1382000,920,1222000,846,16535000,1031,34608000,994,12895000,957,5,Деятельность по благоустройству территорий,ПАВЛОДАРСКАЯ ОБЛАСТЬ,ЩЕРБАКТИНСКИЙ РАЙОН
448889,Государственное управление и оборона; обязательное  социальное обеспечение,false,,64112000,883,2320000,920,17945000,846,1598125000,1031,8625000,994,470829000,957,1,Всего,ПАВЛОДАРСКАЯ ОБЛАСТЬ,ЩЕРБАКТИНСКИЙ РАЙОН
448890,Государственное управление и оборона; обязательное социальное обеспечение,false,,64112000,883,2320000,920,17945000,846,1598125000,1031,8625000,994,470829000,957,2,Государственное управление и оборона; обязательное  социальное обеспечение,ПАВЛОДАРСКАЯ ОБЛАСТЬ,ЩЕРБАКТИНСКИЙ РАЙОН
448891,Государственное управление общего характера и управление социально-экономическое политикой общества,false,,64112000,883,2320000,920,17945000,846,45072000,1031,8625000,994,,,3,Государственное управление и оборона; обязательное социальное обеспечение,ПАВЛОДАРСКАЯ ОБЛАСТЬ,ЩЕРБАКТИНСКИЙ РАЙОН
448892,Государственное управление общего характера,false,,8260000,883,2320000,920,7075000,846,44643000,1031,7931000,994,,,4,Государственное управление общего характера и управление социально-экономическое политикой общества,ПАВЛОДАРСКАЯ ОБЛАСТЬ,ЩЕРБАКТИНСКИЙ РАЙОН
448895,Деятельность местных органов управления,true,,2342000,883,1153000,920,3476000,846,44435000,1031,4654000,994,,,5,Государственное управление общего характера,ПАВЛОДАРСКАЯ ОБЛАСТЬ,ЩЕРБАКТИНСКИЙ РАЙОН
448896,Деятельность сельских и поселковых органов управления,true,,5918000,883,1167000,920,3599000,846,208000,1031,3277000,994,,,5,Государственное управление общего характера,ПАВЛОДАРСКАЯ ОБЛАСТЬ,ЩЕРБАКТИНСКИЙ РАЙОН
448900,"Регулирование деятельности учреждений здравоохранения, образования, культуры и других социальных услуг, кроме социального обеспечения ",false,,55852000,883,,,10674000,846,429000,1031,694000,994,,,4,Государственное управление общего характера и управление социально-экономическое политикой общества,ПАВЛОДАРСКАЯ ОБЛАСТЬ,ЩЕРБАКТИНСКИЙ РАЙОН
448901,"Регулирование деятельности учреждений здравоохранения, образования, культуры и других социальных услуг, кроме социального обеспечения ",true,,55852000,883,,,10674000,846,429000,1031,694000,994,,,5,"Регулирование деятельности учреждений здравоохранения, образования, культуры и других социальных услуг, кроме социального обеспечения ",ПАВЛОДАРСКАЯ ОБЛАСТЬ,ЩЕРБАКТИНСКИЙ РАЙОН
448902,Регулирование и содействие эффективному ведению экономической деятельности,false,,,,,,x,846,,,,,,,4,Государственное управление общего характера и управление социально-экономическое политикой общества,ПАВЛОДАРСКАЯ ОБЛАСТЬ,ЩЕРБАКТИНСКИЙ РАЙОН
448903,Регулирование и содействие эффективному ведению экономической деятельности,true,,,,,,x,846,,,,,,,5,Регулирование и содействие эффективному ведению экономической деятельности,ПАВЛОДАРСКАЯ ОБЛАСТЬ,ЩЕРБАКТИНСКИЙ РАЙОН
448904,Предоставление государством услуг обществу в целом,false,,,,,,,,1553053000,1031,,,470829000,957,3,Государственное управление и оборона; обязательное социальное обеспечение,ПАВЛОДАРСКАЯ ОБЛАСТЬ,ЩЕРБАКТИНСКИЙ РАЙОН
448911,Деятельность по обеспечению общественного порядка и безопасности,false,,,,,,,,1553053000,1031,,,470829000,957,4,Предоставление государством услуг обществу в целом,ПАВЛОДАРСКАЯ ОБЛАСТЬ,ЩЕРБАКТИНСКИЙ РАЙОН
448912,Деятельность по обеспечению общественного порядка и безопасности,true,,,,,,,,1553053000,1031,,,470829000,957,5,Деятельность по обеспечению общественного порядка и безопасности,ПАВЛОДАРСКАЯ ОБЛАСТЬ,ЩЕРБАКТИНСКИЙ РАЙОН
448918,Образование,false,,103825000,883,171920000,920,,,240371000,1031,390909000,994,436377000,957,1,Всего,ПАВЛОДАРСКАЯ ОБЛАСТЬ,ЩЕРБАКТИНСКИЙ РАЙОН
448919,Образование,false,,103825000,883,171920000,920,,,240371000,1031,390909000,994,436377000,957,2,Образование,ПАВЛОДАРСКАЯ ОБЛАСТЬ,ЩЕРБАКТИНСКИЙ РАЙОН
448920,Дошкольное образование,false,,6736000,883,,,,,,,,,,,3,Образование,ПАВЛОДАРСКАЯ ОБЛАСТЬ,ЩЕРБАКТИНСКИЙ РАЙОН
448921,Дошкольное образование,false,,6736000,883,,,,,,,,,,,4,Дошкольное образование,ПАВЛОДАРСКАЯ ОБЛАСТЬ,ЩЕРБАКТИНСКИЙ РАЙОН
448922,Дошкольное образование,true,,6736000,883,,,,,,,,,,,5,Дошкольное образование,ПАВЛОДАРСКАЯ ОБЛАСТЬ,ЩЕРБАКТИНСКИЙ РАЙОН
448923,Начальное образование (1-й уровень),false,,,,,,,,,,766000,994,160000,957,3,Образование,ПАВЛОДАРСКАЯ ОБЛАСТЬ,ЩЕРБАКТИНСКИЙ РАЙОН
448924,Начальное образование (1-й уровень),false,,,,,,,,,,766000,994,160000,957,4,Начальное образование (1-й уровень),ПАВЛОДАРСКАЯ ОБЛАСТЬ,ЩЕРБАКТИНСКИЙ РАЙОН
448925,Начальное образование (1-й уровень),true,,,,,,,,,,766000,994,160000,957,5,Начальное образование (1-й уровень),ПАВЛОДАРСКАЯ ОБЛАСТЬ,ЩЕРБАКТИНСКИЙ РАЙОН
448926,Среднее образование (2-й и 3-й уровни),false,,97089000,883,171920000,920,,,240371000,1031,390143000,994,436217000,957,3,Образование,ПАВЛОДАРСКАЯ ОБЛАСТЬ,ЩЕРБАКТИНСКИЙ РАЙОН
448927,Основное и общее среднее образование,false,,97089000,883,171920000,920,,,240371000,1031,390143000,994,436217000,957,4,Среднее образование (2-й и 3-й уровни),ПАВЛОДАРСКАЯ ОБЛАСТЬ,ЩЕРБАКТИНСКИЙ РАЙОН
448928,Основное и общее среднее образование,true,,97089000,883,171920000,920,,,240371000,1031,390143000,994,436217000,957,5,Основное и общее среднее образование,ПАВЛОДАРСКАЯ ОБЛАСТЬ,ЩЕРБАКТИНСКИЙ РАЙОН
448950,Здравоохранение и социальное обслуживание населения,false,,131374000,883,,,23991000,846,320983000,1031,130975000,994,134034000,957,1,Всего,ПАВЛОДАРСКАЯ ОБЛАСТЬ,ЩЕРБАКТИНСКИЙ РАЙОН
448951,Деятельность в области здравоохранения,false,,131374000,883,,,23991000,846,320983000,1031,130975000,994,134034000,957,2,Здравоохранение и социальное обслуживание населения,ПАВЛОДАРСКАЯ ОБЛАСТЬ,ЩЕРБАКТИНСКИЙ РАЙОН
448952,Деятельность больничных организаций,false,,131374000,883,,,x,846,199120000,1031,128021000,994,134034000,957,3,Деятельность в области здравоохранения,ПАВЛОДАРСКАЯ ОБЛАСТЬ,ЩЕРБАКТИНСКИЙ РАЙОН
448953,Деятельность больничных организаций,false,,131374000,883,,,x,846,199120000,1031,128021000,994,134034000,957,4,Деятельность больничных организаций,ПАВЛОДАРСКАЯ ОБЛАСТЬ,ЩЕРБАКТИНСКИЙ РАЙОН
448954,Деятельность больниц широкого профиля и специализированных больниц,true,,131374000,883,,,,,199120000,1031,128021000,994,134034000,957,5,Деятельность больничных организаций,ПАВЛОДАРСКАЯ ОБЛАСТЬ,ЩЕРБАКТИНСКИЙ РАЙОН
448958,"Деятельность других лечебных учреждений, имеющих стационары",true,,,,,,x,846,,,,,,,5,Деятельность больничных организаций,ПАВЛОДАРСКАЯ ОБЛАСТЬ,ЩЕРБАКТИНСКИЙ РАЙОН
448959,Деятельность в области врачебной практики и стоматологии,false,,,,,,x,846,121863000,1031,2954000,994,,,3,Деятельность в области здравоохранения,ПАВЛОДАРСКАЯ ОБЛАСТЬ,ЩЕРБАКТИНСКИЙ РАЙОН
448960,Общая врачебная практика,false,,,,,,,,121863000,1031,2954000,994,,,4,Деятельность в области врачебной практики и стоматологии,ПАВЛОДАРСКАЯ ОБЛАСТЬ,ЩЕРБАКТИНСКИЙ РАЙОН
448961,Общая врачебная практика,true,,,,,,,,121863000,1031,2954000,994,,,5,Общая врачебная практика,ПАВЛОДАРСКАЯ ОБЛАСТЬ,ЩЕРБАКТИНСКИЙ РАЙОН
448964,Стоматологическая деятельность,false,,,,,,x,846,,,,,,,4,Деятельность в области врачебной практики и стоматологии,ПАВЛОДАРСКАЯ ОБЛАСТЬ,ЩЕРБАКТИНСКИЙ РАЙОН
448965,Стоматологическая деятельность,true,,,,,,x,846,,,,,,,5,Стоматологическая деятельность,ПАВЛОДАРСКАЯ ОБЛАСТЬ,ЩЕРБАКТИНСКИЙ РАЙОН
448991,"Искусство, развлечения и отдых",false,,215688000,883,193346000,920,109500000,846,545565000,1031,598503000,994,286803000,957,1,Всего,ПАВЛОДАРСКАЯ ОБЛАСТЬ,ЩЕРБАКТИНСКИЙ РАЙОН
449004,"Деятельность библиотек, архивов, музеев и прочая деятельность в области культуры",false,,69808000,883,,,,,,,188000,994,11632000,957,2,"Искусство, развлечения и отдых",ПАВЛОДАРСКАЯ ОБЛАСТЬ,ЩЕРБАКТИНСКИЙ РАЙОН
449005,"Деятельность библиотек, архивов, музеев и прочая деятельность в области культуры",false,,69808000,883,,,,,,,188000,994,11632000,957,3,"Деятельность библиотек, архивов, музеев и прочая деятельность в области культуры",ПАВЛОДАРСКАЯ ОБЛАСТЬ,ЩЕРБАКТИНСКИЙ РАЙОН
449006,Деятельность библиотек и архивов,false,,69808000,883,,,,,,,,,,,4,"Деятельность библиотек, архивов, музеев и прочая деятельность в области культуры",ПАВЛОДАРСКАЯ ОБЛАСТЬ,ЩЕРБАКТИНСКИЙ РАЙОН
449008,"Библиотечная деятельность, включая деятельность читальных залов, лекториев, демонстрационных залов",true,,69808000,883,,,,,,,,,,,5,Деятельность библиотек и архивов,ПАВЛОДАРСКАЯ ОБЛАСТЬ,ЩЕРБАКТИНСКИЙ РАЙОН
449011,Деятельность музеев,false,,,,,,,,,,188000,994,11632000,957,4,"Деятельность библиотек, архивов, музеев и прочая деятельность в области культуры",ПАВЛОДАРСКАЯ ОБЛАСТЬ,ЩЕРБАКТИНСКИЙ РАЙОН
449012,Деятельность музеев,true,,,,,,,,,,188000,994,11632000,957,5,Деятельность музеев,ПАВЛОДАРСКАЯ ОБЛАСТЬ,ЩЕРБАКТИНСКИЙ РАЙОН
449022,"Деятельность в области спорта, организации отдыха и развлечений",false,,145880000,883,193346000,920,109500000,846,545565000,1031,598315000,994,275171000,957,2,"Искусство, развлечения и отдых",ПАВЛОДАРСКАЯ ОБЛАСТЬ,ЩЕРБАКТИНСКИЙ РАЙОН
449023,Деятельность в области спорта,false,,103386000,883,,,9500000,846,293264000,1031,539157000,994,65420000,957,3,"Деятельность в области спорта, организации отдыха и развлечений",ПАВЛОДАРСКАЯ ОБЛАСТЬ,ЩЕРБАКТИНСКИЙ РАЙОН
449024,Эксплуатация спортивных сооружений,false,,103386000,883,,,9500000,846,237152000,1031,522657000,994,65420000,957,4,Деятельность в области спорта,ПАВЛОДАРСКАЯ ОБЛАСТЬ,ЩЕРБАКТИНСКИЙ РАЙОН
449025,Эксплуатация спортивных сооружений,true,,103386000,883,,,9500000,846,237152000,1031,522657000,994,65420000,957,5,Эксплуатация спортивных сооружений,ПАВЛОДАРСКАЯ ОБЛАСТЬ,ЩЕРБАКТИНСКИЙ РАЙОН
449030,Прочая деятельность в области спорта,false,,,,,,,,56112000,1031,x,994,,,4,Деятельность в области спорта,ПАВЛОДАРСКАЯ ОБЛАСТЬ,ЩЕРБАКТИНСКИЙ РАЙОН
449031,Прочая деятельность в области спорта,true,,,,,,,,56112000,1031,x,994,,,5,Прочая деятельность в области спорта,ПАВЛОДАРСКАЯ ОБЛАСТЬ,ЩЕРБАКТИНСКИЙ РАЙОН
449032,Деятельность по организации отдыха и развлечений,false,,42494000,883,193346000,920,x,846,252301000,1031,59158000,994,209751000,957,3,"Деятельность в области спорта, организации отдыха и развлечений",ПАВЛОДАРСКАЯ ОБЛАСТЬ,ЩЕРБАКТИНСКИЙ РАЙОН
449035,Прочая деятельность по организации отдыха и развлечений,false,,42494000,883,193346000,920,x,846,252301000,1031,59158000,994,209751000,957,4,Деятельность по организации отдыха и развлечений,ПАВЛОДАРСКАЯ ОБЛАСТЬ,ЩЕРБАКТИНСКИЙ РАЙОН
449039,Прочие виды деятельности по организации отдыха и развлечений,true,,42494000,883,193346000,920,x,846,252301000,1031,59158000,994,209751000,957,5,Прочая деятельность по организации отдыха и развлечений,ПАВЛОДАРСКАЯ ОБЛАСТЬ,ЩЕРБАКТИНСКИЙ РАЙОН
449040,Предоставление прочих видов услуг,false,,,,,,,,,,x,994,,,1,Всего,ПАВЛОДАРСКАЯ ОБЛАСТЬ,ЩЕРБАКТИНСКИЙ РАЙОН
449041,Деятельность общественных объединений (организаций),false,,,,,,,,,,x,994,,,2,Предоставление прочих видов услуг,ПАВЛОДАРСКАЯ ОБЛАСТЬ,ЩЕРБАКТИНСКИЙ РАЙОН
449050,Деятельность прочих общественных  объединений,false,,,,,,,,,,x,994,,,3,Деятельность общественных объединений (организаций),ПАВЛОДАРСКАЯ ОБЛАСТЬ,ЩЕРБАКТИНСКИЙ РАЙОН
449051,Деятельность религиозных организаций,false,,,,,,,,,,x,994,,,4,Деятельность прочих общественных  объединений,ПАВЛОДАРСКАЯ ОБЛАСТЬ,ЩЕРБАКТИНСКИЙ РАЙОН
449052,Деятельность религиозных организаций,true,,,,,,,,,,x,994,,,5,Деятельность религиозных организаций,ПАВЛОДАРСКАЯ ОБЛАСТЬ,ЩЕРБАКТИНСКИЙ РАЙОН
741340,Промышленность,false,,1644593000,883,246473000,920,1638968000,846,317309000,1031,2181159000,994,1933747000,957,1,Всего,ПАВЛОДАРСКАЯ ОБЛАСТЬ,ЩЕРБАКТИНСКИЙ РАЙОН
447346,Обрабатывающая промышленность,false,,,,,,4500000,846,x,1031,x,994,x,957,2,Промышленность,ПАВЛОДАРСКАЯ ОБЛАСТЬ,ЩЕРБАКТИНСКИЙ РАЙОН
447347,Производство продуктов питания,false,,,,,,4500000,846,x,1031,x,994,x,957,3,Обрабатывающая промышленность,ПАВЛОДАРСКАЯ ОБЛАСТЬ,ЩЕРБАКТИНСКИЙ РАЙОН
447365,Производство растительных и животных масел и жиров,false,,,,,,,,x,1031,x,994,x,957,4,Производство продуктов питания,ПАВЛОДАРСКАЯ ОБЛАСТЬ,ЩЕРБАКТИНСКИЙ РАЙОН
447366,Производство масел и жиров,false,,,,,,,,x,1031,x,994,x,957,5,Производство растительных и животных масел и жиров,ПАВЛОДАРСКАЯ ОБЛАСТЬ,ЩЕРБАКТИНСКИЙ РАЙОН
447384,"Производство  хлебобулочных, макаронных и мучных кондитерских изделий",false,,,,,,4500000,846,,,,,,,4,Производство продуктов питания,ПАВЛОДАРСКАЯ ОБЛАСТЬ,ЩЕРБАКТИНСКИЙ РАЙОН
447385,Производство хлебобулочных и мучных кондитерских изделий недлительного хранения,false,,,,,,4500000,846,,,,,,,5,"Производство  хлебобулочных, макаронных и мучных кондитерских изделий",ПАВЛОДАРСКАЯ ОБЛАСТЬ,ЩЕРБАКТИНСКИЙ РАЙОН
448090,"Снабжение электроэнергией, газом, паром, горячей водой и кондиционированным воздухом",false,,87055000,883,97324000,920,28304000,846,116711000,1031,138963000,994,90701000,957,2,Промышленность,ПАВЛОДАРСКАЯ ОБЛАСТЬ,ЩЕРБАКТИНСКИЙ РАЙОН
448091,"Снабжение электроэнергией, газом, паром, горячей водой и кондиционированным воздухом",false,,87055000,883,97324000,920,28304000,846,116711000,1031,138963000,994,90701000,957,3,"Снабжение электроэнергией, газом, паром, горячей водой и кондиционированным воздухом",ПАВЛОДАРСКАЯ ОБЛАСТЬ,ЩЕРБАКТИНСКИЙ РАЙОН
448092,"Производство, передача и распределение электроэнергии",false,,84210000,883,11962000,920,8754000,846,32629000,1031,101847000,994,37169000,957,4,"Снабжение электроэнергией, газом, паром, горячей водой и кондиционированным воздухом",ПАВЛОДАРСКАЯ ОБЛАСТЬ,ЩЕРБАКТИНСКИЙ РАЙОН
448098,Передача электроэнергии,false,,84210000,883,11962000,920,8754000,846,32629000,1031,101847000,994,37169000,957,5,"Производство, передача и распределение электроэнергии",ПАВЛОДАРСКАЯ ОБЛАСТЬ,ЩЕРБАКТИНСКИЙ РАЙОН
448111,"Снабжение паром, горячей водой и кондиционированным воздухом",false,,2845000,883,85362000,920,19550000,846,84082000,1031,37116000,994,53532000,957,4,"Снабжение электроэнергией, газом, паром, горячей водой и кондиционированным воздухом",ПАВЛОДАРСКАЯ ОБЛАСТЬ,ЩЕРБАКТИНСКИЙ РАЙОН
448112,"Снабжение паром, горячей водой и кондиционированным воздухом",false,,2845000,883,85362000,920,19550000,846,84082000,1031,37116000,994,53532000,957,5,"Снабжение паром, горячей водой и кондиционированным воздухом",ПАВЛОДАРСКАЯ ОБЛАСТЬ,ЩЕРБАКТИНСКИЙ РАЙОН
448117,"Водоснабжение; сбор, обработка и удаление отходов, деятельность по ликвидации загрязнений",false,,1557538000,883,149149000,920,1606164000,846,598000,1031,1042196000,994,15956000,957,2,Промышленность,ПАВЛОДАРСКАЯ ОБЛАСТЬ,ЩЕРБАКТИНСКИЙ РАЙОН
448118,"Сбор, обработка и распределение воды",false,,1557538000,883,149149000,920,1606164000,846,598000,1031,1042196000,994,15956000,957,3,"Водоснабжение; сбор, обработка и удаление отходов, деятельность по ликвидации загрязнений",ПАВЛОДАРСКАЯ ОБЛАСТЬ,ЩЕРБАКТИНСКИЙ РАЙОН
448119,"Сбор, обработка и распределение воды",false,,1557538000,883,149149000,920,1606164000,846,598000,1031,1042196000,994,15956000,957,4,"Сбор, обработка и распределение воды",ПАВЛОДАРСКАЯ ОБЛАСТЬ,ЩЕРБАКТИНСКИЙ РАЙОН
448120,"Сбор, обработка и распределение воды",false,,1557538000,883,149149000,920,1606164000,846,598000,1031,1042196000,994,15956000,957,5,"Сбор, обработка и распределение воды",ПАВЛОДАРСКАЯ ОБЛАСТЬ,ЩЕРБАКТИНСКИЙ РАЙОН
